final_expansion_batch,strategy_name,n,order_json,source_order_json,scan_order,order_compact,order_hash,candidate_source,ppo_checkpoint,ppo_version_source,ppo_generation_mode,selected_by_bucket,global_candidate_index,case_dir,job_name,expected_cae,expected_inp,expected_jnl,generation_log,base_cae,batch_name,teacher_validated,abaqus_validated,notes,predicted_quality_score,mean_abs_jump,max_abs_jump,long_jump_count,adjacent_fraction,total_travel_proxy,jump_variance,local_continuity_score,path_complexity_score,novelty_distance_score,min_hamming_to_combined552_sameN,min_hamming_to_conventional_baseline,nearest_conventional_baseline
final_expansion_batch01,PPOFINAL_N12_B001_quality,12,E:\Projects\RL-LAM-ScanOpt\cae_model\stage3_ppo_final_expansion_224_to_320_batch224_v01\final_expansion_batch01\N12\PPOFINAL_N12_B001_quality\scan_order_PPOFINAL_N12_B001_quality.json,E:\Projects\RL-LAM-ScanOpt\outputs\stage3_ppo_final_expansion_224_to_320\selected_candidates\scan_orders\scan_order_PPOFINAL_N12_B001_quality.json,"[11,1,3,5,9,7,0,2,4,6,8,10]","11,1,3,5,9,7,0,2,4,6,8,10",686c7b277df8777a,PPO_final_expansion_checkpoint_inference,E:\Projects\RL-LAM-ScanOpt\outputs\stage3_ppo_rl_lam_fea_addendum_v01\ppo_training\checkpoints\maskable_ppo_lam_scan_order_final.zip,v01,stochastic,quality,1,E:\Projects\RL-LAM-ScanOpt\cae_model\stage3_ppo_final_expansion_224_to_320_batch224_v01\final_expansion_batch01\N12\PPOFINAL_N12_B001_quality,J2D_PPOFINAL_N12_B001_quality,E:\Projects\RL-LAM-ScanOpt\cae_model\stage3_ppo_final_expansion_224_to_320_batch224_v01\final_expansion_batch01\N12\PPOFINAL_N12_B001_quality\J2D_PPOFINAL_N12_B001_quality.cae,E:\Projects\RL-LAM-ScanOpt\cae_model\stage3_ppo_final_expansion_224_to_320_batch224_v01\final_expansion_batch01\N12\PPOFINAL_N12_B001_quality\J2D_PPOFINAL_N12_B001_quality.inp,E:\Projects\RL-LAM-ScanOpt\cae_model\stage3_ppo_final_expansion_224_to_320_batch224_v01\final_expansion_batch01\N12\PPOFINAL_N12_B001_quality\J2D_PPOFINAL_N12_B001_quality.jnl,E:\Projects\RL-LAM-ScanOpt\cae_model\stage3_ppo_final_expansion_224_to_320_batch224_v01\final_expansion_batch01\N12\PPOFINAL_N12_B001_quality\J2D_PPOFINAL_N12_B001_quality_stageU_generation_log.json,E:\Projects\RL-LAM-ScanOpt\cae_model\12track_full\sanity_base\12track_sanity_base.cae,stage3_ppo_final_expansion_224_to_320_batch224_v01,False,False,final expansion PPO candidate; not physically validated yet.,0.85737566877453,3.363636363636364,10.0,3,0.0,37.0,6.595041322314051,-0.3057851239669422,0.3348075040411629,2.0,2,5.0,odd_even
final_expansion_batch01,PPOFINAL_N12_B002_quality,12,E:\Projects\RL-LAM-ScanOpt\cae_model\stage3_ppo_final_expansion_224_to_320_batch224_v01\final_expansion_batch01\N12\PPOFINAL_N12_B002_quality\scan_order_PPOFINAL_N12_B002_quality.json,E:\Projects\RL-LAM-ScanOpt\outputs\stage3_ppo_final_expansion_224_to_320\selected_candidates\scan_orders\scan_order_PPOFINAL_N12_B002_quality.json,"[11,1,3,7,9,5,0,4,2,6,8,10]","11,1,3,7,9,5,0,4,2,6,8,10",cc123ba504b254bf,PPO_final_expansion_checkpoint_inference,E:\Projects\RL-LAM-ScanOpt\outputs\stage3_ppo_rl_lam_fea_addendum_v01\ppo_training\checkpoints\maskable_ppo_lam_scan_order_final.zip,v01,stochastic,quality,2,E:\Projects\RL-LAM-ScanOpt\cae_model\stage3_ppo_final_expansion_224_to_320_batch224_v01\final_expansion_batch01\N12\PPOFINAL_N12_B002_quality,J2D_PPOFINAL_N12_B002_quality,E:\Projects\RL-LAM-ScanOpt\cae_model\stage3_ppo_final_expansion_224_to_320_batch224_v01\final_expansion_batch01\N12\PPOFINAL_N12_B002_quality\J2D_PPOFINAL_N12_B002_quality.cae,E:\Projects\RL-LAM-ScanOpt\cae_model\stage3_ppo_final_expansion_224_to_320_batch224_v01\final_expansion_batch01\N12\PPOFINAL_N12_B002_quality\J2D_PPOFINAL_N12_B002_quality.inp,E:\Projects\RL-LAM-ScanOpt\cae_model\stage3_ppo_final_expansion_224_to_320_batch224_v01\final_expansion_batch01\N12\PPOFINAL_N12_B002_quality\J2D_PPOFINAL_N12_B002_quality.jnl,E:\Projects\RL-LAM-ScanOpt\cae_model\stage3_ppo_final_expansion_224_to_320_batch224_v01\final_expansion_batch01\N12\PPOFINAL_N12_B002_quality\J2D_PPOFINAL_N12_B002_quality_stageU_generation_log.json,E:\Projects\RL-LAM-ScanOpt\cae_model\12track_full\sanity_base\12track_sanity_base.cae,stage3_ppo_final_expansion_224_to_320_batch224_v01,False,False,Stage T repair replacement from rollout pool; original duplicate physical order removed; not physically validated yet.,0.716327881474389,3.727272727272727,10.0,6,0.0,41.0,5.107438016528925,-0.33884297520661155,0.352816292147622,2.0,2,6.0,odd_even
final_expansion_batch01,PPOFINAL_N12_B003_quality,12,E:\Projects\RL-LAM-ScanOpt\cae_model\stage3_ppo_final_expansion_224_to_320_batch224_v01\final_expansion_batch01\N12\PPOFINAL_N12_B003_quality\scan_order_PPOFINAL_N12_B003_quality.json,E:\Projects\RL-LAM-ScanOpt\outputs\stage3_ppo_final_expansion_224_to_320\selected_candidates\scan_orders\scan_order_PPOFINAL_N12_B003_quality.json,"[11,1,3,5,7,9,0,2,4,6,8,10]","11,1,3,5,7,9,0,2,4,6,8,10",27e98181a3a86fe0,PPO_final_expansion_checkpoint_inference,E:\Projects\RL-LAM-ScanOpt\outputs\stage3_ppo_rl_lam_fea_addendum_v01\ppo_training\checkpoints\maskable_ppo_lam_scan_order_final.zip,v01,stochastic,quality,3,E:\Projects\RL-LAM-ScanOpt\cae_model\stage3_ppo_final_expansion_224_to_320_batch224_v01\final_expansion_batch01\N12\PPOFINAL_N12_B003_quality,J2D_PPOFINAL_N12_B003_quality,E:\Projects\RL-LAM-ScanOpt\cae_model\stage3_ppo_final_expansion_224_to_320_batch224_v01\final_expansion_batch01\N12\PPOFINAL_N12_B003_quality\J2D_PPOFINAL_N12_B003_quality.cae,E:\Projects\RL-LAM-ScanOpt\cae_model\stage3_ppo_final_expansion_224_to_320_batch224_v01\final_expansion_batch01\N12\PPOFINAL_N12_B003_quality\J2D_PPOFINAL_N12_B003_quality.inp,E:\Projects\RL-LAM-ScanOpt\cae_model\stage3_ppo_final_expansion_224_to_320_batch224_v01\final_expansion_batch01\N12\PPOFINAL_N12_B003_quality\J2D_PPOFINAL_N12_B003_quality.jnl,E:\Projects\RL-LAM-ScanOpt\cae_model\stage3_ppo_final_expansion_224_to_320_batch224_v01\final_expansion_batch01\N12\PPOFINAL_N12_B003_quality\J2D_PPOFINAL_N12_B003_quality_stageU_generation_log.json,E:\Projects\RL-LAM-ScanOpt\cae_model\12track_full\sanity_base\12track_sanity_base.cae,stage3_ppo_final_expansion_224_to_320_batch224_v01,False,False,final expansion PPO candidate; not physically validated yet.,0.8510001818485698,3.363636363636364,10.0,2,0.0,37.0,8.41322314049587,-0.3057851239669422,0.3498338000591945,3.0,3,6.0,odd_even
final_expansion_batch01,PPOFINAL_N12_B004_quality,12,E:\Projects\RL-LAM-ScanOpt\cae_model\stage3_ppo_final_expansion_224_to_320_batch224_v01\final_expansion_batch01\N12\PPOFINAL_N12_B004_quality\scan_order_PPOFINAL_N12_B004_quality.json,E:\Projects\RL-LAM-ScanOpt\outputs\stage3_ppo_final_expansion_224_to_320\selected_candidates\scan_orders\scan_order_PPOFINAL_N12_B004_quality.json,"[11,3,1,9,7,5,0,4,2,6,8,10]","11,3,1,9,7,5,0,4,2,6,8,10",828a8c6213d9c794,PPO_final_expansion_checkpoint_inference,E:\Projects\RL-LAM-ScanOpt\outputs\stage3_ppo_rl_lam_fea_addendum_v01\ppo_training\checkpoints\maskable_ppo_lam_scan_order_final.zip,v01,stochastic,quality,4,E:\Projects\RL-LAM-ScanOpt\cae_model\stage3_ppo_final_expansion_224_to_320_batch224_v01\final_expansion_batch01\N12\PPOFINAL_N12_B004_quality,J2D_PPOFINAL_N12_B004_quality,E:\Projects\RL-LAM-ScanOpt\cae_model\stage3_ppo_final_expansion_224_to_320_batch224_v01\final_expansion_batch01\N12\PPOFINAL_N12_B004_quality\J2D_PPOFINAL_N12_B004_quality.cae,E:\Projects\RL-LAM-ScanOpt\cae_model\stage3_ppo_final_expansion_224_to_320_batch224_v01\final_expansion_batch01\N12\PPOFINAL_N12_B004_quality\J2D_PPOFINAL_N12_B004_quality.inp,E:\Projects\RL-LAM-ScanOpt\cae_model\stage3_ppo_final_expansion_224_to_320_batch224_v01\final_expansion_batch01\N12\PPOFINAL_N12_B004_quality\J2D_PPOFINAL_N12_B004_quality.jnl,E:\Projects\RL-LAM-ScanOpt\cae_model\stage3_ppo_final_expansion_224_to_320_batch224_v01\final_expansion_batch01\N12\PPOFINAL_N12_B004_quality\J2D_PPOFINAL_N12_B004_quality_stageU_generation_log.json,E:\Projects\RL-LAM-ScanOpt\cae_model\12track_full\sanity_base\12track_sanity_base.cae,stage3_ppo_final_expansion_224_to_320_batch224_v01,False,False,Stage T repair replacement from rollout pool; original duplicate physical order removed; not physically validated yet.,0.7122092001358132,3.727272727272727,8.0,5,0.0,41.0,5.107438016528926,-0.33884297520661155,0.352816292147622,5.0,5,5.0,odd_even
final_expansion_batch01,PPOFINAL_N12_B005_quality,12,E:\Projects\RL-LAM-ScanOpt\cae_model\stage3_ppo_final_expansion_224_to_320_batch224_v01\final_expansion_batch01\N12\PPOFINAL_N12_B005_quality\scan_order_PPOFINAL_N12_B005_quality.json,E:\Projects\RL-LAM-ScanOpt\outputs\stage3_ppo_final_expansion_224_to_320\selected_candidates\scan_orders\scan_order_PPOFINAL_N12_B005_quality.json,"[11,3,1,5,7,9,0,2,4,6,8,10]","11,3,1,5,7,9,0,2,4,6,8,10",81db742fcb6d72ea,PPO_final_expansion_checkpoint_inference,E:\Projects\RL-LAM-ScanOpt\outputs\stage3_ppo_rl_lam_fea_addendum_v01\ppo_training\checkpoints\maskable_ppo_lam_scan_order_final.zip,v01,stochastic,quality,5,E:\Projects\RL-LAM-ScanOpt\cae_model\stage3_ppo_final_expansion_224_to_320_batch224_v01\final_expansion_batch01\N12\PPOFINAL_N12_B005_quality,J2D_PPOFINAL_N12_B005_quality,E:\Projects\RL-LAM-ScanOpt\cae_model\stage3_ppo_final_expansion_224_to_320_batch224_v01\final_expansion_batch01\N12\PPOFINAL_N12_B005_quality\J2D_PPOFINAL_N12_B005_quality.cae,E:\Projects\RL-LAM-ScanOpt\cae_model\stage3_ppo_final_expansion_224_to_320_batch224_v01\final_expansion_batch01\N12\PPOFINAL_N12_B005_quality\J2D_PPOFINAL_N12_B005_quality.inp,E:\Projects\RL-LAM-ScanOpt\cae_model\stage3_ppo_final_expansion_224_to_320_batch224_v01\final_expansion_batch01\N12\PPOFINAL_N12_B005_quality\J2D_PPOFINAL_N12_B005_quality.jnl,E:\Projects\RL-LAM-ScanOpt\cae_model\stage3_ppo_final_expansion_224_to_320_batch224_v01\final_expansion_batch01\N12\PPOFINAL_N12_B005_quality\J2D_PPOFINAL_N12_B005_quality_stageU_generation_log.json,E:\Projects\RL-LAM-ScanOpt\cae_model\12track_full\sanity_base\12track_sanity_base.cae,stage3_ppo_final_expansion_224_to_320_batch224_v01,False,False,final expansion PPO candidate; not physically validated yet.,0.8466730989428595,3.363636363636364,9.0,3,0.0,37.0,6.231404958677686,-0.3057851239669422,0.3318022448375566,4.0,4,5.0,odd_even
final_expansion_batch01,PPOFINAL_N12_B006_quality,12,E:\Projects\RL-LAM-ScanOpt\cae_model\stage3_ppo_final_expansion_224_to_320_batch224_v01\final_expansion_batch01\N12\PPOFINAL_N12_B006_quality\scan_order_PPOFINAL_N12_B006_quality.json,E:\Projects\RL-LAM-ScanOpt\outputs\stage3_ppo_final_expansion_224_to_320\selected_candidates\scan_orders\scan_order_PPOFINAL_N12_B006_quality.json,"[3,11,1,9,7,5,0,2,4,6,8,10]","3,11,1,9,7,5,0,2,4,6,8,10",53949277fd9b496e,PPO_final_expansion_checkpoint_inference,E:\Projects\RL-LAM-ScanOpt\outputs\stage3_ppo_rl_lam_fea_addendum_v01\ppo_training\checkpoints\maskable_ppo_lam_scan_order_final.zip,v01,stochastic,quality,6,E:\Projects\RL-LAM-ScanOpt\cae_model\stage3_ppo_final_expansion_224_to_320_batch224_v01\final_expansion_batch01\N12\PPOFINAL_N12_B006_quality,J2D_PPOFINAL_N12_B006_quality,E:\Projects\RL-LAM-ScanOpt\cae_model\stage3_ppo_final_expansion_224_to_320_batch224_v01\final_expansion_batch01\N12\PPOFINAL_N12_B006_quality\J2D_PPOFINAL_N12_B006_quality.cae,E:\Projects\RL-LAM-ScanOpt\cae_model\stage3_ppo_final_expansion_224_to_320_batch224_v01\final_expansion_batch01\N12\PPOFINAL_N12_B006_quality\J2D_PPOFINAL_N12_B006_quality.inp,E:\Projects\RL-LAM-ScanOpt\cae_model\stage3_ppo_final_expansion_224_to_320_batch224_v01\final_expansion_batch01\N12\PPOFINAL_N12_B006_quality\J2D_PPOFINAL_N12_B006_quality.jnl,E:\Projects\RL-LAM-ScanOpt\cae_model\stage3_ppo_final_expansion_224_to_320_batch224_v01\final_expansion_batch01\N12\PPOFINAL_N12_B006_quality\J2D_PPOFINAL_N12_B006_quality_stageU_generation_log.json,E:\Projects\RL-LAM-ScanOpt\cae_model\12track_full\sanity_base\12track_sanity_base.cae,stage3_ppo_final_expansion_224_to_320_batch224_v01,False,False,Stage T repair replacement from rollout pool; original duplicate physical order removed; not physically validated yet.,0.7101136064897512,4.090909090909091,10.0,4,0.0,45.0,8.809917355371901,-0.371900826446281,0.41371832525100743,4.0,4,3.0,odd_even
final_expansion_batch01,PPOFINAL_N12_B007_quality,12,E:\Projects\RL-LAM-ScanOpt\cae_model\stage3_ppo_final_expansion_224_to_320_batch224_v01\final_expansion_batch01\N12\PPOFINAL_N12_B007_quality\scan_order_PPOFINAL_N12_B007_quality.json,E:\Projects\RL-LAM-ScanOpt\outputs\stage3_ppo_final_expansion_224_to_320\selected_candidates\scan_orders\scan_order_PPOFINAL_N12_B007_quality.json,"[1,11,3,9,7,5,0,2,4,6,8,10]","1,11,3,9,7,5,0,2,4,6,8,10",0640bd5f828e220b,PPO_final_expansion_checkpoint_inference,E:\Projects\RL-LAM-ScanOpt\outputs\stage3_ppo_rl_lam_fea_addendum_v01\ppo_training\checkpoints\maskable_ppo_lam_scan_order_final.zip,v01,stochastic,quality,7,E:\Projects\RL-LAM-ScanOpt\cae_model\stage3_ppo_final_expansion_224_to_320_batch224_v01\final_expansion_batch01\N12\PPOFINAL_N12_B007_quality,J2D_PPOFINAL_N12_B007_quality,E:\Projects\RL-LAM-ScanOpt\cae_model\stage3_ppo_final_expansion_224_to_320_batch224_v01\final_expansion_batch01\N12\PPOFINAL_N12_B007_quality\J2D_PPOFINAL_N12_B007_quality.cae,E:\Projects\RL-LAM-ScanOpt\cae_model\stage3_ppo_final_expansion_224_to_320_batch224_v01\final_expansion_batch01\N12\PPOFINAL_N12_B007_quality\J2D_PPOFINAL_N12_B007_quality.inp,E:\Projects\RL-LAM-ScanOpt\cae_model\stage3_ppo_final_expansion_224_to_320_batch224_v01\final_expansion_batch01\N12\PPOFINAL_N12_B007_quality\J2D_PPOFINAL_N12_B007_quality.jnl,E:\Projects\RL-LAM-ScanOpt\cae_model\stage3_ppo_final_expansion_224_to_320_batch224_v01\final_expansion_batch01\N12\PPOFINAL_N12_B007_quality\J2D_PPOFINAL_N12_B007_quality_stageU_generation_log.json,E:\Projects\RL-LAM-ScanOpt\cae_model\12track_full\sanity_base\12track_sanity_base.cae,stage3_ppo_final_expansion_224_to_320_batch224_v01,False,False,Stage T repair replacement from rollout pool; original duplicate physical order removed; not physically validated yet.,0.7101136064897512,3.909090909090909,10.0,4,0.0,43.0,7.719008264462812,-0.35537190082644626,0.3895510324886734,3.0,3,4.0,odd_even
final_expansion_batch01,PPOFINAL_N12_B008_quality,12,E:\Projects\RL-LAM-ScanOpt\cae_model\stage3_ppo_final_expansion_224_to_320_batch224_v01\final_expansion_batch01\N12\PPOFINAL_N12_B008_quality\scan_order_PPOFINAL_N12_B008_quality.json,E:\Projects\RL-LAM-ScanOpt\outputs\stage3_ppo_final_expansion_224_to_320\selected_candidates\scan_orders\scan_order_PPOFINAL_N12_B008_quality.json,"[11,1,3,9,7,5,0,2,4,8,6,10]","11,1,3,9,7,5,0,2,4,8,6,10",a98151af53853134,PPO_final_expansion_checkpoint_inference,E:\Projects\RL-LAM-ScanOpt\outputs\stage3_ppo_rl_lam_fea_addendum_v01\ppo_training\checkpoints\maskable_ppo_lam_scan_order_final.zip,v01,stochastic,quality,8,E:\Projects\RL-LAM-ScanOpt\cae_model\stage3_ppo_final_expansion_224_to_320_batch224_v01\final_expansion_batch01\N12\PPOFINAL_N12_B008_quality,J2D_PPOFINAL_N12_B008_quality,E:\Projects\RL-LAM-ScanOpt\cae_model\stage3_ppo_final_expansion_224_to_320_batch224_v01\final_expansion_batch01\N12\PPOFINAL_N12_B008_quality\J2D_PPOFINAL_N12_B008_quality.cae,E:\Projects\RL-LAM-ScanOpt\cae_model\stage3_ppo_final_expansion_224_to_320_batch224_v01\final_expansion_batch01\N12\PPOFINAL_N12_B008_quality\J2D_PPOFINAL_N12_B008_quality.inp,E:\Projects\RL-LAM-ScanOpt\cae_model\stage3_ppo_final_expansion_224_to_320_batch224_v01\final_expansion_batch01\N12\PPOFINAL_N12_B008_quality\J2D_PPOFINAL_N12_B008_quality.jnl,E:\Projects\RL-LAM-ScanOpt\cae_model\stage3_ppo_final_expansion_224_to_320_batch224_v01\final_expansion_batch01\N12\PPOFINAL_N12_B008_quality\J2D_PPOFINAL_N12_B008_quality_stageU_generation_log.json,E:\Projects\RL-LAM-ScanOpt\cae_model\12track_full\sanity_base\12track_sanity_base.cae,stage3_ppo_final_expansion_224_to_320_batch224_v01,False,False,Stage T repair replacement from rollout pool; original duplicate physical order removed; not physically validated yet.,0.679327198722953,3.727272727272727,10.0,5,0.0,41.0,5.834710743801653,-0.33884297520661155,0.3588268105548346,3.0,3,8.0,odd_even
final_expansion_batch01,PPOFINAL_N12_B009_quality,12,E:\Projects\RL-LAM-ScanOpt\cae_model\stage3_ppo_final_expansion_224_to_320_batch224_v01\final_expansion_batch01\N12\PPOFINAL_N12_B009_quality\scan_order_PPOFINAL_N12_B009_quality.json,E:\Projects\RL-LAM-ScanOpt\outputs\stage3_ppo_final_expansion_224_to_320\selected_candidates\scan_orders\scan_order_PPOFINAL_N12_B009_quality.json,"[11,3,1,9,7,5,0,2,4,6,10,8]","11,3,1,9,7,5,0,2,4,6,10,8",4848e2f9defa673a,PPO_final_expansion_checkpoint_inference,E:\Projects\RL-LAM-ScanOpt\outputs\stage3_ppo_rl_lam_fea_addendum_v01\ppo_training\checkpoints\maskable_ppo_lam_scan_order_final.zip,v01,stochastic,quality,9,E:\Projects\RL-LAM-ScanOpt\cae_model\stage3_ppo_final_expansion_224_to_320_batch224_v01\final_expansion_batch01\N12\PPOFINAL_N12_B009_quality,J2D_PPOFINAL_N12_B009_quality,E:\Projects\RL-LAM-ScanOpt\cae_model\stage3_ppo_final_expansion_224_to_320_batch224_v01\final_expansion_batch01\N12\PPOFINAL_N12_B009_quality\J2D_PPOFINAL_N12_B009_quality.cae,E:\Projects\RL-LAM-ScanOpt\cae_model\stage3_ppo_final_expansion_224_to_320_batch224_v01\final_expansion_batch01\N12\PPOFINAL_N12_B009_quality\J2D_PPOFINAL_N12_B009_quality.inp,E:\Projects\RL-LAM-ScanOpt\cae_model\stage3_ppo_final_expansion_224_to_320_batch224_v01\final_expansion_batch01\N12\PPOFINAL_N12_B009_quality\J2D_PPOFINAL_N12_B009_quality.jnl,E:\Projects\RL-LAM-ScanOpt\cae_model\stage3_ppo_final_expansion_224_to_320_batch224_v01\final_expansion_batch01\N12\PPOFINAL_N12_B009_quality\J2D_PPOFINAL_N12_B009_quality_stageU_generation_log.json,E:\Projects\RL-LAM-ScanOpt\cae_model\12track_full\sanity_base\12track_sanity_base.cae,stage3_ppo_final_expansion_224_to_320_batch224_v01,False,False,final expansion PPO candidate; not physically validated yet.,0.7636411363514938,3.5454545454545454,8.0,4,0.0,39.0,5.338842975206613,-0.3223140495867768,0.339577214671129,5.0,5,7.0,odd_even
final_expansion_batch01,PPOFINAL_N12_B010_quality,12,E:\Projects\RL-LAM-ScanOpt\cae_model\stage3_ppo_final_expansion_224_to_320_batch224_v01\final_expansion_batch01\N12\PPOFINAL_N12_B010_quality\scan_order_PPOFINAL_N12_B010_quality.json,E:\Projects\RL-LAM-ScanOpt\outputs\stage3_ppo_final_expansion_224_to_320\selected_candidates\scan_orders\scan_order_PPOFINAL_N12_B010_quality.json,"[11,1,3,9,7,5,0,2,6,4,8,10]","11,1,3,9,7,5,0,2,6,4,8,10",2552cedaec804bdc,PPO_final_expansion_checkpoint_inference,E:\Projects\RL-LAM-ScanOpt\outputs\stage3_ppo_rl_lam_fea_addendum_v01\ppo_training\checkpoints\maskable_ppo_lam_scan_order_final.zip,v01,stochastic,quality,10,E:\Projects\RL-LAM-ScanOpt\cae_model\stage3_ppo_final_expansion_224_to_320_batch224_v01\final_expansion_batch01\N12\PPOFINAL_N12_B010_quality,J2D_PPOFINAL_N12_B010_quality,E:\Projects\RL-LAM-ScanOpt\cae_model\stage3_ppo_final_expansion_224_to_320_batch224_v01\final_expansion_batch01\N12\PPOFINAL_N12_B010_quality\J2D_PPOFINAL_N12_B010_quality.cae,E:\Projects\RL-LAM-ScanOpt\cae_model\stage3_ppo_final_expansion_224_to_320_batch224_v01\final_expansion_batch01\N12\PPOFINAL_N12_B010_quality\J2D_PPOFINAL_N12_B010_quality.inp,E:\Projects\RL-LAM-ScanOpt\cae_model\stage3_ppo_final_expansion_224_to_320_batch224_v01\final_expansion_batch01\N12\PPOFINAL_N12_B010_quality\J2D_PPOFINAL_N12_B010_quality.jnl,E:\Projects\RL-LAM-ScanOpt\cae_model\stage3_ppo_final_expansion_224_to_320_batch224_v01\final_expansion_batch01\N12\PPOFINAL_N12_B010_quality\J2D_PPOFINAL_N12_B010_quality_stageU_generation_log.json,E:\Projects\RL-LAM-ScanOpt\cae_model\12track_full\sanity_base\12track_sanity_base.cae,stage3_ppo_final_expansion_224_to_320_batch224_v01,False,False,Stage T repair replacement from rollout pool; original duplicate physical order removed; not physically validated yet.,0.6784860971334526,3.727272727272727,10.0,5,0.0,41.0,5.834710743801653,-0.33884297520661155,0.3588268105548346,4.0,4,5.0,odd_even
final_expansion_batch01,PPOFINAL_N12_B011_quality,12,E:\Projects\RL-LAM-ScanOpt\cae_model\stage3_ppo_final_expansion_224_to_320_batch224_v01\final_expansion_batch01\N12\PPOFINAL_N12_B011_quality\scan_order_PPOFINAL_N12_B011_quality.json,E:\Projects\RL-LAM-ScanOpt\outputs\stage3_ppo_final_expansion_224_to_320\selected_candidates\scan_orders\scan_order_PPOFINAL_N12_B011_quality.json,"[11,1,3,9,5,7,0,2,4,6,8,10]","11,1,3,9,5,7,0,2,4,6,8,10",472a17ad0a36f2df,PPO_final_expansion_checkpoint_inference,E:\Projects\RL-LAM-ScanOpt\outputs\stage3_ppo_rl_lam_fea_addendum_v01\ppo_training\checkpoints\maskable_ppo_lam_scan_order_final.zip,v01,stochastic,quality,11,E:\Projects\RL-LAM-ScanOpt\cae_model\stage3_ppo_final_expansion_224_to_320_batch224_v01\final_expansion_batch01\N12\PPOFINAL_N12_B011_quality,J2D_PPOFINAL_N12_B011_quality,E:\Projects\RL-LAM-ScanOpt\cae_model\stage3_ppo_final_expansion_224_to_320_batch224_v01\final_expansion_batch01\N12\PPOFINAL_N12_B011_quality\J2D_PPOFINAL_N12_B011_quality.cae,E:\Projects\RL-LAM-ScanOpt\cae_model\stage3_ppo_final_expansion_224_to_320_batch224_v01\final_expansion_batch01\N12\PPOFINAL_N12_B011_quality\J2D_PPOFINAL_N12_B011_quality.inp,E:\Projects\RL-LAM-ScanOpt\cae_model\stage3_ppo_final_expansion_224_to_320_batch224_v01\final_expansion_batch01\N12\PPOFINAL_N12_B011_quality\J2D_PPOFINAL_N12_B011_quality.jnl,E:\Projects\RL-LAM-ScanOpt\cae_model\stage3_ppo_final_expansion_224_to_320_batch224_v01\final_expansion_batch01\N12\PPOFINAL_N12_B011_quality\J2D_PPOFINAL_N12_B011_quality_stageU_generation_log.json,E:\Projects\RL-LAM-ScanOpt\cae_model\12track_full\sanity_base\12track_sanity_base.cae,stage3_ppo_final_expansion_224_to_320_batch224_v01,False,False,final expansion PPO candidate; not physically validated yet.,0.7531506548508535,3.727272727272727,10.0,4,0.0,41.0,6.925619834710743,-0.3388429752066115,0.3678425881656535,3.0,3,6.0,odd_even
final_expansion_batch01,PPOFINAL_N12_B012_diversity,12,E:\Projects\RL-LAM-ScanOpt\cae_model\stage3_ppo_final_expansion_224_to_320_batch224_v01\final_expansion_batch01\N12\PPOFINAL_N12_B012_diversity\scan_order_PPOFINAL_N12_B012_diversity.json,E:\Projects\RL-LAM-ScanOpt\outputs\stage3_ppo_final_expansion_224_to_320\selected_candidates\scan_orders\scan_order_PPOFINAL_N12_B012_diversity.json,"[11,1,3,7,9,5,4,0,2,6,8,10]","11,1,3,7,9,5,4,0,2,6,8,10",481320830eebac7d,PPO_final_expansion_checkpoint_inference,E:\Projects\RL-LAM-ScanOpt\outputs\stage3_ppo_rl_lam_fea_addendum_v01\ppo_training\checkpoints\maskable_ppo_lam_scan_order_final.zip,v01,stochastic,diversity,12,E:\Projects\RL-LAM-ScanOpt\cae_model\stage3_ppo_final_expansion_224_to_320_batch224_v01\final_expansion_batch01\N12\PPOFINAL_N12_B012_diversity,J2D_PPOFINAL_N12_B012_diversity,E:\Projects\RL-LAM-ScanOpt\cae_model\stage3_ppo_final_expansion_224_to_320_batch224_v01\final_expansion_batch01\N12\PPOFINAL_N12_B012_diversity\J2D_PPOFINAL_N12_B012_diversity.cae,E:\Projects\RL-LAM-ScanOpt\cae_model\stage3_ppo_final_expansion_224_to_320_batch224_v01\final_expansion_batch01\N12\PPOFINAL_N12_B012_diversity\J2D_PPOFINAL_N12_B012_diversity.inp,E:\Projects\RL-LAM-ScanOpt\cae_model\stage3_ppo_final_expansion_224_to_320_batch224_v01\final_expansion_batch01\N12\PPOFINAL_N12_B012_diversity\J2D_PPOFINAL_N12_B012_diversity.jnl,E:\Projects\RL-LAM-ScanOpt\cae_model\stage3_ppo_final_expansion_224_to_320_batch224_v01\final_expansion_batch01\N12\PPOFINAL_N12_B012_diversity\J2D_PPOFINAL_N12_B012_diversity_stageU_generation_log.json,E:\Projects\RL-LAM-ScanOpt\cae_model\12track_full\sanity_base\12track_sanity_base.cae,stage3_ppo_final_expansion_224_to_320_batch224_v01,False,False,final expansion PPO candidate; not physically validated yet.,0.7017385423343372,3.363636363636364,10.0,5,0.0909090909090909,37.0,5.504132231404959,-0.2148760330578512,0.325791726430344,3.0,3,7.0,odd_even
final_expansion_batch01,PPOFINAL_N12_B013_diversity,12,E:\Projects\RL-LAM-ScanOpt\cae_model\stage3_ppo_final_expansion_224_to_320_batch224_v01\final_expansion_batch01\N12\PPOFINAL_N12_B013_diversity\scan_order_PPOFINAL_N12_B013_diversity.json,E:\Projects\RL-LAM-ScanOpt\outputs\stage3_ppo_final_expansion_224_to_320\selected_candidates\scan_orders\scan_order_PPOFINAL_N12_B013_diversity.json,"[11,3,1,7,5,9,0,2,4,8,6,10]","11,3,1,7,5,9,0,2,4,8,6,10",005af0c248f4d57d,PPO_final_expansion_checkpoint_inference,E:\Projects\RL-LAM-ScanOpt\outputs\stage3_ppo_rl_lam_fea_addendum_v01\ppo_training\checkpoints\maskable_ppo_lam_scan_order_final.zip,v01,stochastic,diversity,13,E:\Projects\RL-LAM-ScanOpt\cae_model\stage3_ppo_final_expansion_224_to_320_batch224_v01\final_expansion_batch01\N12\PPOFINAL_N12_B013_diversity,J2D_PPOFINAL_N12_B013_diversity,E:\Projects\RL-LAM-ScanOpt\cae_model\stage3_ppo_final_expansion_224_to_320_batch224_v01\final_expansion_batch01\N12\PPOFINAL_N12_B013_diversity\J2D_PPOFINAL_N12_B013_diversity.cae,E:\Projects\RL-LAM-ScanOpt\cae_model\stage3_ppo_final_expansion_224_to_320_batch224_v01\final_expansion_batch01\N12\PPOFINAL_N12_B013_diversity\J2D_PPOFINAL_N12_B013_diversity.inp,E:\Projects\RL-LAM-ScanOpt\cae_model\stage3_ppo_final_expansion_224_to_320_batch224_v01\final_expansion_batch01\N12\PPOFINAL_N12_B013_diversity\J2D_PPOFINAL_N12_B013_diversity.jnl,E:\Projects\RL-LAM-ScanOpt\cae_model\stage3_ppo_final_expansion_224_to_320_batch224_v01\final_expansion_batch01\N12\PPOFINAL_N12_B013_diversity\J2D_PPOFINAL_N12_B013_diversity_stageU_generation_log.json,E:\Projects\RL-LAM-ScanOpt\cae_model\12track_full\sanity_base\12track_sanity_base.cae,stage3_ppo_final_expansion_224_to_320_batch224_v01,False,False,final expansion PPO candidate; not physically validated yet.,0.6739092919977485,4.090909090909091,9.0,6,0.0,45.0,5.900826446280991,-0.371900826446281,0.3896762516221569,5.0,5,6.0,odd_even
final_expansion_batch01,PPOFINAL_N12_B014_diversity,12,E:\Projects\RL-LAM-ScanOpt\cae_model\stage3_ppo_final_expansion_224_to_320_batch224_v01\final_expansion_batch01\N12\PPOFINAL_N12_B014_diversity\scan_order_PPOFINAL_N12_B014_diversity.json,E:\Projects\RL-LAM-ScanOpt\outputs\stage3_ppo_final_expansion_224_to_320\selected_candidates\scan_orders\scan_order_PPOFINAL_N12_B014_diversity.json,"[1,11,3,7,9,5,0,2,4,6,8,10]","1,11,3,7,9,5,0,2,4,6,8,10",9e1157dda1e792d5,PPO_final_expansion_checkpoint_inference,E:\Projects\RL-LAM-ScanOpt\outputs\stage3_ppo_rl_lam_fea_addendum_v01\ppo_training\checkpoints\maskable_ppo_lam_scan_order_final.zip,v01,stochastic,diversity,14,E:\Projects\RL-LAM-ScanOpt\cae_model\stage3_ppo_final_expansion_224_to_320_batch224_v01\final_expansion_batch01\N12\PPOFINAL_N12_B014_diversity,J2D_PPOFINAL_N12_B014_diversity,E:\Projects\RL-LAM-ScanOpt\cae_model\stage3_ppo_final_expansion_224_to_320_batch224_v01\final_expansion_batch01\N12\PPOFINAL_N12_B014_diversity\J2D_PPOFINAL_N12_B014_diversity.cae,E:\Projects\RL-LAM-ScanOpt\cae_model\stage3_ppo_final_expansion_224_to_320_batch224_v01\final_expansion_batch01\N12\PPOFINAL_N12_B014_diversity\J2D_PPOFINAL_N12_B014_diversity.inp,E:\Projects\RL-LAM-ScanOpt\cae_model\stage3_ppo_final_expansion_224_to_320_batch224_v01\final_expansion_batch01\N12\PPOFINAL_N12_B014_diversity\J2D_PPOFINAL_N12_B014_diversity.jnl,E:\Projects\RL-LAM-ScanOpt\cae_model\stage3_ppo_final_expansion_224_to_320_batch224_v01\final_expansion_batch01\N12\PPOFINAL_N12_B014_diversity\J2D_PPOFINAL_N12_B014_diversity_stageU_generation_log.json,E:\Projects\RL-LAM-ScanOpt\cae_model\12track_full\sanity_base\12track_sanity_base.cae,stage3_ppo_final_expansion_224_to_320_batch224_v01,False,False,final expansion PPO candidate; not physically validated yet.,0.7175525424814981,3.909090909090909,10.0,5,0.0,43.0,6.991735537190084,-0.3553719008264462,0.3835405140814607,2.0,2,3.0,odd_even
final_expansion_batch01,PPOFINAL_N12_B015_diversity,12,E:\Projects\RL-LAM-ScanOpt\cae_model\stage3_ppo_final_expansion_224_to_320_batch224_v01\final_expansion_batch01\N12\PPOFINAL_N12_B015_diversity\scan_order_PPOFINAL_N12_B015_diversity.json,E:\Projects\RL-LAM-ScanOpt\outputs\stage3_ppo_final_expansion_224_to_320\selected_candidates\scan_orders\scan_order_PPOFINAL_N12_B015_diversity.json,"[11,1,3,7,9,4,0,2,5,6,8,10]","11,1,3,7,9,4,0,2,5,6,8,10",237922b59aa4d7b3,PPO_final_expansion_checkpoint_inference,E:\Projects\RL-LAM-ScanOpt\outputs\stage3_ppo_rl_lam_fea_addendum_v01\ppo_training\checkpoints\maskable_ppo_lam_scan_order_final.zip,v01,stochastic,diversity,15,E:\Projects\RL-LAM-ScanOpt\cae_model\stage3_ppo_final_expansion_224_to_320_batch224_v01\final_expansion_batch01\N12\PPOFINAL_N12_B015_diversity,J2D_PPOFINAL_N12_B015_diversity,E:\Projects\RL-LAM-ScanOpt\cae_model\stage3_ppo_final_expansion_224_to_320_batch224_v01\final_expansion_batch01\N12\PPOFINAL_N12_B015_diversity\J2D_PPOFINAL_N12_B015_diversity.cae,E:\Projects\RL-LAM-ScanOpt\cae_model\stage3_ppo_final_expansion_224_to_320_batch224_v01\final_expansion_batch01\N12\PPOFINAL_N12_B015_diversity\J2D_PPOFINAL_N12_B015_diversity.inp,E:\Projects\RL-LAM-ScanOpt\cae_model\stage3_ppo_final_expansion_224_to_320_batch224_v01\final_expansion_batch01\N12\PPOFINAL_N12_B015_diversity\J2D_PPOFINAL_N12_B015_diversity.jnl,E:\Projects\RL-LAM-ScanOpt\cae_model\stage3_ppo_final_expansion_224_to_320_batch224_v01\final_expansion_batch01\N12\PPOFINAL_N12_B015_diversity\J2D_PPOFINAL_N12_B015_diversity_stageU_generation_log.json,E:\Projects\RL-LAM-ScanOpt\cae_model\12track_full\sanity_base\12track_sanity_base.cae,stage3_ppo_final_expansion_224_to_320_batch224_v01,False,False,final expansion PPO candidate; not physically validated yet.,0.7021914904404882,3.363636363636364,10.0,4,0.0909090909090909,37.0,5.685950413223142,-0.2148760330578512,0.3272943560321472,2.0,2,5.0,odd_even
final_expansion_batch01,PPOFINAL_N12_B016_diversity,12,E:\Projects\RL-LAM-ScanOpt\cae_model\stage3_ppo_final_expansion_224_to_320_batch224_v01\final_expansion_batch01\N12\PPOFINAL_N12_B016_diversity\scan_order_PPOFINAL_N12_B016_diversity.json,E:\Projects\RL-LAM-ScanOpt\outputs\stage3_ppo_final_expansion_224_to_320\selected_candidates\scan_orders\scan_order_PPOFINAL_N12_B016_diversity.json,"[11,3,1,9,7,5,4,0,2,6,8,10]","11,3,1,9,7,5,4,0,2,6,8,10",f6a591afae75c006,PPO_final_expansion_checkpoint_inference,E:\Projects\RL-LAM-ScanOpt\outputs\stage3_ppo_rl_lam_fea_addendum_v01\ppo_training\checkpoints\maskable_ppo_lam_scan_order_final.zip,v01,stochastic,diversity,16,E:\Projects\RL-LAM-ScanOpt\cae_model\stage3_ppo_final_expansion_224_to_320_batch224_v01\final_expansion_batch01\N12\PPOFINAL_N12_B016_diversity,J2D_PPOFINAL_N12_B016_diversity,E:\Projects\RL-LAM-ScanOpt\cae_model\stage3_ppo_final_expansion_224_to_320_batch224_v01\final_expansion_batch01\N12\PPOFINAL_N12_B016_diversity\J2D_PPOFINAL_N12_B016_diversity.cae,E:\Projects\RL-LAM-ScanOpt\cae_model\stage3_ppo_final_expansion_224_to_320_batch224_v01\final_expansion_batch01\N12\PPOFINAL_N12_B016_diversity\J2D_PPOFINAL_N12_B016_diversity.inp,E:\Projects\RL-LAM-ScanOpt\cae_model\stage3_ppo_final_expansion_224_to_320_batch224_v01\final_expansion_batch01\N12\PPOFINAL_N12_B016_diversity\J2D_PPOFINAL_N12_B016_diversity.jnl,E:\Projects\RL-LAM-ScanOpt\cae_model\stage3_ppo_final_expansion_224_to_320_batch224_v01\final_expansion_batch01\N12\PPOFINAL_N12_B016_diversity\J2D_PPOFINAL_N12_B016_diversity_stageU_generation_log.json,E:\Projects\RL-LAM-ScanOpt\cae_model\12track_full\sanity_base\12track_sanity_base.cae,stage3_ppo_final_expansion_224_to_320_batch224_v01,False,False,final expansion PPO candidate; not physically validated yet.,0.6992665888246384,3.363636363636364,8.0,4,0.0909090909090909,37.0,5.504132231404959,-0.2148760330578512,0.325791726430344,6.0,6,8.0,odd_even
final_expansion_batch01,PPOFINAL_N16_B017_quality,16,E:\Projects\RL-LAM-ScanOpt\cae_model\stage3_ppo_final_expansion_224_to_320_batch224_v01\final_expansion_batch01\N16\PPOFINAL_N16_B017_quality\scan_order_PPOFINAL_N16_B017_quality.json,E:\Projects\RL-LAM-ScanOpt\outputs\stage3_ppo_final_expansion_224_to_320\selected_candidates\scan_orders\scan_order_PPOFINAL_N16_B017_quality.json,"[11,1,3,15,13,9,7,5,0,2,4,6,8,12,14,10]","11,1,3,15,13,9,7,5,0,2,4,6,8,12,14,10",939f0390b5bbea6c,PPO_final_expansion_checkpoint_inference,E:\Projects\RL-LAM-ScanOpt\outputs\stage3_ppo_rl_lam_fea_addendum_v01\ppo_training\checkpoints\maskable_ppo_lam_scan_order_final.zip,v01,stochastic,quality,17,E:\Projects\RL-LAM-ScanOpt\cae_model\stage3_ppo_final_expansion_224_to_320_batch224_v01\final_expansion_batch01\N16\PPOFINAL_N16_B017_quality,J2D_PPOFINAL_N16_B017_quality,E:\Projects\RL-LAM-ScanOpt\cae_model\stage3_ppo_final_expansion_224_to_320_batch224_v01\final_expansion_batch01\N16\PPOFINAL_N16_B017_quality\J2D_PPOFINAL_N16_B017_quality.cae,E:\Projects\RL-LAM-ScanOpt\cae_model\stage3_ppo_final_expansion_224_to_320_batch224_v01\final_expansion_batch01\N16\PPOFINAL_N16_B017_quality\J2D_PPOFINAL_N16_B017_quality.inp,E:\Projects\RL-LAM-ScanOpt\cae_model\stage3_ppo_final_expansion_224_to_320_batch224_v01\final_expansion_batch01\N16\PPOFINAL_N16_B017_quality\J2D_PPOFINAL_N16_B017_quality.jnl,E:\Projects\RL-LAM-ScanOpt\cae_model\stage3_ppo_final_expansion_224_to_320_batch224_v01\final_expansion_batch01\N16\PPOFINAL_N16_B017_quality\J2D_PPOFINAL_N16_B017_quality_stageU_generation_log.json,E:\Projects\RL-LAM-ScanOpt\cae_model\16track_full\sanity_base\16track_sanity_base.cae,stage3_ppo_final_expansion_224_to_320_batch224_v01,False,False,Stage T repair replacement from rollout pool; original duplicate physical order removed; not physically validated yet.,0.864852382423214,3.8,12.0,2,0.0,57.0,9.093333333333332,-0.2533333333333333,0.2779148148148148,9.0,9,10.0,odd_even
final_expansion_batch01,PPOFINAL_N16_B018_quality,16,E:\Projects\RL-LAM-ScanOpt\cae_model\stage3_ppo_final_expansion_224_to_320_batch224_v01\final_expansion_batch01\N16\PPOFINAL_N16_B018_quality\scan_order_PPOFINAL_N16_B018_quality.json,E:\Projects\RL-LAM-ScanOpt\outputs\stage3_ppo_final_expansion_224_to_320\selected_candidates\scan_orders\scan_order_PPOFINAL_N16_B018_quality.json,"[11,1,3,13,15,9,7,5,0,2,4,6,8,10,14,12]","11,1,3,13,15,9,7,5,0,2,4,6,8,10,14,12",68083be28a1aa0cd,PPO_final_expansion_checkpoint_inference,E:\Projects\RL-LAM-ScanOpt\outputs\stage3_ppo_rl_lam_fea_addendum_v01\ppo_training\checkpoints\maskable_ppo_lam_scan_order_final.zip,v01,stochastic,quality,18,E:\Projects\RL-LAM-ScanOpt\cae_model\stage3_ppo_final_expansion_224_to_320_batch224_v01\final_expansion_batch01\N16\PPOFINAL_N16_B018_quality,J2D_PPOFINAL_N16_B018_quality,E:\Projects\RL-LAM-ScanOpt\cae_model\stage3_ppo_final_expansion_224_to_320_batch224_v01\final_expansion_batch01\N16\PPOFINAL_N16_B018_quality\J2D_PPOFINAL_N16_B018_quality.cae,E:\Projects\RL-LAM-ScanOpt\cae_model\stage3_ppo_final_expansion_224_to_320_batch224_v01\final_expansion_batch01\N16\PPOFINAL_N16_B018_quality\J2D_PPOFINAL_N16_B018_quality.inp,E:\Projects\RL-LAM-ScanOpt\cae_model\stage3_ppo_final_expansion_224_to_320_batch224_v01\final_expansion_batch01\N16\PPOFINAL_N16_B018_quality\J2D_PPOFINAL_N16_B018_quality.jnl,E:\Projects\RL-LAM-ScanOpt\cae_model\stage3_ppo_final_expansion_224_to_320_batch224_v01\final_expansion_batch01\N16\PPOFINAL_N16_B018_quality\J2D_PPOFINAL_N16_B018_quality_stageU_generation_log.json,E:\Projects\RL-LAM-ScanOpt\cae_model\16track_full\sanity_base\16track_sanity_base.cae,stage3_ppo_final_expansion_224_to_320_batch224_v01,False,False,final expansion PPO candidate; not physically validated yet.,0.9259326743817458,3.6666666666666665,10.0,3,0.0,55.0,7.688888888888887,-0.2444444444444444,0.2633395061728394,8.0,8,10.0,odd_even
final_expansion_batch01,PPOFINAL_N16_B019_quality,16,E:\Projects\RL-LAM-ScanOpt\cae_model\stage3_ppo_final_expansion_224_to_320_batch224_v01\final_expansion_batch01\N16\PPOFINAL_N16_B019_quality\scan_order_PPOFINAL_N16_B019_quality.json,E:\Projects\RL-LAM-ScanOpt\outputs\stage3_ppo_final_expansion_224_to_320\selected_candidates\scan_orders\scan_order_PPOFINAL_N16_B019_quality.json,"[11,15,3,1,13,9,7,5,0,2,4,6,8,10,12,14]","11,15,3,1,13,9,7,5,0,2,4,6,8,10,12,14",77a09d02d881a290,PPO_final_expansion_checkpoint_inference,E:\Projects\RL-LAM-ScanOpt\outputs\stage3_ppo_rl_lam_fea_addendum_v01\ppo_training\checkpoints\maskable_ppo_lam_scan_order_final.zip,v01,stochastic,quality,19,E:\Projects\RL-LAM-ScanOpt\cae_model\stage3_ppo_final_expansion_224_to_320_batch224_v01\final_expansion_batch01\N16\PPOFINAL_N16_B019_quality,J2D_PPOFINAL_N16_B019_quality,E:\Projects\RL-LAM-ScanOpt\cae_model\stage3_ppo_final_expansion_224_to_320_batch224_v01\final_expansion_batch01\N16\PPOFINAL_N16_B019_quality\J2D_PPOFINAL_N16_B019_quality.cae,E:\Projects\RL-LAM-ScanOpt\cae_model\stage3_ppo_final_expansion_224_to_320_batch224_v01\final_expansion_batch01\N16\PPOFINAL_N16_B019_quality\J2D_PPOFINAL_N16_B019_quality.inp,E:\Projects\RL-LAM-ScanOpt\cae_model\stage3_ppo_final_expansion_224_to_320_batch224_v01\final_expansion_batch01\N16\PPOFINAL_N16_B019_quality\J2D_PPOFINAL_N16_B019_quality.jnl,E:\Projects\RL-LAM-ScanOpt\cae_model\stage3_ppo_final_expansion_224_to_320_batch224_v01\final_expansion_batch01\N16\PPOFINAL_N16_B019_quality\J2D_PPOFINAL_N16_B019_quality_stageU_generation_log.json,E:\Projects\RL-LAM-ScanOpt\cae_model\16track_full\sanity_base\16track_sanity_base.cae,stage3_ppo_final_expansion_224_to_320_batch224_v01,False,False,Stage T repair replacement from rollout pool; original duplicate physical order removed; not physically validated yet.,0.8585311742138704,3.8,12.0,2,0.0,57.0,11.22666666666667,-0.2533333333333333,0.2873962962962963,7.0,7,7.0,odd_even
final_expansion_batch01,PPOFINAL_N16_B020_quality,16,E:\Projects\RL-LAM-ScanOpt\cae_model\stage3_ppo_final_expansion_224_to_320_batch224_v01\final_expansion_batch01\N16\PPOFINAL_N16_B020_quality\scan_order_PPOFINAL_N16_B020_quality.json,E:\Projects\RL-LAM-ScanOpt\outputs\stage3_ppo_final_expansion_224_to_320\selected_candidates\scan_orders\scan_order_PPOFINAL_N16_B020_quality.json,"[11,1,3,15,13,9,7,5,4,0,2,6,8,10,14,12]","11,1,3,15,13,9,7,5,4,0,2,6,8,10,14,12",d3f9b9321fe2cf06,PPO_final_expansion_checkpoint_inference,E:\Projects\RL-LAM-ScanOpt\outputs\stage3_ppo_rl_lam_fea_addendum_v01\ppo_training\checkpoints\maskable_ppo_lam_scan_order_final.zip,v01,stochastic,quality,20,E:\Projects\RL-LAM-ScanOpt\cae_model\stage3_ppo_final_expansion_224_to_320_batch224_v01\final_expansion_batch01\N16\PPOFINAL_N16_B020_quality,J2D_PPOFINAL_N16_B020_quality,E:\Projects\RL-LAM-ScanOpt\cae_model\stage3_ppo_final_expansion_224_to_320_batch224_v01\final_expansion_batch01\N16\PPOFINAL_N16_B020_quality\J2D_PPOFINAL_N16_B020_quality.cae,E:\Projects\RL-LAM-ScanOpt\cae_model\stage3_ppo_final_expansion_224_to_320_batch224_v01\final_expansion_batch01\N16\PPOFINAL_N16_B020_quality\J2D_PPOFINAL_N16_B020_quality.inp,E:\Projects\RL-LAM-ScanOpt\cae_model\stage3_ppo_final_expansion_224_to_320_batch224_v01\final_expansion_batch01\N16\PPOFINAL_N16_B020_quality\J2D_PPOFINAL_N16_B020_quality.jnl,E:\Projects\RL-LAM-ScanOpt\cae_model\stage3_ppo_final_expansion_224_to_320_batch224_v01\final_expansion_batch01\N16\PPOFINAL_N16_B020_quality\J2D_PPOFINAL_N16_B020_quality_stageU_generation_log.json,E:\Projects\RL-LAM-ScanOpt\cae_model\16track_full\sanity_base\16track_sanity_base.cae,stage3_ppo_final_expansion_224_to_320_batch224_v01,False,False,final expansion PPO candidate; not physically validated yet.,0.9104711888437276,3.6666666666666665,12.0,2,0.0666666666666666,55.0,9.288888888888888,-0.1777777777777777,0.2704506172839506,10.0,10,13.0,odd_even
final_expansion_batch01,PPOFINAL_N16_B021_quality,16,E:\Projects\RL-LAM-ScanOpt\cae_model\stage3_ppo_final_expansion_224_to_320_batch224_v01\final_expansion_batch01\N16\PPOFINAL_N16_B021_quality\scan_order_PPOFINAL_N16_B021_quality.json,E:\Projects\RL-LAM-ScanOpt\outputs\stage3_ppo_final_expansion_224_to_320\selected_candidates\scan_orders\scan_order_PPOFINAL_N16_B021_quality.json,"[11,3,1,15,13,9,7,5,0,2,4,6,10,8,12,14]","11,3,1,15,13,9,7,5,0,2,4,6,10,8,12,14",0a75862e3605280c,PPO_final_expansion_checkpoint_inference,E:\Projects\RL-LAM-ScanOpt\outputs\stage3_ppo_rl_lam_fea_addendum_v01\ppo_training\checkpoints\maskable_ppo_lam_scan_order_final.zip,v01,stochastic,quality,21,E:\Projects\RL-LAM-ScanOpt\cae_model\stage3_ppo_final_expansion_224_to_320_batch224_v01\final_expansion_batch01\N16\PPOFINAL_N16_B021_quality,J2D_PPOFINAL_N16_B021_quality,E:\Projects\RL-LAM-ScanOpt\cae_model\stage3_ppo_final_expansion_224_to_320_batch224_v01\final_expansion_batch01\N16\PPOFINAL_N16_B021_quality\J2D_PPOFINAL_N16_B021_quality.cae,E:\Projects\RL-LAM-ScanOpt\cae_model\stage3_ppo_final_expansion_224_to_320_batch224_v01\final_expansion_batch01\N16\PPOFINAL_N16_B021_quality\J2D_PPOFINAL_N16_B021_quality.inp,E:\Projects\RL-LAM-ScanOpt\cae_model\stage3_ppo_final_expansion_224_to_320_batch224_v01\final_expansion_batch01\N16\PPOFINAL_N16_B021_quality\J2D_PPOFINAL_N16_B021_quality.jnl,E:\Projects\RL-LAM-ScanOpt\cae_model\stage3_ppo_final_expansion_224_to_320_batch224_v01\final_expansion_batch01\N16\PPOFINAL_N16_B021_quality\J2D_PPOFINAL_N16_B021_quality_stageU_generation_log.json,E:\Projects\RL-LAM-ScanOpt\cae_model\16track_full\sanity_base\16track_sanity_base.cae,stage3_ppo_final_expansion_224_to_320_batch224_v01,False,False,Stage T repair replacement from rollout pool; original duplicate physical order removed; not physically validated yet.,0.8535071729128095,3.8,14.0,2,0.0,57.0,10.160000000000002,-0.2533333333333333,0.28265555555555555,10.0,10,8.0,odd_even
final_expansion_batch01,PPOFINAL_N16_B022_quality,16,E:\Projects\RL-LAM-ScanOpt\cae_model\stage3_ppo_final_expansion_224_to_320_batch224_v01\final_expansion_batch01\N16\PPOFINAL_N16_B022_quality\scan_order_PPOFINAL_N16_B022_quality.json,E:\Projects\RL-LAM-ScanOpt\outputs\stage3_ppo_final_expansion_224_to_320\selected_candidates\scan_orders\scan_order_PPOFINAL_N16_B022_quality.json,"[11,3,1,15,13,9,7,5,0,2,4,6,8,12,10,14]","11,3,1,15,13,9,7,5,0,2,4,6,8,12,10,14",f5ea60be6ba4eb8a,PPO_final_expansion_checkpoint_inference,E:\Projects\RL-LAM-ScanOpt\outputs\stage3_ppo_rl_lam_fea_addendum_v01\ppo_training\checkpoints\maskable_ppo_lam_scan_order_final.zip,v01,stochastic,quality,22,E:\Projects\RL-LAM-ScanOpt\cae_model\stage3_ppo_final_expansion_224_to_320_batch224_v01\final_expansion_batch01\N16\PPOFINAL_N16_B022_quality,J2D_PPOFINAL_N16_B022_quality,E:\Projects\RL-LAM-ScanOpt\cae_model\stage3_ppo_final_expansion_224_to_320_batch224_v01\final_expansion_batch01\N16\PPOFINAL_N16_B022_quality\J2D_PPOFINAL_N16_B022_quality.cae,E:\Projects\RL-LAM-ScanOpt\cae_model\stage3_ppo_final_expansion_224_to_320_batch224_v01\final_expansion_batch01\N16\PPOFINAL_N16_B022_quality\J2D_PPOFINAL_N16_B022_quality.inp,E:\Projects\RL-LAM-ScanOpt\cae_model\stage3_ppo_final_expansion_224_to_320_batch224_v01\final_expansion_batch01\N16\PPOFINAL_N16_B022_quality\J2D_PPOFINAL_N16_B022_quality.jnl,E:\Projects\RL-LAM-ScanOpt\cae_model\stage3_ppo_final_expansion_224_to_320_batch224_v01\final_expansion_batch01\N16\PPOFINAL_N16_B022_quality\J2D_PPOFINAL_N16_B022_quality_stageU_generation_log.json,E:\Projects\RL-LAM-ScanOpt\cae_model\16track_full\sanity_base\16track_sanity_base.cae,stage3_ppo_final_expansion_224_to_320_batch224_v01,False,False,Stage T repair replacement from rollout pool; original duplicate physical order removed; not physically validated yet.,0.8468048897315781,3.8,14.0,2,0.0,57.0,10.160000000000002,-0.2533333333333333,0.28265555555555555,10.0,10,8.0,odd_even
final_expansion_batch01,PPOFINAL_N16_B023_quality,16,E:\Projects\RL-LAM-ScanOpt\cae_model\stage3_ppo_final_expansion_224_to_320_batch224_v01\final_expansion_batch01\N16\PPOFINAL_N16_B023_quality\scan_order_PPOFINAL_N16_B023_quality.json,E:\Projects\RL-LAM-ScanOpt\outputs\stage3_ppo_final_expansion_224_to_320\selected_candidates\scan_orders\scan_order_PPOFINAL_N16_B023_quality.json,"[11,3,1,15,13,9,7,5,0,2,4,6,8,10,12,14]","11,3,1,15,13,9,7,5,0,2,4,6,8,10,12,14",112c7158ed9beae3,PPO_final_expansion_checkpoint_inference,E:\Projects\RL-LAM-ScanOpt\outputs\stage3_ppo_rl_lam_fea_addendum_v01\ppo_training\checkpoints\maskable_ppo_lam_scan_order_final.zip,v01,stochastic,quality,23,E:\Projects\RL-LAM-ScanOpt\cae_model\stage3_ppo_final_expansion_224_to_320_batch224_v01\final_expansion_batch01\N16\PPOFINAL_N16_B023_quality,J2D_PPOFINAL_N16_B023_quality,E:\Projects\RL-LAM-ScanOpt\cae_model\stage3_ppo_final_expansion_224_to_320_batch224_v01\final_expansion_batch01\N16\PPOFINAL_N16_B023_quality\J2D_PPOFINAL_N16_B023_quality.cae,E:\Projects\RL-LAM-ScanOpt\cae_model\stage3_ppo_final_expansion_224_to_320_batch224_v01\final_expansion_batch01\N16\PPOFINAL_N16_B023_quality\J2D_PPOFINAL_N16_B023_quality.inp,E:\Projects\RL-LAM-ScanOpt\cae_model\stage3_ppo_final_expansion_224_to_320_batch224_v01\final_expansion_batch01\N16\PPOFINAL_N16_B023_quality\J2D_PPOFINAL_N16_B023_quality.jnl,E:\Projects\RL-LAM-ScanOpt\cae_model\stage3_ppo_final_expansion_224_to_320_batch224_v01\final_expansion_batch01\N16\PPOFINAL_N16_B023_quality\J2D_PPOFINAL_N16_B023_quality_stageU_generation_log.json,E:\Projects\RL-LAM-ScanOpt\cae_model\16track_full\sanity_base\16track_sanity_base.cae,stage3_ppo_final_expansion_224_to_320_batch224_v01,False,False,final expansion PPO candidate; not physically validated yet.,0.8954529465010871,3.533333333333333,14.0,2,0.0,53.0,10.515555555555562,-0.2355555555555555,0.2675691358024691,8.0,8,7.0,odd_even
final_expansion_batch01,PPOFINAL_N16_B024_quality,16,E:\Projects\RL-LAM-ScanOpt\cae_model\stage3_ppo_final_expansion_224_to_320_batch224_v01\final_expansion_batch01\N16\PPOFINAL_N16_B024_quality\scan_order_PPOFINAL_N16_B024_quality.json,E:\Projects\RL-LAM-ScanOpt\outputs\stage3_ppo_final_expansion_224_to_320\selected_candidates\scan_orders\scan_order_PPOFINAL_N16_B024_quality.json,"[11,1,3,13,15,7,9,5,0,2,4,6,8,10,12,14]","11,1,3,13,15,7,9,5,0,2,4,6,8,10,12,14",33b8727ceadf88f5,PPO_final_expansion_checkpoint_inference,E:\Projects\RL-LAM-ScanOpt\outputs\stage3_ppo_rl_lam_fea_addendum_v01\ppo_training\checkpoints\maskable_ppo_lam_scan_order_final.zip,v01,stochastic,quality,24,E:\Projects\RL-LAM-ScanOpt\cae_model\stage3_ppo_final_expansion_224_to_320_batch224_v01\final_expansion_batch01\N16\PPOFINAL_N16_B024_quality,J2D_PPOFINAL_N16_B024_quality,E:\Projects\RL-LAM-ScanOpt\cae_model\stage3_ppo_final_expansion_224_to_320_batch224_v01\final_expansion_batch01\N16\PPOFINAL_N16_B024_quality\J2D_PPOFINAL_N16_B024_quality.cae,E:\Projects\RL-LAM-ScanOpt\cae_model\stage3_ppo_final_expansion_224_to_320_batch224_v01\final_expansion_batch01\N16\PPOFINAL_N16_B024_quality\J2D_PPOFINAL_N16_B024_quality.inp,E:\Projects\RL-LAM-ScanOpt\cae_model\stage3_ppo_final_expansion_224_to_320_batch224_v01\final_expansion_batch01\N16\PPOFINAL_N16_B024_quality\J2D_PPOFINAL_N16_B024_quality.jnl,E:\Projects\RL-LAM-ScanOpt\cae_model\stage3_ppo_final_expansion_224_to_320_batch224_v01\final_expansion_batch01\N16\PPOFINAL_N16_B024_quality\J2D_PPOFINAL_N16_B024_quality_stageU_generation_log.json,E:\Projects\RL-LAM-ScanOpt\cae_model\16track_full\sanity_base\16track_sanity_base.cae,stage3_ppo_final_expansion_224_to_320_batch224_v01,False,False,Stage T repair replacement from rollout pool; original duplicate physical order removed; not physically validated yet.,0.8454182280384789,3.8,10.0,3,0.0,57.0,8.559999999999999,-0.2533333333333333,0.2755444444444444,7.0,7,7.0,odd_even
final_expansion_batch01,PPOFINAL_N16_B025_quality,16,E:\Projects\RL-LAM-ScanOpt\cae_model\stage3_ppo_final_expansion_224_to_320_batch224_v01\final_expansion_batch01\N16\PPOFINAL_N16_B025_quality\scan_order_PPOFINAL_N16_B025_quality.json,E:\Projects\RL-LAM-ScanOpt\outputs\stage3_ppo_final_expansion_224_to_320\selected_candidates\scan_orders\scan_order_PPOFINAL_N16_B025_quality.json,"[11,3,1,13,15,9,7,5,0,2,4,6,8,10,12,14]","11,3,1,13,15,9,7,5,0,2,4,6,8,10,12,14",ac75b5c13ac7b4df,PPO_final_expansion_checkpoint_inference,E:\Projects\RL-LAM-ScanOpt\outputs\stage3_ppo_rl_lam_fea_addendum_v01\ppo_training\checkpoints\maskable_ppo_lam_scan_order_final.zip,v01,stochastic,quality,25,E:\Projects\RL-LAM-ScanOpt\cae_model\stage3_ppo_final_expansion_224_to_320_batch224_v01\final_expansion_batch01\N16\PPOFINAL_N16_B025_quality,J2D_PPOFINAL_N16_B025_quality,E:\Projects\RL-LAM-ScanOpt\cae_model\stage3_ppo_final_expansion_224_to_320_batch224_v01\final_expansion_batch01\N16\PPOFINAL_N16_B025_quality\J2D_PPOFINAL_N16_B025_quality.cae,E:\Projects\RL-LAM-ScanOpt\cae_model\stage3_ppo_final_expansion_224_to_320_batch224_v01\final_expansion_batch01\N16\PPOFINAL_N16_B025_quality\J2D_PPOFINAL_N16_B025_quality.inp,E:\Projects\RL-LAM-ScanOpt\cae_model\stage3_ppo_final_expansion_224_to_320_batch224_v01\final_expansion_batch01\N16\PPOFINAL_N16_B025_quality\J2D_PPOFINAL_N16_B025_quality.jnl,E:\Projects\RL-LAM-ScanOpt\cae_model\stage3_ppo_final_expansion_224_to_320_batch224_v01\final_expansion_batch01\N16\PPOFINAL_N16_B025_quality\J2D_PPOFINAL_N16_B025_quality_stageU_generation_log.json,E:\Projects\RL-LAM-ScanOpt\cae_model\16track_full\sanity_base\16track_sanity_base.cae,stage3_ppo_final_expansion_224_to_320_batch224_v01,False,False,final expansion PPO candidate; not physically validated yet.,0.8948397232401708,3.533333333333333,12.0,3,0.0,53.0,8.382222222222222,-0.2355555555555555,0.2580876543209876,8.0,8,7.0,odd_even
final_expansion_batch01,PPOFINAL_N16_B026_quality,16,E:\Projects\RL-LAM-ScanOpt\cae_model\stage3_ppo_final_expansion_224_to_320_batch224_v01\final_expansion_batch01\N16\PPOFINAL_N16_B026_quality\scan_order_PPOFINAL_N16_B026_quality.json,E:\Projects\RL-LAM-ScanOpt\outputs\stage3_ppo_final_expansion_224_to_320\selected_candidates\scan_orders\scan_order_PPOFINAL_N16_B026_quality.json,"[11,1,3,15,13,5,7,9,0,2,4,6,8,10,12,14]","11,1,3,15,13,5,7,9,0,2,4,6,8,10,12,14",ba1ed7eee00034ea,PPO_final_expansion_checkpoint_inference,E:\Projects\RL-LAM-ScanOpt\outputs\stage3_ppo_rl_lam_fea_addendum_v01\ppo_training\checkpoints\maskable_ppo_lam_scan_order_final.zip,v01,stochastic,quality,26,E:\Projects\RL-LAM-ScanOpt\cae_model\stage3_ppo_final_expansion_224_to_320_batch224_v01\final_expansion_batch01\N16\PPOFINAL_N16_B026_quality,J2D_PPOFINAL_N16_B026_quality,E:\Projects\RL-LAM-ScanOpt\cae_model\stage3_ppo_final_expansion_224_to_320_batch224_v01\final_expansion_batch01\N16\PPOFINAL_N16_B026_quality\J2D_PPOFINAL_N16_B026_quality.cae,E:\Projects\RL-LAM-ScanOpt\cae_model\stage3_ppo_final_expansion_224_to_320_batch224_v01\final_expansion_batch01\N16\PPOFINAL_N16_B026_quality\J2D_PPOFINAL_N16_B026_quality.inp,E:\Projects\RL-LAM-ScanOpt\cae_model\stage3_ppo_final_expansion_224_to_320_batch224_v01\final_expansion_batch01\N16\PPOFINAL_N16_B026_quality\J2D_PPOFINAL_N16_B026_quality.jnl,E:\Projects\RL-LAM-ScanOpt\cae_model\stage3_ppo_final_expansion_224_to_320_batch224_v01\final_expansion_batch01\N16\PPOFINAL_N16_B026_quality\J2D_PPOFINAL_N16_B026_quality_stageU_generation_log.json,E:\Projects\RL-LAM-ScanOpt\cae_model\16track_full\sanity_base\16track_sanity_base.cae,stage3_ppo_final_expansion_224_to_320_batch224_v01,False,False,Stage T repair replacement from rollout pool; original duplicate physical order removed; not physically validated yet.,0.8387433322998044,4.066666666666666,12.0,4,0.0,61.0,12.328888888888889,-0.2711111111111111,0.3089617283950617,7.0,7,7.0,odd_even
final_expansion_batch01,PPOFINAL_N16_B027_quality,16,E:\Projects\RL-LAM-ScanOpt\cae_model\stage3_ppo_final_expansion_224_to_320_batch224_v01\final_expansion_batch01\N16\PPOFINAL_N16_B027_quality\scan_order_PPOFINAL_N16_B027_quality.json,E:\Projects\RL-LAM-ScanOpt\outputs\stage3_ppo_final_expansion_224_to_320\selected_candidates\scan_orders\scan_order_PPOFINAL_N16_B027_quality.json,"[11,3,1,15,13,7,9,5,0,2,4,6,8,10,12,14]","11,3,1,15,13,7,9,5,0,2,4,6,8,10,12,14",a1735e9fea830cda,PPO_final_expansion_checkpoint_inference,E:\Projects\RL-LAM-ScanOpt\outputs\stage3_ppo_rl_lam_fea_addendum_v01\ppo_training\checkpoints\maskable_ppo_lam_scan_order_final.zip,v01,stochastic,quality,27,E:\Projects\RL-LAM-ScanOpt\cae_model\stage3_ppo_final_expansion_224_to_320_batch224_v01\final_expansion_batch01\N16\PPOFINAL_N16_B027_quality,J2D_PPOFINAL_N16_B027_quality,E:\Projects\RL-LAM-ScanOpt\cae_model\stage3_ppo_final_expansion_224_to_320_batch224_v01\final_expansion_batch01\N16\PPOFINAL_N16_B027_quality\J2D_PPOFINAL_N16_B027_quality.cae,E:\Projects\RL-LAM-ScanOpt\cae_model\stage3_ppo_final_expansion_224_to_320_batch224_v01\final_expansion_batch01\N16\PPOFINAL_N16_B027_quality\J2D_PPOFINAL_N16_B027_quality.inp,E:\Projects\RL-LAM-ScanOpt\cae_model\stage3_ppo_final_expansion_224_to_320_batch224_v01\final_expansion_batch01\N16\PPOFINAL_N16_B027_quality\J2D_PPOFINAL_N16_B027_quality.jnl,E:\Projects\RL-LAM-ScanOpt\cae_model\stage3_ppo_final_expansion_224_to_320_batch224_v01\final_expansion_batch01\N16\PPOFINAL_N16_B027_quality\J2D_PPOFINAL_N16_B027_quality_stageU_generation_log.json,E:\Projects\RL-LAM-ScanOpt\cae_model\16track_full\sanity_base\16track_sanity_base.cae,stage3_ppo_final_expansion_224_to_320_batch224_v01,False,False,Stage T repair replacement from rollout pool; original duplicate physical order removed; not physically validated yet.,0.8375850872583123,3.8,14.0,3,0.0,57.0,10.693333333333337,-0.2533333333333333,0.2850259259259259,8.0,8,9.0,odd_even
final_expansion_batch01,PPOFINAL_N16_B028_diversity,16,E:\Projects\RL-LAM-ScanOpt\cae_model\stage3_ppo_final_expansion_224_to_320_batch224_v01\final_expansion_batch01\N16\PPOFINAL_N16_B028_diversity\scan_order_PPOFINAL_N16_B028_diversity.json,E:\Projects\RL-LAM-ScanOpt\outputs\stage3_ppo_final_expansion_224_to_320\selected_candidates\scan_orders\scan_order_PPOFINAL_N16_B028_diversity.json,"[11,1,3,15,13,9,7,5,6,0,2,4,8,10,12,14]","11,1,3,15,13,9,7,5,6,0,2,4,8,10,12,14",7b2ba7418d0d9ac8,PPO_final_expansion_checkpoint_inference,E:\Projects\RL-LAM-ScanOpt\outputs\stage3_ppo_rl_lam_fea_addendum_v01\ppo_training\checkpoints\maskable_ppo_lam_scan_order_final.zip,v01,stochastic,diversity,28,E:\Projects\RL-LAM-ScanOpt\cae_model\stage3_ppo_final_expansion_224_to_320_batch224_v01\final_expansion_batch01\N16\PPOFINAL_N16_B028_diversity,J2D_PPOFINAL_N16_B028_diversity,E:\Projects\RL-LAM-ScanOpt\cae_model\stage3_ppo_final_expansion_224_to_320_batch224_v01\final_expansion_batch01\N16\PPOFINAL_N16_B028_diversity\J2D_PPOFINAL_N16_B028_diversity.cae,E:\Projects\RL-LAM-ScanOpt\cae_model\stage3_ppo_final_expansion_224_to_320_batch224_v01\final_expansion_batch01\N16\PPOFINAL_N16_B028_diversity\J2D_PPOFINAL_N16_B028_diversity.inp,E:\Projects\RL-LAM-ScanOpt\cae_model\stage3_ppo_final_expansion_224_to_320_batch224_v01\final_expansion_batch01\N16\PPOFINAL_N16_B028_diversity\J2D_PPOFINAL_N16_B028_diversity.jnl,E:\Projects\RL-LAM-ScanOpt\cae_model\stage3_ppo_final_expansion_224_to_320_batch224_v01\final_expansion_batch01\N16\PPOFINAL_N16_B028_diversity\J2D_PPOFINAL_N16_B028_diversity_stageU_generation_log.json,E:\Projects\RL-LAM-ScanOpt\cae_model\16track_full\sanity_base\16track_sanity_base.cae,stage3_ppo_final_expansion_224_to_320_batch224_v01,False,False,final expansion PPO candidate; not physically validated yet.,0.8174050697567683,3.6666666666666665,12.0,3,0.0666666666666666,55.0,9.82222222222222,-0.1777777777777777,0.2728209876543209,9.0,9,12.0,odd_even
final_expansion_batch01,PPOFINAL_N16_B029_diversity,16,E:\Projects\RL-LAM-ScanOpt\cae_model\stage3_ppo_final_expansion_224_to_320_batch224_v01\final_expansion_batch01\N16\PPOFINAL_N16_B029_diversity\scan_order_PPOFINAL_N16_B029_diversity.json,E:\Projects\RL-LAM-ScanOpt\outputs\stage3_ppo_final_expansion_224_to_320\selected_candidates\scan_orders\scan_order_PPOFINAL_N16_B029_diversity.json,"[11,3,1,15,13,9,7,5,4,0,2,6,8,10,12,14]","11,3,1,15,13,9,7,5,4,0,2,6,8,10,12,14",cac6c09a30024fea,PPO_final_expansion_checkpoint_inference,E:\Projects\RL-LAM-ScanOpt\outputs\stage3_ppo_rl_lam_fea_addendum_v01\ppo_training\checkpoints\maskable_ppo_lam_scan_order_final.zip,v01,stochastic,diversity,29,E:\Projects\RL-LAM-ScanOpt\cae_model\stage3_ppo_final_expansion_224_to_320_batch224_v01\final_expansion_batch01\N16\PPOFINAL_N16_B029_diversity,J2D_PPOFINAL_N16_B029_diversity,E:\Projects\RL-LAM-ScanOpt\cae_model\stage3_ppo_final_expansion_224_to_320_batch224_v01\final_expansion_batch01\N16\PPOFINAL_N16_B029_diversity\J2D_PPOFINAL_N16_B029_diversity.cae,E:\Projects\RL-LAM-ScanOpt\cae_model\stage3_ppo_final_expansion_224_to_320_batch224_v01\final_expansion_batch01\N16\PPOFINAL_N16_B029_diversity\J2D_PPOFINAL_N16_B029_diversity.inp,E:\Projects\RL-LAM-ScanOpt\cae_model\stage3_ppo_final_expansion_224_to_320_batch224_v01\final_expansion_batch01\N16\PPOFINAL_N16_B029_diversity\J2D_PPOFINAL_N16_B029_diversity.jnl,E:\Projects\RL-LAM-ScanOpt\cae_model\stage3_ppo_final_expansion_224_to_320_batch224_v01\final_expansion_batch01\N16\PPOFINAL_N16_B029_diversity\J2D_PPOFINAL_N16_B029_diversity_stageU_generation_log.json,E:\Projects\RL-LAM-ScanOpt\cae_model\16track_full\sanity_base\16track_sanity_base.cae,stage3_ppo_final_expansion_224_to_320_batch224_v01,False,False,final expansion PPO candidate; not physically validated yet.,0.8588726208362754,3.533333333333333,14.0,2,0.0666666666666666,53.0,10.515555555555558,-0.1688888888888888,0.2675691358024691,10.0,10,10.0,odd_even
final_expansion_batch01,PPOFINAL_N16_B030_diversity,16,E:\Projects\RL-LAM-ScanOpt\cae_model\stage3_ppo_final_expansion_224_to_320_batch224_v01\final_expansion_batch01\N16\PPOFINAL_N16_B030_diversity\scan_order_PPOFINAL_N16_B030_diversity.json,E:\Projects\RL-LAM-ScanOpt\outputs\stage3_ppo_final_expansion_224_to_320\selected_candidates\scan_orders\scan_order_PPOFINAL_N16_B030_diversity.json,"[11,3,1,15,13,7,5,9,0,2,4,6,8,10,12,14]","11,3,1,15,13,7,5,9,0,2,4,6,8,10,12,14",d3449887e51567b6,PPO_final_expansion_checkpoint_inference,E:\Projects\RL-LAM-ScanOpt\outputs\stage3_ppo_rl_lam_fea_addendum_v01\ppo_training\checkpoints\maskable_ppo_lam_scan_order_final.zip,v01,stochastic,diversity,30,E:\Projects\RL-LAM-ScanOpt\cae_model\stage3_ppo_final_expansion_224_to_320_batch224_v01\final_expansion_batch01\N16\PPOFINAL_N16_B030_diversity,J2D_PPOFINAL_N16_B030_diversity,E:\Projects\RL-LAM-ScanOpt\cae_model\stage3_ppo_final_expansion_224_to_320_batch224_v01\final_expansion_batch01\N16\PPOFINAL_N16_B030_diversity\J2D_PPOFINAL_N16_B030_diversity.cae,E:\Projects\RL-LAM-ScanOpt\cae_model\stage3_ppo_final_expansion_224_to_320_batch224_v01\final_expansion_batch01\N16\PPOFINAL_N16_B030_diversity\J2D_PPOFINAL_N16_B030_diversity.inp,E:\Projects\RL-LAM-ScanOpt\cae_model\stage3_ppo_final_expansion_224_to_320_batch224_v01\final_expansion_batch01\N16\PPOFINAL_N16_B030_diversity\J2D_PPOFINAL_N16_B030_diversity.jnl,E:\Projects\RL-LAM-ScanOpt\cae_model\stage3_ppo_final_expansion_224_to_320_batch224_v01\final_expansion_batch01\N16\PPOFINAL_N16_B030_diversity\J2D_PPOFINAL_N16_B030_diversity_stageU_generation_log.json,E:\Projects\RL-LAM-ScanOpt\cae_model\16track_full\sanity_base\16track_sanity_base.cae,stage3_ppo_final_expansion_224_to_320_batch224_v01,False,False,final expansion PPO candidate; not physically validated yet.,0.8331291621796413,4.066666666666666,14.0,4,0.0,61.0,12.328888888888889,-0.2711111111111111,0.3089617283950617,9.0,9,7.0,odd_even
final_expansion_batch01,PPOFINAL_N16_B031_diversity,16,E:\Projects\RL-LAM-ScanOpt\cae_model\stage3_ppo_final_expansion_224_to_320_batch224_v01\final_expansion_batch01\N16\PPOFINAL_N16_B031_diversity\scan_order_PPOFINAL_N16_B031_diversity.json,E:\Projects\RL-LAM-ScanOpt\outputs\stage3_ppo_final_expansion_224_to_320\selected_candidates\scan_orders\scan_order_PPOFINAL_N16_B031_diversity.json,"[11,1,3,15,13,5,9,7,0,2,4,6,8,10,12,14]","11,1,3,15,13,5,9,7,0,2,4,6,8,10,12,14",2e7ec5f10475f5b7,PPO_final_expansion_checkpoint_inference,E:\Projects\RL-LAM-ScanOpt\outputs\stage3_ppo_rl_lam_fea_addendum_v01\ppo_training\checkpoints\maskable_ppo_lam_scan_order_final.zip,v01,stochastic,diversity,31,E:\Projects\RL-LAM-ScanOpt\cae_model\stage3_ppo_final_expansion_224_to_320_batch224_v01\final_expansion_batch01\N16\PPOFINAL_N16_B031_diversity,J2D_PPOFINAL_N16_B031_diversity,E:\Projects\RL-LAM-ScanOpt\cae_model\stage3_ppo_final_expansion_224_to_320_batch224_v01\final_expansion_batch01\N16\PPOFINAL_N16_B031_diversity\J2D_PPOFINAL_N16_B031_diversity.cae,E:\Projects\RL-LAM-ScanOpt\cae_model\stage3_ppo_final_expansion_224_to_320_batch224_v01\final_expansion_batch01\N16\PPOFINAL_N16_B031_diversity\J2D_PPOFINAL_N16_B031_diversity.inp,E:\Projects\RL-LAM-ScanOpt\cae_model\stage3_ppo_final_expansion_224_to_320_batch224_v01\final_expansion_batch01\N16\PPOFINAL_N16_B031_diversity\J2D_PPOFINAL_N16_B031_diversity.jnl,E:\Projects\RL-LAM-ScanOpt\cae_model\stage3_ppo_final_expansion_224_to_320_batch224_v01\final_expansion_batch01\N16\PPOFINAL_N16_B031_diversity\J2D_PPOFINAL_N16_B031_diversity_stageU_generation_log.json,E:\Projects\RL-LAM-ScanOpt\cae_model\16track_full\sanity_base\16track_sanity_base.cae,stage3_ppo_final_expansion_224_to_320_batch224_v01,False,False,final expansion PPO candidate; not physically validated yet.,0.8296578227146384,4.066666666666666,12.0,4,0.0,61.0,10.995555555555557,-0.2711111111111111,0.3030358024691358,7.0,7,8.0,odd_even
final_expansion_batch01,PPOFINAL_N16_B032_diversity,16,E:\Projects\RL-LAM-ScanOpt\cae_model\stage3_ppo_final_expansion_224_to_320_batch224_v01\final_expansion_batch01\N16\PPOFINAL_N16_B032_diversity\scan_order_PPOFINAL_N16_B032_diversity.json,E:\Projects\RL-LAM-ScanOpt\outputs\stage3_ppo_final_expansion_224_to_320\selected_candidates\scan_orders\scan_order_PPOFINAL_N16_B032_diversity.json,"[11,15,1,3,9,13,7,5,0,2,4,6,8,10,12,14]","11,15,1,3,9,13,7,5,0,2,4,6,8,10,12,14",f785e57b5b7c8171,PPO_final_expansion_checkpoint_inference,E:\Projects\RL-LAM-ScanOpt\outputs\stage3_ppo_rl_lam_fea_addendum_v01\ppo_training\checkpoints\maskable_ppo_lam_scan_order_final.zip,v01,stochastic,diversity,32,E:\Projects\RL-LAM-ScanOpt\cae_model\stage3_ppo_final_expansion_224_to_320_batch224_v01\final_expansion_batch01\N16\PPOFINAL_N16_B032_diversity,J2D_PPOFINAL_N16_B032_diversity,E:\Projects\RL-LAM-ScanOpt\cae_model\stage3_ppo_final_expansion_224_to_320_batch224_v01\final_expansion_batch01\N16\PPOFINAL_N16_B032_diversity\J2D_PPOFINAL_N16_B032_diversity.cae,E:\Projects\RL-LAM-ScanOpt\cae_model\stage3_ppo_final_expansion_224_to_320_batch224_v01\final_expansion_batch01\N16\PPOFINAL_N16_B032_diversity\J2D_PPOFINAL_N16_B032_diversity.inp,E:\Projects\RL-LAM-ScanOpt\cae_model\stage3_ppo_final_expansion_224_to_320_batch224_v01\final_expansion_batch01\N16\PPOFINAL_N16_B032_diversity\J2D_PPOFINAL_N16_B032_diversity.jnl,E:\Projects\RL-LAM-ScanOpt\cae_model\stage3_ppo_final_expansion_224_to_320_batch224_v01\final_expansion_batch01\N16\PPOFINAL_N16_B032_diversity\J2D_PPOFINAL_N16_B032_diversity_stageU_generation_log.json,E:\Projects\RL-LAM-ScanOpt\cae_model\16track_full\sanity_base\16track_sanity_base.cae,stage3_ppo_final_expansion_224_to_320_batch224_v01,False,False,final expansion PPO candidate; not physically validated yet.,0.8157013855206566,3.8,14.0,3,0.0,57.0,9.626666666666669,-0.2533333333333333,0.2802851851851852,8.0,8,7.0,odd_even
final_expansion_batch02,PPOFINAL_N12_B033_diversity,12,E:\Projects\RL-LAM-ScanOpt\cae_model\stage3_ppo_final_expansion_224_to_320_batch224_v01\final_expansion_batch02\N12\PPOFINAL_N12_B033_diversity\scan_order_PPOFINAL_N12_B033_diversity.json,E:\Projects\RL-LAM-ScanOpt\outputs\stage3_ppo_final_expansion_224_to_320\selected_candidates\scan_orders\scan_order_PPOFINAL_N12_B033_diversity.json,"[11,1,3,9,7,5,0,6,2,4,8,10]","11,1,3,9,7,5,0,6,2,4,8,10",3ae31ba5ab2dcb44,PPO_final_expansion_checkpoint_inference,E:\Projects\RL-LAM-ScanOpt\outputs\stage3_ppo_rl_lam_fea_addendum_v01\ppo_training\checkpoints\maskable_ppo_lam_scan_order_final.zip,v01,stochastic,diversity,33,E:\Projects\RL-LAM-ScanOpt\cae_model\stage3_ppo_final_expansion_224_to_320_batch224_v01\final_expansion_batch02\N12\PPOFINAL_N12_B033_diversity,J2D_PPOFINAL_N12_B033_diversity,E:\Projects\RL-LAM-ScanOpt\cae_model\stage3_ppo_final_expansion_224_to_320_batch224_v01\final_expansion_batch02\N12\PPOFINAL_N12_B033_diversity\J2D_PPOFINAL_N12_B033_diversity.cae,E:\Projects\RL-LAM-ScanOpt\cae_model\stage3_ppo_final_expansion_224_to_320_batch224_v01\final_expansion_batch02\N12\PPOFINAL_N12_B033_diversity\J2D_PPOFINAL_N12_B033_diversity.inp,E:\Projects\RL-LAM-ScanOpt\cae_model\stage3_ppo_final_expansion_224_to_320_batch224_v01\final_expansion_batch02\N12\PPOFINAL_N12_B033_diversity\J2D_PPOFINAL_N12_B033_diversity.jnl,E:\Projects\RL-LAM-ScanOpt\cae_model\stage3_ppo_final_expansion_224_to_320_batch224_v01\final_expansion_batch02\N12\PPOFINAL_N12_B033_diversity\J2D_PPOFINAL_N12_B033_diversity_stageU_generation_log.json,E:\Projects\RL-LAM-ScanOpt\cae_model\12track_full\sanity_base\12track_sanity_base.cae,stage3_ppo_final_expansion_224_to_320_batch224_v01,False,False,final expansion PPO candidate; not physically validated yet.,0.6784860971334526,4.090909090909091,10.0,6,0.0,45.0,5.900826446280991,-0.371900826446281,0.3896762516221569,5.0,5,9.0,odd_even
final_expansion_batch02,PPOFINAL_N12_B034_diversity,12,E:\Projects\RL-LAM-ScanOpt\cae_model\stage3_ppo_final_expansion_224_to_320_batch224_v01\final_expansion_batch02\N12\PPOFINAL_N12_B034_diversity\scan_order_PPOFINAL_N12_B034_diversity.json,E:\Projects\RL-LAM-ScanOpt\outputs\stage3_ppo_final_expansion_224_to_320\selected_candidates\scan_orders\scan_order_PPOFINAL_N12_B034_diversity.json,"[11,1,3,7,9,0,2,4,5,6,10,8]","11,1,3,7,9,0,2,4,5,6,10,8",428e5ef4ec1af069,PPO_final_expansion_checkpoint_inference,E:\Projects\RL-LAM-ScanOpt\outputs\stage3_ppo_rl_lam_fea_addendum_v01\ppo_training\checkpoints\maskable_ppo_lam_scan_order_final.zip,v01,stochastic,diversity,34,E:\Projects\RL-LAM-ScanOpt\cae_model\stage3_ppo_final_expansion_224_to_320_batch224_v01\final_expansion_batch02\N12\PPOFINAL_N12_B034_diversity,J2D_PPOFINAL_N12_B034_diversity,E:\Projects\RL-LAM-ScanOpt\cae_model\stage3_ppo_final_expansion_224_to_320_batch224_v01\final_expansion_batch02\N12\PPOFINAL_N12_B034_diversity\J2D_PPOFINAL_N12_B034_diversity.cae,E:\Projects\RL-LAM-ScanOpt\cae_model\stage3_ppo_final_expansion_224_to_320_batch224_v01\final_expansion_batch02\N12\PPOFINAL_N12_B034_diversity\J2D_PPOFINAL_N12_B034_diversity.inp,E:\Projects\RL-LAM-ScanOpt\cae_model\stage3_ppo_final_expansion_224_to_320_batch224_v01\final_expansion_batch02\N12\PPOFINAL_N12_B034_diversity\J2D_PPOFINAL_N12_B034_diversity.jnl,E:\Projects\RL-LAM-ScanOpt\cae_model\stage3_ppo_final_expansion_224_to_320_batch224_v01\final_expansion_batch02\N12\PPOFINAL_N12_B034_diversity\J2D_PPOFINAL_N12_B034_diversity_stageU_generation_log.json,E:\Projects\RL-LAM-ScanOpt\cae_model\12track_full\sanity_base\12track_sanity_base.cae,stage3_ppo_final_expansion_224_to_320_batch224_v01,False,False,Stage T repair replacement from rollout pool; original duplicate physical order removed; not physically validated yet.,0.5749651614139011,3.5454545454545454,10.0,4,0.18181818181818182,39.0,8.793388429752067,-0.14049586776859502,0.368127177105389,6.0,6,8.0,odd_even
final_expansion_batch02,PPOFINAL_N12_B035_diversity,12,E:\Projects\RL-LAM-ScanOpt\cae_model\stage3_ppo_final_expansion_224_to_320_batch224_v01\final_expansion_batch02\N12\PPOFINAL_N12_B035_diversity\scan_order_PPOFINAL_N12_B035_diversity.json,E:\Projects\RL-LAM-ScanOpt\outputs\stage3_ppo_final_expansion_224_to_320\selected_candidates\scan_orders\scan_order_PPOFINAL_N12_B035_diversity.json,"[11,3,1,9,5,7,0,2,4,6,8,10]","11,3,1,9,5,7,0,2,4,6,8,10",9d16225c8842df9d,PPO_final_expansion_checkpoint_inference,E:\Projects\RL-LAM-ScanOpt\outputs\stage3_ppo_rl_lam_fea_addendum_v01\ppo_training\checkpoints\maskable_ppo_lam_scan_order_final.zip,v01,stochastic,diversity,35,E:\Projects\RL-LAM-ScanOpt\cae_model\stage3_ppo_final_expansion_224_to_320_batch224_v01\final_expansion_batch02\N12\PPOFINAL_N12_B035_diversity,J2D_PPOFINAL_N12_B035_diversity,E:\Projects\RL-LAM-ScanOpt\cae_model\stage3_ppo_final_expansion_224_to_320_batch224_v01\final_expansion_batch02\N12\PPOFINAL_N12_B035_diversity\J2D_PPOFINAL_N12_B035_diversity.cae,E:\Projects\RL-LAM-ScanOpt\cae_model\stage3_ppo_final_expansion_224_to_320_batch224_v01\final_expansion_batch02\N12\PPOFINAL_N12_B035_diversity\J2D_PPOFINAL_N12_B035_diversity.inp,E:\Projects\RL-LAM-ScanOpt\cae_model\stage3_ppo_final_expansion_224_to_320_batch224_v01\final_expansion_batch02\N12\PPOFINAL_N12_B035_diversity\J2D_PPOFINAL_N12_B035_diversity.jnl,E:\Projects\RL-LAM-ScanOpt\cae_model\stage3_ppo_final_expansion_224_to_320_batch224_v01\final_expansion_batch02\N12\PPOFINAL_N12_B035_diversity\J2D_PPOFINAL_N12_B035_diversity_stageU_generation_log.json,E:\Projects\RL-LAM-ScanOpt\cae_model\12track_full\sanity_base\12track_sanity_base.cae,stage3_ppo_final_expansion_224_to_320_batch224_v01,False,False,final expansion PPO candidate; not physically validated yet.,0.7350055444925802,3.727272727272727,8.0,4,0.0,41.0,6.198347107438016,-0.3388429752066115,0.3618320697584409,2.0,2,5.0,odd_even
final_expansion_batch02,PPOFINAL_N12_B036_efficiency,12,E:\Projects\RL-LAM-ScanOpt\cae_model\stage3_ppo_final_expansion_224_to_320_batch224_v01\final_expansion_batch02\N12\PPOFINAL_N12_B036_efficiency\scan_order_PPOFINAL_N12_B036_efficiency.json,E:\Projects\RL-LAM-ScanOpt\outputs\stage3_ppo_final_expansion_224_to_320\selected_candidates\scan_orders\scan_order_PPOFINAL_N12_B036_efficiency.json,"[11,3,1,7,9,4,0,2,5,6,8,10]","11,3,1,7,9,4,0,2,5,6,8,10",f73b4f03f3ad3bc4,PPO_final_expansion_checkpoint_inference,E:\Projects\RL-LAM-ScanOpt\outputs\stage3_ppo_rl_lam_fea_addendum_v01\ppo_training\checkpoints\maskable_ppo_lam_scan_order_final.zip,v01,stochastic,efficiency,36,E:\Projects\RL-LAM-ScanOpt\cae_model\stage3_ppo_final_expansion_224_to_320_batch224_v01\final_expansion_batch02\N12\PPOFINAL_N12_B036_efficiency,J2D_PPOFINAL_N12_B036_efficiency,E:\Projects\RL-LAM-ScanOpt\cae_model\stage3_ppo_final_expansion_224_to_320_batch224_v01\final_expansion_batch02\N12\PPOFINAL_N12_B036_efficiency\J2D_PPOFINAL_N12_B036_efficiency.cae,E:\Projects\RL-LAM-ScanOpt\cae_model\stage3_ppo_final_expansion_224_to_320_batch224_v01\final_expansion_batch02\N12\PPOFINAL_N12_B036_efficiency\J2D_PPOFINAL_N12_B036_efficiency.inp,E:\Projects\RL-LAM-ScanOpt\cae_model\stage3_ppo_final_expansion_224_to_320_batch224_v01\final_expansion_batch02\N12\PPOFINAL_N12_B036_efficiency\J2D_PPOFINAL_N12_B036_efficiency.jnl,E:\Projects\RL-LAM-ScanOpt\cae_model\stage3_ppo_final_expansion_224_to_320_batch224_v01\final_expansion_batch02\N12\PPOFINAL_N12_B036_efficiency\J2D_PPOFINAL_N12_B036_efficiency_stageU_generation_log.json,E:\Projects\RL-LAM-ScanOpt\cae_model\12track_full\sanity_base\12track_sanity_base.cae,stage3_ppo_final_expansion_224_to_320_batch224_v01,False,False,final expansion PPO candidate; not physically validated yet.,0.6799541525506227,3.363636363636364,8.0,4,0.0909090909090909,37.0,4.231404958677687,-0.2148760330578512,0.3152733192177219,4.0,4,4.0,odd_even
final_expansion_batch02,PPOFINAL_N12_B037_efficiency,12,E:\Projects\RL-LAM-ScanOpt\cae_model\stage3_ppo_final_expansion_224_to_320_batch224_v01\final_expansion_batch02\N12\PPOFINAL_N12_B037_efficiency\scan_order_PPOFINAL_N12_B037_efficiency.json,E:\Projects\RL-LAM-ScanOpt\outputs\stage3_ppo_final_expansion_224_to_320\selected_candidates\scan_orders\scan_order_PPOFINAL_N12_B037_efficiency.json,"[11,3,1,9,7,5,2,0,4,6,8,10]","11,3,1,9,7,5,2,0,4,6,8,10",b8d668f55850ae91,PPO_final_expansion_checkpoint_inference,E:\Projects\RL-LAM-ScanOpt\outputs\stage3_ppo_rl_lam_fea_addendum_v01\ppo_training\checkpoints\maskable_ppo_lam_scan_order_final.zip,v01,stochastic,efficiency,37,E:\Projects\RL-LAM-ScanOpt\cae_model\stage3_ppo_final_expansion_224_to_320_batch224_v01\final_expansion_batch02\N12\PPOFINAL_N12_B037_efficiency,J2D_PPOFINAL_N12_B037_efficiency,E:\Projects\RL-LAM-ScanOpt\cae_model\stage3_ppo_final_expansion_224_to_320_batch224_v01\final_expansion_batch02\N12\PPOFINAL_N12_B037_efficiency\J2D_PPOFINAL_N12_B037_efficiency.cae,E:\Projects\RL-LAM-ScanOpt\cae_model\stage3_ppo_final_expansion_224_to_320_batch224_v01\final_expansion_batch02\N12\PPOFINAL_N12_B037_efficiency\J2D_PPOFINAL_N12_B037_efficiency.inp,E:\Projects\RL-LAM-ScanOpt\cae_model\stage3_ppo_final_expansion_224_to_320_batch224_v01\final_expansion_batch02\N12\PPOFINAL_N12_B037_efficiency\J2D_PPOFINAL_N12_B037_efficiency.jnl,E:\Projects\RL-LAM-ScanOpt\cae_model\stage3_ppo_final_expansion_224_to_320_batch224_v01\final_expansion_batch02\N12\PPOFINAL_N12_B037_efficiency\J2D_PPOFINAL_N12_B037_efficiency_stageU_generation_log.json,E:\Projects\RL-LAM-ScanOpt\cae_model\12track_full\sanity_base\12track_sanity_base.cae,stage3_ppo_final_expansion_224_to_320_batch224_v01,False,False,final expansion PPO candidate; not physically validated yet.,0.6445933750336242,3.363636363636364,8.0,3,0.0,37.0,5.140495867768596,-0.3057851239669422,0.3227864672267377,5.0,5,7.0,odd_even
final_expansion_batch02,PPOFINAL_N12_B038_efficiency,12,E:\Projects\RL-LAM-ScanOpt\cae_model\stage3_ppo_final_expansion_224_to_320_batch224_v01\final_expansion_batch02\N12\PPOFINAL_N12_B038_efficiency\scan_order_PPOFINAL_N12_B038_efficiency.json,E:\Projects\RL-LAM-ScanOpt\outputs\stage3_ppo_final_expansion_224_to_320\selected_candidates\scan_orders\scan_order_PPOFINAL_N12_B038_efficiency.json,"[11,1,3,9,7,5,2,0,4,6,8,10]","11,1,3,9,7,5,2,0,4,6,8,10",0281cd940a2fe6d9,PPO_final_expansion_checkpoint_inference,E:\Projects\RL-LAM-ScanOpt\outputs\stage3_ppo_rl_lam_fea_addendum_v01\ppo_training\checkpoints\maskable_ppo_lam_scan_order_final.zip,v01,stochastic,efficiency,38,E:\Projects\RL-LAM-ScanOpt\cae_model\stage3_ppo_final_expansion_224_to_320_batch224_v01\final_expansion_batch02\N12\PPOFINAL_N12_B038_efficiency,J2D_PPOFINAL_N12_B038_efficiency,E:\Projects\RL-LAM-ScanOpt\cae_model\stage3_ppo_final_expansion_224_to_320_batch224_v01\final_expansion_batch02\N12\PPOFINAL_N12_B038_efficiency\J2D_PPOFINAL_N12_B038_efficiency.cae,E:\Projects\RL-LAM-ScanOpt\cae_model\stage3_ppo_final_expansion_224_to_320_batch224_v01\final_expansion_batch02\N12\PPOFINAL_N12_B038_efficiency\J2D_PPOFINAL_N12_B038_efficiency.inp,E:\Projects\RL-LAM-ScanOpt\cae_model\stage3_ppo_final_expansion_224_to_320_batch224_v01\final_expansion_batch02\N12\PPOFINAL_N12_B038_efficiency\J2D_PPOFINAL_N12_B038_efficiency.jnl,E:\Projects\RL-LAM-ScanOpt\cae_model\stage3_ppo_final_expansion_224_to_320_batch224_v01\final_expansion_batch02\N12\PPOFINAL_N12_B038_efficiency\J2D_PPOFINAL_N12_B038_efficiency_stageU_generation_log.json,E:\Projects\RL-LAM-ScanOpt\cae_model\12track_full\sanity_base\12track_sanity_base.cae,stage3_ppo_final_expansion_224_to_320_batch224_v01,False,False,final expansion PPO candidate; not physically validated yet.,0.6702023966013158,3.363636363636364,10.0,3,0.0,37.0,5.867768595041324,-0.3057851239669422,0.3287969856339503,4.0,4,8.0,odd_even
final_expansion_batch02,PPOFINAL_N12_B039_efficiency,12,E:\Projects\RL-LAM-ScanOpt\cae_model\stage3_ppo_final_expansion_224_to_320_batch224_v01\final_expansion_batch02\N12\PPOFINAL_N12_B039_efficiency\scan_order_PPOFINAL_N12_B039_efficiency.json,E:\Projects\RL-LAM-ScanOpt\outputs\stage3_ppo_final_expansion_224_to_320\selected_candidates\scan_orders\scan_order_PPOFINAL_N12_B039_efficiency.json,"[11,1,3,9,7,6,5,0,2,4,8,10]","11,1,3,9,7,6,5,0,2,4,8,10",caf58a70972ef4f4,PPO_final_expansion_checkpoint_inference,E:\Projects\RL-LAM-ScanOpt\outputs\stage3_ppo_rl_lam_fea_addendum_v01\ppo_training\checkpoints\maskable_ppo_lam_scan_order_final.zip,v01,stochastic,efficiency,39,E:\Projects\RL-LAM-ScanOpt\cae_model\stage3_ppo_final_expansion_224_to_320_batch224_v01\final_expansion_batch02\N12\PPOFINAL_N12_B039_efficiency,J2D_PPOFINAL_N12_B039_efficiency,E:\Projects\RL-LAM-ScanOpt\cae_model\stage3_ppo_final_expansion_224_to_320_batch224_v01\final_expansion_batch02\N12\PPOFINAL_N12_B039_efficiency\J2D_PPOFINAL_N12_B039_efficiency.cae,E:\Projects\RL-LAM-ScanOpt\cae_model\stage3_ppo_final_expansion_224_to_320_batch224_v01\final_expansion_batch02\N12\PPOFINAL_N12_B039_efficiency\J2D_PPOFINAL_N12_B039_efficiency.inp,E:\Projects\RL-LAM-ScanOpt\cae_model\stage3_ppo_final_expansion_224_to_320_batch224_v01\final_expansion_batch02\N12\PPOFINAL_N12_B039_efficiency\J2D_PPOFINAL_N12_B039_efficiency.jnl,E:\Projects\RL-LAM-ScanOpt\cae_model\stage3_ppo_final_expansion_224_to_320_batch224_v01\final_expansion_batch02\N12\PPOFINAL_N12_B039_efficiency\J2D_PPOFINAL_N12_B039_efficiency_stageU_generation_log.json,E:\Projects\RL-LAM-ScanOpt\cae_model\12track_full\sanity_base\12track_sanity_base.cae,stage3_ppo_final_expansion_224_to_320_batch224_v01,False,False,final expansion PPO candidate; not physically validated yet.,0.4780140278316179,3.363636363636364,10.0,4,0.1818181818181818,37.0,6.776859504132233,-0.1239669421487603,0.3363101336429661,7.0,7,10.0,odd_even
final_expansion_batch02,PPOFINAL_N12_B040_efficiency,12,E:\Projects\RL-LAM-ScanOpt\cae_model\stage3_ppo_final_expansion_224_to_320_batch224_v01\final_expansion_batch02\N12\PPOFINAL_N12_B040_efficiency\scan_order_PPOFINAL_N12_B040_efficiency.json,E:\Projects\RL-LAM-ScanOpt\outputs\stage3_ppo_final_expansion_224_to_320\selected_candidates\scan_orders\scan_order_PPOFINAL_N12_B040_efficiency.json,"[11,1,3,9,8,7,5,0,2,4,6,10]","11,1,3,9,8,7,5,0,2,4,6,10",60da2971c89ac202,PPO_final_expansion_checkpoint_inference,E:\Projects\RL-LAM-ScanOpt\outputs\stage3_ppo_rl_lam_fea_addendum_v01\ppo_training\checkpoints\maskable_ppo_lam_scan_order_final.zip,v01,stochastic,efficiency,40,E:\Projects\RL-LAM-ScanOpt\cae_model\stage3_ppo_final_expansion_224_to_320_batch224_v01\final_expansion_batch02\N12\PPOFINAL_N12_B040_efficiency,J2D_PPOFINAL_N12_B040_efficiency,E:\Projects\RL-LAM-ScanOpt\cae_model\stage3_ppo_final_expansion_224_to_320_batch224_v01\final_expansion_batch02\N12\PPOFINAL_N12_B040_efficiency\J2D_PPOFINAL_N12_B040_efficiency.cae,E:\Projects\RL-LAM-ScanOpt\cae_model\stage3_ppo_final_expansion_224_to_320_batch224_v01\final_expansion_batch02\N12\PPOFINAL_N12_B040_efficiency\J2D_PPOFINAL_N12_B040_efficiency.inp,E:\Projects\RL-LAM-ScanOpt\cae_model\stage3_ppo_final_expansion_224_to_320_batch224_v01\final_expansion_batch02\N12\PPOFINAL_N12_B040_efficiency\J2D_PPOFINAL_N12_B040_efficiency.jnl,E:\Projects\RL-LAM-ScanOpt\cae_model\stage3_ppo_final_expansion_224_to_320_batch224_v01\final_expansion_batch02\N12\PPOFINAL_N12_B040_efficiency\J2D_PPOFINAL_N12_B040_efficiency_stageU_generation_log.json,E:\Projects\RL-LAM-ScanOpt\cae_model\12track_full\sanity_base\12track_sanity_base.cae,stage3_ppo_final_expansion_224_to_320_batch224_v01,False,False,final expansion PPO candidate; not physically validated yet.,0.4170408023206977,3.363636363636364,10.0,4,0.1818181818181818,37.0,6.776859504132233,-0.1239669421487603,0.3363101336429661,8.0,8,11.0,raster
final_expansion_batch02,PPOFINAL_N12_B041_efficiency,12,E:\Projects\RL-LAM-ScanOpt\cae_model\stage3_ppo_final_expansion_224_to_320_batch224_v01\final_expansion_batch02\N12\PPOFINAL_N12_B041_efficiency\scan_order_PPOFINAL_N12_B041_efficiency.json,E:\Projects\RL-LAM-ScanOpt\outputs\stage3_ppo_final_expansion_224_to_320\selected_candidates\scan_orders\scan_order_PPOFINAL_N12_B041_efficiency.json,"[11,3,1,9,7,0,2,4,5,6,8,10]","11,3,1,9,7,0,2,4,5,6,8,10",42cd3f72e6aaa2fc,PPO_final_expansion_checkpoint_inference,E:\Projects\RL-LAM-ScanOpt\outputs\stage3_ppo_rl_lam_fea_addendum_v01\ppo_training\checkpoints\maskable_ppo_lam_scan_order_final.zip,v01,stochastic,efficiency,41,E:\Projects\RL-LAM-ScanOpt\cae_model\stage3_ppo_final_expansion_224_to_320_batch224_v01\final_expansion_batch02\N12\PPOFINAL_N12_B041_efficiency,J2D_PPOFINAL_N12_B041_efficiency,E:\Projects\RL-LAM-ScanOpt\cae_model\stage3_ppo_final_expansion_224_to_320_batch224_v01\final_expansion_batch02\N12\PPOFINAL_N12_B041_efficiency\J2D_PPOFINAL_N12_B041_efficiency.cae,E:\Projects\RL-LAM-ScanOpt\cae_model\stage3_ppo_final_expansion_224_to_320_batch224_v01\final_expansion_batch02\N12\PPOFINAL_N12_B041_efficiency\J2D_PPOFINAL_N12_B041_efficiency.inp,E:\Projects\RL-LAM-ScanOpt\cae_model\stage3_ppo_final_expansion_224_to_320_batch224_v01\final_expansion_batch02\N12\PPOFINAL_N12_B041_efficiency\J2D_PPOFINAL_N12_B041_efficiency.jnl,E:\Projects\RL-LAM-ScanOpt\cae_model\stage3_ppo_final_expansion_224_to_320_batch224_v01\final_expansion_batch02\N12\PPOFINAL_N12_B041_efficiency\J2D_PPOFINAL_N12_B041_efficiency_stageU_generation_log.json,E:\Projects\RL-LAM-ScanOpt\cae_model\12track_full\sanity_base\12track_sanity_base.cae,stage3_ppo_final_expansion_224_to_320_batch224_v01,False,False,final expansion PPO candidate; not physically validated yet.,0.6506879289201846,3.363636363636364,8.0,3,0.1818181818181818,37.0,7.140495867768595,-0.1239669421487603,0.3393153928465724,6.0,6,8.0,odd_even
final_expansion_batch02,PPOFINAL_N12_B042_novelty,12,E:\Projects\RL-LAM-ScanOpt\cae_model\stage3_ppo_final_expansion_224_to_320_batch224_v01\final_expansion_batch02\N12\PPOFINAL_N12_B042_novelty\scan_order_PPOFINAL_N12_B042_novelty.json,E:\Projects\RL-LAM-ScanOpt\outputs\stage3_ppo_final_expansion_224_to_320\selected_candidates\scan_orders\scan_order_PPOFINAL_N12_B042_novelty.json,"[11,3,1,7,9,0,2,4,5,6,8,10]","11,3,1,7,9,0,2,4,5,6,8,10",5623c97f5dcbd1a3,PPO_final_expansion_checkpoint_inference,E:\Projects\RL-LAM-ScanOpt\outputs\stage3_ppo_rl_lam_fea_addendum_v01\ppo_training\checkpoints\maskable_ppo_lam_scan_order_final.zip,v01,stochastic,novelty,42,E:\Projects\RL-LAM-ScanOpt\cae_model\stage3_ppo_final_expansion_224_to_320_batch224_v01\final_expansion_batch02\N12\PPOFINAL_N12_B042_novelty,J2D_PPOFINAL_N12_B042_novelty,E:\Projects\RL-LAM-ScanOpt\cae_model\stage3_ppo_final_expansion_224_to_320_batch224_v01\final_expansion_batch02\N12\PPOFINAL_N12_B042_novelty\J2D_PPOFINAL_N12_B042_novelty.cae,E:\Projects\RL-LAM-ScanOpt\cae_model\stage3_ppo_final_expansion_224_to_320_batch224_v01\final_expansion_batch02\N12\PPOFINAL_N12_B042_novelty\J2D_PPOFINAL_N12_B042_novelty.inp,E:\Projects\RL-LAM-ScanOpt\cae_model\stage3_ppo_final_expansion_224_to_320_batch224_v01\final_expansion_batch02\N12\PPOFINAL_N12_B042_novelty\J2D_PPOFINAL_N12_B042_novelty.jnl,E:\Projects\RL-LAM-ScanOpt\cae_model\stage3_ppo_final_expansion_224_to_320_batch224_v01\final_expansion_batch02\N12\PPOFINAL_N12_B042_novelty\J2D_PPOFINAL_N12_B042_novelty_stageU_generation_log.json,E:\Projects\RL-LAM-ScanOpt\cae_model\12track_full\sanity_base\12track_sanity_base.cae,stage3_ppo_final_expansion_224_to_320_batch224_v01,False,False,final expansion PPO candidate; not physically validated yet.,0.6585155488327996,3.363636363636364,9.0,3,0.1818181818181818,37.0,7.5041322314049586,-0.1239669421487603,0.3423206520501787,6.0,6,6.0,odd_even
final_expansion_batch02,PPOFINAL_N12_B043_novelty,12,E:\Projects\RL-LAM-ScanOpt\cae_model\stage3_ppo_final_expansion_224_to_320_batch224_v01\final_expansion_batch02\N12\PPOFINAL_N12_B043_novelty\scan_order_PPOFINAL_N12_B043_novelty.json,E:\Projects\RL-LAM-ScanOpt\outputs\stage3_ppo_final_expansion_224_to_320\selected_candidates\scan_orders\scan_order_PPOFINAL_N12_B043_novelty.json,"[11,1,3,9,7,0,2,4,5,6,8,10]","11,1,3,9,7,0,2,4,5,6,8,10",667cc0b2be39f4b7,PPO_final_expansion_checkpoint_inference,E:\Projects\RL-LAM-ScanOpt\outputs\stage3_ppo_rl_lam_fea_addendum_v01\ppo_training\checkpoints\maskable_ppo_lam_scan_order_final.zip,v01,stochastic,novelty,43,E:\Projects\RL-LAM-ScanOpt\cae_model\stage3_ppo_final_expansion_224_to_320_batch224_v01\final_expansion_batch02\N12\PPOFINAL_N12_B043_novelty,J2D_PPOFINAL_N12_B043_novelty,E:\Projects\RL-LAM-ScanOpt\cae_model\stage3_ppo_final_expansion_224_to_320_batch224_v01\final_expansion_batch02\N12\PPOFINAL_N12_B043_novelty\J2D_PPOFINAL_N12_B043_novelty.cae,E:\Projects\RL-LAM-ScanOpt\cae_model\stage3_ppo_final_expansion_224_to_320_batch224_v01\final_expansion_batch02\N12\PPOFINAL_N12_B043_novelty\J2D_PPOFINAL_N12_B043_novelty.inp,E:\Projects\RL-LAM-ScanOpt\cae_model\stage3_ppo_final_expansion_224_to_320_batch224_v01\final_expansion_batch02\N12\PPOFINAL_N12_B043_novelty\J2D_PPOFINAL_N12_B043_novelty.jnl,E:\Projects\RL-LAM-ScanOpt\cae_model\stage3_ppo_final_expansion_224_to_320_batch224_v01\final_expansion_batch02\N12\PPOFINAL_N12_B043_novelty\J2D_PPOFINAL_N12_B043_novelty_stageU_generation_log.json,E:\Projects\RL-LAM-ScanOpt\cae_model\12track_full\sanity_base\12track_sanity_base.cae,stage3_ppo_final_expansion_224_to_320_batch224_v01,False,False,final expansion PPO candidate; not physically validated yet.,0.6398432542189428,3.363636363636364,10.0,3,0.1818181818181818,37.0,7.867768595041323,-0.1239669421487603,0.345325911253785,6.0,6,9.0,odd_even
final_expansion_batch02,PPOFINAL_N12_B044_novelty,12,E:\Projects\RL-LAM-ScanOpt\cae_model\stage3_ppo_final_expansion_224_to_320_batch224_v01\final_expansion_batch02\N12\PPOFINAL_N12_B044_novelty\scan_order_PPOFINAL_N12_B044_novelty.json,E:\Projects\RL-LAM-ScanOpt\outputs\stage3_ppo_final_expansion_224_to_320\selected_candidates\scan_orders\scan_order_PPOFINAL_N12_B044_novelty.json,"[11,1,3,9,5,0,7,4,2,6,8,10]","11,1,3,9,5,0,7,4,2,6,8,10",7490c177c3657ed7,PPO_final_expansion_checkpoint_inference,E:\Projects\RL-LAM-ScanOpt\outputs\stage3_ppo_rl_lam_fea_addendum_v01\ppo_training\checkpoints\maskable_ppo_lam_scan_order_final.zip,v01,stochastic,novelty,44,E:\Projects\RL-LAM-ScanOpt\cae_model\stage3_ppo_final_expansion_224_to_320_batch224_v01\final_expansion_batch02\N12\PPOFINAL_N12_B044_novelty,J2D_PPOFINAL_N12_B044_novelty,E:\Projects\RL-LAM-ScanOpt\cae_model\stage3_ppo_final_expansion_224_to_320_batch224_v01\final_expansion_batch02\N12\PPOFINAL_N12_B044_novelty\J2D_PPOFINAL_N12_B044_novelty.cae,E:\Projects\RL-LAM-ScanOpt\cae_model\stage3_ppo_final_expansion_224_to_320_batch224_v01\final_expansion_batch02\N12\PPOFINAL_N12_B044_novelty\J2D_PPOFINAL_N12_B044_novelty.inp,E:\Projects\RL-LAM-ScanOpt\cae_model\stage3_ppo_final_expansion_224_to_320_batch224_v01\final_expansion_batch02\N12\PPOFINAL_N12_B044_novelty\J2D_PPOFINAL_N12_B044_novelty.jnl,E:\Projects\RL-LAM-ScanOpt\cae_model\stage3_ppo_final_expansion_224_to_320_batch224_v01\final_expansion_batch02\N12\PPOFINAL_N12_B044_novelty\J2D_PPOFINAL_N12_B044_novelty_stageU_generation_log.json,E:\Projects\RL-LAM-ScanOpt\cae_model\12track_full\sanity_base\12track_sanity_base.cae,stage3_ppo_final_expansion_224_to_320_batch224_v01,False,False,Stage T repair replacement from rollout pool; original duplicate physical order removed; not physically validated yet.,0.5530251329330956,4.2727272727272725,10.0,6,0.0,47.0,6.016528925619835,-0.3884297520661157,0.40578398561118323,6.0,6,9.0,odd_even
final_expansion_batch02,PPOFINAL_N12_B045_baseline_proximity,12,E:\Projects\RL-LAM-ScanOpt\cae_model\stage3_ppo_final_expansion_224_to_320_batch224_v01\final_expansion_batch02\N12\PPOFINAL_N12_B045_baseline_proximity\scan_order_PPOFINAL_N12_B045_baseline_proximity.json,E:\Projects\RL-LAM-ScanOpt\outputs\stage3_ppo_final_expansion_224_to_320\selected_candidates\scan_orders\scan_order_PPOFINAL_N12_B045_baseline_proximity.json,"[11,3,1,7,5,9,0,2,4,6,8,10]","11,3,1,7,5,9,0,2,4,6,8,10",d9d48697cbdeabff,PPO_final_expansion_checkpoint_inference,E:\Projects\RL-LAM-ScanOpt\outputs\stage3_ppo_rl_lam_fea_addendum_v01\ppo_training\checkpoints\maskable_ppo_lam_scan_order_final.zip,v01,stochastic,baseline_proximity,45,E:\Projects\RL-LAM-ScanOpt\cae_model\stage3_ppo_final_expansion_224_to_320_batch224_v01\final_expansion_batch02\N12\PPOFINAL_N12_B045_baseline_proximity,J2D_PPOFINAL_N12_B045_baseline_proximity,E:\Projects\RL-LAM-ScanOpt\cae_model\stage3_ppo_final_expansion_224_to_320_batch224_v01\final_expansion_batch02\N12\PPOFINAL_N12_B045_baseline_proximity\J2D_PPOFINAL_N12_B045_baseline_proximity.cae,E:\Projects\RL-LAM-ScanOpt\cae_model\stage3_ppo_final_expansion_224_to_320_batch224_v01\final_expansion_batch02\N12\PPOFINAL_N12_B045_baseline_proximity\J2D_PPOFINAL_N12_B045_baseline_proximity.inp,E:\Projects\RL-LAM-ScanOpt\cae_model\stage3_ppo_final_expansion_224_to_320_batch224_v01\final_expansion_batch02\N12\PPOFINAL_N12_B045_baseline_proximity\J2D_PPOFINAL_N12_B045_baseline_proximity.jnl,E:\Projects\RL-LAM-ScanOpt\cae_model\stage3_ppo_final_expansion_224_to_320_batch224_v01\final_expansion_batch02\N12\PPOFINAL_N12_B045_baseline_proximity\J2D_PPOFINAL_N12_B045_baseline_proximity_stageU_generation_log.json,E:\Projects\RL-LAM-ScanOpt\cae_model\12track_full\sanity_base\12track_sanity_base.cae,stage3_ppo_final_expansion_224_to_320_batch224_v01,False,False,final expansion PPO candidate; not physically validated yet.,0.734168139160716,3.727272727272727,9.0,4,0.0,41.0,6.561983471074381,-0.3388429752066115,0.3648373289620472,3.0,3,4.0,odd_even
final_expansion_batch02,PPOFINAL_N12_B046_baseline_proximity,12,E:\Projects\RL-LAM-ScanOpt\cae_model\stage3_ppo_final_expansion_224_to_320_batch224_v01\final_expansion_batch02\N12\PPOFINAL_N12_B046_baseline_proximity\scan_order_PPOFINAL_N12_B046_baseline_proximity.json,E:\Projects\RL-LAM-ScanOpt\outputs\stage3_ppo_final_expansion_224_to_320\selected_candidates\scan_orders\scan_order_PPOFINAL_N12_B046_baseline_proximity.json,"[3,11,1,7,9,5,0,2,4,6,8,10]","3,11,1,7,9,5,0,2,4,6,8,10",5f7d2403c1cdd71e,PPO_final_expansion_checkpoint_inference,E:\Projects\RL-LAM-ScanOpt\outputs\stage3_ppo_rl_lam_fea_addendum_v01\ppo_training\checkpoints\maskable_ppo_lam_scan_order_final.zip,v01,stochastic,baseline_proximity,46,E:\Projects\RL-LAM-ScanOpt\cae_model\stage3_ppo_final_expansion_224_to_320_batch224_v01\final_expansion_batch02\N12\PPOFINAL_N12_B046_baseline_proximity,J2D_PPOFINAL_N12_B046_baseline_proximity,E:\Projects\RL-LAM-ScanOpt\cae_model\stage3_ppo_final_expansion_224_to_320_batch224_v01\final_expansion_batch02\N12\PPOFINAL_N12_B046_baseline_proximity\J2D_PPOFINAL_N12_B046_baseline_proximity.cae,E:\Projects\RL-LAM-ScanOpt\cae_model\stage3_ppo_final_expansion_224_to_320_batch224_v01\final_expansion_batch02\N12\PPOFINAL_N12_B046_baseline_proximity\J2D_PPOFINAL_N12_B046_baseline_proximity.inp,E:\Projects\RL-LAM-ScanOpt\cae_model\stage3_ppo_final_expansion_224_to_320_batch224_v01\final_expansion_batch02\N12\PPOFINAL_N12_B046_baseline_proximity\J2D_PPOFINAL_N12_B046_baseline_proximity.jnl,E:\Projects\RL-LAM-ScanOpt\cae_model\stage3_ppo_final_expansion_224_to_320_batch224_v01\final_expansion_batch02\N12\PPOFINAL_N12_B046_baseline_proximity\J2D_PPOFINAL_N12_B046_baseline_proximity_stageU_generation_log.json,E:\Projects\RL-LAM-ScanOpt\cae_model\12track_full\sanity_base\12track_sanity_base.cae,stage3_ppo_final_expansion_224_to_320_batch224_v01,False,False,final expansion PPO candidate; not physically validated yet.,0.7175525424814981,4.090909090909091,10.0,5,0.0,45.0,7.355371900826444,-0.371900826446281,0.4016972884365821,3.0,3,4.0,odd_even
final_expansion_batch02,PPOFINAL_N12_B047_baseline_proximity,12,E:\Projects\RL-LAM-ScanOpt\cae_model\stage3_ppo_final_expansion_224_to_320_batch224_v01\final_expansion_batch02\N12\PPOFINAL_N12_B047_baseline_proximity\scan_order_PPOFINAL_N12_B047_baseline_proximity.json,E:\Projects\RL-LAM-ScanOpt\outputs\stage3_ppo_final_expansion_224_to_320\selected_candidates\scan_orders\scan_order_PPOFINAL_N12_B047_baseline_proximity.json,"[11,1,3,9,7,5,0,2,4,10,6,8]","11,1,3,9,7,5,0,2,4,10,6,8",a78982ae1aba990c,PPO_final_expansion_checkpoint_inference,E:\Projects\RL-LAM-ScanOpt\outputs\stage3_ppo_rl_lam_fea_addendum_v01\ppo_training\checkpoints\maskable_ppo_lam_scan_order_final.zip,v01,stochastic,baseline_proximity,47,E:\Projects\RL-LAM-ScanOpt\cae_model\stage3_ppo_final_expansion_224_to_320_batch224_v01\final_expansion_batch02\N12\PPOFINAL_N12_B047_baseline_proximity,J2D_PPOFINAL_N12_B047_baseline_proximity,E:\Projects\RL-LAM-ScanOpt\cae_model\stage3_ppo_final_expansion_224_to_320_batch224_v01\final_expansion_batch02\N12\PPOFINAL_N12_B047_baseline_proximity\J2D_PPOFINAL_N12_B047_baseline_proximity.cae,E:\Projects\RL-LAM-ScanOpt\cae_model\stage3_ppo_final_expansion_224_to_320_batch224_v01\final_expansion_batch02\N12\PPOFINAL_N12_B047_baseline_proximity\J2D_PPOFINAL_N12_B047_baseline_proximity.inp,E:\Projects\RL-LAM-ScanOpt\cae_model\stage3_ppo_final_expansion_224_to_320_batch224_v01\final_expansion_batch02\N12\PPOFINAL_N12_B047_baseline_proximity\J2D_PPOFINAL_N12_B047_baseline_proximity.jnl,E:\Projects\RL-LAM-ScanOpt\cae_model\stage3_ppo_final_expansion_224_to_320_batch224_v01\final_expansion_batch02\N12\PPOFINAL_N12_B047_baseline_proximity\J2D_PPOFINAL_N12_B047_baseline_proximity_stageU_generation_log.json,E:\Projects\RL-LAM-ScanOpt\cae_model\12track_full\sanity_base\12track_sanity_base.cae,stage3_ppo_final_expansion_224_to_320_batch224_v01,False,False,Stage T repair replacement from rollout pool; original duplicate physical order removed; not physically validated yet.,0.6753767838058995,3.909090909090909,10.0,5,0.0,43.0,6.264462809917356,-0.35537190082644626,0.3775299956742481,5.0,5,4.0,odd_even
final_expansion_batch02,PPOFINAL_N12_B048_baseline_proximity,12,E:\Projects\RL-LAM-ScanOpt\cae_model\stage3_ppo_final_expansion_224_to_320_batch224_v01\final_expansion_batch02\N12\PPOFINAL_N12_B048_baseline_proximity\scan_order_PPOFINAL_N12_B048_baseline_proximity.json,E:\Projects\RL-LAM-ScanOpt\outputs\stage3_ppo_final_expansion_224_to_320\selected_candidates\scan_orders\scan_order_PPOFINAL_N12_B048_baseline_proximity.json,"[11,1,3,7,9,5,0,2,6,4,8,10]","11,1,3,7,9,5,0,2,6,4,8,10",81374eb04629101e,PPO_final_expansion_checkpoint_inference,E:\Projects\RL-LAM-ScanOpt\outputs\stage3_ppo_rl_lam_fea_addendum_v01\ppo_training\checkpoints\maskable_ppo_lam_scan_order_final.zip,v01,stochastic,baseline_proximity,48,E:\Projects\RL-LAM-ScanOpt\cae_model\stage3_ppo_final_expansion_224_to_320_batch224_v01\final_expansion_batch02\N12\PPOFINAL_N12_B048_baseline_proximity,J2D_PPOFINAL_N12_B048_baseline_proximity,E:\Projects\RL-LAM-ScanOpt\cae_model\stage3_ppo_final_expansion_224_to_320_batch224_v01\final_expansion_batch02\N12\PPOFINAL_N12_B048_baseline_proximity\J2D_PPOFINAL_N12_B048_baseline_proximity.cae,E:\Projects\RL-LAM-ScanOpt\cae_model\stage3_ppo_final_expansion_224_to_320_batch224_v01\final_expansion_batch02\N12\PPOFINAL_N12_B048_baseline_proximity\J2D_PPOFINAL_N12_B048_baseline_proximity.inp,E:\Projects\RL-LAM-ScanOpt\cae_model\stage3_ppo_final_expansion_224_to_320_batch224_v01\final_expansion_batch02\N12\PPOFINAL_N12_B048_baseline_proximity\J2D_PPOFINAL_N12_B048_baseline_proximity.jnl,E:\Projects\RL-LAM-ScanOpt\cae_model\stage3_ppo_final_expansion_224_to_320_batch224_v01\final_expansion_batch02\N12\PPOFINAL_N12_B048_baseline_proximity\J2D_PPOFINAL_N12_B048_baseline_proximity_stageU_generation_log.json,E:\Projects\RL-LAM-ScanOpt\cae_model\12track_full\sanity_base\12track_sanity_base.cae,stage3_ppo_final_expansion_224_to_320_batch224_v01,False,False,Stage T repair replacement from rollout pool; original duplicate physical order removed; not physically validated yet.,0.6637800912299493,3.727272727272727,10.0,6,0.0,41.0,5.107438016528925,-0.33884297520661155,0.352816292147622,2.0,2,5.0,odd_even
final_expansion_batch02,PPOFINAL_N16_B049_diversity,16,E:\Projects\RL-LAM-ScanOpt\cae_model\stage3_ppo_final_expansion_224_to_320_batch224_v01\final_expansion_batch02\N16\PPOFINAL_N16_B049_diversity\scan_order_PPOFINAL_N16_B049_diversity.json,E:\Projects\RL-LAM-ScanOpt\outputs\stage3_ppo_final_expansion_224_to_320\selected_candidates\scan_orders\scan_order_PPOFINAL_N16_B049_diversity.json,"[11,3,1,15,9,7,13,5,0,2,4,6,8,10,12,14]","11,3,1,15,9,7,13,5,0,2,4,6,8,10,12,14",073d57ec3eee3249,PPO_final_expansion_checkpoint_inference,E:\Projects\RL-LAM-ScanOpt\outputs\stage3_ppo_rl_lam_fea_addendum_v01\ppo_training\checkpoints\maskable_ppo_lam_scan_order_final.zip,v01,stochastic,diversity,49,E:\Projects\RL-LAM-ScanOpt\cae_model\stage3_ppo_final_expansion_224_to_320_batch224_v01\final_expansion_batch02\N16\PPOFINAL_N16_B049_diversity,J2D_PPOFINAL_N16_B049_diversity,E:\Projects\RL-LAM-ScanOpt\cae_model\stage3_ppo_final_expansion_224_to_320_batch224_v01\final_expansion_batch02\N16\PPOFINAL_N16_B049_diversity\J2D_PPOFINAL_N16_B049_diversity.cae,E:\Projects\RL-LAM-ScanOpt\cae_model\stage3_ppo_final_expansion_224_to_320_batch224_v01\final_expansion_batch02\N16\PPOFINAL_N16_B049_diversity\J2D_PPOFINAL_N16_B049_diversity.inp,E:\Projects\RL-LAM-ScanOpt\cae_model\stage3_ppo_final_expansion_224_to_320_batch224_v01\final_expansion_batch02\N16\PPOFINAL_N16_B049_diversity\J2D_PPOFINAL_N16_B049_diversity.jnl,E:\Projects\RL-LAM-ScanOpt\cae_model\stage3_ppo_final_expansion_224_to_320_batch224_v01\final_expansion_batch02\N16\PPOFINAL_N16_B049_diversity\J2D_PPOFINAL_N16_B049_diversity_stageU_generation_log.json,E:\Projects\RL-LAM-ScanOpt\cae_model\16track_full\sanity_base\16track_sanity_base.cae,stage3_ppo_final_expansion_224_to_320_batch224_v01,False,False,final expansion PPO candidate; not physically validated yet.,0.8150226748347584,4.333333333333333,14.0,5,0.0,65.0,11.688888888888895,-0.2888888888888888,0.3227839506172839,9.0,9,5.0,odd_even
final_expansion_batch02,PPOFINAL_N16_B050_diversity,16,E:\Projects\RL-LAM-ScanOpt\cae_model\stage3_ppo_final_expansion_224_to_320_batch224_v01\final_expansion_batch02\N16\PPOFINAL_N16_B050_diversity\scan_order_PPOFINAL_N16_B050_diversity.json,E:\Projects\RL-LAM-ScanOpt\outputs\stage3_ppo_final_expansion_224_to_320\selected_candidates\scan_orders\scan_order_PPOFINAL_N16_B050_diversity.json,"[11,3,15,1,9,13,7,5,0,2,4,6,8,10,12,14]","11,3,15,1,9,13,7,5,0,2,4,6,8,10,12,14",58eb1df23533c9da,PPO_final_expansion_checkpoint_inference,E:\Projects\RL-LAM-ScanOpt\outputs\stage3_ppo_rl_lam_fea_addendum_v01\ppo_training\checkpoints\maskable_ppo_lam_scan_order_final.zip,v01,stochastic,diversity,50,E:\Projects\RL-LAM-ScanOpt\cae_model\stage3_ppo_final_expansion_224_to_320_batch224_v01\final_expansion_batch02\N16\PPOFINAL_N16_B050_diversity,J2D_PPOFINAL_N16_B050_diversity,E:\Projects\RL-LAM-ScanOpt\cae_model\stage3_ppo_final_expansion_224_to_320_batch224_v01\final_expansion_batch02\N16\PPOFINAL_N16_B050_diversity\J2D_PPOFINAL_N16_B050_diversity.cae,E:\Projects\RL-LAM-ScanOpt\cae_model\stage3_ppo_final_expansion_224_to_320_batch224_v01\final_expansion_batch02\N16\PPOFINAL_N16_B050_diversity\J2D_PPOFINAL_N16_B050_diversity.inp,E:\Projects\RL-LAM-ScanOpt\cae_model\stage3_ppo_final_expansion_224_to_320_batch224_v01\final_expansion_batch02\N16\PPOFINAL_N16_B050_diversity\J2D_PPOFINAL_N16_B050_diversity.jnl,E:\Projects\RL-LAM-ScanOpt\cae_model\stage3_ppo_final_expansion_224_to_320_batch224_v01\final_expansion_batch02\N16\PPOFINAL_N16_B050_diversity\J2D_PPOFINAL_N16_B050_diversity_stageU_generation_log.json,E:\Projects\RL-LAM-ScanOpt\cae_model\16track_full\sanity_base\16track_sanity_base.cae,stage3_ppo_final_expansion_224_to_320_batch224_v01,False,False,final expansion PPO candidate; not physically validated yet.,0.8127098341871903,4.866666666666666,14.0,5,0.0,73.0,14.782222222222218,-0.3244444444444444,0.3698654320987654,9.0,9,6.0,odd_even
final_expansion_batch02,PPOFINAL_N16_B051_diversity,16,E:\Projects\RL-LAM-ScanOpt\cae_model\stage3_ppo_final_expansion_224_to_320_batch224_v01\final_expansion_batch02\N16\PPOFINAL_N16_B051_diversity\scan_order_PPOFINAL_N16_B051_diversity.json,E:\Projects\RL-LAM-ScanOpt\outputs\stage3_ppo_final_expansion_224_to_320\selected_candidates\scan_orders\scan_order_PPOFINAL_N16_B051_diversity.json,"[11,3,1,15,7,13,9,5,0,2,4,6,8,10,12,14]","11,3,1,15,7,13,9,5,0,2,4,6,8,10,12,14",aeaf0c90fb86acd2,PPO_final_expansion_checkpoint_inference,E:\Projects\RL-LAM-ScanOpt\outputs\stage3_ppo_rl_lam_fea_addendum_v01\ppo_training\checkpoints\maskable_ppo_lam_scan_order_final.zip,v01,stochastic,diversity,51,E:\Projects\RL-LAM-ScanOpt\cae_model\stage3_ppo_final_expansion_224_to_320_batch224_v01\final_expansion_batch02\N16\PPOFINAL_N16_B051_diversity,J2D_PPOFINAL_N16_B051_diversity,E:\Projects\RL-LAM-ScanOpt\cae_model\stage3_ppo_final_expansion_224_to_320_batch224_v01\final_expansion_batch02\N16\PPOFINAL_N16_B051_diversity\J2D_PPOFINAL_N16_B051_diversity.cae,E:\Projects\RL-LAM-ScanOpt\cae_model\stage3_ppo_final_expansion_224_to_320_batch224_v01\final_expansion_batch02\N16\PPOFINAL_N16_B051_diversity\J2D_PPOFINAL_N16_B051_diversity.inp,E:\Projects\RL-LAM-ScanOpt\cae_model\stage3_ppo_final_expansion_224_to_320_batch224_v01\final_expansion_batch02\N16\PPOFINAL_N16_B051_diversity\J2D_PPOFINAL_N16_B051_diversity.jnl,E:\Projects\RL-LAM-ScanOpt\cae_model\stage3_ppo_final_expansion_224_to_320_batch224_v01\final_expansion_batch02\N16\PPOFINAL_N16_B051_diversity\J2D_PPOFINAL_N16_B051_diversity_stageU_generation_log.json,E:\Projects\RL-LAM-ScanOpt\cae_model\16track_full\sanity_base\16track_sanity_base.cae,stage3_ppo_final_expansion_224_to_320_batch224_v01,False,False,final expansion PPO candidate; not physically validated yet.,0.8106013832860884,4.333333333333333,14.0,4,0.0,65.0,11.155555555555562,-0.2888888888888888,0.3204135802469136,8.0,8,7.0,odd_even
final_expansion_batch02,PPOFINAL_N16_B052_efficiency,16,E:\Projects\RL-LAM-ScanOpt\cae_model\stage3_ppo_final_expansion_224_to_320_batch224_v01\final_expansion_batch02\N16\PPOFINAL_N16_B052_efficiency\scan_order_PPOFINAL_N16_B052_efficiency.json,E:\Projects\RL-LAM-ScanOpt\outputs\stage3_ppo_final_expansion_224_to_320\selected_candidates\scan_orders\scan_order_PPOFINAL_N16_B052_efficiency.json,"[11,1,3,15,13,9,7,5,4,0,2,6,8,10,12,14]","11,1,3,15,13,9,7,5,4,0,2,6,8,10,12,14",436b3a81f5c90541,PPO_final_expansion_checkpoint_inference,E:\Projects\RL-LAM-ScanOpt\outputs\stage3_ppo_rl_lam_fea_addendum_v01\ppo_training\checkpoints\maskable_ppo_lam_scan_order_final.zip,v01,stochastic,efficiency,52,E:\Projects\RL-LAM-ScanOpt\cae_model\stage3_ppo_final_expansion_224_to_320_batch224_v01\final_expansion_batch02\N16\PPOFINAL_N16_B052_efficiency,J2D_PPOFINAL_N16_B052_efficiency,E:\Projects\RL-LAM-ScanOpt\cae_model\stage3_ppo_final_expansion_224_to_320_batch224_v01\final_expansion_batch02\N16\PPOFINAL_N16_B052_efficiency\J2D_PPOFINAL_N16_B052_efficiency.cae,E:\Projects\RL-LAM-ScanOpt\cae_model\stage3_ppo_final_expansion_224_to_320_batch224_v01\final_expansion_batch02\N16\PPOFINAL_N16_B052_efficiency\J2D_PPOFINAL_N16_B052_efficiency.inp,E:\Projects\RL-LAM-ScanOpt\cae_model\stage3_ppo_final_expansion_224_to_320_batch224_v01\final_expansion_batch02\N16\PPOFINAL_N16_B052_efficiency\J2D_PPOFINAL_N16_B052_efficiency.jnl,E:\Projects\RL-LAM-ScanOpt\cae_model\stage3_ppo_final_expansion_224_to_320_batch224_v01\final_expansion_batch02\N16\PPOFINAL_N16_B052_efficiency\J2D_PPOFINAL_N16_B052_efficiency_stageU_generation_log.json,E:\Projects\RL-LAM-ScanOpt\cae_model\16track_full\sanity_base\16track_sanity_base.cae,stage3_ppo_final_expansion_224_to_320_batch224_v01,False,False,final expansion PPO candidate; not physically validated yet.,0.8853237620998888,3.533333333333333,12.0,2,0.0666666666666666,53.0,9.448888888888892,-0.1688888888888888,0.2628283950617284,8.0,8,11.0,odd_even
final_expansion_batch02,PPOFINAL_N16_B053_efficiency,16,E:\Projects\RL-LAM-ScanOpt\cae_model\stage3_ppo_final_expansion_224_to_320_batch224_v01\final_expansion_batch02\N16\PPOFINAL_N16_B053_efficiency\scan_order_PPOFINAL_N16_B053_efficiency.json,E:\Projects\RL-LAM-ScanOpt\outputs\stage3_ppo_final_expansion_224_to_320\selected_candidates\scan_orders\scan_order_PPOFINAL_N16_B053_efficiency.json,"[11,1,3,15,13,9,7,6,5,0,2,4,8,10,12,14]","11,1,3,15,13,9,7,6,5,0,2,4,8,10,12,14",8515e741ab7b471c,PPO_final_expansion_checkpoint_inference,E:\Projects\RL-LAM-ScanOpt\outputs\stage3_ppo_rl_lam_fea_addendum_v01\ppo_training\checkpoints\maskable_ppo_lam_scan_order_final.zip,v01,stochastic,efficiency,53,E:\Projects\RL-LAM-ScanOpt\cae_model\stage3_ppo_final_expansion_224_to_320_batch224_v01\final_expansion_batch02\N16\PPOFINAL_N16_B053_efficiency,J2D_PPOFINAL_N16_B053_efficiency,E:\Projects\RL-LAM-ScanOpt\cae_model\stage3_ppo_final_expansion_224_to_320_batch224_v01\final_expansion_batch02\N16\PPOFINAL_N16_B053_efficiency\J2D_PPOFINAL_N16_B053_efficiency.cae,E:\Projects\RL-LAM-ScanOpt\cae_model\stage3_ppo_final_expansion_224_to_320_batch224_v01\final_expansion_batch02\N16\PPOFINAL_N16_B053_efficiency\J2D_PPOFINAL_N16_B053_efficiency.inp,E:\Projects\RL-LAM-ScanOpt\cae_model\stage3_ppo_final_expansion_224_to_320_batch224_v01\final_expansion_batch02\N16\PPOFINAL_N16_B053_efficiency\J2D_PPOFINAL_N16_B053_efficiency.jnl,E:\Projects\RL-LAM-ScanOpt\cae_model\stage3_ppo_final_expansion_224_to_320_batch224_v01\final_expansion_batch02\N16\PPOFINAL_N16_B053_efficiency\J2D_PPOFINAL_N16_B053_efficiency_stageU_generation_log.json,E:\Projects\RL-LAM-ScanOpt\cae_model\16track_full\sanity_base\16track_sanity_base.cae,stage3_ppo_final_expansion_224_to_320_batch224_v01,False,False,final expansion PPO candidate; not physically validated yet.,0.7128827737396948,3.533333333333333,12.0,2,0.1333333333333333,53.0,9.848888888888892,-0.1022222222222222,0.2646061728395061,9.0,9,12.0,odd_even
final_expansion_batch02,PPOFINAL_N16_B054_efficiency,16,E:\Projects\RL-LAM-ScanOpt\cae_model\stage3_ppo_final_expansion_224_to_320_batch224_v01\final_expansion_batch02\N16\PPOFINAL_N16_B054_efficiency\scan_order_PPOFINAL_N16_B054_efficiency.json,E:\Projects\RL-LAM-ScanOpt\outputs\stage3_ppo_final_expansion_224_to_320\selected_candidates\scan_orders\scan_order_PPOFINAL_N16_B054_efficiency.json,"[11,1,3,15,13,9,7,0,2,4,5,6,8,10,12,14]","11,1,3,15,13,9,7,0,2,4,5,6,8,10,12,14",6721460107841a59,PPO_final_expansion_checkpoint_inference,E:\Projects\RL-LAM-ScanOpt\outputs\stage3_ppo_rl_lam_fea_addendum_v01\ppo_training\checkpoints\maskable_ppo_lam_scan_order_final.zip,v01,stochastic,efficiency,54,E:\Projects\RL-LAM-ScanOpt\cae_model\stage3_ppo_final_expansion_224_to_320_batch224_v01\final_expansion_batch02\N16\PPOFINAL_N16_B054_efficiency,J2D_PPOFINAL_N16_B054_efficiency,E:\Projects\RL-LAM-ScanOpt\cae_model\stage3_ppo_final_expansion_224_to_320_batch224_v01\final_expansion_batch02\N16\PPOFINAL_N16_B054_efficiency\J2D_PPOFINAL_N16_B054_efficiency.cae,E:\Projects\RL-LAM-ScanOpt\cae_model\stage3_ppo_final_expansion_224_to_320_batch224_v01\final_expansion_batch02\N16\PPOFINAL_N16_B054_efficiency\J2D_PPOFINAL_N16_B054_efficiency.inp,E:\Projects\RL-LAM-ScanOpt\cae_model\stage3_ppo_final_expansion_224_to_320_batch224_v01\final_expansion_batch02\N16\PPOFINAL_N16_B054_efficiency\J2D_PPOFINAL_N16_B054_efficiency.jnl,E:\Projects\RL-LAM-ScanOpt\cae_model\stage3_ppo_final_expansion_224_to_320_batch224_v01\final_expansion_batch02\N16\PPOFINAL_N16_B054_efficiency\J2D_PPOFINAL_N16_B054_efficiency_stageU_generation_log.json,E:\Projects\RL-LAM-ScanOpt\cae_model\16track_full\sanity_base\16track_sanity_base.cae,stage3_ppo_final_expansion_224_to_320_batch224_v01,False,False,final expansion PPO candidate; not physically validated yet.,0.6659787793634021,3.533333333333333,12.0,3,0.1333333333333333,53.0,10.648888888888894,-0.1022222222222222,0.2681617283950617,8.0,8,11.0,odd_even
final_expansion_batch02,PPOFINAL_N16_B055_efficiency,16,E:\Projects\RL-LAM-ScanOpt\cae_model\stage3_ppo_final_expansion_224_to_320_batch224_v01\final_expansion_batch02\N16\PPOFINAL_N16_B055_efficiency\scan_order_PPOFINAL_N16_B055_efficiency.json,E:\Projects\RL-LAM-ScanOpt\outputs\stage3_ppo_final_expansion_224_to_320\selected_candidates\scan_orders\scan_order_PPOFINAL_N16_B055_efficiency.json,"[11,1,3,15,13,9,7,8,5,0,2,4,6,10,12,14]","11,1,3,15,13,9,7,8,5,0,2,4,6,10,12,14",d37150b5de1daa27,PPO_final_expansion_checkpoint_inference,E:\Projects\RL-LAM-ScanOpt\outputs\stage3_ppo_rl_lam_fea_addendum_v01\ppo_training\checkpoints\maskable_ppo_lam_scan_order_final.zip,v01,stochastic,efficiency,55,E:\Projects\RL-LAM-ScanOpt\cae_model\stage3_ppo_final_expansion_224_to_320_batch224_v01\final_expansion_batch02\N16\PPOFINAL_N16_B055_efficiency,J2D_PPOFINAL_N16_B055_efficiency,E:\Projects\RL-LAM-ScanOpt\cae_model\stage3_ppo_final_expansion_224_to_320_batch224_v01\final_expansion_batch02\N16\PPOFINAL_N16_B055_efficiency\J2D_PPOFINAL_N16_B055_efficiency.cae,E:\Projects\RL-LAM-ScanOpt\cae_model\stage3_ppo_final_expansion_224_to_320_batch224_v01\final_expansion_batch02\N16\PPOFINAL_N16_B055_efficiency\J2D_PPOFINAL_N16_B055_efficiency.inp,E:\Projects\RL-LAM-ScanOpt\cae_model\stage3_ppo_final_expansion_224_to_320_batch224_v01\final_expansion_batch02\N16\PPOFINAL_N16_B055_efficiency\J2D_PPOFINAL_N16_B055_efficiency.jnl,E:\Projects\RL-LAM-ScanOpt\cae_model\stage3_ppo_final_expansion_224_to_320_batch224_v01\final_expansion_batch02\N16\PPOFINAL_N16_B055_efficiency\J2D_PPOFINAL_N16_B055_efficiency_stageU_generation_log.json,E:\Projects\RL-LAM-ScanOpt\cae_model\16track_full\sanity_base\16track_sanity_base.cae,stage3_ppo_final_expansion_224_to_320_batch224_v01,False,False,Stage T repair replacement from rollout pool; original duplicate physical order removed; not physically validated yet.,0.6151475828613433,3.6666666666666665,12.0,2,0.06666666666666667,55.0,9.42222222222222,-0.17777777777777776,0.2710432098765432,10.0,10,11.0,odd_even
final_expansion_batch02,PPOFINAL_N16_B056_efficiency,16,E:\Projects\RL-LAM-ScanOpt\cae_model\stage3_ppo_final_expansion_224_to_320_batch224_v01\final_expansion_batch02\N16\PPOFINAL_N16_B056_efficiency\scan_order_PPOFINAL_N16_B056_efficiency.json,E:\Projects\RL-LAM-ScanOpt\outputs\stage3_ppo_final_expansion_224_to_320\selected_candidates\scan_orders\scan_order_PPOFINAL_N16_B056_efficiency.json,"[11,3,1,15,13,9,7,6,5,0,2,4,8,10,12,14]","11,3,1,15,13,9,7,6,5,0,2,4,8,10,12,14",bc8f954b3d0328f0,PPO_final_expansion_checkpoint_inference,E:\Projects\RL-LAM-ScanOpt\outputs\stage3_ppo_rl_lam_fea_addendum_v01\ppo_training\checkpoints\maskable_ppo_lam_scan_order_final.zip,v01,stochastic,efficiency,56,E:\Projects\RL-LAM-ScanOpt\cae_model\stage3_ppo_final_expansion_224_to_320_batch224_v01\final_expansion_batch02\N16\PPOFINAL_N16_B056_efficiency,J2D_PPOFINAL_N16_B056_efficiency,E:\Projects\RL-LAM-ScanOpt\cae_model\stage3_ppo_final_expansion_224_to_320_batch224_v01\final_expansion_batch02\N16\PPOFINAL_N16_B056_efficiency\J2D_PPOFINAL_N16_B056_efficiency.cae,E:\Projects\RL-LAM-ScanOpt\cae_model\stage3_ppo_final_expansion_224_to_320_batch224_v01\final_expansion_batch02\N16\PPOFINAL_N16_B056_efficiency\J2D_PPOFINAL_N16_B056_efficiency.inp,E:\Projects\RL-LAM-ScanOpt\cae_model\stage3_ppo_final_expansion_224_to_320_batch224_v01\final_expansion_batch02\N16\PPOFINAL_N16_B056_efficiency\J2D_PPOFINAL_N16_B056_efficiency.jnl,E:\Projects\RL-LAM-ScanOpt\cae_model\stage3_ppo_final_expansion_224_to_320_batch224_v01\final_expansion_batch02\N16\PPOFINAL_N16_B056_efficiency\J2D_PPOFINAL_N16_B056_efficiency_stageU_generation_log.json,E:\Projects\RL-LAM-ScanOpt\cae_model\16track_full\sanity_base\16track_sanity_base.cae,stage3_ppo_final_expansion_224_to_320_batch224_v01,False,False,final expansion PPO candidate; not physically validated yet.,0.6384233564014065,3.533333333333333,14.0,2,0.1333333333333333,53.0,10.915555555555558,-0.1022222222222222,0.2693469135802469,11.0,11,11.0,odd_even
final_expansion_batch02,PPOFINAL_N16_B057_efficiency,16,E:\Projects\RL-LAM-ScanOpt\cae_model\stage3_ppo_final_expansion_224_to_320_batch224_v01\final_expansion_batch02\N16\PPOFINAL_N16_B057_efficiency\scan_order_PPOFINAL_N16_B057_efficiency.json,E:\Projects\RL-LAM-ScanOpt\outputs\stage3_ppo_final_expansion_224_to_320\selected_candidates\scan_orders\scan_order_PPOFINAL_N16_B057_efficiency.json,"[11,3,1,15,13,9,7,0,2,4,5,6,8,10,12,14]","11,3,1,15,13,9,7,0,2,4,5,6,8,10,12,14",f3e4673ddd5dcaac,PPO_final_expansion_checkpoint_inference,E:\Projects\RL-LAM-ScanOpt\outputs\stage3_ppo_rl_lam_fea_addendum_v01\ppo_training\checkpoints\maskable_ppo_lam_scan_order_final.zip,v01,stochastic,efficiency,57,E:\Projects\RL-LAM-ScanOpt\cae_model\stage3_ppo_final_expansion_224_to_320_batch224_v01\final_expansion_batch02\N16\PPOFINAL_N16_B057_efficiency,J2D_PPOFINAL_N16_B057_efficiency,E:\Projects\RL-LAM-ScanOpt\cae_model\stage3_ppo_final_expansion_224_to_320_batch224_v01\final_expansion_batch02\N16\PPOFINAL_N16_B057_efficiency\J2D_PPOFINAL_N16_B057_efficiency.cae,E:\Projects\RL-LAM-ScanOpt\cae_model\stage3_ppo_final_expansion_224_to_320_batch224_v01\final_expansion_batch02\N16\PPOFINAL_N16_B057_efficiency\J2D_PPOFINAL_N16_B057_efficiency.inp,E:\Projects\RL-LAM-ScanOpt\cae_model\stage3_ppo_final_expansion_224_to_320_batch224_v01\final_expansion_batch02\N16\PPOFINAL_N16_B057_efficiency\J2D_PPOFINAL_N16_B057_efficiency.jnl,E:\Projects\RL-LAM-ScanOpt\cae_model\stage3_ppo_final_expansion_224_to_320_batch224_v01\final_expansion_batch02\N16\PPOFINAL_N16_B057_efficiency\J2D_PPOFINAL_N16_B057_efficiency_stageU_generation_log.json,E:\Projects\RL-LAM-ScanOpt\cae_model\16track_full\sanity_base\16track_sanity_base.cae,stage3_ppo_final_expansion_224_to_320_batch224_v01,False,False,Stage T repair replacement from rollout pool; original duplicate physical order removed; not physically validated yet.,0.6215201728808266,3.533333333333333,14.0,3,0.13333333333333333,53.0,11.71555555555556,-0.10222222222222221,0.27290246913580246,10.0,10,11.0,odd_even
final_expansion_batch02,PPOFINAL_N16_B058_novelty,16,E:\Projects\RL-LAM-ScanOpt\cae_model\stage3_ppo_final_expansion_224_to_320_batch224_v01\final_expansion_batch02\N16\PPOFINAL_N16_B058_novelty\scan_order_PPOFINAL_N16_B058_novelty.json,E:\Projects\RL-LAM-ScanOpt\outputs\stage3_ppo_final_expansion_224_to_320\selected_candidates\scan_orders\scan_order_PPOFINAL_N16_B058_novelty.json,"[11,1,3,15,13,9,14,7,6,5,0,2,4,8,10,12]","11,1,3,15,13,9,14,7,6,5,0,2,4,8,10,12",35c1c503a5e47f3c,PPO_final_expansion_checkpoint_inference,E:\Projects\RL-LAM-ScanOpt\outputs\stage3_ppo_rl_lam_fea_addendum_v01\ppo_training\checkpoints\maskable_ppo_lam_scan_order_final.zip,v01,stochastic,novelty,58,E:\Projects\RL-LAM-ScanOpt\cae_model\stage3_ppo_final_expansion_224_to_320_batch224_v01\final_expansion_batch02\N16\PPOFINAL_N16_B058_novelty,J2D_PPOFINAL_N16_B058_novelty,E:\Projects\RL-LAM-ScanOpt\cae_model\stage3_ppo_final_expansion_224_to_320_batch224_v01\final_expansion_batch02\N16\PPOFINAL_N16_B058_novelty\J2D_PPOFINAL_N16_B058_novelty.cae,E:\Projects\RL-LAM-ScanOpt\cae_model\stage3_ppo_final_expansion_224_to_320_batch224_v01\final_expansion_batch02\N16\PPOFINAL_N16_B058_novelty\J2D_PPOFINAL_N16_B058_novelty.inp,E:\Projects\RL-LAM-ScanOpt\cae_model\stage3_ppo_final_expansion_224_to_320_batch224_v01\final_expansion_batch02\N16\PPOFINAL_N16_B058_novelty\J2D_PPOFINAL_N16_B058_novelty.jnl,E:\Projects\RL-LAM-ScanOpt\cae_model\stage3_ppo_final_expansion_224_to_320_batch224_v01\final_expansion_batch02\N16\PPOFINAL_N16_B058_novelty\J2D_PPOFINAL_N16_B058_novelty_stageU_generation_log.json,E:\Projects\RL-LAM-ScanOpt\cae_model\16track_full\sanity_base\16track_sanity_base.cae,stage3_ppo_final_expansion_224_to_320_batch224_v01,False,False,final expansion PPO candidate; not physically validated yet.,0.4292648633425429,4.066666666666666,12.0,3,0.1333333333333333,61.0,10.195555555555554,-0.1377777777777777,0.2994802469135802,13.0,13,14.0,raster
final_expansion_batch02,PPOFINAL_N16_B059_novelty,16,E:\Projects\RL-LAM-ScanOpt\cae_model\stage3_ppo_final_expansion_224_to_320_batch224_v01\final_expansion_batch02\N16\PPOFINAL_N16_B059_novelty\scan_order_PPOFINAL_N16_B059_novelty.json,E:\Projects\RL-LAM-ScanOpt\outputs\stage3_ppo_final_expansion_224_to_320\selected_candidates\scan_orders\scan_order_PPOFINAL_N16_B059_novelty.json,"[11,3,1,15,13,9,7,5,0,2,6,4,8,10,14,12]","11,3,1,15,13,9,7,5,0,2,6,4,8,10,14,12",6f8308ffda1ff9c8,PPO_final_expansion_checkpoint_inference,E:\Projects\RL-LAM-ScanOpt\outputs\stage3_ppo_rl_lam_fea_addendum_v01\ppo_training\checkpoints\maskable_ppo_lam_scan_order_final.zip,v01,stochastic,novelty,59,E:\Projects\RL-LAM-ScanOpt\cae_model\stage3_ppo_final_expansion_224_to_320_batch224_v01\final_expansion_batch02\N16\PPOFINAL_N16_B059_novelty,J2D_PPOFINAL_N16_B059_novelty,E:\Projects\RL-LAM-ScanOpt\cae_model\stage3_ppo_final_expansion_224_to_320_batch224_v01\final_expansion_batch02\N16\PPOFINAL_N16_B059_novelty\J2D_PPOFINAL_N16_B059_novelty.cae,E:\Projects\RL-LAM-ScanOpt\cae_model\stage3_ppo_final_expansion_224_to_320_batch224_v01\final_expansion_batch02\N16\PPOFINAL_N16_B059_novelty\J2D_PPOFINAL_N16_B059_novelty.inp,E:\Projects\RL-LAM-ScanOpt\cae_model\stage3_ppo_final_expansion_224_to_320_batch224_v01\final_expansion_batch02\N16\PPOFINAL_N16_B059_novelty\J2D_PPOFINAL_N16_B059_novelty.jnl,E:\Projects\RL-LAM-ScanOpt\cae_model\stage3_ppo_final_expansion_224_to_320_batch224_v01\final_expansion_batch02\N16\PPOFINAL_N16_B059_novelty\J2D_PPOFINAL_N16_B059_novelty_stageU_generation_log.json,E:\Projects\RL-LAM-ScanOpt\cae_model\16track_full\sanity_base\16track_sanity_base.cae,stage3_ppo_final_expansion_224_to_320_batch224_v01,False,False,final expansion PPO candidate; not physically validated yet.,0.8057607021419534,3.933333333333333,14.0,2,0.0,59.0,9.928888888888888,-0.2622222222222222,0.2899617283950617,12.0,12,11.0,odd_even
final_expansion_batch02,PPOFINAL_N16_B060_novelty,16,E:\Projects\RL-LAM-ScanOpt\cae_model\stage3_ppo_final_expansion_224_to_320_batch224_v01\final_expansion_batch02\N16\PPOFINAL_N16_B060_novelty\scan_order_PPOFINAL_N16_B060_novelty.json,E:\Projects\RL-LAM-ScanOpt\outputs\stage3_ppo_final_expansion_224_to_320\selected_candidates\scan_orders\scan_order_PPOFINAL_N16_B060_novelty.json,"[11,3,1,15,9,13,7,5,0,2,4,6,8,12,14,10]","11,3,1,15,9,13,7,5,0,2,4,6,8,12,14,10",80e5e028a54bbd32,PPO_final_expansion_checkpoint_inference,E:\Projects\RL-LAM-ScanOpt\outputs\stage3_ppo_rl_lam_fea_addendum_v01\ppo_training\checkpoints\maskable_ppo_lam_scan_order_final.zip,v01,stochastic,novelty,60,E:\Projects\RL-LAM-ScanOpt\cae_model\stage3_ppo_final_expansion_224_to_320_batch224_v01\final_expansion_batch02\N16\PPOFINAL_N16_B060_novelty,J2D_PPOFINAL_N16_B060_novelty,E:\Projects\RL-LAM-ScanOpt\cae_model\stage3_ppo_final_expansion_224_to_320_batch224_v01\final_expansion_batch02\N16\PPOFINAL_N16_B060_novelty\J2D_PPOFINAL_N16_B060_novelty.cae,E:\Projects\RL-LAM-ScanOpt\cae_model\stage3_ppo_final_expansion_224_to_320_batch224_v01\final_expansion_batch02\N16\PPOFINAL_N16_B060_novelty\J2D_PPOFINAL_N16_B060_novelty.inp,E:\Projects\RL-LAM-ScanOpt\cae_model\stage3_ppo_final_expansion_224_to_320_batch224_v01\final_expansion_batch02\N16\PPOFINAL_N16_B060_novelty\J2D_PPOFINAL_N16_B060_novelty.jnl,E:\Projects\RL-LAM-ScanOpt\cae_model\stage3_ppo_final_expansion_224_to_320_batch224_v01\final_expansion_batch02\N16\PPOFINAL_N16_B060_novelty\J2D_PPOFINAL_N16_B060_novelty_stageU_generation_log.json,E:\Projects\RL-LAM-ScanOpt\cae_model\16track_full\sanity_base\16track_sanity_base.cae,stage3_ppo_final_expansion_224_to_320_batch224_v01,False,False,final expansion PPO candidate; not physically validated yet.,0.7789412718530523,4.333333333333333,14.0,4,0.0,65.0,10.088888888888894,-0.2888888888888888,0.3156728395061728,12.0,12,9.0,odd_even
final_expansion_batch02,PPOFINAL_N16_B061_baseline_proximity,16,E:\Projects\RL-LAM-ScanOpt\cae_model\stage3_ppo_final_expansion_224_to_320_batch224_v01\final_expansion_batch02\N16\PPOFINAL_N16_B061_baseline_proximity\scan_order_PPOFINAL_N16_B061_baseline_proximity.json,E:\Projects\RL-LAM-ScanOpt\outputs\stage3_ppo_final_expansion_224_to_320\selected_candidates\scan_orders\scan_order_PPOFINAL_N16_B061_baseline_proximity.json,"[11,3,1,15,9,13,7,5,0,2,4,6,8,10,12,14]","11,3,1,15,9,13,7,5,0,2,4,6,8,10,12,14",67b6fe9d93abd00e,PPO_final_expansion_checkpoint_inference,E:\Projects\RL-LAM-ScanOpt\outputs\stage3_ppo_rl_lam_fea_addendum_v01\ppo_training\checkpoints\maskable_ppo_lam_scan_order_final.zip,v01,stochastic,baseline_proximity,61,E:\Projects\RL-LAM-ScanOpt\cae_model\stage3_ppo_final_expansion_224_to_320_batch224_v01\final_expansion_batch02\N16\PPOFINAL_N16_B061_baseline_proximity,J2D_PPOFINAL_N16_B061_baseline_proximity,E:\Projects\RL-LAM-ScanOpt\cae_model\stage3_ppo_final_expansion_224_to_320_batch224_v01\final_expansion_batch02\N16\PPOFINAL_N16_B061_baseline_proximity\J2D_PPOFINAL_N16_B061_baseline_proximity.cae,E:\Projects\RL-LAM-ScanOpt\cae_model\stage3_ppo_final_expansion_224_to_320_batch224_v01\final_expansion_batch02\N16\PPOFINAL_N16_B061_baseline_proximity\J2D_PPOFINAL_N16_B061_baseline_proximity.inp,E:\Projects\RL-LAM-ScanOpt\cae_model\stage3_ppo_final_expansion_224_to_320_batch224_v01\final_expansion_batch02\N16\PPOFINAL_N16_B061_baseline_proximity\J2D_PPOFINAL_N16_B061_baseline_proximity.jnl,E:\Projects\RL-LAM-ScanOpt\cae_model\stage3_ppo_final_expansion_224_to_320_batch224_v01\final_expansion_batch02\N16\PPOFINAL_N16_B061_baseline_proximity\J2D_PPOFINAL_N16_B061_baseline_proximity_stageU_generation_log.json,E:\Projects\RL-LAM-ScanOpt\cae_model\16track_full\sanity_base\16track_sanity_base.cae,stage3_ppo_final_expansion_224_to_320_batch224_v01,False,False,final expansion PPO candidate; not physically validated yet.,0.8405526819744987,4.066666666666666,14.0,4,0.0,61.0,10.72888888888889,-0.2711111111111111,0.3018506172839506,9.0,9,6.0,odd_even
final_expansion_batch02,PPOFINAL_N16_B062_baseline_proximity,16,E:\Projects\RL-LAM-ScanOpt\cae_model\stage3_ppo_final_expansion_224_to_320_batch224_v01\final_expansion_batch02\N16\PPOFINAL_N16_B062_baseline_proximity\scan_order_PPOFINAL_N16_B062_baseline_proximity.json,E:\Projects\RL-LAM-ScanOpt\outputs\stage3_ppo_final_expansion_224_to_320\selected_candidates\scan_orders\scan_order_PPOFINAL_N16_B062_baseline_proximity.json,"[11,3,1,15,13,9,5,7,0,2,4,6,8,10,12,14]","11,3,1,15,13,9,5,7,0,2,4,6,8,10,12,14",2dad3faa70568fa2,PPO_final_expansion_checkpoint_inference,E:\Projects\RL-LAM-ScanOpt\outputs\stage3_ppo_rl_lam_fea_addendum_v01\ppo_training\checkpoints\maskable_ppo_lam_scan_order_final.zip,v01,stochastic,baseline_proximity,62,E:\Projects\RL-LAM-ScanOpt\cae_model\stage3_ppo_final_expansion_224_to_320_batch224_v01\final_expansion_batch02\N16\PPOFINAL_N16_B062_baseline_proximity,J2D_PPOFINAL_N16_B062_baseline_proximity,E:\Projects\RL-LAM-ScanOpt\cae_model\stage3_ppo_final_expansion_224_to_320_batch224_v01\final_expansion_batch02\N16\PPOFINAL_N16_B062_baseline_proximity\J2D_PPOFINAL_N16_B062_baseline_proximity.cae,E:\Projects\RL-LAM-ScanOpt\cae_model\stage3_ppo_final_expansion_224_to_320_batch224_v01\final_expansion_batch02\N16\PPOFINAL_N16_B062_baseline_proximity\J2D_PPOFINAL_N16_B062_baseline_proximity.inp,E:\Projects\RL-LAM-ScanOpt\cae_model\stage3_ppo_final_expansion_224_to_320_batch224_v01\final_expansion_batch02\N16\PPOFINAL_N16_B062_baseline_proximity\J2D_PPOFINAL_N16_B062_baseline_proximity.jnl,E:\Projects\RL-LAM-ScanOpt\cae_model\stage3_ppo_final_expansion_224_to_320_batch224_v01\final_expansion_batch02\N16\PPOFINAL_N16_B062_baseline_proximity\J2D_PPOFINAL_N16_B062_baseline_proximity_stageU_generation_log.json,E:\Projects\RL-LAM-ScanOpt\cae_model\16track_full\sanity_base\16track_sanity_base.cae,stage3_ppo_final_expansion_224_to_320_batch224_v01,False,False,Stage T repair replacement from rollout pool; original duplicate physical order removed; not physically validated yet.,0.8344289593530437,3.8,14.0,3,0.0,57.0,10.960000000000004,-0.2533333333333333,0.28621111111111114,8.0,8,6.0,odd_even
final_expansion_batch02,PPOFINAL_N16_B063_baseline_proximity,16,E:\Projects\RL-LAM-ScanOpt\cae_model\stage3_ppo_final_expansion_224_to_320_batch224_v01\final_expansion_batch02\N16\PPOFINAL_N16_B063_baseline_proximity\scan_order_PPOFINAL_N16_B063_baseline_proximity.json,E:\Projects\RL-LAM-ScanOpt\outputs\stage3_ppo_final_expansion_224_to_320\selected_candidates\scan_orders\scan_order_PPOFINAL_N16_B063_baseline_proximity.json,"[11,3,1,15,7,9,13,5,0,2,4,6,8,10,12,14]","11,3,1,15,7,9,13,5,0,2,4,6,8,10,12,14",7ce60c27eaac7bb5,PPO_final_expansion_checkpoint_inference,E:\Projects\RL-LAM-ScanOpt\outputs\stage3_ppo_rl_lam_fea_addendum_v01\ppo_training\checkpoints\maskable_ppo_lam_scan_order_final.zip,v01,stochastic,baseline_proximity,63,E:\Projects\RL-LAM-ScanOpt\cae_model\stage3_ppo_final_expansion_224_to_320_batch224_v01\final_expansion_batch02\N16\PPOFINAL_N16_B063_baseline_proximity,J2D_PPOFINAL_N16_B063_baseline_proximity,E:\Projects\RL-LAM-ScanOpt\cae_model\stage3_ppo_final_expansion_224_to_320_batch224_v01\final_expansion_batch02\N16\PPOFINAL_N16_B063_baseline_proximity\J2D_PPOFINAL_N16_B063_baseline_proximity.cae,E:\Projects\RL-LAM-ScanOpt\cae_model\stage3_ppo_final_expansion_224_to_320_batch224_v01\final_expansion_batch02\N16\PPOFINAL_N16_B063_baseline_proximity\J2D_PPOFINAL_N16_B063_baseline_proximity.inp,E:\Projects\RL-LAM-ScanOpt\cae_model\stage3_ppo_final_expansion_224_to_320_batch224_v01\final_expansion_batch02\N16\PPOFINAL_N16_B063_baseline_proximity\J2D_PPOFINAL_N16_B063_baseline_proximity.jnl,E:\Projects\RL-LAM-ScanOpt\cae_model\stage3_ppo_final_expansion_224_to_320_batch224_v01\final_expansion_batch02\N16\PPOFINAL_N16_B063_baseline_proximity\J2D_PPOFINAL_N16_B063_baseline_proximity_stageU_generation_log.json,E:\Projects\RL-LAM-ScanOpt\cae_model\16track_full\sanity_base\16track_sanity_base.cae,stage3_ppo_final_expansion_224_to_320_batch224_v01,False,False,final expansion PPO candidate; not physically validated yet.,0.8171311257358603,4.333333333333333,14.0,4,0.0,65.0,12.222222222222229,-0.2888888888888888,0.3251543209876543,7.0,7,6.0,odd_even
final_expansion_batch02,PPOFINAL_N16_B064_baseline_proximity,16,E:\Projects\RL-LAM-ScanOpt\cae_model\stage3_ppo_final_expansion_224_to_320_batch224_v01\final_expansion_batch02\N16\PPOFINAL_N16_B064_baseline_proximity\scan_order_PPOFINAL_N16_B064_baseline_proximity.json,E:\Projects\RL-LAM-ScanOpt\outputs\stage3_ppo_final_expansion_224_to_320\selected_candidates\scan_orders\scan_order_PPOFINAL_N16_B064_baseline_proximity.json,"[11,15,1,3,13,9,7,5,0,2,4,6,8,10,12,14]","11,15,1,3,13,9,7,5,0,2,4,6,8,10,12,14",8bf65024825844af,PPO_final_expansion_checkpoint_inference,E:\Projects\RL-LAM-ScanOpt\outputs\stage3_ppo_rl_lam_fea_addendum_v01\ppo_training\checkpoints\maskable_ppo_lam_scan_order_final.zip,v01,stochastic,baseline_proximity,64,E:\Projects\RL-LAM-ScanOpt\cae_model\stage3_ppo_final_expansion_224_to_320_batch224_v01\final_expansion_batch02\N16\PPOFINAL_N16_B064_baseline_proximity,J2D_PPOFINAL_N16_B064_baseline_proximity,E:\Projects\RL-LAM-ScanOpt\cae_model\stage3_ppo_final_expansion_224_to_320_batch224_v01\final_expansion_batch02\N16\PPOFINAL_N16_B064_baseline_proximity\J2D_PPOFINAL_N16_B064_baseline_proximity.cae,E:\Projects\RL-LAM-ScanOpt\cae_model\stage3_ppo_final_expansion_224_to_320_batch224_v01\final_expansion_batch02\N16\PPOFINAL_N16_B064_baseline_proximity\J2D_PPOFINAL_N16_B064_baseline_proximity.inp,E:\Projects\RL-LAM-ScanOpt\cae_model\stage3_ppo_final_expansion_224_to_320_batch224_v01\final_expansion_batch02\N16\PPOFINAL_N16_B064_baseline_proximity\J2D_PPOFINAL_N16_B064_baseline_proximity.jnl,E:\Projects\RL-LAM-ScanOpt\cae_model\stage3_ppo_final_expansion_224_to_320_batch224_v01\final_expansion_batch02\N16\PPOFINAL_N16_B064_baseline_proximity\J2D_PPOFINAL_N16_B064_baseline_proximity_stageU_generation_log.json,E:\Projects\RL-LAM-ScanOpt\cae_model\16track_full\sanity_base\16track_sanity_base.cae,stage3_ppo_final_expansion_224_to_320_batch224_v01,False,False,Stage T repair replacement from rollout pool; original duplicate physical order removed; not physically validated yet.,0.8314363319463542,3.8,14.0,2,0.0,57.0,11.760000000000003,-0.2533333333333333,0.2897666666666667,8.0,8,6.0,odd_even
final_expansion_batch03,PPOFINAL_N24_B065_quality,24,E:\Projects\RL-LAM-ScanOpt\cae_model\stage3_ppo_final_expansion_224_to_320_batch224_v01\final_expansion_batch03\N24\PPOFINAL_N24_B065_quality\scan_order_PPOFINAL_N24_B065_quality.json,E:\Projects\RL-LAM-ScanOpt\outputs\stage3_ppo_final_expansion_224_to_320\selected_candidates\scan_orders\scan_order_PPOFINAL_N24_B065_quality.json,"[11,1,3,15,21,23,19,17,13,22,9,7,5,0,2,6,8,4,10,16,12,18,20,14]","11,1,3,15,21,23,19,17,13,22,9,7,5,0,2,6,8,4,10,16,12,18,20,14",b2bcb64cd12be13a,PPO_final_expansion_checkpoint_inference,E:\Projects\RL-LAM-ScanOpt\outputs\stage3_ppo_rl_lam_fea_addendum_v01\ppo_training\checkpoints\maskable_ppo_lam_scan_order_final.zip,v01,stochastic,quality,65,E:\Projects\RL-LAM-ScanOpt\cae_model\stage3_ppo_final_expansion_224_to_320_batch224_v01\final_expansion_batch03\N24\PPOFINAL_N24_B065_quality,J2D_PPOFINAL_N24_B065_quality,E:\Projects\RL-LAM-ScanOpt\cae_model\stage3_ppo_final_expansion_224_to_320_batch224_v01\final_expansion_batch03\N24\PPOFINAL_N24_B065_quality\J2D_PPOFINAL_N24_B065_quality.cae,E:\Projects\RL-LAM-ScanOpt\cae_model\stage3_ppo_final_expansion_224_to_320_batch224_v01\final_expansion_batch03\N24\PPOFINAL_N24_B065_quality\J2D_PPOFINAL_N24_B065_quality.inp,E:\Projects\RL-LAM-ScanOpt\cae_model\stage3_ppo_final_expansion_224_to_320_batch224_v01\final_expansion_batch03\N24\PPOFINAL_N24_B065_quality\J2D_PPOFINAL_N24_B065_quality.jnl,E:\Projects\RL-LAM-ScanOpt\cae_model\stage3_ppo_final_expansion_224_to_320_batch224_v01\final_expansion_batch03\N24\PPOFINAL_N24_B065_quality\J2D_PPOFINAL_N24_B065_quality_stageU_generation_log.json,E:\Projects\RL-LAM-ScanOpt\cae_model\24track_full\sanity_base\24track_sanity_base.cae,stage3_ppo_final_expansion_224_to_320_batch224_v01,False,False,final expansion PPO candidate; not physically validated yet.,0.9179201507460918,5.0,13.0,4,0.0,115.0,10.26086956521739,-0.217391304347826,0.227730062190077,19.0,19,20.0,odd_even
final_expansion_batch03,PPOFINAL_N24_B066_quality,24,E:\Projects\RL-LAM-ScanOpt\cae_model\stage3_ppo_final_expansion_224_to_320_batch224_v01\final_expansion_batch03\N24\PPOFINAL_N24_B066_quality\scan_order_PPOFINAL_N24_B066_quality.json,E:\Projects\RL-LAM-ScanOpt\outputs\stage3_ppo_final_expansion_224_to_320\selected_candidates\scan_orders\scan_order_PPOFINAL_N24_B066_quality.json,"[11,1,3,15,23,21,19,17,7,9,13,22,5,0,2,6,8,4,10,12,16,14,18,20]","11,1,3,15,23,21,19,17,7,9,13,22,5,0,2,6,8,4,10,12,16,14,18,20",948cc10f6aedd876,PPO_final_expansion_checkpoint_inference,E:\Projects\RL-LAM-ScanOpt\outputs\stage3_ppo_rl_lam_fea_addendum_v01\ppo_training\checkpoints\maskable_ppo_lam_scan_order_final.zip,v01,stochastic,quality,66,E:\Projects\RL-LAM-ScanOpt\cae_model\stage3_ppo_final_expansion_224_to_320_batch224_v01\final_expansion_batch03\N24\PPOFINAL_N24_B066_quality,J2D_PPOFINAL_N24_B066_quality,E:\Projects\RL-LAM-ScanOpt\cae_model\stage3_ppo_final_expansion_224_to_320_batch224_v01\final_expansion_batch03\N24\PPOFINAL_N24_B066_quality\J2D_PPOFINAL_N24_B066_quality.cae,E:\Projects\RL-LAM-ScanOpt\cae_model\stage3_ppo_final_expansion_224_to_320_batch224_v01\final_expansion_batch03\N24\PPOFINAL_N24_B066_quality\J2D_PPOFINAL_N24_B066_quality.inp,E:\Projects\RL-LAM-ScanOpt\cae_model\stage3_ppo_final_expansion_224_to_320_batch224_v01\final_expansion_batch03\N24\PPOFINAL_N24_B066_quality\J2D_PPOFINAL_N24_B066_quality.jnl,E:\Projects\RL-LAM-ScanOpt\cae_model\stage3_ppo_final_expansion_224_to_320_batch224_v01\final_expansion_batch03\N24\PPOFINAL_N24_B066_quality\J2D_PPOFINAL_N24_B066_quality_stageU_generation_log.json,E:\Projects\RL-LAM-ScanOpt\cae_model\24track_full\sanity_base\24track_sanity_base.cae,stage3_ppo_final_expansion_224_to_320_batch224_v01,False,False,final expansion PPO candidate; not physically validated yet.,0.90408774813973,5.086956521739131,17.0,6,0.0,117.0,15.818525519848766,-0.22117202268431,0.241859216483646,15.0,15,21.0,odd_even
final_expansion_batch03,PPOFINAL_N24_B067_quality,24,E:\Projects\RL-LAM-ScanOpt\cae_model\stage3_ppo_final_expansion_224_to_320_batch224_v01\final_expansion_batch03\N24\PPOFINAL_N24_B067_quality\scan_order_PPOFINAL_N24_B067_quality.json,E:\Projects\RL-LAM-ScanOpt\outputs\stage3_ppo_final_expansion_224_to_320\selected_candidates\scan_orders\scan_order_PPOFINAL_N24_B067_quality.json,"[11,1,3,15,23,21,17,19,9,22,13,7,5,0,2,8,6,4,10,12,16,18,20,14]","11,1,3,15,23,21,17,19,9,22,13,7,5,0,2,8,6,4,10,12,16,18,20,14",2ec7fbcae45178b9,PPO_final_expansion_checkpoint_inference,E:\Projects\RL-LAM-ScanOpt\outputs\stage3_ppo_rl_lam_fea_addendum_v01\ppo_training\checkpoints\maskable_ppo_lam_scan_order_final.zip,v01,stochastic,quality,67,E:\Projects\RL-LAM-ScanOpt\cae_model\stage3_ppo_final_expansion_224_to_320_batch224_v01\final_expansion_batch03\N24\PPOFINAL_N24_B067_quality,J2D_PPOFINAL_N24_B067_quality,E:\Projects\RL-LAM-ScanOpt\cae_model\stage3_ppo_final_expansion_224_to_320_batch224_v01\final_expansion_batch03\N24\PPOFINAL_N24_B067_quality\J2D_PPOFINAL_N24_B067_quality.cae,E:\Projects\RL-LAM-ScanOpt\cae_model\stage3_ppo_final_expansion_224_to_320_batch224_v01\final_expansion_batch03\N24\PPOFINAL_N24_B067_quality\J2D_PPOFINAL_N24_B067_quality.inp,E:\Projects\RL-LAM-ScanOpt\cae_model\stage3_ppo_final_expansion_224_to_320_batch224_v01\final_expansion_batch03\N24\PPOFINAL_N24_B067_quality\J2D_PPOFINAL_N24_B067_quality.jnl,E:\Projects\RL-LAM-ScanOpt\cae_model\stage3_ppo_final_expansion_224_to_320_batch224_v01\final_expansion_batch03\N24\PPOFINAL_N24_B067_quality\J2D_PPOFINAL_N24_B067_quality_stageU_generation_log.json,E:\Projects\RL-LAM-ScanOpt\cae_model\24track_full\sanity_base\24track_sanity_base.cae,stage3_ppo_final_expansion_224_to_320_batch224_v01,False,False,final expansion PPO candidate; not physically validated yet.,0.8917476182054584,5.173913043478261,13.0,6,0.0,119.0,12.317580340264652,-0.2249527410207939,0.2388643610717038,18.0,18,21.0,odd_even
final_expansion_batch03,PPOFINAL_N24_B068_quality,24,E:\Projects\RL-LAM-ScanOpt\cae_model\stage3_ppo_final_expansion_224_to_320_batch224_v01\final_expansion_batch03\N24\PPOFINAL_N24_B068_quality\scan_order_PPOFINAL_N24_B068_quality.json,E:\Projects\RL-LAM-ScanOpt\outputs\stage3_ppo_final_expansion_224_to_320\selected_candidates\scan_orders\scan_order_PPOFINAL_N24_B068_quality.json,"[11,1,3,15,23,21,19,17,13,22,9,7,5,0,2,6,4,8,10,16,14,12,20,18]","11,1,3,15,23,21,19,17,13,22,9,7,5,0,2,6,4,8,10,16,14,12,20,18",42bf14539f680e0b,PPO_final_expansion_checkpoint_inference,E:\Projects\RL-LAM-ScanOpt\outputs\stage3_ppo_rl_lam_fea_addendum_v01\ppo_training\checkpoints\maskable_ppo_lam_scan_order_final.zip,v01,stochastic,quality,68,E:\Projects\RL-LAM-ScanOpt\cae_model\stage3_ppo_final_expansion_224_to_320_batch224_v01\final_expansion_batch03\N24\PPOFINAL_N24_B068_quality,J2D_PPOFINAL_N24_B068_quality,E:\Projects\RL-LAM-ScanOpt\cae_model\stage3_ppo_final_expansion_224_to_320_batch224_v01\final_expansion_batch03\N24\PPOFINAL_N24_B068_quality\J2D_PPOFINAL_N24_B068_quality.cae,E:\Projects\RL-LAM-ScanOpt\cae_model\stage3_ppo_final_expansion_224_to_320_batch224_v01\final_expansion_batch03\N24\PPOFINAL_N24_B068_quality\J2D_PPOFINAL_N24_B068_quality.inp,E:\Projects\RL-LAM-ScanOpt\cae_model\stage3_ppo_final_expansion_224_to_320_batch224_v01\final_expansion_batch03\N24\PPOFINAL_N24_B068_quality\J2D_PPOFINAL_N24_B068_quality.jnl,E:\Projects\RL-LAM-ScanOpt\cae_model\stage3_ppo_final_expansion_224_to_320_batch224_v01\final_expansion_batch03\N24\PPOFINAL_N24_B068_quality\J2D_PPOFINAL_N24_B068_quality_stageU_generation_log.json,E:\Projects\RL-LAM-ScanOpt\cae_model\24track_full\sanity_base\24track_sanity_base.cae,stage3_ppo_final_expansion_224_to_320_batch224_v01,False,False,final expansion PPO candidate; not physically validated yet.,0.8878938867055125,4.652173913043479,13.0,6,0.0,107.0,12.226843100189036,-0.2022684310018903,0.2169537046632433,18.0,18,22.0,odd_even
final_expansion_batch03,PPOFINAL_N24_B069_quality,24,E:\Projects\RL-LAM-ScanOpt\cae_model\stage3_ppo_final_expansion_224_to_320_batch224_v01\final_expansion_batch03\N24\PPOFINAL_N24_B069_quality\scan_order_PPOFINAL_N24_B069_quality.json,E:\Projects\RL-LAM-ScanOpt\outputs\stage3_ppo_final_expansion_224_to_320\selected_candidates\scan_orders\scan_order_PPOFINAL_N24_B069_quality.json,"[11,1,3,15,23,21,19,17,9,13,22,7,5,0,2,6,8,4,10,16,12,18,20,14]","11,1,3,15,23,21,19,17,9,13,22,7,5,0,2,6,8,4,10,16,12,18,20,14",25cc194c216f9b7e,PPO_final_expansion_checkpoint_inference,E:\Projects\RL-LAM-ScanOpt\outputs\stage3_ppo_rl_lam_fea_addendum_v01\ppo_training\checkpoints\maskable_ppo_lam_scan_order_final.zip,v01,stochastic,quality,69,E:\Projects\RL-LAM-ScanOpt\cae_model\stage3_ppo_final_expansion_224_to_320_batch224_v01\final_expansion_batch03\N24\PPOFINAL_N24_B069_quality,J2D_PPOFINAL_N24_B069_quality,E:\Projects\RL-LAM-ScanOpt\cae_model\stage3_ppo_final_expansion_224_to_320_batch224_v01\final_expansion_batch03\N24\PPOFINAL_N24_B069_quality\J2D_PPOFINAL_N24_B069_quality.cae,E:\Projects\RL-LAM-ScanOpt\cae_model\stage3_ppo_final_expansion_224_to_320_batch224_v01\final_expansion_batch03\N24\PPOFINAL_N24_B069_quality\J2D_PPOFINAL_N24_B069_quality.inp,E:\Projects\RL-LAM-ScanOpt\cae_model\stage3_ppo_final_expansion_224_to_320_batch224_v01\final_expansion_batch03\N24\PPOFINAL_N24_B069_quality\J2D_PPOFINAL_N24_B069_quality.jnl,E:\Projects\RL-LAM-ScanOpt\cae_model\stage3_ppo_final_expansion_224_to_320_batch224_v01\final_expansion_batch03\N24\PPOFINAL_N24_B069_quality\J2D_PPOFINAL_N24_B069_quality_stageU_generation_log.json,E:\Projects\RL-LAM-ScanOpt\cae_model\24track_full\sanity_base\24track_sanity_base.cae,stage3_ppo_final_expansion_224_to_320_batch224_v01,False,False,final expansion PPO candidate; not physically validated yet.,0.8850880845885575,5.3478260869565215,15.0,6,0.0,123.0,12.400756143667294,-0.2325141776937618,0.246267970025836,19.0,19,20.0,odd_even
final_expansion_batch03,PPOFINAL_N24_B070_quality,24,E:\Projects\RL-LAM-ScanOpt\cae_model\stage3_ppo_final_expansion_224_to_320_batch224_v01\final_expansion_batch03\N24\PPOFINAL_N24_B070_quality\scan_order_PPOFINAL_N24_B070_quality.json,E:\Projects\RL-LAM-ScanOpt\outputs\stage3_ppo_final_expansion_224_to_320\selected_candidates\scan_orders\scan_order_PPOFINAL_N24_B070_quality.json,"[11,3,1,15,23,21,19,17,9,13,20,7,5,0,2,4,6,8,10,16,18,22,14,12]","11,3,1,15,23,21,19,17,9,13,20,7,5,0,2,4,6,8,10,16,18,22,14,12",48945b606a550e66,PPO_final_expansion_checkpoint_inference,E:\Projects\RL-LAM-ScanOpt\outputs\stage3_ppo_rl_lam_fea_addendum_v01\ppo_training\checkpoints\maskable_ppo_lam_scan_order_final.zip,v01,stochastic,quality,70,E:\Projects\RL-LAM-ScanOpt\cae_model\stage3_ppo_final_expansion_224_to_320_batch224_v01\final_expansion_batch03\N24\PPOFINAL_N24_B070_quality,J2D_PPOFINAL_N24_B070_quality,E:\Projects\RL-LAM-ScanOpt\cae_model\stage3_ppo_final_expansion_224_to_320_batch224_v01\final_expansion_batch03\N24\PPOFINAL_N24_B070_quality\J2D_PPOFINAL_N24_B070_quality.cae,E:\Projects\RL-LAM-ScanOpt\cae_model\stage3_ppo_final_expansion_224_to_320_batch224_v01\final_expansion_batch03\N24\PPOFINAL_N24_B070_quality\J2D_PPOFINAL_N24_B070_quality.inp,E:\Projects\RL-LAM-ScanOpt\cae_model\stage3_ppo_final_expansion_224_to_320_batch224_v01\final_expansion_batch03\N24\PPOFINAL_N24_B070_quality\J2D_PPOFINAL_N24_B070_quality.jnl,E:\Projects\RL-LAM-ScanOpt\cae_model\stage3_ppo_final_expansion_224_to_320_batch224_v01\final_expansion_batch03\N24\PPOFINAL_N24_B070_quality\J2D_PPOFINAL_N24_B070_quality_stageU_generation_log.json,E:\Projects\RL-LAM-ScanOpt\cae_model\24track_full\sanity_base\24track_sanity_base.cae,stage3_ppo_final_expansion_224_to_320_batch224_v01,False,False,final expansion PPO candidate; not physically validated yet.,0.8779086037301213,4.739130434782608,14.0,6,0.0,109.0,12.801512287334594,-0.2060491493383743,0.2216632242356671,15.0,15,21.0,center_out
final_expansion_batch03,PPOFINAL_N24_B071_quality,24,E:\Projects\RL-LAM-ScanOpt\cae_model\stage3_ppo_final_expansion_224_to_320_batch224_v01\final_expansion_batch03\N24\PPOFINAL_N24_B071_quality\scan_order_PPOFINAL_N24_B071_quality.json,E:\Projects\RL-LAM-ScanOpt\outputs\stage3_ppo_final_expansion_224_to_320\selected_candidates\scan_orders\scan_order_PPOFINAL_N24_B071_quality.json,"[11,3,1,15,23,21,19,17,13,9,7,5,0,2,6,8,10,4,16,18,20,22,14,12]","11,3,1,15,23,21,19,17,13,9,7,5,0,2,6,8,10,4,16,18,20,22,14,12",7be060ae29bbe24c,PPO_final_expansion_checkpoint_inference,E:\Projects\RL-LAM-ScanOpt\outputs\stage3_ppo_rl_lam_fea_addendum_v01\ppo_training\checkpoints\maskable_ppo_lam_scan_order_final.zip,v01,stochastic,quality,71,E:\Projects\RL-LAM-ScanOpt\cae_model\stage3_ppo_final_expansion_224_to_320_batch224_v01\final_expansion_batch03\N24\PPOFINAL_N24_B071_quality,J2D_PPOFINAL_N24_B071_quality,E:\Projects\RL-LAM-ScanOpt\cae_model\stage3_ppo_final_expansion_224_to_320_batch224_v01\final_expansion_batch03\N24\PPOFINAL_N24_B071_quality\J2D_PPOFINAL_N24_B071_quality.cae,E:\Projects\RL-LAM-ScanOpt\cae_model\stage3_ppo_final_expansion_224_to_320_batch224_v01\final_expansion_batch03\N24\PPOFINAL_N24_B071_quality\J2D_PPOFINAL_N24_B071_quality.inp,E:\Projects\RL-LAM-ScanOpt\cae_model\stage3_ppo_final_expansion_224_to_320_batch224_v01\final_expansion_batch03\N24\PPOFINAL_N24_B071_quality\J2D_PPOFINAL_N24_B071_quality.jnl,E:\Projects\RL-LAM-ScanOpt\cae_model\stage3_ppo_final_expansion_224_to_320_batch224_v01\final_expansion_batch03\N24\PPOFINAL_N24_B071_quality\J2D_PPOFINAL_N24_B071_quality_stageU_generation_log.json,E:\Projects\RL-LAM-ScanOpt\cae_model\24track_full\sanity_base\24track_sanity_base.cae,stage3_ppo_final_expansion_224_to_320_batch224_v01,False,False,final expansion PPO candidate; not physically validated yet.,0.8695306491528114,4.304347826086956,14.0,5,0.0,99.0,11.603024574669185,-0.1871455576559546,0.2012817099710192,19.0,19,21.0,odd_even
final_expansion_batch03,PPOFINAL_N24_B072_quality,24,E:\Projects\RL-LAM-ScanOpt\cae_model\stage3_ppo_final_expansion_224_to_320_batch224_v01\final_expansion_batch03\N24\PPOFINAL_N24_B072_quality\scan_order_PPOFINAL_N24_B072_quality.json,E:\Projects\RL-LAM-ScanOpt\outputs\stage3_ppo_final_expansion_224_to_320\selected_candidates\scan_orders\scan_order_PPOFINAL_N24_B072_quality.json,"[11,3,1,15,23,21,19,17,13,9,7,5,0,2,6,4,8,10,16,18,22,20,14,12]","11,3,1,15,23,21,19,17,13,9,7,5,0,2,6,4,8,10,16,18,22,20,14,12",101deebc46de29ff,PPO_final_expansion_checkpoint_inference,E:\Projects\RL-LAM-ScanOpt\outputs\stage3_ppo_rl_lam_fea_addendum_v01\ppo_training\checkpoints\maskable_ppo_lam_scan_order_final.zip,v01,stochastic,quality,72,E:\Projects\RL-LAM-ScanOpt\cae_model\stage3_ppo_final_expansion_224_to_320_batch224_v01\final_expansion_batch03\N24\PPOFINAL_N24_B072_quality,J2D_PPOFINAL_N24_B072_quality,E:\Projects\RL-LAM-ScanOpt\cae_model\stage3_ppo_final_expansion_224_to_320_batch224_v01\final_expansion_batch03\N24\PPOFINAL_N24_B072_quality\J2D_PPOFINAL_N24_B072_quality.cae,E:\Projects\RL-LAM-ScanOpt\cae_model\stage3_ppo_final_expansion_224_to_320_batch224_v01\final_expansion_batch03\N24\PPOFINAL_N24_B072_quality\J2D_PPOFINAL_N24_B072_quality.inp,E:\Projects\RL-LAM-ScanOpt\cae_model\stage3_ppo_final_expansion_224_to_320_batch224_v01\final_expansion_batch03\N24\PPOFINAL_N24_B072_quality\J2D_PPOFINAL_N24_B072_quality.jnl,E:\Projects\RL-LAM-ScanOpt\cae_model\stage3_ppo_final_expansion_224_to_320_batch224_v01\final_expansion_batch03\N24\PPOFINAL_N24_B072_quality\J2D_PPOFINAL_N24_B072_quality_stageU_generation_log.json,E:\Projects\RL-LAM-ScanOpt\cae_model\24track_full\sanity_base\24track_sanity_base.cae,stage3_ppo_final_expansion_224_to_320_batch224_v01,False,False,final expansion PPO candidate; not physically validated yet.,0.866769664712738,3.9565217391304346,14.0,3,0.0,91.0,8.215500945179587,-0.1720226843100189,0.1803853199971889,19.0,19,19.0,odd_even
final_expansion_batch03,PPOFINAL_N24_B073_quality,24,E:\Projects\RL-LAM-ScanOpt\cae_model\stage3_ppo_final_expansion_224_to_320_batch224_v01\final_expansion_batch03\N24\PPOFINAL_N24_B073_quality\scan_order_PPOFINAL_N24_B073_quality.json,E:\Projects\RL-LAM-ScanOpt\outputs\stage3_ppo_final_expansion_224_to_320\selected_candidates\scan_orders\scan_order_PPOFINAL_N24_B073_quality.json,"[11,1,3,15,23,21,19,17,13,9,7,5,0,2,6,10,8,4,16,18,20,22,14,12]","11,1,3,15,23,21,19,17,13,9,7,5,0,2,6,10,8,4,16,18,20,22,14,12",4e0d0ddb35f92839,PPO_final_expansion_checkpoint_inference,E:\Projects\RL-LAM-ScanOpt\outputs\stage3_ppo_rl_lam_fea_addendum_v01\ppo_training\checkpoints\maskable_ppo_lam_scan_order_final.zip,v01,stochastic,quality,73,E:\Projects\RL-LAM-ScanOpt\cae_model\stage3_ppo_final_expansion_224_to_320_batch224_v01\final_expansion_batch03\N24\PPOFINAL_N24_B073_quality,J2D_PPOFINAL_N24_B073_quality,E:\Projects\RL-LAM-ScanOpt\cae_model\stage3_ppo_final_expansion_224_to_320_batch224_v01\final_expansion_batch03\N24\PPOFINAL_N24_B073_quality\J2D_PPOFINAL_N24_B073_quality.cae,E:\Projects\RL-LAM-ScanOpt\cae_model\stage3_ppo_final_expansion_224_to_320_batch224_v01\final_expansion_batch03\N24\PPOFINAL_N24_B073_quality\J2D_PPOFINAL_N24_B073_quality.inp,E:\Projects\RL-LAM-ScanOpt\cae_model\stage3_ppo_final_expansion_224_to_320_batch224_v01\final_expansion_batch03\N24\PPOFINAL_N24_B073_quality\J2D_PPOFINAL_N24_B073_quality.jnl,E:\Projects\RL-LAM-ScanOpt\cae_model\stage3_ppo_final_expansion_224_to_320_batch224_v01\final_expansion_batch03\N24\PPOFINAL_N24_B073_quality\J2D_PPOFINAL_N24_B073_quality_stageU_generation_log.json,E:\Projects\RL-LAM-ScanOpt\cae_model\24track_full\sanity_base\24track_sanity_base.cae,stage3_ppo_final_expansion_224_to_320_batch224_v01,False,False,final expansion PPO candidate; not physically validated yet.,0.8653545248290282,4.304347826086956,12.0,5,0.0,99.0,10.55954631379962,-0.1871455576559546,0.1993091612737232,19.0,19,21.0,raster
final_expansion_batch03,PPOFINAL_N24_B074_quality,24,E:\Projects\RL-LAM-ScanOpt\cae_model\stage3_ppo_final_expansion_224_to_320_batch224_v01\final_expansion_batch03\N24\PPOFINAL_N24_B074_quality\scan_order_PPOFINAL_N24_B074_quality.json,E:\Projects\RL-LAM-ScanOpt\outputs\stage3_ppo_final_expansion_224_to_320\selected_candidates\scan_orders\scan_order_PPOFINAL_N24_B074_quality.json,"[11,1,3,15,23,21,19,17,13,9,7,5,0,2,6,8,4,10,12,16,20,22,18,14]","11,1,3,15,23,21,19,17,13,9,7,5,0,2,6,8,4,10,12,16,20,22,18,14",9b7b033e3365b03f,PPO_final_expansion_checkpoint_inference,E:\Projects\RL-LAM-ScanOpt\outputs\stage3_ppo_rl_lam_fea_addendum_v01\ppo_training\checkpoints\maskable_ppo_lam_scan_order_final.zip,v01,stochastic,quality,74,E:\Projects\RL-LAM-ScanOpt\cae_model\stage3_ppo_final_expansion_224_to_320_batch224_v01\final_expansion_batch03\N24\PPOFINAL_N24_B074_quality,J2D_PPOFINAL_N24_B074_quality,E:\Projects\RL-LAM-ScanOpt\cae_model\stage3_ppo_final_expansion_224_to_320_batch224_v01\final_expansion_batch03\N24\PPOFINAL_N24_B074_quality\J2D_PPOFINAL_N24_B074_quality.cae,E:\Projects\RL-LAM-ScanOpt\cae_model\stage3_ppo_final_expansion_224_to_320_batch224_v01\final_expansion_batch03\N24\PPOFINAL_N24_B074_quality\J2D_PPOFINAL_N24_B074_quality.inp,E:\Projects\RL-LAM-ScanOpt\cae_model\stage3_ppo_final_expansion_224_to_320_batch224_v01\final_expansion_batch03\N24\PPOFINAL_N24_B074_quality\J2D_PPOFINAL_N24_B074_quality.jnl,E:\Projects\RL-LAM-ScanOpt\cae_model\stage3_ppo_final_expansion_224_to_320_batch224_v01\final_expansion_batch03\N24\PPOFINAL_N24_B074_quality\J2D_PPOFINAL_N24_B074_quality_stageU_generation_log.json,E:\Projects\RL-LAM-ScanOpt\cae_model\24track_full\sanity_base\24track_sanity_base.cae,stage3_ppo_final_expansion_224_to_320_batch224_v01,False,False,final expansion PPO candidate; not physically validated yet.,0.8620850439456353,4.043478260869565,12.0,3,0.0,93.0,6.998109640831758,-0.1758034026465028,0.181707201589474,17.0,17,20.0,odd_even
final_expansion_batch03,PPOFINAL_N24_B075_quality,24,E:\Projects\RL-LAM-ScanOpt\cae_model\stage3_ppo_final_expansion_224_to_320_batch224_v01\final_expansion_batch03\N24\PPOFINAL_N24_B075_quality\scan_order_PPOFINAL_N24_B075_quality.json,E:\Projects\RL-LAM-ScanOpt\outputs\stage3_ppo_final_expansion_224_to_320\selected_candidates\scan_orders\scan_order_PPOFINAL_N24_B075_quality.json,"[11,3,1,15,23,21,19,17,13,9,7,5,0,2,6,4,8,10,12,16,18,20,22,14]","11,3,1,15,23,21,19,17,13,9,7,5,0,2,6,4,8,10,12,16,18,20,22,14",41c9546f5a8feab2,PPO_final_expansion_checkpoint_inference,E:\Projects\RL-LAM-ScanOpt\outputs\stage3_ppo_rl_lam_fea_addendum_v01\ppo_training\checkpoints\maskable_ppo_lam_scan_order_final.zip,v01,stochastic,quality,75,E:\Projects\RL-LAM-ScanOpt\cae_model\stage3_ppo_final_expansion_224_to_320_batch224_v01\final_expansion_batch03\N24\PPOFINAL_N24_B075_quality,J2D_PPOFINAL_N24_B075_quality,E:\Projects\RL-LAM-ScanOpt\cae_model\stage3_ppo_final_expansion_224_to_320_batch224_v01\final_expansion_batch03\N24\PPOFINAL_N24_B075_quality\J2D_PPOFINAL_N24_B075_quality.cae,E:\Projects\RL-LAM-ScanOpt\cae_model\stage3_ppo_final_expansion_224_to_320_batch224_v01\final_expansion_batch03\N24\PPOFINAL_N24_B075_quality\J2D_PPOFINAL_N24_B075_quality.inp,E:\Projects\RL-LAM-ScanOpt\cae_model\stage3_ppo_final_expansion_224_to_320_batch224_v01\final_expansion_batch03\N24\PPOFINAL_N24_B075_quality\J2D_PPOFINAL_N24_B075_quality.jnl,E:\Projects\RL-LAM-ScanOpt\cae_model\stage3_ppo_final_expansion_224_to_320_batch224_v01\final_expansion_batch03\N24\PPOFINAL_N24_B075_quality\J2D_PPOFINAL_N24_B075_quality_stageU_generation_log.json,E:\Projects\RL-LAM-ScanOpt\cae_model\24track_full\sanity_base\24track_sanity_base.cae,stage3_ppo_final_expansion_224_to_320_batch224_v01,False,False,final expansion PPO candidate; not physically validated yet.,0.8617197716458638,3.869565217391304,14.0,4,0.0,89.0,8.722117202268434,-0.1682419659735349,0.1777198182777601,17.0,17,18.0,odd_even
final_expansion_batch03,PPOFINAL_N24_B076_quality,24,E:\Projects\RL-LAM-ScanOpt\cae_model\stage3_ppo_final_expansion_224_to_320_batch224_v01\final_expansion_batch03\N24\PPOFINAL_N24_B076_quality\scan_order_PPOFINAL_N24_B076_quality.json,E:\Projects\RL-LAM-ScanOpt\outputs\stage3_ppo_final_expansion_224_to_320\selected_candidates\scan_orders\scan_order_PPOFINAL_N24_B076_quality.json,"[11,1,3,15,23,21,19,17,13,9,7,5,0,2,6,8,10,4,12,16,18,20,22,14]","11,1,3,15,23,21,19,17,13,9,7,5,0,2,6,8,10,4,12,16,18,20,22,14",0c8fbb88f08d90f6,PPO_final_expansion_checkpoint_inference,E:\Projects\RL-LAM-ScanOpt\outputs\stage3_ppo_rl_lam_fea_addendum_v01\ppo_training\checkpoints\maskable_ppo_lam_scan_order_final.zip,v01,stochastic,quality,76,E:\Projects\RL-LAM-ScanOpt\cae_model\stage3_ppo_final_expansion_224_to_320_batch224_v01\final_expansion_batch03\N24\PPOFINAL_N24_B076_quality,J2D_PPOFINAL_N24_B076_quality,E:\Projects\RL-LAM-ScanOpt\cae_model\stage3_ppo_final_expansion_224_to_320_batch224_v01\final_expansion_batch03\N24\PPOFINAL_N24_B076_quality\J2D_PPOFINAL_N24_B076_quality.cae,E:\Projects\RL-LAM-ScanOpt\cae_model\stage3_ppo_final_expansion_224_to_320_batch224_v01\final_expansion_batch03\N24\PPOFINAL_N24_B076_quality\J2D_PPOFINAL_N24_B076_quality.inp,E:\Projects\RL-LAM-ScanOpt\cae_model\stage3_ppo_final_expansion_224_to_320_batch224_v01\final_expansion_batch03\N24\PPOFINAL_N24_B076_quality\J2D_PPOFINAL_N24_B076_quality.jnl,E:\Projects\RL-LAM-ScanOpt\cae_model\stage3_ppo_final_expansion_224_to_320_batch224_v01\final_expansion_batch03\N24\PPOFINAL_N24_B076_quality\J2D_PPOFINAL_N24_B076_quality_stageU_generation_log.json,E:\Projects\RL-LAM-ScanOpt\cae_model\24track_full\sanity_base\24track_sanity_base.cae,stage3_ppo_final_expansion_224_to_320_batch224_v01,False,False,final expansion PPO candidate; not physically validated yet.,0.8604267421364137,4.217391304347826,12.0,5,0.0,97.0,8.69187145557656,-0.1833648393194707,0.1921553965763892,15.0,15,21.0,raster
final_expansion_batch03,PPOFINAL_N24_B077_quality,24,E:\Projects\RL-LAM-ScanOpt\cae_model\stage3_ppo_final_expansion_224_to_320_batch224_v01\final_expansion_batch03\N24\PPOFINAL_N24_B077_quality\scan_order_PPOFINAL_N24_B077_quality.json,E:\Projects\RL-LAM-ScanOpt\outputs\stage3_ppo_final_expansion_224_to_320\selected_candidates\scan_orders\scan_order_PPOFINAL_N24_B077_quality.json,"[11,3,1,15,21,23,19,17,13,9,7,5,0,2,6,4,8,10,12,16,18,20,22,14]","11,3,1,15,21,23,19,17,13,9,7,5,0,2,6,4,8,10,12,16,18,20,22,14",9ffa015ff59a2274,PPO_final_expansion_checkpoint_inference,E:\Projects\RL-LAM-ScanOpt\outputs\stage3_ppo_rl_lam_fea_addendum_v01\ppo_training\checkpoints\maskable_ppo_lam_scan_order_final.zip,v01,stochastic,quality,77,E:\Projects\RL-LAM-ScanOpt\cae_model\stage3_ppo_final_expansion_224_to_320_batch224_v01\final_expansion_batch03\N24\PPOFINAL_N24_B077_quality,J2D_PPOFINAL_N24_B077_quality,E:\Projects\RL-LAM-ScanOpt\cae_model\stage3_ppo_final_expansion_224_to_320_batch224_v01\final_expansion_batch03\N24\PPOFINAL_N24_B077_quality\J2D_PPOFINAL_N24_B077_quality.cae,E:\Projects\RL-LAM-ScanOpt\cae_model\stage3_ppo_final_expansion_224_to_320_batch224_v01\final_expansion_batch03\N24\PPOFINAL_N24_B077_quality\J2D_PPOFINAL_N24_B077_quality.inp,E:\Projects\RL-LAM-ScanOpt\cae_model\stage3_ppo_final_expansion_224_to_320_batch224_v01\final_expansion_batch03\N24\PPOFINAL_N24_B077_quality\J2D_PPOFINAL_N24_B077_quality.jnl,E:\Projects\RL-LAM-ScanOpt\cae_model\stage3_ppo_final_expansion_224_to_320_batch224_v01\final_expansion_batch03\N24\PPOFINAL_N24_B077_quality\J2D_PPOFINAL_N24_B077_quality_stageU_generation_log.json,E:\Projects\RL-LAM-ScanOpt\cae_model\24track_full\sanity_base\24track_sanity_base.cae,stage3_ppo_final_expansion_224_to_320_batch224_v01,False,False,final expansion PPO candidate; not physically validated yet.,0.8582384321147632,3.869565217391304,14.0,3,0.0,89.0,8.026465028355389,-0.1682419659735349,0.1764047858128961,17.0,17,18.0,odd_even
final_expansion_batch03,PPOFINAL_N24_B078_quality,24,E:\Projects\RL-LAM-ScanOpt\cae_model\stage3_ppo_final_expansion_224_to_320_batch224_v01\final_expansion_batch03\N24\PPOFINAL_N24_B078_quality\scan_order_PPOFINAL_N24_B078_quality.json,E:\Projects\RL-LAM-ScanOpt\outputs\stage3_ppo_final_expansion_224_to_320\selected_candidates\scan_orders\scan_order_PPOFINAL_N24_B078_quality.json,"[11,3,1,15,23,21,19,17,13,9,7,5,0,2,6,8,4,10,12,16,18,20,22,14]","11,3,1,15,23,21,19,17,13,9,7,5,0,2,6,8,4,10,12,16,18,20,22,14",2cc0a9bd95d01d23,PPO_final_expansion_checkpoint_inference,E:\Projects\RL-LAM-ScanOpt\outputs\stage3_ppo_rl_lam_fea_addendum_v01\ppo_training\checkpoints\maskable_ppo_lam_scan_order_final.zip,v01,stochastic,quality,78,E:\Projects\RL-LAM-ScanOpt\cae_model\stage3_ppo_final_expansion_224_to_320_batch224_v01\final_expansion_batch03\N24\PPOFINAL_N24_B078_quality,J2D_PPOFINAL_N24_B078_quality,E:\Projects\RL-LAM-ScanOpt\cae_model\stage3_ppo_final_expansion_224_to_320_batch224_v01\final_expansion_batch03\N24\PPOFINAL_N24_B078_quality\J2D_PPOFINAL_N24_B078_quality.cae,E:\Projects\RL-LAM-ScanOpt\cae_model\stage3_ppo_final_expansion_224_to_320_batch224_v01\final_expansion_batch03\N24\PPOFINAL_N24_B078_quality\J2D_PPOFINAL_N24_B078_quality.inp,E:\Projects\RL-LAM-ScanOpt\cae_model\stage3_ppo_final_expansion_224_to_320_batch224_v01\final_expansion_batch03\N24\PPOFINAL_N24_B078_quality\J2D_PPOFINAL_N24_B078_quality.jnl,E:\Projects\RL-LAM-ScanOpt\cae_model\stage3_ppo_final_expansion_224_to_320_batch224_v01\final_expansion_batch03\N24\PPOFINAL_N24_B078_quality\J2D_PPOFINAL_N24_B078_quality_stageU_generation_log.json,E:\Projects\RL-LAM-ScanOpt\cae_model\24track_full\sanity_base\24track_sanity_base.cae,stage3_ppo_final_expansion_224_to_320_batch224_v01,False,False,final expansion PPO candidate; not physically validated yet.,0.857125699496536,4.043478260869565,14.0,4,0.0,93.0,8.737240075614366,-0.1758034026465028,0.1849947827516339,16.0,16,19.0,odd_even
final_expansion_batch03,PPOFINAL_N24_B079_quality,24,E:\Projects\RL-LAM-ScanOpt\cae_model\stage3_ppo_final_expansion_224_to_320_batch224_v01\final_expansion_batch03\N24\PPOFINAL_N24_B079_quality\scan_order_PPOFINAL_N24_B079_quality.json,E:\Projects\RL-LAM-ScanOpt\outputs\stage3_ppo_final_expansion_224_to_320\selected_candidates\scan_orders\scan_order_PPOFINAL_N24_B079_quality.json,"[11,1,3,15,21,23,19,17,13,9,7,5,0,2,6,8,10,4,12,16,20,22,18,14]","11,1,3,15,21,23,19,17,13,9,7,5,0,2,6,8,10,4,12,16,20,22,18,14",f10bc854b7e82a12,PPO_final_expansion_checkpoint_inference,E:\Projects\RL-LAM-ScanOpt\outputs\stage3_ppo_rl_lam_fea_addendum_v01\ppo_training\checkpoints\maskable_ppo_lam_scan_order_final.zip,v01,stochastic,quality,79,E:\Projects\RL-LAM-ScanOpt\cae_model\stage3_ppo_final_expansion_224_to_320_batch224_v01\final_expansion_batch03\N24\PPOFINAL_N24_B079_quality,J2D_PPOFINAL_N24_B079_quality,E:\Projects\RL-LAM-ScanOpt\cae_model\stage3_ppo_final_expansion_224_to_320_batch224_v01\final_expansion_batch03\N24\PPOFINAL_N24_B079_quality\J2D_PPOFINAL_N24_B079_quality.cae,E:\Projects\RL-LAM-ScanOpt\cae_model\stage3_ppo_final_expansion_224_to_320_batch224_v01\final_expansion_batch03\N24\PPOFINAL_N24_B079_quality\J2D_PPOFINAL_N24_B079_quality.inp,E:\Projects\RL-LAM-ScanOpt\cae_model\stage3_ppo_final_expansion_224_to_320_batch224_v01\final_expansion_batch03\N24\PPOFINAL_N24_B079_quality\J2D_PPOFINAL_N24_B079_quality.jnl,E:\Projects\RL-LAM-ScanOpt\cae_model\stage3_ppo_final_expansion_224_to_320_batch224_v01\final_expansion_batch03\N24\PPOFINAL_N24_B079_quality\J2D_PPOFINAL_N24_B079_quality_stageU_generation_log.json,E:\Projects\RL-LAM-ScanOpt\cae_model\24track_full\sanity_base\24track_sanity_base.cae,stage3_ppo_final_expansion_224_to_320_batch224_v01,False,False,final expansion PPO candidate; not physically validated yet.,0.8569043446027589,4.217391304347826,12.0,3,0.0,97.0,6.952741020793951,-0.1833648393194707,0.1888678154142292,18.0,18,21.0,raster
final_expansion_batch03,PPOFINAL_N24_B080_quality,24,E:\Projects\RL-LAM-ScanOpt\cae_model\stage3_ppo_final_expansion_224_to_320_batch224_v01\final_expansion_batch03\N24\PPOFINAL_N24_B080_quality\scan_order_PPOFINAL_N24_B080_quality.json,E:\Projects\RL-LAM-ScanOpt\outputs\stage3_ppo_final_expansion_224_to_320\selected_candidates\scan_orders\scan_order_PPOFINAL_N24_B080_quality.json,"[11,1,3,15,23,21,19,17,13,9,7,5,0,2,6,8,10,4,16,22,20,18,14,12]","11,1,3,15,23,21,19,17,13,9,7,5,0,2,6,8,10,4,16,22,20,18,14,12",927950fa6f38aacf,PPO_final_expansion_checkpoint_inference,E:\Projects\RL-LAM-ScanOpt\outputs\stage3_ppo_rl_lam_fea_addendum_v01\ppo_training\checkpoints\maskable_ppo_lam_scan_order_final.zip,v01,stochastic,quality,80,E:\Projects\RL-LAM-ScanOpt\cae_model\stage3_ppo_final_expansion_224_to_320_batch224_v01\final_expansion_batch03\N24\PPOFINAL_N24_B080_quality,J2D_PPOFINAL_N24_B080_quality,E:\Projects\RL-LAM-ScanOpt\cae_model\stage3_ppo_final_expansion_224_to_320_batch224_v01\final_expansion_batch03\N24\PPOFINAL_N24_B080_quality\J2D_PPOFINAL_N24_B080_quality.cae,E:\Projects\RL-LAM-ScanOpt\cae_model\stage3_ppo_final_expansion_224_to_320_batch224_v01\final_expansion_batch03\N24\PPOFINAL_N24_B080_quality\J2D_PPOFINAL_N24_B080_quality.inp,E:\Projects\RL-LAM-ScanOpt\cae_model\stage3_ppo_final_expansion_224_to_320_batch224_v01\final_expansion_batch03\N24\PPOFINAL_N24_B080_quality\J2D_PPOFINAL_N24_B080_quality.jnl,E:\Projects\RL-LAM-ScanOpt\cae_model\stage3_ppo_final_expansion_224_to_320_batch224_v01\final_expansion_batch03\N24\PPOFINAL_N24_B080_quality\J2D_PPOFINAL_N24_B080_quality_stageU_generation_log.json,E:\Projects\RL-LAM-ScanOpt\cae_model\24track_full\sanity_base\24track_sanity_base.cae,stage3_ppo_final_expansion_224_to_320_batch224_v01,False,False,final expansion PPO candidate; not physically validated yet.,0.8561594483950706,4.304347826086956,12.0,4,0.0,99.0,10.2117202268431,-0.1871455576559546,0.1986516450412913,18.0,18,21.0,raster
final_expansion_batch03,PPOFINAL_N24_B081_quality,24,E:\Projects\RL-LAM-ScanOpt\cae_model\stage3_ppo_final_expansion_224_to_320_batch224_v01\final_expansion_batch03\N24\PPOFINAL_N24_B081_quality\scan_order_PPOFINAL_N24_B081_quality.json,E:\Projects\RL-LAM-ScanOpt\outputs\stage3_ppo_final_expansion_224_to_320\selected_candidates\scan_orders\scan_order_PPOFINAL_N24_B081_quality.json,"[11,1,3,15,21,23,19,17,13,9,7,5,0,2,6,8,4,10,12,16,18,20,22,14]","11,1,3,15,21,23,19,17,13,9,7,5,0,2,6,8,4,10,12,16,18,20,22,14",029ad934bef28762,PPO_final_expansion_checkpoint_inference,E:\Projects\RL-LAM-ScanOpt\outputs\stage3_ppo_rl_lam_fea_addendum_v01\ppo_training\checkpoints\maskable_ppo_lam_scan_order_final.zip,v01,stochastic,quality,81,E:\Projects\RL-LAM-ScanOpt\cae_model\stage3_ppo_final_expansion_224_to_320_batch224_v01\final_expansion_batch03\N24\PPOFINAL_N24_B081_quality,J2D_PPOFINAL_N24_B081_quality,E:\Projects\RL-LAM-ScanOpt\cae_model\stage3_ppo_final_expansion_224_to_320_batch224_v01\final_expansion_batch03\N24\PPOFINAL_N24_B081_quality\J2D_PPOFINAL_N24_B081_quality.cae,E:\Projects\RL-LAM-ScanOpt\cae_model\stage3_ppo_final_expansion_224_to_320_batch224_v01\final_expansion_batch03\N24\PPOFINAL_N24_B081_quality\J2D_PPOFINAL_N24_B081_quality.inp,E:\Projects\RL-LAM-ScanOpt\cae_model\stage3_ppo_final_expansion_224_to_320_batch224_v01\final_expansion_batch03\N24\PPOFINAL_N24_B081_quality\J2D_PPOFINAL_N24_B081_quality.jnl,E:\Projects\RL-LAM-ScanOpt\cae_model\stage3_ppo_final_expansion_224_to_320_batch224_v01\final_expansion_batch03\N24\PPOFINAL_N24_B081_quality\J2D_PPOFINAL_N24_B081_quality_stageU_generation_log.json,E:\Projects\RL-LAM-ScanOpt\cae_model\24track_full\sanity_base\24track_sanity_base.cae,stage3_ppo_final_expansion_224_to_320_batch224_v01,False,False,final expansion PPO candidate; not physically validated yet.,0.8561183501782694,4.043478260869565,12.0,3,0.0,93.0,7.345935727788278,-0.1758034026465028,0.182364717821906,16.0,16,20.0,odd_even
final_expansion_batch03,PPOFINAL_N24_B082_quality,24,E:\Projects\RL-LAM-ScanOpt\cae_model\stage3_ppo_final_expansion_224_to_320_batch224_v01\final_expansion_batch03\N24\PPOFINAL_N24_B082_quality\scan_order_PPOFINAL_N24_B082_quality.json,E:\Projects\RL-LAM-ScanOpt\outputs\stage3_ppo_final_expansion_224_to_320\selected_candidates\scan_orders\scan_order_PPOFINAL_N24_B082_quality.json,"[11,1,3,15,21,23,19,17,13,9,7,5,0,2,6,4,8,10,12,18,20,22,16,14]","11,1,3,15,21,23,19,17,13,9,7,5,0,2,6,4,8,10,12,18,20,22,16,14",43ff7b7dbaf8d62c,PPO_final_expansion_checkpoint_inference,E:\Projects\RL-LAM-ScanOpt\outputs\stage3_ppo_rl_lam_fea_addendum_v01\ppo_training\checkpoints\maskable_ppo_lam_scan_order_final.zip,v01,stochastic,quality,82,E:\Projects\RL-LAM-ScanOpt\cae_model\stage3_ppo_final_expansion_224_to_320_batch224_v01\final_expansion_batch03\N24\PPOFINAL_N24_B082_quality,J2D_PPOFINAL_N24_B082_quality,E:\Projects\RL-LAM-ScanOpt\cae_model\stage3_ppo_final_expansion_224_to_320_batch224_v01\final_expansion_batch03\N24\PPOFINAL_N24_B082_quality\J2D_PPOFINAL_N24_B082_quality.cae,E:\Projects\RL-LAM-ScanOpt\cae_model\stage3_ppo_final_expansion_224_to_320_batch224_v01\final_expansion_batch03\N24\PPOFINAL_N24_B082_quality\J2D_PPOFINAL_N24_B082_quality.inp,E:\Projects\RL-LAM-ScanOpt\cae_model\stage3_ppo_final_expansion_224_to_320_batch224_v01\final_expansion_batch03\N24\PPOFINAL_N24_B082_quality\J2D_PPOFINAL_N24_B082_quality.jnl,E:\Projects\RL-LAM-ScanOpt\cae_model\stage3_ppo_final_expansion_224_to_320_batch224_v01\final_expansion_batch03\N24\PPOFINAL_N24_B082_quality\J2D_PPOFINAL_N24_B082_quality_stageU_generation_log.json,E:\Projects\RL-LAM-ScanOpt\cae_model\24track_full\sanity_base\24track_sanity_base.cae,stage3_ppo_final_expansion_224_to_320_batch224_v01,False,False,final expansion PPO candidate; not physically validated yet.,0.8558346138155115,3.869565217391304,12.0,2,0.0,89.0,6.9829867674858255,-0.1682419659735349,0.1744322371156001,15.0,15,19.0,odd_even
final_expansion_batch03,PPOFINAL_N24_B083_quality,24,E:\Projects\RL-LAM-ScanOpt\cae_model\stage3_ppo_final_expansion_224_to_320_batch224_v01\final_expansion_batch03\N24\PPOFINAL_N24_B083_quality\scan_order_PPOFINAL_N24_B083_quality.json,E:\Projects\RL-LAM-ScanOpt\outputs\stage3_ppo_final_expansion_224_to_320\selected_candidates\scan_orders\scan_order_PPOFINAL_N24_B083_quality.json,"[11,1,3,15,23,21,19,17,13,9,7,5,0,2,6,4,8,10,16,18,20,22,14,12]","11,1,3,15,23,21,19,17,13,9,7,5,0,2,6,4,8,10,16,18,20,22,14,12",11ec01af1f9e1e53,PPO_final_expansion_checkpoint_inference,E:\Projects\RL-LAM-ScanOpt\outputs\stage3_ppo_rl_lam_fea_addendum_v01\ppo_training\checkpoints\maskable_ppo_lam_scan_order_final.zip,v01,stochastic,quality,83,E:\Projects\RL-LAM-ScanOpt\cae_model\stage3_ppo_final_expansion_224_to_320_batch224_v01\final_expansion_batch03\N24\PPOFINAL_N24_B083_quality,J2D_PPOFINAL_N24_B083_quality,E:\Projects\RL-LAM-ScanOpt\cae_model\stage3_ppo_final_expansion_224_to_320_batch224_v01\final_expansion_batch03\N24\PPOFINAL_N24_B083_quality\J2D_PPOFINAL_N24_B083_quality.cae,E:\Projects\RL-LAM-ScanOpt\cae_model\stage3_ppo_final_expansion_224_to_320_batch224_v01\final_expansion_batch03\N24\PPOFINAL_N24_B083_quality\J2D_PPOFINAL_N24_B083_quality.inp,E:\Projects\RL-LAM-ScanOpt\cae_model\stage3_ppo_final_expansion_224_to_320_batch224_v01\final_expansion_batch03\N24\PPOFINAL_N24_B083_quality\J2D_PPOFINAL_N24_B083_quality.jnl,E:\Projects\RL-LAM-ScanOpt\cae_model\stage3_ppo_final_expansion_224_to_320_batch224_v01\final_expansion_batch03\N24\PPOFINAL_N24_B083_quality\J2D_PPOFINAL_N24_B083_quality_stageU_generation_log.json,E:\Projects\RL-LAM-ScanOpt\cae_model\24track_full\sanity_base\24track_sanity_base.cae,stage3_ppo_final_expansion_224_to_320_batch224_v01,False,False,final expansion PPO candidate; not physically validated yet.,0.8556668735289369,3.9565217391304346,12.0,4,0.0,91.0,8.215500945179588,-0.1720226843100189,0.1803853199971889,18.0,18,20.0,odd_even
final_expansion_batch03,PPOFINAL_N24_B084_quality,24,E:\Projects\RL-LAM-ScanOpt\cae_model\stage3_ppo_final_expansion_224_to_320_batch224_v01\final_expansion_batch03\N24\PPOFINAL_N24_B084_quality\scan_order_PPOFINAL_N24_B084_quality.json,E:\Projects\RL-LAM-ScanOpt\outputs\stage3_ppo_final_expansion_224_to_320\selected_candidates\scan_orders\scan_order_PPOFINAL_N24_B084_quality.json,"[11,1,3,15,23,21,19,17,13,9,7,5,0,2,6,4,8,10,12,16,18,20,22,14]","11,1,3,15,23,21,19,17,13,9,7,5,0,2,6,4,8,10,12,16,18,20,22,14",31116256a3c275ab,PPO_final_expansion_checkpoint_inference,E:\Projects\RL-LAM-ScanOpt\outputs\stage3_ppo_rl_lam_fea_addendum_v01\ppo_training\checkpoints\maskable_ppo_lam_scan_order_final.zip,v01,stochastic,quality,84,E:\Projects\RL-LAM-ScanOpt\cae_model\stage3_ppo_final_expansion_224_to_320_batch224_v01\final_expansion_batch03\N24\PPOFINAL_N24_B084_quality,J2D_PPOFINAL_N24_B084_quality,E:\Projects\RL-LAM-ScanOpt\cae_model\stage3_ppo_final_expansion_224_to_320_batch224_v01\final_expansion_batch03\N24\PPOFINAL_N24_B084_quality\J2D_PPOFINAL_N24_B084_quality.cae,E:\Projects\RL-LAM-ScanOpt\cae_model\stage3_ppo_final_expansion_224_to_320_batch224_v01\final_expansion_batch03\N24\PPOFINAL_N24_B084_quality\J2D_PPOFINAL_N24_B084_quality.inp,E:\Projects\RL-LAM-ScanOpt\cae_model\stage3_ppo_final_expansion_224_to_320_batch224_v01\final_expansion_batch03\N24\PPOFINAL_N24_B084_quality\J2D_PPOFINAL_N24_B084_quality.jnl,E:\Projects\RL-LAM-ScanOpt\cae_model\stage3_ppo_final_expansion_224_to_320_batch224_v01\final_expansion_batch03\N24\PPOFINAL_N24_B084_quality\J2D_PPOFINAL_N24_B084_quality_stageU_generation_log.json,E:\Projects\RL-LAM-ScanOpt\cae_model\24track_full\sanity_base\24track_sanity_base.cae,stage3_ppo_final_expansion_224_to_320_batch224_v01,False,False,final expansion PPO candidate; not physically validated yet.,0.8556668735289369,3.869565217391304,12.0,4,0.0,89.0,8.02646502835539,-0.1682419659735349,0.1764047858128961,17.0,17,19.0,odd_even
final_expansion_batch03,PPOFINAL_N24_B085_quality,24,E:\Projects\RL-LAM-ScanOpt\cae_model\stage3_ppo_final_expansion_224_to_320_batch224_v01\final_expansion_batch03\N24\PPOFINAL_N24_B085_quality\scan_order_PPOFINAL_N24_B085_quality.json,E:\Projects\RL-LAM-ScanOpt\outputs\stage3_ppo_final_expansion_224_to_320\selected_candidates\scan_orders\scan_order_PPOFINAL_N24_B085_quality.json,"[11,3,1,15,23,21,19,17,13,9,7,5,0,2,6,8,4,10,16,18,20,22,14,12]","11,3,1,15,23,21,19,17,13,9,7,5,0,2,6,8,4,10,16,18,20,22,14,12",0d8284db8e158441,PPO_final_expansion_checkpoint_inference,E:\Projects\RL-LAM-ScanOpt\outputs\stage3_ppo_rl_lam_fea_addendum_v01\ppo_training\checkpoints\maskable_ppo_lam_scan_order_final.zip,v01,stochastic,quality,85,E:\Projects\RL-LAM-ScanOpt\cae_model\stage3_ppo_final_expansion_224_to_320_batch224_v01\final_expansion_batch03\N24\PPOFINAL_N24_B085_quality,J2D_PPOFINAL_N24_B085_quality,E:\Projects\RL-LAM-ScanOpt\cae_model\stage3_ppo_final_expansion_224_to_320_batch224_v01\final_expansion_batch03\N24\PPOFINAL_N24_B085_quality\J2D_PPOFINAL_N24_B085_quality.cae,E:\Projects\RL-LAM-ScanOpt\cae_model\stage3_ppo_final_expansion_224_to_320_batch224_v01\final_expansion_batch03\N24\PPOFINAL_N24_B085_quality\J2D_PPOFINAL_N24_B085_quality.inp,E:\Projects\RL-LAM-ScanOpt\cae_model\stage3_ppo_final_expansion_224_to_320_batch224_v01\final_expansion_batch03\N24\PPOFINAL_N24_B085_quality\J2D_PPOFINAL_N24_B085_quality.jnl,E:\Projects\RL-LAM-ScanOpt\cae_model\stage3_ppo_final_expansion_224_to_320_batch224_v01\final_expansion_batch03\N24\PPOFINAL_N24_B085_quality\J2D_PPOFINAL_N24_B085_quality_stageU_generation_log.json,E:\Projects\RL-LAM-ScanOpt\cae_model\24track_full\sanity_base\24track_sanity_base.cae,stage3_ppo_final_expansion_224_to_320_batch224_v01,False,False,final expansion PPO candidate; not physically validated yet.,0.8553276234837504,4.130434782608695,14.0,4,0.0,95.0,8.896030245746694,-0.1795841209829867,0.1889181416113673,19.0,19,20.0,odd_even
final_expansion_batch03,PPOFINAL_N24_B086_quality,24,E:\Projects\RL-LAM-ScanOpt\cae_model\stage3_ppo_final_expansion_224_to_320_batch224_v01\final_expansion_batch03\N24\PPOFINAL_N24_B086_quality\scan_order_PPOFINAL_N24_B086_quality.json,E:\Projects\RL-LAM-ScanOpt\outputs\stage3_ppo_final_expansion_224_to_320\selected_candidates\scan_orders\scan_order_PPOFINAL_N24_B086_quality.json,"[11,1,3,15,21,23,19,17,13,9,7,5,0,2,6,8,4,10,12,16,20,22,18,14]","11,1,3,15,21,23,19,17,13,9,7,5,0,2,6,8,4,10,12,16,20,22,18,14",7000ed00a11bf958,PPO_final_expansion_checkpoint_inference,E:\Projects\RL-LAM-ScanOpt\outputs\stage3_ppo_rl_lam_fea_addendum_v01\ppo_training\checkpoints\maskable_ppo_lam_scan_order_final.zip,v01,stochastic,quality,86,E:\Projects\RL-LAM-ScanOpt\cae_model\stage3_ppo_final_expansion_224_to_320_batch224_v01\final_expansion_batch03\N24\PPOFINAL_N24_B086_quality,J2D_PPOFINAL_N24_B086_quality,E:\Projects\RL-LAM-ScanOpt\cae_model\stage3_ppo_final_expansion_224_to_320_batch224_v01\final_expansion_batch03\N24\PPOFINAL_N24_B086_quality\J2D_PPOFINAL_N24_B086_quality.cae,E:\Projects\RL-LAM-ScanOpt\cae_model\stage3_ppo_final_expansion_224_to_320_batch224_v01\final_expansion_batch03\N24\PPOFINAL_N24_B086_quality\J2D_PPOFINAL_N24_B086_quality.inp,E:\Projects\RL-LAM-ScanOpt\cae_model\stage3_ppo_final_expansion_224_to_320_batch224_v01\final_expansion_batch03\N24\PPOFINAL_N24_B086_quality\J2D_PPOFINAL_N24_B086_quality.jnl,E:\Projects\RL-LAM-ScanOpt\cae_model\stage3_ppo_final_expansion_224_to_320_batch224_v01\final_expansion_batch03\N24\PPOFINAL_N24_B086_quality\J2D_PPOFINAL_N24_B086_quality_stageU_generation_log.json,E:\Projects\RL-LAM-ScanOpt\cae_model\24track_full\sanity_base\24track_sanity_base.cae,stage3_ppo_final_expansion_224_to_320_batch224_v01,False,False,final expansion PPO candidate; not physically validated yet.,0.8548780537060148,4.043478260869565,12.0,2,0.0,93.0,6.302457466918715,-0.1758034026465028,0.18039216912461,17.0,17,20.0,odd_even
final_expansion_batch03,PPOFINAL_N24_B087_quality,24,E:\Projects\RL-LAM-ScanOpt\cae_model\stage3_ppo_final_expansion_224_to_320_batch224_v01\final_expansion_batch03\N24\PPOFINAL_N24_B087_quality\scan_order_PPOFINAL_N24_B087_quality.json,E:\Projects\RL-LAM-ScanOpt\outputs\stage3_ppo_final_expansion_224_to_320\selected_candidates\scan_orders\scan_order_PPOFINAL_N24_B087_quality.json,"[11,1,3,15,23,21,19,13,17,20,9,7,5,0,2,4,6,8,10,16,18,22,14,12]","11,1,3,15,23,21,19,13,17,20,9,7,5,0,2,4,6,8,10,16,18,22,14,12",325923efbeb8b0da,PPO_final_expansion_checkpoint_inference,E:\Projects\RL-LAM-ScanOpt\outputs\stage3_ppo_rl_lam_fea_addendum_v01\ppo_training\checkpoints\maskable_ppo_lam_scan_order_final.zip,v01,stochastic,quality,87,E:\Projects\RL-LAM-ScanOpt\cae_model\stage3_ppo_final_expansion_224_to_320_batch224_v01\final_expansion_batch03\N24\PPOFINAL_N24_B087_quality,J2D_PPOFINAL_N24_B087_quality,E:\Projects\RL-LAM-ScanOpt\cae_model\stage3_ppo_final_expansion_224_to_320_batch224_v01\final_expansion_batch03\N24\PPOFINAL_N24_B087_quality\J2D_PPOFINAL_N24_B087_quality.cae,E:\Projects\RL-LAM-ScanOpt\cae_model\stage3_ppo_final_expansion_224_to_320_batch224_v01\final_expansion_batch03\N24\PPOFINAL_N24_B087_quality\J2D_PPOFINAL_N24_B087_quality.inp,E:\Projects\RL-LAM-ScanOpt\cae_model\stage3_ppo_final_expansion_224_to_320_batch224_v01\final_expansion_batch03\N24\PPOFINAL_N24_B087_quality\J2D_PPOFINAL_N24_B087_quality.jnl,E:\Projects\RL-LAM-ScanOpt\cae_model\stage3_ppo_final_expansion_224_to_320_batch224_v01\final_expansion_batch03\N24\PPOFINAL_N24_B087_quality\J2D_PPOFINAL_N24_B087_quality_stageU_generation_log.json,E:\Projects\RL-LAM-ScanOpt\cae_model\24track_full\sanity_base\24track_sanity_base.cae,stage3_ppo_final_expansion_224_to_320_batch224_v01,False,False,final expansion PPO candidate; not physically validated yet.,0.8538040175278353,4.391304347826087,12.0,5,0.0,101.0,10.23818525519849,-0.1909262759924385,0.2023248618560778,16.0,16,21.0,center_out
final_expansion_batch03,PPOFINAL_N24_B088_quality,24,E:\Projects\RL-LAM-ScanOpt\cae_model\stage3_ppo_final_expansion_224_to_320_batch224_v01\final_expansion_batch03\N24\PPOFINAL_N24_B088_quality\scan_order_PPOFINAL_N24_B088_quality.json,E:\Projects\RL-LAM-ScanOpt\outputs\stage3_ppo_final_expansion_224_to_320\selected_candidates\scan_orders\scan_order_PPOFINAL_N24_B088_quality.json,"[11,1,3,15,21,23,19,17,13,9,7,5,0,2,6,4,8,10,16,18,20,22,14,12]","11,1,3,15,21,23,19,17,13,9,7,5,0,2,6,4,8,10,16,18,20,22,14,12",8e4ed074dd15de00,PPO_final_expansion_checkpoint_inference,E:\Projects\RL-LAM-ScanOpt\outputs\stage3_ppo_rl_lam_fea_addendum_v01\ppo_training\checkpoints\maskable_ppo_lam_scan_order_final.zip,v01,stochastic,quality,88,E:\Projects\RL-LAM-ScanOpt\cae_model\stage3_ppo_final_expansion_224_to_320_batch224_v01\final_expansion_batch03\N24\PPOFINAL_N24_B088_quality,J2D_PPOFINAL_N24_B088_quality,E:\Projects\RL-LAM-ScanOpt\cae_model\stage3_ppo_final_expansion_224_to_320_batch224_v01\final_expansion_batch03\N24\PPOFINAL_N24_B088_quality\J2D_PPOFINAL_N24_B088_quality.cae,E:\Projects\RL-LAM-ScanOpt\cae_model\stage3_ppo_final_expansion_224_to_320_batch224_v01\final_expansion_batch03\N24\PPOFINAL_N24_B088_quality\J2D_PPOFINAL_N24_B088_quality.inp,E:\Projects\RL-LAM-ScanOpt\cae_model\stage3_ppo_final_expansion_224_to_320_batch224_v01\final_expansion_batch03\N24\PPOFINAL_N24_B088_quality\J2D_PPOFINAL_N24_B088_quality.jnl,E:\Projects\RL-LAM-ScanOpt\cae_model\stage3_ppo_final_expansion_224_to_320_batch224_v01\final_expansion_batch03\N24\PPOFINAL_N24_B088_quality\J2D_PPOFINAL_N24_B088_quality_stageU_generation_log.json,E:\Projects\RL-LAM-ScanOpt\cae_model\24track_full\sanity_base\24track_sanity_base.cae,stage3_ppo_final_expansion_224_to_320_batch224_v01,False,False,final expansion PPO candidate; not physically validated yet.,0.8521855339978364,3.9565217391304346,12.0,3,0.0,91.0,7.519848771266544,-0.1720226843100189,0.1790702875323249,18.0,18,20.0,odd_even
final_expansion_batch03,PPOFINAL_N24_B089_quality,24,E:\Projects\RL-LAM-ScanOpt\cae_model\stage3_ppo_final_expansion_224_to_320_batch224_v01\final_expansion_batch03\N24\PPOFINAL_N24_B089_quality\scan_order_PPOFINAL_N24_B089_quality.json,E:\Projects\RL-LAM-ScanOpt\outputs\stage3_ppo_final_expansion_224_to_320\selected_candidates\scan_orders\scan_order_PPOFINAL_N24_B089_quality.json,"[11,15,1,3,23,21,19,17,13,9,7,5,0,2,6,4,8,10,16,18,22,20,14,12]","11,15,1,3,23,21,19,17,13,9,7,5,0,2,6,4,8,10,16,18,22,20,14,12",a397e497dd75e525,PPO_final_expansion_checkpoint_inference,E:\Projects\RL-LAM-ScanOpt\outputs\stage3_ppo_rl_lam_fea_addendum_v01\ppo_training\checkpoints\maskable_ppo_lam_scan_order_final.zip,v01,stochastic,quality,89,E:\Projects\RL-LAM-ScanOpt\cae_model\stage3_ppo_final_expansion_224_to_320_batch224_v01\final_expansion_batch03\N24\PPOFINAL_N24_B089_quality,J2D_PPOFINAL_N24_B089_quality,E:\Projects\RL-LAM-ScanOpt\cae_model\stage3_ppo_final_expansion_224_to_320_batch224_v01\final_expansion_batch03\N24\PPOFINAL_N24_B089_quality\J2D_PPOFINAL_N24_B089_quality.cae,E:\Projects\RL-LAM-ScanOpt\cae_model\stage3_ppo_final_expansion_224_to_320_batch224_v01\final_expansion_batch03\N24\PPOFINAL_N24_B089_quality\J2D_PPOFINAL_N24_B089_quality.inp,E:\Projects\RL-LAM-ScanOpt\cae_model\stage3_ppo_final_expansion_224_to_320_batch224_v01\final_expansion_batch03\N24\PPOFINAL_N24_B089_quality\J2D_PPOFINAL_N24_B089_quality.jnl,E:\Projects\RL-LAM-ScanOpt\cae_model\stage3_ppo_final_expansion_224_to_320_batch224_v01\final_expansion_batch03\N24\PPOFINAL_N24_B089_quality\J2D_PPOFINAL_N24_B089_quality_stageU_generation_log.json,E:\Projects\RL-LAM-ScanOpt\cae_model\24track_full\sanity_base\24track_sanity_base.cae,stage3_ppo_final_expansion_224_to_320_batch224_v01,False,False,final expansion PPO candidate; not physically validated yet.,0.8520911037926558,4.304347826086956,20.0,2,0.0,99.0,17.86389413988658,-0.1871455576559546,0.213117002154795,19.0,19,20.0,odd_even
final_expansion_batch03,PPOFINAL_N24_B090_quality,24,E:\Projects\RL-LAM-ScanOpt\cae_model\stage3_ppo_final_expansion_224_to_320_batch224_v01\final_expansion_batch03\N24\PPOFINAL_N24_B090_quality\scan_order_PPOFINAL_N24_B090_quality.json,E:\Projects\RL-LAM-ScanOpt\outputs\stage3_ppo_final_expansion_224_to_320\selected_candidates\scan_orders\scan_order_PPOFINAL_N24_B090_quality.json,"[11,1,3,15,23,21,19,17,13,9,7,5,0,2,6,8,4,10,12,16,18,20,22,14]","11,1,3,15,23,21,19,17,13,9,7,5,0,2,6,8,4,10,12,16,18,20,22,14",587cc3b9360bb9a7,PPO_final_expansion_checkpoint_inference,E:\Projects\RL-LAM-ScanOpt\outputs\stage3_ppo_rl_lam_fea_addendum_v01\ppo_training\checkpoints\maskable_ppo_lam_scan_order_final.zip,v01,stochastic,quality,90,E:\Projects\RL-LAM-ScanOpt\cae_model\stage3_ppo_final_expansion_224_to_320_batch224_v01\final_expansion_batch03\N24\PPOFINAL_N24_B090_quality,J2D_PPOFINAL_N24_B090_quality,E:\Projects\RL-LAM-ScanOpt\cae_model\stage3_ppo_final_expansion_224_to_320_batch224_v01\final_expansion_batch03\N24\PPOFINAL_N24_B090_quality\J2D_PPOFINAL_N24_B090_quality.cae,E:\Projects\RL-LAM-ScanOpt\cae_model\stage3_ppo_final_expansion_224_to_320_batch224_v01\final_expansion_batch03\N24\PPOFINAL_N24_B090_quality\J2D_PPOFINAL_N24_B090_quality.inp,E:\Projects\RL-LAM-ScanOpt\cae_model\stage3_ppo_final_expansion_224_to_320_batch224_v01\final_expansion_batch03\N24\PPOFINAL_N24_B090_quality\J2D_PPOFINAL_N24_B090_quality.jnl,E:\Projects\RL-LAM-ScanOpt\cae_model\stage3_ppo_final_expansion_224_to_320_batch224_v01\final_expansion_batch03\N24\PPOFINAL_N24_B090_quality\J2D_PPOFINAL_N24_B090_quality_stageU_generation_log.json,E:\Projects\RL-LAM-ScanOpt\cae_model\24track_full\sanity_base\24track_sanity_base.cae,stage3_ppo_final_expansion_224_to_320_batch224_v01,False,False,final expansion PPO candidate; not physically validated yet.,0.8510728013796092,4.043478260869565,12.0,4,0.0,93.0,8.041587901701321,-0.1758034026465028,0.1836797502867699,16.0,16,20.0,odd_even
final_expansion_batch03,PPOFINAL_N24_B091_quality,24,E:\Projects\RL-LAM-ScanOpt\cae_model\stage3_ppo_final_expansion_224_to_320_batch224_v01\final_expansion_batch03\N24\PPOFINAL_N24_B091_quality\scan_order_PPOFINAL_N24_B091_quality.json,E:\Projects\RL-LAM-ScanOpt\outputs\stage3_ppo_final_expansion_224_to_320\selected_candidates\scan_orders\scan_order_PPOFINAL_N24_B091_quality.json,"[11,1,3,15,23,21,19,17,13,9,7,5,0,2,6,4,8,10,16,18,22,20,14,12]","11,1,3,15,23,21,19,17,13,9,7,5,0,2,6,4,8,10,16,18,22,20,14,12",8ed09c8cb84ff283,PPO_final_expansion_checkpoint_inference,E:\Projects\RL-LAM-ScanOpt\outputs\stage3_ppo_rl_lam_fea_addendum_v01\ppo_training\checkpoints\maskable_ppo_lam_scan_order_final.zip,v01,stochastic,quality,91,E:\Projects\RL-LAM-ScanOpt\cae_model\stage3_ppo_final_expansion_224_to_320_batch224_v01\final_expansion_batch03\N24\PPOFINAL_N24_B091_quality,J2D_PPOFINAL_N24_B091_quality,E:\Projects\RL-LAM-ScanOpt\cae_model\stage3_ppo_final_expansion_224_to_320_batch224_v01\final_expansion_batch03\N24\PPOFINAL_N24_B091_quality\J2D_PPOFINAL_N24_B091_quality.cae,E:\Projects\RL-LAM-ScanOpt\cae_model\stage3_ppo_final_expansion_224_to_320_batch224_v01\final_expansion_batch03\N24\PPOFINAL_N24_B091_quality\J2D_PPOFINAL_N24_B091_quality.inp,E:\Projects\RL-LAM-ScanOpt\cae_model\stage3_ppo_final_expansion_224_to_320_batch224_v01\final_expansion_batch03\N24\PPOFINAL_N24_B091_quality\J2D_PPOFINAL_N24_B091_quality.jnl,E:\Projects\RL-LAM-ScanOpt\cae_model\stage3_ppo_final_expansion_224_to_320_batch224_v01\final_expansion_batch03\N24\PPOFINAL_N24_B091_quality\J2D_PPOFINAL_N24_B091_quality_stageU_generation_log.json,E:\Projects\RL-LAM-ScanOpt\cae_model\24track_full\sanity_base\24track_sanity_base.cae,stage3_ppo_final_expansion_224_to_320_batch224_v01,False,False,final expansion PPO candidate; not physically validated yet.,0.8508983886134598,3.9565217391304346,12.0,3,0.0,91.0,7.519848771266544,-0.1720226843100189,0.1790702875323249,19.0,19,20.0,odd_even
final_expansion_batch03,PPOFINAL_N24_B092_quality,24,E:\Projects\RL-LAM-ScanOpt\cae_model\stage3_ppo_final_expansion_224_to_320_batch224_v01\final_expansion_batch03\N24\PPOFINAL_N24_B092_quality\scan_order_PPOFINAL_N24_B092_quality.json,E:\Projects\RL-LAM-ScanOpt\outputs\stage3_ppo_final_expansion_224_to_320\selected_candidates\scan_orders\scan_order_PPOFINAL_N24_B092_quality.json,"[11,3,1,15,23,21,19,17,13,9,7,5,0,2,6,8,10,4,12,16,18,22,20,14]","11,3,1,15,23,21,19,17,13,9,7,5,0,2,6,8,10,4,12,16,18,22,20,14",088206a2af4d662e,PPO_final_expansion_checkpoint_inference,E:\Projects\RL-LAM-ScanOpt\outputs\stage3_ppo_rl_lam_fea_addendum_v01\ppo_training\checkpoints\maskable_ppo_lam_scan_order_final.zip,v01,stochastic,quality,92,E:\Projects\RL-LAM-ScanOpt\cae_model\stage3_ppo_final_expansion_224_to_320_batch224_v01\final_expansion_batch03\N24\PPOFINAL_N24_B092_quality,J2D_PPOFINAL_N24_B092_quality,E:\Projects\RL-LAM-ScanOpt\cae_model\stage3_ppo_final_expansion_224_to_320_batch224_v01\final_expansion_batch03\N24\PPOFINAL_N24_B092_quality\J2D_PPOFINAL_N24_B092_quality.cae,E:\Projects\RL-LAM-ScanOpt\cae_model\stage3_ppo_final_expansion_224_to_320_batch224_v01\final_expansion_batch03\N24\PPOFINAL_N24_B092_quality\J2D_PPOFINAL_N24_B092_quality.inp,E:\Projects\RL-LAM-ScanOpt\cae_model\stage3_ppo_final_expansion_224_to_320_batch224_v01\final_expansion_batch03\N24\PPOFINAL_N24_B092_quality\J2D_PPOFINAL_N24_B092_quality.jnl,E:\Projects\RL-LAM-ScanOpt\cae_model\stage3_ppo_final_expansion_224_to_320_batch224_v01\final_expansion_batch03\N24\PPOFINAL_N24_B092_quality\J2D_PPOFINAL_N24_B092_quality_stageU_generation_log.json,E:\Projects\RL-LAM-ScanOpt\cae_model\24track_full\sanity_base\24track_sanity_base.cae,stage3_ppo_final_expansion_224_to_320_batch224_v01,False,False,final expansion PPO candidate; not physically validated yet.,0.850657854769283,4.217391304347826,14.0,4,0.0,97.0,8.691871455576557,-0.1833648393194707,0.1921553965763892,17.0,17,19.0,odd_even
final_expansion_batch03,PPOFINAL_N24_B093_diversity,24,E:\Projects\RL-LAM-ScanOpt\cae_model\stage3_ppo_final_expansion_224_to_320_batch224_v01\final_expansion_batch03\N24\PPOFINAL_N24_B093_diversity\scan_order_PPOFINAL_N24_B093_diversity.json,E:\Projects\RL-LAM-ScanOpt\outputs\stage3_ppo_final_expansion_224_to_320\selected_candidates\scan_orders\scan_order_PPOFINAL_N24_B093_diversity.json,"[21,17,7,3,9,13,5,1,11,19,15,23,0,2,18,20,22,4,8,10,12,14,6,16]","21,17,7,3,9,13,5,1,11,19,15,23,0,2,18,20,22,4,8,10,12,14,6,16",ecb877023557149e,PPO_final_expansion_checkpoint_inference,E:\Projects\RL-LAM-ScanOpt\outputs\stage3_ppo_rl_lam_fea_addendum_v02_targeted_N24_N40\ppo_training_v02\checkpoints\N24_seed20260624_maskable_ppo_v02.zip,v02,stochastic,diversity,93,E:\Projects\RL-LAM-ScanOpt\cae_model\stage3_ppo_final_expansion_224_to_320_batch224_v01\final_expansion_batch03\N24\PPOFINAL_N24_B093_diversity,J2D_PPOFINAL_N24_B093_diversity,E:\Projects\RL-LAM-ScanOpt\cae_model\stage3_ppo_final_expansion_224_to_320_batch224_v01\final_expansion_batch03\N24\PPOFINAL_N24_B093_diversity\J2D_PPOFINAL_N24_B093_diversity.cae,E:\Projects\RL-LAM-ScanOpt\cae_model\stage3_ppo_final_expansion_224_to_320_batch224_v01\final_expansion_batch03\N24\PPOFINAL_N24_B093_diversity\J2D_PPOFINAL_N24_B093_diversity.inp,E:\Projects\RL-LAM-ScanOpt\cae_model\stage3_ppo_final_expansion_224_to_320_batch224_v01\final_expansion_batch03\N24\PPOFINAL_N24_B093_diversity\J2D_PPOFINAL_N24_B093_diversity.jnl,E:\Projects\RL-LAM-ScanOpt\cae_model\stage3_ppo_final_expansion_224_to_320_batch224_v01\final_expansion_batch03\N24\PPOFINAL_N24_B093_diversity\J2D_PPOFINAL_N24_B093_diversity_stageU_generation_log.json,E:\Projects\RL-LAM-ScanOpt\cae_model\24track_full\sanity_base\24track_sanity_base.cae,stage3_ppo_final_expansion_224_to_320_batch224_v01,False,False,final expansion PPO candidate; not physically validated yet.,0.6375306744537644,7.0,23.0,10,0.0,161.0,30.17391304347826,-0.3043478260869565,0.3487061998301416,18.0,18,19.0,odd_even
final_expansion_batch03,PPOFINAL_N24_B094_diversity,24,E:\Projects\RL-LAM-ScanOpt\cae_model\stage3_ppo_final_expansion_224_to_320_batch224_v01\final_expansion_batch03\N24\PPOFINAL_N24_B094_diversity\scan_order_PPOFINAL_N24_B094_diversity.json,E:\Projects\RL-LAM-ScanOpt\outputs\stage3_ppo_final_expansion_224_to_320\selected_candidates\scan_orders\scan_order_PPOFINAL_N24_B094_diversity.json,"[11,3,1,13,15,23,21,5,17,19,9,7,0,2,8,6,10,16,4,14,12,18,22,20]","11,3,1,13,15,23,21,5,17,19,9,7,0,2,8,6,10,16,4,14,12,18,22,20",520393d0e10224bd,PPO_final_expansion_checkpoint_inference,E:\Projects\RL-LAM-ScanOpt\outputs\stage3_ppo_rl_lam_fea_addendum_v01\ppo_training\checkpoints\maskable_ppo_lam_scan_order_final.zip,v01,stochastic,diversity,94,E:\Projects\RL-LAM-ScanOpt\cae_model\stage3_ppo_final_expansion_224_to_320_batch224_v01\final_expansion_batch03\N24\PPOFINAL_N24_B094_diversity,J2D_PPOFINAL_N24_B094_diversity,E:\Projects\RL-LAM-ScanOpt\cae_model\stage3_ppo_final_expansion_224_to_320_batch224_v01\final_expansion_batch03\N24\PPOFINAL_N24_B094_diversity\J2D_PPOFINAL_N24_B094_diversity.cae,E:\Projects\RL-LAM-ScanOpt\cae_model\stage3_ppo_final_expansion_224_to_320_batch224_v01\final_expansion_batch03\N24\PPOFINAL_N24_B094_diversity\J2D_PPOFINAL_N24_B094_diversity.inp,E:\Projects\RL-LAM-ScanOpt\cae_model\stage3_ppo_final_expansion_224_to_320_batch224_v01\final_expansion_batch03\N24\PPOFINAL_N24_B094_diversity\J2D_PPOFINAL_N24_B094_diversity.jnl,E:\Projects\RL-LAM-ScanOpt\cae_model\stage3_ppo_final_expansion_224_to_320_batch224_v01\final_expansion_batch03\N24\PPOFINAL_N24_B094_diversity\J2D_PPOFINAL_N24_B094_diversity_stageU_generation_log.json,E:\Projects\RL-LAM-ScanOpt\cae_model\24track_full\sanity_base\24track_sanity_base.cae,stage3_ppo_final_expansion_224_to_320_batch224_v01,False,False,final expansion PPO candidate; not physically validated yet.,0.6390688214903728,6.043478260869565,16.0,8,0.0,139.0,17.43289224952741,-0.2627599243856333,0.284766021895767,17.0,17,16.0,odd_even
final_expansion_batch03,PPOFINAL_N24_B095_diversity,24,E:\Projects\RL-LAM-ScanOpt\cae_model\stage3_ppo_final_expansion_224_to_320_batch224_v01\final_expansion_batch03\N24\PPOFINAL_N24_B095_diversity\scan_order_PPOFINAL_N24_B095_diversity.json,E:\Projects\RL-LAM-ScanOpt\outputs\stage3_ppo_final_expansion_224_to_320\selected_candidates\scan_orders\scan_order_PPOFINAL_N24_B095_diversity.json,"[11,3,1,15,23,21,17,19,7,9,5,0,2,6,8,4,10,16,18,13,12,14,22,20]","11,3,1,15,23,21,17,19,7,9,5,0,2,6,8,4,10,16,18,13,12,14,22,20",68f63e90fd5cbd04,PPO_final_expansion_checkpoint_inference,E:\Projects\RL-LAM-ScanOpt\outputs\stage3_ppo_rl_lam_fea_addendum_v01\ppo_training\checkpoints\maskable_ppo_lam_scan_order_final.zip,v01,stochastic,diversity,95,E:\Projects\RL-LAM-ScanOpt\cae_model\stage3_ppo_final_expansion_224_to_320_batch224_v01\final_expansion_batch03\N24\PPOFINAL_N24_B095_diversity,J2D_PPOFINAL_N24_B095_diversity,E:\Projects\RL-LAM-ScanOpt\cae_model\stage3_ppo_final_expansion_224_to_320_batch224_v01\final_expansion_batch03\N24\PPOFINAL_N24_B095_diversity\J2D_PPOFINAL_N24_B095_diversity.cae,E:\Projects\RL-LAM-ScanOpt\cae_model\stage3_ppo_final_expansion_224_to_320_batch224_v01\final_expansion_batch03\N24\PPOFINAL_N24_B095_diversity\J2D_PPOFINAL_N24_B095_diversity.inp,E:\Projects\RL-LAM-ScanOpt\cae_model\stage3_ppo_final_expansion_224_to_320_batch224_v01\final_expansion_batch03\N24\PPOFINAL_N24_B095_diversity\J2D_PPOFINAL_N24_B095_diversity.jnl,E:\Projects\RL-LAM-ScanOpt\cae_model\stage3_ppo_final_expansion_224_to_320_batch224_v01\final_expansion_batch03\N24\PPOFINAL_N24_B095_diversity\J2D_PPOFINAL_N24_B095_diversity_stageU_generation_log.json,E:\Projects\RL-LAM-ScanOpt\cae_model\24track_full\sanity_base\24track_sanity_base.cae,stage3_ppo_final_expansion_224_to_320_batch224_v01,False,False,final expansion PPO candidate; not physically validated yet.,0.6902785758320689,4.652173913043479,14.0,5,0.0434782608695652,107.0,11.18336483931947,-0.1587901701323251,0.2149811559659473,20.0,20,21.0,raster
final_expansion_batch03,PPOFINAL_N24_B096_diversity,24,E:\Projects\RL-LAM-ScanOpt\cae_model\stage3_ppo_final_expansion_224_to_320_batch224_v01\final_expansion_batch03\N24\PPOFINAL_N24_B096_diversity\scan_order_PPOFINAL_N24_B096_diversity.json,E:\Projects\RL-LAM-ScanOpt\outputs\stage3_ppo_final_expansion_224_to_320\selected_candidates\scan_orders\scan_order_PPOFINAL_N24_B096_diversity.json,"[11,3,1,15,21,23,17,19,7,5,9,13,0,2,4,6,10,8,16,20,22,18,14,12]","11,3,1,15,21,23,17,19,7,5,9,13,0,2,4,6,10,8,16,20,22,18,14,12",74de91df0b46dac4,PPO_final_expansion_checkpoint_inference,E:\Projects\RL-LAM-ScanOpt\outputs\stage3_ppo_rl_lam_fea_addendum_v01\ppo_training\checkpoints\maskable_ppo_lam_scan_order_final.zip,v01,stochastic,diversity,96,E:\Projects\RL-LAM-ScanOpt\cae_model\stage3_ppo_final_expansion_224_to_320_batch224_v01\final_expansion_batch03\N24\PPOFINAL_N24_B096_diversity,J2D_PPOFINAL_N24_B096_diversity,E:\Projects\RL-LAM-ScanOpt\cae_model\stage3_ppo_final_expansion_224_to_320_batch224_v01\final_expansion_batch03\N24\PPOFINAL_N24_B096_diversity\J2D_PPOFINAL_N24_B096_diversity.cae,E:\Projects\RL-LAM-ScanOpt\cae_model\stage3_ppo_final_expansion_224_to_320_batch224_v01\final_expansion_batch03\N24\PPOFINAL_N24_B096_diversity\J2D_PPOFINAL_N24_B096_diversity.inp,E:\Projects\RL-LAM-ScanOpt\cae_model\stage3_ppo_final_expansion_224_to_320_batch224_v01\final_expansion_batch03\N24\PPOFINAL_N24_B096_diversity\J2D_PPOFINAL_N24_B096_diversity.jnl,E:\Projects\RL-LAM-ScanOpt\cae_model\stage3_ppo_final_expansion_224_to_320_batch224_v01\final_expansion_batch03\N24\PPOFINAL_N24_B096_diversity\J2D_PPOFINAL_N24_B096_diversity_stageU_generation_log.json,E:\Projects\RL-LAM-ScanOpt\cae_model\24track_full\sanity_base\24track_sanity_base.cae,stage3_ppo_final_expansion_224_to_320_batch224_v01,False,False,final expansion PPO candidate; not physically validated yet.,0.7983481064692608,4.826086956521739,14.0,5,0.0,111.0,13.448015122873349,-0.2098298676748582,0.2265085352039193,17.0,17,18.0,odd_even
final_expansion_batch04,PPOFINAL_N24_B097_diversity,24,E:\Projects\RL-LAM-ScanOpt\cae_model\stage3_ppo_final_expansion_224_to_320_batch224_v01\final_expansion_batch04\N24\PPOFINAL_N24_B097_diversity\scan_order_PPOFINAL_N24_B097_diversity.json,E:\Projects\RL-LAM-ScanOpt\outputs\stage3_ppo_final_expansion_224_to_320\selected_candidates\scan_orders\scan_order_PPOFINAL_N24_B097_diversity.json,"[11,1,3,15,19,23,21,17,13,9,20,22,7,5,0,2,4,6,8,10,18,16,14,12]","11,1,3,15,19,23,21,17,13,9,20,22,7,5,0,2,4,6,8,10,18,16,14,12",99a6db3ac9677143,PPO_final_expansion_checkpoint_inference,E:\Projects\RL-LAM-ScanOpt\outputs\stage3_ppo_rl_lam_fea_addendum_v01\ppo_training\checkpoints\maskable_ppo_lam_scan_order_final.zip,v01,stochastic,diversity,97,E:\Projects\RL-LAM-ScanOpt\cae_model\stage3_ppo_final_expansion_224_to_320_batch224_v01\final_expansion_batch04\N24\PPOFINAL_N24_B097_diversity,J2D_PPOFINAL_N24_B097_diversity,E:\Projects\RL-LAM-ScanOpt\cae_model\stage3_ppo_final_expansion_224_to_320_batch224_v01\final_expansion_batch04\N24\PPOFINAL_N24_B097_diversity\J2D_PPOFINAL_N24_B097_diversity.cae,E:\Projects\RL-LAM-ScanOpt\cae_model\stage3_ppo_final_expansion_224_to_320_batch224_v01\final_expansion_batch04\N24\PPOFINAL_N24_B097_diversity\J2D_PPOFINAL_N24_B097_diversity.inp,E:\Projects\RL-LAM-ScanOpt\cae_model\stage3_ppo_final_expansion_224_to_320_batch224_v01\final_expansion_batch04\N24\PPOFINAL_N24_B097_diversity\J2D_PPOFINAL_N24_B097_diversity.jnl,E:\Projects\RL-LAM-ScanOpt\cae_model\stage3_ppo_final_expansion_224_to_320_batch224_v01\final_expansion_batch04\N24\PPOFINAL_N24_B097_diversity\J2D_PPOFINAL_N24_B097_diversity_stageU_generation_log.json,E:\Projects\RL-LAM-ScanOpt\cae_model\24track_full\sanity_base\24track_sanity_base.cae,stage3_ppo_final_expansion_224_to_320_batch224_v01,False,False,final expansion PPO candidate; not physically validated yet.,0.7844886314181224,4.565217391304348,15.0,5,0.0,105.0,14.24574669187145,-0.1984877126654064,0.2171469691717797,17.0,17,22.0,raster
final_expansion_batch04,PPOFINAL_N24_B098_diversity,24,E:\Projects\RL-LAM-ScanOpt\cae_model\stage3_ppo_final_expansion_224_to_320_batch224_v01\final_expansion_batch04\N24\PPOFINAL_N24_B098_diversity\scan_order_PPOFINAL_N24_B098_diversity.json,E:\Projects\RL-LAM-ScanOpt\outputs\stage3_ppo_final_expansion_224_to_320\selected_candidates\scan_orders\scan_order_PPOFINAL_N24_B098_diversity.json,"[11,3,15,1,19,23,21,13,17,7,5,0,2,9,6,4,8,10,16,20,18,22,14,12]","11,3,15,1,19,23,21,13,17,7,5,0,2,9,6,4,8,10,16,20,18,22,14,12",adda1a02ce4bda82,PPO_final_expansion_checkpoint_inference,E:\Projects\RL-LAM-ScanOpt\outputs\stage3_ppo_rl_lam_fea_addendum_v01\ppo_training\checkpoints\maskable_ppo_lam_scan_order_final.zip,v01,stochastic,diversity,98,E:\Projects\RL-LAM-ScanOpt\cae_model\stage3_ppo_final_expansion_224_to_320_batch224_v01\final_expansion_batch04\N24\PPOFINAL_N24_B098_diversity,J2D_PPOFINAL_N24_B098_diversity,E:\Projects\RL-LAM-ScanOpt\cae_model\stage3_ppo_final_expansion_224_to_320_batch224_v01\final_expansion_batch04\N24\PPOFINAL_N24_B098_diversity\J2D_PPOFINAL_N24_B098_diversity.cae,E:\Projects\RL-LAM-ScanOpt\cae_model\stage3_ppo_final_expansion_224_to_320_batch224_v01\final_expansion_batch04\N24\PPOFINAL_N24_B098_diversity\J2D_PPOFINAL_N24_B098_diversity.inp,E:\Projects\RL-LAM-ScanOpt\cae_model\stage3_ppo_final_expansion_224_to_320_batch224_v01\final_expansion_batch04\N24\PPOFINAL_N24_B098_diversity\J2D_PPOFINAL_N24_B098_diversity.jnl,E:\Projects\RL-LAM-ScanOpt\cae_model\stage3_ppo_final_expansion_224_to_320_batch224_v01\final_expansion_batch04\N24\PPOFINAL_N24_B098_diversity\J2D_PPOFINAL_N24_B098_diversity_stageU_generation_log.json,E:\Projects\RL-LAM-ScanOpt\cae_model\24track_full\sanity_base\24track_sanity_base.cae,stage3_ppo_final_expansion_224_to_320_batch224_v01,False,False,final expansion PPO candidate; not physically validated yet.,0.691322256746613,5.782608695652174,18.0,7,0.0,133.0,17.996219281663514,-0.2514177693761815,0.2749613470982927,18.0,18,20.0,odd_even
final_expansion_batch04,PPOFINAL_N24_B099_diversity,24,E:\Projects\RL-LAM-ScanOpt\cae_model\stage3_ppo_final_expansion_224_to_320_batch224_v01\final_expansion_batch04\N24\PPOFINAL_N24_B099_diversity\scan_order_PPOFINAL_N24_B099_diversity.json,E:\Projects\RL-LAM-ScanOpt\outputs\stage3_ppo_final_expansion_224_to_320\selected_candidates\scan_orders\scan_order_PPOFINAL_N24_B099_diversity.json,"[11,1,3,13,15,23,21,19,9,17,7,0,2,5,6,8,4,10,16,22,20,18,12,14]","11,1,3,13,15,23,21,19,9,17,7,0,2,5,6,8,4,10,16,22,20,18,12,14",2b4e7e006d7830bb,PPO_final_expansion_checkpoint_inference,E:\Projects\RL-LAM-ScanOpt\outputs\stage3_ppo_rl_lam_fea_addendum_v01\ppo_training\checkpoints\maskable_ppo_lam_scan_order_final.zip,v01,stochastic,diversity,99,E:\Projects\RL-LAM-ScanOpt\cae_model\stage3_ppo_final_expansion_224_to_320_batch224_v01\final_expansion_batch04\N24\PPOFINAL_N24_B099_diversity,J2D_PPOFINAL_N24_B099_diversity,E:\Projects\RL-LAM-ScanOpt\cae_model\stage3_ppo_final_expansion_224_to_320_batch224_v01\final_expansion_batch04\N24\PPOFINAL_N24_B099_diversity\J2D_PPOFINAL_N24_B099_diversity.cae,E:\Projects\RL-LAM-ScanOpt\cae_model\stage3_ppo_final_expansion_224_to_320_batch224_v01\final_expansion_batch04\N24\PPOFINAL_N24_B099_diversity\J2D_PPOFINAL_N24_B099_diversity.inp,E:\Projects\RL-LAM-ScanOpt\cae_model\stage3_ppo_final_expansion_224_to_320_batch224_v01\final_expansion_batch04\N24\PPOFINAL_N24_B099_diversity\J2D_PPOFINAL_N24_B099_diversity.jnl,E:\Projects\RL-LAM-ScanOpt\cae_model\stage3_ppo_final_expansion_224_to_320_batch224_v01\final_expansion_batch04\N24\PPOFINAL_N24_B099_diversity\J2D_PPOFINAL_N24_B099_diversity_stageU_generation_log.json,E:\Projects\RL-LAM-ScanOpt\cae_model\24track_full\sanity_base\24track_sanity_base.cae,stage3_ppo_final_expansion_224_to_320_batch224_v01,False,False,final expansion PPO candidate; not physically validated yet.,0.7378431833795269,4.913043478260869,10.0,6,0.0434782608695652,113.0,9.9054820415879,-0.1701323251417769,0.223435063720708,18.0,18,22.0,raster
final_expansion_batch04,PPOFINAL_N24_B100_diversity,24,E:\Projects\RL-LAM-ScanOpt\cae_model\stage3_ppo_final_expansion_224_to_320_batch224_v01\final_expansion_batch04\N24\PPOFINAL_N24_B100_diversity\scan_order_PPOFINAL_N24_B100_diversity.json,E:\Projects\RL-LAM-ScanOpt\outputs\stage3_ppo_final_expansion_224_to_320\selected_candidates\scan_orders\scan_order_PPOFINAL_N24_B100_diversity.json,"[11,3,1,21,15,23,19,17,13,22,5,9,7,0,2,6,4,8,10,12,16,18,14,20]","11,3,1,21,15,23,19,17,13,22,5,9,7,0,2,6,4,8,10,12,16,18,14,20",b2acf4ae2f80ef3a,PPO_final_expansion_checkpoint_inference,E:\Projects\RL-LAM-ScanOpt\outputs\stage3_ppo_rl_lam_fea_addendum_v01\ppo_training\checkpoints\maskable_ppo_lam_scan_order_final.zip,v01,stochastic,diversity,100,E:\Projects\RL-LAM-ScanOpt\cae_model\stage3_ppo_final_expansion_224_to_320_batch224_v01\final_expansion_batch04\N24\PPOFINAL_N24_B100_diversity,J2D_PPOFINAL_N24_B100_diversity,E:\Projects\RL-LAM-ScanOpt\cae_model\stage3_ppo_final_expansion_224_to_320_batch224_v01\final_expansion_batch04\N24\PPOFINAL_N24_B100_diversity\J2D_PPOFINAL_N24_B100_diversity.cae,E:\Projects\RL-LAM-ScanOpt\cae_model\stage3_ppo_final_expansion_224_to_320_batch224_v01\final_expansion_batch04\N24\PPOFINAL_N24_B100_diversity\J2D_PPOFINAL_N24_B100_diversity.inp,E:\Projects\RL-LAM-ScanOpt\cae_model\stage3_ppo_final_expansion_224_to_320_batch224_v01\final_expansion_batch04\N24\PPOFINAL_N24_B100_diversity\J2D_PPOFINAL_N24_B100_diversity.jnl,E:\Projects\RL-LAM-ScanOpt\cae_model\stage3_ppo_final_expansion_224_to_320_batch224_v01\final_expansion_batch04\N24\PPOFINAL_N24_B100_diversity\J2D_PPOFINAL_N24_B100_diversity_stageU_generation_log.json,E:\Projects\RL-LAM-ScanOpt\cae_model\24track_full\sanity_base\24track_sanity_base.cae,stage3_ppo_final_expansion_224_to_320_batch224_v01,False,False,final expansion PPO candidate; not physically validated yet.,0.7007263123422302,5.434782608695652,20.0,5,0.0,125.0,21.028355387523632,-0.2362948960302457,0.2662004197621744,16.0,16,20.0,odd_even
final_expansion_batch04,PPOFINAL_N24_B101_diversity,24,E:\Projects\RL-LAM-ScanOpt\cae_model\stage3_ppo_final_expansion_224_to_320_batch224_v01\final_expansion_batch04\N24\PPOFINAL_N24_B101_diversity\scan_order_PPOFINAL_N24_B101_diversity.json,E:\Projects\RL-LAM-ScanOpt\outputs\stage3_ppo_final_expansion_224_to_320\selected_candidates\scan_orders\scan_order_PPOFINAL_N24_B101_diversity.json,"[11,3,1,21,15,23,13,19,9,17,7,5,0,2,4,6,8,10,16,12,14,18,20,22]","11,3,1,21,15,23,13,19,9,17,7,5,0,2,4,6,8,10,16,12,14,18,20,22",b8705a9eed1632a7,PPO_final_expansion_checkpoint_inference,E:\Projects\RL-LAM-ScanOpt\outputs\stage3_ppo_rl_lam_fea_addendum_v01\ppo_training\checkpoints\maskable_ppo_lam_scan_order_final.zip,v01,stochastic,diversity,101,E:\Projects\RL-LAM-ScanOpt\cae_model\stage3_ppo_final_expansion_224_to_320_batch224_v01\final_expansion_batch04\N24\PPOFINAL_N24_B101_diversity,J2D_PPOFINAL_N24_B101_diversity,E:\Projects\RL-LAM-ScanOpt\cae_model\stage3_ppo_final_expansion_224_to_320_batch224_v01\final_expansion_batch04\N24\PPOFINAL_N24_B101_diversity\J2D_PPOFINAL_N24_B101_diversity.cae,E:\Projects\RL-LAM-ScanOpt\cae_model\stage3_ppo_final_expansion_224_to_320_batch224_v01\final_expansion_batch04\N24\PPOFINAL_N24_B101_diversity\J2D_PPOFINAL_N24_B101_diversity.inp,E:\Projects\RL-LAM-ScanOpt\cae_model\stage3_ppo_final_expansion_224_to_320_batch224_v01\final_expansion_batch04\N24\PPOFINAL_N24_B101_diversity\J2D_PPOFINAL_N24_B101_diversity.jnl,E:\Projects\RL-LAM-ScanOpt\cae_model\stage3_ppo_final_expansion_224_to_320_batch224_v01\final_expansion_batch04\N24\PPOFINAL_N24_B101_diversity\J2D_PPOFINAL_N24_B101_diversity_stageU_generation_log.json,E:\Projects\RL-LAM-ScanOpt\cae_model\24track_full\sanity_base\24track_sanity_base.cae,stage3_ppo_final_expansion_224_to_320_batch224_v01,False,False,final expansion PPO candidate; not physically validated yet.,0.6814604153720092,5.434782608695652,20.0,7,0.0,125.0,18.158790170132328,-0.2362948960302457,0.2607759108446106,14.0,14,13.0,odd_even
final_expansion_batch04,PPOFINAL_N24_B102_diversity,24,E:\Projects\RL-LAM-ScanOpt\cae_model\stage3_ppo_final_expansion_224_to_320_batch224_v01\final_expansion_batch04\N24\PPOFINAL_N24_B102_diversity\scan_order_PPOFINAL_N24_B102_diversity.json,E:\Projects\RL-LAM-ScanOpt\outputs\stage3_ppo_final_expansion_224_to_320\selected_candidates\scan_orders\scan_order_PPOFINAL_N24_B102_diversity.json,"[11,1,15,3,23,21,19,13,17,7,9,0,2,5,6,8,4,10,16,12,22,20,18,14]","11,1,15,3,23,21,19,13,17,7,9,0,2,5,6,8,4,10,16,12,22,20,18,14",412dd61950d59a02,PPO_final_expansion_checkpoint_inference,E:\Projects\RL-LAM-ScanOpt\outputs\stage3_ppo_rl_lam_fea_addendum_v01\ppo_training\checkpoints\maskable_ppo_lam_scan_order_final.zip,v01,stochastic,diversity,102,E:\Projects\RL-LAM-ScanOpt\cae_model\stage3_ppo_final_expansion_224_to_320_batch224_v01\final_expansion_batch04\N24\PPOFINAL_N24_B102_diversity,J2D_PPOFINAL_N24_B102_diversity,E:\Projects\RL-LAM-ScanOpt\cae_model\stage3_ppo_final_expansion_224_to_320_batch224_v01\final_expansion_batch04\N24\PPOFINAL_N24_B102_diversity\J2D_PPOFINAL_N24_B102_diversity.cae,E:\Projects\RL-LAM-ScanOpt\cae_model\stage3_ppo_final_expansion_224_to_320_batch224_v01\final_expansion_batch04\N24\PPOFINAL_N24_B102_diversity\J2D_PPOFINAL_N24_B102_diversity.inp,E:\Projects\RL-LAM-ScanOpt\cae_model\stage3_ppo_final_expansion_224_to_320_batch224_v01\final_expansion_batch04\N24\PPOFINAL_N24_B102_diversity\J2D_PPOFINAL_N24_B102_diversity.jnl,E:\Projects\RL-LAM-ScanOpt\cae_model\stage3_ppo_final_expansion_224_to_320_batch224_v01\final_expansion_batch04\N24\PPOFINAL_N24_B102_diversity\J2D_PPOFINAL_N24_B102_diversity_stageU_generation_log.json,E:\Projects\RL-LAM-ScanOpt\cae_model\24track_full\sanity_base\24track_sanity_base.cae,stage3_ppo_final_expansion_224_to_320_batch224_v01,False,False,final expansion PPO candidate; not physically validated yet.,0.6547507810600612,5.956521739130435,20.0,7,0.0434782608695652,137.0,22.389413988657843,-0.2155009451795841,0.2905124398021257,19.0,19,22.0,raster
final_expansion_batch04,PPOFINAL_N24_B103_diversity,24,E:\Projects\RL-LAM-ScanOpt\cae_model\stage3_ppo_final_expansion_224_to_320_batch224_v01\final_expansion_batch04\N24\PPOFINAL_N24_B103_diversity\scan_order_PPOFINAL_N24_B103_diversity.json,E:\Projects\RL-LAM-ScanOpt\outputs\stage3_ppo_final_expansion_224_to_320\selected_candidates\scan_orders\scan_order_PPOFINAL_N24_B103_diversity.json,"[11,1,3,21,15,23,17,19,7,13,9,5,0,2,6,4,8,10,18,20,22,16,12,14]","11,1,3,21,15,23,17,19,7,13,9,5,0,2,6,4,8,10,18,20,22,16,12,14",ff1f2f444fc1385f,PPO_final_expansion_checkpoint_inference,E:\Projects\RL-LAM-ScanOpt\outputs\stage3_ppo_rl_lam_fea_addendum_v01\ppo_training\checkpoints\maskable_ppo_lam_scan_order_final.zip,v01,stochastic,diversity,103,E:\Projects\RL-LAM-ScanOpt\cae_model\stage3_ppo_final_expansion_224_to_320_batch224_v01\final_expansion_batch04\N24\PPOFINAL_N24_B103_diversity,J2D_PPOFINAL_N24_B103_diversity,E:\Projects\RL-LAM-ScanOpt\cae_model\stage3_ppo_final_expansion_224_to_320_batch224_v01\final_expansion_batch04\N24\PPOFINAL_N24_B103_diversity\J2D_PPOFINAL_N24_B103_diversity.cae,E:\Projects\RL-LAM-ScanOpt\cae_model\stage3_ppo_final_expansion_224_to_320_batch224_v01\final_expansion_batch04\N24\PPOFINAL_N24_B103_diversity\J2D_PPOFINAL_N24_B103_diversity.inp,E:\Projects\RL-LAM-ScanOpt\cae_model\stage3_ppo_final_expansion_224_to_320_batch224_v01\final_expansion_batch04\N24\PPOFINAL_N24_B103_diversity\J2D_PPOFINAL_N24_B103_diversity.jnl,E:\Projects\RL-LAM-ScanOpt\cae_model\stage3_ppo_final_expansion_224_to_320_batch224_v01\final_expansion_batch04\N24\PPOFINAL_N24_B103_diversity\J2D_PPOFINAL_N24_B103_diversity_stageU_generation_log.json,E:\Projects\RL-LAM-ScanOpt\cae_model\24track_full\sanity_base\24track_sanity_base.cae,stage3_ppo_final_expansion_224_to_320_batch224_v01,False,False,final expansion PPO candidate; not physically validated yet.,0.7993412661338163,5.260869565217392,18.0,5,0.0,121.0,14.8015122873346,-0.2287334593572779,0.2471830730069337,18.0,18,20.0,odd_even
final_expansion_batch04,PPOFINAL_N24_B104_diversity,24,E:\Projects\RL-LAM-ScanOpt\cae_model\stage3_ppo_final_expansion_224_to_320_batch224_v01\final_expansion_batch04\N24\PPOFINAL_N24_B104_diversity\scan_order_PPOFINAL_N24_B104_diversity.json,E:\Projects\RL-LAM-ScanOpt\outputs\stage3_ppo_final_expansion_224_to_320\selected_candidates\scan_orders\scan_order_PPOFINAL_N24_B104_diversity.json,"[11,3,1,15,13,23,19,21,9,17,20,7,5,0,6,2,4,8,10,12,16,18,22,14]","11,3,1,15,13,23,19,21,9,17,20,7,5,0,6,2,4,8,10,12,16,18,22,14",eec9d9d1d399e2e9,PPO_final_expansion_checkpoint_inference,E:\Projects\RL-LAM-ScanOpt\outputs\stage3_ppo_rl_lam_fea_addendum_v01\ppo_training\checkpoints\maskable_ppo_lam_scan_order_final.zip,v01,stochastic,diversity,104,E:\Projects\RL-LAM-ScanOpt\cae_model\stage3_ppo_final_expansion_224_to_320_batch224_v01\final_expansion_batch04\N24\PPOFINAL_N24_B104_diversity,J2D_PPOFINAL_N24_B104_diversity,E:\Projects\RL-LAM-ScanOpt\cae_model\stage3_ppo_final_expansion_224_to_320_batch224_v01\final_expansion_batch04\N24\PPOFINAL_N24_B104_diversity\J2D_PPOFINAL_N24_B104_diversity.cae,E:\Projects\RL-LAM-ScanOpt\cae_model\stage3_ppo_final_expansion_224_to_320_batch224_v01\final_expansion_batch04\N24\PPOFINAL_N24_B104_diversity\J2D_PPOFINAL_N24_B104_diversity.inp,E:\Projects\RL-LAM-ScanOpt\cae_model\stage3_ppo_final_expansion_224_to_320_batch224_v01\final_expansion_batch04\N24\PPOFINAL_N24_B104_diversity\J2D_PPOFINAL_N24_B104_diversity.jnl,E:\Projects\RL-LAM-ScanOpt\cae_model\stage3_ppo_final_expansion_224_to_320_batch224_v01\final_expansion_batch04\N24\PPOFINAL_N24_B104_diversity\J2D_PPOFINAL_N24_B104_diversity_stageU_generation_log.json,E:\Projects\RL-LAM-ScanOpt\cae_model\24track_full\sanity_base\24track_sanity_base.cae,stage3_ppo_final_expansion_224_to_320_batch224_v01,False,False,final expansion PPO candidate; not physically validated yet.,0.7931655054762544,5.3478260869565215,14.0,7,0.0,123.0,14.139886578449904,-0.2325141776937618,0.249555551187996,18.0,18,21.0,odd_even
final_expansion_batch04,PPOFINAL_N24_B105_diversity,24,E:\Projects\RL-LAM-ScanOpt\cae_model\stage3_ppo_final_expansion_224_to_320_batch224_v01\final_expansion_batch04\N24\PPOFINAL_N24_B105_diversity\scan_order_PPOFINAL_N24_B105_diversity.json,E:\Projects\RL-LAM-ScanOpt\outputs\stage3_ppo_final_expansion_224_to_320\selected_candidates\scan_orders\scan_order_PPOFINAL_N24_B105_diversity.json,"[11,3,1,15,23,21,17,19,5,13,9,7,0,2,6,8,16,4,10,12,22,20,18,14]","11,3,1,15,23,21,17,19,5,13,9,7,0,2,6,8,16,4,10,12,22,20,18,14",bf3c7e3e885190e0,PPO_final_expansion_checkpoint_inference,E:\Projects\RL-LAM-ScanOpt\outputs\stage3_ppo_rl_lam_fea_addendum_v01\ppo_training\checkpoints\maskable_ppo_lam_scan_order_final.zip,v01,stochastic,diversity,105,E:\Projects\RL-LAM-ScanOpt\cae_model\stage3_ppo_final_expansion_224_to_320_batch224_v01\final_expansion_batch04\N24\PPOFINAL_N24_B105_diversity,J2D_PPOFINAL_N24_B105_diversity,E:\Projects\RL-LAM-ScanOpt\cae_model\stage3_ppo_final_expansion_224_to_320_batch224_v01\final_expansion_batch04\N24\PPOFINAL_N24_B105_diversity\J2D_PPOFINAL_N24_B105_diversity.cae,E:\Projects\RL-LAM-ScanOpt\cae_model\stage3_ppo_final_expansion_224_to_320_batch224_v01\final_expansion_batch04\N24\PPOFINAL_N24_B105_diversity\J2D_PPOFINAL_N24_B105_diversity.inp,E:\Projects\RL-LAM-ScanOpt\cae_model\stage3_ppo_final_expansion_224_to_320_batch224_v01\final_expansion_batch04\N24\PPOFINAL_N24_B105_diversity\J2D_PPOFINAL_N24_B105_diversity.jnl,E:\Projects\RL-LAM-ScanOpt\cae_model\stage3_ppo_final_expansion_224_to_320_batch224_v01\final_expansion_batch04\N24\PPOFINAL_N24_B105_diversity\J2D_PPOFINAL_N24_B105_diversity_stageU_generation_log.json,E:\Projects\RL-LAM-ScanOpt\cae_model\24track_full\sanity_base\24track_sanity_base.cae,stage3_ppo_final_expansion_224_to_320_batch224_v01,False,False,final expansion PPO candidate; not physically validated yet.,0.7441420072193387,5.608695652173913,14.0,8,0.0,129.0,15.368620037807185,-0.2438563327032136,0.262747863965609,19.0,19,21.0,odd_even
final_expansion_batch04,PPOFINAL_N24_B106_diversity,24,E:\Projects\RL-LAM-ScanOpt\cae_model\stage3_ppo_final_expansion_224_to_320_batch224_v01\final_expansion_batch04\N24\PPOFINAL_N24_B106_diversity\scan_order_PPOFINAL_N24_B106_diversity.json,E:\Projects\RL-LAM-ScanOpt\outputs\stage3_ppo_final_expansion_224_to_320\selected_candidates\scan_orders\scan_order_PPOFINAL_N24_B106_diversity.json,"[11,3,15,21,1,13,23,19,17,9,7,5,0,2,6,4,8,10,12,14,16,22,20,18]","11,3,15,21,1,13,23,19,17,9,7,5,0,2,6,4,8,10,12,14,16,22,20,18",67fdf422431f384f,PPO_final_expansion_checkpoint_inference,E:\Projects\RL-LAM-ScanOpt\outputs\stage3_ppo_rl_lam_fea_addendum_v01\ppo_training\checkpoints\maskable_ppo_lam_scan_order_final.zip,v01,stochastic,diversity,106,E:\Projects\RL-LAM-ScanOpt\cae_model\stage3_ppo_final_expansion_224_to_320_batch224_v01\final_expansion_batch04\N24\PPOFINAL_N24_B106_diversity,J2D_PPOFINAL_N24_B106_diversity,E:\Projects\RL-LAM-ScanOpt\cae_model\stage3_ppo_final_expansion_224_to_320_batch224_v01\final_expansion_batch04\N24\PPOFINAL_N24_B106_diversity\J2D_PPOFINAL_N24_B106_diversity.cae,E:\Projects\RL-LAM-ScanOpt\cae_model\stage3_ppo_final_expansion_224_to_320_batch224_v01\final_expansion_batch04\N24\PPOFINAL_N24_B106_diversity\J2D_PPOFINAL_N24_B106_diversity.inp,E:\Projects\RL-LAM-ScanOpt\cae_model\stage3_ppo_final_expansion_224_to_320_batch224_v01\final_expansion_batch04\N24\PPOFINAL_N24_B106_diversity\J2D_PPOFINAL_N24_B106_diversity.jnl,E:\Projects\RL-LAM-ScanOpt\cae_model\stage3_ppo_final_expansion_224_to_320_batch224_v01\final_expansion_batch04\N24\PPOFINAL_N24_B106_diversity\J2D_PPOFINAL_N24_B106_diversity_stageU_generation_log.json,E:\Projects\RL-LAM-ScanOpt\cae_model\24track_full\sanity_base\24track_sanity_base.cae,stage3_ppo_final_expansion_224_to_320_batch224_v01,False,False,final expansion PPO candidate; not physically validated yet.,0.7213548405323471,5.260869565217392,20.0,6,0.0,121.0,20.366729678638947,-0.2287334593572779,0.2577033327258455,13.0,13,14.0,odd_even
final_expansion_batch04,PPOFINAL_N24_B107_diversity,24,E:\Projects\RL-LAM-ScanOpt\cae_model\stage3_ppo_final_expansion_224_to_320_batch224_v01\final_expansion_batch04\N24\PPOFINAL_N24_B107_diversity\scan_order_PPOFINAL_N24_B107_diversity.json,E:\Projects\RL-LAM-ScanOpt\outputs\stage3_ppo_final_expansion_224_to_320\selected_candidates\scan_orders\scan_order_PPOFINAL_N24_B107_diversity.json,"[11,3,1,15,21,19,23,13,17,9,7,20,5,0,2,6,8,4,10,12,16,18,22,14]","11,3,1,15,21,19,23,13,17,9,7,20,5,0,2,6,8,4,10,12,16,18,22,14",b50b42d8d6d81b48,PPO_final_expansion_checkpoint_inference,E:\Projects\RL-LAM-ScanOpt\outputs\stage3_ppo_rl_lam_fea_addendum_v01\ppo_training\checkpoints\maskable_ppo_lam_scan_order_final.zip,v01,stochastic,diversity,107,E:\Projects\RL-LAM-ScanOpt\cae_model\stage3_ppo_final_expansion_224_to_320_batch224_v01\final_expansion_batch04\N24\PPOFINAL_N24_B107_diversity,J2D_PPOFINAL_N24_B107_diversity,E:\Projects\RL-LAM-ScanOpt\cae_model\stage3_ppo_final_expansion_224_to_320_batch224_v01\final_expansion_batch04\N24\PPOFINAL_N24_B107_diversity\J2D_PPOFINAL_N24_B107_diversity.cae,E:\Projects\RL-LAM-ScanOpt\cae_model\stage3_ppo_final_expansion_224_to_320_batch224_v01\final_expansion_batch04\N24\PPOFINAL_N24_B107_diversity\J2D_PPOFINAL_N24_B107_diversity.inp,E:\Projects\RL-LAM-ScanOpt\cae_model\stage3_ppo_final_expansion_224_to_320_batch224_v01\final_expansion_batch04\N24\PPOFINAL_N24_B107_diversity\J2D_PPOFINAL_N24_B107_diversity.jnl,E:\Projects\RL-LAM-ScanOpt\cae_model\stage3_ppo_final_expansion_224_to_320_batch224_v01\final_expansion_batch04\N24\PPOFINAL_N24_B107_diversity\J2D_PPOFINAL_N24_B107_diversity_stageU_generation_log.json,E:\Projects\RL-LAM-ScanOpt\cae_model\24track_full\sanity_base\24track_sanity_base.cae,stage3_ppo_final_expansion_224_to_320_batch224_v01,False,False,final expansion PPO candidate; not physically validated yet.,0.6845514447853005,5.695652173913044,15.0,7,0.0,131.0,15.516068052930056,-0.2476370510396975,0.2666497820786327,18.0,18,18.0,odd_even
final_expansion_batch04,PPOFINAL_N24_B108_diversity,24,E:\Projects\RL-LAM-ScanOpt\cae_model\stage3_ppo_final_expansion_224_to_320_batch224_v01\final_expansion_batch04\N24\PPOFINAL_N24_B108_diversity\scan_order_PPOFINAL_N24_B108_diversity.json,E:\Projects\RL-LAM-ScanOpt\outputs\stage3_ppo_final_expansion_224_to_320\selected_candidates\scan_orders\scan_order_PPOFINAL_N24_B108_diversity.json,"[11,1,13,3,15,23,19,21,7,5,17,9,0,2,6,4,8,10,16,14,18,20,22,12]","11,1,13,3,15,23,19,21,7,5,17,9,0,2,6,4,8,10,16,14,18,20,22,12",c2d90a10e6c13e10,PPO_final_expansion_checkpoint_inference,E:\Projects\RL-LAM-ScanOpt\outputs\stage3_ppo_rl_lam_fea_addendum_v01\ppo_training\checkpoints\maskable_ppo_lam_scan_order_final.zip,v01,stochastic,diversity,108,E:\Projects\RL-LAM-ScanOpt\cae_model\stage3_ppo_final_expansion_224_to_320_batch224_v01\final_expansion_batch04\N24\PPOFINAL_N24_B108_diversity,J2D_PPOFINAL_N24_B108_diversity,E:\Projects\RL-LAM-ScanOpt\cae_model\stage3_ppo_final_expansion_224_to_320_batch224_v01\final_expansion_batch04\N24\PPOFINAL_N24_B108_diversity\J2D_PPOFINAL_N24_B108_diversity.cae,E:\Projects\RL-LAM-ScanOpt\cae_model\stage3_ppo_final_expansion_224_to_320_batch224_v01\final_expansion_batch04\N24\PPOFINAL_N24_B108_diversity\J2D_PPOFINAL_N24_B108_diversity.inp,E:\Projects\RL-LAM-ScanOpt\cae_model\stage3_ppo_final_expansion_224_to_320_batch224_v01\final_expansion_batch04\N24\PPOFINAL_N24_B108_diversity\J2D_PPOFINAL_N24_B108_diversity.jnl,E:\Projects\RL-LAM-ScanOpt\cae_model\stage3_ppo_final_expansion_224_to_320_batch224_v01\final_expansion_batch04\N24\PPOFINAL_N24_B108_diversity\J2D_PPOFINAL_N24_B108_diversity_stageU_generation_log.json,E:\Projects\RL-LAM-ScanOpt\cae_model\24track_full\sanity_base\24track_sanity_base.cae,stage3_ppo_final_expansion_224_to_320_batch224_v01,False,False,final expansion PPO candidate; not physically validated yet.,0.6553689268744944,6.217391304347826,14.0,10,0.0,143.0,16.517958412098302,-0.2703213610586011,0.2902828451394422,17.0,17,19.0,odd_even
final_expansion_batch04,PPOFINAL_N24_B109_diversity,24,E:\Projects\RL-LAM-ScanOpt\cae_model\stage3_ppo_final_expansion_224_to_320_batch224_v01\final_expansion_batch04\N24\PPOFINAL_N24_B109_diversity\scan_order_PPOFINAL_N24_B109_diversity.json,E:\Projects\RL-LAM-ScanOpt\outputs\stage3_ppo_final_expansion_224_to_320\selected_candidates\scan_orders\scan_order_PPOFINAL_N24_B109_diversity.json,"[11,3,1,15,23,21,9,13,19,17,7,0,2,5,6,4,8,10,12,18,20,22,16,14]","11,3,1,15,23,21,9,13,19,17,7,0,2,5,6,4,8,10,12,18,20,22,16,14",390cfaafc4da7c47,PPO_final_expansion_checkpoint_inference,E:\Projects\RL-LAM-ScanOpt\outputs\stage3_ppo_rl_lam_fea_addendum_v01\ppo_training\checkpoints\maskable_ppo_lam_scan_order_final.zip,v01,stochastic,diversity,109,E:\Projects\RL-LAM-ScanOpt\cae_model\stage3_ppo_final_expansion_224_to_320_batch224_v01\final_expansion_batch04\N24\PPOFINAL_N24_B109_diversity,J2D_PPOFINAL_N24_B109_diversity,E:\Projects\RL-LAM-ScanOpt\cae_model\stage3_ppo_final_expansion_224_to_320_batch224_v01\final_expansion_batch04\N24\PPOFINAL_N24_B109_diversity\J2D_PPOFINAL_N24_B109_diversity.cae,E:\Projects\RL-LAM-ScanOpt\cae_model\stage3_ppo_final_expansion_224_to_320_batch224_v01\final_expansion_batch04\N24\PPOFINAL_N24_B109_diversity\J2D_PPOFINAL_N24_B109_diversity.inp,E:\Projects\RL-LAM-ScanOpt\cae_model\stage3_ppo_final_expansion_224_to_320_batch224_v01\final_expansion_batch04\N24\PPOFINAL_N24_B109_diversity\J2D_PPOFINAL_N24_B109_diversity.jnl,E:\Projects\RL-LAM-ScanOpt\cae_model\stage3_ppo_final_expansion_224_to_320_batch224_v01\final_expansion_batch04\N24\PPOFINAL_N24_B109_diversity\J2D_PPOFINAL_N24_B109_diversity_stageU_generation_log.json,E:\Projects\RL-LAM-ScanOpt\cae_model\24track_full\sanity_base\24track_sanity_base.cae,stage3_ppo_final_expansion_224_to_320_batch224_v01,False,False,final expansion PPO candidate; not physically validated yet.,0.804033542880852,4.739130434782608,14.0,5,0.0434782608695652,109.0,12.627599243856336,-0.162570888468809,0.2213344661194511,16.0,16,20.0,odd_even
final_expansion_batch04,PPOFINAL_N24_B110_diversity,24,E:\Projects\RL-LAM-ScanOpt\cae_model\stage3_ppo_final_expansion_224_to_320_batch224_v01\final_expansion_batch04\N24\PPOFINAL_N24_B110_diversity\scan_order_PPOFINAL_N24_B110_diversity.json,E:\Projects\RL-LAM-ScanOpt\outputs\stage3_ppo_final_expansion_224_to_320\selected_candidates\scan_orders\scan_order_PPOFINAL_N24_B110_diversity.json,"[11,3,1,21,15,23,19,17,13,9,7,0,2,5,6,4,8,16,18,20,22,14,10,12]","11,3,1,21,15,23,19,17,13,9,7,0,2,5,6,4,8,16,18,20,22,14,10,12",6c173eb0332cca99,PPO_final_expansion_checkpoint_inference,E:\Projects\RL-LAM-ScanOpt\outputs\stage3_ppo_rl_lam_fea_addendum_v01\ppo_training\checkpoints\maskable_ppo_lam_scan_order_final.zip,v01,stochastic,diversity,110,E:\Projects\RL-LAM-ScanOpt\cae_model\stage3_ppo_final_expansion_224_to_320_batch224_v01\final_expansion_batch04\N24\PPOFINAL_N24_B110_diversity,J2D_PPOFINAL_N24_B110_diversity,E:\Projects\RL-LAM-ScanOpt\cae_model\stage3_ppo_final_expansion_224_to_320_batch224_v01\final_expansion_batch04\N24\PPOFINAL_N24_B110_diversity\J2D_PPOFINAL_N24_B110_diversity.cae,E:\Projects\RL-LAM-ScanOpt\cae_model\stage3_ppo_final_expansion_224_to_320_batch224_v01\final_expansion_batch04\N24\PPOFINAL_N24_B110_diversity\J2D_PPOFINAL_N24_B110_diversity.inp,E:\Projects\RL-LAM-ScanOpt\cae_model\stage3_ppo_final_expansion_224_to_320_batch224_v01\final_expansion_batch04\N24\PPOFINAL_N24_B110_diversity\J2D_PPOFINAL_N24_B110_diversity.jnl,E:\Projects\RL-LAM-ScanOpt\cae_model\stage3_ppo_final_expansion_224_to_320_batch224_v01\final_expansion_batch04\N24\PPOFINAL_N24_B110_diversity\J2D_PPOFINAL_N24_B110_diversity_stageU_generation_log.json,E:\Projects\RL-LAM-ScanOpt\cae_model\24track_full\sanity_base\24track_sanity_base.cae,stage3_ppo_final_expansion_224_to_320_batch224_v01,False,False,final expansion PPO candidate; not physically validated yet.,0.7865085680164963,4.652173913043479,20.0,5,0.0434782608695652,107.0,16.052930056710778,-0.1587901701323251,0.2241863832199951,19.0,19,21.0,edge_in
final_expansion_batch04,PPOFINAL_N24_B111_diversity,24,E:\Projects\RL-LAM-ScanOpt\cae_model\stage3_ppo_final_expansion_224_to_320_batch224_v01\final_expansion_batch04\N24\PPOFINAL_N24_B111_diversity\scan_order_PPOFINAL_N24_B111_diversity.json,E:\Projects\RL-LAM-ScanOpt\outputs\stage3_ppo_final_expansion_224_to_320\selected_candidates\scan_orders\scan_order_PPOFINAL_N24_B111_diversity.json,"[11,1,3,15,23,21,19,13,17,7,5,0,2,4,6,8,10,16,20,9,12,18,22,14]","11,1,3,15,23,21,19,13,17,7,5,0,2,4,6,8,10,16,20,9,12,18,22,14",3989d0080d339976,PPO_final_expansion_checkpoint_inference,E:\Projects\RL-LAM-ScanOpt\outputs\stage3_ppo_rl_lam_fea_addendum_v01\ppo_training\checkpoints\maskable_ppo_lam_scan_order_final.zip,v01,stochastic,diversity,111,E:\Projects\RL-LAM-ScanOpt\cae_model\stage3_ppo_final_expansion_224_to_320_batch224_v01\final_expansion_batch04\N24\PPOFINAL_N24_B111_diversity,J2D_PPOFINAL_N24_B111_diversity,E:\Projects\RL-LAM-ScanOpt\cae_model\stage3_ppo_final_expansion_224_to_320_batch224_v01\final_expansion_batch04\N24\PPOFINAL_N24_B111_diversity\J2D_PPOFINAL_N24_B111_diversity.cae,E:\Projects\RL-LAM-ScanOpt\cae_model\stage3_ppo_final_expansion_224_to_320_batch224_v01\final_expansion_batch04\N24\PPOFINAL_N24_B111_diversity\J2D_PPOFINAL_N24_B111_diversity.inp,E:\Projects\RL-LAM-ScanOpt\cae_model\stage3_ppo_final_expansion_224_to_320_batch224_v01\final_expansion_batch04\N24\PPOFINAL_N24_B111_diversity\J2D_PPOFINAL_N24_B111_diversity.jnl,E:\Projects\RL-LAM-ScanOpt\cae_model\stage3_ppo_final_expansion_224_to_320_batch224_v01\final_expansion_batch04\N24\PPOFINAL_N24_B111_diversity\J2D_PPOFINAL_N24_B111_diversity_stageU_generation_log.json,E:\Projects\RL-LAM-ScanOpt\cae_model\24track_full\sanity_base\24track_sanity_base.cae,stage3_ppo_final_expansion_224_to_320_batch224_v01,False,False,final expansion PPO candidate; not physically validated yet.,0.7800222654545491,5.0,12.0,6,0.0,115.0,10.608695652173912,-0.217391304347826,0.2283875784225089,17.0,17,22.0,raster
final_expansion_batch04,PPOFINAL_N24_B112_diversity,24,E:\Projects\RL-LAM-ScanOpt\cae_model\stage3_ppo_final_expansion_224_to_320_batch224_v01\final_expansion_batch04\N24\PPOFINAL_N24_B112_diversity\scan_order_PPOFINAL_N24_B112_diversity.json,E:\Projects\RL-LAM-ScanOpt\outputs\stage3_ppo_final_expansion_224_to_320\selected_candidates\scan_orders\scan_order_PPOFINAL_N24_B112_diversity.json,"[11,1,3,15,23,19,21,17,9,7,13,5,0,2,4,6,8,10,18,20,22,14,16,12]","11,1,3,15,23,19,21,17,9,7,13,5,0,2,4,6,8,10,18,20,22,14,16,12",d699348f4b02cb9e,PPO_final_expansion_checkpoint_inference,E:\Projects\RL-LAM-ScanOpt\outputs\stage3_ppo_rl_lam_fea_addendum_v01\ppo_training\checkpoints\maskable_ppo_lam_scan_order_final.zip,v01,stochastic,diversity,112,E:\Projects\RL-LAM-ScanOpt\cae_model\stage3_ppo_final_expansion_224_to_320_batch224_v01\final_expansion_batch04\N24\PPOFINAL_N24_B112_diversity,J2D_PPOFINAL_N24_B112_diversity,E:\Projects\RL-LAM-ScanOpt\cae_model\stage3_ppo_final_expansion_224_to_320_batch224_v01\final_expansion_batch04\N24\PPOFINAL_N24_B112_diversity\J2D_PPOFINAL_N24_B112_diversity.cae,E:\Projects\RL-LAM-ScanOpt\cae_model\stage3_ppo_final_expansion_224_to_320_batch224_v01\final_expansion_batch04\N24\PPOFINAL_N24_B112_diversity\J2D_PPOFINAL_N24_B112_diversity.inp,E:\Projects\RL-LAM-ScanOpt\cae_model\stage3_ppo_final_expansion_224_to_320_batch224_v01\final_expansion_batch04\N24\PPOFINAL_N24_B112_diversity\J2D_PPOFINAL_N24_B112_diversity.jnl,E:\Projects\RL-LAM-ScanOpt\cae_model\stage3_ppo_final_expansion_224_to_320_batch224_v01\final_expansion_batch04\N24\PPOFINAL_N24_B112_diversity\J2D_PPOFINAL_N24_B112_diversity_stageU_generation_log.json,E:\Projects\RL-LAM-ScanOpt\cae_model\24track_full\sanity_base\24track_sanity_base.cae,stage3_ppo_final_expansion_224_to_320_batch224_v01,False,False,final expansion PPO candidate; not physically validated yet.,0.7760434167062839,4.652173913043479,12.0,7,0.0,107.0,9.531190926275992,-0.2022684310018903,0.2118579538618953,16.0,16,18.0,odd_even
final_expansion_batch04,PPOFINAL_N24_B113_efficiency,24,E:\Projects\RL-LAM-ScanOpt\cae_model\stage3_ppo_final_expansion_224_to_320_batch224_v01\final_expansion_batch04\N24\PPOFINAL_N24_B113_efficiency\scan_order_PPOFINAL_N24_B113_efficiency.json,E:\Projects\RL-LAM-ScanOpt\outputs\stage3_ppo_final_expansion_224_to_320\selected_candidates\scan_orders\scan_order_PPOFINAL_N24_B113_efficiency.json,"[21,23,19,17,18,22,20,16,14,15,12,13,10,9,11,8,7,6,4,2,5,3,0,1]","21,23,19,17,18,22,20,16,14,15,12,13,10,9,11,8,7,6,4,2,5,3,0,1",fcc378efe4f89550,PPO_final_expansion_checkpoint_inference,E:\Projects\RL-LAM-ScanOpt\outputs\stage3_ppo_rl_lam_fea_addendum_v03_lex_primary_N24_N40\ppo_training_v03\checkpoints\N24_seed20260627_maskable_ppo_v03.zip,v03,deterministic,efficiency,113,E:\Projects\RL-LAM-ScanOpt\cae_model\stage3_ppo_final_expansion_224_to_320_batch224_v01\final_expansion_batch04\N24\PPOFINAL_N24_B113_efficiency,J2D_PPOFINAL_N24_B113_efficiency,E:\Projects\RL-LAM-ScanOpt\cae_model\stage3_ppo_final_expansion_224_to_320_batch224_v01\final_expansion_batch04\N24\PPOFINAL_N24_B113_efficiency\J2D_PPOFINAL_N24_B113_efficiency.cae,E:\Projects\RL-LAM-ScanOpt\cae_model\stage3_ppo_final_expansion_224_to_320_batch224_v01\final_expansion_batch04\N24\PPOFINAL_N24_B113_efficiency\J2D_PPOFINAL_N24_B113_efficiency.inp,E:\Projects\RL-LAM-ScanOpt\cae_model\stage3_ppo_final_expansion_224_to_320_batch224_v01\final_expansion_batch04\N24\PPOFINAL_N24_B113_efficiency\J2D_PPOFINAL_N24_B113_efficiency.jnl,E:\Projects\RL-LAM-ScanOpt\cae_model\stage3_ppo_final_expansion_224_to_320_batch224_v01\final_expansion_batch04\N24\PPOFINAL_N24_B113_efficiency\J2D_PPOFINAL_N24_B113_efficiency_stageU_generation_log.json,E:\Projects\RL-LAM-ScanOpt\cae_model\24track_full\sanity_base\24track_sanity_base.cae,stage3_ppo_final_expansion_224_to_320_batch224_v01,False,False,final expansion PPO candidate; not physically validated yet.,0.3398632326193986,2.1739130434782608,4.0,0,0.3043478260869565,50.0,1.0132325141776934,0.2098298676748582,0.0924950835176642,20.0,20,23.0,center_out
final_expansion_batch04,PPOFINAL_N24_B114_efficiency,24,E:\Projects\RL-LAM-ScanOpt\cae_model\stage3_ppo_final_expansion_224_to_320_batch224_v01\final_expansion_batch04\N24\PPOFINAL_N24_B114_efficiency\scan_order_PPOFINAL_N24_B114_efficiency.json,E:\Projects\RL-LAM-ScanOpt\outputs\stage3_ppo_final_expansion_224_to_320\selected_candidates\scan_orders\scan_order_PPOFINAL_N24_B114_efficiency.json,"[23,22,21,17,19,18,20,15,16,8,10,13,14,11,12,9,4,5,7,6,2,3,1,0]","23,22,21,17,19,18,20,15,16,8,10,13,14,11,12,9,4,5,7,6,2,3,1,0",0b16744bf6ae81d3,PPO_final_expansion_checkpoint_inference,E:\Projects\RL-LAM-ScanOpt\outputs\stage3_ppo_rl_lam_fea_addendum_v03_lex_primary_N24_N40\ppo_training_v03\checkpoints\N24_seed20260627_maskable_ppo_v03.zip,v03,stochastic,efficiency,114,E:\Projects\RL-LAM-ScanOpt\cae_model\stage3_ppo_final_expansion_224_to_320_batch224_v01\final_expansion_batch04\N24\PPOFINAL_N24_B114_efficiency,J2D_PPOFINAL_N24_B114_efficiency,E:\Projects\RL-LAM-ScanOpt\cae_model\stage3_ppo_final_expansion_224_to_320_batch224_v01\final_expansion_batch04\N24\PPOFINAL_N24_B114_efficiency\J2D_PPOFINAL_N24_B114_efficiency.cae,E:\Projects\RL-LAM-ScanOpt\cae_model\stage3_ppo_final_expansion_224_to_320_batch224_v01\final_expansion_batch04\N24\PPOFINAL_N24_B114_efficiency\J2D_PPOFINAL_N24_B114_efficiency.inp,E:\Projects\RL-LAM-ScanOpt\cae_model\stage3_ppo_final_expansion_224_to_320_batch224_v01\final_expansion_batch04\N24\PPOFINAL_N24_B114_efficiency\J2D_PPOFINAL_N24_B114_efficiency.jnl,E:\Projects\RL-LAM-ScanOpt\cae_model\stage3_ppo_final_expansion_224_to_320_batch224_v01\final_expansion_batch04\N24\PPOFINAL_N24_B114_efficiency\J2D_PPOFINAL_N24_B114_efficiency_stageU_generation_log.json,E:\Projects\RL-LAM-ScanOpt\cae_model\24track_full\sanity_base\24track_sanity_base.cae,stage3_ppo_final_expansion_224_to_320_batch224_v01,False,False,final expansion PPO candidate; not physically validated yet.,0.3185226938269591,2.391304347826087,8.0,1,0.4347826086956521,55.0,3.107750472589793,0.330812854442344,0.1055124457578887,17.0,17,23.0,raster
final_expansion_batch04,PPOFINAL_N24_B115_efficiency,24,E:\Projects\RL-LAM-ScanOpt\cae_model\stage3_ppo_final_expansion_224_to_320_batch224_v01\final_expansion_batch04\N24\PPOFINAL_N24_B115_efficiency\scan_order_PPOFINAL_N24_B115_efficiency.json,E:\Projects\RL-LAM-ScanOpt\outputs\stage3_ppo_final_expansion_224_to_320\selected_candidates\scan_orders\scan_order_PPOFINAL_N24_B115_efficiency.json,"[23,19,22,20,16,18,17,21,13,14,15,12,11,10,9,8,7,4,3,1,2,5,6,0]","23,19,22,20,16,18,17,21,13,14,15,12,11,10,9,8,7,4,3,1,2,5,6,0",4b515e60f47ee486,PPO_final_expansion_checkpoint_inference,E:\Projects\RL-LAM-ScanOpt\outputs\stage3_ppo_rl_lam_fea_addendum_v03_lex_primary_N24_N40\ppo_training_v03\checkpoints\N24_seed20260627_maskable_ppo_v03.zip,v03,stochastic,efficiency,115,E:\Projects\RL-LAM-ScanOpt\cae_model\stage3_ppo_final_expansion_224_to_320_batch224_v01\final_expansion_batch04\N24\PPOFINAL_N24_B115_efficiency,J2D_PPOFINAL_N24_B115_efficiency,E:\Projects\RL-LAM-ScanOpt\cae_model\stage3_ppo_final_expansion_224_to_320_batch224_v01\final_expansion_batch04\N24\PPOFINAL_N24_B115_efficiency\J2D_PPOFINAL_N24_B115_efficiency.cae,E:\Projects\RL-LAM-ScanOpt\cae_model\stage3_ppo_final_expansion_224_to_320_batch224_v01\final_expansion_batch04\N24\PPOFINAL_N24_B115_efficiency\J2D_PPOFINAL_N24_B115_efficiency.inp,E:\Projects\RL-LAM-ScanOpt\cae_model\stage3_ppo_final_expansion_224_to_320_batch224_v01\final_expansion_batch04\N24\PPOFINAL_N24_B115_efficiency\J2D_PPOFINAL_N24_B115_efficiency.jnl,E:\Projects\RL-LAM-ScanOpt\cae_model\stage3_ppo_final_expansion_224_to_320_batch224_v01\final_expansion_batch04\N24\PPOFINAL_N24_B115_efficiency\J2D_PPOFINAL_N24_B115_efficiency_stageU_generation_log.json,E:\Projects\RL-LAM-ScanOpt\cae_model\24track_full\sanity_base\24track_sanity_base.cae,stage3_ppo_final_expansion_224_to_320_batch224_v01,False,False,final expansion PPO candidate; not physically validated yet.,0.3506208867652674,2.391304347826087,8.0,1,0.4782608695652174,55.0,3.2816635160680523,0.3742911153119093,0.1058412038741047,12.0,12,22.0,regular_jump
final_expansion_batch04,PPOFINAL_N24_B116_efficiency,24,E:\Projects\RL-LAM-ScanOpt\cae_model\stage3_ppo_final_expansion_224_to_320_batch224_v01\final_expansion_batch04\N24\PPOFINAL_N24_B116_efficiency\scan_order_PPOFINAL_N24_B116_efficiency.json,E:\Projects\RL-LAM-ScanOpt\outputs\stage3_ppo_final_expansion_224_to_320\selected_candidates\scan_orders\scan_order_PPOFINAL_N24_B116_efficiency.json,"[19,23,22,20,18,17,21,16,15,14,12,9,10,11,13,8,7,0,2,4,6,3,1,5]","19,23,22,20,18,17,21,16,15,14,12,9,10,11,13,8,7,0,2,4,6,3,1,5",a2eed9c3a29ed981,PPO_final_expansion_checkpoint_inference,E:\Projects\RL-LAM-ScanOpt\outputs\stage3_ppo_rl_lam_fea_addendum_v03_lex_primary_N24_N40\ppo_training_v03\checkpoints\N24_seed20260627_maskable_ppo_v03.zip,v03,stochastic,efficiency,116,E:\Projects\RL-LAM-ScanOpt\cae_model\stage3_ppo_final_expansion_224_to_320_batch224_v01\final_expansion_batch04\N24\PPOFINAL_N24_B116_efficiency,J2D_PPOFINAL_N24_B116_efficiency,E:\Projects\RL-LAM-ScanOpt\cae_model\stage3_ppo_final_expansion_224_to_320_batch224_v01\final_expansion_batch04\N24\PPOFINAL_N24_B116_efficiency\J2D_PPOFINAL_N24_B116_efficiency.cae,E:\Projects\RL-LAM-ScanOpt\cae_model\stage3_ppo_final_expansion_224_to_320_batch224_v01\final_expansion_batch04\N24\PPOFINAL_N24_B116_efficiency\J2D_PPOFINAL_N24_B116_efficiency.inp,E:\Projects\RL-LAM-ScanOpt\cae_model\stage3_ppo_final_expansion_224_to_320_batch224_v01\final_expansion_batch04\N24\PPOFINAL_N24_B116_efficiency\J2D_PPOFINAL_N24_B116_efficiency.jnl,E:\Projects\RL-LAM-ScanOpt\cae_model\stage3_ppo_final_expansion_224_to_320_batch224_v01\final_expansion_batch04\N24\PPOFINAL_N24_B116_efficiency\J2D_PPOFINAL_N24_B116_efficiency_stageU_generation_log.json,E:\Projects\RL-LAM-ScanOpt\cae_model\24track_full\sanity_base\24track_sanity_base.cae,stage3_ppo_final_expansion_224_to_320_batch224_v01,False,False,final expansion PPO candidate; not physically validated yet.,0.362493459607925,2.5217391304347827,7.0,0,0.3043478260869565,58.0,2.51039697542533,0.1947069943289225,0.1098180157065381,16.0,16,23.0,center_out
final_expansion_batch04,PPOFINAL_N24_B117_efficiency,24,E:\Projects\RL-LAM-ScanOpt\cae_model\stage3_ppo_final_expansion_224_to_320_batch224_v01\final_expansion_batch04\N24\PPOFINAL_N24_B117_efficiency\scan_order_PPOFINAL_N24_B117_efficiency.json,E:\Projects\RL-LAM-ScanOpt\outputs\stage3_ppo_final_expansion_224_to_320\selected_candidates\scan_orders\scan_order_PPOFINAL_N24_B117_efficiency.json,"[23,19,21,16,17,20,22,18,13,14,15,12,11,9,10,8,7,0,2,4,1,6,5,3]","23,19,21,16,17,20,22,18,13,14,15,12,11,9,10,8,7,0,2,4,1,6,5,3",9a1a0acb348f0abc,PPO_final_expansion_checkpoint_inference,E:\Projects\RL-LAM-ScanOpt\outputs\stage3_ppo_rl_lam_fea_addendum_v03_lex_primary_N24_N40\ppo_training_v03\checkpoints\N24_seed20260627_maskable_ppo_v03.zip,v03,stochastic,efficiency,117,E:\Projects\RL-LAM-ScanOpt\cae_model\stage3_ppo_final_expansion_224_to_320_batch224_v01\final_expansion_batch04\N24\PPOFINAL_N24_B117_efficiency,J2D_PPOFINAL_N24_B117_efficiency,E:\Projects\RL-LAM-ScanOpt\cae_model\stage3_ppo_final_expansion_224_to_320_batch224_v01\final_expansion_batch04\N24\PPOFINAL_N24_B117_efficiency\J2D_PPOFINAL_N24_B117_efficiency.cae,E:\Projects\RL-LAM-ScanOpt\cae_model\stage3_ppo_final_expansion_224_to_320_batch224_v01\final_expansion_batch04\N24\PPOFINAL_N24_B117_efficiency\J2D_PPOFINAL_N24_B117_efficiency.inp,E:\Projects\RL-LAM-ScanOpt\cae_model\stage3_ppo_final_expansion_224_to_320_batch224_v01\final_expansion_batch04\N24\PPOFINAL_N24_B117_efficiency\J2D_PPOFINAL_N24_B117_efficiency.jnl,E:\Projects\RL-LAM-ScanOpt\cae_model\stage3_ppo_final_expansion_224_to_320_batch224_v01\final_expansion_batch04\N24\PPOFINAL_N24_B117_efficiency\J2D_PPOFINAL_N24_B117_efficiency_stageU_generation_log.json,E:\Projects\RL-LAM-ScanOpt\cae_model\24track_full\sanity_base\24track_sanity_base.cae,stage3_ppo_final_expansion_224_to_320_batch224_v01,False,False,final expansion PPO candidate; not physically validated yet.,0.4946851715188061,2.608695652173913,7.0,0,0.3043478260869565,60.0,2.67296786389414,0.1909262759924385,0.1137485214818414,16.0,16,22.0,center_out
final_expansion_batch04,PPOFINAL_N24_B118_efficiency,24,E:\Projects\RL-LAM-ScanOpt\cae_model\stage3_ppo_final_expansion_224_to_320_batch224_v01\final_expansion_batch04\N24\PPOFINAL_N24_B118_efficiency\scan_order_PPOFINAL_N24_B118_efficiency.json,E:\Projects\RL-LAM-ScanOpt\outputs\stage3_ppo_final_expansion_224_to_320\selected_candidates\scan_orders\scan_order_PPOFINAL_N24_B118_efficiency.json,"[23,21,19,20,18,22,16,14,13,17,15,11,10,12,6,9,8,7,4,2,3,1,5,0]","23,21,19,20,18,22,16,14,13,17,15,11,10,12,6,9,8,7,4,2,3,1,5,0",5df2570f1e62e9d1,PPO_final_expansion_checkpoint_inference,E:\Projects\RL-LAM-ScanOpt\outputs\stage3_ppo_rl_lam_fea_addendum_v03_lex_primary_N24_N40\ppo_training_v03\checkpoints\N24_seed20260627_maskable_ppo_v03.zip,v03,stochastic,efficiency,118,E:\Projects\RL-LAM-ScanOpt\cae_model\stage3_ppo_final_expansion_224_to_320_batch224_v01\final_expansion_batch04\N24\PPOFINAL_N24_B118_efficiency,J2D_PPOFINAL_N24_B118_efficiency,E:\Projects\RL-LAM-ScanOpt\cae_model\stage3_ppo_final_expansion_224_to_320_batch224_v01\final_expansion_batch04\N24\PPOFINAL_N24_B118_efficiency\J2D_PPOFINAL_N24_B118_efficiency.cae,E:\Projects\RL-LAM-ScanOpt\cae_model\stage3_ppo_final_expansion_224_to_320_batch224_v01\final_expansion_batch04\N24\PPOFINAL_N24_B118_efficiency\J2D_PPOFINAL_N24_B118_efficiency.inp,E:\Projects\RL-LAM-ScanOpt\cae_model\stage3_ppo_final_expansion_224_to_320_batch224_v01\final_expansion_batch04\N24\PPOFINAL_N24_B118_efficiency\J2D_PPOFINAL_N24_B118_efficiency.jnl,E:\Projects\RL-LAM-ScanOpt\cae_model\stage3_ppo_final_expansion_224_to_320_batch224_v01\final_expansion_batch04\N24\PPOFINAL_N24_B118_efficiency\J2D_PPOFINAL_N24_B118_efficiency_stageU_generation_log.json,E:\Projects\RL-LAM-ScanOpt\cae_model\24track_full\sanity_base\24track_sanity_base.cae,stage3_ppo_final_expansion_224_to_320_batch224_v01,False,False,final expansion PPO candidate; not physically validated yet.,0.3644022006415084,2.652173913043478,6.0,0,0.2608695652173913,61.0,2.400756143667297,0.1455576559546313,0.1150455377637063,19.0,19,23.0,raster
final_expansion_batch04,PPOFINAL_N24_B119_efficiency,24,E:\Projects\RL-LAM-ScanOpt\cae_model\stage3_ppo_final_expansion_224_to_320_batch224_v01\final_expansion_batch04\N24\PPOFINAL_N24_B119_efficiency\scan_order_PPOFINAL_N24_B119_efficiency.json,E:\Projects\RL-LAM-ScanOpt\outputs\stage3_ppo_final_expansion_224_to_320\selected_candidates\scan_orders\scan_order_PPOFINAL_N24_B119_efficiency.json,"[23,19,18,21,22,15,13,16,17,20,14,12,10,9,8,11,6,2,4,5,7,3,1,0]","23,19,18,21,22,15,13,16,17,20,14,12,10,9,8,11,6,2,4,5,7,3,1,0",42004e61e957b4ca,PPO_final_expansion_checkpoint_inference,E:\Projects\RL-LAM-ScanOpt\outputs\stage3_ppo_rl_lam_fea_addendum_v03_lex_primary_N24_N40\ppo_training_v03\checkpoints\N24_seed20260627_maskable_ppo_v03.zip,v03,stochastic,efficiency,119,E:\Projects\RL-LAM-ScanOpt\cae_model\stage3_ppo_final_expansion_224_to_320_batch224_v01\final_expansion_batch04\N24\PPOFINAL_N24_B119_efficiency,J2D_PPOFINAL_N24_B119_efficiency,E:\Projects\RL-LAM-ScanOpt\cae_model\stage3_ppo_final_expansion_224_to_320_batch224_v01\final_expansion_batch04\N24\PPOFINAL_N24_B119_efficiency\J2D_PPOFINAL_N24_B119_efficiency.cae,E:\Projects\RL-LAM-ScanOpt\cae_model\stage3_ppo_final_expansion_224_to_320_batch224_v01\final_expansion_batch04\N24\PPOFINAL_N24_B119_efficiency\J2D_PPOFINAL_N24_B119_efficiency.inp,E:\Projects\RL-LAM-ScanOpt\cae_model\stage3_ppo_final_expansion_224_to_320_batch224_v01\final_expansion_batch04\N24\PPOFINAL_N24_B119_efficiency\J2D_PPOFINAL_N24_B119_efficiency.jnl,E:\Projects\RL-LAM-ScanOpt\cae_model\stage3_ppo_final_expansion_224_to_320_batch224_v01\final_expansion_batch04\N24\PPOFINAL_N24_B119_efficiency\J2D_PPOFINAL_N24_B119_efficiency_stageU_generation_log.json,E:\Projects\RL-LAM-ScanOpt\cae_model\24track_full\sanity_base\24track_sanity_base.cae,stage3_ppo_final_expansion_224_to_320_batch224_v01,False,False,final expansion PPO candidate; not physically validated yet.,0.3457056477849146,2.652173913043478,7.0,0,0.3043478260869565,61.0,2.748582230623818,0.1890359168241966,0.1157030539961382,19.0,19,22.0,odd_even
final_expansion_batch04,PPOFINAL_N24_B120_efficiency,24,E:\Projects\RL-LAM-ScanOpt\cae_model\stage3_ppo_final_expansion_224_to_320_batch224_v01\final_expansion_batch04\N24\PPOFINAL_N24_B120_efficiency\scan_order_PPOFINAL_N24_B120_efficiency.json,E:\Projects\RL-LAM-ScanOpt\outputs\stage3_ppo_final_expansion_224_to_320\selected_candidates\scan_orders\scan_order_PPOFINAL_N24_B120_efficiency.json,"[23,21,22,20,17,16,19,18,13,14,15,12,8,10,11,9,3,2,5,7,1,4,6,0]","23,21,22,20,17,16,19,18,13,14,15,12,8,10,11,9,3,2,5,7,1,4,6,0",c0848ef3bd5b5872,PPO_final_expansion_checkpoint_inference,E:\Projects\RL-LAM-ScanOpt\outputs\stage3_ppo_rl_lam_fea_addendum_v03_lex_primary_N24_N40\ppo_training_v03\checkpoints\N24_seed20260627_maskable_ppo_v03.zip,v03,stochastic,efficiency,120,E:\Projects\RL-LAM-ScanOpt\cae_model\stage3_ppo_final_expansion_224_to_320_batch224_v01\final_expansion_batch04\N24\PPOFINAL_N24_B120_efficiency,J2D_PPOFINAL_N24_B120_efficiency,E:\Projects\RL-LAM-ScanOpt\cae_model\stage3_ppo_final_expansion_224_to_320_batch224_v01\final_expansion_batch04\N24\PPOFINAL_N24_B120_efficiency\J2D_PPOFINAL_N24_B120_efficiency.cae,E:\Projects\RL-LAM-ScanOpt\cae_model\stage3_ppo_final_expansion_224_to_320_batch224_v01\final_expansion_batch04\N24\PPOFINAL_N24_B120_efficiency\J2D_PPOFINAL_N24_B120_efficiency.inp,E:\Projects\RL-LAM-ScanOpt\cae_model\stage3_ppo_final_expansion_224_to_320_batch224_v01\final_expansion_batch04\N24\PPOFINAL_N24_B120_efficiency\J2D_PPOFINAL_N24_B120_efficiency.jnl,E:\Projects\RL-LAM-ScanOpt\cae_model\stage3_ppo_final_expansion_224_to_320_batch224_v01\final_expansion_batch04\N24\PPOFINAL_N24_B120_efficiency\J2D_PPOFINAL_N24_B120_efficiency_stageU_generation_log.json,E:\Projects\RL-LAM-ScanOpt\cae_model\24track_full\sanity_base\24track_sanity_base.cae,stage3_ppo_final_expansion_224_to_320_batch224_v01,False,False,final expansion PPO candidate; not physically validated yet.,0.3235899607927442,2.652173913043478,6.0,0,0.3043478260869565,61.0,2.748582230623819,0.1890359168241966,0.1157030539961382,17.0,17,22.0,center_out
final_expansion_batch04,PPOFINAL_N24_B121_efficiency,24,E:\Projects\RL-LAM-ScanOpt\cae_model\stage3_ppo_final_expansion_224_to_320_batch224_v01\final_expansion_batch04\N24\PPOFINAL_N24_B121_efficiency\scan_order_PPOFINAL_N24_B121_efficiency.json,E:\Projects\RL-LAM-ScanOpt\outputs\stage3_ppo_final_expansion_224_to_320\selected_candidates\scan_orders\scan_order_PPOFINAL_N24_B121_efficiency.json,"[23,15,19,21,22,20,16,14,18,17,13,8,9,10,11,12,6,7,2,4,3,5,0,1]","23,15,19,21,22,20,16,14,18,17,13,8,9,10,11,12,6,7,2,4,3,5,0,1",ed3c551c58d481e5,PPO_final_expansion_checkpoint_inference,E:\Projects\RL-LAM-ScanOpt\outputs\stage3_ppo_rl_lam_fea_addendum_v03_lex_primary_N24_N40\ppo_training_v03\checkpoints\N24_seed20260627_maskable_ppo_v03.zip,v03,stochastic,efficiency,121,E:\Projects\RL-LAM-ScanOpt\cae_model\stage3_ppo_final_expansion_224_to_320_batch224_v01\final_expansion_batch04\N24\PPOFINAL_N24_B121_efficiency,J2D_PPOFINAL_N24_B121_efficiency,E:\Projects\RL-LAM-ScanOpt\cae_model\stage3_ppo_final_expansion_224_to_320_batch224_v01\final_expansion_batch04\N24\PPOFINAL_N24_B121_efficiency\J2D_PPOFINAL_N24_B121_efficiency.cae,E:\Projects\RL-LAM-ScanOpt\cae_model\stage3_ppo_final_expansion_224_to_320_batch224_v01\final_expansion_batch04\N24\PPOFINAL_N24_B121_efficiency\J2D_PPOFINAL_N24_B121_efficiency.inp,E:\Projects\RL-LAM-ScanOpt\cae_model\stage3_ppo_final_expansion_224_to_320_batch224_v01\final_expansion_batch04\N24\PPOFINAL_N24_B121_efficiency\J2D_PPOFINAL_N24_B121_efficiency.jnl,E:\Projects\RL-LAM-ScanOpt\cae_model\stage3_ppo_final_expansion_224_to_320_batch224_v01\final_expansion_batch04\N24\PPOFINAL_N24_B121_efficiency\J2D_PPOFINAL_N24_B121_efficiency_stageU_generation_log.json,E:\Projects\RL-LAM-ScanOpt\cae_model\24track_full\sanity_base\24track_sanity_base.cae,stage3_ppo_final_expansion_224_to_320_batch224_v01,False,False,final expansion PPO candidate; not physically validated yet.,0.3318927879654138,2.782608695652174,8.0,1,0.391304347826087,64.0,3.9092627599243865,0.2703213610586011,0.1233319396847972,19.0,19,20.0,regular_jump
final_expansion_batch04,PPOFINAL_N24_B122_efficiency,24,E:\Projects\RL-LAM-ScanOpt\cae_model\stage3_ppo_final_expansion_224_to_320_batch224_v01\final_expansion_batch04\N24\PPOFINAL_N24_B122_efficiency\scan_order_PPOFINAL_N24_B122_efficiency.json,E:\Projects\RL-LAM-ScanOpt\outputs\stage3_ppo_final_expansion_224_to_320\selected_candidates\scan_orders\scan_order_PPOFINAL_N24_B122_efficiency.json,"[21,23,19,17,20,18,16,14,22,15,11,9,12,13,7,10,6,8,5,4,2,3,1,0]","21,23,19,17,20,18,16,14,22,15,11,9,12,13,7,10,6,8,5,4,2,3,1,0",31969a7ec88750f6,PPO_final_expansion_checkpoint_inference,E:\Projects\RL-LAM-ScanOpt\outputs\stage3_ppo_rl_lam_fea_addendum_v03_lex_primary_N24_N40\ppo_training_v03\checkpoints\N24_seed20260627_maskable_ppo_v03.zip,v03,stochastic,efficiency,122,E:\Projects\RL-LAM-ScanOpt\cae_model\stage3_ppo_final_expansion_224_to_320_batch224_v01\final_expansion_batch04\N24\PPOFINAL_N24_B122_efficiency,J2D_PPOFINAL_N24_B122_efficiency,E:\Projects\RL-LAM-ScanOpt\cae_model\stage3_ppo_final_expansion_224_to_320_batch224_v01\final_expansion_batch04\N24\PPOFINAL_N24_B122_efficiency\J2D_PPOFINAL_N24_B122_efficiency.cae,E:\Projects\RL-LAM-ScanOpt\cae_model\stage3_ppo_final_expansion_224_to_320_batch224_v01\final_expansion_batch04\N24\PPOFINAL_N24_B122_efficiency\J2D_PPOFINAL_N24_B122_efficiency.inp,E:\Projects\RL-LAM-ScanOpt\cae_model\stage3_ppo_final_expansion_224_to_320_batch224_v01\final_expansion_batch04\N24\PPOFINAL_N24_B122_efficiency\J2D_PPOFINAL_N24_B122_efficiency.jnl,E:\Projects\RL-LAM-ScanOpt\cae_model\stage3_ppo_final_expansion_224_to_320_batch224_v01\final_expansion_batch04\N24\PPOFINAL_N24_B122_efficiency\J2D_PPOFINAL_N24_B122_efficiency_stageU_generation_log.json,E:\Projects\RL-LAM-ScanOpt\cae_model\24track_full\sanity_base\24track_sanity_base.cae,stage3_ppo_final_expansion_224_to_320_batch224_v01,False,False,final expansion PPO candidate; not physically validated yet.,0.361173970741429,2.9130434782608696,8.0,1,0.1739130434782608,67.0,3.3837429111531194,0.0472589792060491,0.1277733010292749,19.0,19,22.0,raster
final_expansion_batch04,PPOFINAL_N24_B123_efficiency,24,E:\Projects\RL-LAM-ScanOpt\cae_model\stage3_ppo_final_expansion_224_to_320_batch224_v01\final_expansion_batch04\N24\PPOFINAL_N24_B123_efficiency\scan_order_PPOFINAL_N24_B123_efficiency.json,E:\Projects\RL-LAM-ScanOpt\outputs\stage3_ppo_final_expansion_224_to_320\selected_candidates\scan_orders\scan_order_PPOFINAL_N24_B123_efficiency.json,"[23,21,19,22,18,15,17,20,12,11,16,14,13,10,9,8,4,6,0,3,2,5,7,1]","23,21,19,22,18,15,17,20,12,11,16,14,13,10,9,8,4,6,0,3,2,5,7,1",12cd25069efbc9f5,PPO_final_expansion_checkpoint_inference,E:\Projects\RL-LAM-ScanOpt\outputs\stage3_ppo_rl_lam_fea_addendum_v03_lex_primary_N24_N40\ppo_training_v03\checkpoints\N24_seed20260627_maskable_ppo_v03.zip,v03,stochastic,efficiency,123,E:\Projects\RL-LAM-ScanOpt\cae_model\stage3_ppo_final_expansion_224_to_320_batch224_v01\final_expansion_batch04\N24\PPOFINAL_N24_B123_efficiency,J2D_PPOFINAL_N24_B123_efficiency,E:\Projects\RL-LAM-ScanOpt\cae_model\stage3_ppo_final_expansion_224_to_320_batch224_v01\final_expansion_batch04\N24\PPOFINAL_N24_B123_efficiency\J2D_PPOFINAL_N24_B123_efficiency.cae,E:\Projects\RL-LAM-ScanOpt\cae_model\stage3_ppo_final_expansion_224_to_320_batch224_v01\final_expansion_batch04\N24\PPOFINAL_N24_B123_efficiency\J2D_PPOFINAL_N24_B123_efficiency.inp,E:\Projects\RL-LAM-ScanOpt\cae_model\stage3_ppo_final_expansion_224_to_320_batch224_v01\final_expansion_batch04\N24\PPOFINAL_N24_B123_efficiency\J2D_PPOFINAL_N24_B123_efficiency.jnl,E:\Projects\RL-LAM-ScanOpt\cae_model\stage3_ppo_final_expansion_224_to_320_batch224_v01\final_expansion_batch04\N24\PPOFINAL_N24_B123_efficiency\J2D_PPOFINAL_N24_B123_efficiency_stageU_generation_log.json,E:\Projects\RL-LAM-ScanOpt\cae_model\24track_full\sanity_base\24track_sanity_base.cae,stage3_ppo_final_expansion_224_to_320_batch224_v01,False,False,final expansion PPO candidate; not physically validated yet.,0.4011722742486586,2.9565217391304346,8.0,1,0.217391304347826,68.0,3.2589792060491494,0.0888468809073724,0.1293490470183664,18.0,18,22.0,edge_in
final_expansion_batch04,PPOFINAL_N24_B124_efficiency,24,E:\Projects\RL-LAM-ScanOpt\cae_model\stage3_ppo_final_expansion_224_to_320_batch224_v01\final_expansion_batch04\N24\PPOFINAL_N24_B124_efficiency\scan_order_PPOFINAL_N24_B124_efficiency.json,E:\Projects\RL-LAM-ScanOpt\outputs\stage3_ppo_final_expansion_224_to_320\selected_candidates\scan_orders\scan_order_PPOFINAL_N24_B124_efficiency.json,"[19,21,22,18,23,17,15,13,14,10,16,20,12,9,11,8,7,5,6,4,2,0,3,1]","19,21,22,18,23,17,15,13,14,10,16,20,12,9,11,8,7,5,6,4,2,0,3,1",2901e8f033a4ca96,PPO_final_expansion_checkpoint_inference,E:\Projects\RL-LAM-ScanOpt\outputs\stage3_ppo_rl_lam_fea_addendum_v03_lex_primary_N24_N40\ppo_training_v03\checkpoints\N24_seed20260627_maskable_ppo_v03.zip,v03,stochastic,efficiency,124,E:\Projects\RL-LAM-ScanOpt\cae_model\stage3_ppo_final_expansion_224_to_320_batch224_v01\final_expansion_batch04\N24\PPOFINAL_N24_B124_efficiency,J2D_PPOFINAL_N24_B124_efficiency,E:\Projects\RL-LAM-ScanOpt\cae_model\stage3_ppo_final_expansion_224_to_320_batch224_v01\final_expansion_batch04\N24\PPOFINAL_N24_B124_efficiency\J2D_PPOFINAL_N24_B124_efficiency.cae,E:\Projects\RL-LAM-ScanOpt\cae_model\stage3_ppo_final_expansion_224_to_320_batch224_v01\final_expansion_batch04\N24\PPOFINAL_N24_B124_efficiency\J2D_PPOFINAL_N24_B124_efficiency.inp,E:\Projects\RL-LAM-ScanOpt\cae_model\stage3_ppo_final_expansion_224_to_320_batch224_v01\final_expansion_batch04\N24\PPOFINAL_N24_B124_efficiency\J2D_PPOFINAL_N24_B124_efficiency.jnl,E:\Projects\RL-LAM-ScanOpt\cae_model\stage3_ppo_final_expansion_224_to_320_batch224_v01\final_expansion_batch04\N24\PPOFINAL_N24_B124_efficiency\J2D_PPOFINAL_N24_B124_efficiency_stageU_generation_log.json,E:\Projects\RL-LAM-ScanOpt\cae_model\24track_full\sanity_base\24track_sanity_base.cae,stage3_ppo_final_expansion_224_to_320_batch224_v01,False,False,final expansion PPO candidate; not physically validated yet.,0.3859194223501863,2.9565217391304346,8.0,1,0.1739130434782608,68.0,3.2589792060491507,0.0453686200378072,0.1293490470183664,19.0,19,23.0,raster
final_expansion_batch04,PPOFINAL_N24_B125_efficiency,24,E:\Projects\RL-LAM-ScanOpt\cae_model\stage3_ppo_final_expansion_224_to_320_batch224_v01\final_expansion_batch04\N24\PPOFINAL_N24_B125_efficiency\scan_order_PPOFINAL_N24_B125_efficiency.json,E:\Projects\RL-LAM-ScanOpt\outputs\stage3_ppo_final_expansion_224_to_320\selected_candidates\scan_orders\scan_order_PPOFINAL_N24_B125_efficiency.json,"[23,15,18,19,22,17,14,16,21,20,12,13,10,11,9,8,7,2,4,5,6,0,3,1]","23,15,18,19,22,17,14,16,21,20,12,13,10,11,9,8,7,2,4,5,6,0,3,1",045a0102e98ec2a7,PPO_final_expansion_checkpoint_inference,E:\Projects\RL-LAM-ScanOpt\outputs\stage3_ppo_rl_lam_fea_addendum_v03_lex_primary_N24_N40\ppo_training_v03\checkpoints\N24_seed20260627_maskable_ppo_v03.zip,v03,stochastic,efficiency,125,E:\Projects\RL-LAM-ScanOpt\cae_model\stage3_ppo_final_expansion_224_to_320_batch224_v01\final_expansion_batch04\N24\PPOFINAL_N24_B125_efficiency,J2D_PPOFINAL_N24_B125_efficiency,E:\Projects\RL-LAM-ScanOpt\cae_model\stage3_ppo_final_expansion_224_to_320_batch224_v01\final_expansion_batch04\N24\PPOFINAL_N24_B125_efficiency\J2D_PPOFINAL_N24_B125_efficiency.cae,E:\Projects\RL-LAM-ScanOpt\cae_model\stage3_ppo_final_expansion_224_to_320_batch224_v01\final_expansion_batch04\N24\PPOFINAL_N24_B125_efficiency\J2D_PPOFINAL_N24_B125_efficiency.inp,E:\Projects\RL-LAM-ScanOpt\cae_model\stage3_ppo_final_expansion_224_to_320_batch224_v01\final_expansion_batch04\N24\PPOFINAL_N24_B125_efficiency\J2D_PPOFINAL_N24_B125_efficiency.jnl,E:\Projects\RL-LAM-ScanOpt\cae_model\stage3_ppo_final_expansion_224_to_320_batch224_v01\final_expansion_batch04\N24\PPOFINAL_N24_B125_efficiency\J2D_PPOFINAL_N24_B125_efficiency_stageU_generation_log.json,E:\Projects\RL-LAM-ScanOpt\cae_model\24track_full\sanity_base\24track_sanity_base.cae,stage3_ppo_final_expansion_224_to_320_batch224_v01,False,False,final expansion PPO candidate; not physically validated yet.,0.3337606998775183,2.9565217391304346,8.0,2,0.3478260869565217,68.0,4.650283553875237,0.219281663516068,0.1319791119480943,19.0,19,24.0,raster
final_expansion_batch04,PPOFINAL_N24_B126_efficiency,24,E:\Projects\RL-LAM-ScanOpt\cae_model\stage3_ppo_final_expansion_224_to_320_batch224_v01\final_expansion_batch04\N24\PPOFINAL_N24_B126_efficiency\scan_order_PPOFINAL_N24_B126_efficiency.json,E:\Projects\RL-LAM-ScanOpt\outputs\stage3_ppo_final_expansion_224_to_320\selected_candidates\scan_orders\scan_order_PPOFINAL_N24_B126_efficiency.json,"[16,23,18,17,20,21,19,22,15,12,14,9,13,10,11,6,5,7,8,3,0,1,4,2]","16,23,18,17,20,21,19,22,15,12,14,9,13,10,11,6,5,7,8,3,0,1,4,2",3299fb5d45ec4f03,PPO_final_expansion_checkpoint_inference,E:\Projects\RL-LAM-ScanOpt\outputs\stage3_ppo_rl_lam_fea_addendum_v03_lex_primary_N24_N40\ppo_training_v03\checkpoints\N24_seed20260627_maskable_ppo_v03.zip,v03,stochastic,efficiency,126,E:\Projects\RL-LAM-ScanOpt\cae_model\stage3_ppo_final_expansion_224_to_320_batch224_v01\final_expansion_batch04\N24\PPOFINAL_N24_B126_efficiency,J2D_PPOFINAL_N24_B126_efficiency,E:\Projects\RL-LAM-ScanOpt\cae_model\stage3_ppo_final_expansion_224_to_320_batch224_v01\final_expansion_batch04\N24\PPOFINAL_N24_B126_efficiency\J2D_PPOFINAL_N24_B126_efficiency.cae,E:\Projects\RL-LAM-ScanOpt\cae_model\stage3_ppo_final_expansion_224_to_320_batch224_v01\final_expansion_batch04\N24\PPOFINAL_N24_B126_efficiency\J2D_PPOFINAL_N24_B126_efficiency.inp,E:\Projects\RL-LAM-ScanOpt\cae_model\stage3_ppo_final_expansion_224_to_320_batch224_v01\final_expansion_batch04\N24\PPOFINAL_N24_B126_efficiency\J2D_PPOFINAL_N24_B126_efficiency.jnl,E:\Projects\RL-LAM-ScanOpt\cae_model\stage3_ppo_final_expansion_224_to_320_batch224_v01\final_expansion_batch04\N24\PPOFINAL_N24_B126_efficiency\J2D_PPOFINAL_N24_B126_efficiency_stageU_generation_log.json,E:\Projects\RL-LAM-ScanOpt\cae_model\24track_full\sanity_base\24track_sanity_base.cae,stage3_ppo_final_expansion_224_to_320_batch224_v01,False,False,final expansion PPO candidate; not physically validated yet.,0.4695250753210233,3.0434782608695654,7.0,0,0.2608695652173913,70.0,3.34593572778828,0.1285444234404536,0.1331366144822715,20.0,20,22.0,edge_in
final_expansion_batch04,PPOFINAL_N24_B127_efficiency,24,E:\Projects\RL-LAM-ScanOpt\cae_model\stage3_ppo_final_expansion_224_to_320_batch224_v01\final_expansion_batch04\N24\PPOFINAL_N24_B127_efficiency\scan_order_PPOFINAL_N24_B127_efficiency.json,E:\Projects\RL-LAM-ScanOpt\outputs\stage3_ppo_final_expansion_224_to_320\selected_candidates\scan_orders\scan_order_PPOFINAL_N24_B127_efficiency.json,"[15,19,23,21,17,18,22,20,16,14,9,11,12,7,8,10,13,6,2,4,0,5,3,1]","15,19,23,21,17,18,22,20,16,14,9,11,12,7,8,10,13,6,2,4,0,5,3,1",4612f4eb9513702d,PPO_final_expansion_checkpoint_inference,E:\Projects\RL-LAM-ScanOpt\outputs\stage3_ppo_rl_lam_fea_addendum_v03_lex_primary_N24_N40\ppo_training_v03\checkpoints\N24_seed20260627_maskable_ppo_v03.zip,v03,stochastic,efficiency,127,E:\Projects\RL-LAM-ScanOpt\cae_model\stage3_ppo_final_expansion_224_to_320_batch224_v01\final_expansion_batch04\N24\PPOFINAL_N24_B127_efficiency,J2D_PPOFINAL_N24_B127_efficiency,E:\Projects\RL-LAM-ScanOpt\cae_model\stage3_ppo_final_expansion_224_to_320_batch224_v01\final_expansion_batch04\N24\PPOFINAL_N24_B127_efficiency\J2D_PPOFINAL_N24_B127_efficiency.cae,E:\Projects\RL-LAM-ScanOpt\cae_model\stage3_ppo_final_expansion_224_to_320_batch224_v01\final_expansion_batch04\N24\PPOFINAL_N24_B127_efficiency\J2D_PPOFINAL_N24_B127_efficiency.inp,E:\Projects\RL-LAM-ScanOpt\cae_model\stage3_ppo_final_expansion_224_to_320_batch224_v01\final_expansion_batch04\N24\PPOFINAL_N24_B127_efficiency\J2D_PPOFINAL_N24_B127_efficiency.jnl,E:\Projects\RL-LAM-ScanOpt\cae_model\stage3_ppo_final_expansion_224_to_320_batch224_v01\final_expansion_batch04\N24\PPOFINAL_N24_B127_efficiency\J2D_PPOFINAL_N24_B127_efficiency_stageU_generation_log.json,E:\Projects\RL-LAM-ScanOpt\cae_model\24track_full\sanity_base\24track_sanity_base.cae,stage3_ppo_final_expansion_224_to_320_batch224_v01,False,False,final expansion PPO candidate; not physically validated yet.,0.3723353525442722,3.130434782608696,7.0,0,0.1304347826086956,72.0,2.3742911153119093,-0.0056710775047258,0.1349230455866009,20.0,20,22.0,raster
final_expansion_batch04,PPOFINAL_N24_B128_efficiency,24,E:\Projects\RL-LAM-ScanOpt\cae_model\stage3_ppo_final_expansion_224_to_320_batch224_v01\final_expansion_batch04\N24\PPOFINAL_N24_B128_efficiency\scan_order_PPOFINAL_N24_B128_efficiency.json,E:\Projects\RL-LAM-ScanOpt\outputs\stage3_ppo_final_expansion_224_to_320\selected_candidates\scan_orders\scan_order_PPOFINAL_N24_B128_efficiency.json,"[21,17,19,23,18,22,14,20,16,15,8,12,13,9,10,11,7,6,5,4,2,3,0,1]","21,17,19,23,18,22,14,20,16,15,8,12,13,9,10,11,7,6,5,4,2,3,0,1",3dbb2488ca7c6c55,PPO_final_expansion_checkpoint_inference,E:\Projects\RL-LAM-ScanOpt\outputs\stage3_ppo_rl_lam_fea_addendum_v03_lex_primary_N24_N40\ppo_training_v03\checkpoints\N24_seed20260627_maskable_ppo_v03.zip,v03,stochastic,efficiency,128,E:\Projects\RL-LAM-ScanOpt\cae_model\stage3_ppo_final_expansion_224_to_320_batch224_v01\final_expansion_batch04\N24\PPOFINAL_N24_B128_efficiency,J2D_PPOFINAL_N24_B128_efficiency,E:\Projects\RL-LAM-ScanOpt\cae_model\stage3_ppo_final_expansion_224_to_320_batch224_v01\final_expansion_batch04\N24\PPOFINAL_N24_B128_efficiency\J2D_PPOFINAL_N24_B128_efficiency.cae,E:\Projects\RL-LAM-ScanOpt\cae_model\stage3_ppo_final_expansion_224_to_320_batch224_v01\final_expansion_batch04\N24\PPOFINAL_N24_B128_efficiency\J2D_PPOFINAL_N24_B128_efficiency.inp,E:\Projects\RL-LAM-ScanOpt\cae_model\stage3_ppo_final_expansion_224_to_320_batch224_v01\final_expansion_batch04\N24\PPOFINAL_N24_B128_efficiency\J2D_PPOFINAL_N24_B128_efficiency.jnl,E:\Projects\RL-LAM-ScanOpt\cae_model\stage3_ppo_final_expansion_224_to_320_batch224_v01\final_expansion_batch04\N24\PPOFINAL_N24_B128_efficiency\J2D_PPOFINAL_N24_B128_efficiency_stageU_generation_log.json,E:\Projects\RL-LAM-ScanOpt\cae_model\24track_full\sanity_base\24track_sanity_base.cae,stage3_ppo_final_expansion_224_to_320_batch224_v01,False,False,final expansion PPO candidate; not physically validated yet.,0.493148848638038,3.0434782608695654,8.0,1,0.391304347826087,70.0,4.302457466918716,0.2589792060491493,0.1349447841214594,19.0,19,23.0,center_out
final_expansion_batch05,PPOFINAL_N24_B129_novelty,24,E:\Projects\RL-LAM-ScanOpt\cae_model\stage3_ppo_final_expansion_224_to_320_batch224_v01\final_expansion_batch05\N24\PPOFINAL_N24_B129_novelty\scan_order_PPOFINAL_N24_B129_novelty.json,E:\Projects\RL-LAM-ScanOpt\outputs\stage3_ppo_final_expansion_224_to_320\selected_candidates\scan_orders\scan_order_PPOFINAL_N24_B129_novelty.json,"[22,21,18,19,23,17,15,12,14,20,7,16,11,8,9,10,13,4,3,2,6,5,0,1]","22,21,18,19,23,17,15,12,14,20,7,16,11,8,9,10,13,4,3,2,6,5,0,1",2d0fb49523557363,PPO_final_expansion_checkpoint_inference,E:\Projects\RL-LAM-ScanOpt\outputs\stage3_ppo_rl_lam_fea_addendum_v03_lex_primary_N24_N40\ppo_training_v03\checkpoints\N24_seed20260627_maskable_ppo_v03.zip,v03,stochastic,novelty,129,E:\Projects\RL-LAM-ScanOpt\cae_model\stage3_ppo_final_expansion_224_to_320_batch224_v01\final_expansion_batch05\N24\PPOFINAL_N24_B129_novelty,J2D_PPOFINAL_N24_B129_novelty,E:\Projects\RL-LAM-ScanOpt\cae_model\stage3_ppo_final_expansion_224_to_320_batch224_v01\final_expansion_batch05\N24\PPOFINAL_N24_B129_novelty\J2D_PPOFINAL_N24_B129_novelty.cae,E:\Projects\RL-LAM-ScanOpt\cae_model\stage3_ppo_final_expansion_224_to_320_batch224_v01\final_expansion_batch05\N24\PPOFINAL_N24_B129_novelty\J2D_PPOFINAL_N24_B129_novelty.inp,E:\Projects\RL-LAM-ScanOpt\cae_model\stage3_ppo_final_expansion_224_to_320_batch224_v01\final_expansion_batch05\N24\PPOFINAL_N24_B129_novelty\J2D_PPOFINAL_N24_B129_novelty.jnl,E:\Projects\RL-LAM-ScanOpt\cae_model\stage3_ppo_final_expansion_224_to_320_batch224_v01\final_expansion_batch05\N24\PPOFINAL_N24_B129_novelty\J2D_PPOFINAL_N24_B129_novelty_stageU_generation_log.json,E:\Projects\RL-LAM-ScanOpt\cae_model\24track_full\sanity_base\24track_sanity_base.cae,stage3_ppo_final_expansion_224_to_320_batch224_v01,False,False,final expansion PPO candidate; not physically validated yet.,0.5101237168406216,3.695652173913044,13.0,3,0.3478260869565217,85.0,9.689981096408316,0.1871455576559546,0.1723030518520636,21.0,21,23.0,center_out
final_expansion_batch05,PPOFINAL_N24_B130_novelty,24,E:\Projects\RL-LAM-ScanOpt\cae_model\stage3_ppo_final_expansion_224_to_320_batch224_v01\final_expansion_batch05\N24\PPOFINAL_N24_B130_novelty\scan_order_PPOFINAL_N24_B130_novelty.json,E:\Projects\RL-LAM-ScanOpt\outputs\stage3_ppo_final_expansion_224_to_320\selected_candidates\scan_orders\scan_order_PPOFINAL_N24_B130_novelty.json,"[20,13,23,19,17,15,18,21,14,16,9,10,11,22,12,4,8,6,7,2,5,0,1,3]","20,13,23,19,17,15,18,21,14,16,9,10,11,22,12,4,8,6,7,2,5,0,1,3",1ca6b22d0d23ff04,PPO_final_expansion_checkpoint_inference,E:\Projects\RL-LAM-ScanOpt\outputs\stage3_ppo_rl_lam_fea_addendum_v03_lex_primary_N24_N40\ppo_training_v03\checkpoints\N24_seed20260627_maskable_ppo_v03.zip,v03,stochastic,novelty,130,E:\Projects\RL-LAM-ScanOpt\cae_model\stage3_ppo_final_expansion_224_to_320_batch224_v01\final_expansion_batch05\N24\PPOFINAL_N24_B130_novelty,J2D_PPOFINAL_N24_B130_novelty,E:\Projects\RL-LAM-ScanOpt\cae_model\stage3_ppo_final_expansion_224_to_320_batch224_v01\final_expansion_batch05\N24\PPOFINAL_N24_B130_novelty\J2D_PPOFINAL_N24_B130_novelty.cae,E:\Projects\RL-LAM-ScanOpt\cae_model\stage3_ppo_final_expansion_224_to_320_batch224_v01\final_expansion_batch05\N24\PPOFINAL_N24_B130_novelty\J2D_PPOFINAL_N24_B130_novelty.inp,E:\Projects\RL-LAM-ScanOpt\cae_model\stage3_ppo_final_expansion_224_to_320_batch224_v01\final_expansion_batch05\N24\PPOFINAL_N24_B130_novelty\J2D_PPOFINAL_N24_B130_novelty.jnl,E:\Projects\RL-LAM-ScanOpt\cae_model\stage3_ppo_final_expansion_224_to_320_batch224_v01\final_expansion_batch05\N24\PPOFINAL_N24_B130_novelty\J2D_PPOFINAL_N24_B130_novelty_stageU_generation_log.json,E:\Projects\RL-LAM-ScanOpt\cae_model\24track_full\sanity_base\24track_sanity_base.cae,stage3_ppo_final_expansion_224_to_320_batch224_v01,False,False,final expansion PPO candidate; not physically validated yet.,0.4583096709513505,4.391304347826087,11.0,4,0.1739130434782608,101.0,9.629489603024576,-0.0170132325141776,0.2011742084493218,21.0,21,23.0,odd_even
final_expansion_batch05,PPOFINAL_N24_B131_novelty,24,E:\Projects\RL-LAM-ScanOpt\cae_model\stage3_ppo_final_expansion_224_to_320_batch224_v01\final_expansion_batch05\N24\PPOFINAL_N24_B131_novelty\scan_order_PPOFINAL_N24_B131_novelty.json,E:\Projects\RL-LAM-ScanOpt\outputs\stage3_ppo_final_expansion_224_to_320\selected_candidates\scan_orders\scan_order_PPOFINAL_N24_B131_novelty.json,"[17,19,23,21,18,13,11,15,14,9,12,20,22,16,8,10,7,6,3,2,0,4,5,1]","17,19,23,21,18,13,11,15,14,9,12,20,22,16,8,10,7,6,3,2,0,4,5,1",227c61ddc275dda4,PPO_final_expansion_checkpoint_inference,E:\Projects\RL-LAM-ScanOpt\outputs\stage3_ppo_rl_lam_fea_addendum_v03_lex_primary_N24_N40\ppo_training_v03\checkpoints\N24_seed20260627_maskable_ppo_v03.zip,v03,stochastic,novelty,131,E:\Projects\RL-LAM-ScanOpt\cae_model\stage3_ppo_final_expansion_224_to_320_batch224_v01\final_expansion_batch05\N24\PPOFINAL_N24_B131_novelty,J2D_PPOFINAL_N24_B131_novelty,E:\Projects\RL-LAM-ScanOpt\cae_model\stage3_ppo_final_expansion_224_to_320_batch224_v01\final_expansion_batch05\N24\PPOFINAL_N24_B131_novelty\J2D_PPOFINAL_N24_B131_novelty.cae,E:\Projects\RL-LAM-ScanOpt\cae_model\stage3_ppo_final_expansion_224_to_320_batch224_v01\final_expansion_batch05\N24\PPOFINAL_N24_B131_novelty\J2D_PPOFINAL_N24_B131_novelty.inp,E:\Projects\RL-LAM-ScanOpt\cae_model\stage3_ppo_final_expansion_224_to_320_batch224_v01\final_expansion_batch05\N24\PPOFINAL_N24_B131_novelty\J2D_PPOFINAL_N24_B131_novelty.jnl,E:\Projects\RL-LAM-ScanOpt\cae_model\stage3_ppo_final_expansion_224_to_320_batch224_v01\final_expansion_batch05\N24\PPOFINAL_N24_B131_novelty\J2D_PPOFINAL_N24_B131_novelty_stageU_generation_log.json,E:\Projects\RL-LAM-ScanOpt\cae_model\24track_full\sanity_base\24track_sanity_base.cae,stage3_ppo_final_expansion_224_to_320_batch224_v01,False,False,final expansion PPO candidate; not physically validated yet.,0.3946097121213227,3.3043478260869565,8.0,2,0.1739130434782608,76.0,3.950850661625709,0.0302457466918714,0.1451496861908488,21.0,21,23.0,raster
final_expansion_batch05,PPOFINAL_N24_B132_novelty,24,E:\Projects\RL-LAM-ScanOpt\cae_model\stage3_ppo_final_expansion_224_to_320_batch224_v01\final_expansion_batch05\N24\PPOFINAL_N24_B132_novelty\scan_order_PPOFINAL_N24_B132_novelty.json,E:\Projects\RL-LAM-ScanOpt\outputs\stage3_ppo_final_expansion_224_to_320\selected_candidates\scan_orders\scan_order_PPOFINAL_N24_B132_novelty.json,"[18,23,17,21,15,19,14,22,20,10,16,13,12,11,9,8,4,7,5,2,6,0,3,1]","18,23,17,21,15,19,14,22,20,10,16,13,12,11,9,8,4,7,5,2,6,0,3,1",b12e33867639d3c5,PPO_final_expansion_checkpoint_inference,E:\Projects\RL-LAM-ScanOpt\outputs\stage3_ppo_rl_lam_fea_addendum_v03_lex_primary_N24_N40\ppo_training_v03\checkpoints\N24_seed20260627_maskable_ppo_v03.zip,v03,stochastic,novelty,132,E:\Projects\RL-LAM-ScanOpt\cae_model\stage3_ppo_final_expansion_224_to_320_batch224_v01\final_expansion_batch05\N24\PPOFINAL_N24_B132_novelty,J2D_PPOFINAL_N24_B132_novelty,E:\Projects\RL-LAM-ScanOpt\cae_model\stage3_ppo_final_expansion_224_to_320_batch224_v01\final_expansion_batch05\N24\PPOFINAL_N24_B132_novelty\J2D_PPOFINAL_N24_B132_novelty.cae,E:\Projects\RL-LAM-ScanOpt\cae_model\stage3_ppo_final_expansion_224_to_320_batch224_v01\final_expansion_batch05\N24\PPOFINAL_N24_B132_novelty\J2D_PPOFINAL_N24_B132_novelty.inp,E:\Projects\RL-LAM-ScanOpt\cae_model\stage3_ppo_final_expansion_224_to_320_batch224_v01\final_expansion_batch05\N24\PPOFINAL_N24_B132_novelty\J2D_PPOFINAL_N24_B132_novelty.jnl,E:\Projects\RL-LAM-ScanOpt\cae_model\stage3_ppo_final_expansion_224_to_320_batch224_v01\final_expansion_batch05\N24\PPOFINAL_N24_B132_novelty\J2D_PPOFINAL_N24_B132_novelty_stageU_generation_log.json,E:\Projects\RL-LAM-ScanOpt\cae_model\24track_full\sanity_base\24track_sanity_base.cae,stage3_ppo_final_expansion_224_to_320_batch224_v01,False,False,final expansion PPO candidate; not physically validated yet.,0.3822643214284718,3.9565217391304346,10.0,2,0.1304347826086956,91.0,5.0850661625708895,-0.0415879017013232,0.174467673905301,21.0,21,23.0,raster
final_expansion_batch05,PPOFINAL_N24_B133_novelty,24,E:\Projects\RL-LAM-ScanOpt\cae_model\stage3_ppo_final_expansion_224_to_320_batch224_v01\final_expansion_batch05\N24\PPOFINAL_N24_B133_novelty\scan_order_PPOFINAL_N24_B133_novelty.json,E:\Projects\RL-LAM-ScanOpt\outputs\stage3_ppo_final_expansion_224_to_320\selected_candidates\scan_orders\scan_order_PPOFINAL_N24_B133_novelty.json,"[19,21,14,22,15,23,16,12,20,17,13,18,11,10,8,9,6,7,2,5,4,0,3,1]","19,21,14,22,15,23,16,12,20,17,13,18,11,10,8,9,6,7,2,5,4,0,3,1",fdb10cc845f0b20b,PPO_final_expansion_checkpoint_inference,E:\Projects\RL-LAM-ScanOpt\outputs\stage3_ppo_rl_lam_fea_addendum_v03_lex_primary_N24_N40\ppo_training_v03\checkpoints\N24_seed20260627_maskable_ppo_v03.zip,v03,stochastic,novelty,133,E:\Projects\RL-LAM-ScanOpt\cae_model\stage3_ppo_final_expansion_224_to_320_batch224_v01\final_expansion_batch05\N24\PPOFINAL_N24_B133_novelty,J2D_PPOFINAL_N24_B133_novelty,E:\Projects\RL-LAM-ScanOpt\cae_model\stage3_ppo_final_expansion_224_to_320_batch224_v01\final_expansion_batch05\N24\PPOFINAL_N24_B133_novelty\J2D_PPOFINAL_N24_B133_novelty.cae,E:\Projects\RL-LAM-ScanOpt\cae_model\stage3_ppo_final_expansion_224_to_320_batch224_v01\final_expansion_batch05\N24\PPOFINAL_N24_B133_novelty\J2D_PPOFINAL_N24_B133_novelty.inp,E:\Projects\RL-LAM-ScanOpt\cae_model\stage3_ppo_final_expansion_224_to_320_batch224_v01\final_expansion_batch05\N24\PPOFINAL_N24_B133_novelty\J2D_PPOFINAL_N24_B133_novelty.jnl,E:\Projects\RL-LAM-ScanOpt\cae_model\stage3_ppo_final_expansion_224_to_320_batch224_v01\final_expansion_batch05\N24\PPOFINAL_N24_B133_novelty\J2D_PPOFINAL_N24_B133_novelty_stageU_generation_log.json,E:\Projects\RL-LAM-ScanOpt\cae_model\24track_full\sanity_base\24track_sanity_base.cae,stage3_ppo_final_expansion_224_to_320_batch224_v01,False,False,final expansion PPO candidate; not physically validated yet.,0.3210683091821516,4.173913043478261,8.0,3,0.1739130434782608,96.0,5.969754253308127,-0.0075614366729678,0.1851980231631533,21.0,21,22.0,edge_in
final_expansion_batch05,PPOFINAL_N24_B134_novelty,24,E:\Projects\RL-LAM-ScanOpt\cae_model\stage3_ppo_final_expansion_224_to_320_batch224_v01\final_expansion_batch05\N24\PPOFINAL_N24_B134_novelty\scan_order_PPOFINAL_N24_B134_novelty.json,E:\Projects\RL-LAM-ScanOpt\outputs\stage3_ppo_final_expansion_224_to_320\selected_candidates\scan_orders\scan_order_PPOFINAL_N24_B134_novelty.json,"[21,17,23,4,19,13,22,12,18,16,20,14,8,15,10,11,9,7,5,6,2,0,3,1]","21,17,23,4,19,13,22,12,18,16,20,14,8,15,10,11,9,7,5,6,2,0,3,1",4f9f192b5c2a61b8,PPO_final_expansion_checkpoint_inference,E:\Projects\RL-LAM-ScanOpt\outputs\stage3_ppo_rl_lam_fea_addendum_v03_lex_primary_N24_N40\ppo_training_v03\checkpoints\N24_seed20260627_maskable_ppo_v03.zip,v03,stochastic,novelty,134,E:\Projects\RL-LAM-ScanOpt\cae_model\stage3_ppo_final_expansion_224_to_320_batch224_v01\final_expansion_batch05\N24\PPOFINAL_N24_B134_novelty,J2D_PPOFINAL_N24_B134_novelty,E:\Projects\RL-LAM-ScanOpt\cae_model\stage3_ppo_final_expansion_224_to_320_batch224_v01\final_expansion_batch05\N24\PPOFINAL_N24_B134_novelty\J2D_PPOFINAL_N24_B134_novelty.cae,E:\Projects\RL-LAM-ScanOpt\cae_model\stage3_ppo_final_expansion_224_to_320_batch224_v01\final_expansion_batch05\N24\PPOFINAL_N24_B134_novelty\J2D_PPOFINAL_N24_B134_novelty.inp,E:\Projects\RL-LAM-ScanOpt\cae_model\stage3_ppo_final_expansion_224_to_320_batch224_v01\final_expansion_batch05\N24\PPOFINAL_N24_B134_novelty\J2D_PPOFINAL_N24_B134_novelty.jnl,E:\Projects\RL-LAM-ScanOpt\cae_model\stage3_ppo_final_expansion_224_to_320_batch224_v01\final_expansion_batch05\N24\PPOFINAL_N24_B134_novelty\J2D_PPOFINAL_N24_B134_novelty_stageU_generation_log.json,E:\Projects\RL-LAM-ScanOpt\cae_model\24track_full\sanity_base\24track_sanity_base.cae,stage3_ppo_final_expansion_224_to_320_batch224_v01,False,False,final expansion PPO candidate; not physically validated yet.,0.2715782840767148,5.391304347826087,19.0,4,0.0869565217391304,124.0,18.93383742911153,-0.1474480151228733,0.2604294343335441,21.0,21,23.0,center_out
final_expansion_batch05,PPOFINAL_N24_B135_novelty,24,E:\Projects\RL-LAM-ScanOpt\cae_model\stage3_ppo_final_expansion_224_to_320_batch224_v01\final_expansion_batch05\N24\PPOFINAL_N24_B135_novelty\scan_order_PPOFINAL_N24_B135_novelty.json,E:\Projects\RL-LAM-ScanOpt\outputs\stage3_ppo_final_expansion_224_to_320\selected_candidates\scan_orders\scan_order_PPOFINAL_N24_B135_novelty.json,"[21,19,23,17,22,18,12,20,11,16,10,13,14,8,15,9,6,2,4,7,0,3,5,1]","21,19,23,17,22,18,12,20,11,16,10,13,14,8,15,9,6,2,4,7,0,3,5,1",3cafafe57d3df54e,PPO_final_expansion_checkpoint_inference,E:\Projects\RL-LAM-ScanOpt\outputs\stage3_ppo_rl_lam_fea_addendum_v03_lex_primary_N24_N40\ppo_training_v03\checkpoints\N24_seed20260627_maskable_ppo_v03.zip,v03,stochastic,novelty,135,E:\Projects\RL-LAM-ScanOpt\cae_model\stage3_ppo_final_expansion_224_to_320_batch224_v01\final_expansion_batch05\N24\PPOFINAL_N24_B135_novelty,J2D_PPOFINAL_N24_B135_novelty,E:\Projects\RL-LAM-ScanOpt\cae_model\stage3_ppo_final_expansion_224_to_320_batch224_v01\final_expansion_batch05\N24\PPOFINAL_N24_B135_novelty\J2D_PPOFINAL_N24_B135_novelty.cae,E:\Projects\RL-LAM-ScanOpt\cae_model\stage3_ppo_final_expansion_224_to_320_batch224_v01\final_expansion_batch05\N24\PPOFINAL_N24_B135_novelty\J2D_PPOFINAL_N24_B135_novelty.inp,E:\Projects\RL-LAM-ScanOpt\cae_model\stage3_ppo_final_expansion_224_to_320_batch224_v01\final_expansion_batch05\N24\PPOFINAL_N24_B135_novelty\J2D_PPOFINAL_N24_B135_novelty.jnl,E:\Projects\RL-LAM-ScanOpt\cae_model\stage3_ppo_final_expansion_224_to_320_batch224_v01\final_expansion_batch05\N24\PPOFINAL_N24_B135_novelty\J2D_PPOFINAL_N24_B135_novelty_stageU_generation_log.json,E:\Projects\RL-LAM-ScanOpt\cae_model\24track_full\sanity_base\24track_sanity_base.cae,stage3_ppo_final_expansion_224_to_320_batch224_v01,False,False,final expansion PPO candidate; not physically validated yet.,0.2108732424483135,4.608695652173913,9.0,2,0.0434782608695652,106.0,4.238185255198487,-0.1568998109640831,0.2000406778611187,21.0,21,23.0,raster
final_expansion_batch05,PPOFINAL_N24_B136_novelty,24,E:\Projects\RL-LAM-ScanOpt\cae_model\stage3_ppo_final_expansion_224_to_320_batch224_v01\final_expansion_batch05\N24\PPOFINAL_N24_B136_novelty\scan_order_PPOFINAL_N24_B136_novelty.json,E:\Projects\RL-LAM-ScanOpt\outputs\stage3_ppo_final_expansion_224_to_320\selected_candidates\scan_orders\scan_order_PPOFINAL_N24_B136_novelty.json,"[11,1,3,15,23,21,19,17,13,9,7,5,0,2,6,4,8,16,20,18,22,14,10,12]","11,1,3,15,23,21,19,17,13,9,7,5,0,2,6,4,8,16,20,18,22,14,10,12",cc6ebefd42587076,PPO_final_expansion_checkpoint_inference,E:\Projects\RL-LAM-ScanOpt\outputs\stage3_ppo_rl_lam_fea_addendum_v01\ppo_training\checkpoints\maskable_ppo_lam_scan_order_final.zip,v01,stochastic,novelty,136,E:\Projects\RL-LAM-ScanOpt\cae_model\stage3_ppo_final_expansion_224_to_320_batch224_v01\final_expansion_batch05\N24\PPOFINAL_N24_B136_novelty,J2D_PPOFINAL_N24_B136_novelty,E:\Projects\RL-LAM-ScanOpt\cae_model\stage3_ppo_final_expansion_224_to_320_batch224_v01\final_expansion_batch05\N24\PPOFINAL_N24_B136_novelty\J2D_PPOFINAL_N24_B136_novelty.cae,E:\Projects\RL-LAM-ScanOpt\cae_model\stage3_ppo_final_expansion_224_to_320_batch224_v01\final_expansion_batch05\N24\PPOFINAL_N24_B136_novelty\J2D_PPOFINAL_N24_B136_novelty.inp,E:\Projects\RL-LAM-ScanOpt\cae_model\stage3_ppo_final_expansion_224_to_320_batch224_v01\final_expansion_batch05\N24\PPOFINAL_N24_B136_novelty\J2D_PPOFINAL_N24_B136_novelty.jnl,E:\Projects\RL-LAM-ScanOpt\cae_model\stage3_ppo_final_expansion_224_to_320_batch224_v01\final_expansion_batch05\N24\PPOFINAL_N24_B136_novelty\J2D_PPOFINAL_N24_B136_novelty_stageU_generation_log.json,E:\Projects\RL-LAM-ScanOpt\cae_model\24track_full\sanity_base\24track_sanity_base.cae,stage3_ppo_final_expansion_224_to_320_batch224_v01,False,False,final expansion PPO candidate; not physically validated yet.,0.8284339019833841,4.304347826086956,12.0,5,0.0,99.0,8.124763705103968,-0.1871455576559546,0.1947065476466993,20.0,20,21.0,odd_even
final_expansion_batch05,PPOFINAL_N24_B137_baseline_proximity,24,E:\Projects\RL-LAM-ScanOpt\cae_model\stage3_ppo_final_expansion_224_to_320_batch224_v01\final_expansion_batch05\N24\PPOFINAL_N24_B137_baseline_proximity\scan_order_PPOFINAL_N24_B137_baseline_proximity.json,E:\Projects\RL-LAM-ScanOpt\outputs\stage3_ppo_final_expansion_224_to_320\selected_candidates\scan_orders\scan_order_PPOFINAL_N24_B137_baseline_proximity.json,"[11,3,1,15,23,21,19,13,17,9,7,5,0,2,6,4,8,10,12,16,14,18,20,22]","11,3,1,15,23,21,19,13,17,9,7,5,0,2,6,4,8,10,12,16,14,18,20,22",5bce268377c3df56,PPO_final_expansion_checkpoint_inference,E:\Projects\RL-LAM-ScanOpt\outputs\stage3_ppo_rl_lam_fea_addendum_v01\ppo_training\checkpoints\maskable_ppo_lam_scan_order_final.zip,v01,stochastic,baseline_proximity,137,E:\Projects\RL-LAM-ScanOpt\cae_model\stage3_ppo_final_expansion_224_to_320_batch224_v01\final_expansion_batch05\N24\PPOFINAL_N24_B137_baseline_proximity,J2D_PPOFINAL_N24_B137_baseline_proximity,E:\Projects\RL-LAM-ScanOpt\cae_model\stage3_ppo_final_expansion_224_to_320_batch224_v01\final_expansion_batch05\N24\PPOFINAL_N24_B137_baseline_proximity\J2D_PPOFINAL_N24_B137_baseline_proximity.cae,E:\Projects\RL-LAM-ScanOpt\cae_model\stage3_ppo_final_expansion_224_to_320_batch224_v01\final_expansion_batch05\N24\PPOFINAL_N24_B137_baseline_proximity\J2D_PPOFINAL_N24_B137_baseline_proximity.inp,E:\Projects\RL-LAM-ScanOpt\cae_model\stage3_ppo_final_expansion_224_to_320_batch224_v01\final_expansion_batch05\N24\PPOFINAL_N24_B137_baseline_proximity\J2D_PPOFINAL_N24_B137_baseline_proximity.jnl,E:\Projects\RL-LAM-ScanOpt\cae_model\stage3_ppo_final_expansion_224_to_320_batch224_v01\final_expansion_batch05\N24\PPOFINAL_N24_B137_baseline_proximity\J2D_PPOFINAL_N24_B137_baseline_proximity_stageU_generation_log.json,E:\Projects\RL-LAM-ScanOpt\cae_model\24track_full\sanity_base\24track_sanity_base.cae,stage3_ppo_final_expansion_224_to_320_batch224_v01,False,False,final expansion PPO candidate; not physically validated yet.,0.7959787217370778,4.043478260869565,14.0,4,0.0,93.0,8.737240075614364,-0.1758034026465028,0.1849947827516339,15.0,15,14.0,odd_even
final_expansion_batch05,PPOFINAL_N24_B138_baseline_proximity,24,E:\Projects\RL-LAM-ScanOpt\cae_model\stage3_ppo_final_expansion_224_to_320_batch224_v01\final_expansion_batch05\N24\PPOFINAL_N24_B138_baseline_proximity\scan_order_PPOFINAL_N24_B138_baseline_proximity.json,E:\Projects\RL-LAM-ScanOpt\outputs\stage3_ppo_final_expansion_224_to_320\selected_candidates\scan_orders\scan_order_PPOFINAL_N24_B138_baseline_proximity.json,"[11,1,3,15,21,23,9,13,17,19,7,5,0,2,4,6,8,10,12,16,18,20,22,14]","11,1,3,15,21,23,9,13,17,19,7,5,0,2,4,6,8,10,12,16,18,20,22,14",74155c768b5f71dc,PPO_final_expansion_checkpoint_inference,E:\Projects\RL-LAM-ScanOpt\outputs\stage3_ppo_rl_lam_fea_addendum_v01\ppo_training\checkpoints\maskable_ppo_lam_scan_order_final.zip,v01,stochastic,baseline_proximity,138,E:\Projects\RL-LAM-ScanOpt\cae_model\stage3_ppo_final_expansion_224_to_320_batch224_v01\final_expansion_batch05\N24\PPOFINAL_N24_B138_baseline_proximity,J2D_PPOFINAL_N24_B138_baseline_proximity,E:\Projects\RL-LAM-ScanOpt\cae_model\stage3_ppo_final_expansion_224_to_320_batch224_v01\final_expansion_batch05\N24\PPOFINAL_N24_B138_baseline_proximity\J2D_PPOFINAL_N24_B138_baseline_proximity.cae,E:\Projects\RL-LAM-ScanOpt\cae_model\stage3_ppo_final_expansion_224_to_320_batch224_v01\final_expansion_batch05\N24\PPOFINAL_N24_B138_baseline_proximity\J2D_PPOFINAL_N24_B138_baseline_proximity.inp,E:\Projects\RL-LAM-ScanOpt\cae_model\stage3_ppo_final_expansion_224_to_320_batch224_v01\final_expansion_batch05\N24\PPOFINAL_N24_B138_baseline_proximity\J2D_PPOFINAL_N24_B138_baseline_proximity.jnl,E:\Projects\RL-LAM-ScanOpt\cae_model\stage3_ppo_final_expansion_224_to_320_batch224_v01\final_expansion_batch05\N24\PPOFINAL_N24_B138_baseline_proximity\J2D_PPOFINAL_N24_B138_baseline_proximity_stageU_generation_log.json,E:\Projects\RL-LAM-ScanOpt\cae_model\24track_full\sanity_base\24track_sanity_base.cae,stage3_ppo_final_expansion_224_to_320_batch224_v01,False,False,final expansion PPO candidate; not physically validated yet.,0.8481401831980366,4.565217391304348,14.0,5,0.0,105.0,14.332703213610582,-0.1984877126654064,0.2173113482298876,15.0,15,15.0,odd_even
final_expansion_batch05,PPOFINAL_N24_B139_baseline_proximity,24,E:\Projects\RL-LAM-ScanOpt\cae_model\stage3_ppo_final_expansion_224_to_320_batch224_v01\final_expansion_batch05\N24\PPOFINAL_N24_B139_baseline_proximity\scan_order_PPOFINAL_N24_B139_baseline_proximity.json,E:\Projects\RL-LAM-ScanOpt\outputs\stage3_ppo_final_expansion_224_to_320\selected_candidates\scan_orders\scan_order_PPOFINAL_N24_B139_baseline_proximity.json,"[11,1,3,15,23,21,13,19,17,9,7,5,0,2,4,6,8,10,12,16,18,20,22,14]","11,1,3,15,23,21,13,19,17,9,7,5,0,2,4,6,8,10,12,16,18,20,22,14",9510cf8a7cfe7d1b,PPO_final_expansion_checkpoint_inference,E:\Projects\RL-LAM-ScanOpt\outputs\stage3_ppo_rl_lam_fea_addendum_v01\ppo_training\checkpoints\maskable_ppo_lam_scan_order_final.zip,v01,stochastic,baseline_proximity,139,E:\Projects\RL-LAM-ScanOpt\cae_model\stage3_ppo_final_expansion_224_to_320_batch224_v01\final_expansion_batch05\N24\PPOFINAL_N24_B139_baseline_proximity,J2D_PPOFINAL_N24_B139_baseline_proximity,E:\Projects\RL-LAM-ScanOpt\cae_model\stage3_ppo_final_expansion_224_to_320_batch224_v01\final_expansion_batch05\N24\PPOFINAL_N24_B139_baseline_proximity\J2D_PPOFINAL_N24_B139_baseline_proximity.cae,E:\Projects\RL-LAM-ScanOpt\cae_model\stage3_ppo_final_expansion_224_to_320_batch224_v01\final_expansion_batch05\N24\PPOFINAL_N24_B139_baseline_proximity\J2D_PPOFINAL_N24_B139_baseline_proximity.inp,E:\Projects\RL-LAM-ScanOpt\cae_model\stage3_ppo_final_expansion_224_to_320_batch224_v01\final_expansion_batch05\N24\PPOFINAL_N24_B139_baseline_proximity\J2D_PPOFINAL_N24_B139_baseline_proximity.jnl,E:\Projects\RL-LAM-ScanOpt\cae_model\stage3_ppo_final_expansion_224_to_320_batch224_v01\final_expansion_batch05\N24\PPOFINAL_N24_B139_baseline_proximity\J2D_PPOFINAL_N24_B139_baseline_proximity_stageU_generation_log.json,E:\Projects\RL-LAM-ScanOpt\cae_model\24track_full\sanity_base\24track_sanity_base.cae,stage3_ppo_final_expansion_224_to_320_batch224_v01,False,False,final expansion PPO candidate; not physically validated yet.,0.8418586676921151,4.217391304347826,12.0,6,0.0,97.0,9.735349716446123,-0.1833648393194707,0.1941279452736851,15.0,15,15.0,odd_even
final_expansion_batch05,PPOFINAL_N24_B140_baseline_proximity,24,E:\Projects\RL-LAM-ScanOpt\cae_model\stage3_ppo_final_expansion_224_to_320_batch224_v01\final_expansion_batch05\N24\PPOFINAL_N24_B140_baseline_proximity\scan_order_PPOFINAL_N24_B140_baseline_proximity.json,E:\Projects\RL-LAM-ScanOpt\outputs\stage3_ppo_final_expansion_224_to_320\selected_candidates\scan_orders\scan_order_PPOFINAL_N24_B140_baseline_proximity.json,"[11,3,1,15,23,21,19,13,17,9,7,5,0,2,4,6,8,10,12,16,18,20,22,14]","11,3,1,15,23,21,19,13,17,9,7,5,0,2,4,6,8,10,12,16,18,20,22,14",59c9eb57a42f582f,PPO_final_expansion_checkpoint_inference,E:\Projects\RL-LAM-ScanOpt\outputs\stage3_ppo_rl_lam_fea_addendum_v01\ppo_training\checkpoints\maskable_ppo_lam_scan_order_final.zip,v01,stochastic,baseline_proximity,140,E:\Projects\RL-LAM-ScanOpt\cae_model\stage3_ppo_final_expansion_224_to_320_batch224_v01\final_expansion_batch05\N24\PPOFINAL_N24_B140_baseline_proximity,J2D_PPOFINAL_N24_B140_baseline_proximity,E:\Projects\RL-LAM-ScanOpt\cae_model\stage3_ppo_final_expansion_224_to_320_batch224_v01\final_expansion_batch05\N24\PPOFINAL_N24_B140_baseline_proximity\J2D_PPOFINAL_N24_B140_baseline_proximity.cae,E:\Projects\RL-LAM-ScanOpt\cae_model\stage3_ppo_final_expansion_224_to_320_batch224_v01\final_expansion_batch05\N24\PPOFINAL_N24_B140_baseline_proximity\J2D_PPOFINAL_N24_B140_baseline_proximity.inp,E:\Projects\RL-LAM-ScanOpt\cae_model\stage3_ppo_final_expansion_224_to_320_batch224_v01\final_expansion_batch05\N24\PPOFINAL_N24_B140_baseline_proximity\J2D_PPOFINAL_N24_B140_baseline_proximity.jnl,E:\Projects\RL-LAM-ScanOpt\cae_model\stage3_ppo_final_expansion_224_to_320_batch224_v01\final_expansion_batch05\N24\PPOFINAL_N24_B140_baseline_proximity\J2D_PPOFINAL_N24_B140_baseline_proximity_stageU_generation_log.json,E:\Projects\RL-LAM-ScanOpt\cae_model\24track_full\sanity_base\24track_sanity_base.cae,stage3_ppo_final_expansion_224_to_320_batch224_v01,False,False,final expansion PPO candidate; not physically validated yet.,0.8402260811624043,4.043478260869565,14.0,5,0.0,93.0,9.780718336483927,-0.1758034026465028,0.1869673314489299,15.0,15,15.0,odd_even
final_expansion_batch05,PPOFINAL_N24_B141_baseline_proximity,24,E:\Projects\RL-LAM-ScanOpt\cae_model\stage3_ppo_final_expansion_224_to_320_batch224_v01\final_expansion_batch05\N24\PPOFINAL_N24_B141_baseline_proximity\scan_order_PPOFINAL_N24_B141_baseline_proximity.json,E:\Projects\RL-LAM-ScanOpt\outputs\stage3_ppo_final_expansion_224_to_320\selected_candidates\scan_orders\scan_order_PPOFINAL_N24_B141_baseline_proximity.json,"[11,3,1,15,23,21,19,13,17,9,7,5,0,2,4,6,8,10,16,22,20,18,14,12]","11,3,1,15,23,21,19,13,17,9,7,5,0,2,4,6,8,10,16,22,20,18,14,12",dad66d54b04ad6a1,PPO_final_expansion_checkpoint_inference,E:\Projects\RL-LAM-ScanOpt\outputs\stage3_ppo_rl_lam_fea_addendum_v01\ppo_training\checkpoints\maskable_ppo_lam_scan_order_final.zip,v01,stochastic,baseline_proximity,141,E:\Projects\RL-LAM-ScanOpt\cae_model\stage3_ppo_final_expansion_224_to_320_batch224_v01\final_expansion_batch05\N24\PPOFINAL_N24_B141_baseline_proximity,J2D_PPOFINAL_N24_B141_baseline_proximity,E:\Projects\RL-LAM-ScanOpt\cae_model\stage3_ppo_final_expansion_224_to_320_batch224_v01\final_expansion_batch05\N24\PPOFINAL_N24_B141_baseline_proximity\J2D_PPOFINAL_N24_B141_baseline_proximity.cae,E:\Projects\RL-LAM-ScanOpt\cae_model\stage3_ppo_final_expansion_224_to_320_batch224_v01\final_expansion_batch05\N24\PPOFINAL_N24_B141_baseline_proximity\J2D_PPOFINAL_N24_B141_baseline_proximity.inp,E:\Projects\RL-LAM-ScanOpt\cae_model\stage3_ppo_final_expansion_224_to_320_batch224_v01\final_expansion_batch05\N24\PPOFINAL_N24_B141_baseline_proximity\J2D_PPOFINAL_N24_B141_baseline_proximity.jnl,E:\Projects\RL-LAM-ScanOpt\cae_model\stage3_ppo_final_expansion_224_to_320_batch224_v01\final_expansion_batch05\N24\PPOFINAL_N24_B141_baseline_proximity\J2D_PPOFINAL_N24_B141_baseline_proximity_stageU_generation_log.json,E:\Projects\RL-LAM-ScanOpt\cae_model\24track_full\sanity_base\24track_sanity_base.cae,stage3_ppo_final_expansion_224_to_320_batch224_v01,False,False,final expansion PPO candidate; not physically validated yet.,0.8251805104343142,4.130434782608695,14.0,4,0.0,95.0,9.243856332703215,-0.1795841209829867,0.1895756578437993,14.0,14,15.0,odd_even
final_expansion_batch05,PPOFINAL_N24_B142_baseline_proximity,24,E:\Projects\RL-LAM-ScanOpt\cae_model\stage3_ppo_final_expansion_224_to_320_batch224_v01\final_expansion_batch05\N24\PPOFINAL_N24_B142_baseline_proximity\scan_order_PPOFINAL_N24_B142_baseline_proximity.json,E:\Projects\RL-LAM-ScanOpt\outputs\stage3_ppo_final_expansion_224_to_320\selected_candidates\scan_orders\scan_order_PPOFINAL_N24_B142_baseline_proximity.json,"[11,1,3,15,23,21,9,19,17,7,13,5,0,2,4,6,8,10,12,16,18,22,20,14]","11,1,3,15,23,21,9,19,17,7,13,5,0,2,4,6,8,10,12,16,18,22,20,14",2a46a71eef951480,PPO_final_expansion_checkpoint_inference,E:\Projects\RL-LAM-ScanOpt\outputs\stage3_ppo_rl_lam_fea_addendum_v01\ppo_training\checkpoints\maskable_ppo_lam_scan_order_final.zip,v01,stochastic,baseline_proximity,142,E:\Projects\RL-LAM-ScanOpt\cae_model\stage3_ppo_final_expansion_224_to_320_batch224_v01\final_expansion_batch05\N24\PPOFINAL_N24_B142_baseline_proximity,J2D_PPOFINAL_N24_B142_baseline_proximity,E:\Projects\RL-LAM-ScanOpt\cae_model\stage3_ppo_final_expansion_224_to_320_batch224_v01\final_expansion_batch05\N24\PPOFINAL_N24_B142_baseline_proximity\J2D_PPOFINAL_N24_B142_baseline_proximity.cae,E:\Projects\RL-LAM-ScanOpt\cae_model\stage3_ppo_final_expansion_224_to_320_batch224_v01\final_expansion_batch05\N24\PPOFINAL_N24_B142_baseline_proximity\J2D_PPOFINAL_N24_B142_baseline_proximity.inp,E:\Projects\RL-LAM-ScanOpt\cae_model\stage3_ppo_final_expansion_224_to_320_batch224_v01\final_expansion_batch05\N24\PPOFINAL_N24_B142_baseline_proximity\J2D_PPOFINAL_N24_B142_baseline_proximity.jnl,E:\Projects\RL-LAM-ScanOpt\cae_model\stage3_ppo_final_expansion_224_to_320_batch224_v01\final_expansion_batch05\N24\PPOFINAL_N24_B142_baseline_proximity\J2D_PPOFINAL_N24_B142_baseline_proximity_stageU_generation_log.json,E:\Projects\RL-LAM-ScanOpt\cae_model\24track_full\sanity_base\24track_sanity_base.cae,stage3_ppo_final_expansion_224_to_320_batch224_v01,False,False,final expansion PPO candidate; not physically validated yet.,0.8146525693711313,5.086956521739131,12.0,7,0.0,117.0,12.7750472589792,-0.22117202268431,0.2361059494498661,15.0,15,15.0,odd_even
final_expansion_batch05,PPOFINAL_N24_B143_baseline_proximity,24,E:\Projects\RL-LAM-ScanOpt\cae_model\stage3_ppo_final_expansion_224_to_320_batch224_v01\final_expansion_batch05\N24\PPOFINAL_N24_B143_baseline_proximity\scan_order_PPOFINAL_N24_B143_baseline_proximity.json,E:\Projects\RL-LAM-ScanOpt\outputs\stage3_ppo_final_expansion_224_to_320\selected_candidates\scan_orders\scan_order_PPOFINAL_N24_B143_baseline_proximity.json,"[1,11,3,15,23,21,19,13,17,9,7,5,0,2,4,6,8,10,12,18,20,22,16,14]","1,11,3,15,23,21,19,13,17,9,7,5,0,2,4,6,8,10,12,18,20,22,16,14",89c07a565a906e8d,PPO_final_expansion_checkpoint_inference,E:\Projects\RL-LAM-ScanOpt\outputs\stage3_ppo_rl_lam_fea_addendum_v01\ppo_training\checkpoints\maskable_ppo_lam_scan_order_final.zip,v01,stochastic,baseline_proximity,143,E:\Projects\RL-LAM-ScanOpt\cae_model\stage3_ppo_final_expansion_224_to_320_batch224_v01\final_expansion_batch05\N24\PPOFINAL_N24_B143_baseline_proximity,J2D_PPOFINAL_N24_B143_baseline_proximity,E:\Projects\RL-LAM-ScanOpt\cae_model\stage3_ppo_final_expansion_224_to_320_batch224_v01\final_expansion_batch05\N24\PPOFINAL_N24_B143_baseline_proximity\J2D_PPOFINAL_N24_B143_baseline_proximity.cae,E:\Projects\RL-LAM-ScanOpt\cae_model\stage3_ppo_final_expansion_224_to_320_batch224_v01\final_expansion_batch05\N24\PPOFINAL_N24_B143_baseline_proximity\J2D_PPOFINAL_N24_B143_baseline_proximity.inp,E:\Projects\RL-LAM-ScanOpt\cae_model\stage3_ppo_final_expansion_224_to_320_batch224_v01\final_expansion_batch05\N24\PPOFINAL_N24_B143_baseline_proximity\J2D_PPOFINAL_N24_B143_baseline_proximity.jnl,E:\Projects\RL-LAM-ScanOpt\cae_model\stage3_ppo_final_expansion_224_to_320_batch224_v01\final_expansion_batch05\N24\PPOFINAL_N24_B143_baseline_proximity\J2D_PPOFINAL_N24_B143_baseline_proximity_stageU_generation_log.json,E:\Projects\RL-LAM-ScanOpt\cae_model\24track_full\sanity_base\24track_sanity_base.cae,stage3_ppo_final_expansion_224_to_320_batch224_v01,False,False,final expansion PPO candidate; not physically validated yet.,0.8061521813853235,4.304347826086956,12.0,5,0.0,99.0,9.168241965973532,-0.1871455576559546,0.1966790963439953,14.0,14,15.0,odd_even
final_expansion_batch05,PPOFINAL_N24_B144_baseline_proximity,24,E:\Projects\RL-LAM-ScanOpt\cae_model\stage3_ppo_final_expansion_224_to_320_batch224_v01\final_expansion_batch05\N24\PPOFINAL_N24_B144_baseline_proximity\scan_order_PPOFINAL_N24_B144_baseline_proximity.json,E:\Projects\RL-LAM-ScanOpt\outputs\stage3_ppo_final_expansion_224_to_320\selected_candidates\scan_orders\scan_order_PPOFINAL_N24_B144_baseline_proximity.json,"[11,1,3,15,23,21,19,13,17,9,7,5,0,2,6,4,8,10,12,16,14,18,20,22]","11,1,3,15,23,21,19,13,17,9,7,5,0,2,6,4,8,10,12,16,14,18,20,22",52a7ce5fadecac65,PPO_final_expansion_checkpoint_inference,E:\Projects\RL-LAM-ScanOpt\outputs\stage3_ppo_rl_lam_fea_addendum_v01\ppo_training\checkpoints\maskable_ppo_lam_scan_order_final.zip,v01,stochastic,baseline_proximity,144,E:\Projects\RL-LAM-ScanOpt\cae_model\stage3_ppo_final_expansion_224_to_320_batch224_v01\final_expansion_batch05\N24\PPOFINAL_N24_B144_baseline_proximity,J2D_PPOFINAL_N24_B144_baseline_proximity,E:\Projects\RL-LAM-ScanOpt\cae_model\stage3_ppo_final_expansion_224_to_320_batch224_v01\final_expansion_batch05\N24\PPOFINAL_N24_B144_baseline_proximity\J2D_PPOFINAL_N24_B144_baseline_proximity.cae,E:\Projects\RL-LAM-ScanOpt\cae_model\stage3_ppo_final_expansion_224_to_320_batch224_v01\final_expansion_batch05\N24\PPOFINAL_N24_B144_baseline_proximity\J2D_PPOFINAL_N24_B144_baseline_proximity.inp,E:\Projects\RL-LAM-ScanOpt\cae_model\stage3_ppo_final_expansion_224_to_320_batch224_v01\final_expansion_batch05\N24\PPOFINAL_N24_B144_baseline_proximity\J2D_PPOFINAL_N24_B144_baseline_proximity.jnl,E:\Projects\RL-LAM-ScanOpt\cae_model\stage3_ppo_final_expansion_224_to_320_batch224_v01\final_expansion_batch05\N24\PPOFINAL_N24_B144_baseline_proximity\J2D_PPOFINAL_N24_B144_baseline_proximity_stageU_generation_log.json,E:\Projects\RL-LAM-ScanOpt\cae_model\24track_full\sanity_base\24track_sanity_base.cae,stage3_ppo_final_expansion_224_to_320_batch224_v01,False,False,final expansion PPO candidate; not physically validated yet.,0.7886386782357744,4.043478260869565,12.0,4,0.0,93.0,8.041587901701321,-0.1758034026465028,0.1836797502867699,15.0,15,15.0,odd_even
final_expansion_batch05,PPOFINAL_N40_B145_quality,40,E:\Projects\RL-LAM-ScanOpt\cae_model\stage3_ppo_final_expansion_224_to_320_batch224_v01\final_expansion_batch05\N40\PPOFINAL_N40_B145_quality\scan_order_PPOFINAL_N40_B145_quality.json,E:\Projects\RL-LAM-ScanOpt\outputs\stage3_ppo_final_expansion_224_to_320\selected_candidates\scan_orders\scan_order_PPOFINAL_N40_B145_quality.json,"[11,3,1,15,21,23,19,25,37,29,13,33,39,35,31,27,17,7,5,0,20,9,26,24,32,22,34,36,38,30,28,14,12,6,4,8,2,10,16,18]","11,3,1,15,21,23,19,25,37,29,13,33,39,35,31,27,17,7,5,0,20,9,26,24,32,22,34,36,38,30,28,14,12,6,4,8,2,10,16,18",de85307460f4c766,PPO_final_expansion_checkpoint_inference,E:\Projects\RL-LAM-ScanOpt\outputs\stage3_ppo_rl_lam_fea_addendum_v01\ppo_training\checkpoints\maskable_ppo_lam_scan_order_final.zip,v01,stochastic,quality,145,E:\Projects\RL-LAM-ScanOpt\cae_model\stage3_ppo_final_expansion_224_to_320_batch224_v01\final_expansion_batch05\N40\PPOFINAL_N40_B145_quality,J2D_PPOFINAL_N40_B145_quality,E:\Projects\RL-LAM-ScanOpt\cae_model\stage3_ppo_final_expansion_224_to_320_batch224_v01\final_expansion_batch05\N40\PPOFINAL_N40_B145_quality\J2D_PPOFINAL_N40_B145_quality.cae,E:\Projects\RL-LAM-ScanOpt\cae_model\stage3_ppo_final_expansion_224_to_320_batch224_v01\final_expansion_batch05\N40\PPOFINAL_N40_B145_quality\J2D_PPOFINAL_N40_B145_quality.inp,E:\Projects\RL-LAM-ScanOpt\cae_model\stage3_ppo_final_expansion_224_to_320_batch224_v01\final_expansion_batch05\N40\PPOFINAL_N40_B145_quality\J2D_PPOFINAL_N40_B145_quality.jnl,E:\Projects\RL-LAM-ScanOpt\cae_model\stage3_ppo_final_expansion_224_to_320_batch224_v01\final_expansion_batch05\N40\PPOFINAL_N40_B145_quality\J2D_PPOFINAL_N40_B145_quality_stageU_generation_log.json,E:\Projects\RL-LAM-ScanOpt\cae_model\40track_full\sanity_base\40track_sanity_base.cae,stage3_ppo_final_expansion_224_to_320_batch224_v01,False,False,final expansion PPO candidate; not physically validated yet.,0.7721556561260406,7.358974358974359,20.0,6,0.0,287.0,26.0249835634451,-0.1886916502301117,0.2010848018168607,35.0,35,39.0,raster
final_expansion_batch05,PPOFINAL_N40_B146_quality,40,E:\Projects\RL-LAM-ScanOpt\cae_model\stage3_ppo_final_expansion_224_to_320_batch224_v01\final_expansion_batch05\N40\PPOFINAL_N40_B146_quality\scan_order_PPOFINAL_N40_B146_quality.json,E:\Projects\RL-LAM-ScanOpt\outputs\stage3_ppo_final_expansion_224_to_320\selected_candidates\scan_orders\scan_order_PPOFINAL_N40_B146_quality.json,"[11,3,1,15,21,23,37,39,31,27,35,25,29,13,9,17,33,7,19,5,0,20,24,22,34,38,36,32,30,26,28,18,6,4,2,8,10,16,14,12]","11,3,1,15,21,23,37,39,31,27,35,25,29,13,9,17,33,7,19,5,0,20,24,22,34,38,36,32,30,26,28,18,6,4,2,8,10,16,14,12",dc97a259ffd0da41,PPO_final_expansion_checkpoint_inference,E:\Projects\RL-LAM-ScanOpt\outputs\stage3_ppo_rl_lam_fea_addendum_v01\ppo_training\checkpoints\maskable_ppo_lam_scan_order_final.zip,v01,stochastic,quality,146,E:\Projects\RL-LAM-ScanOpt\cae_model\stage3_ppo_final_expansion_224_to_320_batch224_v01\final_expansion_batch05\N40\PPOFINAL_N40_B146_quality,J2D_PPOFINAL_N40_B146_quality,E:\Projects\RL-LAM-ScanOpt\cae_model\stage3_ppo_final_expansion_224_to_320_batch224_v01\final_expansion_batch05\N40\PPOFINAL_N40_B146_quality\J2D_PPOFINAL_N40_B146_quality.cae,E:\Projects\RL-LAM-ScanOpt\cae_model\stage3_ppo_final_expansion_224_to_320_batch224_v01\final_expansion_batch05\N40\PPOFINAL_N40_B146_quality\J2D_PPOFINAL_N40_B146_quality.inp,E:\Projects\RL-LAM-ScanOpt\cae_model\stage3_ppo_final_expansion_224_to_320_batch224_v01\final_expansion_batch05\N40\PPOFINAL_N40_B146_quality\J2D_PPOFINAL_N40_B146_quality.jnl,E:\Projects\RL-LAM-ScanOpt\cae_model\stage3_ppo_final_expansion_224_to_320_batch224_v01\final_expansion_batch05\N40\PPOFINAL_N40_B146_quality\J2D_PPOFINAL_N40_B146_quality_stageU_generation_log.json,E:\Projects\RL-LAM-ScanOpt\cae_model\40track_full\sanity_base\40track_sanity_base.cae,stage3_ppo_final_expansion_224_to_320_batch224_v01,False,False,final expansion PPO candidate; not physically validated yet.,0.7665883154028267,7.256410256410256,26.0,7,0.0,283.0,33.42143326758712,-0.1860618014464168,0.2033835853172828,36.0,36,37.0,odd_even
final_expansion_batch05,PPOFINAL_N40_B147_quality,40,E:\Projects\RL-LAM-ScanOpt\cae_model\stage3_ppo_final_expansion_224_to_320_batch224_v01\final_expansion_batch05\N40\PPOFINAL_N40_B147_quality\scan_order_PPOFINAL_N40_B147_quality.json,E:\Projects\RL-LAM-ScanOpt\outputs\stage3_ppo_final_expansion_224_to_320\selected_candidates\scan_orders\scan_order_PPOFINAL_N40_B147_quality.json,"[11,3,1,15,21,17,23,37,29,35,39,31,25,33,19,27,9,7,5,0,13,20,36,24,32,38,30,22,34,28,26,4,6,2,8,10,12,16,18,14]","11,3,1,15,21,17,23,37,29,35,39,31,25,33,19,27,9,7,5,0,13,20,36,24,32,38,30,22,34,28,26,4,6,2,8,10,12,16,18,14",50eead2e9fe64fb2,PPO_final_expansion_checkpoint_inference,E:\Projects\RL-LAM-ScanOpt\outputs\stage3_ppo_rl_lam_fea_addendum_v01\ppo_training\checkpoints\maskable_ppo_lam_scan_order_final.zip,v01,stochastic,quality,147,E:\Projects\RL-LAM-ScanOpt\cae_model\stage3_ppo_final_expansion_224_to_320_batch224_v01\final_expansion_batch05\N40\PPOFINAL_N40_B147_quality,J2D_PPOFINAL_N40_B147_quality,E:\Projects\RL-LAM-ScanOpt\cae_model\stage3_ppo_final_expansion_224_to_320_batch224_v01\final_expansion_batch05\N40\PPOFINAL_N40_B147_quality\J2D_PPOFINAL_N40_B147_quality.cae,E:\Projects\RL-LAM-ScanOpt\cae_model\stage3_ppo_final_expansion_224_to_320_batch224_v01\final_expansion_batch05\N40\PPOFINAL_N40_B147_quality\J2D_PPOFINAL_N40_B147_quality.inp,E:\Projects\RL-LAM-ScanOpt\cae_model\stage3_ppo_final_expansion_224_to_320_batch224_v01\final_expansion_batch05\N40\PPOFINAL_N40_B147_quality\J2D_PPOFINAL_N40_B147_quality.jnl,E:\Projects\RL-LAM-ScanOpt\cae_model\stage3_ppo_final_expansion_224_to_320_batch224_v01\final_expansion_batch05\N40\PPOFINAL_N40_B147_quality\J2D_PPOFINAL_N40_B147_quality_stageU_generation_log.json,E:\Projects\RL-LAM-ScanOpt\cae_model\40track_full\sanity_base\40track_sanity_base.cae,stage3_ppo_final_expansion_224_to_320_batch224_v01,False,False,final expansion PPO candidate; not physically validated yet.,0.743179382572766,7.410256410256411,22.0,6,0.0,289.0,23.523997370151207,-0.1900065746219592,0.200722549224294,35.0,35,37.0,edge_in
final_expansion_batch05,PPOFINAL_N40_B148_quality,40,E:\Projects\RL-LAM-ScanOpt\cae_model\stage3_ppo_final_expansion_224_to_320_batch224_v01\final_expansion_batch05\N40\PPOFINAL_N40_B148_quality\scan_order_PPOFINAL_N40_B148_quality.json,E:\Projects\RL-LAM-ScanOpt\outputs\stage3_ppo_final_expansion_224_to_320\selected_candidates\scan_orders\scan_order_PPOFINAL_N40_B148_quality.json,"[11,1,15,3,17,21,23,31,37,29,33,39,35,25,27,13,19,7,0,5,9,22,24,26,36,32,20,38,30,34,28,18,6,16,12,14,4,2,8,10]","11,1,15,3,17,21,23,31,37,29,33,39,35,25,27,13,19,7,0,5,9,22,24,26,36,32,20,38,30,34,28,18,6,16,12,14,4,2,8,10",3b9411f7a1944cd1,PPO_final_expansion_checkpoint_inference,E:\Projects\RL-LAM-ScanOpt\outputs\stage3_ppo_rl_lam_fea_addendum_v01\ppo_training\checkpoints\maskable_ppo_lam_scan_order_final.zip,v01,stochastic,quality,148,E:\Projects\RL-LAM-ScanOpt\cae_model\stage3_ppo_final_expansion_224_to_320_batch224_v01\final_expansion_batch05\N40\PPOFINAL_N40_B148_quality,J2D_PPOFINAL_N40_B148_quality,E:\Projects\RL-LAM-ScanOpt\cae_model\stage3_ppo_final_expansion_224_to_320_batch224_v01\final_expansion_batch05\N40\PPOFINAL_N40_B148_quality\J2D_PPOFINAL_N40_B148_quality.cae,E:\Projects\RL-LAM-ScanOpt\cae_model\stage3_ppo_final_expansion_224_to_320_batch224_v01\final_expansion_batch05\N40\PPOFINAL_N40_B148_quality\J2D_PPOFINAL_N40_B148_quality.inp,E:\Projects\RL-LAM-ScanOpt\cae_model\stage3_ppo_final_expansion_224_to_320_batch224_v01\final_expansion_batch05\N40\PPOFINAL_N40_B148_quality\J2D_PPOFINAL_N40_B148_quality.jnl,E:\Projects\RL-LAM-ScanOpt\cae_model\stage3_ppo_final_expansion_224_to_320_batch224_v01\final_expansion_batch05\N40\PPOFINAL_N40_B148_quality\J2D_PPOFINAL_N40_B148_quality_stageU_generation_log.json,E:\Projects\RL-LAM-ScanOpt\cae_model\40track_full\sanity_base\40track_sanity_base.cae,stage3_ppo_final_expansion_224_to_320_batch224_v01,False,False,final expansion PPO candidate; not physically validated yet.,0.7423334056551164,7.410256410256411,18.0,4,0.0,289.0,17.985535831689674,-0.1900065746219592,0.1970812201391779,35.0,35,36.0,center_out
final_expansion_batch05,PPOFINAL_N40_B149_quality,40,E:\Projects\RL-LAM-ScanOpt\cae_model\stage3_ppo_final_expansion_224_to_320_batch224_v01\final_expansion_batch05\N40\PPOFINAL_N40_B149_quality\scan_order_PPOFINAL_N40_B149_quality.json,E:\Projects\RL-LAM-ScanOpt\outputs\stage3_ppo_final_expansion_224_to_320\selected_candidates\scan_orders\scan_order_PPOFINAL_N40_B149_quality.json,"[11,1,3,15,21,23,25,29,37,35,17,39,31,33,13,27,19,5,0,7,9,26,24,20,38,36,34,30,32,22,28,18,6,2,16,14,12,4,8,10]","11,1,3,15,21,23,25,29,37,35,17,39,31,33,13,27,19,5,0,7,9,26,24,20,38,36,34,30,32,22,28,18,6,2,16,14,12,4,8,10",b3b84e349046b17e,PPO_final_expansion_checkpoint_inference,E:\Projects\RL-LAM-ScanOpt\outputs\stage3_ppo_rl_lam_fea_addendum_v01\ppo_training\checkpoints\maskable_ppo_lam_scan_order_final.zip,v01,stochastic,quality,149,E:\Projects\RL-LAM-ScanOpt\cae_model\stage3_ppo_final_expansion_224_to_320_batch224_v01\final_expansion_batch05\N40\PPOFINAL_N40_B149_quality,J2D_PPOFINAL_N40_B149_quality,E:\Projects\RL-LAM-ScanOpt\cae_model\stage3_ppo_final_expansion_224_to_320_batch224_v01\final_expansion_batch05\N40\PPOFINAL_N40_B149_quality\J2D_PPOFINAL_N40_B149_quality.cae,E:\Projects\RL-LAM-ScanOpt\cae_model\stage3_ppo_final_expansion_224_to_320_batch224_v01\final_expansion_batch05\N40\PPOFINAL_N40_B149_quality\J2D_PPOFINAL_N40_B149_quality.inp,E:\Projects\RL-LAM-ScanOpt\cae_model\stage3_ppo_final_expansion_224_to_320_batch224_v01\final_expansion_batch05\N40\PPOFINAL_N40_B149_quality\J2D_PPOFINAL_N40_B149_quality.jnl,E:\Projects\RL-LAM-ScanOpt\cae_model\stage3_ppo_final_expansion_224_to_320_batch224_v01\final_expansion_batch05\N40\PPOFINAL_N40_B149_quality\J2D_PPOFINAL_N40_B149_quality_stageU_generation_log.json,E:\Projects\RL-LAM-ScanOpt\cae_model\40track_full\sanity_base\40track_sanity_base.cae,stage3_ppo_final_expansion_224_to_320_batch224_v01,False,False,final expansion PPO candidate; not physically validated yet.,0.7415722939550238,7.512820512820513,22.0,8,0.0,293.0,34.095989480604864,-0.1926364234056541,0.2102373369366238,37.0,37,38.0,center_out
final_expansion_batch05,PPOFINAL_N40_B150_quality,40,E:\Projects\RL-LAM-ScanOpt\cae_model\stage3_ppo_final_expansion_224_to_320_batch224_v01\final_expansion_batch05\N40\PPOFINAL_N40_B150_quality\scan_order_PPOFINAL_N40_B150_quality.json,E:\Projects\RL-LAM-ScanOpt\outputs\stage3_ppo_final_expansion_224_to_320\selected_candidates\scan_orders\scan_order_PPOFINAL_N40_B150_quality.json,"[11,1,3,15,23,27,31,21,37,29,17,13,25,35,39,33,19,7,5,0,9,20,36,28,24,22,30,32,26,34,38,16,6,18,8,4,10,12,14,2]","11,1,3,15,23,27,31,21,37,29,17,13,25,35,39,33,19,7,5,0,9,20,36,28,24,22,30,32,26,34,38,16,6,18,8,4,10,12,14,2",8f7702c18f2e6e7a,PPO_final_expansion_checkpoint_inference,E:\Projects\RL-LAM-ScanOpt\outputs\stage3_ppo_rl_lam_fea_addendum_v01\ppo_training\checkpoints\maskable_ppo_lam_scan_order_final.zip,v01,stochastic,quality,150,E:\Projects\RL-LAM-ScanOpt\cae_model\stage3_ppo_final_expansion_224_to_320_batch224_v01\final_expansion_batch05\N40\PPOFINAL_N40_B150_quality,J2D_PPOFINAL_N40_B150_quality,E:\Projects\RL-LAM-ScanOpt\cae_model\stage3_ppo_final_expansion_224_to_320_batch224_v01\final_expansion_batch05\N40\PPOFINAL_N40_B150_quality\J2D_PPOFINAL_N40_B150_quality.cae,E:\Projects\RL-LAM-ScanOpt\cae_model\stage3_ppo_final_expansion_224_to_320_batch224_v01\final_expansion_batch05\N40\PPOFINAL_N40_B150_quality\J2D_PPOFINAL_N40_B150_quality.inp,E:\Projects\RL-LAM-ScanOpt\cae_model\stage3_ppo_final_expansion_224_to_320_batch224_v01\final_expansion_batch05\N40\PPOFINAL_N40_B150_quality\J2D_PPOFINAL_N40_B150_quality.jnl,E:\Projects\RL-LAM-ScanOpt\cae_model\stage3_ppo_final_expansion_224_to_320_batch224_v01\final_expansion_batch05\N40\PPOFINAL_N40_B150_quality\J2D_PPOFINAL_N40_B150_quality_stageU_generation_log.json,E:\Projects\RL-LAM-ScanOpt\cae_model\40track_full\sanity_base\40track_sanity_base.cae,stage3_ppo_final_expansion_224_to_320_batch224_v01,False,False,final expansion PPO candidate; not physically validated yet.,0.7406236990256356,8.025641025641026,22.0,4,0.0,313.0,21.409598948060488,-0.2057856673241288,0.2147170275792639,35.0,35,38.0,raster
final_expansion_batch05,PPOFINAL_N40_B151_quality,40,E:\Projects\RL-LAM-ScanOpt\cae_model\stage3_ppo_final_expansion_224_to_320_batch224_v01\final_expansion_batch05\N40\PPOFINAL_N40_B151_quality\scan_order_PPOFINAL_N40_B151_quality.json,E:\Projects\RL-LAM-ScanOpt\outputs\stage3_ppo_final_expansion_224_to_320\selected_candidates\scan_orders\scan_order_PPOFINAL_N40_B151_quality.json,"[11,3,1,15,23,21,9,25,29,39,33,35,31,37,27,13,19,17,7,0,5,24,36,30,32,20,26,22,28,34,38,18,6,4,8,10,16,12,14,2]","11,3,1,15,23,21,9,25,29,39,33,35,31,37,27,13,19,17,7,0,5,24,36,30,32,20,26,22,28,34,38,18,6,4,8,10,16,12,14,2",3a401243f6921b37,PPO_final_expansion_checkpoint_inference,E:\Projects\RL-LAM-ScanOpt\outputs\stage3_ppo_rl_lam_fea_addendum_v01\ppo_training\checkpoints\maskable_ppo_lam_scan_order_final.zip,v01,stochastic,quality,151,E:\Projects\RL-LAM-ScanOpt\cae_model\stage3_ppo_final_expansion_224_to_320_batch224_v01\final_expansion_batch05\N40\PPOFINAL_N40_B151_quality,J2D_PPOFINAL_N40_B151_quality,E:\Projects\RL-LAM-ScanOpt\cae_model\stage3_ppo_final_expansion_224_to_320_batch224_v01\final_expansion_batch05\N40\PPOFINAL_N40_B151_quality\J2D_PPOFINAL_N40_B151_quality.cae,E:\Projects\RL-LAM-ScanOpt\cae_model\stage3_ppo_final_expansion_224_to_320_batch224_v01\final_expansion_batch05\N40\PPOFINAL_N40_B151_quality\J2D_PPOFINAL_N40_B151_quality.inp,E:\Projects\RL-LAM-ScanOpt\cae_model\stage3_ppo_final_expansion_224_to_320_batch224_v01\final_expansion_batch05\N40\PPOFINAL_N40_B151_quality\J2D_PPOFINAL_N40_B151_quality.jnl,E:\Projects\RL-LAM-ScanOpt\cae_model\stage3_ppo_final_expansion_224_to_320_batch224_v01\final_expansion_batch05\N40\PPOFINAL_N40_B151_quality\J2D_PPOFINAL_N40_B151_quality_stageU_generation_log.json,E:\Projects\RL-LAM-ScanOpt\cae_model\40track_full\sanity_base\40track_sanity_base.cae,stage3_ppo_final_expansion_224_to_320_batch224_v01,False,False,final expansion PPO candidate; not physically validated yet.,0.7365371003113776,7.410256410256411,20.0,5,0.0,289.0,23.216305062458908,-0.1900065746219592,0.2005202531640098,37.0,37,37.0,raster
final_expansion_batch05,PPOFINAL_N40_B152_quality,40,E:\Projects\RL-LAM-ScanOpt\cae_model\stage3_ppo_final_expansion_224_to_320_batch224_v01\final_expansion_batch05\N40\PPOFINAL_N40_B152_quality\scan_order_PPOFINAL_N40_B152_quality.json,E:\Projects\RL-LAM-ScanOpt\outputs\stage3_ppo_final_expansion_224_to_320\selected_candidates\scan_orders\scan_order_PPOFINAL_N40_B152_quality.json,"[11,3,1,15,21,25,35,31,23,27,39,37,29,33,19,17,13,9,7,0,5,20,22,30,32,36,24,38,34,28,26,18,14,6,4,12,2,8,16,10]","11,3,1,15,21,25,35,31,23,27,39,37,29,33,19,17,13,9,7,0,5,20,22,30,32,36,24,38,34,28,26,18,14,6,4,12,2,8,16,10",a218445583a4142f,PPO_final_expansion_checkpoint_inference,E:\Projects\RL-LAM-ScanOpt\outputs\stage3_ppo_rl_lam_fea_addendum_v01\ppo_training\checkpoints\maskable_ppo_lam_scan_order_final.zip,v01,stochastic,quality,152,E:\Projects\RL-LAM-ScanOpt\cae_model\stage3_ppo_final_expansion_224_to_320_batch224_v01\final_expansion_batch05\N40\PPOFINAL_N40_B152_quality,J2D_PPOFINAL_N40_B152_quality,E:\Projects\RL-LAM-ScanOpt\cae_model\stage3_ppo_final_expansion_224_to_320_batch224_v01\final_expansion_batch05\N40\PPOFINAL_N40_B152_quality\J2D_PPOFINAL_N40_B152_quality.cae,E:\Projects\RL-LAM-ScanOpt\cae_model\stage3_ppo_final_expansion_224_to_320_batch224_v01\final_expansion_batch05\N40\PPOFINAL_N40_B152_quality\J2D_PPOFINAL_N40_B152_quality.inp,E:\Projects\RL-LAM-ScanOpt\cae_model\stage3_ppo_final_expansion_224_to_320_batch224_v01\final_expansion_batch05\N40\PPOFINAL_N40_B152_quality\J2D_PPOFINAL_N40_B152_quality.jnl,E:\Projects\RL-LAM-ScanOpt\cae_model\stage3_ppo_final_expansion_224_to_320_batch224_v01\final_expansion_batch05\N40\PPOFINAL_N40_B152_quality\J2D_PPOFINAL_N40_B152_quality_stageU_generation_log.json,E:\Projects\RL-LAM-ScanOpt\cae_model\40track_full\sanity_base\40track_sanity_base.cae,stage3_ppo_final_expansion_224_to_320_batch224_v01,False,False,final expansion PPO candidate; not physically validated yet.,0.7339093192318515,6.487179487179487,15.0,4,0.0,253.0,14.506245890861274,-0.1663379355687048,0.1717167954575024,36.0,36,38.0,edge_in
final_expansion_batch05,PPOFINAL_N40_B153_quality,40,E:\Projects\RL-LAM-ScanOpt\cae_model\stage3_ppo_final_expansion_224_to_320_batch224_v01\final_expansion_batch05\N40\PPOFINAL_N40_B153_quality\scan_order_PPOFINAL_N40_B153_quality.json,E:\Projects\RL-LAM-ScanOpt\outputs\stage3_ppo_final_expansion_224_to_320\selected_candidates\scan_orders\scan_order_PPOFINAL_N40_B153_quality.json,"[11,1,3,15,25,37,27,21,17,23,31,29,33,39,35,19,9,5,0,7,13,34,20,28,30,22,36,32,38,24,18,26,16,14,4,6,8,10,12,2]","11,1,3,15,25,37,27,21,17,23,31,29,33,39,35,19,9,5,0,7,13,34,20,28,30,22,36,32,38,24,18,26,16,14,4,6,8,10,12,2",c1aac2712d53a1d5,PPO_final_expansion_checkpoint_inference,E:\Projects\RL-LAM-ScanOpt\outputs\stage3_ppo_rl_lam_fea_addendum_v01\ppo_training\checkpoints\maskable_ppo_lam_scan_order_final.zip,v01,stochastic,quality,153,E:\Projects\RL-LAM-ScanOpt\cae_model\stage3_ppo_final_expansion_224_to_320_batch224_v01\final_expansion_batch05\N40\PPOFINAL_N40_B153_quality,J2D_PPOFINAL_N40_B153_quality,E:\Projects\RL-LAM-ScanOpt\cae_model\stage3_ppo_final_expansion_224_to_320_batch224_v01\final_expansion_batch05\N40\PPOFINAL_N40_B153_quality\J2D_PPOFINAL_N40_B153_quality.cae,E:\Projects\RL-LAM-ScanOpt\cae_model\stage3_ppo_final_expansion_224_to_320_batch224_v01\final_expansion_batch05\N40\PPOFINAL_N40_B153_quality\J2D_PPOFINAL_N40_B153_quality.inp,E:\Projects\RL-LAM-ScanOpt\cae_model\stage3_ppo_final_expansion_224_to_320_batch224_v01\final_expansion_batch05\N40\PPOFINAL_N40_B153_quality\J2D_PPOFINAL_N40_B153_quality.jnl,E:\Projects\RL-LAM-ScanOpt\cae_model\stage3_ppo_final_expansion_224_to_320_batch224_v01\final_expansion_batch05\N40\PPOFINAL_N40_B153_quality\J2D_PPOFINAL_N40_B153_quality_stageU_generation_log.json,E:\Projects\RL-LAM-ScanOpt\cae_model\40track_full\sanity_base\40track_sanity_base.cae,stage3_ppo_final_expansion_224_to_320_batch224_v01,False,False,final expansion PPO candidate; not physically validated yet.,0.7325566520293127,7.410256410256411,21.0,5,0.0,289.0,20.24194608809993,-0.1900065746219592,0.1985647245812623,37.0,37,37.0,edge_in
final_expansion_batch05,PPOFINAL_N40_B154_quality,40,E:\Projects\RL-LAM-ScanOpt\cae_model\stage3_ppo_final_expansion_224_to_320_batch224_v01\final_expansion_batch05\N40\PPOFINAL_N40_B154_quality\scan_order_PPOFINAL_N40_B154_quality.json,E:\Projects\RL-LAM-ScanOpt\outputs\stage3_ppo_final_expansion_224_to_320\selected_candidates\scan_orders\scan_order_PPOFINAL_N40_B154_quality.json,"[11,3,1,15,23,31,37,21,29,33,39,35,27,25,19,17,13,9,0,5,7,20,36,30,34,24,32,26,38,28,22,14,6,4,18,16,8,10,2,12]","11,3,1,15,23,31,37,21,29,33,39,35,27,25,19,17,13,9,0,5,7,20,36,30,34,24,32,26,38,28,22,14,6,4,18,16,8,10,2,12",de9f263ee12ac476,PPO_final_expansion_checkpoint_inference,E:\Projects\RL-LAM-ScanOpt\outputs\stage3_ppo_rl_lam_fea_addendum_v01\ppo_training\checkpoints\maskable_ppo_lam_scan_order_final.zip,v01,stochastic,quality,154,E:\Projects\RL-LAM-ScanOpt\cae_model\stage3_ppo_final_expansion_224_to_320_batch224_v01\final_expansion_batch05\N40\PPOFINAL_N40_B154_quality,J2D_PPOFINAL_N40_B154_quality,E:\Projects\RL-LAM-ScanOpt\cae_model\stage3_ppo_final_expansion_224_to_320_batch224_v01\final_expansion_batch05\N40\PPOFINAL_N40_B154_quality\J2D_PPOFINAL_N40_B154_quality.cae,E:\Projects\RL-LAM-ScanOpt\cae_model\stage3_ppo_final_expansion_224_to_320_batch224_v01\final_expansion_batch05\N40\PPOFINAL_N40_B154_quality\J2D_PPOFINAL_N40_B154_quality.inp,E:\Projects\RL-LAM-ScanOpt\cae_model\stage3_ppo_final_expansion_224_to_320_batch224_v01\final_expansion_batch05\N40\PPOFINAL_N40_B154_quality\J2D_PPOFINAL_N40_B154_quality.jnl,E:\Projects\RL-LAM-ScanOpt\cae_model\stage3_ppo_final_expansion_224_to_320_batch224_v01\final_expansion_batch05\N40\PPOFINAL_N40_B154_quality\J2D_PPOFINAL_N40_B154_quality_stageU_generation_log.json,E:\Projects\RL-LAM-ScanOpt\cae_model\40track_full\sanity_base\40track_sanity_base.cae,stage3_ppo_final_expansion_224_to_320_batch224_v01,False,False,final expansion PPO candidate; not physically validated yet.,0.7299449587604654,7.153846153846154,16.0,4,0.0,279.0,15.155818540433923,-0.1834319526627219,0.1888105315847691,36.0,36,37.0,regular_jump
final_expansion_batch05,PPOFINAL_N40_B155_quality,40,E:\Projects\RL-LAM-ScanOpt\cae_model\stage3_ppo_final_expansion_224_to_320_batch224_v01\final_expansion_batch05\N40\PPOFINAL_N40_B155_quality\scan_order_PPOFINAL_N40_B155_quality.json,E:\Projects\RL-LAM-ScanOpt\outputs\stage3_ppo_final_expansion_224_to_320\selected_candidates\scan_orders\scan_order_PPOFINAL_N40_B155_quality.json,"[11,1,3,15,21,23,35,27,31,37,39,29,17,13,9,25,33,19,7,0,5,20,22,36,30,38,32,24,26,34,28,14,6,16,18,4,12,2,8,10]","11,1,3,15,21,23,35,27,31,37,39,29,17,13,9,25,33,19,7,0,5,20,22,36,30,38,32,24,26,34,28,14,6,16,18,4,12,2,8,10",e11b824b201d1789,PPO_final_expansion_checkpoint_inference,E:\Projects\RL-LAM-ScanOpt\outputs\stage3_ppo_rl_lam_fea_addendum_v01\ppo_training\checkpoints\maskable_ppo_lam_scan_order_final.zip,v01,stochastic,quality,155,E:\Projects\RL-LAM-ScanOpt\cae_model\stage3_ppo_final_expansion_224_to_320_batch224_v01\final_expansion_batch05\N40\PPOFINAL_N40_B155_quality,J2D_PPOFINAL_N40_B155_quality,E:\Projects\RL-LAM-ScanOpt\cae_model\stage3_ppo_final_expansion_224_to_320_batch224_v01\final_expansion_batch05\N40\PPOFINAL_N40_B155_quality\J2D_PPOFINAL_N40_B155_quality.cae,E:\Projects\RL-LAM-ScanOpt\cae_model\stage3_ppo_final_expansion_224_to_320_batch224_v01\final_expansion_batch05\N40\PPOFINAL_N40_B155_quality\J2D_PPOFINAL_N40_B155_quality.inp,E:\Projects\RL-LAM-ScanOpt\cae_model\stage3_ppo_final_expansion_224_to_320_batch224_v01\final_expansion_batch05\N40\PPOFINAL_N40_B155_quality\J2D_PPOFINAL_N40_B155_quality.jnl,E:\Projects\RL-LAM-ScanOpt\cae_model\stage3_ppo_final_expansion_224_to_320_batch224_v01\final_expansion_batch05\N40\PPOFINAL_N40_B155_quality\J2D_PPOFINAL_N40_B155_quality_stageU_generation_log.json,E:\Projects\RL-LAM-ScanOpt\cae_model\40track_full\sanity_base\40track_sanity_base.cae,stage3_ppo_final_expansion_224_to_320_batch224_v01,False,False,final expansion PPO candidate; not physically validated yet.,0.7275751327115829,7.82051282051282,16.0,6,0.0,305.0,17.17291255752794,-0.2005259697567389,0.2068033613132991,35.0,35,37.0,raster
final_expansion_batch05,PPOFINAL_N40_B156_quality,40,E:\Projects\RL-LAM-ScanOpt\cae_model\stage3_ppo_final_expansion_224_to_320_batch224_v01\final_expansion_batch05\N40\PPOFINAL_N40_B156_quality\scan_order_PPOFINAL_N40_B156_quality.json,E:\Projects\RL-LAM-ScanOpt\outputs\stage3_ppo_final_expansion_224_to_320\selected_candidates\scan_orders\scan_order_PPOFINAL_N40_B156_quality.json,"[11,1,3,15,21,23,31,37,39,33,29,35,9,17,27,25,13,19,0,5,7,20,24,30,26,36,32,34,28,38,22,18,16,6,4,8,10,14,12,2]","11,1,3,15,21,23,31,37,39,33,29,35,9,17,27,25,13,19,0,5,7,20,24,30,26,36,32,34,28,38,22,18,16,6,4,8,10,14,12,2",f099da38d842c023,PPO_final_expansion_checkpoint_inference,E:\Projects\RL-LAM-ScanOpt\outputs\stage3_ppo_rl_lam_fea_addendum_v01\ppo_training\checkpoints\maskable_ppo_lam_scan_order_final.zip,v01,stochastic,quality,156,E:\Projects\RL-LAM-ScanOpt\cae_model\stage3_ppo_final_expansion_224_to_320_batch224_v01\final_expansion_batch05\N40\PPOFINAL_N40_B156_quality,J2D_PPOFINAL_N40_B156_quality,E:\Projects\RL-LAM-ScanOpt\cae_model\stage3_ppo_final_expansion_224_to_320_batch224_v01\final_expansion_batch05\N40\PPOFINAL_N40_B156_quality\J2D_PPOFINAL_N40_B156_quality.cae,E:\Projects\RL-LAM-ScanOpt\cae_model\stage3_ppo_final_expansion_224_to_320_batch224_v01\final_expansion_batch05\N40\PPOFINAL_N40_B156_quality\J2D_PPOFINAL_N40_B156_quality.inp,E:\Projects\RL-LAM-ScanOpt\cae_model\stage3_ppo_final_expansion_224_to_320_batch224_v01\final_expansion_batch05\N40\PPOFINAL_N40_B156_quality\J2D_PPOFINAL_N40_B156_quality.jnl,E:\Projects\RL-LAM-ScanOpt\cae_model\stage3_ppo_final_expansion_224_to_320_batch224_v01\final_expansion_batch05\N40\PPOFINAL_N40_B156_quality\J2D_PPOFINAL_N40_B156_quality_stageU_generation_log.json,E:\Projects\RL-LAM-ScanOpt\cae_model\40track_full\sanity_base\40track_sanity_base.cae,stage3_ppo_final_expansion_224_to_320_batch224_v01,False,False,final expansion PPO candidate; not physically validated yet.,0.724897437321446,6.897435897435898,26.0,3,0.0,269.0,26.9638395792242,-0.1768573307034845,0.1901636026161894,36.0,36,38.0,raster
final_expansion_batch05,PPOFINAL_N40_B157_quality,40,E:\Projects\RL-LAM-ScanOpt\cae_model\stage3_ppo_final_expansion_224_to_320_batch224_v01\final_expansion_batch05\N40\PPOFINAL_N40_B157_quality\scan_order_PPOFINAL_N40_B157_quality.json,E:\Projects\RL-LAM-ScanOpt\outputs\stage3_ppo_final_expansion_224_to_320\selected_candidates\scan_orders\scan_order_PPOFINAL_N40_B157_quality.json,"[11,3,1,15,21,23,17,27,33,39,37,31,29,35,19,25,13,24,7,0,5,9,34,38,36,30,20,32,22,26,28,18,6,16,14,12,4,2,8,10]","11,3,1,15,21,23,17,27,33,39,37,31,29,35,19,25,13,24,7,0,5,9,34,38,36,30,20,32,22,26,28,18,6,16,14,12,4,2,8,10",e2e0c106674c83a8,PPO_final_expansion_checkpoint_inference,E:\Projects\RL-LAM-ScanOpt\outputs\stage3_ppo_rl_lam_fea_addendum_v01\ppo_training\checkpoints\maskable_ppo_lam_scan_order_final.zip,v01,stochastic,quality,157,E:\Projects\RL-LAM-ScanOpt\cae_model\stage3_ppo_final_expansion_224_to_320_batch224_v01\final_expansion_batch05\N40\PPOFINAL_N40_B157_quality,J2D_PPOFINAL_N40_B157_quality,E:\Projects\RL-LAM-ScanOpt\cae_model\stage3_ppo_final_expansion_224_to_320_batch224_v01\final_expansion_batch05\N40\PPOFINAL_N40_B157_quality\J2D_PPOFINAL_N40_B157_quality.cae,E:\Projects\RL-LAM-ScanOpt\cae_model\stage3_ppo_final_expansion_224_to_320_batch224_v01\final_expansion_batch05\N40\PPOFINAL_N40_B157_quality\J2D_PPOFINAL_N40_B157_quality.inp,E:\Projects\RL-LAM-ScanOpt\cae_model\stage3_ppo_final_expansion_224_to_320_batch224_v01\final_expansion_batch05\N40\PPOFINAL_N40_B157_quality\J2D_PPOFINAL_N40_B157_quality.jnl,E:\Projects\RL-LAM-ScanOpt\cae_model\stage3_ppo_final_expansion_224_to_320_batch224_v01\final_expansion_batch05\N40\PPOFINAL_N40_B157_quality\J2D_PPOFINAL_N40_B157_quality_stageU_generation_log.json,E:\Projects\RL-LAM-ScanOpt\cae_model\40track_full\sanity_base\40track_sanity_base.cae,stage3_ppo_final_expansion_224_to_320_batch224_v01,False,False,final expansion PPO candidate; not physically validated yet.,0.7244959325982097,7.256410256410256,25.0,4,0.0,283.0,25.113740959894805,-0.1860618014464168,0.1979215916896086,34.0,34,39.0,odd_even
final_expansion_batch05,PPOFINAL_N40_B158_quality,40,E:\Projects\RL-LAM-ScanOpt\cae_model\stage3_ppo_final_expansion_224_to_320_batch224_v01\final_expansion_batch05\N40\PPOFINAL_N40_B158_quality\scan_order_PPOFINAL_N40_B158_quality.json,E:\Projects\RL-LAM-ScanOpt\outputs\stage3_ppo_final_expansion_224_to_320\selected_candidates\scan_orders\scan_order_PPOFINAL_N40_B158_quality.json,"[1,11,3,15,21,31,23,37,33,29,27,39,35,25,17,19,9,13,0,7,5,24,30,20,36,22,32,28,34,38,26,4,6,2,16,14,18,10,8,12]","1,11,3,15,21,31,23,37,33,29,27,39,35,25,17,19,9,13,0,7,5,24,30,20,36,22,32,28,34,38,26,4,6,2,16,14,18,10,8,12",0aacacd7d8684024,PPO_final_expansion_checkpoint_inference,E:\Projects\RL-LAM-ScanOpt\outputs\stage3_ppo_rl_lam_fea_addendum_v01\ppo_training\checkpoints\maskable_ppo_lam_scan_order_final.zip,v01,stochastic,quality,158,E:\Projects\RL-LAM-ScanOpt\cae_model\stage3_ppo_final_expansion_224_to_320_batch224_v01\final_expansion_batch05\N40\PPOFINAL_N40_B158_quality,J2D_PPOFINAL_N40_B158_quality,E:\Projects\RL-LAM-ScanOpt\cae_model\stage3_ppo_final_expansion_224_to_320_batch224_v01\final_expansion_batch05\N40\PPOFINAL_N40_B158_quality\J2D_PPOFINAL_N40_B158_quality.cae,E:\Projects\RL-LAM-ScanOpt\cae_model\stage3_ppo_final_expansion_224_to_320_batch224_v01\final_expansion_batch05\N40\PPOFINAL_N40_B158_quality\J2D_PPOFINAL_N40_B158_quality.inp,E:\Projects\RL-LAM-ScanOpt\cae_model\stage3_ppo_final_expansion_224_to_320_batch224_v01\final_expansion_batch05\N40\PPOFINAL_N40_B158_quality\J2D_PPOFINAL_N40_B158_quality.jnl,E:\Projects\RL-LAM-ScanOpt\cae_model\stage3_ppo_final_expansion_224_to_320_batch224_v01\final_expansion_batch05\N40\PPOFINAL_N40_B158_quality\J2D_PPOFINAL_N40_B158_quality_stageU_generation_log.json,E:\Projects\RL-LAM-ScanOpt\cae_model\40track_full\sanity_base\40track_sanity_base.cae,stage3_ppo_final_expansion_224_to_320_batch224_v01,False,False,final expansion PPO candidate; not physically validated yet.,0.7230693288035885,8.025641025641026,22.0,6,0.0,313.0,24.589086127547663,-0.2057856673241288,0.2168074202022009,37.0,37,39.0,odd_even
final_expansion_batch05,PPOFINAL_N40_B159_quality,40,E:\Projects\RL-LAM-ScanOpt\cae_model\stage3_ppo_final_expansion_224_to_320_batch224_v01\final_expansion_batch05\N40\PPOFINAL_N40_B159_quality\scan_order_PPOFINAL_N40_B159_quality.json,E:\Projects\RL-LAM-ScanOpt\outputs\stage3_ppo_final_expansion_224_to_320\selected_candidates\scan_orders\scan_order_PPOFINAL_N40_B159_quality.json,"[11,1,3,31,23,15,29,25,21,37,33,35,39,27,13,17,7,19,9,0,5,20,22,24,38,34,32,28,30,36,26,14,16,18,12,6,2,4,8,10]","11,1,3,31,23,15,29,25,21,37,33,35,39,27,13,17,7,19,9,0,5,20,22,24,38,34,32,28,30,36,26,14,16,18,12,6,2,4,8,10",bc63a0c4a7b49410,PPO_final_expansion_checkpoint_inference,E:\Projects\RL-LAM-ScanOpt\outputs\stage3_ppo_rl_lam_fea_addendum_v01\ppo_training\checkpoints\maskable_ppo_lam_scan_order_final.zip,v01,stochastic,quality,159,E:\Projects\RL-LAM-ScanOpt\cae_model\stage3_ppo_final_expansion_224_to_320_batch224_v01\final_expansion_batch05\N40\PPOFINAL_N40_B159_quality,J2D_PPOFINAL_N40_B159_quality,E:\Projects\RL-LAM-ScanOpt\cae_model\stage3_ppo_final_expansion_224_to_320_batch224_v01\final_expansion_batch05\N40\PPOFINAL_N40_B159_quality\J2D_PPOFINAL_N40_B159_quality.cae,E:\Projects\RL-LAM-ScanOpt\cae_model\stage3_ppo_final_expansion_224_to_320_batch224_v01\final_expansion_batch05\N40\PPOFINAL_N40_B159_quality\J2D_PPOFINAL_N40_B159_quality.inp,E:\Projects\RL-LAM-ScanOpt\cae_model\stage3_ppo_final_expansion_224_to_320_batch224_v01\final_expansion_batch05\N40\PPOFINAL_N40_B159_quality\J2D_PPOFINAL_N40_B159_quality.jnl,E:\Projects\RL-LAM-ScanOpt\cae_model\stage3_ppo_final_expansion_224_to_320_batch224_v01\final_expansion_batch05\N40\PPOFINAL_N40_B159_quality\J2D_PPOFINAL_N40_B159_quality_stageU_generation_log.json,E:\Projects\RL-LAM-ScanOpt\cae_model\40track_full\sanity_base\40track_sanity_base.cae,stage3_ppo_final_expansion_224_to_320_batch224_v01,False,False,final expansion PPO candidate; not physically validated yet.,0.7216204503743817,7.205128205128205,28.0,6,0.0,281.0,30.41946088099935,-0.1847468770545693,0.200127850677843,35.0,35,38.0,raster
final_expansion_batch05,PPOFINAL_N40_B160_quality,40,E:\Projects\RL-LAM-ScanOpt\cae_model\stage3_ppo_final_expansion_224_to_320_batch224_v01\final_expansion_batch05\N40\PPOFINAL_N40_B160_quality\scan_order_PPOFINAL_N40_B160_quality.json,E:\Projects\RL-LAM-ScanOpt\outputs\stage3_ppo_final_expansion_224_to_320\selected_candidates\scan_orders\scan_order_PPOFINAL_N40_B160_quality.json,"[11,3,1,15,25,37,39,29,23,21,17,31,35,33,27,13,34,19,7,5,0,9,22,20,24,38,30,26,36,32,28,18,6,4,14,16,12,8,2,10]","11,3,1,15,25,37,39,29,23,21,17,31,35,33,27,13,34,19,7,5,0,9,22,20,24,38,30,26,36,32,28,18,6,4,14,16,12,8,2,10",d58fa39e9889ff42,PPO_final_expansion_checkpoint_inference,E:\Projects\RL-LAM-ScanOpt\outputs\stage3_ppo_rl_lam_fea_addendum_v01\ppo_training\checkpoints\maskable_ppo_lam_scan_order_final.zip,v01,stochastic,quality,160,E:\Projects\RL-LAM-ScanOpt\cae_model\stage3_ppo_final_expansion_224_to_320_batch224_v01\final_expansion_batch05\N40\PPOFINAL_N40_B160_quality,J2D_PPOFINAL_N40_B160_quality,E:\Projects\RL-LAM-ScanOpt\cae_model\stage3_ppo_final_expansion_224_to_320_batch224_v01\final_expansion_batch05\N40\PPOFINAL_N40_B160_quality\J2D_PPOFINAL_N40_B160_quality.cae,E:\Projects\RL-LAM-ScanOpt\cae_model\stage3_ppo_final_expansion_224_to_320_batch224_v01\final_expansion_batch05\N40\PPOFINAL_N40_B160_quality\J2D_PPOFINAL_N40_B160_quality.inp,E:\Projects\RL-LAM-ScanOpt\cae_model\stage3_ppo_final_expansion_224_to_320_batch224_v01\final_expansion_batch05\N40\PPOFINAL_N40_B160_quality\J2D_PPOFINAL_N40_B160_quality.jnl,E:\Projects\RL-LAM-ScanOpt\cae_model\stage3_ppo_final_expansion_224_to_320_batch224_v01\final_expansion_batch05\N40\PPOFINAL_N40_B160_quality\J2D_PPOFINAL_N40_B160_quality_stageU_generation_log.json,E:\Projects\RL-LAM-ScanOpt\cae_model\40track_full\sanity_base\40track_sanity_base.cae,stage3_ppo_final_expansion_224_to_320_batch224_v01,False,False,final expansion PPO candidate; not physically validated yet.,0.7210363669918994,7.564102564102564,21.0,6,0.0,295.0,22.707429322813937,-0.1939513477975016,0.2040318404489243,36.0,36,36.0,edge_in
final_expansion_batch06,PPOFINAL_N40_B161_quality,40,E:\Projects\RL-LAM-ScanOpt\cae_model\stage3_ppo_final_expansion_224_to_320_batch224_v01\final_expansion_batch06\N40\PPOFINAL_N40_B161_quality\scan_order_PPOFINAL_N40_B161_quality.json,E:\Projects\RL-LAM-ScanOpt\outputs\stage3_ppo_final_expansion_224_to_320\selected_candidates\scan_orders\scan_order_PPOFINAL_N40_B161_quality.json,"[11,1,3,15,37,29,17,21,19,23,35,39,33,31,27,25,13,9,5,0,7,32,20,30,36,38,34,24,26,22,18,28,14,6,4,2,8,10,12,16]","11,1,3,15,37,29,17,21,19,23,35,39,33,31,27,25,13,9,5,0,7,32,20,30,36,38,34,24,26,22,18,28,14,6,4,2,8,10,12,16",8020d9fd9cf8a782,PPO_final_expansion_checkpoint_inference,E:\Projects\RL-LAM-ScanOpt\outputs\stage3_ppo_rl_lam_fea_addendum_v01\ppo_training\checkpoints\maskable_ppo_lam_scan_order_final.zip,v01,stochastic,quality,161,E:\Projects\RL-LAM-ScanOpt\cae_model\stage3_ppo_final_expansion_224_to_320_batch224_v01\final_expansion_batch06\N40\PPOFINAL_N40_B161_quality,J2D_PPOFINAL_N40_B161_quality,E:\Projects\RL-LAM-ScanOpt\cae_model\stage3_ppo_final_expansion_224_to_320_batch224_v01\final_expansion_batch06\N40\PPOFINAL_N40_B161_quality\J2D_PPOFINAL_N40_B161_quality.cae,E:\Projects\RL-LAM-ScanOpt\cae_model\stage3_ppo_final_expansion_224_to_320_batch224_v01\final_expansion_batch06\N40\PPOFINAL_N40_B161_quality\J2D_PPOFINAL_N40_B161_quality.inp,E:\Projects\RL-LAM-ScanOpt\cae_model\stage3_ppo_final_expansion_224_to_320_batch224_v01\final_expansion_batch06\N40\PPOFINAL_N40_B161_quality\J2D_PPOFINAL_N40_B161_quality.jnl,E:\Projects\RL-LAM-ScanOpt\cae_model\stage3_ppo_final_expansion_224_to_320_batch224_v01\final_expansion_batch06\N40\PPOFINAL_N40_B161_quality\J2D_PPOFINAL_N40_B161_quality_stageU_generation_log.json,E:\Projects\RL-LAM-ScanOpt\cae_model\40track_full\sanity_base\40track_sanity_base.cae,stage3_ppo_final_expansion_224_to_320_batch224_v01,False,False,final expansion PPO candidate; not physically validated yet.,0.7184013118675547,6.846153846153846,25.0,3,0.0,267.0,28.38658777120315,-0.175542406311637,0.1898169544846832,37.0,37,38.0,regular_jump
final_expansion_batch06,PPOFINAL_N40_B162_quality,40,E:\Projects\RL-LAM-ScanOpt\cae_model\stage3_ppo_final_expansion_224_to_320_batch224_v01\final_expansion_batch06\N40\PPOFINAL_N40_B162_quality\scan_order_PPOFINAL_N40_B162_quality.json,E:\Projects\RL-LAM-ScanOpt\outputs\stage3_ppo_final_expansion_224_to_320\selected_candidates\scan_orders\scan_order_PPOFINAL_N40_B162_quality.json,"[11,1,3,15,21,23,31,25,35,37,39,19,29,27,17,33,7,5,13,0,9,6,20,22,24,34,36,28,26,32,30,38,2,4,8,10,12,16,18,14]","11,1,3,15,21,23,31,25,35,37,39,19,29,27,17,33,7,5,13,0,9,6,20,22,24,34,36,28,26,32,30,38,2,4,8,10,12,16,18,14",e728f0d02385a6bb,PPO_final_expansion_checkpoint_inference,E:\Projects\RL-LAM-ScanOpt\outputs\stage3_ppo_rl_lam_fea_addendum_v01\ppo_training\checkpoints\maskable_ppo_lam_scan_order_final.zip,v01,stochastic,quality,162,E:\Projects\RL-LAM-ScanOpt\cae_model\stage3_ppo_final_expansion_224_to_320_batch224_v01\final_expansion_batch06\N40\PPOFINAL_N40_B162_quality,J2D_PPOFINAL_N40_B162_quality,E:\Projects\RL-LAM-ScanOpt\cae_model\stage3_ppo_final_expansion_224_to_320_batch224_v01\final_expansion_batch06\N40\PPOFINAL_N40_B162_quality\J2D_PPOFINAL_N40_B162_quality.cae,E:\Projects\RL-LAM-ScanOpt\cae_model\stage3_ppo_final_expansion_224_to_320_batch224_v01\final_expansion_batch06\N40\PPOFINAL_N40_B162_quality\J2D_PPOFINAL_N40_B162_quality.inp,E:\Projects\RL-LAM-ScanOpt\cae_model\stage3_ppo_final_expansion_224_to_320_batch224_v01\final_expansion_batch06\N40\PPOFINAL_N40_B162_quality\J2D_PPOFINAL_N40_B162_quality.jnl,E:\Projects\RL-LAM-ScanOpt\cae_model\stage3_ppo_final_expansion_224_to_320_batch224_v01\final_expansion_batch06\N40\PPOFINAL_N40_B162_quality\J2D_PPOFINAL_N40_B162_quality_stageU_generation_log.json,E:\Projects\RL-LAM-ScanOpt\cae_model\40track_full\sanity_base\40track_sanity_base.cae,stage3_ppo_final_expansion_224_to_320_batch224_v01,False,False,final expansion PPO candidate; not physically validated yet.,0.7180296032278926,7.461538461538462,36.0,5,0.0,291.0,51.99211045364891,-0.1913214990138067,0.2207213086480269,36.0,36,37.0,raster
final_expansion_batch06,PPOFINAL_N40_B163_quality,40,E:\Projects\RL-LAM-ScanOpt\cae_model\stage3_ppo_final_expansion_224_to_320_batch224_v01\final_expansion_batch06\N40\PPOFINAL_N40_B163_quality\scan_order_PPOFINAL_N40_B163_quality.json,E:\Projects\RL-LAM-ScanOpt\outputs\stage3_ppo_final_expansion_224_to_320\selected_candidates\scan_orders\scan_order_PPOFINAL_N40_B163_quality.json,"[11,3,1,15,23,25,21,29,37,39,31,35,33,36,19,17,13,27,7,9,0,5,34,22,20,32,24,26,28,38,30,18,16,14,8,6,10,12,2,4]","11,3,1,15,23,25,21,29,37,39,31,35,33,36,19,17,13,27,7,9,0,5,34,22,20,32,24,26,28,38,30,18,16,14,8,6,10,12,2,4",3baa9f9003b49574,PPO_final_expansion_checkpoint_inference,E:\Projects\RL-LAM-ScanOpt\outputs\stage3_ppo_rl_lam_fea_addendum_v01\ppo_training\checkpoints\maskable_ppo_lam_scan_order_final.zip,v01,stochastic,quality,163,E:\Projects\RL-LAM-ScanOpt\cae_model\stage3_ppo_final_expansion_224_to_320_batch224_v01\final_expansion_batch06\N40\PPOFINAL_N40_B163_quality,J2D_PPOFINAL_N40_B163_quality,E:\Projects\RL-LAM-ScanOpt\cae_model\stage3_ppo_final_expansion_224_to_320_batch224_v01\final_expansion_batch06\N40\PPOFINAL_N40_B163_quality\J2D_PPOFINAL_N40_B163_quality.cae,E:\Projects\RL-LAM-ScanOpt\cae_model\stage3_ppo_final_expansion_224_to_320_batch224_v01\final_expansion_batch06\N40\PPOFINAL_N40_B163_quality\J2D_PPOFINAL_N40_B163_quality.inp,E:\Projects\RL-LAM-ScanOpt\cae_model\stage3_ppo_final_expansion_224_to_320_batch224_v01\final_expansion_batch06\N40\PPOFINAL_N40_B163_quality\J2D_PPOFINAL_N40_B163_quality.jnl,E:\Projects\RL-LAM-ScanOpt\cae_model\stage3_ppo_final_expansion_224_to_320_batch224_v01\final_expansion_batch06\N40\PPOFINAL_N40_B163_quality\J2D_PPOFINAL_N40_B163_quality_stageU_generation_log.json,E:\Projects\RL-LAM-ScanOpt\cae_model\40track_full\sanity_base\40track_sanity_base.cae,stage3_ppo_final_expansion_224_to_320_batch224_v01,False,False,final expansion PPO candidate; not physically validated yet.,0.7162051816446364,7.0,29.0,5,0.0,273.0,34.92307692307692,-0.1794871794871795,0.1979606028422596,37.0,37,37.0,edge_in
final_expansion_batch06,PPOFINAL_N40_B164_quality,40,E:\Projects\RL-LAM-ScanOpt\cae_model\stage3_ppo_final_expansion_224_to_320_batch224_v01\final_expansion_batch06\N40\PPOFINAL_N40_B164_quality\scan_order_PPOFINAL_N40_B164_quality.json,E:\Projects\RL-LAM-ScanOpt\outputs\stage3_ppo_final_expansion_224_to_320\selected_candidates\scan_orders\scan_order_PPOFINAL_N40_B164_quality.json,"[11,1,3,15,21,37,29,27,39,23,35,31,33,19,25,13,17,7,9,5,0,30,32,20,22,24,28,34,36,26,38,18,6,4,16,14,12,8,10,2]","11,1,3,15,21,37,29,27,39,23,35,31,33,19,25,13,17,7,9,5,0,30,32,20,22,24,28,34,36,26,38,18,6,4,16,14,12,8,10,2",839c1378137cdc95,PPO_final_expansion_checkpoint_inference,E:\Projects\RL-LAM-ScanOpt\outputs\stage3_ppo_rl_lam_fea_addendum_v01\ppo_training\checkpoints\maskable_ppo_lam_scan_order_final.zip,v01,stochastic,quality,164,E:\Projects\RL-LAM-ScanOpt\cae_model\stage3_ppo_final_expansion_224_to_320_batch224_v01\final_expansion_batch06\N40\PPOFINAL_N40_B164_quality,J2D_PPOFINAL_N40_B164_quality,E:\Projects\RL-LAM-ScanOpt\cae_model\stage3_ppo_final_expansion_224_to_320_batch224_v01\final_expansion_batch06\N40\PPOFINAL_N40_B164_quality\J2D_PPOFINAL_N40_B164_quality.cae,E:\Projects\RL-LAM-ScanOpt\cae_model\stage3_ppo_final_expansion_224_to_320_batch224_v01\final_expansion_batch06\N40\PPOFINAL_N40_B164_quality\J2D_PPOFINAL_N40_B164_quality.inp,E:\Projects\RL-LAM-ScanOpt\cae_model\stage3_ppo_final_expansion_224_to_320_batch224_v01\final_expansion_batch06\N40\PPOFINAL_N40_B164_quality\J2D_PPOFINAL_N40_B164_quality.jnl,E:\Projects\RL-LAM-ScanOpt\cae_model\stage3_ppo_final_expansion_224_to_320_batch224_v01\final_expansion_batch06\N40\PPOFINAL_N40_B164_quality\J2D_PPOFINAL_N40_B164_quality_stageU_generation_log.json,E:\Projects\RL-LAM-ScanOpt\cae_model\40track_full\sanity_base\40track_sanity_base.cae,stage3_ppo_final_expansion_224_to_320_batch224_v01,False,False,final expansion PPO candidate; not physically validated yet.,0.7155117394903271,7.82051282051282,30.0,5,0.0,305.0,37.53188691650229,-0.2005259697567389,0.2201886173021053,36.0,36,38.0,edge_in
final_expansion_batch06,PPOFINAL_N40_B165_quality,40,E:\Projects\RL-LAM-ScanOpt\cae_model\stage3_ppo_final_expansion_224_to_320_batch224_v01\final_expansion_batch06\N40\PPOFINAL_N40_B165_quality\scan_order_PPOFINAL_N40_B165_quality.json,E:\Projects\RL-LAM-ScanOpt\outputs\stage3_ppo_final_expansion_224_to_320\selected_candidates\scan_orders\scan_order_PPOFINAL_N40_B165_quality.json,"[11,3,1,15,23,21,27,31,37,35,29,25,17,33,39,19,5,0,7,13,9,20,36,24,30,28,38,32,34,26,22,14,4,6,16,18,12,8,10,2]","11,3,1,15,23,21,27,31,37,35,29,25,17,33,39,19,5,0,7,13,9,20,36,24,30,28,38,32,34,26,22,14,4,6,16,18,12,8,10,2",a7300b5132e6ac16,PPO_final_expansion_checkpoint_inference,E:\Projects\RL-LAM-ScanOpt\outputs\stage3_ppo_rl_lam_fea_addendum_v01\ppo_training\checkpoints\maskable_ppo_lam_scan_order_final.zip,v01,stochastic,quality,165,E:\Projects\RL-LAM-ScanOpt\cae_model\stage3_ppo_final_expansion_224_to_320_batch224_v01\final_expansion_batch06\N40\PPOFINAL_N40_B165_quality,J2D_PPOFINAL_N40_B165_quality,E:\Projects\RL-LAM-ScanOpt\cae_model\stage3_ppo_final_expansion_224_to_320_batch224_v01\final_expansion_batch06\N40\PPOFINAL_N40_B165_quality\J2D_PPOFINAL_N40_B165_quality.cae,E:\Projects\RL-LAM-ScanOpt\cae_model\stage3_ppo_final_expansion_224_to_320_batch224_v01\final_expansion_batch06\N40\PPOFINAL_N40_B165_quality\J2D_PPOFINAL_N40_B165_quality.inp,E:\Projects\RL-LAM-ScanOpt\cae_model\stage3_ppo_final_expansion_224_to_320_batch224_v01\final_expansion_batch06\N40\PPOFINAL_N40_B165_quality\J2D_PPOFINAL_N40_B165_quality.jnl,E:\Projects\RL-LAM-ScanOpt\cae_model\stage3_ppo_final_expansion_224_to_320_batch224_v01\final_expansion_batch06\N40\PPOFINAL_N40_B165_quality\J2D_PPOFINAL_N40_B165_quality_stageU_generation_log.json,E:\Projects\RL-LAM-ScanOpt\cae_model\40track_full\sanity_base\40track_sanity_base.cae,stage3_ppo_final_expansion_224_to_320_batch224_v01,False,False,final expansion PPO candidate; not physically validated yet.,0.7148209574910556,7.102564102564102,20.0,5,0.0,277.0,19.47666009204471,-0.1821170282708744,0.1903692702774784,34.0,34,37.0,edge_in
final_expansion_batch06,PPOFINAL_N40_B166_quality,40,E:\Projects\RL-LAM-ScanOpt\cae_model\stage3_ppo_final_expansion_224_to_320_batch224_v01\final_expansion_batch06\N40\PPOFINAL_N40_B166_quality\scan_order_PPOFINAL_N40_B166_quality.json,E:\Projects\RL-LAM-ScanOpt\outputs\stage3_ppo_final_expansion_224_to_320\selected_candidates\scan_orders\scan_order_PPOFINAL_N40_B166_quality.json,"[11,1,3,15,23,21,33,31,37,39,35,25,29,17,5,27,19,13,7,9,0,24,32,30,20,34,28,38,36,26,22,16,18,6,8,4,10,14,12,2]","11,1,3,15,23,21,33,31,37,39,35,25,29,17,5,27,19,13,7,9,0,24,32,30,20,34,28,38,36,26,22,16,18,6,8,4,10,14,12,2",8e1d427aff29b4c6,PPO_final_expansion_checkpoint_inference,E:\Projects\RL-LAM-ScanOpt\outputs\stage3_ppo_rl_lam_fea_addendum_v01\ppo_training\checkpoints\maskable_ppo_lam_scan_order_final.zip,v01,stochastic,quality,166,E:\Projects\RL-LAM-ScanOpt\cae_model\stage3_ppo_final_expansion_224_to_320_batch224_v01\final_expansion_batch06\N40\PPOFINAL_N40_B166_quality,J2D_PPOFINAL_N40_B166_quality,E:\Projects\RL-LAM-ScanOpt\cae_model\stage3_ppo_final_expansion_224_to_320_batch224_v01\final_expansion_batch06\N40\PPOFINAL_N40_B166_quality\J2D_PPOFINAL_N40_B166_quality.cae,E:\Projects\RL-LAM-ScanOpt\cae_model\stage3_ppo_final_expansion_224_to_320_batch224_v01\final_expansion_batch06\N40\PPOFINAL_N40_B166_quality\J2D_PPOFINAL_N40_B166_quality.inp,E:\Projects\RL-LAM-ScanOpt\cae_model\stage3_ppo_final_expansion_224_to_320_batch224_v01\final_expansion_batch06\N40\PPOFINAL_N40_B166_quality\J2D_PPOFINAL_N40_B166_quality.jnl,E:\Projects\RL-LAM-ScanOpt\cae_model\stage3_ppo_final_expansion_224_to_320_batch224_v01\final_expansion_batch06\N40\PPOFINAL_N40_B166_quality\J2D_PPOFINAL_N40_B166_quality_stageU_generation_log.json,E:\Projects\RL-LAM-ScanOpt\cae_model\40track_full\sanity_base\40track_sanity_base.cae,stage3_ppo_final_expansion_224_to_320_batch224_v01,False,False,final expansion PPO candidate; not physically validated yet.,0.7143670997966884,7.410256410256411,24.0,3,0.0,289.0,26.754766600920448,-0.1900065746219592,0.2028466578572784,37.0,37,38.0,center_out
final_expansion_batch06,PPOFINAL_N40_B167_quality,40,E:\Projects\RL-LAM-ScanOpt\cae_model\stage3_ppo_final_expansion_224_to_320_batch224_v01\final_expansion_batch06\N40\PPOFINAL_N40_B167_quality\scan_order_PPOFINAL_N40_B167_quality.json,E:\Projects\RL-LAM-ScanOpt\outputs\stage3_ppo_final_expansion_224_to_320\selected_candidates\scan_orders\scan_order_PPOFINAL_N40_B167_quality.json,"[11,3,1,15,21,35,39,23,27,31,37,17,25,29,33,19,9,0,13,5,7,24,28,20,26,34,36,32,22,38,30,18,16,6,4,2,8,10,12,14]","11,3,1,15,21,35,39,23,27,31,37,17,25,29,33,19,9,0,13,5,7,24,28,20,26,34,36,32,22,38,30,18,16,6,4,2,8,10,12,14",0ee3bbe912acab5c,PPO_final_expansion_checkpoint_inference,E:\Projects\RL-LAM-ScanOpt\outputs\stage3_ppo_rl_lam_fea_addendum_v01\ppo_training\checkpoints\maskable_ppo_lam_scan_order_final.zip,v01,stochastic,quality,167,E:\Projects\RL-LAM-ScanOpt\cae_model\stage3_ppo_final_expansion_224_to_320_batch224_v01\final_expansion_batch06\N40\PPOFINAL_N40_B167_quality,J2D_PPOFINAL_N40_B167_quality,E:\Projects\RL-LAM-ScanOpt\cae_model\stage3_ppo_final_expansion_224_to_320_batch224_v01\final_expansion_batch06\N40\PPOFINAL_N40_B167_quality\J2D_PPOFINAL_N40_B167_quality.cae,E:\Projects\RL-LAM-ScanOpt\cae_model\stage3_ppo_final_expansion_224_to_320_batch224_v01\final_expansion_batch06\N40\PPOFINAL_N40_B167_quality\J2D_PPOFINAL_N40_B167_quality.inp,E:\Projects\RL-LAM-ScanOpt\cae_model\stage3_ppo_final_expansion_224_to_320_batch224_v01\final_expansion_batch06\N40\PPOFINAL_N40_B167_quality\J2D_PPOFINAL_N40_B167_quality.jnl,E:\Projects\RL-LAM-ScanOpt\cae_model\stage3_ppo_final_expansion_224_to_320_batch224_v01\final_expansion_batch06\N40\PPOFINAL_N40_B167_quality\J2D_PPOFINAL_N40_B167_quality_stageU_generation_log.json,E:\Projects\RL-LAM-ScanOpt\cae_model\40track_full\sanity_base\40track_sanity_base.cae,stage3_ppo_final_expansion_224_to_320_batch224_v01,False,False,final expansion PPO candidate; not physically validated yet.,0.7129609792790667,7.512820512820513,20.0,7,0.0,293.0,24.55752794214333,-0.1926364234056541,0.2039661590678128,36.0,36,38.0,odd_even
final_expansion_batch06,PPOFINAL_N40_B168_quality,40,E:\Projects\RL-LAM-ScanOpt\cae_model\stage3_ppo_final_expansion_224_to_320_batch224_v01\final_expansion_batch06\N40\PPOFINAL_N40_B168_quality\scan_order_PPOFINAL_N40_B168_quality.json,E:\Projects\RL-LAM-ScanOpt\outputs\stage3_ppo_final_expansion_224_to_320\selected_candidates\scan_orders\scan_order_PPOFINAL_N40_B168_quality.json,"[11,3,1,15,31,21,23,29,39,33,17,5,27,37,35,19,25,13,9,7,0,20,24,36,30,22,38,34,32,28,26,4,6,18,14,12,16,8,2,10]","11,3,1,15,31,21,23,29,39,33,17,5,27,37,35,19,25,13,9,7,0,20,24,36,30,22,38,34,32,28,26,4,6,18,14,12,16,8,2,10",f322f2bc37a98819,PPO_final_expansion_checkpoint_inference,E:\Projects\RL-LAM-ScanOpt\outputs\stage3_ppo_rl_lam_fea_addendum_v01\ppo_training\checkpoints\maskable_ppo_lam_scan_order_final.zip,v01,stochastic,quality,168,E:\Projects\RL-LAM-ScanOpt\cae_model\stage3_ppo_final_expansion_224_to_320_batch224_v01\final_expansion_batch06\N40\PPOFINAL_N40_B168_quality,J2D_PPOFINAL_N40_B168_quality,E:\Projects\RL-LAM-ScanOpt\cae_model\stage3_ppo_final_expansion_224_to_320_batch224_v01\final_expansion_batch06\N40\PPOFINAL_N40_B168_quality\J2D_PPOFINAL_N40_B168_quality.cae,E:\Projects\RL-LAM-ScanOpt\cae_model\stage3_ppo_final_expansion_224_to_320_batch224_v01\final_expansion_batch06\N40\PPOFINAL_N40_B168_quality\J2D_PPOFINAL_N40_B168_quality.inp,E:\Projects\RL-LAM-ScanOpt\cae_model\stage3_ppo_final_expansion_224_to_320_batch224_v01\final_expansion_batch06\N40\PPOFINAL_N40_B168_quality\J2D_PPOFINAL_N40_B168_quality.jnl,E:\Projects\RL-LAM-ScanOpt\cae_model\stage3_ppo_final_expansion_224_to_320_batch224_v01\final_expansion_batch06\N40\PPOFINAL_N40_B168_quality\J2D_PPOFINAL_N40_B168_quality_stageU_generation_log.json,E:\Projects\RL-LAM-ScanOpt\cae_model\40track_full\sanity_base\40track_sanity_base.cae,stage3_ppo_final_expansion_224_to_320_batch224_v01,False,False,final expansion PPO candidate; not physically validated yet.,0.7113194228250668,8.435897435897436,22.0,8,0.0,329.0,33.374095989480615,-0.2163050624589086,0.2328396423336493,36.0,36,38.0,odd_even
final_expansion_batch06,PPOFINAL_N40_B169_quality,40,E:\Projects\RL-LAM-ScanOpt\cae_model\stage3_ppo_final_expansion_224_to_320_batch224_v01\final_expansion_batch06\N40\PPOFINAL_N40_B169_quality\scan_order_PPOFINAL_N40_B169_quality.json,E:\Projects\RL-LAM-ScanOpt\outputs\stage3_ppo_final_expansion_224_to_320\selected_candidates\scan_orders\scan_order_PPOFINAL_N40_B169_quality.json,"[11,1,3,15,17,21,23,37,19,31,39,29,25,33,27,35,9,7,0,5,13,24,22,20,38,36,34,32,30,26,6,28,18,12,16,14,4,8,10,2]","11,1,3,15,17,21,23,37,19,31,39,29,25,33,27,35,9,7,0,5,13,24,22,20,38,36,34,32,30,26,6,28,18,12,16,14,4,8,10,2",4e1263aaad58d90a,PPO_final_expansion_checkpoint_inference,E:\Projects\RL-LAM-ScanOpt\outputs\stage3_ppo_rl_lam_fea_addendum_v01\ppo_training\checkpoints\maskable_ppo_lam_scan_order_final.zip,v01,stochastic,quality,169,E:\Projects\RL-LAM-ScanOpt\cae_model\stage3_ppo_final_expansion_224_to_320_batch224_v01\final_expansion_batch06\N40\PPOFINAL_N40_B169_quality,J2D_PPOFINAL_N40_B169_quality,E:\Projects\RL-LAM-ScanOpt\cae_model\stage3_ppo_final_expansion_224_to_320_batch224_v01\final_expansion_batch06\N40\PPOFINAL_N40_B169_quality\J2D_PPOFINAL_N40_B169_quality.cae,E:\Projects\RL-LAM-ScanOpt\cae_model\stage3_ppo_final_expansion_224_to_320_batch224_v01\final_expansion_batch06\N40\PPOFINAL_N40_B169_quality\J2D_PPOFINAL_N40_B169_quality.inp,E:\Projects\RL-LAM-ScanOpt\cae_model\stage3_ppo_final_expansion_224_to_320_batch224_v01\final_expansion_batch06\N40\PPOFINAL_N40_B169_quality\J2D_PPOFINAL_N40_B169_quality.jnl,E:\Projects\RL-LAM-ScanOpt\cae_model\stage3_ppo_final_expansion_224_to_320_batch224_v01\final_expansion_batch06\N40\PPOFINAL_N40_B169_quality\J2D_PPOFINAL_N40_B169_quality_stageU_generation_log.json,E:\Projects\RL-LAM-ScanOpt\cae_model\40track_full\sanity_base\40track_sanity_base.cae,stage3_ppo_final_expansion_224_to_320_batch224_v01,False,False,final expansion PPO candidate; not physically validated yet.,0.7110587773547277,7.717948717948718,26.0,6,0.0,301.0,38.04865220249835,-0.197896120973044,0.2179642683777109,37.0,37,38.0,raster
final_expansion_batch06,PPOFINAL_N40_B170_quality,40,E:\Projects\RL-LAM-ScanOpt\cae_model\stage3_ppo_final_expansion_224_to_320_batch224_v01\final_expansion_batch06\N40\PPOFINAL_N40_B170_quality\scan_order_PPOFINAL_N40_B170_quality.json,E:\Projects\RL-LAM-ScanOpt\outputs\stage3_ppo_final_expansion_224_to_320\selected_candidates\scan_orders\scan_order_PPOFINAL_N40_B170_quality.json,"[11,1,3,15,21,23,25,31,37,13,17,27,35,29,39,33,19,5,0,9,7,32,30,20,28,24,22,34,36,26,38,12,6,2,8,4,10,16,18,14]","11,1,3,15,21,23,25,31,37,13,17,27,35,29,39,33,19,5,0,9,7,32,30,20,28,24,22,34,36,26,38,12,6,2,8,4,10,16,18,14",4c92eb7f2b49750b,PPO_final_expansion_checkpoint_inference,E:\Projects\RL-LAM-ScanOpt\outputs\stage3_ppo_rl_lam_fea_addendum_v01\ppo_training\checkpoints\maskable_ppo_lam_scan_order_final.zip,v01,stochastic,quality,170,E:\Projects\RL-LAM-ScanOpt\cae_model\stage3_ppo_final_expansion_224_to_320_batch224_v01\final_expansion_batch06\N40\PPOFINAL_N40_B170_quality,J2D_PPOFINAL_N40_B170_quality,E:\Projects\RL-LAM-ScanOpt\cae_model\stage3_ppo_final_expansion_224_to_320_batch224_v01\final_expansion_batch06\N40\PPOFINAL_N40_B170_quality\J2D_PPOFINAL_N40_B170_quality.cae,E:\Projects\RL-LAM-ScanOpt\cae_model\stage3_ppo_final_expansion_224_to_320_batch224_v01\final_expansion_batch06\N40\PPOFINAL_N40_B170_quality\J2D_PPOFINAL_N40_B170_quality.inp,E:\Projects\RL-LAM-ScanOpt\cae_model\stage3_ppo_final_expansion_224_to_320_batch224_v01\final_expansion_batch06\N40\PPOFINAL_N40_B170_quality\J2D_PPOFINAL_N40_B170_quality.jnl,E:\Projects\RL-LAM-ScanOpt\cae_model\stage3_ppo_final_expansion_224_to_320_batch224_v01\final_expansion_batch06\N40\PPOFINAL_N40_B170_quality\J2D_PPOFINAL_N40_B170_quality_stageU_generation_log.json,E:\Projects\RL-LAM-ScanOpt\cae_model\40track_full\sanity_base\40track_sanity_base.cae,stage3_ppo_final_expansion_224_to_320_batch224_v01,False,False,final expansion PPO candidate; not physically validated yet.,0.7105646618329643,7.923076923076923,26.0,5,0.0,309.0,36.48126232741617,-0.2031558185404339,0.2220619739167759,37.0,37,39.0,raster
final_expansion_batch06,PPOFINAL_N40_B171_quality,40,E:\Projects\RL-LAM-ScanOpt\cae_model\stage3_ppo_final_expansion_224_to_320_batch224_v01\final_expansion_batch06\N40\PPOFINAL_N40_B171_quality\scan_order_PPOFINAL_N40_B171_quality.json,E:\Projects\RL-LAM-ScanOpt\outputs\stage3_ppo_final_expansion_224_to_320\selected_candidates\scan_orders\scan_order_PPOFINAL_N40_B171_quality.json,"[11,1,3,15,21,37,23,31,35,39,33,27,29,17,19,13,25,7,5,0,9,20,26,38,22,32,30,24,36,28,34,10,6,18,14,16,8,4,2,12]","11,1,3,15,21,37,23,31,35,39,33,27,29,17,19,13,25,7,5,0,9,20,26,38,22,32,30,24,36,28,34,10,6,18,14,16,8,4,2,12",0927ef6e1766632e,PPO_final_expansion_checkpoint_inference,E:\Projects\RL-LAM-ScanOpt\outputs\stage3_ppo_rl_lam_fea_addendum_v01\ppo_training\checkpoints\maskable_ppo_lam_scan_order_final.zip,v01,stochastic,quality,171,E:\Projects\RL-LAM-ScanOpt\cae_model\stage3_ppo_final_expansion_224_to_320_batch224_v01\final_expansion_batch06\N40\PPOFINAL_N40_B171_quality,J2D_PPOFINAL_N40_B171_quality,E:\Projects\RL-LAM-ScanOpt\cae_model\stage3_ppo_final_expansion_224_to_320_batch224_v01\final_expansion_batch06\N40\PPOFINAL_N40_B171_quality\J2D_PPOFINAL_N40_B171_quality.cae,E:\Projects\RL-LAM-ScanOpt\cae_model\stage3_ppo_final_expansion_224_to_320_batch224_v01\final_expansion_batch06\N40\PPOFINAL_N40_B171_quality\J2D_PPOFINAL_N40_B171_quality.inp,E:\Projects\RL-LAM-ScanOpt\cae_model\stage3_ppo_final_expansion_224_to_320_batch224_v01\final_expansion_batch06\N40\PPOFINAL_N40_B171_quality\J2D_PPOFINAL_N40_B171_quality.jnl,E:\Projects\RL-LAM-ScanOpt\cae_model\stage3_ppo_final_expansion_224_to_320_batch224_v01\final_expansion_batch06\N40\PPOFINAL_N40_B171_quality\J2D_PPOFINAL_N40_B171_quality_stageU_generation_log.json,E:\Projects\RL-LAM-ScanOpt\cae_model\40track_full\sanity_base\40track_sanity_base.cae,stage3_ppo_final_expansion_224_to_320_batch224_v01,False,False,final expansion PPO candidate; not physically validated yet.,0.7087525312388305,8.076923076923077,24.0,5,0.0,315.0,25.814595660749507,-0.2071005917159763,0.2188951976730766,36.0,36,38.0,center_out
final_expansion_batch06,PPOFINAL_N40_B172_quality,40,E:\Projects\RL-LAM-ScanOpt\cae_model\stage3_ppo_final_expansion_224_to_320_batch224_v01\final_expansion_batch06\N40\PPOFINAL_N40_B172_quality\scan_order_PPOFINAL_N40_B172_quality.json,E:\Projects\RL-LAM-ScanOpt\outputs\stage3_ppo_final_expansion_224_to_320\selected_candidates\scan_orders\scan_order_PPOFINAL_N40_B172_quality.json,"[11,3,1,15,23,25,21,33,39,31,27,37,29,35,19,17,13,9,24,5,0,7,20,36,34,38,22,30,32,28,26,18,16,6,4,8,14,12,10,2]","11,3,1,15,23,25,21,33,39,31,27,37,29,35,19,17,13,9,24,5,0,7,20,36,34,38,22,30,32,28,26,18,16,6,4,8,14,12,10,2",970a10067d003fe4,PPO_final_expansion_checkpoint_inference,E:\Projects\RL-LAM-ScanOpt\outputs\stage3_ppo_rl_lam_fea_addendum_v01\ppo_training\checkpoints\maskable_ppo_lam_scan_order_final.zip,v01,stochastic,quality,172,E:\Projects\RL-LAM-ScanOpt\cae_model\stage3_ppo_final_expansion_224_to_320_batch224_v01\final_expansion_batch06\N40\PPOFINAL_N40_B172_quality,J2D_PPOFINAL_N40_B172_quality,E:\Projects\RL-LAM-ScanOpt\cae_model\stage3_ppo_final_expansion_224_to_320_batch224_v01\final_expansion_batch06\N40\PPOFINAL_N40_B172_quality\J2D_PPOFINAL_N40_B172_quality.cae,E:\Projects\RL-LAM-ScanOpt\cae_model\stage3_ppo_final_expansion_224_to_320_batch224_v01\final_expansion_batch06\N40\PPOFINAL_N40_B172_quality\J2D_PPOFINAL_N40_B172_quality.inp,E:\Projects\RL-LAM-ScanOpt\cae_model\stage3_ppo_final_expansion_224_to_320_batch224_v01\final_expansion_batch06\N40\PPOFINAL_N40_B172_quality\J2D_PPOFINAL_N40_B172_quality.jnl,E:\Projects\RL-LAM-ScanOpt\cae_model\stage3_ppo_final_expansion_224_to_320_batch224_v01\final_expansion_batch06\N40\PPOFINAL_N40_B172_quality\J2D_PPOFINAL_N40_B172_quality_stageU_generation_log.json,E:\Projects\RL-LAM-ScanOpt\cae_model\40track_full\sanity_base\40track_sanity_base.cae,stage3_ppo_final_expansion_224_to_320_batch224_v01,False,False,final expansion PPO candidate; not physically validated yet.,0.7074492619639353,7.051282051282051,19.0,6,0.0,275.0,23.22813938198553,-0.1808021038790269,0.191553674807354,36.0,36,37.0,regular_jump
final_expansion_batch06,PPOFINAL_N40_B173_diversity,40,E:\Projects\RL-LAM-ScanOpt\cae_model\stage3_ppo_final_expansion_224_to_320_batch224_v01\final_expansion_batch06\N40\PPOFINAL_N40_B173_diversity\scan_order_PPOFINAL_N40_B173_diversity.json,E:\Projects\RL-LAM-ScanOpt\outputs\stage3_ppo_final_expansion_224_to_320\selected_candidates\scan_orders\scan_order_PPOFINAL_N40_B173_diversity.json,"[37,35,29,20,24,26,30,25,23,17,19,13,11,9,7,5,3,1,4,8,2,0,6,10,14,16,18,12,15,21,22,28,38,36,34,32,27,31,33,39]","37,35,29,20,24,26,30,25,23,17,19,13,11,9,7,5,3,1,4,8,2,0,6,10,14,16,18,12,15,21,22,28,38,36,34,32,27,31,33,39",9b0687163d0791ce,PPO_final_expansion_checkpoint_inference,E:\Projects\RL-LAM-ScanOpt\outputs\stage3_ppo_rl_lam_fea_addendum_v02_targeted_N24_N40\stageK2_n40_completion\checkpoints\N40_seed20260624_maskable_ppo_v02_K2.zip,v02K2,stochastic,diversity,173,E:\Projects\RL-LAM-ScanOpt\cae_model\stage3_ppo_final_expansion_224_to_320_batch224_v01\final_expansion_batch06\N40\PPOFINAL_N40_B173_diversity,J2D_PPOFINAL_N40_B173_diversity,E:\Projects\RL-LAM-ScanOpt\cae_model\stage3_ppo_final_expansion_224_to_320_batch224_v01\final_expansion_batch06\N40\PPOFINAL_N40_B173_diversity\J2D_PPOFINAL_N40_B173_diversity.cae,E:\Projects\RL-LAM-ScanOpt\cae_model\stage3_ppo_final_expansion_224_to_320_batch224_v01\final_expansion_batch06\N40\PPOFINAL_N40_B173_diversity\J2D_PPOFINAL_N40_B173_diversity.inp,E:\Projects\RL-LAM-ScanOpt\cae_model\stage3_ppo_final_expansion_224_to_320_batch224_v01\final_expansion_batch06\N40\PPOFINAL_N40_B173_diversity\J2D_PPOFINAL_N40_B173_diversity.jnl,E:\Projects\RL-LAM-ScanOpt\cae_model\stage3_ppo_final_expansion_224_to_320_batch224_v01\final_expansion_batch06\N40\PPOFINAL_N40_B173_diversity\J2D_PPOFINAL_N40_B173_diversity_stageU_generation_log.json,E:\Projects\RL-LAM-ScanOpt\cae_model\40track_full\sanity_base\40track_sanity_base.cae,stage3_ppo_final_expansion_224_to_320_batch224_v01,False,False,final expansion PPO candidate; not physically validated yet.,0.5991341583888844,3.7948717948717934,10.0,0,0.0256410256410256,148.0,4.522024983563445,-0.071663379355687,0.0978448553475104,34.0,34,38.0,raster
final_expansion_batch06,PPOFINAL_N40_B174_diversity,40,E:\Projects\RL-LAM-ScanOpt\cae_model\stage3_ppo_final_expansion_224_to_320_batch224_v01\final_expansion_batch06\N40\PPOFINAL_N40_B174_diversity\scan_order_PPOFINAL_N40_B174_diversity.json,E:\Projects\RL-LAM-ScanOpt\outputs\stage3_ppo_final_expansion_224_to_320\selected_candidates\scan_orders\scan_order_PPOFINAL_N40_B174_diversity.json,"[11,15,3,1,23,9,21,37,31,25,35,33,17,27,39,29,13,7,0,5,19,34,38,32,28,20,30,24,18,36,26,4,6,22,14,16,8,10,12,2]","11,15,3,1,23,9,21,37,31,25,35,33,17,27,39,29,13,7,0,5,19,34,38,32,28,20,30,24,18,36,26,4,6,22,14,16,8,10,12,2",f73ead5369df6a34,PPO_final_expansion_checkpoint_inference,E:\Projects\RL-LAM-ScanOpt\outputs\stage3_ppo_rl_lam_fea_addendum_v01\ppo_training\checkpoints\maskable_ppo_lam_scan_order_final.zip,v01,stochastic,diversity,174,E:\Projects\RL-LAM-ScanOpt\cae_model\stage3_ppo_final_expansion_224_to_320_batch224_v01\final_expansion_batch06\N40\PPOFINAL_N40_B174_diversity,J2D_PPOFINAL_N40_B174_diversity,E:\Projects\RL-LAM-ScanOpt\cae_model\stage3_ppo_final_expansion_224_to_320_batch224_v01\final_expansion_batch06\N40\PPOFINAL_N40_B174_diversity\J2D_PPOFINAL_N40_B174_diversity.cae,E:\Projects\RL-LAM-ScanOpt\cae_model\stage3_ppo_final_expansion_224_to_320_batch224_v01\final_expansion_batch06\N40\PPOFINAL_N40_B174_diversity\J2D_PPOFINAL_N40_B174_diversity.inp,E:\Projects\RL-LAM-ScanOpt\cae_model\stage3_ppo_final_expansion_224_to_320_batch224_v01\final_expansion_batch06\N40\PPOFINAL_N40_B174_diversity\J2D_PPOFINAL_N40_B174_diversity.jnl,E:\Projects\RL-LAM-ScanOpt\cae_model\stage3_ppo_final_expansion_224_to_320_batch224_v01\final_expansion_batch06\N40\PPOFINAL_N40_B174_diversity\J2D_PPOFINAL_N40_B174_diversity_stageU_generation_log.json,E:\Projects\RL-LAM-ScanOpt\cae_model\40track_full\sanity_base\40track_sanity_base.cae,stage3_ppo_final_expansion_224_to_320_batch224_v01,False,False,final expansion PPO candidate; not physically validated yet.,0.662390824238044,9.256410256410255,22.0,10,0.0,361.0,30.19066403681788,-0.2373438527284681,0.2512594766842984,37.0,37,39.0,odd_even
final_expansion_batch06,PPOFINAL_N40_B175_diversity,40,E:\Projects\RL-LAM-ScanOpt\cae_model\stage3_ppo_final_expansion_224_to_320_batch224_v01\final_expansion_batch06\N40\PPOFINAL_N40_B175_diversity\scan_order_PPOFINAL_N40_B175_diversity.json,E:\Projects\RL-LAM-ScanOpt\outputs\stage3_ppo_final_expansion_224_to_320\selected_candidates\scan_orders\scan_order_PPOFINAL_N40_B175_diversity.json,"[11,29,1,3,15,23,21,31,33,39,25,27,37,19,35,13,17,5,0,7,20,9,34,24,30,36,22,38,32,28,26,6,4,8,18,16,14,10,2,12]","11,29,1,3,15,23,21,31,33,39,25,27,37,19,35,13,17,5,0,7,20,9,34,24,30,36,22,38,32,28,26,6,4,8,18,16,14,10,2,12",90be9a2193fe4791,PPO_final_expansion_checkpoint_inference,E:\Projects\RL-LAM-ScanOpt\outputs\stage3_ppo_rl_lam_fea_addendum_v01\ppo_training\checkpoints\maskable_ppo_lam_scan_order_final.zip,v01,stochastic,diversity,175,E:\Projects\RL-LAM-ScanOpt\cae_model\stage3_ppo_final_expansion_224_to_320_batch224_v01\final_expansion_batch06\N40\PPOFINAL_N40_B175_diversity,J2D_PPOFINAL_N40_B175_diversity,E:\Projects\RL-LAM-ScanOpt\cae_model\stage3_ppo_final_expansion_224_to_320_batch224_v01\final_expansion_batch06\N40\PPOFINAL_N40_B175_diversity\J2D_PPOFINAL_N40_B175_diversity.cae,E:\Projects\RL-LAM-ScanOpt\cae_model\stage3_ppo_final_expansion_224_to_320_batch224_v01\final_expansion_batch06\N40\PPOFINAL_N40_B175_diversity\J2D_PPOFINAL_N40_B175_diversity.inp,E:\Projects\RL-LAM-ScanOpt\cae_model\stage3_ppo_final_expansion_224_to_320_batch224_v01\final_expansion_batch06\N40\PPOFINAL_N40_B175_diversity\J2D_PPOFINAL_N40_B175_diversity.jnl,E:\Projects\RL-LAM-ScanOpt\cae_model\stage3_ppo_final_expansion_224_to_320_batch224_v01\final_expansion_batch06\N40\PPOFINAL_N40_B175_diversity\J2D_PPOFINAL_N40_B175_diversity_stageU_generation_log.json,E:\Projects\RL-LAM-ScanOpt\cae_model\40track_full\sanity_base\40track_sanity_base.cae,stage3_ppo_final_expansion_224_to_320_batch224_v01,False,False,final expansion PPO candidate; not physically validated yet.,0.631351292081315,9.564102564102564,28.0,10,0.0,373.0,46.09204470742932,-0.2452333990795529,0.2694063410305255,37.0,37,38.0,raster
final_expansion_batch06,PPOFINAL_N40_B176_diversity,40,E:\Projects\RL-LAM-ScanOpt\cae_model\stage3_ppo_final_expansion_224_to_320_batch224_v01\final_expansion_batch06\N40\PPOFINAL_N40_B176_diversity\scan_order_PPOFINAL_N40_B176_diversity.json,E:\Projects\RL-LAM-ScanOpt\outputs\stage3_ppo_final_expansion_224_to_320\selected_candidates\scan_orders\scan_order_PPOFINAL_N40_B176_diversity.json,"[11,1,3,15,23,21,19,25,27,33,31,37,35,39,13,29,5,7,0,17,20,9,36,32,16,24,22,30,34,38,28,26,2,4,6,8,14,18,12,10]","11,1,3,15,23,21,19,25,27,33,31,37,35,39,13,29,5,7,0,17,20,9,36,32,16,24,22,30,34,38,28,26,2,4,6,8,14,18,12,10",c96e1f5dc2354af0,PPO_final_expansion_checkpoint_inference,E:\Projects\RL-LAM-ScanOpt\outputs\stage3_ppo_rl_lam_fea_addendum_v01\ppo_training\checkpoints\maskable_ppo_lam_scan_order_final.zip,v01,stochastic,diversity,176,E:\Projects\RL-LAM-ScanOpt\cae_model\stage3_ppo_final_expansion_224_to_320_batch224_v01\final_expansion_batch06\N40\PPOFINAL_N40_B176_diversity,J2D_PPOFINAL_N40_B176_diversity,E:\Projects\RL-LAM-ScanOpt\cae_model\stage3_ppo_final_expansion_224_to_320_batch224_v01\final_expansion_batch06\N40\PPOFINAL_N40_B176_diversity\J2D_PPOFINAL_N40_B176_diversity.cae,E:\Projects\RL-LAM-ScanOpt\cae_model\stage3_ppo_final_expansion_224_to_320_batch224_v01\final_expansion_batch06\N40\PPOFINAL_N40_B176_diversity\J2D_PPOFINAL_N40_B176_diversity.inp,E:\Projects\RL-LAM-ScanOpt\cae_model\stage3_ppo_final_expansion_224_to_320_batch224_v01\final_expansion_batch06\N40\PPOFINAL_N40_B176_diversity\J2D_PPOFINAL_N40_B176_diversity.jnl,E:\Projects\RL-LAM-ScanOpt\cae_model\stage3_ppo_final_expansion_224_to_320_batch224_v01\final_expansion_batch06\N40\PPOFINAL_N40_B176_diversity\J2D_PPOFINAL_N40_B176_diversity_stageU_generation_log.json,E:\Projects\RL-LAM-ScanOpt\cae_model\40track_full\sanity_base\40track_sanity_base.cae,stage3_ppo_final_expansion_224_to_320_batch224_v01,False,False,final expansion PPO candidate; not physically validated yet.,0.6087718371301718,7.769230769230769,27.0,7,0.0,303.0,52.0749506903353,-0.1992110453648915,0.2284680806642572,37.0,37,38.0,raster
final_expansion_batch06,PPOFINAL_N40_B177_diversity,40,E:\Projects\RL-LAM-ScanOpt\cae_model\stage3_ppo_final_expansion_224_to_320_batch224_v01\final_expansion_batch06\N40\PPOFINAL_N40_B177_diversity\scan_order_PPOFINAL_N40_B177_diversity.json,E:\Projects\RL-LAM-ScanOpt\outputs\stage3_ppo_final_expansion_224_to_320\selected_candidates\scan_orders\scan_order_PPOFINAL_N40_B177_diversity.json,"[11,3,1,15,27,37,21,29,35,23,31,39,17,24,33,25,38,13,5,19,7,0,9,20,22,34,32,28,26,30,36,6,4,18,10,8,16,14,12,2]","11,3,1,15,27,37,21,29,35,23,31,39,17,24,33,25,38,13,5,19,7,0,9,20,22,34,32,28,26,30,36,6,4,18,10,8,16,14,12,2",a8e991ca972d20bb,PPO_final_expansion_checkpoint_inference,E:\Projects\RL-LAM-ScanOpt\outputs\stage3_ppo_rl_lam_fea_addendum_v01\ppo_training\checkpoints\maskable_ppo_lam_scan_order_final.zip,v01,stochastic,diversity,177,E:\Projects\RL-LAM-ScanOpt\cae_model\stage3_ppo_final_expansion_224_to_320_batch224_v01\final_expansion_batch06\N40\PPOFINAL_N40_B177_diversity,J2D_PPOFINAL_N40_B177_diversity,E:\Projects\RL-LAM-ScanOpt\cae_model\stage3_ppo_final_expansion_224_to_320_batch224_v01\final_expansion_batch06\N40\PPOFINAL_N40_B177_diversity\J2D_PPOFINAL_N40_B177_diversity.cae,E:\Projects\RL-LAM-ScanOpt\cae_model\stage3_ppo_final_expansion_224_to_320_batch224_v01\final_expansion_batch06\N40\PPOFINAL_N40_B177_diversity\J2D_PPOFINAL_N40_B177_diversity.inp,E:\Projects\RL-LAM-ScanOpt\cae_model\stage3_ppo_final_expansion_224_to_320_batch224_v01\final_expansion_batch06\N40\PPOFINAL_N40_B177_diversity\J2D_PPOFINAL_N40_B177_diversity.jnl,E:\Projects\RL-LAM-ScanOpt\cae_model\stage3_ppo_final_expansion_224_to_320_batch224_v01\final_expansion_batch06\N40\PPOFINAL_N40_B177_diversity\J2D_PPOFINAL_N40_B177_diversity_stageU_generation_log.json,E:\Projects\RL-LAM-ScanOpt\cae_model\40track_full\sanity_base\40track_sanity_base.cae,stage3_ppo_final_expansion_224_to_320_batch224_v01,False,False,final expansion PPO candidate; not physically validated yet.,0.6064712817175624,9.205128205128204,30.0,7,0.0,359.0,39.03484549638397,-0.2360289283366206,0.2557921403658014,36.0,36,38.0,edge_in
final_expansion_batch06,PPOFINAL_N40_B178_diversity,40,E:\Projects\RL-LAM-ScanOpt\cae_model\stage3_ppo_final_expansion_224_to_320_batch224_v01\final_expansion_batch06\N40\PPOFINAL_N40_B178_diversity\scan_order_PPOFINAL_N40_B178_diversity.json,E:\Projects\RL-LAM-ScanOpt\outputs\stage3_ppo_final_expansion_224_to_320\selected_candidates\scan_orders\scan_order_PPOFINAL_N40_B178_diversity.json,"[11,3,1,27,15,37,33,21,25,23,35,31,29,39,19,9,7,0,13,17,5,6,24,38,22,34,36,26,20,28,32,30,12,4,8,16,18,14,10,2]","11,3,1,27,15,37,33,21,25,23,35,31,29,39,19,9,7,0,13,17,5,6,24,38,22,34,36,26,20,28,32,30,12,4,8,16,18,14,10,2",3f14ea35f15a3b84,PPO_final_expansion_checkpoint_inference,E:\Projects\RL-LAM-ScanOpt\outputs\stage3_ppo_rl_lam_fea_addendum_v01\ppo_training\checkpoints\maskable_ppo_lam_scan_order_final.zip,v01,stochastic,diversity,178,E:\Projects\RL-LAM-ScanOpt\cae_model\stage3_ppo_final_expansion_224_to_320_batch224_v01\final_expansion_batch06\N40\PPOFINAL_N40_B178_diversity,J2D_PPOFINAL_N40_B178_diversity,E:\Projects\RL-LAM-ScanOpt\cae_model\stage3_ppo_final_expansion_224_to_320_batch224_v01\final_expansion_batch06\N40\PPOFINAL_N40_B178_diversity\J2D_PPOFINAL_N40_B178_diversity.cae,E:\Projects\RL-LAM-ScanOpt\cae_model\stage3_ppo_final_expansion_224_to_320_batch224_v01\final_expansion_batch06\N40\PPOFINAL_N40_B178_diversity\J2D_PPOFINAL_N40_B178_diversity.inp,E:\Projects\RL-LAM-ScanOpt\cae_model\stage3_ppo_final_expansion_224_to_320_batch224_v01\final_expansion_batch06\N40\PPOFINAL_N40_B178_diversity\J2D_PPOFINAL_N40_B178_diversity.jnl,E:\Projects\RL-LAM-ScanOpt\cae_model\stage3_ppo_final_expansion_224_to_320_batch224_v01\final_expansion_batch06\N40\PPOFINAL_N40_B178_diversity\J2D_PPOFINAL_N40_B178_diversity_stageU_generation_log.json,E:\Projects\RL-LAM-ScanOpt\cae_model\40track_full\sanity_base\40track_sanity_base.cae,stage3_ppo_final_expansion_224_to_320_batch224_v01,False,False,final expansion PPO candidate; not physically validated yet.,0.5973465052788202,8.64102564102564,26.0,7,0.0256410256410256,337.0,38.43523997370149,-0.1959237343852728,0.2412953582996065,36.0,36,35.0,regular_jump
final_expansion_batch06,PPOFINAL_N40_B179_diversity,40,E:\Projects\RL-LAM-ScanOpt\cae_model\stage3_ppo_final_expansion_224_to_320_batch224_v01\final_expansion_batch06\N40\PPOFINAL_N40_B179_diversity\scan_order_PPOFINAL_N40_B179_diversity.json,E:\Projects\RL-LAM-ScanOpt\outputs\stage3_ppo_final_expansion_224_to_320\selected_candidates\scan_orders\scan_order_PPOFINAL_N40_B179_diversity.json,"[37,29,35,24,20,30,26,25,23,19,13,11,9,5,1,3,7,4,2,0,6,10,8,12,14,18,16,15,17,21,22,28,32,38,36,34,31,27,33,39]","37,29,35,24,20,30,26,25,23,19,13,11,9,5,1,3,7,4,2,0,6,10,8,12,14,18,16,15,17,21,22,28,32,38,36,34,31,27,33,39",1684aa149d321522,PPO_final_expansion_checkpoint_inference,E:\Projects\RL-LAM-ScanOpt\outputs\stage3_ppo_rl_lam_fea_addendum_v02_targeted_N24_N40\stageK2_n40_completion\checkpoints\N40_seed20260624_maskable_ppo_v02_K2.zip,v02K2,stochastic,diversity,179,E:\Projects\RL-LAM-ScanOpt\cae_model\stage3_ppo_final_expansion_224_to_320_batch224_v01\final_expansion_batch06\N40\PPOFINAL_N40_B179_diversity,J2D_PPOFINAL_N40_B179_diversity,E:\Projects\RL-LAM-ScanOpt\cae_model\stage3_ppo_final_expansion_224_to_320_batch224_v01\final_expansion_batch06\N40\PPOFINAL_N40_B179_diversity\J2D_PPOFINAL_N40_B179_diversity.cae,E:\Projects\RL-LAM-ScanOpt\cae_model\stage3_ppo_final_expansion_224_to_320_batch224_v01\final_expansion_batch06\N40\PPOFINAL_N40_B179_diversity\J2D_PPOFINAL_N40_B179_diversity.inp,E:\Projects\RL-LAM-ScanOpt\cae_model\stage3_ppo_final_expansion_224_to_320_batch224_v01\final_expansion_batch06\N40\PPOFINAL_N40_B179_diversity\J2D_PPOFINAL_N40_B179_diversity.jnl,E:\Projects\RL-LAM-ScanOpt\cae_model\stage3_ppo_final_expansion_224_to_320_batch224_v01\final_expansion_batch06\N40\PPOFINAL_N40_B179_diversity\J2D_PPOFINAL_N40_B179_diversity_stageU_generation_log.json,E:\Projects\RL-LAM-ScanOpt\cae_model\40track_full\sanity_base\40track_sanity_base.cae,stage3_ppo_final_expansion_224_to_320_batch224_v01,False,False,final expansion PPO candidate; not physically validated yet.,0.5897448670193259,3.897435897435898,11.0,0,0.0769230769230769,152.0,5.271531886916502,-0.0230111768573307,0.1009017303661515,32.0,32,37.0,raster
final_expansion_batch06,PPOFINAL_N40_B180_diversity,40,E:\Projects\RL-LAM-ScanOpt\cae_model\stage3_ppo_final_expansion_224_to_320_batch224_v01\final_expansion_batch06\N40\PPOFINAL_N40_B180_diversity\scan_order_PPOFINAL_N40_B180_diversity.json,E:\Projects\RL-LAM-ScanOpt\outputs\stage3_ppo_final_expansion_224_to_320\selected_candidates\scan_orders\scan_order_PPOFINAL_N40_B180_diversity.json,"[11,15,27,1,3,37,21,31,25,23,29,19,39,35,33,17,9,5,0,7,13,20,34,36,24,30,38,28,32,22,26,18,6,4,8,10,16,14,12,2]","11,15,27,1,3,37,21,31,25,23,29,19,39,35,33,17,9,5,0,7,13,20,34,36,24,30,38,28,32,22,26,18,6,4,8,10,16,14,12,2",a8ce7c8bbddd45fa,PPO_final_expansion_checkpoint_inference,E:\Projects\RL-LAM-ScanOpt\outputs\stage3_ppo_rl_lam_fea_addendum_v01\ppo_training\checkpoints\maskable_ppo_lam_scan_order_final.zip,v01,stochastic,diversity,180,E:\Projects\RL-LAM-ScanOpt\cae_model\stage3_ppo_final_expansion_224_to_320_batch224_v01\final_expansion_batch06\N40\PPOFINAL_N40_B180_diversity,J2D_PPOFINAL_N40_B180_diversity,E:\Projects\RL-LAM-ScanOpt\cae_model\stage3_ppo_final_expansion_224_to_320_batch224_v01\final_expansion_batch06\N40\PPOFINAL_N40_B180_diversity\J2D_PPOFINAL_N40_B180_diversity.cae,E:\Projects\RL-LAM-ScanOpt\cae_model\stage3_ppo_final_expansion_224_to_320_batch224_v01\final_expansion_batch06\N40\PPOFINAL_N40_B180_diversity\J2D_PPOFINAL_N40_B180_diversity.inp,E:\Projects\RL-LAM-ScanOpt\cae_model\stage3_ppo_final_expansion_224_to_320_batch224_v01\final_expansion_batch06\N40\PPOFINAL_N40_B180_diversity\J2D_PPOFINAL_N40_B180_diversity.jnl,E:\Projects\RL-LAM-ScanOpt\cae_model\stage3_ppo_final_expansion_224_to_320_batch224_v01\final_expansion_batch06\N40\PPOFINAL_N40_B180_diversity\J2D_PPOFINAL_N40_B180_diversity_stageU_generation_log.json,E:\Projects\RL-LAM-ScanOpt\cae_model\40track_full\sanity_base\40track_sanity_base.cae,stage3_ppo_final_expansion_224_to_320_batch224_v01,False,False,final expansion PPO candidate; not physically validated yet.,0.6774374638118765,8.333333333333334,34.0,6,0.0,325.0,45.811965811965806,-0.2136752136752137,0.2384529689756514,36.0,36,39.0,raster
final_expansion_batch06,PPOFINAL_N40_B181_diversity,40,E:\Projects\RL-LAM-ScanOpt\cae_model\stage3_ppo_final_expansion_224_to_320_batch224_v01\final_expansion_batch06\N40\PPOFINAL_N40_B181_diversity\scan_order_PPOFINAL_N40_B181_diversity.json,E:\Projects\RL-LAM-ScanOpt\outputs\stage3_ppo_final_expansion_224_to_320\selected_candidates\scan_orders\scan_order_PPOFINAL_N40_B181_diversity.json,"[11,15,1,3,25,23,21,17,9,35,31,27,39,33,37,19,29,13,7,0,5,24,20,22,32,30,36,28,38,34,26,4,6,18,10,2,8,12,16,14]","11,15,1,3,25,23,21,17,9,35,31,27,39,33,37,19,29,13,7,0,5,24,20,22,32,30,36,28,38,34,26,4,6,18,10,2,8,12,16,14",e3431db23a184d36,PPO_final_expansion_checkpoint_inference,E:\Projects\RL-LAM-ScanOpt\outputs\stage3_ppo_rl_lam_fea_addendum_v01\ppo_training\checkpoints\maskable_ppo_lam_scan_order_final.zip,v01,stochastic,diversity,181,E:\Projects\RL-LAM-ScanOpt\cae_model\stage3_ppo_final_expansion_224_to_320_batch224_v01\final_expansion_batch06\N40\PPOFINAL_N40_B181_diversity,J2D_PPOFINAL_N40_B181_diversity,E:\Projects\RL-LAM-ScanOpt\cae_model\stage3_ppo_final_expansion_224_to_320_batch224_v01\final_expansion_batch06\N40\PPOFINAL_N40_B181_diversity\J2D_PPOFINAL_N40_B181_diversity.cae,E:\Projects\RL-LAM-ScanOpt\cae_model\stage3_ppo_final_expansion_224_to_320_batch224_v01\final_expansion_batch06\N40\PPOFINAL_N40_B181_diversity\J2D_PPOFINAL_N40_B181_diversity.inp,E:\Projects\RL-LAM-ScanOpt\cae_model\stage3_ppo_final_expansion_224_to_320_batch224_v01\final_expansion_batch06\N40\PPOFINAL_N40_B181_diversity\J2D_PPOFINAL_N40_B181_diversity.jnl,E:\Projects\RL-LAM-ScanOpt\cae_model\stage3_ppo_final_expansion_224_to_320_batch224_v01\final_expansion_batch06\N40\PPOFINAL_N40_B181_diversity\J2D_PPOFINAL_N40_B181_diversity_stageU_generation_log.json,E:\Projects\RL-LAM-ScanOpt\cae_model\40track_full\sanity_base\40track_sanity_base.cae,stage3_ppo_final_expansion_224_to_320_batch224_v01,False,False,final expansion PPO candidate; not physically validated yet.,0.6714435611800138,8.128205128205128,26.0,7,0.0,317.0,38.52202498356345,-0.2084155161078238,0.2285319033422508,37.0,37,37.0,edge_in
final_expansion_batch06,PPOFINAL_N40_B182_diversity,40,E:\Projects\RL-LAM-ScanOpt\cae_model\stage3_ppo_final_expansion_224_to_320_batch224_v01\final_expansion_batch06\N40\PPOFINAL_N40_B182_diversity\scan_order_PPOFINAL_N40_B182_diversity.json,E:\Projects\RL-LAM-ScanOpt\outputs\stage3_ppo_final_expansion_224_to_320\selected_candidates\scan_orders\scan_order_PPOFINAL_N40_B182_diversity.json,"[11,1,15,3,21,23,27,25,17,39,33,31,37,35,24,29,13,19,9,0,7,5,26,20,28,32,36,30,34,22,38,2,6,4,10,8,16,18,14,12]","11,1,15,3,21,23,27,25,17,39,33,31,37,35,24,29,13,19,9,0,7,5,26,20,28,32,36,30,34,22,38,2,6,4,10,8,16,18,14,12",9a9c393ac14717c2,PPO_final_expansion_checkpoint_inference,E:\Projects\RL-LAM-ScanOpt\outputs\stage3_ppo_rl_lam_fea_addendum_v01\ppo_training\checkpoints\maskable_ppo_lam_scan_order_final.zip,v01,stochastic,diversity,182,E:\Projects\RL-LAM-ScanOpt\cae_model\stage3_ppo_final_expansion_224_to_320_batch224_v01\final_expansion_batch06\N40\PPOFINAL_N40_B182_diversity,J2D_PPOFINAL_N40_B182_diversity,E:\Projects\RL-LAM-ScanOpt\cae_model\stage3_ppo_final_expansion_224_to_320_batch224_v01\final_expansion_batch06\N40\PPOFINAL_N40_B182_diversity\J2D_PPOFINAL_N40_B182_diversity.cae,E:\Projects\RL-LAM-ScanOpt\cae_model\stage3_ppo_final_expansion_224_to_320_batch224_v01\final_expansion_batch06\N40\PPOFINAL_N40_B182_diversity\J2D_PPOFINAL_N40_B182_diversity.inp,E:\Projects\RL-LAM-ScanOpt\cae_model\stage3_ppo_final_expansion_224_to_320_batch224_v01\final_expansion_batch06\N40\PPOFINAL_N40_B182_diversity\J2D_PPOFINAL_N40_B182_diversity.jnl,E:\Projects\RL-LAM-ScanOpt\cae_model\stage3_ppo_final_expansion_224_to_320_batch224_v01\final_expansion_batch06\N40\PPOFINAL_N40_B182_diversity\J2D_PPOFINAL_N40_B182_diversity_stageU_generation_log.json,E:\Projects\RL-LAM-ScanOpt\cae_model\40track_full\sanity_base\40track_sanity_base.cae,stage3_ppo_final_expansion_224_to_320_batch224_v01,False,False,final expansion PPO candidate; not physically validated yet.,0.6712886907473593,8.23076923076923,36.0,7,0.0,321.0,49.10059171597632,-0.2110453648915187,0.2380510136199712,35.0,35,38.0,raster
final_expansion_batch06,PPOFINAL_N40_B183_diversity,40,E:\Projects\RL-LAM-ScanOpt\cae_model\stage3_ppo_final_expansion_224_to_320_batch224_v01\final_expansion_batch06\N40\PPOFINAL_N40_B183_diversity\scan_order_PPOFINAL_N40_B183_diversity.json,E:\Projects\RL-LAM-ScanOpt\outputs\stage3_ppo_final_expansion_224_to_320\selected_candidates\scan_orders\scan_order_PPOFINAL_N40_B183_diversity.json,"[11,1,3,15,35,23,21,37,39,25,31,19,33,27,29,17,9,0,6,13,20,7,5,32,30,34,36,38,24,26,22,28,2,10,16,18,14,4,8,12]","11,1,3,15,35,23,21,37,39,25,31,19,33,27,29,17,9,0,6,13,20,7,5,32,30,34,36,38,24,26,22,28,2,10,16,18,14,4,8,12",de023060e31bde5b,PPO_final_expansion_checkpoint_inference,E:\Projects\RL-LAM-ScanOpt\outputs\stage3_ppo_rl_lam_fea_addendum_v01\ppo_training\checkpoints\maskable_ppo_lam_scan_order_final.zip,v01,stochastic,diversity,183,E:\Projects\RL-LAM-ScanOpt\cae_model\stage3_ppo_final_expansion_224_to_320_batch224_v01\final_expansion_batch06\N40\PPOFINAL_N40_B183_diversity,J2D_PPOFINAL_N40_B183_diversity,E:\Projects\RL-LAM-ScanOpt\cae_model\stage3_ppo_final_expansion_224_to_320_batch224_v01\final_expansion_batch06\N40\PPOFINAL_N40_B183_diversity\J2D_PPOFINAL_N40_B183_diversity.cae,E:\Projects\RL-LAM-ScanOpt\cae_model\stage3_ppo_final_expansion_224_to_320_batch224_v01\final_expansion_batch06\N40\PPOFINAL_N40_B183_diversity\J2D_PPOFINAL_N40_B183_diversity.inp,E:\Projects\RL-LAM-ScanOpt\cae_model\stage3_ppo_final_expansion_224_to_320_batch224_v01\final_expansion_batch06\N40\PPOFINAL_N40_B183_diversity\J2D_PPOFINAL_N40_B183_diversity.jnl,E:\Projects\RL-LAM-ScanOpt\cae_model\stage3_ppo_final_expansion_224_to_320_batch224_v01\final_expansion_batch06\N40\PPOFINAL_N40_B183_diversity\J2D_PPOFINAL_N40_B183_diversity_stageU_generation_log.json,E:\Projects\RL-LAM-ScanOpt\cae_model\40track_full\sanity_base\40track_sanity_base.cae,stage3_ppo_final_expansion_224_to_320_batch224_v01,False,False,final expansion PPO candidate; not physically validated yet.,0.6494742995938011,8.23076923076923,27.0,7,0.0,321.0,39.9723865877712,-0.2110453648915187,0.2320495638315392,35.0,35,38.0,raster
final_expansion_batch06,PPOFINAL_N40_B184_diversity,40,E:\Projects\RL-LAM-ScanOpt\cae_model\stage3_ppo_final_expansion_224_to_320_batch224_v01\final_expansion_batch06\N40\PPOFINAL_N40_B184_diversity\scan_order_PPOFINAL_N40_B184_diversity.json,E:\Projects\RL-LAM-ScanOpt\outputs\stage3_ppo_final_expansion_224_to_320\selected_candidates\scan_orders\scan_order_PPOFINAL_N40_B184_diversity.json,"[11,1,3,35,15,31,21,23,25,39,37,27,19,17,29,33,13,24,38,5,0,7,9,20,30,34,36,32,26,22,28,14,6,12,4,16,18,10,2,8]","11,1,3,35,15,31,21,23,25,39,37,27,19,17,29,33,13,24,38,5,0,7,9,20,30,34,36,32,26,22,28,14,6,12,4,16,18,10,2,8",bbee4769741c7b36,PPO_final_expansion_checkpoint_inference,E:\Projects\RL-LAM-ScanOpt\outputs\stage3_ppo_rl_lam_fea_addendum_v01\ppo_training\checkpoints\maskable_ppo_lam_scan_order_final.zip,v01,stochastic,diversity,184,E:\Projects\RL-LAM-ScanOpt\cae_model\stage3_ppo_final_expansion_224_to_320_batch224_v01\final_expansion_batch06\N40\PPOFINAL_N40_B184_diversity,J2D_PPOFINAL_N40_B184_diversity,E:\Projects\RL-LAM-ScanOpt\cae_model\stage3_ppo_final_expansion_224_to_320_batch224_v01\final_expansion_batch06\N40\PPOFINAL_N40_B184_diversity\J2D_PPOFINAL_N40_B184_diversity.cae,E:\Projects\RL-LAM-ScanOpt\cae_model\stage3_ppo_final_expansion_224_to_320_batch224_v01\final_expansion_batch06\N40\PPOFINAL_N40_B184_diversity\J2D_PPOFINAL_N40_B184_diversity.inp,E:\Projects\RL-LAM-ScanOpt\cae_model\stage3_ppo_final_expansion_224_to_320_batch224_v01\final_expansion_batch06\N40\PPOFINAL_N40_B184_diversity\J2D_PPOFINAL_N40_B184_diversity.jnl,E:\Projects\RL-LAM-ScanOpt\cae_model\stage3_ppo_final_expansion_224_to_320_batch224_v01\final_expansion_batch06\N40\PPOFINAL_N40_B184_diversity\J2D_PPOFINAL_N40_B184_diversity_stageU_generation_log.json,E:\Projects\RL-LAM-ScanOpt\cae_model\40track_full\sanity_base\40track_sanity_base.cae,stage3_ppo_final_expansion_224_to_320_batch224_v01,False,False,final expansion PPO candidate; not physically validated yet.,0.6366596250859881,9.153846153846152,33.0,8,0.0,357.0,52.64299802761341,-0.2347140039447731,0.2634569349293973,36.0,36,38.0,odd_even
final_expansion_batch06,PPOFINAL_N40_B185_diversity,40,E:\Projects\RL-LAM-ScanOpt\cae_model\stage3_ppo_final_expansion_224_to_320_batch224_v01\final_expansion_batch06\N40\PPOFINAL_N40_B185_diversity\scan_order_PPOFINAL_N40_B185_diversity.json,E:\Projects\RL-LAM-ScanOpt\outputs\stage3_ppo_final_expansion_224_to_320\selected_candidates\scan_orders\scan_order_PPOFINAL_N40_B185_diversity.json,"[11,23,3,1,15,39,21,31,37,17,7,13,19,35,29,27,25,33,9,0,5,34,32,20,24,28,22,38,30,36,26,4,6,2,8,18,16,10,14,12]","11,23,3,1,15,39,21,31,37,17,7,13,19,35,29,27,25,33,9,0,5,34,32,20,24,28,22,38,30,36,26,4,6,2,8,18,16,10,14,12",a9683d7b936e665f,PPO_final_expansion_checkpoint_inference,E:\Projects\RL-LAM-ScanOpt\outputs\stage3_ppo_rl_lam_fea_addendum_v01\ppo_training\checkpoints\maskable_ppo_lam_scan_order_final.zip,v01,stochastic,diversity,185,E:\Projects\RL-LAM-ScanOpt\cae_model\stage3_ppo_final_expansion_224_to_320_batch224_v01\final_expansion_batch06\N40\PPOFINAL_N40_B185_diversity,J2D_PPOFINAL_N40_B185_diversity,E:\Projects\RL-LAM-ScanOpt\cae_model\stage3_ppo_final_expansion_224_to_320_batch224_v01\final_expansion_batch06\N40\PPOFINAL_N40_B185_diversity\J2D_PPOFINAL_N40_B185_diversity.cae,E:\Projects\RL-LAM-ScanOpt\cae_model\stage3_ppo_final_expansion_224_to_320_batch224_v01\final_expansion_batch06\N40\PPOFINAL_N40_B185_diversity\J2D_PPOFINAL_N40_B185_diversity.inp,E:\Projects\RL-LAM-ScanOpt\cae_model\stage3_ppo_final_expansion_224_to_320_batch224_v01\final_expansion_batch06\N40\PPOFINAL_N40_B185_diversity\J2D_PPOFINAL_N40_B185_diversity.jnl,E:\Projects\RL-LAM-ScanOpt\cae_model\stage3_ppo_final_expansion_224_to_320_batch224_v01\final_expansion_batch06\N40\PPOFINAL_N40_B185_diversity\J2D_PPOFINAL_N40_B185_diversity_stageU_generation_log.json,E:\Projects\RL-LAM-ScanOpt\cae_model\40track_full\sanity_base\40track_sanity_base.cae,stage3_ppo_final_expansion_224_to_320_batch224_v01,False,False,final expansion PPO candidate; not physically validated yet.,0.6357565700100105,9.615384615384617,29.0,10,0.0,375.0,51.41617357001972,-0.2465483234714003,0.2741888057659564,37.0,37,39.0,raster
final_expansion_batch06,PPOFINAL_N40_B186_diversity,40,E:\Projects\RL-LAM-ScanOpt\cae_model\stage3_ppo_final_expansion_224_to_320_batch224_v01\final_expansion_batch06\N40\PPOFINAL_N40_B186_diversity\scan_order_PPOFINAL_N40_B186_diversity.json,E:\Projects\RL-LAM-ScanOpt\outputs\stage3_ppo_final_expansion_224_to_320\selected_candidates\scan_orders\scan_order_PPOFINAL_N40_B186_diversity.json,"[1,11,3,15,21,39,37,31,19,23,29,25,35,17,27,33,13,5,0,32,20,7,26,9,24,30,36,38,28,22,34,6,4,10,2,8,16,18,14,12]","1,11,3,15,21,39,37,31,19,23,29,25,35,17,27,33,13,5,0,32,20,7,26,9,24,30,36,38,28,22,34,6,4,10,2,8,16,18,14,12",aa4779b84ca708dc,PPO_final_expansion_checkpoint_inference,E:\Projects\RL-LAM-ScanOpt\outputs\stage3_ppo_rl_lam_fea_addendum_v01\ppo_training\checkpoints\maskable_ppo_lam_scan_order_final.zip,v01,stochastic,diversity,186,E:\Projects\RL-LAM-ScanOpt\cae_model\stage3_ppo_final_expansion_224_to_320_batch224_v01\final_expansion_batch06\N40\PPOFINAL_N40_B186_diversity,J2D_PPOFINAL_N40_B186_diversity,E:\Projects\RL-LAM-ScanOpt\cae_model\stage3_ppo_final_expansion_224_to_320_batch224_v01\final_expansion_batch06\N40\PPOFINAL_N40_B186_diversity\J2D_PPOFINAL_N40_B186_diversity.cae,E:\Projects\RL-LAM-ScanOpt\cae_model\stage3_ppo_final_expansion_224_to_320_batch224_v01\final_expansion_batch06\N40\PPOFINAL_N40_B186_diversity\J2D_PPOFINAL_N40_B186_diversity.inp,E:\Projects\RL-LAM-ScanOpt\cae_model\stage3_ppo_final_expansion_224_to_320_batch224_v01\final_expansion_batch06\N40\PPOFINAL_N40_B186_diversity\J2D_PPOFINAL_N40_B186_diversity.jnl,E:\Projects\RL-LAM-ScanOpt\cae_model\stage3_ppo_final_expansion_224_to_320_batch224_v01\final_expansion_batch06\N40\PPOFINAL_N40_B186_diversity\J2D_PPOFINAL_N40_B186_diversity_stageU_generation_log.json,E:\Projects\RL-LAM-ScanOpt\cae_model\40track_full\sanity_base\40track_sanity_base.cae,stage3_ppo_final_expansion_224_to_320_batch224_v01,False,False,final expansion PPO candidate; not physically validated yet.,0.63424943429224,9.76923076923077,32.0,8,0.0,381.0,46.84418145956607,-0.2504930966469428,0.2750290476394254,36.0,36,37.0,raster
final_expansion_batch06,PPOFINAL_N40_B187_diversity,40,E:\Projects\RL-LAM-ScanOpt\cae_model\stage3_ppo_final_expansion_224_to_320_batch224_v01\final_expansion_batch06\N40\PPOFINAL_N40_B187_diversity\scan_order_PPOFINAL_N40_B187_diversity.json,E:\Projects\RL-LAM-ScanOpt\outputs\stage3_ppo_final_expansion_224_to_320\selected_candidates\scan_orders\scan_order_PPOFINAL_N40_B187_diversity.json,"[1,11,3,37,15,23,39,21,31,29,17,27,19,25,35,33,13,5,9,7,0,24,22,28,34,30,32,20,36,38,26,18,4,6,8,10,14,12,16,2]","1,11,3,37,15,23,39,21,31,29,17,27,19,25,35,33,13,5,9,7,0,24,22,28,34,30,32,20,36,38,26,18,4,6,8,10,14,12,16,2",906a83809c633623,PPO_final_expansion_checkpoint_inference,E:\Projects\RL-LAM-ScanOpt\outputs\stage3_ppo_rl_lam_fea_addendum_v01\ppo_training\checkpoints\maskable_ppo_lam_scan_order_final.zip,v01,stochastic,diversity,187,E:\Projects\RL-LAM-ScanOpt\cae_model\stage3_ppo_final_expansion_224_to_320_batch224_v01\final_expansion_batch06\N40\PPOFINAL_N40_B187_diversity,J2D_PPOFINAL_N40_B187_diversity,E:\Projects\RL-LAM-ScanOpt\cae_model\stage3_ppo_final_expansion_224_to_320_batch224_v01\final_expansion_batch06\N40\PPOFINAL_N40_B187_diversity\J2D_PPOFINAL_N40_B187_diversity.cae,E:\Projects\RL-LAM-ScanOpt\cae_model\stage3_ppo_final_expansion_224_to_320_batch224_v01\final_expansion_batch06\N40\PPOFINAL_N40_B187_diversity\J2D_PPOFINAL_N40_B187_diversity.inp,E:\Projects\RL-LAM-ScanOpt\cae_model\stage3_ppo_final_expansion_224_to_320_batch224_v01\final_expansion_batch06\N40\PPOFINAL_N40_B187_diversity\J2D_PPOFINAL_N40_B187_diversity.jnl,E:\Projects\RL-LAM-ScanOpt\cae_model\stage3_ppo_final_expansion_224_to_320_batch224_v01\final_expansion_batch06\N40\PPOFINAL_N40_B187_diversity\J2D_PPOFINAL_N40_B187_diversity_stageU_generation_log.json,E:\Projects\RL-LAM-ScanOpt\cae_model\40track_full\sanity_base\40track_sanity_base.cae,stage3_ppo_final_expansion_224_to_320_batch224_v01,False,False,final expansion PPO candidate; not physically validated yet.,0.6331869043617712,9.102564102564102,34.0,9,0.0,355.0,51.93819855358316,-0.2333990795529257,0.2617115046374643,36.0,36,38.0,odd_even
final_expansion_batch06,PPOFINAL_N40_B188_diversity,40,E:\Projects\RL-LAM-ScanOpt\cae_model\stage3_ppo_final_expansion_224_to_320_batch224_v01\final_expansion_batch06\N40\PPOFINAL_N40_B188_diversity\scan_order_PPOFINAL_N40_B188_diversity.json,E:\Projects\RL-LAM-ScanOpt\outputs\stage3_ppo_final_expansion_224_to_320\selected_candidates\scan_orders\scan_order_PPOFINAL_N40_B188_diversity.json,"[11,15,1,3,21,9,25,31,23,39,27,17,29,37,35,33,13,5,0,19,7,34,28,32,38,30,24,20,36,26,6,4,2,14,22,18,16,10,8,12]","11,15,1,3,21,9,25,31,23,39,27,17,29,37,35,33,13,5,0,19,7,34,28,32,38,30,24,20,36,26,6,4,2,14,22,18,16,10,8,12",dbbb2f25880acebf,PPO_final_expansion_checkpoint_inference,E:\Projects\RL-LAM-ScanOpt\outputs\stage3_ppo_rl_lam_fea_addendum_v01\ppo_training\checkpoints\maskable_ppo_lam_scan_order_final.zip,v01,stochastic,diversity,188,E:\Projects\RL-LAM-ScanOpt\cae_model\stage3_ppo_final_expansion_224_to_320_batch224_v01\final_expansion_batch06\N40\PPOFINAL_N40_B188_diversity,J2D_PPOFINAL_N40_B188_diversity,E:\Projects\RL-LAM-ScanOpt\cae_model\stage3_ppo_final_expansion_224_to_320_batch224_v01\final_expansion_batch06\N40\PPOFINAL_N40_B188_diversity\J2D_PPOFINAL_N40_B188_diversity.cae,E:\Projects\RL-LAM-ScanOpt\cae_model\stage3_ppo_final_expansion_224_to_320_batch224_v01\final_expansion_batch06\N40\PPOFINAL_N40_B188_diversity\J2D_PPOFINAL_N40_B188_diversity.inp,E:\Projects\RL-LAM-ScanOpt\cae_model\stage3_ppo_final_expansion_224_to_320_batch224_v01\final_expansion_batch06\N40\PPOFINAL_N40_B188_diversity\J2D_PPOFINAL_N40_B188_diversity.jnl,E:\Projects\RL-LAM-ScanOpt\cae_model\stage3_ppo_final_expansion_224_to_320_batch224_v01\final_expansion_batch06\N40\PPOFINAL_N40_B188_diversity\J2D_PPOFINAL_N40_B188_diversity_stageU_generation_log.json,E:\Projects\RL-LAM-ScanOpt\cae_model\40track_full\sanity_base\40track_sanity_base.cae,stage3_ppo_final_expansion_224_to_320_batch224_v01,False,False,final expansion PPO candidate; not physically validated yet.,0.6321769840850444,9.102564102564102,27.0,9,0.0,355.0,38.45101906640368,-0.2333990795529257,0.2528441939950057,37.0,37,38.0,raster
final_expansion_batch06,PPOFINAL_N40_B189_diversity,40,E:\Projects\RL-LAM-ScanOpt\cae_model\stage3_ppo_final_expansion_224_to_320_batch224_v01\final_expansion_batch06\N40\PPOFINAL_N40_B189_diversity\scan_order_PPOFINAL_N40_B189_diversity.json,E:\Projects\RL-LAM-ScanOpt\outputs\stage3_ppo_final_expansion_224_to_320\selected_candidates\scan_orders\scan_order_PPOFINAL_N40_B189_diversity.json,"[11,15,1,3,37,21,23,35,39,17,29,33,31,27,25,36,19,5,9,0,13,7,30,20,32,24,26,22,34,38,28,10,4,6,2,8,16,14,18,12]","11,15,1,3,37,21,23,35,39,17,29,33,31,27,25,36,19,5,9,0,13,7,30,20,32,24,26,22,34,38,28,10,4,6,2,8,16,14,18,12",bfcdaf40779bc25e,PPO_final_expansion_checkpoint_inference,E:\Projects\RL-LAM-ScanOpt\outputs\stage3_ppo_rl_lam_fea_addendum_v01\ppo_training\checkpoints\maskable_ppo_lam_scan_order_final.zip,v01,stochastic,diversity,189,E:\Projects\RL-LAM-ScanOpt\cae_model\stage3_ppo_final_expansion_224_to_320_batch224_v01\final_expansion_batch06\N40\PPOFINAL_N40_B189_diversity,J2D_PPOFINAL_N40_B189_diversity,E:\Projects\RL-LAM-ScanOpt\cae_model\stage3_ppo_final_expansion_224_to_320_batch224_v01\final_expansion_batch06\N40\PPOFINAL_N40_B189_diversity\J2D_PPOFINAL_N40_B189_diversity.cae,E:\Projects\RL-LAM-ScanOpt\cae_model\stage3_ppo_final_expansion_224_to_320_batch224_v01\final_expansion_batch06\N40\PPOFINAL_N40_B189_diversity\J2D_PPOFINAL_N40_B189_diversity.inp,E:\Projects\RL-LAM-ScanOpt\cae_model\stage3_ppo_final_expansion_224_to_320_batch224_v01\final_expansion_batch06\N40\PPOFINAL_N40_B189_diversity\J2D_PPOFINAL_N40_B189_diversity.jnl,E:\Projects\RL-LAM-ScanOpt\cae_model\stage3_ppo_final_expansion_224_to_320_batch224_v01\final_expansion_batch06\N40\PPOFINAL_N40_B189_diversity\J2D_PPOFINAL_N40_B189_diversity_stageU_generation_log.json,E:\Projects\RL-LAM-ScanOpt\cae_model\40track_full\sanity_base\40track_sanity_base.cae,stage3_ppo_final_expansion_224_to_320_batch224_v01,False,False,final expansion PPO candidate; not physically validated yet.,0.6286462541780714,8.948717948717949,34.0,8,0.0,349.0,48.664036817882966,-0.2294543063773833,0.2557127132267475,37.0,37,38.0,raster
final_expansion_batch06,PPOFINAL_N40_B190_diversity,40,E:\Projects\RL-LAM-ScanOpt\cae_model\stage3_ppo_final_expansion_224_to_320_batch224_v01\final_expansion_batch06\N40\PPOFINAL_N40_B190_diversity\scan_order_PPOFINAL_N40_B190_diversity.json,E:\Projects\RL-LAM-ScanOpt\outputs\stage3_ppo_final_expansion_224_to_320\selected_candidates\scan_orders\scan_order_PPOFINAL_N40_B190_diversity.json,"[11,1,3,21,15,23,29,37,17,25,33,39,31,35,19,27,7,5,0,30,13,9,24,32,22,26,20,36,34,28,38,14,18,6,4,10,8,12,16,2]","11,1,3,21,15,23,29,37,17,25,33,39,31,35,19,27,7,5,0,30,13,9,24,32,22,26,20,36,34,28,38,14,18,6,4,10,8,12,16,2",09e52e11fadfbc9f,PPO_final_expansion_checkpoint_inference,E:\Projects\RL-LAM-ScanOpt\outputs\stage3_ppo_rl_lam_fea_addendum_v01\ppo_training\checkpoints\maskable_ppo_lam_scan_order_final.zip,v01,stochastic,diversity,190,E:\Projects\RL-LAM-ScanOpt\cae_model\stage3_ppo_final_expansion_224_to_320_batch224_v01\final_expansion_batch06\N40\PPOFINAL_N40_B190_diversity,J2D_PPOFINAL_N40_B190_diversity,E:\Projects\RL-LAM-ScanOpt\cae_model\stage3_ppo_final_expansion_224_to_320_batch224_v01\final_expansion_batch06\N40\PPOFINAL_N40_B190_diversity\J2D_PPOFINAL_N40_B190_diversity.cae,E:\Projects\RL-LAM-ScanOpt\cae_model\stage3_ppo_final_expansion_224_to_320_batch224_v01\final_expansion_batch06\N40\PPOFINAL_N40_B190_diversity\J2D_PPOFINAL_N40_B190_diversity.inp,E:\Projects\RL-LAM-ScanOpt\cae_model\stage3_ppo_final_expansion_224_to_320_batch224_v01\final_expansion_batch06\N40\PPOFINAL_N40_B190_diversity\J2D_PPOFINAL_N40_B190_diversity.jnl,E:\Projects\RL-LAM-ScanOpt\cae_model\stage3_ppo_final_expansion_224_to_320_batch224_v01\final_expansion_batch06\N40\PPOFINAL_N40_B190_diversity\J2D_PPOFINAL_N40_B190_diversity_stageU_generation_log.json,E:\Projects\RL-LAM-ScanOpt\cae_model\40track_full\sanity_base\40track_sanity_base.cae,stage3_ppo_final_expansion_224_to_320_batch224_v01,False,False,final expansion PPO candidate; not physically validated yet.,0.620515228063727,9.307692307692308,30.0,10,0.0,363.0,43.39250493096648,-0.2386587771203156,0.2612212392708524,35.0,35,38.0,center_out
final_expansion_batch06,PPOFINAL_N40_B191_diversity,40,E:\Projects\RL-LAM-ScanOpt\cae_model\stage3_ppo_final_expansion_224_to_320_batch224_v01\final_expansion_batch06\N40\PPOFINAL_N40_B191_diversity\scan_order_PPOFINAL_N40_B191_diversity.json,E:\Projects\RL-LAM-ScanOpt\outputs\stage3_ppo_final_expansion_224_to_320\selected_candidates\scan_orders\scan_order_PPOFINAL_N40_B191_diversity.json,"[11,1,3,21,15,27,33,23,35,37,31,39,5,29,25,19,9,17,13,7,0,34,30,20,24,36,28,22,38,26,32,6,4,10,14,18,16,12,8,2]","11,1,3,21,15,27,33,23,35,37,31,39,5,29,25,19,9,17,13,7,0,34,30,20,24,36,28,22,38,26,32,6,4,10,14,18,16,12,8,2",082738543363121c,PPO_final_expansion_checkpoint_inference,E:\Projects\RL-LAM-ScanOpt\outputs\stage3_ppo_rl_lam_fea_addendum_v01\ppo_training\checkpoints\maskable_ppo_lam_scan_order_final.zip,v01,stochastic,diversity,191,E:\Projects\RL-LAM-ScanOpt\cae_model\stage3_ppo_final_expansion_224_to_320_batch224_v01\final_expansion_batch06\N40\PPOFINAL_N40_B191_diversity,J2D_PPOFINAL_N40_B191_diversity,E:\Projects\RL-LAM-ScanOpt\cae_model\stage3_ppo_final_expansion_224_to_320_batch224_v01\final_expansion_batch06\N40\PPOFINAL_N40_B191_diversity\J2D_PPOFINAL_N40_B191_diversity.cae,E:\Projects\RL-LAM-ScanOpt\cae_model\stage3_ppo_final_expansion_224_to_320_batch224_v01\final_expansion_batch06\N40\PPOFINAL_N40_B191_diversity\J2D_PPOFINAL_N40_B191_diversity.inp,E:\Projects\RL-LAM-ScanOpt\cae_model\stage3_ppo_final_expansion_224_to_320_batch224_v01\final_expansion_batch06\N40\PPOFINAL_N40_B191_diversity\J2D_PPOFINAL_N40_B191_diversity.jnl,E:\Projects\RL-LAM-ScanOpt\cae_model\stage3_ppo_final_expansion_224_to_320_batch224_v01\final_expansion_batch06\N40\PPOFINAL_N40_B191_diversity\J2D_PPOFINAL_N40_B191_diversity_stageU_generation_log.json,E:\Projects\RL-LAM-ScanOpt\cae_model\40track_full\sanity_base\40track_sanity_base.cae,stage3_ppo_final_expansion_224_to_320_batch224_v01,False,False,final expansion PPO candidate; not physically validated yet.,0.6190130780789036,9.35897435897436,34.0,6,0.0,365.0,61.871137409598944,-0.239973701512163,0.274652292839973,37.0,37,37.0,raster
final_expansion_batch06,PPOFINAL_N40_B192_diversity,40,E:\Projects\RL-LAM-ScanOpt\cae_model\stage3_ppo_final_expansion_224_to_320_batch224_v01\final_expansion_batch06\N40\PPOFINAL_N40_B192_diversity\scan_order_PPOFINAL_N40_B192_diversity.json,E:\Projects\RL-LAM-ScanOpt\outputs\stage3_ppo_final_expansion_224_to_320\selected_candidates\scan_orders\scan_order_PPOFINAL_N40_B192_diversity.json,"[11,3,1,21,15,17,31,23,13,25,37,39,19,29,27,35,33,9,0,7,38,5,20,32,34,24,22,26,30,36,28,18,16,14,6,4,2,8,10,12]","11,3,1,21,15,17,31,23,13,25,37,39,19,29,27,35,33,9,0,7,38,5,20,32,34,24,22,26,30,36,28,18,16,14,6,4,2,8,10,12",df0cce01fb05e68a,PPO_final_expansion_checkpoint_inference,E:\Projects\RL-LAM-ScanOpt\outputs\stage3_ppo_rl_lam_fea_addendum_v01\ppo_training\checkpoints\maskable_ppo_lam_scan_order_final.zip,v01,stochastic,diversity,192,E:\Projects\RL-LAM-ScanOpt\cae_model\stage3_ppo_final_expansion_224_to_320_batch224_v01\final_expansion_batch06\N40\PPOFINAL_N40_B192_diversity,J2D_PPOFINAL_N40_B192_diversity,E:\Projects\RL-LAM-ScanOpt\cae_model\stage3_ppo_final_expansion_224_to_320_batch224_v01\final_expansion_batch06\N40\PPOFINAL_N40_B192_diversity\J2D_PPOFINAL_N40_B192_diversity.cae,E:\Projects\RL-LAM-ScanOpt\cae_model\stage3_ppo_final_expansion_224_to_320_batch224_v01\final_expansion_batch06\N40\PPOFINAL_N40_B192_diversity\J2D_PPOFINAL_N40_B192_diversity.inp,E:\Projects\RL-LAM-ScanOpt\cae_model\stage3_ppo_final_expansion_224_to_320_batch224_v01\final_expansion_batch06\N40\PPOFINAL_N40_B192_diversity\J2D_PPOFINAL_N40_B192_diversity.jnl,E:\Projects\RL-LAM-ScanOpt\cae_model\stage3_ppo_final_expansion_224_to_320_batch224_v01\final_expansion_batch06\N40\PPOFINAL_N40_B192_diversity\J2D_PPOFINAL_N40_B192_diversity_stageU_generation_log.json,E:\Projects\RL-LAM-ScanOpt\cae_model\40track_full\sanity_base\40track_sanity_base.cae,stage3_ppo_final_expansion_224_to_320_batch224_v01,False,False,final expansion PPO candidate; not physically validated yet.,0.616080356711188,8.743589743589743,33.0,7,0.0,341.0,59.98553583168965,-0.2241946088099934,0.2580279657013081,36.0,36,37.0,edge_in
final_expansion_batch07,PPOFINAL_N40_B193_efficiency,40,E:\Projects\RL-LAM-ScanOpt\cae_model\stage3_ppo_final_expansion_224_to_320_batch224_v01\final_expansion_batch07\N40\PPOFINAL_N40_B193_efficiency\scan_order_PPOFINAL_N40_B193_efficiency.json,E:\Projects\RL-LAM-ScanOpt\outputs\stage3_ppo_final_expansion_224_to_320\selected_candidates\scan_orders\scan_order_PPOFINAL_N40_B193_efficiency.json,"[37,35,29,30,24,20,26,25,23,19,17,13,11,9,7,5,1,3,0,2,4,6,8,10,12,14,16,18,15,21,22,28,34,38,36,32,27,31,33,39]","37,35,29,30,24,20,26,25,23,19,17,13,11,9,7,5,1,3,0,2,4,6,8,10,12,14,16,18,15,21,22,28,34,38,36,32,27,31,33,39",a8a22ffaeda68c9d,PPO_final_expansion_checkpoint_inference,E:\Projects\RL-LAM-ScanOpt\outputs\stage3_ppo_rl_lam_fea_addendum_v02_targeted_N24_N40\stageK2_n40_completion\checkpoints\N40_seed20260624_maskable_ppo_v02_K2.zip,v02K2,stochastic,efficiency,193,E:\Projects\RL-LAM-ScanOpt\cae_model\stage3_ppo_final_expansion_224_to_320_batch224_v01\final_expansion_batch07\N40\PPOFINAL_N40_B193_efficiency,J2D_PPOFINAL_N40_B193_efficiency,E:\Projects\RL-LAM-ScanOpt\cae_model\stage3_ppo_final_expansion_224_to_320_batch224_v01\final_expansion_batch07\N40\PPOFINAL_N40_B193_efficiency\J2D_PPOFINAL_N40_B193_efficiency.cae,E:\Projects\RL-LAM-ScanOpt\cae_model\stage3_ppo_final_expansion_224_to_320_batch224_v01\final_expansion_batch07\N40\PPOFINAL_N40_B193_efficiency\J2D_PPOFINAL_N40_B193_efficiency.inp,E:\Projects\RL-LAM-ScanOpt\cae_model\stage3_ppo_final_expansion_224_to_320_batch224_v01\final_expansion_batch07\N40\PPOFINAL_N40_B193_efficiency\J2D_PPOFINAL_N40_B193_efficiency.jnl,E:\Projects\RL-LAM-ScanOpt\cae_model\stage3_ppo_final_expansion_224_to_320_batch224_v01\final_expansion_batch07\N40\PPOFINAL_N40_B193_efficiency\J2D_PPOFINAL_N40_B193_efficiency_stageU_generation_log.json,E:\Projects\RL-LAM-ScanOpt\cae_model\40track_full\sanity_base\40track_sanity_base.cae,stage3_ppo_final_expansion_224_to_320_batch224_v01,False,False,final expansion PPO candidate; not physically validated yet.,0.5964812262709758,3.128205128205128,6.0,0,0.0769230769230769,122.0,2.6758711374095987,-0.0032873109796186,0.0799644123191384,35.0,35,38.0,center_out
final_expansion_batch07,PPOFINAL_N40_B194_efficiency,40,E:\Projects\RL-LAM-ScanOpt\cae_model\stage3_ppo_final_expansion_224_to_320_batch224_v01\final_expansion_batch07\N40\PPOFINAL_N40_B194_efficiency\scan_order_PPOFINAL_N40_B194_efficiency.json,E:\Projects\RL-LAM-ScanOpt\outputs\stage3_ppo_final_expansion_224_to_320\selected_candidates\scan_orders\scan_order_PPOFINAL_N40_B194_efficiency.json,"[37,35,29,30,20,24,26,25,23,19,17,13,11,9,7,5,3,1,0,2,4,6,10,8,12,16,18,14,15,21,22,28,34,32,38,36,39,33,31,27]","37,35,29,30,20,24,26,25,23,19,17,13,11,9,7,5,3,1,0,2,4,6,10,8,12,16,18,14,15,21,22,28,34,32,38,36,39,33,31,27",8413cd4573da04f1,PPO_final_expansion_checkpoint_inference,E:\Projects\RL-LAM-ScanOpt\outputs\stage3_ppo_rl_lam_fea_addendum_v02_targeted_N24_N40\stageK2_n40_completion\checkpoints\N40_seed20260624_maskable_ppo_v02_K2.zip,v02K2,stochastic,efficiency,194,E:\Projects\RL-LAM-ScanOpt\cae_model\stage3_ppo_final_expansion_224_to_320_batch224_v01\final_expansion_batch07\N40\PPOFINAL_N40_B194_efficiency,J2D_PPOFINAL_N40_B194_efficiency,E:\Projects\RL-LAM-ScanOpt\cae_model\stage3_ppo_final_expansion_224_to_320_batch224_v01\final_expansion_batch07\N40\PPOFINAL_N40_B194_efficiency\J2D_PPOFINAL_N40_B194_efficiency.cae,E:\Projects\RL-LAM-ScanOpt\cae_model\stage3_ppo_final_expansion_224_to_320_batch224_v01\final_expansion_batch07\N40\PPOFINAL_N40_B194_efficiency\J2D_PPOFINAL_N40_B194_efficiency.inp,E:\Projects\RL-LAM-ScanOpt\cae_model\stage3_ppo_final_expansion_224_to_320_batch224_v01\final_expansion_batch07\N40\PPOFINAL_N40_B194_efficiency\J2D_PPOFINAL_N40_B194_efficiency.jnl,E:\Projects\RL-LAM-ScanOpt\cae_model\stage3_ppo_final_expansion_224_to_320_batch224_v01\final_expansion_batch07\N40\PPOFINAL_N40_B194_efficiency\J2D_PPOFINAL_N40_B194_efficiency_stageU_generation_log.json,E:\Projects\RL-LAM-ScanOpt\cae_model\40track_full\sanity_base\40track_sanity_base.cae,stage3_ppo_final_expansion_224_to_320_batch224_v01,False,False,final expansion PPO candidate; not physically validated yet.,0.5795881432990964,3.128205128205128,10.0,0,0.1282051282051282,122.0,3.8040762656147264,0.0479947403024326,0.0807061645401806,31.0,31,38.0,odd_even
final_expansion_batch07,PPOFINAL_N40_B195_efficiency,40,E:\Projects\RL-LAM-ScanOpt\cae_model\stage3_ppo_final_expansion_224_to_320_batch224_v01\final_expansion_batch07\N40\PPOFINAL_N40_B195_efficiency\scan_order_PPOFINAL_N40_B195_efficiency.json,E:\Projects\RL-LAM-ScanOpt\outputs\stage3_ppo_final_expansion_224_to_320\selected_candidates\scan_orders\scan_order_PPOFINAL_N40_B195_efficiency.json,"[37,35,29,30,24,20,26,25,23,19,17,13,11,9,7,5,1,3,0,2,4,6,8,10,12,14,16,18,15,21,22,28,38,36,34,32,31,27,33,39]","37,35,29,30,24,20,26,25,23,19,17,13,11,9,7,5,1,3,0,2,4,6,8,10,12,14,16,18,15,21,22,28,38,36,34,32,31,27,33,39",3dc5ad95c6cc67eb,PPO_final_expansion_checkpoint_inference,E:\Projects\RL-LAM-ScanOpt\outputs\stage3_ppo_rl_lam_fea_addendum_v02_targeted_N24_N40\stageK2_n40_completion\checkpoints\N40_seed20260624_maskable_ppo_v02_K2.zip,v02K2,stochastic,efficiency,195,E:\Projects\RL-LAM-ScanOpt\cae_model\stage3_ppo_final_expansion_224_to_320_batch224_v01\final_expansion_batch07\N40\PPOFINAL_N40_B195_efficiency,J2D_PPOFINAL_N40_B195_efficiency,E:\Projects\RL-LAM-ScanOpt\cae_model\stage3_ppo_final_expansion_224_to_320_batch224_v01\final_expansion_batch07\N40\PPOFINAL_N40_B195_efficiency\J2D_PPOFINAL_N40_B195_efficiency.cae,E:\Projects\RL-LAM-ScanOpt\cae_model\stage3_ppo_final_expansion_224_to_320_batch224_v01\final_expansion_batch07\N40\PPOFINAL_N40_B195_efficiency\J2D_PPOFINAL_N40_B195_efficiency.inp,E:\Projects\RL-LAM-ScanOpt\cae_model\stage3_ppo_final_expansion_224_to_320_batch224_v01\final_expansion_batch07\N40\PPOFINAL_N40_B195_efficiency\J2D_PPOFINAL_N40_B195_efficiency.jnl,E:\Projects\RL-LAM-ScanOpt\cae_model\stage3_ppo_final_expansion_224_to_320_batch224_v01\final_expansion_batch07\N40\PPOFINAL_N40_B195_efficiency\J2D_PPOFINAL_N40_B195_efficiency_stageU_generation_log.json,E:\Projects\RL-LAM-ScanOpt\cae_model\40track_full\sanity_base\40track_sanity_base.cae,stage3_ppo_final_expansion_224_to_320_batch224_v01,False,False,final expansion PPO candidate; not physically validated yet.,0.5953165465752615,3.128205128205128,10.0,0,0.1025641025641025,122.0,3.906640368178829,0.0223537146614069,0.0807735965602753,36.0,36,37.0,center_out
final_expansion_batch07,PPOFINAL_N40_B196_efficiency,40,E:\Projects\RL-LAM-ScanOpt\cae_model\stage3_ppo_final_expansion_224_to_320_batch224_v01\final_expansion_batch07\N40\PPOFINAL_N40_B196_efficiency\scan_order_PPOFINAL_N40_B196_efficiency.json,E:\Projects\RL-LAM-ScanOpt\outputs\stage3_ppo_final_expansion_224_to_320\selected_candidates\scan_orders\scan_order_PPOFINAL_N40_B196_efficiency.json,"[37,35,29,20,24,26,30,25,23,19,17,13,11,9,7,5,1,3,0,2,4,6,8,10,12,16,18,14,15,21,22,28,32,34,38,36,39,33,31,27]","37,35,29,20,24,26,30,25,23,19,17,13,11,9,7,5,1,3,0,2,4,6,8,10,12,16,18,14,15,21,22,28,32,34,38,36,39,33,31,27",ea6c812ad2554bc6,PPO_final_expansion_checkpoint_inference,E:\Projects\RL-LAM-ScanOpt\outputs\stage3_ppo_rl_lam_fea_addendum_v02_targeted_N24_N40\stageK2_n40_completion\checkpoints\N40_seed20260624_maskable_ppo_v02_K2.zip,v02K2,stochastic,efficiency,196,E:\Projects\RL-LAM-ScanOpt\cae_model\stage3_ppo_final_expansion_224_to_320_batch224_v01\final_expansion_batch07\N40\PPOFINAL_N40_B196_efficiency,J2D_PPOFINAL_N40_B196_efficiency,E:\Projects\RL-LAM-ScanOpt\cae_model\stage3_ppo_final_expansion_224_to_320_batch224_v01\final_expansion_batch07\N40\PPOFINAL_N40_B196_efficiency\J2D_PPOFINAL_N40_B196_efficiency.cae,E:\Projects\RL-LAM-ScanOpt\cae_model\stage3_ppo_final_expansion_224_to_320_batch224_v01\final_expansion_batch07\N40\PPOFINAL_N40_B196_efficiency\J2D_PPOFINAL_N40_B196_efficiency.inp,E:\Projects\RL-LAM-ScanOpt\cae_model\stage3_ppo_final_expansion_224_to_320_batch224_v01\final_expansion_batch07\N40\PPOFINAL_N40_B196_efficiency\J2D_PPOFINAL_N40_B196_efficiency.jnl,E:\Projects\RL-LAM-ScanOpt\cae_model\stage3_ppo_final_expansion_224_to_320_batch224_v01\final_expansion_batch07\N40\PPOFINAL_N40_B196_efficiency\J2D_PPOFINAL_N40_B196_efficiency_stageU_generation_log.json,E:\Projects\RL-LAM-ScanOpt\cae_model\40track_full\sanity_base\40track_sanity_base.cae,stage3_ppo_final_expansion_224_to_320_batch224_v01,False,False,final expansion PPO candidate; not physically validated yet.,0.5993922842705256,3.17948717948718,9.0,0,0.0512820512820512,124.0,2.8652202498356343,-0.0302432610124917,0.0813709534844415,34.0,34,38.0,odd_even
final_expansion_batch07,PPOFINAL_N40_B197_efficiency,40,E:\Projects\RL-LAM-ScanOpt\cae_model\stage3_ppo_final_expansion_224_to_320_batch224_v01\final_expansion_batch07\N40\PPOFINAL_N40_B197_efficiency\scan_order_PPOFINAL_N40_B197_efficiency.json,E:\Projects\RL-LAM-ScanOpt\outputs\stage3_ppo_final_expansion_224_to_320\selected_candidates\scan_orders\scan_order_PPOFINAL_N40_B197_efficiency.json,"[37,35,29,26,24,20,30,25,23,19,17,13,11,9,7,3,5,1,0,2,4,6,8,10,14,12,15,18,16,21,22,28,32,34,38,36,39,33,31,27]","37,35,29,26,24,20,30,25,23,19,17,13,11,9,7,3,5,1,0,2,4,6,8,10,14,12,15,18,16,21,22,28,32,34,38,36,39,33,31,27",bdeac73b1ae444bb,PPO_final_expansion_checkpoint_inference,E:\Projects\RL-LAM-ScanOpt\outputs\stage3_ppo_rl_lam_fea_addendum_v02_targeted_N24_N40\stageK2_n40_completion\checkpoints\N40_seed20260624_maskable_ppo_v02_K2.zip,v02K2,stochastic,efficiency,197,E:\Projects\RL-LAM-ScanOpt\cae_model\stage3_ppo_final_expansion_224_to_320_batch224_v01\final_expansion_batch07\N40\PPOFINAL_N40_B197_efficiency,J2D_PPOFINAL_N40_B197_efficiency,E:\Projects\RL-LAM-ScanOpt\cae_model\stage3_ppo_final_expansion_224_to_320_batch224_v01\final_expansion_batch07\N40\PPOFINAL_N40_B197_efficiency\J2D_PPOFINAL_N40_B197_efficiency.cae,E:\Projects\RL-LAM-ScanOpt\cae_model\stage3_ppo_final_expansion_224_to_320_batch224_v01\final_expansion_batch07\N40\PPOFINAL_N40_B197_efficiency\J2D_PPOFINAL_N40_B197_efficiency.inp,E:\Projects\RL-LAM-ScanOpt\cae_model\stage3_ppo_final_expansion_224_to_320_batch224_v01\final_expansion_batch07\N40\PPOFINAL_N40_B197_efficiency\J2D_PPOFINAL_N40_B197_efficiency.jnl,E:\Projects\RL-LAM-ScanOpt\cae_model\stage3_ppo_final_expansion_224_to_320_batch224_v01\final_expansion_batch07\N40\PPOFINAL_N40_B197_efficiency\J2D_PPOFINAL_N40_B197_efficiency_stageU_generation_log.json,E:\Projects\RL-LAM-ScanOpt\cae_model\40track_full\sanity_base\40track_sanity_base.cae,stage3_ppo_final_expansion_224_to_320_batch224_v01,False,False,final expansion PPO candidate; not physically validated yet.,0.5582211736261058,3.17948717948718,10.0,0,0.0512820512820512,124.0,3.019066403681788,-0.0302432610124917,0.0814721015145836,34.0,34,38.0,odd_even
final_expansion_batch07,PPOFINAL_N40_B198_efficiency,40,E:\Projects\RL-LAM-ScanOpt\cae_model\stage3_ppo_final_expansion_224_to_320_batch224_v01\final_expansion_batch07\N40\PPOFINAL_N40_B198_efficiency\scan_order_PPOFINAL_N40_B198_efficiency.json,E:\Projects\RL-LAM-ScanOpt\outputs\stage3_ppo_final_expansion_224_to_320\selected_candidates\scan_orders\scan_order_PPOFINAL_N40_B198_efficiency.json,"[37,35,29,30,24,20,26,25,23,19,17,13,11,9,7,5,3,1,0,2,6,4,8,10,12,18,16,14,15,21,22,28,34,38,36,32,27,31,33,39]","37,35,29,30,24,20,26,25,23,19,17,13,11,9,7,5,3,1,0,2,6,4,8,10,12,18,16,14,15,21,22,28,34,38,36,32,27,31,33,39",04913d6b96ab9338,PPO_final_expansion_checkpoint_inference,E:\Projects\RL-LAM-ScanOpt\outputs\stage3_ppo_rl_lam_fea_addendum_v02_targeted_N24_N40\stageK2_n40_completion\checkpoints\N40_seed20260624_maskable_ppo_v02_K2.zip,v02K2,stochastic,efficiency,198,E:\Projects\RL-LAM-ScanOpt\cae_model\stage3_ppo_final_expansion_224_to_320_batch224_v01\final_expansion_batch07\N40\PPOFINAL_N40_B198_efficiency,J2D_PPOFINAL_N40_B198_efficiency,E:\Projects\RL-LAM-ScanOpt\cae_model\stage3_ppo_final_expansion_224_to_320_batch224_v01\final_expansion_batch07\N40\PPOFINAL_N40_B198_efficiency\J2D_PPOFINAL_N40_B198_efficiency.cae,E:\Projects\RL-LAM-ScanOpt\cae_model\stage3_ppo_final_expansion_224_to_320_batch224_v01\final_expansion_batch07\N40\PPOFINAL_N40_B198_efficiency\J2D_PPOFINAL_N40_B198_efficiency.inp,E:\Projects\RL-LAM-ScanOpt\cae_model\stage3_ppo_final_expansion_224_to_320_batch224_v01\final_expansion_batch07\N40\PPOFINAL_N40_B198_efficiency\J2D_PPOFINAL_N40_B198_efficiency.jnl,E:\Projects\RL-LAM-ScanOpt\cae_model\stage3_ppo_final_expansion_224_to_320_batch224_v01\final_expansion_batch07\N40\PPOFINAL_N40_B198_efficiency\J2D_PPOFINAL_N40_B198_efficiency_stageU_generation_log.json,E:\Projects\RL-LAM-ScanOpt\cae_model\40track_full\sanity_base\40track_sanity_base.cae,stage3_ppo_final_expansion_224_to_320_batch224_v01,False,False,final expansion PPO candidate; not physically validated yet.,0.5908436095450184,3.17948717948718,6.0,0,0.1282051282051282,124.0,3.07034845496384,0.0466798159105851,0.081505817524631,35.0,35,38.0,odd_even
final_expansion_batch07,PPOFINAL_N40_B199_efficiency,40,E:\Projects\RL-LAM-ScanOpt\cae_model\stage3_ppo_final_expansion_224_to_320_batch224_v01\final_expansion_batch07\N40\PPOFINAL_N40_B199_efficiency\scan_order_PPOFINAL_N40_B199_efficiency.json,E:\Projects\RL-LAM-ScanOpt\outputs\stage3_ppo_final_expansion_224_to_320\selected_candidates\scan_orders\scan_order_PPOFINAL_N40_B199_efficiency.json,"[37,35,29,20,24,30,26,25,23,19,17,13,11,9,7,5,3,1,0,2,4,6,8,10,12,14,16,18,15,21,22,28,32,36,38,34,31,27,33,39]","37,35,29,20,24,30,26,25,23,19,17,13,11,9,7,5,3,1,0,2,4,6,8,10,12,14,16,18,15,21,22,28,32,36,38,34,31,27,33,39",626db577a340316a,PPO_final_expansion_checkpoint_inference,E:\Projects\RL-LAM-ScanOpt\outputs\stage3_ppo_rl_lam_fea_addendum_v02_targeted_N24_N40\stageK2_n40_completion\checkpoints\N40_seed20260624_maskable_ppo_v02_K2.zip,v02K2,stochastic,efficiency,199,E:\Projects\RL-LAM-ScanOpt\cae_model\stage3_ppo_final_expansion_224_to_320_batch224_v01\final_expansion_batch07\N40\PPOFINAL_N40_B199_efficiency,J2D_PPOFINAL_N40_B199_efficiency,E:\Projects\RL-LAM-ScanOpt\cae_model\stage3_ppo_final_expansion_224_to_320_batch224_v01\final_expansion_batch07\N40\PPOFINAL_N40_B199_efficiency\J2D_PPOFINAL_N40_B199_efficiency.cae,E:\Projects\RL-LAM-ScanOpt\cae_model\stage3_ppo_final_expansion_224_to_320_batch224_v01\final_expansion_batch07\N40\PPOFINAL_N40_B199_efficiency\J2D_PPOFINAL_N40_B199_efficiency.inp,E:\Projects\RL-LAM-ScanOpt\cae_model\stage3_ppo_final_expansion_224_to_320_batch224_v01\final_expansion_batch07\N40\PPOFINAL_N40_B199_efficiency\J2D_PPOFINAL_N40_B199_efficiency.jnl,E:\Projects\RL-LAM-ScanOpt\cae_model\stage3_ppo_final_expansion_224_to_320_batch224_v01\final_expansion_batch07\N40\PPOFINAL_N40_B199_efficiency\J2D_PPOFINAL_N40_B199_efficiency_stageU_generation_log.json,E:\Projects\RL-LAM-ScanOpt\cae_model\40track_full\sanity_base\40track_sanity_base.cae,stage3_ppo_final_expansion_224_to_320_batch224_v01,False,False,final expansion PPO candidate; not physically validated yet.,0.6285829884369591,3.17948717948718,9.0,0,0.0769230769230769,124.0,3.2754766600920444,-0.0046022353714661,0.0816406815648205,35.0,35,37.0,center_out
final_expansion_batch07,PPOFINAL_N40_B200_efficiency,40,E:\Projects\RL-LAM-ScanOpt\cae_model\stage3_ppo_final_expansion_224_to_320_batch224_v01\final_expansion_batch07\N40\PPOFINAL_N40_B200_efficiency\scan_order_PPOFINAL_N40_B200_efficiency.json,E:\Projects\RL-LAM-ScanOpt\outputs\stage3_ppo_final_expansion_224_to_320\selected_candidates\scan_orders\scan_order_PPOFINAL_N40_B200_efficiency.json,"[35,37,29,30,24,20,26,25,23,19,17,13,11,9,7,5,3,1,0,4,2,6,8,10,12,14,16,18,15,21,22,28,32,38,36,34,27,31,33,39]","35,37,29,30,24,20,26,25,23,19,17,13,11,9,7,5,3,1,0,4,2,6,8,10,12,14,16,18,15,21,22,28,32,38,36,34,27,31,33,39",347c091c8b052259,PPO_final_expansion_checkpoint_inference,E:\Projects\RL-LAM-ScanOpt\outputs\stage3_ppo_rl_lam_fea_addendum_v02_targeted_N24_N40\stageK2_n40_completion\checkpoints\N40_seed20260624_maskable_ppo_v02_K2.zip,v02K2,stochastic,efficiency,200,E:\Projects\RL-LAM-ScanOpt\cae_model\stage3_ppo_final_expansion_224_to_320_batch224_v01\final_expansion_batch07\N40\PPOFINAL_N40_B200_efficiency,J2D_PPOFINAL_N40_B200_efficiency,E:\Projects\RL-LAM-ScanOpt\cae_model\stage3_ppo_final_expansion_224_to_320_batch224_v01\final_expansion_batch07\N40\PPOFINAL_N40_B200_efficiency\J2D_PPOFINAL_N40_B200_efficiency.cae,E:\Projects\RL-LAM-ScanOpt\cae_model\stage3_ppo_final_expansion_224_to_320_batch224_v01\final_expansion_batch07\N40\PPOFINAL_N40_B200_efficiency\J2D_PPOFINAL_N40_B200_efficiency.inp,E:\Projects\RL-LAM-ScanOpt\cae_model\stage3_ppo_final_expansion_224_to_320_batch224_v01\final_expansion_batch07\N40\PPOFINAL_N40_B200_efficiency\J2D_PPOFINAL_N40_B200_efficiency.jnl,E:\Projects\RL-LAM-ScanOpt\cae_model\stage3_ppo_final_expansion_224_to_320_batch224_v01\final_expansion_batch07\N40\PPOFINAL_N40_B200_efficiency\J2D_PPOFINAL_N40_B200_efficiency_stageU_generation_log.json,E:\Projects\RL-LAM-ScanOpt\cae_model\40track_full\sanity_base\40track_sanity_base.cae,stage3_ppo_final_expansion_224_to_320_batch224_v01,False,False,final expansion PPO candidate; not physically validated yet.,0.5884322299394856,3.17948717948718,8.0,0,0.1025641025641025,124.0,3.4806048652202493,0.0210387902695595,0.08177554560501,34.0,34,38.0,raster
final_expansion_batch07,PPOFINAL_N40_B201_efficiency,40,E:\Projects\RL-LAM-ScanOpt\cae_model\stage3_ppo_final_expansion_224_to_320_batch224_v01\final_expansion_batch07\N40\PPOFINAL_N40_B201_efficiency\scan_order_PPOFINAL_N40_B201_efficiency.json,E:\Projects\RL-LAM-ScanOpt\outputs\stage3_ppo_final_expansion_224_to_320\selected_candidates\scan_orders\scan_order_PPOFINAL_N40_B201_efficiency.json,"[37,35,29,24,20,30,26,25,23,19,17,13,11,9,7,5,3,1,0,2,4,6,8,10,14,16,18,12,15,21,22,28,32,34,36,38,39,33,27,31]","37,35,29,24,20,30,26,25,23,19,17,13,11,9,7,5,3,1,0,2,4,6,8,10,14,16,18,12,15,21,22,28,32,34,36,38,39,33,27,31",b780000a1ba9b7dc,PPO_final_expansion_checkpoint_inference,E:\Projects\RL-LAM-ScanOpt\outputs\stage3_ppo_rl_lam_fea_addendum_v02_targeted_N24_N40\stageK2_n40_completion\checkpoints\N40_seed20260624_maskable_ppo_v02_K2.zip,v02K2,stochastic,efficiency,201,E:\Projects\RL-LAM-ScanOpt\cae_model\stage3_ppo_final_expansion_224_to_320_batch224_v01\final_expansion_batch07\N40\PPOFINAL_N40_B201_efficiency,J2D_PPOFINAL_N40_B201_efficiency,E:\Projects\RL-LAM-ScanOpt\cae_model\stage3_ppo_final_expansion_224_to_320_batch224_v01\final_expansion_batch07\N40\PPOFINAL_N40_B201_efficiency\J2D_PPOFINAL_N40_B201_efficiency.cae,E:\Projects\RL-LAM-ScanOpt\cae_model\stage3_ppo_final_expansion_224_to_320_batch224_v01\final_expansion_batch07\N40\PPOFINAL_N40_B201_efficiency\J2D_PPOFINAL_N40_B201_efficiency.inp,E:\Projects\RL-LAM-ScanOpt\cae_model\stage3_ppo_final_expansion_224_to_320_batch224_v01\final_expansion_batch07\N40\PPOFINAL_N40_B201_efficiency\J2D_PPOFINAL_N40_B201_efficiency.jnl,E:\Projects\RL-LAM-ScanOpt\cae_model\stage3_ppo_final_expansion_224_to_320_batch224_v01\final_expansion_batch07\N40\PPOFINAL_N40_B201_efficiency\J2D_PPOFINAL_N40_B201_efficiency_stageU_generation_log.json,E:\Projects\RL-LAM-ScanOpt\cae_model\40track_full\sanity_base\40track_sanity_base.cae,stage3_ppo_final_expansion_224_to_320_batch224_v01,False,False,final expansion PPO candidate; not physically validated yet.,0.6249984034243076,3.17948717948718,10.0,0,0.1025641025641025,124.0,3.788297172912557,0.0210387902695595,0.0819778416652942,34.0,34,39.0,raster
final_expansion_batch07,PPOFINAL_N40_B202_efficiency,40,E:\Projects\RL-LAM-ScanOpt\cae_model\stage3_ppo_final_expansion_224_to_320_batch224_v01\final_expansion_batch07\N40\PPOFINAL_N40_B202_efficiency\scan_order_PPOFINAL_N40_B202_efficiency.json,E:\Projects\RL-LAM-ScanOpt\outputs\stage3_ppo_final_expansion_224_to_320\selected_candidates\scan_orders\scan_order_PPOFINAL_N40_B202_efficiency.json,"[37,35,29,20,24,26,30,25,23,19,17,13,11,9,7,5,3,1,0,2,4,6,8,10,12,14,18,16,15,21,22,28,32,34,38,36,27,31,33,39]","37,35,29,20,24,26,30,25,23,19,17,13,11,9,7,5,3,1,0,2,4,6,8,10,12,14,18,16,15,21,22,28,32,34,38,36,27,31,33,39",c75892e6e38ddcbd,PPO_final_expansion_checkpoint_inference,E:\Projects\RL-LAM-ScanOpt\outputs\stage3_ppo_rl_lam_fea_addendum_v02_targeted_N24_N40\stageK2_n40_completion\checkpoints\N40_seed20260624_maskable_ppo_v02_K2.zip,v02K2,stochastic,efficiency,202,E:\Projects\RL-LAM-ScanOpt\cae_model\stage3_ppo_final_expansion_224_to_320_batch224_v01\final_expansion_batch07\N40\PPOFINAL_N40_B202_efficiency,J2D_PPOFINAL_N40_B202_efficiency,E:\Projects\RL-LAM-ScanOpt\cae_model\stage3_ppo_final_expansion_224_to_320_batch224_v01\final_expansion_batch07\N40\PPOFINAL_N40_B202_efficiency\J2D_PPOFINAL_N40_B202_efficiency.cae,E:\Projects\RL-LAM-ScanOpt\cae_model\stage3_ppo_final_expansion_224_to_320_batch224_v01\final_expansion_batch07\N40\PPOFINAL_N40_B202_efficiency\J2D_PPOFINAL_N40_B202_efficiency.inp,E:\Projects\RL-LAM-ScanOpt\cae_model\stage3_ppo_final_expansion_224_to_320_batch224_v01\final_expansion_batch07\N40\PPOFINAL_N40_B202_efficiency\J2D_PPOFINAL_N40_B202_efficiency.jnl,E:\Projects\RL-LAM-ScanOpt\cae_model\stage3_ppo_final_expansion_224_to_320_batch224_v01\final_expansion_batch07\N40\PPOFINAL_N40_B202_efficiency\J2D_PPOFINAL_N40_B202_efficiency_stageU_generation_log.json,E:\Projects\RL-LAM-ScanOpt\cae_model\40track_full\sanity_base\40track_sanity_base.cae,stage3_ppo_final_expansion_224_to_320_batch224_v01,False,False,final expansion PPO candidate; not physically validated yet.,0.6286137993952152,3.17948717948718,9.0,0,0.0769230769230769,124.0,3.89086127547666,-0.0046022353714661,0.0820452736853889,33.0,33,38.0,raster
final_expansion_batch07,PPOFINAL_N40_B203_efficiency,40,E:\Projects\RL-LAM-ScanOpt\cae_model\stage3_ppo_final_expansion_224_to_320_batch224_v01\final_expansion_batch07\N40\PPOFINAL_N40_B203_efficiency\scan_order_PPOFINAL_N40_B203_efficiency.json,E:\Projects\RL-LAM-ScanOpt\outputs\stage3_ppo_final_expansion_224_to_320\selected_candidates\scan_orders\scan_order_PPOFINAL_N40_B203_efficiency.json,"[35,37,29,20,24,30,26,25,23,19,17,13,11,9,7,5,3,1,0,2,4,6,10,8,12,14,15,16,18,21,22,28,34,36,38,32,27,31,33,39]","35,37,29,20,24,30,26,25,23,19,17,13,11,9,7,5,3,1,0,2,4,6,10,8,12,14,15,16,18,21,22,28,34,36,38,32,27,31,33,39",08cd7f488add7396,PPO_final_expansion_checkpoint_inference,E:\Projects\RL-LAM-ScanOpt\outputs\stage3_ppo_rl_lam_fea_addendum_v02_targeted_N24_N40\stageK2_n40_completion\checkpoints\N40_seed20260624_maskable_ppo_v02_K2.zip,v02K2,stochastic,efficiency,203,E:\Projects\RL-LAM-ScanOpt\cae_model\stage3_ppo_final_expansion_224_to_320_batch224_v01\final_expansion_batch07\N40\PPOFINAL_N40_B203_efficiency,J2D_PPOFINAL_N40_B203_efficiency,E:\Projects\RL-LAM-ScanOpt\cae_model\stage3_ppo_final_expansion_224_to_320_batch224_v01\final_expansion_batch07\N40\PPOFINAL_N40_B203_efficiency\J2D_PPOFINAL_N40_B203_efficiency.cae,E:\Projects\RL-LAM-ScanOpt\cae_model\stage3_ppo_final_expansion_224_to_320_batch224_v01\final_expansion_batch07\N40\PPOFINAL_N40_B203_efficiency\J2D_PPOFINAL_N40_B203_efficiency.inp,E:\Projects\RL-LAM-ScanOpt\cae_model\stage3_ppo_final_expansion_224_to_320_batch224_v01\final_expansion_batch07\N40\PPOFINAL_N40_B203_efficiency\J2D_PPOFINAL_N40_B203_efficiency.jnl,E:\Projects\RL-LAM-ScanOpt\cae_model\stage3_ppo_final_expansion_224_to_320_batch224_v01\final_expansion_batch07\N40\PPOFINAL_N40_B203_efficiency\J2D_PPOFINAL_N40_B203_efficiency_stageU_generation_log.json,E:\Projects\RL-LAM-ScanOpt\cae_model\40track_full\sanity_base\40track_sanity_base.cae,stage3_ppo_final_expansion_224_to_320_batch224_v01,False,False,final expansion PPO candidate; not physically validated yet.,0.5731452672351308,3.17948717948718,9.0,0,0.1282051282051282,124.0,3.942143326758712,0.0466798159105851,0.0820789896954363,34.0,34,38.0,center_out
final_expansion_batch07,PPOFINAL_N40_B204_efficiency,40,E:\Projects\RL-LAM-ScanOpt\cae_model\stage3_ppo_final_expansion_224_to_320_batch224_v01\final_expansion_batch07\N40\PPOFINAL_N40_B204_efficiency\scan_order_PPOFINAL_N40_B204_efficiency.json,E:\Projects\RL-LAM-ScanOpt\outputs\stage3_ppo_final_expansion_224_to_320\selected_candidates\scan_orders\scan_order_PPOFINAL_N40_B204_efficiency.json,"[37,35,29,30,24,20,26,23,25,19,17,13,11,9,7,5,3,1,0,2,4,6,8,10,14,16,15,12,18,21,22,28,38,36,34,32,27,31,33,39]","37,35,29,30,24,20,26,23,25,19,17,13,11,9,7,5,3,1,0,2,4,6,8,10,14,16,15,12,18,21,22,28,38,36,34,32,27,31,33,39",e2cd9551517ac39c,PPO_final_expansion_checkpoint_inference,E:\Projects\RL-LAM-ScanOpt\outputs\stage3_ppo_rl_lam_fea_addendum_v02_targeted_N24_N40\stageK2_n40_completion\checkpoints\N40_seed20260624_maskable_ppo_v02_K2.zip,v02K2,stochastic,efficiency,204,E:\Projects\RL-LAM-ScanOpt\cae_model\stage3_ppo_final_expansion_224_to_320_batch224_v01\final_expansion_batch07\N40\PPOFINAL_N40_B204_efficiency,J2D_PPOFINAL_N40_B204_efficiency,E:\Projects\RL-LAM-ScanOpt\cae_model\stage3_ppo_final_expansion_224_to_320_batch224_v01\final_expansion_batch07\N40\PPOFINAL_N40_B204_efficiency\J2D_PPOFINAL_N40_B204_efficiency.cae,E:\Projects\RL-LAM-ScanOpt\cae_model\stage3_ppo_final_expansion_224_to_320_batch224_v01\final_expansion_batch07\N40\PPOFINAL_N40_B204_efficiency\J2D_PPOFINAL_N40_B204_efficiency.inp,E:\Projects\RL-LAM-ScanOpt\cae_model\stage3_ppo_final_expansion_224_to_320_batch224_v01\final_expansion_batch07\N40\PPOFINAL_N40_B204_efficiency\J2D_PPOFINAL_N40_B204_efficiency.jnl,E:\Projects\RL-LAM-ScanOpt\cae_model\stage3_ppo_final_expansion_224_to_320_batch224_v01\final_expansion_batch07\N40\PPOFINAL_N40_B204_efficiency\J2D_PPOFINAL_N40_B204_efficiency_stageU_generation_log.json,E:\Projects\RL-LAM-ScanOpt\cae_model\40track_full\sanity_base\40track_sanity_base.cae,stage3_ppo_final_expansion_224_to_320_batch224_v01,False,False,final expansion PPO candidate; not physically validated yet.,0.563136294562021,3.17948717948718,10.0,0,0.1025641025641025,124.0,3.942143326758712,0.0210387902695595,0.0820789896954363,34.0,34,36.0,center_out
final_expansion_batch07,PPOFINAL_N40_B205_efficiency,40,E:\Projects\RL-LAM-ScanOpt\cae_model\stage3_ppo_final_expansion_224_to_320_batch224_v01\final_expansion_batch07\N40\PPOFINAL_N40_B205_efficiency\scan_order_PPOFINAL_N40_B205_efficiency.json,E:\Projects\RL-LAM-ScanOpt\outputs\stage3_ppo_final_expansion_224_to_320\selected_candidates\scan_orders\scan_order_PPOFINAL_N40_B205_efficiency.json,"[37,35,29,24,20,26,30,25,23,19,17,13,11,9,7,5,3,1,0,2,4,6,8,12,10,14,16,18,15,21,22,28,32,34,38,36,39,33,27,31]","37,35,29,24,20,26,30,25,23,19,17,13,11,9,7,5,3,1,0,2,4,6,8,12,10,14,16,18,15,21,22,28,32,34,38,36,39,33,27,31",38f83e387af153aa,PPO_final_expansion_checkpoint_inference,E:\Projects\RL-LAM-ScanOpt\outputs\stage3_ppo_rl_lam_fea_addendum_v02_targeted_N24_N40\stageK2_n40_completion\checkpoints\N40_seed20260624_maskable_ppo_v02_K2.zip,v02K2,stochastic,efficiency,205,E:\Projects\RL-LAM-ScanOpt\cae_model\stage3_ppo_final_expansion_224_to_320_batch224_v01\final_expansion_batch07\N40\PPOFINAL_N40_B205_efficiency,J2D_PPOFINAL_N40_B205_efficiency,E:\Projects\RL-LAM-ScanOpt\cae_model\stage3_ppo_final_expansion_224_to_320_batch224_v01\final_expansion_batch07\N40\PPOFINAL_N40_B205_efficiency\J2D_PPOFINAL_N40_B205_efficiency.cae,E:\Projects\RL-LAM-ScanOpt\cae_model\stage3_ppo_final_expansion_224_to_320_batch224_v01\final_expansion_batch07\N40\PPOFINAL_N40_B205_efficiency\J2D_PPOFINAL_N40_B205_efficiency.inp,E:\Projects\RL-LAM-ScanOpt\cae_model\stage3_ppo_final_expansion_224_to_320_batch224_v01\final_expansion_batch07\N40\PPOFINAL_N40_B205_efficiency\J2D_PPOFINAL_N40_B205_efficiency.jnl,E:\Projects\RL-LAM-ScanOpt\cae_model\stage3_ppo_final_expansion_224_to_320_batch224_v01\final_expansion_batch07\N40\PPOFINAL_N40_B205_efficiency\J2D_PPOFINAL_N40_B205_efficiency_stageU_generation_log.json,E:\Projects\RL-LAM-ScanOpt\cae_model\40track_full\sanity_base\40track_sanity_base.cae,stage3_ppo_final_expansion_224_to_320_batch224_v01,False,False,final expansion PPO candidate; not physically validated yet.,0.5922431436361216,3.230769230769231,6.0,0,0.0512820512820512,126.0,2.433925049309664,-0.0315581854043392,0.0823694444768636,34.0,34,39.0,raster
final_expansion_batch07,PPOFINAL_N40_B206_efficiency,40,E:\Projects\RL-LAM-ScanOpt\cae_model\stage3_ppo_final_expansion_224_to_320_batch224_v01\final_expansion_batch07\N40\PPOFINAL_N40_B206_efficiency\scan_order_PPOFINAL_N40_B206_efficiency.json,E:\Projects\RL-LAM-ScanOpt\outputs\stage3_ppo_final_expansion_224_to_320\selected_candidates\scan_orders\scan_order_PPOFINAL_N40_B206_efficiency.json,"[37,35,29,24,20,26,30,25,23,19,17,13,11,9,7,5,3,1,2,0,4,6,10,8,12,18,16,14,15,21,22,28,32,34,38,36,39,33,31,27]","37,35,29,24,20,26,30,25,23,19,17,13,11,9,7,5,3,1,2,0,4,6,10,8,12,18,16,14,15,21,22,28,32,34,38,36,39,33,31,27",51e1a23a6e964fd1,PPO_final_expansion_checkpoint_inference,E:\Projects\RL-LAM-ScanOpt\outputs\stage3_ppo_rl_lam_fea_addendum_v02_targeted_N24_N40\stageK2_n40_completion\checkpoints\N40_seed20260624_maskable_ppo_v02_K2.zip,v02K2,stochastic,efficiency,206,E:\Projects\RL-LAM-ScanOpt\cae_model\stage3_ppo_final_expansion_224_to_320_batch224_v01\final_expansion_batch07\N40\PPOFINAL_N40_B206_efficiency,J2D_PPOFINAL_N40_B206_efficiency,E:\Projects\RL-LAM-ScanOpt\cae_model\stage3_ppo_final_expansion_224_to_320_batch224_v01\final_expansion_batch07\N40\PPOFINAL_N40_B206_efficiency\J2D_PPOFINAL_N40_B206_efficiency.cae,E:\Projects\RL-LAM-ScanOpt\cae_model\stage3_ppo_final_expansion_224_to_320_batch224_v01\final_expansion_batch07\N40\PPOFINAL_N40_B206_efficiency\J2D_PPOFINAL_N40_B206_efficiency.inp,E:\Projects\RL-LAM-ScanOpt\cae_model\stage3_ppo_final_expansion_224_to_320_batch224_v01\final_expansion_batch07\N40\PPOFINAL_N40_B206_efficiency\J2D_PPOFINAL_N40_B206_efficiency.jnl,E:\Projects\RL-LAM-ScanOpt\cae_model\stage3_ppo_final_expansion_224_to_320_batch224_v01\final_expansion_batch07\N40\PPOFINAL_N40_B206_efficiency\J2D_PPOFINAL_N40_B206_efficiency_stageU_generation_log.json,E:\Projects\RL-LAM-ScanOpt\cae_model\40track_full\sanity_base\40track_sanity_base.cae,stage3_ppo_final_expansion_224_to_320_batch224_v01,False,False,final expansion PPO candidate; not physically validated yet.,0.5889465342858842,3.230769230769231,6.0,0,0.0769230769230769,126.0,2.536489151873767,-0.0059171597633136,0.0824368764969584,34.0,34,38.0,odd_even
final_expansion_batch07,PPOFINAL_N40_B207_efficiency,40,E:\Projects\RL-LAM-ScanOpt\cae_model\stage3_ppo_final_expansion_224_to_320_batch224_v01\final_expansion_batch07\N40\PPOFINAL_N40_B207_efficiency\scan_order_PPOFINAL_N40_B207_efficiency.json,E:\Projects\RL-LAM-ScanOpt\outputs\stage3_ppo_final_expansion_224_to_320\selected_candidates\scan_orders\scan_order_PPOFINAL_N40_B207_efficiency.json,"[37,35,29,24,20,26,30,25,23,19,17,13,11,9,7,5,1,3,0,2,4,6,8,10,12,14,16,18,15,21,22,28,34,32,38,36,39,33,31,27]","37,35,29,24,20,26,30,25,23,19,17,13,11,9,7,5,1,3,0,2,4,6,8,10,12,14,16,18,15,21,22,28,34,32,38,36,39,33,31,27",98342671de2d0135,PPO_final_expansion_checkpoint_inference,E:\Projects\RL-LAM-ScanOpt\outputs\stage3_ppo_rl_lam_fea_addendum_v02_targeted_N24_N40\stageK2_n40_completion\checkpoints\N40_seed20260624_maskable_ppo_v02_K2.zip,v02K2,stochastic,efficiency,207,E:\Projects\RL-LAM-ScanOpt\cae_model\stage3_ppo_final_expansion_224_to_320_batch224_v01\final_expansion_batch07\N40\PPOFINAL_N40_B207_efficiency,J2D_PPOFINAL_N40_B207_efficiency,E:\Projects\RL-LAM-ScanOpt\cae_model\stage3_ppo_final_expansion_224_to_320_batch224_v01\final_expansion_batch07\N40\PPOFINAL_N40_B207_efficiency\J2D_PPOFINAL_N40_B207_efficiency.cae,E:\Projects\RL-LAM-ScanOpt\cae_model\stage3_ppo_final_expansion_224_to_320_batch224_v01\final_expansion_batch07\N40\PPOFINAL_N40_B207_efficiency\J2D_PPOFINAL_N40_B207_efficiency.inp,E:\Projects\RL-LAM-ScanOpt\cae_model\stage3_ppo_final_expansion_224_to_320_batch224_v01\final_expansion_batch07\N40\PPOFINAL_N40_B207_efficiency\J2D_PPOFINAL_N40_B207_efficiency.jnl,E:\Projects\RL-LAM-ScanOpt\cae_model\stage3_ppo_final_expansion_224_to_320_batch224_v01\final_expansion_batch07\N40\PPOFINAL_N40_B207_efficiency\J2D_PPOFINAL_N40_B207_efficiency_stageU_generation_log.json,E:\Projects\RL-LAM-ScanOpt\cae_model\40track_full\sanity_base\40track_sanity_base.cae,stage3_ppo_final_expansion_224_to_320_batch224_v01,False,False,final expansion PPO candidate; not physically validated yet.,0.5935500573534407,3.230769230769231,6.0,0,0.0256410256410256,126.0,2.536489151873767,-0.0571992110453649,0.0824368764969584,35.0,35,38.0,edge_in
final_expansion_batch07,PPOFINAL_N40_B208_efficiency,40,E:\Projects\RL-LAM-ScanOpt\cae_model\stage3_ppo_final_expansion_224_to_320_batch224_v01\final_expansion_batch07\N40\PPOFINAL_N40_B208_efficiency\scan_order_PPOFINAL_N40_B208_efficiency.json,E:\Projects\RL-LAM-ScanOpt\outputs\stage3_ppo_final_expansion_224_to_320\selected_candidates\scan_orders\scan_order_PPOFINAL_N40_B208_efficiency.json,"[37,35,29,30,20,24,26,23,25,19,17,13,11,9,7,5,3,1,0,2,4,6,8,10,12,16,18,14,15,21,22,28,38,36,34,32,31,27,33,39]","37,35,29,30,20,24,26,23,25,19,17,13,11,9,7,5,3,1,0,2,4,6,8,10,12,16,18,14,15,21,22,28,38,36,34,32,31,27,33,39",781e2f2bede18840,PPO_final_expansion_checkpoint_inference,E:\Projects\RL-LAM-ScanOpt\outputs\stage3_ppo_rl_lam_fea_addendum_v02_targeted_N24_N40\stageK2_n40_completion\checkpoints\N40_seed20260624_maskable_ppo_v02_K2.zip,v02K2,stochastic,efficiency,208,E:\Projects\RL-LAM-ScanOpt\cae_model\stage3_ppo_final_expansion_224_to_320_batch224_v01\final_expansion_batch07\N40\PPOFINAL_N40_B208_efficiency,J2D_PPOFINAL_N40_B208_efficiency,E:\Projects\RL-LAM-ScanOpt\cae_model\stage3_ppo_final_expansion_224_to_320_batch224_v01\final_expansion_batch07\N40\PPOFINAL_N40_B208_efficiency\J2D_PPOFINAL_N40_B208_efficiency.cae,E:\Projects\RL-LAM-ScanOpt\cae_model\stage3_ppo_final_expansion_224_to_320_batch224_v01\final_expansion_batch07\N40\PPOFINAL_N40_B208_efficiency\J2D_PPOFINAL_N40_B208_efficiency.inp,E:\Projects\RL-LAM-ScanOpt\cae_model\stage3_ppo_final_expansion_224_to_320_batch224_v01\final_expansion_batch07\N40\PPOFINAL_N40_B208_efficiency\J2D_PPOFINAL_N40_B208_efficiency.jnl,E:\Projects\RL-LAM-ScanOpt\cae_model\stage3_ppo_final_expansion_224_to_320_batch224_v01\final_expansion_batch07\N40\PPOFINAL_N40_B208_efficiency\J2D_PPOFINAL_N40_B208_efficiency_stageU_generation_log.json,E:\Projects\RL-LAM-ScanOpt\cae_model\40track_full\sanity_base\40track_sanity_base.cae,stage3_ppo_final_expansion_224_to_320_batch224_v01,False,False,final expansion PPO candidate; not physically validated yet.,0.5913813917938718,3.17948717948718,10.0,0,0.1282051282051282,124.0,5.019066403681789,0.0466798159105851,0.0827870259064311,34.0,34,36.0,center_out
final_expansion_batch07,PPOFINAL_N40_B209_novelty,40,E:\Projects\RL-LAM-ScanOpt\cae_model\stage3_ppo_final_expansion_224_to_320_batch224_v01\final_expansion_batch07\N40\PPOFINAL_N40_B209_novelty\scan_order_PPOFINAL_N40_B209_novelty.json,E:\Projects\RL-LAM-ScanOpt\outputs\stage3_ppo_final_expansion_224_to_320\selected_candidates\scan_orders\scan_order_PPOFINAL_N40_B209_novelty.json,"[11,1,3,21,15,33,35,37,27,39,23,31,19,29,25,13,9,5,0,17,7,20,30,38,34,24,32,36,28,22,6,26,16,18,14,4,8,10,12,2]","11,1,3,21,15,33,35,37,27,39,23,31,19,29,25,13,9,5,0,17,7,20,30,38,34,24,32,36,28,22,6,26,16,18,14,4,8,10,12,2",27cb0000fbc1b74b,PPO_final_expansion_checkpoint_inference,E:\Projects\RL-LAM-ScanOpt\outputs\stage3_ppo_rl_lam_fea_addendum_v01\ppo_training\checkpoints\maskable_ppo_lam_scan_order_final.zip,v01,stochastic,novelty,209,E:\Projects\RL-LAM-ScanOpt\cae_model\stage3_ppo_final_expansion_224_to_320_batch224_v01\final_expansion_batch07\N40\PPOFINAL_N40_B209_novelty,J2D_PPOFINAL_N40_B209_novelty,E:\Projects\RL-LAM-ScanOpt\cae_model\stage3_ppo_final_expansion_224_to_320_batch224_v01\final_expansion_batch07\N40\PPOFINAL_N40_B209_novelty\J2D_PPOFINAL_N40_B209_novelty.cae,E:\Projects\RL-LAM-ScanOpt\cae_model\stage3_ppo_final_expansion_224_to_320_batch224_v01\final_expansion_batch07\N40\PPOFINAL_N40_B209_novelty\J2D_PPOFINAL_N40_B209_novelty.inp,E:\Projects\RL-LAM-ScanOpt\cae_model\stage3_ppo_final_expansion_224_to_320_batch224_v01\final_expansion_batch07\N40\PPOFINAL_N40_B209_novelty\J2D_PPOFINAL_N40_B209_novelty.jnl,E:\Projects\RL-LAM-ScanOpt\cae_model\stage3_ppo_final_expansion_224_to_320_batch224_v01\final_expansion_batch07\N40\PPOFINAL_N40_B209_novelty\J2D_PPOFINAL_N40_B209_novelty_stageU_generation_log.json,E:\Projects\RL-LAM-ScanOpt\cae_model\40track_full\sanity_base\40track_sanity_base.cae,stage3_ppo_final_expansion_224_to_320_batch224_v01,False,False,final expansion PPO candidate; not physically validated yet.,0.6575154178961236,8.538461538461538,20.0,6,0.0,333.0,25.530571992110456,-0.2189349112426035,0.2302469243866604,38.0,38,38.0,raster
final_expansion_batch07,PPOFINAL_N40_B210_novelty,40,E:\Projects\RL-LAM-ScanOpt\cae_model\stage3_ppo_final_expansion_224_to_320_batch224_v01\final_expansion_batch07\N40\PPOFINAL_N40_B210_novelty\scan_order_PPOFINAL_N40_B210_novelty.json,E:\Projects\RL-LAM-ScanOpt\outputs\stage3_ppo_final_expansion_224_to_320\selected_candidates\scan_orders\scan_order_PPOFINAL_N40_B210_novelty.json,"[11,1,3,15,21,29,23,37,27,39,31,35,33,25,9,17,5,7,0,13,19,30,34,32,24,20,36,28,38,22,26,18,14,6,16,12,4,8,2,10]","11,1,3,15,21,29,23,37,27,39,31,35,33,25,9,17,5,7,0,13,19,30,34,32,24,20,36,28,38,22,26,18,14,6,16,12,4,8,2,10",adeec26328e75899,PPO_final_expansion_checkpoint_inference,E:\Projects\RL-LAM-ScanOpt\outputs\stage3_ppo_rl_lam_fea_addendum_v01\ppo_training\checkpoints\maskable_ppo_lam_scan_order_final.zip,v01,stochastic,novelty,210,E:\Projects\RL-LAM-ScanOpt\cae_model\stage3_ppo_final_expansion_224_to_320_batch224_v01\final_expansion_batch07\N40\PPOFINAL_N40_B210_novelty,J2D_PPOFINAL_N40_B210_novelty,E:\Projects\RL-LAM-ScanOpt\cae_model\stage3_ppo_final_expansion_224_to_320_batch224_v01\final_expansion_batch07\N40\PPOFINAL_N40_B210_novelty\J2D_PPOFINAL_N40_B210_novelty.cae,E:\Projects\RL-LAM-ScanOpt\cae_model\stage3_ppo_final_expansion_224_to_320_batch224_v01\final_expansion_batch07\N40\PPOFINAL_N40_B210_novelty\J2D_PPOFINAL_N40_B210_novelty.inp,E:\Projects\RL-LAM-ScanOpt\cae_model\stage3_ppo_final_expansion_224_to_320_batch224_v01\final_expansion_batch07\N40\PPOFINAL_N40_B210_novelty\J2D_PPOFINAL_N40_B210_novelty.jnl,E:\Projects\RL-LAM-ScanOpt\cae_model\stage3_ppo_final_expansion_224_to_320_batch224_v01\final_expansion_batch07\N40\PPOFINAL_N40_B210_novelty\J2D_PPOFINAL_N40_B210_novelty_stageU_generation_log.json,E:\Projects\RL-LAM-ScanOpt\cae_model\40track_full\sanity_base\40track_sanity_base.cae,stage3_ppo_final_expansion_224_to_320_batch224_v01,False,False,final expansion PPO candidate; not physically validated yet.,0.6517711532685995,7.923076923076923,16.0,4,0.0,309.0,15.353057199211044,-0.2031558185404339,0.208170977777259,38.0,38,38.0,raster
final_expansion_batch07,PPOFINAL_N40_B211_novelty,40,E:\Projects\RL-LAM-ScanOpt\cae_model\stage3_ppo_final_expansion_224_to_320_batch224_v01\final_expansion_batch07\N40\PPOFINAL_N40_B211_novelty\scan_order_PPOFINAL_N40_B211_novelty.json,E:\Projects\RL-LAM-ScanOpt\outputs\stage3_ppo_final_expansion_224_to_320\selected_candidates\scan_orders\scan_order_PPOFINAL_N40_B211_novelty.json,"[11,3,1,15,21,25,23,37,29,17,35,39,27,31,19,5,0,33,13,7,9,20,34,32,28,36,24,38,30,22,26,14,6,4,10,12,18,16,8,2]","11,3,1,15,21,25,23,37,29,17,35,39,27,31,19,5,0,33,13,7,9,20,34,32,28,36,24,38,30,22,26,14,6,4,10,12,18,16,8,2",c9d025342ba504e5,PPO_final_expansion_checkpoint_inference,E:\Projects\RL-LAM-ScanOpt\outputs\stage3_ppo_rl_lam_fea_addendum_v01\ppo_training\checkpoints\maskable_ppo_lam_scan_order_final.zip,v01,stochastic,novelty,211,E:\Projects\RL-LAM-ScanOpt\cae_model\stage3_ppo_final_expansion_224_to_320_batch224_v01\final_expansion_batch07\N40\PPOFINAL_N40_B211_novelty,J2D_PPOFINAL_N40_B211_novelty,E:\Projects\RL-LAM-ScanOpt\cae_model\stage3_ppo_final_expansion_224_to_320_batch224_v01\final_expansion_batch07\N40\PPOFINAL_N40_B211_novelty\J2D_PPOFINAL_N40_B211_novelty.cae,E:\Projects\RL-LAM-ScanOpt\cae_model\stage3_ppo_final_expansion_224_to_320_batch224_v01\final_expansion_batch07\N40\PPOFINAL_N40_B211_novelty\J2D_PPOFINAL_N40_B211_novelty.inp,E:\Projects\RL-LAM-ScanOpt\cae_model\stage3_ppo_final_expansion_224_to_320_batch224_v01\final_expansion_batch07\N40\PPOFINAL_N40_B211_novelty\J2D_PPOFINAL_N40_B211_novelty.jnl,E:\Projects\RL-LAM-ScanOpt\cae_model\stage3_ppo_final_expansion_224_to_320_batch224_v01\final_expansion_batch07\N40\PPOFINAL_N40_B211_novelty\J2D_PPOFINAL_N40_B211_novelty_stageU_generation_log.json,E:\Projects\RL-LAM-ScanOpt\cae_model\40track_full\sanity_base\40track_sanity_base.cae,stage3_ppo_final_expansion_224_to_320_batch224_v01,False,False,final expansion PPO candidate; not physically validated yet.,0.6372019174085758,8.64102564102564,33.0,8,0.0,337.0,38.02498356344509,-0.2215647600262984,0.2410256302192275,38.0,38,38.0,edge_in
final_expansion_batch07,PPOFINAL_N40_B212_novelty,40,E:\Projects\RL-LAM-ScanOpt\cae_model\stage3_ppo_final_expansion_224_to_320_batch224_v01\final_expansion_batch07\N40\PPOFINAL_N40_B212_novelty\scan_order_PPOFINAL_N40_B212_novelty.json,E:\Projects\RL-LAM-ScanOpt\outputs\stage3_ppo_final_expansion_224_to_320\selected_candidates\scan_orders\scan_order_PPOFINAL_N40_B212_novelty.json,"[11,1,3,37,15,39,21,33,5,9,35,19,31,23,27,29,13,7,25,17,38,0,32,24,30,36,28,34,20,6,26,22,14,4,8,12,18,16,10,2]","11,1,3,37,15,39,21,33,5,9,35,19,31,23,27,29,13,7,25,17,38,0,32,24,30,36,28,34,20,6,26,22,14,4,8,12,18,16,10,2",97b6240aa13fe80d,PPO_final_expansion_checkpoint_inference,E:\Projects\RL-LAM-ScanOpt\outputs\stage3_ppo_rl_lam_fea_addendum_v01\ppo_training\checkpoints\maskable_ppo_lam_scan_order_final.zip,v01,stochastic,novelty,212,E:\Projects\RL-LAM-ScanOpt\cae_model\stage3_ppo_final_expansion_224_to_320_batch224_v01\final_expansion_batch07\N40\PPOFINAL_N40_B212_novelty,J2D_PPOFINAL_N40_B212_novelty,E:\Projects\RL-LAM-ScanOpt\cae_model\stage3_ppo_final_expansion_224_to_320_batch224_v01\final_expansion_batch07\N40\PPOFINAL_N40_B212_novelty\J2D_PPOFINAL_N40_B212_novelty.cae,E:\Projects\RL-LAM-ScanOpt\cae_model\stage3_ppo_final_expansion_224_to_320_batch224_v01\final_expansion_batch07\N40\PPOFINAL_N40_B212_novelty\J2D_PPOFINAL_N40_B212_novelty.inp,E:\Projects\RL-LAM-ScanOpt\cae_model\stage3_ppo_final_expansion_224_to_320_batch224_v01\final_expansion_batch07\N40\PPOFINAL_N40_B212_novelty\J2D_PPOFINAL_N40_B212_novelty.jnl,E:\Projects\RL-LAM-ScanOpt\cae_model\stage3_ppo_final_expansion_224_to_320_batch224_v01\final_expansion_batch07\N40\PPOFINAL_N40_B212_novelty\J2D_PPOFINAL_N40_B212_novelty_stageU_generation_log.json,E:\Projects\RL-LAM-ScanOpt\cae_model\40track_full\sanity_base\40track_sanity_base.cae,stage3_ppo_final_expansion_224_to_320_batch224_v01,False,False,final expansion PPO candidate; not physically validated yet.,0.5097252345234902,12.692307692307692,38.0,15,0.0,495.0,88.05917159763312,-0.3254437869822485,0.3752032686374971,38.0,38,38.0,raster
final_expansion_batch07,PPOFINAL_N40_B213_novelty,40,E:\Projects\RL-LAM-ScanOpt\cae_model\stage3_ppo_final_expansion_224_to_320_batch224_v01\final_expansion_batch07\N40\PPOFINAL_N40_B213_novelty\scan_order_PPOFINAL_N40_B213_novelty.json,E:\Projects\RL-LAM-ScanOpt\outputs\stage3_ppo_final_expansion_224_to_320\selected_candidates\scan_orders\scan_order_PPOFINAL_N40_B213_novelty.json,"[11,15,1,3,21,23,29,31,37,7,25,27,30,39,35,17,13,19,5,33,9,24,34,32,0,26,38,36,4,6,20,28,22,12,18,14,2,16,8,10]","11,15,1,3,21,23,29,31,37,7,25,27,30,39,35,17,13,19,5,33,9,24,34,32,0,26,38,36,4,6,20,28,22,12,18,14,2,16,8,10",b1c7b79f09ff2710,PPO_final_expansion_checkpoint_inference,E:\Projects\RL-LAM-ScanOpt\outputs\stage3_ppo_rl_lam_fea_addendum_v01\ppo_training\checkpoints\maskable_ppo_lam_scan_order_final.zip,v01,stochastic,novelty,213,E:\Projects\RL-LAM-ScanOpt\cae_model\stage3_ppo_final_expansion_224_to_320_batch224_v01\final_expansion_batch07\N40\PPOFINAL_N40_B213_novelty,J2D_PPOFINAL_N40_B213_novelty,E:\Projects\RL-LAM-ScanOpt\cae_model\stage3_ppo_final_expansion_224_to_320_batch224_v01\final_expansion_batch07\N40\PPOFINAL_N40_B213_novelty\J2D_PPOFINAL_N40_B213_novelty.cae,E:\Projects\RL-LAM-ScanOpt\cae_model\stage3_ppo_final_expansion_224_to_320_batch224_v01\final_expansion_batch07\N40\PPOFINAL_N40_B213_novelty\J2D_PPOFINAL_N40_B213_novelty.inp,E:\Projects\RL-LAM-ScanOpt\cae_model\stage3_ppo_final_expansion_224_to_320_batch224_v01\final_expansion_batch07\N40\PPOFINAL_N40_B213_novelty\J2D_PPOFINAL_N40_B213_novelty.jnl,E:\Projects\RL-LAM-ScanOpt\cae_model\stage3_ppo_final_expansion_224_to_320_batch224_v01\final_expansion_batch07\N40\PPOFINAL_N40_B213_novelty\J2D_PPOFINAL_N40_B213_novelty_stageU_generation_log.json,E:\Projects\RL-LAM-ScanOpt\cae_model\40track_full\sanity_base\40track_sanity_base.cae,stage3_ppo_final_expansion_224_to_320_batch224_v01,False,False,final expansion PPO candidate; not physically validated yet.,0.5048652040649696,11.051282051282053,32.0,14,0.0,431.0,81.63839579224194,-0.2833662064431295,0.3299562102513096,38.0,38,39.0,raster
final_expansion_batch07,PPOFINAL_N40_B214_novelty,40,E:\Projects\RL-LAM-ScanOpt\cae_model\stage3_ppo_final_expansion_224_to_320_batch224_v01\final_expansion_batch07\N40\PPOFINAL_N40_B214_novelty\scan_order_PPOFINAL_N40_B214_novelty.json,E:\Projects\RL-LAM-ScanOpt\outputs\stage3_ppo_final_expansion_224_to_320\selected_candidates\scan_orders\scan_order_PPOFINAL_N40_B214_novelty.json,"[13,9,30,37,29,35,26,8,23,5,3,1,7,17,19,21,20,11,0,12,2,4,15,10,6,24,36,25,14,22,32,16,18,33,34,38,39,28,27,31]","13,9,30,37,29,35,26,8,23,5,3,1,7,17,19,21,20,11,0,12,2,4,15,10,6,24,36,25,14,22,32,16,18,33,34,38,39,28,27,31",ef87bea1b4115be5,PPO_final_expansion_checkpoint_inference,E:\Projects\RL-LAM-ScanOpt\outputs\stage3_ppo_rl_lam_fea_addendum_v02_targeted_N24_N40\ppo_training_v02\checkpoints\N40_seed20260624_maskable_ppo_v02.zip,v02,stochastic,novelty,214,E:\Projects\RL-LAM-ScanOpt\cae_model\stage3_ppo_final_expansion_224_to_320_batch224_v01\final_expansion_batch07\N40\PPOFINAL_N40_B214_novelty,J2D_PPOFINAL_N40_B214_novelty,E:\Projects\RL-LAM-ScanOpt\cae_model\stage3_ppo_final_expansion_224_to_320_batch224_v01\final_expansion_batch07\N40\PPOFINAL_N40_B214_novelty\J2D_PPOFINAL_N40_B214_novelty.cae,E:\Projects\RL-LAM-ScanOpt\cae_model\stage3_ppo_final_expansion_224_to_320_batch224_v01\final_expansion_batch07\N40\PPOFINAL_N40_B214_novelty\J2D_PPOFINAL_N40_B214_novelty.inp,E:\Projects\RL-LAM-ScanOpt\cae_model\stage3_ppo_final_expansion_224_to_320_batch224_v01\final_expansion_batch07\N40\PPOFINAL_N40_B214_novelty\J2D_PPOFINAL_N40_B214_novelty.jnl,E:\Projects\RL-LAM-ScanOpt\cae_model\stage3_ppo_final_expansion_224_to_320_batch224_v01\final_expansion_batch07\N40\PPOFINAL_N40_B214_novelty\J2D_PPOFINAL_N40_B214_novelty_stageU_generation_log.json,E:\Projects\RL-LAM-ScanOpt\cae_model\40track_full\sanity_base\40track_sanity_base.cae,stage3_ppo_final_expansion_224_to_320_batch224_v01,False,False,final expansion PPO candidate; not physically validated yet.,0.2650982829437508,8.205128205128204,21.0,7,0.1025641025641025,320.0,31.13740959894807,-0.1078238001314924,0.2255998748185063,38.0,38,37.0,regular_jump
final_expansion_batch07,PPOFINAL_N40_B215_novelty,40,E:\Projects\RL-LAM-ScanOpt\cae_model\stage3_ppo_final_expansion_224_to_320_batch224_v01\final_expansion_batch07\N40\PPOFINAL_N40_B215_novelty\scan_order_PPOFINAL_N40_B215_novelty.json,E:\Projects\RL-LAM-ScanOpt\outputs\stage3_ppo_final_expansion_224_to_320\selected_candidates\scan_orders\scan_order_PPOFINAL_N40_B215_novelty.json,"[11,3,1,15,17,21,23,39,35,25,31,27,29,33,37,13,26,19,5,9,0,7,38,36,32,20,24,34,28,30,22,18,6,4,8,16,14,12,10,2]","11,3,1,15,17,21,23,39,35,25,31,27,29,33,37,13,26,19,5,9,0,7,38,36,32,20,24,34,28,30,22,18,6,4,8,16,14,12,10,2",84e9c651accee6b7,PPO_final_expansion_checkpoint_inference,E:\Projects\RL-LAM-ScanOpt\outputs\stage3_ppo_rl_lam_fea_addendum_v01\ppo_training\checkpoints\maskable_ppo_lam_scan_order_final.zip,v01,stochastic,novelty,215,E:\Projects\RL-LAM-ScanOpt\cae_model\stage3_ppo_final_expansion_224_to_320_batch224_v01\final_expansion_batch07\N40\PPOFINAL_N40_B215_novelty,J2D_PPOFINAL_N40_B215_novelty,E:\Projects\RL-LAM-ScanOpt\cae_model\stage3_ppo_final_expansion_224_to_320_batch224_v01\final_expansion_batch07\N40\PPOFINAL_N40_B215_novelty\J2D_PPOFINAL_N40_B215_novelty.cae,E:\Projects\RL-LAM-ScanOpt\cae_model\stage3_ppo_final_expansion_224_to_320_batch224_v01\final_expansion_batch07\N40\PPOFINAL_N40_B215_novelty\J2D_PPOFINAL_N40_B215_novelty.inp,E:\Projects\RL-LAM-ScanOpt\cae_model\stage3_ppo_final_expansion_224_to_320_batch224_v01\final_expansion_batch07\N40\PPOFINAL_N40_B215_novelty\J2D_PPOFINAL_N40_B215_novelty.jnl,E:\Projects\RL-LAM-ScanOpt\cae_model\stage3_ppo_final_expansion_224_to_320_batch224_v01\final_expansion_batch07\N40\PPOFINAL_N40_B215_novelty\J2D_PPOFINAL_N40_B215_novelty_stageU_generation_log.json,E:\Projects\RL-LAM-ScanOpt\cae_model\40track_full\sanity_base\40track_sanity_base.cae,stage3_ppo_final_expansion_224_to_320_batch224_v01,False,False,final expansion PPO candidate; not physically validated yet.,0.7058881803687495,7.256410256410256,31.0,5,0.0,283.0,38.344510190664046,-0.1860618014464168,0.2066203222818304,37.0,37,38.0,odd_even
final_expansion_batch07,PPOFINAL_N40_B216_novelty,40,E:\Projects\RL-LAM-ScanOpt\cae_model\stage3_ppo_final_expansion_224_to_320_batch224_v01\final_expansion_batch07\N40\PPOFINAL_N40_B216_novelty\scan_order_PPOFINAL_N40_B216_novelty.json,E:\Projects\RL-LAM-ScanOpt\outputs\stage3_ppo_final_expansion_224_to_320\selected_candidates\scan_orders\scan_order_PPOFINAL_N40_B216_novelty.json,"[11,1,3,23,15,21,39,31,29,37,27,35,9,19,17,25,33,5,0,7,13,20,32,36,38,24,22,28,34,30,26,18,14,6,4,2,16,10,12,8]","11,1,3,23,15,21,39,31,29,37,27,35,9,19,17,25,33,5,0,7,13,20,32,36,38,24,22,28,34,30,26,18,14,6,4,2,16,10,12,8",ae120d6c76cdaa09,PPO_final_expansion_checkpoint_inference,E:\Projects\RL-LAM-ScanOpt\outputs\stage3_ppo_rl_lam_fea_addendum_v01\ppo_training\checkpoints\maskable_ppo_lam_scan_order_final.zip,v01,stochastic,novelty,216,E:\Projects\RL-LAM-ScanOpt\cae_model\stage3_ppo_final_expansion_224_to_320_batch224_v01\final_expansion_batch07\N40\PPOFINAL_N40_B216_novelty,J2D_PPOFINAL_N40_B216_novelty,E:\Projects\RL-LAM-ScanOpt\cae_model\stage3_ppo_final_expansion_224_to_320_batch224_v01\final_expansion_batch07\N40\PPOFINAL_N40_B216_novelty\J2D_PPOFINAL_N40_B216_novelty.cae,E:\Projects\RL-LAM-ScanOpt\cae_model\stage3_ppo_final_expansion_224_to_320_batch224_v01\final_expansion_batch07\N40\PPOFINAL_N40_B216_novelty\J2D_PPOFINAL_N40_B216_novelty.inp,E:\Projects\RL-LAM-ScanOpt\cae_model\stage3_ppo_final_expansion_224_to_320_batch224_v01\final_expansion_batch07\N40\PPOFINAL_N40_B216_novelty\J2D_PPOFINAL_N40_B216_novelty.jnl,E:\Projects\RL-LAM-ScanOpt\cae_model\stage3_ppo_final_expansion_224_to_320_batch224_v01\final_expansion_batch07\N40\PPOFINAL_N40_B216_novelty\J2D_PPOFINAL_N40_B216_novelty_stageU_generation_log.json,E:\Projects\RL-LAM-ScanOpt\cae_model\40track_full\sanity_base\40track_sanity_base.cae,stage3_ppo_final_expansion_224_to_320_batch224_v01,False,False,final expansion PPO candidate; not physically validated yet.,0.6994309899103548,7.9743589743589745,28.0,6,0.0,311.0,37.61472715318869,-0.2044707429322814,0.2240892354721819,37.0,37,39.0,raster
final_expansion_batch07,PPOFINAL_N40_B217_baseline_proximity,40,E:\Projects\RL-LAM-ScanOpt\cae_model\stage3_ppo_final_expansion_224_to_320_batch224_v01\final_expansion_batch07\N40\PPOFINAL_N40_B217_baseline_proximity\scan_order_PPOFINAL_N40_B217_baseline_proximity.json,E:\Projects\RL-LAM-ScanOpt\outputs\stage3_ppo_final_expansion_224_to_320\selected_candidates\scan_orders\scan_order_PPOFINAL_N40_B217_baseline_proximity.json,"[37,29,35,20,24,30,26,25,23,19,17,13,11,9,7,5,3,1,14,10,0,2,4,6,8,12,18,16,15,21,28,22,32,34,38,36,39,33,27,31]","37,29,35,20,24,30,26,25,23,19,17,13,11,9,7,5,3,1,14,10,0,2,4,6,8,12,18,16,15,21,28,22,32,34,38,36,39,33,27,31",51187e4ada212772,PPO_final_expansion_checkpoint_inference,E:\Projects\RL-LAM-ScanOpt\outputs\stage3_ppo_rl_lam_fea_addendum_v02_targeted_N24_N40\stageK2_n40_completion\checkpoints\N40_seed20260624_maskable_ppo_v02_K2.zip,v02K2,stochastic,baseline_proximity,217,E:\Projects\RL-LAM-ScanOpt\cae_model\stage3_ppo_final_expansion_224_to_320_batch224_v01\final_expansion_batch07\N40\PPOFINAL_N40_B217_baseline_proximity,J2D_PPOFINAL_N40_B217_baseline_proximity,E:\Projects\RL-LAM-ScanOpt\cae_model\stage3_ppo_final_expansion_224_to_320_batch224_v01\final_expansion_batch07\N40\PPOFINAL_N40_B217_baseline_proximity\J2D_PPOFINAL_N40_B217_baseline_proximity.cae,E:\Projects\RL-LAM-ScanOpt\cae_model\stage3_ppo_final_expansion_224_to_320_batch224_v01\final_expansion_batch07\N40\PPOFINAL_N40_B217_baseline_proximity\J2D_PPOFINAL_N40_B217_baseline_proximity.inp,E:\Projects\RL-LAM-ScanOpt\cae_model\stage3_ppo_final_expansion_224_to_320_batch224_v01\final_expansion_batch07\N40\PPOFINAL_N40_B217_baseline_proximity\J2D_PPOFINAL_N40_B217_baseline_proximity.jnl,E:\Projects\RL-LAM-ScanOpt\cae_model\stage3_ppo_final_expansion_224_to_320_batch224_v01\final_expansion_batch07\N40\PPOFINAL_N40_B217_baseline_proximity\J2D_PPOFINAL_N40_B217_baseline_proximity_stageU_generation_log.json,E:\Projects\RL-LAM-ScanOpt\cae_model\40track_full\sanity_base\40track_sanity_base.cae,stage3_ppo_final_expansion_224_to_320_batch224_v01,False,False,final expansion PPO candidate; not physically validated yet.,0.5336463726149777,4.410256410256411,15.0,1,0.0512820512820512,172.0,10.241946088099931,-0.061801446416831,0.1169901026220249,33.0,33,33.0,odd_even
final_expansion_batch07,PPOFINAL_N40_B218_baseline_proximity,40,E:\Projects\RL-LAM-ScanOpt\cae_model\stage3_ppo_final_expansion_224_to_320_batch224_v01\final_expansion_batch07\N40\PPOFINAL_N40_B218_baseline_proximity\scan_order_PPOFINAL_N40_B218_baseline_proximity.json,E:\Projects\RL-LAM-ScanOpt\outputs\stage3_ppo_final_expansion_224_to_320\selected_candidates\scan_orders\scan_order_PPOFINAL_N40_B218_baseline_proximity.json,"[37,35,26,29,4,13,8,11,1,5,23,30,14,10,3,2,12,6,7,17,19,9,0,24,22,20,25,33,18,16,15,21,32,27,34,38,36,39,28,31]","37,35,26,29,4,13,8,11,1,5,23,30,14,10,3,2,12,6,7,17,19,9,0,24,22,20,25,33,18,16,15,21,32,27,34,38,36,39,28,31",57e308b3c37c304d,PPO_final_expansion_checkpoint_inference,E:\Projects\RL-LAM-ScanOpt\outputs\stage3_ppo_rl_lam_fea_addendum_v02_targeted_N24_N40\ppo_training_v02\checkpoints\N40_seed20260624_maskable_ppo_v02.zip,v02,stochastic,baseline_proximity,218,E:\Projects\RL-LAM-ScanOpt\cae_model\stage3_ppo_final_expansion_224_to_320_batch224_v01\final_expansion_batch07\N40\PPOFINAL_N40_B218_baseline_proximity,J2D_PPOFINAL_N40_B218_baseline_proximity,E:\Projects\RL-LAM-ScanOpt\cae_model\stage3_ppo_final_expansion_224_to_320_batch224_v01\final_expansion_batch07\N40\PPOFINAL_N40_B218_baseline_proximity\J2D_PPOFINAL_N40_B218_baseline_proximity.cae,E:\Projects\RL-LAM-ScanOpt\cae_model\stage3_ppo_final_expansion_224_to_320_batch224_v01\final_expansion_batch07\N40\PPOFINAL_N40_B218_baseline_proximity\J2D_PPOFINAL_N40_B218_baseline_proximity.inp,E:\Projects\RL-LAM-ScanOpt\cae_model\stage3_ppo_final_expansion_224_to_320_batch224_v01\final_expansion_batch07\N40\PPOFINAL_N40_B218_baseline_proximity\J2D_PPOFINAL_N40_B218_baseline_proximity.jnl,E:\Projects\RL-LAM-ScanOpt\cae_model\stage3_ppo_final_expansion_224_to_320_batch224_v01\final_expansion_batch07\N40\PPOFINAL_N40_B218_baseline_proximity\J2D_PPOFINAL_N40_B218_baseline_proximity_stageU_generation_log.json,E:\Projects\RL-LAM-ScanOpt\cae_model\40track_full\sanity_base\40track_sanity_base.cae,stage3_ppo_final_expansion_224_to_320_batch224_v01,False,False,final expansion PPO candidate; not physically validated yet.,0.3514976056092313,7.230769230769231,25.0,5,0.0769230769230769,282.0,33.8698224852071,-0.1084812623274161,0.2030373586359021,36.0,36,33.0,regular_jump
final_expansion_batch07,PPOFINAL_N40_B219_baseline_proximity,40,E:\Projects\RL-LAM-ScanOpt\cae_model\stage3_ppo_final_expansion_224_to_320_batch224_v01\final_expansion_batch07\N40\PPOFINAL_N40_B219_baseline_proximity\scan_order_PPOFINAL_N40_B219_baseline_proximity.json,E:\Projects\RL-LAM-ScanOpt\outputs\stage3_ppo_final_expansion_224_to_320\selected_candidates\scan_orders\scan_order_PPOFINAL_N40_B219_baseline_proximity.json,"[26,1,2,6,4,8,18,0,32,15,3,28,7,14,9,30,10,16,27,12,17,21,23,22,36,25,24,20,31,19,11,34,13,33,38,5,39,37,29,35]","26,1,2,6,4,8,18,0,32,15,3,28,7,14,9,30,10,16,27,12,17,21,23,22,36,25,24,20,31,19,11,34,13,33,38,5,39,37,29,35",6107b52ea867121d,PPO_final_expansion_checkpoint_inference,E:\Projects\RL-LAM-ScanOpt\outputs\stage3_ppo_rl_lam_fea_addendum_v03_lex_primary_N24_N40\ppo_training_v03\checkpoints\N40_seed20260627_maskable_ppo_v03.zip,v03,stochastic,baseline_proximity,219,E:\Projects\RL-LAM-ScanOpt\cae_model\stage3_ppo_final_expansion_224_to_320_batch224_v01\final_expansion_batch07\N40\PPOFINAL_N40_B219_baseline_proximity,J2D_PPOFINAL_N40_B219_baseline_proximity,E:\Projects\RL-LAM-ScanOpt\cae_model\stage3_ppo_final_expansion_224_to_320_batch224_v01\final_expansion_batch07\N40\PPOFINAL_N40_B219_baseline_proximity\J2D_PPOFINAL_N40_B219_baseline_proximity.cae,E:\Projects\RL-LAM-ScanOpt\cae_model\stage3_ppo_final_expansion_224_to_320_batch224_v01\final_expansion_batch07\N40\PPOFINAL_N40_B219_baseline_proximity\J2D_PPOFINAL_N40_B219_baseline_proximity.inp,E:\Projects\RL-LAM-ScanOpt\cae_model\stage3_ppo_final_expansion_224_to_320_batch224_v01\final_expansion_batch07\N40\PPOFINAL_N40_B219_baseline_proximity\J2D_PPOFINAL_N40_B219_baseline_proximity.jnl,E:\Projects\RL-LAM-ScanOpt\cae_model\stage3_ppo_final_expansion_224_to_320_batch224_v01\final_expansion_batch07\N40\PPOFINAL_N40_B219_baseline_proximity\J2D_PPOFINAL_N40_B219_baseline_proximity_stageU_generation_log.json,E:\Projects\RL-LAM-ScanOpt\cae_model\40track_full\sanity_base\40track_sanity_base.cae,stage3_ppo_final_expansion_224_to_320_batch224_v01,False,False,final expansion PPO candidate; not physically validated yet.,0.209697437957668,12.333333333333334,34.0,15,0.0769230769230769,481.0,87.86324786324786,-0.2393162393162393,0.3661000972144956,33.0,33,33.0,raster
final_expansion_batch07,PPOFINAL_N40_B220_baseline_proximity,40,E:\Projects\RL-LAM-ScanOpt\cae_model\stage3_ppo_final_expansion_224_to_320_batch224_v01\final_expansion_batch07\N40\PPOFINAL_N40_B220_baseline_proximity\scan_order_PPOFINAL_N40_B220_baseline_proximity.json,E:\Projects\RL-LAM-ScanOpt\outputs\stage3_ppo_final_expansion_224_to_320\selected_candidates\scan_orders\scan_order_PPOFINAL_N40_B220_baseline_proximity.json,"[37,35,29,20,24,26,30,25,23,19,17,13,11,9,7,5,1,3,8,10,0,2,4,6,14,16,12,18,15,21,22,28,34,38,36,32,31,27,33,39]","37,35,29,20,24,26,30,25,23,19,17,13,11,9,7,5,1,3,8,10,0,2,4,6,14,16,12,18,15,21,22,28,34,38,36,32,31,27,33,39",717bf586cbdb33e5,PPO_final_expansion_checkpoint_inference,E:\Projects\RL-LAM-ScanOpt\outputs\stage3_ppo_rl_lam_fea_addendum_v02_targeted_N24_N40\stageK2_n40_completion\checkpoints\N40_seed20260624_maskable_ppo_v02_K2.zip,v02K2,stochastic,baseline_proximity,220,E:\Projects\RL-LAM-ScanOpt\cae_model\stage3_ppo_final_expansion_224_to_320_batch224_v01\final_expansion_batch07\N40\PPOFINAL_N40_B220_baseline_proximity,J2D_PPOFINAL_N40_B220_baseline_proximity,E:\Projects\RL-LAM-ScanOpt\cae_model\stage3_ppo_final_expansion_224_to_320_batch224_v01\final_expansion_batch07\N40\PPOFINAL_N40_B220_baseline_proximity\J2D_PPOFINAL_N40_B220_baseline_proximity.cae,E:\Projects\RL-LAM-ScanOpt\cae_model\stage3_ppo_final_expansion_224_to_320_batch224_v01\final_expansion_batch07\N40\PPOFINAL_N40_B220_baseline_proximity\J2D_PPOFINAL_N40_B220_baseline_proximity.inp,E:\Projects\RL-LAM-ScanOpt\cae_model\stage3_ppo_final_expansion_224_to_320_batch224_v01\final_expansion_batch07\N40\PPOFINAL_N40_B220_baseline_proximity\J2D_PPOFINAL_N40_B220_baseline_proximity.jnl,E:\Projects\RL-LAM-ScanOpt\cae_model\stage3_ppo_final_expansion_224_to_320_batch224_v01\final_expansion_batch07\N40\PPOFINAL_N40_B220_baseline_proximity\J2D_PPOFINAL_N40_B220_baseline_proximity_stageU_generation_log.json,E:\Projects\RL-LAM-ScanOpt\cae_model\40track_full\sanity_base\40track_sanity_base.cae,stage3_ppo_final_expansion_224_to_320_batch224_v01,False,False,final expansion PPO candidate; not physically validated yet.,0.604141941691621,3.8461538461538463,10.0,0,0.0512820512820512,150.0,4.745562130177515,-0.0473372781065088,0.0992738738528451,34.0,34,34.0,odd_even
final_expansion_batch07,PPOFINAL_N40_B221_baseline_proximity,40,E:\Projects\RL-LAM-ScanOpt\cae_model\stage3_ppo_final_expansion_224_to_320_batch224_v01\final_expansion_batch07\N40\PPOFINAL_N40_B221_baseline_proximity\scan_order_PPOFINAL_N40_B221_baseline_proximity.json,E:\Projects\RL-LAM-ScanOpt\outputs\stage3_ppo_final_expansion_224_to_320\selected_candidates\scan_orders\scan_order_PPOFINAL_N40_B221_baseline_proximity.json,"[37,35,29,24,20,26,30,23,25,19,17,13,11,9,6,5,1,3,7,10,0,2,4,8,16,18,12,14,15,21,22,28,32,34,38,36,27,31,33,39]","37,35,29,24,20,26,30,23,25,19,17,13,11,9,6,5,1,3,7,10,0,2,4,8,16,18,12,14,15,21,22,28,32,34,38,36,27,31,33,39",481d5322f8532542,PPO_final_expansion_checkpoint_inference,E:\Projects\RL-LAM-ScanOpt\outputs\stage3_ppo_rl_lam_fea_addendum_v02_targeted_N24_N40\stageK2_n40_completion\checkpoints\N40_seed20260624_maskable_ppo_v02_K2.zip,v02K2,stochastic,baseline_proximity,221,E:\Projects\RL-LAM-ScanOpt\cae_model\stage3_ppo_final_expansion_224_to_320_batch224_v01\final_expansion_batch07\N40\PPOFINAL_N40_B221_baseline_proximity,J2D_PPOFINAL_N40_B221_baseline_proximity,E:\Projects\RL-LAM-ScanOpt\cae_model\stage3_ppo_final_expansion_224_to_320_batch224_v01\final_expansion_batch07\N40\PPOFINAL_N40_B221_baseline_proximity\J2D_PPOFINAL_N40_B221_baseline_proximity.cae,E:\Projects\RL-LAM-ScanOpt\cae_model\stage3_ppo_final_expansion_224_to_320_batch224_v01\final_expansion_batch07\N40\PPOFINAL_N40_B221_baseline_proximity\J2D_PPOFINAL_N40_B221_baseline_proximity.inp,E:\Projects\RL-LAM-ScanOpt\cae_model\stage3_ppo_final_expansion_224_to_320_batch224_v01\final_expansion_batch07\N40\PPOFINAL_N40_B221_baseline_proximity\J2D_PPOFINAL_N40_B221_baseline_proximity.jnl,E:\Projects\RL-LAM-ScanOpt\cae_model\stage3_ppo_final_expansion_224_to_320_batch224_v01\final_expansion_batch07\N40\PPOFINAL_N40_B221_baseline_proximity\J2D_PPOFINAL_N40_B221_baseline_proximity_stageU_generation_log.json,E:\Projects\RL-LAM-ScanOpt\cae_model\40track_full\sanity_base\40track_sanity_base.cae,stage3_ppo_final_expansion_224_to_320_batch224_v01,False,False,final expansion PPO candidate; not physically validated yet.,0.576266684150174,3.897435897435898,10.0,0,0.0769230769230769,152.0,5.015121630506245,-0.0230111768573307,0.1007331503159146,34.0,34,34.0,odd_even
final_expansion_batch07,PPOFINAL_N40_B222_baseline_proximity,40,E:\Projects\RL-LAM-ScanOpt\cae_model\stage3_ppo_final_expansion_224_to_320_batch224_v01\final_expansion_batch07\N40\PPOFINAL_N40_B222_baseline_proximity\scan_order_PPOFINAL_N40_B222_baseline_proximity.json,E:\Projects\RL-LAM-ScanOpt\outputs\stage3_ppo_final_expansion_224_to_320\selected_candidates\scan_orders\scan_order_PPOFINAL_N40_B222_baseline_proximity.json,"[37,35,29,24,20,30,26,25,23,19,17,13,11,9,1,5,7,3,6,8,0,2,4,10,16,18,12,14,15,21,22,28,34,38,36,32,33,27,31,39]","37,35,29,24,20,30,26,25,23,19,17,13,11,9,1,5,7,3,6,8,0,2,4,10,16,18,12,14,15,21,22,28,34,38,36,32,33,27,31,39",0ffedc6e85c091cd,PPO_final_expansion_checkpoint_inference,E:\Projects\RL-LAM-ScanOpt\outputs\stage3_ppo_rl_lam_fea_addendum_v02_targeted_N24_N40\stageK2_n40_completion\checkpoints\N40_seed20260624_maskable_ppo_v02_K2.zip,v02K2,stochastic,baseline_proximity,222,E:\Projects\RL-LAM-ScanOpt\cae_model\stage3_ppo_final_expansion_224_to_320_batch224_v01\final_expansion_batch07\N40\PPOFINAL_N40_B222_baseline_proximity,J2D_PPOFINAL_N40_B222_baseline_proximity,E:\Projects\RL-LAM-ScanOpt\cae_model\stage3_ppo_final_expansion_224_to_320_batch224_v01\final_expansion_batch07\N40\PPOFINAL_N40_B222_baseline_proximity\J2D_PPOFINAL_N40_B222_baseline_proximity.cae,E:\Projects\RL-LAM-ScanOpt\cae_model\stage3_ppo_final_expansion_224_to_320_batch224_v01\final_expansion_batch07\N40\PPOFINAL_N40_B222_baseline_proximity\J2D_PPOFINAL_N40_B222_baseline_proximity.inp,E:\Projects\RL-LAM-ScanOpt\cae_model\stage3_ppo_final_expansion_224_to_320_batch224_v01\final_expansion_batch07\N40\PPOFINAL_N40_B222_baseline_proximity\J2D_PPOFINAL_N40_B222_baseline_proximity.jnl,E:\Projects\RL-LAM-ScanOpt\cae_model\stage3_ppo_final_expansion_224_to_320_batch224_v01\final_expansion_batch07\N40\PPOFINAL_N40_B222_baseline_proximity\J2D_PPOFINAL_N40_B222_baseline_proximity_stageU_generation_log.json,E:\Projects\RL-LAM-ScanOpt\cae_model\40track_full\sanity_base\40track_sanity_base.cae,stage3_ppo_final_expansion_224_to_320_batch224_v01,False,False,final expansion PPO candidate; not physically validated yet.,0.5751919171291577,3.948717948717949,10.0,0,0.1025641025641025,154.0,5.176857330703485,0.0013149243918474,0.1021215367065769,33.0,33,34.0,odd_even
final_expansion_batch07,PPOFINAL_N40_B223_baseline_proximity,40,E:\Projects\RL-LAM-ScanOpt\cae_model\stage3_ppo_final_expansion_224_to_320_batch224_v01\final_expansion_batch07\N40\PPOFINAL_N40_B223_baseline_proximity\scan_order_PPOFINAL_N40_B223_baseline_proximity.json,E:\Projects\RL-LAM-ScanOpt\outputs\stage3_ppo_final_expansion_224_to_320\selected_candidates\scan_orders\scan_order_PPOFINAL_N40_B223_baseline_proximity.json,"[37,35,29,26,30,24,20,25,23,19,17,11,13,9,7,5,1,3,10,0,4,2,8,6,16,18,12,14,15,21,28,22,32,34,38,36,31,27,33,39]","37,35,29,26,30,24,20,25,23,19,17,11,13,9,7,5,1,3,10,0,4,2,8,6,16,18,12,14,15,21,28,22,32,34,38,36,31,27,33,39",a19f41acd8bfa5b8,PPO_final_expansion_checkpoint_inference,E:\Projects\RL-LAM-ScanOpt\outputs\stage3_ppo_rl_lam_fea_addendum_v02_targeted_N24_N40\stageK2_n40_completion\checkpoints\N40_seed20260624_maskable_ppo_v02_K2.zip,v02K2,stochastic,baseline_proximity,223,E:\Projects\RL-LAM-ScanOpt\cae_model\stage3_ppo_final_expansion_224_to_320_batch224_v01\final_expansion_batch07\N40\PPOFINAL_N40_B223_baseline_proximity,J2D_PPOFINAL_N40_B223_baseline_proximity,E:\Projects\RL-LAM-ScanOpt\cae_model\stage3_ppo_final_expansion_224_to_320_batch224_v01\final_expansion_batch07\N40\PPOFINAL_N40_B223_baseline_proximity\J2D_PPOFINAL_N40_B223_baseline_proximity.cae,E:\Projects\RL-LAM-ScanOpt\cae_model\stage3_ppo_final_expansion_224_to_320_batch224_v01\final_expansion_batch07\N40\PPOFINAL_N40_B223_baseline_proximity\J2D_PPOFINAL_N40_B223_baseline_proximity.inp,E:\Projects\RL-LAM-ScanOpt\cae_model\stage3_ppo_final_expansion_224_to_320_batch224_v01\final_expansion_batch07\N40\PPOFINAL_N40_B223_baseline_proximity\J2D_PPOFINAL_N40_B223_baseline_proximity.jnl,E:\Projects\RL-LAM-ScanOpt\cae_model\stage3_ppo_final_expansion_224_to_320_batch224_v01\final_expansion_batch07\N40\PPOFINAL_N40_B223_baseline_proximity\J2D_PPOFINAL_N40_B223_baseline_proximity_stageU_generation_log.json,E:\Projects\RL-LAM-ScanOpt\cae_model\40track_full\sanity_base\40track_sanity_base.cae,stage3_ppo_final_expansion_224_to_320_batch224_v01,False,False,final expansion PPO candidate; not physically validated yet.,0.5439531934262464,4.358974358974359,10.0,0,0.0256410256410256,170.0,5.666009204470742,-0.0861275476660091,0.1126995458280544,33.0,33,34.0,odd_even
final_expansion_batch07,PPOFINAL_N40_B224_baseline_proximity,40,E:\Projects\RL-LAM-ScanOpt\cae_model\stage3_ppo_final_expansion_224_to_320_batch224_v01\final_expansion_batch07\N40\PPOFINAL_N40_B224_baseline_proximity\scan_order_PPOFINAL_N40_B224_baseline_proximity.json,E:\Projects\RL-LAM-ScanOpt\outputs\stage3_ppo_final_expansion_224_to_320\selected_candidates\scan_orders\scan_order_PPOFINAL_N40_B224_baseline_proximity.json,"[37,35,29,24,20,26,30,25,23,19,13,11,9,17,6,7,5,3,1,4,0,2,8,10,16,18,12,14,15,21,28,22,34,38,36,32,27,31,33,39]","37,35,29,24,20,26,30,25,23,19,13,11,9,17,6,7,5,3,1,4,0,2,8,10,16,18,12,14,15,21,28,22,34,38,36,32,27,31,33,39",c3ba8793a4b7ac4d,PPO_final_expansion_checkpoint_inference,E:\Projects\RL-LAM-ScanOpt\outputs\stage3_ppo_rl_lam_fea_addendum_v02_targeted_N24_N40\stageK2_n40_completion\checkpoints\N40_seed20260624_maskable_ppo_v02_K2.zip,v02K2,stochastic,baseline_proximity,224,E:\Projects\RL-LAM-ScanOpt\cae_model\stage3_ppo_final_expansion_224_to_320_batch224_v01\final_expansion_batch07\N40\PPOFINAL_N40_B224_baseline_proximity,J2D_PPOFINAL_N40_B224_baseline_proximity,E:\Projects\RL-LAM-ScanOpt\cae_model\stage3_ppo_final_expansion_224_to_320_batch224_v01\final_expansion_batch07\N40\PPOFINAL_N40_B224_baseline_proximity\J2D_PPOFINAL_N40_B224_baseline_proximity.cae,E:\Projects\RL-LAM-ScanOpt\cae_model\stage3_ppo_final_expansion_224_to_320_batch224_v01\final_expansion_batch07\N40\PPOFINAL_N40_B224_baseline_proximity\J2D_PPOFINAL_N40_B224_baseline_proximity.inp,E:\Projects\RL-LAM-ScanOpt\cae_model\stage3_ppo_final_expansion_224_to_320_batch224_v01\final_expansion_batch07\N40\PPOFINAL_N40_B224_baseline_proximity\J2D_PPOFINAL_N40_B224_baseline_proximity.jnl,E:\Projects\RL-LAM-ScanOpt\cae_model\stage3_ppo_final_expansion_224_to_320_batch224_v01\final_expansion_batch07\N40\PPOFINAL_N40_B224_baseline_proximity\J2D_PPOFINAL_N40_B224_baseline_proximity_stageU_generation_log.json,E:\Projects\RL-LAM-ScanOpt\cae_model\40track_full\sanity_base\40track_sanity_base.cae,stage3_ppo_final_expansion_224_to_320_batch224_v01,False,False,final expansion PPO candidate; not physically validated yet.,0.5126344585501271,4.256410256410256,12.0,0,0.0512820512820512,166.0,6.293228139381985,-0.0578566732412886,0.1105478160022235,33.0,33,34.0,odd_even
