run_id,batch_name,final_expansion_batch,n,strategy_name,job_name,case_dir,scan_order_json,cae_path,inp_path,jnl_path,generation_status,inp_check_status,teacher_validated,solver_status,notes
stageU_final_expansion_CAE_INP_handoff,stage3_ppo_final_expansion_224_to_320_batch224_v01,final_expansion_batch01,12,PPOFINAL_N12_B001_quality,J2D_PPOFINAL_N12_B001_quality,E:\Projects\RL-LAM-ScanOpt\cae_model\stage3_ppo_final_expansion_224_to_320_batch224_v01\final_expansion_batch01\N12\PPOFINAL_N12_B001_quality,E:\Projects\RL-LAM-ScanOpt\cae_model\stage3_ppo_final_expansion_224_to_320_batch224_v01\final_expansion_batch01\N12\PPOFINAL_N12_B001_quality\scan_order_PPOFINAL_N12_B001_quality.json,E:\Projects\RL-LAM-ScanOpt\cae_model\stage3_ppo_final_expansion_224_to_320_batch224_v01\final_expansion_batch01\N12\PPOFINAL_N12_B001_quality\J2D_PPOFINAL_N12_B001_quality.cae,E:\Projects\RL-LAM-ScanOpt\cae_model\stage3_ppo_final_expansion_224_to_320_batch224_v01\final_expansion_batch01\N12\PPOFINAL_N12_B001_quality\J2D_PPOFINAL_N12_B001_quality.inp,E:\Projects\RL-LAM-ScanOpt\cae_model\stage3_ppo_final_expansion_224_to_320_batch224_v01\final_expansion_batch01\N12\PPOFINAL_N12_B001_quality\J2D_PPOFINAL_N12_B001_quality.jnl,GENERATED,PENDING,False,NOT_SUBMITTED,Stage U PPO final expansion CAE/INP generation only; no teacher metrics yet.
stageU_final_expansion_CAE_INP_handoff,stage3_ppo_final_expansion_224_to_320_batch224_v01,final_expansion_batch01,12,PPOFINAL_N12_B002_quality,J2D_PPOFINAL_N12_B002_quality,E:\Projects\RL-LAM-ScanOpt\cae_model\stage3_ppo_final_expansion_224_to_320_batch224_v01\final_expansion_batch01\N12\PPOFINAL_N12_B002_quality,E:\Projects\RL-LAM-ScanOpt\cae_model\stage3_ppo_final_expansion_224_to_320_batch224_v01\final_expansion_batch01\N12\PPOFINAL_N12_B002_quality\scan_order_PPOFINAL_N12_B002_quality.json,E:\Projects\RL-LAM-ScanOpt\cae_model\stage3_ppo_final_expansion_224_to_320_batch224_v01\final_expansion_batch01\N12\PPOFINAL_N12_B002_quality\J2D_PPOFINAL_N12_B002_quality.cae,E:\Projects\RL-LAM-ScanOpt\cae_model\stage3_ppo_final_expansion_224_to_320_batch224_v01\final_expansion_batch01\N12\PPOFINAL_N12_B002_quality\J2D_PPOFINAL_N12_B002_quality.inp,E:\Projects\RL-LAM-ScanOpt\cae_model\stage3_ppo_final_expansion_224_to_320_batch224_v01\final_expansion_batch01\N12\PPOFINAL_N12_B002_quality\J2D_PPOFINAL_N12_B002_quality.jnl,GENERATED,PENDING,False,NOT_SUBMITTED,Stage U PPO final expansion CAE/INP generation only; no teacher metrics yet.
stageU_final_expansion_CAE_INP_handoff,stage3_ppo_final_expansion_224_to_320_batch224_v01,final_expansion_batch01,12,PPOFINAL_N12_B003_quality,J2D_PPOFINAL_N12_B003_quality,E:\Projects\RL-LAM-ScanOpt\cae_model\stage3_ppo_final_expansion_224_to_320_batch224_v01\final_expansion_batch01\N12\PPOFINAL_N12_B003_quality,E:\Projects\RL-LAM-ScanOpt\cae_model\stage3_ppo_final_expansion_224_to_320_batch224_v01\final_expansion_batch01\N12\PPOFINAL_N12_B003_quality\scan_order_PPOFINAL_N12_B003_quality.json,E:\Projects\RL-LAM-ScanOpt\cae_model\stage3_ppo_final_expansion_224_to_320_batch224_v01\final_expansion_batch01\N12\PPOFINAL_N12_B003_quality\J2D_PPOFINAL_N12_B003_quality.cae,E:\Projects\RL-LAM-ScanOpt\cae_model\stage3_ppo_final_expansion_224_to_320_batch224_v01\final_expansion_batch01\N12\PPOFINAL_N12_B003_quality\J2D_PPOFINAL_N12_B003_quality.inp,E:\Projects\RL-LAM-ScanOpt\cae_model\stage3_ppo_final_expansion_224_to_320_batch224_v01\final_expansion_batch01\N12\PPOFINAL_N12_B003_quality\J2D_PPOFINAL_N12_B003_quality.jnl,GENERATED,PENDING,False,NOT_SUBMITTED,Stage U PPO final expansion CAE/INP generation only; no teacher metrics yet.
stageU_final_expansion_CAE_INP_handoff,stage3_ppo_final_expansion_224_to_320_batch224_v01,final_expansion_batch01,12,PPOFINAL_N12_B004_quality,J2D_PPOFINAL_N12_B004_quality,E:\Projects\RL-LAM-ScanOpt\cae_model\stage3_ppo_final_expansion_224_to_320_batch224_v01\final_expansion_batch01\N12\PPOFINAL_N12_B004_quality,E:\Projects\RL-LAM-ScanOpt\cae_model\stage3_ppo_final_expansion_224_to_320_batch224_v01\final_expansion_batch01\N12\PPOFINAL_N12_B004_quality\scan_order_PPOFINAL_N12_B004_quality.json,E:\Projects\RL-LAM-ScanOpt\cae_model\stage3_ppo_final_expansion_224_to_320_batch224_v01\final_expansion_batch01\N12\PPOFINAL_N12_B004_quality\J2D_PPOFINAL_N12_B004_quality.cae,E:\Projects\RL-LAM-ScanOpt\cae_model\stage3_ppo_final_expansion_224_to_320_batch224_v01\final_expansion_batch01\N12\PPOFINAL_N12_B004_quality\J2D_PPOFINAL_N12_B004_quality.inp,E:\Projects\RL-LAM-ScanOpt\cae_model\stage3_ppo_final_expansion_224_to_320_batch224_v01\final_expansion_batch01\N12\PPOFINAL_N12_B004_quality\J2D_PPOFINAL_N12_B004_quality.jnl,GENERATED,PENDING,False,NOT_SUBMITTED,Stage U PPO final expansion CAE/INP generation only; no teacher metrics yet.
stageU_final_expansion_CAE_INP_handoff,stage3_ppo_final_expansion_224_to_320_batch224_v01,final_expansion_batch01,12,PPOFINAL_N12_B005_quality,J2D_PPOFINAL_N12_B005_quality,E:\Projects\RL-LAM-ScanOpt\cae_model\stage3_ppo_final_expansion_224_to_320_batch224_v01\final_expansion_batch01\N12\PPOFINAL_N12_B005_quality,E:\Projects\RL-LAM-ScanOpt\cae_model\stage3_ppo_final_expansion_224_to_320_batch224_v01\final_expansion_batch01\N12\PPOFINAL_N12_B005_quality\scan_order_PPOFINAL_N12_B005_quality.json,E:\Projects\RL-LAM-ScanOpt\cae_model\stage3_ppo_final_expansion_224_to_320_batch224_v01\final_expansion_batch01\N12\PPOFINAL_N12_B005_quality\J2D_PPOFINAL_N12_B005_quality.cae,E:\Projects\RL-LAM-ScanOpt\cae_model\stage3_ppo_final_expansion_224_to_320_batch224_v01\final_expansion_batch01\N12\PPOFINAL_N12_B005_quality\J2D_PPOFINAL_N12_B005_quality.inp,E:\Projects\RL-LAM-ScanOpt\cae_model\stage3_ppo_final_expansion_224_to_320_batch224_v01\final_expansion_batch01\N12\PPOFINAL_N12_B005_quality\J2D_PPOFINAL_N12_B005_quality.jnl,GENERATED,PENDING,False,NOT_SUBMITTED,Stage U PPO final expansion CAE/INP generation only; no teacher metrics yet.
stageU_final_expansion_CAE_INP_handoff,stage3_ppo_final_expansion_224_to_320_batch224_v01,final_expansion_batch01,12,PPOFINAL_N12_B006_quality,J2D_PPOFINAL_N12_B006_quality,E:\Projects\RL-LAM-ScanOpt\cae_model\stage3_ppo_final_expansion_224_to_320_batch224_v01\final_expansion_batch01\N12\PPOFINAL_N12_B006_quality,E:\Projects\RL-LAM-ScanOpt\cae_model\stage3_ppo_final_expansion_224_to_320_batch224_v01\final_expansion_batch01\N12\PPOFINAL_N12_B006_quality\scan_order_PPOFINAL_N12_B006_quality.json,E:\Projects\RL-LAM-ScanOpt\cae_model\stage3_ppo_final_expansion_224_to_320_batch224_v01\final_expansion_batch01\N12\PPOFINAL_N12_B006_quality\J2D_PPOFINAL_N12_B006_quality.cae,E:\Projects\RL-LAM-ScanOpt\cae_model\stage3_ppo_final_expansion_224_to_320_batch224_v01\final_expansion_batch01\N12\PPOFINAL_N12_B006_quality\J2D_PPOFINAL_N12_B006_quality.inp,E:\Projects\RL-LAM-ScanOpt\cae_model\stage3_ppo_final_expansion_224_to_320_batch224_v01\final_expansion_batch01\N12\PPOFINAL_N12_B006_quality\J2D_PPOFINAL_N12_B006_quality.jnl,GENERATED,PENDING,False,NOT_SUBMITTED,Stage U PPO final expansion CAE/INP generation only; no teacher metrics yet.
stageU_final_expansion_CAE_INP_handoff,stage3_ppo_final_expansion_224_to_320_batch224_v01,final_expansion_batch01,12,PPOFINAL_N12_B007_quality,J2D_PPOFINAL_N12_B007_quality,E:\Projects\RL-LAM-ScanOpt\cae_model\stage3_ppo_final_expansion_224_to_320_batch224_v01\final_expansion_batch01\N12\PPOFINAL_N12_B007_quality,E:\Projects\RL-LAM-ScanOpt\cae_model\stage3_ppo_final_expansion_224_to_320_batch224_v01\final_expansion_batch01\N12\PPOFINAL_N12_B007_quality\scan_order_PPOFINAL_N12_B007_quality.json,E:\Projects\RL-LAM-ScanOpt\cae_model\stage3_ppo_final_expansion_224_to_320_batch224_v01\final_expansion_batch01\N12\PPOFINAL_N12_B007_quality\J2D_PPOFINAL_N12_B007_quality.cae,E:\Projects\RL-LAM-ScanOpt\cae_model\stage3_ppo_final_expansion_224_to_320_batch224_v01\final_expansion_batch01\N12\PPOFINAL_N12_B007_quality\J2D_PPOFINAL_N12_B007_quality.inp,E:\Projects\RL-LAM-ScanOpt\cae_model\stage3_ppo_final_expansion_224_to_320_batch224_v01\final_expansion_batch01\N12\PPOFINAL_N12_B007_quality\J2D_PPOFINAL_N12_B007_quality.jnl,GENERATED,PENDING,False,NOT_SUBMITTED,Stage U PPO final expansion CAE/INP generation only; no teacher metrics yet.
stageU_final_expansion_CAE_INP_handoff,stage3_ppo_final_expansion_224_to_320_batch224_v01,final_expansion_batch01,12,PPOFINAL_N12_B008_quality,J2D_PPOFINAL_N12_B008_quality,E:\Projects\RL-LAM-ScanOpt\cae_model\stage3_ppo_final_expansion_224_to_320_batch224_v01\final_expansion_batch01\N12\PPOFINAL_N12_B008_quality,E:\Projects\RL-LAM-ScanOpt\cae_model\stage3_ppo_final_expansion_224_to_320_batch224_v01\final_expansion_batch01\N12\PPOFINAL_N12_B008_quality\scan_order_PPOFINAL_N12_B008_quality.json,E:\Projects\RL-LAM-ScanOpt\cae_model\stage3_ppo_final_expansion_224_to_320_batch224_v01\final_expansion_batch01\N12\PPOFINAL_N12_B008_quality\J2D_PPOFINAL_N12_B008_quality.cae,E:\Projects\RL-LAM-ScanOpt\cae_model\stage3_ppo_final_expansion_224_to_320_batch224_v01\final_expansion_batch01\N12\PPOFINAL_N12_B008_quality\J2D_PPOFINAL_N12_B008_quality.inp,E:\Projects\RL-LAM-ScanOpt\cae_model\stage3_ppo_final_expansion_224_to_320_batch224_v01\final_expansion_batch01\N12\PPOFINAL_N12_B008_quality\J2D_PPOFINAL_N12_B008_quality.jnl,GENERATED,PENDING,False,NOT_SUBMITTED,Stage U PPO final expansion CAE/INP generation only; no teacher metrics yet.
stageU_final_expansion_CAE_INP_handoff,stage3_ppo_final_expansion_224_to_320_batch224_v01,final_expansion_batch01,12,PPOFINAL_N12_B009_quality,J2D_PPOFINAL_N12_B009_quality,E:\Projects\RL-LAM-ScanOpt\cae_model\stage3_ppo_final_expansion_224_to_320_batch224_v01\final_expansion_batch01\N12\PPOFINAL_N12_B009_quality,E:\Projects\RL-LAM-ScanOpt\cae_model\stage3_ppo_final_expansion_224_to_320_batch224_v01\final_expansion_batch01\N12\PPOFINAL_N12_B009_quality\scan_order_PPOFINAL_N12_B009_quality.json,E:\Projects\RL-LAM-ScanOpt\cae_model\stage3_ppo_final_expansion_224_to_320_batch224_v01\final_expansion_batch01\N12\PPOFINAL_N12_B009_quality\J2D_PPOFINAL_N12_B009_quality.cae,E:\Projects\RL-LAM-ScanOpt\cae_model\stage3_ppo_final_expansion_224_to_320_batch224_v01\final_expansion_batch01\N12\PPOFINAL_N12_B009_quality\J2D_PPOFINAL_N12_B009_quality.inp,E:\Projects\RL-LAM-ScanOpt\cae_model\stage3_ppo_final_expansion_224_to_320_batch224_v01\final_expansion_batch01\N12\PPOFINAL_N12_B009_quality\J2D_PPOFINAL_N12_B009_quality.jnl,GENERATED,PENDING,False,NOT_SUBMITTED,Stage U PPO final expansion CAE/INP generation only; no teacher metrics yet.
stageU_final_expansion_CAE_INP_handoff,stage3_ppo_final_expansion_224_to_320_batch224_v01,final_expansion_batch01,12,PPOFINAL_N12_B010_quality,J2D_PPOFINAL_N12_B010_quality,E:\Projects\RL-LAM-ScanOpt\cae_model\stage3_ppo_final_expansion_224_to_320_batch224_v01\final_expansion_batch01\N12\PPOFINAL_N12_B010_quality,E:\Projects\RL-LAM-ScanOpt\cae_model\stage3_ppo_final_expansion_224_to_320_batch224_v01\final_expansion_batch01\N12\PPOFINAL_N12_B010_quality\scan_order_PPOFINAL_N12_B010_quality.json,E:\Projects\RL-LAM-ScanOpt\cae_model\stage3_ppo_final_expansion_224_to_320_batch224_v01\final_expansion_batch01\N12\PPOFINAL_N12_B010_quality\J2D_PPOFINAL_N12_B010_quality.cae,E:\Projects\RL-LAM-ScanOpt\cae_model\stage3_ppo_final_expansion_224_to_320_batch224_v01\final_expansion_batch01\N12\PPOFINAL_N12_B010_quality\J2D_PPOFINAL_N12_B010_quality.inp,E:\Projects\RL-LAM-ScanOpt\cae_model\stage3_ppo_final_expansion_224_to_320_batch224_v01\final_expansion_batch01\N12\PPOFINAL_N12_B010_quality\J2D_PPOFINAL_N12_B010_quality.jnl,GENERATED,PENDING,False,NOT_SUBMITTED,Stage U PPO final expansion CAE/INP generation only; no teacher metrics yet.
stageU_final_expansion_CAE_INP_handoff,stage3_ppo_final_expansion_224_to_320_batch224_v01,final_expansion_batch01,12,PPOFINAL_N12_B011_quality,J2D_PPOFINAL_N12_B011_quality,E:\Projects\RL-LAM-ScanOpt\cae_model\stage3_ppo_final_expansion_224_to_320_batch224_v01\final_expansion_batch01\N12\PPOFINAL_N12_B011_quality,E:\Projects\RL-LAM-ScanOpt\cae_model\stage3_ppo_final_expansion_224_to_320_batch224_v01\final_expansion_batch01\N12\PPOFINAL_N12_B011_quality\scan_order_PPOFINAL_N12_B011_quality.json,E:\Projects\RL-LAM-ScanOpt\cae_model\stage3_ppo_final_expansion_224_to_320_batch224_v01\final_expansion_batch01\N12\PPOFINAL_N12_B011_quality\J2D_PPOFINAL_N12_B011_quality.cae,E:\Projects\RL-LAM-ScanOpt\cae_model\stage3_ppo_final_expansion_224_to_320_batch224_v01\final_expansion_batch01\N12\PPOFINAL_N12_B011_quality\J2D_PPOFINAL_N12_B011_quality.inp,E:\Projects\RL-LAM-ScanOpt\cae_model\stage3_ppo_final_expansion_224_to_320_batch224_v01\final_expansion_batch01\N12\PPOFINAL_N12_B011_quality\J2D_PPOFINAL_N12_B011_quality.jnl,GENERATED,PENDING,False,NOT_SUBMITTED,Stage U PPO final expansion CAE/INP generation only; no teacher metrics yet.
stageU_final_expansion_CAE_INP_handoff,stage3_ppo_final_expansion_224_to_320_batch224_v01,final_expansion_batch01,12,PPOFINAL_N12_B012_diversity,J2D_PPOFINAL_N12_B012_diversity,E:\Projects\RL-LAM-ScanOpt\cae_model\stage3_ppo_final_expansion_224_to_320_batch224_v01\final_expansion_batch01\N12\PPOFINAL_N12_B012_diversity,E:\Projects\RL-LAM-ScanOpt\cae_model\stage3_ppo_final_expansion_224_to_320_batch224_v01\final_expansion_batch01\N12\PPOFINAL_N12_B012_diversity\scan_order_PPOFINAL_N12_B012_diversity.json,E:\Projects\RL-LAM-ScanOpt\cae_model\stage3_ppo_final_expansion_224_to_320_batch224_v01\final_expansion_batch01\N12\PPOFINAL_N12_B012_diversity\J2D_PPOFINAL_N12_B012_diversity.cae,E:\Projects\RL-LAM-ScanOpt\cae_model\stage3_ppo_final_expansion_224_to_320_batch224_v01\final_expansion_batch01\N12\PPOFINAL_N12_B012_diversity\J2D_PPOFINAL_N12_B012_diversity.inp,E:\Projects\RL-LAM-ScanOpt\cae_model\stage3_ppo_final_expansion_224_to_320_batch224_v01\final_expansion_batch01\N12\PPOFINAL_N12_B012_diversity\J2D_PPOFINAL_N12_B012_diversity.jnl,GENERATED,PENDING,False,NOT_SUBMITTED,Stage U PPO final expansion CAE/INP generation only; no teacher metrics yet.
stageU_final_expansion_CAE_INP_handoff,stage3_ppo_final_expansion_224_to_320_batch224_v01,final_expansion_batch01,12,PPOFINAL_N12_B013_diversity,J2D_PPOFINAL_N12_B013_diversity,E:\Projects\RL-LAM-ScanOpt\cae_model\stage3_ppo_final_expansion_224_to_320_batch224_v01\final_expansion_batch01\N12\PPOFINAL_N12_B013_diversity,E:\Projects\RL-LAM-ScanOpt\cae_model\stage3_ppo_final_expansion_224_to_320_batch224_v01\final_expansion_batch01\N12\PPOFINAL_N12_B013_diversity\scan_order_PPOFINAL_N12_B013_diversity.json,E:\Projects\RL-LAM-ScanOpt\cae_model\stage3_ppo_final_expansion_224_to_320_batch224_v01\final_expansion_batch01\N12\PPOFINAL_N12_B013_diversity\J2D_PPOFINAL_N12_B013_diversity.cae,E:\Projects\RL-LAM-ScanOpt\cae_model\stage3_ppo_final_expansion_224_to_320_batch224_v01\final_expansion_batch01\N12\PPOFINAL_N12_B013_diversity\J2D_PPOFINAL_N12_B013_diversity.inp,E:\Projects\RL-LAM-ScanOpt\cae_model\stage3_ppo_final_expansion_224_to_320_batch224_v01\final_expansion_batch01\N12\PPOFINAL_N12_B013_diversity\J2D_PPOFINAL_N12_B013_diversity.jnl,GENERATED,PENDING,False,NOT_SUBMITTED,Stage U PPO final expansion CAE/INP generation only; no teacher metrics yet.
stageU_final_expansion_CAE_INP_handoff,stage3_ppo_final_expansion_224_to_320_batch224_v01,final_expansion_batch01,12,PPOFINAL_N12_B014_diversity,J2D_PPOFINAL_N12_B014_diversity,E:\Projects\RL-LAM-ScanOpt\cae_model\stage3_ppo_final_expansion_224_to_320_batch224_v01\final_expansion_batch01\N12\PPOFINAL_N12_B014_diversity,E:\Projects\RL-LAM-ScanOpt\cae_model\stage3_ppo_final_expansion_224_to_320_batch224_v01\final_expansion_batch01\N12\PPOFINAL_N12_B014_diversity\scan_order_PPOFINAL_N12_B014_diversity.json,E:\Projects\RL-LAM-ScanOpt\cae_model\stage3_ppo_final_expansion_224_to_320_batch224_v01\final_expansion_batch01\N12\PPOFINAL_N12_B014_diversity\J2D_PPOFINAL_N12_B014_diversity.cae,E:\Projects\RL-LAM-ScanOpt\cae_model\stage3_ppo_final_expansion_224_to_320_batch224_v01\final_expansion_batch01\N12\PPOFINAL_N12_B014_diversity\J2D_PPOFINAL_N12_B014_diversity.inp,E:\Projects\RL-LAM-ScanOpt\cae_model\stage3_ppo_final_expansion_224_to_320_batch224_v01\final_expansion_batch01\N12\PPOFINAL_N12_B014_diversity\J2D_PPOFINAL_N12_B014_diversity.jnl,GENERATED,PENDING,False,NOT_SUBMITTED,Stage U PPO final expansion CAE/INP generation only; no teacher metrics yet.
stageU_final_expansion_CAE_INP_handoff,stage3_ppo_final_expansion_224_to_320_batch224_v01,final_expansion_batch01,12,PPOFINAL_N12_B015_diversity,J2D_PPOFINAL_N12_B015_diversity,E:\Projects\RL-LAM-ScanOpt\cae_model\stage3_ppo_final_expansion_224_to_320_batch224_v01\final_expansion_batch01\N12\PPOFINAL_N12_B015_diversity,E:\Projects\RL-LAM-ScanOpt\cae_model\stage3_ppo_final_expansion_224_to_320_batch224_v01\final_expansion_batch01\N12\PPOFINAL_N12_B015_diversity\scan_order_PPOFINAL_N12_B015_diversity.json,E:\Projects\RL-LAM-ScanOpt\cae_model\stage3_ppo_final_expansion_224_to_320_batch224_v01\final_expansion_batch01\N12\PPOFINAL_N12_B015_diversity\J2D_PPOFINAL_N12_B015_diversity.cae,E:\Projects\RL-LAM-ScanOpt\cae_model\stage3_ppo_final_expansion_224_to_320_batch224_v01\final_expansion_batch01\N12\PPOFINAL_N12_B015_diversity\J2D_PPOFINAL_N12_B015_diversity.inp,E:\Projects\RL-LAM-ScanOpt\cae_model\stage3_ppo_final_expansion_224_to_320_batch224_v01\final_expansion_batch01\N12\PPOFINAL_N12_B015_diversity\J2D_PPOFINAL_N12_B015_diversity.jnl,GENERATED,PENDING,False,NOT_SUBMITTED,Stage U PPO final expansion CAE/INP generation only; no teacher metrics yet.
stageU_final_expansion_CAE_INP_handoff,stage3_ppo_final_expansion_224_to_320_batch224_v01,final_expansion_batch01,12,PPOFINAL_N12_B016_diversity,J2D_PPOFINAL_N12_B016_diversity,E:\Projects\RL-LAM-ScanOpt\cae_model\stage3_ppo_final_expansion_224_to_320_batch224_v01\final_expansion_batch01\N12\PPOFINAL_N12_B016_diversity,E:\Projects\RL-LAM-ScanOpt\cae_model\stage3_ppo_final_expansion_224_to_320_batch224_v01\final_expansion_batch01\N12\PPOFINAL_N12_B016_diversity\scan_order_PPOFINAL_N12_B016_diversity.json,E:\Projects\RL-LAM-ScanOpt\cae_model\stage3_ppo_final_expansion_224_to_320_batch224_v01\final_expansion_batch01\N12\PPOFINAL_N12_B016_diversity\J2D_PPOFINAL_N12_B016_diversity.cae,E:\Projects\RL-LAM-ScanOpt\cae_model\stage3_ppo_final_expansion_224_to_320_batch224_v01\final_expansion_batch01\N12\PPOFINAL_N12_B016_diversity\J2D_PPOFINAL_N12_B016_diversity.inp,E:\Projects\RL-LAM-ScanOpt\cae_model\stage3_ppo_final_expansion_224_to_320_batch224_v01\final_expansion_batch01\N12\PPOFINAL_N12_B016_diversity\J2D_PPOFINAL_N12_B016_diversity.jnl,GENERATED,PENDING,False,NOT_SUBMITTED,Stage U PPO final expansion CAE/INP generation only; no teacher metrics yet.
stageU_final_expansion_CAE_INP_handoff,stage3_ppo_final_expansion_224_to_320_batch224_v01,final_expansion_batch01,16,PPOFINAL_N16_B017_quality,J2D_PPOFINAL_N16_B017_quality,E:\Projects\RL-LAM-ScanOpt\cae_model\stage3_ppo_final_expansion_224_to_320_batch224_v01\final_expansion_batch01\N16\PPOFINAL_N16_B017_quality,E:\Projects\RL-LAM-ScanOpt\cae_model\stage3_ppo_final_expansion_224_to_320_batch224_v01\final_expansion_batch01\N16\PPOFINAL_N16_B017_quality\scan_order_PPOFINAL_N16_B017_quality.json,E:\Projects\RL-LAM-ScanOpt\cae_model\stage3_ppo_final_expansion_224_to_320_batch224_v01\final_expansion_batch01\N16\PPOFINAL_N16_B017_quality\J2D_PPOFINAL_N16_B017_quality.cae,E:\Projects\RL-LAM-ScanOpt\cae_model\stage3_ppo_final_expansion_224_to_320_batch224_v01\final_expansion_batch01\N16\PPOFINAL_N16_B017_quality\J2D_PPOFINAL_N16_B017_quality.inp,E:\Projects\RL-LAM-ScanOpt\cae_model\stage3_ppo_final_expansion_224_to_320_batch224_v01\final_expansion_batch01\N16\PPOFINAL_N16_B017_quality\J2D_PPOFINAL_N16_B017_quality.jnl,GENERATED,PENDING,False,NOT_SUBMITTED,Stage U PPO final expansion CAE/INP generation only; no teacher metrics yet.
stageU_final_expansion_CAE_INP_handoff,stage3_ppo_final_expansion_224_to_320_batch224_v01,final_expansion_batch01,16,PPOFINAL_N16_B018_quality,J2D_PPOFINAL_N16_B018_quality,E:\Projects\RL-LAM-ScanOpt\cae_model\stage3_ppo_final_expansion_224_to_320_batch224_v01\final_expansion_batch01\N16\PPOFINAL_N16_B018_quality,E:\Projects\RL-LAM-ScanOpt\cae_model\stage3_ppo_final_expansion_224_to_320_batch224_v01\final_expansion_batch01\N16\PPOFINAL_N16_B018_quality\scan_order_PPOFINAL_N16_B018_quality.json,E:\Projects\RL-LAM-ScanOpt\cae_model\stage3_ppo_final_expansion_224_to_320_batch224_v01\final_expansion_batch01\N16\PPOFINAL_N16_B018_quality\J2D_PPOFINAL_N16_B018_quality.cae,E:\Projects\RL-LAM-ScanOpt\cae_model\stage3_ppo_final_expansion_224_to_320_batch224_v01\final_expansion_batch01\N16\PPOFINAL_N16_B018_quality\J2D_PPOFINAL_N16_B018_quality.inp,E:\Projects\RL-LAM-ScanOpt\cae_model\stage3_ppo_final_expansion_224_to_320_batch224_v01\final_expansion_batch01\N16\PPOFINAL_N16_B018_quality\J2D_PPOFINAL_N16_B018_quality.jnl,GENERATED,PENDING,False,NOT_SUBMITTED,Stage U PPO final expansion CAE/INP generation only; no teacher metrics yet.
stageU_final_expansion_CAE_INP_handoff,stage3_ppo_final_expansion_224_to_320_batch224_v01,final_expansion_batch01,16,PPOFINAL_N16_B019_quality,J2D_PPOFINAL_N16_B019_quality,E:\Projects\RL-LAM-ScanOpt\cae_model\stage3_ppo_final_expansion_224_to_320_batch224_v01\final_expansion_batch01\N16\PPOFINAL_N16_B019_quality,E:\Projects\RL-LAM-ScanOpt\cae_model\stage3_ppo_final_expansion_224_to_320_batch224_v01\final_expansion_batch01\N16\PPOFINAL_N16_B019_quality\scan_order_PPOFINAL_N16_B019_quality.json,E:\Projects\RL-LAM-ScanOpt\cae_model\stage3_ppo_final_expansion_224_to_320_batch224_v01\final_expansion_batch01\N16\PPOFINAL_N16_B019_quality\J2D_PPOFINAL_N16_B019_quality.cae,E:\Projects\RL-LAM-ScanOpt\cae_model\stage3_ppo_final_expansion_224_to_320_batch224_v01\final_expansion_batch01\N16\PPOFINAL_N16_B019_quality\J2D_PPOFINAL_N16_B019_quality.inp,E:\Projects\RL-LAM-ScanOpt\cae_model\stage3_ppo_final_expansion_224_to_320_batch224_v01\final_expansion_batch01\N16\PPOFINAL_N16_B019_quality\J2D_PPOFINAL_N16_B019_quality.jnl,GENERATED,PENDING,False,NOT_SUBMITTED,Stage U PPO final expansion CAE/INP generation only; no teacher metrics yet.
stageU_final_expansion_CAE_INP_handoff,stage3_ppo_final_expansion_224_to_320_batch224_v01,final_expansion_batch01,16,PPOFINAL_N16_B020_quality,J2D_PPOFINAL_N16_B020_quality,E:\Projects\RL-LAM-ScanOpt\cae_model\stage3_ppo_final_expansion_224_to_320_batch224_v01\final_expansion_batch01\N16\PPOFINAL_N16_B020_quality,E:\Projects\RL-LAM-ScanOpt\cae_model\stage3_ppo_final_expansion_224_to_320_batch224_v01\final_expansion_batch01\N16\PPOFINAL_N16_B020_quality\scan_order_PPOFINAL_N16_B020_quality.json,E:\Projects\RL-LAM-ScanOpt\cae_model\stage3_ppo_final_expansion_224_to_320_batch224_v01\final_expansion_batch01\N16\PPOFINAL_N16_B020_quality\J2D_PPOFINAL_N16_B020_quality.cae,E:\Projects\RL-LAM-ScanOpt\cae_model\stage3_ppo_final_expansion_224_to_320_batch224_v01\final_expansion_batch01\N16\PPOFINAL_N16_B020_quality\J2D_PPOFINAL_N16_B020_quality.inp,E:\Projects\RL-LAM-ScanOpt\cae_model\stage3_ppo_final_expansion_224_to_320_batch224_v01\final_expansion_batch01\N16\PPOFINAL_N16_B020_quality\J2D_PPOFINAL_N16_B020_quality.jnl,GENERATED,PENDING,False,NOT_SUBMITTED,Stage U PPO final expansion CAE/INP generation only; no teacher metrics yet.
stageU_final_expansion_CAE_INP_handoff,stage3_ppo_final_expansion_224_to_320_batch224_v01,final_expansion_batch01,16,PPOFINAL_N16_B021_quality,J2D_PPOFINAL_N16_B021_quality,E:\Projects\RL-LAM-ScanOpt\cae_model\stage3_ppo_final_expansion_224_to_320_batch224_v01\final_expansion_batch01\N16\PPOFINAL_N16_B021_quality,E:\Projects\RL-LAM-ScanOpt\cae_model\stage3_ppo_final_expansion_224_to_320_batch224_v01\final_expansion_batch01\N16\PPOFINAL_N16_B021_quality\scan_order_PPOFINAL_N16_B021_quality.json,E:\Projects\RL-LAM-ScanOpt\cae_model\stage3_ppo_final_expansion_224_to_320_batch224_v01\final_expansion_batch01\N16\PPOFINAL_N16_B021_quality\J2D_PPOFINAL_N16_B021_quality.cae,E:\Projects\RL-LAM-ScanOpt\cae_model\stage3_ppo_final_expansion_224_to_320_batch224_v01\final_expansion_batch01\N16\PPOFINAL_N16_B021_quality\J2D_PPOFINAL_N16_B021_quality.inp,E:\Projects\RL-LAM-ScanOpt\cae_model\stage3_ppo_final_expansion_224_to_320_batch224_v01\final_expansion_batch01\N16\PPOFINAL_N16_B021_quality\J2D_PPOFINAL_N16_B021_quality.jnl,GENERATED,PENDING,False,NOT_SUBMITTED,Stage U PPO final expansion CAE/INP generation only; no teacher metrics yet.
stageU_final_expansion_CAE_INP_handoff,stage3_ppo_final_expansion_224_to_320_batch224_v01,final_expansion_batch01,16,PPOFINAL_N16_B022_quality,J2D_PPOFINAL_N16_B022_quality,E:\Projects\RL-LAM-ScanOpt\cae_model\stage3_ppo_final_expansion_224_to_320_batch224_v01\final_expansion_batch01\N16\PPOFINAL_N16_B022_quality,E:\Projects\RL-LAM-ScanOpt\cae_model\stage3_ppo_final_expansion_224_to_320_batch224_v01\final_expansion_batch01\N16\PPOFINAL_N16_B022_quality\scan_order_PPOFINAL_N16_B022_quality.json,E:\Projects\RL-LAM-ScanOpt\cae_model\stage3_ppo_final_expansion_224_to_320_batch224_v01\final_expansion_batch01\N16\PPOFINAL_N16_B022_quality\J2D_PPOFINAL_N16_B022_quality.cae,E:\Projects\RL-LAM-ScanOpt\cae_model\stage3_ppo_final_expansion_224_to_320_batch224_v01\final_expansion_batch01\N16\PPOFINAL_N16_B022_quality\J2D_PPOFINAL_N16_B022_quality.inp,E:\Projects\RL-LAM-ScanOpt\cae_model\stage3_ppo_final_expansion_224_to_320_batch224_v01\final_expansion_batch01\N16\PPOFINAL_N16_B022_quality\J2D_PPOFINAL_N16_B022_quality.jnl,GENERATED,PENDING,False,NOT_SUBMITTED,Stage U PPO final expansion CAE/INP generation only; no teacher metrics yet.
stageU_final_expansion_CAE_INP_handoff,stage3_ppo_final_expansion_224_to_320_batch224_v01,final_expansion_batch01,16,PPOFINAL_N16_B023_quality,J2D_PPOFINAL_N16_B023_quality,E:\Projects\RL-LAM-ScanOpt\cae_model\stage3_ppo_final_expansion_224_to_320_batch224_v01\final_expansion_batch01\N16\PPOFINAL_N16_B023_quality,E:\Projects\RL-LAM-ScanOpt\cae_model\stage3_ppo_final_expansion_224_to_320_batch224_v01\final_expansion_batch01\N16\PPOFINAL_N16_B023_quality\scan_order_PPOFINAL_N16_B023_quality.json,E:\Projects\RL-LAM-ScanOpt\cae_model\stage3_ppo_final_expansion_224_to_320_batch224_v01\final_expansion_batch01\N16\PPOFINAL_N16_B023_quality\J2D_PPOFINAL_N16_B023_quality.cae,E:\Projects\RL-LAM-ScanOpt\cae_model\stage3_ppo_final_expansion_224_to_320_batch224_v01\final_expansion_batch01\N16\PPOFINAL_N16_B023_quality\J2D_PPOFINAL_N16_B023_quality.inp,E:\Projects\RL-LAM-ScanOpt\cae_model\stage3_ppo_final_expansion_224_to_320_batch224_v01\final_expansion_batch01\N16\PPOFINAL_N16_B023_quality\J2D_PPOFINAL_N16_B023_quality.jnl,GENERATED,PENDING,False,NOT_SUBMITTED,Stage U PPO final expansion CAE/INP generation only; no teacher metrics yet.
stageU_final_expansion_CAE_INP_handoff,stage3_ppo_final_expansion_224_to_320_batch224_v01,final_expansion_batch01,16,PPOFINAL_N16_B024_quality,J2D_PPOFINAL_N16_B024_quality,E:\Projects\RL-LAM-ScanOpt\cae_model\stage3_ppo_final_expansion_224_to_320_batch224_v01\final_expansion_batch01\N16\PPOFINAL_N16_B024_quality,E:\Projects\RL-LAM-ScanOpt\cae_model\stage3_ppo_final_expansion_224_to_320_batch224_v01\final_expansion_batch01\N16\PPOFINAL_N16_B024_quality\scan_order_PPOFINAL_N16_B024_quality.json,E:\Projects\RL-LAM-ScanOpt\cae_model\stage3_ppo_final_expansion_224_to_320_batch224_v01\final_expansion_batch01\N16\PPOFINAL_N16_B024_quality\J2D_PPOFINAL_N16_B024_quality.cae,E:\Projects\RL-LAM-ScanOpt\cae_model\stage3_ppo_final_expansion_224_to_320_batch224_v01\final_expansion_batch01\N16\PPOFINAL_N16_B024_quality\J2D_PPOFINAL_N16_B024_quality.inp,E:\Projects\RL-LAM-ScanOpt\cae_model\stage3_ppo_final_expansion_224_to_320_batch224_v01\final_expansion_batch01\N16\PPOFINAL_N16_B024_quality\J2D_PPOFINAL_N16_B024_quality.jnl,GENERATED,PENDING,False,NOT_SUBMITTED,Stage U PPO final expansion CAE/INP generation only; no teacher metrics yet.
stageU_final_expansion_CAE_INP_handoff,stage3_ppo_final_expansion_224_to_320_batch224_v01,final_expansion_batch01,16,PPOFINAL_N16_B025_quality,J2D_PPOFINAL_N16_B025_quality,E:\Projects\RL-LAM-ScanOpt\cae_model\stage3_ppo_final_expansion_224_to_320_batch224_v01\final_expansion_batch01\N16\PPOFINAL_N16_B025_quality,E:\Projects\RL-LAM-ScanOpt\cae_model\stage3_ppo_final_expansion_224_to_320_batch224_v01\final_expansion_batch01\N16\PPOFINAL_N16_B025_quality\scan_order_PPOFINAL_N16_B025_quality.json,E:\Projects\RL-LAM-ScanOpt\cae_model\stage3_ppo_final_expansion_224_to_320_batch224_v01\final_expansion_batch01\N16\PPOFINAL_N16_B025_quality\J2D_PPOFINAL_N16_B025_quality.cae,E:\Projects\RL-LAM-ScanOpt\cae_model\stage3_ppo_final_expansion_224_to_320_batch224_v01\final_expansion_batch01\N16\PPOFINAL_N16_B025_quality\J2D_PPOFINAL_N16_B025_quality.inp,E:\Projects\RL-LAM-ScanOpt\cae_model\stage3_ppo_final_expansion_224_to_320_batch224_v01\final_expansion_batch01\N16\PPOFINAL_N16_B025_quality\J2D_PPOFINAL_N16_B025_quality.jnl,GENERATED,PENDING,False,NOT_SUBMITTED,Stage U PPO final expansion CAE/INP generation only; no teacher metrics yet.
stageU_final_expansion_CAE_INP_handoff,stage3_ppo_final_expansion_224_to_320_batch224_v01,final_expansion_batch01,16,PPOFINAL_N16_B026_quality,J2D_PPOFINAL_N16_B026_quality,E:\Projects\RL-LAM-ScanOpt\cae_model\stage3_ppo_final_expansion_224_to_320_batch224_v01\final_expansion_batch01\N16\PPOFINAL_N16_B026_quality,E:\Projects\RL-LAM-ScanOpt\cae_model\stage3_ppo_final_expansion_224_to_320_batch224_v01\final_expansion_batch01\N16\PPOFINAL_N16_B026_quality\scan_order_PPOFINAL_N16_B026_quality.json,E:\Projects\RL-LAM-ScanOpt\cae_model\stage3_ppo_final_expansion_224_to_320_batch224_v01\final_expansion_batch01\N16\PPOFINAL_N16_B026_quality\J2D_PPOFINAL_N16_B026_quality.cae,E:\Projects\RL-LAM-ScanOpt\cae_model\stage3_ppo_final_expansion_224_to_320_batch224_v01\final_expansion_batch01\N16\PPOFINAL_N16_B026_quality\J2D_PPOFINAL_N16_B026_quality.inp,E:\Projects\RL-LAM-ScanOpt\cae_model\stage3_ppo_final_expansion_224_to_320_batch224_v01\final_expansion_batch01\N16\PPOFINAL_N16_B026_quality\J2D_PPOFINAL_N16_B026_quality.jnl,GENERATED,PENDING,False,NOT_SUBMITTED,Stage U PPO final expansion CAE/INP generation only; no teacher metrics yet.
stageU_final_expansion_CAE_INP_handoff,stage3_ppo_final_expansion_224_to_320_batch224_v01,final_expansion_batch01,16,PPOFINAL_N16_B027_quality,J2D_PPOFINAL_N16_B027_quality,E:\Projects\RL-LAM-ScanOpt\cae_model\stage3_ppo_final_expansion_224_to_320_batch224_v01\final_expansion_batch01\N16\PPOFINAL_N16_B027_quality,E:\Projects\RL-LAM-ScanOpt\cae_model\stage3_ppo_final_expansion_224_to_320_batch224_v01\final_expansion_batch01\N16\PPOFINAL_N16_B027_quality\scan_order_PPOFINAL_N16_B027_quality.json,E:\Projects\RL-LAM-ScanOpt\cae_model\stage3_ppo_final_expansion_224_to_320_batch224_v01\final_expansion_batch01\N16\PPOFINAL_N16_B027_quality\J2D_PPOFINAL_N16_B027_quality.cae,E:\Projects\RL-LAM-ScanOpt\cae_model\stage3_ppo_final_expansion_224_to_320_batch224_v01\final_expansion_batch01\N16\PPOFINAL_N16_B027_quality\J2D_PPOFINAL_N16_B027_quality.inp,E:\Projects\RL-LAM-ScanOpt\cae_model\stage3_ppo_final_expansion_224_to_320_batch224_v01\final_expansion_batch01\N16\PPOFINAL_N16_B027_quality\J2D_PPOFINAL_N16_B027_quality.jnl,GENERATED,PENDING,False,NOT_SUBMITTED,Stage U PPO final expansion CAE/INP generation only; no teacher metrics yet.
stageU_final_expansion_CAE_INP_handoff,stage3_ppo_final_expansion_224_to_320_batch224_v01,final_expansion_batch01,16,PPOFINAL_N16_B028_diversity,J2D_PPOFINAL_N16_B028_diversity,E:\Projects\RL-LAM-ScanOpt\cae_model\stage3_ppo_final_expansion_224_to_320_batch224_v01\final_expansion_batch01\N16\PPOFINAL_N16_B028_diversity,E:\Projects\RL-LAM-ScanOpt\cae_model\stage3_ppo_final_expansion_224_to_320_batch224_v01\final_expansion_batch01\N16\PPOFINAL_N16_B028_diversity\scan_order_PPOFINAL_N16_B028_diversity.json,E:\Projects\RL-LAM-ScanOpt\cae_model\stage3_ppo_final_expansion_224_to_320_batch224_v01\final_expansion_batch01\N16\PPOFINAL_N16_B028_diversity\J2D_PPOFINAL_N16_B028_diversity.cae,E:\Projects\RL-LAM-ScanOpt\cae_model\stage3_ppo_final_expansion_224_to_320_batch224_v01\final_expansion_batch01\N16\PPOFINAL_N16_B028_diversity\J2D_PPOFINAL_N16_B028_diversity.inp,E:\Projects\RL-LAM-ScanOpt\cae_model\stage3_ppo_final_expansion_224_to_320_batch224_v01\final_expansion_batch01\N16\PPOFINAL_N16_B028_diversity\J2D_PPOFINAL_N16_B028_diversity.jnl,GENERATED,PENDING,False,NOT_SUBMITTED,Stage U PPO final expansion CAE/INP generation only; no teacher metrics yet.
stageU_final_expansion_CAE_INP_handoff,stage3_ppo_final_expansion_224_to_320_batch224_v01,final_expansion_batch01,16,PPOFINAL_N16_B029_diversity,J2D_PPOFINAL_N16_B029_diversity,E:\Projects\RL-LAM-ScanOpt\cae_model\stage3_ppo_final_expansion_224_to_320_batch224_v01\final_expansion_batch01\N16\PPOFINAL_N16_B029_diversity,E:\Projects\RL-LAM-ScanOpt\cae_model\stage3_ppo_final_expansion_224_to_320_batch224_v01\final_expansion_batch01\N16\PPOFINAL_N16_B029_diversity\scan_order_PPOFINAL_N16_B029_diversity.json,E:\Projects\RL-LAM-ScanOpt\cae_model\stage3_ppo_final_expansion_224_to_320_batch224_v01\final_expansion_batch01\N16\PPOFINAL_N16_B029_diversity\J2D_PPOFINAL_N16_B029_diversity.cae,E:\Projects\RL-LAM-ScanOpt\cae_model\stage3_ppo_final_expansion_224_to_320_batch224_v01\final_expansion_batch01\N16\PPOFINAL_N16_B029_diversity\J2D_PPOFINAL_N16_B029_diversity.inp,E:\Projects\RL-LAM-ScanOpt\cae_model\stage3_ppo_final_expansion_224_to_320_batch224_v01\final_expansion_batch01\N16\PPOFINAL_N16_B029_diversity\J2D_PPOFINAL_N16_B029_diversity.jnl,GENERATED,PENDING,False,NOT_SUBMITTED,Stage U PPO final expansion CAE/INP generation only; no teacher metrics yet.
stageU_final_expansion_CAE_INP_handoff,stage3_ppo_final_expansion_224_to_320_batch224_v01,final_expansion_batch01,16,PPOFINAL_N16_B030_diversity,J2D_PPOFINAL_N16_B030_diversity,E:\Projects\RL-LAM-ScanOpt\cae_model\stage3_ppo_final_expansion_224_to_320_batch224_v01\final_expansion_batch01\N16\PPOFINAL_N16_B030_diversity,E:\Projects\RL-LAM-ScanOpt\cae_model\stage3_ppo_final_expansion_224_to_320_batch224_v01\final_expansion_batch01\N16\PPOFINAL_N16_B030_diversity\scan_order_PPOFINAL_N16_B030_diversity.json,E:\Projects\RL-LAM-ScanOpt\cae_model\stage3_ppo_final_expansion_224_to_320_batch224_v01\final_expansion_batch01\N16\PPOFINAL_N16_B030_diversity\J2D_PPOFINAL_N16_B030_diversity.cae,E:\Projects\RL-LAM-ScanOpt\cae_model\stage3_ppo_final_expansion_224_to_320_batch224_v01\final_expansion_batch01\N16\PPOFINAL_N16_B030_diversity\J2D_PPOFINAL_N16_B030_diversity.inp,E:\Projects\RL-LAM-ScanOpt\cae_model\stage3_ppo_final_expansion_224_to_320_batch224_v01\final_expansion_batch01\N16\PPOFINAL_N16_B030_diversity\J2D_PPOFINAL_N16_B030_diversity.jnl,GENERATED,PENDING,False,NOT_SUBMITTED,Stage U PPO final expansion CAE/INP generation only; no teacher metrics yet.
stageU_final_expansion_CAE_INP_handoff,stage3_ppo_final_expansion_224_to_320_batch224_v01,final_expansion_batch01,16,PPOFINAL_N16_B031_diversity,J2D_PPOFINAL_N16_B031_diversity,E:\Projects\RL-LAM-ScanOpt\cae_model\stage3_ppo_final_expansion_224_to_320_batch224_v01\final_expansion_batch01\N16\PPOFINAL_N16_B031_diversity,E:\Projects\RL-LAM-ScanOpt\cae_model\stage3_ppo_final_expansion_224_to_320_batch224_v01\final_expansion_batch01\N16\PPOFINAL_N16_B031_diversity\scan_order_PPOFINAL_N16_B031_diversity.json,E:\Projects\RL-LAM-ScanOpt\cae_model\stage3_ppo_final_expansion_224_to_320_batch224_v01\final_expansion_batch01\N16\PPOFINAL_N16_B031_diversity\J2D_PPOFINAL_N16_B031_diversity.cae,E:\Projects\RL-LAM-ScanOpt\cae_model\stage3_ppo_final_expansion_224_to_320_batch224_v01\final_expansion_batch01\N16\PPOFINAL_N16_B031_diversity\J2D_PPOFINAL_N16_B031_diversity.inp,E:\Projects\RL-LAM-ScanOpt\cae_model\stage3_ppo_final_expansion_224_to_320_batch224_v01\final_expansion_batch01\N16\PPOFINAL_N16_B031_diversity\J2D_PPOFINAL_N16_B031_diversity.jnl,GENERATED,PENDING,False,NOT_SUBMITTED,Stage U PPO final expansion CAE/INP generation only; no teacher metrics yet.
stageU_final_expansion_CAE_INP_handoff,stage3_ppo_final_expansion_224_to_320_batch224_v01,final_expansion_batch01,16,PPOFINAL_N16_B032_diversity,J2D_PPOFINAL_N16_B032_diversity,E:\Projects\RL-LAM-ScanOpt\cae_model\stage3_ppo_final_expansion_224_to_320_batch224_v01\final_expansion_batch01\N16\PPOFINAL_N16_B032_diversity,E:\Projects\RL-LAM-ScanOpt\cae_model\stage3_ppo_final_expansion_224_to_320_batch224_v01\final_expansion_batch01\N16\PPOFINAL_N16_B032_diversity\scan_order_PPOFINAL_N16_B032_diversity.json,E:\Projects\RL-LAM-ScanOpt\cae_model\stage3_ppo_final_expansion_224_to_320_batch224_v01\final_expansion_batch01\N16\PPOFINAL_N16_B032_diversity\J2D_PPOFINAL_N16_B032_diversity.cae,E:\Projects\RL-LAM-ScanOpt\cae_model\stage3_ppo_final_expansion_224_to_320_batch224_v01\final_expansion_batch01\N16\PPOFINAL_N16_B032_diversity\J2D_PPOFINAL_N16_B032_diversity.inp,E:\Projects\RL-LAM-ScanOpt\cae_model\stage3_ppo_final_expansion_224_to_320_batch224_v01\final_expansion_batch01\N16\PPOFINAL_N16_B032_diversity\J2D_PPOFINAL_N16_B032_diversity.jnl,GENERATED,PENDING,False,NOT_SUBMITTED,Stage U PPO final expansion CAE/INP generation only; no teacher metrics yet.
stageU_final_expansion_CAE_INP_handoff,stage3_ppo_final_expansion_224_to_320_batch224_v01,final_expansion_batch02,12,PPOFINAL_N12_B033_diversity,J2D_PPOFINAL_N12_B033_diversity,E:\Projects\RL-LAM-ScanOpt\cae_model\stage3_ppo_final_expansion_224_to_320_batch224_v01\final_expansion_batch02\N12\PPOFINAL_N12_B033_diversity,E:\Projects\RL-LAM-ScanOpt\cae_model\stage3_ppo_final_expansion_224_to_320_batch224_v01\final_expansion_batch02\N12\PPOFINAL_N12_B033_diversity\scan_order_PPOFINAL_N12_B033_diversity.json,E:\Projects\RL-LAM-ScanOpt\cae_model\stage3_ppo_final_expansion_224_to_320_batch224_v01\final_expansion_batch02\N12\PPOFINAL_N12_B033_diversity\J2D_PPOFINAL_N12_B033_diversity.cae,E:\Projects\RL-LAM-ScanOpt\cae_model\stage3_ppo_final_expansion_224_to_320_batch224_v01\final_expansion_batch02\N12\PPOFINAL_N12_B033_diversity\J2D_PPOFINAL_N12_B033_diversity.inp,E:\Projects\RL-LAM-ScanOpt\cae_model\stage3_ppo_final_expansion_224_to_320_batch224_v01\final_expansion_batch02\N12\PPOFINAL_N12_B033_diversity\J2D_PPOFINAL_N12_B033_diversity.jnl,GENERATED,PENDING,False,NOT_SUBMITTED,Stage U PPO final expansion CAE/INP generation only; no teacher metrics yet.
stageU_final_expansion_CAE_INP_handoff,stage3_ppo_final_expansion_224_to_320_batch224_v01,final_expansion_batch02,12,PPOFINAL_N12_B034_diversity,J2D_PPOFINAL_N12_B034_diversity,E:\Projects\RL-LAM-ScanOpt\cae_model\stage3_ppo_final_expansion_224_to_320_batch224_v01\final_expansion_batch02\N12\PPOFINAL_N12_B034_diversity,E:\Projects\RL-LAM-ScanOpt\cae_model\stage3_ppo_final_expansion_224_to_320_batch224_v01\final_expansion_batch02\N12\PPOFINAL_N12_B034_diversity\scan_order_PPOFINAL_N12_B034_diversity.json,E:\Projects\RL-LAM-ScanOpt\cae_model\stage3_ppo_final_expansion_224_to_320_batch224_v01\final_expansion_batch02\N12\PPOFINAL_N12_B034_diversity\J2D_PPOFINAL_N12_B034_diversity.cae,E:\Projects\RL-LAM-ScanOpt\cae_model\stage3_ppo_final_expansion_224_to_320_batch224_v01\final_expansion_batch02\N12\PPOFINAL_N12_B034_diversity\J2D_PPOFINAL_N12_B034_diversity.inp,E:\Projects\RL-LAM-ScanOpt\cae_model\stage3_ppo_final_expansion_224_to_320_batch224_v01\final_expansion_batch02\N12\PPOFINAL_N12_B034_diversity\J2D_PPOFINAL_N12_B034_diversity.jnl,GENERATED,PENDING,False,NOT_SUBMITTED,Stage U PPO final expansion CAE/INP generation only; no teacher metrics yet.
stageU_final_expansion_CAE_INP_handoff,stage3_ppo_final_expansion_224_to_320_batch224_v01,final_expansion_batch02,12,PPOFINAL_N12_B035_diversity,J2D_PPOFINAL_N12_B035_diversity,E:\Projects\RL-LAM-ScanOpt\cae_model\stage3_ppo_final_expansion_224_to_320_batch224_v01\final_expansion_batch02\N12\PPOFINAL_N12_B035_diversity,E:\Projects\RL-LAM-ScanOpt\cae_model\stage3_ppo_final_expansion_224_to_320_batch224_v01\final_expansion_batch02\N12\PPOFINAL_N12_B035_diversity\scan_order_PPOFINAL_N12_B035_diversity.json,E:\Projects\RL-LAM-ScanOpt\cae_model\stage3_ppo_final_expansion_224_to_320_batch224_v01\final_expansion_batch02\N12\PPOFINAL_N12_B035_diversity\J2D_PPOFINAL_N12_B035_diversity.cae,E:\Projects\RL-LAM-ScanOpt\cae_model\stage3_ppo_final_expansion_224_to_320_batch224_v01\final_expansion_batch02\N12\PPOFINAL_N12_B035_diversity\J2D_PPOFINAL_N12_B035_diversity.inp,E:\Projects\RL-LAM-ScanOpt\cae_model\stage3_ppo_final_expansion_224_to_320_batch224_v01\final_expansion_batch02\N12\PPOFINAL_N12_B035_diversity\J2D_PPOFINAL_N12_B035_diversity.jnl,GENERATED,PENDING,False,NOT_SUBMITTED,Stage U PPO final expansion CAE/INP generation only; no teacher metrics yet.
stageU_final_expansion_CAE_INP_handoff,stage3_ppo_final_expansion_224_to_320_batch224_v01,final_expansion_batch02,12,PPOFINAL_N12_B036_efficiency,J2D_PPOFINAL_N12_B036_efficiency,E:\Projects\RL-LAM-ScanOpt\cae_model\stage3_ppo_final_expansion_224_to_320_batch224_v01\final_expansion_batch02\N12\PPOFINAL_N12_B036_efficiency,E:\Projects\RL-LAM-ScanOpt\cae_model\stage3_ppo_final_expansion_224_to_320_batch224_v01\final_expansion_batch02\N12\PPOFINAL_N12_B036_efficiency\scan_order_PPOFINAL_N12_B036_efficiency.json,E:\Projects\RL-LAM-ScanOpt\cae_model\stage3_ppo_final_expansion_224_to_320_batch224_v01\final_expansion_batch02\N12\PPOFINAL_N12_B036_efficiency\J2D_PPOFINAL_N12_B036_efficiency.cae,E:\Projects\RL-LAM-ScanOpt\cae_model\stage3_ppo_final_expansion_224_to_320_batch224_v01\final_expansion_batch02\N12\PPOFINAL_N12_B036_efficiency\J2D_PPOFINAL_N12_B036_efficiency.inp,E:\Projects\RL-LAM-ScanOpt\cae_model\stage3_ppo_final_expansion_224_to_320_batch224_v01\final_expansion_batch02\N12\PPOFINAL_N12_B036_efficiency\J2D_PPOFINAL_N12_B036_efficiency.jnl,GENERATED,PENDING,False,NOT_SUBMITTED,Stage U PPO final expansion CAE/INP generation only; no teacher metrics yet.
stageU_final_expansion_CAE_INP_handoff,stage3_ppo_final_expansion_224_to_320_batch224_v01,final_expansion_batch02,12,PPOFINAL_N12_B037_efficiency,J2D_PPOFINAL_N12_B037_efficiency,E:\Projects\RL-LAM-ScanOpt\cae_model\stage3_ppo_final_expansion_224_to_320_batch224_v01\final_expansion_batch02\N12\PPOFINAL_N12_B037_efficiency,E:\Projects\RL-LAM-ScanOpt\cae_model\stage3_ppo_final_expansion_224_to_320_batch224_v01\final_expansion_batch02\N12\PPOFINAL_N12_B037_efficiency\scan_order_PPOFINAL_N12_B037_efficiency.json,E:\Projects\RL-LAM-ScanOpt\cae_model\stage3_ppo_final_expansion_224_to_320_batch224_v01\final_expansion_batch02\N12\PPOFINAL_N12_B037_efficiency\J2D_PPOFINAL_N12_B037_efficiency.cae,E:\Projects\RL-LAM-ScanOpt\cae_model\stage3_ppo_final_expansion_224_to_320_batch224_v01\final_expansion_batch02\N12\PPOFINAL_N12_B037_efficiency\J2D_PPOFINAL_N12_B037_efficiency.inp,E:\Projects\RL-LAM-ScanOpt\cae_model\stage3_ppo_final_expansion_224_to_320_batch224_v01\final_expansion_batch02\N12\PPOFINAL_N12_B037_efficiency\J2D_PPOFINAL_N12_B037_efficiency.jnl,GENERATED,PENDING,False,NOT_SUBMITTED,Stage U PPO final expansion CAE/INP generation only; no teacher metrics yet.
stageU_final_expansion_CAE_INP_handoff,stage3_ppo_final_expansion_224_to_320_batch224_v01,final_expansion_batch02,12,PPOFINAL_N12_B038_efficiency,J2D_PPOFINAL_N12_B038_efficiency,E:\Projects\RL-LAM-ScanOpt\cae_model\stage3_ppo_final_expansion_224_to_320_batch224_v01\final_expansion_batch02\N12\PPOFINAL_N12_B038_efficiency,E:\Projects\RL-LAM-ScanOpt\cae_model\stage3_ppo_final_expansion_224_to_320_batch224_v01\final_expansion_batch02\N12\PPOFINAL_N12_B038_efficiency\scan_order_PPOFINAL_N12_B038_efficiency.json,E:\Projects\RL-LAM-ScanOpt\cae_model\stage3_ppo_final_expansion_224_to_320_batch224_v01\final_expansion_batch02\N12\PPOFINAL_N12_B038_efficiency\J2D_PPOFINAL_N12_B038_efficiency.cae,E:\Projects\RL-LAM-ScanOpt\cae_model\stage3_ppo_final_expansion_224_to_320_batch224_v01\final_expansion_batch02\N12\PPOFINAL_N12_B038_efficiency\J2D_PPOFINAL_N12_B038_efficiency.inp,E:\Projects\RL-LAM-ScanOpt\cae_model\stage3_ppo_final_expansion_224_to_320_batch224_v01\final_expansion_batch02\N12\PPOFINAL_N12_B038_efficiency\J2D_PPOFINAL_N12_B038_efficiency.jnl,GENERATED,PENDING,False,NOT_SUBMITTED,Stage U PPO final expansion CAE/INP generation only; no teacher metrics yet.
stageU_final_expansion_CAE_INP_handoff,stage3_ppo_final_expansion_224_to_320_batch224_v01,final_expansion_batch02,12,PPOFINAL_N12_B039_efficiency,J2D_PPOFINAL_N12_B039_efficiency,E:\Projects\RL-LAM-ScanOpt\cae_model\stage3_ppo_final_expansion_224_to_320_batch224_v01\final_expansion_batch02\N12\PPOFINAL_N12_B039_efficiency,E:\Projects\RL-LAM-ScanOpt\cae_model\stage3_ppo_final_expansion_224_to_320_batch224_v01\final_expansion_batch02\N12\PPOFINAL_N12_B039_efficiency\scan_order_PPOFINAL_N12_B039_efficiency.json,E:\Projects\RL-LAM-ScanOpt\cae_model\stage3_ppo_final_expansion_224_to_320_batch224_v01\final_expansion_batch02\N12\PPOFINAL_N12_B039_efficiency\J2D_PPOFINAL_N12_B039_efficiency.cae,E:\Projects\RL-LAM-ScanOpt\cae_model\stage3_ppo_final_expansion_224_to_320_batch224_v01\final_expansion_batch02\N12\PPOFINAL_N12_B039_efficiency\J2D_PPOFINAL_N12_B039_efficiency.inp,E:\Projects\RL-LAM-ScanOpt\cae_model\stage3_ppo_final_expansion_224_to_320_batch224_v01\final_expansion_batch02\N12\PPOFINAL_N12_B039_efficiency\J2D_PPOFINAL_N12_B039_efficiency.jnl,GENERATED,PENDING,False,NOT_SUBMITTED,Stage U PPO final expansion CAE/INP generation only; no teacher metrics yet.
stageU_final_expansion_CAE_INP_handoff,stage3_ppo_final_expansion_224_to_320_batch224_v01,final_expansion_batch02,12,PPOFINAL_N12_B040_efficiency,J2D_PPOFINAL_N12_B040_efficiency,E:\Projects\RL-LAM-ScanOpt\cae_model\stage3_ppo_final_expansion_224_to_320_batch224_v01\final_expansion_batch02\N12\PPOFINAL_N12_B040_efficiency,E:\Projects\RL-LAM-ScanOpt\cae_model\stage3_ppo_final_expansion_224_to_320_batch224_v01\final_expansion_batch02\N12\PPOFINAL_N12_B040_efficiency\scan_order_PPOFINAL_N12_B040_efficiency.json,E:\Projects\RL-LAM-ScanOpt\cae_model\stage3_ppo_final_expansion_224_to_320_batch224_v01\final_expansion_batch02\N12\PPOFINAL_N12_B040_efficiency\J2D_PPOFINAL_N12_B040_efficiency.cae,E:\Projects\RL-LAM-ScanOpt\cae_model\stage3_ppo_final_expansion_224_to_320_batch224_v01\final_expansion_batch02\N12\PPOFINAL_N12_B040_efficiency\J2D_PPOFINAL_N12_B040_efficiency.inp,E:\Projects\RL-LAM-ScanOpt\cae_model\stage3_ppo_final_expansion_224_to_320_batch224_v01\final_expansion_batch02\N12\PPOFINAL_N12_B040_efficiency\J2D_PPOFINAL_N12_B040_efficiency.jnl,GENERATED,PENDING,False,NOT_SUBMITTED,Stage U PPO final expansion CAE/INP generation only; no teacher metrics yet.
stageU_final_expansion_CAE_INP_handoff,stage3_ppo_final_expansion_224_to_320_batch224_v01,final_expansion_batch02,12,PPOFINAL_N12_B041_efficiency,J2D_PPOFINAL_N12_B041_efficiency,E:\Projects\RL-LAM-ScanOpt\cae_model\stage3_ppo_final_expansion_224_to_320_batch224_v01\final_expansion_batch02\N12\PPOFINAL_N12_B041_efficiency,E:\Projects\RL-LAM-ScanOpt\cae_model\stage3_ppo_final_expansion_224_to_320_batch224_v01\final_expansion_batch02\N12\PPOFINAL_N12_B041_efficiency\scan_order_PPOFINAL_N12_B041_efficiency.json,E:\Projects\RL-LAM-ScanOpt\cae_model\stage3_ppo_final_expansion_224_to_320_batch224_v01\final_expansion_batch02\N12\PPOFINAL_N12_B041_efficiency\J2D_PPOFINAL_N12_B041_efficiency.cae,E:\Projects\RL-LAM-ScanOpt\cae_model\stage3_ppo_final_expansion_224_to_320_batch224_v01\final_expansion_batch02\N12\PPOFINAL_N12_B041_efficiency\J2D_PPOFINAL_N12_B041_efficiency.inp,E:\Projects\RL-LAM-ScanOpt\cae_model\stage3_ppo_final_expansion_224_to_320_batch224_v01\final_expansion_batch02\N12\PPOFINAL_N12_B041_efficiency\J2D_PPOFINAL_N12_B041_efficiency.jnl,GENERATED,PENDING,False,NOT_SUBMITTED,Stage U PPO final expansion CAE/INP generation only; no teacher metrics yet.
stageU_final_expansion_CAE_INP_handoff,stage3_ppo_final_expansion_224_to_320_batch224_v01,final_expansion_batch02,12,PPOFINAL_N12_B042_novelty,J2D_PPOFINAL_N12_B042_novelty,E:\Projects\RL-LAM-ScanOpt\cae_model\stage3_ppo_final_expansion_224_to_320_batch224_v01\final_expansion_batch02\N12\PPOFINAL_N12_B042_novelty,E:\Projects\RL-LAM-ScanOpt\cae_model\stage3_ppo_final_expansion_224_to_320_batch224_v01\final_expansion_batch02\N12\PPOFINAL_N12_B042_novelty\scan_order_PPOFINAL_N12_B042_novelty.json,E:\Projects\RL-LAM-ScanOpt\cae_model\stage3_ppo_final_expansion_224_to_320_batch224_v01\final_expansion_batch02\N12\PPOFINAL_N12_B042_novelty\J2D_PPOFINAL_N12_B042_novelty.cae,E:\Projects\RL-LAM-ScanOpt\cae_model\stage3_ppo_final_expansion_224_to_320_batch224_v01\final_expansion_batch02\N12\PPOFINAL_N12_B042_novelty\J2D_PPOFINAL_N12_B042_novelty.inp,E:\Projects\RL-LAM-ScanOpt\cae_model\stage3_ppo_final_expansion_224_to_320_batch224_v01\final_expansion_batch02\N12\PPOFINAL_N12_B042_novelty\J2D_PPOFINAL_N12_B042_novelty.jnl,GENERATED,PENDING,False,NOT_SUBMITTED,Stage U PPO final expansion CAE/INP generation only; no teacher metrics yet.
stageU_final_expansion_CAE_INP_handoff,stage3_ppo_final_expansion_224_to_320_batch224_v01,final_expansion_batch02,12,PPOFINAL_N12_B043_novelty,J2D_PPOFINAL_N12_B043_novelty,E:\Projects\RL-LAM-ScanOpt\cae_model\stage3_ppo_final_expansion_224_to_320_batch224_v01\final_expansion_batch02\N12\PPOFINAL_N12_B043_novelty,E:\Projects\RL-LAM-ScanOpt\cae_model\stage3_ppo_final_expansion_224_to_320_batch224_v01\final_expansion_batch02\N12\PPOFINAL_N12_B043_novelty\scan_order_PPOFINAL_N12_B043_novelty.json,E:\Projects\RL-LAM-ScanOpt\cae_model\stage3_ppo_final_expansion_224_to_320_batch224_v01\final_expansion_batch02\N12\PPOFINAL_N12_B043_novelty\J2D_PPOFINAL_N12_B043_novelty.cae,E:\Projects\RL-LAM-ScanOpt\cae_model\stage3_ppo_final_expansion_224_to_320_batch224_v01\final_expansion_batch02\N12\PPOFINAL_N12_B043_novelty\J2D_PPOFINAL_N12_B043_novelty.inp,E:\Projects\RL-LAM-ScanOpt\cae_model\stage3_ppo_final_expansion_224_to_320_batch224_v01\final_expansion_batch02\N12\PPOFINAL_N12_B043_novelty\J2D_PPOFINAL_N12_B043_novelty.jnl,GENERATED,PENDING,False,NOT_SUBMITTED,Stage U PPO final expansion CAE/INP generation only; no teacher metrics yet.
stageU_final_expansion_CAE_INP_handoff,stage3_ppo_final_expansion_224_to_320_batch224_v01,final_expansion_batch02,12,PPOFINAL_N12_B044_novelty,J2D_PPOFINAL_N12_B044_novelty,E:\Projects\RL-LAM-ScanOpt\cae_model\stage3_ppo_final_expansion_224_to_320_batch224_v01\final_expansion_batch02\N12\PPOFINAL_N12_B044_novelty,E:\Projects\RL-LAM-ScanOpt\cae_model\stage3_ppo_final_expansion_224_to_320_batch224_v01\final_expansion_batch02\N12\PPOFINAL_N12_B044_novelty\scan_order_PPOFINAL_N12_B044_novelty.json,E:\Projects\RL-LAM-ScanOpt\cae_model\stage3_ppo_final_expansion_224_to_320_batch224_v01\final_expansion_batch02\N12\PPOFINAL_N12_B044_novelty\J2D_PPOFINAL_N12_B044_novelty.cae,E:\Projects\RL-LAM-ScanOpt\cae_model\stage3_ppo_final_expansion_224_to_320_batch224_v01\final_expansion_batch02\N12\PPOFINAL_N12_B044_novelty\J2D_PPOFINAL_N12_B044_novelty.inp,E:\Projects\RL-LAM-ScanOpt\cae_model\stage3_ppo_final_expansion_224_to_320_batch224_v01\final_expansion_batch02\N12\PPOFINAL_N12_B044_novelty\J2D_PPOFINAL_N12_B044_novelty.jnl,GENERATED,PENDING,False,NOT_SUBMITTED,Stage U PPO final expansion CAE/INP generation only; no teacher metrics yet.
stageU_final_expansion_CAE_INP_handoff,stage3_ppo_final_expansion_224_to_320_batch224_v01,final_expansion_batch02,12,PPOFINAL_N12_B045_baseline_proximity,J2D_PPOFINAL_N12_B045_baseline_proximity,E:\Projects\RL-LAM-ScanOpt\cae_model\stage3_ppo_final_expansion_224_to_320_batch224_v01\final_expansion_batch02\N12\PPOFINAL_N12_B045_baseline_proximity,E:\Projects\RL-LAM-ScanOpt\cae_model\stage3_ppo_final_expansion_224_to_320_batch224_v01\final_expansion_batch02\N12\PPOFINAL_N12_B045_baseline_proximity\scan_order_PPOFINAL_N12_B045_baseline_proximity.json,E:\Projects\RL-LAM-ScanOpt\cae_model\stage3_ppo_final_expansion_224_to_320_batch224_v01\final_expansion_batch02\N12\PPOFINAL_N12_B045_baseline_proximity\J2D_PPOFINAL_N12_B045_baseline_proximity.cae,E:\Projects\RL-LAM-ScanOpt\cae_model\stage3_ppo_final_expansion_224_to_320_batch224_v01\final_expansion_batch02\N12\PPOFINAL_N12_B045_baseline_proximity\J2D_PPOFINAL_N12_B045_baseline_proximity.inp,E:\Projects\RL-LAM-ScanOpt\cae_model\stage3_ppo_final_expansion_224_to_320_batch224_v01\final_expansion_batch02\N12\PPOFINAL_N12_B045_baseline_proximity\J2D_PPOFINAL_N12_B045_baseline_proximity.jnl,GENERATED,PENDING,False,NOT_SUBMITTED,Stage U PPO final expansion CAE/INP generation only; no teacher metrics yet.
stageU_final_expansion_CAE_INP_handoff,stage3_ppo_final_expansion_224_to_320_batch224_v01,final_expansion_batch02,12,PPOFINAL_N12_B046_baseline_proximity,J2D_PPOFINAL_N12_B046_baseline_proximity,E:\Projects\RL-LAM-ScanOpt\cae_model\stage3_ppo_final_expansion_224_to_320_batch224_v01\final_expansion_batch02\N12\PPOFINAL_N12_B046_baseline_proximity,E:\Projects\RL-LAM-ScanOpt\cae_model\stage3_ppo_final_expansion_224_to_320_batch224_v01\final_expansion_batch02\N12\PPOFINAL_N12_B046_baseline_proximity\scan_order_PPOFINAL_N12_B046_baseline_proximity.json,E:\Projects\RL-LAM-ScanOpt\cae_model\stage3_ppo_final_expansion_224_to_320_batch224_v01\final_expansion_batch02\N12\PPOFINAL_N12_B046_baseline_proximity\J2D_PPOFINAL_N12_B046_baseline_proximity.cae,E:\Projects\RL-LAM-ScanOpt\cae_model\stage3_ppo_final_expansion_224_to_320_batch224_v01\final_expansion_batch02\N12\PPOFINAL_N12_B046_baseline_proximity\J2D_PPOFINAL_N12_B046_baseline_proximity.inp,E:\Projects\RL-LAM-ScanOpt\cae_model\stage3_ppo_final_expansion_224_to_320_batch224_v01\final_expansion_batch02\N12\PPOFINAL_N12_B046_baseline_proximity\J2D_PPOFINAL_N12_B046_baseline_proximity.jnl,GENERATED,PENDING,False,NOT_SUBMITTED,Stage U PPO final expansion CAE/INP generation only; no teacher metrics yet.
stageU_final_expansion_CAE_INP_handoff,stage3_ppo_final_expansion_224_to_320_batch224_v01,final_expansion_batch02,12,PPOFINAL_N12_B047_baseline_proximity,J2D_PPOFINAL_N12_B047_baseline_proximity,E:\Projects\RL-LAM-ScanOpt\cae_model\stage3_ppo_final_expansion_224_to_320_batch224_v01\final_expansion_batch02\N12\PPOFINAL_N12_B047_baseline_proximity,E:\Projects\RL-LAM-ScanOpt\cae_model\stage3_ppo_final_expansion_224_to_320_batch224_v01\final_expansion_batch02\N12\PPOFINAL_N12_B047_baseline_proximity\scan_order_PPOFINAL_N12_B047_baseline_proximity.json,E:\Projects\RL-LAM-ScanOpt\cae_model\stage3_ppo_final_expansion_224_to_320_batch224_v01\final_expansion_batch02\N12\PPOFINAL_N12_B047_baseline_proximity\J2D_PPOFINAL_N12_B047_baseline_proximity.cae,E:\Projects\RL-LAM-ScanOpt\cae_model\stage3_ppo_final_expansion_224_to_320_batch224_v01\final_expansion_batch02\N12\PPOFINAL_N12_B047_baseline_proximity\J2D_PPOFINAL_N12_B047_baseline_proximity.inp,E:\Projects\RL-LAM-ScanOpt\cae_model\stage3_ppo_final_expansion_224_to_320_batch224_v01\final_expansion_batch02\N12\PPOFINAL_N12_B047_baseline_proximity\J2D_PPOFINAL_N12_B047_baseline_proximity.jnl,GENERATED,PENDING,False,NOT_SUBMITTED,Stage U PPO final expansion CAE/INP generation only; no teacher metrics yet.
stageU_final_expansion_CAE_INP_handoff,stage3_ppo_final_expansion_224_to_320_batch224_v01,final_expansion_batch02,12,PPOFINAL_N12_B048_baseline_proximity,J2D_PPOFINAL_N12_B048_baseline_proximity,E:\Projects\RL-LAM-ScanOpt\cae_model\stage3_ppo_final_expansion_224_to_320_batch224_v01\final_expansion_batch02\N12\PPOFINAL_N12_B048_baseline_proximity,E:\Projects\RL-LAM-ScanOpt\cae_model\stage3_ppo_final_expansion_224_to_320_batch224_v01\final_expansion_batch02\N12\PPOFINAL_N12_B048_baseline_proximity\scan_order_PPOFINAL_N12_B048_baseline_proximity.json,E:\Projects\RL-LAM-ScanOpt\cae_model\stage3_ppo_final_expansion_224_to_320_batch224_v01\final_expansion_batch02\N12\PPOFINAL_N12_B048_baseline_proximity\J2D_PPOFINAL_N12_B048_baseline_proximity.cae,E:\Projects\RL-LAM-ScanOpt\cae_model\stage3_ppo_final_expansion_224_to_320_batch224_v01\final_expansion_batch02\N12\PPOFINAL_N12_B048_baseline_proximity\J2D_PPOFINAL_N12_B048_baseline_proximity.inp,E:\Projects\RL-LAM-ScanOpt\cae_model\stage3_ppo_final_expansion_224_to_320_batch224_v01\final_expansion_batch02\N12\PPOFINAL_N12_B048_baseline_proximity\J2D_PPOFINAL_N12_B048_baseline_proximity.jnl,GENERATED,PENDING,False,NOT_SUBMITTED,Stage U PPO final expansion CAE/INP generation only; no teacher metrics yet.
stageU_final_expansion_CAE_INP_handoff,stage3_ppo_final_expansion_224_to_320_batch224_v01,final_expansion_batch02,16,PPOFINAL_N16_B049_diversity,J2D_PPOFINAL_N16_B049_diversity,E:\Projects\RL-LAM-ScanOpt\cae_model\stage3_ppo_final_expansion_224_to_320_batch224_v01\final_expansion_batch02\N16\PPOFINAL_N16_B049_diversity,E:\Projects\RL-LAM-ScanOpt\cae_model\stage3_ppo_final_expansion_224_to_320_batch224_v01\final_expansion_batch02\N16\PPOFINAL_N16_B049_diversity\scan_order_PPOFINAL_N16_B049_diversity.json,E:\Projects\RL-LAM-ScanOpt\cae_model\stage3_ppo_final_expansion_224_to_320_batch224_v01\final_expansion_batch02\N16\PPOFINAL_N16_B049_diversity\J2D_PPOFINAL_N16_B049_diversity.cae,E:\Projects\RL-LAM-ScanOpt\cae_model\stage3_ppo_final_expansion_224_to_320_batch224_v01\final_expansion_batch02\N16\PPOFINAL_N16_B049_diversity\J2D_PPOFINAL_N16_B049_diversity.inp,E:\Projects\RL-LAM-ScanOpt\cae_model\stage3_ppo_final_expansion_224_to_320_batch224_v01\final_expansion_batch02\N16\PPOFINAL_N16_B049_diversity\J2D_PPOFINAL_N16_B049_diversity.jnl,GENERATED,PENDING,False,NOT_SUBMITTED,Stage U PPO final expansion CAE/INP generation only; no teacher metrics yet.
stageU_final_expansion_CAE_INP_handoff,stage3_ppo_final_expansion_224_to_320_batch224_v01,final_expansion_batch02,16,PPOFINAL_N16_B050_diversity,J2D_PPOFINAL_N16_B050_diversity,E:\Projects\RL-LAM-ScanOpt\cae_model\stage3_ppo_final_expansion_224_to_320_batch224_v01\final_expansion_batch02\N16\PPOFINAL_N16_B050_diversity,E:\Projects\RL-LAM-ScanOpt\cae_model\stage3_ppo_final_expansion_224_to_320_batch224_v01\final_expansion_batch02\N16\PPOFINAL_N16_B050_diversity\scan_order_PPOFINAL_N16_B050_diversity.json,E:\Projects\RL-LAM-ScanOpt\cae_model\stage3_ppo_final_expansion_224_to_320_batch224_v01\final_expansion_batch02\N16\PPOFINAL_N16_B050_diversity\J2D_PPOFINAL_N16_B050_diversity.cae,E:\Projects\RL-LAM-ScanOpt\cae_model\stage3_ppo_final_expansion_224_to_320_batch224_v01\final_expansion_batch02\N16\PPOFINAL_N16_B050_diversity\J2D_PPOFINAL_N16_B050_diversity.inp,E:\Projects\RL-LAM-ScanOpt\cae_model\stage3_ppo_final_expansion_224_to_320_batch224_v01\final_expansion_batch02\N16\PPOFINAL_N16_B050_diversity\J2D_PPOFINAL_N16_B050_diversity.jnl,GENERATED,PENDING,False,NOT_SUBMITTED,Stage U PPO final expansion CAE/INP generation only; no teacher metrics yet.
stageU_final_expansion_CAE_INP_handoff,stage3_ppo_final_expansion_224_to_320_batch224_v01,final_expansion_batch02,16,PPOFINAL_N16_B051_diversity,J2D_PPOFINAL_N16_B051_diversity,E:\Projects\RL-LAM-ScanOpt\cae_model\stage3_ppo_final_expansion_224_to_320_batch224_v01\final_expansion_batch02\N16\PPOFINAL_N16_B051_diversity,E:\Projects\RL-LAM-ScanOpt\cae_model\stage3_ppo_final_expansion_224_to_320_batch224_v01\final_expansion_batch02\N16\PPOFINAL_N16_B051_diversity\scan_order_PPOFINAL_N16_B051_diversity.json,E:\Projects\RL-LAM-ScanOpt\cae_model\stage3_ppo_final_expansion_224_to_320_batch224_v01\final_expansion_batch02\N16\PPOFINAL_N16_B051_diversity\J2D_PPOFINAL_N16_B051_diversity.cae,E:\Projects\RL-LAM-ScanOpt\cae_model\stage3_ppo_final_expansion_224_to_320_batch224_v01\final_expansion_batch02\N16\PPOFINAL_N16_B051_diversity\J2D_PPOFINAL_N16_B051_diversity.inp,E:\Projects\RL-LAM-ScanOpt\cae_model\stage3_ppo_final_expansion_224_to_320_batch224_v01\final_expansion_batch02\N16\PPOFINAL_N16_B051_diversity\J2D_PPOFINAL_N16_B051_diversity.jnl,GENERATED,PENDING,False,NOT_SUBMITTED,Stage U PPO final expansion CAE/INP generation only; no teacher metrics yet.
stageU_final_expansion_CAE_INP_handoff,stage3_ppo_final_expansion_224_to_320_batch224_v01,final_expansion_batch02,16,PPOFINAL_N16_B052_efficiency,J2D_PPOFINAL_N16_B052_efficiency,E:\Projects\RL-LAM-ScanOpt\cae_model\stage3_ppo_final_expansion_224_to_320_batch224_v01\final_expansion_batch02\N16\PPOFINAL_N16_B052_efficiency,E:\Projects\RL-LAM-ScanOpt\cae_model\stage3_ppo_final_expansion_224_to_320_batch224_v01\final_expansion_batch02\N16\PPOFINAL_N16_B052_efficiency\scan_order_PPOFINAL_N16_B052_efficiency.json,E:\Projects\RL-LAM-ScanOpt\cae_model\stage3_ppo_final_expansion_224_to_320_batch224_v01\final_expansion_batch02\N16\PPOFINAL_N16_B052_efficiency\J2D_PPOFINAL_N16_B052_efficiency.cae,E:\Projects\RL-LAM-ScanOpt\cae_model\stage3_ppo_final_expansion_224_to_320_batch224_v01\final_expansion_batch02\N16\PPOFINAL_N16_B052_efficiency\J2D_PPOFINAL_N16_B052_efficiency.inp,E:\Projects\RL-LAM-ScanOpt\cae_model\stage3_ppo_final_expansion_224_to_320_batch224_v01\final_expansion_batch02\N16\PPOFINAL_N16_B052_efficiency\J2D_PPOFINAL_N16_B052_efficiency.jnl,GENERATED,PENDING,False,NOT_SUBMITTED,Stage U PPO final expansion CAE/INP generation only; no teacher metrics yet.
stageU_final_expansion_CAE_INP_handoff,stage3_ppo_final_expansion_224_to_320_batch224_v01,final_expansion_batch02,16,PPOFINAL_N16_B053_efficiency,J2D_PPOFINAL_N16_B053_efficiency,E:\Projects\RL-LAM-ScanOpt\cae_model\stage3_ppo_final_expansion_224_to_320_batch224_v01\final_expansion_batch02\N16\PPOFINAL_N16_B053_efficiency,E:\Projects\RL-LAM-ScanOpt\cae_model\stage3_ppo_final_expansion_224_to_320_batch224_v01\final_expansion_batch02\N16\PPOFINAL_N16_B053_efficiency\scan_order_PPOFINAL_N16_B053_efficiency.json,E:\Projects\RL-LAM-ScanOpt\cae_model\stage3_ppo_final_expansion_224_to_320_batch224_v01\final_expansion_batch02\N16\PPOFINAL_N16_B053_efficiency\J2D_PPOFINAL_N16_B053_efficiency.cae,E:\Projects\RL-LAM-ScanOpt\cae_model\stage3_ppo_final_expansion_224_to_320_batch224_v01\final_expansion_batch02\N16\PPOFINAL_N16_B053_efficiency\J2D_PPOFINAL_N16_B053_efficiency.inp,E:\Projects\RL-LAM-ScanOpt\cae_model\stage3_ppo_final_expansion_224_to_320_batch224_v01\final_expansion_batch02\N16\PPOFINAL_N16_B053_efficiency\J2D_PPOFINAL_N16_B053_efficiency.jnl,GENERATED,PENDING,False,NOT_SUBMITTED,Stage U PPO final expansion CAE/INP generation only; no teacher metrics yet.
stageU_final_expansion_CAE_INP_handoff,stage3_ppo_final_expansion_224_to_320_batch224_v01,final_expansion_batch02,16,PPOFINAL_N16_B054_efficiency,J2D_PPOFINAL_N16_B054_efficiency,E:\Projects\RL-LAM-ScanOpt\cae_model\stage3_ppo_final_expansion_224_to_320_batch224_v01\final_expansion_batch02\N16\PPOFINAL_N16_B054_efficiency,E:\Projects\RL-LAM-ScanOpt\cae_model\stage3_ppo_final_expansion_224_to_320_batch224_v01\final_expansion_batch02\N16\PPOFINAL_N16_B054_efficiency\scan_order_PPOFINAL_N16_B054_efficiency.json,E:\Projects\RL-LAM-ScanOpt\cae_model\stage3_ppo_final_expansion_224_to_320_batch224_v01\final_expansion_batch02\N16\PPOFINAL_N16_B054_efficiency\J2D_PPOFINAL_N16_B054_efficiency.cae,E:\Projects\RL-LAM-ScanOpt\cae_model\stage3_ppo_final_expansion_224_to_320_batch224_v01\final_expansion_batch02\N16\PPOFINAL_N16_B054_efficiency\J2D_PPOFINAL_N16_B054_efficiency.inp,E:\Projects\RL-LAM-ScanOpt\cae_model\stage3_ppo_final_expansion_224_to_320_batch224_v01\final_expansion_batch02\N16\PPOFINAL_N16_B054_efficiency\J2D_PPOFINAL_N16_B054_efficiency.jnl,GENERATED,PENDING,False,NOT_SUBMITTED,Stage U PPO final expansion CAE/INP generation only; no teacher metrics yet.
stageU_final_expansion_CAE_INP_handoff,stage3_ppo_final_expansion_224_to_320_batch224_v01,final_expansion_batch02,16,PPOFINAL_N16_B055_efficiency,J2D_PPOFINAL_N16_B055_efficiency,E:\Projects\RL-LAM-ScanOpt\cae_model\stage3_ppo_final_expansion_224_to_320_batch224_v01\final_expansion_batch02\N16\PPOFINAL_N16_B055_efficiency,E:\Projects\RL-LAM-ScanOpt\cae_model\stage3_ppo_final_expansion_224_to_320_batch224_v01\final_expansion_batch02\N16\PPOFINAL_N16_B055_efficiency\scan_order_PPOFINAL_N16_B055_efficiency.json,E:\Projects\RL-LAM-ScanOpt\cae_model\stage3_ppo_final_expansion_224_to_320_batch224_v01\final_expansion_batch02\N16\PPOFINAL_N16_B055_efficiency\J2D_PPOFINAL_N16_B055_efficiency.cae,E:\Projects\RL-LAM-ScanOpt\cae_model\stage3_ppo_final_expansion_224_to_320_batch224_v01\final_expansion_batch02\N16\PPOFINAL_N16_B055_efficiency\J2D_PPOFINAL_N16_B055_efficiency.inp,E:\Projects\RL-LAM-ScanOpt\cae_model\stage3_ppo_final_expansion_224_to_320_batch224_v01\final_expansion_batch02\N16\PPOFINAL_N16_B055_efficiency\J2D_PPOFINAL_N16_B055_efficiency.jnl,GENERATED,PENDING,False,NOT_SUBMITTED,Stage U PPO final expansion CAE/INP generation only; no teacher metrics yet.
stageU_final_expansion_CAE_INP_handoff,stage3_ppo_final_expansion_224_to_320_batch224_v01,final_expansion_batch02,16,PPOFINAL_N16_B056_efficiency,J2D_PPOFINAL_N16_B056_efficiency,E:\Projects\RL-LAM-ScanOpt\cae_model\stage3_ppo_final_expansion_224_to_320_batch224_v01\final_expansion_batch02\N16\PPOFINAL_N16_B056_efficiency,E:\Projects\RL-LAM-ScanOpt\cae_model\stage3_ppo_final_expansion_224_to_320_batch224_v01\final_expansion_batch02\N16\PPOFINAL_N16_B056_efficiency\scan_order_PPOFINAL_N16_B056_efficiency.json,E:\Projects\RL-LAM-ScanOpt\cae_model\stage3_ppo_final_expansion_224_to_320_batch224_v01\final_expansion_batch02\N16\PPOFINAL_N16_B056_efficiency\J2D_PPOFINAL_N16_B056_efficiency.cae,E:\Projects\RL-LAM-ScanOpt\cae_model\stage3_ppo_final_expansion_224_to_320_batch224_v01\final_expansion_batch02\N16\PPOFINAL_N16_B056_efficiency\J2D_PPOFINAL_N16_B056_efficiency.inp,E:\Projects\RL-LAM-ScanOpt\cae_model\stage3_ppo_final_expansion_224_to_320_batch224_v01\final_expansion_batch02\N16\PPOFINAL_N16_B056_efficiency\J2D_PPOFINAL_N16_B056_efficiency.jnl,GENERATED,PENDING,False,NOT_SUBMITTED,Stage U PPO final expansion CAE/INP generation only; no teacher metrics yet.
stageU_final_expansion_CAE_INP_handoff,stage3_ppo_final_expansion_224_to_320_batch224_v01,final_expansion_batch02,16,PPOFINAL_N16_B057_efficiency,J2D_PPOFINAL_N16_B057_efficiency,E:\Projects\RL-LAM-ScanOpt\cae_model\stage3_ppo_final_expansion_224_to_320_batch224_v01\final_expansion_batch02\N16\PPOFINAL_N16_B057_efficiency,E:\Projects\RL-LAM-ScanOpt\cae_model\stage3_ppo_final_expansion_224_to_320_batch224_v01\final_expansion_batch02\N16\PPOFINAL_N16_B057_efficiency\scan_order_PPOFINAL_N16_B057_efficiency.json,E:\Projects\RL-LAM-ScanOpt\cae_model\stage3_ppo_final_expansion_224_to_320_batch224_v01\final_expansion_batch02\N16\PPOFINAL_N16_B057_efficiency\J2D_PPOFINAL_N16_B057_efficiency.cae,E:\Projects\RL-LAM-ScanOpt\cae_model\stage3_ppo_final_expansion_224_to_320_batch224_v01\final_expansion_batch02\N16\PPOFINAL_N16_B057_efficiency\J2D_PPOFINAL_N16_B057_efficiency.inp,E:\Projects\RL-LAM-ScanOpt\cae_model\stage3_ppo_final_expansion_224_to_320_batch224_v01\final_expansion_batch02\N16\PPOFINAL_N16_B057_efficiency\J2D_PPOFINAL_N16_B057_efficiency.jnl,GENERATED,PENDING,False,NOT_SUBMITTED,Stage U PPO final expansion CAE/INP generation only; no teacher metrics yet.
stageU_final_expansion_CAE_INP_handoff,stage3_ppo_final_expansion_224_to_320_batch224_v01,final_expansion_batch02,16,PPOFINAL_N16_B058_novelty,J2D_PPOFINAL_N16_B058_novelty,E:\Projects\RL-LAM-ScanOpt\cae_model\stage3_ppo_final_expansion_224_to_320_batch224_v01\final_expansion_batch02\N16\PPOFINAL_N16_B058_novelty,E:\Projects\RL-LAM-ScanOpt\cae_model\stage3_ppo_final_expansion_224_to_320_batch224_v01\final_expansion_batch02\N16\PPOFINAL_N16_B058_novelty\scan_order_PPOFINAL_N16_B058_novelty.json,E:\Projects\RL-LAM-ScanOpt\cae_model\stage3_ppo_final_expansion_224_to_320_batch224_v01\final_expansion_batch02\N16\PPOFINAL_N16_B058_novelty\J2D_PPOFINAL_N16_B058_novelty.cae,E:\Projects\RL-LAM-ScanOpt\cae_model\stage3_ppo_final_expansion_224_to_320_batch224_v01\final_expansion_batch02\N16\PPOFINAL_N16_B058_novelty\J2D_PPOFINAL_N16_B058_novelty.inp,E:\Projects\RL-LAM-ScanOpt\cae_model\stage3_ppo_final_expansion_224_to_320_batch224_v01\final_expansion_batch02\N16\PPOFINAL_N16_B058_novelty\J2D_PPOFINAL_N16_B058_novelty.jnl,GENERATED,PENDING,False,NOT_SUBMITTED,Stage U PPO final expansion CAE/INP generation only; no teacher metrics yet.
stageU_final_expansion_CAE_INP_handoff,stage3_ppo_final_expansion_224_to_320_batch224_v01,final_expansion_batch02,16,PPOFINAL_N16_B059_novelty,J2D_PPOFINAL_N16_B059_novelty,E:\Projects\RL-LAM-ScanOpt\cae_model\stage3_ppo_final_expansion_224_to_320_batch224_v01\final_expansion_batch02\N16\PPOFINAL_N16_B059_novelty,E:\Projects\RL-LAM-ScanOpt\cae_model\stage3_ppo_final_expansion_224_to_320_batch224_v01\final_expansion_batch02\N16\PPOFINAL_N16_B059_novelty\scan_order_PPOFINAL_N16_B059_novelty.json,E:\Projects\RL-LAM-ScanOpt\cae_model\stage3_ppo_final_expansion_224_to_320_batch224_v01\final_expansion_batch02\N16\PPOFINAL_N16_B059_novelty\J2D_PPOFINAL_N16_B059_novelty.cae,E:\Projects\RL-LAM-ScanOpt\cae_model\stage3_ppo_final_expansion_224_to_320_batch224_v01\final_expansion_batch02\N16\PPOFINAL_N16_B059_novelty\J2D_PPOFINAL_N16_B059_novelty.inp,E:\Projects\RL-LAM-ScanOpt\cae_model\stage3_ppo_final_expansion_224_to_320_batch224_v01\final_expansion_batch02\N16\PPOFINAL_N16_B059_novelty\J2D_PPOFINAL_N16_B059_novelty.jnl,GENERATED,PENDING,False,NOT_SUBMITTED,Stage U PPO final expansion CAE/INP generation only; no teacher metrics yet.
stageU_final_expansion_CAE_INP_handoff,stage3_ppo_final_expansion_224_to_320_batch224_v01,final_expansion_batch02,16,PPOFINAL_N16_B060_novelty,J2D_PPOFINAL_N16_B060_novelty,E:\Projects\RL-LAM-ScanOpt\cae_model\stage3_ppo_final_expansion_224_to_320_batch224_v01\final_expansion_batch02\N16\PPOFINAL_N16_B060_novelty,E:\Projects\RL-LAM-ScanOpt\cae_model\stage3_ppo_final_expansion_224_to_320_batch224_v01\final_expansion_batch02\N16\PPOFINAL_N16_B060_novelty\scan_order_PPOFINAL_N16_B060_novelty.json,E:\Projects\RL-LAM-ScanOpt\cae_model\stage3_ppo_final_expansion_224_to_320_batch224_v01\final_expansion_batch02\N16\PPOFINAL_N16_B060_novelty\J2D_PPOFINAL_N16_B060_novelty.cae,E:\Projects\RL-LAM-ScanOpt\cae_model\stage3_ppo_final_expansion_224_to_320_batch224_v01\final_expansion_batch02\N16\PPOFINAL_N16_B060_novelty\J2D_PPOFINAL_N16_B060_novelty.inp,E:\Projects\RL-LAM-ScanOpt\cae_model\stage3_ppo_final_expansion_224_to_320_batch224_v01\final_expansion_batch02\N16\PPOFINAL_N16_B060_novelty\J2D_PPOFINAL_N16_B060_novelty.jnl,GENERATED,PENDING,False,NOT_SUBMITTED,Stage U PPO final expansion CAE/INP generation only; no teacher metrics yet.
stageU_final_expansion_CAE_INP_handoff,stage3_ppo_final_expansion_224_to_320_batch224_v01,final_expansion_batch02,16,PPOFINAL_N16_B061_baseline_proximity,J2D_PPOFINAL_N16_B061_baseline_proximity,E:\Projects\RL-LAM-ScanOpt\cae_model\stage3_ppo_final_expansion_224_to_320_batch224_v01\final_expansion_batch02\N16\PPOFINAL_N16_B061_baseline_proximity,E:\Projects\RL-LAM-ScanOpt\cae_model\stage3_ppo_final_expansion_224_to_320_batch224_v01\final_expansion_batch02\N16\PPOFINAL_N16_B061_baseline_proximity\scan_order_PPOFINAL_N16_B061_baseline_proximity.json,E:\Projects\RL-LAM-ScanOpt\cae_model\stage3_ppo_final_expansion_224_to_320_batch224_v01\final_expansion_batch02\N16\PPOFINAL_N16_B061_baseline_proximity\J2D_PPOFINAL_N16_B061_baseline_proximity.cae,E:\Projects\RL-LAM-ScanOpt\cae_model\stage3_ppo_final_expansion_224_to_320_batch224_v01\final_expansion_batch02\N16\PPOFINAL_N16_B061_baseline_proximity\J2D_PPOFINAL_N16_B061_baseline_proximity.inp,E:\Projects\RL-LAM-ScanOpt\cae_model\stage3_ppo_final_expansion_224_to_320_batch224_v01\final_expansion_batch02\N16\PPOFINAL_N16_B061_baseline_proximity\J2D_PPOFINAL_N16_B061_baseline_proximity.jnl,GENERATED,PENDING,False,NOT_SUBMITTED,Stage U PPO final expansion CAE/INP generation only; no teacher metrics yet.
stageU_final_expansion_CAE_INP_handoff,stage3_ppo_final_expansion_224_to_320_batch224_v01,final_expansion_batch02,16,PPOFINAL_N16_B062_baseline_proximity,J2D_PPOFINAL_N16_B062_baseline_proximity,E:\Projects\RL-LAM-ScanOpt\cae_model\stage3_ppo_final_expansion_224_to_320_batch224_v01\final_expansion_batch02\N16\PPOFINAL_N16_B062_baseline_proximity,E:\Projects\RL-LAM-ScanOpt\cae_model\stage3_ppo_final_expansion_224_to_320_batch224_v01\final_expansion_batch02\N16\PPOFINAL_N16_B062_baseline_proximity\scan_order_PPOFINAL_N16_B062_baseline_proximity.json,E:\Projects\RL-LAM-ScanOpt\cae_model\stage3_ppo_final_expansion_224_to_320_batch224_v01\final_expansion_batch02\N16\PPOFINAL_N16_B062_baseline_proximity\J2D_PPOFINAL_N16_B062_baseline_proximity.cae,E:\Projects\RL-LAM-ScanOpt\cae_model\stage3_ppo_final_expansion_224_to_320_batch224_v01\final_expansion_batch02\N16\PPOFINAL_N16_B062_baseline_proximity\J2D_PPOFINAL_N16_B062_baseline_proximity.inp,E:\Projects\RL-LAM-ScanOpt\cae_model\stage3_ppo_final_expansion_224_to_320_batch224_v01\final_expansion_batch02\N16\PPOFINAL_N16_B062_baseline_proximity\J2D_PPOFINAL_N16_B062_baseline_proximity.jnl,GENERATED,PENDING,False,NOT_SUBMITTED,Stage U PPO final expansion CAE/INP generation only; no teacher metrics yet.
stageU_final_expansion_CAE_INP_handoff,stage3_ppo_final_expansion_224_to_320_batch224_v01,final_expansion_batch02,16,PPOFINAL_N16_B063_baseline_proximity,J2D_PPOFINAL_N16_B063_baseline_proximity,E:\Projects\RL-LAM-ScanOpt\cae_model\stage3_ppo_final_expansion_224_to_320_batch224_v01\final_expansion_batch02\N16\PPOFINAL_N16_B063_baseline_proximity,E:\Projects\RL-LAM-ScanOpt\cae_model\stage3_ppo_final_expansion_224_to_320_batch224_v01\final_expansion_batch02\N16\PPOFINAL_N16_B063_baseline_proximity\scan_order_PPOFINAL_N16_B063_baseline_proximity.json,E:\Projects\RL-LAM-ScanOpt\cae_model\stage3_ppo_final_expansion_224_to_320_batch224_v01\final_expansion_batch02\N16\PPOFINAL_N16_B063_baseline_proximity\J2D_PPOFINAL_N16_B063_baseline_proximity.cae,E:\Projects\RL-LAM-ScanOpt\cae_model\stage3_ppo_final_expansion_224_to_320_batch224_v01\final_expansion_batch02\N16\PPOFINAL_N16_B063_baseline_proximity\J2D_PPOFINAL_N16_B063_baseline_proximity.inp,E:\Projects\RL-LAM-ScanOpt\cae_model\stage3_ppo_final_expansion_224_to_320_batch224_v01\final_expansion_batch02\N16\PPOFINAL_N16_B063_baseline_proximity\J2D_PPOFINAL_N16_B063_baseline_proximity.jnl,GENERATED,PENDING,False,NOT_SUBMITTED,Stage U PPO final expansion CAE/INP generation only; no teacher metrics yet.
stageU_final_expansion_CAE_INP_handoff,stage3_ppo_final_expansion_224_to_320_batch224_v01,final_expansion_batch02,16,PPOFINAL_N16_B064_baseline_proximity,J2D_PPOFINAL_N16_B064_baseline_proximity,E:\Projects\RL-LAM-ScanOpt\cae_model\stage3_ppo_final_expansion_224_to_320_batch224_v01\final_expansion_batch02\N16\PPOFINAL_N16_B064_baseline_proximity,E:\Projects\RL-LAM-ScanOpt\cae_model\stage3_ppo_final_expansion_224_to_320_batch224_v01\final_expansion_batch02\N16\PPOFINAL_N16_B064_baseline_proximity\scan_order_PPOFINAL_N16_B064_baseline_proximity.json,E:\Projects\RL-LAM-ScanOpt\cae_model\stage3_ppo_final_expansion_224_to_320_batch224_v01\final_expansion_batch02\N16\PPOFINAL_N16_B064_baseline_proximity\J2D_PPOFINAL_N16_B064_baseline_proximity.cae,E:\Projects\RL-LAM-ScanOpt\cae_model\stage3_ppo_final_expansion_224_to_320_batch224_v01\final_expansion_batch02\N16\PPOFINAL_N16_B064_baseline_proximity\J2D_PPOFINAL_N16_B064_baseline_proximity.inp,E:\Projects\RL-LAM-ScanOpt\cae_model\stage3_ppo_final_expansion_224_to_320_batch224_v01\final_expansion_batch02\N16\PPOFINAL_N16_B064_baseline_proximity\J2D_PPOFINAL_N16_B064_baseline_proximity.jnl,GENERATED,PENDING,False,NOT_SUBMITTED,Stage U PPO final expansion CAE/INP generation only; no teacher metrics yet.
stageU_final_expansion_CAE_INP_handoff,stage3_ppo_final_expansion_224_to_320_batch224_v01,final_expansion_batch03,24,PPOFINAL_N24_B065_quality,J2D_PPOFINAL_N24_B065_quality,E:\Projects\RL-LAM-ScanOpt\cae_model\stage3_ppo_final_expansion_224_to_320_batch224_v01\final_expansion_batch03\N24\PPOFINAL_N24_B065_quality,E:\Projects\RL-LAM-ScanOpt\cae_model\stage3_ppo_final_expansion_224_to_320_batch224_v01\final_expansion_batch03\N24\PPOFINAL_N24_B065_quality\scan_order_PPOFINAL_N24_B065_quality.json,E:\Projects\RL-LAM-ScanOpt\cae_model\stage3_ppo_final_expansion_224_to_320_batch224_v01\final_expansion_batch03\N24\PPOFINAL_N24_B065_quality\J2D_PPOFINAL_N24_B065_quality.cae,E:\Projects\RL-LAM-ScanOpt\cae_model\stage3_ppo_final_expansion_224_to_320_batch224_v01\final_expansion_batch03\N24\PPOFINAL_N24_B065_quality\J2D_PPOFINAL_N24_B065_quality.inp,E:\Projects\RL-LAM-ScanOpt\cae_model\stage3_ppo_final_expansion_224_to_320_batch224_v01\final_expansion_batch03\N24\PPOFINAL_N24_B065_quality\J2D_PPOFINAL_N24_B065_quality.jnl,GENERATED,PENDING,False,NOT_SUBMITTED,Stage U PPO final expansion CAE/INP generation only; no teacher metrics yet.
stageU_final_expansion_CAE_INP_handoff,stage3_ppo_final_expansion_224_to_320_batch224_v01,final_expansion_batch03,24,PPOFINAL_N24_B066_quality,J2D_PPOFINAL_N24_B066_quality,E:\Projects\RL-LAM-ScanOpt\cae_model\stage3_ppo_final_expansion_224_to_320_batch224_v01\final_expansion_batch03\N24\PPOFINAL_N24_B066_quality,E:\Projects\RL-LAM-ScanOpt\cae_model\stage3_ppo_final_expansion_224_to_320_batch224_v01\final_expansion_batch03\N24\PPOFINAL_N24_B066_quality\scan_order_PPOFINAL_N24_B066_quality.json,E:\Projects\RL-LAM-ScanOpt\cae_model\stage3_ppo_final_expansion_224_to_320_batch224_v01\final_expansion_batch03\N24\PPOFINAL_N24_B066_quality\J2D_PPOFINAL_N24_B066_quality.cae,E:\Projects\RL-LAM-ScanOpt\cae_model\stage3_ppo_final_expansion_224_to_320_batch224_v01\final_expansion_batch03\N24\PPOFINAL_N24_B066_quality\J2D_PPOFINAL_N24_B066_quality.inp,E:\Projects\RL-LAM-ScanOpt\cae_model\stage3_ppo_final_expansion_224_to_320_batch224_v01\final_expansion_batch03\N24\PPOFINAL_N24_B066_quality\J2D_PPOFINAL_N24_B066_quality.jnl,GENERATED,PENDING,False,NOT_SUBMITTED,Stage U PPO final expansion CAE/INP generation only; no teacher metrics yet.
stageU_final_expansion_CAE_INP_handoff,stage3_ppo_final_expansion_224_to_320_batch224_v01,final_expansion_batch03,24,PPOFINAL_N24_B067_quality,J2D_PPOFINAL_N24_B067_quality,E:\Projects\RL-LAM-ScanOpt\cae_model\stage3_ppo_final_expansion_224_to_320_batch224_v01\final_expansion_batch03\N24\PPOFINAL_N24_B067_quality,E:\Projects\RL-LAM-ScanOpt\cae_model\stage3_ppo_final_expansion_224_to_320_batch224_v01\final_expansion_batch03\N24\PPOFINAL_N24_B067_quality\scan_order_PPOFINAL_N24_B067_quality.json,E:\Projects\RL-LAM-ScanOpt\cae_model\stage3_ppo_final_expansion_224_to_320_batch224_v01\final_expansion_batch03\N24\PPOFINAL_N24_B067_quality\J2D_PPOFINAL_N24_B067_quality.cae,E:\Projects\RL-LAM-ScanOpt\cae_model\stage3_ppo_final_expansion_224_to_320_batch224_v01\final_expansion_batch03\N24\PPOFINAL_N24_B067_quality\J2D_PPOFINAL_N24_B067_quality.inp,E:\Projects\RL-LAM-ScanOpt\cae_model\stage3_ppo_final_expansion_224_to_320_batch224_v01\final_expansion_batch03\N24\PPOFINAL_N24_B067_quality\J2D_PPOFINAL_N24_B067_quality.jnl,GENERATED,PENDING,False,NOT_SUBMITTED,Stage U PPO final expansion CAE/INP generation only; no teacher metrics yet.
stageU_final_expansion_CAE_INP_handoff,stage3_ppo_final_expansion_224_to_320_batch224_v01,final_expansion_batch03,24,PPOFINAL_N24_B068_quality,J2D_PPOFINAL_N24_B068_quality,E:\Projects\RL-LAM-ScanOpt\cae_model\stage3_ppo_final_expansion_224_to_320_batch224_v01\final_expansion_batch03\N24\PPOFINAL_N24_B068_quality,E:\Projects\RL-LAM-ScanOpt\cae_model\stage3_ppo_final_expansion_224_to_320_batch224_v01\final_expansion_batch03\N24\PPOFINAL_N24_B068_quality\scan_order_PPOFINAL_N24_B068_quality.json,E:\Projects\RL-LAM-ScanOpt\cae_model\stage3_ppo_final_expansion_224_to_320_batch224_v01\final_expansion_batch03\N24\PPOFINAL_N24_B068_quality\J2D_PPOFINAL_N24_B068_quality.cae,E:\Projects\RL-LAM-ScanOpt\cae_model\stage3_ppo_final_expansion_224_to_320_batch224_v01\final_expansion_batch03\N24\PPOFINAL_N24_B068_quality\J2D_PPOFINAL_N24_B068_quality.inp,E:\Projects\RL-LAM-ScanOpt\cae_model\stage3_ppo_final_expansion_224_to_320_batch224_v01\final_expansion_batch03\N24\PPOFINAL_N24_B068_quality\J2D_PPOFINAL_N24_B068_quality.jnl,GENERATED,PENDING,False,NOT_SUBMITTED,Stage U PPO final expansion CAE/INP generation only; no teacher metrics yet.
stageU_final_expansion_CAE_INP_handoff,stage3_ppo_final_expansion_224_to_320_batch224_v01,final_expansion_batch03,24,PPOFINAL_N24_B069_quality,J2D_PPOFINAL_N24_B069_quality,E:\Projects\RL-LAM-ScanOpt\cae_model\stage3_ppo_final_expansion_224_to_320_batch224_v01\final_expansion_batch03\N24\PPOFINAL_N24_B069_quality,E:\Projects\RL-LAM-ScanOpt\cae_model\stage3_ppo_final_expansion_224_to_320_batch224_v01\final_expansion_batch03\N24\PPOFINAL_N24_B069_quality\scan_order_PPOFINAL_N24_B069_quality.json,E:\Projects\RL-LAM-ScanOpt\cae_model\stage3_ppo_final_expansion_224_to_320_batch224_v01\final_expansion_batch03\N24\PPOFINAL_N24_B069_quality\J2D_PPOFINAL_N24_B069_quality.cae,E:\Projects\RL-LAM-ScanOpt\cae_model\stage3_ppo_final_expansion_224_to_320_batch224_v01\final_expansion_batch03\N24\PPOFINAL_N24_B069_quality\J2D_PPOFINAL_N24_B069_quality.inp,E:\Projects\RL-LAM-ScanOpt\cae_model\stage3_ppo_final_expansion_224_to_320_batch224_v01\final_expansion_batch03\N24\PPOFINAL_N24_B069_quality\J2D_PPOFINAL_N24_B069_quality.jnl,GENERATED,PENDING,False,NOT_SUBMITTED,Stage U PPO final expansion CAE/INP generation only; no teacher metrics yet.
stageU_final_expansion_CAE_INP_handoff,stage3_ppo_final_expansion_224_to_320_batch224_v01,final_expansion_batch03,24,PPOFINAL_N24_B070_quality,J2D_PPOFINAL_N24_B070_quality,E:\Projects\RL-LAM-ScanOpt\cae_model\stage3_ppo_final_expansion_224_to_320_batch224_v01\final_expansion_batch03\N24\PPOFINAL_N24_B070_quality,E:\Projects\RL-LAM-ScanOpt\cae_model\stage3_ppo_final_expansion_224_to_320_batch224_v01\final_expansion_batch03\N24\PPOFINAL_N24_B070_quality\scan_order_PPOFINAL_N24_B070_quality.json,E:\Projects\RL-LAM-ScanOpt\cae_model\stage3_ppo_final_expansion_224_to_320_batch224_v01\final_expansion_batch03\N24\PPOFINAL_N24_B070_quality\J2D_PPOFINAL_N24_B070_quality.cae,E:\Projects\RL-LAM-ScanOpt\cae_model\stage3_ppo_final_expansion_224_to_320_batch224_v01\final_expansion_batch03\N24\PPOFINAL_N24_B070_quality\J2D_PPOFINAL_N24_B070_quality.inp,E:\Projects\RL-LAM-ScanOpt\cae_model\stage3_ppo_final_expansion_224_to_320_batch224_v01\final_expansion_batch03\N24\PPOFINAL_N24_B070_quality\J2D_PPOFINAL_N24_B070_quality.jnl,GENERATED,PENDING,False,NOT_SUBMITTED,Stage U PPO final expansion CAE/INP generation only; no teacher metrics yet.
stageU_final_expansion_CAE_INP_handoff,stage3_ppo_final_expansion_224_to_320_batch224_v01,final_expansion_batch03,24,PPOFINAL_N24_B071_quality,J2D_PPOFINAL_N24_B071_quality,E:\Projects\RL-LAM-ScanOpt\cae_model\stage3_ppo_final_expansion_224_to_320_batch224_v01\final_expansion_batch03\N24\PPOFINAL_N24_B071_quality,E:\Projects\RL-LAM-ScanOpt\cae_model\stage3_ppo_final_expansion_224_to_320_batch224_v01\final_expansion_batch03\N24\PPOFINAL_N24_B071_quality\scan_order_PPOFINAL_N24_B071_quality.json,E:\Projects\RL-LAM-ScanOpt\cae_model\stage3_ppo_final_expansion_224_to_320_batch224_v01\final_expansion_batch03\N24\PPOFINAL_N24_B071_quality\J2D_PPOFINAL_N24_B071_quality.cae,E:\Projects\RL-LAM-ScanOpt\cae_model\stage3_ppo_final_expansion_224_to_320_batch224_v01\final_expansion_batch03\N24\PPOFINAL_N24_B071_quality\J2D_PPOFINAL_N24_B071_quality.inp,E:\Projects\RL-LAM-ScanOpt\cae_model\stage3_ppo_final_expansion_224_to_320_batch224_v01\final_expansion_batch03\N24\PPOFINAL_N24_B071_quality\J2D_PPOFINAL_N24_B071_quality.jnl,GENERATED,PENDING,False,NOT_SUBMITTED,Stage U PPO final expansion CAE/INP generation only; no teacher metrics yet.
stageU_final_expansion_CAE_INP_handoff,stage3_ppo_final_expansion_224_to_320_batch224_v01,final_expansion_batch03,24,PPOFINAL_N24_B072_quality,J2D_PPOFINAL_N24_B072_quality,E:\Projects\RL-LAM-ScanOpt\cae_model\stage3_ppo_final_expansion_224_to_320_batch224_v01\final_expansion_batch03\N24\PPOFINAL_N24_B072_quality,E:\Projects\RL-LAM-ScanOpt\cae_model\stage3_ppo_final_expansion_224_to_320_batch224_v01\final_expansion_batch03\N24\PPOFINAL_N24_B072_quality\scan_order_PPOFINAL_N24_B072_quality.json,E:\Projects\RL-LAM-ScanOpt\cae_model\stage3_ppo_final_expansion_224_to_320_batch224_v01\final_expansion_batch03\N24\PPOFINAL_N24_B072_quality\J2D_PPOFINAL_N24_B072_quality.cae,E:\Projects\RL-LAM-ScanOpt\cae_model\stage3_ppo_final_expansion_224_to_320_batch224_v01\final_expansion_batch03\N24\PPOFINAL_N24_B072_quality\J2D_PPOFINAL_N24_B072_quality.inp,E:\Projects\RL-LAM-ScanOpt\cae_model\stage3_ppo_final_expansion_224_to_320_batch224_v01\final_expansion_batch03\N24\PPOFINAL_N24_B072_quality\J2D_PPOFINAL_N24_B072_quality.jnl,GENERATED,PENDING,False,NOT_SUBMITTED,Stage U PPO final expansion CAE/INP generation only; no teacher metrics yet.
stageU_final_expansion_CAE_INP_handoff,stage3_ppo_final_expansion_224_to_320_batch224_v01,final_expansion_batch03,24,PPOFINAL_N24_B073_quality,J2D_PPOFINAL_N24_B073_quality,E:\Projects\RL-LAM-ScanOpt\cae_model\stage3_ppo_final_expansion_224_to_320_batch224_v01\final_expansion_batch03\N24\PPOFINAL_N24_B073_quality,E:\Projects\RL-LAM-ScanOpt\cae_model\stage3_ppo_final_expansion_224_to_320_batch224_v01\final_expansion_batch03\N24\PPOFINAL_N24_B073_quality\scan_order_PPOFINAL_N24_B073_quality.json,E:\Projects\RL-LAM-ScanOpt\cae_model\stage3_ppo_final_expansion_224_to_320_batch224_v01\final_expansion_batch03\N24\PPOFINAL_N24_B073_quality\J2D_PPOFINAL_N24_B073_quality.cae,E:\Projects\RL-LAM-ScanOpt\cae_model\stage3_ppo_final_expansion_224_to_320_batch224_v01\final_expansion_batch03\N24\PPOFINAL_N24_B073_quality\J2D_PPOFINAL_N24_B073_quality.inp,E:\Projects\RL-LAM-ScanOpt\cae_model\stage3_ppo_final_expansion_224_to_320_batch224_v01\final_expansion_batch03\N24\PPOFINAL_N24_B073_quality\J2D_PPOFINAL_N24_B073_quality.jnl,GENERATED,PENDING,False,NOT_SUBMITTED,Stage U PPO final expansion CAE/INP generation only; no teacher metrics yet.
stageU_final_expansion_CAE_INP_handoff,stage3_ppo_final_expansion_224_to_320_batch224_v01,final_expansion_batch03,24,PPOFINAL_N24_B074_quality,J2D_PPOFINAL_N24_B074_quality,E:\Projects\RL-LAM-ScanOpt\cae_model\stage3_ppo_final_expansion_224_to_320_batch224_v01\final_expansion_batch03\N24\PPOFINAL_N24_B074_quality,E:\Projects\RL-LAM-ScanOpt\cae_model\stage3_ppo_final_expansion_224_to_320_batch224_v01\final_expansion_batch03\N24\PPOFINAL_N24_B074_quality\scan_order_PPOFINAL_N24_B074_quality.json,E:\Projects\RL-LAM-ScanOpt\cae_model\stage3_ppo_final_expansion_224_to_320_batch224_v01\final_expansion_batch03\N24\PPOFINAL_N24_B074_quality\J2D_PPOFINAL_N24_B074_quality.cae,E:\Projects\RL-LAM-ScanOpt\cae_model\stage3_ppo_final_expansion_224_to_320_batch224_v01\final_expansion_batch03\N24\PPOFINAL_N24_B074_quality\J2D_PPOFINAL_N24_B074_quality.inp,E:\Projects\RL-LAM-ScanOpt\cae_model\stage3_ppo_final_expansion_224_to_320_batch224_v01\final_expansion_batch03\N24\PPOFINAL_N24_B074_quality\J2D_PPOFINAL_N24_B074_quality.jnl,GENERATED,PENDING,False,NOT_SUBMITTED,Stage U PPO final expansion CAE/INP generation only; no teacher metrics yet.
stageU_final_expansion_CAE_INP_handoff,stage3_ppo_final_expansion_224_to_320_batch224_v01,final_expansion_batch03,24,PPOFINAL_N24_B075_quality,J2D_PPOFINAL_N24_B075_quality,E:\Projects\RL-LAM-ScanOpt\cae_model\stage3_ppo_final_expansion_224_to_320_batch224_v01\final_expansion_batch03\N24\PPOFINAL_N24_B075_quality,E:\Projects\RL-LAM-ScanOpt\cae_model\stage3_ppo_final_expansion_224_to_320_batch224_v01\final_expansion_batch03\N24\PPOFINAL_N24_B075_quality\scan_order_PPOFINAL_N24_B075_quality.json,E:\Projects\RL-LAM-ScanOpt\cae_model\stage3_ppo_final_expansion_224_to_320_batch224_v01\final_expansion_batch03\N24\PPOFINAL_N24_B075_quality\J2D_PPOFINAL_N24_B075_quality.cae,E:\Projects\RL-LAM-ScanOpt\cae_model\stage3_ppo_final_expansion_224_to_320_batch224_v01\final_expansion_batch03\N24\PPOFINAL_N24_B075_quality\J2D_PPOFINAL_N24_B075_quality.inp,E:\Projects\RL-LAM-ScanOpt\cae_model\stage3_ppo_final_expansion_224_to_320_batch224_v01\final_expansion_batch03\N24\PPOFINAL_N24_B075_quality\J2D_PPOFINAL_N24_B075_quality.jnl,GENERATED,PENDING,False,NOT_SUBMITTED,Stage U PPO final expansion CAE/INP generation only; no teacher metrics yet.
stageU_final_expansion_CAE_INP_handoff,stage3_ppo_final_expansion_224_to_320_batch224_v01,final_expansion_batch03,24,PPOFINAL_N24_B076_quality,J2D_PPOFINAL_N24_B076_quality,E:\Projects\RL-LAM-ScanOpt\cae_model\stage3_ppo_final_expansion_224_to_320_batch224_v01\final_expansion_batch03\N24\PPOFINAL_N24_B076_quality,E:\Projects\RL-LAM-ScanOpt\cae_model\stage3_ppo_final_expansion_224_to_320_batch224_v01\final_expansion_batch03\N24\PPOFINAL_N24_B076_quality\scan_order_PPOFINAL_N24_B076_quality.json,E:\Projects\RL-LAM-ScanOpt\cae_model\stage3_ppo_final_expansion_224_to_320_batch224_v01\final_expansion_batch03\N24\PPOFINAL_N24_B076_quality\J2D_PPOFINAL_N24_B076_quality.cae,E:\Projects\RL-LAM-ScanOpt\cae_model\stage3_ppo_final_expansion_224_to_320_batch224_v01\final_expansion_batch03\N24\PPOFINAL_N24_B076_quality\J2D_PPOFINAL_N24_B076_quality.inp,E:\Projects\RL-LAM-ScanOpt\cae_model\stage3_ppo_final_expansion_224_to_320_batch224_v01\final_expansion_batch03\N24\PPOFINAL_N24_B076_quality\J2D_PPOFINAL_N24_B076_quality.jnl,GENERATED,PENDING,False,NOT_SUBMITTED,Stage U PPO final expansion CAE/INP generation only; no teacher metrics yet.
stageU_final_expansion_CAE_INP_handoff,stage3_ppo_final_expansion_224_to_320_batch224_v01,final_expansion_batch03,24,PPOFINAL_N24_B077_quality,J2D_PPOFINAL_N24_B077_quality,E:\Projects\RL-LAM-ScanOpt\cae_model\stage3_ppo_final_expansion_224_to_320_batch224_v01\final_expansion_batch03\N24\PPOFINAL_N24_B077_quality,E:\Projects\RL-LAM-ScanOpt\cae_model\stage3_ppo_final_expansion_224_to_320_batch224_v01\final_expansion_batch03\N24\PPOFINAL_N24_B077_quality\scan_order_PPOFINAL_N24_B077_quality.json,E:\Projects\RL-LAM-ScanOpt\cae_model\stage3_ppo_final_expansion_224_to_320_batch224_v01\final_expansion_batch03\N24\PPOFINAL_N24_B077_quality\J2D_PPOFINAL_N24_B077_quality.cae,E:\Projects\RL-LAM-ScanOpt\cae_model\stage3_ppo_final_expansion_224_to_320_batch224_v01\final_expansion_batch03\N24\PPOFINAL_N24_B077_quality\J2D_PPOFINAL_N24_B077_quality.inp,E:\Projects\RL-LAM-ScanOpt\cae_model\stage3_ppo_final_expansion_224_to_320_batch224_v01\final_expansion_batch03\N24\PPOFINAL_N24_B077_quality\J2D_PPOFINAL_N24_B077_quality.jnl,GENERATED,PENDING,False,NOT_SUBMITTED,Stage U PPO final expansion CAE/INP generation only; no teacher metrics yet.
stageU_final_expansion_CAE_INP_handoff,stage3_ppo_final_expansion_224_to_320_batch224_v01,final_expansion_batch03,24,PPOFINAL_N24_B078_quality,J2D_PPOFINAL_N24_B078_quality,E:\Projects\RL-LAM-ScanOpt\cae_model\stage3_ppo_final_expansion_224_to_320_batch224_v01\final_expansion_batch03\N24\PPOFINAL_N24_B078_quality,E:\Projects\RL-LAM-ScanOpt\cae_model\stage3_ppo_final_expansion_224_to_320_batch224_v01\final_expansion_batch03\N24\PPOFINAL_N24_B078_quality\scan_order_PPOFINAL_N24_B078_quality.json,E:\Projects\RL-LAM-ScanOpt\cae_model\stage3_ppo_final_expansion_224_to_320_batch224_v01\final_expansion_batch03\N24\PPOFINAL_N24_B078_quality\J2D_PPOFINAL_N24_B078_quality.cae,E:\Projects\RL-LAM-ScanOpt\cae_model\stage3_ppo_final_expansion_224_to_320_batch224_v01\final_expansion_batch03\N24\PPOFINAL_N24_B078_quality\J2D_PPOFINAL_N24_B078_quality.inp,E:\Projects\RL-LAM-ScanOpt\cae_model\stage3_ppo_final_expansion_224_to_320_batch224_v01\final_expansion_batch03\N24\PPOFINAL_N24_B078_quality\J2D_PPOFINAL_N24_B078_quality.jnl,GENERATED,PENDING,False,NOT_SUBMITTED,Stage U PPO final expansion CAE/INP generation only; no teacher metrics yet.
stageU_final_expansion_CAE_INP_handoff,stage3_ppo_final_expansion_224_to_320_batch224_v01,final_expansion_batch03,24,PPOFINAL_N24_B079_quality,J2D_PPOFINAL_N24_B079_quality,E:\Projects\RL-LAM-ScanOpt\cae_model\stage3_ppo_final_expansion_224_to_320_batch224_v01\final_expansion_batch03\N24\PPOFINAL_N24_B079_quality,E:\Projects\RL-LAM-ScanOpt\cae_model\stage3_ppo_final_expansion_224_to_320_batch224_v01\final_expansion_batch03\N24\PPOFINAL_N24_B079_quality\scan_order_PPOFINAL_N24_B079_quality.json,E:\Projects\RL-LAM-ScanOpt\cae_model\stage3_ppo_final_expansion_224_to_320_batch224_v01\final_expansion_batch03\N24\PPOFINAL_N24_B079_quality\J2D_PPOFINAL_N24_B079_quality.cae,E:\Projects\RL-LAM-ScanOpt\cae_model\stage3_ppo_final_expansion_224_to_320_batch224_v01\final_expansion_batch03\N24\PPOFINAL_N24_B079_quality\J2D_PPOFINAL_N24_B079_quality.inp,E:\Projects\RL-LAM-ScanOpt\cae_model\stage3_ppo_final_expansion_224_to_320_batch224_v01\final_expansion_batch03\N24\PPOFINAL_N24_B079_quality\J2D_PPOFINAL_N24_B079_quality.jnl,GENERATED,PENDING,False,NOT_SUBMITTED,Stage U PPO final expansion CAE/INP generation only; no teacher metrics yet.
stageU_final_expansion_CAE_INP_handoff,stage3_ppo_final_expansion_224_to_320_batch224_v01,final_expansion_batch03,24,PPOFINAL_N24_B080_quality,J2D_PPOFINAL_N24_B080_quality,E:\Projects\RL-LAM-ScanOpt\cae_model\stage3_ppo_final_expansion_224_to_320_batch224_v01\final_expansion_batch03\N24\PPOFINAL_N24_B080_quality,E:\Projects\RL-LAM-ScanOpt\cae_model\stage3_ppo_final_expansion_224_to_320_batch224_v01\final_expansion_batch03\N24\PPOFINAL_N24_B080_quality\scan_order_PPOFINAL_N24_B080_quality.json,E:\Projects\RL-LAM-ScanOpt\cae_model\stage3_ppo_final_expansion_224_to_320_batch224_v01\final_expansion_batch03\N24\PPOFINAL_N24_B080_quality\J2D_PPOFINAL_N24_B080_quality.cae,E:\Projects\RL-LAM-ScanOpt\cae_model\stage3_ppo_final_expansion_224_to_320_batch224_v01\final_expansion_batch03\N24\PPOFINAL_N24_B080_quality\J2D_PPOFINAL_N24_B080_quality.inp,E:\Projects\RL-LAM-ScanOpt\cae_model\stage3_ppo_final_expansion_224_to_320_batch224_v01\final_expansion_batch03\N24\PPOFINAL_N24_B080_quality\J2D_PPOFINAL_N24_B080_quality.jnl,GENERATED,PENDING,False,NOT_SUBMITTED,Stage U PPO final expansion CAE/INP generation only; no teacher metrics yet.
stageU_final_expansion_CAE_INP_handoff,stage3_ppo_final_expansion_224_to_320_batch224_v01,final_expansion_batch03,24,PPOFINAL_N24_B081_quality,J2D_PPOFINAL_N24_B081_quality,E:\Projects\RL-LAM-ScanOpt\cae_model\stage3_ppo_final_expansion_224_to_320_batch224_v01\final_expansion_batch03\N24\PPOFINAL_N24_B081_quality,E:\Projects\RL-LAM-ScanOpt\cae_model\stage3_ppo_final_expansion_224_to_320_batch224_v01\final_expansion_batch03\N24\PPOFINAL_N24_B081_quality\scan_order_PPOFINAL_N24_B081_quality.json,E:\Projects\RL-LAM-ScanOpt\cae_model\stage3_ppo_final_expansion_224_to_320_batch224_v01\final_expansion_batch03\N24\PPOFINAL_N24_B081_quality\J2D_PPOFINAL_N24_B081_quality.cae,E:\Projects\RL-LAM-ScanOpt\cae_model\stage3_ppo_final_expansion_224_to_320_batch224_v01\final_expansion_batch03\N24\PPOFINAL_N24_B081_quality\J2D_PPOFINAL_N24_B081_quality.inp,E:\Projects\RL-LAM-ScanOpt\cae_model\stage3_ppo_final_expansion_224_to_320_batch224_v01\final_expansion_batch03\N24\PPOFINAL_N24_B081_quality\J2D_PPOFINAL_N24_B081_quality.jnl,GENERATED,PENDING,False,NOT_SUBMITTED,Stage U PPO final expansion CAE/INP generation only; no teacher metrics yet.
stageU_final_expansion_CAE_INP_handoff,stage3_ppo_final_expansion_224_to_320_batch224_v01,final_expansion_batch03,24,PPOFINAL_N24_B082_quality,J2D_PPOFINAL_N24_B082_quality,E:\Projects\RL-LAM-ScanOpt\cae_model\stage3_ppo_final_expansion_224_to_320_batch224_v01\final_expansion_batch03\N24\PPOFINAL_N24_B082_quality,E:\Projects\RL-LAM-ScanOpt\cae_model\stage3_ppo_final_expansion_224_to_320_batch224_v01\final_expansion_batch03\N24\PPOFINAL_N24_B082_quality\scan_order_PPOFINAL_N24_B082_quality.json,E:\Projects\RL-LAM-ScanOpt\cae_model\stage3_ppo_final_expansion_224_to_320_batch224_v01\final_expansion_batch03\N24\PPOFINAL_N24_B082_quality\J2D_PPOFINAL_N24_B082_quality.cae,E:\Projects\RL-LAM-ScanOpt\cae_model\stage3_ppo_final_expansion_224_to_320_batch224_v01\final_expansion_batch03\N24\PPOFINAL_N24_B082_quality\J2D_PPOFINAL_N24_B082_quality.inp,E:\Projects\RL-LAM-ScanOpt\cae_model\stage3_ppo_final_expansion_224_to_320_batch224_v01\final_expansion_batch03\N24\PPOFINAL_N24_B082_quality\J2D_PPOFINAL_N24_B082_quality.jnl,GENERATED,PENDING,False,NOT_SUBMITTED,Stage U PPO final expansion CAE/INP generation only; no teacher metrics yet.
stageU_final_expansion_CAE_INP_handoff,stage3_ppo_final_expansion_224_to_320_batch224_v01,final_expansion_batch03,24,PPOFINAL_N24_B083_quality,J2D_PPOFINAL_N24_B083_quality,E:\Projects\RL-LAM-ScanOpt\cae_model\stage3_ppo_final_expansion_224_to_320_batch224_v01\final_expansion_batch03\N24\PPOFINAL_N24_B083_quality,E:\Projects\RL-LAM-ScanOpt\cae_model\stage3_ppo_final_expansion_224_to_320_batch224_v01\final_expansion_batch03\N24\PPOFINAL_N24_B083_quality\scan_order_PPOFINAL_N24_B083_quality.json,E:\Projects\RL-LAM-ScanOpt\cae_model\stage3_ppo_final_expansion_224_to_320_batch224_v01\final_expansion_batch03\N24\PPOFINAL_N24_B083_quality\J2D_PPOFINAL_N24_B083_quality.cae,E:\Projects\RL-LAM-ScanOpt\cae_model\stage3_ppo_final_expansion_224_to_320_batch224_v01\final_expansion_batch03\N24\PPOFINAL_N24_B083_quality\J2D_PPOFINAL_N24_B083_quality.inp,E:\Projects\RL-LAM-ScanOpt\cae_model\stage3_ppo_final_expansion_224_to_320_batch224_v01\final_expansion_batch03\N24\PPOFINAL_N24_B083_quality\J2D_PPOFINAL_N24_B083_quality.jnl,GENERATED,PENDING,False,NOT_SUBMITTED,Stage U PPO final expansion CAE/INP generation only; no teacher metrics yet.
stageU_final_expansion_CAE_INP_handoff,stage3_ppo_final_expansion_224_to_320_batch224_v01,final_expansion_batch03,24,PPOFINAL_N24_B084_quality,J2D_PPOFINAL_N24_B084_quality,E:\Projects\RL-LAM-ScanOpt\cae_model\stage3_ppo_final_expansion_224_to_320_batch224_v01\final_expansion_batch03\N24\PPOFINAL_N24_B084_quality,E:\Projects\RL-LAM-ScanOpt\cae_model\stage3_ppo_final_expansion_224_to_320_batch224_v01\final_expansion_batch03\N24\PPOFINAL_N24_B084_quality\scan_order_PPOFINAL_N24_B084_quality.json,E:\Projects\RL-LAM-ScanOpt\cae_model\stage3_ppo_final_expansion_224_to_320_batch224_v01\final_expansion_batch03\N24\PPOFINAL_N24_B084_quality\J2D_PPOFINAL_N24_B084_quality.cae,E:\Projects\RL-LAM-ScanOpt\cae_model\stage3_ppo_final_expansion_224_to_320_batch224_v01\final_expansion_batch03\N24\PPOFINAL_N24_B084_quality\J2D_PPOFINAL_N24_B084_quality.inp,E:\Projects\RL-LAM-ScanOpt\cae_model\stage3_ppo_final_expansion_224_to_320_batch224_v01\final_expansion_batch03\N24\PPOFINAL_N24_B084_quality\J2D_PPOFINAL_N24_B084_quality.jnl,GENERATED,PENDING,False,NOT_SUBMITTED,Stage U PPO final expansion CAE/INP generation only; no teacher metrics yet.
stageU_final_expansion_CAE_INP_handoff,stage3_ppo_final_expansion_224_to_320_batch224_v01,final_expansion_batch03,24,PPOFINAL_N24_B085_quality,J2D_PPOFINAL_N24_B085_quality,E:\Projects\RL-LAM-ScanOpt\cae_model\stage3_ppo_final_expansion_224_to_320_batch224_v01\final_expansion_batch03\N24\PPOFINAL_N24_B085_quality,E:\Projects\RL-LAM-ScanOpt\cae_model\stage3_ppo_final_expansion_224_to_320_batch224_v01\final_expansion_batch03\N24\PPOFINAL_N24_B085_quality\scan_order_PPOFINAL_N24_B085_quality.json,E:\Projects\RL-LAM-ScanOpt\cae_model\stage3_ppo_final_expansion_224_to_320_batch224_v01\final_expansion_batch03\N24\PPOFINAL_N24_B085_quality\J2D_PPOFINAL_N24_B085_quality.cae,E:\Projects\RL-LAM-ScanOpt\cae_model\stage3_ppo_final_expansion_224_to_320_batch224_v01\final_expansion_batch03\N24\PPOFINAL_N24_B085_quality\J2D_PPOFINAL_N24_B085_quality.inp,E:\Projects\RL-LAM-ScanOpt\cae_model\stage3_ppo_final_expansion_224_to_320_batch224_v01\final_expansion_batch03\N24\PPOFINAL_N24_B085_quality\J2D_PPOFINAL_N24_B085_quality.jnl,GENERATED,PENDING,False,NOT_SUBMITTED,Stage U PPO final expansion CAE/INP generation only; no teacher metrics yet.
stageU_final_expansion_CAE_INP_handoff,stage3_ppo_final_expansion_224_to_320_batch224_v01,final_expansion_batch03,24,PPOFINAL_N24_B086_quality,J2D_PPOFINAL_N24_B086_quality,E:\Projects\RL-LAM-ScanOpt\cae_model\stage3_ppo_final_expansion_224_to_320_batch224_v01\final_expansion_batch03\N24\PPOFINAL_N24_B086_quality,E:\Projects\RL-LAM-ScanOpt\cae_model\stage3_ppo_final_expansion_224_to_320_batch224_v01\final_expansion_batch03\N24\PPOFINAL_N24_B086_quality\scan_order_PPOFINAL_N24_B086_quality.json,E:\Projects\RL-LAM-ScanOpt\cae_model\stage3_ppo_final_expansion_224_to_320_batch224_v01\final_expansion_batch03\N24\PPOFINAL_N24_B086_quality\J2D_PPOFINAL_N24_B086_quality.cae,E:\Projects\RL-LAM-ScanOpt\cae_model\stage3_ppo_final_expansion_224_to_320_batch224_v01\final_expansion_batch03\N24\PPOFINAL_N24_B086_quality\J2D_PPOFINAL_N24_B086_quality.inp,E:\Projects\RL-LAM-ScanOpt\cae_model\stage3_ppo_final_expansion_224_to_320_batch224_v01\final_expansion_batch03\N24\PPOFINAL_N24_B086_quality\J2D_PPOFINAL_N24_B086_quality.jnl,GENERATED,PENDING,False,NOT_SUBMITTED,Stage U PPO final expansion CAE/INP generation only; no teacher metrics yet.
stageU_final_expansion_CAE_INP_handoff,stage3_ppo_final_expansion_224_to_320_batch224_v01,final_expansion_batch03,24,PPOFINAL_N24_B087_quality,J2D_PPOFINAL_N24_B087_quality,E:\Projects\RL-LAM-ScanOpt\cae_model\stage3_ppo_final_expansion_224_to_320_batch224_v01\final_expansion_batch03\N24\PPOFINAL_N24_B087_quality,E:\Projects\RL-LAM-ScanOpt\cae_model\stage3_ppo_final_expansion_224_to_320_batch224_v01\final_expansion_batch03\N24\PPOFINAL_N24_B087_quality\scan_order_PPOFINAL_N24_B087_quality.json,E:\Projects\RL-LAM-ScanOpt\cae_model\stage3_ppo_final_expansion_224_to_320_batch224_v01\final_expansion_batch03\N24\PPOFINAL_N24_B087_quality\J2D_PPOFINAL_N24_B087_quality.cae,E:\Projects\RL-LAM-ScanOpt\cae_model\stage3_ppo_final_expansion_224_to_320_batch224_v01\final_expansion_batch03\N24\PPOFINAL_N24_B087_quality\J2D_PPOFINAL_N24_B087_quality.inp,E:\Projects\RL-LAM-ScanOpt\cae_model\stage3_ppo_final_expansion_224_to_320_batch224_v01\final_expansion_batch03\N24\PPOFINAL_N24_B087_quality\J2D_PPOFINAL_N24_B087_quality.jnl,GENERATED,PENDING,False,NOT_SUBMITTED,Stage U PPO final expansion CAE/INP generation only; no teacher metrics yet.
stageU_final_expansion_CAE_INP_handoff,stage3_ppo_final_expansion_224_to_320_batch224_v01,final_expansion_batch03,24,PPOFINAL_N24_B088_quality,J2D_PPOFINAL_N24_B088_quality,E:\Projects\RL-LAM-ScanOpt\cae_model\stage3_ppo_final_expansion_224_to_320_batch224_v01\final_expansion_batch03\N24\PPOFINAL_N24_B088_quality,E:\Projects\RL-LAM-ScanOpt\cae_model\stage3_ppo_final_expansion_224_to_320_batch224_v01\final_expansion_batch03\N24\PPOFINAL_N24_B088_quality\scan_order_PPOFINAL_N24_B088_quality.json,E:\Projects\RL-LAM-ScanOpt\cae_model\stage3_ppo_final_expansion_224_to_320_batch224_v01\final_expansion_batch03\N24\PPOFINAL_N24_B088_quality\J2D_PPOFINAL_N24_B088_quality.cae,E:\Projects\RL-LAM-ScanOpt\cae_model\stage3_ppo_final_expansion_224_to_320_batch224_v01\final_expansion_batch03\N24\PPOFINAL_N24_B088_quality\J2D_PPOFINAL_N24_B088_quality.inp,E:\Projects\RL-LAM-ScanOpt\cae_model\stage3_ppo_final_expansion_224_to_320_batch224_v01\final_expansion_batch03\N24\PPOFINAL_N24_B088_quality\J2D_PPOFINAL_N24_B088_quality.jnl,GENERATED,PENDING,False,NOT_SUBMITTED,Stage U PPO final expansion CAE/INP generation only; no teacher metrics yet.
stageU_final_expansion_CAE_INP_handoff,stage3_ppo_final_expansion_224_to_320_batch224_v01,final_expansion_batch03,24,PPOFINAL_N24_B089_quality,J2D_PPOFINAL_N24_B089_quality,E:\Projects\RL-LAM-ScanOpt\cae_model\stage3_ppo_final_expansion_224_to_320_batch224_v01\final_expansion_batch03\N24\PPOFINAL_N24_B089_quality,E:\Projects\RL-LAM-ScanOpt\cae_model\stage3_ppo_final_expansion_224_to_320_batch224_v01\final_expansion_batch03\N24\PPOFINAL_N24_B089_quality\scan_order_PPOFINAL_N24_B089_quality.json,E:\Projects\RL-LAM-ScanOpt\cae_model\stage3_ppo_final_expansion_224_to_320_batch224_v01\final_expansion_batch03\N24\PPOFINAL_N24_B089_quality\J2D_PPOFINAL_N24_B089_quality.cae,E:\Projects\RL-LAM-ScanOpt\cae_model\stage3_ppo_final_expansion_224_to_320_batch224_v01\final_expansion_batch03\N24\PPOFINAL_N24_B089_quality\J2D_PPOFINAL_N24_B089_quality.inp,E:\Projects\RL-LAM-ScanOpt\cae_model\stage3_ppo_final_expansion_224_to_320_batch224_v01\final_expansion_batch03\N24\PPOFINAL_N24_B089_quality\J2D_PPOFINAL_N24_B089_quality.jnl,GENERATED,PENDING,False,NOT_SUBMITTED,Stage U PPO final expansion CAE/INP generation only; no teacher metrics yet.
stageU_final_expansion_CAE_INP_handoff,stage3_ppo_final_expansion_224_to_320_batch224_v01,final_expansion_batch03,24,PPOFINAL_N24_B090_quality,J2D_PPOFINAL_N24_B090_quality,E:\Projects\RL-LAM-ScanOpt\cae_model\stage3_ppo_final_expansion_224_to_320_batch224_v01\final_expansion_batch03\N24\PPOFINAL_N24_B090_quality,E:\Projects\RL-LAM-ScanOpt\cae_model\stage3_ppo_final_expansion_224_to_320_batch224_v01\final_expansion_batch03\N24\PPOFINAL_N24_B090_quality\scan_order_PPOFINAL_N24_B090_quality.json,E:\Projects\RL-LAM-ScanOpt\cae_model\stage3_ppo_final_expansion_224_to_320_batch224_v01\final_expansion_batch03\N24\PPOFINAL_N24_B090_quality\J2D_PPOFINAL_N24_B090_quality.cae,E:\Projects\RL-LAM-ScanOpt\cae_model\stage3_ppo_final_expansion_224_to_320_batch224_v01\final_expansion_batch03\N24\PPOFINAL_N24_B090_quality\J2D_PPOFINAL_N24_B090_quality.inp,E:\Projects\RL-LAM-ScanOpt\cae_model\stage3_ppo_final_expansion_224_to_320_batch224_v01\final_expansion_batch03\N24\PPOFINAL_N24_B090_quality\J2D_PPOFINAL_N24_B090_quality.jnl,GENERATED,PENDING,False,NOT_SUBMITTED,Stage U PPO final expansion CAE/INP generation only; no teacher metrics yet.
stageU_final_expansion_CAE_INP_handoff,stage3_ppo_final_expansion_224_to_320_batch224_v01,final_expansion_batch03,24,PPOFINAL_N24_B091_quality,J2D_PPOFINAL_N24_B091_quality,E:\Projects\RL-LAM-ScanOpt\cae_model\stage3_ppo_final_expansion_224_to_320_batch224_v01\final_expansion_batch03\N24\PPOFINAL_N24_B091_quality,E:\Projects\RL-LAM-ScanOpt\cae_model\stage3_ppo_final_expansion_224_to_320_batch224_v01\final_expansion_batch03\N24\PPOFINAL_N24_B091_quality\scan_order_PPOFINAL_N24_B091_quality.json,E:\Projects\RL-LAM-ScanOpt\cae_model\stage3_ppo_final_expansion_224_to_320_batch224_v01\final_expansion_batch03\N24\PPOFINAL_N24_B091_quality\J2D_PPOFINAL_N24_B091_quality.cae,E:\Projects\RL-LAM-ScanOpt\cae_model\stage3_ppo_final_expansion_224_to_320_batch224_v01\final_expansion_batch03\N24\PPOFINAL_N24_B091_quality\J2D_PPOFINAL_N24_B091_quality.inp,E:\Projects\RL-LAM-ScanOpt\cae_model\stage3_ppo_final_expansion_224_to_320_batch224_v01\final_expansion_batch03\N24\PPOFINAL_N24_B091_quality\J2D_PPOFINAL_N24_B091_quality.jnl,GENERATED,PENDING,False,NOT_SUBMITTED,Stage U PPO final expansion CAE/INP generation only; no teacher metrics yet.
stageU_final_expansion_CAE_INP_handoff,stage3_ppo_final_expansion_224_to_320_batch224_v01,final_expansion_batch03,24,PPOFINAL_N24_B092_quality,J2D_PPOFINAL_N24_B092_quality,E:\Projects\RL-LAM-ScanOpt\cae_model\stage3_ppo_final_expansion_224_to_320_batch224_v01\final_expansion_batch03\N24\PPOFINAL_N24_B092_quality,E:\Projects\RL-LAM-ScanOpt\cae_model\stage3_ppo_final_expansion_224_to_320_batch224_v01\final_expansion_batch03\N24\PPOFINAL_N24_B092_quality\scan_order_PPOFINAL_N24_B092_quality.json,E:\Projects\RL-LAM-ScanOpt\cae_model\stage3_ppo_final_expansion_224_to_320_batch224_v01\final_expansion_batch03\N24\PPOFINAL_N24_B092_quality\J2D_PPOFINAL_N24_B092_quality.cae,E:\Projects\RL-LAM-ScanOpt\cae_model\stage3_ppo_final_expansion_224_to_320_batch224_v01\final_expansion_batch03\N24\PPOFINAL_N24_B092_quality\J2D_PPOFINAL_N24_B092_quality.inp,E:\Projects\RL-LAM-ScanOpt\cae_model\stage3_ppo_final_expansion_224_to_320_batch224_v01\final_expansion_batch03\N24\PPOFINAL_N24_B092_quality\J2D_PPOFINAL_N24_B092_quality.jnl,GENERATED,PENDING,False,NOT_SUBMITTED,Stage U PPO final expansion CAE/INP generation only; no teacher metrics yet.
stageU_final_expansion_CAE_INP_handoff,stage3_ppo_final_expansion_224_to_320_batch224_v01,final_expansion_batch03,24,PPOFINAL_N24_B093_diversity,J2D_PPOFINAL_N24_B093_diversity,E:\Projects\RL-LAM-ScanOpt\cae_model\stage3_ppo_final_expansion_224_to_320_batch224_v01\final_expansion_batch03\N24\PPOFINAL_N24_B093_diversity,E:\Projects\RL-LAM-ScanOpt\cae_model\stage3_ppo_final_expansion_224_to_320_batch224_v01\final_expansion_batch03\N24\PPOFINAL_N24_B093_diversity\scan_order_PPOFINAL_N24_B093_diversity.json,E:\Projects\RL-LAM-ScanOpt\cae_model\stage3_ppo_final_expansion_224_to_320_batch224_v01\final_expansion_batch03\N24\PPOFINAL_N24_B093_diversity\J2D_PPOFINAL_N24_B093_diversity.cae,E:\Projects\RL-LAM-ScanOpt\cae_model\stage3_ppo_final_expansion_224_to_320_batch224_v01\final_expansion_batch03\N24\PPOFINAL_N24_B093_diversity\J2D_PPOFINAL_N24_B093_diversity.inp,E:\Projects\RL-LAM-ScanOpt\cae_model\stage3_ppo_final_expansion_224_to_320_batch224_v01\final_expansion_batch03\N24\PPOFINAL_N24_B093_diversity\J2D_PPOFINAL_N24_B093_diversity.jnl,GENERATED,PENDING,False,NOT_SUBMITTED,Stage U PPO final expansion CAE/INP generation only; no teacher metrics yet.
stageU_final_expansion_CAE_INP_handoff,stage3_ppo_final_expansion_224_to_320_batch224_v01,final_expansion_batch03,24,PPOFINAL_N24_B094_diversity,J2D_PPOFINAL_N24_B094_diversity,E:\Projects\RL-LAM-ScanOpt\cae_model\stage3_ppo_final_expansion_224_to_320_batch224_v01\final_expansion_batch03\N24\PPOFINAL_N24_B094_diversity,E:\Projects\RL-LAM-ScanOpt\cae_model\stage3_ppo_final_expansion_224_to_320_batch224_v01\final_expansion_batch03\N24\PPOFINAL_N24_B094_diversity\scan_order_PPOFINAL_N24_B094_diversity.json,E:\Projects\RL-LAM-ScanOpt\cae_model\stage3_ppo_final_expansion_224_to_320_batch224_v01\final_expansion_batch03\N24\PPOFINAL_N24_B094_diversity\J2D_PPOFINAL_N24_B094_diversity.cae,E:\Projects\RL-LAM-ScanOpt\cae_model\stage3_ppo_final_expansion_224_to_320_batch224_v01\final_expansion_batch03\N24\PPOFINAL_N24_B094_diversity\J2D_PPOFINAL_N24_B094_diversity.inp,E:\Projects\RL-LAM-ScanOpt\cae_model\stage3_ppo_final_expansion_224_to_320_batch224_v01\final_expansion_batch03\N24\PPOFINAL_N24_B094_diversity\J2D_PPOFINAL_N24_B094_diversity.jnl,GENERATED,PENDING,False,NOT_SUBMITTED,Stage U PPO final expansion CAE/INP generation only; no teacher metrics yet.
stageU_final_expansion_CAE_INP_handoff,stage3_ppo_final_expansion_224_to_320_batch224_v01,final_expansion_batch03,24,PPOFINAL_N24_B095_diversity,J2D_PPOFINAL_N24_B095_diversity,E:\Projects\RL-LAM-ScanOpt\cae_model\stage3_ppo_final_expansion_224_to_320_batch224_v01\final_expansion_batch03\N24\PPOFINAL_N24_B095_diversity,E:\Projects\RL-LAM-ScanOpt\cae_model\stage3_ppo_final_expansion_224_to_320_batch224_v01\final_expansion_batch03\N24\PPOFINAL_N24_B095_diversity\scan_order_PPOFINAL_N24_B095_diversity.json,E:\Projects\RL-LAM-ScanOpt\cae_model\stage3_ppo_final_expansion_224_to_320_batch224_v01\final_expansion_batch03\N24\PPOFINAL_N24_B095_diversity\J2D_PPOFINAL_N24_B095_diversity.cae,E:\Projects\RL-LAM-ScanOpt\cae_model\stage3_ppo_final_expansion_224_to_320_batch224_v01\final_expansion_batch03\N24\PPOFINAL_N24_B095_diversity\J2D_PPOFINAL_N24_B095_diversity.inp,E:\Projects\RL-LAM-ScanOpt\cae_model\stage3_ppo_final_expansion_224_to_320_batch224_v01\final_expansion_batch03\N24\PPOFINAL_N24_B095_diversity\J2D_PPOFINAL_N24_B095_diversity.jnl,GENERATED,PENDING,False,NOT_SUBMITTED,Stage U PPO final expansion CAE/INP generation only; no teacher metrics yet.
stageU_final_expansion_CAE_INP_handoff,stage3_ppo_final_expansion_224_to_320_batch224_v01,final_expansion_batch03,24,PPOFINAL_N24_B096_diversity,J2D_PPOFINAL_N24_B096_diversity,E:\Projects\RL-LAM-ScanOpt\cae_model\stage3_ppo_final_expansion_224_to_320_batch224_v01\final_expansion_batch03\N24\PPOFINAL_N24_B096_diversity,E:\Projects\RL-LAM-ScanOpt\cae_model\stage3_ppo_final_expansion_224_to_320_batch224_v01\final_expansion_batch03\N24\PPOFINAL_N24_B096_diversity\scan_order_PPOFINAL_N24_B096_diversity.json,E:\Projects\RL-LAM-ScanOpt\cae_model\stage3_ppo_final_expansion_224_to_320_batch224_v01\final_expansion_batch03\N24\PPOFINAL_N24_B096_diversity\J2D_PPOFINAL_N24_B096_diversity.cae,E:\Projects\RL-LAM-ScanOpt\cae_model\stage3_ppo_final_expansion_224_to_320_batch224_v01\final_expansion_batch03\N24\PPOFINAL_N24_B096_diversity\J2D_PPOFINAL_N24_B096_diversity.inp,E:\Projects\RL-LAM-ScanOpt\cae_model\stage3_ppo_final_expansion_224_to_320_batch224_v01\final_expansion_batch03\N24\PPOFINAL_N24_B096_diversity\J2D_PPOFINAL_N24_B096_diversity.jnl,GENERATED,PENDING,False,NOT_SUBMITTED,Stage U PPO final expansion CAE/INP generation only; no teacher metrics yet.
stageU_final_expansion_CAE_INP_handoff,stage3_ppo_final_expansion_224_to_320_batch224_v01,final_expansion_batch04,24,PPOFINAL_N24_B097_diversity,J2D_PPOFINAL_N24_B097_diversity,E:\Projects\RL-LAM-ScanOpt\cae_model\stage3_ppo_final_expansion_224_to_320_batch224_v01\final_expansion_batch04\N24\PPOFINAL_N24_B097_diversity,E:\Projects\RL-LAM-ScanOpt\cae_model\stage3_ppo_final_expansion_224_to_320_batch224_v01\final_expansion_batch04\N24\PPOFINAL_N24_B097_diversity\scan_order_PPOFINAL_N24_B097_diversity.json,E:\Projects\RL-LAM-ScanOpt\cae_model\stage3_ppo_final_expansion_224_to_320_batch224_v01\final_expansion_batch04\N24\PPOFINAL_N24_B097_diversity\J2D_PPOFINAL_N24_B097_diversity.cae,E:\Projects\RL-LAM-ScanOpt\cae_model\stage3_ppo_final_expansion_224_to_320_batch224_v01\final_expansion_batch04\N24\PPOFINAL_N24_B097_diversity\J2D_PPOFINAL_N24_B097_diversity.inp,E:\Projects\RL-LAM-ScanOpt\cae_model\stage3_ppo_final_expansion_224_to_320_batch224_v01\final_expansion_batch04\N24\PPOFINAL_N24_B097_diversity\J2D_PPOFINAL_N24_B097_diversity.jnl,GENERATED,PENDING,False,NOT_SUBMITTED,Stage U PPO final expansion CAE/INP generation only; no teacher metrics yet.
stageU_final_expansion_CAE_INP_handoff,stage3_ppo_final_expansion_224_to_320_batch224_v01,final_expansion_batch04,24,PPOFINAL_N24_B098_diversity,J2D_PPOFINAL_N24_B098_diversity,E:\Projects\RL-LAM-ScanOpt\cae_model\stage3_ppo_final_expansion_224_to_320_batch224_v01\final_expansion_batch04\N24\PPOFINAL_N24_B098_diversity,E:\Projects\RL-LAM-ScanOpt\cae_model\stage3_ppo_final_expansion_224_to_320_batch224_v01\final_expansion_batch04\N24\PPOFINAL_N24_B098_diversity\scan_order_PPOFINAL_N24_B098_diversity.json,E:\Projects\RL-LAM-ScanOpt\cae_model\stage3_ppo_final_expansion_224_to_320_batch224_v01\final_expansion_batch04\N24\PPOFINAL_N24_B098_diversity\J2D_PPOFINAL_N24_B098_diversity.cae,E:\Projects\RL-LAM-ScanOpt\cae_model\stage3_ppo_final_expansion_224_to_320_batch224_v01\final_expansion_batch04\N24\PPOFINAL_N24_B098_diversity\J2D_PPOFINAL_N24_B098_diversity.inp,E:\Projects\RL-LAM-ScanOpt\cae_model\stage3_ppo_final_expansion_224_to_320_batch224_v01\final_expansion_batch04\N24\PPOFINAL_N24_B098_diversity\J2D_PPOFINAL_N24_B098_diversity.jnl,GENERATED,PENDING,False,NOT_SUBMITTED,Stage U PPO final expansion CAE/INP generation only; no teacher metrics yet.
stageU_final_expansion_CAE_INP_handoff,stage3_ppo_final_expansion_224_to_320_batch224_v01,final_expansion_batch04,24,PPOFINAL_N24_B099_diversity,J2D_PPOFINAL_N24_B099_diversity,E:\Projects\RL-LAM-ScanOpt\cae_model\stage3_ppo_final_expansion_224_to_320_batch224_v01\final_expansion_batch04\N24\PPOFINAL_N24_B099_diversity,E:\Projects\RL-LAM-ScanOpt\cae_model\stage3_ppo_final_expansion_224_to_320_batch224_v01\final_expansion_batch04\N24\PPOFINAL_N24_B099_diversity\scan_order_PPOFINAL_N24_B099_diversity.json,E:\Projects\RL-LAM-ScanOpt\cae_model\stage3_ppo_final_expansion_224_to_320_batch224_v01\final_expansion_batch04\N24\PPOFINAL_N24_B099_diversity\J2D_PPOFINAL_N24_B099_diversity.cae,E:\Projects\RL-LAM-ScanOpt\cae_model\stage3_ppo_final_expansion_224_to_320_batch224_v01\final_expansion_batch04\N24\PPOFINAL_N24_B099_diversity\J2D_PPOFINAL_N24_B099_diversity.inp,E:\Projects\RL-LAM-ScanOpt\cae_model\stage3_ppo_final_expansion_224_to_320_batch224_v01\final_expansion_batch04\N24\PPOFINAL_N24_B099_diversity\J2D_PPOFINAL_N24_B099_diversity.jnl,GENERATED,PENDING,False,NOT_SUBMITTED,Stage U PPO final expansion CAE/INP generation only; no teacher metrics yet.
stageU_final_expansion_CAE_INP_handoff,stage3_ppo_final_expansion_224_to_320_batch224_v01,final_expansion_batch04,24,PPOFINAL_N24_B100_diversity,J2D_PPOFINAL_N24_B100_diversity,E:\Projects\RL-LAM-ScanOpt\cae_model\stage3_ppo_final_expansion_224_to_320_batch224_v01\final_expansion_batch04\N24\PPOFINAL_N24_B100_diversity,E:\Projects\RL-LAM-ScanOpt\cae_model\stage3_ppo_final_expansion_224_to_320_batch224_v01\final_expansion_batch04\N24\PPOFINAL_N24_B100_diversity\scan_order_PPOFINAL_N24_B100_diversity.json,E:\Projects\RL-LAM-ScanOpt\cae_model\stage3_ppo_final_expansion_224_to_320_batch224_v01\final_expansion_batch04\N24\PPOFINAL_N24_B100_diversity\J2D_PPOFINAL_N24_B100_diversity.cae,E:\Projects\RL-LAM-ScanOpt\cae_model\stage3_ppo_final_expansion_224_to_320_batch224_v01\final_expansion_batch04\N24\PPOFINAL_N24_B100_diversity\J2D_PPOFINAL_N24_B100_diversity.inp,E:\Projects\RL-LAM-ScanOpt\cae_model\stage3_ppo_final_expansion_224_to_320_batch224_v01\final_expansion_batch04\N24\PPOFINAL_N24_B100_diversity\J2D_PPOFINAL_N24_B100_diversity.jnl,GENERATED,PENDING,False,NOT_SUBMITTED,Stage U PPO final expansion CAE/INP generation only; no teacher metrics yet.
stageU_final_expansion_CAE_INP_handoff,stage3_ppo_final_expansion_224_to_320_batch224_v01,final_expansion_batch04,24,PPOFINAL_N24_B101_diversity,J2D_PPOFINAL_N24_B101_diversity,E:\Projects\RL-LAM-ScanOpt\cae_model\stage3_ppo_final_expansion_224_to_320_batch224_v01\final_expansion_batch04\N24\PPOFINAL_N24_B101_diversity,E:\Projects\RL-LAM-ScanOpt\cae_model\stage3_ppo_final_expansion_224_to_320_batch224_v01\final_expansion_batch04\N24\PPOFINAL_N24_B101_diversity\scan_order_PPOFINAL_N24_B101_diversity.json,E:\Projects\RL-LAM-ScanOpt\cae_model\stage3_ppo_final_expansion_224_to_320_batch224_v01\final_expansion_batch04\N24\PPOFINAL_N24_B101_diversity\J2D_PPOFINAL_N24_B101_diversity.cae,E:\Projects\RL-LAM-ScanOpt\cae_model\stage3_ppo_final_expansion_224_to_320_batch224_v01\final_expansion_batch04\N24\PPOFINAL_N24_B101_diversity\J2D_PPOFINAL_N24_B101_diversity.inp,E:\Projects\RL-LAM-ScanOpt\cae_model\stage3_ppo_final_expansion_224_to_320_batch224_v01\final_expansion_batch04\N24\PPOFINAL_N24_B101_diversity\J2D_PPOFINAL_N24_B101_diversity.jnl,GENERATED,PENDING,False,NOT_SUBMITTED,Stage U PPO final expansion CAE/INP generation only; no teacher metrics yet.
stageU_final_expansion_CAE_INP_handoff,stage3_ppo_final_expansion_224_to_320_batch224_v01,final_expansion_batch04,24,PPOFINAL_N24_B102_diversity,J2D_PPOFINAL_N24_B102_diversity,E:\Projects\RL-LAM-ScanOpt\cae_model\stage3_ppo_final_expansion_224_to_320_batch224_v01\final_expansion_batch04\N24\PPOFINAL_N24_B102_diversity,E:\Projects\RL-LAM-ScanOpt\cae_model\stage3_ppo_final_expansion_224_to_320_batch224_v01\final_expansion_batch04\N24\PPOFINAL_N24_B102_diversity\scan_order_PPOFINAL_N24_B102_diversity.json,E:\Projects\RL-LAM-ScanOpt\cae_model\stage3_ppo_final_expansion_224_to_320_batch224_v01\final_expansion_batch04\N24\PPOFINAL_N24_B102_diversity\J2D_PPOFINAL_N24_B102_diversity.cae,E:\Projects\RL-LAM-ScanOpt\cae_model\stage3_ppo_final_expansion_224_to_320_batch224_v01\final_expansion_batch04\N24\PPOFINAL_N24_B102_diversity\J2D_PPOFINAL_N24_B102_diversity.inp,E:\Projects\RL-LAM-ScanOpt\cae_model\stage3_ppo_final_expansion_224_to_320_batch224_v01\final_expansion_batch04\N24\PPOFINAL_N24_B102_diversity\J2D_PPOFINAL_N24_B102_diversity.jnl,GENERATED,PENDING,False,NOT_SUBMITTED,Stage U PPO final expansion CAE/INP generation only; no teacher metrics yet.
stageU_final_expansion_CAE_INP_handoff,stage3_ppo_final_expansion_224_to_320_batch224_v01,final_expansion_batch04,24,PPOFINAL_N24_B103_diversity,J2D_PPOFINAL_N24_B103_diversity,E:\Projects\RL-LAM-ScanOpt\cae_model\stage3_ppo_final_expansion_224_to_320_batch224_v01\final_expansion_batch04\N24\PPOFINAL_N24_B103_diversity,E:\Projects\RL-LAM-ScanOpt\cae_model\stage3_ppo_final_expansion_224_to_320_batch224_v01\final_expansion_batch04\N24\PPOFINAL_N24_B103_diversity\scan_order_PPOFINAL_N24_B103_diversity.json,E:\Projects\RL-LAM-ScanOpt\cae_model\stage3_ppo_final_expansion_224_to_320_batch224_v01\final_expansion_batch04\N24\PPOFINAL_N24_B103_diversity\J2D_PPOFINAL_N24_B103_diversity.cae,E:\Projects\RL-LAM-ScanOpt\cae_model\stage3_ppo_final_expansion_224_to_320_batch224_v01\final_expansion_batch04\N24\PPOFINAL_N24_B103_diversity\J2D_PPOFINAL_N24_B103_diversity.inp,E:\Projects\RL-LAM-ScanOpt\cae_model\stage3_ppo_final_expansion_224_to_320_batch224_v01\final_expansion_batch04\N24\PPOFINAL_N24_B103_diversity\J2D_PPOFINAL_N24_B103_diversity.jnl,GENERATED,PENDING,False,NOT_SUBMITTED,Stage U PPO final expansion CAE/INP generation only; no teacher metrics yet.
stageU_final_expansion_CAE_INP_handoff,stage3_ppo_final_expansion_224_to_320_batch224_v01,final_expansion_batch04,24,PPOFINAL_N24_B104_diversity,J2D_PPOFINAL_N24_B104_diversity,E:\Projects\RL-LAM-ScanOpt\cae_model\stage3_ppo_final_expansion_224_to_320_batch224_v01\final_expansion_batch04\N24\PPOFINAL_N24_B104_diversity,E:\Projects\RL-LAM-ScanOpt\cae_model\stage3_ppo_final_expansion_224_to_320_batch224_v01\final_expansion_batch04\N24\PPOFINAL_N24_B104_diversity\scan_order_PPOFINAL_N24_B104_diversity.json,E:\Projects\RL-LAM-ScanOpt\cae_model\stage3_ppo_final_expansion_224_to_320_batch224_v01\final_expansion_batch04\N24\PPOFINAL_N24_B104_diversity\J2D_PPOFINAL_N24_B104_diversity.cae,E:\Projects\RL-LAM-ScanOpt\cae_model\stage3_ppo_final_expansion_224_to_320_batch224_v01\final_expansion_batch04\N24\PPOFINAL_N24_B104_diversity\J2D_PPOFINAL_N24_B104_diversity.inp,E:\Projects\RL-LAM-ScanOpt\cae_model\stage3_ppo_final_expansion_224_to_320_batch224_v01\final_expansion_batch04\N24\PPOFINAL_N24_B104_diversity\J2D_PPOFINAL_N24_B104_diversity.jnl,GENERATED,PENDING,False,NOT_SUBMITTED,Stage U PPO final expansion CAE/INP generation only; no teacher metrics yet.
stageU_final_expansion_CAE_INP_handoff,stage3_ppo_final_expansion_224_to_320_batch224_v01,final_expansion_batch04,24,PPOFINAL_N24_B105_diversity,J2D_PPOFINAL_N24_B105_diversity,E:\Projects\RL-LAM-ScanOpt\cae_model\stage3_ppo_final_expansion_224_to_320_batch224_v01\final_expansion_batch04\N24\PPOFINAL_N24_B105_diversity,E:\Projects\RL-LAM-ScanOpt\cae_model\stage3_ppo_final_expansion_224_to_320_batch224_v01\final_expansion_batch04\N24\PPOFINAL_N24_B105_diversity\scan_order_PPOFINAL_N24_B105_diversity.json,E:\Projects\RL-LAM-ScanOpt\cae_model\stage3_ppo_final_expansion_224_to_320_batch224_v01\final_expansion_batch04\N24\PPOFINAL_N24_B105_diversity\J2D_PPOFINAL_N24_B105_diversity.cae,E:\Projects\RL-LAM-ScanOpt\cae_model\stage3_ppo_final_expansion_224_to_320_batch224_v01\final_expansion_batch04\N24\PPOFINAL_N24_B105_diversity\J2D_PPOFINAL_N24_B105_diversity.inp,E:\Projects\RL-LAM-ScanOpt\cae_model\stage3_ppo_final_expansion_224_to_320_batch224_v01\final_expansion_batch04\N24\PPOFINAL_N24_B105_diversity\J2D_PPOFINAL_N24_B105_diversity.jnl,GENERATED,PENDING,False,NOT_SUBMITTED,Stage U PPO final expansion CAE/INP generation only; no teacher metrics yet.
stageU_final_expansion_CAE_INP_handoff,stage3_ppo_final_expansion_224_to_320_batch224_v01,final_expansion_batch04,24,PPOFINAL_N24_B106_diversity,J2D_PPOFINAL_N24_B106_diversity,E:\Projects\RL-LAM-ScanOpt\cae_model\stage3_ppo_final_expansion_224_to_320_batch224_v01\final_expansion_batch04\N24\PPOFINAL_N24_B106_diversity,E:\Projects\RL-LAM-ScanOpt\cae_model\stage3_ppo_final_expansion_224_to_320_batch224_v01\final_expansion_batch04\N24\PPOFINAL_N24_B106_diversity\scan_order_PPOFINAL_N24_B106_diversity.json,E:\Projects\RL-LAM-ScanOpt\cae_model\stage3_ppo_final_expansion_224_to_320_batch224_v01\final_expansion_batch04\N24\PPOFINAL_N24_B106_diversity\J2D_PPOFINAL_N24_B106_diversity.cae,E:\Projects\RL-LAM-ScanOpt\cae_model\stage3_ppo_final_expansion_224_to_320_batch224_v01\final_expansion_batch04\N24\PPOFINAL_N24_B106_diversity\J2D_PPOFINAL_N24_B106_diversity.inp,E:\Projects\RL-LAM-ScanOpt\cae_model\stage3_ppo_final_expansion_224_to_320_batch224_v01\final_expansion_batch04\N24\PPOFINAL_N24_B106_diversity\J2D_PPOFINAL_N24_B106_diversity.jnl,GENERATED,PENDING,False,NOT_SUBMITTED,Stage U PPO final expansion CAE/INP generation only; no teacher metrics yet.
stageU_final_expansion_CAE_INP_handoff,stage3_ppo_final_expansion_224_to_320_batch224_v01,final_expansion_batch04,24,PPOFINAL_N24_B107_diversity,J2D_PPOFINAL_N24_B107_diversity,E:\Projects\RL-LAM-ScanOpt\cae_model\stage3_ppo_final_expansion_224_to_320_batch224_v01\final_expansion_batch04\N24\PPOFINAL_N24_B107_diversity,E:\Projects\RL-LAM-ScanOpt\cae_model\stage3_ppo_final_expansion_224_to_320_batch224_v01\final_expansion_batch04\N24\PPOFINAL_N24_B107_diversity\scan_order_PPOFINAL_N24_B107_diversity.json,E:\Projects\RL-LAM-ScanOpt\cae_model\stage3_ppo_final_expansion_224_to_320_batch224_v01\final_expansion_batch04\N24\PPOFINAL_N24_B107_diversity\J2D_PPOFINAL_N24_B107_diversity.cae,E:\Projects\RL-LAM-ScanOpt\cae_model\stage3_ppo_final_expansion_224_to_320_batch224_v01\final_expansion_batch04\N24\PPOFINAL_N24_B107_diversity\J2D_PPOFINAL_N24_B107_diversity.inp,E:\Projects\RL-LAM-ScanOpt\cae_model\stage3_ppo_final_expansion_224_to_320_batch224_v01\final_expansion_batch04\N24\PPOFINAL_N24_B107_diversity\J2D_PPOFINAL_N24_B107_diversity.jnl,GENERATED,PENDING,False,NOT_SUBMITTED,Stage U PPO final expansion CAE/INP generation only; no teacher metrics yet.
stageU_final_expansion_CAE_INP_handoff,stage3_ppo_final_expansion_224_to_320_batch224_v01,final_expansion_batch04,24,PPOFINAL_N24_B108_diversity,J2D_PPOFINAL_N24_B108_diversity,E:\Projects\RL-LAM-ScanOpt\cae_model\stage3_ppo_final_expansion_224_to_320_batch224_v01\final_expansion_batch04\N24\PPOFINAL_N24_B108_diversity,E:\Projects\RL-LAM-ScanOpt\cae_model\stage3_ppo_final_expansion_224_to_320_batch224_v01\final_expansion_batch04\N24\PPOFINAL_N24_B108_diversity\scan_order_PPOFINAL_N24_B108_diversity.json,E:\Projects\RL-LAM-ScanOpt\cae_model\stage3_ppo_final_expansion_224_to_320_batch224_v01\final_expansion_batch04\N24\PPOFINAL_N24_B108_diversity\J2D_PPOFINAL_N24_B108_diversity.cae,E:\Projects\RL-LAM-ScanOpt\cae_model\stage3_ppo_final_expansion_224_to_320_batch224_v01\final_expansion_batch04\N24\PPOFINAL_N24_B108_diversity\J2D_PPOFINAL_N24_B108_diversity.inp,E:\Projects\RL-LAM-ScanOpt\cae_model\stage3_ppo_final_expansion_224_to_320_batch224_v01\final_expansion_batch04\N24\PPOFINAL_N24_B108_diversity\J2D_PPOFINAL_N24_B108_diversity.jnl,GENERATED,PENDING,False,NOT_SUBMITTED,Stage U PPO final expansion CAE/INP generation only; no teacher metrics yet.
stageU_final_expansion_CAE_INP_handoff,stage3_ppo_final_expansion_224_to_320_batch224_v01,final_expansion_batch04,24,PPOFINAL_N24_B109_diversity,J2D_PPOFINAL_N24_B109_diversity,E:\Projects\RL-LAM-ScanOpt\cae_model\stage3_ppo_final_expansion_224_to_320_batch224_v01\final_expansion_batch04\N24\PPOFINAL_N24_B109_diversity,E:\Projects\RL-LAM-ScanOpt\cae_model\stage3_ppo_final_expansion_224_to_320_batch224_v01\final_expansion_batch04\N24\PPOFINAL_N24_B109_diversity\scan_order_PPOFINAL_N24_B109_diversity.json,E:\Projects\RL-LAM-ScanOpt\cae_model\stage3_ppo_final_expansion_224_to_320_batch224_v01\final_expansion_batch04\N24\PPOFINAL_N24_B109_diversity\J2D_PPOFINAL_N24_B109_diversity.cae,E:\Projects\RL-LAM-ScanOpt\cae_model\stage3_ppo_final_expansion_224_to_320_batch224_v01\final_expansion_batch04\N24\PPOFINAL_N24_B109_diversity\J2D_PPOFINAL_N24_B109_diversity.inp,E:\Projects\RL-LAM-ScanOpt\cae_model\stage3_ppo_final_expansion_224_to_320_batch224_v01\final_expansion_batch04\N24\PPOFINAL_N24_B109_diversity\J2D_PPOFINAL_N24_B109_diversity.jnl,GENERATED,PENDING,False,NOT_SUBMITTED,Stage U PPO final expansion CAE/INP generation only; no teacher metrics yet.
stageU_final_expansion_CAE_INP_handoff,stage3_ppo_final_expansion_224_to_320_batch224_v01,final_expansion_batch04,24,PPOFINAL_N24_B110_diversity,J2D_PPOFINAL_N24_B110_diversity,E:\Projects\RL-LAM-ScanOpt\cae_model\stage3_ppo_final_expansion_224_to_320_batch224_v01\final_expansion_batch04\N24\PPOFINAL_N24_B110_diversity,E:\Projects\RL-LAM-ScanOpt\cae_model\stage3_ppo_final_expansion_224_to_320_batch224_v01\final_expansion_batch04\N24\PPOFINAL_N24_B110_diversity\scan_order_PPOFINAL_N24_B110_diversity.json,E:\Projects\RL-LAM-ScanOpt\cae_model\stage3_ppo_final_expansion_224_to_320_batch224_v01\final_expansion_batch04\N24\PPOFINAL_N24_B110_diversity\J2D_PPOFINAL_N24_B110_diversity.cae,E:\Projects\RL-LAM-ScanOpt\cae_model\stage3_ppo_final_expansion_224_to_320_batch224_v01\final_expansion_batch04\N24\PPOFINAL_N24_B110_diversity\J2D_PPOFINAL_N24_B110_diversity.inp,E:\Projects\RL-LAM-ScanOpt\cae_model\stage3_ppo_final_expansion_224_to_320_batch224_v01\final_expansion_batch04\N24\PPOFINAL_N24_B110_diversity\J2D_PPOFINAL_N24_B110_diversity.jnl,GENERATED,PENDING,False,NOT_SUBMITTED,Stage U PPO final expansion CAE/INP generation only; no teacher metrics yet.
stageU_final_expansion_CAE_INP_handoff,stage3_ppo_final_expansion_224_to_320_batch224_v01,final_expansion_batch04,24,PPOFINAL_N24_B111_diversity,J2D_PPOFINAL_N24_B111_diversity,E:\Projects\RL-LAM-ScanOpt\cae_model\stage3_ppo_final_expansion_224_to_320_batch224_v01\final_expansion_batch04\N24\PPOFINAL_N24_B111_diversity,E:\Projects\RL-LAM-ScanOpt\cae_model\stage3_ppo_final_expansion_224_to_320_batch224_v01\final_expansion_batch04\N24\PPOFINAL_N24_B111_diversity\scan_order_PPOFINAL_N24_B111_diversity.json,E:\Projects\RL-LAM-ScanOpt\cae_model\stage3_ppo_final_expansion_224_to_320_batch224_v01\final_expansion_batch04\N24\PPOFINAL_N24_B111_diversity\J2D_PPOFINAL_N24_B111_diversity.cae,E:\Projects\RL-LAM-ScanOpt\cae_model\stage3_ppo_final_expansion_224_to_320_batch224_v01\final_expansion_batch04\N24\PPOFINAL_N24_B111_diversity\J2D_PPOFINAL_N24_B111_diversity.inp,E:\Projects\RL-LAM-ScanOpt\cae_model\stage3_ppo_final_expansion_224_to_320_batch224_v01\final_expansion_batch04\N24\PPOFINAL_N24_B111_diversity\J2D_PPOFINAL_N24_B111_diversity.jnl,GENERATED,PENDING,False,NOT_SUBMITTED,Stage U PPO final expansion CAE/INP generation only; no teacher metrics yet.
stageU_final_expansion_CAE_INP_handoff,stage3_ppo_final_expansion_224_to_320_batch224_v01,final_expansion_batch04,24,PPOFINAL_N24_B112_diversity,J2D_PPOFINAL_N24_B112_diversity,E:\Projects\RL-LAM-ScanOpt\cae_model\stage3_ppo_final_expansion_224_to_320_batch224_v01\final_expansion_batch04\N24\PPOFINAL_N24_B112_diversity,E:\Projects\RL-LAM-ScanOpt\cae_model\stage3_ppo_final_expansion_224_to_320_batch224_v01\final_expansion_batch04\N24\PPOFINAL_N24_B112_diversity\scan_order_PPOFINAL_N24_B112_diversity.json,E:\Projects\RL-LAM-ScanOpt\cae_model\stage3_ppo_final_expansion_224_to_320_batch224_v01\final_expansion_batch04\N24\PPOFINAL_N24_B112_diversity\J2D_PPOFINAL_N24_B112_diversity.cae,E:\Projects\RL-LAM-ScanOpt\cae_model\stage3_ppo_final_expansion_224_to_320_batch224_v01\final_expansion_batch04\N24\PPOFINAL_N24_B112_diversity\J2D_PPOFINAL_N24_B112_diversity.inp,E:\Projects\RL-LAM-ScanOpt\cae_model\stage3_ppo_final_expansion_224_to_320_batch224_v01\final_expansion_batch04\N24\PPOFINAL_N24_B112_diversity\J2D_PPOFINAL_N24_B112_diversity.jnl,GENERATED,PENDING,False,NOT_SUBMITTED,Stage U PPO final expansion CAE/INP generation only; no teacher metrics yet.
stageU_final_expansion_CAE_INP_handoff,stage3_ppo_final_expansion_224_to_320_batch224_v01,final_expansion_batch04,24,PPOFINAL_N24_B113_efficiency,J2D_PPOFINAL_N24_B113_efficiency,E:\Projects\RL-LAM-ScanOpt\cae_model\stage3_ppo_final_expansion_224_to_320_batch224_v01\final_expansion_batch04\N24\PPOFINAL_N24_B113_efficiency,E:\Projects\RL-LAM-ScanOpt\cae_model\stage3_ppo_final_expansion_224_to_320_batch224_v01\final_expansion_batch04\N24\PPOFINAL_N24_B113_efficiency\scan_order_PPOFINAL_N24_B113_efficiency.json,E:\Projects\RL-LAM-ScanOpt\cae_model\stage3_ppo_final_expansion_224_to_320_batch224_v01\final_expansion_batch04\N24\PPOFINAL_N24_B113_efficiency\J2D_PPOFINAL_N24_B113_efficiency.cae,E:\Projects\RL-LAM-ScanOpt\cae_model\stage3_ppo_final_expansion_224_to_320_batch224_v01\final_expansion_batch04\N24\PPOFINAL_N24_B113_efficiency\J2D_PPOFINAL_N24_B113_efficiency.inp,E:\Projects\RL-LAM-ScanOpt\cae_model\stage3_ppo_final_expansion_224_to_320_batch224_v01\final_expansion_batch04\N24\PPOFINAL_N24_B113_efficiency\J2D_PPOFINAL_N24_B113_efficiency.jnl,GENERATED,PENDING,False,NOT_SUBMITTED,Stage U PPO final expansion CAE/INP generation only; no teacher metrics yet.
stageU_final_expansion_CAE_INP_handoff,stage3_ppo_final_expansion_224_to_320_batch224_v01,final_expansion_batch04,24,PPOFINAL_N24_B114_efficiency,J2D_PPOFINAL_N24_B114_efficiency,E:\Projects\RL-LAM-ScanOpt\cae_model\stage3_ppo_final_expansion_224_to_320_batch224_v01\final_expansion_batch04\N24\PPOFINAL_N24_B114_efficiency,E:\Projects\RL-LAM-ScanOpt\cae_model\stage3_ppo_final_expansion_224_to_320_batch224_v01\final_expansion_batch04\N24\PPOFINAL_N24_B114_efficiency\scan_order_PPOFINAL_N24_B114_efficiency.json,E:\Projects\RL-LAM-ScanOpt\cae_model\stage3_ppo_final_expansion_224_to_320_batch224_v01\final_expansion_batch04\N24\PPOFINAL_N24_B114_efficiency\J2D_PPOFINAL_N24_B114_efficiency.cae,E:\Projects\RL-LAM-ScanOpt\cae_model\stage3_ppo_final_expansion_224_to_320_batch224_v01\final_expansion_batch04\N24\PPOFINAL_N24_B114_efficiency\J2D_PPOFINAL_N24_B114_efficiency.inp,E:\Projects\RL-LAM-ScanOpt\cae_model\stage3_ppo_final_expansion_224_to_320_batch224_v01\final_expansion_batch04\N24\PPOFINAL_N24_B114_efficiency\J2D_PPOFINAL_N24_B114_efficiency.jnl,GENERATED,PENDING,False,NOT_SUBMITTED,Stage U PPO final expansion CAE/INP generation only; no teacher metrics yet.
stageU_final_expansion_CAE_INP_handoff,stage3_ppo_final_expansion_224_to_320_batch224_v01,final_expansion_batch04,24,PPOFINAL_N24_B115_efficiency,J2D_PPOFINAL_N24_B115_efficiency,E:\Projects\RL-LAM-ScanOpt\cae_model\stage3_ppo_final_expansion_224_to_320_batch224_v01\final_expansion_batch04\N24\PPOFINAL_N24_B115_efficiency,E:\Projects\RL-LAM-ScanOpt\cae_model\stage3_ppo_final_expansion_224_to_320_batch224_v01\final_expansion_batch04\N24\PPOFINAL_N24_B115_efficiency\scan_order_PPOFINAL_N24_B115_efficiency.json,E:\Projects\RL-LAM-ScanOpt\cae_model\stage3_ppo_final_expansion_224_to_320_batch224_v01\final_expansion_batch04\N24\PPOFINAL_N24_B115_efficiency\J2D_PPOFINAL_N24_B115_efficiency.cae,E:\Projects\RL-LAM-ScanOpt\cae_model\stage3_ppo_final_expansion_224_to_320_batch224_v01\final_expansion_batch04\N24\PPOFINAL_N24_B115_efficiency\J2D_PPOFINAL_N24_B115_efficiency.inp,E:\Projects\RL-LAM-ScanOpt\cae_model\stage3_ppo_final_expansion_224_to_320_batch224_v01\final_expansion_batch04\N24\PPOFINAL_N24_B115_efficiency\J2D_PPOFINAL_N24_B115_efficiency.jnl,GENERATED,PENDING,False,NOT_SUBMITTED,Stage U PPO final expansion CAE/INP generation only; no teacher metrics yet.
stageU_final_expansion_CAE_INP_handoff,stage3_ppo_final_expansion_224_to_320_batch224_v01,final_expansion_batch04,24,PPOFINAL_N24_B116_efficiency,J2D_PPOFINAL_N24_B116_efficiency,E:\Projects\RL-LAM-ScanOpt\cae_model\stage3_ppo_final_expansion_224_to_320_batch224_v01\final_expansion_batch04\N24\PPOFINAL_N24_B116_efficiency,E:\Projects\RL-LAM-ScanOpt\cae_model\stage3_ppo_final_expansion_224_to_320_batch224_v01\final_expansion_batch04\N24\PPOFINAL_N24_B116_efficiency\scan_order_PPOFINAL_N24_B116_efficiency.json,E:\Projects\RL-LAM-ScanOpt\cae_model\stage3_ppo_final_expansion_224_to_320_batch224_v01\final_expansion_batch04\N24\PPOFINAL_N24_B116_efficiency\J2D_PPOFINAL_N24_B116_efficiency.cae,E:\Projects\RL-LAM-ScanOpt\cae_model\stage3_ppo_final_expansion_224_to_320_batch224_v01\final_expansion_batch04\N24\PPOFINAL_N24_B116_efficiency\J2D_PPOFINAL_N24_B116_efficiency.inp,E:\Projects\RL-LAM-ScanOpt\cae_model\stage3_ppo_final_expansion_224_to_320_batch224_v01\final_expansion_batch04\N24\PPOFINAL_N24_B116_efficiency\J2D_PPOFINAL_N24_B116_efficiency.jnl,GENERATED,PENDING,False,NOT_SUBMITTED,Stage U PPO final expansion CAE/INP generation only; no teacher metrics yet.
stageU_final_expansion_CAE_INP_handoff,stage3_ppo_final_expansion_224_to_320_batch224_v01,final_expansion_batch04,24,PPOFINAL_N24_B117_efficiency,J2D_PPOFINAL_N24_B117_efficiency,E:\Projects\RL-LAM-ScanOpt\cae_model\stage3_ppo_final_expansion_224_to_320_batch224_v01\final_expansion_batch04\N24\PPOFINAL_N24_B117_efficiency,E:\Projects\RL-LAM-ScanOpt\cae_model\stage3_ppo_final_expansion_224_to_320_batch224_v01\final_expansion_batch04\N24\PPOFINAL_N24_B117_efficiency\scan_order_PPOFINAL_N24_B117_efficiency.json,E:\Projects\RL-LAM-ScanOpt\cae_model\stage3_ppo_final_expansion_224_to_320_batch224_v01\final_expansion_batch04\N24\PPOFINAL_N24_B117_efficiency\J2D_PPOFINAL_N24_B117_efficiency.cae,E:\Projects\RL-LAM-ScanOpt\cae_model\stage3_ppo_final_expansion_224_to_320_batch224_v01\final_expansion_batch04\N24\PPOFINAL_N24_B117_efficiency\J2D_PPOFINAL_N24_B117_efficiency.inp,E:\Projects\RL-LAM-ScanOpt\cae_model\stage3_ppo_final_expansion_224_to_320_batch224_v01\final_expansion_batch04\N24\PPOFINAL_N24_B117_efficiency\J2D_PPOFINAL_N24_B117_efficiency.jnl,GENERATED,PENDING,False,NOT_SUBMITTED,Stage U PPO final expansion CAE/INP generation only; no teacher metrics yet.
stageU_final_expansion_CAE_INP_handoff,stage3_ppo_final_expansion_224_to_320_batch224_v01,final_expansion_batch04,24,PPOFINAL_N24_B118_efficiency,J2D_PPOFINAL_N24_B118_efficiency,E:\Projects\RL-LAM-ScanOpt\cae_model\stage3_ppo_final_expansion_224_to_320_batch224_v01\final_expansion_batch04\N24\PPOFINAL_N24_B118_efficiency,E:\Projects\RL-LAM-ScanOpt\cae_model\stage3_ppo_final_expansion_224_to_320_batch224_v01\final_expansion_batch04\N24\PPOFINAL_N24_B118_efficiency\scan_order_PPOFINAL_N24_B118_efficiency.json,E:\Projects\RL-LAM-ScanOpt\cae_model\stage3_ppo_final_expansion_224_to_320_batch224_v01\final_expansion_batch04\N24\PPOFINAL_N24_B118_efficiency\J2D_PPOFINAL_N24_B118_efficiency.cae,E:\Projects\RL-LAM-ScanOpt\cae_model\stage3_ppo_final_expansion_224_to_320_batch224_v01\final_expansion_batch04\N24\PPOFINAL_N24_B118_efficiency\J2D_PPOFINAL_N24_B118_efficiency.inp,E:\Projects\RL-LAM-ScanOpt\cae_model\stage3_ppo_final_expansion_224_to_320_batch224_v01\final_expansion_batch04\N24\PPOFINAL_N24_B118_efficiency\J2D_PPOFINAL_N24_B118_efficiency.jnl,GENERATED,PENDING,False,NOT_SUBMITTED,Stage U PPO final expansion CAE/INP generation only; no teacher metrics yet.
stageU_final_expansion_CAE_INP_handoff,stage3_ppo_final_expansion_224_to_320_batch224_v01,final_expansion_batch04,24,PPOFINAL_N24_B119_efficiency,J2D_PPOFINAL_N24_B119_efficiency,E:\Projects\RL-LAM-ScanOpt\cae_model\stage3_ppo_final_expansion_224_to_320_batch224_v01\final_expansion_batch04\N24\PPOFINAL_N24_B119_efficiency,E:\Projects\RL-LAM-ScanOpt\cae_model\stage3_ppo_final_expansion_224_to_320_batch224_v01\final_expansion_batch04\N24\PPOFINAL_N24_B119_efficiency\scan_order_PPOFINAL_N24_B119_efficiency.json,E:\Projects\RL-LAM-ScanOpt\cae_model\stage3_ppo_final_expansion_224_to_320_batch224_v01\final_expansion_batch04\N24\PPOFINAL_N24_B119_efficiency\J2D_PPOFINAL_N24_B119_efficiency.cae,E:\Projects\RL-LAM-ScanOpt\cae_model\stage3_ppo_final_expansion_224_to_320_batch224_v01\final_expansion_batch04\N24\PPOFINAL_N24_B119_efficiency\J2D_PPOFINAL_N24_B119_efficiency.inp,E:\Projects\RL-LAM-ScanOpt\cae_model\stage3_ppo_final_expansion_224_to_320_batch224_v01\final_expansion_batch04\N24\PPOFINAL_N24_B119_efficiency\J2D_PPOFINAL_N24_B119_efficiency.jnl,GENERATED,PENDING,False,NOT_SUBMITTED,Stage U PPO final expansion CAE/INP generation only; no teacher metrics yet.
stageU_final_expansion_CAE_INP_handoff,stage3_ppo_final_expansion_224_to_320_batch224_v01,final_expansion_batch04,24,PPOFINAL_N24_B120_efficiency,J2D_PPOFINAL_N24_B120_efficiency,E:\Projects\RL-LAM-ScanOpt\cae_model\stage3_ppo_final_expansion_224_to_320_batch224_v01\final_expansion_batch04\N24\PPOFINAL_N24_B120_efficiency,E:\Projects\RL-LAM-ScanOpt\cae_model\stage3_ppo_final_expansion_224_to_320_batch224_v01\final_expansion_batch04\N24\PPOFINAL_N24_B120_efficiency\scan_order_PPOFINAL_N24_B120_efficiency.json,E:\Projects\RL-LAM-ScanOpt\cae_model\stage3_ppo_final_expansion_224_to_320_batch224_v01\final_expansion_batch04\N24\PPOFINAL_N24_B120_efficiency\J2D_PPOFINAL_N24_B120_efficiency.cae,E:\Projects\RL-LAM-ScanOpt\cae_model\stage3_ppo_final_expansion_224_to_320_batch224_v01\final_expansion_batch04\N24\PPOFINAL_N24_B120_efficiency\J2D_PPOFINAL_N24_B120_efficiency.inp,E:\Projects\RL-LAM-ScanOpt\cae_model\stage3_ppo_final_expansion_224_to_320_batch224_v01\final_expansion_batch04\N24\PPOFINAL_N24_B120_efficiency\J2D_PPOFINAL_N24_B120_efficiency.jnl,GENERATED,PENDING,False,NOT_SUBMITTED,Stage U PPO final expansion CAE/INP generation only; no teacher metrics yet.
stageU_final_expansion_CAE_INP_handoff,stage3_ppo_final_expansion_224_to_320_batch224_v01,final_expansion_batch04,24,PPOFINAL_N24_B121_efficiency,J2D_PPOFINAL_N24_B121_efficiency,E:\Projects\RL-LAM-ScanOpt\cae_model\stage3_ppo_final_expansion_224_to_320_batch224_v01\final_expansion_batch04\N24\PPOFINAL_N24_B121_efficiency,E:\Projects\RL-LAM-ScanOpt\cae_model\stage3_ppo_final_expansion_224_to_320_batch224_v01\final_expansion_batch04\N24\PPOFINAL_N24_B121_efficiency\scan_order_PPOFINAL_N24_B121_efficiency.json,E:\Projects\RL-LAM-ScanOpt\cae_model\stage3_ppo_final_expansion_224_to_320_batch224_v01\final_expansion_batch04\N24\PPOFINAL_N24_B121_efficiency\J2D_PPOFINAL_N24_B121_efficiency.cae,E:\Projects\RL-LAM-ScanOpt\cae_model\stage3_ppo_final_expansion_224_to_320_batch224_v01\final_expansion_batch04\N24\PPOFINAL_N24_B121_efficiency\J2D_PPOFINAL_N24_B121_efficiency.inp,E:\Projects\RL-LAM-ScanOpt\cae_model\stage3_ppo_final_expansion_224_to_320_batch224_v01\final_expansion_batch04\N24\PPOFINAL_N24_B121_efficiency\J2D_PPOFINAL_N24_B121_efficiency.jnl,GENERATED,PENDING,False,NOT_SUBMITTED,Stage U PPO final expansion CAE/INP generation only; no teacher metrics yet.
stageU_final_expansion_CAE_INP_handoff,stage3_ppo_final_expansion_224_to_320_batch224_v01,final_expansion_batch04,24,PPOFINAL_N24_B122_efficiency,J2D_PPOFINAL_N24_B122_efficiency,E:\Projects\RL-LAM-ScanOpt\cae_model\stage3_ppo_final_expansion_224_to_320_batch224_v01\final_expansion_batch04\N24\PPOFINAL_N24_B122_efficiency,E:\Projects\RL-LAM-ScanOpt\cae_model\stage3_ppo_final_expansion_224_to_320_batch224_v01\final_expansion_batch04\N24\PPOFINAL_N24_B122_efficiency\scan_order_PPOFINAL_N24_B122_efficiency.json,E:\Projects\RL-LAM-ScanOpt\cae_model\stage3_ppo_final_expansion_224_to_320_batch224_v01\final_expansion_batch04\N24\PPOFINAL_N24_B122_efficiency\J2D_PPOFINAL_N24_B122_efficiency.cae,E:\Projects\RL-LAM-ScanOpt\cae_model\stage3_ppo_final_expansion_224_to_320_batch224_v01\final_expansion_batch04\N24\PPOFINAL_N24_B122_efficiency\J2D_PPOFINAL_N24_B122_efficiency.inp,E:\Projects\RL-LAM-ScanOpt\cae_model\stage3_ppo_final_expansion_224_to_320_batch224_v01\final_expansion_batch04\N24\PPOFINAL_N24_B122_efficiency\J2D_PPOFINAL_N24_B122_efficiency.jnl,GENERATED,PENDING,False,NOT_SUBMITTED,Stage U PPO final expansion CAE/INP generation only; no teacher metrics yet.
stageU_final_expansion_CAE_INP_handoff,stage3_ppo_final_expansion_224_to_320_batch224_v01,final_expansion_batch04,24,PPOFINAL_N24_B123_efficiency,J2D_PPOFINAL_N24_B123_efficiency,E:\Projects\RL-LAM-ScanOpt\cae_model\stage3_ppo_final_expansion_224_to_320_batch224_v01\final_expansion_batch04\N24\PPOFINAL_N24_B123_efficiency,E:\Projects\RL-LAM-ScanOpt\cae_model\stage3_ppo_final_expansion_224_to_320_batch224_v01\final_expansion_batch04\N24\PPOFINAL_N24_B123_efficiency\scan_order_PPOFINAL_N24_B123_efficiency.json,E:\Projects\RL-LAM-ScanOpt\cae_model\stage3_ppo_final_expansion_224_to_320_batch224_v01\final_expansion_batch04\N24\PPOFINAL_N24_B123_efficiency\J2D_PPOFINAL_N24_B123_efficiency.cae,E:\Projects\RL-LAM-ScanOpt\cae_model\stage3_ppo_final_expansion_224_to_320_batch224_v01\final_expansion_batch04\N24\PPOFINAL_N24_B123_efficiency\J2D_PPOFINAL_N24_B123_efficiency.inp,E:\Projects\RL-LAM-ScanOpt\cae_model\stage3_ppo_final_expansion_224_to_320_batch224_v01\final_expansion_batch04\N24\PPOFINAL_N24_B123_efficiency\J2D_PPOFINAL_N24_B123_efficiency.jnl,GENERATED,PENDING,False,NOT_SUBMITTED,Stage U PPO final expansion CAE/INP generation only; no teacher metrics yet.
stageU_final_expansion_CAE_INP_handoff,stage3_ppo_final_expansion_224_to_320_batch224_v01,final_expansion_batch04,24,PPOFINAL_N24_B124_efficiency,J2D_PPOFINAL_N24_B124_efficiency,E:\Projects\RL-LAM-ScanOpt\cae_model\stage3_ppo_final_expansion_224_to_320_batch224_v01\final_expansion_batch04\N24\PPOFINAL_N24_B124_efficiency,E:\Projects\RL-LAM-ScanOpt\cae_model\stage3_ppo_final_expansion_224_to_320_batch224_v01\final_expansion_batch04\N24\PPOFINAL_N24_B124_efficiency\scan_order_PPOFINAL_N24_B124_efficiency.json,E:\Projects\RL-LAM-ScanOpt\cae_model\stage3_ppo_final_expansion_224_to_320_batch224_v01\final_expansion_batch04\N24\PPOFINAL_N24_B124_efficiency\J2D_PPOFINAL_N24_B124_efficiency.cae,E:\Projects\RL-LAM-ScanOpt\cae_model\stage3_ppo_final_expansion_224_to_320_batch224_v01\final_expansion_batch04\N24\PPOFINAL_N24_B124_efficiency\J2D_PPOFINAL_N24_B124_efficiency.inp,E:\Projects\RL-LAM-ScanOpt\cae_model\stage3_ppo_final_expansion_224_to_320_batch224_v01\final_expansion_batch04\N24\PPOFINAL_N24_B124_efficiency\J2D_PPOFINAL_N24_B124_efficiency.jnl,GENERATED,PENDING,False,NOT_SUBMITTED,Stage U PPO final expansion CAE/INP generation only; no teacher metrics yet.
stageU_final_expansion_CAE_INP_handoff,stage3_ppo_final_expansion_224_to_320_batch224_v01,final_expansion_batch04,24,PPOFINAL_N24_B125_efficiency,J2D_PPOFINAL_N24_B125_efficiency,E:\Projects\RL-LAM-ScanOpt\cae_model\stage3_ppo_final_expansion_224_to_320_batch224_v01\final_expansion_batch04\N24\PPOFINAL_N24_B125_efficiency,E:\Projects\RL-LAM-ScanOpt\cae_model\stage3_ppo_final_expansion_224_to_320_batch224_v01\final_expansion_batch04\N24\PPOFINAL_N24_B125_efficiency\scan_order_PPOFINAL_N24_B125_efficiency.json,E:\Projects\RL-LAM-ScanOpt\cae_model\stage3_ppo_final_expansion_224_to_320_batch224_v01\final_expansion_batch04\N24\PPOFINAL_N24_B125_efficiency\J2D_PPOFINAL_N24_B125_efficiency.cae,E:\Projects\RL-LAM-ScanOpt\cae_model\stage3_ppo_final_expansion_224_to_320_batch224_v01\final_expansion_batch04\N24\PPOFINAL_N24_B125_efficiency\J2D_PPOFINAL_N24_B125_efficiency.inp,E:\Projects\RL-LAM-ScanOpt\cae_model\stage3_ppo_final_expansion_224_to_320_batch224_v01\final_expansion_batch04\N24\PPOFINAL_N24_B125_efficiency\J2D_PPOFINAL_N24_B125_efficiency.jnl,GENERATED,PENDING,False,NOT_SUBMITTED,Stage U PPO final expansion CAE/INP generation only; no teacher metrics yet.
stageU_final_expansion_CAE_INP_handoff,stage3_ppo_final_expansion_224_to_320_batch224_v01,final_expansion_batch04,24,PPOFINAL_N24_B126_efficiency,J2D_PPOFINAL_N24_B126_efficiency,E:\Projects\RL-LAM-ScanOpt\cae_model\stage3_ppo_final_expansion_224_to_320_batch224_v01\final_expansion_batch04\N24\PPOFINAL_N24_B126_efficiency,E:\Projects\RL-LAM-ScanOpt\cae_model\stage3_ppo_final_expansion_224_to_320_batch224_v01\final_expansion_batch04\N24\PPOFINAL_N24_B126_efficiency\scan_order_PPOFINAL_N24_B126_efficiency.json,E:\Projects\RL-LAM-ScanOpt\cae_model\stage3_ppo_final_expansion_224_to_320_batch224_v01\final_expansion_batch04\N24\PPOFINAL_N24_B126_efficiency\J2D_PPOFINAL_N24_B126_efficiency.cae,E:\Projects\RL-LAM-ScanOpt\cae_model\stage3_ppo_final_expansion_224_to_320_batch224_v01\final_expansion_batch04\N24\PPOFINAL_N24_B126_efficiency\J2D_PPOFINAL_N24_B126_efficiency.inp,E:\Projects\RL-LAM-ScanOpt\cae_model\stage3_ppo_final_expansion_224_to_320_batch224_v01\final_expansion_batch04\N24\PPOFINAL_N24_B126_efficiency\J2D_PPOFINAL_N24_B126_efficiency.jnl,GENERATED,PENDING,False,NOT_SUBMITTED,Stage U PPO final expansion CAE/INP generation only; no teacher metrics yet.
stageU_final_expansion_CAE_INP_handoff,stage3_ppo_final_expansion_224_to_320_batch224_v01,final_expansion_batch04,24,PPOFINAL_N24_B127_efficiency,J2D_PPOFINAL_N24_B127_efficiency,E:\Projects\RL-LAM-ScanOpt\cae_model\stage3_ppo_final_expansion_224_to_320_batch224_v01\final_expansion_batch04\N24\PPOFINAL_N24_B127_efficiency,E:\Projects\RL-LAM-ScanOpt\cae_model\stage3_ppo_final_expansion_224_to_320_batch224_v01\final_expansion_batch04\N24\PPOFINAL_N24_B127_efficiency\scan_order_PPOFINAL_N24_B127_efficiency.json,E:\Projects\RL-LAM-ScanOpt\cae_model\stage3_ppo_final_expansion_224_to_320_batch224_v01\final_expansion_batch04\N24\PPOFINAL_N24_B127_efficiency\J2D_PPOFINAL_N24_B127_efficiency.cae,E:\Projects\RL-LAM-ScanOpt\cae_model\stage3_ppo_final_expansion_224_to_320_batch224_v01\final_expansion_batch04\N24\PPOFINAL_N24_B127_efficiency\J2D_PPOFINAL_N24_B127_efficiency.inp,E:\Projects\RL-LAM-ScanOpt\cae_model\stage3_ppo_final_expansion_224_to_320_batch224_v01\final_expansion_batch04\N24\PPOFINAL_N24_B127_efficiency\J2D_PPOFINAL_N24_B127_efficiency.jnl,GENERATED,PENDING,False,NOT_SUBMITTED,Stage U PPO final expansion CAE/INP generation only; no teacher metrics yet.
stageU_final_expansion_CAE_INP_handoff,stage3_ppo_final_expansion_224_to_320_batch224_v01,final_expansion_batch04,24,PPOFINAL_N24_B128_efficiency,J2D_PPOFINAL_N24_B128_efficiency,E:\Projects\RL-LAM-ScanOpt\cae_model\stage3_ppo_final_expansion_224_to_320_batch224_v01\final_expansion_batch04\N24\PPOFINAL_N24_B128_efficiency,E:\Projects\RL-LAM-ScanOpt\cae_model\stage3_ppo_final_expansion_224_to_320_batch224_v01\final_expansion_batch04\N24\PPOFINAL_N24_B128_efficiency\scan_order_PPOFINAL_N24_B128_efficiency.json,E:\Projects\RL-LAM-ScanOpt\cae_model\stage3_ppo_final_expansion_224_to_320_batch224_v01\final_expansion_batch04\N24\PPOFINAL_N24_B128_efficiency\J2D_PPOFINAL_N24_B128_efficiency.cae,E:\Projects\RL-LAM-ScanOpt\cae_model\stage3_ppo_final_expansion_224_to_320_batch224_v01\final_expansion_batch04\N24\PPOFINAL_N24_B128_efficiency\J2D_PPOFINAL_N24_B128_efficiency.inp,E:\Projects\RL-LAM-ScanOpt\cae_model\stage3_ppo_final_expansion_224_to_320_batch224_v01\final_expansion_batch04\N24\PPOFINAL_N24_B128_efficiency\J2D_PPOFINAL_N24_B128_efficiency.jnl,GENERATED,PENDING,False,NOT_SUBMITTED,Stage U PPO final expansion CAE/INP generation only; no teacher metrics yet.
stageU_final_expansion_CAE_INP_handoff,stage3_ppo_final_expansion_224_to_320_batch224_v01,final_expansion_batch05,24,PPOFINAL_N24_B129_novelty,J2D_PPOFINAL_N24_B129_novelty,E:\Projects\RL-LAM-ScanOpt\cae_model\stage3_ppo_final_expansion_224_to_320_batch224_v01\final_expansion_batch05\N24\PPOFINAL_N24_B129_novelty,E:\Projects\RL-LAM-ScanOpt\cae_model\stage3_ppo_final_expansion_224_to_320_batch224_v01\final_expansion_batch05\N24\PPOFINAL_N24_B129_novelty\scan_order_PPOFINAL_N24_B129_novelty.json,E:\Projects\RL-LAM-ScanOpt\cae_model\stage3_ppo_final_expansion_224_to_320_batch224_v01\final_expansion_batch05\N24\PPOFINAL_N24_B129_novelty\J2D_PPOFINAL_N24_B129_novelty.cae,E:\Projects\RL-LAM-ScanOpt\cae_model\stage3_ppo_final_expansion_224_to_320_batch224_v01\final_expansion_batch05\N24\PPOFINAL_N24_B129_novelty\J2D_PPOFINAL_N24_B129_novelty.inp,E:\Projects\RL-LAM-ScanOpt\cae_model\stage3_ppo_final_expansion_224_to_320_batch224_v01\final_expansion_batch05\N24\PPOFINAL_N24_B129_novelty\J2D_PPOFINAL_N24_B129_novelty.jnl,GENERATED,PENDING,False,NOT_SUBMITTED,Stage U PPO final expansion CAE/INP generation only; no teacher metrics yet.
stageU_final_expansion_CAE_INP_handoff,stage3_ppo_final_expansion_224_to_320_batch224_v01,final_expansion_batch05,24,PPOFINAL_N24_B130_novelty,J2D_PPOFINAL_N24_B130_novelty,E:\Projects\RL-LAM-ScanOpt\cae_model\stage3_ppo_final_expansion_224_to_320_batch224_v01\final_expansion_batch05\N24\PPOFINAL_N24_B130_novelty,E:\Projects\RL-LAM-ScanOpt\cae_model\stage3_ppo_final_expansion_224_to_320_batch224_v01\final_expansion_batch05\N24\PPOFINAL_N24_B130_novelty\scan_order_PPOFINAL_N24_B130_novelty.json,E:\Projects\RL-LAM-ScanOpt\cae_model\stage3_ppo_final_expansion_224_to_320_batch224_v01\final_expansion_batch05\N24\PPOFINAL_N24_B130_novelty\J2D_PPOFINAL_N24_B130_novelty.cae,E:\Projects\RL-LAM-ScanOpt\cae_model\stage3_ppo_final_expansion_224_to_320_batch224_v01\final_expansion_batch05\N24\PPOFINAL_N24_B130_novelty\J2D_PPOFINAL_N24_B130_novelty.inp,E:\Projects\RL-LAM-ScanOpt\cae_model\stage3_ppo_final_expansion_224_to_320_batch224_v01\final_expansion_batch05\N24\PPOFINAL_N24_B130_novelty\J2D_PPOFINAL_N24_B130_novelty.jnl,GENERATED,PENDING,False,NOT_SUBMITTED,Stage U PPO final expansion CAE/INP generation only; no teacher metrics yet.
stageU_final_expansion_CAE_INP_handoff,stage3_ppo_final_expansion_224_to_320_batch224_v01,final_expansion_batch05,24,PPOFINAL_N24_B131_novelty,J2D_PPOFINAL_N24_B131_novelty,E:\Projects\RL-LAM-ScanOpt\cae_model\stage3_ppo_final_expansion_224_to_320_batch224_v01\final_expansion_batch05\N24\PPOFINAL_N24_B131_novelty,E:\Projects\RL-LAM-ScanOpt\cae_model\stage3_ppo_final_expansion_224_to_320_batch224_v01\final_expansion_batch05\N24\PPOFINAL_N24_B131_novelty\scan_order_PPOFINAL_N24_B131_novelty.json,E:\Projects\RL-LAM-ScanOpt\cae_model\stage3_ppo_final_expansion_224_to_320_batch224_v01\final_expansion_batch05\N24\PPOFINAL_N24_B131_novelty\J2D_PPOFINAL_N24_B131_novelty.cae,E:\Projects\RL-LAM-ScanOpt\cae_model\stage3_ppo_final_expansion_224_to_320_batch224_v01\final_expansion_batch05\N24\PPOFINAL_N24_B131_novelty\J2D_PPOFINAL_N24_B131_novelty.inp,E:\Projects\RL-LAM-ScanOpt\cae_model\stage3_ppo_final_expansion_224_to_320_batch224_v01\final_expansion_batch05\N24\PPOFINAL_N24_B131_novelty\J2D_PPOFINAL_N24_B131_novelty.jnl,GENERATED,PENDING,False,NOT_SUBMITTED,Stage U PPO final expansion CAE/INP generation only; no teacher metrics yet.
stageU_final_expansion_CAE_INP_handoff,stage3_ppo_final_expansion_224_to_320_batch224_v01,final_expansion_batch05,24,PPOFINAL_N24_B132_novelty,J2D_PPOFINAL_N24_B132_novelty,E:\Projects\RL-LAM-ScanOpt\cae_model\stage3_ppo_final_expansion_224_to_320_batch224_v01\final_expansion_batch05\N24\PPOFINAL_N24_B132_novelty,E:\Projects\RL-LAM-ScanOpt\cae_model\stage3_ppo_final_expansion_224_to_320_batch224_v01\final_expansion_batch05\N24\PPOFINAL_N24_B132_novelty\scan_order_PPOFINAL_N24_B132_novelty.json,E:\Projects\RL-LAM-ScanOpt\cae_model\stage3_ppo_final_expansion_224_to_320_batch224_v01\final_expansion_batch05\N24\PPOFINAL_N24_B132_novelty\J2D_PPOFINAL_N24_B132_novelty.cae,E:\Projects\RL-LAM-ScanOpt\cae_model\stage3_ppo_final_expansion_224_to_320_batch224_v01\final_expansion_batch05\N24\PPOFINAL_N24_B132_novelty\J2D_PPOFINAL_N24_B132_novelty.inp,E:\Projects\RL-LAM-ScanOpt\cae_model\stage3_ppo_final_expansion_224_to_320_batch224_v01\final_expansion_batch05\N24\PPOFINAL_N24_B132_novelty\J2D_PPOFINAL_N24_B132_novelty.jnl,GENERATED,PENDING,False,NOT_SUBMITTED,Stage U PPO final expansion CAE/INP generation only; no teacher metrics yet.
stageU_final_expansion_CAE_INP_handoff,stage3_ppo_final_expansion_224_to_320_batch224_v01,final_expansion_batch05,24,PPOFINAL_N24_B133_novelty,J2D_PPOFINAL_N24_B133_novelty,E:\Projects\RL-LAM-ScanOpt\cae_model\stage3_ppo_final_expansion_224_to_320_batch224_v01\final_expansion_batch05\N24\PPOFINAL_N24_B133_novelty,E:\Projects\RL-LAM-ScanOpt\cae_model\stage3_ppo_final_expansion_224_to_320_batch224_v01\final_expansion_batch05\N24\PPOFINAL_N24_B133_novelty\scan_order_PPOFINAL_N24_B133_novelty.json,E:\Projects\RL-LAM-ScanOpt\cae_model\stage3_ppo_final_expansion_224_to_320_batch224_v01\final_expansion_batch05\N24\PPOFINAL_N24_B133_novelty\J2D_PPOFINAL_N24_B133_novelty.cae,E:\Projects\RL-LAM-ScanOpt\cae_model\stage3_ppo_final_expansion_224_to_320_batch224_v01\final_expansion_batch05\N24\PPOFINAL_N24_B133_novelty\J2D_PPOFINAL_N24_B133_novelty.inp,E:\Projects\RL-LAM-ScanOpt\cae_model\stage3_ppo_final_expansion_224_to_320_batch224_v01\final_expansion_batch05\N24\PPOFINAL_N24_B133_novelty\J2D_PPOFINAL_N24_B133_novelty.jnl,GENERATED,PENDING,False,NOT_SUBMITTED,Stage U PPO final expansion CAE/INP generation only; no teacher metrics yet.
stageU_final_expansion_CAE_INP_handoff,stage3_ppo_final_expansion_224_to_320_batch224_v01,final_expansion_batch05,24,PPOFINAL_N24_B134_novelty,J2D_PPOFINAL_N24_B134_novelty,E:\Projects\RL-LAM-ScanOpt\cae_model\stage3_ppo_final_expansion_224_to_320_batch224_v01\final_expansion_batch05\N24\PPOFINAL_N24_B134_novelty,E:\Projects\RL-LAM-ScanOpt\cae_model\stage3_ppo_final_expansion_224_to_320_batch224_v01\final_expansion_batch05\N24\PPOFINAL_N24_B134_novelty\scan_order_PPOFINAL_N24_B134_novelty.json,E:\Projects\RL-LAM-ScanOpt\cae_model\stage3_ppo_final_expansion_224_to_320_batch224_v01\final_expansion_batch05\N24\PPOFINAL_N24_B134_novelty\J2D_PPOFINAL_N24_B134_novelty.cae,E:\Projects\RL-LAM-ScanOpt\cae_model\stage3_ppo_final_expansion_224_to_320_batch224_v01\final_expansion_batch05\N24\PPOFINAL_N24_B134_novelty\J2D_PPOFINAL_N24_B134_novelty.inp,E:\Projects\RL-LAM-ScanOpt\cae_model\stage3_ppo_final_expansion_224_to_320_batch224_v01\final_expansion_batch05\N24\PPOFINAL_N24_B134_novelty\J2D_PPOFINAL_N24_B134_novelty.jnl,GENERATED,PENDING,False,NOT_SUBMITTED,Stage U PPO final expansion CAE/INP generation only; no teacher metrics yet.
stageU_final_expansion_CAE_INP_handoff,stage3_ppo_final_expansion_224_to_320_batch224_v01,final_expansion_batch05,24,PPOFINAL_N24_B135_novelty,J2D_PPOFINAL_N24_B135_novelty,E:\Projects\RL-LAM-ScanOpt\cae_model\stage3_ppo_final_expansion_224_to_320_batch224_v01\final_expansion_batch05\N24\PPOFINAL_N24_B135_novelty,E:\Projects\RL-LAM-ScanOpt\cae_model\stage3_ppo_final_expansion_224_to_320_batch224_v01\final_expansion_batch05\N24\PPOFINAL_N24_B135_novelty\scan_order_PPOFINAL_N24_B135_novelty.json,E:\Projects\RL-LAM-ScanOpt\cae_model\stage3_ppo_final_expansion_224_to_320_batch224_v01\final_expansion_batch05\N24\PPOFINAL_N24_B135_novelty\J2D_PPOFINAL_N24_B135_novelty.cae,E:\Projects\RL-LAM-ScanOpt\cae_model\stage3_ppo_final_expansion_224_to_320_batch224_v01\final_expansion_batch05\N24\PPOFINAL_N24_B135_novelty\J2D_PPOFINAL_N24_B135_novelty.inp,E:\Projects\RL-LAM-ScanOpt\cae_model\stage3_ppo_final_expansion_224_to_320_batch224_v01\final_expansion_batch05\N24\PPOFINAL_N24_B135_novelty\J2D_PPOFINAL_N24_B135_novelty.jnl,GENERATED,PENDING,False,NOT_SUBMITTED,Stage U PPO final expansion CAE/INP generation only; no teacher metrics yet.
stageU_final_expansion_CAE_INP_handoff,stage3_ppo_final_expansion_224_to_320_batch224_v01,final_expansion_batch05,24,PPOFINAL_N24_B136_novelty,J2D_PPOFINAL_N24_B136_novelty,E:\Projects\RL-LAM-ScanOpt\cae_model\stage3_ppo_final_expansion_224_to_320_batch224_v01\final_expansion_batch05\N24\PPOFINAL_N24_B136_novelty,E:\Projects\RL-LAM-ScanOpt\cae_model\stage3_ppo_final_expansion_224_to_320_batch224_v01\final_expansion_batch05\N24\PPOFINAL_N24_B136_novelty\scan_order_PPOFINAL_N24_B136_novelty.json,E:\Projects\RL-LAM-ScanOpt\cae_model\stage3_ppo_final_expansion_224_to_320_batch224_v01\final_expansion_batch05\N24\PPOFINAL_N24_B136_novelty\J2D_PPOFINAL_N24_B136_novelty.cae,E:\Projects\RL-LAM-ScanOpt\cae_model\stage3_ppo_final_expansion_224_to_320_batch224_v01\final_expansion_batch05\N24\PPOFINAL_N24_B136_novelty\J2D_PPOFINAL_N24_B136_novelty.inp,E:\Projects\RL-LAM-ScanOpt\cae_model\stage3_ppo_final_expansion_224_to_320_batch224_v01\final_expansion_batch05\N24\PPOFINAL_N24_B136_novelty\J2D_PPOFINAL_N24_B136_novelty.jnl,GENERATED,PENDING,False,NOT_SUBMITTED,Stage U PPO final expansion CAE/INP generation only; no teacher metrics yet.
stageU_final_expansion_CAE_INP_handoff,stage3_ppo_final_expansion_224_to_320_batch224_v01,final_expansion_batch05,24,PPOFINAL_N24_B137_baseline_proximity,J2D_PPOFINAL_N24_B137_baseline_proximity,E:\Projects\RL-LAM-ScanOpt\cae_model\stage3_ppo_final_expansion_224_to_320_batch224_v01\final_expansion_batch05\N24\PPOFINAL_N24_B137_baseline_proximity,E:\Projects\RL-LAM-ScanOpt\cae_model\stage3_ppo_final_expansion_224_to_320_batch224_v01\final_expansion_batch05\N24\PPOFINAL_N24_B137_baseline_proximity\scan_order_PPOFINAL_N24_B137_baseline_proximity.json,E:\Projects\RL-LAM-ScanOpt\cae_model\stage3_ppo_final_expansion_224_to_320_batch224_v01\final_expansion_batch05\N24\PPOFINAL_N24_B137_baseline_proximity\J2D_PPOFINAL_N24_B137_baseline_proximity.cae,E:\Projects\RL-LAM-ScanOpt\cae_model\stage3_ppo_final_expansion_224_to_320_batch224_v01\final_expansion_batch05\N24\PPOFINAL_N24_B137_baseline_proximity\J2D_PPOFINAL_N24_B137_baseline_proximity.inp,E:\Projects\RL-LAM-ScanOpt\cae_model\stage3_ppo_final_expansion_224_to_320_batch224_v01\final_expansion_batch05\N24\PPOFINAL_N24_B137_baseline_proximity\J2D_PPOFINAL_N24_B137_baseline_proximity.jnl,GENERATED,PENDING,False,NOT_SUBMITTED,Stage U PPO final expansion CAE/INP generation only; no teacher metrics yet.
stageU_final_expansion_CAE_INP_handoff,stage3_ppo_final_expansion_224_to_320_batch224_v01,final_expansion_batch05,24,PPOFINAL_N24_B138_baseline_proximity,J2D_PPOFINAL_N24_B138_baseline_proximity,E:\Projects\RL-LAM-ScanOpt\cae_model\stage3_ppo_final_expansion_224_to_320_batch224_v01\final_expansion_batch05\N24\PPOFINAL_N24_B138_baseline_proximity,E:\Projects\RL-LAM-ScanOpt\cae_model\stage3_ppo_final_expansion_224_to_320_batch224_v01\final_expansion_batch05\N24\PPOFINAL_N24_B138_baseline_proximity\scan_order_PPOFINAL_N24_B138_baseline_proximity.json,E:\Projects\RL-LAM-ScanOpt\cae_model\stage3_ppo_final_expansion_224_to_320_batch224_v01\final_expansion_batch05\N24\PPOFINAL_N24_B138_baseline_proximity\J2D_PPOFINAL_N24_B138_baseline_proximity.cae,E:\Projects\RL-LAM-ScanOpt\cae_model\stage3_ppo_final_expansion_224_to_320_batch224_v01\final_expansion_batch05\N24\PPOFINAL_N24_B138_baseline_proximity\J2D_PPOFINAL_N24_B138_baseline_proximity.inp,E:\Projects\RL-LAM-ScanOpt\cae_model\stage3_ppo_final_expansion_224_to_320_batch224_v01\final_expansion_batch05\N24\PPOFINAL_N24_B138_baseline_proximity\J2D_PPOFINAL_N24_B138_baseline_proximity.jnl,GENERATED,PENDING,False,NOT_SUBMITTED,Stage U PPO final expansion CAE/INP generation only; no teacher metrics yet.
stageU_final_expansion_CAE_INP_handoff,stage3_ppo_final_expansion_224_to_320_batch224_v01,final_expansion_batch05,24,PPOFINAL_N24_B139_baseline_proximity,J2D_PPOFINAL_N24_B139_baseline_proximity,E:\Projects\RL-LAM-ScanOpt\cae_model\stage3_ppo_final_expansion_224_to_320_batch224_v01\final_expansion_batch05\N24\PPOFINAL_N24_B139_baseline_proximity,E:\Projects\RL-LAM-ScanOpt\cae_model\stage3_ppo_final_expansion_224_to_320_batch224_v01\final_expansion_batch05\N24\PPOFINAL_N24_B139_baseline_proximity\scan_order_PPOFINAL_N24_B139_baseline_proximity.json,E:\Projects\RL-LAM-ScanOpt\cae_model\stage3_ppo_final_expansion_224_to_320_batch224_v01\final_expansion_batch05\N24\PPOFINAL_N24_B139_baseline_proximity\J2D_PPOFINAL_N24_B139_baseline_proximity.cae,E:\Projects\RL-LAM-ScanOpt\cae_model\stage3_ppo_final_expansion_224_to_320_batch224_v01\final_expansion_batch05\N24\PPOFINAL_N24_B139_baseline_proximity\J2D_PPOFINAL_N24_B139_baseline_proximity.inp,E:\Projects\RL-LAM-ScanOpt\cae_model\stage3_ppo_final_expansion_224_to_320_batch224_v01\final_expansion_batch05\N24\PPOFINAL_N24_B139_baseline_proximity\J2D_PPOFINAL_N24_B139_baseline_proximity.jnl,GENERATED,PENDING,False,NOT_SUBMITTED,Stage U PPO final expansion CAE/INP generation only; no teacher metrics yet.
stageU_final_expansion_CAE_INP_handoff,stage3_ppo_final_expansion_224_to_320_batch224_v01,final_expansion_batch05,24,PPOFINAL_N24_B140_baseline_proximity,J2D_PPOFINAL_N24_B140_baseline_proximity,E:\Projects\RL-LAM-ScanOpt\cae_model\stage3_ppo_final_expansion_224_to_320_batch224_v01\final_expansion_batch05\N24\PPOFINAL_N24_B140_baseline_proximity,E:\Projects\RL-LAM-ScanOpt\cae_model\stage3_ppo_final_expansion_224_to_320_batch224_v01\final_expansion_batch05\N24\PPOFINAL_N24_B140_baseline_proximity\scan_order_PPOFINAL_N24_B140_baseline_proximity.json,E:\Projects\RL-LAM-ScanOpt\cae_model\stage3_ppo_final_expansion_224_to_320_batch224_v01\final_expansion_batch05\N24\PPOFINAL_N24_B140_baseline_proximity\J2D_PPOFINAL_N24_B140_baseline_proximity.cae,E:\Projects\RL-LAM-ScanOpt\cae_model\stage3_ppo_final_expansion_224_to_320_batch224_v01\final_expansion_batch05\N24\PPOFINAL_N24_B140_baseline_proximity\J2D_PPOFINAL_N24_B140_baseline_proximity.inp,E:\Projects\RL-LAM-ScanOpt\cae_model\stage3_ppo_final_expansion_224_to_320_batch224_v01\final_expansion_batch05\N24\PPOFINAL_N24_B140_baseline_proximity\J2D_PPOFINAL_N24_B140_baseline_proximity.jnl,GENERATED,PENDING,False,NOT_SUBMITTED,Stage U PPO final expansion CAE/INP generation only; no teacher metrics yet.
stageU_final_expansion_CAE_INP_handoff,stage3_ppo_final_expansion_224_to_320_batch224_v01,final_expansion_batch05,24,PPOFINAL_N24_B141_baseline_proximity,J2D_PPOFINAL_N24_B141_baseline_proximity,E:\Projects\RL-LAM-ScanOpt\cae_model\stage3_ppo_final_expansion_224_to_320_batch224_v01\final_expansion_batch05\N24\PPOFINAL_N24_B141_baseline_proximity,E:\Projects\RL-LAM-ScanOpt\cae_model\stage3_ppo_final_expansion_224_to_320_batch224_v01\final_expansion_batch05\N24\PPOFINAL_N24_B141_baseline_proximity\scan_order_PPOFINAL_N24_B141_baseline_proximity.json,E:\Projects\RL-LAM-ScanOpt\cae_model\stage3_ppo_final_expansion_224_to_320_batch224_v01\final_expansion_batch05\N24\PPOFINAL_N24_B141_baseline_proximity\J2D_PPOFINAL_N24_B141_baseline_proximity.cae,E:\Projects\RL-LAM-ScanOpt\cae_model\stage3_ppo_final_expansion_224_to_320_batch224_v01\final_expansion_batch05\N24\PPOFINAL_N24_B141_baseline_proximity\J2D_PPOFINAL_N24_B141_baseline_proximity.inp,E:\Projects\RL-LAM-ScanOpt\cae_model\stage3_ppo_final_expansion_224_to_320_batch224_v01\final_expansion_batch05\N24\PPOFINAL_N24_B141_baseline_proximity\J2D_PPOFINAL_N24_B141_baseline_proximity.jnl,GENERATED,PENDING,False,NOT_SUBMITTED,Stage U PPO final expansion CAE/INP generation only; no teacher metrics yet.
stageU_final_expansion_CAE_INP_handoff,stage3_ppo_final_expansion_224_to_320_batch224_v01,final_expansion_batch05,24,PPOFINAL_N24_B142_baseline_proximity,J2D_PPOFINAL_N24_B142_baseline_proximity,E:\Projects\RL-LAM-ScanOpt\cae_model\stage3_ppo_final_expansion_224_to_320_batch224_v01\final_expansion_batch05\N24\PPOFINAL_N24_B142_baseline_proximity,E:\Projects\RL-LAM-ScanOpt\cae_model\stage3_ppo_final_expansion_224_to_320_batch224_v01\final_expansion_batch05\N24\PPOFINAL_N24_B142_baseline_proximity\scan_order_PPOFINAL_N24_B142_baseline_proximity.json,E:\Projects\RL-LAM-ScanOpt\cae_model\stage3_ppo_final_expansion_224_to_320_batch224_v01\final_expansion_batch05\N24\PPOFINAL_N24_B142_baseline_proximity\J2D_PPOFINAL_N24_B142_baseline_proximity.cae,E:\Projects\RL-LAM-ScanOpt\cae_model\stage3_ppo_final_expansion_224_to_320_batch224_v01\final_expansion_batch05\N24\PPOFINAL_N24_B142_baseline_proximity\J2D_PPOFINAL_N24_B142_baseline_proximity.inp,E:\Projects\RL-LAM-ScanOpt\cae_model\stage3_ppo_final_expansion_224_to_320_batch224_v01\final_expansion_batch05\N24\PPOFINAL_N24_B142_baseline_proximity\J2D_PPOFINAL_N24_B142_baseline_proximity.jnl,GENERATED,PENDING,False,NOT_SUBMITTED,Stage U PPO final expansion CAE/INP generation only; no teacher metrics yet.
stageU_final_expansion_CAE_INP_handoff,stage3_ppo_final_expansion_224_to_320_batch224_v01,final_expansion_batch05,24,PPOFINAL_N24_B143_baseline_proximity,J2D_PPOFINAL_N24_B143_baseline_proximity,E:\Projects\RL-LAM-ScanOpt\cae_model\stage3_ppo_final_expansion_224_to_320_batch224_v01\final_expansion_batch05\N24\PPOFINAL_N24_B143_baseline_proximity,E:\Projects\RL-LAM-ScanOpt\cae_model\stage3_ppo_final_expansion_224_to_320_batch224_v01\final_expansion_batch05\N24\PPOFINAL_N24_B143_baseline_proximity\scan_order_PPOFINAL_N24_B143_baseline_proximity.json,E:\Projects\RL-LAM-ScanOpt\cae_model\stage3_ppo_final_expansion_224_to_320_batch224_v01\final_expansion_batch05\N24\PPOFINAL_N24_B143_baseline_proximity\J2D_PPOFINAL_N24_B143_baseline_proximity.cae,E:\Projects\RL-LAM-ScanOpt\cae_model\stage3_ppo_final_expansion_224_to_320_batch224_v01\final_expansion_batch05\N24\PPOFINAL_N24_B143_baseline_proximity\J2D_PPOFINAL_N24_B143_baseline_proximity.inp,E:\Projects\RL-LAM-ScanOpt\cae_model\stage3_ppo_final_expansion_224_to_320_batch224_v01\final_expansion_batch05\N24\PPOFINAL_N24_B143_baseline_proximity\J2D_PPOFINAL_N24_B143_baseline_proximity.jnl,GENERATED,PENDING,False,NOT_SUBMITTED,Stage U PPO final expansion CAE/INP generation only; no teacher metrics yet.
stageU_final_expansion_CAE_INP_handoff,stage3_ppo_final_expansion_224_to_320_batch224_v01,final_expansion_batch05,24,PPOFINAL_N24_B144_baseline_proximity,J2D_PPOFINAL_N24_B144_baseline_proximity,E:\Projects\RL-LAM-ScanOpt\cae_model\stage3_ppo_final_expansion_224_to_320_batch224_v01\final_expansion_batch05\N24\PPOFINAL_N24_B144_baseline_proximity,E:\Projects\RL-LAM-ScanOpt\cae_model\stage3_ppo_final_expansion_224_to_320_batch224_v01\final_expansion_batch05\N24\PPOFINAL_N24_B144_baseline_proximity\scan_order_PPOFINAL_N24_B144_baseline_proximity.json,E:\Projects\RL-LAM-ScanOpt\cae_model\stage3_ppo_final_expansion_224_to_320_batch224_v01\final_expansion_batch05\N24\PPOFINAL_N24_B144_baseline_proximity\J2D_PPOFINAL_N24_B144_baseline_proximity.cae,E:\Projects\RL-LAM-ScanOpt\cae_model\stage3_ppo_final_expansion_224_to_320_batch224_v01\final_expansion_batch05\N24\PPOFINAL_N24_B144_baseline_proximity\J2D_PPOFINAL_N24_B144_baseline_proximity.inp,E:\Projects\RL-LAM-ScanOpt\cae_model\stage3_ppo_final_expansion_224_to_320_batch224_v01\final_expansion_batch05\N24\PPOFINAL_N24_B144_baseline_proximity\J2D_PPOFINAL_N24_B144_baseline_proximity.jnl,GENERATED,PENDING,False,NOT_SUBMITTED,Stage U PPO final expansion CAE/INP generation only; no teacher metrics yet.
stageU_final_expansion_CAE_INP_handoff,stage3_ppo_final_expansion_224_to_320_batch224_v01,final_expansion_batch05,40,PPOFINAL_N40_B145_quality,J2D_PPOFINAL_N40_B145_quality,E:\Projects\RL-LAM-ScanOpt\cae_model\stage3_ppo_final_expansion_224_to_320_batch224_v01\final_expansion_batch05\N40\PPOFINAL_N40_B145_quality,E:\Projects\RL-LAM-ScanOpt\cae_model\stage3_ppo_final_expansion_224_to_320_batch224_v01\final_expansion_batch05\N40\PPOFINAL_N40_B145_quality\scan_order_PPOFINAL_N40_B145_quality.json,E:\Projects\RL-LAM-ScanOpt\cae_model\stage3_ppo_final_expansion_224_to_320_batch224_v01\final_expansion_batch05\N40\PPOFINAL_N40_B145_quality\J2D_PPOFINAL_N40_B145_quality.cae,E:\Projects\RL-LAM-ScanOpt\cae_model\stage3_ppo_final_expansion_224_to_320_batch224_v01\final_expansion_batch05\N40\PPOFINAL_N40_B145_quality\J2D_PPOFINAL_N40_B145_quality.inp,E:\Projects\RL-LAM-ScanOpt\cae_model\stage3_ppo_final_expansion_224_to_320_batch224_v01\final_expansion_batch05\N40\PPOFINAL_N40_B145_quality\J2D_PPOFINAL_N40_B145_quality.jnl,GENERATED,PENDING,False,NOT_SUBMITTED,Stage U PPO final expansion CAE/INP generation only; no teacher metrics yet.
stageU_final_expansion_CAE_INP_handoff,stage3_ppo_final_expansion_224_to_320_batch224_v01,final_expansion_batch05,40,PPOFINAL_N40_B146_quality,J2D_PPOFINAL_N40_B146_quality,E:\Projects\RL-LAM-ScanOpt\cae_model\stage3_ppo_final_expansion_224_to_320_batch224_v01\final_expansion_batch05\N40\PPOFINAL_N40_B146_quality,E:\Projects\RL-LAM-ScanOpt\cae_model\stage3_ppo_final_expansion_224_to_320_batch224_v01\final_expansion_batch05\N40\PPOFINAL_N40_B146_quality\scan_order_PPOFINAL_N40_B146_quality.json,E:\Projects\RL-LAM-ScanOpt\cae_model\stage3_ppo_final_expansion_224_to_320_batch224_v01\final_expansion_batch05\N40\PPOFINAL_N40_B146_quality\J2D_PPOFINAL_N40_B146_quality.cae,E:\Projects\RL-LAM-ScanOpt\cae_model\stage3_ppo_final_expansion_224_to_320_batch224_v01\final_expansion_batch05\N40\PPOFINAL_N40_B146_quality\J2D_PPOFINAL_N40_B146_quality.inp,E:\Projects\RL-LAM-ScanOpt\cae_model\stage3_ppo_final_expansion_224_to_320_batch224_v01\final_expansion_batch05\N40\PPOFINAL_N40_B146_quality\J2D_PPOFINAL_N40_B146_quality.jnl,GENERATED,PENDING,False,NOT_SUBMITTED,Stage U PPO final expansion CAE/INP generation only; no teacher metrics yet.
stageU_final_expansion_CAE_INP_handoff,stage3_ppo_final_expansion_224_to_320_batch224_v01,final_expansion_batch05,40,PPOFINAL_N40_B147_quality,J2D_PPOFINAL_N40_B147_quality,E:\Projects\RL-LAM-ScanOpt\cae_model\stage3_ppo_final_expansion_224_to_320_batch224_v01\final_expansion_batch05\N40\PPOFINAL_N40_B147_quality,E:\Projects\RL-LAM-ScanOpt\cae_model\stage3_ppo_final_expansion_224_to_320_batch224_v01\final_expansion_batch05\N40\PPOFINAL_N40_B147_quality\scan_order_PPOFINAL_N40_B147_quality.json,E:\Projects\RL-LAM-ScanOpt\cae_model\stage3_ppo_final_expansion_224_to_320_batch224_v01\final_expansion_batch05\N40\PPOFINAL_N40_B147_quality\J2D_PPOFINAL_N40_B147_quality.cae,E:\Projects\RL-LAM-ScanOpt\cae_model\stage3_ppo_final_expansion_224_to_320_batch224_v01\final_expansion_batch05\N40\PPOFINAL_N40_B147_quality\J2D_PPOFINAL_N40_B147_quality.inp,E:\Projects\RL-LAM-ScanOpt\cae_model\stage3_ppo_final_expansion_224_to_320_batch224_v01\final_expansion_batch05\N40\PPOFINAL_N40_B147_quality\J2D_PPOFINAL_N40_B147_quality.jnl,GENERATED,PENDING,False,NOT_SUBMITTED,Stage U PPO final expansion CAE/INP generation only; no teacher metrics yet.
stageU_final_expansion_CAE_INP_handoff,stage3_ppo_final_expansion_224_to_320_batch224_v01,final_expansion_batch05,40,PPOFINAL_N40_B148_quality,J2D_PPOFINAL_N40_B148_quality,E:\Projects\RL-LAM-ScanOpt\cae_model\stage3_ppo_final_expansion_224_to_320_batch224_v01\final_expansion_batch05\N40\PPOFINAL_N40_B148_quality,E:\Projects\RL-LAM-ScanOpt\cae_model\stage3_ppo_final_expansion_224_to_320_batch224_v01\final_expansion_batch05\N40\PPOFINAL_N40_B148_quality\scan_order_PPOFINAL_N40_B148_quality.json,E:\Projects\RL-LAM-ScanOpt\cae_model\stage3_ppo_final_expansion_224_to_320_batch224_v01\final_expansion_batch05\N40\PPOFINAL_N40_B148_quality\J2D_PPOFINAL_N40_B148_quality.cae,E:\Projects\RL-LAM-ScanOpt\cae_model\stage3_ppo_final_expansion_224_to_320_batch224_v01\final_expansion_batch05\N40\PPOFINAL_N40_B148_quality\J2D_PPOFINAL_N40_B148_quality.inp,E:\Projects\RL-LAM-ScanOpt\cae_model\stage3_ppo_final_expansion_224_to_320_batch224_v01\final_expansion_batch05\N40\PPOFINAL_N40_B148_quality\J2D_PPOFINAL_N40_B148_quality.jnl,GENERATED,PENDING,False,NOT_SUBMITTED,Stage U PPO final expansion CAE/INP generation only; no teacher metrics yet.
stageU_final_expansion_CAE_INP_handoff,stage3_ppo_final_expansion_224_to_320_batch224_v01,final_expansion_batch05,40,PPOFINAL_N40_B149_quality,J2D_PPOFINAL_N40_B149_quality,E:\Projects\RL-LAM-ScanOpt\cae_model\stage3_ppo_final_expansion_224_to_320_batch224_v01\final_expansion_batch05\N40\PPOFINAL_N40_B149_quality,E:\Projects\RL-LAM-ScanOpt\cae_model\stage3_ppo_final_expansion_224_to_320_batch224_v01\final_expansion_batch05\N40\PPOFINAL_N40_B149_quality\scan_order_PPOFINAL_N40_B149_quality.json,E:\Projects\RL-LAM-ScanOpt\cae_model\stage3_ppo_final_expansion_224_to_320_batch224_v01\final_expansion_batch05\N40\PPOFINAL_N40_B149_quality\J2D_PPOFINAL_N40_B149_quality.cae,E:\Projects\RL-LAM-ScanOpt\cae_model\stage3_ppo_final_expansion_224_to_320_batch224_v01\final_expansion_batch05\N40\PPOFINAL_N40_B149_quality\J2D_PPOFINAL_N40_B149_quality.inp,E:\Projects\RL-LAM-ScanOpt\cae_model\stage3_ppo_final_expansion_224_to_320_batch224_v01\final_expansion_batch05\N40\PPOFINAL_N40_B149_quality\J2D_PPOFINAL_N40_B149_quality.jnl,GENERATED,PENDING,False,NOT_SUBMITTED,Stage U PPO final expansion CAE/INP generation only; no teacher metrics yet.
stageU_final_expansion_CAE_INP_handoff,stage3_ppo_final_expansion_224_to_320_batch224_v01,final_expansion_batch05,40,PPOFINAL_N40_B150_quality,J2D_PPOFINAL_N40_B150_quality,E:\Projects\RL-LAM-ScanOpt\cae_model\stage3_ppo_final_expansion_224_to_320_batch224_v01\final_expansion_batch05\N40\PPOFINAL_N40_B150_quality,E:\Projects\RL-LAM-ScanOpt\cae_model\stage3_ppo_final_expansion_224_to_320_batch224_v01\final_expansion_batch05\N40\PPOFINAL_N40_B150_quality\scan_order_PPOFINAL_N40_B150_quality.json,E:\Projects\RL-LAM-ScanOpt\cae_model\stage3_ppo_final_expansion_224_to_320_batch224_v01\final_expansion_batch05\N40\PPOFINAL_N40_B150_quality\J2D_PPOFINAL_N40_B150_quality.cae,E:\Projects\RL-LAM-ScanOpt\cae_model\stage3_ppo_final_expansion_224_to_320_batch224_v01\final_expansion_batch05\N40\PPOFINAL_N40_B150_quality\J2D_PPOFINAL_N40_B150_quality.inp,E:\Projects\RL-LAM-ScanOpt\cae_model\stage3_ppo_final_expansion_224_to_320_batch224_v01\final_expansion_batch05\N40\PPOFINAL_N40_B150_quality\J2D_PPOFINAL_N40_B150_quality.jnl,GENERATED,PENDING,False,NOT_SUBMITTED,Stage U PPO final expansion CAE/INP generation only; no teacher metrics yet.
stageU_final_expansion_CAE_INP_handoff,stage3_ppo_final_expansion_224_to_320_batch224_v01,final_expansion_batch05,40,PPOFINAL_N40_B151_quality,J2D_PPOFINAL_N40_B151_quality,E:\Projects\RL-LAM-ScanOpt\cae_model\stage3_ppo_final_expansion_224_to_320_batch224_v01\final_expansion_batch05\N40\PPOFINAL_N40_B151_quality,E:\Projects\RL-LAM-ScanOpt\cae_model\stage3_ppo_final_expansion_224_to_320_batch224_v01\final_expansion_batch05\N40\PPOFINAL_N40_B151_quality\scan_order_PPOFINAL_N40_B151_quality.json,E:\Projects\RL-LAM-ScanOpt\cae_model\stage3_ppo_final_expansion_224_to_320_batch224_v01\final_expansion_batch05\N40\PPOFINAL_N40_B151_quality\J2D_PPOFINAL_N40_B151_quality.cae,E:\Projects\RL-LAM-ScanOpt\cae_model\stage3_ppo_final_expansion_224_to_320_batch224_v01\final_expansion_batch05\N40\PPOFINAL_N40_B151_quality\J2D_PPOFINAL_N40_B151_quality.inp,E:\Projects\RL-LAM-ScanOpt\cae_model\stage3_ppo_final_expansion_224_to_320_batch224_v01\final_expansion_batch05\N40\PPOFINAL_N40_B151_quality\J2D_PPOFINAL_N40_B151_quality.jnl,GENERATED,PENDING,False,NOT_SUBMITTED,Stage U PPO final expansion CAE/INP generation only; no teacher metrics yet.
stageU_final_expansion_CAE_INP_handoff,stage3_ppo_final_expansion_224_to_320_batch224_v01,final_expansion_batch05,40,PPOFINAL_N40_B152_quality,J2D_PPOFINAL_N40_B152_quality,E:\Projects\RL-LAM-ScanOpt\cae_model\stage3_ppo_final_expansion_224_to_320_batch224_v01\final_expansion_batch05\N40\PPOFINAL_N40_B152_quality,E:\Projects\RL-LAM-ScanOpt\cae_model\stage3_ppo_final_expansion_224_to_320_batch224_v01\final_expansion_batch05\N40\PPOFINAL_N40_B152_quality\scan_order_PPOFINAL_N40_B152_quality.json,E:\Projects\RL-LAM-ScanOpt\cae_model\stage3_ppo_final_expansion_224_to_320_batch224_v01\final_expansion_batch05\N40\PPOFINAL_N40_B152_quality\J2D_PPOFINAL_N40_B152_quality.cae,E:\Projects\RL-LAM-ScanOpt\cae_model\stage3_ppo_final_expansion_224_to_320_batch224_v01\final_expansion_batch05\N40\PPOFINAL_N40_B152_quality\J2D_PPOFINAL_N40_B152_quality.inp,E:\Projects\RL-LAM-ScanOpt\cae_model\stage3_ppo_final_expansion_224_to_320_batch224_v01\final_expansion_batch05\N40\PPOFINAL_N40_B152_quality\J2D_PPOFINAL_N40_B152_quality.jnl,GENERATED,PENDING,False,NOT_SUBMITTED,Stage U PPO final expansion CAE/INP generation only; no teacher metrics yet.
stageU_final_expansion_CAE_INP_handoff,stage3_ppo_final_expansion_224_to_320_batch224_v01,final_expansion_batch05,40,PPOFINAL_N40_B153_quality,J2D_PPOFINAL_N40_B153_quality,E:\Projects\RL-LAM-ScanOpt\cae_model\stage3_ppo_final_expansion_224_to_320_batch224_v01\final_expansion_batch05\N40\PPOFINAL_N40_B153_quality,E:\Projects\RL-LAM-ScanOpt\cae_model\stage3_ppo_final_expansion_224_to_320_batch224_v01\final_expansion_batch05\N40\PPOFINAL_N40_B153_quality\scan_order_PPOFINAL_N40_B153_quality.json,E:\Projects\RL-LAM-ScanOpt\cae_model\stage3_ppo_final_expansion_224_to_320_batch224_v01\final_expansion_batch05\N40\PPOFINAL_N40_B153_quality\J2D_PPOFINAL_N40_B153_quality.cae,E:\Projects\RL-LAM-ScanOpt\cae_model\stage3_ppo_final_expansion_224_to_320_batch224_v01\final_expansion_batch05\N40\PPOFINAL_N40_B153_quality\J2D_PPOFINAL_N40_B153_quality.inp,E:\Projects\RL-LAM-ScanOpt\cae_model\stage3_ppo_final_expansion_224_to_320_batch224_v01\final_expansion_batch05\N40\PPOFINAL_N40_B153_quality\J2D_PPOFINAL_N40_B153_quality.jnl,GENERATED,PENDING,False,NOT_SUBMITTED,Stage U PPO final expansion CAE/INP generation only; no teacher metrics yet.
stageU_final_expansion_CAE_INP_handoff,stage3_ppo_final_expansion_224_to_320_batch224_v01,final_expansion_batch05,40,PPOFINAL_N40_B154_quality,J2D_PPOFINAL_N40_B154_quality,E:\Projects\RL-LAM-ScanOpt\cae_model\stage3_ppo_final_expansion_224_to_320_batch224_v01\final_expansion_batch05\N40\PPOFINAL_N40_B154_quality,E:\Projects\RL-LAM-ScanOpt\cae_model\stage3_ppo_final_expansion_224_to_320_batch224_v01\final_expansion_batch05\N40\PPOFINAL_N40_B154_quality\scan_order_PPOFINAL_N40_B154_quality.json,E:\Projects\RL-LAM-ScanOpt\cae_model\stage3_ppo_final_expansion_224_to_320_batch224_v01\final_expansion_batch05\N40\PPOFINAL_N40_B154_quality\J2D_PPOFINAL_N40_B154_quality.cae,E:\Projects\RL-LAM-ScanOpt\cae_model\stage3_ppo_final_expansion_224_to_320_batch224_v01\final_expansion_batch05\N40\PPOFINAL_N40_B154_quality\J2D_PPOFINAL_N40_B154_quality.inp,E:\Projects\RL-LAM-ScanOpt\cae_model\stage3_ppo_final_expansion_224_to_320_batch224_v01\final_expansion_batch05\N40\PPOFINAL_N40_B154_quality\J2D_PPOFINAL_N40_B154_quality.jnl,GENERATED,PENDING,False,NOT_SUBMITTED,Stage U PPO final expansion CAE/INP generation only; no teacher metrics yet.
stageU_final_expansion_CAE_INP_handoff,stage3_ppo_final_expansion_224_to_320_batch224_v01,final_expansion_batch05,40,PPOFINAL_N40_B155_quality,J2D_PPOFINAL_N40_B155_quality,E:\Projects\RL-LAM-ScanOpt\cae_model\stage3_ppo_final_expansion_224_to_320_batch224_v01\final_expansion_batch05\N40\PPOFINAL_N40_B155_quality,E:\Projects\RL-LAM-ScanOpt\cae_model\stage3_ppo_final_expansion_224_to_320_batch224_v01\final_expansion_batch05\N40\PPOFINAL_N40_B155_quality\scan_order_PPOFINAL_N40_B155_quality.json,E:\Projects\RL-LAM-ScanOpt\cae_model\stage3_ppo_final_expansion_224_to_320_batch224_v01\final_expansion_batch05\N40\PPOFINAL_N40_B155_quality\J2D_PPOFINAL_N40_B155_quality.cae,E:\Projects\RL-LAM-ScanOpt\cae_model\stage3_ppo_final_expansion_224_to_320_batch224_v01\final_expansion_batch05\N40\PPOFINAL_N40_B155_quality\J2D_PPOFINAL_N40_B155_quality.inp,E:\Projects\RL-LAM-ScanOpt\cae_model\stage3_ppo_final_expansion_224_to_320_batch224_v01\final_expansion_batch05\N40\PPOFINAL_N40_B155_quality\J2D_PPOFINAL_N40_B155_quality.jnl,GENERATED,PENDING,False,NOT_SUBMITTED,Stage U PPO final expansion CAE/INP generation only; no teacher metrics yet.
stageU_final_expansion_CAE_INP_handoff,stage3_ppo_final_expansion_224_to_320_batch224_v01,final_expansion_batch05,40,PPOFINAL_N40_B156_quality,J2D_PPOFINAL_N40_B156_quality,E:\Projects\RL-LAM-ScanOpt\cae_model\stage3_ppo_final_expansion_224_to_320_batch224_v01\final_expansion_batch05\N40\PPOFINAL_N40_B156_quality,E:\Projects\RL-LAM-ScanOpt\cae_model\stage3_ppo_final_expansion_224_to_320_batch224_v01\final_expansion_batch05\N40\PPOFINAL_N40_B156_quality\scan_order_PPOFINAL_N40_B156_quality.json,E:\Projects\RL-LAM-ScanOpt\cae_model\stage3_ppo_final_expansion_224_to_320_batch224_v01\final_expansion_batch05\N40\PPOFINAL_N40_B156_quality\J2D_PPOFINAL_N40_B156_quality.cae,E:\Projects\RL-LAM-ScanOpt\cae_model\stage3_ppo_final_expansion_224_to_320_batch224_v01\final_expansion_batch05\N40\PPOFINAL_N40_B156_quality\J2D_PPOFINAL_N40_B156_quality.inp,E:\Projects\RL-LAM-ScanOpt\cae_model\stage3_ppo_final_expansion_224_to_320_batch224_v01\final_expansion_batch05\N40\PPOFINAL_N40_B156_quality\J2D_PPOFINAL_N40_B156_quality.jnl,GENERATED,PENDING,False,NOT_SUBMITTED,Stage U PPO final expansion CAE/INP generation only; no teacher metrics yet.
stageU_final_expansion_CAE_INP_handoff,stage3_ppo_final_expansion_224_to_320_batch224_v01,final_expansion_batch05,40,PPOFINAL_N40_B157_quality,J2D_PPOFINAL_N40_B157_quality,E:\Projects\RL-LAM-ScanOpt\cae_model\stage3_ppo_final_expansion_224_to_320_batch224_v01\final_expansion_batch05\N40\PPOFINAL_N40_B157_quality,E:\Projects\RL-LAM-ScanOpt\cae_model\stage3_ppo_final_expansion_224_to_320_batch224_v01\final_expansion_batch05\N40\PPOFINAL_N40_B157_quality\scan_order_PPOFINAL_N40_B157_quality.json,E:\Projects\RL-LAM-ScanOpt\cae_model\stage3_ppo_final_expansion_224_to_320_batch224_v01\final_expansion_batch05\N40\PPOFINAL_N40_B157_quality\J2D_PPOFINAL_N40_B157_quality.cae,E:\Projects\RL-LAM-ScanOpt\cae_model\stage3_ppo_final_expansion_224_to_320_batch224_v01\final_expansion_batch05\N40\PPOFINAL_N40_B157_quality\J2D_PPOFINAL_N40_B157_quality.inp,E:\Projects\RL-LAM-ScanOpt\cae_model\stage3_ppo_final_expansion_224_to_320_batch224_v01\final_expansion_batch05\N40\PPOFINAL_N40_B157_quality\J2D_PPOFINAL_N40_B157_quality.jnl,GENERATED,PENDING,False,NOT_SUBMITTED,Stage U PPO final expansion CAE/INP generation only; no teacher metrics yet.
stageU_final_expansion_CAE_INP_handoff,stage3_ppo_final_expansion_224_to_320_batch224_v01,final_expansion_batch05,40,PPOFINAL_N40_B158_quality,J2D_PPOFINAL_N40_B158_quality,E:\Projects\RL-LAM-ScanOpt\cae_model\stage3_ppo_final_expansion_224_to_320_batch224_v01\final_expansion_batch05\N40\PPOFINAL_N40_B158_quality,E:\Projects\RL-LAM-ScanOpt\cae_model\stage3_ppo_final_expansion_224_to_320_batch224_v01\final_expansion_batch05\N40\PPOFINAL_N40_B158_quality\scan_order_PPOFINAL_N40_B158_quality.json,E:\Projects\RL-LAM-ScanOpt\cae_model\stage3_ppo_final_expansion_224_to_320_batch224_v01\final_expansion_batch05\N40\PPOFINAL_N40_B158_quality\J2D_PPOFINAL_N40_B158_quality.cae,E:\Projects\RL-LAM-ScanOpt\cae_model\stage3_ppo_final_expansion_224_to_320_batch224_v01\final_expansion_batch05\N40\PPOFINAL_N40_B158_quality\J2D_PPOFINAL_N40_B158_quality.inp,E:\Projects\RL-LAM-ScanOpt\cae_model\stage3_ppo_final_expansion_224_to_320_batch224_v01\final_expansion_batch05\N40\PPOFINAL_N40_B158_quality\J2D_PPOFINAL_N40_B158_quality.jnl,GENERATED,PENDING,False,NOT_SUBMITTED,Stage U PPO final expansion CAE/INP generation only; no teacher metrics yet.
stageU_final_expansion_CAE_INP_handoff,stage3_ppo_final_expansion_224_to_320_batch224_v01,final_expansion_batch05,40,PPOFINAL_N40_B159_quality,J2D_PPOFINAL_N40_B159_quality,E:\Projects\RL-LAM-ScanOpt\cae_model\stage3_ppo_final_expansion_224_to_320_batch224_v01\final_expansion_batch05\N40\PPOFINAL_N40_B159_quality,E:\Projects\RL-LAM-ScanOpt\cae_model\stage3_ppo_final_expansion_224_to_320_batch224_v01\final_expansion_batch05\N40\PPOFINAL_N40_B159_quality\scan_order_PPOFINAL_N40_B159_quality.json,E:\Projects\RL-LAM-ScanOpt\cae_model\stage3_ppo_final_expansion_224_to_320_batch224_v01\final_expansion_batch05\N40\PPOFINAL_N40_B159_quality\J2D_PPOFINAL_N40_B159_quality.cae,E:\Projects\RL-LAM-ScanOpt\cae_model\stage3_ppo_final_expansion_224_to_320_batch224_v01\final_expansion_batch05\N40\PPOFINAL_N40_B159_quality\J2D_PPOFINAL_N40_B159_quality.inp,E:\Projects\RL-LAM-ScanOpt\cae_model\stage3_ppo_final_expansion_224_to_320_batch224_v01\final_expansion_batch05\N40\PPOFINAL_N40_B159_quality\J2D_PPOFINAL_N40_B159_quality.jnl,GENERATED,PENDING,False,NOT_SUBMITTED,Stage U PPO final expansion CAE/INP generation only; no teacher metrics yet.
stageU_final_expansion_CAE_INP_handoff,stage3_ppo_final_expansion_224_to_320_batch224_v01,final_expansion_batch05,40,PPOFINAL_N40_B160_quality,J2D_PPOFINAL_N40_B160_quality,E:\Projects\RL-LAM-ScanOpt\cae_model\stage3_ppo_final_expansion_224_to_320_batch224_v01\final_expansion_batch05\N40\PPOFINAL_N40_B160_quality,E:\Projects\RL-LAM-ScanOpt\cae_model\stage3_ppo_final_expansion_224_to_320_batch224_v01\final_expansion_batch05\N40\PPOFINAL_N40_B160_quality\scan_order_PPOFINAL_N40_B160_quality.json,E:\Projects\RL-LAM-ScanOpt\cae_model\stage3_ppo_final_expansion_224_to_320_batch224_v01\final_expansion_batch05\N40\PPOFINAL_N40_B160_quality\J2D_PPOFINAL_N40_B160_quality.cae,E:\Projects\RL-LAM-ScanOpt\cae_model\stage3_ppo_final_expansion_224_to_320_batch224_v01\final_expansion_batch05\N40\PPOFINAL_N40_B160_quality\J2D_PPOFINAL_N40_B160_quality.inp,E:\Projects\RL-LAM-ScanOpt\cae_model\stage3_ppo_final_expansion_224_to_320_batch224_v01\final_expansion_batch05\N40\PPOFINAL_N40_B160_quality\J2D_PPOFINAL_N40_B160_quality.jnl,GENERATED,PENDING,False,NOT_SUBMITTED,Stage U PPO final expansion CAE/INP generation only; no teacher metrics yet.
stageU_final_expansion_CAE_INP_handoff,stage3_ppo_final_expansion_224_to_320_batch224_v01,final_expansion_batch06,40,PPOFINAL_N40_B161_quality,J2D_PPOFINAL_N40_B161_quality,E:\Projects\RL-LAM-ScanOpt\cae_model\stage3_ppo_final_expansion_224_to_320_batch224_v01\final_expansion_batch06\N40\PPOFINAL_N40_B161_quality,E:\Projects\RL-LAM-ScanOpt\cae_model\stage3_ppo_final_expansion_224_to_320_batch224_v01\final_expansion_batch06\N40\PPOFINAL_N40_B161_quality\scan_order_PPOFINAL_N40_B161_quality.json,E:\Projects\RL-LAM-ScanOpt\cae_model\stage3_ppo_final_expansion_224_to_320_batch224_v01\final_expansion_batch06\N40\PPOFINAL_N40_B161_quality\J2D_PPOFINAL_N40_B161_quality.cae,E:\Projects\RL-LAM-ScanOpt\cae_model\stage3_ppo_final_expansion_224_to_320_batch224_v01\final_expansion_batch06\N40\PPOFINAL_N40_B161_quality\J2D_PPOFINAL_N40_B161_quality.inp,E:\Projects\RL-LAM-ScanOpt\cae_model\stage3_ppo_final_expansion_224_to_320_batch224_v01\final_expansion_batch06\N40\PPOFINAL_N40_B161_quality\J2D_PPOFINAL_N40_B161_quality.jnl,GENERATED,PENDING,False,NOT_SUBMITTED,Stage U PPO final expansion CAE/INP generation only; no teacher metrics yet.
stageU_final_expansion_CAE_INP_handoff,stage3_ppo_final_expansion_224_to_320_batch224_v01,final_expansion_batch06,40,PPOFINAL_N40_B162_quality,J2D_PPOFINAL_N40_B162_quality,E:\Projects\RL-LAM-ScanOpt\cae_model\stage3_ppo_final_expansion_224_to_320_batch224_v01\final_expansion_batch06\N40\PPOFINAL_N40_B162_quality,E:\Projects\RL-LAM-ScanOpt\cae_model\stage3_ppo_final_expansion_224_to_320_batch224_v01\final_expansion_batch06\N40\PPOFINAL_N40_B162_quality\scan_order_PPOFINAL_N40_B162_quality.json,E:\Projects\RL-LAM-ScanOpt\cae_model\stage3_ppo_final_expansion_224_to_320_batch224_v01\final_expansion_batch06\N40\PPOFINAL_N40_B162_quality\J2D_PPOFINAL_N40_B162_quality.cae,E:\Projects\RL-LAM-ScanOpt\cae_model\stage3_ppo_final_expansion_224_to_320_batch224_v01\final_expansion_batch06\N40\PPOFINAL_N40_B162_quality\J2D_PPOFINAL_N40_B162_quality.inp,E:\Projects\RL-LAM-ScanOpt\cae_model\stage3_ppo_final_expansion_224_to_320_batch224_v01\final_expansion_batch06\N40\PPOFINAL_N40_B162_quality\J2D_PPOFINAL_N40_B162_quality.jnl,GENERATED,PENDING,False,NOT_SUBMITTED,Stage U PPO final expansion CAE/INP generation only; no teacher metrics yet.
stageU_final_expansion_CAE_INP_handoff,stage3_ppo_final_expansion_224_to_320_batch224_v01,final_expansion_batch06,40,PPOFINAL_N40_B163_quality,J2D_PPOFINAL_N40_B163_quality,E:\Projects\RL-LAM-ScanOpt\cae_model\stage3_ppo_final_expansion_224_to_320_batch224_v01\final_expansion_batch06\N40\PPOFINAL_N40_B163_quality,E:\Projects\RL-LAM-ScanOpt\cae_model\stage3_ppo_final_expansion_224_to_320_batch224_v01\final_expansion_batch06\N40\PPOFINAL_N40_B163_quality\scan_order_PPOFINAL_N40_B163_quality.json,E:\Projects\RL-LAM-ScanOpt\cae_model\stage3_ppo_final_expansion_224_to_320_batch224_v01\final_expansion_batch06\N40\PPOFINAL_N40_B163_quality\J2D_PPOFINAL_N40_B163_quality.cae,E:\Projects\RL-LAM-ScanOpt\cae_model\stage3_ppo_final_expansion_224_to_320_batch224_v01\final_expansion_batch06\N40\PPOFINAL_N40_B163_quality\J2D_PPOFINAL_N40_B163_quality.inp,E:\Projects\RL-LAM-ScanOpt\cae_model\stage3_ppo_final_expansion_224_to_320_batch224_v01\final_expansion_batch06\N40\PPOFINAL_N40_B163_quality\J2D_PPOFINAL_N40_B163_quality.jnl,GENERATED,PENDING,False,NOT_SUBMITTED,Stage U PPO final expansion CAE/INP generation only; no teacher metrics yet.
stageU_final_expansion_CAE_INP_handoff,stage3_ppo_final_expansion_224_to_320_batch224_v01,final_expansion_batch06,40,PPOFINAL_N40_B164_quality,J2D_PPOFINAL_N40_B164_quality,E:\Projects\RL-LAM-ScanOpt\cae_model\stage3_ppo_final_expansion_224_to_320_batch224_v01\final_expansion_batch06\N40\PPOFINAL_N40_B164_quality,E:\Projects\RL-LAM-ScanOpt\cae_model\stage3_ppo_final_expansion_224_to_320_batch224_v01\final_expansion_batch06\N40\PPOFINAL_N40_B164_quality\scan_order_PPOFINAL_N40_B164_quality.json,E:\Projects\RL-LAM-ScanOpt\cae_model\stage3_ppo_final_expansion_224_to_320_batch224_v01\final_expansion_batch06\N40\PPOFINAL_N40_B164_quality\J2D_PPOFINAL_N40_B164_quality.cae,E:\Projects\RL-LAM-ScanOpt\cae_model\stage3_ppo_final_expansion_224_to_320_batch224_v01\final_expansion_batch06\N40\PPOFINAL_N40_B164_quality\J2D_PPOFINAL_N40_B164_quality.inp,E:\Projects\RL-LAM-ScanOpt\cae_model\stage3_ppo_final_expansion_224_to_320_batch224_v01\final_expansion_batch06\N40\PPOFINAL_N40_B164_quality\J2D_PPOFINAL_N40_B164_quality.jnl,GENERATED,PENDING,False,NOT_SUBMITTED,Stage U PPO final expansion CAE/INP generation only; no teacher metrics yet.
stageU_final_expansion_CAE_INP_handoff,stage3_ppo_final_expansion_224_to_320_batch224_v01,final_expansion_batch06,40,PPOFINAL_N40_B165_quality,J2D_PPOFINAL_N40_B165_quality,E:\Projects\RL-LAM-ScanOpt\cae_model\stage3_ppo_final_expansion_224_to_320_batch224_v01\final_expansion_batch06\N40\PPOFINAL_N40_B165_quality,E:\Projects\RL-LAM-ScanOpt\cae_model\stage3_ppo_final_expansion_224_to_320_batch224_v01\final_expansion_batch06\N40\PPOFINAL_N40_B165_quality\scan_order_PPOFINAL_N40_B165_quality.json,E:\Projects\RL-LAM-ScanOpt\cae_model\stage3_ppo_final_expansion_224_to_320_batch224_v01\final_expansion_batch06\N40\PPOFINAL_N40_B165_quality\J2D_PPOFINAL_N40_B165_quality.cae,E:\Projects\RL-LAM-ScanOpt\cae_model\stage3_ppo_final_expansion_224_to_320_batch224_v01\final_expansion_batch06\N40\PPOFINAL_N40_B165_quality\J2D_PPOFINAL_N40_B165_quality.inp,E:\Projects\RL-LAM-ScanOpt\cae_model\stage3_ppo_final_expansion_224_to_320_batch224_v01\final_expansion_batch06\N40\PPOFINAL_N40_B165_quality\J2D_PPOFINAL_N40_B165_quality.jnl,GENERATED,PENDING,False,NOT_SUBMITTED,Stage U PPO final expansion CAE/INP generation only; no teacher metrics yet.
stageU_final_expansion_CAE_INP_handoff,stage3_ppo_final_expansion_224_to_320_batch224_v01,final_expansion_batch06,40,PPOFINAL_N40_B166_quality,J2D_PPOFINAL_N40_B166_quality,E:\Projects\RL-LAM-ScanOpt\cae_model\stage3_ppo_final_expansion_224_to_320_batch224_v01\final_expansion_batch06\N40\PPOFINAL_N40_B166_quality,E:\Projects\RL-LAM-ScanOpt\cae_model\stage3_ppo_final_expansion_224_to_320_batch224_v01\final_expansion_batch06\N40\PPOFINAL_N40_B166_quality\scan_order_PPOFINAL_N40_B166_quality.json,E:\Projects\RL-LAM-ScanOpt\cae_model\stage3_ppo_final_expansion_224_to_320_batch224_v01\final_expansion_batch06\N40\PPOFINAL_N40_B166_quality\J2D_PPOFINAL_N40_B166_quality.cae,E:\Projects\RL-LAM-ScanOpt\cae_model\stage3_ppo_final_expansion_224_to_320_batch224_v01\final_expansion_batch06\N40\PPOFINAL_N40_B166_quality\J2D_PPOFINAL_N40_B166_quality.inp,E:\Projects\RL-LAM-ScanOpt\cae_model\stage3_ppo_final_expansion_224_to_320_batch224_v01\final_expansion_batch06\N40\PPOFINAL_N40_B166_quality\J2D_PPOFINAL_N40_B166_quality.jnl,GENERATED,PENDING,False,NOT_SUBMITTED,Stage U PPO final expansion CAE/INP generation only; no teacher metrics yet.
stageU_final_expansion_CAE_INP_handoff,stage3_ppo_final_expansion_224_to_320_batch224_v01,final_expansion_batch06,40,PPOFINAL_N40_B167_quality,J2D_PPOFINAL_N40_B167_quality,E:\Projects\RL-LAM-ScanOpt\cae_model\stage3_ppo_final_expansion_224_to_320_batch224_v01\final_expansion_batch06\N40\PPOFINAL_N40_B167_quality,E:\Projects\RL-LAM-ScanOpt\cae_model\stage3_ppo_final_expansion_224_to_320_batch224_v01\final_expansion_batch06\N40\PPOFINAL_N40_B167_quality\scan_order_PPOFINAL_N40_B167_quality.json,E:\Projects\RL-LAM-ScanOpt\cae_model\stage3_ppo_final_expansion_224_to_320_batch224_v01\final_expansion_batch06\N40\PPOFINAL_N40_B167_quality\J2D_PPOFINAL_N40_B167_quality.cae,E:\Projects\RL-LAM-ScanOpt\cae_model\stage3_ppo_final_expansion_224_to_320_batch224_v01\final_expansion_batch06\N40\PPOFINAL_N40_B167_quality\J2D_PPOFINAL_N40_B167_quality.inp,E:\Projects\RL-LAM-ScanOpt\cae_model\stage3_ppo_final_expansion_224_to_320_batch224_v01\final_expansion_batch06\N40\PPOFINAL_N40_B167_quality\J2D_PPOFINAL_N40_B167_quality.jnl,GENERATED,PENDING,False,NOT_SUBMITTED,Stage U PPO final expansion CAE/INP generation only; no teacher metrics yet.
stageU_final_expansion_CAE_INP_handoff,stage3_ppo_final_expansion_224_to_320_batch224_v01,final_expansion_batch06,40,PPOFINAL_N40_B168_quality,J2D_PPOFINAL_N40_B168_quality,E:\Projects\RL-LAM-ScanOpt\cae_model\stage3_ppo_final_expansion_224_to_320_batch224_v01\final_expansion_batch06\N40\PPOFINAL_N40_B168_quality,E:\Projects\RL-LAM-ScanOpt\cae_model\stage3_ppo_final_expansion_224_to_320_batch224_v01\final_expansion_batch06\N40\PPOFINAL_N40_B168_quality\scan_order_PPOFINAL_N40_B168_quality.json,E:\Projects\RL-LAM-ScanOpt\cae_model\stage3_ppo_final_expansion_224_to_320_batch224_v01\final_expansion_batch06\N40\PPOFINAL_N40_B168_quality\J2D_PPOFINAL_N40_B168_quality.cae,E:\Projects\RL-LAM-ScanOpt\cae_model\stage3_ppo_final_expansion_224_to_320_batch224_v01\final_expansion_batch06\N40\PPOFINAL_N40_B168_quality\J2D_PPOFINAL_N40_B168_quality.inp,E:\Projects\RL-LAM-ScanOpt\cae_model\stage3_ppo_final_expansion_224_to_320_batch224_v01\final_expansion_batch06\N40\PPOFINAL_N40_B168_quality\J2D_PPOFINAL_N40_B168_quality.jnl,GENERATED,PENDING,False,NOT_SUBMITTED,Stage U PPO final expansion CAE/INP generation only; no teacher metrics yet.
stageU_final_expansion_CAE_INP_handoff,stage3_ppo_final_expansion_224_to_320_batch224_v01,final_expansion_batch06,40,PPOFINAL_N40_B169_quality,J2D_PPOFINAL_N40_B169_quality,E:\Projects\RL-LAM-ScanOpt\cae_model\stage3_ppo_final_expansion_224_to_320_batch224_v01\final_expansion_batch06\N40\PPOFINAL_N40_B169_quality,E:\Projects\RL-LAM-ScanOpt\cae_model\stage3_ppo_final_expansion_224_to_320_batch224_v01\final_expansion_batch06\N40\PPOFINAL_N40_B169_quality\scan_order_PPOFINAL_N40_B169_quality.json,E:\Projects\RL-LAM-ScanOpt\cae_model\stage3_ppo_final_expansion_224_to_320_batch224_v01\final_expansion_batch06\N40\PPOFINAL_N40_B169_quality\J2D_PPOFINAL_N40_B169_quality.cae,E:\Projects\RL-LAM-ScanOpt\cae_model\stage3_ppo_final_expansion_224_to_320_batch224_v01\final_expansion_batch06\N40\PPOFINAL_N40_B169_quality\J2D_PPOFINAL_N40_B169_quality.inp,E:\Projects\RL-LAM-ScanOpt\cae_model\stage3_ppo_final_expansion_224_to_320_batch224_v01\final_expansion_batch06\N40\PPOFINAL_N40_B169_quality\J2D_PPOFINAL_N40_B169_quality.jnl,GENERATED,PENDING,False,NOT_SUBMITTED,Stage U PPO final expansion CAE/INP generation only; no teacher metrics yet.
stageU_final_expansion_CAE_INP_handoff,stage3_ppo_final_expansion_224_to_320_batch224_v01,final_expansion_batch06,40,PPOFINAL_N40_B170_quality,J2D_PPOFINAL_N40_B170_quality,E:\Projects\RL-LAM-ScanOpt\cae_model\stage3_ppo_final_expansion_224_to_320_batch224_v01\final_expansion_batch06\N40\PPOFINAL_N40_B170_quality,E:\Projects\RL-LAM-ScanOpt\cae_model\stage3_ppo_final_expansion_224_to_320_batch224_v01\final_expansion_batch06\N40\PPOFINAL_N40_B170_quality\scan_order_PPOFINAL_N40_B170_quality.json,E:\Projects\RL-LAM-ScanOpt\cae_model\stage3_ppo_final_expansion_224_to_320_batch224_v01\final_expansion_batch06\N40\PPOFINAL_N40_B170_quality\J2D_PPOFINAL_N40_B170_quality.cae,E:\Projects\RL-LAM-ScanOpt\cae_model\stage3_ppo_final_expansion_224_to_320_batch224_v01\final_expansion_batch06\N40\PPOFINAL_N40_B170_quality\J2D_PPOFINAL_N40_B170_quality.inp,E:\Projects\RL-LAM-ScanOpt\cae_model\stage3_ppo_final_expansion_224_to_320_batch224_v01\final_expansion_batch06\N40\PPOFINAL_N40_B170_quality\J2D_PPOFINAL_N40_B170_quality.jnl,GENERATED,PENDING,False,NOT_SUBMITTED,Stage U PPO final expansion CAE/INP generation only; no teacher metrics yet.
stageU_final_expansion_CAE_INP_handoff,stage3_ppo_final_expansion_224_to_320_batch224_v01,final_expansion_batch06,40,PPOFINAL_N40_B171_quality,J2D_PPOFINAL_N40_B171_quality,E:\Projects\RL-LAM-ScanOpt\cae_model\stage3_ppo_final_expansion_224_to_320_batch224_v01\final_expansion_batch06\N40\PPOFINAL_N40_B171_quality,E:\Projects\RL-LAM-ScanOpt\cae_model\stage3_ppo_final_expansion_224_to_320_batch224_v01\final_expansion_batch06\N40\PPOFINAL_N40_B171_quality\scan_order_PPOFINAL_N40_B171_quality.json,E:\Projects\RL-LAM-ScanOpt\cae_model\stage3_ppo_final_expansion_224_to_320_batch224_v01\final_expansion_batch06\N40\PPOFINAL_N40_B171_quality\J2D_PPOFINAL_N40_B171_quality.cae,E:\Projects\RL-LAM-ScanOpt\cae_model\stage3_ppo_final_expansion_224_to_320_batch224_v01\final_expansion_batch06\N40\PPOFINAL_N40_B171_quality\J2D_PPOFINAL_N40_B171_quality.inp,E:\Projects\RL-LAM-ScanOpt\cae_model\stage3_ppo_final_expansion_224_to_320_batch224_v01\final_expansion_batch06\N40\PPOFINAL_N40_B171_quality\J2D_PPOFINAL_N40_B171_quality.jnl,GENERATED,PENDING,False,NOT_SUBMITTED,Stage U PPO final expansion CAE/INP generation only; no teacher metrics yet.
stageU_final_expansion_CAE_INP_handoff,stage3_ppo_final_expansion_224_to_320_batch224_v01,final_expansion_batch06,40,PPOFINAL_N40_B172_quality,J2D_PPOFINAL_N40_B172_quality,E:\Projects\RL-LAM-ScanOpt\cae_model\stage3_ppo_final_expansion_224_to_320_batch224_v01\final_expansion_batch06\N40\PPOFINAL_N40_B172_quality,E:\Projects\RL-LAM-ScanOpt\cae_model\stage3_ppo_final_expansion_224_to_320_batch224_v01\final_expansion_batch06\N40\PPOFINAL_N40_B172_quality\scan_order_PPOFINAL_N40_B172_quality.json,E:\Projects\RL-LAM-ScanOpt\cae_model\stage3_ppo_final_expansion_224_to_320_batch224_v01\final_expansion_batch06\N40\PPOFINAL_N40_B172_quality\J2D_PPOFINAL_N40_B172_quality.cae,E:\Projects\RL-LAM-ScanOpt\cae_model\stage3_ppo_final_expansion_224_to_320_batch224_v01\final_expansion_batch06\N40\PPOFINAL_N40_B172_quality\J2D_PPOFINAL_N40_B172_quality.inp,E:\Projects\RL-LAM-ScanOpt\cae_model\stage3_ppo_final_expansion_224_to_320_batch224_v01\final_expansion_batch06\N40\PPOFINAL_N40_B172_quality\J2D_PPOFINAL_N40_B172_quality.jnl,GENERATED,PENDING,False,NOT_SUBMITTED,Stage U PPO final expansion CAE/INP generation only; no teacher metrics yet.
stageU_final_expansion_CAE_INP_handoff,stage3_ppo_final_expansion_224_to_320_batch224_v01,final_expansion_batch06,40,PPOFINAL_N40_B173_diversity,J2D_PPOFINAL_N40_B173_diversity,E:\Projects\RL-LAM-ScanOpt\cae_model\stage3_ppo_final_expansion_224_to_320_batch224_v01\final_expansion_batch06\N40\PPOFINAL_N40_B173_diversity,E:\Projects\RL-LAM-ScanOpt\cae_model\stage3_ppo_final_expansion_224_to_320_batch224_v01\final_expansion_batch06\N40\PPOFINAL_N40_B173_diversity\scan_order_PPOFINAL_N40_B173_diversity.json,E:\Projects\RL-LAM-ScanOpt\cae_model\stage3_ppo_final_expansion_224_to_320_batch224_v01\final_expansion_batch06\N40\PPOFINAL_N40_B173_diversity\J2D_PPOFINAL_N40_B173_diversity.cae,E:\Projects\RL-LAM-ScanOpt\cae_model\stage3_ppo_final_expansion_224_to_320_batch224_v01\final_expansion_batch06\N40\PPOFINAL_N40_B173_diversity\J2D_PPOFINAL_N40_B173_diversity.inp,E:\Projects\RL-LAM-ScanOpt\cae_model\stage3_ppo_final_expansion_224_to_320_batch224_v01\final_expansion_batch06\N40\PPOFINAL_N40_B173_diversity\J2D_PPOFINAL_N40_B173_diversity.jnl,GENERATED,PENDING,False,NOT_SUBMITTED,Stage U PPO final expansion CAE/INP generation only; no teacher metrics yet.
stageU_final_expansion_CAE_INP_handoff,stage3_ppo_final_expansion_224_to_320_batch224_v01,final_expansion_batch06,40,PPOFINAL_N40_B174_diversity,J2D_PPOFINAL_N40_B174_diversity,E:\Projects\RL-LAM-ScanOpt\cae_model\stage3_ppo_final_expansion_224_to_320_batch224_v01\final_expansion_batch06\N40\PPOFINAL_N40_B174_diversity,E:\Projects\RL-LAM-ScanOpt\cae_model\stage3_ppo_final_expansion_224_to_320_batch224_v01\final_expansion_batch06\N40\PPOFINAL_N40_B174_diversity\scan_order_PPOFINAL_N40_B174_diversity.json,E:\Projects\RL-LAM-ScanOpt\cae_model\stage3_ppo_final_expansion_224_to_320_batch224_v01\final_expansion_batch06\N40\PPOFINAL_N40_B174_diversity\J2D_PPOFINAL_N40_B174_diversity.cae,E:\Projects\RL-LAM-ScanOpt\cae_model\stage3_ppo_final_expansion_224_to_320_batch224_v01\final_expansion_batch06\N40\PPOFINAL_N40_B174_diversity\J2D_PPOFINAL_N40_B174_diversity.inp,E:\Projects\RL-LAM-ScanOpt\cae_model\stage3_ppo_final_expansion_224_to_320_batch224_v01\final_expansion_batch06\N40\PPOFINAL_N40_B174_diversity\J2D_PPOFINAL_N40_B174_diversity.jnl,GENERATED,PENDING,False,NOT_SUBMITTED,Stage U PPO final expansion CAE/INP generation only; no teacher metrics yet.
stageU_final_expansion_CAE_INP_handoff,stage3_ppo_final_expansion_224_to_320_batch224_v01,final_expansion_batch06,40,PPOFINAL_N40_B175_diversity,J2D_PPOFINAL_N40_B175_diversity,E:\Projects\RL-LAM-ScanOpt\cae_model\stage3_ppo_final_expansion_224_to_320_batch224_v01\final_expansion_batch06\N40\PPOFINAL_N40_B175_diversity,E:\Projects\RL-LAM-ScanOpt\cae_model\stage3_ppo_final_expansion_224_to_320_batch224_v01\final_expansion_batch06\N40\PPOFINAL_N40_B175_diversity\scan_order_PPOFINAL_N40_B175_diversity.json,E:\Projects\RL-LAM-ScanOpt\cae_model\stage3_ppo_final_expansion_224_to_320_batch224_v01\final_expansion_batch06\N40\PPOFINAL_N40_B175_diversity\J2D_PPOFINAL_N40_B175_diversity.cae,E:\Projects\RL-LAM-ScanOpt\cae_model\stage3_ppo_final_expansion_224_to_320_batch224_v01\final_expansion_batch06\N40\PPOFINAL_N40_B175_diversity\J2D_PPOFINAL_N40_B175_diversity.inp,E:\Projects\RL-LAM-ScanOpt\cae_model\stage3_ppo_final_expansion_224_to_320_batch224_v01\final_expansion_batch06\N40\PPOFINAL_N40_B175_diversity\J2D_PPOFINAL_N40_B175_diversity.jnl,GENERATED,PENDING,False,NOT_SUBMITTED,Stage U PPO final expansion CAE/INP generation only; no teacher metrics yet.
stageU_final_expansion_CAE_INP_handoff,stage3_ppo_final_expansion_224_to_320_batch224_v01,final_expansion_batch06,40,PPOFINAL_N40_B176_diversity,J2D_PPOFINAL_N40_B176_diversity,E:\Projects\RL-LAM-ScanOpt\cae_model\stage3_ppo_final_expansion_224_to_320_batch224_v01\final_expansion_batch06\N40\PPOFINAL_N40_B176_diversity,E:\Projects\RL-LAM-ScanOpt\cae_model\stage3_ppo_final_expansion_224_to_320_batch224_v01\final_expansion_batch06\N40\PPOFINAL_N40_B176_diversity\scan_order_PPOFINAL_N40_B176_diversity.json,E:\Projects\RL-LAM-ScanOpt\cae_model\stage3_ppo_final_expansion_224_to_320_batch224_v01\final_expansion_batch06\N40\PPOFINAL_N40_B176_diversity\J2D_PPOFINAL_N40_B176_diversity.cae,E:\Projects\RL-LAM-ScanOpt\cae_model\stage3_ppo_final_expansion_224_to_320_batch224_v01\final_expansion_batch06\N40\PPOFINAL_N40_B176_diversity\J2D_PPOFINAL_N40_B176_diversity.inp,E:\Projects\RL-LAM-ScanOpt\cae_model\stage3_ppo_final_expansion_224_to_320_batch224_v01\final_expansion_batch06\N40\PPOFINAL_N40_B176_diversity\J2D_PPOFINAL_N40_B176_diversity.jnl,GENERATED,PENDING,False,NOT_SUBMITTED,Stage U PPO final expansion CAE/INP generation only; no teacher metrics yet.
stageU_final_expansion_CAE_INP_handoff,stage3_ppo_final_expansion_224_to_320_batch224_v01,final_expansion_batch06,40,PPOFINAL_N40_B177_diversity,J2D_PPOFINAL_N40_B177_diversity,E:\Projects\RL-LAM-ScanOpt\cae_model\stage3_ppo_final_expansion_224_to_320_batch224_v01\final_expansion_batch06\N40\PPOFINAL_N40_B177_diversity,E:\Projects\RL-LAM-ScanOpt\cae_model\stage3_ppo_final_expansion_224_to_320_batch224_v01\final_expansion_batch06\N40\PPOFINAL_N40_B177_diversity\scan_order_PPOFINAL_N40_B177_diversity.json,E:\Projects\RL-LAM-ScanOpt\cae_model\stage3_ppo_final_expansion_224_to_320_batch224_v01\final_expansion_batch06\N40\PPOFINAL_N40_B177_diversity\J2D_PPOFINAL_N40_B177_diversity.cae,E:\Projects\RL-LAM-ScanOpt\cae_model\stage3_ppo_final_expansion_224_to_320_batch224_v01\final_expansion_batch06\N40\PPOFINAL_N40_B177_diversity\J2D_PPOFINAL_N40_B177_diversity.inp,E:\Projects\RL-LAM-ScanOpt\cae_model\stage3_ppo_final_expansion_224_to_320_batch224_v01\final_expansion_batch06\N40\PPOFINAL_N40_B177_diversity\J2D_PPOFINAL_N40_B177_diversity.jnl,GENERATED,PENDING,False,NOT_SUBMITTED,Stage U PPO final expansion CAE/INP generation only; no teacher metrics yet.
stageU_final_expansion_CAE_INP_handoff,stage3_ppo_final_expansion_224_to_320_batch224_v01,final_expansion_batch06,40,PPOFINAL_N40_B178_diversity,J2D_PPOFINAL_N40_B178_diversity,E:\Projects\RL-LAM-ScanOpt\cae_model\stage3_ppo_final_expansion_224_to_320_batch224_v01\final_expansion_batch06\N40\PPOFINAL_N40_B178_diversity,E:\Projects\RL-LAM-ScanOpt\cae_model\stage3_ppo_final_expansion_224_to_320_batch224_v01\final_expansion_batch06\N40\PPOFINAL_N40_B178_diversity\scan_order_PPOFINAL_N40_B178_diversity.json,E:\Projects\RL-LAM-ScanOpt\cae_model\stage3_ppo_final_expansion_224_to_320_batch224_v01\final_expansion_batch06\N40\PPOFINAL_N40_B178_diversity\J2D_PPOFINAL_N40_B178_diversity.cae,E:\Projects\RL-LAM-ScanOpt\cae_model\stage3_ppo_final_expansion_224_to_320_batch224_v01\final_expansion_batch06\N40\PPOFINAL_N40_B178_diversity\J2D_PPOFINAL_N40_B178_diversity.inp,E:\Projects\RL-LAM-ScanOpt\cae_model\stage3_ppo_final_expansion_224_to_320_batch224_v01\final_expansion_batch06\N40\PPOFINAL_N40_B178_diversity\J2D_PPOFINAL_N40_B178_diversity.jnl,GENERATED,PENDING,False,NOT_SUBMITTED,Stage U PPO final expansion CAE/INP generation only; no teacher metrics yet.
stageU_final_expansion_CAE_INP_handoff,stage3_ppo_final_expansion_224_to_320_batch224_v01,final_expansion_batch06,40,PPOFINAL_N40_B179_diversity,J2D_PPOFINAL_N40_B179_diversity,E:\Projects\RL-LAM-ScanOpt\cae_model\stage3_ppo_final_expansion_224_to_320_batch224_v01\final_expansion_batch06\N40\PPOFINAL_N40_B179_diversity,E:\Projects\RL-LAM-ScanOpt\cae_model\stage3_ppo_final_expansion_224_to_320_batch224_v01\final_expansion_batch06\N40\PPOFINAL_N40_B179_diversity\scan_order_PPOFINAL_N40_B179_diversity.json,E:\Projects\RL-LAM-ScanOpt\cae_model\stage3_ppo_final_expansion_224_to_320_batch224_v01\final_expansion_batch06\N40\PPOFINAL_N40_B179_diversity\J2D_PPOFINAL_N40_B179_diversity.cae,E:\Projects\RL-LAM-ScanOpt\cae_model\stage3_ppo_final_expansion_224_to_320_batch224_v01\final_expansion_batch06\N40\PPOFINAL_N40_B179_diversity\J2D_PPOFINAL_N40_B179_diversity.inp,E:\Projects\RL-LAM-ScanOpt\cae_model\stage3_ppo_final_expansion_224_to_320_batch224_v01\final_expansion_batch06\N40\PPOFINAL_N40_B179_diversity\J2D_PPOFINAL_N40_B179_diversity.jnl,GENERATED,PENDING,False,NOT_SUBMITTED,Stage U PPO final expansion CAE/INP generation only; no teacher metrics yet.
stageU_final_expansion_CAE_INP_handoff,stage3_ppo_final_expansion_224_to_320_batch224_v01,final_expansion_batch06,40,PPOFINAL_N40_B180_diversity,J2D_PPOFINAL_N40_B180_diversity,E:\Projects\RL-LAM-ScanOpt\cae_model\stage3_ppo_final_expansion_224_to_320_batch224_v01\final_expansion_batch06\N40\PPOFINAL_N40_B180_diversity,E:\Projects\RL-LAM-ScanOpt\cae_model\stage3_ppo_final_expansion_224_to_320_batch224_v01\final_expansion_batch06\N40\PPOFINAL_N40_B180_diversity\scan_order_PPOFINAL_N40_B180_diversity.json,E:\Projects\RL-LAM-ScanOpt\cae_model\stage3_ppo_final_expansion_224_to_320_batch224_v01\final_expansion_batch06\N40\PPOFINAL_N40_B180_diversity\J2D_PPOFINAL_N40_B180_diversity.cae,E:\Projects\RL-LAM-ScanOpt\cae_model\stage3_ppo_final_expansion_224_to_320_batch224_v01\final_expansion_batch06\N40\PPOFINAL_N40_B180_diversity\J2D_PPOFINAL_N40_B180_diversity.inp,E:\Projects\RL-LAM-ScanOpt\cae_model\stage3_ppo_final_expansion_224_to_320_batch224_v01\final_expansion_batch06\N40\PPOFINAL_N40_B180_diversity\J2D_PPOFINAL_N40_B180_diversity.jnl,GENERATED,PENDING,False,NOT_SUBMITTED,Stage U PPO final expansion CAE/INP generation only; no teacher metrics yet.
stageU_final_expansion_CAE_INP_handoff,stage3_ppo_final_expansion_224_to_320_batch224_v01,final_expansion_batch06,40,PPOFINAL_N40_B181_diversity,J2D_PPOFINAL_N40_B181_diversity,E:\Projects\RL-LAM-ScanOpt\cae_model\stage3_ppo_final_expansion_224_to_320_batch224_v01\final_expansion_batch06\N40\PPOFINAL_N40_B181_diversity,E:\Projects\RL-LAM-ScanOpt\cae_model\stage3_ppo_final_expansion_224_to_320_batch224_v01\final_expansion_batch06\N40\PPOFINAL_N40_B181_diversity\scan_order_PPOFINAL_N40_B181_diversity.json,E:\Projects\RL-LAM-ScanOpt\cae_model\stage3_ppo_final_expansion_224_to_320_batch224_v01\final_expansion_batch06\N40\PPOFINAL_N40_B181_diversity\J2D_PPOFINAL_N40_B181_diversity.cae,E:\Projects\RL-LAM-ScanOpt\cae_model\stage3_ppo_final_expansion_224_to_320_batch224_v01\final_expansion_batch06\N40\PPOFINAL_N40_B181_diversity\J2D_PPOFINAL_N40_B181_diversity.inp,E:\Projects\RL-LAM-ScanOpt\cae_model\stage3_ppo_final_expansion_224_to_320_batch224_v01\final_expansion_batch06\N40\PPOFINAL_N40_B181_diversity\J2D_PPOFINAL_N40_B181_diversity.jnl,GENERATED,PENDING,False,NOT_SUBMITTED,Stage U PPO final expansion CAE/INP generation only; no teacher metrics yet.
stageU_final_expansion_CAE_INP_handoff,stage3_ppo_final_expansion_224_to_320_batch224_v01,final_expansion_batch06,40,PPOFINAL_N40_B182_diversity,J2D_PPOFINAL_N40_B182_diversity,E:\Projects\RL-LAM-ScanOpt\cae_model\stage3_ppo_final_expansion_224_to_320_batch224_v01\final_expansion_batch06\N40\PPOFINAL_N40_B182_diversity,E:\Projects\RL-LAM-ScanOpt\cae_model\stage3_ppo_final_expansion_224_to_320_batch224_v01\final_expansion_batch06\N40\PPOFINAL_N40_B182_diversity\scan_order_PPOFINAL_N40_B182_diversity.json,E:\Projects\RL-LAM-ScanOpt\cae_model\stage3_ppo_final_expansion_224_to_320_batch224_v01\final_expansion_batch06\N40\PPOFINAL_N40_B182_diversity\J2D_PPOFINAL_N40_B182_diversity.cae,E:\Projects\RL-LAM-ScanOpt\cae_model\stage3_ppo_final_expansion_224_to_320_batch224_v01\final_expansion_batch06\N40\PPOFINAL_N40_B182_diversity\J2D_PPOFINAL_N40_B182_diversity.inp,E:\Projects\RL-LAM-ScanOpt\cae_model\stage3_ppo_final_expansion_224_to_320_batch224_v01\final_expansion_batch06\N40\PPOFINAL_N40_B182_diversity\J2D_PPOFINAL_N40_B182_diversity.jnl,GENERATED,PENDING,False,NOT_SUBMITTED,Stage U PPO final expansion CAE/INP generation only; no teacher metrics yet.
stageU_final_expansion_CAE_INP_handoff,stage3_ppo_final_expansion_224_to_320_batch224_v01,final_expansion_batch06,40,PPOFINAL_N40_B183_diversity,J2D_PPOFINAL_N40_B183_diversity,E:\Projects\RL-LAM-ScanOpt\cae_model\stage3_ppo_final_expansion_224_to_320_batch224_v01\final_expansion_batch06\N40\PPOFINAL_N40_B183_diversity,E:\Projects\RL-LAM-ScanOpt\cae_model\stage3_ppo_final_expansion_224_to_320_batch224_v01\final_expansion_batch06\N40\PPOFINAL_N40_B183_diversity\scan_order_PPOFINAL_N40_B183_diversity.json,E:\Projects\RL-LAM-ScanOpt\cae_model\stage3_ppo_final_expansion_224_to_320_batch224_v01\final_expansion_batch06\N40\PPOFINAL_N40_B183_diversity\J2D_PPOFINAL_N40_B183_diversity.cae,E:\Projects\RL-LAM-ScanOpt\cae_model\stage3_ppo_final_expansion_224_to_320_batch224_v01\final_expansion_batch06\N40\PPOFINAL_N40_B183_diversity\J2D_PPOFINAL_N40_B183_diversity.inp,E:\Projects\RL-LAM-ScanOpt\cae_model\stage3_ppo_final_expansion_224_to_320_batch224_v01\final_expansion_batch06\N40\PPOFINAL_N40_B183_diversity\J2D_PPOFINAL_N40_B183_diversity.jnl,GENERATED,PENDING,False,NOT_SUBMITTED,Stage U PPO final expansion CAE/INP generation only; no teacher metrics yet.
stageU_final_expansion_CAE_INP_handoff,stage3_ppo_final_expansion_224_to_320_batch224_v01,final_expansion_batch06,40,PPOFINAL_N40_B184_diversity,J2D_PPOFINAL_N40_B184_diversity,E:\Projects\RL-LAM-ScanOpt\cae_model\stage3_ppo_final_expansion_224_to_320_batch224_v01\final_expansion_batch06\N40\PPOFINAL_N40_B184_diversity,E:\Projects\RL-LAM-ScanOpt\cae_model\stage3_ppo_final_expansion_224_to_320_batch224_v01\final_expansion_batch06\N40\PPOFINAL_N40_B184_diversity\scan_order_PPOFINAL_N40_B184_diversity.json,E:\Projects\RL-LAM-ScanOpt\cae_model\stage3_ppo_final_expansion_224_to_320_batch224_v01\final_expansion_batch06\N40\PPOFINAL_N40_B184_diversity\J2D_PPOFINAL_N40_B184_diversity.cae,E:\Projects\RL-LAM-ScanOpt\cae_model\stage3_ppo_final_expansion_224_to_320_batch224_v01\final_expansion_batch06\N40\PPOFINAL_N40_B184_diversity\J2D_PPOFINAL_N40_B184_diversity.inp,E:\Projects\RL-LAM-ScanOpt\cae_model\stage3_ppo_final_expansion_224_to_320_batch224_v01\final_expansion_batch06\N40\PPOFINAL_N40_B184_diversity\J2D_PPOFINAL_N40_B184_diversity.jnl,GENERATED,PENDING,False,NOT_SUBMITTED,Stage U PPO final expansion CAE/INP generation only; no teacher metrics yet.
stageU_final_expansion_CAE_INP_handoff,stage3_ppo_final_expansion_224_to_320_batch224_v01,final_expansion_batch06,40,PPOFINAL_N40_B185_diversity,J2D_PPOFINAL_N40_B185_diversity,E:\Projects\RL-LAM-ScanOpt\cae_model\stage3_ppo_final_expansion_224_to_320_batch224_v01\final_expansion_batch06\N40\PPOFINAL_N40_B185_diversity,E:\Projects\RL-LAM-ScanOpt\cae_model\stage3_ppo_final_expansion_224_to_320_batch224_v01\final_expansion_batch06\N40\PPOFINAL_N40_B185_diversity\scan_order_PPOFINAL_N40_B185_diversity.json,E:\Projects\RL-LAM-ScanOpt\cae_model\stage3_ppo_final_expansion_224_to_320_batch224_v01\final_expansion_batch06\N40\PPOFINAL_N40_B185_diversity\J2D_PPOFINAL_N40_B185_diversity.cae,E:\Projects\RL-LAM-ScanOpt\cae_model\stage3_ppo_final_expansion_224_to_320_batch224_v01\final_expansion_batch06\N40\PPOFINAL_N40_B185_diversity\J2D_PPOFINAL_N40_B185_diversity.inp,E:\Projects\RL-LAM-ScanOpt\cae_model\stage3_ppo_final_expansion_224_to_320_batch224_v01\final_expansion_batch06\N40\PPOFINAL_N40_B185_diversity\J2D_PPOFINAL_N40_B185_diversity.jnl,GENERATED,PENDING,False,NOT_SUBMITTED,Stage U PPO final expansion CAE/INP generation only; no teacher metrics yet.
stageU_final_expansion_CAE_INP_handoff,stage3_ppo_final_expansion_224_to_320_batch224_v01,final_expansion_batch06,40,PPOFINAL_N40_B186_diversity,J2D_PPOFINAL_N40_B186_diversity,E:\Projects\RL-LAM-ScanOpt\cae_model\stage3_ppo_final_expansion_224_to_320_batch224_v01\final_expansion_batch06\N40\PPOFINAL_N40_B186_diversity,E:\Projects\RL-LAM-ScanOpt\cae_model\stage3_ppo_final_expansion_224_to_320_batch224_v01\final_expansion_batch06\N40\PPOFINAL_N40_B186_diversity\scan_order_PPOFINAL_N40_B186_diversity.json,E:\Projects\RL-LAM-ScanOpt\cae_model\stage3_ppo_final_expansion_224_to_320_batch224_v01\final_expansion_batch06\N40\PPOFINAL_N40_B186_diversity\J2D_PPOFINAL_N40_B186_diversity.cae,E:\Projects\RL-LAM-ScanOpt\cae_model\stage3_ppo_final_expansion_224_to_320_batch224_v01\final_expansion_batch06\N40\PPOFINAL_N40_B186_diversity\J2D_PPOFINAL_N40_B186_diversity.inp,E:\Projects\RL-LAM-ScanOpt\cae_model\stage3_ppo_final_expansion_224_to_320_batch224_v01\final_expansion_batch06\N40\PPOFINAL_N40_B186_diversity\J2D_PPOFINAL_N40_B186_diversity.jnl,GENERATED,PENDING,False,NOT_SUBMITTED,Stage U PPO final expansion CAE/INP generation only; no teacher metrics yet.
stageU_final_expansion_CAE_INP_handoff,stage3_ppo_final_expansion_224_to_320_batch224_v01,final_expansion_batch06,40,PPOFINAL_N40_B187_diversity,J2D_PPOFINAL_N40_B187_diversity,E:\Projects\RL-LAM-ScanOpt\cae_model\stage3_ppo_final_expansion_224_to_320_batch224_v01\final_expansion_batch06\N40\PPOFINAL_N40_B187_diversity,E:\Projects\RL-LAM-ScanOpt\cae_model\stage3_ppo_final_expansion_224_to_320_batch224_v01\final_expansion_batch06\N40\PPOFINAL_N40_B187_diversity\scan_order_PPOFINAL_N40_B187_diversity.json,E:\Projects\RL-LAM-ScanOpt\cae_model\stage3_ppo_final_expansion_224_to_320_batch224_v01\final_expansion_batch06\N40\PPOFINAL_N40_B187_diversity\J2D_PPOFINAL_N40_B187_diversity.cae,E:\Projects\RL-LAM-ScanOpt\cae_model\stage3_ppo_final_expansion_224_to_320_batch224_v01\final_expansion_batch06\N40\PPOFINAL_N40_B187_diversity\J2D_PPOFINAL_N40_B187_diversity.inp,E:\Projects\RL-LAM-ScanOpt\cae_model\stage3_ppo_final_expansion_224_to_320_batch224_v01\final_expansion_batch06\N40\PPOFINAL_N40_B187_diversity\J2D_PPOFINAL_N40_B187_diversity.jnl,GENERATED,PENDING,False,NOT_SUBMITTED,Stage U PPO final expansion CAE/INP generation only; no teacher metrics yet.
stageU_final_expansion_CAE_INP_handoff,stage3_ppo_final_expansion_224_to_320_batch224_v01,final_expansion_batch06,40,PPOFINAL_N40_B188_diversity,J2D_PPOFINAL_N40_B188_diversity,E:\Projects\RL-LAM-ScanOpt\cae_model\stage3_ppo_final_expansion_224_to_320_batch224_v01\final_expansion_batch06\N40\PPOFINAL_N40_B188_diversity,E:\Projects\RL-LAM-ScanOpt\cae_model\stage3_ppo_final_expansion_224_to_320_batch224_v01\final_expansion_batch06\N40\PPOFINAL_N40_B188_diversity\scan_order_PPOFINAL_N40_B188_diversity.json,E:\Projects\RL-LAM-ScanOpt\cae_model\stage3_ppo_final_expansion_224_to_320_batch224_v01\final_expansion_batch06\N40\PPOFINAL_N40_B188_diversity\J2D_PPOFINAL_N40_B188_diversity.cae,E:\Projects\RL-LAM-ScanOpt\cae_model\stage3_ppo_final_expansion_224_to_320_batch224_v01\final_expansion_batch06\N40\PPOFINAL_N40_B188_diversity\J2D_PPOFINAL_N40_B188_diversity.inp,E:\Projects\RL-LAM-ScanOpt\cae_model\stage3_ppo_final_expansion_224_to_320_batch224_v01\final_expansion_batch06\N40\PPOFINAL_N40_B188_diversity\J2D_PPOFINAL_N40_B188_diversity.jnl,GENERATED,PENDING,False,NOT_SUBMITTED,Stage U PPO final expansion CAE/INP generation only; no teacher metrics yet.
stageU_final_expansion_CAE_INP_handoff,stage3_ppo_final_expansion_224_to_320_batch224_v01,final_expansion_batch06,40,PPOFINAL_N40_B189_diversity,J2D_PPOFINAL_N40_B189_diversity,E:\Projects\RL-LAM-ScanOpt\cae_model\stage3_ppo_final_expansion_224_to_320_batch224_v01\final_expansion_batch06\N40\PPOFINAL_N40_B189_diversity,E:\Projects\RL-LAM-ScanOpt\cae_model\stage3_ppo_final_expansion_224_to_320_batch224_v01\final_expansion_batch06\N40\PPOFINAL_N40_B189_diversity\scan_order_PPOFINAL_N40_B189_diversity.json,E:\Projects\RL-LAM-ScanOpt\cae_model\stage3_ppo_final_expansion_224_to_320_batch224_v01\final_expansion_batch06\N40\PPOFINAL_N40_B189_diversity\J2D_PPOFINAL_N40_B189_diversity.cae,E:\Projects\RL-LAM-ScanOpt\cae_model\stage3_ppo_final_expansion_224_to_320_batch224_v01\final_expansion_batch06\N40\PPOFINAL_N40_B189_diversity\J2D_PPOFINAL_N40_B189_diversity.inp,E:\Projects\RL-LAM-ScanOpt\cae_model\stage3_ppo_final_expansion_224_to_320_batch224_v01\final_expansion_batch06\N40\PPOFINAL_N40_B189_diversity\J2D_PPOFINAL_N40_B189_diversity.jnl,GENERATED,PENDING,False,NOT_SUBMITTED,Stage U PPO final expansion CAE/INP generation only; no teacher metrics yet.
stageU_final_expansion_CAE_INP_handoff,stage3_ppo_final_expansion_224_to_320_batch224_v01,final_expansion_batch06,40,PPOFINAL_N40_B190_diversity,J2D_PPOFINAL_N40_B190_diversity,E:\Projects\RL-LAM-ScanOpt\cae_model\stage3_ppo_final_expansion_224_to_320_batch224_v01\final_expansion_batch06\N40\PPOFINAL_N40_B190_diversity,E:\Projects\RL-LAM-ScanOpt\cae_model\stage3_ppo_final_expansion_224_to_320_batch224_v01\final_expansion_batch06\N40\PPOFINAL_N40_B190_diversity\scan_order_PPOFINAL_N40_B190_diversity.json,E:\Projects\RL-LAM-ScanOpt\cae_model\stage3_ppo_final_expansion_224_to_320_batch224_v01\final_expansion_batch06\N40\PPOFINAL_N40_B190_diversity\J2D_PPOFINAL_N40_B190_diversity.cae,E:\Projects\RL-LAM-ScanOpt\cae_model\stage3_ppo_final_expansion_224_to_320_batch224_v01\final_expansion_batch06\N40\PPOFINAL_N40_B190_diversity\J2D_PPOFINAL_N40_B190_diversity.inp,E:\Projects\RL-LAM-ScanOpt\cae_model\stage3_ppo_final_expansion_224_to_320_batch224_v01\final_expansion_batch06\N40\PPOFINAL_N40_B190_diversity\J2D_PPOFINAL_N40_B190_diversity.jnl,GENERATED,PENDING,False,NOT_SUBMITTED,Stage U PPO final expansion CAE/INP generation only; no teacher metrics yet.
stageU_final_expansion_CAE_INP_handoff,stage3_ppo_final_expansion_224_to_320_batch224_v01,final_expansion_batch06,40,PPOFINAL_N40_B191_diversity,J2D_PPOFINAL_N40_B191_diversity,E:\Projects\RL-LAM-ScanOpt\cae_model\stage3_ppo_final_expansion_224_to_320_batch224_v01\final_expansion_batch06\N40\PPOFINAL_N40_B191_diversity,E:\Projects\RL-LAM-ScanOpt\cae_model\stage3_ppo_final_expansion_224_to_320_batch224_v01\final_expansion_batch06\N40\PPOFINAL_N40_B191_diversity\scan_order_PPOFINAL_N40_B191_diversity.json,E:\Projects\RL-LAM-ScanOpt\cae_model\stage3_ppo_final_expansion_224_to_320_batch224_v01\final_expansion_batch06\N40\PPOFINAL_N40_B191_diversity\J2D_PPOFINAL_N40_B191_diversity.cae,E:\Projects\RL-LAM-ScanOpt\cae_model\stage3_ppo_final_expansion_224_to_320_batch224_v01\final_expansion_batch06\N40\PPOFINAL_N40_B191_diversity\J2D_PPOFINAL_N40_B191_diversity.inp,E:\Projects\RL-LAM-ScanOpt\cae_model\stage3_ppo_final_expansion_224_to_320_batch224_v01\final_expansion_batch06\N40\PPOFINAL_N40_B191_diversity\J2D_PPOFINAL_N40_B191_diversity.jnl,GENERATED,PENDING,False,NOT_SUBMITTED,Stage U PPO final expansion CAE/INP generation only; no teacher metrics yet.
stageU_final_expansion_CAE_INP_handoff,stage3_ppo_final_expansion_224_to_320_batch224_v01,final_expansion_batch06,40,PPOFINAL_N40_B192_diversity,J2D_PPOFINAL_N40_B192_diversity,E:\Projects\RL-LAM-ScanOpt\cae_model\stage3_ppo_final_expansion_224_to_320_batch224_v01\final_expansion_batch06\N40\PPOFINAL_N40_B192_diversity,E:\Projects\RL-LAM-ScanOpt\cae_model\stage3_ppo_final_expansion_224_to_320_batch224_v01\final_expansion_batch06\N40\PPOFINAL_N40_B192_diversity\scan_order_PPOFINAL_N40_B192_diversity.json,E:\Projects\RL-LAM-ScanOpt\cae_model\stage3_ppo_final_expansion_224_to_320_batch224_v01\final_expansion_batch06\N40\PPOFINAL_N40_B192_diversity\J2D_PPOFINAL_N40_B192_diversity.cae,E:\Projects\RL-LAM-ScanOpt\cae_model\stage3_ppo_final_expansion_224_to_320_batch224_v01\final_expansion_batch06\N40\PPOFINAL_N40_B192_diversity\J2D_PPOFINAL_N40_B192_diversity.inp,E:\Projects\RL-LAM-ScanOpt\cae_model\stage3_ppo_final_expansion_224_to_320_batch224_v01\final_expansion_batch06\N40\PPOFINAL_N40_B192_diversity\J2D_PPOFINAL_N40_B192_diversity.jnl,GENERATED,PENDING,False,NOT_SUBMITTED,Stage U PPO final expansion CAE/INP generation only; no teacher metrics yet.
stageU_final_expansion_CAE_INP_handoff,stage3_ppo_final_expansion_224_to_320_batch224_v01,final_expansion_batch07,40,PPOFINAL_N40_B193_efficiency,J2D_PPOFINAL_N40_B193_efficiency,E:\Projects\RL-LAM-ScanOpt\cae_model\stage3_ppo_final_expansion_224_to_320_batch224_v01\final_expansion_batch07\N40\PPOFINAL_N40_B193_efficiency,E:\Projects\RL-LAM-ScanOpt\cae_model\stage3_ppo_final_expansion_224_to_320_batch224_v01\final_expansion_batch07\N40\PPOFINAL_N40_B193_efficiency\scan_order_PPOFINAL_N40_B193_efficiency.json,E:\Projects\RL-LAM-ScanOpt\cae_model\stage3_ppo_final_expansion_224_to_320_batch224_v01\final_expansion_batch07\N40\PPOFINAL_N40_B193_efficiency\J2D_PPOFINAL_N40_B193_efficiency.cae,E:\Projects\RL-LAM-ScanOpt\cae_model\stage3_ppo_final_expansion_224_to_320_batch224_v01\final_expansion_batch07\N40\PPOFINAL_N40_B193_efficiency\J2D_PPOFINAL_N40_B193_efficiency.inp,E:\Projects\RL-LAM-ScanOpt\cae_model\stage3_ppo_final_expansion_224_to_320_batch224_v01\final_expansion_batch07\N40\PPOFINAL_N40_B193_efficiency\J2D_PPOFINAL_N40_B193_efficiency.jnl,GENERATED,PENDING,False,NOT_SUBMITTED,Stage U PPO final expansion CAE/INP generation only; no teacher metrics yet.
stageU_final_expansion_CAE_INP_handoff,stage3_ppo_final_expansion_224_to_320_batch224_v01,final_expansion_batch07,40,PPOFINAL_N40_B194_efficiency,J2D_PPOFINAL_N40_B194_efficiency,E:\Projects\RL-LAM-ScanOpt\cae_model\stage3_ppo_final_expansion_224_to_320_batch224_v01\final_expansion_batch07\N40\PPOFINAL_N40_B194_efficiency,E:\Projects\RL-LAM-ScanOpt\cae_model\stage3_ppo_final_expansion_224_to_320_batch224_v01\final_expansion_batch07\N40\PPOFINAL_N40_B194_efficiency\scan_order_PPOFINAL_N40_B194_efficiency.json,E:\Projects\RL-LAM-ScanOpt\cae_model\stage3_ppo_final_expansion_224_to_320_batch224_v01\final_expansion_batch07\N40\PPOFINAL_N40_B194_efficiency\J2D_PPOFINAL_N40_B194_efficiency.cae,E:\Projects\RL-LAM-ScanOpt\cae_model\stage3_ppo_final_expansion_224_to_320_batch224_v01\final_expansion_batch07\N40\PPOFINAL_N40_B194_efficiency\J2D_PPOFINAL_N40_B194_efficiency.inp,E:\Projects\RL-LAM-ScanOpt\cae_model\stage3_ppo_final_expansion_224_to_320_batch224_v01\final_expansion_batch07\N40\PPOFINAL_N40_B194_efficiency\J2D_PPOFINAL_N40_B194_efficiency.jnl,GENERATED,PENDING,False,NOT_SUBMITTED,Stage U PPO final expansion CAE/INP generation only; no teacher metrics yet.
stageU_final_expansion_CAE_INP_handoff,stage3_ppo_final_expansion_224_to_320_batch224_v01,final_expansion_batch07,40,PPOFINAL_N40_B195_efficiency,J2D_PPOFINAL_N40_B195_efficiency,E:\Projects\RL-LAM-ScanOpt\cae_model\stage3_ppo_final_expansion_224_to_320_batch224_v01\final_expansion_batch07\N40\PPOFINAL_N40_B195_efficiency,E:\Projects\RL-LAM-ScanOpt\cae_model\stage3_ppo_final_expansion_224_to_320_batch224_v01\final_expansion_batch07\N40\PPOFINAL_N40_B195_efficiency\scan_order_PPOFINAL_N40_B195_efficiency.json,E:\Projects\RL-LAM-ScanOpt\cae_model\stage3_ppo_final_expansion_224_to_320_batch224_v01\final_expansion_batch07\N40\PPOFINAL_N40_B195_efficiency\J2D_PPOFINAL_N40_B195_efficiency.cae,E:\Projects\RL-LAM-ScanOpt\cae_model\stage3_ppo_final_expansion_224_to_320_batch224_v01\final_expansion_batch07\N40\PPOFINAL_N40_B195_efficiency\J2D_PPOFINAL_N40_B195_efficiency.inp,E:\Projects\RL-LAM-ScanOpt\cae_model\stage3_ppo_final_expansion_224_to_320_batch224_v01\final_expansion_batch07\N40\PPOFINAL_N40_B195_efficiency\J2D_PPOFINAL_N40_B195_efficiency.jnl,GENERATED,PENDING,False,NOT_SUBMITTED,Stage U PPO final expansion CAE/INP generation only; no teacher metrics yet.
stageU_final_expansion_CAE_INP_handoff,stage3_ppo_final_expansion_224_to_320_batch224_v01,final_expansion_batch07,40,PPOFINAL_N40_B196_efficiency,J2D_PPOFINAL_N40_B196_efficiency,E:\Projects\RL-LAM-ScanOpt\cae_model\stage3_ppo_final_expansion_224_to_320_batch224_v01\final_expansion_batch07\N40\PPOFINAL_N40_B196_efficiency,E:\Projects\RL-LAM-ScanOpt\cae_model\stage3_ppo_final_expansion_224_to_320_batch224_v01\final_expansion_batch07\N40\PPOFINAL_N40_B196_efficiency\scan_order_PPOFINAL_N40_B196_efficiency.json,E:\Projects\RL-LAM-ScanOpt\cae_model\stage3_ppo_final_expansion_224_to_320_batch224_v01\final_expansion_batch07\N40\PPOFINAL_N40_B196_efficiency\J2D_PPOFINAL_N40_B196_efficiency.cae,E:\Projects\RL-LAM-ScanOpt\cae_model\stage3_ppo_final_expansion_224_to_320_batch224_v01\final_expansion_batch07\N40\PPOFINAL_N40_B196_efficiency\J2D_PPOFINAL_N40_B196_efficiency.inp,E:\Projects\RL-LAM-ScanOpt\cae_model\stage3_ppo_final_expansion_224_to_320_batch224_v01\final_expansion_batch07\N40\PPOFINAL_N40_B196_efficiency\J2D_PPOFINAL_N40_B196_efficiency.jnl,GENERATED,PENDING,False,NOT_SUBMITTED,Stage U PPO final expansion CAE/INP generation only; no teacher metrics yet.
stageU_final_expansion_CAE_INP_handoff,stage3_ppo_final_expansion_224_to_320_batch224_v01,final_expansion_batch07,40,PPOFINAL_N40_B197_efficiency,J2D_PPOFINAL_N40_B197_efficiency,E:\Projects\RL-LAM-ScanOpt\cae_model\stage3_ppo_final_expansion_224_to_320_batch224_v01\final_expansion_batch07\N40\PPOFINAL_N40_B197_efficiency,E:\Projects\RL-LAM-ScanOpt\cae_model\stage3_ppo_final_expansion_224_to_320_batch224_v01\final_expansion_batch07\N40\PPOFINAL_N40_B197_efficiency\scan_order_PPOFINAL_N40_B197_efficiency.json,E:\Projects\RL-LAM-ScanOpt\cae_model\stage3_ppo_final_expansion_224_to_320_batch224_v01\final_expansion_batch07\N40\PPOFINAL_N40_B197_efficiency\J2D_PPOFINAL_N40_B197_efficiency.cae,E:\Projects\RL-LAM-ScanOpt\cae_model\stage3_ppo_final_expansion_224_to_320_batch224_v01\final_expansion_batch07\N40\PPOFINAL_N40_B197_efficiency\J2D_PPOFINAL_N40_B197_efficiency.inp,E:\Projects\RL-LAM-ScanOpt\cae_model\stage3_ppo_final_expansion_224_to_320_batch224_v01\final_expansion_batch07\N40\PPOFINAL_N40_B197_efficiency\J2D_PPOFINAL_N40_B197_efficiency.jnl,GENERATED,PENDING,False,NOT_SUBMITTED,Stage U PPO final expansion CAE/INP generation only; no teacher metrics yet.
stageU_final_expansion_CAE_INP_handoff,stage3_ppo_final_expansion_224_to_320_batch224_v01,final_expansion_batch07,40,PPOFINAL_N40_B198_efficiency,J2D_PPOFINAL_N40_B198_efficiency,E:\Projects\RL-LAM-ScanOpt\cae_model\stage3_ppo_final_expansion_224_to_320_batch224_v01\final_expansion_batch07\N40\PPOFINAL_N40_B198_efficiency,E:\Projects\RL-LAM-ScanOpt\cae_model\stage3_ppo_final_expansion_224_to_320_batch224_v01\final_expansion_batch07\N40\PPOFINAL_N40_B198_efficiency\scan_order_PPOFINAL_N40_B198_efficiency.json,E:\Projects\RL-LAM-ScanOpt\cae_model\stage3_ppo_final_expansion_224_to_320_batch224_v01\final_expansion_batch07\N40\PPOFINAL_N40_B198_efficiency\J2D_PPOFINAL_N40_B198_efficiency.cae,E:\Projects\RL-LAM-ScanOpt\cae_model\stage3_ppo_final_expansion_224_to_320_batch224_v01\final_expansion_batch07\N40\PPOFINAL_N40_B198_efficiency\J2D_PPOFINAL_N40_B198_efficiency.inp,E:\Projects\RL-LAM-ScanOpt\cae_model\stage3_ppo_final_expansion_224_to_320_batch224_v01\final_expansion_batch07\N40\PPOFINAL_N40_B198_efficiency\J2D_PPOFINAL_N40_B198_efficiency.jnl,GENERATED,PENDING,False,NOT_SUBMITTED,Stage U PPO final expansion CAE/INP generation only; no teacher metrics yet.
stageU_final_expansion_CAE_INP_handoff,stage3_ppo_final_expansion_224_to_320_batch224_v01,final_expansion_batch07,40,PPOFINAL_N40_B199_efficiency,J2D_PPOFINAL_N40_B199_efficiency,E:\Projects\RL-LAM-ScanOpt\cae_model\stage3_ppo_final_expansion_224_to_320_batch224_v01\final_expansion_batch07\N40\PPOFINAL_N40_B199_efficiency,E:\Projects\RL-LAM-ScanOpt\cae_model\stage3_ppo_final_expansion_224_to_320_batch224_v01\final_expansion_batch07\N40\PPOFINAL_N40_B199_efficiency\scan_order_PPOFINAL_N40_B199_efficiency.json,E:\Projects\RL-LAM-ScanOpt\cae_model\stage3_ppo_final_expansion_224_to_320_batch224_v01\final_expansion_batch07\N40\PPOFINAL_N40_B199_efficiency\J2D_PPOFINAL_N40_B199_efficiency.cae,E:\Projects\RL-LAM-ScanOpt\cae_model\stage3_ppo_final_expansion_224_to_320_batch224_v01\final_expansion_batch07\N40\PPOFINAL_N40_B199_efficiency\J2D_PPOFINAL_N40_B199_efficiency.inp,E:\Projects\RL-LAM-ScanOpt\cae_model\stage3_ppo_final_expansion_224_to_320_batch224_v01\final_expansion_batch07\N40\PPOFINAL_N40_B199_efficiency\J2D_PPOFINAL_N40_B199_efficiency.jnl,GENERATED,PENDING,False,NOT_SUBMITTED,Stage U PPO final expansion CAE/INP generation only; no teacher metrics yet.
stageU_final_expansion_CAE_INP_handoff,stage3_ppo_final_expansion_224_to_320_batch224_v01,final_expansion_batch07,40,PPOFINAL_N40_B200_efficiency,J2D_PPOFINAL_N40_B200_efficiency,E:\Projects\RL-LAM-ScanOpt\cae_model\stage3_ppo_final_expansion_224_to_320_batch224_v01\final_expansion_batch07\N40\PPOFINAL_N40_B200_efficiency,E:\Projects\RL-LAM-ScanOpt\cae_model\stage3_ppo_final_expansion_224_to_320_batch224_v01\final_expansion_batch07\N40\PPOFINAL_N40_B200_efficiency\scan_order_PPOFINAL_N40_B200_efficiency.json,E:\Projects\RL-LAM-ScanOpt\cae_model\stage3_ppo_final_expansion_224_to_320_batch224_v01\final_expansion_batch07\N40\PPOFINAL_N40_B200_efficiency\J2D_PPOFINAL_N40_B200_efficiency.cae,E:\Projects\RL-LAM-ScanOpt\cae_model\stage3_ppo_final_expansion_224_to_320_batch224_v01\final_expansion_batch07\N40\PPOFINAL_N40_B200_efficiency\J2D_PPOFINAL_N40_B200_efficiency.inp,E:\Projects\RL-LAM-ScanOpt\cae_model\stage3_ppo_final_expansion_224_to_320_batch224_v01\final_expansion_batch07\N40\PPOFINAL_N40_B200_efficiency\J2D_PPOFINAL_N40_B200_efficiency.jnl,GENERATED,PENDING,False,NOT_SUBMITTED,Stage U PPO final expansion CAE/INP generation only; no teacher metrics yet.
stageU_final_expansion_CAE_INP_handoff,stage3_ppo_final_expansion_224_to_320_batch224_v01,final_expansion_batch07,40,PPOFINAL_N40_B201_efficiency,J2D_PPOFINAL_N40_B201_efficiency,E:\Projects\RL-LAM-ScanOpt\cae_model\stage3_ppo_final_expansion_224_to_320_batch224_v01\final_expansion_batch07\N40\PPOFINAL_N40_B201_efficiency,E:\Projects\RL-LAM-ScanOpt\cae_model\stage3_ppo_final_expansion_224_to_320_batch224_v01\final_expansion_batch07\N40\PPOFINAL_N40_B201_efficiency\scan_order_PPOFINAL_N40_B201_efficiency.json,E:\Projects\RL-LAM-ScanOpt\cae_model\stage3_ppo_final_expansion_224_to_320_batch224_v01\final_expansion_batch07\N40\PPOFINAL_N40_B201_efficiency\J2D_PPOFINAL_N40_B201_efficiency.cae,E:\Projects\RL-LAM-ScanOpt\cae_model\stage3_ppo_final_expansion_224_to_320_batch224_v01\final_expansion_batch07\N40\PPOFINAL_N40_B201_efficiency\J2D_PPOFINAL_N40_B201_efficiency.inp,E:\Projects\RL-LAM-ScanOpt\cae_model\stage3_ppo_final_expansion_224_to_320_batch224_v01\final_expansion_batch07\N40\PPOFINAL_N40_B201_efficiency\J2D_PPOFINAL_N40_B201_efficiency.jnl,GENERATED,PENDING,False,NOT_SUBMITTED,Stage U PPO final expansion CAE/INP generation only; no teacher metrics yet.
stageU_final_expansion_CAE_INP_handoff,stage3_ppo_final_expansion_224_to_320_batch224_v01,final_expansion_batch07,40,PPOFINAL_N40_B202_efficiency,J2D_PPOFINAL_N40_B202_efficiency,E:\Projects\RL-LAM-ScanOpt\cae_model\stage3_ppo_final_expansion_224_to_320_batch224_v01\final_expansion_batch07\N40\PPOFINAL_N40_B202_efficiency,E:\Projects\RL-LAM-ScanOpt\cae_model\stage3_ppo_final_expansion_224_to_320_batch224_v01\final_expansion_batch07\N40\PPOFINAL_N40_B202_efficiency\scan_order_PPOFINAL_N40_B202_efficiency.json,E:\Projects\RL-LAM-ScanOpt\cae_model\stage3_ppo_final_expansion_224_to_320_batch224_v01\final_expansion_batch07\N40\PPOFINAL_N40_B202_efficiency\J2D_PPOFINAL_N40_B202_efficiency.cae,E:\Projects\RL-LAM-ScanOpt\cae_model\stage3_ppo_final_expansion_224_to_320_batch224_v01\final_expansion_batch07\N40\PPOFINAL_N40_B202_efficiency\J2D_PPOFINAL_N40_B202_efficiency.inp,E:\Projects\RL-LAM-ScanOpt\cae_model\stage3_ppo_final_expansion_224_to_320_batch224_v01\final_expansion_batch07\N40\PPOFINAL_N40_B202_efficiency\J2D_PPOFINAL_N40_B202_efficiency.jnl,GENERATED,PENDING,False,NOT_SUBMITTED,Stage U PPO final expansion CAE/INP generation only; no teacher metrics yet.
stageU_final_expansion_CAE_INP_handoff,stage3_ppo_final_expansion_224_to_320_batch224_v01,final_expansion_batch07,40,PPOFINAL_N40_B203_efficiency,J2D_PPOFINAL_N40_B203_efficiency,E:\Projects\RL-LAM-ScanOpt\cae_model\stage3_ppo_final_expansion_224_to_320_batch224_v01\final_expansion_batch07\N40\PPOFINAL_N40_B203_efficiency,E:\Projects\RL-LAM-ScanOpt\cae_model\stage3_ppo_final_expansion_224_to_320_batch224_v01\final_expansion_batch07\N40\PPOFINAL_N40_B203_efficiency\scan_order_PPOFINAL_N40_B203_efficiency.json,E:\Projects\RL-LAM-ScanOpt\cae_model\stage3_ppo_final_expansion_224_to_320_batch224_v01\final_expansion_batch07\N40\PPOFINAL_N40_B203_efficiency\J2D_PPOFINAL_N40_B203_efficiency.cae,E:\Projects\RL-LAM-ScanOpt\cae_model\stage3_ppo_final_expansion_224_to_320_batch224_v01\final_expansion_batch07\N40\PPOFINAL_N40_B203_efficiency\J2D_PPOFINAL_N40_B203_efficiency.inp,E:\Projects\RL-LAM-ScanOpt\cae_model\stage3_ppo_final_expansion_224_to_320_batch224_v01\final_expansion_batch07\N40\PPOFINAL_N40_B203_efficiency\J2D_PPOFINAL_N40_B203_efficiency.jnl,GENERATED,PENDING,False,NOT_SUBMITTED,Stage U PPO final expansion CAE/INP generation only; no teacher metrics yet.
stageU_final_expansion_CAE_INP_handoff,stage3_ppo_final_expansion_224_to_320_batch224_v01,final_expansion_batch07,40,PPOFINAL_N40_B204_efficiency,J2D_PPOFINAL_N40_B204_efficiency,E:\Projects\RL-LAM-ScanOpt\cae_model\stage3_ppo_final_expansion_224_to_320_batch224_v01\final_expansion_batch07\N40\PPOFINAL_N40_B204_efficiency,E:\Projects\RL-LAM-ScanOpt\cae_model\stage3_ppo_final_expansion_224_to_320_batch224_v01\final_expansion_batch07\N40\PPOFINAL_N40_B204_efficiency\scan_order_PPOFINAL_N40_B204_efficiency.json,E:\Projects\RL-LAM-ScanOpt\cae_model\stage3_ppo_final_expansion_224_to_320_batch224_v01\final_expansion_batch07\N40\PPOFINAL_N40_B204_efficiency\J2D_PPOFINAL_N40_B204_efficiency.cae,E:\Projects\RL-LAM-ScanOpt\cae_model\stage3_ppo_final_expansion_224_to_320_batch224_v01\final_expansion_batch07\N40\PPOFINAL_N40_B204_efficiency\J2D_PPOFINAL_N40_B204_efficiency.inp,E:\Projects\RL-LAM-ScanOpt\cae_model\stage3_ppo_final_expansion_224_to_320_batch224_v01\final_expansion_batch07\N40\PPOFINAL_N40_B204_efficiency\J2D_PPOFINAL_N40_B204_efficiency.jnl,GENERATED,PENDING,False,NOT_SUBMITTED,Stage U PPO final expansion CAE/INP generation only; no teacher metrics yet.
stageU_final_expansion_CAE_INP_handoff,stage3_ppo_final_expansion_224_to_320_batch224_v01,final_expansion_batch07,40,PPOFINAL_N40_B205_efficiency,J2D_PPOFINAL_N40_B205_efficiency,E:\Projects\RL-LAM-ScanOpt\cae_model\stage3_ppo_final_expansion_224_to_320_batch224_v01\final_expansion_batch07\N40\PPOFINAL_N40_B205_efficiency,E:\Projects\RL-LAM-ScanOpt\cae_model\stage3_ppo_final_expansion_224_to_320_batch224_v01\final_expansion_batch07\N40\PPOFINAL_N40_B205_efficiency\scan_order_PPOFINAL_N40_B205_efficiency.json,E:\Projects\RL-LAM-ScanOpt\cae_model\stage3_ppo_final_expansion_224_to_320_batch224_v01\final_expansion_batch07\N40\PPOFINAL_N40_B205_efficiency\J2D_PPOFINAL_N40_B205_efficiency.cae,E:\Projects\RL-LAM-ScanOpt\cae_model\stage3_ppo_final_expansion_224_to_320_batch224_v01\final_expansion_batch07\N40\PPOFINAL_N40_B205_efficiency\J2D_PPOFINAL_N40_B205_efficiency.inp,E:\Projects\RL-LAM-ScanOpt\cae_model\stage3_ppo_final_expansion_224_to_320_batch224_v01\final_expansion_batch07\N40\PPOFINAL_N40_B205_efficiency\J2D_PPOFINAL_N40_B205_efficiency.jnl,GENERATED,PENDING,False,NOT_SUBMITTED,Stage U PPO final expansion CAE/INP generation only; no teacher metrics yet.
stageU_final_expansion_CAE_INP_handoff,stage3_ppo_final_expansion_224_to_320_batch224_v01,final_expansion_batch07,40,PPOFINAL_N40_B206_efficiency,J2D_PPOFINAL_N40_B206_efficiency,E:\Projects\RL-LAM-ScanOpt\cae_model\stage3_ppo_final_expansion_224_to_320_batch224_v01\final_expansion_batch07\N40\PPOFINAL_N40_B206_efficiency,E:\Projects\RL-LAM-ScanOpt\cae_model\stage3_ppo_final_expansion_224_to_320_batch224_v01\final_expansion_batch07\N40\PPOFINAL_N40_B206_efficiency\scan_order_PPOFINAL_N40_B206_efficiency.json,E:\Projects\RL-LAM-ScanOpt\cae_model\stage3_ppo_final_expansion_224_to_320_batch224_v01\final_expansion_batch07\N40\PPOFINAL_N40_B206_efficiency\J2D_PPOFINAL_N40_B206_efficiency.cae,E:\Projects\RL-LAM-ScanOpt\cae_model\stage3_ppo_final_expansion_224_to_320_batch224_v01\final_expansion_batch07\N40\PPOFINAL_N40_B206_efficiency\J2D_PPOFINAL_N40_B206_efficiency.inp,E:\Projects\RL-LAM-ScanOpt\cae_model\stage3_ppo_final_expansion_224_to_320_batch224_v01\final_expansion_batch07\N40\PPOFINAL_N40_B206_efficiency\J2D_PPOFINAL_N40_B206_efficiency.jnl,GENERATED,PENDING,False,NOT_SUBMITTED,Stage U PPO final expansion CAE/INP generation only; no teacher metrics yet.
stageU_final_expansion_CAE_INP_handoff,stage3_ppo_final_expansion_224_to_320_batch224_v01,final_expansion_batch07,40,PPOFINAL_N40_B207_efficiency,J2D_PPOFINAL_N40_B207_efficiency,E:\Projects\RL-LAM-ScanOpt\cae_model\stage3_ppo_final_expansion_224_to_320_batch224_v01\final_expansion_batch07\N40\PPOFINAL_N40_B207_efficiency,E:\Projects\RL-LAM-ScanOpt\cae_model\stage3_ppo_final_expansion_224_to_320_batch224_v01\final_expansion_batch07\N40\PPOFINAL_N40_B207_efficiency\scan_order_PPOFINAL_N40_B207_efficiency.json,E:\Projects\RL-LAM-ScanOpt\cae_model\stage3_ppo_final_expansion_224_to_320_batch224_v01\final_expansion_batch07\N40\PPOFINAL_N40_B207_efficiency\J2D_PPOFINAL_N40_B207_efficiency.cae,E:\Projects\RL-LAM-ScanOpt\cae_model\stage3_ppo_final_expansion_224_to_320_batch224_v01\final_expansion_batch07\N40\PPOFINAL_N40_B207_efficiency\J2D_PPOFINAL_N40_B207_efficiency.inp,E:\Projects\RL-LAM-ScanOpt\cae_model\stage3_ppo_final_expansion_224_to_320_batch224_v01\final_expansion_batch07\N40\PPOFINAL_N40_B207_efficiency\J2D_PPOFINAL_N40_B207_efficiency.jnl,GENERATED,PENDING,False,NOT_SUBMITTED,Stage U PPO final expansion CAE/INP generation only; no teacher metrics yet.
stageU_final_expansion_CAE_INP_handoff,stage3_ppo_final_expansion_224_to_320_batch224_v01,final_expansion_batch07,40,PPOFINAL_N40_B208_efficiency,J2D_PPOFINAL_N40_B208_efficiency,E:\Projects\RL-LAM-ScanOpt\cae_model\stage3_ppo_final_expansion_224_to_320_batch224_v01\final_expansion_batch07\N40\PPOFINAL_N40_B208_efficiency,E:\Projects\RL-LAM-ScanOpt\cae_model\stage3_ppo_final_expansion_224_to_320_batch224_v01\final_expansion_batch07\N40\PPOFINAL_N40_B208_efficiency\scan_order_PPOFINAL_N40_B208_efficiency.json,E:\Projects\RL-LAM-ScanOpt\cae_model\stage3_ppo_final_expansion_224_to_320_batch224_v01\final_expansion_batch07\N40\PPOFINAL_N40_B208_efficiency\J2D_PPOFINAL_N40_B208_efficiency.cae,E:\Projects\RL-LAM-ScanOpt\cae_model\stage3_ppo_final_expansion_224_to_320_batch224_v01\final_expansion_batch07\N40\PPOFINAL_N40_B208_efficiency\J2D_PPOFINAL_N40_B208_efficiency.inp,E:\Projects\RL-LAM-ScanOpt\cae_model\stage3_ppo_final_expansion_224_to_320_batch224_v01\final_expansion_batch07\N40\PPOFINAL_N40_B208_efficiency\J2D_PPOFINAL_N40_B208_efficiency.jnl,GENERATED,PENDING,False,NOT_SUBMITTED,Stage U PPO final expansion CAE/INP generation only; no teacher metrics yet.
stageU_final_expansion_CAE_INP_handoff,stage3_ppo_final_expansion_224_to_320_batch224_v01,final_expansion_batch07,40,PPOFINAL_N40_B209_novelty,J2D_PPOFINAL_N40_B209_novelty,E:\Projects\RL-LAM-ScanOpt\cae_model\stage3_ppo_final_expansion_224_to_320_batch224_v01\final_expansion_batch07\N40\PPOFINAL_N40_B209_novelty,E:\Projects\RL-LAM-ScanOpt\cae_model\stage3_ppo_final_expansion_224_to_320_batch224_v01\final_expansion_batch07\N40\PPOFINAL_N40_B209_novelty\scan_order_PPOFINAL_N40_B209_novelty.json,E:\Projects\RL-LAM-ScanOpt\cae_model\stage3_ppo_final_expansion_224_to_320_batch224_v01\final_expansion_batch07\N40\PPOFINAL_N40_B209_novelty\J2D_PPOFINAL_N40_B209_novelty.cae,E:\Projects\RL-LAM-ScanOpt\cae_model\stage3_ppo_final_expansion_224_to_320_batch224_v01\final_expansion_batch07\N40\PPOFINAL_N40_B209_novelty\J2D_PPOFINAL_N40_B209_novelty.inp,E:\Projects\RL-LAM-ScanOpt\cae_model\stage3_ppo_final_expansion_224_to_320_batch224_v01\final_expansion_batch07\N40\PPOFINAL_N40_B209_novelty\J2D_PPOFINAL_N40_B209_novelty.jnl,GENERATED,PENDING,False,NOT_SUBMITTED,Stage U PPO final expansion CAE/INP generation only; no teacher metrics yet.
stageU_final_expansion_CAE_INP_handoff,stage3_ppo_final_expansion_224_to_320_batch224_v01,final_expansion_batch07,40,PPOFINAL_N40_B210_novelty,J2D_PPOFINAL_N40_B210_novelty,E:\Projects\RL-LAM-ScanOpt\cae_model\stage3_ppo_final_expansion_224_to_320_batch224_v01\final_expansion_batch07\N40\PPOFINAL_N40_B210_novelty,E:\Projects\RL-LAM-ScanOpt\cae_model\stage3_ppo_final_expansion_224_to_320_batch224_v01\final_expansion_batch07\N40\PPOFINAL_N40_B210_novelty\scan_order_PPOFINAL_N40_B210_novelty.json,E:\Projects\RL-LAM-ScanOpt\cae_model\stage3_ppo_final_expansion_224_to_320_batch224_v01\final_expansion_batch07\N40\PPOFINAL_N40_B210_novelty\J2D_PPOFINAL_N40_B210_novelty.cae,E:\Projects\RL-LAM-ScanOpt\cae_model\stage3_ppo_final_expansion_224_to_320_batch224_v01\final_expansion_batch07\N40\PPOFINAL_N40_B210_novelty\J2D_PPOFINAL_N40_B210_novelty.inp,E:\Projects\RL-LAM-ScanOpt\cae_model\stage3_ppo_final_expansion_224_to_320_batch224_v01\final_expansion_batch07\N40\PPOFINAL_N40_B210_novelty\J2D_PPOFINAL_N40_B210_novelty.jnl,GENERATED,PENDING,False,NOT_SUBMITTED,Stage U PPO final expansion CAE/INP generation only; no teacher metrics yet.
stageU_final_expansion_CAE_INP_handoff,stage3_ppo_final_expansion_224_to_320_batch224_v01,final_expansion_batch07,40,PPOFINAL_N40_B211_novelty,J2D_PPOFINAL_N40_B211_novelty,E:\Projects\RL-LAM-ScanOpt\cae_model\stage3_ppo_final_expansion_224_to_320_batch224_v01\final_expansion_batch07\N40\PPOFINAL_N40_B211_novelty,E:\Projects\RL-LAM-ScanOpt\cae_model\stage3_ppo_final_expansion_224_to_320_batch224_v01\final_expansion_batch07\N40\PPOFINAL_N40_B211_novelty\scan_order_PPOFINAL_N40_B211_novelty.json,E:\Projects\RL-LAM-ScanOpt\cae_model\stage3_ppo_final_expansion_224_to_320_batch224_v01\final_expansion_batch07\N40\PPOFINAL_N40_B211_novelty\J2D_PPOFINAL_N40_B211_novelty.cae,E:\Projects\RL-LAM-ScanOpt\cae_model\stage3_ppo_final_expansion_224_to_320_batch224_v01\final_expansion_batch07\N40\PPOFINAL_N40_B211_novelty\J2D_PPOFINAL_N40_B211_novelty.inp,E:\Projects\RL-LAM-ScanOpt\cae_model\stage3_ppo_final_expansion_224_to_320_batch224_v01\final_expansion_batch07\N40\PPOFINAL_N40_B211_novelty\J2D_PPOFINAL_N40_B211_novelty.jnl,GENERATED,PENDING,False,NOT_SUBMITTED,Stage U PPO final expansion CAE/INP generation only; no teacher metrics yet.
stageU_final_expansion_CAE_INP_handoff,stage3_ppo_final_expansion_224_to_320_batch224_v01,final_expansion_batch07,40,PPOFINAL_N40_B212_novelty,J2D_PPOFINAL_N40_B212_novelty,E:\Projects\RL-LAM-ScanOpt\cae_model\stage3_ppo_final_expansion_224_to_320_batch224_v01\final_expansion_batch07\N40\PPOFINAL_N40_B212_novelty,E:\Projects\RL-LAM-ScanOpt\cae_model\stage3_ppo_final_expansion_224_to_320_batch224_v01\final_expansion_batch07\N40\PPOFINAL_N40_B212_novelty\scan_order_PPOFINAL_N40_B212_novelty.json,E:\Projects\RL-LAM-ScanOpt\cae_model\stage3_ppo_final_expansion_224_to_320_batch224_v01\final_expansion_batch07\N40\PPOFINAL_N40_B212_novelty\J2D_PPOFINAL_N40_B212_novelty.cae,E:\Projects\RL-LAM-ScanOpt\cae_model\stage3_ppo_final_expansion_224_to_320_batch224_v01\final_expansion_batch07\N40\PPOFINAL_N40_B212_novelty\J2D_PPOFINAL_N40_B212_novelty.inp,E:\Projects\RL-LAM-ScanOpt\cae_model\stage3_ppo_final_expansion_224_to_320_batch224_v01\final_expansion_batch07\N40\PPOFINAL_N40_B212_novelty\J2D_PPOFINAL_N40_B212_novelty.jnl,GENERATED,PENDING,False,NOT_SUBMITTED,Stage U PPO final expansion CAE/INP generation only; no teacher metrics yet.
stageU_final_expansion_CAE_INP_handoff,stage3_ppo_final_expansion_224_to_320_batch224_v01,final_expansion_batch07,40,PPOFINAL_N40_B213_novelty,J2D_PPOFINAL_N40_B213_novelty,E:\Projects\RL-LAM-ScanOpt\cae_model\stage3_ppo_final_expansion_224_to_320_batch224_v01\final_expansion_batch07\N40\PPOFINAL_N40_B213_novelty,E:\Projects\RL-LAM-ScanOpt\cae_model\stage3_ppo_final_expansion_224_to_320_batch224_v01\final_expansion_batch07\N40\PPOFINAL_N40_B213_novelty\scan_order_PPOFINAL_N40_B213_novelty.json,E:\Projects\RL-LAM-ScanOpt\cae_model\stage3_ppo_final_expansion_224_to_320_batch224_v01\final_expansion_batch07\N40\PPOFINAL_N40_B213_novelty\J2D_PPOFINAL_N40_B213_novelty.cae,E:\Projects\RL-LAM-ScanOpt\cae_model\stage3_ppo_final_expansion_224_to_320_batch224_v01\final_expansion_batch07\N40\PPOFINAL_N40_B213_novelty\J2D_PPOFINAL_N40_B213_novelty.inp,E:\Projects\RL-LAM-ScanOpt\cae_model\stage3_ppo_final_expansion_224_to_320_batch224_v01\final_expansion_batch07\N40\PPOFINAL_N40_B213_novelty\J2D_PPOFINAL_N40_B213_novelty.jnl,GENERATED,PENDING,False,NOT_SUBMITTED,Stage U PPO final expansion CAE/INP generation only; no teacher metrics yet.
stageU_final_expansion_CAE_INP_handoff,stage3_ppo_final_expansion_224_to_320_batch224_v01,final_expansion_batch07,40,PPOFINAL_N40_B214_novelty,J2D_PPOFINAL_N40_B214_novelty,E:\Projects\RL-LAM-ScanOpt\cae_model\stage3_ppo_final_expansion_224_to_320_batch224_v01\final_expansion_batch07\N40\PPOFINAL_N40_B214_novelty,E:\Projects\RL-LAM-ScanOpt\cae_model\stage3_ppo_final_expansion_224_to_320_batch224_v01\final_expansion_batch07\N40\PPOFINAL_N40_B214_novelty\scan_order_PPOFINAL_N40_B214_novelty.json,E:\Projects\RL-LAM-ScanOpt\cae_model\stage3_ppo_final_expansion_224_to_320_batch224_v01\final_expansion_batch07\N40\PPOFINAL_N40_B214_novelty\J2D_PPOFINAL_N40_B214_novelty.cae,E:\Projects\RL-LAM-ScanOpt\cae_model\stage3_ppo_final_expansion_224_to_320_batch224_v01\final_expansion_batch07\N40\PPOFINAL_N40_B214_novelty\J2D_PPOFINAL_N40_B214_novelty.inp,E:\Projects\RL-LAM-ScanOpt\cae_model\stage3_ppo_final_expansion_224_to_320_batch224_v01\final_expansion_batch07\N40\PPOFINAL_N40_B214_novelty\J2D_PPOFINAL_N40_B214_novelty.jnl,GENERATED,PENDING,False,NOT_SUBMITTED,Stage U PPO final expansion CAE/INP generation only; no teacher metrics yet.
stageU_final_expansion_CAE_INP_handoff,stage3_ppo_final_expansion_224_to_320_batch224_v01,final_expansion_batch07,40,PPOFINAL_N40_B215_novelty,J2D_PPOFINAL_N40_B215_novelty,E:\Projects\RL-LAM-ScanOpt\cae_model\stage3_ppo_final_expansion_224_to_320_batch224_v01\final_expansion_batch07\N40\PPOFINAL_N40_B215_novelty,E:\Projects\RL-LAM-ScanOpt\cae_model\stage3_ppo_final_expansion_224_to_320_batch224_v01\final_expansion_batch07\N40\PPOFINAL_N40_B215_novelty\scan_order_PPOFINAL_N40_B215_novelty.json,E:\Projects\RL-LAM-ScanOpt\cae_model\stage3_ppo_final_expansion_224_to_320_batch224_v01\final_expansion_batch07\N40\PPOFINAL_N40_B215_novelty\J2D_PPOFINAL_N40_B215_novelty.cae,E:\Projects\RL-LAM-ScanOpt\cae_model\stage3_ppo_final_expansion_224_to_320_batch224_v01\final_expansion_batch07\N40\PPOFINAL_N40_B215_novelty\J2D_PPOFINAL_N40_B215_novelty.inp,E:\Projects\RL-LAM-ScanOpt\cae_model\stage3_ppo_final_expansion_224_to_320_batch224_v01\final_expansion_batch07\N40\PPOFINAL_N40_B215_novelty\J2D_PPOFINAL_N40_B215_novelty.jnl,GENERATED,PENDING,False,NOT_SUBMITTED,Stage U PPO final expansion CAE/INP generation only; no teacher metrics yet.
stageU_final_expansion_CAE_INP_handoff,stage3_ppo_final_expansion_224_to_320_batch224_v01,final_expansion_batch07,40,PPOFINAL_N40_B216_novelty,J2D_PPOFINAL_N40_B216_novelty,E:\Projects\RL-LAM-ScanOpt\cae_model\stage3_ppo_final_expansion_224_to_320_batch224_v01\final_expansion_batch07\N40\PPOFINAL_N40_B216_novelty,E:\Projects\RL-LAM-ScanOpt\cae_model\stage3_ppo_final_expansion_224_to_320_batch224_v01\final_expansion_batch07\N40\PPOFINAL_N40_B216_novelty\scan_order_PPOFINAL_N40_B216_novelty.json,E:\Projects\RL-LAM-ScanOpt\cae_model\stage3_ppo_final_expansion_224_to_320_batch224_v01\final_expansion_batch07\N40\PPOFINAL_N40_B216_novelty\J2D_PPOFINAL_N40_B216_novelty.cae,E:\Projects\RL-LAM-ScanOpt\cae_model\stage3_ppo_final_expansion_224_to_320_batch224_v01\final_expansion_batch07\N40\PPOFINAL_N40_B216_novelty\J2D_PPOFINAL_N40_B216_novelty.inp,E:\Projects\RL-LAM-ScanOpt\cae_model\stage3_ppo_final_expansion_224_to_320_batch224_v01\final_expansion_batch07\N40\PPOFINAL_N40_B216_novelty\J2D_PPOFINAL_N40_B216_novelty.jnl,GENERATED,PENDING,False,NOT_SUBMITTED,Stage U PPO final expansion CAE/INP generation only; no teacher metrics yet.
stageU_final_expansion_CAE_INP_handoff,stage3_ppo_final_expansion_224_to_320_batch224_v01,final_expansion_batch07,40,PPOFINAL_N40_B217_baseline_proximity,J2D_PPOFINAL_N40_B217_baseline_proximity,E:\Projects\RL-LAM-ScanOpt\cae_model\stage3_ppo_final_expansion_224_to_320_batch224_v01\final_expansion_batch07\N40\PPOFINAL_N40_B217_baseline_proximity,E:\Projects\RL-LAM-ScanOpt\cae_model\stage3_ppo_final_expansion_224_to_320_batch224_v01\final_expansion_batch07\N40\PPOFINAL_N40_B217_baseline_proximity\scan_order_PPOFINAL_N40_B217_baseline_proximity.json,E:\Projects\RL-LAM-ScanOpt\cae_model\stage3_ppo_final_expansion_224_to_320_batch224_v01\final_expansion_batch07\N40\PPOFINAL_N40_B217_baseline_proximity\J2D_PPOFINAL_N40_B217_baseline_proximity.cae,E:\Projects\RL-LAM-ScanOpt\cae_model\stage3_ppo_final_expansion_224_to_320_batch224_v01\final_expansion_batch07\N40\PPOFINAL_N40_B217_baseline_proximity\J2D_PPOFINAL_N40_B217_baseline_proximity.inp,E:\Projects\RL-LAM-ScanOpt\cae_model\stage3_ppo_final_expansion_224_to_320_batch224_v01\final_expansion_batch07\N40\PPOFINAL_N40_B217_baseline_proximity\J2D_PPOFINAL_N40_B217_baseline_proximity.jnl,GENERATED,PENDING,False,NOT_SUBMITTED,Stage U PPO final expansion CAE/INP generation only; no teacher metrics yet.
stageU_final_expansion_CAE_INP_handoff,stage3_ppo_final_expansion_224_to_320_batch224_v01,final_expansion_batch07,40,PPOFINAL_N40_B218_baseline_proximity,J2D_PPOFINAL_N40_B218_baseline_proximity,E:\Projects\RL-LAM-ScanOpt\cae_model\stage3_ppo_final_expansion_224_to_320_batch224_v01\final_expansion_batch07\N40\PPOFINAL_N40_B218_baseline_proximity,E:\Projects\RL-LAM-ScanOpt\cae_model\stage3_ppo_final_expansion_224_to_320_batch224_v01\final_expansion_batch07\N40\PPOFINAL_N40_B218_baseline_proximity\scan_order_PPOFINAL_N40_B218_baseline_proximity.json,E:\Projects\RL-LAM-ScanOpt\cae_model\stage3_ppo_final_expansion_224_to_320_batch224_v01\final_expansion_batch07\N40\PPOFINAL_N40_B218_baseline_proximity\J2D_PPOFINAL_N40_B218_baseline_proximity.cae,E:\Projects\RL-LAM-ScanOpt\cae_model\stage3_ppo_final_expansion_224_to_320_batch224_v01\final_expansion_batch07\N40\PPOFINAL_N40_B218_baseline_proximity\J2D_PPOFINAL_N40_B218_baseline_proximity.inp,E:\Projects\RL-LAM-ScanOpt\cae_model\stage3_ppo_final_expansion_224_to_320_batch224_v01\final_expansion_batch07\N40\PPOFINAL_N40_B218_baseline_proximity\J2D_PPOFINAL_N40_B218_baseline_proximity.jnl,GENERATED,PENDING,False,NOT_SUBMITTED,Stage U PPO final expansion CAE/INP generation only; no teacher metrics yet.
stageU_final_expansion_CAE_INP_handoff,stage3_ppo_final_expansion_224_to_320_batch224_v01,final_expansion_batch07,40,PPOFINAL_N40_B219_baseline_proximity,J2D_PPOFINAL_N40_B219_baseline_proximity,E:\Projects\RL-LAM-ScanOpt\cae_model\stage3_ppo_final_expansion_224_to_320_batch224_v01\final_expansion_batch07\N40\PPOFINAL_N40_B219_baseline_proximity,E:\Projects\RL-LAM-ScanOpt\cae_model\stage3_ppo_final_expansion_224_to_320_batch224_v01\final_expansion_batch07\N40\PPOFINAL_N40_B219_baseline_proximity\scan_order_PPOFINAL_N40_B219_baseline_proximity.json,E:\Projects\RL-LAM-ScanOpt\cae_model\stage3_ppo_final_expansion_224_to_320_batch224_v01\final_expansion_batch07\N40\PPOFINAL_N40_B219_baseline_proximity\J2D_PPOFINAL_N40_B219_baseline_proximity.cae,E:\Projects\RL-LAM-ScanOpt\cae_model\stage3_ppo_final_expansion_224_to_320_batch224_v01\final_expansion_batch07\N40\PPOFINAL_N40_B219_baseline_proximity\J2D_PPOFINAL_N40_B219_baseline_proximity.inp,E:\Projects\RL-LAM-ScanOpt\cae_model\stage3_ppo_final_expansion_224_to_320_batch224_v01\final_expansion_batch07\N40\PPOFINAL_N40_B219_baseline_proximity\J2D_PPOFINAL_N40_B219_baseline_proximity.jnl,GENERATED,PENDING,False,NOT_SUBMITTED,Stage U PPO final expansion CAE/INP generation only; no teacher metrics yet.
stageU_final_expansion_CAE_INP_handoff,stage3_ppo_final_expansion_224_to_320_batch224_v01,final_expansion_batch07,40,PPOFINAL_N40_B220_baseline_proximity,J2D_PPOFINAL_N40_B220_baseline_proximity,E:\Projects\RL-LAM-ScanOpt\cae_model\stage3_ppo_final_expansion_224_to_320_batch224_v01\final_expansion_batch07\N40\PPOFINAL_N40_B220_baseline_proximity,E:\Projects\RL-LAM-ScanOpt\cae_model\stage3_ppo_final_expansion_224_to_320_batch224_v01\final_expansion_batch07\N40\PPOFINAL_N40_B220_baseline_proximity\scan_order_PPOFINAL_N40_B220_baseline_proximity.json,E:\Projects\RL-LAM-ScanOpt\cae_model\stage3_ppo_final_expansion_224_to_320_batch224_v01\final_expansion_batch07\N40\PPOFINAL_N40_B220_baseline_proximity\J2D_PPOFINAL_N40_B220_baseline_proximity.cae,E:\Projects\RL-LAM-ScanOpt\cae_model\stage3_ppo_final_expansion_224_to_320_batch224_v01\final_expansion_batch07\N40\PPOFINAL_N40_B220_baseline_proximity\J2D_PPOFINAL_N40_B220_baseline_proximity.inp,E:\Projects\RL-LAM-ScanOpt\cae_model\stage3_ppo_final_expansion_224_to_320_batch224_v01\final_expansion_batch07\N40\PPOFINAL_N40_B220_baseline_proximity\J2D_PPOFINAL_N40_B220_baseline_proximity.jnl,GENERATED,PENDING,False,NOT_SUBMITTED,Stage U PPO final expansion CAE/INP generation only; no teacher metrics yet.
stageU_final_expansion_CAE_INP_handoff,stage3_ppo_final_expansion_224_to_320_batch224_v01,final_expansion_batch07,40,PPOFINAL_N40_B221_baseline_proximity,J2D_PPOFINAL_N40_B221_baseline_proximity,E:\Projects\RL-LAM-ScanOpt\cae_model\stage3_ppo_final_expansion_224_to_320_batch224_v01\final_expansion_batch07\N40\PPOFINAL_N40_B221_baseline_proximity,E:\Projects\RL-LAM-ScanOpt\cae_model\stage3_ppo_final_expansion_224_to_320_batch224_v01\final_expansion_batch07\N40\PPOFINAL_N40_B221_baseline_proximity\scan_order_PPOFINAL_N40_B221_baseline_proximity.json,E:\Projects\RL-LAM-ScanOpt\cae_model\stage3_ppo_final_expansion_224_to_320_batch224_v01\final_expansion_batch07\N40\PPOFINAL_N40_B221_baseline_proximity\J2D_PPOFINAL_N40_B221_baseline_proximity.cae,E:\Projects\RL-LAM-ScanOpt\cae_model\stage3_ppo_final_expansion_224_to_320_batch224_v01\final_expansion_batch07\N40\PPOFINAL_N40_B221_baseline_proximity\J2D_PPOFINAL_N40_B221_baseline_proximity.inp,E:\Projects\RL-LAM-ScanOpt\cae_model\stage3_ppo_final_expansion_224_to_320_batch224_v01\final_expansion_batch07\N40\PPOFINAL_N40_B221_baseline_proximity\J2D_PPOFINAL_N40_B221_baseline_proximity.jnl,GENERATED,PENDING,False,NOT_SUBMITTED,Stage U PPO final expansion CAE/INP generation only; no teacher metrics yet.
stageU_final_expansion_CAE_INP_handoff,stage3_ppo_final_expansion_224_to_320_batch224_v01,final_expansion_batch07,40,PPOFINAL_N40_B222_baseline_proximity,J2D_PPOFINAL_N40_B222_baseline_proximity,E:\Projects\RL-LAM-ScanOpt\cae_model\stage3_ppo_final_expansion_224_to_320_batch224_v01\final_expansion_batch07\N40\PPOFINAL_N40_B222_baseline_proximity,E:\Projects\RL-LAM-ScanOpt\cae_model\stage3_ppo_final_expansion_224_to_320_batch224_v01\final_expansion_batch07\N40\PPOFINAL_N40_B222_baseline_proximity\scan_order_PPOFINAL_N40_B222_baseline_proximity.json,E:\Projects\RL-LAM-ScanOpt\cae_model\stage3_ppo_final_expansion_224_to_320_batch224_v01\final_expansion_batch07\N40\PPOFINAL_N40_B222_baseline_proximity\J2D_PPOFINAL_N40_B222_baseline_proximity.cae,E:\Projects\RL-LAM-ScanOpt\cae_model\stage3_ppo_final_expansion_224_to_320_batch224_v01\final_expansion_batch07\N40\PPOFINAL_N40_B222_baseline_proximity\J2D_PPOFINAL_N40_B222_baseline_proximity.inp,E:\Projects\RL-LAM-ScanOpt\cae_model\stage3_ppo_final_expansion_224_to_320_batch224_v01\final_expansion_batch07\N40\PPOFINAL_N40_B222_baseline_proximity\J2D_PPOFINAL_N40_B222_baseline_proximity.jnl,GENERATED,PENDING,False,NOT_SUBMITTED,Stage U PPO final expansion CAE/INP generation only; no teacher metrics yet.
stageU_final_expansion_CAE_INP_handoff,stage3_ppo_final_expansion_224_to_320_batch224_v01,final_expansion_batch07,40,PPOFINAL_N40_B223_baseline_proximity,J2D_PPOFINAL_N40_B223_baseline_proximity,E:\Projects\RL-LAM-ScanOpt\cae_model\stage3_ppo_final_expansion_224_to_320_batch224_v01\final_expansion_batch07\N40\PPOFINAL_N40_B223_baseline_proximity,E:\Projects\RL-LAM-ScanOpt\cae_model\stage3_ppo_final_expansion_224_to_320_batch224_v01\final_expansion_batch07\N40\PPOFINAL_N40_B223_baseline_proximity\scan_order_PPOFINAL_N40_B223_baseline_proximity.json,E:\Projects\RL-LAM-ScanOpt\cae_model\stage3_ppo_final_expansion_224_to_320_batch224_v01\final_expansion_batch07\N40\PPOFINAL_N40_B223_baseline_proximity\J2D_PPOFINAL_N40_B223_baseline_proximity.cae,E:\Projects\RL-LAM-ScanOpt\cae_model\stage3_ppo_final_expansion_224_to_320_batch224_v01\final_expansion_batch07\N40\PPOFINAL_N40_B223_baseline_proximity\J2D_PPOFINAL_N40_B223_baseline_proximity.inp,E:\Projects\RL-LAM-ScanOpt\cae_model\stage3_ppo_final_expansion_224_to_320_batch224_v01\final_expansion_batch07\N40\PPOFINAL_N40_B223_baseline_proximity\J2D_PPOFINAL_N40_B223_baseline_proximity.jnl,GENERATED,PENDING,False,NOT_SUBMITTED,Stage U PPO final expansion CAE/INP generation only; no teacher metrics yet.
stageU_final_expansion_CAE_INP_handoff,stage3_ppo_final_expansion_224_to_320_batch224_v01,final_expansion_batch07,40,PPOFINAL_N40_B224_baseline_proximity,J2D_PPOFINAL_N40_B224_baseline_proximity,E:\Projects\RL-LAM-ScanOpt\cae_model\stage3_ppo_final_expansion_224_to_320_batch224_v01\final_expansion_batch07\N40\PPOFINAL_N40_B224_baseline_proximity,E:\Projects\RL-LAM-ScanOpt\cae_model\stage3_ppo_final_expansion_224_to_320_batch224_v01\final_expansion_batch07\N40\PPOFINAL_N40_B224_baseline_proximity\scan_order_PPOFINAL_N40_B224_baseline_proximity.json,E:\Projects\RL-LAM-ScanOpt\cae_model\stage3_ppo_final_expansion_224_to_320_batch224_v01\final_expansion_batch07\N40\PPOFINAL_N40_B224_baseline_proximity\J2D_PPOFINAL_N40_B224_baseline_proximity.cae,E:\Projects\RL-LAM-ScanOpt\cae_model\stage3_ppo_final_expansion_224_to_320_batch224_v01\final_expansion_batch07\N40\PPOFINAL_N40_B224_baseline_proximity\J2D_PPOFINAL_N40_B224_baseline_proximity.inp,E:\Projects\RL-LAM-ScanOpt\cae_model\stage3_ppo_final_expansion_224_to_320_batch224_v01\final_expansion_batch07\N40\PPOFINAL_N40_B224_baseline_proximity\J2D_PPOFINAL_N40_B224_baseline_proximity.jnl,GENERATED,PENDING,False,NOT_SUBMITTED,Stage U PPO final expansion CAE/INP generation only; no teacher metrics yet.
