strategy_name,final_expansion_batch,global_candidate_index,n,order_json,order_compact,order_hash,ppo_checkpoint,ppo_version_source,ppo_generation_mode,seed,selected_by_bucket,predicted_reward_available,predicted_quality_score,mean_abs_jump,max_abs_jump,long_jump_count,adjacent_fraction,total_travel_proxy,jump_variance,local_continuity_score,path_complexity_score,novelty_distance_score,min_hamming_to_combined552_sameN,min_hamming_to_conventional_baseline,nearest_conventional_baseline,candidate_source,teacher_validated,abaqus_validated,notes,stageT_pool_source,source_row_index,parity_switch_fraction,early_center_bias,early_edge_bias,duplicate_vs_combined552,duplicate_vs_ppo_v01,duplicate_vs_ppo_v02K2,duplicate_vs_ppo_v03,selected_already
PPOFINAL_N12_B001_quality,final_expansion_batch01,1,12,"[11, 1, 3, 5, 9, 7, 0, 2, 4, 6, 8, 10]","11,1,3,5,9,7,0,2,4,6,8,10",686c7b277df8777a,E:\Projects\RL-LAM-ScanOpt\outputs\stage3_ppo_rl_lam_fea_addendum_v01\ppo_training\checkpoints\maskable_ppo_lam_scan_order_final.zip,v01,stochastic,203806621,quality,True,0.85737566877453,3.363636363636364,10.0,3,0.0,37.0,6.595041322314051,-0.3057851239669422,0.3348075040411629,2.0,2,5.0,odd_even,PPO_final_expansion_checkpoint_inference,False,False,final expansion PPO candidate; not physically validated yet.,fresh_v01_checkpoint_inference_lowN_topup,331,0.0909090909090909,0.2424242424242423,0.7575757575757576,False,False,False,False,False
PPOFINAL_N12_B002_quality,final_expansion_batch01,2,12,"[11, 1, 3, 7, 9, 5, 0, 4, 2, 6, 8, 10]","11,1,3,7,9,5,0,4,2,6,8,10",cc123ba504b254bf,E:\Projects\RL-LAM-ScanOpt\outputs\stage3_ppo_rl_lam_fea_addendum_v01\ppo_training\checkpoints\maskable_ppo_lam_scan_order_final.zip,v01,stochastic,203808615,quality,True,0.716327881474389,3.727272727272727,10.0,6,0.0,41.0,5.107438016528925,-0.33884297520661155,0.352816292147622,2.0,2,6.0,odd_even,PPO_final_expansion_checkpoint_inference,False,False,Stage T repair replacement from rollout pool; original duplicate physical order removed; not physically validated yet.,fresh_v01_checkpoint_inference_lowN_topup,2325,0.09090909090909091,0.24242424242424232,0.7575757575757576,False,False,False,False,False
PPOFINAL_N12_B003_quality,final_expansion_batch01,3,12,"[11, 1, 3, 5, 7, 9, 0, 2, 4, 6, 8, 10]","11,1,3,5,7,9,0,2,4,6,8,10",27e98181a3a86fe0,E:\Projects\RL-LAM-ScanOpt\outputs\stage3_ppo_rl_lam_fea_addendum_v01\ppo_training\checkpoints\maskable_ppo_lam_scan_order_final.zip,v01,stochastic,203806853,quality,True,0.8510001818485698,3.363636363636364,10.0,2,0.0,37.0,8.41322314049587,-0.3057851239669422,0.3498338000591945,3.0,3,6.0,odd_even,PPO_final_expansion_checkpoint_inference,False,False,final expansion PPO candidate; not physically validated yet.,fresh_v01_checkpoint_inference_lowN_topup,563,0.0909090909090909,0.2424242424242423,0.7575757575757576,False,False,False,False,False
PPOFINAL_N12_B004_quality,final_expansion_batch01,4,12,"[11, 3, 1, 9, 7, 5, 0, 4, 2, 6, 8, 10]","11,3,1,9,7,5,0,4,2,6,8,10",828a8c6213d9c794,E:\Projects\RL-LAM-ScanOpt\outputs\stage3_ppo_rl_lam_fea_addendum_v01\ppo_training\checkpoints\maskable_ppo_lam_scan_order_final.zip,v01,stochastic,203807974,quality,True,0.7122092001358132,3.727272727272727,8.0,5,0.0,41.0,5.107438016528926,-0.33884297520661155,0.352816292147622,5.0,5,5.0,odd_even,PPO_final_expansion_checkpoint_inference,False,False,Stage T repair replacement from rollout pool; original duplicate physical order removed; not physically validated yet.,fresh_v01_checkpoint_inference_lowN_topup,1684,0.09090909090909091,0.24242424242424232,0.7575757575757576,False,False,False,False,False
PPOFINAL_N12_B005_quality,final_expansion_batch01,5,12,"[11, 3, 1, 5, 7, 9, 0, 2, 4, 6, 8, 10]","11,3,1,5,7,9,0,2,4,6,8,10",81db742fcb6d72ea,E:\Projects\RL-LAM-ScanOpt\outputs\stage3_ppo_rl_lam_fea_addendum_v01\ppo_training\checkpoints\maskable_ppo_lam_scan_order_final.zip,v01,stochastic,203806865,quality,True,0.8466730989428595,3.363636363636364,9.0,3,0.0,37.0,6.231404958677686,-0.3057851239669422,0.3318022448375566,4.0,4,5.0,odd_even,PPO_final_expansion_checkpoint_inference,False,False,final expansion PPO candidate; not physically validated yet.,fresh_v01_checkpoint_inference_lowN_topup,575,0.0909090909090909,0.2424242424242423,0.7575757575757576,False,False,False,False,False
PPOFINAL_N12_B006_quality,final_expansion_batch01,6,12,"[3, 11, 1, 9, 7, 5, 0, 2, 4, 6, 8, 10]","3,11,1,9,7,5,0,2,4,6,8,10",53949277fd9b496e,E:\Projects\RL-LAM-ScanOpt\outputs\stage3_ppo_rl_lam_fea_addendum_v01\ppo_training\checkpoints\maskable_ppo_lam_scan_order_final.zip,v01,stochastic,203806653,quality,True,0.7101136064897512,4.090909090909091,10.0,4,0.0,45.0,8.809917355371901,-0.371900826446281,0.41371832525100743,4.0,4,3.0,odd_even,PPO_final_expansion_checkpoint_inference,False,False,Stage T repair replacement from rollout pool; original duplicate physical order removed; not physically validated yet.,fresh_v01_checkpoint_inference_lowN_topup,363,0.09090909090909091,0.24242424242424232,0.7575757575757576,False,False,False,False,False
PPOFINAL_N12_B007_quality,final_expansion_batch01,7,12,"[1, 11, 3, 9, 7, 5, 0, 2, 4, 6, 8, 10]","1,11,3,9,7,5,0,2,4,6,8,10",0640bd5f828e220b,E:\Projects\RL-LAM-ScanOpt\outputs\stage3_ppo_rl_lam_fea_addendum_v01\ppo_training\checkpoints\maskable_ppo_lam_scan_order_final.zip,v01,stochastic,21460760,quality,True,0.7101136064897512,3.909090909090909,10.0,4,0.0,43.0,7.719008264462812,-0.35537190082644626,0.3895510324886734,3.0,3,4.0,odd_even,PPO_final_expansion_checkpoint_inference,False,False,Stage T repair replacement from rollout pool; original duplicate physical order removed; not physically validated yet.,existing_v01_rollout_pool,153,0.0909090909090909,0.7575757575757577,0.2424242424242424,False,False,False,False,False
PPOFINAL_N12_B008_quality,final_expansion_batch01,8,12,"[11, 1, 3, 9, 7, 5, 0, 2, 4, 8, 6, 10]","11,1,3,9,7,5,0,2,4,8,6,10",a98151af53853134,E:\Projects\RL-LAM-ScanOpt\outputs\stage3_ppo_rl_lam_fea_addendum_v01\ppo_training\checkpoints\maskable_ppo_lam_scan_order_final.zip,v01,stochastic,21460701,quality,True,0.679327198722953,3.727272727272727,10.0,5,0.0,41.0,5.834710743801653,-0.33884297520661155,0.3588268105548346,3.0,3,8.0,odd_even,PPO_final_expansion_checkpoint_inference,False,False,Stage T repair replacement from rollout pool; original duplicate physical order removed; not physically validated yet.,existing_v01_rollout_pool,94,0.0909090909090909,0.7575757575757577,0.2424242424242424,False,False,False,False,False
PPOFINAL_N12_B009_quality,final_expansion_batch01,9,12,"[11, 3, 1, 9, 7, 5, 0, 2, 4, 6, 10, 8]","11,3,1,9,7,5,0,2,4,6,10,8",4848e2f9defa673a,E:\Projects\RL-LAM-ScanOpt\outputs\stage3_ppo_rl_lam_fea_addendum_v01\ppo_training\checkpoints\maskable_ppo_lam_scan_order_final.zip,v01,stochastic,203806765,quality,True,0.7636411363514938,3.5454545454545454,8.0,4,0.0,39.0,5.338842975206613,-0.3223140495867768,0.339577214671129,5.0,5,7.0,odd_even,PPO_final_expansion_checkpoint_inference,False,False,final expansion PPO candidate; not physically validated yet.,fresh_v01_checkpoint_inference_lowN_topup,475,0.0909090909090909,0.2424242424242423,0.7575757575757576,False,False,False,False,False
PPOFINAL_N12_B010_quality,final_expansion_batch01,10,12,"[11, 1, 3, 9, 7, 5, 0, 2, 6, 4, 8, 10]","11,1,3,9,7,5,0,2,6,4,8,10",2552cedaec804bdc,E:\Projects\RL-LAM-ScanOpt\outputs\stage3_ppo_rl_lam_fea_addendum_v01\ppo_training\checkpoints\maskable_ppo_lam_scan_order_final.zip,v01,stochastic,21460751,quality,True,0.6784860971334526,3.727272727272727,10.0,5,0.0,41.0,5.834710743801653,-0.33884297520661155,0.3588268105548346,4.0,4,5.0,odd_even,PPO_final_expansion_checkpoint_inference,False,False,Stage T repair replacement from rollout pool; original duplicate physical order removed; not physically validated yet.,existing_v01_rollout_pool,144,0.0909090909090909,0.7575757575757577,0.2424242424242424,False,False,False,False,False
PPOFINAL_N12_B011_quality,final_expansion_batch01,11,12,"[11, 1, 3, 9, 5, 7, 0, 2, 4, 6, 8, 10]","11,1,3,9,5,7,0,2,4,6,8,10",472a17ad0a36f2df,E:\Projects\RL-LAM-ScanOpt\outputs\stage3_ppo_rl_lam_fea_addendum_v01\ppo_training\checkpoints\maskable_ppo_lam_scan_order_final.zip,v01,stochastic,21460835,quality,True,0.7531506548508535,3.727272727272727,10.0,4,0.0,41.0,6.925619834710743,-0.3388429752066115,0.3678425881656535,3.0,3,6.0,odd_even,PPO_final_expansion_checkpoint_inference,False,False,final expansion PPO candidate; not physically validated yet.,existing_v01_rollout_pool,228,0.0909090909090909,0.7575757575757577,0.2424242424242424,False,False,False,False,False
PPOFINAL_N12_B012_diversity,final_expansion_batch01,12,12,"[11, 1, 3, 7, 9, 5, 4, 0, 2, 6, 8, 10]","11,1,3,7,9,5,4,0,2,6,8,10",481320830eebac7d,E:\Projects\RL-LAM-ScanOpt\outputs\stage3_ppo_rl_lam_fea_addendum_v01\ppo_training\checkpoints\maskable_ppo_lam_scan_order_final.zip,v01,stochastic,203809983,diversity,True,0.7017385423343372,3.363636363636364,10.0,5,0.0909090909090909,37.0,5.504132231404959,-0.2148760330578512,0.325791726430344,3.0,3,7.0,odd_even,PPO_final_expansion_checkpoint_inference,False,False,final expansion PPO candidate; not physically validated yet.,fresh_v01_checkpoint_inference_lowN_topup,3693,0.0909090909090909,0.2424242424242423,0.7575757575757576,False,False,False,False,False
PPOFINAL_N12_B013_diversity,final_expansion_batch01,13,12,"[11, 3, 1, 7, 5, 9, 0, 2, 4, 8, 6, 10]","11,3,1,7,5,9,0,2,4,8,6,10",005af0c248f4d57d,E:\Projects\RL-LAM-ScanOpt\outputs\stage3_ppo_rl_lam_fea_addendum_v01\ppo_training\checkpoints\maskable_ppo_lam_scan_order_final.zip,v01,stochastic,203808591,diversity,True,0.6739092919977485,4.090909090909091,9.0,6,0.0,45.0,5.900826446280991,-0.371900826446281,0.3896762516221569,5.0,5,6.0,odd_even,PPO_final_expansion_checkpoint_inference,False,False,final expansion PPO candidate; not physically validated yet.,fresh_v01_checkpoint_inference_lowN_topup,2301,0.0909090909090909,0.2424242424242423,0.7575757575757576,False,False,False,False,False
PPOFINAL_N12_B014_diversity,final_expansion_batch01,14,12,"[1, 11, 3, 7, 9, 5, 0, 2, 4, 6, 8, 10]","1,11,3,7,9,5,0,2,4,6,8,10",9e1157dda1e792d5,E:\Projects\RL-LAM-ScanOpt\outputs\stage3_ppo_rl_lam_fea_addendum_v01\ppo_training\checkpoints\maskable_ppo_lam_scan_order_final.zip,v01,stochastic,203807342,diversity,True,0.7175525424814981,3.909090909090909,10.0,5,0.0,43.0,6.991735537190084,-0.3553719008264462,0.3835405140814607,2.0,2,3.0,odd_even,PPO_final_expansion_checkpoint_inference,False,False,final expansion PPO candidate; not physically validated yet.,fresh_v01_checkpoint_inference_lowN_topup,1052,0.0909090909090909,0.2424242424242423,0.7575757575757576,False,False,False,False,False
PPOFINAL_N12_B015_diversity,final_expansion_batch01,15,12,"[11, 1, 3, 7, 9, 4, 0, 2, 5, 6, 8, 10]","11,1,3,7,9,4,0,2,5,6,8,10",237922b59aa4d7b3,E:\Projects\RL-LAM-ScanOpt\outputs\stage3_ppo_rl_lam_fea_addendum_v01\ppo_training\checkpoints\maskable_ppo_lam_scan_order_final.zip,v01,stochastic,203807729,diversity,True,0.7021914904404882,3.363636363636364,10.0,4,0.0909090909090909,37.0,5.685950413223142,-0.2148760330578512,0.3272943560321472,2.0,2,5.0,odd_even,PPO_final_expansion_checkpoint_inference,False,False,final expansion PPO candidate; not physically validated yet.,fresh_v01_checkpoint_inference_lowN_topup,1439,0.2727272727272727,0.2424242424242423,0.7575757575757576,False,False,False,False,False
PPOFINAL_N12_B016_diversity,final_expansion_batch01,16,12,"[11, 3, 1, 9, 7, 5, 4, 0, 2, 6, 8, 10]","11,3,1,9,7,5,4,0,2,6,8,10",f6a591afae75c006,E:\Projects\RL-LAM-ScanOpt\outputs\stage3_ppo_rl_lam_fea_addendum_v01\ppo_training\checkpoints\maskable_ppo_lam_scan_order_final.zip,v01,stochastic,203808080,diversity,True,0.6992665888246384,3.363636363636364,8.0,4,0.0909090909090909,37.0,5.504132231404959,-0.2148760330578512,0.325791726430344,6.0,6,8.0,odd_even,PPO_final_expansion_checkpoint_inference,False,False,final expansion PPO candidate; not physically validated yet.,fresh_v01_checkpoint_inference_lowN_topup,1790,0.0909090909090909,0.2424242424242423,0.7575757575757576,False,False,False,False,False
PPOFINAL_N16_B017_quality,final_expansion_batch01,17,16,"[11, 1, 3, 15, 13, 9, 7, 5, 0, 2, 4, 6, 8, 12, 14, 10]","11,1,3,15,13,9,7,5,0,2,4,6,8,12,14,10",939f0390b5bbea6c,E:\Projects\RL-LAM-ScanOpt\outputs\stage3_ppo_rl_lam_fea_addendum_v01\ppo_training\checkpoints\maskable_ppo_lam_scan_order_final.zip,v01,stochastic,204206570,quality,True,0.864852382423214,3.8,12.0,2,0.0,57.0,9.093333333333332,-0.2533333333333333,0.2779148148148148,9.0,9,10.0,odd_even,PPO_final_expansion_checkpoint_inference,False,False,Stage T repair replacement from rollout pool; original duplicate physical order removed; not physically validated yet.,fresh_v01_checkpoint_inference_lowN_topup,280,0.06666666666666667,0.2666666666666667,0.7333333333333334,False,False,False,False,False
PPOFINAL_N16_B018_quality,final_expansion_batch01,18,16,"[11, 1, 3, 13, 15, 9, 7, 5, 0, 2, 4, 6, 8, 10, 14, 12]","11,1,3,13,15,9,7,5,0,2,4,6,8,10,14,12",68083be28a1aa0cd,E:\Projects\RL-LAM-ScanOpt\outputs\stage3_ppo_rl_lam_fea_addendum_v01\ppo_training\checkpoints\maskable_ppo_lam_scan_order_final.zip,v01,stochastic,204206560,quality,True,0.9259326743817458,3.6666666666666665,10.0,3,0.0,55.0,7.688888888888887,-0.2444444444444444,0.2633395061728394,8.0,8,10.0,odd_even,PPO_final_expansion_checkpoint_inference,False,False,final expansion PPO candidate; not physically validated yet.,fresh_v01_checkpoint_inference_lowN_topup,270,0.0666666666666666,0.3333333333333333,0.6666666666666667,False,False,False,False,False
PPOFINAL_N16_B019_quality,final_expansion_batch01,19,16,"[11, 15, 3, 1, 13, 9, 7, 5, 0, 2, 4, 6, 8, 10, 12, 14]","11,15,3,1,13,9,7,5,0,2,4,6,8,10,12,14",77a09d02d881a290,E:\Projects\RL-LAM-ScanOpt\outputs\stage3_ppo_rl_lam_fea_addendum_v01\ppo_training\checkpoints\maskable_ppo_lam_scan_order_final.zip,v01,stochastic,21860673,quality,True,0.8585311742138704,3.8,12.0,2,0.0,57.0,11.22666666666667,-0.2533333333333333,0.2873962962962963,7.0,7,7.0,odd_even,PPO_final_expansion_checkpoint_inference,False,False,Stage T repair replacement from rollout pool; original duplicate physical order removed; not physically validated yet.,existing_v01_rollout_pool,594,0.0666666666666666,0.7333333333333334,0.2666666666666666,False,False,False,False,False
PPOFINAL_N16_B020_quality,final_expansion_batch01,20,16,"[11, 1, 3, 15, 13, 9, 7, 5, 4, 0, 2, 6, 8, 10, 14, 12]","11,1,3,15,13,9,7,5,4,0,2,6,8,10,14,12",d3f9b9321fe2cf06,E:\Projects\RL-LAM-ScanOpt\outputs\stage3_ppo_rl_lam_fea_addendum_v01\ppo_training\checkpoints\maskable_ppo_lam_scan_order_final.zip,v01,stochastic,204206639,quality,True,0.9104711888437276,3.6666666666666665,12.0,2,0.0666666666666666,55.0,9.288888888888888,-0.1777777777777777,0.2704506172839506,10.0,10,13.0,odd_even,PPO_final_expansion_checkpoint_inference,False,False,final expansion PPO candidate; not physically validated yet.,fresh_v01_checkpoint_inference_lowN_topup,349,0.0666666666666666,0.2666666666666667,0.7333333333333334,False,False,False,False,False
PPOFINAL_N16_B021_quality,final_expansion_batch01,21,16,"[11, 3, 1, 15, 13, 9, 7, 5, 0, 2, 4, 6, 10, 8, 12, 14]","11,3,1,15,13,9,7,5,0,2,4,6,10,8,12,14",0a75862e3605280c,E:\Projects\RL-LAM-ScanOpt\outputs\stage3_ppo_rl_lam_fea_addendum_v01\ppo_training\checkpoints\maskable_ppo_lam_scan_order_final.zip,v01,stochastic,204206712,quality,True,0.8535071729128095,3.8,14.0,2,0.0,57.0,10.160000000000002,-0.2533333333333333,0.28265555555555555,10.0,10,8.0,odd_even,PPO_final_expansion_checkpoint_inference,False,False,Stage T repair replacement from rollout pool; original duplicate physical order removed; not physically validated yet.,fresh_v01_checkpoint_inference_lowN_topup,422,0.06666666666666667,0.2666666666666667,0.7333333333333334,False,False,False,False,False
PPOFINAL_N16_B022_quality,final_expansion_batch01,22,16,"[11, 3, 1, 15, 13, 9, 7, 5, 0, 2, 4, 6, 8, 12, 10, 14]","11,3,1,15,13,9,7,5,0,2,4,6,8,12,10,14",f5ea60be6ba4eb8a,E:\Projects\RL-LAM-ScanOpt\outputs\stage3_ppo_rl_lam_fea_addendum_v01\ppo_training\checkpoints\maskable_ppo_lam_scan_order_final.zip,v01,stochastic,21860674,quality,True,0.8468048897315781,3.8,14.0,2,0.0,57.0,10.160000000000002,-0.2533333333333333,0.28265555555555555,10.0,10,8.0,odd_even,PPO_final_expansion_checkpoint_inference,False,False,Stage T repair replacement from rollout pool; original duplicate physical order removed; not physically validated yet.,existing_v01_rollout_pool,595,0.0666666666666666,0.7333333333333334,0.2666666666666666,False,False,False,False,False
PPOFINAL_N16_B023_quality,final_expansion_batch01,23,16,"[11, 3, 1, 15, 13, 9, 7, 5, 0, 2, 4, 6, 8, 10, 12, 14]","11,3,1,15,13,9,7,5,0,2,4,6,8,10,12,14",112c7158ed9beae3,E:\Projects\RL-LAM-ScanOpt\outputs\stage3_ppo_rl_lam_fea_addendum_v01\ppo_training\checkpoints\maskable_ppo_lam_scan_order_final.zip,v01,stochastic,21860623,quality,True,0.8954529465010871,3.533333333333333,14.0,2,0.0,53.0,10.515555555555562,-0.2355555555555555,0.2675691358024691,8.0,8,7.0,odd_even,PPO_final_expansion_checkpoint_inference,False,False,final expansion PPO candidate; not physically validated yet.,existing_v01_rollout_pool,544,0.0666666666666666,0.7333333333333334,0.2666666666666666,False,False,False,False,False
PPOFINAL_N16_B024_quality,final_expansion_batch01,24,16,"[11, 1, 3, 13, 15, 7, 9, 5, 0, 2, 4, 6, 8, 10, 12, 14]","11,1,3,13,15,7,9,5,0,2,4,6,8,10,12,14",33b8727ceadf88f5,E:\Projects\RL-LAM-ScanOpt\outputs\stage3_ppo_rl_lam_fea_addendum_v01\ppo_training\checkpoints\maskable_ppo_lam_scan_order_final.zip,v01,stochastic,21860907,quality,True,0.8454182280384789,3.8,10.0,3,0.0,57.0,8.559999999999999,-0.2533333333333333,0.2755444444444444,7.0,7,7.0,odd_even,PPO_final_expansion_checkpoint_inference,False,False,Stage T repair replacement from rollout pool; original duplicate physical order removed; not physically validated yet.,existing_v01_rollout_pool,828,0.0666666666666666,0.6666666666666667,0.3333333333333333,False,False,False,False,False
PPOFINAL_N16_B025_quality,final_expansion_batch01,25,16,"[11, 3, 1, 13, 15, 9, 7, 5, 0, 2, 4, 6, 8, 10, 12, 14]","11,3,1,13,15,9,7,5,0,2,4,6,8,10,12,14",ac75b5c13ac7b4df,E:\Projects\RL-LAM-ScanOpt\outputs\stage3_ppo_rl_lam_fea_addendum_v01\ppo_training\checkpoints\maskable_ppo_lam_scan_order_final.zip,v01,stochastic,21860634,quality,True,0.8948397232401708,3.533333333333333,12.0,3,0.0,53.0,8.382222222222222,-0.2355555555555555,0.2580876543209876,8.0,8,7.0,odd_even,PPO_final_expansion_checkpoint_inference,False,False,final expansion PPO candidate; not physically validated yet.,existing_v01_rollout_pool,555,0.0666666666666666,0.6666666666666666,0.3333333333333333,False,False,False,False,False
PPOFINAL_N16_B026_quality,final_expansion_batch01,26,16,"[11, 1, 3, 15, 13, 5, 7, 9, 0, 2, 4, 6, 8, 10, 12, 14]","11,1,3,15,13,5,7,9,0,2,4,6,8,10,12,14",ba1ed7eee00034ea,E:\Projects\RL-LAM-ScanOpt\outputs\stage3_ppo_rl_lam_fea_addendum_v01\ppo_training\checkpoints\maskable_ppo_lam_scan_order_final.zip,v01,stochastic,204206337,quality,True,0.8387433322998044,4.066666666666666,12.0,4,0.0,61.0,12.328888888888889,-0.2711111111111111,0.3089617283950617,7.0,7,7.0,odd_even,PPO_final_expansion_checkpoint_inference,False,False,Stage T repair replacement from rollout pool; original duplicate physical order removed; not physically validated yet.,fresh_v01_checkpoint_inference_lowN_topup,47,0.06666666666666667,0.2666666666666667,0.7333333333333334,False,False,False,False,False
PPOFINAL_N16_B027_quality,final_expansion_batch01,27,16,"[11, 3, 1, 15, 13, 7, 9, 5, 0, 2, 4, 6, 8, 10, 12, 14]","11,3,1,15,13,7,9,5,0,2,4,6,8,10,12,14",a1735e9fea830cda,E:\Projects\RL-LAM-ScanOpt\outputs\stage3_ppo_rl_lam_fea_addendum_v01\ppo_training\checkpoints\maskable_ppo_lam_scan_order_final.zip,v01,stochastic,21860694,quality,True,0.8375850872583123,3.8,14.0,3,0.0,57.0,10.693333333333337,-0.2533333333333333,0.2850259259259259,8.0,8,9.0,odd_even,PPO_final_expansion_checkpoint_inference,False,False,Stage T repair replacement from rollout pool; original duplicate physical order removed; not physically validated yet.,existing_v01_rollout_pool,615,0.0666666666666666,0.7333333333333334,0.2666666666666666,False,False,False,False,False
PPOFINAL_N16_B028_diversity,final_expansion_batch01,28,16,"[11, 1, 3, 15, 13, 9, 7, 5, 6, 0, 2, 4, 8, 10, 12, 14]","11,1,3,15,13,9,7,5,6,0,2,4,8,10,12,14",7b2ba7418d0d9ac8,E:\Projects\RL-LAM-ScanOpt\outputs\stage3_ppo_rl_lam_fea_addendum_v01\ppo_training\checkpoints\maskable_ppo_lam_scan_order_final.zip,v01,stochastic,21860789,diversity,True,0.8174050697567683,3.6666666666666665,12.0,3,0.0666666666666666,55.0,9.82222222222222,-0.1777777777777777,0.2728209876543209,9.0,9,12.0,odd_even,PPO_final_expansion_checkpoint_inference,False,False,final expansion PPO candidate; not physically validated yet.,existing_v01_rollout_pool,710,0.0666666666666666,0.7333333333333334,0.2666666666666666,False,False,False,False,False
PPOFINAL_N16_B029_diversity,final_expansion_batch01,29,16,"[11, 3, 1, 15, 13, 9, 7, 5, 4, 0, 2, 6, 8, 10, 12, 14]","11,3,1,15,13,9,7,5,4,0,2,6,8,10,12,14",cac6c09a30024fea,E:\Projects\RL-LAM-ScanOpt\outputs\stage3_ppo_rl_lam_fea_addendum_v01\ppo_training\checkpoints\maskable_ppo_lam_scan_order_final.zip,v01,stochastic,204206332,diversity,True,0.8588726208362754,3.533333333333333,14.0,2,0.0666666666666666,53.0,10.515555555555558,-0.1688888888888888,0.2675691358024691,10.0,10,10.0,odd_even,PPO_final_expansion_checkpoint_inference,False,False,final expansion PPO candidate; not physically validated yet.,fresh_v01_checkpoint_inference_lowN_topup,42,0.0666666666666666,0.2666666666666667,0.7333333333333334,False,False,False,False,False
PPOFINAL_N16_B030_diversity,final_expansion_batch01,30,16,"[11, 3, 1, 15, 13, 7, 5, 9, 0, 2, 4, 6, 8, 10, 12, 14]","11,3,1,15,13,7,5,9,0,2,4,6,8,10,12,14",d3449887e51567b6,E:\Projects\RL-LAM-ScanOpt\outputs\stage3_ppo_rl_lam_fea_addendum_v01\ppo_training\checkpoints\maskable_ppo_lam_scan_order_final.zip,v01,stochastic,21860876,diversity,True,0.8331291621796413,4.066666666666666,14.0,4,0.0,61.0,12.328888888888889,-0.2711111111111111,0.3089617283950617,9.0,9,7.0,odd_even,PPO_final_expansion_checkpoint_inference,False,False,final expansion PPO candidate; not physically validated yet.,existing_v01_rollout_pool,797,0.0666666666666666,0.7333333333333334,0.2666666666666666,False,False,False,False,False
PPOFINAL_N16_B031_diversity,final_expansion_batch01,31,16,"[11, 1, 3, 15, 13, 5, 9, 7, 0, 2, 4, 6, 8, 10, 12, 14]","11,1,3,15,13,5,9,7,0,2,4,6,8,10,12,14",2e7ec5f10475f5b7,E:\Projects\RL-LAM-ScanOpt\outputs\stage3_ppo_rl_lam_fea_addendum_v01\ppo_training\checkpoints\maskable_ppo_lam_scan_order_final.zip,v01,stochastic,21861010,diversity,True,0.8296578227146384,4.066666666666666,12.0,4,0.0,61.0,10.995555555555557,-0.2711111111111111,0.3030358024691358,7.0,7,8.0,odd_even,PPO_final_expansion_checkpoint_inference,False,False,final expansion PPO candidate; not physically validated yet.,existing_v01_rollout_pool,931,0.0666666666666666,0.7333333333333334,0.2666666666666666,False,False,False,False,False
PPOFINAL_N16_B032_diversity,final_expansion_batch01,32,16,"[11, 15, 1, 3, 9, 13, 7, 5, 0, 2, 4, 6, 8, 10, 12, 14]","11,15,1,3,9,13,7,5,0,2,4,6,8,10,12,14",f785e57b5b7c8171,E:\Projects\RL-LAM-ScanOpt\outputs\stage3_ppo_rl_lam_fea_addendum_v01\ppo_training\checkpoints\maskable_ppo_lam_scan_order_final.zip,v01,stochastic,21860787,diversity,True,0.8157013855206566,3.8,14.0,3,0.0,57.0,9.626666666666669,-0.2533333333333333,0.2802851851851852,8.0,8,7.0,odd_even,PPO_final_expansion_checkpoint_inference,False,False,final expansion PPO candidate; not physically validated yet.,existing_v01_rollout_pool,708,0.0666666666666666,0.7333333333333334,0.2666666666666666,False,False,False,False,False
PPOFINAL_N12_B033_diversity,final_expansion_batch02,33,12,"[11, 1, 3, 9, 7, 5, 0, 6, 2, 4, 8, 10]","11,1,3,9,7,5,0,6,2,4,8,10",3ae31ba5ab2dcb44,E:\Projects\RL-LAM-ScanOpt\outputs\stage3_ppo_rl_lam_fea_addendum_v01\ppo_training\checkpoints\maskable_ppo_lam_scan_order_final.zip,v01,stochastic,203809418,diversity,True,0.6784860971334526,4.090909090909091,10.0,6,0.0,45.0,5.900826446280991,-0.371900826446281,0.3896762516221569,5.0,5,9.0,odd_even,PPO_final_expansion_checkpoint_inference,False,False,final expansion PPO candidate; not physically validated yet.,fresh_v01_checkpoint_inference_lowN_topup,3128,0.0909090909090909,0.2424242424242423,0.7575757575757576,False,False,False,False,False
PPOFINAL_N12_B034_diversity,final_expansion_batch02,34,12,"[11, 1, 3, 7, 9, 0, 2, 4, 5, 6, 10, 8]","11,1,3,7,9,0,2,4,5,6,10,8",428e5ef4ec1af069,E:\Projects\RL-LAM-ScanOpt\outputs\stage3_ppo_rl_lam_fea_addendum_v01\ppo_training\checkpoints\maskable_ppo_lam_scan_order_final.zip,v01,stochastic,203809590,diversity,True,0.5749651614139011,3.5454545454545454,10.0,4,0.18181818181818182,39.0,8.793388429752067,-0.14049586776859502,0.368127177105389,6.0,6,8.0,odd_even,PPO_final_expansion_checkpoint_inference,False,False,Stage T repair replacement from rollout pool; original duplicate physical order removed; not physically validated yet.,fresh_v01_checkpoint_inference_lowN_topup,3300,0.2727272727272727,0.24242424242424232,0.7575757575757576,False,False,False,False,False
PPOFINAL_N12_B035_diversity,final_expansion_batch02,35,12,"[11, 3, 1, 9, 5, 7, 0, 2, 4, 6, 8, 10]","11,3,1,9,5,7,0,2,4,6,8,10",9d16225c8842df9d,E:\Projects\RL-LAM-ScanOpt\outputs\stage3_ppo_rl_lam_fea_addendum_v01\ppo_training\checkpoints\maskable_ppo_lam_scan_order_final.zip,v01,stochastic,21460647,diversity,True,0.7350055444925802,3.727272727272727,8.0,4,0.0,41.0,6.198347107438016,-0.3388429752066115,0.3618320697584409,2.0,2,5.0,odd_even,PPO_final_expansion_checkpoint_inference,False,False,final expansion PPO candidate; not physically validated yet.,existing_v01_rollout_pool,40,0.0909090909090909,0.7575757575757577,0.2424242424242424,False,False,False,False,False
PPOFINAL_N12_B036_efficiency,final_expansion_batch02,36,12,"[11, 3, 1, 7, 9, 4, 0, 2, 5, 6, 8, 10]","11,3,1,7,9,4,0,2,5,6,8,10",f73b4f03f3ad3bc4,E:\Projects\RL-LAM-ScanOpt\outputs\stage3_ppo_rl_lam_fea_addendum_v01\ppo_training\checkpoints\maskable_ppo_lam_scan_order_final.zip,v01,stochastic,203808790,efficiency,True,0.6799541525506227,3.363636363636364,8.0,4,0.0909090909090909,37.0,4.231404958677687,-0.2148760330578512,0.3152733192177219,4.0,4,4.0,odd_even,PPO_final_expansion_checkpoint_inference,False,False,final expansion PPO candidate; not physically validated yet.,fresh_v01_checkpoint_inference_lowN_topup,2500,0.2727272727272727,0.2424242424242423,0.7575757575757576,False,False,False,False,False
PPOFINAL_N12_B037_efficiency,final_expansion_batch02,37,12,"[11, 3, 1, 9, 7, 5, 2, 0, 4, 6, 8, 10]","11,3,1,9,7,5,2,0,4,6,8,10",b8d668f55850ae91,E:\Projects\RL-LAM-ScanOpt\outputs\stage3_ppo_rl_lam_fea_addendum_v01\ppo_training\checkpoints\maskable_ppo_lam_scan_order_final.zip,v01,stochastic,203808205,efficiency,True,0.6445933750336242,3.363636363636364,8.0,3,0.0,37.0,5.140495867768596,-0.3057851239669422,0.3227864672267377,5.0,5,7.0,odd_even,PPO_final_expansion_checkpoint_inference,False,False,final expansion PPO candidate; not physically validated yet.,fresh_v01_checkpoint_inference_lowN_topup,1915,0.0909090909090909,0.2424242424242423,0.7575757575757576,False,False,False,False,False
PPOFINAL_N12_B038_efficiency,final_expansion_batch02,38,12,"[11, 1, 3, 9, 7, 5, 2, 0, 4, 6, 8, 10]","11,1,3,9,7,5,2,0,4,6,8,10",0281cd940a2fe6d9,E:\Projects\RL-LAM-ScanOpt\outputs\stage3_ppo_rl_lam_fea_addendum_v01\ppo_training\checkpoints\maskable_ppo_lam_scan_order_final.zip,v01,stochastic,203807230,efficiency,True,0.6702023966013158,3.363636363636364,10.0,3,0.0,37.0,5.867768595041324,-0.3057851239669422,0.3287969856339503,4.0,4,8.0,odd_even,PPO_final_expansion_checkpoint_inference,False,False,final expansion PPO candidate; not physically validated yet.,fresh_v01_checkpoint_inference_lowN_topup,940,0.0909090909090909,0.2424242424242423,0.7575757575757576,False,False,False,False,False
PPOFINAL_N12_B039_efficiency,final_expansion_batch02,39,12,"[11, 1, 3, 9, 7, 6, 5, 0, 2, 4, 8, 10]","11,1,3,9,7,6,5,0,2,4,8,10",caf58a70972ef4f4,E:\Projects\RL-LAM-ScanOpt\outputs\stage3_ppo_rl_lam_fea_addendum_v01\ppo_training\checkpoints\maskable_ppo_lam_scan_order_final.zip,v01,stochastic,203807741,efficiency,True,0.4780140278316179,3.363636363636364,10.0,4,0.1818181818181818,37.0,6.776859504132233,-0.1239669421487603,0.3363101336429661,7.0,7,10.0,odd_even,PPO_final_expansion_checkpoint_inference,False,False,final expansion PPO candidate; not physically validated yet.,fresh_v01_checkpoint_inference_lowN_topup,1451,0.2727272727272727,0.2424242424242423,0.7575757575757576,False,False,False,False,False
PPOFINAL_N12_B040_efficiency,final_expansion_batch02,40,12,"[11, 1, 3, 9, 8, 7, 5, 0, 2, 4, 6, 10]","11,1,3,9,8,7,5,0,2,4,6,10",60da2971c89ac202,E:\Projects\RL-LAM-ScanOpt\outputs\stage3_ppo_rl_lam_fea_addendum_v01\ppo_training\checkpoints\maskable_ppo_lam_scan_order_final.zip,v01,stochastic,203806913,efficiency,True,0.4170408023206977,3.363636363636364,10.0,4,0.1818181818181818,37.0,6.776859504132233,-0.1239669421487603,0.3363101336429661,8.0,8,11.0,raster,PPO_final_expansion_checkpoint_inference,False,False,final expansion PPO candidate; not physically validated yet.,fresh_v01_checkpoint_inference_lowN_topup,623,0.2727272727272727,0.2424242424242423,0.7575757575757576,False,False,False,False,False
PPOFINAL_N12_B041_efficiency,final_expansion_batch02,41,12,"[11, 3, 1, 9, 7, 0, 2, 4, 5, 6, 8, 10]","11,3,1,9,7,0,2,4,5,6,8,10",42cd3f72e6aaa2fc,E:\Projects\RL-LAM-ScanOpt\outputs\stage3_ppo_rl_lam_fea_addendum_v01\ppo_training\checkpoints\maskable_ppo_lam_scan_order_final.zip,v01,stochastic,203808753,efficiency,True,0.6506879289201846,3.363636363636364,8.0,3,0.1818181818181818,37.0,7.140495867768595,-0.1239669421487603,0.3393153928465724,6.0,6,8.0,odd_even,PPO_final_expansion_checkpoint_inference,False,False,final expansion PPO candidate; not physically validated yet.,fresh_v01_checkpoint_inference_lowN_topup,2463,0.2727272727272727,0.2424242424242423,0.7575757575757576,False,False,False,False,False
PPOFINAL_N12_B042_novelty,final_expansion_batch02,42,12,"[11, 3, 1, 7, 9, 0, 2, 4, 5, 6, 8, 10]","11,3,1,7,9,0,2,4,5,6,8,10",5623c97f5dcbd1a3,E:\Projects\RL-LAM-ScanOpt\outputs\stage3_ppo_rl_lam_fea_addendum_v01\ppo_training\checkpoints\maskable_ppo_lam_scan_order_final.zip,v01,stochastic,203806491,novelty,True,0.6585155488327996,3.363636363636364,9.0,3,0.1818181818181818,37.0,7.5041322314049586,-0.1239669421487603,0.3423206520501787,6.0,6,6.0,odd_even,PPO_final_expansion_checkpoint_inference,False,False,final expansion PPO candidate; not physically validated yet.,fresh_v01_checkpoint_inference_lowN_topup,201,0.2727272727272727,0.2424242424242423,0.7575757575757576,False,False,False,False,False
PPOFINAL_N12_B043_novelty,final_expansion_batch02,43,12,"[11, 1, 3, 9, 7, 0, 2, 4, 5, 6, 8, 10]","11,1,3,9,7,0,2,4,5,6,8,10",667cc0b2be39f4b7,E:\Projects\RL-LAM-ScanOpt\outputs\stage3_ppo_rl_lam_fea_addendum_v01\ppo_training\checkpoints\maskable_ppo_lam_scan_order_final.zip,v01,stochastic,21460759,novelty,True,0.6398432542189428,3.363636363636364,10.0,3,0.1818181818181818,37.0,7.867768595041323,-0.1239669421487603,0.345325911253785,6.0,6,9.0,odd_even,PPO_final_expansion_checkpoint_inference,False,False,final expansion PPO candidate; not physically validated yet.,existing_v01_rollout_pool,152,0.2727272727272727,0.7575757575757577,0.2424242424242424,False,False,False,False,False
PPOFINAL_N12_B044_novelty,final_expansion_batch02,44,12,"[11, 1, 3, 9, 5, 0, 7, 4, 2, 6, 8, 10]","11,1,3,9,5,0,7,4,2,6,8,10",7490c177c3657ed7,E:\Projects\RL-LAM-ScanOpt\outputs\stage3_ppo_rl_lam_fea_addendum_v01\ppo_training\checkpoints\maskable_ppo_lam_scan_order_final.zip,v01,stochastic,21461093,novelty,True,0.5530251329330956,4.2727272727272725,10.0,6,0.0,47.0,6.016528925619835,-0.3884297520661157,0.40578398561118323,6.0,6,9.0,odd_even,PPO_final_expansion_checkpoint_inference,False,False,Stage T repair replacement from rollout pool; original duplicate physical order removed; not physically validated yet.,existing_v01_rollout_pool,486,0.2727272727272727,0.7575757575757577,0.2424242424242424,False,False,False,False,False
PPOFINAL_N12_B045_baseline_proximity,final_expansion_batch02,45,12,"[11, 3, 1, 7, 5, 9, 0, 2, 4, 6, 8, 10]","11,3,1,7,5,9,0,2,4,6,8,10",d9d48697cbdeabff,E:\Projects\RL-LAM-ScanOpt\outputs\stage3_ppo_rl_lam_fea_addendum_v01\ppo_training\checkpoints\maskable_ppo_lam_scan_order_final.zip,v01,stochastic,203806394,baseline_proximity,True,0.734168139160716,3.727272727272727,9.0,4,0.0,41.0,6.561983471074381,-0.3388429752066115,0.3648373289620472,3.0,3,4.0,odd_even,PPO_final_expansion_checkpoint_inference,False,False,final expansion PPO candidate; not physically validated yet.,fresh_v01_checkpoint_inference_lowN_topup,104,0.0909090909090909,0.2424242424242423,0.7575757575757576,False,False,False,False,False
PPOFINAL_N12_B046_baseline_proximity,final_expansion_batch02,46,12,"[3, 11, 1, 7, 9, 5, 0, 2, 4, 6, 8, 10]","3,11,1,7,9,5,0,2,4,6,8,10",5f7d2403c1cdd71e,E:\Projects\RL-LAM-ScanOpt\outputs\stage3_ppo_rl_lam_fea_addendum_v01\ppo_training\checkpoints\maskable_ppo_lam_scan_order_final.zip,v01,stochastic,21460912,baseline_proximity,True,0.7175525424814981,4.090909090909091,10.0,5,0.0,45.0,7.355371900826444,-0.371900826446281,0.4016972884365821,3.0,3,4.0,odd_even,PPO_final_expansion_checkpoint_inference,False,False,final expansion PPO candidate; not physically validated yet.,existing_v01_rollout_pool,305,0.0909090909090909,0.7575757575757577,0.2424242424242424,False,False,False,False,False
PPOFINAL_N12_B047_baseline_proximity,final_expansion_batch02,47,12,"[11, 1, 3, 9, 7, 5, 0, 2, 4, 10, 6, 8]","11,1,3,9,7,5,0,2,4,10,6,8",a78982ae1aba990c,E:\Projects\RL-LAM-ScanOpt\outputs\stage3_ppo_rl_lam_fea_addendum_v01\ppo_training\checkpoints\maskable_ppo_lam_scan_order_final.zip,v01,stochastic,203806924,baseline_proximity,True,0.6753767838058995,3.909090909090909,10.0,5,0.0,43.0,6.264462809917356,-0.35537190082644626,0.3775299956742481,5.0,5,4.0,odd_even,PPO_final_expansion_checkpoint_inference,False,False,Stage T repair replacement from rollout pool; original duplicate physical order removed; not physically validated yet.,fresh_v01_checkpoint_inference_lowN_topup,634,0.09090909090909091,0.24242424242424232,0.7575757575757576,False,False,False,False,False
PPOFINAL_N12_B048_baseline_proximity,final_expansion_batch02,48,12,"[11, 1, 3, 7, 9, 5, 0, 2, 6, 4, 8, 10]","11,1,3,7,9,5,0,2,6,4,8,10",81374eb04629101e,E:\Projects\RL-LAM-ScanOpt\outputs\stage3_ppo_rl_lam_fea_addendum_v01\ppo_training\checkpoints\maskable_ppo_lam_scan_order_final.zip,v01,stochastic,203808740,baseline_proximity,True,0.6637800912299493,3.727272727272727,10.0,6,0.0,41.0,5.107438016528925,-0.33884297520661155,0.352816292147622,2.0,2,5.0,odd_even,PPO_final_expansion_checkpoint_inference,False,False,Stage T repair replacement from rollout pool; original duplicate physical order removed; not physically validated yet.,fresh_v01_checkpoint_inference_lowN_topup,2450,0.09090909090909091,0.24242424242424232,0.7575757575757576,False,False,False,False,False
PPOFINAL_N16_B049_diversity,final_expansion_batch02,49,16,"[11, 3, 1, 15, 9, 7, 13, 5, 0, 2, 4, 6, 8, 10, 12, 14]","11,3,1,15,9,7,13,5,0,2,4,6,8,10,12,14",073d57ec3eee3249,E:\Projects\RL-LAM-ScanOpt\outputs\stage3_ppo_rl_lam_fea_addendum_v01\ppo_training\checkpoints\maskable_ppo_lam_scan_order_final.zip,v01,stochastic,204206568,diversity,True,0.8150226748347584,4.333333333333333,14.0,5,0.0,65.0,11.688888888888895,-0.2888888888888888,0.3227839506172839,9.0,9,5.0,odd_even,PPO_final_expansion_checkpoint_inference,False,False,final expansion PPO candidate; not physically validated yet.,fresh_v01_checkpoint_inference_lowN_topup,278,0.0666666666666666,0.2666666666666667,0.7333333333333334,False,False,False,False,False
PPOFINAL_N16_B050_diversity,final_expansion_batch02,50,16,"[11, 3, 15, 1, 9, 13, 7, 5, 0, 2, 4, 6, 8, 10, 12, 14]","11,3,15,1,9,13,7,5,0,2,4,6,8,10,12,14",58eb1df23533c9da,E:\Projects\RL-LAM-ScanOpt\outputs\stage3_ppo_rl_lam_fea_addendum_v01\ppo_training\checkpoints\maskable_ppo_lam_scan_order_final.zip,v01,stochastic,204206379,diversity,True,0.8127098341871903,4.866666666666666,14.0,5,0.0,73.0,14.782222222222218,-0.3244444444444444,0.3698654320987654,9.0,9,6.0,odd_even,PPO_final_expansion_checkpoint_inference,False,False,final expansion PPO candidate; not physically validated yet.,fresh_v01_checkpoint_inference_lowN_topup,89,0.0666666666666666,0.2666666666666667,0.7333333333333334,False,False,False,False,False
PPOFINAL_N16_B051_diversity,final_expansion_batch02,51,16,"[11, 3, 1, 15, 7, 13, 9, 5, 0, 2, 4, 6, 8, 10, 12, 14]","11,3,1,15,7,13,9,5,0,2,4,6,8,10,12,14",aeaf0c90fb86acd2,E:\Projects\RL-LAM-ScanOpt\outputs\stage3_ppo_rl_lam_fea_addendum_v01\ppo_training\checkpoints\maskable_ppo_lam_scan_order_final.zip,v01,stochastic,21860650,diversity,True,0.8106013832860884,4.333333333333333,14.0,4,0.0,65.0,11.155555555555562,-0.2888888888888888,0.3204135802469136,8.0,8,7.0,odd_even,PPO_final_expansion_checkpoint_inference,False,False,final expansion PPO candidate; not physically validated yet.,existing_v01_rollout_pool,571,0.0666666666666666,0.7333333333333334,0.2666666666666666,False,False,False,False,False
PPOFINAL_N16_B052_efficiency,final_expansion_batch02,52,16,"[11, 1, 3, 15, 13, 9, 7, 5, 4, 0, 2, 6, 8, 10, 12, 14]","11,1,3,15,13,9,7,5,4,0,2,6,8,10,12,14",436b3a81f5c90541,E:\Projects\RL-LAM-ScanOpt\outputs\stage3_ppo_rl_lam_fea_addendum_v01\ppo_training\checkpoints\maskable_ppo_lam_scan_order_final.zip,v01,stochastic,204206562,efficiency,True,0.8853237620998888,3.533333333333333,12.0,2,0.0666666666666666,53.0,9.448888888888892,-0.1688888888888888,0.2628283950617284,8.0,8,11.0,odd_even,PPO_final_expansion_checkpoint_inference,False,False,final expansion PPO candidate; not physically validated yet.,fresh_v01_checkpoint_inference_lowN_topup,272,0.0666666666666666,0.2666666666666667,0.7333333333333334,False,False,False,False,False
PPOFINAL_N16_B053_efficiency,final_expansion_batch02,53,16,"[11, 1, 3, 15, 13, 9, 7, 6, 5, 0, 2, 4, 8, 10, 12, 14]","11,1,3,15,13,9,7,6,5,0,2,4,8,10,12,14",8515e741ab7b471c,E:\Projects\RL-LAM-ScanOpt\outputs\stage3_ppo_rl_lam_fea_addendum_v01\ppo_training\checkpoints\maskable_ppo_lam_scan_order_final.zip,v01,stochastic,21861049,efficiency,True,0.7128827737396948,3.533333333333333,12.0,2,0.1333333333333333,53.0,9.848888888888892,-0.1022222222222222,0.2646061728395061,9.0,9,12.0,odd_even,PPO_final_expansion_checkpoint_inference,False,False,final expansion PPO candidate; not physically validated yet.,existing_v01_rollout_pool,970,0.2,0.7333333333333334,0.2666666666666666,False,False,False,False,False
PPOFINAL_N16_B054_efficiency,final_expansion_batch02,54,16,"[11, 1, 3, 15, 13, 9, 7, 0, 2, 4, 5, 6, 8, 10, 12, 14]","11,1,3,15,13,9,7,0,2,4,5,6,8,10,12,14",6721460107841a59,E:\Projects\RL-LAM-ScanOpt\outputs\stage3_ppo_rl_lam_fea_addendum_v01\ppo_training\checkpoints\maskable_ppo_lam_scan_order_final.zip,v01,stochastic,21860669,efficiency,True,0.6659787793634021,3.533333333333333,12.0,3,0.1333333333333333,53.0,10.648888888888894,-0.1022222222222222,0.2681617283950617,8.0,8,11.0,odd_even,PPO_final_expansion_checkpoint_inference,False,False,final expansion PPO candidate; not physically validated yet.,existing_v01_rollout_pool,590,0.2,0.7333333333333334,0.2666666666666666,False,False,False,False,False
PPOFINAL_N16_B055_efficiency,final_expansion_batch02,55,16,"[11, 1, 3, 15, 13, 9, 7, 8, 5, 0, 2, 4, 6, 10, 12, 14]","11,1,3,15,13,9,7,8,5,0,2,4,6,10,12,14",d37150b5de1daa27,E:\Projects\RL-LAM-ScanOpt\outputs\stage3_ppo_rl_lam_fea_addendum_v01\ppo_training\checkpoints\maskable_ppo_lam_scan_order_final.zip,v01,stochastic,204206516,efficiency,True,0.6151475828613433,3.6666666666666665,12.0,2,0.06666666666666667,55.0,9.42222222222222,-0.17777777777777776,0.2710432098765432,10.0,10,11.0,odd_even,PPO_final_expansion_checkpoint_inference,False,False,Stage T repair replacement from rollout pool; original duplicate physical order removed; not physically validated yet.,fresh_v01_checkpoint_inference_lowN_topup,226,0.2,0.2666666666666667,0.7333333333333334,False,False,False,False,False
PPOFINAL_N16_B056_efficiency,final_expansion_batch02,56,16,"[11, 3, 1, 15, 13, 9, 7, 6, 5, 0, 2, 4, 8, 10, 12, 14]","11,3,1,15,13,9,7,6,5,0,2,4,8,10,12,14",bc8f954b3d0328f0,E:\Projects\RL-LAM-ScanOpt\outputs\stage3_ppo_rl_lam_fea_addendum_v01\ppo_training\checkpoints\maskable_ppo_lam_scan_order_final.zip,v01,stochastic,21860867,efficiency,True,0.6384233564014065,3.533333333333333,14.0,2,0.1333333333333333,53.0,10.915555555555558,-0.1022222222222222,0.2693469135802469,11.0,11,11.0,odd_even,PPO_final_expansion_checkpoint_inference,False,False,final expansion PPO candidate; not physically validated yet.,existing_v01_rollout_pool,788,0.2,0.7333333333333334,0.2666666666666666,False,False,False,False,False
PPOFINAL_N16_B057_efficiency,final_expansion_batch02,57,16,"[11, 3, 1, 15, 13, 9, 7, 0, 2, 4, 5, 6, 8, 10, 12, 14]","11,3,1,15,13,9,7,0,2,4,5,6,8,10,12,14",f3e4673ddd5dcaac,E:\Projects\RL-LAM-ScanOpt\outputs\stage3_ppo_rl_lam_fea_addendum_v01\ppo_training\checkpoints\maskable_ppo_lam_scan_order_final.zip,v01,stochastic,204206706,efficiency,True,0.6215201728808266,3.533333333333333,14.0,3,0.13333333333333333,53.0,11.71555555555556,-0.10222222222222221,0.27290246913580246,10.0,10,11.0,odd_even,PPO_final_expansion_checkpoint_inference,False,False,Stage T repair replacement from rollout pool; original duplicate physical order removed; not physically validated yet.,fresh_v01_checkpoint_inference_lowN_topup,416,0.2,0.2666666666666667,0.7333333333333334,False,False,False,False,False
PPOFINAL_N16_B058_novelty,final_expansion_batch02,58,16,"[11, 1, 3, 15, 13, 9, 14, 7, 6, 5, 0, 2, 4, 8, 10, 12]","11,1,3,15,13,9,14,7,6,5,0,2,4,8,10,12",35c1c503a5e47f3c,E:\Projects\RL-LAM-ScanOpt\outputs\stage3_ppo_rl_lam_fea_addendum_v01\ppo_training\checkpoints\maskable_ppo_lam_scan_order_final.zip,v01,stochastic,204206764,novelty,True,0.4292648633425429,4.066666666666666,12.0,3,0.1333333333333333,61.0,10.195555555555554,-0.1377777777777777,0.2994802469135802,13.0,13,14.0,raster,PPO_final_expansion_checkpoint_inference,False,False,final expansion PPO candidate; not physically validated yet.,fresh_v01_checkpoint_inference_lowN_topup,474,0.3333333333333333,0.2666666666666667,0.7333333333333334,False,False,False,False,False
PPOFINAL_N16_B059_novelty,final_expansion_batch02,59,16,"[11, 3, 1, 15, 13, 9, 7, 5, 0, 2, 6, 4, 8, 10, 14, 12]","11,3,1,15,13,9,7,5,0,2,6,4,8,10,14,12",6f8308ffda1ff9c8,E:\Projects\RL-LAM-ScanOpt\outputs\stage3_ppo_rl_lam_fea_addendum_v01\ppo_training\checkpoints\maskable_ppo_lam_scan_order_final.zip,v01,stochastic,21860918,novelty,True,0.8057607021419534,3.933333333333333,14.0,2,0.0,59.0,9.928888888888888,-0.2622222222222222,0.2899617283950617,12.0,12,11.0,odd_even,PPO_final_expansion_checkpoint_inference,False,False,final expansion PPO candidate; not physically validated yet.,existing_v01_rollout_pool,839,0.0666666666666666,0.7333333333333334,0.2666666666666666,False,False,False,False,False
PPOFINAL_N16_B060_novelty,final_expansion_batch02,60,16,"[11, 3, 1, 15, 9, 13, 7, 5, 0, 2, 4, 6, 8, 12, 14, 10]","11,3,1,15,9,13,7,5,0,2,4,6,8,12,14,10",80e5e028a54bbd32,E:\Projects\RL-LAM-ScanOpt\outputs\stage3_ppo_rl_lam_fea_addendum_v01\ppo_training\checkpoints\maskable_ppo_lam_scan_order_final.zip,v01,stochastic,21860978,novelty,True,0.7789412718530523,4.333333333333333,14.0,4,0.0,65.0,10.088888888888894,-0.2888888888888888,0.3156728395061728,12.0,12,9.0,odd_even,PPO_final_expansion_checkpoint_inference,False,False,final expansion PPO candidate; not physically validated yet.,existing_v01_rollout_pool,899,0.0666666666666666,0.7333333333333334,0.2666666666666666,False,False,False,False,False
PPOFINAL_N16_B061_baseline_proximity,final_expansion_batch02,61,16,"[11, 3, 1, 15, 9, 13, 7, 5, 0, 2, 4, 6, 8, 10, 12, 14]","11,3,1,15,9,13,7,5,0,2,4,6,8,10,12,14",67b6fe9d93abd00e,E:\Projects\RL-LAM-ScanOpt\outputs\stage3_ppo_rl_lam_fea_addendum_v01\ppo_training\checkpoints\maskable_ppo_lam_scan_order_final.zip,v01,stochastic,21860670,baseline_proximity,True,0.8405526819744987,4.066666666666666,14.0,4,0.0,61.0,10.72888888888889,-0.2711111111111111,0.3018506172839506,9.0,9,6.0,odd_even,PPO_final_expansion_checkpoint_inference,False,False,final expansion PPO candidate; not physically validated yet.,existing_v01_rollout_pool,591,0.0666666666666666,0.7333333333333334,0.2666666666666666,False,False,False,False,False
PPOFINAL_N16_B062_baseline_proximity,final_expansion_batch02,62,16,"[11, 3, 1, 15, 13, 9, 5, 7, 0, 2, 4, 6, 8, 10, 12, 14]","11,3,1,15,13,9,5,7,0,2,4,6,8,10,12,14",2dad3faa70568fa2,E:\Projects\RL-LAM-ScanOpt\outputs\stage3_ppo_rl_lam_fea_addendum_v01\ppo_training\checkpoints\maskable_ppo_lam_scan_order_final.zip,v01,stochastic,21860640,baseline_proximity,True,0.8344289593530437,3.8,14.0,3,0.0,57.0,10.960000000000004,-0.2533333333333333,0.28621111111111114,8.0,8,6.0,odd_even,PPO_final_expansion_checkpoint_inference,False,False,Stage T repair replacement from rollout pool; original duplicate physical order removed; not physically validated yet.,existing_v01_rollout_pool,561,0.0666666666666666,0.7333333333333334,0.2666666666666666,False,False,False,False,False
PPOFINAL_N16_B063_baseline_proximity,final_expansion_batch02,63,16,"[11, 3, 1, 15, 7, 9, 13, 5, 0, 2, 4, 6, 8, 10, 12, 14]","11,3,1,15,7,9,13,5,0,2,4,6,8,10,12,14",7ce60c27eaac7bb5,E:\Projects\RL-LAM-ScanOpt\outputs\stage3_ppo_rl_lam_fea_addendum_v01\ppo_training\checkpoints\maskable_ppo_lam_scan_order_final.zip,v01,stochastic,21861110,baseline_proximity,True,0.8171311257358603,4.333333333333333,14.0,4,0.0,65.0,12.222222222222229,-0.2888888888888888,0.3251543209876543,7.0,7,6.0,odd_even,PPO_final_expansion_checkpoint_inference,False,False,final expansion PPO candidate; not physically validated yet.,existing_v01_rollout_pool,1031,0.0666666666666666,0.7333333333333334,0.2666666666666666,False,False,False,False,False
PPOFINAL_N16_B064_baseline_proximity,final_expansion_batch02,64,16,"[11, 15, 1, 3, 13, 9, 7, 5, 0, 2, 4, 6, 8, 10, 12, 14]","11,15,1,3,13,9,7,5,0,2,4,6,8,10,12,14",8bf65024825844af,E:\Projects\RL-LAM-ScanOpt\outputs\stage3_ppo_rl_lam_fea_addendum_v01\ppo_training\checkpoints\maskable_ppo_lam_scan_order_final.zip,v01,stochastic,21860863,baseline_proximity,True,0.8314363319463542,3.8,14.0,2,0.0,57.0,11.760000000000003,-0.2533333333333333,0.2897666666666667,8.0,8,6.0,odd_even,PPO_final_expansion_checkpoint_inference,False,False,Stage T repair replacement from rollout pool; original duplicate physical order removed; not physically validated yet.,existing_v01_rollout_pool,784,0.0666666666666666,0.7333333333333334,0.2666666666666666,False,False,False,False,False
PPOFINAL_N24_B065_quality,final_expansion_batch03,65,24,"[11, 1, 3, 15, 21, 23, 19, 17, 13, 22, 9, 7, 5, 0, 2, 6, 8, 4, 10, 16, 12, 18, 20, 14]","11,1,3,15,21,23,19,17,13,22,9,7,5,0,2,6,8,4,10,16,12,18,20,14",b2bcb64cd12be13a,E:\Projects\RL-LAM-ScanOpt\outputs\stage3_ppo_rl_lam_fea_addendum_v01\ppo_training\checkpoints\maskable_ppo_lam_scan_order_final.zip,v01,stochastic,22660900,quality,True,0.9179201507460918,5.0,13.0,4,0.0,115.0,10.26086956521739,-0.217391304347826,0.227730062190077,19.0,19,20.0,odd_even,PPO_final_expansion_checkpoint_inference,False,False,final expansion PPO candidate; not physically validated yet.,existing_v01_rollout_pool,1349,0.1304347826086956,0.6376811594202899,0.3623188405797101,False,False,False,False,False
PPOFINAL_N24_B066_quality,final_expansion_batch03,66,24,"[11, 1, 3, 15, 23, 21, 19, 17, 7, 9, 13, 22, 5, 0, 2, 6, 8, 4, 10, 12, 16, 14, 18, 20]","11,1,3,15,23,21,19,17,7,9,13,22,5,0,2,6,8,4,10,12,16,14,18,20",948cc10f6aedd876,E:\Projects\RL-LAM-ScanOpt\outputs\stage3_ppo_rl_lam_fea_addendum_v01\ppo_training\checkpoints\maskable_ppo_lam_scan_order_final.zip,v01,stochastic,22660761,quality,True,0.90408774813973,5.086956521739131,17.0,6,0.0,117.0,15.818525519848766,-0.22117202268431,0.241859216483646,15.0,15,21.0,odd_even,PPO_final_expansion_checkpoint_inference,False,False,final expansion PPO candidate; not physically validated yet.,existing_v01_rollout_pool,1210,0.1304347826086956,0.6376811594202899,0.3623188405797101,False,False,False,False,False
PPOFINAL_N24_B067_quality,final_expansion_batch03,67,24,"[11, 1, 3, 15, 23, 21, 17, 19, 9, 22, 13, 7, 5, 0, 2, 8, 6, 4, 10, 12, 16, 18, 20, 14]","11,1,3,15,23,21,17,19,9,22,13,7,5,0,2,8,6,4,10,12,16,18,20,14",2ec7fbcae45178b9,E:\Projects\RL-LAM-ScanOpt\outputs\stage3_ppo_rl_lam_fea_addendum_v01\ppo_training\checkpoints\maskable_ppo_lam_scan_order_final.zip,v01,stochastic,22660946,quality,True,0.8917476182054584,5.173913043478261,13.0,6,0.0,119.0,12.317580340264652,-0.2249527410207939,0.2388643610717038,18.0,18,21.0,odd_even,PPO_final_expansion_checkpoint_inference,False,False,final expansion PPO candidate; not physically validated yet.,existing_v01_rollout_pool,1395,0.1304347826086956,0.6376811594202899,0.3623188405797101,False,False,False,False,False
PPOFINAL_N24_B068_quality,final_expansion_batch03,68,24,"[11, 1, 3, 15, 23, 21, 19, 17, 13, 22, 9, 7, 5, 0, 2, 6, 4, 8, 10, 16, 14, 12, 20, 18]","11,1,3,15,23,21,19,17,13,22,9,7,5,0,2,6,4,8,10,16,14,12,20,18",42bf14539f680e0b,E:\Projects\RL-LAM-ScanOpt\outputs\stage3_ppo_rl_lam_fea_addendum_v01\ppo_training\checkpoints\maskable_ppo_lam_scan_order_final.zip,v01,stochastic,22660956,quality,True,0.8878938867055125,4.652173913043479,13.0,6,0.0,107.0,12.226843100189036,-0.2022684310018903,0.2169537046632433,18.0,18,22.0,odd_even,PPO_final_expansion_checkpoint_inference,False,False,final expansion PPO candidate; not physically validated yet.,existing_v01_rollout_pool,1405,0.1304347826086956,0.6376811594202899,0.3623188405797101,False,False,False,False,False
PPOFINAL_N24_B069_quality,final_expansion_batch03,69,24,"[11, 1, 3, 15, 23, 21, 19, 17, 9, 13, 22, 7, 5, 0, 2, 6, 8, 4, 10, 16, 12, 18, 20, 14]","11,1,3,15,23,21,19,17,9,13,22,7,5,0,2,6,8,4,10,16,12,18,20,14",25cc194c216f9b7e,E:\Projects\RL-LAM-ScanOpt\outputs\stage3_ppo_rl_lam_fea_addendum_v01\ppo_training\checkpoints\maskable_ppo_lam_scan_order_final.zip,v01,stochastic,22660740,quality,True,0.8850880845885575,5.3478260869565215,15.0,6,0.0,123.0,12.400756143667294,-0.2325141776937618,0.246267970025836,19.0,19,20.0,odd_even,PPO_final_expansion_checkpoint_inference,False,False,final expansion PPO candidate; not physically validated yet.,existing_v01_rollout_pool,1189,0.1304347826086956,0.6376811594202899,0.3623188405797101,False,False,False,False,False
PPOFINAL_N24_B070_quality,final_expansion_batch03,70,24,"[11, 3, 1, 15, 23, 21, 19, 17, 9, 13, 20, 7, 5, 0, 2, 4, 6, 8, 10, 16, 18, 22, 14, 12]","11,3,1,15,23,21,19,17,9,13,20,7,5,0,2,4,6,8,10,16,18,22,14,12",48945b606a550e66,E:\Projects\RL-LAM-ScanOpt\outputs\stage3_ppo_rl_lam_fea_addendum_v01\ppo_training\checkpoints\maskable_ppo_lam_scan_order_final.zip,v01,stochastic,22660812,quality,True,0.8779086037301213,4.739130434782608,14.0,6,0.0,109.0,12.801512287334594,-0.2060491493383743,0.2216632242356671,15.0,15,21.0,center_out,PPO_final_expansion_checkpoint_inference,False,False,final expansion PPO candidate; not physically validated yet.,existing_v01_rollout_pool,1261,0.1304347826086956,0.6376811594202899,0.3623188405797101,False,False,False,False,False
PPOFINAL_N24_B071_quality,final_expansion_batch03,71,24,"[11, 3, 1, 15, 23, 21, 19, 17, 13, 9, 7, 5, 0, 2, 6, 8, 10, 4, 16, 18, 20, 22, 14, 12]","11,3,1,15,23,21,19,17,13,9,7,5,0,2,6,8,10,4,16,18,20,22,14,12",7be060ae29bbe24c,E:\Projects\RL-LAM-ScanOpt\outputs\stage3_ppo_rl_lam_fea_addendum_v01\ppo_training\checkpoints\maskable_ppo_lam_scan_order_final.zip,v01,stochastic,22661105,quality,True,0.8695306491528114,4.304347826086956,14.0,5,0.0,99.0,11.603024574669185,-0.1871455576559546,0.2012817099710192,19.0,19,21.0,odd_even,PPO_final_expansion_checkpoint_inference,False,False,final expansion PPO candidate; not physically validated yet.,existing_v01_rollout_pool,1554,0.0434782608695652,0.6376811594202899,0.3623188405797101,False,False,False,False,False
PPOFINAL_N24_B072_quality,final_expansion_batch03,72,24,"[11, 3, 1, 15, 23, 21, 19, 17, 13, 9, 7, 5, 0, 2, 6, 4, 8, 10, 16, 18, 22, 20, 14, 12]","11,3,1,15,23,21,19,17,13,9,7,5,0,2,6,4,8,10,16,18,22,20,14,12",101deebc46de29ff,E:\Projects\RL-LAM-ScanOpt\outputs\stage3_ppo_rl_lam_fea_addendum_v01\ppo_training\checkpoints\maskable_ppo_lam_scan_order_final.zip,v01,stochastic,22660698,quality,True,0.866769664712738,3.9565217391304346,14.0,3,0.0,91.0,8.215500945179587,-0.1720226843100189,0.1803853199971889,19.0,19,19.0,odd_even,PPO_final_expansion_checkpoint_inference,False,False,final expansion PPO candidate; not physically validated yet.,existing_v01_rollout_pool,1147,0.0434782608695652,0.6376811594202899,0.3623188405797101,False,False,False,False,False
PPOFINAL_N24_B073_quality,final_expansion_batch03,73,24,"[11, 1, 3, 15, 23, 21, 19, 17, 13, 9, 7, 5, 0, 2, 6, 10, 8, 4, 16, 18, 20, 22, 14, 12]","11,1,3,15,23,21,19,17,13,9,7,5,0,2,6,10,8,4,16,18,20,22,14,12",4e0d0ddb35f92839,E:\Projects\RL-LAM-ScanOpt\outputs\stage3_ppo_rl_lam_fea_addendum_v01\ppo_training\checkpoints\maskable_ppo_lam_scan_order_final.zip,v01,stochastic,22660639,quality,True,0.8653545248290282,4.304347826086956,12.0,5,0.0,99.0,10.55954631379962,-0.1871455576559546,0.1993091612737232,19.0,19,21.0,raster,PPO_final_expansion_checkpoint_inference,False,False,final expansion PPO candidate; not physically validated yet.,existing_v01_rollout_pool,1088,0.0434782608695652,0.6376811594202899,0.3623188405797101,False,False,False,False,False
PPOFINAL_N24_B074_quality,final_expansion_batch03,74,24,"[11, 1, 3, 15, 23, 21, 19, 17, 13, 9, 7, 5, 0, 2, 6, 8, 4, 10, 12, 16, 20, 22, 18, 14]","11,1,3,15,23,21,19,17,13,9,7,5,0,2,6,8,4,10,12,16,20,22,18,14",9b7b033e3365b03f,E:\Projects\RL-LAM-ScanOpt\outputs\stage3_ppo_rl_lam_fea_addendum_v01\ppo_training\checkpoints\maskable_ppo_lam_scan_order_final.zip,v01,stochastic,22660634,quality,True,0.8620850439456353,4.043478260869565,12.0,3,0.0,93.0,6.998109640831758,-0.1758034026465028,0.181707201589474,17.0,17,20.0,odd_even,PPO_final_expansion_checkpoint_inference,False,False,final expansion PPO candidate; not physically validated yet.,existing_v01_rollout_pool,1083,0.0434782608695652,0.6376811594202899,0.3623188405797101,False,False,False,False,False
PPOFINAL_N24_B075_quality,final_expansion_batch03,75,24,"[11, 3, 1, 15, 23, 21, 19, 17, 13, 9, 7, 5, 0, 2, 6, 4, 8, 10, 12, 16, 18, 20, 22, 14]","11,3,1,15,23,21,19,17,13,9,7,5,0,2,6,4,8,10,12,16,18,20,22,14",41c9546f5a8feab2,E:\Projects\RL-LAM-ScanOpt\outputs\stage3_ppo_rl_lam_fea_addendum_v01\ppo_training\checkpoints\maskable_ppo_lam_scan_order_final.zip,v01,stochastic,22660748,quality,True,0.8617197716458638,3.869565217391304,14.0,4,0.0,89.0,8.722117202268434,-0.1682419659735349,0.1777198182777601,17.0,17,18.0,odd_even,PPO_final_expansion_checkpoint_inference,False,False,final expansion PPO candidate; not physically validated yet.,existing_v01_rollout_pool,1197,0.0434782608695652,0.6376811594202899,0.3623188405797101,False,False,False,False,False
PPOFINAL_N24_B076_quality,final_expansion_batch03,76,24,"[11, 1, 3, 15, 23, 21, 19, 17, 13, 9, 7, 5, 0, 2, 6, 8, 10, 4, 12, 16, 18, 20, 22, 14]","11,1,3,15,23,21,19,17,13,9,7,5,0,2,6,8,10,4,12,16,18,20,22,14",0c8fbb88f08d90f6,E:\Projects\RL-LAM-ScanOpt\outputs\stage3_ppo_rl_lam_fea_addendum_v01\ppo_training\checkpoints\maskable_ppo_lam_scan_order_final.zip,v01,stochastic,22661115,quality,True,0.8604267421364137,4.217391304347826,12.0,5,0.0,97.0,8.69187145557656,-0.1833648393194707,0.1921553965763892,15.0,15,21.0,raster,PPO_final_expansion_checkpoint_inference,False,False,final expansion PPO candidate; not physically validated yet.,existing_v01_rollout_pool,1564,0.0434782608695652,0.6376811594202899,0.3623188405797101,False,False,False,False,False
PPOFINAL_N24_B077_quality,final_expansion_batch03,77,24,"[11, 3, 1, 15, 21, 23, 19, 17, 13, 9, 7, 5, 0, 2, 6, 4, 8, 10, 12, 16, 18, 20, 22, 14]","11,3,1,15,21,23,19,17,13,9,7,5,0,2,6,4,8,10,12,16,18,20,22,14",9ffa015ff59a2274,E:\Projects\RL-LAM-ScanOpt\outputs\stage3_ppo_rl_lam_fea_addendum_v01\ppo_training\checkpoints\maskable_ppo_lam_scan_order_final.zip,v01,stochastic,22661005,quality,True,0.8582384321147632,3.869565217391304,14.0,3,0.0,89.0,8.026465028355389,-0.1682419659735349,0.1764047858128961,17.0,17,18.0,odd_even,PPO_final_expansion_checkpoint_inference,False,False,final expansion PPO candidate; not physically validated yet.,existing_v01_rollout_pool,1454,0.0434782608695652,0.6376811594202899,0.3623188405797101,False,False,False,False,False
PPOFINAL_N24_B078_quality,final_expansion_batch03,78,24,"[11, 3, 1, 15, 23, 21, 19, 17, 13, 9, 7, 5, 0, 2, 6, 8, 4, 10, 12, 16, 18, 20, 22, 14]","11,3,1,15,23,21,19,17,13,9,7,5,0,2,6,8,4,10,12,16,18,20,22,14",2cc0a9bd95d01d23,E:\Projects\RL-LAM-ScanOpt\outputs\stage3_ppo_rl_lam_fea_addendum_v01\ppo_training\checkpoints\maskable_ppo_lam_scan_order_final.zip,v01,stochastic,22660646,quality,True,0.857125699496536,4.043478260869565,14.0,4,0.0,93.0,8.737240075614366,-0.1758034026465028,0.1849947827516339,16.0,16,19.0,odd_even,PPO_final_expansion_checkpoint_inference,False,False,final expansion PPO candidate; not physically validated yet.,existing_v01_rollout_pool,1095,0.0434782608695652,0.6376811594202899,0.3623188405797101,False,False,False,False,False
PPOFINAL_N24_B079_quality,final_expansion_batch03,79,24,"[11, 1, 3, 15, 21, 23, 19, 17, 13, 9, 7, 5, 0, 2, 6, 8, 10, 4, 12, 16, 20, 22, 18, 14]","11,1,3,15,21,23,19,17,13,9,7,5,0,2,6,8,10,4,12,16,20,22,18,14",f10bc854b7e82a12,E:\Projects\RL-LAM-ScanOpt\outputs\stage3_ppo_rl_lam_fea_addendum_v01\ppo_training\checkpoints\maskable_ppo_lam_scan_order_final.zip,v01,stochastic,22660921,quality,True,0.8569043446027589,4.217391304347826,12.0,3,0.0,97.0,6.952741020793951,-0.1833648393194707,0.1888678154142292,18.0,18,21.0,raster,PPO_final_expansion_checkpoint_inference,False,False,final expansion PPO candidate; not physically validated yet.,existing_v01_rollout_pool,1370,0.0434782608695652,0.6376811594202899,0.3623188405797101,False,False,False,False,False
PPOFINAL_N24_B080_quality,final_expansion_batch03,80,24,"[11, 1, 3, 15, 23, 21, 19, 17, 13, 9, 7, 5, 0, 2, 6, 8, 10, 4, 16, 22, 20, 18, 14, 12]","11,1,3,15,23,21,19,17,13,9,7,5,0,2,6,8,10,4,16,22,20,18,14,12",927950fa6f38aacf,E:\Projects\RL-LAM-ScanOpt\outputs\stage3_ppo_rl_lam_fea_addendum_v01\ppo_training\checkpoints\maskable_ppo_lam_scan_order_final.zip,v01,stochastic,22661043,quality,True,0.8561594483950706,4.304347826086956,12.0,4,0.0,99.0,10.2117202268431,-0.1871455576559546,0.1986516450412913,18.0,18,21.0,raster,PPO_final_expansion_checkpoint_inference,False,False,final expansion PPO candidate; not physically validated yet.,existing_v01_rollout_pool,1492,0.0434782608695652,0.6376811594202899,0.3623188405797101,False,False,False,False,False
PPOFINAL_N24_B081_quality,final_expansion_batch03,81,24,"[11, 1, 3, 15, 21, 23, 19, 17, 13, 9, 7, 5, 0, 2, 6, 8, 4, 10, 12, 16, 18, 20, 22, 14]","11,1,3,15,21,23,19,17,13,9,7,5,0,2,6,8,4,10,12,16,18,20,22,14",029ad934bef28762,E:\Projects\RL-LAM-ScanOpt\outputs\stage3_ppo_rl_lam_fea_addendum_v01\ppo_training\checkpoints\maskable_ppo_lam_scan_order_final.zip,v01,stochastic,22660690,quality,True,0.8561183501782694,4.043478260869565,12.0,3,0.0,93.0,7.345935727788278,-0.1758034026465028,0.182364717821906,16.0,16,20.0,odd_even,PPO_final_expansion_checkpoint_inference,False,False,final expansion PPO candidate; not physically validated yet.,existing_v01_rollout_pool,1139,0.0434782608695652,0.6376811594202899,0.3623188405797101,False,False,False,False,False
PPOFINAL_N24_B082_quality,final_expansion_batch03,82,24,"[11, 1, 3, 15, 21, 23, 19, 17, 13, 9, 7, 5, 0, 2, 6, 4, 8, 10, 12, 18, 20, 22, 16, 14]","11,1,3,15,21,23,19,17,13,9,7,5,0,2,6,4,8,10,12,18,20,22,16,14",43ff7b7dbaf8d62c,E:\Projects\RL-LAM-ScanOpt\outputs\stage3_ppo_rl_lam_fea_addendum_v01\ppo_training\checkpoints\maskable_ppo_lam_scan_order_final.zip,v01,stochastic,22660665,quality,True,0.8558346138155115,3.869565217391304,12.0,2,0.0,89.0,6.9829867674858255,-0.1682419659735349,0.1744322371156001,15.0,15,19.0,odd_even,PPO_final_expansion_checkpoint_inference,False,False,final expansion PPO candidate; not physically validated yet.,existing_v01_rollout_pool,1114,0.0434782608695652,0.6376811594202899,0.3623188405797101,False,False,False,False,False
PPOFINAL_N24_B083_quality,final_expansion_batch03,83,24,"[11, 1, 3, 15, 23, 21, 19, 17, 13, 9, 7, 5, 0, 2, 6, 4, 8, 10, 16, 18, 20, 22, 14, 12]","11,1,3,15,23,21,19,17,13,9,7,5,0,2,6,4,8,10,16,18,20,22,14,12",11ec01af1f9e1e53,E:\Projects\RL-LAM-ScanOpt\outputs\stage3_ppo_rl_lam_fea_addendum_v01\ppo_training\checkpoints\maskable_ppo_lam_scan_order_final.zip,v01,stochastic,22660682,quality,True,0.8556668735289369,3.9565217391304346,12.0,4,0.0,91.0,8.215500945179588,-0.1720226843100189,0.1803853199971889,18.0,18,20.0,odd_even,PPO_final_expansion_checkpoint_inference,False,False,final expansion PPO candidate; not physically validated yet.,existing_v01_rollout_pool,1131,0.0434782608695652,0.6376811594202899,0.3623188405797101,False,False,False,False,False
PPOFINAL_N24_B084_quality,final_expansion_batch03,84,24,"[11, 1, 3, 15, 23, 21, 19, 17, 13, 9, 7, 5, 0, 2, 6, 4, 8, 10, 12, 16, 18, 20, 22, 14]","11,1,3,15,23,21,19,17,13,9,7,5,0,2,6,4,8,10,12,16,18,20,22,14",31116256a3c275ab,E:\Projects\RL-LAM-ScanOpt\outputs\stage3_ppo_rl_lam_fea_addendum_v01\ppo_training\checkpoints\maskable_ppo_lam_scan_order_final.zip,v01,stochastic,22660649,quality,True,0.8556668735289369,3.869565217391304,12.0,4,0.0,89.0,8.02646502835539,-0.1682419659735349,0.1764047858128961,17.0,17,19.0,odd_even,PPO_final_expansion_checkpoint_inference,False,False,final expansion PPO candidate; not physically validated yet.,existing_v01_rollout_pool,1098,0.0434782608695652,0.6376811594202899,0.3623188405797101,False,False,False,False,False
PPOFINAL_N24_B085_quality,final_expansion_batch03,85,24,"[11, 3, 1, 15, 23, 21, 19, 17, 13, 9, 7, 5, 0, 2, 6, 8, 4, 10, 16, 18, 20, 22, 14, 12]","11,3,1,15,23,21,19,17,13,9,7,5,0,2,6,8,4,10,16,18,20,22,14,12",0d8284db8e158441,E:\Projects\RL-LAM-ScanOpt\outputs\stage3_ppo_rl_lam_fea_addendum_v01\ppo_training\checkpoints\maskable_ppo_lam_scan_order_final.zip,v01,stochastic,22660656,quality,True,0.8553276234837504,4.130434782608695,14.0,4,0.0,95.0,8.896030245746694,-0.1795841209829867,0.1889181416113673,19.0,19,20.0,odd_even,PPO_final_expansion_checkpoint_inference,False,False,final expansion PPO candidate; not physically validated yet.,existing_v01_rollout_pool,1105,0.0434782608695652,0.6376811594202899,0.3623188405797101,False,False,False,False,False
PPOFINAL_N24_B086_quality,final_expansion_batch03,86,24,"[11, 1, 3, 15, 21, 23, 19, 17, 13, 9, 7, 5, 0, 2, 6, 8, 4, 10, 12, 16, 20, 22, 18, 14]","11,1,3,15,21,23,19,17,13,9,7,5,0,2,6,8,4,10,12,16,20,22,18,14",7000ed00a11bf958,E:\Projects\RL-LAM-ScanOpt\outputs\stage3_ppo_rl_lam_fea_addendum_v01\ppo_training\checkpoints\maskable_ppo_lam_scan_order_final.zip,v01,stochastic,22660844,quality,True,0.8548780537060148,4.043478260869565,12.0,2,0.0,93.0,6.302457466918715,-0.1758034026465028,0.18039216912461,17.0,17,20.0,odd_even,PPO_final_expansion_checkpoint_inference,False,False,final expansion PPO candidate; not physically validated yet.,existing_v01_rollout_pool,1293,0.0434782608695652,0.6376811594202899,0.3623188405797101,False,False,False,False,False
PPOFINAL_N24_B087_quality,final_expansion_batch03,87,24,"[11, 1, 3, 15, 23, 21, 19, 13, 17, 20, 9, 7, 5, 0, 2, 4, 6, 8, 10, 16, 18, 22, 14, 12]","11,1,3,15,23,21,19,13,17,20,9,7,5,0,2,4,6,8,10,16,18,22,14,12",325923efbeb8b0da,E:\Projects\RL-LAM-ScanOpt\outputs\stage3_ppo_rl_lam_fea_addendum_v01\ppo_training\checkpoints\maskable_ppo_lam_scan_order_final.zip,v01,stochastic,22661080,quality,True,0.8538040175278353,4.391304347826087,12.0,5,0.0,101.0,10.23818525519849,-0.1909262759924385,0.2023248618560778,16.0,16,21.0,center_out,PPO_final_expansion_checkpoint_inference,False,False,final expansion PPO candidate; not physically validated yet.,existing_v01_rollout_pool,1529,0.1304347826086956,0.6376811594202899,0.3623188405797101,False,False,False,False,False
PPOFINAL_N24_B088_quality,final_expansion_batch03,88,24,"[11, 1, 3, 15, 21, 23, 19, 17, 13, 9, 7, 5, 0, 2, 6, 4, 8, 10, 16, 18, 20, 22, 14, 12]","11,1,3,15,21,23,19,17,13,9,7,5,0,2,6,4,8,10,16,18,20,22,14,12",8e4ed074dd15de00,E:\Projects\RL-LAM-ScanOpt\outputs\stage3_ppo_rl_lam_fea_addendum_v01\ppo_training\checkpoints\maskable_ppo_lam_scan_order_final.zip,v01,stochastic,22660683,quality,True,0.8521855339978364,3.9565217391304346,12.0,3,0.0,91.0,7.519848771266544,-0.1720226843100189,0.1790702875323249,18.0,18,20.0,odd_even,PPO_final_expansion_checkpoint_inference,False,False,final expansion PPO candidate; not physically validated yet.,existing_v01_rollout_pool,1132,0.0434782608695652,0.6376811594202899,0.3623188405797101,False,False,False,False,False
PPOFINAL_N24_B089_quality,final_expansion_batch03,89,24,"[11, 15, 1, 3, 23, 21, 19, 17, 13, 9, 7, 5, 0, 2, 6, 4, 8, 10, 16, 18, 22, 20, 14, 12]","11,15,1,3,23,21,19,17,13,9,7,5,0,2,6,4,8,10,16,18,22,20,14,12",a397e497dd75e525,E:\Projects\RL-LAM-ScanOpt\outputs\stage3_ppo_rl_lam_fea_addendum_v01\ppo_training\checkpoints\maskable_ppo_lam_scan_order_final.zip,v01,stochastic,22661093,quality,True,0.8520911037926558,4.304347826086956,20.0,2,0.0,99.0,17.86389413988658,-0.1871455576559546,0.213117002154795,19.0,19,20.0,odd_even,PPO_final_expansion_checkpoint_inference,False,False,final expansion PPO candidate; not physically validated yet.,existing_v01_rollout_pool,1542,0.0434782608695652,0.6376811594202899,0.3623188405797101,False,False,False,False,False
PPOFINAL_N24_B090_quality,final_expansion_batch03,90,24,"[11, 1, 3, 15, 23, 21, 19, 17, 13, 9, 7, 5, 0, 2, 6, 8, 4, 10, 12, 16, 18, 20, 22, 14]","11,1,3,15,23,21,19,17,13,9,7,5,0,2,6,8,4,10,12,16,18,20,22,14",587cc3b9360bb9a7,E:\Projects\RL-LAM-ScanOpt\outputs\stage3_ppo_rl_lam_fea_addendum_v01\ppo_training\checkpoints\maskable_ppo_lam_scan_order_final.zip,v01,stochastic,22660694,quality,True,0.8510728013796092,4.043478260869565,12.0,4,0.0,93.0,8.041587901701321,-0.1758034026465028,0.1836797502867699,16.0,16,20.0,odd_even,PPO_final_expansion_checkpoint_inference,False,False,final expansion PPO candidate; not physically validated yet.,existing_v01_rollout_pool,1143,0.0434782608695652,0.6376811594202899,0.3623188405797101,False,False,False,False,False
PPOFINAL_N24_B091_quality,final_expansion_batch03,91,24,"[11, 1, 3, 15, 23, 21, 19, 17, 13, 9, 7, 5, 0, 2, 6, 4, 8, 10, 16, 18, 22, 20, 14, 12]","11,1,3,15,23,21,19,17,13,9,7,5,0,2,6,4,8,10,16,18,22,20,14,12",8ed09c8cb84ff283,E:\Projects\RL-LAM-ScanOpt\outputs\stage3_ppo_rl_lam_fea_addendum_v01\ppo_training\checkpoints\maskable_ppo_lam_scan_order_final.zip,v01,stochastic,22661128,quality,True,0.8508983886134598,3.9565217391304346,12.0,3,0.0,91.0,7.519848771266544,-0.1720226843100189,0.1790702875323249,19.0,19,20.0,odd_even,PPO_final_expansion_checkpoint_inference,False,False,final expansion PPO candidate; not physically validated yet.,existing_v01_rollout_pool,1577,0.0434782608695652,0.6376811594202899,0.3623188405797101,False,False,False,False,False
PPOFINAL_N24_B092_quality,final_expansion_batch03,92,24,"[11, 3, 1, 15, 23, 21, 19, 17, 13, 9, 7, 5, 0, 2, 6, 8, 10, 4, 12, 16, 18, 22, 20, 14]","11,3,1,15,23,21,19,17,13,9,7,5,0,2,6,8,10,4,12,16,18,22,20,14",088206a2af4d662e,E:\Projects\RL-LAM-ScanOpt\outputs\stage3_ppo_rl_lam_fea_addendum_v01\ppo_training\checkpoints\maskable_ppo_lam_scan_order_final.zip,v01,stochastic,22660817,quality,True,0.850657854769283,4.217391304347826,14.0,4,0.0,97.0,8.691871455576557,-0.1833648393194707,0.1921553965763892,17.0,17,19.0,odd_even,PPO_final_expansion_checkpoint_inference,False,False,final expansion PPO candidate; not physically validated yet.,existing_v01_rollout_pool,1266,0.0434782608695652,0.6376811594202899,0.3623188405797101,False,False,False,False,False
PPOFINAL_N24_B093_diversity,final_expansion_batch03,93,24,"[21, 17, 7, 3, 9, 13, 5, 1, 11, 19, 15, 23, 0, 2, 18, 20, 22, 4, 8, 10, 12, 14, 6, 16]","21,17,7,3,9,13,5,1,11,19,15,23,0,2,18,20,22,4,8,10,12,14,6,16",ecb877023557149e,E:\Projects\RL-LAM-ScanOpt\outputs\stage3_ppo_rl_lam_fea_addendum_v02_targeted_N24_N40\ppo_training_v02\checkpoints\N24_seed20260624_maskable_ppo_v02.zip,v02,stochastic,22660707,diversity,True,0.6375306744537644,7.0,23.0,10,0.0,161.0,30.17391304347826,-0.3043478260869565,0.3487061998301416,18.0,18,19.0,odd_even,PPO_final_expansion_checkpoint_inference,False,False,final expansion PPO candidate; not physically validated yet.,existing_v02_rollout_pool,84,0.0434782608695652,0.463768115942029,0.5362318840579711,False,False,False,False,False
PPOFINAL_N24_B094_diversity,final_expansion_batch03,94,24,"[11, 3, 1, 13, 15, 23, 21, 5, 17, 19, 9, 7, 0, 2, 8, 6, 10, 16, 4, 14, 12, 18, 22, 20]","11,3,1,13,15,23,21,5,17,19,9,7,0,2,8,6,10,16,4,14,12,18,22,20",520393d0e10224bd,E:\Projects\RL-LAM-ScanOpt\outputs\stage3_ppo_rl_lam_fea_addendum_v01\ppo_training\checkpoints\maskable_ppo_lam_scan_order_final.zip,v01,stochastic,22660959,diversity,True,0.6390688214903728,6.043478260869565,16.0,8,0.0,139.0,17.43289224952741,-0.2627599243856333,0.284766021895767,17.0,17,16.0,odd_even,PPO_final_expansion_checkpoint_inference,False,False,final expansion PPO candidate; not physically validated yet.,existing_v01_rollout_pool,1408,0.0434782608695652,0.5217391304347826,0.4782608695652173,False,False,False,False,False
PPOFINAL_N24_B095_diversity,final_expansion_batch03,95,24,"[11, 3, 1, 15, 23, 21, 17, 19, 7, 9, 5, 0, 2, 6, 8, 4, 10, 16, 18, 13, 12, 14, 22, 20]","11,3,1,15,23,21,17,19,7,9,5,0,2,6,8,4,10,16,18,13,12,14,22,20",68f63e90fd5cbd04,E:\Projects\RL-LAM-ScanOpt\outputs\stage3_ppo_rl_lam_fea_addendum_v01\ppo_training\checkpoints\maskable_ppo_lam_scan_order_final.zip,v01,stochastic,22660811,diversity,True,0.6902785758320689,4.652173913043479,14.0,5,0.0434782608695652,107.0,11.18336483931947,-0.1587901701323251,0.2149811559659473,20.0,20,21.0,raster,PPO_final_expansion_checkpoint_inference,False,False,final expansion PPO candidate; not physically validated yet.,existing_v01_rollout_pool,1260,0.1304347826086956,0.6376811594202899,0.3623188405797101,False,False,False,False,False
PPOFINAL_N24_B096_diversity,final_expansion_batch03,96,24,"[11, 3, 1, 15, 21, 23, 17, 19, 7, 5, 9, 13, 0, 2, 4, 6, 10, 8, 16, 20, 22, 18, 14, 12]","11,3,1,15,21,23,17,19,7,5,9,13,0,2,4,6,10,8,16,20,22,18,14,12",74de91df0b46dac4,E:\Projects\RL-LAM-ScanOpt\outputs\stage3_ppo_rl_lam_fea_addendum_v01\ppo_training\checkpoints\maskable_ppo_lam_scan_order_final.zip,v01,stochastic,22660991,diversity,True,0.7983481064692608,4.826086956521739,14.0,5,0.0,111.0,13.448015122873349,-0.2098298676748582,0.2265085352039193,17.0,17,18.0,odd_even,PPO_final_expansion_checkpoint_inference,False,False,final expansion PPO candidate; not physically validated yet.,existing_v01_rollout_pool,1440,0.0434782608695652,0.6376811594202899,0.3623188405797101,False,False,False,False,False
PPOFINAL_N24_B097_diversity,final_expansion_batch04,97,24,"[11, 1, 3, 15, 19, 23, 21, 17, 13, 9, 20, 22, 7, 5, 0, 2, 4, 6, 8, 10, 18, 16, 14, 12]","11,1,3,15,19,23,21,17,13,9,20,22,7,5,0,2,4,6,8,10,18,16,14,12",99a6db3ac9677143,E:\Projects\RL-LAM-ScanOpt\outputs\stage3_ppo_rl_lam_fea_addendum_v01\ppo_training\checkpoints\maskable_ppo_lam_scan_order_final.zip,v01,stochastic,22660780,diversity,True,0.7844886314181224,4.565217391304348,15.0,5,0.0,105.0,14.24574669187145,-0.1984877126654064,0.2171469691717797,17.0,17,22.0,raster,PPO_final_expansion_checkpoint_inference,False,False,final expansion PPO candidate; not physically validated yet.,existing_v01_rollout_pool,1229,0.1304347826086956,0.6086956521739131,0.3913043478260869,False,False,False,False,False
PPOFINAL_N24_B098_diversity,final_expansion_batch04,98,24,"[11, 3, 15, 1, 19, 23, 21, 13, 17, 7, 5, 0, 2, 9, 6, 4, 8, 10, 16, 20, 18, 22, 14, 12]","11,3,15,1,19,23,21,13,17,7,5,0,2,9,6,4,8,10,16,20,18,22,14,12",adda1a02ce4bda82,E:\Projects\RL-LAM-ScanOpt\outputs\stage3_ppo_rl_lam_fea_addendum_v01\ppo_training\checkpoints\maskable_ppo_lam_scan_order_final.zip,v01,stochastic,22661011,diversity,True,0.691322256746613,5.782608695652174,18.0,7,0.0,133.0,17.996219281663514,-0.2514177693761815,0.2749613470982927,18.0,18,20.0,odd_even,PPO_final_expansion_checkpoint_inference,False,False,final expansion PPO candidate; not physically validated yet.,existing_v01_rollout_pool,1460,0.1304347826086956,0.6086956521739131,0.3913043478260869,False,False,False,False,False
PPOFINAL_N24_B099_diversity,final_expansion_batch04,99,24,"[11, 1, 3, 13, 15, 23, 21, 19, 9, 17, 7, 0, 2, 5, 6, 8, 4, 10, 16, 22, 20, 18, 12, 14]","11,1,3,13,15,23,21,19,9,17,7,0,2,5,6,8,4,10,16,22,20,18,12,14",2b4e7e006d7830bb,E:\Projects\RL-LAM-ScanOpt\outputs\stage3_ppo_rl_lam_fea_addendum_v01\ppo_training\checkpoints\maskable_ppo_lam_scan_order_final.zip,v01,stochastic,22661067,diversity,True,0.7378431833795269,4.913043478260869,10.0,6,0.0434782608695652,113.0,9.9054820415879,-0.1701323251417769,0.223435063720708,18.0,18,22.0,raster,PPO_final_expansion_checkpoint_inference,False,False,final expansion PPO candidate; not physically validated yet.,existing_v01_rollout_pool,1516,0.1304347826086956,0.5217391304347826,0.4782608695652173,False,False,False,False,False
PPOFINAL_N24_B100_diversity,final_expansion_batch04,100,24,"[11, 3, 1, 21, 15, 23, 19, 17, 13, 22, 5, 9, 7, 0, 2, 6, 4, 8, 10, 12, 16, 18, 14, 20]","11,3,1,21,15,23,19,17,13,22,5,9,7,0,2,6,4,8,10,12,16,18,14,20",b2acf4ae2f80ef3a,E:\Projects\RL-LAM-ScanOpt\outputs\stage3_ppo_rl_lam_fea_addendum_v01\ppo_training\checkpoints\maskable_ppo_lam_scan_order_final.zip,v01,stochastic,22660632,diversity,True,0.7007263123422302,5.434782608695652,20.0,5,0.0,125.0,21.028355387523632,-0.2362948960302457,0.2662004197621744,16.0,16,20.0,odd_even,PPO_final_expansion_checkpoint_inference,False,False,final expansion PPO candidate; not physically validated yet.,existing_v01_rollout_pool,1081,0.1304347826086956,0.6376811594202899,0.3623188405797101,False,False,False,False,False
PPOFINAL_N24_B101_diversity,final_expansion_batch04,101,24,"[11, 3, 1, 21, 15, 23, 13, 19, 9, 17, 7, 5, 0, 2, 4, 6, 8, 10, 16, 12, 14, 18, 20, 22]","11,3,1,21,15,23,13,19,9,17,7,5,0,2,4,6,8,10,16,12,14,18,20,22",b8705a9eed1632a7,E:\Projects\RL-LAM-ScanOpt\outputs\stage3_ppo_rl_lam_fea_addendum_v01\ppo_training\checkpoints\maskable_ppo_lam_scan_order_final.zip,v01,stochastic,22661121,diversity,True,0.6814604153720092,5.434782608695652,20.0,7,0.0,125.0,18.158790170132328,-0.2362948960302457,0.2607759108446106,14.0,14,13.0,odd_even,PPO_final_expansion_checkpoint_inference,False,False,final expansion PPO candidate; not physically validated yet.,existing_v01_rollout_pool,1570,0.0434782608695652,0.6376811594202899,0.3623188405797101,False,False,False,False,False
PPOFINAL_N24_B102_diversity,final_expansion_batch04,102,24,"[11, 1, 15, 3, 23, 21, 19, 13, 17, 7, 9, 0, 2, 5, 6, 8, 4, 10, 16, 12, 22, 20, 18, 14]","11,1,15,3,23,21,19,13,17,7,9,0,2,5,6,8,4,10,16,12,22,20,18,14",412dd61950d59a02,E:\Projects\RL-LAM-ScanOpt\outputs\stage3_ppo_rl_lam_fea_addendum_v01\ppo_training\checkpoints\maskable_ppo_lam_scan_order_final.zip,v01,stochastic,22660793,diversity,True,0.6547507810600612,5.956521739130435,20.0,7,0.0434782608695652,137.0,22.389413988657843,-0.2155009451795841,0.2905124398021257,19.0,19,22.0,raster,PPO_final_expansion_checkpoint_inference,False,False,final expansion PPO candidate; not physically validated yet.,existing_v01_rollout_pool,1242,0.1304347826086956,0.6376811594202899,0.3623188405797101,False,False,False,False,False
PPOFINAL_N24_B103_diversity,final_expansion_batch04,103,24,"[11, 1, 3, 21, 15, 23, 17, 19, 7, 13, 9, 5, 0, 2, 6, 4, 8, 10, 18, 20, 22, 16, 12, 14]","11,1,3,21,15,23,17,19,7,13,9,5,0,2,6,4,8,10,18,20,22,16,12,14",ff1f2f444fc1385f,E:\Projects\RL-LAM-ScanOpt\outputs\stage3_ppo_rl_lam_fea_addendum_v01\ppo_training\checkpoints\maskable_ppo_lam_scan_order_final.zip,v01,stochastic,22660983,diversity,True,0.7993412661338163,5.260869565217392,18.0,5,0.0,121.0,14.8015122873346,-0.2287334593572779,0.2471830730069337,18.0,18,20.0,odd_even,PPO_final_expansion_checkpoint_inference,False,False,final expansion PPO candidate; not physically validated yet.,existing_v01_rollout_pool,1432,0.0434782608695652,0.6376811594202899,0.3623188405797101,False,False,False,False,False
PPOFINAL_N24_B104_diversity,final_expansion_batch04,104,24,"[11, 3, 1, 15, 13, 23, 19, 21, 9, 17, 20, 7, 5, 0, 6, 2, 4, 8, 10, 12, 16, 18, 22, 14]","11,3,1,15,13,23,19,21,9,17,20,7,5,0,6,2,4,8,10,12,16,18,22,14",eec9d9d1d399e2e9,E:\Projects\RL-LAM-ScanOpt\outputs\stage3_ppo_rl_lam_fea_addendum_v01\ppo_training\checkpoints\maskable_ppo_lam_scan_order_final.zip,v01,stochastic,22660684,diversity,True,0.7931655054762544,5.3478260869565215,14.0,7,0.0,123.0,14.139886578449904,-0.2325141776937618,0.249555551187996,18.0,18,21.0,odd_even,PPO_final_expansion_checkpoint_inference,False,False,final expansion PPO candidate; not physically validated yet.,existing_v01_rollout_pool,1133,0.1304347826086956,0.5217391304347826,0.4782608695652173,False,False,False,False,False
PPOFINAL_N24_B105_diversity,final_expansion_batch04,105,24,"[11, 3, 1, 15, 23, 21, 17, 19, 5, 13, 9, 7, 0, 2, 6, 8, 16, 4, 10, 12, 22, 20, 18, 14]","11,3,1,15,23,21,17,19,5,13,9,7,0,2,6,8,16,4,10,12,22,20,18,14",bf3c7e3e885190e0,E:\Projects\RL-LAM-ScanOpt\outputs\stage3_ppo_rl_lam_fea_addendum_v01\ppo_training\checkpoints\maskable_ppo_lam_scan_order_final.zip,v01,stochastic,22661069,diversity,True,0.7441420072193387,5.608695652173913,14.0,8,0.0,129.0,15.368620037807185,-0.2438563327032136,0.262747863965609,19.0,19,21.0,odd_even,PPO_final_expansion_checkpoint_inference,False,False,final expansion PPO candidate; not physically validated yet.,existing_v01_rollout_pool,1518,0.0434782608695652,0.6376811594202899,0.3623188405797101,False,False,False,False,False
PPOFINAL_N24_B106_diversity,final_expansion_batch04,106,24,"[11, 3, 15, 21, 1, 13, 23, 19, 17, 9, 7, 5, 0, 2, 6, 4, 8, 10, 12, 14, 16, 22, 20, 18]","11,3,15,21,1,13,23,19,17,9,7,5,0,2,6,4,8,10,12,14,16,22,20,18",67fdf422431f384f,E:\Projects\RL-LAM-ScanOpt\outputs\stage3_ppo_rl_lam_fea_addendum_v01\ppo_training\checkpoints\maskable_ppo_lam_scan_order_final.zip,v01,stochastic,22660779,diversity,True,0.7213548405323471,5.260869565217392,20.0,6,0.0,121.0,20.366729678638947,-0.2287334593572779,0.2577033327258455,13.0,13,14.0,odd_even,PPO_final_expansion_checkpoint_inference,False,False,final expansion PPO candidate; not physically validated yet.,existing_v01_rollout_pool,1228,0.0434782608695652,0.4927536231884058,0.5072463768115941,False,False,False,False,False
PPOFINAL_N24_B107_diversity,final_expansion_batch04,107,24,"[11, 3, 1, 15, 21, 19, 23, 13, 17, 9, 7, 20, 5, 0, 2, 6, 8, 4, 10, 12, 16, 18, 22, 14]","11,3,1,15,21,19,23,13,17,9,7,20,5,0,2,6,8,4,10,12,16,18,22,14",b50b42d8d6d81b48,E:\Projects\RL-LAM-ScanOpt\outputs\stage3_ppo_rl_lam_fea_addendum_v01\ppo_training\checkpoints\maskable_ppo_lam_scan_order_final.zip,v01,stochastic,22661030,diversity,True,0.6845514447853005,5.695652173913044,15.0,7,0.0,131.0,15.516068052930056,-0.2476370510396975,0.2666497820786327,18.0,18,18.0,odd_even,PPO_final_expansion_checkpoint_inference,False,False,final expansion PPO candidate; not physically validated yet.,existing_v01_rollout_pool,1479,0.1304347826086956,0.5797101449275363,0.4202898550724637,False,False,False,False,False
PPOFINAL_N24_B108_diversity,final_expansion_batch04,108,24,"[11, 1, 13, 3, 15, 23, 19, 21, 7, 5, 17, 9, 0, 2, 6, 4, 8, 10, 16, 14, 18, 20, 22, 12]","11,1,13,3,15,23,19,21,7,5,17,9,0,2,6,4,8,10,16,14,18,20,22,12",c2d90a10e6c13e10,E:\Projects\RL-LAM-ScanOpt\outputs\stage3_ppo_rl_lam_fea_addendum_v01\ppo_training\checkpoints\maskable_ppo_lam_scan_order_final.zip,v01,stochastic,22660768,diversity,True,0.6553689268744944,6.217391304347826,14.0,10,0.0,143.0,16.517958412098302,-0.2703213610586011,0.2902828451394422,17.0,17,19.0,odd_even,PPO_final_expansion_checkpoint_inference,False,False,final expansion PPO candidate; not physically validated yet.,existing_v01_rollout_pool,1217,0.0434782608695652,0.5217391304347826,0.4782608695652173,False,False,False,False,False
PPOFINAL_N24_B109_diversity,final_expansion_batch04,109,24,"[11, 3, 1, 15, 23, 21, 9, 13, 19, 17, 7, 0, 2, 5, 6, 4, 8, 10, 12, 18, 20, 22, 16, 14]","11,3,1,15,23,21,9,13,19,17,7,0,2,5,6,4,8,10,12,18,20,22,16,14",390cfaafc4da7c47,E:\Projects\RL-LAM-ScanOpt\outputs\stage3_ppo_rl_lam_fea_addendum_v01\ppo_training\checkpoints\maskable_ppo_lam_scan_order_final.zip,v01,stochastic,22661023,diversity,True,0.804033542880852,4.739130434782608,14.0,5,0.0434782608695652,109.0,12.627599243856336,-0.162570888468809,0.2213344661194511,16.0,16,20.0,odd_even,PPO_final_expansion_checkpoint_inference,False,False,final expansion PPO candidate; not physically validated yet.,existing_v01_rollout_pool,1472,0.1304347826086956,0.6376811594202899,0.3623188405797101,False,False,False,False,False
PPOFINAL_N24_B110_diversity,final_expansion_batch04,110,24,"[11, 3, 1, 21, 15, 23, 19, 17, 13, 9, 7, 0, 2, 5, 6, 4, 8, 16, 18, 20, 22, 14, 10, 12]","11,3,1,21,15,23,19,17,13,9,7,0,2,5,6,4,8,16,18,20,22,14,10,12",6c173eb0332cca99,E:\Projects\RL-LAM-ScanOpt\outputs\stage3_ppo_rl_lam_fea_addendum_v01\ppo_training\checkpoints\maskable_ppo_lam_scan_order_final.zip,v01,stochastic,22661126,diversity,True,0.7865085680164963,4.652173913043479,20.0,5,0.0434782608695652,107.0,16.052930056710778,-0.1587901701323251,0.2241863832199951,19.0,19,21.0,edge_in,PPO_final_expansion_checkpoint_inference,False,False,final expansion PPO candidate; not physically validated yet.,existing_v01_rollout_pool,1575,0.1304347826086956,0.6376811594202899,0.3623188405797101,False,False,False,False,False
PPOFINAL_N24_B111_diversity,final_expansion_batch04,111,24,"[11, 1, 3, 15, 23, 21, 19, 13, 17, 7, 5, 0, 2, 4, 6, 8, 10, 16, 20, 9, 12, 18, 22, 14]","11,1,3,15,23,21,19,13,17,7,5,0,2,4,6,8,10,16,20,9,12,18,22,14",3989d0080d339976,E:\Projects\RL-LAM-ScanOpt\outputs\stage3_ppo_rl_lam_fea_addendum_v01\ppo_training\checkpoints\maskable_ppo_lam_scan_order_final.zip,v01,stochastic,22660769,diversity,True,0.7800222654545491,5.0,12.0,6,0.0,115.0,10.608695652173912,-0.217391304347826,0.2283875784225089,17.0,17,22.0,raster,PPO_final_expansion_checkpoint_inference,False,False,final expansion PPO candidate; not physically validated yet.,existing_v01_rollout_pool,1218,0.1304347826086956,0.6376811594202899,0.3623188405797101,False,False,False,False,False
PPOFINAL_N24_B112_diversity,final_expansion_batch04,112,24,"[11, 1, 3, 15, 23, 19, 21, 17, 9, 7, 13, 5, 0, 2, 4, 6, 8, 10, 18, 20, 22, 14, 16, 12]","11,1,3,15,23,19,21,17,9,7,13,5,0,2,4,6,8,10,18,20,22,14,16,12",d699348f4b02cb9e,E:\Projects\RL-LAM-ScanOpt\outputs\stage3_ppo_rl_lam_fea_addendum_v01\ppo_training\checkpoints\maskable_ppo_lam_scan_order_final.zip,v01,stochastic,22661130,diversity,True,0.7760434167062839,4.652173913043479,12.0,7,0.0,107.0,9.531190926275992,-0.2022684310018903,0.2118579538618953,16.0,16,18.0,odd_even,PPO_final_expansion_checkpoint_inference,False,False,final expansion PPO candidate; not physically validated yet.,existing_v01_rollout_pool,1579,0.0434782608695652,0.6086956521739131,0.3913043478260869,False,False,False,False,False
PPOFINAL_N24_B113_efficiency,final_expansion_batch04,113,24,"[21, 23, 19, 17, 18, 22, 20, 16, 14, 15, 12, 13, 10, 9, 11, 8, 7, 6, 4, 2, 5, 3, 0, 1]","21,23,19,17,18,22,20,16,14,15,12,13,10,9,11,8,7,6,4,2,5,3,0,1",fcc378efe4f89550,E:\Projects\RL-LAM-ScanOpt\outputs\stage3_ppo_rl_lam_fea_addendum_v03_lex_primary_N24_N40\ppo_training_v03\checkpoints\N24_seed20260627_maskable_ppo_v03.zip,v03,deterministic,20260627,efficiency,True,0.3398632326193986,2.1739130434782608,4.0,0,0.3043478260869565,50.0,1.0132325141776934,0.2098298676748582,0.0924950835176642,20.0,20,23.0,center_out,PPO_final_expansion_checkpoint_inference,False,False,final expansion PPO candidate; not physically validated yet.,existing_v03_rollout_pool,0,0.5217391304347826,0.7391304347826088,0.2608695652173913,False,False,False,False,False
PPOFINAL_N24_B114_efficiency,final_expansion_batch04,114,24,"[23, 22, 21, 17, 19, 18, 20, 15, 16, 8, 10, 13, 14, 11, 12, 9, 4, 5, 7, 6, 2, 3, 1, 0]","23,22,21,17,19,18,20,15,16,8,10,13,14,11,12,9,4,5,7,6,2,3,1,0",0b16744bf6ae81d3,E:\Projects\RL-LAM-ScanOpt\outputs\stage3_ppo_rl_lam_fea_addendum_v03_lex_primary_N24_N40\ppo_training_v03\checkpoints\N24_seed20260627_maskable_ppo_v03.zip,v03,stochastic,42921273,efficiency,True,0.3185226938269591,2.391304347826087,8.0,1,0.4347826086956521,55.0,3.107750472589793,0.330812854442344,0.1055124457578887,17.0,17,23.0,raster,PPO_final_expansion_checkpoint_inference,False,False,final expansion PPO candidate; not physically validated yet.,existing_v03_rollout_pool,18,0.6521739130434783,0.7391304347826088,0.2608695652173913,False,False,False,False,False
PPOFINAL_N24_B115_efficiency,final_expansion_batch04,115,24,"[23, 19, 22, 20, 16, 18, 17, 21, 13, 14, 15, 12, 11, 10, 9, 8, 7, 4, 3, 1, 2, 5, 6, 0]","23,19,22,20,16,18,17,21,13,14,15,12,11,10,9,8,7,4,3,1,2,5,6,0",4b515e60f47ee486,E:\Projects\RL-LAM-ScanOpt\outputs\stage3_ppo_rl_lam_fea_addendum_v03_lex_primary_N24_N40\ppo_training_v03\checkpoints\N24_seed20260627_maskable_ppo_v03.zip,v03,stochastic,42921262,efficiency,True,0.3506208867652674,2.391304347826087,8.0,1,0.4782608695652174,55.0,3.2816635160680523,0.3742911153119093,0.1058412038741047,12.0,12,22.0,regular_jump,PPO_final_expansion_checkpoint_inference,False,False,final expansion PPO candidate; not physically validated yet.,existing_v03_rollout_pool,7,0.6521739130434783,0.7101449275362318,0.2898550724637681,False,False,False,False,False
PPOFINAL_N24_B116_efficiency,final_expansion_batch04,116,24,"[19, 23, 22, 20, 18, 17, 21, 16, 15, 14, 12, 9, 10, 11, 13, 8, 7, 0, 2, 4, 6, 3, 1, 5]","19,23,22,20,18,17,21,16,15,14,12,9,10,11,13,8,7,0,2,4,6,3,1,5",a2eed9c3a29ed981,E:\Projects\RL-LAM-ScanOpt\outputs\stage3_ppo_rl_lam_fea_addendum_v03_lex_primary_N24_N40\ppo_training_v03\checkpoints\N24_seed20260627_maskable_ppo_v03.zip,v03,stochastic,42921369,efficiency,True,0.362493459607925,2.5217391304347827,7.0,0,0.3043478260869565,58.0,2.51039697542533,0.1947069943289225,0.1098180157065381,16.0,16,23.0,center_out,PPO_final_expansion_checkpoint_inference,False,False,final expansion PPO candidate; not physically validated yet.,existing_v03_rollout_pool,114,0.5217391304347826,0.7246376811594203,0.2753623188405796,False,False,False,False,False
PPOFINAL_N24_B117_efficiency,final_expansion_batch04,117,24,"[23, 19, 21, 16, 17, 20, 22, 18, 13, 14, 15, 12, 11, 9, 10, 8, 7, 0, 2, 4, 1, 6, 5, 3]","23,19,21,16,17,20,22,18,13,14,15,12,11,9,10,8,7,0,2,4,1,6,5,3",9a1a0acb348f0abc,E:\Projects\RL-LAM-ScanOpt\outputs\stage3_ppo_rl_lam_fea_addendum_v03_lex_primary_N24_N40\ppo_training_v03\checkpoints\N24_seed20260627_maskable_ppo_v03.zip,v03,stochastic,42921277,efficiency,True,0.4946851715188061,2.608695652173913,7.0,0,0.3043478260869565,60.0,2.67296786389414,0.1909262759924385,0.1137485214818414,16.0,16,22.0,center_out,PPO_final_expansion_checkpoint_inference,False,False,final expansion PPO candidate; not physically validated yet.,existing_v03_rollout_pool,22,0.6086956521739131,0.681159420289855,0.3188405797101449,False,False,False,False,False
PPOFINAL_N24_B118_efficiency,final_expansion_batch04,118,24,"[23, 21, 19, 20, 18, 22, 16, 14, 13, 17, 15, 11, 10, 12, 6, 9, 8, 7, 4, 2, 3, 1, 5, 0]","23,21,19,20,18,22,16,14,13,17,15,11,10,12,6,9,8,7,4,2,3,1,5,0",5df2570f1e62e9d1,E:\Projects\RL-LAM-ScanOpt\outputs\stage3_ppo_rl_lam_fea_addendum_v03_lex_primary_N24_N40\ppo_training_v03\checkpoints\N24_seed20260627_maskable_ppo_v03.zip,v03,stochastic,42921257,efficiency,True,0.3644022006415084,2.652173913043478,6.0,0,0.2608695652173913,61.0,2.400756143667297,0.1455576559546313,0.1150455377637063,19.0,19,23.0,raster,PPO_final_expansion_checkpoint_inference,False,False,final expansion PPO candidate; not physically validated yet.,existing_v03_rollout_pool,2,0.391304347826087,0.7826086956521738,0.217391304347826,False,False,False,False,False
PPOFINAL_N24_B119_efficiency,final_expansion_batch04,119,24,"[23, 19, 18, 21, 22, 15, 13, 16, 17, 20, 14, 12, 10, 9, 8, 11, 6, 2, 4, 5, 7, 3, 1, 0]","23,19,18,21,22,15,13,16,17,20,14,12,10,9,8,11,6,2,4,5,7,3,1,0",42004e61e957b4ca,E:\Projects\RL-LAM-ScanOpt\outputs\stage3_ppo_rl_lam_fea_addendum_v03_lex_primary_N24_N40\ppo_training_v03\checkpoints\N24_seed20260627_maskable_ppo_v03.zip,v03,stochastic,42921332,efficiency,True,0.3457056477849146,2.652173913043478,7.0,0,0.3043478260869565,61.0,2.748582230623818,0.1890359168241966,0.1157030539961382,19.0,19,22.0,odd_even,PPO_final_expansion_checkpoint_inference,False,False,final expansion PPO candidate; not physically validated yet.,existing_v03_rollout_pool,77,0.5652173913043478,0.7101449275362319,0.2898550724637681,False,False,False,False,False
PPOFINAL_N24_B120_efficiency,final_expansion_batch04,120,24,"[23, 21, 22, 20, 17, 16, 19, 18, 13, 14, 15, 12, 8, 10, 11, 9, 3, 2, 5, 7, 1, 4, 6, 0]","23,21,22,20,17,16,19,18,13,14,15,12,8,10,11,9,3,2,5,7,1,4,6,0",c0848ef3bd5b5872,E:\Projects\RL-LAM-ScanOpt\outputs\stage3_ppo_rl_lam_fea_addendum_v03_lex_primary_N24_N40\ppo_training_v03\checkpoints\N24_seed20260627_maskable_ppo_v03.zip,v03,stochastic,42921334,efficiency,True,0.3235899607927442,2.652173913043478,6.0,0,0.3043478260869565,61.0,2.748582230623819,0.1890359168241966,0.1157030539961382,17.0,17,22.0,center_out,PPO_final_expansion_checkpoint_inference,False,False,final expansion PPO candidate; not physically validated yet.,existing_v03_rollout_pool,79,0.5652173913043478,0.7246376811594204,0.2753623188405797,False,False,False,False,False
PPOFINAL_N24_B121_efficiency,final_expansion_batch04,121,24,"[23, 15, 19, 21, 22, 20, 16, 14, 18, 17, 13, 8, 9, 10, 11, 12, 6, 7, 2, 4, 3, 5, 0, 1]","23,15,19,21,22,20,16,14,18,17,13,8,9,10,11,12,6,7,2,4,3,5,0,1",ed3c551c58d481e5,E:\Projects\RL-LAM-ScanOpt\outputs\stage3_ppo_rl_lam_fea_addendum_v03_lex_primary_N24_N40\ppo_training_v03\checkpoints\N24_seed20260627_maskable_ppo_v03.zip,v03,stochastic,42921345,efficiency,True,0.3318927879654138,2.782608695652174,8.0,1,0.391304347826087,64.0,3.9092627599243865,0.2703213610586011,0.1233319396847972,19.0,19,20.0,regular_jump,PPO_final_expansion_checkpoint_inference,False,False,final expansion PPO candidate; not physically validated yet.,existing_v03_rollout_pool,90,0.5217391304347826,0.7391304347826088,0.2608695652173913,False,False,False,False,False
PPOFINAL_N24_B122_efficiency,final_expansion_batch04,122,24,"[21, 23, 19, 17, 20, 18, 16, 14, 22, 15, 11, 9, 12, 13, 7, 10, 6, 8, 5, 4, 2, 3, 1, 0]","21,23,19,17,20,18,16,14,22,15,11,9,12,13,7,10,6,8,5,4,2,3,1,0",31969a7ec88750f6,E:\Projects\RL-LAM-ScanOpt\outputs\stage3_ppo_rl_lam_fea_addendum_v03_lex_primary_N24_N40\ppo_training_v03\checkpoints\N24_seed20260627_maskable_ppo_v03.zip,v03,stochastic,42921333,efficiency,True,0.361173970741429,2.9130434782608696,8.0,1,0.1739130434782608,67.0,3.3837429111531194,0.0472589792060491,0.1277733010292749,19.0,19,22.0,raster,PPO_final_expansion_checkpoint_inference,False,False,final expansion PPO candidate; not physically validated yet.,existing_v03_rollout_pool,78,0.391304347826087,0.7101449275362319,0.2898550724637681,False,False,False,False,False
PPOFINAL_N24_B123_efficiency,final_expansion_batch04,123,24,"[23, 21, 19, 22, 18, 15, 17, 20, 12, 11, 16, 14, 13, 10, 9, 8, 4, 6, 0, 3, 2, 5, 7, 1]","23,21,19,22,18,15,17,20,12,11,16,14,13,10,9,8,4,6,0,3,2,5,7,1",12cd25069efbc9f5,E:\Projects\RL-LAM-ScanOpt\outputs\stage3_ppo_rl_lam_fea_addendum_v03_lex_primary_N24_N40\ppo_training_v03\checkpoints\N24_seed20260627_maskable_ppo_v03.zip,v03,stochastic,42921314,efficiency,True,0.4011722742486586,2.9565217391304346,8.0,1,0.217391304347826,68.0,3.2589792060491494,0.0888468809073724,0.1293490470183664,18.0,18,22.0,edge_in,PPO_final_expansion_checkpoint_inference,False,False,final expansion PPO candidate; not physically validated yet.,existing_v03_rollout_pool,59,0.5217391304347826,0.7101449275362319,0.2898550724637681,False,False,False,False,False
PPOFINAL_N24_B124_efficiency,final_expansion_batch04,124,24,"[19, 21, 22, 18, 23, 17, 15, 13, 14, 10, 16, 20, 12, 9, 11, 8, 7, 5, 6, 4, 2, 0, 3, 1]","19,21,22,18,23,17,15,13,14,10,16,20,12,9,11,8,7,5,6,4,2,0,3,1",2901e8f033a4ca96,E:\Projects\RL-LAM-ScanOpt\outputs\stage3_ppo_rl_lam_fea_addendum_v03_lex_primary_N24_N40\ppo_training_v03\checkpoints\N24_seed20260627_maskable_ppo_v03.zip,v03,stochastic,42921370,efficiency,True,0.3859194223501863,2.9565217391304346,8.0,1,0.1739130434782608,68.0,3.2589792060491507,0.0453686200378072,0.1293490470183664,19.0,19,23.0,raster,PPO_final_expansion_checkpoint_inference,False,False,final expansion PPO candidate; not physically validated yet.,existing_v03_rollout_pool,115,0.3478260869565217,0.7391304347826088,0.2608695652173913,False,False,False,False,False
PPOFINAL_N24_B125_efficiency,final_expansion_batch04,125,24,"[23, 15, 18, 19, 22, 17, 14, 16, 21, 20, 12, 13, 10, 11, 9, 8, 7, 2, 4, 5, 6, 0, 3, 1]","23,15,18,19,22,17,14,16,21,20,12,13,10,11,9,8,7,2,4,5,6,0,3,1",045a0102e98ec2a7,E:\Projects\RL-LAM-ScanOpt\outputs\stage3_ppo_rl_lam_fea_addendum_v03_lex_primary_N24_N40\ppo_training_v03\checkpoints\N24_seed20260627_maskable_ppo_v03.zip,v03,stochastic,42921301,efficiency,True,0.3337606998775183,2.9565217391304346,8.0,2,0.3478260869565217,68.0,4.650283553875237,0.219281663516068,0.1319791119480943,19.0,19,24.0,raster,PPO_final_expansion_checkpoint_inference,False,False,final expansion PPO candidate; not physically validated yet.,existing_v03_rollout_pool,46,0.6956521739130435,0.6521739130434782,0.3478260869565217,False,False,False,False,False
PPOFINAL_N24_B126_efficiency,final_expansion_batch04,126,24,"[16, 23, 18, 17, 20, 21, 19, 22, 15, 12, 14, 9, 13, 10, 11, 6, 5, 7, 8, 3, 0, 1, 4, 2]","16,23,18,17,20,21,19,22,15,12,14,9,13,10,11,6,5,7,8,3,0,1,4,2",3299fb5d45ec4f03,E:\Projects\RL-LAM-ScanOpt\outputs\stage3_ppo_rl_lam_fea_addendum_v03_lex_primary_N24_N40\ppo_training_v03\checkpoints\N24_seed20260627_maskable_ppo_v03.zip,v03,stochastic,42921298,efficiency,True,0.4695250753210233,3.0434782608695654,7.0,0,0.2608695652173913,70.0,3.34593572778828,0.1285444234404536,0.1331366144822715,20.0,20,22.0,edge_in,PPO_final_expansion_checkpoint_inference,False,False,final expansion PPO candidate; not physically validated yet.,existing_v03_rollout_pool,43,0.782608695652174,0.6666666666666666,0.3333333333333333,False,False,False,False,False
PPOFINAL_N24_B127_efficiency,final_expansion_batch04,127,24,"[15, 19, 23, 21, 17, 18, 22, 20, 16, 14, 9, 11, 12, 7, 8, 10, 13, 6, 2, 4, 0, 5, 3, 1]","15,19,23,21,17,18,22,20,16,14,9,11,12,7,8,10,13,6,2,4,0,5,3,1",4612f4eb9513702d,E:\Projects\RL-LAM-ScanOpt\outputs\stage3_ppo_rl_lam_fea_addendum_v03_lex_primary_N24_N40\ppo_training_v03\checkpoints\N24_seed20260627_maskable_ppo_v03.zip,v03,stochastic,42921297,efficiency,True,0.3723353525442722,3.130434782608696,7.0,0,0.1304347826086956,72.0,2.3742911153119093,-0.0056710775047258,0.1349230455866009,20.0,20,22.0,raster,PPO_final_expansion_checkpoint_inference,False,False,final expansion PPO candidate; not physically validated yet.,existing_v03_rollout_pool,42,0.3478260869565217,0.6376811594202898,0.3623188405797102,False,False,False,False,False
PPOFINAL_N24_B128_efficiency,final_expansion_batch04,128,24,"[21, 17, 19, 23, 18, 22, 14, 20, 16, 15, 8, 12, 13, 9, 10, 11, 7, 6, 5, 4, 2, 3, 0, 1]","21,17,19,23,18,22,14,20,16,15,8,12,13,9,10,11,7,6,5,4,2,3,0,1",3dbb2488ca7c6c55,E:\Projects\RL-LAM-ScanOpt\outputs\stage3_ppo_rl_lam_fea_addendum_v03_lex_primary_N24_N40\ppo_training_v03\checkpoints\N24_seed20260627_maskable_ppo_v03.zip,v03,stochastic,42921272,efficiency,True,0.493148848638038,3.0434782608695654,8.0,1,0.391304347826087,70.0,4.302457466918716,0.2589792060491493,0.1349447841214594,19.0,19,23.0,center_out,PPO_final_expansion_checkpoint_inference,False,False,final expansion PPO candidate; not physically validated yet.,existing_v03_rollout_pool,17,0.5217391304347826,0.7391304347826085,0.2608695652173913,False,False,False,False,False
PPOFINAL_N24_B129_novelty,final_expansion_batch05,129,24,"[22, 21, 18, 19, 23, 17, 15, 12, 14, 20, 7, 16, 11, 8, 9, 10, 13, 4, 3, 2, 6, 5, 0, 1]","22,21,18,19,23,17,15,12,14,20,7,16,11,8,9,10,13,4,3,2,6,5,0,1",2d0fb49523557363,E:\Projects\RL-LAM-ScanOpt\outputs\stage3_ppo_rl_lam_fea_addendum_v03_lex_primary_N24_N40\ppo_training_v03\checkpoints\N24_seed20260627_maskable_ppo_v03.zip,v03,stochastic,42921281,novelty,True,0.5101237168406216,3.695652173913044,13.0,3,0.3478260869565217,85.0,9.689981096408316,0.1871455576559546,0.1723030518520636,21.0,21,23.0,center_out,PPO_final_expansion_checkpoint_inference,False,False,final expansion PPO candidate; not physically validated yet.,existing_v03_rollout_pool,26,0.7391304347826086,0.7391304347826088,0.2608695652173913,False,False,False,False,False
PPOFINAL_N24_B130_novelty,final_expansion_batch05,130,24,"[20, 13, 23, 19, 17, 15, 18, 21, 14, 16, 9, 10, 11, 22, 12, 4, 8, 6, 7, 2, 5, 0, 1, 3]","20,13,23,19,17,15,18,21,14,16,9,10,11,22,12,4,8,6,7,2,5,0,1,3",1ca6b22d0d23ff04,E:\Projects\RL-LAM-ScanOpt\outputs\stage3_ppo_rl_lam_fea_addendum_v03_lex_primary_N24_N40\ppo_training_v03\checkpoints\N24_seed20260627_maskable_ppo_v03.zip,v03,stochastic,42921316,novelty,True,0.4583096709513505,4.391304347826087,11.0,4,0.1739130434782608,101.0,9.629489603024576,-0.0170132325141776,0.2011742084493218,21.0,21,23.0,odd_even,PPO_final_expansion_checkpoint_inference,False,False,final expansion PPO candidate; not physically validated yet.,existing_v03_rollout_pool,61,0.5652173913043478,0.5507246376811593,0.4492753623188406,False,False,False,False,False
PPOFINAL_N24_B131_novelty,final_expansion_batch05,131,24,"[17, 19, 23, 21, 18, 13, 11, 15, 14, 9, 12, 20, 22, 16, 8, 10, 7, 6, 3, 2, 0, 4, 5, 1]","17,19,23,21,18,13,11,15,14,9,12,20,22,16,8,10,7,6,3,2,0,4,5,1",227c61ddc275dda4,E:\Projects\RL-LAM-ScanOpt\outputs\stage3_ppo_rl_lam_fea_addendum_v03_lex_primary_N24_N40\ppo_training_v03\checkpoints\N24_seed20260627_maskable_ppo_v03.zip,v03,stochastic,42921305,novelty,True,0.3946097121213227,3.3043478260869565,8.0,2,0.1739130434782608,76.0,3.950850661625709,0.0302457466918714,0.1451496861908488,21.0,21,23.0,raster,PPO_final_expansion_checkpoint_inference,False,False,final expansion PPO candidate; not physically validated yet.,existing_v03_rollout_pool,50,0.4347826086956521,0.6086956521739131,0.3913043478260869,False,False,False,False,False
PPOFINAL_N24_B132_novelty,final_expansion_batch05,132,24,"[18, 23, 17, 21, 15, 19, 14, 22, 20, 10, 16, 13, 12, 11, 9, 8, 4, 7, 5, 2, 6, 0, 3, 1]","18,23,17,21,15,19,14,22,20,10,16,13,12,11,9,8,4,7,5,2,6,0,3,1",b12e33867639d3c5,E:\Projects\RL-LAM-ScanOpt\outputs\stage3_ppo_rl_lam_fea_addendum_v03_lex_primary_N24_N40\ppo_training_v03\checkpoints\N24_seed20260627_maskable_ppo_v03.zip,v03,stochastic,42921286,novelty,True,0.3822643214284718,3.9565217391304346,10.0,2,0.1304347826086956,91.0,5.0850661625708895,-0.0415879017013232,0.174467673905301,21.0,21,23.0,raster,PPO_final_expansion_checkpoint_inference,False,False,final expansion PPO candidate; not physically validated yet.,existing_v03_rollout_pool,31,0.391304347826087,0.6376811594202899,0.3623188405797101,False,False,False,False,False
PPOFINAL_N24_B133_novelty,final_expansion_batch05,133,24,"[19, 21, 14, 22, 15, 23, 16, 12, 20, 17, 13, 18, 11, 10, 8, 9, 6, 7, 2, 5, 4, 0, 3, 1]","19,21,14,22,15,23,16,12,20,17,13,18,11,10,8,9,6,7,2,5,4,0,3,1",fdb10cc845f0b20b,E:\Projects\RL-LAM-ScanOpt\outputs\stage3_ppo_rl_lam_fea_addendum_v03_lex_primary_N24_N40\ppo_training_v03\checkpoints\N24_seed20260627_maskable_ppo_v03.zip,v03,stochastic,42921365,novelty,True,0.3210683091821516,4.173913043478261,8.0,3,0.1739130434782608,96.0,5.969754253308127,-0.0075614366729678,0.1851980231631533,21.0,21,22.0,edge_in,PPO_final_expansion_checkpoint_inference,False,False,final expansion PPO candidate; not physically validated yet.,existing_v03_rollout_pool,110,0.6086956521739131,0.6521739130434783,0.3478260869565217,False,False,False,False,False
PPOFINAL_N24_B134_novelty,final_expansion_batch05,134,24,"[21, 17, 23, 4, 19, 13, 22, 12, 18, 16, 20, 14, 8, 15, 10, 11, 9, 7, 5, 6, 2, 0, 3, 1]","21,17,23,4,19,13,22,12,18,16,20,14,8,15,10,11,9,7,5,6,2,0,3,1",4f9f192b5c2a61b8,E:\Projects\RL-LAM-ScanOpt\outputs\stage3_ppo_rl_lam_fea_addendum_v03_lex_primary_N24_N40\ppo_training_v03\checkpoints\N24_seed20260627_maskable_ppo_v03.zip,v03,stochastic,42921338,novelty,True,0.2715782840767148,5.391304347826087,19.0,4,0.0869565217391304,124.0,18.93383742911153,-0.1474480151228733,0.2604294343335441,21.0,21,23.0,center_out,PPO_final_expansion_checkpoint_inference,False,False,final expansion PPO candidate; not physically validated yet.,existing_v03_rollout_pool,83,0.3478260869565217,0.6231884057971014,0.3768115942028985,False,False,False,False,False
PPOFINAL_N24_B135_novelty,final_expansion_batch05,135,24,"[21, 19, 23, 17, 22, 18, 12, 20, 11, 16, 10, 13, 14, 8, 15, 9, 6, 2, 4, 7, 0, 3, 5, 1]","21,19,23,17,22,18,12,20,11,16,10,13,14,8,15,9,6,2,4,7,0,3,5,1",3cafafe57d3df54e,E:\Projects\RL-LAM-ScanOpt\outputs\stage3_ppo_rl_lam_fea_addendum_v03_lex_primary_N24_N40\ppo_training_v03\checkpoints\N24_seed20260627_maskable_ppo_v03.zip,v03,stochastic,42921327,novelty,True,0.2108732424483135,4.608695652173913,9.0,2,0.0434782608695652,106.0,4.238185255198487,-0.1568998109640831,0.2000406778611187,21.0,21,23.0,raster,PPO_final_expansion_checkpoint_inference,False,False,final expansion PPO candidate; not physically validated yet.,existing_v03_rollout_pool,72,0.4347826086956521,0.7391304347826088,0.2608695652173913,False,False,False,False,False
PPOFINAL_N24_B136_novelty,final_expansion_batch05,136,24,"[11, 1, 3, 15, 23, 21, 19, 17, 13, 9, 7, 5, 0, 2, 6, 4, 8, 16, 20, 18, 22, 14, 10, 12]","11,1,3,15,23,21,19,17,13,9,7,5,0,2,6,4,8,16,20,18,22,14,10,12",cc6ebefd42587076,E:\Projects\RL-LAM-ScanOpt\outputs\stage3_ppo_rl_lam_fea_addendum_v01\ppo_training\checkpoints\maskable_ppo_lam_scan_order_final.zip,v01,stochastic,22660773,novelty,True,0.8284339019833841,4.304347826086956,12.0,5,0.0,99.0,8.124763705103968,-0.1871455576559546,0.1947065476466993,20.0,20,21.0,odd_even,PPO_final_expansion_checkpoint_inference,False,False,final expansion PPO candidate; not physically validated yet.,existing_v01_rollout_pool,1222,0.0434782608695652,0.6376811594202899,0.3623188405797101,False,False,False,False,False
PPOFINAL_N24_B137_baseline_proximity,final_expansion_batch05,137,24,"[11, 3, 1, 15, 23, 21, 19, 13, 17, 9, 7, 5, 0, 2, 6, 4, 8, 10, 12, 16, 14, 18, 20, 22]","11,3,1,15,23,21,19,13,17,9,7,5,0,2,6,4,8,10,12,16,14,18,20,22",5bce268377c3df56,E:\Projects\RL-LAM-ScanOpt\outputs\stage3_ppo_rl_lam_fea_addendum_v01\ppo_training\checkpoints\maskable_ppo_lam_scan_order_final.zip,v01,stochastic,22660872,baseline_proximity,True,0.7959787217370778,4.043478260869565,14.0,4,0.0,93.0,8.737240075614364,-0.1758034026465028,0.1849947827516339,15.0,15,14.0,odd_even,PPO_final_expansion_checkpoint_inference,False,False,final expansion PPO candidate; not physically validated yet.,existing_v01_rollout_pool,1321,0.0434782608695652,0.6376811594202899,0.3623188405797101,False,False,False,False,False
PPOFINAL_N24_B138_baseline_proximity,final_expansion_batch05,138,24,"[11, 1, 3, 15, 21, 23, 9, 13, 17, 19, 7, 5, 0, 2, 4, 6, 8, 10, 12, 16, 18, 20, 22, 14]","11,1,3,15,21,23,9,13,17,19,7,5,0,2,4,6,8,10,12,16,18,20,22,14",74155c768b5f71dc,E:\Projects\RL-LAM-ScanOpt\outputs\stage3_ppo_rl_lam_fea_addendum_v01\ppo_training\checkpoints\maskable_ppo_lam_scan_order_final.zip,v01,stochastic,22660873,baseline_proximity,True,0.8481401831980366,4.565217391304348,14.0,5,0.0,105.0,14.332703213610582,-0.1984877126654064,0.2173113482298876,15.0,15,15.0,odd_even,PPO_final_expansion_checkpoint_inference,False,False,final expansion PPO candidate; not physically validated yet.,existing_v01_rollout_pool,1322,0.0434782608695652,0.6376811594202899,0.3623188405797101,False,False,False,False,False
PPOFINAL_N24_B139_baseline_proximity,final_expansion_batch05,139,24,"[11, 1, 3, 15, 23, 21, 13, 19, 17, 9, 7, 5, 0, 2, 4, 6, 8, 10, 12, 16, 18, 20, 22, 14]","11,1,3,15,23,21,13,19,17,9,7,5,0,2,4,6,8,10,12,16,18,20,22,14",9510cf8a7cfe7d1b,E:\Projects\RL-LAM-ScanOpt\outputs\stage3_ppo_rl_lam_fea_addendum_v01\ppo_training\checkpoints\maskable_ppo_lam_scan_order_final.zip,v01,stochastic,22660648,baseline_proximity,True,0.8418586676921151,4.217391304347826,12.0,6,0.0,97.0,9.735349716446123,-0.1833648393194707,0.1941279452736851,15.0,15,15.0,odd_even,PPO_final_expansion_checkpoint_inference,False,False,final expansion PPO candidate; not physically validated yet.,existing_v01_rollout_pool,1097,0.0434782608695652,0.6376811594202899,0.3623188405797101,False,False,False,False,False
PPOFINAL_N24_B140_baseline_proximity,final_expansion_batch05,140,24,"[11, 3, 1, 15, 23, 21, 19, 13, 17, 9, 7, 5, 0, 2, 4, 6, 8, 10, 12, 16, 18, 20, 22, 14]","11,3,1,15,23,21,19,13,17,9,7,5,0,2,4,6,8,10,12,16,18,20,22,14",59c9eb57a42f582f,E:\Projects\RL-LAM-ScanOpt\outputs\stage3_ppo_rl_lam_fea_addendum_v01\ppo_training\checkpoints\maskable_ppo_lam_scan_order_final.zip,v01,stochastic,22660908,baseline_proximity,True,0.8402260811624043,4.043478260869565,14.0,5,0.0,93.0,9.780718336483927,-0.1758034026465028,0.1869673314489299,15.0,15,15.0,odd_even,PPO_final_expansion_checkpoint_inference,False,False,final expansion PPO candidate; not physically validated yet.,existing_v01_rollout_pool,1357,0.0434782608695652,0.6376811594202899,0.3623188405797101,False,False,False,False,False
PPOFINAL_N24_B141_baseline_proximity,final_expansion_batch05,141,24,"[11, 3, 1, 15, 23, 21, 19, 13, 17, 9, 7, 5, 0, 2, 4, 6, 8, 10, 16, 22, 20, 18, 14, 12]","11,3,1,15,23,21,19,13,17,9,7,5,0,2,4,6,8,10,16,22,20,18,14,12",dad66d54b04ad6a1,E:\Projects\RL-LAM-ScanOpt\outputs\stage3_ppo_rl_lam_fea_addendum_v01\ppo_training\checkpoints\maskable_ppo_lam_scan_order_final.zip,v01,stochastic,22660865,baseline_proximity,True,0.8251805104343142,4.130434782608695,14.0,4,0.0,95.0,9.243856332703215,-0.1795841209829867,0.1895756578437993,14.0,14,15.0,odd_even,PPO_final_expansion_checkpoint_inference,False,False,final expansion PPO candidate; not physically validated yet.,existing_v01_rollout_pool,1314,0.0434782608695652,0.6376811594202899,0.3623188405797101,False,False,False,False,False
PPOFINAL_N24_B142_baseline_proximity,final_expansion_batch05,142,24,"[11, 1, 3, 15, 23, 21, 9, 19, 17, 7, 13, 5, 0, 2, 4, 6, 8, 10, 12, 16, 18, 22, 20, 14]","11,1,3,15,23,21,9,19,17,7,13,5,0,2,4,6,8,10,12,16,18,22,20,14",2a46a71eef951480,E:\Projects\RL-LAM-ScanOpt\outputs\stage3_ppo_rl_lam_fea_addendum_v01\ppo_training\checkpoints\maskable_ppo_lam_scan_order_final.zip,v01,stochastic,22660829,baseline_proximity,True,0.8146525693711313,5.086956521739131,12.0,7,0.0,117.0,12.7750472589792,-0.22117202268431,0.2361059494498661,15.0,15,15.0,odd_even,PPO_final_expansion_checkpoint_inference,False,False,final expansion PPO candidate; not physically validated yet.,existing_v01_rollout_pool,1278,0.0434782608695652,0.6376811594202899,0.3623188405797101,False,False,False,False,False
PPOFINAL_N24_B143_baseline_proximity,final_expansion_batch05,143,24,"[1, 11, 3, 15, 23, 21, 19, 13, 17, 9, 7, 5, 0, 2, 4, 6, 8, 10, 12, 18, 20, 22, 16, 14]","1,11,3,15,23,21,19,13,17,9,7,5,0,2,4,6,8,10,12,18,20,22,16,14",89c07a565a906e8d,E:\Projects\RL-LAM-ScanOpt\outputs\stage3_ppo_rl_lam_fea_addendum_v01\ppo_training\checkpoints\maskable_ppo_lam_scan_order_final.zip,v01,stochastic,22661088,baseline_proximity,True,0.8061521813853235,4.304347826086956,12.0,5,0.0,99.0,9.168241965973532,-0.1871455576559546,0.1966790963439953,14.0,14,15.0,odd_even,PPO_final_expansion_checkpoint_inference,False,False,final expansion PPO candidate; not physically validated yet.,existing_v01_rollout_pool,1537,0.0434782608695652,0.6376811594202899,0.3623188405797101,False,False,False,False,False
PPOFINAL_N24_B144_baseline_proximity,final_expansion_batch05,144,24,"[11, 1, 3, 15, 23, 21, 19, 13, 17, 9, 7, 5, 0, 2, 6, 4, 8, 10, 12, 16, 14, 18, 20, 22]","11,1,3,15,23,21,19,13,17,9,7,5,0,2,6,4,8,10,12,16,14,18,20,22",52a7ce5fadecac65,E:\Projects\RL-LAM-ScanOpt\outputs\stage3_ppo_rl_lam_fea_addendum_v01\ppo_training\checkpoints\maskable_ppo_lam_scan_order_final.zip,v01,stochastic,22661054,baseline_proximity,True,0.7886386782357744,4.043478260869565,12.0,4,0.0,93.0,8.041587901701321,-0.1758034026465028,0.1836797502867699,15.0,15,15.0,odd_even,PPO_final_expansion_checkpoint_inference,False,False,final expansion PPO candidate; not physically validated yet.,existing_v01_rollout_pool,1503,0.0434782608695652,0.6376811594202899,0.3623188405797101,False,False,False,False,False
PPOFINAL_N40_B145_quality,final_expansion_batch05,145,40,"[11, 3, 1, 15, 21, 23, 19, 25, 37, 29, 13, 33, 39, 35, 31, 27, 17, 7, 5, 0, 20, 9, 26, 24, 32, 22, 34, 36, 38, 30, 28, 14, 12, 6, 4, 8, 2, 10, 16, 18]","11,3,1,15,21,23,19,25,37,29,13,33,39,35,31,27,17,7,5,0,20,9,26,24,32,22,34,36,38,30,28,14,12,6,4,8,2,10,16,18",de85307460f4c766,E:\Projects\RL-LAM-ScanOpt\outputs\stage3_ppo_rl_lam_fea_addendum_v01\ppo_training\checkpoints\maskable_ppo_lam_scan_order_final.zip,v01,stochastic,24261074,quality,True,0.7721556561260406,7.358974358974359,20.0,6,0.0,287.0,26.0249835634451,-0.1886916502301117,0.2010848018168607,35.0,35,39.0,raster,PPO_final_expansion_checkpoint_inference,False,False,final expansion PPO candidate; not physically validated yet.,existing_v01_rollout_pool,2051,0.0769230769230769,0.4410256410256409,0.558974358974359,False,False,False,False,False
PPOFINAL_N40_B146_quality,final_expansion_batch05,146,40,"[11, 3, 1, 15, 21, 23, 37, 39, 31, 27, 35, 25, 29, 13, 9, 17, 33, 7, 19, 5, 0, 20, 24, 22, 34, 38, 36, 32, 30, 26, 28, 18, 6, 4, 2, 8, 10, 16, 14, 12]","11,3,1,15,21,23,37,39,31,27,35,25,29,13,9,17,33,7,19,5,0,20,24,22,34,38,36,32,30,26,28,18,6,4,2,8,10,16,14,12",dc97a259ffd0da41,E:\Projects\RL-LAM-ScanOpt\outputs\stage3_ppo_rl_lam_fea_addendum_v01\ppo_training\checkpoints\maskable_ppo_lam_scan_order_final.zip,v01,stochastic,24260666,quality,True,0.7665883154028267,7.256410256410256,26.0,7,0.0,283.0,33.42143326758712,-0.1860618014464168,0.2033835853172828,36.0,36,37.0,odd_even,PPO_final_expansion_checkpoint_inference,False,False,final expansion PPO candidate; not physically validated yet.,existing_v01_rollout_pool,1643,0.0256410256410256,0.558974358974359,0.441025641025641,False,False,False,False,False
PPOFINAL_N40_B147_quality,final_expansion_batch05,147,40,"[11, 3, 1, 15, 21, 17, 23, 37, 29, 35, 39, 31, 25, 33, 19, 27, 9, 7, 5, 0, 13, 20, 36, 24, 32, 38, 30, 22, 34, 28, 26, 4, 6, 2, 8, 10, 12, 16, 18, 14]","11,3,1,15,21,17,23,37,29,35,39,31,25,33,19,27,9,7,5,0,13,20,36,24,32,38,30,22,34,28,26,4,6,2,8,10,12,16,18,14",50eead2e9fe64fb2,E:\Projects\RL-LAM-ScanOpt\outputs\stage3_ppo_rl_lam_fea_addendum_v01\ppo_training\checkpoints\maskable_ppo_lam_scan_order_final.zip,v01,stochastic,24260917,quality,True,0.743179382572766,7.410256410256411,22.0,6,0.0,289.0,23.523997370151207,-0.1900065746219592,0.200722549224294,35.0,35,37.0,edge_in,PPO_final_expansion_checkpoint_inference,False,False,final expansion PPO candidate; not physically validated yet.,existing_v01_rollout_pool,1894,0.0769230769230769,0.5025641025641026,0.4974358974358974,False,False,False,False,False
PPOFINAL_N40_B148_quality,final_expansion_batch05,148,40,"[11, 1, 15, 3, 17, 21, 23, 31, 37, 29, 33, 39, 35, 25, 27, 13, 19, 7, 0, 5, 9, 22, 24, 26, 36, 32, 20, 38, 30, 34, 28, 18, 6, 16, 12, 14, 4, 2, 8, 10]","11,1,15,3,17,21,23,31,37,29,33,39,35,25,27,13,19,7,0,5,9,22,24,26,36,32,20,38,30,34,28,18,6,16,12,14,4,2,8,10",3b9411f7a1944cd1,E:\Projects\RL-LAM-ScanOpt\outputs\stage3_ppo_rl_lam_fea_addendum_v01\ppo_training\checkpoints\maskable_ppo_lam_scan_order_final.zip,v01,stochastic,24260705,quality,True,0.7423334056551164,7.410256410256411,18.0,4,0.0,289.0,17.985535831689674,-0.1900065746219592,0.1970812201391779,35.0,35,36.0,center_out,PPO_final_expansion_checkpoint_inference,False,False,final expansion PPO candidate; not physically validated yet.,existing_v01_rollout_pool,1682,0.0769230769230769,0.4820512820512821,0.5179487179487179,False,False,False,False,False
PPOFINAL_N40_B149_quality,final_expansion_batch05,149,40,"[11, 1, 3, 15, 21, 23, 25, 29, 37, 35, 17, 39, 31, 33, 13, 27, 19, 5, 0, 7, 9, 26, 24, 20, 38, 36, 34, 30, 32, 22, 28, 18, 6, 2, 16, 14, 12, 4, 8, 10]","11,1,3,15,21,23,25,29,37,35,17,39,31,33,13,27,19,5,0,7,9,26,24,20,38,36,34,30,32,22,28,18,6,2,16,14,12,4,8,10",b3b84e349046b17e,E:\Projects\RL-LAM-ScanOpt\outputs\stage3_ppo_rl_lam_fea_addendum_v01\ppo_training\checkpoints\maskable_ppo_lam_scan_order_final.zip,v01,stochastic,24260727,quality,True,0.7415722939550238,7.512820512820513,22.0,8,0.0,293.0,34.095989480604864,-0.1926364234056541,0.2102373369366238,37.0,37,38.0,center_out,PPO_final_expansion_checkpoint_inference,False,False,final expansion PPO candidate; not physically validated yet.,existing_v01_rollout_pool,1704,0.0769230769230769,0.517948717948718,0.482051282051282,False,False,False,False,False
PPOFINAL_N40_B150_quality,final_expansion_batch05,150,40,"[11, 1, 3, 15, 23, 27, 31, 21, 37, 29, 17, 13, 25, 35, 39, 33, 19, 7, 5, 0, 9, 20, 36, 28, 24, 22, 30, 32, 26, 34, 38, 16, 6, 18, 8, 4, 10, 12, 14, 2]","11,1,3,15,23,27,31,21,37,29,17,13,25,35,39,33,19,7,5,0,9,20,36,28,24,22,30,32,26,34,38,16,6,18,8,4,10,12,14,2",8f7702c18f2e6e7a,E:\Projects\RL-LAM-ScanOpt\outputs\stage3_ppo_rl_lam_fea_addendum_v01\ppo_training\checkpoints\maskable_ppo_lam_scan_order_final.zip,v01,stochastic,24260855,quality,True,0.7406236990256356,8.025641025641026,22.0,4,0.0,313.0,21.409598948060488,-0.2057856673241288,0.2147170275792639,35.0,35,38.0,raster,PPO_final_expansion_checkpoint_inference,False,False,final expansion PPO candidate; not physically validated yet.,existing_v01_rollout_pool,1832,0.0769230769230769,0.5076923076923078,0.4923076923076922,False,False,False,False,False
PPOFINAL_N40_B151_quality,final_expansion_batch05,151,40,"[11, 3, 1, 15, 23, 21, 9, 25, 29, 39, 33, 35, 31, 37, 27, 13, 19, 17, 7, 0, 5, 24, 36, 30, 32, 20, 26, 22, 28, 34, 38, 18, 6, 4, 8, 10, 16, 12, 14, 2]","11,3,1,15,23,21,9,25,29,39,33,35,31,37,27,13,19,17,7,0,5,24,36,30,32,20,26,22,28,34,38,18,6,4,8,10,16,12,14,2",3a401243f6921b37,E:\Projects\RL-LAM-ScanOpt\outputs\stage3_ppo_rl_lam_fea_addendum_v01\ppo_training\checkpoints\maskable_ppo_lam_scan_order_final.zip,v01,stochastic,24260815,quality,True,0.7365371003113776,7.410256410256411,20.0,5,0.0,289.0,23.216305062458908,-0.1900065746219592,0.2005202531640098,37.0,37,37.0,raster,PPO_final_expansion_checkpoint_inference,False,False,final expansion PPO candidate; not physically validated yet.,existing_v01_rollout_pool,1792,0.0769230769230769,0.5025641025641026,0.4974358974358974,False,False,False,False,False
PPOFINAL_N40_B152_quality,final_expansion_batch05,152,40,"[11, 3, 1, 15, 21, 25, 35, 31, 23, 27, 39, 37, 29, 33, 19, 17, 13, 9, 7, 0, 5, 20, 22, 30, 32, 36, 24, 38, 34, 28, 26, 18, 14, 6, 4, 12, 2, 8, 16, 10]","11,3,1,15,21,25,35,31,23,27,39,37,29,33,19,17,13,9,7,0,5,20,22,30,32,36,24,38,34,28,26,18,14,6,4,12,2,8,16,10",a218445583a4142f,E:\Projects\RL-LAM-ScanOpt\outputs\stage3_ppo_rl_lam_fea_addendum_v01\ppo_training\checkpoints\maskable_ppo_lam_scan_order_final.zip,v01,stochastic,24261058,quality,True,0.7339093192318515,6.487179487179487,15.0,4,0.0,253.0,14.506245890861274,-0.1663379355687048,0.1717167954575024,36.0,36,38.0,edge_in,PPO_final_expansion_checkpoint_inference,False,False,final expansion PPO candidate; not physically validated yet.,existing_v01_rollout_pool,2035,0.0769230769230769,0.476923076923077,0.523076923076923,False,False,False,False,False
PPOFINAL_N40_B153_quality,final_expansion_batch05,153,40,"[11, 1, 3, 15, 25, 37, 27, 21, 17, 23, 31, 29, 33, 39, 35, 19, 9, 5, 0, 7, 13, 34, 20, 28, 30, 22, 36, 32, 38, 24, 18, 26, 16, 14, 4, 6, 8, 10, 12, 2]","11,1,3,15,25,37,27,21,17,23,31,29,33,39,35,19,9,5,0,7,13,34,20,28,30,22,36,32,38,24,18,26,16,14,4,6,8,10,12,2",c1aac2712d53a1d5,E:\Projects\RL-LAM-ScanOpt\outputs\stage3_ppo_rl_lam_fea_addendum_v01\ppo_training\checkpoints\maskable_ppo_lam_scan_order_final.zip,v01,stochastic,24260786,quality,True,0.7325566520293127,7.410256410256411,21.0,5,0.0,289.0,20.24194608809993,-0.1900065746219592,0.1985647245812623,37.0,37,37.0,edge_in,PPO_final_expansion_checkpoint_inference,False,False,final expansion PPO candidate; not physically validated yet.,existing_v01_rollout_pool,1763,0.0769230769230769,0.4410256410256409,0.558974358974359,False,False,False,False,False
PPOFINAL_N40_B154_quality,final_expansion_batch05,154,40,"[11, 3, 1, 15, 23, 31, 37, 21, 29, 33, 39, 35, 27, 25, 19, 17, 13, 9, 0, 5, 7, 20, 36, 30, 34, 24, 32, 26, 38, 28, 22, 14, 6, 4, 18, 16, 8, 10, 2, 12]","11,3,1,15,23,31,37,21,29,33,39,35,27,25,19,17,13,9,0,5,7,20,36,30,34,24,32,26,38,28,22,14,6,4,18,16,8,10,2,12",de9f263ee12ac476,E:\Projects\RL-LAM-ScanOpt\outputs\stage3_ppo_rl_lam_fea_addendum_v01\ppo_training\checkpoints\maskable_ppo_lam_scan_order_final.zip,v01,stochastic,24260894,quality,True,0.7299449587604654,7.153846153846154,16.0,4,0.0,279.0,15.155818540433923,-0.1834319526627219,0.1888105315847691,36.0,36,37.0,regular_jump,PPO_final_expansion_checkpoint_inference,False,False,final expansion PPO candidate; not physically validated yet.,existing_v01_rollout_pool,1871,0.0769230769230769,0.5384615384615385,0.4615384615384615,False,False,False,False,False
PPOFINAL_N40_B155_quality,final_expansion_batch05,155,40,"[11, 1, 3, 15, 21, 23, 35, 27, 31, 37, 39, 29, 17, 13, 9, 25, 33, 19, 7, 0, 5, 20, 22, 36, 30, 38, 32, 24, 26, 34, 28, 14, 6, 16, 18, 4, 12, 2, 8, 10]","11,1,3,15,21,23,35,27,31,37,39,29,17,13,9,25,33,19,7,0,5,20,22,36,30,38,32,24,26,34,28,14,6,16,18,4,12,2,8,10",e11b824b201d1789,E:\Projects\RL-LAM-ScanOpt\outputs\stage3_ppo_rl_lam_fea_addendum_v01\ppo_training\checkpoints\maskable_ppo_lam_scan_order_final.zip,v01,stochastic,24260750,quality,True,0.7275751327115829,7.82051282051282,16.0,6,0.0,305.0,17.17291255752794,-0.2005259697567389,0.2068033613132991,35.0,35,37.0,raster,PPO_final_expansion_checkpoint_inference,False,False,final expansion PPO candidate; not physically validated yet.,existing_v01_rollout_pool,1727,0.0769230769230769,0.5384615384615385,0.4615384615384615,False,False,False,False,False
PPOFINAL_N40_B156_quality,final_expansion_batch05,156,40,"[11, 1, 3, 15, 21, 23, 31, 37, 39, 33, 29, 35, 9, 17, 27, 25, 13, 19, 0, 5, 7, 20, 24, 30, 26, 36, 32, 34, 28, 38, 22, 18, 16, 6, 4, 8, 10, 14, 12, 2]","11,1,3,15,21,23,31,37,39,33,29,35,9,17,27,25,13,19,0,5,7,20,24,30,26,36,32,34,28,38,22,18,16,6,4,8,10,14,12,2",f099da38d842c023,E:\Projects\RL-LAM-ScanOpt\outputs\stage3_ppo_rl_lam_fea_addendum_v01\ppo_training\checkpoints\maskable_ppo_lam_scan_order_final.zip,v01,stochastic,24260709,quality,True,0.724897437321446,6.897435897435898,26.0,3,0.0,269.0,26.9638395792242,-0.1768573307034845,0.1901636026161894,36.0,36,38.0,raster,PPO_final_expansion_checkpoint_inference,False,False,final expansion PPO candidate; not physically validated yet.,existing_v01_rollout_pool,1686,0.0769230769230769,0.5897435897435898,0.4102564102564102,False,False,False,False,False
PPOFINAL_N40_B157_quality,final_expansion_batch05,157,40,"[11, 3, 1, 15, 21, 23, 17, 27, 33, 39, 37, 31, 29, 35, 19, 25, 13, 24, 7, 0, 5, 9, 34, 38, 36, 30, 20, 32, 22, 26, 28, 18, 6, 16, 14, 12, 4, 2, 8, 10]","11,3,1,15,21,23,17,27,33,39,37,31,29,35,19,25,13,24,7,0,5,9,34,38,36,30,20,32,22,26,28,18,6,16,14,12,4,2,8,10",e2e0c106674c83a8,E:\Projects\RL-LAM-ScanOpt\outputs\stage3_ppo_rl_lam_fea_addendum_v01\ppo_training\checkpoints\maskable_ppo_lam_scan_order_final.zip,v01,stochastic,24260960,quality,True,0.7244959325982097,7.256410256410256,25.0,4,0.0,283.0,25.113740959894805,-0.1860618014464168,0.1979215916896086,34.0,34,39.0,odd_even,PPO_final_expansion_checkpoint_inference,False,False,final expansion PPO candidate; not physically validated yet.,existing_v01_rollout_pool,1937,0.1282051282051282,0.4923076923076923,0.5076923076923077,False,False,False,False,False
PPOFINAL_N40_B158_quality,final_expansion_batch05,158,40,"[1, 11, 3, 15, 21, 31, 23, 37, 33, 29, 27, 39, 35, 25, 17, 19, 9, 13, 0, 7, 5, 24, 30, 20, 36, 22, 32, 28, 34, 38, 26, 4, 6, 2, 16, 14, 18, 10, 8, 12]","1,11,3,15,21,31,23,37,33,29,27,39,35,25,17,19,9,13,0,7,5,24,30,20,36,22,32,28,34,38,26,4,6,2,16,14,18,10,8,12",0aacacd7d8684024,E:\Projects\RL-LAM-ScanOpt\outputs\stage3_ppo_rl_lam_fea_addendum_v01\ppo_training\checkpoints\maskable_ppo_lam_scan_order_final.zip,v01,stochastic,24260811,quality,True,0.7230693288035885,8.025641025641026,22.0,6,0.0,313.0,24.589086127547663,-0.2057856673241288,0.2168074202022009,37.0,37,39.0,odd_even,PPO_final_expansion_checkpoint_inference,False,False,final expansion PPO candidate; not physically validated yet.,existing_v01_rollout_pool,1788,0.0769230769230769,0.5384615384615385,0.4615384615384615,False,False,False,False,False
PPOFINAL_N40_B159_quality,final_expansion_batch05,159,40,"[11, 1, 3, 31, 23, 15, 29, 25, 21, 37, 33, 35, 39, 27, 13, 17, 7, 19, 9, 0, 5, 20, 22, 24, 38, 34, 32, 28, 30, 36, 26, 14, 16, 18, 12, 6, 2, 4, 8, 10]","11,1,3,31,23,15,29,25,21,37,33,35,39,27,13,17,7,19,9,0,5,20,22,24,38,34,32,28,30,36,26,14,16,18,12,6,2,4,8,10",bc63a0c4a7b49410,E:\Projects\RL-LAM-ScanOpt\outputs\stage3_ppo_rl_lam_fea_addendum_v01\ppo_training\checkpoints\maskable_ppo_lam_scan_order_final.zip,v01,stochastic,24260731,quality,True,0.7216204503743817,7.205128205128205,28.0,6,0.0,281.0,30.41946088099935,-0.1847468770545693,0.200127850677843,35.0,35,38.0,raster,PPO_final_expansion_checkpoint_inference,False,False,final expansion PPO candidate; not physically validated yet.,existing_v01_rollout_pool,1708,0.0769230769230769,0.4974358974358974,0.5025641025641026,False,False,False,False,False
PPOFINAL_N40_B160_quality,final_expansion_batch05,160,40,"[11, 3, 1, 15, 25, 37, 39, 29, 23, 21, 17, 31, 35, 33, 27, 13, 34, 19, 7, 5, 0, 9, 22, 20, 24, 38, 30, 26, 36, 32, 28, 18, 6, 4, 14, 16, 12, 8, 2, 10]","11,3,1,15,25,37,39,29,23,21,17,31,35,33,27,13,34,19,7,5,0,9,22,20,24,38,30,26,36,32,28,18,6,4,14,16,12,8,2,10",d58fa39e9889ff42,E:\Projects\RL-LAM-ScanOpt\outputs\stage3_ppo_rl_lam_fea_addendum_v01\ppo_training\checkpoints\maskable_ppo_lam_scan_order_final.zip,v01,stochastic,24260726,quality,True,0.7210363669918994,7.564102564102564,21.0,6,0.0,295.0,22.707429322813937,-0.1939513477975016,0.2040318404489243,36.0,36,36.0,edge_in,PPO_final_expansion_checkpoint_inference,False,False,final expansion PPO candidate; not physically validated yet.,existing_v01_rollout_pool,1703,0.1282051282051282,0.5384615384615385,0.4615384615384615,False,False,False,False,False
PPOFINAL_N40_B161_quality,final_expansion_batch06,161,40,"[11, 1, 3, 15, 37, 29, 17, 21, 19, 23, 35, 39, 33, 31, 27, 25, 13, 9, 5, 0, 7, 32, 20, 30, 36, 38, 34, 24, 26, 22, 18, 28, 14, 6, 4, 2, 8, 10, 12, 16]","11,1,3,15,37,29,17,21,19,23,35,39,33,31,27,25,13,9,5,0,7,32,20,30,36,38,34,24,26,22,18,28,14,6,4,2,8,10,12,16",8020d9fd9cf8a782,E:\Projects\RL-LAM-ScanOpt\outputs\stage3_ppo_rl_lam_fea_addendum_v01\ppo_training\checkpoints\maskable_ppo_lam_scan_order_final.zip,v01,stochastic,24261124,quality,True,0.7184013118675547,6.846153846153846,25.0,3,0.0,267.0,28.38658777120315,-0.175542406311637,0.1898169544846832,37.0,37,38.0,regular_jump,PPO_final_expansion_checkpoint_inference,False,False,final expansion PPO candidate; not physically validated yet.,existing_v01_rollout_pool,2101,0.0769230769230769,0.4256410256410256,0.5743589743589743,False,False,False,False,False
PPOFINAL_N40_B162_quality,final_expansion_batch06,162,40,"[11, 1, 3, 15, 21, 23, 31, 25, 35, 37, 39, 19, 29, 27, 17, 33, 7, 5, 13, 0, 9, 6, 20, 22, 24, 34, 36, 28, 26, 32, 30, 38, 2, 4, 8, 10, 12, 16, 18, 14]","11,1,3,15,21,23,31,25,35,37,39,19,29,27,17,33,7,5,13,0,9,6,20,22,24,34,36,28,26,32,30,38,2,4,8,10,12,16,18,14",e728f0d02385a6bb,E:\Projects\RL-LAM-ScanOpt\outputs\stage3_ppo_rl_lam_fea_addendum_v01\ppo_training\checkpoints\maskable_ppo_lam_scan_order_final.zip,v01,stochastic,24260694,quality,True,0.7180296032278926,7.461538461538462,36.0,5,0.0,291.0,51.99211045364891,-0.1913214990138067,0.2207213086480269,36.0,36,37.0,raster,PPO_final_expansion_checkpoint_inference,False,False,final expansion PPO candidate; not physically validated yet.,existing_v01_rollout_pool,1671,0.0769230769230769,0.5282051282051283,0.4717948717948718,False,False,False,False,False
PPOFINAL_N40_B163_quality,final_expansion_batch06,163,40,"[11, 3, 1, 15, 23, 25, 21, 29, 37, 39, 31, 35, 33, 36, 19, 17, 13, 27, 7, 9, 0, 5, 34, 22, 20, 32, 24, 26, 28, 38, 30, 18, 16, 14, 8, 6, 10, 12, 2, 4]","11,3,1,15,23,25,21,29,37,39,31,35,33,36,19,17,13,27,7,9,0,5,34,22,20,32,24,26,28,38,30,18,16,14,8,6,10,12,2,4",3baa9f9003b49574,E:\Projects\RL-LAM-ScanOpt\outputs\stage3_ppo_rl_lam_fea_addendum_v01\ppo_training\checkpoints\maskable_ppo_lam_scan_order_final.zip,v01,stochastic,24260922,quality,True,0.7162051816446364,7.0,29.0,5,0.0,273.0,34.92307692307692,-0.1794871794871795,0.1979606028422596,37.0,37,37.0,edge_in,PPO_final_expansion_checkpoint_inference,False,False,final expansion PPO candidate; not physically validated yet.,existing_v01_rollout_pool,1899,0.1282051282051282,0.5384615384615385,0.4615384615384615,False,False,False,False,False
PPOFINAL_N40_B164_quality,final_expansion_batch06,164,40,"[11, 1, 3, 15, 21, 37, 29, 27, 39, 23, 35, 31, 33, 19, 25, 13, 17, 7, 9, 5, 0, 30, 32, 20, 22, 24, 28, 34, 36, 26, 38, 18, 6, 4, 16, 14, 12, 8, 10, 2]","11,1,3,15,21,37,29,27,39,23,35,31,33,19,25,13,17,7,9,5,0,30,32,20,22,24,28,34,36,26,38,18,6,4,16,14,12,8,10,2",839c1378137cdc95,E:\Projects\RL-LAM-ScanOpt\outputs\stage3_ppo_rl_lam_fea_addendum_v01\ppo_training\checkpoints\maskable_ppo_lam_scan_order_final.zip,v01,stochastic,24261041,quality,True,0.7155117394903271,7.82051282051282,30.0,5,0.0,305.0,37.53188691650229,-0.2005259697567389,0.2201886173021053,36.0,36,38.0,edge_in,PPO_final_expansion_checkpoint_inference,False,False,final expansion PPO candidate; not physically validated yet.,existing_v01_rollout_pool,2018,0.0256410256410256,0.5487179487179488,0.4512820512820513,False,False,False,False,False
PPOFINAL_N40_B165_quality,final_expansion_batch06,165,40,"[11, 3, 1, 15, 23, 21, 27, 31, 37, 35, 29, 25, 17, 33, 39, 19, 5, 0, 7, 13, 9, 20, 36, 24, 30, 28, 38, 32, 34, 26, 22, 14, 4, 6, 16, 18, 12, 8, 10, 2]","11,3,1,15,23,21,27,31,37,35,29,25,17,33,39,19,5,0,7,13,9,20,36,24,30,28,38,32,34,26,22,14,4,6,16,18,12,8,10,2",a7300b5132e6ac16,E:\Projects\RL-LAM-ScanOpt\outputs\stage3_ppo_rl_lam_fea_addendum_v01\ppo_training\checkpoints\maskable_ppo_lam_scan_order_final.zip,v01,stochastic,24260868,quality,True,0.7148209574910556,7.102564102564102,20.0,5,0.0,277.0,19.47666009204471,-0.1821170282708744,0.1903692702774784,34.0,34,37.0,edge_in,PPO_final_expansion_checkpoint_inference,False,False,final expansion PPO candidate; not physically validated yet.,existing_v01_rollout_pool,1845,0.0769230769230769,0.5384615384615385,0.4615384615384615,False,False,False,False,False
PPOFINAL_N40_B166_quality,final_expansion_batch06,166,40,"[11, 1, 3, 15, 23, 21, 33, 31, 37, 39, 35, 25, 29, 17, 5, 27, 19, 13, 7, 9, 0, 24, 32, 30, 20, 34, 28, 38, 36, 26, 22, 16, 18, 6, 8, 4, 10, 14, 12, 2]","11,1,3,15,23,21,33,31,37,39,35,25,29,17,5,27,19,13,7,9,0,24,32,30,20,34,28,38,36,26,22,16,18,6,8,4,10,14,12,2",8e1d427aff29b4c6,E:\Projects\RL-LAM-ScanOpt\outputs\stage3_ppo_rl_lam_fea_addendum_v01\ppo_training\checkpoints\maskable_ppo_lam_scan_order_final.zip,v01,stochastic,24260945,quality,True,0.7143670997966884,7.410256410256411,24.0,3,0.0,289.0,26.754766600920448,-0.1900065746219592,0.2028466578572784,37.0,37,38.0,center_out,PPO_final_expansion_checkpoint_inference,False,False,final expansion PPO candidate; not physically validated yet.,existing_v01_rollout_pool,1922,0.0256410256410256,0.5897435897435898,0.4102564102564102,False,False,False,False,False
PPOFINAL_N40_B167_quality,final_expansion_batch06,167,40,"[11, 3, 1, 15, 21, 35, 39, 23, 27, 31, 37, 17, 25, 29, 33, 19, 9, 0, 13, 5, 7, 24, 28, 20, 26, 34, 36, 32, 22, 38, 30, 18, 16, 6, 4, 2, 8, 10, 12, 14]","11,3,1,15,21,35,39,23,27,31,37,17,25,29,33,19,9,0,13,5,7,24,28,20,26,34,36,32,22,38,30,18,16,6,4,2,8,10,12,14",0ee3bbe912acab5c,E:\Projects\RL-LAM-ScanOpt\outputs\stage3_ppo_rl_lam_fea_addendum_v01\ppo_training\checkpoints\maskable_ppo_lam_scan_order_final.zip,v01,stochastic,24260928,quality,True,0.7129609792790667,7.512820512820513,20.0,7,0.0,293.0,24.55752794214333,-0.1926364234056541,0.2039661590678128,36.0,36,38.0,odd_even,PPO_final_expansion_checkpoint_inference,False,False,final expansion PPO candidate; not physically validated yet.,existing_v01_rollout_pool,1905,0.0769230769230769,0.5487179487179488,0.4512820512820513,False,False,False,False,False
PPOFINAL_N40_B168_quality,final_expansion_batch06,168,40,"[11, 3, 1, 15, 31, 21, 23, 29, 39, 33, 17, 5, 27, 37, 35, 19, 25, 13, 9, 7, 0, 20, 24, 36, 30, 22, 38, 34, 32, 28, 26, 4, 6, 18, 14, 12, 16, 8, 2, 10]","11,3,1,15,31,21,23,29,39,33,17,5,27,37,35,19,25,13,9,7,0,20,24,36,30,22,38,34,32,28,26,4,6,18,14,12,16,8,2,10",f322f2bc37a98819,E:\Projects\RL-LAM-ScanOpt\outputs\stage3_ppo_rl_lam_fea_addendum_v01\ppo_training\checkpoints\maskable_ppo_lam_scan_order_final.zip,v01,stochastic,24261109,quality,True,0.7113194228250668,8.435897435897436,22.0,8,0.0,329.0,33.374095989480615,-0.2163050624589086,0.2328396423336493,36.0,36,38.0,odd_even,PPO_final_expansion_checkpoint_inference,False,False,final expansion PPO candidate; not physically validated yet.,existing_v01_rollout_pool,2086,0.0256410256410256,0.5487179487179488,0.4512820512820513,False,False,False,False,False
PPOFINAL_N40_B169_quality,final_expansion_batch06,169,40,"[11, 1, 3, 15, 17, 21, 23, 37, 19, 31, 39, 29, 25, 33, 27, 35, 9, 7, 0, 5, 13, 24, 22, 20, 38, 36, 34, 32, 30, 26, 6, 28, 18, 12, 16, 14, 4, 8, 10, 2]","11,1,3,15,17,21,23,37,19,31,39,29,25,33,27,35,9,7,0,5,13,24,22,20,38,36,34,32,30,26,6,28,18,12,16,14,4,8,10,2",4e1263aaad58d90a,E:\Projects\RL-LAM-ScanOpt\outputs\stage3_ppo_rl_lam_fea_addendum_v01\ppo_training\checkpoints\maskable_ppo_lam_scan_order_final.zip,v01,stochastic,24260650,quality,True,0.7110587773547277,7.717948717948718,26.0,6,0.0,301.0,38.04865220249835,-0.197896120973044,0.2179642683777109,37.0,37,38.0,raster,PPO_final_expansion_checkpoint_inference,False,False,final expansion PPO candidate; not physically validated yet.,existing_v01_rollout_pool,1627,0.0769230769230769,0.4358974358974358,0.5641025641025641,False,False,False,False,False
PPOFINAL_N40_B170_quality,final_expansion_batch06,170,40,"[11, 1, 3, 15, 21, 23, 25, 31, 37, 13, 17, 27, 35, 29, 39, 33, 19, 5, 0, 9, 7, 32, 30, 20, 28, 24, 22, 34, 36, 26, 38, 12, 6, 2, 8, 4, 10, 16, 18, 14]","11,1,3,15,21,23,25,31,37,13,17,27,35,29,39,33,19,5,0,9,7,32,30,20,28,24,22,34,36,26,38,12,6,2,8,4,10,16,18,14",4c92eb7f2b49750b,E:\Projects\RL-LAM-ScanOpt\outputs\stage3_ppo_rl_lam_fea_addendum_v01\ppo_training\checkpoints\maskable_ppo_lam_scan_order_final.zip,v01,stochastic,24260699,quality,True,0.7105646618329643,7.923076923076923,26.0,5,0.0,309.0,36.48126232741617,-0.2031558185404339,0.2220619739167759,37.0,37,39.0,raster,PPO_final_expansion_checkpoint_inference,False,False,final expansion PPO candidate; not physically validated yet.,existing_v01_rollout_pool,1676,0.0769230769230769,0.482051282051282,0.517948717948718,False,False,False,False,False
PPOFINAL_N40_B171_quality,final_expansion_batch06,171,40,"[11, 1, 3, 15, 21, 37, 23, 31, 35, 39, 33, 27, 29, 17, 19, 13, 25, 7, 5, 0, 9, 20, 26, 38, 22, 32, 30, 24, 36, 28, 34, 10, 6, 18, 14, 16, 8, 4, 2, 12]","11,1,3,15,21,37,23,31,35,39,33,27,29,17,19,13,25,7,5,0,9,20,26,38,22,32,30,24,36,28,34,10,6,18,14,16,8,4,2,12",0927ef6e1766632e,E:\Projects\RL-LAM-ScanOpt\outputs\stage3_ppo_rl_lam_fea_addendum_v01\ppo_training\checkpoints\maskable_ppo_lam_scan_order_final.zip,v01,stochastic,24260884,quality,True,0.7087525312388305,8.076923076923077,24.0,5,0.0,315.0,25.814595660749507,-0.2071005917159763,0.2188951976730766,36.0,36,38.0,center_out,PPO_final_expansion_checkpoint_inference,False,False,final expansion PPO candidate; not physically validated yet.,existing_v01_rollout_pool,1861,0.0769230769230769,0.6,0.4,False,False,False,False,False
PPOFINAL_N40_B172_quality,final_expansion_batch06,172,40,"[11, 3, 1, 15, 23, 25, 21, 33, 39, 31, 27, 37, 29, 35, 19, 17, 13, 9, 24, 5, 0, 7, 20, 36, 34, 38, 22, 30, 32, 28, 26, 18, 16, 6, 4, 8, 14, 12, 10, 2]","11,3,1,15,23,25,21,33,39,31,27,37,29,35,19,17,13,9,24,5,0,7,20,36,34,38,22,30,32,28,26,18,16,6,4,8,14,12,10,2",970a10067d003fe4,E:\Projects\RL-LAM-ScanOpt\outputs\stage3_ppo_rl_lam_fea_addendum_v01\ppo_training\checkpoints\maskable_ppo_lam_scan_order_final.zip,v01,stochastic,24260794,quality,True,0.7074492619639353,7.051282051282051,19.0,6,0.0,275.0,23.22813938198553,-0.1808021038790269,0.191553674807354,36.0,36,37.0,regular_jump,PPO_final_expansion_checkpoint_inference,False,False,final expansion PPO candidate; not physically validated yet.,existing_v01_rollout_pool,1771,0.1282051282051282,0.5282051282051282,0.4717948717948718,False,False,False,False,False
PPOFINAL_N40_B173_diversity,final_expansion_batch06,173,40,"[37, 35, 29, 20, 24, 26, 30, 25, 23, 17, 19, 13, 11, 9, 7, 5, 3, 1, 4, 8, 2, 0, 6, 10, 14, 16, 18, 12, 15, 21, 22, 28, 38, 36, 34, 32, 27, 31, 33, 39]","37,35,29,20,24,26,30,25,23,17,19,13,11,9,7,5,3,1,4,8,2,0,6,10,14,16,18,12,15,21,22,28,38,36,34,32,27,31,33,39",9b0687163d0791ce,E:\Projects\RL-LAM-ScanOpt\outputs\stage3_ppo_rl_lam_fea_addendum_v02_targeted_N24_N40\stageK2_n40_completion\checkpoints\N40_seed20260624_maskable_ppo_v02_K2.zip,v02K2,stochastic,40521456,diversity,True,0.5991341583888844,3.7948717948717934,10.0,0,0.0256410256410256,148.0,4.522024983563445,-0.071663379355687,0.0978448553475104,34.0,34,38.0,raster,PPO_final_expansion_checkpoint_inference,False,False,final expansion PPO candidate; not physically validated yet.,existing_v02K2_rollout_pool,205,0.1538461538461538,0.3897435897435897,0.6102564102564102,False,False,False,False,False
PPOFINAL_N40_B174_diversity,final_expansion_batch06,174,40,"[11, 15, 3, 1, 23, 9, 21, 37, 31, 25, 35, 33, 17, 27, 39, 29, 13, 7, 0, 5, 19, 34, 38, 32, 28, 20, 30, 24, 18, 36, 26, 4, 6, 22, 14, 16, 8, 10, 12, 2]","11,15,3,1,23,9,21,37,31,25,35,33,17,27,39,29,13,7,0,5,19,34,38,32,28,20,30,24,18,36,26,4,6,22,14,16,8,10,12,2",f73ead5369df6a34,E:\Projects\RL-LAM-ScanOpt\outputs\stage3_ppo_rl_lam_fea_addendum_v01\ppo_training\checkpoints\maskable_ppo_lam_scan_order_final.zip,v01,stochastic,24260823,diversity,True,0.662390824238044,9.256410256410255,22.0,10,0.0,361.0,30.19066403681788,-0.2373438527284681,0.2512594766842984,37.0,37,39.0,odd_even,PPO_final_expansion_checkpoint_inference,False,False,final expansion PPO candidate; not physically validated yet.,existing_v01_rollout_pool,1800,0.0769230769230769,0.5025641025641026,0.4974358974358974,False,False,False,False,False
PPOFINAL_N40_B175_diversity,final_expansion_batch06,175,40,"[11, 29, 1, 3, 15, 23, 21, 31, 33, 39, 25, 27, 37, 19, 35, 13, 17, 5, 0, 7, 20, 9, 34, 24, 30, 36, 22, 38, 32, 28, 26, 6, 4, 8, 18, 16, 14, 10, 2, 12]","11,29,1,3,15,23,21,31,33,39,25,27,37,19,35,13,17,5,0,7,20,9,34,24,30,36,22,38,32,28,26,6,4,8,18,16,14,10,2,12",90be9a2193fe4791,E:\Projects\RL-LAM-ScanOpt\outputs\stage3_ppo_rl_lam_fea_addendum_v01\ppo_training\checkpoints\maskable_ppo_lam_scan_order_final.zip,v01,stochastic,24260716,diversity,True,0.631351292081315,9.564102564102564,28.0,10,0.0,373.0,46.09204470742932,-0.2452333990795529,0.2694063410305255,37.0,37,38.0,raster,PPO_final_expansion_checkpoint_inference,False,False,final expansion PPO candidate; not physically validated yet.,existing_v01_rollout_pool,1693,0.1282051282051282,0.5487179487179488,0.4512820512820513,False,False,False,False,False
PPOFINAL_N40_B176_diversity,final_expansion_batch06,176,40,"[11, 1, 3, 15, 23, 21, 19, 25, 27, 33, 31, 37, 35, 39, 13, 29, 5, 7, 0, 17, 20, 9, 36, 32, 16, 24, 22, 30, 34, 38, 28, 26, 2, 4, 6, 8, 14, 18, 12, 10]","11,1,3,15,23,21,19,25,27,33,31,37,35,39,13,29,5,7,0,17,20,9,36,32,16,24,22,30,34,38,28,26,2,4,6,8,14,18,12,10",c96e1f5dc2354af0,E:\Projects\RL-LAM-ScanOpt\outputs\stage3_ppo_rl_lam_fea_addendum_v01\ppo_training\checkpoints\maskable_ppo_lam_scan_order_final.zip,v01,stochastic,24260629,diversity,True,0.6087718371301718,7.769230769230769,27.0,7,0.0,303.0,52.0749506903353,-0.1992110453648915,0.2284680806642572,37.0,37,38.0,raster,PPO_final_expansion_checkpoint_inference,False,False,final expansion PPO candidate; not physically validated yet.,existing_v01_rollout_pool,1606,0.1282051282051282,0.4102564102564102,0.5897435897435896,False,False,False,False,False
PPOFINAL_N40_B177_diversity,final_expansion_batch06,177,40,"[11, 3, 1, 15, 27, 37, 21, 29, 35, 23, 31, 39, 17, 24, 33, 25, 38, 13, 5, 19, 7, 0, 9, 20, 22, 34, 32, 28, 26, 30, 36, 6, 4, 18, 10, 8, 16, 14, 12, 2]","11,3,1,15,27,37,21,29,35,23,31,39,17,24,33,25,38,13,5,19,7,0,9,20,22,34,32,28,26,30,36,6,4,18,10,8,16,14,12,2",a8e991ca972d20bb,E:\Projects\RL-LAM-ScanOpt\outputs\stage3_ppo_rl_lam_fea_addendum_v01\ppo_training\checkpoints\maskable_ppo_lam_scan_order_final.zip,v01,stochastic,24260646,diversity,True,0.6064712817175624,9.205128205128204,30.0,7,0.0,359.0,39.03484549638397,-0.2360289283366206,0.2557921403658014,36.0,36,38.0,edge_in,PPO_final_expansion_checkpoint_inference,False,False,final expansion PPO candidate; not physically validated yet.,existing_v01_rollout_pool,1623,0.1794871794871795,0.5282051282051283,0.4717948717948718,False,False,False,False,False
PPOFINAL_N40_B178_diversity,final_expansion_batch06,178,40,"[11, 3, 1, 27, 15, 37, 33, 21, 25, 23, 35, 31, 29, 39, 19, 9, 7, 0, 13, 17, 5, 6, 24, 38, 22, 34, 36, 26, 20, 28, 32, 30, 12, 4, 8, 16, 18, 14, 10, 2]","11,3,1,27,15,37,33,21,25,23,35,31,29,39,19,9,7,0,13,17,5,6,24,38,22,34,36,26,20,28,32,30,12,4,8,16,18,14,10,2",3f14ea35f15a3b84,E:\Projects\RL-LAM-ScanOpt\outputs\stage3_ppo_rl_lam_fea_addendum_v01\ppo_training\checkpoints\maskable_ppo_lam_scan_order_final.zip,v01,stochastic,24260628,diversity,True,0.5973465052788202,8.64102564102564,26.0,7,0.0256410256410256,337.0,38.43523997370149,-0.1959237343852728,0.2412953582996065,36.0,36,35.0,regular_jump,PPO_final_expansion_checkpoint_inference,False,False,final expansion PPO candidate; not physically validated yet.,existing_v01_rollout_pool,1605,0.0769230769230769,0.4974358974358974,0.5025641025641026,False,False,False,False,False
PPOFINAL_N40_B179_diversity,final_expansion_batch06,179,40,"[37, 29, 35, 24, 20, 30, 26, 25, 23, 19, 13, 11, 9, 5, 1, 3, 7, 4, 2, 0, 6, 10, 8, 12, 14, 18, 16, 15, 17, 21, 22, 28, 32, 38, 36, 34, 31, 27, 33, 39]","37,29,35,24,20,30,26,25,23,19,13,11,9,5,1,3,7,4,2,0,6,10,8,12,14,18,16,15,17,21,22,28,32,38,36,34,31,27,33,39",1684aa149d321522,E:\Projects\RL-LAM-ScanOpt\outputs\stage3_ppo_rl_lam_fea_addendum_v02_targeted_N24_N40\stageK2_n40_completion\checkpoints\N40_seed20260624_maskable_ppo_v02_K2.zip,v02K2,stochastic,40522414,diversity,True,0.5897448670193259,3.897435897435898,11.0,0,0.0769230769230769,152.0,5.271531886916502,-0.0230111768573307,0.1009017303661515,32.0,32,37.0,raster,PPO_final_expansion_checkpoint_inference,False,False,final expansion PPO candidate; not physically validated yet.,existing_v02K2_rollout_pool,1163,0.1538461538461538,0.3794871794871794,0.6205128205128205,False,False,False,False,False
PPOFINAL_N40_B180_diversity,final_expansion_batch06,180,40,"[11, 15, 27, 1, 3, 37, 21, 31, 25, 23, 29, 19, 39, 35, 33, 17, 9, 5, 0, 7, 13, 20, 34, 36, 24, 30, 38, 28, 32, 22, 26, 18, 6, 4, 8, 10, 16, 14, 12, 2]","11,15,27,1,3,37,21,31,25,23,29,19,39,35,33,17,9,5,0,7,13,20,34,36,24,30,38,28,32,22,26,18,6,4,8,10,16,14,12,2",a8ce7c8bbddd45fa,E:\Projects\RL-LAM-ScanOpt\outputs\stage3_ppo_rl_lam_fea_addendum_v01\ppo_training\checkpoints\maskable_ppo_lam_scan_order_final.zip,v01,stochastic,24260819,diversity,True,0.6774374638118765,8.333333333333334,34.0,6,0.0,325.0,45.811965811965806,-0.2136752136752137,0.2384529689756514,36.0,36,39.0,raster,PPO_final_expansion_checkpoint_inference,False,False,final expansion PPO candidate; not physically validated yet.,existing_v01_rollout_pool,1796,0.0769230769230769,0.4871794871794872,0.5128205128205128,False,False,False,False,False
PPOFINAL_N40_B181_diversity,final_expansion_batch06,181,40,"[11, 15, 1, 3, 25, 23, 21, 17, 9, 35, 31, 27, 39, 33, 37, 19, 29, 13, 7, 0, 5, 24, 20, 22, 32, 30, 36, 28, 38, 34, 26, 4, 6, 18, 10, 2, 8, 12, 16, 14]","11,15,1,3,25,23,21,17,9,35,31,27,39,33,37,19,29,13,7,0,5,24,20,22,32,30,36,28,38,34,26,4,6,18,10,2,8,12,16,14",e3431db23a184d36,E:\Projects\RL-LAM-ScanOpt\outputs\stage3_ppo_rl_lam_fea_addendum_v01\ppo_training\checkpoints\maskable_ppo_lam_scan_order_final.zip,v01,stochastic,24260906,diversity,True,0.6714435611800138,8.128205128205128,26.0,7,0.0,317.0,38.52202498356345,-0.2084155161078238,0.2285319033422508,37.0,37,37.0,edge_in,PPO_final_expansion_checkpoint_inference,False,False,final expansion PPO candidate; not physically validated yet.,existing_v01_rollout_pool,1883,0.0769230769230769,0.4461538461538462,0.5538461538461539,False,False,False,False,False
PPOFINAL_N40_B182_diversity,final_expansion_batch06,182,40,"[11, 1, 15, 3, 21, 23, 27, 25, 17, 39, 33, 31, 37, 35, 24, 29, 13, 19, 9, 0, 7, 5, 26, 20, 28, 32, 36, 30, 34, 22, 38, 2, 6, 4, 10, 8, 16, 18, 14, 12]","11,1,15,3,21,23,27,25,17,39,33,31,37,35,24,29,13,19,9,0,7,5,26,20,28,32,36,30,34,22,38,2,6,4,10,8,16,18,14,12",9a9c393ac14717c2,E:\Projects\RL-LAM-ScanOpt\outputs\stage3_ppo_rl_lam_fea_addendum_v01\ppo_training\checkpoints\maskable_ppo_lam_scan_order_final.zip,v01,stochastic,24260895,diversity,True,0.6712886907473593,8.23076923076923,36.0,7,0.0,321.0,49.10059171597632,-0.2110453648915187,0.2380510136199712,35.0,35,38.0,raster,PPO_final_expansion_checkpoint_inference,False,False,final expansion PPO candidate; not physically validated yet.,existing_v01_rollout_pool,1872,0.1282051282051282,0.4512820512820513,0.5487179487179488,False,False,False,False,False
PPOFINAL_N40_B183_diversity,final_expansion_batch06,183,40,"[11, 1, 3, 15, 35, 23, 21, 37, 39, 25, 31, 19, 33, 27, 29, 17, 9, 0, 6, 13, 20, 7, 5, 32, 30, 34, 36, 38, 24, 26, 22, 28, 2, 10, 16, 18, 14, 4, 8, 12]","11,1,3,15,35,23,21,37,39,25,31,19,33,27,29,17,9,0,6,13,20,7,5,32,30,34,36,38,24,26,22,28,2,10,16,18,14,4,8,12",de023060e31bde5b,E:\Projects\RL-LAM-ScanOpt\outputs\stage3_ppo_rl_lam_fea_addendum_v01\ppo_training\checkpoints\maskable_ppo_lam_scan_order_final.zip,v01,stochastic,24260749,diversity,True,0.6494742995938011,8.23076923076923,27.0,7,0.0,321.0,39.9723865877712,-0.2110453648915187,0.2320495638315392,35.0,35,38.0,raster,PPO_final_expansion_checkpoint_inference,False,False,final expansion PPO candidate; not physically validated yet.,existing_v01_rollout_pool,1726,0.1282051282051282,0.5692307692307692,0.4307692307692307,False,False,False,False,False
PPOFINAL_N40_B184_diversity,final_expansion_batch06,184,40,"[11, 1, 3, 35, 15, 31, 21, 23, 25, 39, 37, 27, 19, 17, 29, 33, 13, 24, 38, 5, 0, 7, 9, 20, 30, 34, 36, 32, 26, 22, 28, 14, 6, 12, 4, 16, 18, 10, 2, 8]","11,1,3,35,15,31,21,23,25,39,37,27,19,17,29,33,13,24,38,5,0,7,9,20,30,34,36,32,26,22,28,14,6,12,4,16,18,10,2,8",bbee4769741c7b36,E:\Projects\RL-LAM-ScanOpt\outputs\stage3_ppo_rl_lam_fea_addendum_v01\ppo_training\checkpoints\maskable_ppo_lam_scan_order_final.zip,v01,stochastic,24260996,diversity,True,0.6366596250859881,9.153846153846152,33.0,8,0.0,357.0,52.64299802761341,-0.2347140039447731,0.2634569349293973,36.0,36,38.0,odd_even,PPO_final_expansion_checkpoint_inference,False,False,final expansion PPO candidate; not physically validated yet.,existing_v01_rollout_pool,1973,0.1282051282051282,0.5384615384615384,0.4615384615384615,False,False,False,False,False
PPOFINAL_N40_B185_diversity,final_expansion_batch06,185,40,"[11, 23, 3, 1, 15, 39, 21, 31, 37, 17, 7, 13, 19, 35, 29, 27, 25, 33, 9, 0, 5, 34, 32, 20, 24, 28, 22, 38, 30, 36, 26, 4, 6, 2, 8, 18, 16, 10, 14, 12]","11,23,3,1,15,39,21,31,37,17,7,13,19,35,29,27,25,33,9,0,5,34,32,20,24,28,22,38,30,36,26,4,6,2,8,18,16,10,14,12",a9683d7b936e665f,E:\Projects\RL-LAM-ScanOpt\outputs\stage3_ppo_rl_lam_fea_addendum_v01\ppo_training\checkpoints\maskable_ppo_lam_scan_order_final.zip,v01,stochastic,24260887,diversity,True,0.6357565700100105,9.615384615384617,29.0,10,0.0,375.0,51.41617357001972,-0.2465483234714003,0.2741888057659564,37.0,37,39.0,raster,PPO_final_expansion_checkpoint_inference,False,False,final expansion PPO candidate; not physically validated yet.,existing_v01_rollout_pool,1864,0.0769230769230769,0.5333333333333334,0.4666666666666667,False,False,False,False,False
PPOFINAL_N40_B186_diversity,final_expansion_batch06,186,40,"[1, 11, 3, 15, 21, 39, 37, 31, 19, 23, 29, 25, 35, 17, 27, 33, 13, 5, 0, 32, 20, 7, 26, 9, 24, 30, 36, 38, 28, 22, 34, 6, 4, 10, 2, 8, 16, 18, 14, 12]","1,11,3,15,21,39,37,31,19,23,29,25,35,17,27,33,13,5,0,32,20,7,26,9,24,30,36,38,28,22,34,6,4,10,2,8,16,18,14,12",aa4779b84ca708dc,E:\Projects\RL-LAM-ScanOpt\outputs\stage3_ppo_rl_lam_fea_addendum_v01\ppo_training\checkpoints\maskable_ppo_lam_scan_order_final.zip,v01,stochastic,24260623,diversity,True,0.63424943429224,9.76923076923077,32.0,8,0.0,381.0,46.84418145956607,-0.2504930966469428,0.2750290476394254,36.0,36,37.0,raster,PPO_final_expansion_checkpoint_inference,False,False,final expansion PPO candidate; not physically validated yet.,existing_v01_rollout_pool,1600,0.1282051282051282,0.5230769230769231,0.4769230769230769,False,False,False,False,False
PPOFINAL_N40_B187_diversity,final_expansion_batch06,187,40,"[1, 11, 3, 37, 15, 23, 39, 21, 31, 29, 17, 27, 19, 25, 35, 33, 13, 5, 9, 7, 0, 24, 22, 28, 34, 30, 32, 20, 36, 38, 26, 18, 4, 6, 8, 10, 14, 12, 16, 2]","1,11,3,37,15,23,39,21,31,29,17,27,19,25,35,33,13,5,9,7,0,24,22,28,34,30,32,20,36,38,26,18,4,6,8,10,14,12,16,2",906a83809c633623,E:\Projects\RL-LAM-ScanOpt\outputs\stage3_ppo_rl_lam_fea_addendum_v01\ppo_training\checkpoints\maskable_ppo_lam_scan_order_final.zip,v01,stochastic,24261035,diversity,True,0.6331869043617712,9.102564102564102,34.0,9,0.0,355.0,51.93819855358316,-0.2333990795529257,0.2617115046374643,36.0,36,38.0,odd_even,PPO_final_expansion_checkpoint_inference,False,False,final expansion PPO candidate; not physically validated yet.,existing_v01_rollout_pool,2012,0.0256410256410256,0.5692307692307692,0.4307692307692307,False,False,False,False,False
PPOFINAL_N40_B188_diversity,final_expansion_batch06,188,40,"[11, 15, 1, 3, 21, 9, 25, 31, 23, 39, 27, 17, 29, 37, 35, 33, 13, 5, 0, 19, 7, 34, 28, 32, 38, 30, 24, 20, 36, 26, 6, 4, 2, 14, 22, 18, 16, 10, 8, 12]","11,15,1,3,21,9,25,31,23,39,27,17,29,37,35,33,13,5,0,19,7,34,28,32,38,30,24,20,36,26,6,4,2,14,22,18,16,10,8,12",dbbb2f25880acebf,E:\Projects\RL-LAM-ScanOpt\outputs\stage3_ppo_rl_lam_fea_addendum_v01\ppo_training\checkpoints\maskable_ppo_lam_scan_order_final.zip,v01,stochastic,24261008,diversity,True,0.6321769840850444,9.102564102564102,27.0,9,0.0,355.0,38.45101906640368,-0.2333990795529257,0.2528441939950057,37.0,37,38.0,raster,PPO_final_expansion_checkpoint_inference,False,False,final expansion PPO candidate; not physically validated yet.,existing_v01_rollout_pool,1985,0.0769230769230769,0.5128205128205129,0.4871794871794871,False,False,False,False,False
PPOFINAL_N40_B189_diversity,final_expansion_batch06,189,40,"[11, 15, 1, 3, 37, 21, 23, 35, 39, 17, 29, 33, 31, 27, 25, 36, 19, 5, 9, 0, 13, 7, 30, 20, 32, 24, 26, 22, 34, 38, 28, 10, 4, 6, 2, 8, 16, 14, 18, 12]","11,15,1,3,37,21,23,35,39,17,29,33,31,27,25,36,19,5,9,0,13,7,30,20,32,24,26,22,34,38,28,10,4,6,2,8,16,14,18,12",bfcdaf40779bc25e,E:\Projects\RL-LAM-ScanOpt\outputs\stage3_ppo_rl_lam_fea_addendum_v01\ppo_training\checkpoints\maskable_ppo_lam_scan_order_final.zip,v01,stochastic,24260856,diversity,True,0.6286462541780714,8.948717948717949,34.0,8,0.0,349.0,48.664036817882966,-0.2294543063773833,0.2557127132267475,37.0,37,38.0,raster,PPO_final_expansion_checkpoint_inference,False,False,final expansion PPO candidate; not physically validated yet.,existing_v01_rollout_pool,1833,0.1282051282051282,0.5538461538461539,0.4461538461538462,False,False,False,False,False
PPOFINAL_N40_B190_diversity,final_expansion_batch06,190,40,"[11, 1, 3, 21, 15, 23, 29, 37, 17, 25, 33, 39, 31, 35, 19, 27, 7, 5, 0, 30, 13, 9, 24, 32, 22, 26, 20, 36, 34, 28, 38, 14, 18, 6, 4, 10, 8, 12, 16, 2]","11,1,3,21,15,23,29,37,17,25,33,39,31,35,19,27,7,5,0,30,13,9,24,32,22,26,20,36,34,28,38,14,18,6,4,10,8,12,16,2",09e52e11fadfbc9f,E:\Projects\RL-LAM-ScanOpt\outputs\stage3_ppo_rl_lam_fea_addendum_v01\ppo_training\checkpoints\maskable_ppo_lam_scan_order_final.zip,v01,stochastic,24261119,diversity,True,0.620515228063727,9.307692307692308,30.0,10,0.0,363.0,43.39250493096648,-0.2386587771203156,0.2612212392708524,35.0,35,38.0,center_out,PPO_final_expansion_checkpoint_inference,False,False,final expansion PPO candidate; not physically validated yet.,existing_v01_rollout_pool,2096,0.0769230769230769,0.4512820512820512,0.5487179487179488,False,False,False,False,False
PPOFINAL_N40_B191_diversity,final_expansion_batch06,191,40,"[11, 1, 3, 21, 15, 27, 33, 23, 35, 37, 31, 39, 5, 29, 25, 19, 9, 17, 13, 7, 0, 34, 30, 20, 24, 36, 28, 22, 38, 26, 32, 6, 4, 10, 14, 18, 16, 12, 8, 2]","11,1,3,21,15,27,33,23,35,37,31,39,5,29,25,19,9,17,13,7,0,34,30,20,24,36,28,22,38,26,32,6,4,10,14,18,16,12,8,2",082738543363121c,E:\Projects\RL-LAM-ScanOpt\outputs\stage3_ppo_rl_lam_fea_addendum_v01\ppo_training\checkpoints\maskable_ppo_lam_scan_order_final.zip,v01,stochastic,24260893,diversity,True,0.6190130780789036,9.35897435897436,34.0,6,0.0,365.0,61.871137409598944,-0.239973701512163,0.274652292839973,37.0,37,37.0,raster,PPO_final_expansion_checkpoint_inference,False,False,final expansion PPO candidate; not physically validated yet.,existing_v01_rollout_pool,1870,0.0256410256410256,0.5487179487179488,0.4512820512820513,False,False,False,False,False
PPOFINAL_N40_B192_diversity,final_expansion_batch06,192,40,"[11, 3, 1, 21, 15, 17, 31, 23, 13, 25, 37, 39, 19, 29, 27, 35, 33, 9, 0, 7, 38, 5, 20, 32, 34, 24, 22, 26, 30, 36, 28, 18, 16, 14, 6, 4, 2, 8, 10, 12]","11,3,1,21,15,17,31,23,13,25,37,39,19,29,27,35,33,9,0,7,38,5,20,32,34,24,22,26,30,36,28,18,16,14,6,4,2,8,10,12",df0cce01fb05e68a,E:\Projects\RL-LAM-ScanOpt\outputs\stage3_ppo_rl_lam_fea_addendum_v01\ppo_training\checkpoints\maskable_ppo_lam_scan_order_final.zip,v01,stochastic,24260959,diversity,True,0.616080356711188,8.743589743589743,33.0,7,0.0,341.0,59.98553583168965,-0.2241946088099934,0.2580279657013081,36.0,36,37.0,edge_in,PPO_final_expansion_checkpoint_inference,False,False,final expansion PPO candidate; not physically validated yet.,existing_v01_rollout_pool,1936,0.1282051282051282,0.4051282051282051,0.5948717948717949,False,False,False,False,False
PPOFINAL_N40_B193_efficiency,final_expansion_batch07,193,40,"[37, 35, 29, 30, 24, 20, 26, 25, 23, 19, 17, 13, 11, 9, 7, 5, 1, 3, 0, 2, 4, 6, 8, 10, 12, 14, 16, 18, 15, 21, 22, 28, 34, 38, 36, 32, 27, 31, 33, 39]","37,35,29,30,24,20,26,25,23,19,17,13,11,9,7,5,1,3,0,2,4,6,8,10,12,14,16,18,15,21,22,28,34,38,36,32,27,31,33,39",a8a22ffaeda68c9d,E:\Projects\RL-LAM-ScanOpt\outputs\stage3_ppo_rl_lam_fea_addendum_v02_targeted_N24_N40\stageK2_n40_completion\checkpoints\N40_seed20260624_maskable_ppo_v02_K2.zip,v02K2,stochastic,40524096,efficiency,True,0.5964812262709758,3.128205128205128,6.0,0,0.0769230769230769,122.0,2.6758711374095987,-0.0032873109796186,0.0799644123191384,35.0,35,38.0,center_out,PPO_final_expansion_checkpoint_inference,False,False,final expansion PPO candidate; not physically validated yet.,existing_v02K2_rollout_pool,2845,0.1538461538461538,0.3794871794871794,0.6205128205128205,False,False,False,False,False
PPOFINAL_N40_B194_efficiency,final_expansion_batch07,194,40,"[37, 35, 29, 30, 20, 24, 26, 25, 23, 19, 17, 13, 11, 9, 7, 5, 3, 1, 0, 2, 4, 6, 10, 8, 12, 16, 18, 14, 15, 21, 22, 28, 34, 32, 38, 36, 39, 33, 31, 27]","37,35,29,30,20,24,26,25,23,19,17,13,11,9,7,5,3,1,0,2,4,6,10,8,12,16,18,14,15,21,22,28,34,32,38,36,39,33,31,27",8413cd4573da04f1,E:\Projects\RL-LAM-ScanOpt\outputs\stage3_ppo_rl_lam_fea_addendum_v02_targeted_N24_N40\stageK2_n40_completion\checkpoints\N40_seed20260624_maskable_ppo_v02_K2.zip,v02K2,stochastic,40523419,efficiency,True,0.5795881432990964,3.128205128205128,10.0,0,0.1282051282051282,122.0,3.8040762656147264,0.0479947403024326,0.0807061645401806,31.0,31,38.0,odd_even,PPO_final_expansion_checkpoint_inference,False,False,final expansion PPO candidate; not physically validated yet.,existing_v02K2_rollout_pool,2168,0.1538461538461538,0.3794871794871794,0.6205128205128205,False,False,False,False,False
PPOFINAL_N40_B195_efficiency,final_expansion_batch07,195,40,"[37, 35, 29, 30, 24, 20, 26, 25, 23, 19, 17, 13, 11, 9, 7, 5, 1, 3, 0, 2, 4, 6, 8, 10, 12, 14, 16, 18, 15, 21, 22, 28, 38, 36, 34, 32, 31, 27, 33, 39]","37,35,29,30,24,20,26,25,23,19,17,13,11,9,7,5,1,3,0,2,4,6,8,10,12,14,16,18,15,21,22,28,38,36,34,32,31,27,33,39",3dc5ad95c6cc67eb,E:\Projects\RL-LAM-ScanOpt\outputs\stage3_ppo_rl_lam_fea_addendum_v02_targeted_N24_N40\stageK2_n40_completion\checkpoints\N40_seed20260624_maskable_ppo_v02_K2.zip,v02K2,stochastic,40523244,efficiency,True,0.5953165465752615,3.128205128205128,10.0,0,0.1025641025641025,122.0,3.906640368178829,0.0223537146614069,0.0807735965602753,36.0,36,37.0,center_out,PPO_final_expansion_checkpoint_inference,False,False,final expansion PPO candidate; not physically validated yet.,existing_v02K2_rollout_pool,1993,0.1538461538461538,0.3794871794871794,0.6205128205128205,False,False,False,False,False
PPOFINAL_N40_B196_efficiency,final_expansion_batch07,196,40,"[37, 35, 29, 20, 24, 26, 30, 25, 23, 19, 17, 13, 11, 9, 7, 5, 1, 3, 0, 2, 4, 6, 8, 10, 12, 16, 18, 14, 15, 21, 22, 28, 32, 34, 38, 36, 39, 33, 31, 27]","37,35,29,20,24,26,30,25,23,19,17,13,11,9,7,5,1,3,0,2,4,6,8,10,12,16,18,14,15,21,22,28,32,34,38,36,39,33,31,27",ea6c812ad2554bc6,E:\Projects\RL-LAM-ScanOpt\outputs\stage3_ppo_rl_lam_fea_addendum_v02_targeted_N24_N40\stageK2_n40_completion\checkpoints\N40_seed20260624_maskable_ppo_v02_K2.zip,v02K2,stochastic,40522373,efficiency,True,0.5993922842705256,3.17948717948718,9.0,0,0.0512820512820512,124.0,2.8652202498356343,-0.0302432610124917,0.0813709534844415,34.0,34,38.0,odd_even,PPO_final_expansion_checkpoint_inference,False,False,final expansion PPO candidate; not physically validated yet.,existing_v02K2_rollout_pool,1122,0.1538461538461538,0.3794871794871794,0.6205128205128205,False,False,False,False,False
PPOFINAL_N40_B197_efficiency,final_expansion_batch07,197,40,"[37, 35, 29, 26, 24, 20, 30, 25, 23, 19, 17, 13, 11, 9, 7, 3, 5, 1, 0, 2, 4, 6, 8, 10, 14, 12, 15, 18, 16, 21, 22, 28, 32, 34, 38, 36, 39, 33, 31, 27]","37,35,29,26,24,20,30,25,23,19,17,13,11,9,7,3,5,1,0,2,4,6,8,10,14,12,15,18,16,21,22,28,32,34,38,36,39,33,31,27",bdeac73b1ae444bb,E:\Projects\RL-LAM-ScanOpt\outputs\stage3_ppo_rl_lam_fea_addendum_v02_targeted_N24_N40\stageK2_n40_completion\checkpoints\N40_seed20260624_maskable_ppo_v02_K2.zip,v02K2,stochastic,40523238,efficiency,True,0.5582211736261058,3.17948717948718,10.0,0,0.0512820512820512,124.0,3.019066403681788,-0.0302432610124917,0.0814721015145836,34.0,34,38.0,odd_even,PPO_final_expansion_checkpoint_inference,False,False,final expansion PPO candidate; not physically validated yet.,existing_v02K2_rollout_pool,1987,0.2051282051282051,0.3794871794871794,0.6205128205128205,False,False,False,False,False
PPOFINAL_N40_B198_efficiency,final_expansion_batch07,198,40,"[37, 35, 29, 30, 24, 20, 26, 25, 23, 19, 17, 13, 11, 9, 7, 5, 3, 1, 0, 2, 6, 4, 8, 10, 12, 18, 16, 14, 15, 21, 22, 28, 34, 38, 36, 32, 27, 31, 33, 39]","37,35,29,30,24,20,26,25,23,19,17,13,11,9,7,5,3,1,0,2,6,4,8,10,12,18,16,14,15,21,22,28,34,38,36,32,27,31,33,39",04913d6b96ab9338,E:\Projects\RL-LAM-ScanOpt\outputs\stage3_ppo_rl_lam_fea_addendum_v02_targeted_N24_N40\stageK2_n40_completion\checkpoints\N40_seed20260624_maskable_ppo_v02_K2.zip,v02K2,stochastic,40522529,efficiency,True,0.5908436095450184,3.17948717948718,6.0,0,0.1282051282051282,124.0,3.07034845496384,0.0466798159105851,0.081505817524631,35.0,35,38.0,odd_even,PPO_final_expansion_checkpoint_inference,False,False,final expansion PPO candidate; not physically validated yet.,existing_v02K2_rollout_pool,1278,0.1538461538461538,0.3794871794871794,0.6205128205128205,False,False,False,False,False
PPOFINAL_N40_B199_efficiency,final_expansion_batch07,199,40,"[37, 35, 29, 20, 24, 30, 26, 25, 23, 19, 17, 13, 11, 9, 7, 5, 3, 1, 0, 2, 4, 6, 8, 10, 12, 14, 16, 18, 15, 21, 22, 28, 32, 36, 38, 34, 31, 27, 33, 39]","37,35,29,20,24,30,26,25,23,19,17,13,11,9,7,5,3,1,0,2,4,6,8,10,12,14,16,18,15,21,22,28,32,36,38,34,31,27,33,39",626db577a340316a,E:\Projects\RL-LAM-ScanOpt\outputs\stage3_ppo_rl_lam_fea_addendum_v02_targeted_N24_N40\stageK2_n40_completion\checkpoints\N40_seed20260624_maskable_ppo_v02_K2.zip,v02K2,stochastic,40521376,efficiency,True,0.6285829884369591,3.17948717948718,9.0,0,0.0769230769230769,124.0,3.2754766600920444,-0.0046022353714661,0.0816406815648205,35.0,35,37.0,center_out,PPO_final_expansion_checkpoint_inference,False,False,final expansion PPO candidate; not physically validated yet.,existing_v02K2_rollout_pool,125,0.1538461538461538,0.3794871794871794,0.6205128205128205,False,False,False,False,False
PPOFINAL_N40_B200_efficiency,final_expansion_batch07,200,40,"[35, 37, 29, 30, 24, 20, 26, 25, 23, 19, 17, 13, 11, 9, 7, 5, 3, 1, 0, 4, 2, 6, 8, 10, 12, 14, 16, 18, 15, 21, 22, 28, 32, 38, 36, 34, 27, 31, 33, 39]","35,37,29,30,24,20,26,25,23,19,17,13,11,9,7,5,3,1,0,4,2,6,8,10,12,14,16,18,15,21,22,28,32,38,36,34,27,31,33,39",347c091c8b052259,E:\Projects\RL-LAM-ScanOpt\outputs\stage3_ppo_rl_lam_fea_addendum_v02_targeted_N24_N40\stageK2_n40_completion\checkpoints\N40_seed20260624_maskable_ppo_v02_K2.zip,v02K2,stochastic,40521311,efficiency,True,0.5884322299394856,3.17948717948718,8.0,0,0.1025641025641025,124.0,3.4806048652202493,0.0210387902695595,0.08177554560501,34.0,34,38.0,raster,PPO_final_expansion_checkpoint_inference,False,False,final expansion PPO candidate; not physically validated yet.,existing_v02K2_rollout_pool,60,0.1538461538461538,0.3794871794871794,0.6205128205128205,False,False,False,False,False
PPOFINAL_N40_B201_efficiency,final_expansion_batch07,201,40,"[37, 35, 29, 24, 20, 30, 26, 25, 23, 19, 17, 13, 11, 9, 7, 5, 3, 1, 0, 2, 4, 6, 8, 10, 14, 16, 18, 12, 15, 21, 22, 28, 32, 34, 36, 38, 39, 33, 27, 31]","37,35,29,24,20,30,26,25,23,19,17,13,11,9,7,5,3,1,0,2,4,6,8,10,14,16,18,12,15,21,22,28,32,34,36,38,39,33,27,31",b780000a1ba9b7dc,E:\Projects\RL-LAM-ScanOpt\outputs\stage3_ppo_rl_lam_fea_addendum_v02_targeted_N24_N40\stageK2_n40_completion\checkpoints\N40_seed20260624_maskable_ppo_v02_K2.zip,v02K2,stochastic,40524159,efficiency,True,0.6249984034243076,3.17948717948718,10.0,0,0.1025641025641025,124.0,3.788297172912557,0.0210387902695595,0.0819778416652942,34.0,34,39.0,raster,PPO_final_expansion_checkpoint_inference,False,False,final expansion PPO candidate; not physically validated yet.,existing_v02K2_rollout_pool,2908,0.1538461538461538,0.3794871794871794,0.6205128205128204,False,False,False,False,False
PPOFINAL_N40_B202_efficiency,final_expansion_batch07,202,40,"[37, 35, 29, 20, 24, 26, 30, 25, 23, 19, 17, 13, 11, 9, 7, 5, 3, 1, 0, 2, 4, 6, 8, 10, 12, 14, 18, 16, 15, 21, 22, 28, 32, 34, 38, 36, 27, 31, 33, 39]","37,35,29,20,24,26,30,25,23,19,17,13,11,9,7,5,3,1,0,2,4,6,8,10,12,14,18,16,15,21,22,28,32,34,38,36,27,31,33,39",c75892e6e38ddcbd,E:\Projects\RL-LAM-ScanOpt\outputs\stage3_ppo_rl_lam_fea_addendum_v02_targeted_N24_N40\stageK2_n40_completion\checkpoints\N40_seed20260624_maskable_ppo_v02_K2.zip,v02K2,stochastic,40521740,efficiency,True,0.6286137993952152,3.17948717948718,9.0,0,0.0769230769230769,124.0,3.89086127547666,-0.0046022353714661,0.0820452736853889,33.0,33,38.0,raster,PPO_final_expansion_checkpoint_inference,False,False,final expansion PPO candidate; not physically validated yet.,existing_v02K2_rollout_pool,489,0.1538461538461538,0.3794871794871794,0.6205128205128205,False,False,False,False,False
PPOFINAL_N40_B203_efficiency,final_expansion_batch07,203,40,"[35, 37, 29, 20, 24, 30, 26, 25, 23, 19, 17, 13, 11, 9, 7, 5, 3, 1, 0, 2, 4, 6, 10, 8, 12, 14, 15, 16, 18, 21, 22, 28, 34, 36, 38, 32, 27, 31, 33, 39]","35,37,29,20,24,30,26,25,23,19,17,13,11,9,7,5,3,1,0,2,4,6,10,8,12,14,15,16,18,21,22,28,34,36,38,32,27,31,33,39",08cd7f488add7396,E:\Projects\RL-LAM-ScanOpt\outputs\stage3_ppo_rl_lam_fea_addendum_v02_targeted_N24_N40\stageK2_n40_completion\checkpoints\N40_seed20260624_maskable_ppo_v02_K2.zip,v02K2,stochastic,40521504,efficiency,True,0.5731452672351308,3.17948717948718,9.0,0,0.1282051282051282,124.0,3.942143326758712,0.0466798159105851,0.0820789896954363,34.0,34,38.0,center_out,PPO_final_expansion_checkpoint_inference,False,False,final expansion PPO candidate; not physically validated yet.,existing_v02K2_rollout_pool,253,0.2051282051282051,0.3794871794871794,0.6205128205128205,False,False,False,False,False
PPOFINAL_N40_B204_efficiency,final_expansion_batch07,204,40,"[37, 35, 29, 30, 24, 20, 26, 23, 25, 19, 17, 13, 11, 9, 7, 5, 3, 1, 0, 2, 4, 6, 8, 10, 14, 16, 15, 12, 18, 21, 22, 28, 38, 36, 34, 32, 27, 31, 33, 39]","37,35,29,30,24,20,26,23,25,19,17,13,11,9,7,5,3,1,0,2,4,6,8,10,14,16,15,12,18,21,22,28,38,36,34,32,27,31,33,39",e2cd9551517ac39c,E:\Projects\RL-LAM-ScanOpt\outputs\stage3_ppo_rl_lam_fea_addendum_v02_targeted_N24_N40\stageK2_n40_completion\checkpoints\N40_seed20260624_maskable_ppo_v02_K2.zip,v02K2,stochastic,40524098,efficiency,True,0.563136294562021,3.17948717948718,10.0,0,0.1025641025641025,124.0,3.942143326758712,0.0210387902695595,0.0820789896954363,34.0,34,36.0,center_out,PPO_final_expansion_checkpoint_inference,False,False,final expansion PPO candidate; not physically validated yet.,existing_v02K2_rollout_pool,2847,0.2051282051282051,0.3794871794871794,0.6205128205128205,False,False,False,False,False
PPOFINAL_N40_B205_efficiency,final_expansion_batch07,205,40,"[37, 35, 29, 24, 20, 26, 30, 25, 23, 19, 17, 13, 11, 9, 7, 5, 3, 1, 0, 2, 4, 6, 8, 12, 10, 14, 16, 18, 15, 21, 22, 28, 32, 34, 38, 36, 39, 33, 27, 31]","37,35,29,24,20,26,30,25,23,19,17,13,11,9,7,5,3,1,0,2,4,6,8,12,10,14,16,18,15,21,22,28,32,34,38,36,39,33,27,31",38f83e387af153aa,E:\Projects\RL-LAM-ScanOpt\outputs\stage3_ppo_rl_lam_fea_addendum_v02_targeted_N24_N40\stageK2_n40_completion\checkpoints\N40_seed20260624_maskable_ppo_v02_K2.zip,v02K2,stochastic,40521987,efficiency,True,0.5922431436361216,3.230769230769231,6.0,0,0.0512820512820512,126.0,2.433925049309664,-0.0315581854043392,0.0823694444768636,34.0,34,39.0,raster,PPO_final_expansion_checkpoint_inference,False,False,final expansion PPO candidate; not physically validated yet.,existing_v02K2_rollout_pool,736,0.1538461538461538,0.3794871794871794,0.6205128205128204,False,False,False,False,False
PPOFINAL_N40_B206_efficiency,final_expansion_batch07,206,40,"[37, 35, 29, 24, 20, 26, 30, 25, 23, 19, 17, 13, 11, 9, 7, 5, 3, 1, 2, 0, 4, 6, 10, 8, 12, 18, 16, 14, 15, 21, 22, 28, 32, 34, 38, 36, 39, 33, 31, 27]","37,35,29,24,20,26,30,25,23,19,17,13,11,9,7,5,3,1,2,0,4,6,10,8,12,18,16,14,15,21,22,28,32,34,38,36,39,33,31,27",51e1a23a6e964fd1,E:\Projects\RL-LAM-ScanOpt\outputs\stage3_ppo_rl_lam_fea_addendum_v02_targeted_N24_N40\stageK2_n40_completion\checkpoints\N40_seed20260624_maskable_ppo_v02_K2.zip,v02K2,stochastic,40522038,efficiency,True,0.5889465342858842,3.230769230769231,6.0,0,0.0769230769230769,126.0,2.536489151873767,-0.0059171597633136,0.0824368764969584,34.0,34,38.0,odd_even,PPO_final_expansion_checkpoint_inference,False,False,final expansion PPO candidate; not physically validated yet.,existing_v02K2_rollout_pool,787,0.1538461538461538,0.3794871794871794,0.6205128205128204,False,False,False,False,False
PPOFINAL_N40_B207_efficiency,final_expansion_batch07,207,40,"[37, 35, 29, 24, 20, 26, 30, 25, 23, 19, 17, 13, 11, 9, 7, 5, 1, 3, 0, 2, 4, 6, 8, 10, 12, 14, 16, 18, 15, 21, 22, 28, 34, 32, 38, 36, 39, 33, 31, 27]","37,35,29,24,20,26,30,25,23,19,17,13,11,9,7,5,1,3,0,2,4,6,8,10,12,14,16,18,15,21,22,28,34,32,38,36,39,33,31,27",98342671de2d0135,E:\Projects\RL-LAM-ScanOpt\outputs\stage3_ppo_rl_lam_fea_addendum_v02_targeted_N24_N40\stageK2_n40_completion\checkpoints\N40_seed20260624_maskable_ppo_v02_K2.zip,v02K2,stochastic,40523052,efficiency,True,0.5935500573534407,3.230769230769231,6.0,0,0.0256410256410256,126.0,2.536489151873767,-0.0571992110453649,0.0824368764969584,35.0,35,38.0,edge_in,PPO_final_expansion_checkpoint_inference,False,False,final expansion PPO candidate; not physically validated yet.,existing_v02K2_rollout_pool,1801,0.1538461538461538,0.3794871794871794,0.6205128205128204,False,False,False,False,False
PPOFINAL_N40_B208_efficiency,final_expansion_batch07,208,40,"[37, 35, 29, 30, 20, 24, 26, 23, 25, 19, 17, 13, 11, 9, 7, 5, 3, 1, 0, 2, 4, 6, 8, 10, 12, 16, 18, 14, 15, 21, 22, 28, 38, 36, 34, 32, 31, 27, 33, 39]","37,35,29,30,20,24,26,23,25,19,17,13,11,9,7,5,3,1,0,2,4,6,8,10,12,16,18,14,15,21,22,28,38,36,34,32,31,27,33,39",781e2f2bede18840,E:\Projects\RL-LAM-ScanOpt\outputs\stage3_ppo_rl_lam_fea_addendum_v02_targeted_N24_N40\stageK2_n40_completion\checkpoints\N40_seed20260624_maskable_ppo_v02_K2.zip,v02K2,stochastic,40521491,efficiency,True,0.5913813917938718,3.17948717948718,10.0,0,0.1282051282051282,124.0,5.019066403681789,0.0466798159105851,0.0827870259064311,34.0,34,36.0,center_out,PPO_final_expansion_checkpoint_inference,False,False,final expansion PPO candidate; not physically validated yet.,existing_v02K2_rollout_pool,240,0.1538461538461538,0.3794871794871794,0.6205128205128205,False,False,False,False,False
PPOFINAL_N40_B209_novelty,final_expansion_batch07,209,40,"[11, 1, 3, 21, 15, 33, 35, 37, 27, 39, 23, 31, 19, 29, 25, 13, 9, 5, 0, 17, 7, 20, 30, 38, 34, 24, 32, 36, 28, 22, 6, 26, 16, 18, 14, 4, 8, 10, 12, 2]","11,1,3,21,15,33,35,37,27,39,23,31,19,29,25,13,9,5,0,17,7,20,30,38,34,24,32,36,28,22,6,26,16,18,14,4,8,10,12,2",27cb0000fbc1b74b,E:\Projects\RL-LAM-ScanOpt\outputs\stage3_ppo_rl_lam_fea_addendum_v01\ppo_training\checkpoints\maskable_ppo_lam_scan_order_final.zip,v01,stochastic,24260802,novelty,True,0.6575154178961236,8.538461538461538,20.0,6,0.0,333.0,25.530571992110456,-0.2189349112426035,0.2302469243866604,38.0,38,38.0,raster,PPO_final_expansion_checkpoint_inference,False,False,final expansion PPO candidate; not physically validated yet.,existing_v01_rollout_pool,1779,0.0769230769230769,0.6307692307692309,0.3692307692307693,False,False,False,False,False
PPOFINAL_N40_B210_novelty,final_expansion_batch07,210,40,"[11, 1, 3, 15, 21, 29, 23, 37, 27, 39, 31, 35, 33, 25, 9, 17, 5, 7, 0, 13, 19, 30, 34, 32, 24, 20, 36, 28, 38, 22, 26, 18, 14, 6, 16, 12, 4, 8, 2, 10]","11,1,3,15,21,29,23,37,27,39,31,35,33,25,9,17,5,7,0,13,19,30,34,32,24,20,36,28,38,22,26,18,14,6,16,12,4,8,2,10",adeec26328e75899,E:\Projects\RL-LAM-ScanOpt\outputs\stage3_ppo_rl_lam_fea_addendum_v01\ppo_training\checkpoints\maskable_ppo_lam_scan_order_final.zip,v01,stochastic,24260719,novelty,True,0.6517711532685995,7.923076923076923,16.0,4,0.0,309.0,15.353057199211044,-0.2031558185404339,0.208170977777259,38.0,38,38.0,raster,PPO_final_expansion_checkpoint_inference,False,False,final expansion PPO candidate; not physically validated yet.,existing_v01_rollout_pool,1696,0.0769230769230769,0.5487179487179488,0.4512820512820513,False,False,False,False,False
PPOFINAL_N40_B211_novelty,final_expansion_batch07,211,40,"[11, 3, 1, 15, 21, 25, 23, 37, 29, 17, 35, 39, 27, 31, 19, 5, 0, 33, 13, 7, 9, 20, 34, 32, 28, 36, 24, 38, 30, 22, 26, 14, 6, 4, 10, 12, 18, 16, 8, 2]","11,3,1,15,21,25,23,37,29,17,35,39,27,31,19,5,0,33,13,7,9,20,34,32,28,36,24,38,30,22,26,14,6,4,10,12,18,16,8,2",c9d025342ba504e5,E:\Projects\RL-LAM-ScanOpt\outputs\stage3_ppo_rl_lam_fea_addendum_v01\ppo_training\checkpoints\maskable_ppo_lam_scan_order_final.zip,v01,stochastic,24260951,novelty,True,0.6372019174085758,8.64102564102564,33.0,8,0.0,337.0,38.02498356344509,-0.2215647600262984,0.2410256302192275,38.0,38,38.0,edge_in,PPO_final_expansion_checkpoint_inference,False,False,final expansion PPO candidate; not physically validated yet.,existing_v01_rollout_pool,1928,0.0769230769230769,0.4512820512820513,0.5487179487179488,False,False,False,False,False
PPOFINAL_N40_B212_novelty,final_expansion_batch07,212,40,"[11, 1, 3, 37, 15, 39, 21, 33, 5, 9, 35, 19, 31, 23, 27, 29, 13, 7, 25, 17, 38, 0, 32, 24, 30, 36, 28, 34, 20, 6, 26, 22, 14, 4, 8, 12, 18, 16, 10, 2]","11,1,3,37,15,39,21,33,5,9,35,19,31,23,27,29,13,7,25,17,38,0,32,24,30,36,28,34,20,6,26,22,14,4,8,12,18,16,10,2",97b6240aa13fe80d,E:\Projects\RL-LAM-ScanOpt\outputs\stage3_ppo_rl_lam_fea_addendum_v01\ppo_training\checkpoints\maskable_ppo_lam_scan_order_final.zip,v01,stochastic,24260954,novelty,True,0.5097252345234902,12.692307692307692,38.0,15,0.0,495.0,88.05917159763312,-0.3254437869822485,0.3752032686374971,38.0,38,38.0,raster,PPO_final_expansion_checkpoint_inference,False,False,final expansion PPO candidate; not physically validated yet.,existing_v01_rollout_pool,1931,0.0256410256410256,0.641025641025641,0.358974358974359,False,False,False,False,False
PPOFINAL_N40_B213_novelty,final_expansion_batch07,213,40,"[11, 15, 1, 3, 21, 23, 29, 31, 37, 7, 25, 27, 30, 39, 35, 17, 13, 19, 5, 33, 9, 24, 34, 32, 0, 26, 38, 36, 4, 6, 20, 28, 22, 12, 18, 14, 2, 16, 8, 10]","11,15,1,3,21,23,29,31,37,7,25,27,30,39,35,17,13,19,5,33,9,24,34,32,0,26,38,36,4,6,20,28,22,12,18,14,2,16,8,10",b1c7b79f09ff2710,E:\Projects\RL-LAM-ScanOpt\outputs\stage3_ppo_rl_lam_fea_addendum_v01\ppo_training\checkpoints\maskable_ppo_lam_scan_order_final.zip,v01,stochastic,24260929,novelty,True,0.5048652040649696,11.051282051282053,32.0,14,0.0,431.0,81.63839579224194,-0.2833662064431295,0.3299562102513096,38.0,38,39.0,raster,PPO_final_expansion_checkpoint_inference,False,False,final expansion PPO candidate; not physically validated yet.,existing_v01_rollout_pool,1906,0.0769230769230769,0.5333333333333334,0.4666666666666666,False,False,False,False,False
PPOFINAL_N40_B214_novelty,final_expansion_batch07,214,40,"[13, 9, 30, 37, 29, 35, 26, 8, 23, 5, 3, 1, 7, 17, 19, 21, 20, 11, 0, 12, 2, 4, 15, 10, 6, 24, 36, 25, 14, 22, 32, 16, 18, 33, 34, 38, 39, 28, 27, 31]","13,9,30,37,29,35,26,8,23,5,3,1,7,17,19,21,20,11,0,12,2,4,15,10,6,24,36,25,14,22,32,16,18,33,34,38,39,28,27,31",ef87bea1b4115be5,E:\Projects\RL-LAM-ScanOpt\outputs\stage3_ppo_rl_lam_fea_addendum_v02_targeted_N24_N40\ppo_training_v02\checkpoints\N40_seed20260624_maskable_ppo_v02.zip,v02,stochastic,24260805,novelty,True,0.2650982829437508,8.205128205128204,21.0,7,0.1025641025641025,320.0,31.13740959894807,-0.1078238001314924,0.2255998748185063,38.0,38,37.0,regular_jump,PPO_final_expansion_checkpoint_inference,False,False,final expansion PPO candidate; not physically validated yet.,existing_v02_rollout_pool,695,0.4102564102564102,0.5435897435897437,0.4564102564102564,False,False,False,False,False
PPOFINAL_N40_B215_novelty,final_expansion_batch07,215,40,"[11, 3, 1, 15, 17, 21, 23, 39, 35, 25, 31, 27, 29, 33, 37, 13, 26, 19, 5, 9, 0, 7, 38, 36, 32, 20, 24, 34, 28, 30, 22, 18, 6, 4, 8, 16, 14, 12, 10, 2]","11,3,1,15,17,21,23,39,35,25,31,27,29,33,37,13,26,19,5,9,0,7,38,36,32,20,24,34,28,30,22,18,6,4,8,16,14,12,10,2",84e9c651accee6b7,E:\Projects\RL-LAM-ScanOpt\outputs\stage3_ppo_rl_lam_fea_addendum_v01\ppo_training\checkpoints\maskable_ppo_lam_scan_order_final.zip,v01,stochastic,24260924,novelty,True,0.7058881803687495,7.256410256410256,31.0,5,0.0,283.0,38.344510190664046,-0.1860618014464168,0.2066203222818304,37.0,37,38.0,odd_even,PPO_final_expansion_checkpoint_inference,False,False,final expansion PPO candidate; not physically validated yet.,existing_v01_rollout_pool,1901,0.1282051282051282,0.4923076923076923,0.5076923076923078,False,False,False,False,False
PPOFINAL_N40_B216_novelty,final_expansion_batch07,216,40,"[11, 1, 3, 23, 15, 21, 39, 31, 29, 37, 27, 35, 9, 19, 17, 25, 33, 5, 0, 7, 13, 20, 32, 36, 38, 24, 22, 28, 34, 30, 26, 18, 14, 6, 4, 2, 16, 10, 12, 8]","11,1,3,23,15,21,39,31,29,37,27,35,9,19,17,25,33,5,0,7,13,20,32,36,38,24,22,28,34,30,26,18,14,6,4,2,16,10,12,8",ae120d6c76cdaa09,E:\Projects\RL-LAM-ScanOpt\outputs\stage3_ppo_rl_lam_fea_addendum_v01\ppo_training\checkpoints\maskable_ppo_lam_scan_order_final.zip,v01,stochastic,24260720,novelty,True,0.6994309899103548,7.9743589743589745,28.0,6,0.0,311.0,37.61472715318869,-0.2044707429322814,0.2240892354721819,37.0,37,39.0,raster,PPO_final_expansion_checkpoint_inference,False,False,final expansion PPO candidate; not physically validated yet.,existing_v01_rollout_pool,1697,0.0769230769230769,0.5692307692307692,0.4307692307692307,False,False,False,False,False
PPOFINAL_N40_B217_baseline_proximity,final_expansion_batch07,217,40,"[37, 29, 35, 20, 24, 30, 26, 25, 23, 19, 17, 13, 11, 9, 7, 5, 3, 1, 14, 10, 0, 2, 4, 6, 8, 12, 18, 16, 15, 21, 28, 22, 32, 34, 38, 36, 39, 33, 27, 31]","37,29,35,20,24,30,26,25,23,19,17,13,11,9,7,5,3,1,14,10,0,2,4,6,8,12,18,16,15,21,28,22,32,34,38,36,39,33,27,31",51187e4ada212772,E:\Projects\RL-LAM-ScanOpt\outputs\stage3_ppo_rl_lam_fea_addendum_v02_targeted_N24_N40\stageK2_n40_completion\checkpoints\N40_seed20260624_maskable_ppo_v02_K2.zip,v02K2,stochastic,40521465,baseline_proximity,True,0.5336463726149777,4.410256410256411,15.0,1,0.0512820512820512,172.0,10.241946088099931,-0.061801446416831,0.1169901026220249,33.0,33,33.0,odd_even,PPO_final_expansion_checkpoint_inference,False,False,final expansion PPO candidate; not physically validated yet.,existing_v02K2_rollout_pool,214,0.1538461538461538,0.3794871794871794,0.6205128205128205,False,False,False,False,False
PPOFINAL_N40_B218_baseline_proximity,final_expansion_batch07,218,40,"[37, 35, 26, 29, 4, 13, 8, 11, 1, 5, 23, 30, 14, 10, 3, 2, 12, 6, 7, 17, 19, 9, 0, 24, 22, 20, 25, 33, 18, 16, 15, 21, 32, 27, 34, 38, 36, 39, 28, 31]","37,35,26,29,4,13,8,11,1,5,23,30,14,10,3,2,12,6,7,17,19,9,0,24,22,20,25,33,18,16,15,21,32,27,34,38,36,39,28,31",57e308b3c37c304d,E:\Projects\RL-LAM-ScanOpt\outputs\stage3_ppo_rl_lam_fea_addendum_v02_targeted_N24_N40\ppo_training_v02\checkpoints\N40_seed20260624_maskable_ppo_v02.zip,v02,stochastic,24260783,baseline_proximity,True,0.3514976056092313,7.230769230769231,25.0,5,0.0769230769230769,282.0,33.8698224852071,-0.1084812623274161,0.2030373586359021,36.0,36,33.0,regular_jump,PPO_final_expansion_checkpoint_inference,False,False,final expansion PPO candidate; not physically validated yet.,existing_v02_rollout_pool,673,0.5128205128205128,0.6358974358974359,0.364102564102564,False,False,False,False,False
PPOFINAL_N40_B219_baseline_proximity,final_expansion_batch07,219,40,"[26, 1, 2, 6, 4, 8, 18, 0, 32, 15, 3, 28, 7, 14, 9, 30, 10, 16, 27, 12, 17, 21, 23, 22, 36, 25, 24, 20, 31, 19, 11, 34, 13, 33, 38, 5, 39, 37, 29, 35]","26,1,2,6,4,8,18,0,32,15,3,28,7,14,9,30,10,16,27,12,17,21,23,22,36,25,24,20,31,19,11,34,13,33,38,5,39,37,29,35",6107b52ea867121d,E:\Projects\RL-LAM-ScanOpt\outputs\stage3_ppo_rl_lam_fea_addendum_v03_lex_primary_N24_N40\ppo_training_v03\checkpoints\N40_seed20260627_maskable_ppo_v03.zip,v03,stochastic,44521312,baseline_proximity,True,0.209697437957668,12.333333333333334,34.0,15,0.0769230769230769,481.0,87.86324786324786,-0.2393162393162393,0.3661000972144956,33.0,33,33.0,raster,PPO_final_expansion_checkpoint_inference,False,False,final expansion PPO candidate; not physically validated yet.,existing_v03_rollout_pool,178,0.4871794871794871,0.6205128205128206,0.3794871794871795,False,False,False,False,False
PPOFINAL_N40_B220_baseline_proximity,final_expansion_batch07,220,40,"[37, 35, 29, 20, 24, 26, 30, 25, 23, 19, 17, 13, 11, 9, 7, 5, 1, 3, 8, 10, 0, 2, 4, 6, 14, 16, 12, 18, 15, 21, 22, 28, 34, 38, 36, 32, 31, 27, 33, 39]","37,35,29,20,24,26,30,25,23,19,17,13,11,9,7,5,1,3,8,10,0,2,4,6,14,16,12,18,15,21,22,28,34,38,36,32,31,27,33,39",717bf586cbdb33e5,E:\Projects\RL-LAM-ScanOpt\outputs\stage3_ppo_rl_lam_fea_addendum_v02_targeted_N24_N40\stageK2_n40_completion\checkpoints\N40_seed20260624_maskable_ppo_v02_K2.zip,v02K2,stochastic,40522869,baseline_proximity,True,0.604141941691621,3.8461538461538463,10.0,0,0.0512820512820512,150.0,4.745562130177515,-0.0473372781065088,0.0992738738528451,34.0,34,34.0,odd_even,PPO_final_expansion_checkpoint_inference,False,False,final expansion PPO candidate; not physically validated yet.,existing_v02K2_rollout_pool,1618,0.1538461538461538,0.3794871794871794,0.6205128205128205,False,False,False,False,False
PPOFINAL_N40_B221_baseline_proximity,final_expansion_batch07,221,40,"[37, 35, 29, 24, 20, 26, 30, 23, 25, 19, 17, 13, 11, 9, 6, 5, 1, 3, 7, 10, 0, 2, 4, 8, 16, 18, 12, 14, 15, 21, 22, 28, 32, 34, 38, 36, 27, 31, 33, 39]","37,35,29,24,20,26,30,23,25,19,17,13,11,9,6,5,1,3,7,10,0,2,4,8,16,18,12,14,15,21,22,28,32,34,38,36,27,31,33,39",481d5322f8532542,E:\Projects\RL-LAM-ScanOpt\outputs\stage3_ppo_rl_lam_fea_addendum_v02_targeted_N24_N40\stageK2_n40_completion\checkpoints\N40_seed20260624_maskable_ppo_v02_K2.zip,v02K2,stochastic,40523756,baseline_proximity,True,0.576266684150174,3.897435897435898,10.0,0,0.0769230769230769,152.0,5.015121630506245,-0.0230111768573307,0.1007331503159146,34.0,34,34.0,odd_even,PPO_final_expansion_checkpoint_inference,False,False,final expansion PPO candidate; not physically validated yet.,existing_v02K2_rollout_pool,2505,0.2051282051282051,0.3794871794871794,0.6205128205128205,False,False,False,False,False
PPOFINAL_N40_B222_baseline_proximity,final_expansion_batch07,222,40,"[37, 35, 29, 24, 20, 30, 26, 25, 23, 19, 17, 13, 11, 9, 1, 5, 7, 3, 6, 8, 0, 2, 4, 10, 16, 18, 12, 14, 15, 21, 22, 28, 34, 38, 36, 32, 33, 27, 31, 39]","37,35,29,24,20,30,26,25,23,19,17,13,11,9,1,5,7,3,6,8,0,2,4,10,16,18,12,14,15,21,22,28,34,38,36,32,33,27,31,39",0ffedc6e85c091cd,E:\Projects\RL-LAM-ScanOpt\outputs\stage3_ppo_rl_lam_fea_addendum_v02_targeted_N24_N40\stageK2_n40_completion\checkpoints\N40_seed20260624_maskable_ppo_v02_K2.zip,v02K2,stochastic,40521901,baseline_proximity,True,0.5751919171291577,3.948717948717949,10.0,0,0.1025641025641025,154.0,5.176857330703485,0.0013149243918474,0.1021215367065769,33.0,33,34.0,odd_even,PPO_final_expansion_checkpoint_inference,False,False,final expansion PPO candidate; not physically validated yet.,existing_v02K2_rollout_pool,650,0.1538461538461538,0.3794871794871794,0.6205128205128204,False,False,False,False,False
PPOFINAL_N40_B223_baseline_proximity,final_expansion_batch07,223,40,"[37, 35, 29, 26, 30, 24, 20, 25, 23, 19, 17, 11, 13, 9, 7, 5, 1, 3, 10, 0, 4, 2, 8, 6, 16, 18, 12, 14, 15, 21, 28, 22, 32, 34, 38, 36, 31, 27, 33, 39]","37,35,29,26,30,24,20,25,23,19,17,11,13,9,7,5,1,3,10,0,4,2,8,6,16,18,12,14,15,21,28,22,32,34,38,36,31,27,33,39",a19f41acd8bfa5b8,E:\Projects\RL-LAM-ScanOpt\outputs\stage3_ppo_rl_lam_fea_addendum_v02_targeted_N24_N40\stageK2_n40_completion\checkpoints\N40_seed20260624_maskable_ppo_v02_K2.zip,v02K2,stochastic,40521844,baseline_proximity,True,0.5439531934262464,4.358974358974359,10.0,0,0.0256410256410256,170.0,5.666009204470742,-0.0861275476660091,0.1126995458280544,33.0,33,34.0,odd_even,PPO_final_expansion_checkpoint_inference,False,False,final expansion PPO candidate; not physically validated yet.,existing_v02K2_rollout_pool,593,0.1538461538461538,0.3794871794871794,0.6205128205128205,False,False,False,False,False
PPOFINAL_N40_B224_baseline_proximity,final_expansion_batch07,224,40,"[37, 35, 29, 24, 20, 26, 30, 25, 23, 19, 13, 11, 9, 17, 6, 7, 5, 3, 1, 4, 0, 2, 8, 10, 16, 18, 12, 14, 15, 21, 28, 22, 34, 38, 36, 32, 27, 31, 33, 39]","37,35,29,24,20,26,30,25,23,19,13,11,9,17,6,7,5,3,1,4,0,2,8,10,16,18,12,14,15,21,28,22,34,38,36,32,27,31,33,39",c3ba8793a4b7ac4d,E:\Projects\RL-LAM-ScanOpt\outputs\stage3_ppo_rl_lam_fea_addendum_v02_targeted_N24_N40\stageK2_n40_completion\checkpoints\N40_seed20260624_maskable_ppo_v02_K2.zip,v02K2,stochastic,40522817,baseline_proximity,True,0.5126344585501271,4.256410256410256,12.0,0,0.0512820512820512,166.0,6.293228139381985,-0.0578566732412886,0.1105478160022235,33.0,33,34.0,odd_even,PPO_final_expansion_checkpoint_inference,False,False,final expansion PPO candidate; not physically validated yet.,existing_v02K2_rollout_pool,1566,0.2051282051282051,0.3794871794871794,0.6205128205128204,False,False,False,False,False
