run_id,batch_name,n,handoff_strategy_name,patched_after_cool_initialInc_failure,expected_job_name,job_name_matches_expected,job_name,case_dir,inp_path,sta_path,dat_path,msg_path,odb_path,lck_paths,sta_exists,dat_exists,msg_exists,odb_exists,odb_size_bytes,lck_present,sta_success_marker,sta_fatal_marker,dat_fatal_marker,msg_fatal_marker,nonfatal_warning_marker,completion_status,notes,last_sta_lines,last_msg_lines,manual_rerun_command
run_41_native_N24_N40_focused_batch60_odb_teacher_extraction,stage3_run39_native_N24_N40_focused_batch60_v01,24,S3R39N2440B60_N24_B01_n24_u2_near,False,J2D_S3R39N2440B60_N24_B01_n24_u2_near,True,J2D_S3R39N2440B60_N24_B01_n24_u2_near,E:\Projects\RL-LAM-ScanOpt\cae_model\stage3_run39_native_N24_N40_focused_batch60_v01\N24S3R39N2440B60_N24_B01_n24_u2_near,E:\Projects\RL-LAM-ScanOpt\cae_model\stage3_run39_native_N24_N40_focused_batch60_v01\N24S3R39N2440B60_N24_B01_n24_u2_near\J2D_S3R39N2440B60_N24_B01_n24_u2_near.inp,E:\Projects\RL-LAM-ScanOpt\cae_model\stage3_run39_native_N24_N40_focused_batch60_v01\N24S3R39N2440B60_N24_B01_n24_u2_near\J2D_S3R39N2440B60_N24_B01_n24_u2_near.sta,E:\Projects\RL-LAM-ScanOpt\cae_model\stage3_run39_native_N24_N40_focused_batch60_v01\N24S3R39N2440B60_N24_B01_n24_u2_near\J2D_S3R39N2440B60_N24_B01_n24_u2_near.dat,E:\Projects\RL-LAM-ScanOpt\cae_model\stage3_run39_native_N24_N40_focused_batch60_v01\N24S3R39N2440B60_N24_B01_n24_u2_near\J2D_S3R39N2440B60_N24_B01_n24_u2_near.msg,E:\Projects\RL-LAM-ScanOpt\cae_model\stage3_run39_native_N24_N40_focused_batch60_v01\N24S3R39N2440B60_N24_B01_n24_u2_near\J2D_S3R39N2440B60_N24_B01_n24_u2_near.odb,,True,True,True,True,195912604,False,True,False,False,False,True,WARNING_SUCCESS_WITH_WARNINGS,complete_with_nonfatal_warnings,  49    28   1     0     2     2  732.       645.       60.00 |   49    29   1     0     2     2  792.       705.       60.00 |   49    30   1     0     2     2  852.       765.       60.00 |   49    31   1     0     2     2  912.       825.       60.00 |   49    32   1     0     2     2  972.       885.       60.00 |   49    33   1     0     2     2  1.03e+03   945.       60.00 |   49    34   1     0     2     2  1.09e+03   1.01e+03   60.00 |   49    35   1     0     2     2  1.15e+03   1.07e+03   60.00 |   49    36   1     0     2     2  1.21e+03   1.13e+03   60.00 |   49    37   1     0     2     2  1.27e+03   1.19e+03   60.00 |   49    38   1     0     1     1  1.29e+03   1.20e+03   14.71 |  THE ANALYSIS HAS COMPLETED SUCCESSFULLY,                       0  ADDITIONAL OPERATOR EVALUATIONS FOR LINE SEARCHES |                        1  WARNING MESSAGES DURING USER INPUT PROCESSING |                      987  WARNING MESSAGES DURING ANALYSIS |                        0  ANALYSIS WARNINGS ARE NUMERICAL PROBLEM MESSAGES |                        1  ANALYSIS WARNINGS ARE NEGATIVE EIGENVALUE MESSAGES |                        0  ERROR MESSAGES |      JOB TIME SUMMARY |        USER TIME (SEC)      =     1.21E+03 |        SYSTEM TIME (SEC)    =     1.69E+02 |        TOTAL CPU TIME (SEC) =     1.38E+03 |        WALLCLOCK TIME (SEC) =          475 |        MEMORY PEAK (GB)     =            0,"enqueue --inp ""E:\Projects\RL-LAM-ScanOpt\cae_model\stage3_run39_native_N24_N40_focused_batch60_v01\N24S3R39N2440B60_N24_B01_n24_u2_near\J2D_S3R39N2440B60_N24_B01_n24_u2_near.inp"" --cpus 14 --batch stage3_run39_native_N24_N40_focused_batch60_v01 --strategy S3R39N2440B60_N24_B01_n24_u2_near"
run_41_native_N24_N40_focused_batch60_odb_teacher_extraction,stage3_run39_native_N24_N40_focused_batch60_v01,24,S3R39N2440B60_N24_B02_n24_u2_near,False,J2D_S3R39N2440B60_N24_B02_n24_u2_near,True,J2D_S3R39N2440B60_N24_B02_n24_u2_near,E:\Projects\RL-LAM-ScanOpt\cae_model\stage3_run39_native_N24_N40_focused_batch60_v01\N24S3R39N2440B60_N24_B02_n24_u2_near,E:\Projects\RL-LAM-ScanOpt\cae_model\stage3_run39_native_N24_N40_focused_batch60_v01\N24S3R39N2440B60_N24_B02_n24_u2_near\J2D_S3R39N2440B60_N24_B02_n24_u2_near.inp,E:\Projects\RL-LAM-ScanOpt\cae_model\stage3_run39_native_N24_N40_focused_batch60_v01\N24S3R39N2440B60_N24_B02_n24_u2_near\J2D_S3R39N2440B60_N24_B02_n24_u2_near.sta,E:\Projects\RL-LAM-ScanOpt\cae_model\stage3_run39_native_N24_N40_focused_batch60_v01\N24S3R39N2440B60_N24_B02_n24_u2_near\J2D_S3R39N2440B60_N24_B02_n24_u2_near.dat,E:\Projects\RL-LAM-ScanOpt\cae_model\stage3_run39_native_N24_N40_focused_batch60_v01\N24S3R39N2440B60_N24_B02_n24_u2_near\J2D_S3R39N2440B60_N24_B02_n24_u2_near.msg,E:\Projects\RL-LAM-ScanOpt\cae_model\stage3_run39_native_N24_N40_focused_batch60_v01\N24S3R39N2440B60_N24_B02_n24_u2_near\J2D_S3R39N2440B60_N24_B02_n24_u2_near.odb,,True,True,True,True,194840660,False,True,False,False,False,True,WARNING_SUCCESS_WITH_WARNINGS,complete_with_nonfatal_warnings,  49    28   1     0     2     2  732.       645.       60.00 |   49    29   1     0     2     2  792.       705.       60.00 |   49    30   1     0     2     2  852.       765.       60.00 |   49    31   1     0     2     2  912.       825.       60.00 |   49    32   1     0     2     2  972.       885.       60.00 |   49    33   1     0     2     2  1.03e+03   945.       60.00 |   49    34   1     0     2     2  1.09e+03   1.01e+03   60.00 |   49    35   1     0     2     2  1.15e+03   1.07e+03   60.00 |   49    36   1     0     2     2  1.21e+03   1.13e+03   60.00 |   49    37   1     0     2     2  1.27e+03   1.19e+03   60.00 |   49    38   1     0     1     1  1.29e+03   1.20e+03   14.55 |  THE ANALYSIS HAS COMPLETED SUCCESSFULLY,                       0  ADDITIONAL OPERATOR EVALUATIONS FOR LINE SEARCHES |                        1  WARNING MESSAGES DURING USER INPUT PROCESSING |                      864  WARNING MESSAGES DURING ANALYSIS |                        0  ANALYSIS WARNINGS ARE NUMERICAL PROBLEM MESSAGES |                        0  ANALYSIS WARNINGS ARE NEGATIVE EIGENVALUE MESSAGES |                        0  ERROR MESSAGES |      JOB TIME SUMMARY |        USER TIME (SEC)      =     1.18E+03 |        SYSTEM TIME (SEC)    =     1.64E+02 |        TOTAL CPU TIME (SEC) =     1.35E+03 |        WALLCLOCK TIME (SEC) =          476 |        MEMORY PEAK (GB)     =            0,"enqueue --inp ""E:\Projects\RL-LAM-ScanOpt\cae_model\stage3_run39_native_N24_N40_focused_batch60_v01\N24S3R39N2440B60_N24_B02_n24_u2_near\J2D_S3R39N2440B60_N24_B02_n24_u2_near.inp"" --cpus 14 --batch stage3_run39_native_N24_N40_focused_batch60_v01 --strategy S3R39N2440B60_N24_B02_n24_u2_near"
run_41_native_N24_N40_focused_batch60_odb_teacher_extraction,stage3_run39_native_N24_N40_focused_batch60_v01,24,S3R39N2440B60_N24_B03_n24_u2_near,False,J2D_S3R39N2440B60_N24_B03_n24_u2_near,True,J2D_S3R39N2440B60_N24_B03_n24_u2_near,E:\Projects\RL-LAM-ScanOpt\cae_model\stage3_run39_native_N24_N40_focused_batch60_v01\N24S3R39N2440B60_N24_B03_n24_u2_near,E:\Projects\RL-LAM-ScanOpt\cae_model\stage3_run39_native_N24_N40_focused_batch60_v01\N24S3R39N2440B60_N24_B03_n24_u2_near\J2D_S3R39N2440B60_N24_B03_n24_u2_near.inp,E:\Projects\RL-LAM-ScanOpt\cae_model\stage3_run39_native_N24_N40_focused_batch60_v01\N24S3R39N2440B60_N24_B03_n24_u2_near\J2D_S3R39N2440B60_N24_B03_n24_u2_near.sta,E:\Projects\RL-LAM-ScanOpt\cae_model\stage3_run39_native_N24_N40_focused_batch60_v01\N24S3R39N2440B60_N24_B03_n24_u2_near\J2D_S3R39N2440B60_N24_B03_n24_u2_near.dat,E:\Projects\RL-LAM-ScanOpt\cae_model\stage3_run39_native_N24_N40_focused_batch60_v01\N24S3R39N2440B60_N24_B03_n24_u2_near\J2D_S3R39N2440B60_N24_B03_n24_u2_near.msg,E:\Projects\RL-LAM-ScanOpt\cae_model\stage3_run39_native_N24_N40_focused_batch60_v01\N24S3R39N2440B60_N24_B03_n24_u2_near\J2D_S3R39N2440B60_N24_B03_n24_u2_near.odb,,True,True,True,True,197047664,False,True,False,False,False,True,WARNING_SUCCESS_WITH_WARNINGS,complete_with_nonfatal_warnings,  49    28   1     0     2     2  732.       645.       60.00 |   49    29   1     0     2     2  792.       705.       60.00 |   49    30   1     0     2     2  852.       765.       60.00 |   49    31   1     0     2     2  912.       825.       60.00 |   49    32   1     0     2     2  972.       885.       60.00 |   49    33   1     0     2     2  1.03e+03   945.       60.00 |   49    34   1     0     2     2  1.09e+03   1.01e+03   60.00 |   49    35   1     0     2     2  1.15e+03   1.07e+03   60.00 |   49    36   1     0     2     2  1.21e+03   1.13e+03   60.00 |   49    37   1     0     2     2  1.27e+03   1.19e+03   60.00 |   49    38   1     0     1     1  1.29e+03   1.20e+03   14.71 |  THE ANALYSIS HAS COMPLETED SUCCESSFULLY,                       0  ADDITIONAL OPERATOR EVALUATIONS FOR LINE SEARCHES |                        1  WARNING MESSAGES DURING USER INPUT PROCESSING |                      818  WARNING MESSAGES DURING ANALYSIS |                        0  ANALYSIS WARNINGS ARE NUMERICAL PROBLEM MESSAGES |                        3  ANALYSIS WARNINGS ARE NEGATIVE EIGENVALUE MESSAGES |                        0  ERROR MESSAGES |      JOB TIME SUMMARY |        USER TIME (SEC)      =     1.16E+03 |        SYSTEM TIME (SEC)    =     1.66E+02 |        TOTAL CPU TIME (SEC) =     1.32E+03 |        WALLCLOCK TIME (SEC) =          480 |        MEMORY PEAK (GB)     =            0,"enqueue --inp ""E:\Projects\RL-LAM-ScanOpt\cae_model\stage3_run39_native_N24_N40_focused_batch60_v01\N24S3R39N2440B60_N24_B03_n24_u2_near\J2D_S3R39N2440B60_N24_B03_n24_u2_near.inp"" --cpus 14 --batch stage3_run39_native_N24_N40_focused_batch60_v01 --strategy S3R39N2440B60_N24_B03_n24_u2_near"
run_41_native_N24_N40_focused_batch60_odb_teacher_extraction,stage3_run39_native_N24_N40_focused_batch60_v01,24,S3R39N2440B60_N24_B04_n24_u2_near,False,J2D_S3R39N2440B60_N24_B04_n24_u2_near,True,J2D_S3R39N2440B60_N24_B04_n24_u2_near,E:\Projects\RL-LAM-ScanOpt\cae_model\stage3_run39_native_N24_N40_focused_batch60_v01\N24S3R39N2440B60_N24_B04_n24_u2_near,E:\Projects\RL-LAM-ScanOpt\cae_model\stage3_run39_native_N24_N40_focused_batch60_v01\N24S3R39N2440B60_N24_B04_n24_u2_near\J2D_S3R39N2440B60_N24_B04_n24_u2_near.inp,E:\Projects\RL-LAM-ScanOpt\cae_model\stage3_run39_native_N24_N40_focused_batch60_v01\N24S3R39N2440B60_N24_B04_n24_u2_near\J2D_S3R39N2440B60_N24_B04_n24_u2_near.sta,E:\Projects\RL-LAM-ScanOpt\cae_model\stage3_run39_native_N24_N40_focused_batch60_v01\N24S3R39N2440B60_N24_B04_n24_u2_near\J2D_S3R39N2440B60_N24_B04_n24_u2_near.dat,E:\Projects\RL-LAM-ScanOpt\cae_model\stage3_run39_native_N24_N40_focused_batch60_v01\N24S3R39N2440B60_N24_B04_n24_u2_near\J2D_S3R39N2440B60_N24_B04_n24_u2_near.msg,E:\Projects\RL-LAM-ScanOpt\cae_model\stage3_run39_native_N24_N40_focused_batch60_v01\N24S3R39N2440B60_N24_B04_n24_u2_near\J2D_S3R39N2440B60_N24_B04_n24_u2_near.odb,,True,True,True,True,196843604,False,True,False,False,False,True,WARNING_SUCCESS_WITH_WARNINGS,complete_with_nonfatal_warnings,  49    28   1     0     2     2  691.       604.       60.00 |   49    29   1     0     2     2  751.       664.       60.00 |   49    30   1     0     2     2  811.       724.       60.00 |   49    31   1     0     2     2  871.       784.       60.00 |   49    32   1     0     2     2  931.       844.       60.00 |   49    33   1     0     2     2  991.       904.       60.00 |   49    34   1     0     2     2  1.05e+03   964.       60.00 |   49    35   1     0     2     2  1.11e+03   1.02e+03   60.00 |   49    36   1     0     2     2  1.17e+03   1.08e+03   60.00 |   49    37   1     0     2     2  1.23e+03   1.14e+03   60.00 |   49    38   1     0     2     2  1.29e+03   1.20e+03   55.75 |  THE ANALYSIS HAS COMPLETED SUCCESSFULLY,                       0  ADDITIONAL OPERATOR EVALUATIONS FOR LINE SEARCHES |                        1  WARNING MESSAGES DURING USER INPUT PROCESSING |                      930  WARNING MESSAGES DURING ANALYSIS |                        0  ANALYSIS WARNINGS ARE NUMERICAL PROBLEM MESSAGES |                        3  ANALYSIS WARNINGS ARE NEGATIVE EIGENVALUE MESSAGES |                        0  ERROR MESSAGES |      JOB TIME SUMMARY |        USER TIME (SEC)      =     1.09E+03 |        SYSTEM TIME (SEC)    =     1.71E+02 |        TOTAL CPU TIME (SEC) =     1.26E+03 |        WALLCLOCK TIME (SEC) =          466 |        MEMORY PEAK (GB)     =            0,"enqueue --inp ""E:\Projects\RL-LAM-ScanOpt\cae_model\stage3_run39_native_N24_N40_focused_batch60_v01\N24S3R39N2440B60_N24_B04_n24_u2_near\J2D_S3R39N2440B60_N24_B04_n24_u2_near.inp"" --cpus 14 --batch stage3_run39_native_N24_N40_focused_batch60_v01 --strategy S3R39N2440B60_N24_B04_n24_u2_near"
run_41_native_N24_N40_focused_batch60_odb_teacher_extraction,stage3_run39_native_N24_N40_focused_batch60_v01,24,S3R39N2440B60_N24_B05_n24_u2_near,False,J2D_S3R39N2440B60_N24_B05_n24_u2_near,True,J2D_S3R39N2440B60_N24_B05_n24_u2_near,E:\Projects\RL-LAM-ScanOpt\cae_model\stage3_run39_native_N24_N40_focused_batch60_v01\N24S3R39N2440B60_N24_B05_n24_u2_near,E:\Projects\RL-LAM-ScanOpt\cae_model\stage3_run39_native_N24_N40_focused_batch60_v01\N24S3R39N2440B60_N24_B05_n24_u2_near\J2D_S3R39N2440B60_N24_B05_n24_u2_near.inp,E:\Projects\RL-LAM-ScanOpt\cae_model\stage3_run39_native_N24_N40_focused_batch60_v01\N24S3R39N2440B60_N24_B05_n24_u2_near\J2D_S3R39N2440B60_N24_B05_n24_u2_near.sta,E:\Projects\RL-LAM-ScanOpt\cae_model\stage3_run39_native_N24_N40_focused_batch60_v01\N24S3R39N2440B60_N24_B05_n24_u2_near\J2D_S3R39N2440B60_N24_B05_n24_u2_near.dat,E:\Projects\RL-LAM-ScanOpt\cae_model\stage3_run39_native_N24_N40_focused_batch60_v01\N24S3R39N2440B60_N24_B05_n24_u2_near\J2D_S3R39N2440B60_N24_B05_n24_u2_near.msg,E:\Projects\RL-LAM-ScanOpt\cae_model\stage3_run39_native_N24_N40_focused_batch60_v01\N24S3R39N2440B60_N24_B05_n24_u2_near\J2D_S3R39N2440B60_N24_B05_n24_u2_near.odb,,True,True,True,True,196300360,False,True,False,False,False,True,WARNING_SUCCESS_WITH_WARNINGS,complete_with_nonfatal_warnings,  49    28   1     0     2     2  732.       645.       60.00 |   49    29   1     0     2     2  792.       705.       60.00 |   49    30   1     0     2     2  852.       765.       60.00 |   49    31   1     0     2     2  912.       825.       60.00 |   49    32   1     0     2     2  972.       885.       60.00 |   49    33   1     0     2     2  1.03e+03   945.       60.00 |   49    34   1     0     2     2  1.09e+03   1.01e+03   60.00 |   49    35   1     0     2     2  1.15e+03   1.07e+03   60.00 |   49    36   1     0     2     2  1.21e+03   1.13e+03   60.00 |   49    37   1     0     2     2  1.27e+03   1.19e+03   60.00 |   49    38   1     0     1     1  1.29e+03   1.20e+03   14.55 |  THE ANALYSIS HAS COMPLETED SUCCESSFULLY,                       0  ADDITIONAL OPERATOR EVALUATIONS FOR LINE SEARCHES |                        1  WARNING MESSAGES DURING USER INPUT PROCESSING |                      873  WARNING MESSAGES DURING ANALYSIS |                        0  ANALYSIS WARNINGS ARE NUMERICAL PROBLEM MESSAGES |                        1  ANALYSIS WARNINGS ARE NEGATIVE EIGENVALUE MESSAGES |                        0  ERROR MESSAGES |      JOB TIME SUMMARY |        USER TIME (SEC)      =     1.01E+03 |        SYSTEM TIME (SEC)    =     1.76E+02 |        TOTAL CPU TIME (SEC) =     1.18E+03 |        WALLCLOCK TIME (SEC) =          456 |        MEMORY PEAK (GB)     =            0,"enqueue --inp ""E:\Projects\RL-LAM-ScanOpt\cae_model\stage3_run39_native_N24_N40_focused_batch60_v01\N24S3R39N2440B60_N24_B05_n24_u2_near\J2D_S3R39N2440B60_N24_B05_n24_u2_near.inp"" --cpus 14 --batch stage3_run39_native_N24_N40_focused_batch60_v01 --strategy S3R39N2440B60_N24_B05_n24_u2_near"
run_41_native_N24_N40_focused_batch60_odb_teacher_extraction,stage3_run39_native_N24_N40_focused_batch60_v01,24,S3R39N2440B60_N24_B06_n24_u2_near,False,J2D_S3R39N2440B60_N24_B06_n24_u2_near,True,J2D_S3R39N2440B60_N24_B06_n24_u2_near,E:\Projects\RL-LAM-ScanOpt\cae_model\stage3_run39_native_N24_N40_focused_batch60_v01\N24S3R39N2440B60_N24_B06_n24_u2_near,E:\Projects\RL-LAM-ScanOpt\cae_model\stage3_run39_native_N24_N40_focused_batch60_v01\N24S3R39N2440B60_N24_B06_n24_u2_near\J2D_S3R39N2440B60_N24_B06_n24_u2_near.inp,E:\Projects\RL-LAM-ScanOpt\cae_model\stage3_run39_native_N24_N40_focused_batch60_v01\N24S3R39N2440B60_N24_B06_n24_u2_near\J2D_S3R39N2440B60_N24_B06_n24_u2_near.sta,E:\Projects\RL-LAM-ScanOpt\cae_model\stage3_run39_native_N24_N40_focused_batch60_v01\N24S3R39N2440B60_N24_B06_n24_u2_near\J2D_S3R39N2440B60_N24_B06_n24_u2_near.dat,E:\Projects\RL-LAM-ScanOpt\cae_model\stage3_run39_native_N24_N40_focused_batch60_v01\N24S3R39N2440B60_N24_B06_n24_u2_near\J2D_S3R39N2440B60_N24_B06_n24_u2_near.msg,E:\Projects\RL-LAM-ScanOpt\cae_model\stage3_run39_native_N24_N40_focused_batch60_v01\N24S3R39N2440B60_N24_B06_n24_u2_near\J2D_S3R39N2440B60_N24_B06_n24_u2_near.odb,,True,True,True,True,194689628,False,True,False,False,False,True,WARNING_SUCCESS_WITH_WARNINGS,complete_with_nonfatal_warnings,  49    28   1     0     2     2  691.       604.       60.00 |   49    29   1     0     2     2  751.       664.       60.00 |   49    30   1     0     2     2  811.       724.       60.00 |   49    31   1     0     2     2  871.       784.       60.00 |   49    32   1     0     2     2  931.       844.       60.00 |   49    33   1     0     2     2  991.       904.       60.00 |   49    34   1     0     2     2  1.05e+03   964.       60.00 |   49    35   1     0     2     2  1.11e+03   1.02e+03   60.00 |   49    36   1     0     2     2  1.17e+03   1.08e+03   60.00 |   49    37   1     0     2     2  1.23e+03   1.14e+03   60.00 |   49    38   1     0     2     2  1.29e+03   1.20e+03   55.75 |  THE ANALYSIS HAS COMPLETED SUCCESSFULLY,                       0  ADDITIONAL OPERATOR EVALUATIONS FOR LINE SEARCHES |                        1  WARNING MESSAGES DURING USER INPUT PROCESSING |                      897  WARNING MESSAGES DURING ANALYSIS |                        0  ANALYSIS WARNINGS ARE NUMERICAL PROBLEM MESSAGES |                        0  ANALYSIS WARNINGS ARE NEGATIVE EIGENVALUE MESSAGES |                        0  ERROR MESSAGES |      JOB TIME SUMMARY |        USER TIME (SEC)      =     9.98E+02 |        SYSTEM TIME (SEC)    =     1.68E+02 |        TOTAL CPU TIME (SEC) =     1.17E+03 |        WALLCLOCK TIME (SEC) =          447 |        MEMORY PEAK (GB)     =            0,"enqueue --inp ""E:\Projects\RL-LAM-ScanOpt\cae_model\stage3_run39_native_N24_N40_focused_batch60_v01\N24S3R39N2440B60_N24_B06_n24_u2_near\J2D_S3R39N2440B60_N24_B06_n24_u2_near.inp"" --cpus 14 --batch stage3_run39_native_N24_N40_focused_batch60_v01 --strategy S3R39N2440B60_N24_B06_n24_u2_near"
run_41_native_N24_N40_focused_batch60_odb_teacher_extraction,stage3_run39_native_N24_N40_focused_batch60_v01,24,S3R39N2440B60_N24_B07_n24_u2_near,False,J2D_S3R39N2440B60_N24_B07_n24_u2_near,True,J2D_S3R39N2440B60_N24_B07_n24_u2_near,E:\Projects\RL-LAM-ScanOpt\cae_model\stage3_run39_native_N24_N40_focused_batch60_v01\N24S3R39N2440B60_N24_B07_n24_u2_near,E:\Projects\RL-LAM-ScanOpt\cae_model\stage3_run39_native_N24_N40_focused_batch60_v01\N24S3R39N2440B60_N24_B07_n24_u2_near\J2D_S3R39N2440B60_N24_B07_n24_u2_near.inp,E:\Projects\RL-LAM-ScanOpt\cae_model\stage3_run39_native_N24_N40_focused_batch60_v01\N24S3R39N2440B60_N24_B07_n24_u2_near\J2D_S3R39N2440B60_N24_B07_n24_u2_near.sta,E:\Projects\RL-LAM-ScanOpt\cae_model\stage3_run39_native_N24_N40_focused_batch60_v01\N24S3R39N2440B60_N24_B07_n24_u2_near\J2D_S3R39N2440B60_N24_B07_n24_u2_near.dat,E:\Projects\RL-LAM-ScanOpt\cae_model\stage3_run39_native_N24_N40_focused_batch60_v01\N24S3R39N2440B60_N24_B07_n24_u2_near\J2D_S3R39N2440B60_N24_B07_n24_u2_near.msg,E:\Projects\RL-LAM-ScanOpt\cae_model\stage3_run39_native_N24_N40_focused_batch60_v01\N24S3R39N2440B60_N24_B07_n24_u2_near\J2D_S3R39N2440B60_N24_B07_n24_u2_near.odb,,True,True,True,True,200049784,False,True,False,False,False,True,WARNING_SUCCESS_WITH_WARNINGS,complete_with_nonfatal_warnings,  49    29   1     0     2     2  706.       620.       60.00 |   49    30   1     0     2     2  766.       680.       60.00 |   49    31   1     0     2     2  826.       740.       60.00 |   49    32   1     0     2     2  886.       800.       60.00 |   49    33   1     0     2     2  946.       860.       60.00 |   49    34   1     0     2     2  1.01e+03   920.       60.00 |   49    35   1     0     2     2  1.07e+03   980.       60.00 |   49    36   1     0     2     2  1.13e+03   1.04e+03   60.00 |   49    37   1     0     2     2  1.19e+03   1.10e+03   60.00 |   49    38   1     0     2     2  1.25e+03   1.16e+03   60.00 |   49    39   1     0     2     2  1.29e+03   1.20e+03   40.02 |  THE ANALYSIS HAS COMPLETED SUCCESSFULLY,                       0  ADDITIONAL OPERATOR EVALUATIONS FOR LINE SEARCHES |                        1  WARNING MESSAGES DURING USER INPUT PROCESSING |                     1004  WARNING MESSAGES DURING ANALYSIS |                        0  ANALYSIS WARNINGS ARE NUMERICAL PROBLEM MESSAGES |                        2  ANALYSIS WARNINGS ARE NEGATIVE EIGENVALUE MESSAGES |                        0  ERROR MESSAGES |      JOB TIME SUMMARY |        USER TIME (SEC)      =     1.11E+03 |        SYSTEM TIME (SEC)    =     1.76E+02 |        TOTAL CPU TIME (SEC) =     1.29E+03 |        WALLCLOCK TIME (SEC) =          494 |        MEMORY PEAK (GB)     =            0,"enqueue --inp ""E:\Projects\RL-LAM-ScanOpt\cae_model\stage3_run39_native_N24_N40_focused_batch60_v01\N24S3R39N2440B60_N24_B07_n24_u2_near\J2D_S3R39N2440B60_N24_B07_n24_u2_near.inp"" --cpus 14 --batch stage3_run39_native_N24_N40_focused_batch60_v01 --strategy S3R39N2440B60_N24_B07_n24_u2_near"
run_41_native_N24_N40_focused_batch60_odb_teacher_extraction,stage3_run39_native_N24_N40_focused_batch60_v01,24,S3R39N2440B60_N24_B08_n24_u2_near,False,J2D_S3R39N2440B60_N24_B08_n24_u2_near,True,J2D_S3R39N2440B60_N24_B08_n24_u2_near,E:\Projects\RL-LAM-ScanOpt\cae_model\stage3_run39_native_N24_N40_focused_batch60_v01\N24S3R39N2440B60_N24_B08_n24_u2_near,E:\Projects\RL-LAM-ScanOpt\cae_model\stage3_run39_native_N24_N40_focused_batch60_v01\N24S3R39N2440B60_N24_B08_n24_u2_near\J2D_S3R39N2440B60_N24_B08_n24_u2_near.inp,E:\Projects\RL-LAM-ScanOpt\cae_model\stage3_run39_native_N24_N40_focused_batch60_v01\N24S3R39N2440B60_N24_B08_n24_u2_near\J2D_S3R39N2440B60_N24_B08_n24_u2_near.sta,E:\Projects\RL-LAM-ScanOpt\cae_model\stage3_run39_native_N24_N40_focused_batch60_v01\N24S3R39N2440B60_N24_B08_n24_u2_near\J2D_S3R39N2440B60_N24_B08_n24_u2_near.dat,E:\Projects\RL-LAM-ScanOpt\cae_model\stage3_run39_native_N24_N40_focused_batch60_v01\N24S3R39N2440B60_N24_B08_n24_u2_near\J2D_S3R39N2440B60_N24_B08_n24_u2_near.msg,E:\Projects\RL-LAM-ScanOpt\cae_model\stage3_run39_native_N24_N40_focused_batch60_v01\N24S3R39N2440B60_N24_B08_n24_u2_near\J2D_S3R39N2440B60_N24_B08_n24_u2_near.odb,,True,True,True,True,195147740,False,True,False,False,False,True,WARNING_SUCCESS_WITH_WARNINGS,complete_with_nonfatal_warnings,  49    29   1     0     2     2  706.       620.       60.00 |   49    30   1     0     2     2  766.       680.       60.00 |   49    31   1     0     2     2  826.       740.       60.00 |   49    32   1     0     2     2  886.       800.       60.00 |   49    33   1     0     2     2  946.       860.       60.00 |   49    34   1     0     2     2  1.01e+03   920.       60.00 |   49    35   1     0     2     2  1.07e+03   980.       60.00 |   49    36   1     0     2     2  1.13e+03   1.04e+03   60.00 |   49    37   1     0     2     2  1.19e+03   1.10e+03   60.00 |   49    38   1     0     2     2  1.25e+03   1.16e+03   60.00 |   49    39   1     0     2     2  1.29e+03   1.20e+03   40.02 |  THE ANALYSIS HAS COMPLETED SUCCESSFULLY,                       0  ADDITIONAL OPERATOR EVALUATIONS FOR LINE SEARCHES |                        1  WARNING MESSAGES DURING USER INPUT PROCESSING |                      913  WARNING MESSAGES DURING ANALYSIS |                        0  ANALYSIS WARNINGS ARE NUMERICAL PROBLEM MESSAGES |                        3  ANALYSIS WARNINGS ARE NEGATIVE EIGENVALUE MESSAGES |                        0  ERROR MESSAGES |      JOB TIME SUMMARY |        USER TIME (SEC)      =     1.79E+03 |        SYSTEM TIME (SEC)    =     1.70E+02 |        TOTAL CPU TIME (SEC) =     1.96E+03 |        WALLCLOCK TIME (SEC) =          737 |        MEMORY PEAK (GB)     =            0,"enqueue --inp ""E:\Projects\RL-LAM-ScanOpt\cae_model\stage3_run39_native_N24_N40_focused_batch60_v01\N24S3R39N2440B60_N24_B08_n24_u2_near\J2D_S3R39N2440B60_N24_B08_n24_u2_near.inp"" --cpus 14 --batch stage3_run39_native_N24_N40_focused_batch60_v01 --strategy S3R39N2440B60_N24_B08_n24_u2_near"
run_41_native_N24_N40_focused_batch60_odb_teacher_extraction,stage3_run39_native_N24_N40_focused_batch60_v01,24,S3R39N2440B60_N24_B09_hybrid_agree,False,J2D_S3R39N2440B60_N24_B09_hybrid_agree,True,J2D_S3R39N2440B60_N24_B09_hybrid_agree,E:\Projects\RL-LAM-ScanOpt\cae_model\stage3_run39_native_N24_N40_focused_batch60_v01\N24S3R39N2440B60_N24_B09_hybrid_agree,E:\Projects\RL-LAM-ScanOpt\cae_model\stage3_run39_native_N24_N40_focused_batch60_v01\N24S3R39N2440B60_N24_B09_hybrid_agree\J2D_S3R39N2440B60_N24_B09_hybrid_agree.inp,E:\Projects\RL-LAM-ScanOpt\cae_model\stage3_run39_native_N24_N40_focused_batch60_v01\N24S3R39N2440B60_N24_B09_hybrid_agree\J2D_S3R39N2440B60_N24_B09_hybrid_agree.sta,E:\Projects\RL-LAM-ScanOpt\cae_model\stage3_run39_native_N24_N40_focused_batch60_v01\N24S3R39N2440B60_N24_B09_hybrid_agree\J2D_S3R39N2440B60_N24_B09_hybrid_agree.dat,E:\Projects\RL-LAM-ScanOpt\cae_model\stage3_run39_native_N24_N40_focused_batch60_v01\N24S3R39N2440B60_N24_B09_hybrid_agree\J2D_S3R39N2440B60_N24_B09_hybrid_agree.msg,E:\Projects\RL-LAM-ScanOpt\cae_model\stage3_run39_native_N24_N40_focused_batch60_v01\N24S3R39N2440B60_N24_B09_hybrid_agree\J2D_S3R39N2440B60_N24_B09_hybrid_agree.odb,,True,True,True,True,190572596,False,True,False,False,False,True,WARNING_SUCCESS_WITH_WARNINGS,complete_with_nonfatal_warnings,  49    27   1     0     2     2  713.       626.       60.00 |   49    28   1     0     2     2  773.       686.       60.00 |   49    29   1     0     2     2  833.       746.       60.00 |   49    30   1     0     2     2  893.       806.       60.00 |   49    31   1     0     2     2  953.       866.       60.00 |   49    32   1     0     2     2  1.01e+03   926.       60.00 |   49    33   1     0     2     2  1.07e+03   986.       60.00 |   49    34   1     0     2     2  1.13e+03   1.05e+03   60.00 |   49    35   1     0     2     2  1.19e+03   1.11e+03   60.00 |   49    36   1     0     2     2  1.25e+03   1.17e+03   60.00 |   49    37   1     0     1     1  1.29e+03   1.20e+03   33.65 |  THE ANALYSIS HAS COMPLETED SUCCESSFULLY,                       0  ADDITIONAL OPERATOR EVALUATIONS FOR LINE SEARCHES |                        1  WARNING MESSAGES DURING USER INPUT PROCESSING |                      732  WARNING MESSAGES DURING ANALYSIS |                        0  ANALYSIS WARNINGS ARE NUMERICAL PROBLEM MESSAGES |                        1  ANALYSIS WARNINGS ARE NEGATIVE EIGENVALUE MESSAGES |                        0  ERROR MESSAGES |      JOB TIME SUMMARY |        USER TIME (SEC)      =     1.76E+03 |        SYSTEM TIME (SEC)    =     1.66E+02 |        TOTAL CPU TIME (SEC) =     1.93E+03 |        WALLCLOCK TIME (SEC) =          713 |        MEMORY PEAK (GB)     =            0,"enqueue --inp ""E:\Projects\RL-LAM-ScanOpt\cae_model\stage3_run39_native_N24_N40_focused_batch60_v01\N24S3R39N2440B60_N24_B09_hybrid_agree\J2D_S3R39N2440B60_N24_B09_hybrid_agree.inp"" --cpus 14 --batch stage3_run39_native_N24_N40_focused_batch60_v01 --strategy S3R39N2440B60_N24_B09_hybrid_agree"
run_41_native_N24_N40_focused_batch60_odb_teacher_extraction,stage3_run39_native_N24_N40_focused_batch60_v01,24,S3R39N2440B60_N24_B10_surrogate_top,False,J2D_S3R39N2440B60_N24_B10_surrogate_top,True,J2D_S3R39N2440B60_N24_B10_surrogate_top,E:\Projects\RL-LAM-ScanOpt\cae_model\stage3_run39_native_N24_N40_focused_batch60_v01\N24S3R39N2440B60_N24_B10_surrogate_top,E:\Projects\RL-LAM-ScanOpt\cae_model\stage3_run39_native_N24_N40_focused_batch60_v01\N24S3R39N2440B60_N24_B10_surrogate_top\J2D_S3R39N2440B60_N24_B10_surrogate_top.inp,E:\Projects\RL-LAM-ScanOpt\cae_model\stage3_run39_native_N24_N40_focused_batch60_v01\N24S3R39N2440B60_N24_B10_surrogate_top\J2D_S3R39N2440B60_N24_B10_surrogate_top.sta,E:\Projects\RL-LAM-ScanOpt\cae_model\stage3_run39_native_N24_N40_focused_batch60_v01\N24S3R39N2440B60_N24_B10_surrogate_top\J2D_S3R39N2440B60_N24_B10_surrogate_top.dat,E:\Projects\RL-LAM-ScanOpt\cae_model\stage3_run39_native_N24_N40_focused_batch60_v01\N24S3R39N2440B60_N24_B10_surrogate_top\J2D_S3R39N2440B60_N24_B10_surrogate_top.msg,E:\Projects\RL-LAM-ScanOpt\cae_model\stage3_run39_native_N24_N40_focused_batch60_v01\N24S3R39N2440B60_N24_B10_surrogate_top\J2D_S3R39N2440B60_N24_B10_surrogate_top.odb,,True,True,True,True,190664008,False,True,False,False,False,True,WARNING_SUCCESS_WITH_WARNINGS,complete_with_nonfatal_warnings,  49    28   1     0     2     2  732.       645.       60.00 |   49    29   1     0     2     2  792.       705.       60.00 |   49    30   1     0     2     2  852.       765.       60.00 |   49    31   1     0     2     2  912.       825.       60.00 |   49    32   1     0     2     2  972.       885.       60.00 |   49    33   1     0     2     2  1.03e+03   945.       60.00 |   49    34   1     0     2     2  1.09e+03   1.01e+03   60.00 |   49    35   1     0     2     2  1.15e+03   1.07e+03   60.00 |   49    36   1     0     2     2  1.21e+03   1.13e+03   60.00 |   49    37   1     0     2     2  1.27e+03   1.19e+03   60.00 |   49    38   1     0     1     1  1.29e+03   1.20e+03   14.71 |  THE ANALYSIS HAS COMPLETED SUCCESSFULLY,                       0  ADDITIONAL OPERATOR EVALUATIONS FOR LINE SEARCHES |                        1  WARNING MESSAGES DURING USER INPUT PROCESSING |                      766  WARNING MESSAGES DURING ANALYSIS |                        0  ANALYSIS WARNINGS ARE NUMERICAL PROBLEM MESSAGES |                        0  ANALYSIS WARNINGS ARE NEGATIVE EIGENVALUE MESSAGES |                        0  ERROR MESSAGES |      JOB TIME SUMMARY |        USER TIME (SEC)      =     1.56E+03 |        SYSTEM TIME (SEC)    =     1.65E+02 |        TOTAL CPU TIME (SEC) =     1.73E+03 |        WALLCLOCK TIME (SEC) =          703 |        MEMORY PEAK (GB)     =            0,"enqueue --inp ""E:\Projects\RL-LAM-ScanOpt\cae_model\stage3_run39_native_N24_N40_focused_batch60_v01\N24S3R39N2440B60_N24_B10_surrogate_top\J2D_S3R39N2440B60_N24_B10_surrogate_top.inp"" --cpus 14 --batch stage3_run39_native_N24_N40_focused_batch60_v01 --strategy S3R39N2440B60_N24_B10_surrogate_top"
run_41_native_N24_N40_focused_batch60_odb_teacher_extraction,stage3_run39_native_N24_N40_focused_batch60_v01,24,S3R39N2440B60_N24_B11_hybrid_agree,False,J2D_S3R39N2440B60_N24_B11_hybrid_agree,True,J2D_S3R39N2440B60_N24_B11_hybrid_agree,E:\Projects\RL-LAM-ScanOpt\cae_model\stage3_run39_native_N24_N40_focused_batch60_v01\N24S3R39N2440B60_N24_B11_hybrid_agree,E:\Projects\RL-LAM-ScanOpt\cae_model\stage3_run39_native_N24_N40_focused_batch60_v01\N24S3R39N2440B60_N24_B11_hybrid_agree\J2D_S3R39N2440B60_N24_B11_hybrid_agree.inp,E:\Projects\RL-LAM-ScanOpt\cae_model\stage3_run39_native_N24_N40_focused_batch60_v01\N24S3R39N2440B60_N24_B11_hybrid_agree\J2D_S3R39N2440B60_N24_B11_hybrid_agree.sta,E:\Projects\RL-LAM-ScanOpt\cae_model\stage3_run39_native_N24_N40_focused_batch60_v01\N24S3R39N2440B60_N24_B11_hybrid_agree\J2D_S3R39N2440B60_N24_B11_hybrid_agree.dat,E:\Projects\RL-LAM-ScanOpt\cae_model\stage3_run39_native_N24_N40_focused_batch60_v01\N24S3R39N2440B60_N24_B11_hybrid_agree\J2D_S3R39N2440B60_N24_B11_hybrid_agree.msg,E:\Projects\RL-LAM-ScanOpt\cae_model\stage3_run39_native_N24_N40_focused_batch60_v01\N24S3R39N2440B60_N24_B11_hybrid_agree\J2D_S3R39N2440B60_N24_B11_hybrid_agree.odb,,True,True,True,True,190658604,False,True,False,False,False,True,WARNING_SUCCESS_WITH_WARNINGS,complete_with_nonfatal_warnings,  49    28   1     0     2     2  732.       645.       60.00 |   49    29   1     0     2     2  792.       705.       60.00 |   49    30   1     0     2     2  852.       765.       60.00 |   49    31   1     0     2     2  912.       825.       60.00 |   49    32   1     0     2     2  972.       885.       60.00 |   49    33   1     0     2     2  1.03e+03   945.       60.00 |   49    34   1     0     2     2  1.09e+03   1.01e+03   60.00 |   49    35   1     0     2     2  1.15e+03   1.07e+03   60.00 |   49    36   1     0     2     2  1.21e+03   1.13e+03   60.00 |   49    37   1     0     2     2  1.27e+03   1.19e+03   60.00 |   49    38   1     0     1     1  1.29e+03   1.20e+03   14.83 |  THE ANALYSIS HAS COMPLETED SUCCESSFULLY,                       0  ADDITIONAL OPERATOR EVALUATIONS FOR LINE SEARCHES |                        1  WARNING MESSAGES DURING USER INPUT PROCESSING |                      714  WARNING MESSAGES DURING ANALYSIS |                        0  ANALYSIS WARNINGS ARE NUMERICAL PROBLEM MESSAGES |                        1  ANALYSIS WARNINGS ARE NEGATIVE EIGENVALUE MESSAGES |                        0  ERROR MESSAGES |      JOB TIME SUMMARY |        USER TIME (SEC)      =     1.54E+03 |        SYSTEM TIME (SEC)    =     1.63E+02 |        TOTAL CPU TIME (SEC) =     1.70E+03 |        WALLCLOCK TIME (SEC) =          692 |        MEMORY PEAK (GB)     =            0,"enqueue --inp ""E:\Projects\RL-LAM-ScanOpt\cae_model\stage3_run39_native_N24_N40_focused_batch60_v01\N24S3R39N2440B60_N24_B11_hybrid_agree\J2D_S3R39N2440B60_N24_B11_hybrid_agree.inp"" --cpus 14 --batch stage3_run39_native_N24_N40_focused_batch60_v01 --strategy S3R39N2440B60_N24_B11_hybrid_agree"
run_41_native_N24_N40_focused_batch60_odb_teacher_extraction,stage3_run39_native_N24_N40_focused_batch60_v01,24,S3R39N2440B60_N24_B12_surrogate_top,False,J2D_S3R39N2440B60_N24_B12_surrogate_top,True,J2D_S3R39N2440B60_N24_B12_surrogate_top,E:\Projects\RL-LAM-ScanOpt\cae_model\stage3_run39_native_N24_N40_focused_batch60_v01\N24S3R39N2440B60_N24_B12_surrogate_top,E:\Projects\RL-LAM-ScanOpt\cae_model\stage3_run39_native_N24_N40_focused_batch60_v01\N24S3R39N2440B60_N24_B12_surrogate_top\J2D_S3R39N2440B60_N24_B12_surrogate_top.inp,E:\Projects\RL-LAM-ScanOpt\cae_model\stage3_run39_native_N24_N40_focused_batch60_v01\N24S3R39N2440B60_N24_B12_surrogate_top\J2D_S3R39N2440B60_N24_B12_surrogate_top.sta,E:\Projects\RL-LAM-ScanOpt\cae_model\stage3_run39_native_N24_N40_focused_batch60_v01\N24S3R39N2440B60_N24_B12_surrogate_top\J2D_S3R39N2440B60_N24_B12_surrogate_top.dat,E:\Projects\RL-LAM-ScanOpt\cae_model\stage3_run39_native_N24_N40_focused_batch60_v01\N24S3R39N2440B60_N24_B12_surrogate_top\J2D_S3R39N2440B60_N24_B12_surrogate_top.msg,E:\Projects\RL-LAM-ScanOpt\cae_model\stage3_run39_native_N24_N40_focused_batch60_v01\N24S3R39N2440B60_N24_B12_surrogate_top\J2D_S3R39N2440B60_N24_B12_surrogate_top.odb,,True,True,True,True,189281704,False,True,False,False,False,True,WARNING_SUCCESS_WITH_WARNINGS,complete_with_nonfatal_warnings,  49    29   1     0     2     2  706.       620.       60.00 |   49    30   1     0     2     2  766.       680.       60.00 |   49    31   1     0     2     2  826.       740.       60.00 |   49    32   1     0     2     2  886.       800.       60.00 |   49    33   1     0     2     2  946.       860.       60.00 |   49    34   1     0     2     2  1.01e+03   920.       60.00 |   49    35   1     0     2     2  1.07e+03   980.       60.00 |   49    36   1     0     2     2  1.13e+03   1.04e+03   60.00 |   49    37   1     0     2     2  1.19e+03   1.10e+03   60.00 |   49    38   1     0     2     2  1.25e+03   1.16e+03   60.00 |   49    39   1     0     2     2  1.29e+03   1.20e+03   40.21 |  THE ANALYSIS HAS COMPLETED SUCCESSFULLY,                       0  ADDITIONAL OPERATOR EVALUATIONS FOR LINE SEARCHES |                        1  WARNING MESSAGES DURING USER INPUT PROCESSING |                      742  WARNING MESSAGES DURING ANALYSIS |                        0  ANALYSIS WARNINGS ARE NUMERICAL PROBLEM MESSAGES |                        3  ANALYSIS WARNINGS ARE NEGATIVE EIGENVALUE MESSAGES |                        0  ERROR MESSAGES |      JOB TIME SUMMARY |        USER TIME (SEC)      =     1.56E+03 |        SYSTEM TIME (SEC)    =     1.62E+02 |        TOTAL CPU TIME (SEC) =     1.73E+03 |        WALLCLOCK TIME (SEC) =          686 |        MEMORY PEAK (GB)     =            0,"enqueue --inp ""E:\Projects\RL-LAM-ScanOpt\cae_model\stage3_run39_native_N24_N40_focused_batch60_v01\N24S3R39N2440B60_N24_B12_surrogate_top\J2D_S3R39N2440B60_N24_B12_surrogate_top.inp"" --cpus 14 --batch stage3_run39_native_N24_N40_focused_batch60_v01 --strategy S3R39N2440B60_N24_B12_surrogate_top"
run_41_native_N24_N40_focused_batch60_odb_teacher_extraction,stage3_run39_native_N24_N40_focused_batch60_v01,24,S3R39N2440B60_N24_B13_surrogate_top,False,J2D_S3R39N2440B60_N24_B13_surrogate_top,True,J2D_S3R39N2440B60_N24_B13_surrogate_top,E:\Projects\RL-LAM-ScanOpt\cae_model\stage3_run39_native_N24_N40_focused_batch60_v01\N24S3R39N2440B60_N24_B13_surrogate_top,E:\Projects\RL-LAM-ScanOpt\cae_model\stage3_run39_native_N24_N40_focused_batch60_v01\N24S3R39N2440B60_N24_B13_surrogate_top\J2D_S3R39N2440B60_N24_B13_surrogate_top.inp,E:\Projects\RL-LAM-ScanOpt\cae_model\stage3_run39_native_N24_N40_focused_batch60_v01\N24S3R39N2440B60_N24_B13_surrogate_top\J2D_S3R39N2440B60_N24_B13_surrogate_top.sta,E:\Projects\RL-LAM-ScanOpt\cae_model\stage3_run39_native_N24_N40_focused_batch60_v01\N24S3R39N2440B60_N24_B13_surrogate_top\J2D_S3R39N2440B60_N24_B13_surrogate_top.dat,E:\Projects\RL-LAM-ScanOpt\cae_model\stage3_run39_native_N24_N40_focused_batch60_v01\N24S3R39N2440B60_N24_B13_surrogate_top\J2D_S3R39N2440B60_N24_B13_surrogate_top.msg,E:\Projects\RL-LAM-ScanOpt\cae_model\stage3_run39_native_N24_N40_focused_batch60_v01\N24S3R39N2440B60_N24_B13_surrogate_top\J2D_S3R39N2440B60_N24_B13_surrogate_top.odb,,True,True,True,True,190059636,False,True,False,False,False,True,WARNING_SUCCESS_WITH_WARNINGS,complete_with_nonfatal_warnings,  49    28   1     0     2     2  732.       645.       60.00 |   49    29   1     0     2     2  792.       705.       60.00 |   49    30   1     0     2     2  852.       765.       60.00 |   49    31   1     0     2     2  912.       825.       60.00 |   49    32   1     0     2     2  972.       885.       60.00 |   49    33   1     0     2     2  1.03e+03   945.       60.00 |   49    34   1     0     2     2  1.09e+03   1.01e+03   60.00 |   49    35   1     0     2     2  1.15e+03   1.07e+03   60.00 |   49    36   1     0     2     2  1.21e+03   1.13e+03   60.00 |   49    37   1     0     2     2  1.27e+03   1.19e+03   60.00 |   49    38   1     0     1     1  1.29e+03   1.20e+03   14.55 |  THE ANALYSIS HAS COMPLETED SUCCESSFULLY,                       0  ADDITIONAL OPERATOR EVALUATIONS FOR LINE SEARCHES |                        1  WARNING MESSAGES DURING USER INPUT PROCESSING |                      693  WARNING MESSAGES DURING ANALYSIS |                        0  ANALYSIS WARNINGS ARE NUMERICAL PROBLEM MESSAGES |                        2  ANALYSIS WARNINGS ARE NEGATIVE EIGENVALUE MESSAGES |                        0  ERROR MESSAGES |      JOB TIME SUMMARY |        USER TIME (SEC)      =     1.50E+03 |        SYSTEM TIME (SEC)    =     1.62E+02 |        TOTAL CPU TIME (SEC) =     1.66E+03 |        WALLCLOCK TIME (SEC) =          693 |        MEMORY PEAK (GB)     =            0,"enqueue --inp ""E:\Projects\RL-LAM-ScanOpt\cae_model\stage3_run39_native_N24_N40_focused_batch60_v01\N24S3R39N2440B60_N24_B13_surrogate_top\J2D_S3R39N2440B60_N24_B13_surrogate_top.inp"" --cpus 14 --batch stage3_run39_native_N24_N40_focused_batch60_v01 --strategy S3R39N2440B60_N24_B13_surrogate_top"
run_41_native_N24_N40_focused_batch60_odb_teacher_extraction,stage3_run39_native_N24_N40_focused_batch60_v01,24,S3R39N2440B60_N24_B14_surrogate_top,False,J2D_S3R39N2440B60_N24_B14_surrogate_top,True,J2D_S3R39N2440B60_N24_B14_surrogate_top,E:\Projects\RL-LAM-ScanOpt\cae_model\stage3_run39_native_N24_N40_focused_batch60_v01\N24S3R39N2440B60_N24_B14_surrogate_top,E:\Projects\RL-LAM-ScanOpt\cae_model\stage3_run39_native_N24_N40_focused_batch60_v01\N24S3R39N2440B60_N24_B14_surrogate_top\J2D_S3R39N2440B60_N24_B14_surrogate_top.inp,E:\Projects\RL-LAM-ScanOpt\cae_model\stage3_run39_native_N24_N40_focused_batch60_v01\N24S3R39N2440B60_N24_B14_surrogate_top\J2D_S3R39N2440B60_N24_B14_surrogate_top.sta,E:\Projects\RL-LAM-ScanOpt\cae_model\stage3_run39_native_N24_N40_focused_batch60_v01\N24S3R39N2440B60_N24_B14_surrogate_top\J2D_S3R39N2440B60_N24_B14_surrogate_top.dat,E:\Projects\RL-LAM-ScanOpt\cae_model\stage3_run39_native_N24_N40_focused_batch60_v01\N24S3R39N2440B60_N24_B14_surrogate_top\J2D_S3R39N2440B60_N24_B14_surrogate_top.msg,E:\Projects\RL-LAM-ScanOpt\cae_model\stage3_run39_native_N24_N40_focused_batch60_v01\N24S3R39N2440B60_N24_B14_surrogate_top\J2D_S3R39N2440B60_N24_B14_surrogate_top.odb,,True,True,True,True,193028120,False,True,False,False,False,True,WARNING_SUCCESS_WITH_WARNINGS,complete_with_nonfatal_warnings,  49    28   1     0     2     2  732.       645.       60.00 |   49    29   1     0     2     2  792.       705.       60.00 |   49    30   1     0     2     2  852.       765.       60.00 |   49    31   1     0     2     2  912.       825.       60.00 |   49    32   1     0     2     2  972.       885.       60.00 |   49    33   1     0     2     2  1.03e+03   945.       60.00 |   49    34   1     0     2     2  1.09e+03   1.01e+03   60.00 |   49    35   1     0     2     2  1.15e+03   1.07e+03   60.00 |   49    36   1     0     2     2  1.21e+03   1.13e+03   60.00 |   49    37   1     0     2     2  1.27e+03   1.19e+03   60.00 |   49    38   1     0     1     1  1.29e+03   1.20e+03   14.55 |  THE ANALYSIS HAS COMPLETED SUCCESSFULLY,                       0  ADDITIONAL OPERATOR EVALUATIONS FOR LINE SEARCHES |                        1  WARNING MESSAGES DURING USER INPUT PROCESSING |                      784  WARNING MESSAGES DURING ANALYSIS |                        0  ANALYSIS WARNINGS ARE NUMERICAL PROBLEM MESSAGES |                        6  ANALYSIS WARNINGS ARE NEGATIVE EIGENVALUE MESSAGES |                        0  ERROR MESSAGES |      JOB TIME SUMMARY |        USER TIME (SEC)      =     1.60E+03 |        SYSTEM TIME (SEC)    =     1.65E+02 |        TOTAL CPU TIME (SEC) =     1.76E+03 |        WALLCLOCK TIME (SEC) =          703 |        MEMORY PEAK (GB)     =            0,"enqueue --inp ""E:\Projects\RL-LAM-ScanOpt\cae_model\stage3_run39_native_N24_N40_focused_batch60_v01\N24S3R39N2440B60_N24_B14_surrogate_top\J2D_S3R39N2440B60_N24_B14_surrogate_top.inp"" --cpus 14 --batch stage3_run39_native_N24_N40_focused_batch60_v01 --strategy S3R39N2440B60_N24_B14_surrogate_top"
run_41_native_N24_N40_focused_batch60_odb_teacher_extraction,stage3_run39_native_N24_N40_focused_batch60_v01,24,S3R39N2440B60_N24_B15_surrogate_top,False,J2D_S3R39N2440B60_N24_B15_surrogate_top,True,J2D_S3R39N2440B60_N24_B15_surrogate_top,E:\Projects\RL-LAM-ScanOpt\cae_model\stage3_run39_native_N24_N40_focused_batch60_v01\N24S3R39N2440B60_N24_B15_surrogate_top,E:\Projects\RL-LAM-ScanOpt\cae_model\stage3_run39_native_N24_N40_focused_batch60_v01\N24S3R39N2440B60_N24_B15_surrogate_top\J2D_S3R39N2440B60_N24_B15_surrogate_top.inp,E:\Projects\RL-LAM-ScanOpt\cae_model\stage3_run39_native_N24_N40_focused_batch60_v01\N24S3R39N2440B60_N24_B15_surrogate_top\J2D_S3R39N2440B60_N24_B15_surrogate_top.sta,E:\Projects\RL-LAM-ScanOpt\cae_model\stage3_run39_native_N24_N40_focused_batch60_v01\N24S3R39N2440B60_N24_B15_surrogate_top\J2D_S3R39N2440B60_N24_B15_surrogate_top.dat,E:\Projects\RL-LAM-ScanOpt\cae_model\stage3_run39_native_N24_N40_focused_batch60_v01\N24S3R39N2440B60_N24_B15_surrogate_top\J2D_S3R39N2440B60_N24_B15_surrogate_top.msg,E:\Projects\RL-LAM-ScanOpt\cae_model\stage3_run39_native_N24_N40_focused_batch60_v01\N24S3R39N2440B60_N24_B15_surrogate_top\J2D_S3R39N2440B60_N24_B15_surrogate_top.odb,,True,True,True,True,190843360,False,True,False,False,False,True,WARNING_SUCCESS_WITH_WARNINGS,complete_with_nonfatal_warnings,  49    28   1     0     2     2  691.       604.       60.00 |   49    29   1     0     2     2  751.       664.       60.00 |   49    30   1     0     2     2  811.       724.       60.00 |   49    31   1     0     2     2  871.       784.       60.00 |   49    32   1     0     2     2  931.       844.       60.00 |   49    33   1     0     2     2  991.       904.       60.00 |   49    34   1     0     2     2  1.05e+03   964.       60.00 |   49    35   1     0     2     2  1.11e+03   1.02e+03   60.00 |   49    36   1     0     2     2  1.17e+03   1.08e+03   60.00 |   49    37   1     0     2     2  1.23e+03   1.14e+03   60.00 |   49    38   1     0     2     2  1.29e+03   1.20e+03   55.75 |  THE ANALYSIS HAS COMPLETED SUCCESSFULLY,                       0  ADDITIONAL OPERATOR EVALUATIONS FOR LINE SEARCHES |                        1  WARNING MESSAGES DURING USER INPUT PROCESSING |                      766  WARNING MESSAGES DURING ANALYSIS |                        0  ANALYSIS WARNINGS ARE NUMERICAL PROBLEM MESSAGES |                        2  ANALYSIS WARNINGS ARE NEGATIVE EIGENVALUE MESSAGES |                        0  ERROR MESSAGES |      JOB TIME SUMMARY |        USER TIME (SEC)      =     1.60E+03 |        SYSTEM TIME (SEC)    =     1.63E+02 |        TOTAL CPU TIME (SEC) =     1.77E+03 |        WALLCLOCK TIME (SEC) =          704 |        MEMORY PEAK (GB)     =            0,"enqueue --inp ""E:\Projects\RL-LAM-ScanOpt\cae_model\stage3_run39_native_N24_N40_focused_batch60_v01\N24S3R39N2440B60_N24_B15_surrogate_top\J2D_S3R39N2440B60_N24_B15_surrogate_top.inp"" --cpus 14 --batch stage3_run39_native_N24_N40_focused_batch60_v01 --strategy S3R39N2440B60_N24_B15_surrogate_top"
run_41_native_N24_N40_focused_batch60_odb_teacher_extraction,stage3_run39_native_N24_N40_focused_batch60_v01,24,S3R39N2440B60_N24_B16_surrogate_top,False,J2D_S3R39N2440B60_N24_B16_surrogate_top,True,J2D_S3R39N2440B60_N24_B16_surrogate_top,E:\Projects\RL-LAM-ScanOpt\cae_model\stage3_run39_native_N24_N40_focused_batch60_v01\N24S3R39N2440B60_N24_B16_surrogate_top,E:\Projects\RL-LAM-ScanOpt\cae_model\stage3_run39_native_N24_N40_focused_batch60_v01\N24S3R39N2440B60_N24_B16_surrogate_top\J2D_S3R39N2440B60_N24_B16_surrogate_top.inp,E:\Projects\RL-LAM-ScanOpt\cae_model\stage3_run39_native_N24_N40_focused_batch60_v01\N24S3R39N2440B60_N24_B16_surrogate_top\J2D_S3R39N2440B60_N24_B16_surrogate_top.sta,E:\Projects\RL-LAM-ScanOpt\cae_model\stage3_run39_native_N24_N40_focused_batch60_v01\N24S3R39N2440B60_N24_B16_surrogate_top\J2D_S3R39N2440B60_N24_B16_surrogate_top.dat,E:\Projects\RL-LAM-ScanOpt\cae_model\stage3_run39_native_N24_N40_focused_batch60_v01\N24S3R39N2440B60_N24_B16_surrogate_top\J2D_S3R39N2440B60_N24_B16_surrogate_top.msg,E:\Projects\RL-LAM-ScanOpt\cae_model\stage3_run39_native_N24_N40_focused_batch60_v01\N24S3R39N2440B60_N24_B16_surrogate_top\J2D_S3R39N2440B60_N24_B16_surrogate_top.odb,,True,True,True,True,188595916,False,True,False,False,False,True,WARNING_SUCCESS_WITH_WARNINGS,complete_with_nonfatal_warnings,  49    29   1     0     2     2  706.       620.       60.00 |   49    30   1     0     2     2  766.       680.       60.00 |   49    31   1     0     2     2  826.       740.       60.00 |   49    32   1     0     2     2  886.       800.       60.00 |   49    33   1     0     2     2  946.       860.       60.00 |   49    34   1     0     2     2  1.01e+03   920.       60.00 |   49    35   1     0     2     2  1.07e+03   980.       60.00 |   49    36   1     0     2     2  1.13e+03   1.04e+03   60.00 |   49    37   1     0     2     2  1.19e+03   1.10e+03   60.00 |   49    38   1     0     2     2  1.25e+03   1.16e+03   60.00 |   49    39   1     0     2     2  1.29e+03   1.20e+03   40.02 |  THE ANALYSIS HAS COMPLETED SUCCESSFULLY,                       0  ADDITIONAL OPERATOR EVALUATIONS FOR LINE SEARCHES |                        1  WARNING MESSAGES DURING USER INPUT PROCESSING |                      713  WARNING MESSAGES DURING ANALYSIS |                        0  ANALYSIS WARNINGS ARE NUMERICAL PROBLEM MESSAGES |                        0  ANALYSIS WARNINGS ARE NEGATIVE EIGENVALUE MESSAGES |                        0  ERROR MESSAGES |      JOB TIME SUMMARY |        USER TIME (SEC)      =     1.55E+03 |        SYSTEM TIME (SEC)    =     1.56E+02 |        TOTAL CPU TIME (SEC) =     1.71E+03 |        WALLCLOCK TIME (SEC) =          677 |        MEMORY PEAK (GB)     =            0,"enqueue --inp ""E:\Projects\RL-LAM-ScanOpt\cae_model\stage3_run39_native_N24_N40_focused_batch60_v01\N24S3R39N2440B60_N24_B16_surrogate_top\J2D_S3R39N2440B60_N24_B16_surrogate_top.inp"" --cpus 14 --batch stage3_run39_native_N24_N40_focused_batch60_v01 --strategy S3R39N2440B60_N24_B16_surrogate_top"
run_41_native_N24_N40_focused_batch60_odb_teacher_extraction,stage3_run39_native_N24_N40_focused_batch60_v01,24,S3R39N2440B60_N24_B17_diversity,False,J2D_S3R39N2440B60_N24_B17_diversity,True,J2D_S3R39N2440B60_N24_B17_diversity,E:\Projects\RL-LAM-ScanOpt\cae_model\stage3_run39_native_N24_N40_focused_batch60_v01\N24S3R39N2440B60_N24_B17_diversity,E:\Projects\RL-LAM-ScanOpt\cae_model\stage3_run39_native_N24_N40_focused_batch60_v01\N24S3R39N2440B60_N24_B17_diversity\J2D_S3R39N2440B60_N24_B17_diversity.inp,E:\Projects\RL-LAM-ScanOpt\cae_model\stage3_run39_native_N24_N40_focused_batch60_v01\N24S3R39N2440B60_N24_B17_diversity\J2D_S3R39N2440B60_N24_B17_diversity.sta,E:\Projects\RL-LAM-ScanOpt\cae_model\stage3_run39_native_N24_N40_focused_batch60_v01\N24S3R39N2440B60_N24_B17_diversity\J2D_S3R39N2440B60_N24_B17_diversity.dat,E:\Projects\RL-LAM-ScanOpt\cae_model\stage3_run39_native_N24_N40_focused_batch60_v01\N24S3R39N2440B60_N24_B17_diversity\J2D_S3R39N2440B60_N24_B17_diversity.msg,E:\Projects\RL-LAM-ScanOpt\cae_model\stage3_run39_native_N24_N40_focused_batch60_v01\N24S3R39N2440B60_N24_B17_diversity\J2D_S3R39N2440B60_N24_B17_diversity.odb,,True,True,True,True,193035320,False,True,False,False,False,True,WARNING_SUCCESS_WITH_WARNINGS,complete_with_nonfatal_warnings,  49    28   1     0     2     2  691.       604.       60.00 |   49    29   1     0     2     2  751.       664.       60.00 |   49    30   1     0     2     2  811.       724.       60.00 |   49    31   1     0     2     2  871.       784.       60.00 |   49    32   1     0     2     2  931.       844.       60.00 |   49    33   1     0     2     2  991.       904.       60.00 |   49    34   1     0     2     2  1.05e+03   964.       60.00 |   49    35   1     0     2     2  1.11e+03   1.02e+03   60.00 |   49    36   1     0     2     2  1.17e+03   1.08e+03   60.00 |   49    37   1     0     2     2  1.23e+03   1.14e+03   60.00 |   49    38   1     0     2     2  1.29e+03   1.20e+03   55.75 |  THE ANALYSIS HAS COMPLETED SUCCESSFULLY,                       0  ADDITIONAL OPERATOR EVALUATIONS FOR LINE SEARCHES |                        1  WARNING MESSAGES DURING USER INPUT PROCESSING |                      741  WARNING MESSAGES DURING ANALYSIS |                        0  ANALYSIS WARNINGS ARE NUMERICAL PROBLEM MESSAGES |                        0  ANALYSIS WARNINGS ARE NEGATIVE EIGENVALUE MESSAGES |                        0  ERROR MESSAGES |      JOB TIME SUMMARY |        USER TIME (SEC)      =     1.59E+03 |        SYSTEM TIME (SEC)    =     1.77E+02 |        TOTAL CPU TIME (SEC) =     1.77E+03 |        WALLCLOCK TIME (SEC) =          721 |        MEMORY PEAK (GB)     =            0,"enqueue --inp ""E:\Projects\RL-LAM-ScanOpt\cae_model\stage3_run39_native_N24_N40_focused_batch60_v01\N24S3R39N2440B60_N24_B17_diversity\J2D_S3R39N2440B60_N24_B17_diversity.inp"" --cpus 14 --batch stage3_run39_native_N24_N40_focused_batch60_v01 --strategy S3R39N2440B60_N24_B17_diversity"
run_41_native_N24_N40_focused_batch60_odb_teacher_extraction,stage3_run39_native_N24_N40_focused_batch60_v01,24,S3R39N2440B60_N24_B18_graph_pointer,False,J2D_S3R39N2440B60_N24_B18_graph_pointer,True,J2D_S3R39N2440B60_N24_B18_graph_pointer,E:\Projects\RL-LAM-ScanOpt\cae_model\stage3_run39_native_N24_N40_focused_batch60_v01\N24S3R39N2440B60_N24_B18_graph_pointer,E:\Projects\RL-LAM-ScanOpt\cae_model\stage3_run39_native_N24_N40_focused_batch60_v01\N24S3R39N2440B60_N24_B18_graph_pointer\J2D_S3R39N2440B60_N24_B18_graph_pointer.inp,E:\Projects\RL-LAM-ScanOpt\cae_model\stage3_run39_native_N24_N40_focused_batch60_v01\N24S3R39N2440B60_N24_B18_graph_pointer\J2D_S3R39N2440B60_N24_B18_graph_pointer.sta,E:\Projects\RL-LAM-ScanOpt\cae_model\stage3_run39_native_N24_N40_focused_batch60_v01\N24S3R39N2440B60_N24_B18_graph_pointer\J2D_S3R39N2440B60_N24_B18_graph_pointer.dat,E:\Projects\RL-LAM-ScanOpt\cae_model\stage3_run39_native_N24_N40_focused_batch60_v01\N24S3R39N2440B60_N24_B18_graph_pointer\J2D_S3R39N2440B60_N24_B18_graph_pointer.msg,E:\Projects\RL-LAM-ScanOpt\cae_model\stage3_run39_native_N24_N40_focused_batch60_v01\N24S3R39N2440B60_N24_B18_graph_pointer\J2D_S3R39N2440B60_N24_B18_graph_pointer.odb,,True,True,True,True,191711516,False,True,False,False,False,True,WARNING_SUCCESS_WITH_WARNINGS,complete_with_nonfatal_warnings,  49    28   1     0     2     2  691.       604.       60.00 |   49    29   1     0     2     2  751.       664.       60.00 |   49    30   1     0     2     2  811.       724.       60.00 |   49    31   1     0     2     2  871.       784.       60.00 |   49    32   1     0     2     2  931.       844.       60.00 |   49    33   1     0     2     2  991.       904.       60.00 |   49    34   1     0     2     2  1.05e+03   964.       60.00 |   49    35   1     0     2     2  1.11e+03   1.02e+03   60.00 |   49    36   1     0     2     2  1.17e+03   1.08e+03   60.00 |   49    37   1     0     2     2  1.23e+03   1.14e+03   60.00 |   49    38   1     0     2     2  1.29e+03   1.20e+03   55.75 |  THE ANALYSIS HAS COMPLETED SUCCESSFULLY,                       0  ADDITIONAL OPERATOR EVALUATIONS FOR LINE SEARCHES |                        1  WARNING MESSAGES DURING USER INPUT PROCESSING |                      800  WARNING MESSAGES DURING ANALYSIS |                        0  ANALYSIS WARNINGS ARE NUMERICAL PROBLEM MESSAGES |                        1  ANALYSIS WARNINGS ARE NEGATIVE EIGENVALUE MESSAGES |                        0  ERROR MESSAGES |      JOB TIME SUMMARY |        USER TIME (SEC)      =     1.59E+03 |        SYSTEM TIME (SEC)    =     1.94E+02 |        TOTAL CPU TIME (SEC) =     1.78E+03 |        WALLCLOCK TIME (SEC) =          752 |        MEMORY PEAK (GB)     =            0,"enqueue --inp ""E:\Projects\RL-LAM-ScanOpt\cae_model\stage3_run39_native_N24_N40_focused_batch60_v01\N24S3R39N2440B60_N24_B18_graph_pointer\J2D_S3R39N2440B60_N24_B18_graph_pointer.inp"" --cpus 14 --batch stage3_run39_native_N24_N40_focused_batch60_v01 --strategy S3R39N2440B60_N24_B18_graph_pointer"
run_41_native_N24_N40_focused_batch60_odb_teacher_extraction,stage3_run39_native_N24_N40_focused_batch60_v01,24,S3R39N2440B60_N24_B19_graph_pointer,False,J2D_S3R39N2440B60_N24_B19_graph_pointer,True,J2D_S3R39N2440B60_N24_B19_graph_pointer,E:\Projects\RL-LAM-ScanOpt\cae_model\stage3_run39_native_N24_N40_focused_batch60_v01\N24S3R39N2440B60_N24_B19_graph_pointer,E:\Projects\RL-LAM-ScanOpt\cae_model\stage3_run39_native_N24_N40_focused_batch60_v01\N24S3R39N2440B60_N24_B19_graph_pointer\J2D_S3R39N2440B60_N24_B19_graph_pointer.inp,E:\Projects\RL-LAM-ScanOpt\cae_model\stage3_run39_native_N24_N40_focused_batch60_v01\N24S3R39N2440B60_N24_B19_graph_pointer\J2D_S3R39N2440B60_N24_B19_graph_pointer.sta,E:\Projects\RL-LAM-ScanOpt\cae_model\stage3_run39_native_N24_N40_focused_batch60_v01\N24S3R39N2440B60_N24_B19_graph_pointer\J2D_S3R39N2440B60_N24_B19_graph_pointer.dat,E:\Projects\RL-LAM-ScanOpt\cae_model\stage3_run39_native_N24_N40_focused_batch60_v01\N24S3R39N2440B60_N24_B19_graph_pointer\J2D_S3R39N2440B60_N24_B19_graph_pointer.msg,E:\Projects\RL-LAM-ScanOpt\cae_model\stage3_run39_native_N24_N40_focused_batch60_v01\N24S3R39N2440B60_N24_B19_graph_pointer\J2D_S3R39N2440B60_N24_B19_graph_pointer.odb,,True,True,True,True,192603060,False,True,False,False,False,True,WARNING_SUCCESS_WITH_WARNINGS,complete_with_nonfatal_warnings,  49    28   1     0     2     2  731.       644.       60.00 |   49    29   1     0     2     2  791.       704.       60.00 |   49    30   1     0     2     2  851.       764.       60.00 |   49    31   1     0     2     2  911.       824.       60.00 |   49    32   1     0     2     2  971.       884.       60.00 |   49    33   1     0     2     2  1.03e+03   944.       60.00 |   49    34   1     0     2     2  1.09e+03   1.00e+03   60.00 |   49    35   1     0     2     2  1.15e+03   1.06e+03   60.00 |   49    36   1     0     2     2  1.21e+03   1.12e+03   60.00 |   49    37   1     0     2     2  1.27e+03   1.18e+03   60.00 |   49    38   1     0     1     1  1.29e+03   1.20e+03   15.51 |  THE ANALYSIS HAS COMPLETED SUCCESSFULLY,                       0  ADDITIONAL OPERATOR EVALUATIONS FOR LINE SEARCHES |                        1  WARNING MESSAGES DURING USER INPUT PROCESSING |                      879  WARNING MESSAGES DURING ANALYSIS |                        0  ANALYSIS WARNINGS ARE NUMERICAL PROBLEM MESSAGES |                        1  ANALYSIS WARNINGS ARE NEGATIVE EIGENVALUE MESSAGES |                        0  ERROR MESSAGES |      JOB TIME SUMMARY |        USER TIME (SEC)      =     1.59E+03 |        SYSTEM TIME (SEC)    =     1.96E+02 |        TOTAL CPU TIME (SEC) =     1.78E+03 |        WALLCLOCK TIME (SEC) =          761 |        MEMORY PEAK (GB)     =            0,"enqueue --inp ""E:\Projects\RL-LAM-ScanOpt\cae_model\stage3_run39_native_N24_N40_focused_batch60_v01\N24S3R39N2440B60_N24_B19_graph_pointer\J2D_S3R39N2440B60_N24_B19_graph_pointer.inp"" --cpus 14 --batch stage3_run39_native_N24_N40_focused_batch60_v01 --strategy S3R39N2440B60_N24_B19_graph_pointer"
run_41_native_N24_N40_focused_batch60_odb_teacher_extraction,stage3_run39_native_N24_N40_focused_batch60_v01,24,S3R39N2440B60_N24_B20_graph_pointer,False,J2D_S3R39N2440B60_N24_B20_graph_pointer,True,J2D_S3R39N2440B60_N24_B20_graph_pointer,E:\Projects\RL-LAM-ScanOpt\cae_model\stage3_run39_native_N24_N40_focused_batch60_v01\N24S3R39N2440B60_N24_B20_graph_pointer,E:\Projects\RL-LAM-ScanOpt\cae_model\stage3_run39_native_N24_N40_focused_batch60_v01\N24S3R39N2440B60_N24_B20_graph_pointer\J2D_S3R39N2440B60_N24_B20_graph_pointer.inp,E:\Projects\RL-LAM-ScanOpt\cae_model\stage3_run39_native_N24_N40_focused_batch60_v01\N24S3R39N2440B60_N24_B20_graph_pointer\J2D_S3R39N2440B60_N24_B20_graph_pointer.sta,E:\Projects\RL-LAM-ScanOpt\cae_model\stage3_run39_native_N24_N40_focused_batch60_v01\N24S3R39N2440B60_N24_B20_graph_pointer\J2D_S3R39N2440B60_N24_B20_graph_pointer.dat,E:\Projects\RL-LAM-ScanOpt\cae_model\stage3_run39_native_N24_N40_focused_batch60_v01\N24S3R39N2440B60_N24_B20_graph_pointer\J2D_S3R39N2440B60_N24_B20_graph_pointer.msg,E:\Projects\RL-LAM-ScanOpt\cae_model\stage3_run39_native_N24_N40_focused_batch60_v01\N24S3R39N2440B60_N24_B20_graph_pointer\J2D_S3R39N2440B60_N24_B20_graph_pointer.odb,,True,True,True,True,190358296,False,True,False,False,False,True,WARNING_SUCCESS_WITH_WARNINGS,complete_with_nonfatal_warnings,  49    28   1     0     2     2  691.       604.       60.00 |   49    29   1     0     2     2  751.       664.       60.00 |   49    30   1     0     2     2  811.       724.       60.00 |   49    31   1     0     2     2  871.       784.       60.00 |   49    32   1     0     2     2  931.       844.       60.00 |   49    33   1     0     2     2  991.       904.       60.00 |   49    34   1     0     2     2  1.05e+03   964.       60.00 |   49    35   1     0     2     2  1.11e+03   1.02e+03   60.00 |   49    36   1     0     2     2  1.17e+03   1.08e+03   60.00 |   49    37   1     0     2     2  1.23e+03   1.14e+03   60.00 |   49    38   1     0     2     2  1.29e+03   1.20e+03   55.83 |  THE ANALYSIS HAS COMPLETED SUCCESSFULLY,                       0  ADDITIONAL OPERATOR EVALUATIONS FOR LINE SEARCHES |                        1  WARNING MESSAGES DURING USER INPUT PROCESSING |                      825  WARNING MESSAGES DURING ANALYSIS |                        0  ANALYSIS WARNINGS ARE NUMERICAL PROBLEM MESSAGES |                        2  ANALYSIS WARNINGS ARE NEGATIVE EIGENVALUE MESSAGES |                        0  ERROR MESSAGES |      JOB TIME SUMMARY |        USER TIME (SEC)      =     1.55E+03 |        SYSTEM TIME (SEC)    =     1.93E+02 |        TOTAL CPU TIME (SEC) =     1.74E+03 |        WALLCLOCK TIME (SEC) =          745 |        MEMORY PEAK (GB)     =            0,"enqueue --inp ""E:\Projects\RL-LAM-ScanOpt\cae_model\stage3_run39_native_N24_N40_focused_batch60_v01\N24S3R39N2440B60_N24_B20_graph_pointer\J2D_S3R39N2440B60_N24_B20_graph_pointer.inp"" --cpus 14 --batch stage3_run39_native_N24_N40_focused_batch60_v01 --strategy S3R39N2440B60_N24_B20_graph_pointer"
run_41_native_N24_N40_focused_batch60_odb_teacher_extraction,stage3_run39_native_N24_N40_focused_batch60_v01,24,S3R39N2440B60_N24_B21_graph_pointer,False,J2D_S3R39N2440B60_N24_B21_graph_pointer,True,J2D_S3R39N2440B60_N24_B21_graph_pointer,E:\Projects\RL-LAM-ScanOpt\cae_model\stage3_run39_native_N24_N40_focused_batch60_v01\N24S3R39N2440B60_N24_B21_graph_pointer,E:\Projects\RL-LAM-ScanOpt\cae_model\stage3_run39_native_N24_N40_focused_batch60_v01\N24S3R39N2440B60_N24_B21_graph_pointer\J2D_S3R39N2440B60_N24_B21_graph_pointer.inp,E:\Projects\RL-LAM-ScanOpt\cae_model\stage3_run39_native_N24_N40_focused_batch60_v01\N24S3R39N2440B60_N24_B21_graph_pointer\J2D_S3R39N2440B60_N24_B21_graph_pointer.sta,E:\Projects\RL-LAM-ScanOpt\cae_model\stage3_run39_native_N24_N40_focused_batch60_v01\N24S3R39N2440B60_N24_B21_graph_pointer\J2D_S3R39N2440B60_N24_B21_graph_pointer.dat,E:\Projects\RL-LAM-ScanOpt\cae_model\stage3_run39_native_N24_N40_focused_batch60_v01\N24S3R39N2440B60_N24_B21_graph_pointer\J2D_S3R39N2440B60_N24_B21_graph_pointer.msg,E:\Projects\RL-LAM-ScanOpt\cae_model\stage3_run39_native_N24_N40_focused_batch60_v01\N24S3R39N2440B60_N24_B21_graph_pointer\J2D_S3R39N2440B60_N24_B21_graph_pointer.odb,,True,True,True,True,193378460,False,True,False,False,False,True,WARNING_SUCCESS_WITH_WARNINGS,complete_with_nonfatal_warnings,  49    28   1     0     2     2  691.       604.       60.00 |   49    29   1     0     2     2  751.       664.       60.00 |   49    30   1     0     2     2  811.       724.       60.00 |   49    31   1     0     2     2  871.       784.       60.00 |   49    32   1     0     2     2  931.       844.       60.00 |   49    33   1     0     2     2  991.       904.       60.00 |   49    34   1     0     2     2  1.05e+03   964.       60.00 |   49    35   1     0     2     2  1.11e+03   1.02e+03   60.00 |   49    36   1     0     2     2  1.17e+03   1.08e+03   60.00 |   49    37   1     0     2     2  1.23e+03   1.14e+03   60.00 |   49    38   1     0     2     2  1.29e+03   1.20e+03   55.75 |  THE ANALYSIS HAS COMPLETED SUCCESSFULLY,                       0  ADDITIONAL OPERATOR EVALUATIONS FOR LINE SEARCHES |                        1  WARNING MESSAGES DURING USER INPUT PROCESSING |                      798  WARNING MESSAGES DURING ANALYSIS |                        0  ANALYSIS WARNINGS ARE NUMERICAL PROBLEM MESSAGES |                        1  ANALYSIS WARNINGS ARE NEGATIVE EIGENVALUE MESSAGES |                        0  ERROR MESSAGES |      JOB TIME SUMMARY |        USER TIME (SEC)      =     1.65E+03 |        SYSTEM TIME (SEC)    =     1.99E+02 |        TOTAL CPU TIME (SEC) =     1.85E+03 |        WALLCLOCK TIME (SEC) =          768 |        MEMORY PEAK (GB)     =            0,"enqueue --inp ""E:\Projects\RL-LAM-ScanOpt\cae_model\stage3_run39_native_N24_N40_focused_batch60_v01\N24S3R39N2440B60_N24_B21_graph_pointer\J2D_S3R39N2440B60_N24_B21_graph_pointer.inp"" --cpus 14 --batch stage3_run39_native_N24_N40_focused_batch60_v01 --strategy S3R39N2440B60_N24_B21_graph_pointer"
run_41_native_N24_N40_focused_batch60_odb_teacher_extraction,stage3_run39_native_N24_N40_focused_batch60_v01,24,S3R39N2440B60_N24_B22_diversity,False,J2D_S3R39N2440B60_N24_B22_diversity,True,J2D_S3R39N2440B60_N24_B22_diversity,E:\Projects\RL-LAM-ScanOpt\cae_model\stage3_run39_native_N24_N40_focused_batch60_v01\N24S3R39N2440B60_N24_B22_diversity,E:\Projects\RL-LAM-ScanOpt\cae_model\stage3_run39_native_N24_N40_focused_batch60_v01\N24S3R39N2440B60_N24_B22_diversity\J2D_S3R39N2440B60_N24_B22_diversity.inp,E:\Projects\RL-LAM-ScanOpt\cae_model\stage3_run39_native_N24_N40_focused_batch60_v01\N24S3R39N2440B60_N24_B22_diversity\J2D_S3R39N2440B60_N24_B22_diversity.sta,E:\Projects\RL-LAM-ScanOpt\cae_model\stage3_run39_native_N24_N40_focused_batch60_v01\N24S3R39N2440B60_N24_B22_diversity\J2D_S3R39N2440B60_N24_B22_diversity.dat,E:\Projects\RL-LAM-ScanOpt\cae_model\stage3_run39_native_N24_N40_focused_batch60_v01\N24S3R39N2440B60_N24_B22_diversity\J2D_S3R39N2440B60_N24_B22_diversity.msg,E:\Projects\RL-LAM-ScanOpt\cae_model\stage3_run39_native_N24_N40_focused_batch60_v01\N24S3R39N2440B60_N24_B22_diversity\J2D_S3R39N2440B60_N24_B22_diversity.odb,,True,True,True,True,190097428,False,True,False,False,False,True,WARNING_SUCCESS_WITH_WARNINGS,complete_with_nonfatal_warnings,  49    28   1     0     2     2  732.       645.       60.00 |   49    29   1     0     2     2  792.       705.       60.00 |   49    30   1     0     2     2  852.       765.       60.00 |   49    31   1     0     2     2  912.       825.       60.00 |   49    32   1     0     2     2  972.       885.       60.00 |   49    33   1     0     2     2  1.03e+03   945.       60.00 |   49    34   1     0     2     2  1.09e+03   1.01e+03   60.00 |   49    35   1     0     2     2  1.15e+03   1.07e+03   60.00 |   49    36   1     0     2     2  1.21e+03   1.13e+03   60.00 |   49    37   1     0     2     2  1.27e+03   1.19e+03   60.00 |   49    38   1     0     1     1  1.29e+03   1.20e+03   14.55 |  THE ANALYSIS HAS COMPLETED SUCCESSFULLY,                       0  ADDITIONAL OPERATOR EVALUATIONS FOR LINE SEARCHES |                        1  WARNING MESSAGES DURING USER INPUT PROCESSING |                      718  WARNING MESSAGES DURING ANALYSIS |                        0  ANALYSIS WARNINGS ARE NUMERICAL PROBLEM MESSAGES |                        2  ANALYSIS WARNINGS ARE NEGATIVE EIGENVALUE MESSAGES |                        0  ERROR MESSAGES |      JOB TIME SUMMARY |        USER TIME (SEC)      =     1.48E+03 |        SYSTEM TIME (SEC)    =     1.65E+02 |        TOTAL CPU TIME (SEC) =     1.64E+03 |        WALLCLOCK TIME (SEC) =          707 |        MEMORY PEAK (GB)     =            0,"enqueue --inp ""E:\Projects\RL-LAM-ScanOpt\cae_model\stage3_run39_native_N24_N40_focused_batch60_v01\N24S3R39N2440B60_N24_B22_diversity\J2D_S3R39N2440B60_N24_B22_diversity.inp"" --cpus 14 --batch stage3_run39_native_N24_N40_focused_batch60_v01 --strategy S3R39N2440B60_N24_B22_diversity"
run_41_native_N24_N40_focused_batch60_odb_teacher_extraction,stage3_run39_native_N24_N40_focused_batch60_v01,24,S3R39N2440B60_N24_B23_graph_pointer,False,J2D_S3R39N2440B60_N24_B23_graph_pointer,True,J2D_S3R39N2440B60_N24_B23_graph_pointer,E:\Projects\RL-LAM-ScanOpt\cae_model\stage3_run39_native_N24_N40_focused_batch60_v01\N24S3R39N2440B60_N24_B23_graph_pointer,E:\Projects\RL-LAM-ScanOpt\cae_model\stage3_run39_native_N24_N40_focused_batch60_v01\N24S3R39N2440B60_N24_B23_graph_pointer\J2D_S3R39N2440B60_N24_B23_graph_pointer.inp,E:\Projects\RL-LAM-ScanOpt\cae_model\stage3_run39_native_N24_N40_focused_batch60_v01\N24S3R39N2440B60_N24_B23_graph_pointer\J2D_S3R39N2440B60_N24_B23_graph_pointer.sta,E:\Projects\RL-LAM-ScanOpt\cae_model\stage3_run39_native_N24_N40_focused_batch60_v01\N24S3R39N2440B60_N24_B23_graph_pointer\J2D_S3R39N2440B60_N24_B23_graph_pointer.dat,E:\Projects\RL-LAM-ScanOpt\cae_model\stage3_run39_native_N24_N40_focused_batch60_v01\N24S3R39N2440B60_N24_B23_graph_pointer\J2D_S3R39N2440B60_N24_B23_graph_pointer.msg,E:\Projects\RL-LAM-ScanOpt\cae_model\stage3_run39_native_N24_N40_focused_batch60_v01\N24S3R39N2440B60_N24_B23_graph_pointer\J2D_S3R39N2440B60_N24_B23_graph_pointer.odb,,True,True,True,True,189685632,False,True,False,False,False,True,WARNING_SUCCESS_WITH_WARNINGS,complete_with_nonfatal_warnings,  49    28   1     0     2     2  691.       604.       60.00 |   49    29   1     0     2     2  751.       664.       60.00 |   49    30   1     0     2     2  811.       724.       60.00 |   49    31   1     0     2     2  871.       784.       60.00 |   49    32   1     0     2     2  931.       844.       60.00 |   49    33   1     0     2     2  991.       904.       60.00 |   49    34   1     0     2     2  1.05e+03   964.       60.00 |   49    35   1     0     2     2  1.11e+03   1.02e+03   60.00 |   49    36   1     0     2     2  1.17e+03   1.08e+03   60.00 |   49    37   1     0     2     2  1.23e+03   1.14e+03   60.00 |   49    38   1     0     2     2  1.29e+03   1.20e+03   55.75 |  THE ANALYSIS HAS COMPLETED SUCCESSFULLY,                       0  ADDITIONAL OPERATOR EVALUATIONS FOR LINE SEARCHES |                        1  WARNING MESSAGES DURING USER INPUT PROCESSING |                      736  WARNING MESSAGES DURING ANALYSIS |                        0  ANALYSIS WARNINGS ARE NUMERICAL PROBLEM MESSAGES |                        3  ANALYSIS WARNINGS ARE NEGATIVE EIGENVALUE MESSAGES |                        0  ERROR MESSAGES |      JOB TIME SUMMARY |        USER TIME (SEC)      =     1.49E+03 |        SYSTEM TIME (SEC)    =     1.66E+02 |        TOTAL CPU TIME (SEC) =     1.65E+03 |        WALLCLOCK TIME (SEC) =          706 |        MEMORY PEAK (GB)     =            0,"enqueue --inp ""E:\Projects\RL-LAM-ScanOpt\cae_model\stage3_run39_native_N24_N40_focused_batch60_v01\N24S3R39N2440B60_N24_B23_graph_pointer\J2D_S3R39N2440B60_N24_B23_graph_pointer.inp"" --cpus 14 --batch stage3_run39_native_N24_N40_focused_batch60_v01 --strategy S3R39N2440B60_N24_B23_graph_pointer"
run_41_native_N24_N40_focused_batch60_odb_teacher_extraction,stage3_run39_native_N24_N40_focused_batch60_v01,24,S3R39N2440B60_N24_B24_hybrid_disagree,False,J2D_S3R39N2440B60_N24_B24_hybrid_disagree,True,J2D_S3R39N2440B60_N24_B24_hybrid_disagree,E:\Projects\RL-LAM-ScanOpt\cae_model\stage3_run39_native_N24_N40_focused_batch60_v01\N24S3R39N2440B60_N24_B24_hybrid_disagree,E:\Projects\RL-LAM-ScanOpt\cae_model\stage3_run39_native_N24_N40_focused_batch60_v01\N24S3R39N2440B60_N24_B24_hybrid_disagree\J2D_S3R39N2440B60_N24_B24_hybrid_disagree.inp,E:\Projects\RL-LAM-ScanOpt\cae_model\stage3_run39_native_N24_N40_focused_batch60_v01\N24S3R39N2440B60_N24_B24_hybrid_disagree\J2D_S3R39N2440B60_N24_B24_hybrid_disagree.sta,E:\Projects\RL-LAM-ScanOpt\cae_model\stage3_run39_native_N24_N40_focused_batch60_v01\N24S3R39N2440B60_N24_B24_hybrid_disagree\J2D_S3R39N2440B60_N24_B24_hybrid_disagree.dat,E:\Projects\RL-LAM-ScanOpt\cae_model\stage3_run39_native_N24_N40_focused_batch60_v01\N24S3R39N2440B60_N24_B24_hybrid_disagree\J2D_S3R39N2440B60_N24_B24_hybrid_disagree.msg,E:\Projects\RL-LAM-ScanOpt\cae_model\stage3_run39_native_N24_N40_focused_batch60_v01\N24S3R39N2440B60_N24_B24_hybrid_disagree\J2D_S3R39N2440B60_N24_B24_hybrid_disagree.odb,,True,True,True,True,191725392,False,True,False,False,False,True,WARNING_SUCCESS_WITH_WARNINGS,complete_with_nonfatal_warnings,  49    28   1     0     2     2  690.       604.       60.00 |   49    29   1     0     2     2  750.       664.       60.00 |   49    30   1     0     2     2  810.       724.       60.00 |   49    31   1     0     2     2  870.       784.       60.00 |   49    32   1     0     2     2  930.       844.       60.00 |   49    33   1     0     2     2  990.       904.       60.00 |   49    34   1     0     2     2  1.05e+03   964.       60.00 |   49    35   1     0     2     2  1.11e+03   1.02e+03   60.00 |   49    36   1     0     2     2  1.17e+03   1.08e+03   60.00 |   49    37   1     0     2     2  1.23e+03   1.14e+03   60.00 |   49    38   1     0     2     2  1.29e+03   1.20e+03   55.95 |  THE ANALYSIS HAS COMPLETED SUCCESSFULLY,                       0  ADDITIONAL OPERATOR EVALUATIONS FOR LINE SEARCHES |                        1  WARNING MESSAGES DURING USER INPUT PROCESSING |                      770  WARNING MESSAGES DURING ANALYSIS |                        0  ANALYSIS WARNINGS ARE NUMERICAL PROBLEM MESSAGES |                        2  ANALYSIS WARNINGS ARE NEGATIVE EIGENVALUE MESSAGES |                        0  ERROR MESSAGES |      JOB TIME SUMMARY |        USER TIME (SEC)      =     1.47E+03 |        SYSTEM TIME (SEC)    =     1.62E+02 |        TOTAL CPU TIME (SEC) =     1.63E+03 |        WALLCLOCK TIME (SEC) =          710 |        MEMORY PEAK (GB)     =            0,"enqueue --inp ""E:\Projects\RL-LAM-ScanOpt\cae_model\stage3_run39_native_N24_N40_focused_batch60_v01\N24S3R39N2440B60_N24_B24_hybrid_disagree\J2D_S3R39N2440B60_N24_B24_hybrid_disagree.inp"" --cpus 14 --batch stage3_run39_native_N24_N40_focused_batch60_v01 --strategy S3R39N2440B60_N24_B24_hybrid_disagree"
run_41_native_N24_N40_focused_batch60_odb_teacher_extraction,stage3_run39_native_N24_N40_focused_batch60_v01,24,S3R39N2440B60_N24_B25_hybrid_disagree,False,J2D_S3R39N2440B60_N24_B25_hybrid_disagree,True,J2D_S3R39N2440B60_N24_B25_hybrid_disagree,E:\Projects\RL-LAM-ScanOpt\cae_model\stage3_run39_native_N24_N40_focused_batch60_v01\N24S3R39N2440B60_N24_B25_hybrid_disagree,E:\Projects\RL-LAM-ScanOpt\cae_model\stage3_run39_native_N24_N40_focused_batch60_v01\N24S3R39N2440B60_N24_B25_hybrid_disagree\J2D_S3R39N2440B60_N24_B25_hybrid_disagree.inp,E:\Projects\RL-LAM-ScanOpt\cae_model\stage3_run39_native_N24_N40_focused_batch60_v01\N24S3R39N2440B60_N24_B25_hybrid_disagree\J2D_S3R39N2440B60_N24_B25_hybrid_disagree.sta,E:\Projects\RL-LAM-ScanOpt\cae_model\stage3_run39_native_N24_N40_focused_batch60_v01\N24S3R39N2440B60_N24_B25_hybrid_disagree\J2D_S3R39N2440B60_N24_B25_hybrid_disagree.dat,E:\Projects\RL-LAM-ScanOpt\cae_model\stage3_run39_native_N24_N40_focused_batch60_v01\N24S3R39N2440B60_N24_B25_hybrid_disagree\J2D_S3R39N2440B60_N24_B25_hybrid_disagree.msg,E:\Projects\RL-LAM-ScanOpt\cae_model\stage3_run39_native_N24_N40_focused_batch60_v01\N24S3R39N2440B60_N24_B25_hybrid_disagree\J2D_S3R39N2440B60_N24_B25_hybrid_disagree.odb,,True,True,True,True,193073144,False,True,False,False,False,True,WARNING_SUCCESS_WITH_WARNINGS,complete_with_nonfatal_warnings,  49    29   1     0     2     2  706.       620.       60.00 |   49    30   1     0     2     2  766.       680.       60.00 |   49    31   1     0     2     2  826.       740.       60.00 |   49    32   1     0     2     2  886.       800.       60.00 |   49    33   1     0     2     2  946.       860.       60.00 |   49    34   1     0     2     2  1.01e+03   920.       60.00 |   49    35   1     0     2     2  1.07e+03   980.       60.00 |   49    36   1     0     2     2  1.13e+03   1.04e+03   60.00 |   49    37   1     0     2     2  1.19e+03   1.10e+03   60.00 |   49    38   1     0     2     2  1.25e+03   1.16e+03   60.00 |   49    39   1     0     2     2  1.29e+03   1.20e+03   40.02 |  THE ANALYSIS HAS COMPLETED SUCCESSFULLY,                       0  ADDITIONAL OPERATOR EVALUATIONS FOR LINE SEARCHES |                        1  WARNING MESSAGES DURING USER INPUT PROCESSING |                      766  WARNING MESSAGES DURING ANALYSIS |                        0  ANALYSIS WARNINGS ARE NUMERICAL PROBLEM MESSAGES |                        2  ANALYSIS WARNINGS ARE NEGATIVE EIGENVALUE MESSAGES |                        0  ERROR MESSAGES |      JOB TIME SUMMARY |        USER TIME (SEC)      =     1.49E+03 |        SYSTEM TIME (SEC)    =     1.68E+02 |        TOTAL CPU TIME (SEC) =     1.66E+03 |        WALLCLOCK TIME (SEC) =          716 |        MEMORY PEAK (GB)     =            0,"enqueue --inp ""E:\Projects\RL-LAM-ScanOpt\cae_model\stage3_run39_native_N24_N40_focused_batch60_v01\N24S3R39N2440B60_N24_B25_hybrid_disagree\J2D_S3R39N2440B60_N24_B25_hybrid_disagree.inp"" --cpus 14 --batch stage3_run39_native_N24_N40_focused_batch60_v01 --strategy S3R39N2440B60_N24_B25_hybrid_disagree"
run_41_native_N24_N40_focused_batch60_odb_teacher_extraction,stage3_run39_native_N24_N40_focused_batch60_v01,24,S3R39N2440B60_N24_B26_uncertainty,False,J2D_S3R39N2440B60_N24_B26_uncertainty,True,J2D_S3R39N2440B60_N24_B26_uncertainty,E:\Projects\RL-LAM-ScanOpt\cae_model\stage3_run39_native_N24_N40_focused_batch60_v01\N24S3R39N2440B60_N24_B26_uncertainty,E:\Projects\RL-LAM-ScanOpt\cae_model\stage3_run39_native_N24_N40_focused_batch60_v01\N24S3R39N2440B60_N24_B26_uncertainty\J2D_S3R39N2440B60_N24_B26_uncertainty.inp,E:\Projects\RL-LAM-ScanOpt\cae_model\stage3_run39_native_N24_N40_focused_batch60_v01\N24S3R39N2440B60_N24_B26_uncertainty\J2D_S3R39N2440B60_N24_B26_uncertainty.sta,E:\Projects\RL-LAM-ScanOpt\cae_model\stage3_run39_native_N24_N40_focused_batch60_v01\N24S3R39N2440B60_N24_B26_uncertainty\J2D_S3R39N2440B60_N24_B26_uncertainty.dat,E:\Projects\RL-LAM-ScanOpt\cae_model\stage3_run39_native_N24_N40_focused_batch60_v01\N24S3R39N2440B60_N24_B26_uncertainty\J2D_S3R39N2440B60_N24_B26_uncertainty.msg,E:\Projects\RL-LAM-ScanOpt\cae_model\stage3_run39_native_N24_N40_focused_batch60_v01\N24S3R39N2440B60_N24_B26_uncertainty\J2D_S3R39N2440B60_N24_B26_uncertainty.odb,,True,True,True,True,194763964,False,True,False,False,False,True,WARNING_SUCCESS_WITH_WARNINGS,complete_with_nonfatal_warnings,  49    29   1     0     2     2  706.       620.       60.00 |   49    30   1     0     2     2  766.       680.       60.00 |   49    31   1     0     2     2  826.       740.       60.00 |   49    32   1     0     2     2  886.       800.       60.00 |   49    33   1     0     2     2  946.       860.       60.00 |   49    34   1     0     2     2  1.01e+03   920.       60.00 |   49    35   1     0     2     2  1.07e+03   980.       60.00 |   49    36   1     0     2     2  1.13e+03   1.04e+03   60.00 |   49    37   1     0     2     2  1.19e+03   1.10e+03   60.00 |   49    38   1     0     2     2  1.25e+03   1.16e+03   60.00 |   49    39   1     0     2     2  1.29e+03   1.20e+03   40.12 |  THE ANALYSIS HAS COMPLETED SUCCESSFULLY,                       0  ADDITIONAL OPERATOR EVALUATIONS FOR LINE SEARCHES |                        1  WARNING MESSAGES DURING USER INPUT PROCESSING |                     1049  WARNING MESSAGES DURING ANALYSIS |                        0  ANALYSIS WARNINGS ARE NUMERICAL PROBLEM MESSAGES |                        0  ANALYSIS WARNINGS ARE NEGATIVE EIGENVALUE MESSAGES |                        0  ERROR MESSAGES |      JOB TIME SUMMARY |        USER TIME (SEC)      =     1.60E+03 |        SYSTEM TIME (SEC)    =     1.72E+02 |        TOTAL CPU TIME (SEC) =     1.77E+03 |        WALLCLOCK TIME (SEC) =          748 |        MEMORY PEAK (GB)     =            0,"enqueue --inp ""E:\Projects\RL-LAM-ScanOpt\cae_model\stage3_run39_native_N24_N40_focused_batch60_v01\N24S3R39N2440B60_N24_B26_uncertainty\J2D_S3R39N2440B60_N24_B26_uncertainty.inp"" --cpus 14 --batch stage3_run39_native_N24_N40_focused_batch60_v01 --strategy S3R39N2440B60_N24_B26_uncertainty"
run_41_native_N24_N40_focused_batch60_odb_teacher_extraction,stage3_run39_native_N24_N40_focused_batch60_v01,24,S3R39N2440B60_N24_B27_uncertainty,False,J2D_S3R39N2440B60_N24_B27_uncertainty,True,J2D_S3R39N2440B60_N24_B27_uncertainty,E:\Projects\RL-LAM-ScanOpt\cae_model\stage3_run39_native_N24_N40_focused_batch60_v01\N24S3R39N2440B60_N24_B27_uncertainty,E:\Projects\RL-LAM-ScanOpt\cae_model\stage3_run39_native_N24_N40_focused_batch60_v01\N24S3R39N2440B60_N24_B27_uncertainty\J2D_S3R39N2440B60_N24_B27_uncertainty.inp,E:\Projects\RL-LAM-ScanOpt\cae_model\stage3_run39_native_N24_N40_focused_batch60_v01\N24S3R39N2440B60_N24_B27_uncertainty\J2D_S3R39N2440B60_N24_B27_uncertainty.sta,E:\Projects\RL-LAM-ScanOpt\cae_model\stage3_run39_native_N24_N40_focused_batch60_v01\N24S3R39N2440B60_N24_B27_uncertainty\J2D_S3R39N2440B60_N24_B27_uncertainty.dat,E:\Projects\RL-LAM-ScanOpt\cae_model\stage3_run39_native_N24_N40_focused_batch60_v01\N24S3R39N2440B60_N24_B27_uncertainty\J2D_S3R39N2440B60_N24_B27_uncertainty.msg,E:\Projects\RL-LAM-ScanOpt\cae_model\stage3_run39_native_N24_N40_focused_batch60_v01\N24S3R39N2440B60_N24_B27_uncertainty\J2D_S3R39N2440B60_N24_B27_uncertainty.odb,,True,True,True,True,197177112,False,True,False,False,False,True,WARNING_SUCCESS_WITH_WARNINGS,complete_with_nonfatal_warnings,  49    28   1     0     2     2  691.       604.       60.00 |   49    29   1     0     2     2  751.       664.       60.00 |   49    30   1     0     2     2  811.       724.       60.00 |   49    31   1     0     2     2  871.       784.       60.00 |   49    32   1     0     2     2  931.       844.       60.00 |   49    33   1     0     2     2  991.       904.       60.00 |   49    34   1     0     2     2  1.05e+03   964.       60.00 |   49    35   1     0     2     2  1.11e+03   1.02e+03   60.00 |   49    36   1     0     2     2  1.17e+03   1.08e+03   60.00 |   49    37   1     0     2     2  1.23e+03   1.14e+03   60.00 |   49    38   1     0     2     2  1.29e+03   1.20e+03   55.83 |  THE ANALYSIS HAS COMPLETED SUCCESSFULLY,                       0  ADDITIONAL OPERATOR EVALUATIONS FOR LINE SEARCHES |                        1  WARNING MESSAGES DURING USER INPUT PROCESSING |                     1077  WARNING MESSAGES DURING ANALYSIS |                        0  ANALYSIS WARNINGS ARE NUMERICAL PROBLEM MESSAGES |                        1  ANALYSIS WARNINGS ARE NEGATIVE EIGENVALUE MESSAGES |                        0  ERROR MESSAGES |      JOB TIME SUMMARY |        USER TIME (SEC)      =     1.57E+03 |        SYSTEM TIME (SEC)    =     1.78E+02 |        TOTAL CPU TIME (SEC) =     1.75E+03 |        WALLCLOCK TIME (SEC) =          755 |        MEMORY PEAK (GB)     =            0,"enqueue --inp ""E:\Projects\RL-LAM-ScanOpt\cae_model\stage3_run39_native_N24_N40_focused_batch60_v01\N24S3R39N2440B60_N24_B27_uncertainty\J2D_S3R39N2440B60_N24_B27_uncertainty.inp"" --cpus 14 --batch stage3_run39_native_N24_N40_focused_batch60_v01 --strategy S3R39N2440B60_N24_B27_uncertainty"
run_41_native_N24_N40_focused_batch60_odb_teacher_extraction,stage3_run39_native_N24_N40_focused_batch60_v01,24,S3R39N2440B60_N24_B28_diversity,False,J2D_S3R39N2440B60_N24_B28_diversity,True,J2D_S3R39N2440B60_N24_B28_diversity,E:\Projects\RL-LAM-ScanOpt\cae_model\stage3_run39_native_N24_N40_focused_batch60_v01\N24S3R39N2440B60_N24_B28_diversity,E:\Projects\RL-LAM-ScanOpt\cae_model\stage3_run39_native_N24_N40_focused_batch60_v01\N24S3R39N2440B60_N24_B28_diversity\J2D_S3R39N2440B60_N24_B28_diversity.inp,E:\Projects\RL-LAM-ScanOpt\cae_model\stage3_run39_native_N24_N40_focused_batch60_v01\N24S3R39N2440B60_N24_B28_diversity\J2D_S3R39N2440B60_N24_B28_diversity.sta,E:\Projects\RL-LAM-ScanOpt\cae_model\stage3_run39_native_N24_N40_focused_batch60_v01\N24S3R39N2440B60_N24_B28_diversity\J2D_S3R39N2440B60_N24_B28_diversity.dat,E:\Projects\RL-LAM-ScanOpt\cae_model\stage3_run39_native_N24_N40_focused_batch60_v01\N24S3R39N2440B60_N24_B28_diversity\J2D_S3R39N2440B60_N24_B28_diversity.msg,E:\Projects\RL-LAM-ScanOpt\cae_model\stage3_run39_native_N24_N40_focused_batch60_v01\N24S3R39N2440B60_N24_B28_diversity\J2D_S3R39N2440B60_N24_B28_diversity.odb,,True,True,True,True,192684944,False,True,False,False,False,True,WARNING_SUCCESS_WITH_WARNINGS,complete_with_nonfatal_warnings,  49    28   1     0     2     2  732.       645.       60.00 |   49    29   1     0     2     2  792.       705.       60.00 |   49    30   1     0     2     2  852.       765.       60.00 |   49    31   1     0     2     2  912.       825.       60.00 |   49    32   1     0     2     2  972.       885.       60.00 |   49    33   1     0     2     2  1.03e+03   945.       60.00 |   49    34   1     0     2     2  1.09e+03   1.01e+03   60.00 |   49    35   1     0     2     2  1.15e+03   1.07e+03   60.00 |   49    36   1     0     2     2  1.21e+03   1.13e+03   60.00 |   49    37   1     0     2     2  1.27e+03   1.19e+03   60.00 |   49    38   1     0     1     1  1.29e+03   1.20e+03   14.55 |  THE ANALYSIS HAS COMPLETED SUCCESSFULLY,                       0  ADDITIONAL OPERATOR EVALUATIONS FOR LINE SEARCHES |                        1  WARNING MESSAGES DURING USER INPUT PROCESSING |                      792  WARNING MESSAGES DURING ANALYSIS |                        0  ANALYSIS WARNINGS ARE NUMERICAL PROBLEM MESSAGES |                        0  ANALYSIS WARNINGS ARE NEGATIVE EIGENVALUE MESSAGES |                        0  ERROR MESSAGES |      JOB TIME SUMMARY |        USER TIME (SEC)      =     1.52E+03 |        SYSTEM TIME (SEC)    =     1.70E+02 |        TOTAL CPU TIME (SEC) =     1.69E+03 |        WALLCLOCK TIME (SEC) =          722 |        MEMORY PEAK (GB)     =            0,"enqueue --inp ""E:\Projects\RL-LAM-ScanOpt\cae_model\stage3_run39_native_N24_N40_focused_batch60_v01\N24S3R39N2440B60_N24_B28_diversity\J2D_S3R39N2440B60_N24_B28_diversity.inp"" --cpus 14 --batch stage3_run39_native_N24_N40_focused_batch60_v01 --strategy S3R39N2440B60_N24_B28_diversity"
run_41_native_N24_N40_focused_batch60_odb_teacher_extraction,stage3_run39_native_N24_N40_focused_batch60_v01,24,S3R39N2440B60_N24_B29_uncertainty,False,J2D_S3R39N2440B60_N24_B29_uncertainty,True,J2D_S3R39N2440B60_N24_B29_uncertainty,E:\Projects\RL-LAM-ScanOpt\cae_model\stage3_run39_native_N24_N40_focused_batch60_v01\N24S3R39N2440B60_N24_B29_uncertainty,E:\Projects\RL-LAM-ScanOpt\cae_model\stage3_run39_native_N24_N40_focused_batch60_v01\N24S3R39N2440B60_N24_B29_uncertainty\J2D_S3R39N2440B60_N24_B29_uncertainty.inp,E:\Projects\RL-LAM-ScanOpt\cae_model\stage3_run39_native_N24_N40_focused_batch60_v01\N24S3R39N2440B60_N24_B29_uncertainty\J2D_S3R39N2440B60_N24_B29_uncertainty.sta,E:\Projects\RL-LAM-ScanOpt\cae_model\stage3_run39_native_N24_N40_focused_batch60_v01\N24S3R39N2440B60_N24_B29_uncertainty\J2D_S3R39N2440B60_N24_B29_uncertainty.dat,E:\Projects\RL-LAM-ScanOpt\cae_model\stage3_run39_native_N24_N40_focused_batch60_v01\N24S3R39N2440B60_N24_B29_uncertainty\J2D_S3R39N2440B60_N24_B29_uncertainty.msg,E:\Projects\RL-LAM-ScanOpt\cae_model\stage3_run39_native_N24_N40_focused_batch60_v01\N24S3R39N2440B60_N24_B29_uncertainty\J2D_S3R39N2440B60_N24_B29_uncertainty.odb,,True,True,True,True,201498704,False,True,False,False,False,True,WARNING_SUCCESS_WITH_WARNINGS,complete_with_nonfatal_warnings,  49    29   1     0     2     2  706.       620.       60.00 |   49    30   1     0     2     2  766.       680.       60.00 |   49    31   1     0     2     2  826.       740.       60.00 |   49    32   1     0     2     2  886.       800.       60.00 |   49    33   1     0     2     2  946.       860.       60.00 |   49    34   1     0     2     2  1.01e+03   920.       60.00 |   49    35   1     0     2     2  1.07e+03   980.       60.00 |   49    36   1     0     2     2  1.13e+03   1.04e+03   60.00 |   49    37   1     0     2     2  1.19e+03   1.10e+03   60.00 |   49    38   1     0     2     2  1.25e+03   1.16e+03   60.00 |   49    39   1     0     2     2  1.29e+03   1.20e+03   40.12 |  THE ANALYSIS HAS COMPLETED SUCCESSFULLY,                       0  ADDITIONAL OPERATOR EVALUATIONS FOR LINE SEARCHES |                        1  WARNING MESSAGES DURING USER INPUT PROCESSING |                     1165  WARNING MESSAGES DURING ANALYSIS |                        0  ANALYSIS WARNINGS ARE NUMERICAL PROBLEM MESSAGES |                        2  ANALYSIS WARNINGS ARE NEGATIVE EIGENVALUE MESSAGES |                        0  ERROR MESSAGES |      JOB TIME SUMMARY |        USER TIME (SEC)      =     1.64E+03 |        SYSTEM TIME (SEC)    =     1.77E+02 |        TOTAL CPU TIME (SEC) =     1.82E+03 |        WALLCLOCK TIME (SEC) =          780 |        MEMORY PEAK (GB)     =            0,"enqueue --inp ""E:\Projects\RL-LAM-ScanOpt\cae_model\stage3_run39_native_N24_N40_focused_batch60_v01\N24S3R39N2440B60_N24_B29_uncertainty\J2D_S3R39N2440B60_N24_B29_uncertainty.inp"" --cpus 14 --batch stage3_run39_native_N24_N40_focused_batch60_v01 --strategy S3R39N2440B60_N24_B29_uncertainty"
run_41_native_N24_N40_focused_batch60_odb_teacher_extraction,stage3_run39_native_N24_N40_focused_batch60_v01,24,S3R39N2440B60_N24_B30_sentinel,False,J2D_S3R39N2440B60_N24_B30_sentinel,True,J2D_S3R39N2440B60_N24_B30_sentinel,E:\Projects\RL-LAM-ScanOpt\cae_model\stage3_run39_native_N24_N40_focused_batch60_v01\N24S3R39N2440B60_N24_B30_sentinel,E:\Projects\RL-LAM-ScanOpt\cae_model\stage3_run39_native_N24_N40_focused_batch60_v01\N24S3R39N2440B60_N24_B30_sentinel\J2D_S3R39N2440B60_N24_B30_sentinel.inp,E:\Projects\RL-LAM-ScanOpt\cae_model\stage3_run39_native_N24_N40_focused_batch60_v01\N24S3R39N2440B60_N24_B30_sentinel\J2D_S3R39N2440B60_N24_B30_sentinel.sta,E:\Projects\RL-LAM-ScanOpt\cae_model\stage3_run39_native_N24_N40_focused_batch60_v01\N24S3R39N2440B60_N24_B30_sentinel\J2D_S3R39N2440B60_N24_B30_sentinel.dat,E:\Projects\RL-LAM-ScanOpt\cae_model\stage3_run39_native_N24_N40_focused_batch60_v01\N24S3R39N2440B60_N24_B30_sentinel\J2D_S3R39N2440B60_N24_B30_sentinel.msg,E:\Projects\RL-LAM-ScanOpt\cae_model\stage3_run39_native_N24_N40_focused_batch60_v01\N24S3R39N2440B60_N24_B30_sentinel\J2D_S3R39N2440B60_N24_B30_sentinel.odb,,True,True,True,True,195222044,False,True,False,False,False,True,WARNING_SUCCESS_WITH_WARNINGS,complete_with_nonfatal_warnings,  49    27   1     0     2     2  713.       626.       60.00 |   49    28   1     0     2     2  773.       686.       60.00 |   49    29   1     0     2     2  833.       746.       60.00 |   49    30   1     0     2     2  893.       806.       60.00 |   49    31   1     0     2     2  953.       866.       60.00 |   49    32   1     0     2     2  1.01e+03   926.       60.00 |   49    33   1     0     2     2  1.07e+03   986.       60.00 |   49    34   1     0     2     2  1.13e+03   1.05e+03   60.00 |   49    35   1     0     2     2  1.19e+03   1.11e+03   60.00 |   49    36   1     0     2     2  1.25e+03   1.17e+03   60.00 |   49    37   1     0     1     1  1.29e+03   1.20e+03   33.65 |  THE ANALYSIS HAS COMPLETED SUCCESSFULLY,                       0  ADDITIONAL OPERATOR EVALUATIONS FOR LINE SEARCHES |                        1  WARNING MESSAGES DURING USER INPUT PROCESSING |                      850  WARNING MESSAGES DURING ANALYSIS |                        0  ANALYSIS WARNINGS ARE NUMERICAL PROBLEM MESSAGES |                        1  ANALYSIS WARNINGS ARE NEGATIVE EIGENVALUE MESSAGES |                        0  ERROR MESSAGES |      JOB TIME SUMMARY |        USER TIME (SEC)      =     1.51E+03 |        SYSTEM TIME (SEC)    =     1.70E+02 |        TOTAL CPU TIME (SEC) =     1.68E+03 |        WALLCLOCK TIME (SEC) =          723 |        MEMORY PEAK (GB)     =            0,"enqueue --inp ""E:\Projects\RL-LAM-ScanOpt\cae_model\stage3_run39_native_N24_N40_focused_batch60_v01\N24S3R39N2440B60_N24_B30_sentinel\J2D_S3R39N2440B60_N24_B30_sentinel.inp"" --cpus 14 --batch stage3_run39_native_N24_N40_focused_batch60_v01 --strategy S3R39N2440B60_N24_B30_sentinel"
run_41_native_N24_N40_focused_batch60_odb_teacher_extraction,stage3_run39_native_N24_N40_focused_batch60_v01,40,S3R39N2440B60_N40_B01_n40_u2_near,False,J2D_S3R39N2440B60_N40_B01_n40_u2_near,True,J2D_S3R39N2440B60_N40_B01_n40_u2_near,E:\Projects\RL-LAM-ScanOpt\cae_model\stage3_run39_native_N24_N40_focused_batch60_v01\N40S3R39N2440B60_N40_B01_n40_u2_near,E:\Projects\RL-LAM-ScanOpt\cae_model\stage3_run39_native_N24_N40_focused_batch60_v01\N40S3R39N2440B60_N40_B01_n40_u2_near\J2D_S3R39N2440B60_N40_B01_n40_u2_near.inp,E:\Projects\RL-LAM-ScanOpt\cae_model\stage3_run39_native_N24_N40_focused_batch60_v01\N40S3R39N2440B60_N40_B01_n40_u2_near\J2D_S3R39N2440B60_N40_B01_n40_u2_near.sta,E:\Projects\RL-LAM-ScanOpt\cae_model\stage3_run39_native_N24_N40_focused_batch60_v01\N40S3R39N2440B60_N40_B01_n40_u2_near\J2D_S3R39N2440B60_N40_B01_n40_u2_near.dat,E:\Projects\RL-LAM-ScanOpt\cae_model\stage3_run39_native_N24_N40_focused_batch60_v01\N40S3R39N2440B60_N40_B01_n40_u2_near\J2D_S3R39N2440B60_N40_B01_n40_u2_near.msg,E:\Projects\RL-LAM-ScanOpt\cae_model\stage3_run39_native_N24_N40_focused_batch60_v01\N40S3R39N2440B60_N40_B01_n40_u2_near\J2D_S3R39N2440B60_N40_B01_n40_u2_near.odb,,True,True,True,True,526876968,False,True,False,False,False,True,WARNING_SUCCESS_WITH_WARNINGS,complete_with_nonfatal_warnings,  81    28   1     0     2     2  789.       645.       60.00 |   81    29   1     0     2     2  849.       705.       60.00 |   81    30   1     0     2     2  909.       765.       60.00 |   81    31   1     0     2     2  969.       825.       60.00 |   81    32   1     0     2     2  1.03e+03   885.       60.00 |   81    33   1     0     2     2  1.09e+03   945.       60.00 |   81    34   1     0     2     2  1.15e+03   1.01e+03   60.00 |   81    35   1     0     2     2  1.21e+03   1.07e+03   60.00 |   81    36   1     0     2     2  1.27e+03   1.13e+03   60.00 |   81    37   1     0     2     2  1.33e+03   1.19e+03   60.00 |   81    38   1     0     1     1  1.34e+03   1.20e+03   14.55 |  THE ANALYSIS HAS COMPLETED SUCCESSFULLY,                       0  ADDITIONAL OPERATOR EVALUATIONS FOR LINE SEARCHES |                        1  WARNING MESSAGES DURING USER INPUT PROCESSING |                     1667  WARNING MESSAGES DURING ANALYSIS |                        0  ANALYSIS WARNINGS ARE NUMERICAL PROBLEM MESSAGES |                        0  ANALYSIS WARNINGS ARE NEGATIVE EIGENVALUE MESSAGES |                        0  ERROR MESSAGES |      JOB TIME SUMMARY |        USER TIME (SEC)      =     6.72E+03 |        SYSTEM TIME (SEC)    =     3.40E+02 |        TOTAL CPU TIME (SEC) =     7.06E+03 |        WALLCLOCK TIME (SEC) =         1882 |        MEMORY PEAK (GB)     =            0,"enqueue --inp ""E:\Projects\RL-LAM-ScanOpt\cae_model\stage3_run39_native_N24_N40_focused_batch60_v01\N40S3R39N2440B60_N40_B01_n40_u2_near\J2D_S3R39N2440B60_N40_B01_n40_u2_near.inp"" --cpus 14 --batch stage3_run39_native_N24_N40_focused_batch60_v01 --strategy S3R39N2440B60_N40_B01_n40_u2_near"
run_41_native_N24_N40_focused_batch60_odb_teacher_extraction,stage3_run39_native_N24_N40_focused_batch60_v01,40,S3R39N2440B60_N40_B02_n40_u2_near,False,J2D_S3R39N2440B60_N40_B02_n40_u2_near,True,J2D_S3R39N2440B60_N40_B02_n40_u2_near,E:\Projects\RL-LAM-ScanOpt\cae_model\stage3_run39_native_N24_N40_focused_batch60_v01\N40S3R39N2440B60_N40_B02_n40_u2_near,E:\Projects\RL-LAM-ScanOpt\cae_model\stage3_run39_native_N24_N40_focused_batch60_v01\N40S3R39N2440B60_N40_B02_n40_u2_near\J2D_S3R39N2440B60_N40_B02_n40_u2_near.inp,E:\Projects\RL-LAM-ScanOpt\cae_model\stage3_run39_native_N24_N40_focused_batch60_v01\N40S3R39N2440B60_N40_B02_n40_u2_near\J2D_S3R39N2440B60_N40_B02_n40_u2_near.sta,E:\Projects\RL-LAM-ScanOpt\cae_model\stage3_run39_native_N24_N40_focused_batch60_v01\N40S3R39N2440B60_N40_B02_n40_u2_near\J2D_S3R39N2440B60_N40_B02_n40_u2_near.dat,E:\Projects\RL-LAM-ScanOpt\cae_model\stage3_run39_native_N24_N40_focused_batch60_v01\N40S3R39N2440B60_N40_B02_n40_u2_near\J2D_S3R39N2440B60_N40_B02_n40_u2_near.msg,E:\Projects\RL-LAM-ScanOpt\cae_model\stage3_run39_native_N24_N40_focused_batch60_v01\N40S3R39N2440B60_N40_B02_n40_u2_near\J2D_S3R39N2440B60_N40_B02_n40_u2_near.odb,,True,True,True,True,526804880,False,True,False,False,False,True,WARNING_SUCCESS_WITH_WARNINGS,complete_with_nonfatal_warnings,  81    28   1     0     2     2  748.       604.       60.00 |   81    29   1     0     2     2  808.       664.       60.00 |   81    30   1     0     2     2  868.       724.       60.00 |   81    31   1     0     2     2  928.       784.       60.00 |   81    32   1     0     2     2  988.       844.       60.00 |   81    33   1     0     2     2  1.05e+03   904.       60.00 |   81    34   1     0     2     2  1.11e+03   964.       60.00 |   81    35   1     0     2     2  1.17e+03   1.02e+03   60.00 |   81    36   1     0     2     2  1.23e+03   1.08e+03   60.00 |   81    37   1     0     2     2  1.29e+03   1.14e+03   60.00 |   81    38   1     0     2     2  1.34e+03   1.20e+03   55.75 |  THE ANALYSIS HAS COMPLETED SUCCESSFULLY,                       0  ADDITIONAL OPERATOR EVALUATIONS FOR LINE SEARCHES |                        1  WARNING MESSAGES DURING USER INPUT PROCESSING |                     1693  WARNING MESSAGES DURING ANALYSIS |                        0  ANALYSIS WARNINGS ARE NUMERICAL PROBLEM MESSAGES |                        2  ANALYSIS WARNINGS ARE NEGATIVE EIGENVALUE MESSAGES |                        0  ERROR MESSAGES |      JOB TIME SUMMARY |        USER TIME (SEC)      =     6.77E+03 |        SYSTEM TIME (SEC)    =     3.43E+02 |        TOTAL CPU TIME (SEC) =     7.11E+03 |        WALLCLOCK TIME (SEC) =         1895 |        MEMORY PEAK (GB)     =            0,"enqueue --inp ""E:\Projects\RL-LAM-ScanOpt\cae_model\stage3_run39_native_N24_N40_focused_batch60_v01\N40S3R39N2440B60_N40_B02_n40_u2_near\J2D_S3R39N2440B60_N40_B02_n40_u2_near.inp"" --cpus 14 --batch stage3_run39_native_N24_N40_focused_batch60_v01 --strategy S3R39N2440B60_N40_B02_n40_u2_near"
run_41_native_N24_N40_focused_batch60_odb_teacher_extraction,stage3_run39_native_N24_N40_focused_batch60_v01,40,S3R39N2440B60_N40_B03_n40_u2_near,False,J2D_S3R39N2440B60_N40_B03_n40_u2_near,True,J2D_S3R39N2440B60_N40_B03_n40_u2_near,E:\Projects\RL-LAM-ScanOpt\cae_model\stage3_run39_native_N24_N40_focused_batch60_v01\N40S3R39N2440B60_N40_B03_n40_u2_near,E:\Projects\RL-LAM-ScanOpt\cae_model\stage3_run39_native_N24_N40_focused_batch60_v01\N40S3R39N2440B60_N40_B03_n40_u2_near\J2D_S3R39N2440B60_N40_B03_n40_u2_near.inp,E:\Projects\RL-LAM-ScanOpt\cae_model\stage3_run39_native_N24_N40_focused_batch60_v01\N40S3R39N2440B60_N40_B03_n40_u2_near\J2D_S3R39N2440B60_N40_B03_n40_u2_near.sta,E:\Projects\RL-LAM-ScanOpt\cae_model\stage3_run39_native_N24_N40_focused_batch60_v01\N40S3R39N2440B60_N40_B03_n40_u2_near\J2D_S3R39N2440B60_N40_B03_n40_u2_near.dat,E:\Projects\RL-LAM-ScanOpt\cae_model\stage3_run39_native_N24_N40_focused_batch60_v01\N40S3R39N2440B60_N40_B03_n40_u2_near\J2D_S3R39N2440B60_N40_B03_n40_u2_near.msg,E:\Projects\RL-LAM-ScanOpt\cae_model\stage3_run39_native_N24_N40_focused_batch60_v01\N40S3R39N2440B60_N40_B03_n40_u2_near\J2D_S3R39N2440B60_N40_B03_n40_u2_near.odb,,True,True,True,True,531099396,False,True,False,False,False,True,WARNING_SUCCESS_WITH_WARNINGS,complete_with_nonfatal_warnings,  81    28   1     0     2     2  789.       645.       60.00 |   81    29   1     0     2     2  849.       705.       60.00 |   81    30   1     0     2     2  909.       765.       60.00 |   81    31   1     0     2     2  969.       825.       60.00 |   81    32   1     0     2     2  1.03e+03   885.       60.00 |   81    33   1     0     2     2  1.09e+03   945.       60.00 |   81    34   1     0     2     2  1.15e+03   1.01e+03   60.00 |   81    35   1     0     2     2  1.21e+03   1.07e+03   60.00 |   81    36   1     0     2     2  1.27e+03   1.13e+03   60.00 |   81    37   1     0     2     2  1.33e+03   1.19e+03   60.00 |   81    38   1     0     1     1  1.34e+03   1.20e+03   14.55 |  THE ANALYSIS HAS COMPLETED SUCCESSFULLY,                       0  ADDITIONAL OPERATOR EVALUATIONS FOR LINE SEARCHES |                        1  WARNING MESSAGES DURING USER INPUT PROCESSING |                     1682  WARNING MESSAGES DURING ANALYSIS |                        0  ANALYSIS WARNINGS ARE NUMERICAL PROBLEM MESSAGES |                        3  ANALYSIS WARNINGS ARE NEGATIVE EIGENVALUE MESSAGES |                        0  ERROR MESSAGES |      JOB TIME SUMMARY |        USER TIME (SEC)      =     6.82E+03 |        SYSTEM TIME (SEC)    =     3.43E+02 |        TOTAL CPU TIME (SEC) =     7.16E+03 |        WALLCLOCK TIME (SEC) =         1907 |        MEMORY PEAK (GB)     =            0,"enqueue --inp ""E:\Projects\RL-LAM-ScanOpt\cae_model\stage3_run39_native_N24_N40_focused_batch60_v01\N40S3R39N2440B60_N40_B03_n40_u2_near\J2D_S3R39N2440B60_N40_B03_n40_u2_near.inp"" --cpus 14 --batch stage3_run39_native_N24_N40_focused_batch60_v01 --strategy S3R39N2440B60_N40_B03_n40_u2_near"
run_41_native_N24_N40_focused_batch60_odb_teacher_extraction,stage3_run39_native_N24_N40_focused_batch60_v01,40,S3R39N2440B60_N40_B04_n40_u2_near,False,J2D_S3R39N2440B60_N40_B04_n40_u2_near,True,J2D_S3R39N2440B60_N40_B04_n40_u2_near,E:\Projects\RL-LAM-ScanOpt\cae_model\stage3_run39_native_N24_N40_focused_batch60_v01\N40S3R39N2440B60_N40_B04_n40_u2_near,E:\Projects\RL-LAM-ScanOpt\cae_model\stage3_run39_native_N24_N40_focused_batch60_v01\N40S3R39N2440B60_N40_B04_n40_u2_near\J2D_S3R39N2440B60_N40_B04_n40_u2_near.inp,E:\Projects\RL-LAM-ScanOpt\cae_model\stage3_run39_native_N24_N40_focused_batch60_v01\N40S3R39N2440B60_N40_B04_n40_u2_near\J2D_S3R39N2440B60_N40_B04_n40_u2_near.sta,E:\Projects\RL-LAM-ScanOpt\cae_model\stage3_run39_native_N24_N40_focused_batch60_v01\N40S3R39N2440B60_N40_B04_n40_u2_near\J2D_S3R39N2440B60_N40_B04_n40_u2_near.dat,E:\Projects\RL-LAM-ScanOpt\cae_model\stage3_run39_native_N24_N40_focused_batch60_v01\N40S3R39N2440B60_N40_B04_n40_u2_near\J2D_S3R39N2440B60_N40_B04_n40_u2_near.msg,E:\Projects\RL-LAM-ScanOpt\cae_model\stage3_run39_native_N24_N40_focused_batch60_v01\N40S3R39N2440B60_N40_B04_n40_u2_near\J2D_S3R39N2440B60_N40_B04_n40_u2_near.odb,,True,True,True,True,536005532,False,True,False,False,False,True,WARNING_SUCCESS_WITH_WARNINGS,complete_with_nonfatal_warnings,  81    28   1     0     2     2  748.       604.       60.00 |   81    29   1     0     2     2  808.       664.       60.00 |   81    30   1     0     2     2  868.       724.       60.00 |   81    31   1     0     2     2  928.       784.       60.00 |   81    32   1     0     2     2  988.       844.       60.00 |   81    33   1     0     2     2  1.05e+03   904.       60.00 |   81    34   1     0     2     2  1.11e+03   964.       60.00 |   81    35   1     0     2     2  1.17e+03   1.02e+03   60.00 |   81    36   1     0     2     2  1.23e+03   1.08e+03   60.00 |   81    37   1     0     2     2  1.29e+03   1.14e+03   60.00 |   81    38   1     0     2     2  1.34e+03   1.20e+03   55.75 |  THE ANALYSIS HAS COMPLETED SUCCESSFULLY,                       0  ADDITIONAL OPERATOR EVALUATIONS FOR LINE SEARCHES |                        1  WARNING MESSAGES DURING USER INPUT PROCESSING |                     1733  WARNING MESSAGES DURING ANALYSIS |                        0  ANALYSIS WARNINGS ARE NUMERICAL PROBLEM MESSAGES |                        1  ANALYSIS WARNINGS ARE NEGATIVE EIGENVALUE MESSAGES |                        0  ERROR MESSAGES |      JOB TIME SUMMARY |        USER TIME (SEC)      =     6.85E+03 |        SYSTEM TIME (SEC)    =     3.40E+02 |        TOTAL CPU TIME (SEC) =     7.19E+03 |        WALLCLOCK TIME (SEC) =         1919 |        MEMORY PEAK (GB)     =            0,"enqueue --inp ""E:\Projects\RL-LAM-ScanOpt\cae_model\stage3_run39_native_N24_N40_focused_batch60_v01\N40S3R39N2440B60_N40_B04_n40_u2_near\J2D_S3R39N2440B60_N40_B04_n40_u2_near.inp"" --cpus 14 --batch stage3_run39_native_N24_N40_focused_batch60_v01 --strategy S3R39N2440B60_N40_B04_n40_u2_near"
run_41_native_N24_N40_focused_batch60_odb_teacher_extraction,stage3_run39_native_N24_N40_focused_batch60_v01,40,S3R39N2440B60_N40_B05_n40_u2_near,False,J2D_S3R39N2440B60_N40_B05_n40_u2_near,True,J2D_S3R39N2440B60_N40_B05_n40_u2_near,E:\Projects\RL-LAM-ScanOpt\cae_model\stage3_run39_native_N24_N40_focused_batch60_v01\N40S3R39N2440B60_N40_B05_n40_u2_near,E:\Projects\RL-LAM-ScanOpt\cae_model\stage3_run39_native_N24_N40_focused_batch60_v01\N40S3R39N2440B60_N40_B05_n40_u2_near\J2D_S3R39N2440B60_N40_B05_n40_u2_near.inp,E:\Projects\RL-LAM-ScanOpt\cae_model\stage3_run39_native_N24_N40_focused_batch60_v01\N40S3R39N2440B60_N40_B05_n40_u2_near\J2D_S3R39N2440B60_N40_B05_n40_u2_near.sta,E:\Projects\RL-LAM-ScanOpt\cae_model\stage3_run39_native_N24_N40_focused_batch60_v01\N40S3R39N2440B60_N40_B05_n40_u2_near\J2D_S3R39N2440B60_N40_B05_n40_u2_near.dat,E:\Projects\RL-LAM-ScanOpt\cae_model\stage3_run39_native_N24_N40_focused_batch60_v01\N40S3R39N2440B60_N40_B05_n40_u2_near\J2D_S3R39N2440B60_N40_B05_n40_u2_near.msg,E:\Projects\RL-LAM-ScanOpt\cae_model\stage3_run39_native_N24_N40_focused_batch60_v01\N40S3R39N2440B60_N40_B05_n40_u2_near\J2D_S3R39N2440B60_N40_B05_n40_u2_near.odb,,True,True,True,True,533489940,False,True,False,False,False,True,WARNING_SUCCESS_WITH_WARNINGS,complete_with_nonfatal_warnings,  81    28   1     0     2     2  748.       604.       60.00 |   81    29   1     0     2     2  808.       664.       60.00 |   81    30   1     0     2     2  868.       724.       60.00 |   81    31   1     0     2     2  928.       784.       60.00 |   81    32   1     0     2     2  988.       844.       60.00 |   81    33   1     0     2     2  1.05e+03   904.       60.00 |   81    34   1     0     2     2  1.11e+03   964.       60.00 |   81    35   1     0     2     2  1.17e+03   1.02e+03   60.00 |   81    36   1     0     2     2  1.23e+03   1.08e+03   60.00 |   81    37   1     0     2     2  1.29e+03   1.14e+03   60.00 |   81    38   1     0     2     2  1.34e+03   1.20e+03   55.75 |  THE ANALYSIS HAS COMPLETED SUCCESSFULLY,                       0  ADDITIONAL OPERATOR EVALUATIONS FOR LINE SEARCHES |                        1  WARNING MESSAGES DURING USER INPUT PROCESSING |                     1579  WARNING MESSAGES DURING ANALYSIS |                        0  ANALYSIS WARNINGS ARE NUMERICAL PROBLEM MESSAGES |                        2  ANALYSIS WARNINGS ARE NEGATIVE EIGENVALUE MESSAGES |                        0  ERROR MESSAGES |      JOB TIME SUMMARY |        USER TIME (SEC)      =     6.82E+03 |        SYSTEM TIME (SEC)    =     3.48E+02 |        TOTAL CPU TIME (SEC) =     7.17E+03 |        WALLCLOCK TIME (SEC) =         1906 |        MEMORY PEAK (GB)     =            0,"enqueue --inp ""E:\Projects\RL-LAM-ScanOpt\cae_model\stage3_run39_native_N24_N40_focused_batch60_v01\N40S3R39N2440B60_N40_B05_n40_u2_near\J2D_S3R39N2440B60_N40_B05_n40_u2_near.inp"" --cpus 14 --batch stage3_run39_native_N24_N40_focused_batch60_v01 --strategy S3R39N2440B60_N40_B05_n40_u2_near"
run_41_native_N24_N40_focused_batch60_odb_teacher_extraction,stage3_run39_native_N24_N40_focused_batch60_v01,40,S3R39N2440B60_N40_B06_n40_u2_near,False,J2D_S3R39N2440B60_N40_B06_n40_u2_near,True,J2D_S3R39N2440B60_N40_B06_n40_u2_near,E:\Projects\RL-LAM-ScanOpt\cae_model\stage3_run39_native_N24_N40_focused_batch60_v01\N40S3R39N2440B60_N40_B06_n40_u2_near,E:\Projects\RL-LAM-ScanOpt\cae_model\stage3_run39_native_N24_N40_focused_batch60_v01\N40S3R39N2440B60_N40_B06_n40_u2_near\J2D_S3R39N2440B60_N40_B06_n40_u2_near.inp,E:\Projects\RL-LAM-ScanOpt\cae_model\stage3_run39_native_N24_N40_focused_batch60_v01\N40S3R39N2440B60_N40_B06_n40_u2_near\J2D_S3R39N2440B60_N40_B06_n40_u2_near.sta,E:\Projects\RL-LAM-ScanOpt\cae_model\stage3_run39_native_N24_N40_focused_batch60_v01\N40S3R39N2440B60_N40_B06_n40_u2_near\J2D_S3R39N2440B60_N40_B06_n40_u2_near.dat,E:\Projects\RL-LAM-ScanOpt\cae_model\stage3_run39_native_N24_N40_focused_batch60_v01\N40S3R39N2440B60_N40_B06_n40_u2_near\J2D_S3R39N2440B60_N40_B06_n40_u2_near.msg,E:\Projects\RL-LAM-ScanOpt\cae_model\stage3_run39_native_N24_N40_focused_batch60_v01\N40S3R39N2440B60_N40_B06_n40_u2_near\J2D_S3R39N2440B60_N40_B06_n40_u2_near.odb,,True,True,True,True,531963896,False,True,False,False,False,True,WARNING_SUCCESS_WITH_WARNINGS,complete_with_nonfatal_warnings,  81    28   1     0     2     2  789.       645.       60.00 |   81    29   1     0     2     2  849.       705.       60.00 |   81    30   1     0     2     2  909.       765.       60.00 |   81    31   1     0     2     2  969.       825.       60.00 |   81    32   1     0     2     2  1.03e+03   885.       60.00 |   81    33   1     0     2     2  1.09e+03   945.       60.00 |   81    34   1     0     2     2  1.15e+03   1.01e+03   60.00 |   81    35   1     0     2     2  1.21e+03   1.07e+03   60.00 |   81    36   1     0     2     2  1.27e+03   1.13e+03   60.00 |   81    37   1     0     2     2  1.33e+03   1.19e+03   60.00 |   81    38   1     0     1     1  1.34e+03   1.20e+03   14.55 |  THE ANALYSIS HAS COMPLETED SUCCESSFULLY,                       0  ADDITIONAL OPERATOR EVALUATIONS FOR LINE SEARCHES |                        1  WARNING MESSAGES DURING USER INPUT PROCESSING |                     1624  WARNING MESSAGES DURING ANALYSIS |                        0  ANALYSIS WARNINGS ARE NUMERICAL PROBLEM MESSAGES |                        0  ANALYSIS WARNINGS ARE NEGATIVE EIGENVALUE MESSAGES |                        0  ERROR MESSAGES |      JOB TIME SUMMARY |        USER TIME (SEC)      =     6.72E+03 |        SYSTEM TIME (SEC)    =     3.55E+02 |        TOTAL CPU TIME (SEC) =     7.07E+03 |        WALLCLOCK TIME (SEC) =         1866 |        MEMORY PEAK (GB)     =            0,"enqueue --inp ""E:\Projects\RL-LAM-ScanOpt\cae_model\stage3_run39_native_N24_N40_focused_batch60_v01\N40S3R39N2440B60_N40_B06_n40_u2_near\J2D_S3R39N2440B60_N40_B06_n40_u2_near.inp"" --cpus 14 --batch stage3_run39_native_N24_N40_focused_batch60_v01 --strategy S3R39N2440B60_N40_B06_n40_u2_near"
run_41_native_N24_N40_focused_batch60_odb_teacher_extraction,stage3_run39_native_N24_N40_focused_batch60_v01,40,S3R39N2440B60_N40_B07_n40_u2_near,False,J2D_S3R39N2440B60_N40_B07_n40_u2_near,True,J2D_S3R39N2440B60_N40_B07_n40_u2_near,E:\Projects\RL-LAM-ScanOpt\cae_model\stage3_run39_native_N24_N40_focused_batch60_v01\N40S3R39N2440B60_N40_B07_n40_u2_near,E:\Projects\RL-LAM-ScanOpt\cae_model\stage3_run39_native_N24_N40_focused_batch60_v01\N40S3R39N2440B60_N40_B07_n40_u2_near\J2D_S3R39N2440B60_N40_B07_n40_u2_near.inp,E:\Projects\RL-LAM-ScanOpt\cae_model\stage3_run39_native_N24_N40_focused_batch60_v01\N40S3R39N2440B60_N40_B07_n40_u2_near\J2D_S3R39N2440B60_N40_B07_n40_u2_near.sta,E:\Projects\RL-LAM-ScanOpt\cae_model\stage3_run39_native_N24_N40_focused_batch60_v01\N40S3R39N2440B60_N40_B07_n40_u2_near\J2D_S3R39N2440B60_N40_B07_n40_u2_near.dat,E:\Projects\RL-LAM-ScanOpt\cae_model\stage3_run39_native_N24_N40_focused_batch60_v01\N40S3R39N2440B60_N40_B07_n40_u2_near\J2D_S3R39N2440B60_N40_B07_n40_u2_near.msg,E:\Projects\RL-LAM-ScanOpt\cae_model\stage3_run39_native_N24_N40_focused_batch60_v01\N40S3R39N2440B60_N40_B07_n40_u2_near\J2D_S3R39N2440B60_N40_B07_n40_u2_near.odb,,True,True,True,True,536343284,False,True,False,False,False,True,WARNING_SUCCESS_WITH_WARNINGS,complete_with_nonfatal_warnings,  81    28   1     0     2     2  748.       604.       60.00 |   81    29   1     0     2     2  808.       664.       60.00 |   81    30   1     0     2     2  868.       724.       60.00 |   81    31   1     0     2     2  928.       784.       60.00 |   81    32   1     0     2     2  988.       844.       60.00 |   81    33   1     0     2     2  1.05e+03   904.       60.00 |   81    34   1     0     2     2  1.11e+03   964.       60.00 |   81    35   1     0     2     2  1.17e+03   1.02e+03   60.00 |   81    36   1     0     2     2  1.23e+03   1.08e+03   60.00 |   81    37   1     0     2     2  1.29e+03   1.14e+03   60.00 |   81    38   1     0     2     2  1.34e+03   1.20e+03   55.75 |  THE ANALYSIS HAS COMPLETED SUCCESSFULLY,                       0  ADDITIONAL OPERATOR EVALUATIONS FOR LINE SEARCHES |                        1  WARNING MESSAGES DURING USER INPUT PROCESSING |                     1687  WARNING MESSAGES DURING ANALYSIS |                        0  ANALYSIS WARNINGS ARE NUMERICAL PROBLEM MESSAGES |                        0  ANALYSIS WARNINGS ARE NEGATIVE EIGENVALUE MESSAGES |                        0  ERROR MESSAGES |      JOB TIME SUMMARY |        USER TIME (SEC)      =     2.58E+03 |        SYSTEM TIME (SEC)    =     3.24E+02 |        TOTAL CPU TIME (SEC) =     2.91E+03 |        WALLCLOCK TIME (SEC) =          856 |        MEMORY PEAK (GB)     =            0,"enqueue --inp ""E:\Projects\RL-LAM-ScanOpt\cae_model\stage3_run39_native_N24_N40_focused_batch60_v01\N40S3R39N2440B60_N40_B07_n40_u2_near\J2D_S3R39N2440B60_N40_B07_n40_u2_near.inp"" --cpus 14 --batch stage3_run39_native_N24_N40_focused_batch60_v01 --strategy S3R39N2440B60_N40_B07_n40_u2_near"
run_41_native_N24_N40_focused_batch60_odb_teacher_extraction,stage3_run39_native_N24_N40_focused_batch60_v01,40,S3R39N2440B60_N40_B08_n40_u2_near,False,J2D_S3R39N2440B60_N40_B08_n40_u2_near,True,J2D_S3R39N2440B60_N40_B08_n40_u2_near,E:\Projects\RL-LAM-ScanOpt\cae_model\stage3_run39_native_N24_N40_focused_batch60_v01\N40S3R39N2440B60_N40_B08_n40_u2_near,E:\Projects\RL-LAM-ScanOpt\cae_model\stage3_run39_native_N24_N40_focused_batch60_v01\N40S3R39N2440B60_N40_B08_n40_u2_near\J2D_S3R39N2440B60_N40_B08_n40_u2_near.inp,E:\Projects\RL-LAM-ScanOpt\cae_model\stage3_run39_native_N24_N40_focused_batch60_v01\N40S3R39N2440B60_N40_B08_n40_u2_near\J2D_S3R39N2440B60_N40_B08_n40_u2_near.sta,E:\Projects\RL-LAM-ScanOpt\cae_model\stage3_run39_native_N24_N40_focused_batch60_v01\N40S3R39N2440B60_N40_B08_n40_u2_near\J2D_S3R39N2440B60_N40_B08_n40_u2_near.dat,E:\Projects\RL-LAM-ScanOpt\cae_model\stage3_run39_native_N24_N40_focused_batch60_v01\N40S3R39N2440B60_N40_B08_n40_u2_near\J2D_S3R39N2440B60_N40_B08_n40_u2_near.msg,E:\Projects\RL-LAM-ScanOpt\cae_model\stage3_run39_native_N24_N40_focused_batch60_v01\N40S3R39N2440B60_N40_B08_n40_u2_near\J2D_S3R39N2440B60_N40_B08_n40_u2_near.odb,,True,True,True,True,528218432,False,True,False,False,False,True,WARNING_SUCCESS_WITH_WARNINGS,complete_with_nonfatal_warnings,  81    28   1     0     2     2  789.       645.       60.00 |   81    29   1     0     2     2  849.       705.       60.00 |   81    30   1     0     2     2  909.       765.       60.00 |   81    31   1     0     2     2  969.       825.       60.00 |   81    32   1     0     2     2  1.03e+03   885.       60.00 |   81    33   1     0     2     2  1.09e+03   945.       60.00 |   81    34   1     0     2     2  1.15e+03   1.01e+03   60.00 |   81    35   1     0     2     2  1.21e+03   1.07e+03   60.00 |   81    36   1     0     2     2  1.27e+03   1.13e+03   60.00 |   81    37   1     0     2     2  1.33e+03   1.19e+03   60.00 |   81    38   1     0     1     1  1.34e+03   1.20e+03   14.55 |  THE ANALYSIS HAS COMPLETED SUCCESSFULLY,                       0  ADDITIONAL OPERATOR EVALUATIONS FOR LINE SEARCHES |                        1  WARNING MESSAGES DURING USER INPUT PROCESSING |                     1614  WARNING MESSAGES DURING ANALYSIS |                        0  ANALYSIS WARNINGS ARE NUMERICAL PROBLEM MESSAGES |                        3  ANALYSIS WARNINGS ARE NEGATIVE EIGENVALUE MESSAGES |                        0  ERROR MESSAGES |      JOB TIME SUMMARY |        USER TIME (SEC)      =     2.74E+03 |        SYSTEM TIME (SEC)    =     3.27E+02 |        TOTAL CPU TIME (SEC) =     3.07E+03 |        WALLCLOCK TIME (SEC) =          870 |        MEMORY PEAK (GB)     =            0,"enqueue --inp ""E:\Projects\RL-LAM-ScanOpt\cae_model\stage3_run39_native_N24_N40_focused_batch60_v01\N40S3R39N2440B60_N40_B08_n40_u2_near\J2D_S3R39N2440B60_N40_B08_n40_u2_near.inp"" --cpus 14 --batch stage3_run39_native_N24_N40_focused_batch60_v01 --strategy S3R39N2440B60_N40_B08_n40_u2_near"
run_41_native_N24_N40_focused_batch60_odb_teacher_extraction,stage3_run39_native_N24_N40_focused_batch60_v01,40,S3R39N2440B60_N40_B09_hybrid_agree,False,J2D_S3R39N2440B60_N40_B09_hybrid_agree,True,J2D_S3R39N2440B60_N40_B09_hybrid_agree,E:\Projects\RL-LAM-ScanOpt\cae_model\stage3_run39_native_N24_N40_focused_batch60_v01\N40S3R39N2440B60_N40_B09_hybrid_agree,E:\Projects\RL-LAM-ScanOpt\cae_model\stage3_run39_native_N24_N40_focused_batch60_v01\N40S3R39N2440B60_N40_B09_hybrid_agree\J2D_S3R39N2440B60_N40_B09_hybrid_agree.inp,E:\Projects\RL-LAM-ScanOpt\cae_model\stage3_run39_native_N24_N40_focused_batch60_v01\N40S3R39N2440B60_N40_B09_hybrid_agree\J2D_S3R39N2440B60_N40_B09_hybrid_agree.sta,E:\Projects\RL-LAM-ScanOpt\cae_model\stage3_run39_native_N24_N40_focused_batch60_v01\N40S3R39N2440B60_N40_B09_hybrid_agree\J2D_S3R39N2440B60_N40_B09_hybrid_agree.dat,E:\Projects\RL-LAM-ScanOpt\cae_model\stage3_run39_native_N24_N40_focused_batch60_v01\N40S3R39N2440B60_N40_B09_hybrid_agree\J2D_S3R39N2440B60_N40_B09_hybrid_agree.msg,E:\Projects\RL-LAM-ScanOpt\cae_model\stage3_run39_native_N24_N40_focused_batch60_v01\N40S3R39N2440B60_N40_B09_hybrid_agree\J2D_S3R39N2440B60_N40_B09_hybrid_agree.odb,,True,True,True,True,510704664,False,True,False,False,False,True,WARNING_SUCCESS_WITH_WARNINGS,complete_with_nonfatal_warnings,  81    29   1     0     2     2  764.       620.       60.00 |   81    30   1     0     2     2  824.       680.       60.00 |   81    31   1     0     2     2  884.       740.       60.00 |   81    32   1     0     2     2  944.       800.       60.00 |   81    33   1     0     2     2  1.00e+03   860.       60.00 |   81    34   1     0     2     2  1.06e+03   920.       60.00 |   81    35   1     0     2     2  1.12e+03   980.       60.00 |   81    36   1     0     2     2  1.18e+03   1.04e+03   60.00 |   81    37   1     0     2     2  1.24e+03   1.10e+03   60.00 |   81    38   1     0     2     2  1.30e+03   1.16e+03   60.00 |   81    39   1     0     2     2  1.34e+03   1.20e+03   40.02 |  THE ANALYSIS HAS COMPLETED SUCCESSFULLY,                       0  ADDITIONAL OPERATOR EVALUATIONS FOR LINE SEARCHES |                        1  WARNING MESSAGES DURING USER INPUT PROCESSING |                     1119  WARNING MESSAGES DURING ANALYSIS |                        0  ANALYSIS WARNINGS ARE NUMERICAL PROBLEM MESSAGES |                        2  ANALYSIS WARNINGS ARE NEGATIVE EIGENVALUE MESSAGES |                        0  ERROR MESSAGES |      JOB TIME SUMMARY |        USER TIME (SEC)      =     2.44E+03 |        SYSTEM TIME (SEC)    =     3.14E+02 |        TOTAL CPU TIME (SEC) =     2.76E+03 |        WALLCLOCK TIME (SEC) =          793 |        MEMORY PEAK (GB)     =            0,"enqueue --inp ""E:\Projects\RL-LAM-ScanOpt\cae_model\stage3_run39_native_N24_N40_focused_batch60_v01\N40S3R39N2440B60_N40_B09_hybrid_agree\J2D_S3R39N2440B60_N40_B09_hybrid_agree.inp"" --cpus 14 --batch stage3_run39_native_N24_N40_focused_batch60_v01 --strategy S3R39N2440B60_N40_B09_hybrid_agree"
run_41_native_N24_N40_focused_batch60_odb_teacher_extraction,stage3_run39_native_N24_N40_focused_batch60_v01,40,S3R39N2440B60_N40_B10_surrogate_top,False,J2D_S3R39N2440B60_N40_B10_surrogate_top,True,J2D_S3R39N2440B60_N40_B10_surrogate_top,E:\Projects\RL-LAM-ScanOpt\cae_model\stage3_run39_native_N24_N40_focused_batch60_v01\N40S3R39N2440B60_N40_B10_surrogate_top,E:\Projects\RL-LAM-ScanOpt\cae_model\stage3_run39_native_N24_N40_focused_batch60_v01\N40S3R39N2440B60_N40_B10_surrogate_top\J2D_S3R39N2440B60_N40_B10_surrogate_top.inp,E:\Projects\RL-LAM-ScanOpt\cae_model\stage3_run39_native_N24_N40_focused_batch60_v01\N40S3R39N2440B60_N40_B10_surrogate_top\J2D_S3R39N2440B60_N40_B10_surrogate_top.sta,E:\Projects\RL-LAM-ScanOpt\cae_model\stage3_run39_native_N24_N40_focused_batch60_v01\N40S3R39N2440B60_N40_B10_surrogate_top\J2D_S3R39N2440B60_N40_B10_surrogate_top.dat,E:\Projects\RL-LAM-ScanOpt\cae_model\stage3_run39_native_N24_N40_focused_batch60_v01\N40S3R39N2440B60_N40_B10_surrogate_top\J2D_S3R39N2440B60_N40_B10_surrogate_top.msg,E:\Projects\RL-LAM-ScanOpt\cae_model\stage3_run39_native_N24_N40_focused_batch60_v01\N40S3R39N2440B60_N40_B10_surrogate_top\J2D_S3R39N2440B60_N40_B10_surrogate_top.odb,,True,True,True,True,511149100,False,True,False,False,False,True,WARNING_SUCCESS_WITH_WARNINGS,complete_with_nonfatal_warnings,  81    28   1     0     2     2  789.       645.       60.00 |   81    29   1     0     2     2  849.       705.       60.00 |   81    30   1     0     2     2  909.       765.       60.00 |   81    31   1     0     2     2  969.       825.       60.00 |   81    32   1     0     2     2  1.03e+03   885.       60.00 |   81    33   1     0     2     2  1.09e+03   945.       60.00 |   81    34   1     0     2     2  1.15e+03   1.01e+03   60.00 |   81    35   1     0     2     2  1.21e+03   1.07e+03   60.00 |   81    36   1     0     2     2  1.27e+03   1.13e+03   60.00 |   81    37   1     0     2     2  1.33e+03   1.19e+03   60.00 |   81    38   1     0     1     1  1.34e+03   1.20e+03   14.55 |  THE ANALYSIS HAS COMPLETED SUCCESSFULLY,                       0  ADDITIONAL OPERATOR EVALUATIONS FOR LINE SEARCHES |                        1  WARNING MESSAGES DURING USER INPUT PROCESSING |                     1089  WARNING MESSAGES DURING ANALYSIS |                        0  ANALYSIS WARNINGS ARE NUMERICAL PROBLEM MESSAGES |                        0  ANALYSIS WARNINGS ARE NEGATIVE EIGENVALUE MESSAGES |                        0  ERROR MESSAGES |      JOB TIME SUMMARY |        USER TIME (SEC)      =     2.58E+03 |        SYSTEM TIME (SEC)    =     3.07E+02 |        TOTAL CPU TIME (SEC) =     2.88E+03 |        WALLCLOCK TIME (SEC) =          813 |        MEMORY PEAK (GB)     =            0,"enqueue --inp ""E:\Projects\RL-LAM-ScanOpt\cae_model\stage3_run39_native_N24_N40_focused_batch60_v01\N40S3R39N2440B60_N40_B10_surrogate_top\J2D_S3R39N2440B60_N40_B10_surrogate_top.inp"" --cpus 14 --batch stage3_run39_native_N24_N40_focused_batch60_v01 --strategy S3R39N2440B60_N40_B10_surrogate_top"
run_41_native_N24_N40_focused_batch60_odb_teacher_extraction,stage3_run39_native_N24_N40_focused_batch60_v01,40,S3R39N2440B60_N40_B11_hybrid_agree,False,J2D_S3R39N2440B60_N40_B11_hybrid_agree,True,J2D_S3R39N2440B60_N40_B11_hybrid_agree,E:\Projects\RL-LAM-ScanOpt\cae_model\stage3_run39_native_N24_N40_focused_batch60_v01\N40S3R39N2440B60_N40_B11_hybrid_agree,E:\Projects\RL-LAM-ScanOpt\cae_model\stage3_run39_native_N24_N40_focused_batch60_v01\N40S3R39N2440B60_N40_B11_hybrid_agree\J2D_S3R39N2440B60_N40_B11_hybrid_agree.inp,E:\Projects\RL-LAM-ScanOpt\cae_model\stage3_run39_native_N24_N40_focused_batch60_v01\N40S3R39N2440B60_N40_B11_hybrid_agree\J2D_S3R39N2440B60_N40_B11_hybrid_agree.sta,E:\Projects\RL-LAM-ScanOpt\cae_model\stage3_run39_native_N24_N40_focused_batch60_v01\N40S3R39N2440B60_N40_B11_hybrid_agree\J2D_S3R39N2440B60_N40_B11_hybrid_agree.dat,E:\Projects\RL-LAM-ScanOpt\cae_model\stage3_run39_native_N24_N40_focused_batch60_v01\N40S3R39N2440B60_N40_B11_hybrid_agree\J2D_S3R39N2440B60_N40_B11_hybrid_agree.msg,E:\Projects\RL-LAM-ScanOpt\cae_model\stage3_run39_native_N24_N40_focused_batch60_v01\N40S3R39N2440B60_N40_B11_hybrid_agree\J2D_S3R39N2440B60_N40_B11_hybrid_agree.odb,,True,True,True,True,511960236,False,True,False,False,False,True,WARNING_SUCCESS_WITH_WARNINGS,complete_with_nonfatal_warnings,  81    28   1     0     2     2  789.       645.       60.00 |   81    29   1     0     2     2  849.       705.       60.00 |   81    30   1     0     2     2  909.       765.       60.00 |   81    31   1     0     2     2  969.       825.       60.00 |   81    32   1     0     2     2  1.03e+03   885.       60.00 |   81    33   1     0     2     2  1.09e+03   945.       60.00 |   81    34   1     0     2     2  1.15e+03   1.01e+03   60.00 |   81    35   1     0     2     2  1.21e+03   1.07e+03   60.00 |   81    36   1     0     2     2  1.27e+03   1.13e+03   60.00 |   81    37   1     0     2     2  1.33e+03   1.19e+03   60.00 |   81    38   1     0     1     1  1.34e+03   1.20e+03   14.55 |  THE ANALYSIS HAS COMPLETED SUCCESSFULLY,                       0  ADDITIONAL OPERATOR EVALUATIONS FOR LINE SEARCHES |                        1  WARNING MESSAGES DURING USER INPUT PROCESSING |                     1081  WARNING MESSAGES DURING ANALYSIS |                        0  ANALYSIS WARNINGS ARE NUMERICAL PROBLEM MESSAGES |                        1  ANALYSIS WARNINGS ARE NEGATIVE EIGENVALUE MESSAGES |                        0  ERROR MESSAGES |      JOB TIME SUMMARY |        USER TIME (SEC)      =     2.56E+03 |        SYSTEM TIME (SEC)    =     2.98E+02 |        TOTAL CPU TIME (SEC) =     2.86E+03 |        WALLCLOCK TIME (SEC) =          817 |        MEMORY PEAK (GB)     =            0,"enqueue --inp ""E:\Projects\RL-LAM-ScanOpt\cae_model\stage3_run39_native_N24_N40_focused_batch60_v01\N40S3R39N2440B60_N40_B11_hybrid_agree\J2D_S3R39N2440B60_N40_B11_hybrid_agree.inp"" --cpus 14 --batch stage3_run39_native_N24_N40_focused_batch60_v01 --strategy S3R39N2440B60_N40_B11_hybrid_agree"
run_41_native_N24_N40_focused_batch60_odb_teacher_extraction,stage3_run39_native_N24_N40_focused_batch60_v01,40,S3R39N2440B60_N40_B12_surrogate_top,False,J2D_S3R39N2440B60_N40_B12_surrogate_top,True,J2D_S3R39N2440B60_N40_B12_surrogate_top,E:\Projects\RL-LAM-ScanOpt\cae_model\stage3_run39_native_N24_N40_focused_batch60_v01\N40S3R39N2440B60_N40_B12_surrogate_top,E:\Projects\RL-LAM-ScanOpt\cae_model\stage3_run39_native_N24_N40_focused_batch60_v01\N40S3R39N2440B60_N40_B12_surrogate_top\J2D_S3R39N2440B60_N40_B12_surrogate_top.inp,E:\Projects\RL-LAM-ScanOpt\cae_model\stage3_run39_native_N24_N40_focused_batch60_v01\N40S3R39N2440B60_N40_B12_surrogate_top\J2D_S3R39N2440B60_N40_B12_surrogate_top.sta,E:\Projects\RL-LAM-ScanOpt\cae_model\stage3_run39_native_N24_N40_focused_batch60_v01\N40S3R39N2440B60_N40_B12_surrogate_top\J2D_S3R39N2440B60_N40_B12_surrogate_top.dat,E:\Projects\RL-LAM-ScanOpt\cae_model\stage3_run39_native_N24_N40_focused_batch60_v01\N40S3R39N2440B60_N40_B12_surrogate_top\J2D_S3R39N2440B60_N40_B12_surrogate_top.msg,E:\Projects\RL-LAM-ScanOpt\cae_model\stage3_run39_native_N24_N40_focused_batch60_v01\N40S3R39N2440B60_N40_B12_surrogate_top\J2D_S3R39N2440B60_N40_B12_surrogate_top.odb,,True,True,True,True,509460372,False,True,False,False,False,True,WARNING_SUCCESS_WITH_WARNINGS,complete_with_nonfatal_warnings,  81    28   1     0     2     2  748.       604.       60.00 |   81    29   1     0     2     2  808.       664.       60.00 |   81    30   1     0     2     2  868.       724.       60.00 |   81    31   1     0     2     2  928.       784.       60.00 |   81    32   1     0     2     2  988.       844.       60.00 |   81    33   1     0     2     2  1.05e+03   904.       60.00 |   81    34   1     0     2     2  1.11e+03   964.       60.00 |   81    35   1     0     2     2  1.17e+03   1.02e+03   60.00 |   81    36   1     0     2     2  1.23e+03   1.08e+03   60.00 |   81    37   1     0     2     2  1.29e+03   1.14e+03   60.00 |   81    38   1     0     2     2  1.34e+03   1.20e+03   55.75 |  THE ANALYSIS HAS COMPLETED SUCCESSFULLY,                       0  ADDITIONAL OPERATOR EVALUATIONS FOR LINE SEARCHES |                        1  WARNING MESSAGES DURING USER INPUT PROCESSING |                     1105  WARNING MESSAGES DURING ANALYSIS |                        0  ANALYSIS WARNINGS ARE NUMERICAL PROBLEM MESSAGES |                        2  ANALYSIS WARNINGS ARE NEGATIVE EIGENVALUE MESSAGES |                        0  ERROR MESSAGES |      JOB TIME SUMMARY |        USER TIME (SEC)      =     2.60E+03 |        SYSTEM TIME (SEC)    =     3.07E+02 |        TOTAL CPU TIME (SEC) =     2.91E+03 |        WALLCLOCK TIME (SEC) =          815 |        MEMORY PEAK (GB)     =            0,"enqueue --inp ""E:\Projects\RL-LAM-ScanOpt\cae_model\stage3_run39_native_N24_N40_focused_batch60_v01\N40S3R39N2440B60_N40_B12_surrogate_top\J2D_S3R39N2440B60_N40_B12_surrogate_top.inp"" --cpus 14 --batch stage3_run39_native_N24_N40_focused_batch60_v01 --strategy S3R39N2440B60_N40_B12_surrogate_top"
run_41_native_N24_N40_focused_batch60_odb_teacher_extraction,stage3_run39_native_N24_N40_focused_batch60_v01,40,S3R39N2440B60_N40_B13_surrogate_top,False,J2D_S3R39N2440B60_N40_B13_surrogate_top,True,J2D_S3R39N2440B60_N40_B13_surrogate_top,E:\Projects\RL-LAM-ScanOpt\cae_model\stage3_run39_native_N24_N40_focused_batch60_v01\N40S3R39N2440B60_N40_B13_surrogate_top,E:\Projects\RL-LAM-ScanOpt\cae_model\stage3_run39_native_N24_N40_focused_batch60_v01\N40S3R39N2440B60_N40_B13_surrogate_top\J2D_S3R39N2440B60_N40_B13_surrogate_top.inp,E:\Projects\RL-LAM-ScanOpt\cae_model\stage3_run39_native_N24_N40_focused_batch60_v01\N40S3R39N2440B60_N40_B13_surrogate_top\J2D_S3R39N2440B60_N40_B13_surrogate_top.sta,E:\Projects\RL-LAM-ScanOpt\cae_model\stage3_run39_native_N24_N40_focused_batch60_v01\N40S3R39N2440B60_N40_B13_surrogate_top\J2D_S3R39N2440B60_N40_B13_surrogate_top.dat,E:\Projects\RL-LAM-ScanOpt\cae_model\stage3_run39_native_N24_N40_focused_batch60_v01\N40S3R39N2440B60_N40_B13_surrogate_top\J2D_S3R39N2440B60_N40_B13_surrogate_top.msg,E:\Projects\RL-LAM-ScanOpt\cae_model\stage3_run39_native_N24_N40_focused_batch60_v01\N40S3R39N2440B60_N40_B13_surrogate_top\J2D_S3R39N2440B60_N40_B13_surrogate_top.odb,,True,True,True,True,514184860,False,True,False,False,False,True,WARNING_SUCCESS_WITH_WARNINGS,complete_with_nonfatal_warnings,  81    28   1     0     2     2  789.       645.       60.00 |   81    29   1     0     2     2  849.       705.       60.00 |   81    30   1     0     2     2  909.       765.       60.00 |   81    31   1     0     2     2  969.       825.       60.00 |   81    32   1     0     2     2  1.03e+03   885.       60.00 |   81    33   1     0     2     2  1.09e+03   945.       60.00 |   81    34   1     0     2     2  1.15e+03   1.01e+03   60.00 |   81    35   1     0     2     2  1.21e+03   1.07e+03   60.00 |   81    36   1     0     2     2  1.27e+03   1.13e+03   60.00 |   81    37   1     0     2     2  1.33e+03   1.19e+03   60.00 |   81    38   1     0     1     1  1.34e+03   1.20e+03   14.71 |  THE ANALYSIS HAS COMPLETED SUCCESSFULLY,                       0  ADDITIONAL OPERATOR EVALUATIONS FOR LINE SEARCHES |                        1  WARNING MESSAGES DURING USER INPUT PROCESSING |                     1133  WARNING MESSAGES DURING ANALYSIS |                        0  ANALYSIS WARNINGS ARE NUMERICAL PROBLEM MESSAGES |                        3  ANALYSIS WARNINGS ARE NEGATIVE EIGENVALUE MESSAGES |                        0  ERROR MESSAGES |      JOB TIME SUMMARY |        USER TIME (SEC)      =     2.07E+03 |        SYSTEM TIME (SEC)    =     3.44E+02 |        TOTAL CPU TIME (SEC) =     2.41E+03 |        WALLCLOCK TIME (SEC) =          815 |        MEMORY PEAK (GB)     =            0,"enqueue --inp ""E:\Projects\RL-LAM-ScanOpt\cae_model\stage3_run39_native_N24_N40_focused_batch60_v01\N40S3R39N2440B60_N40_B13_surrogate_top\J2D_S3R39N2440B60_N40_B13_surrogate_top.inp"" --cpus 14 --batch stage3_run39_native_N24_N40_focused_batch60_v01 --strategy S3R39N2440B60_N40_B13_surrogate_top"
run_41_native_N24_N40_focused_batch60_odb_teacher_extraction,stage3_run39_native_N24_N40_focused_batch60_v01,40,S3R39N2440B60_N40_B14_surrogate_top,False,J2D_S3R39N2440B60_N40_B14_surrogate_top,True,J2D_S3R39N2440B60_N40_B14_surrogate_top,E:\Projects\RL-LAM-ScanOpt\cae_model\stage3_run39_native_N24_N40_focused_batch60_v01\N40S3R39N2440B60_N40_B14_surrogate_top,E:\Projects\RL-LAM-ScanOpt\cae_model\stage3_run39_native_N24_N40_focused_batch60_v01\N40S3R39N2440B60_N40_B14_surrogate_top\J2D_S3R39N2440B60_N40_B14_surrogate_top.inp,E:\Projects\RL-LAM-ScanOpt\cae_model\stage3_run39_native_N24_N40_focused_batch60_v01\N40S3R39N2440B60_N40_B14_surrogate_top\J2D_S3R39N2440B60_N40_B14_surrogate_top.sta,E:\Projects\RL-LAM-ScanOpt\cae_model\stage3_run39_native_N24_N40_focused_batch60_v01\N40S3R39N2440B60_N40_B14_surrogate_top\J2D_S3R39N2440B60_N40_B14_surrogate_top.dat,E:\Projects\RL-LAM-ScanOpt\cae_model\stage3_run39_native_N24_N40_focused_batch60_v01\N40S3R39N2440B60_N40_B14_surrogate_top\J2D_S3R39N2440B60_N40_B14_surrogate_top.msg,E:\Projects\RL-LAM-ScanOpt\cae_model\stage3_run39_native_N24_N40_focused_batch60_v01\N40S3R39N2440B60_N40_B14_surrogate_top\J2D_S3R39N2440B60_N40_B14_surrogate_top.odb,,True,True,True,True,513472468,False,True,False,False,False,True,WARNING_SUCCESS_WITH_WARNINGS,complete_with_nonfatal_warnings,  81    27   1     0     2     2  770.       626.       60.00 |   81    28   1     0     2     2  830.       686.       60.00 |   81    29   1     0     2     2  890.       746.       60.00 |   81    30   1     0     2     2  950.       806.       60.00 |   81    31   1     0     2     2  1.01e+03   866.       60.00 |   81    32   1     0     2     2  1.07e+03   926.       60.00 |   81    33   1     0     2     2  1.13e+03   986.       60.00 |   81    34   1     0     2     2  1.19e+03   1.05e+03   60.00 |   81    35   1     0     2     2  1.25e+03   1.11e+03   60.00 |   81    36   1     0     2     2  1.31e+03   1.17e+03   60.00 |   81    37   1     0     1     1  1.34e+03   1.20e+03   33.65 |  THE ANALYSIS HAS COMPLETED SUCCESSFULLY,                       0  ADDITIONAL OPERATOR EVALUATIONS FOR LINE SEARCHES |                        1  WARNING MESSAGES DURING USER INPUT PROCESSING |                     1093  WARNING MESSAGES DURING ANALYSIS |                        0  ANALYSIS WARNINGS ARE NUMERICAL PROBLEM MESSAGES |                        1  ANALYSIS WARNINGS ARE NEGATIVE EIGENVALUE MESSAGES |                        0  ERROR MESSAGES |      JOB TIME SUMMARY |        USER TIME (SEC)      =     2.17E+03 |        SYSTEM TIME (SEC)    =     3.54E+02 |        TOTAL CPU TIME (SEC) =     2.52E+03 |        WALLCLOCK TIME (SEC) =          813 |        MEMORY PEAK (GB)     =            0,"enqueue --inp ""E:\Projects\RL-LAM-ScanOpt\cae_model\stage3_run39_native_N24_N40_focused_batch60_v01\N40S3R39N2440B60_N40_B14_surrogate_top\J2D_S3R39N2440B60_N40_B14_surrogate_top.inp"" --cpus 14 --batch stage3_run39_native_N24_N40_focused_batch60_v01 --strategy S3R39N2440B60_N40_B14_surrogate_top"
run_41_native_N24_N40_focused_batch60_odb_teacher_extraction,stage3_run39_native_N24_N40_focused_batch60_v01,40,S3R39N2440B60_N40_B15_surrogate_top,False,J2D_S3R39N2440B60_N40_B15_surrogate_top,True,J2D_S3R39N2440B60_N40_B15_surrogate_top,E:\Projects\RL-LAM-ScanOpt\cae_model\stage3_run39_native_N24_N40_focused_batch60_v01\N40S3R39N2440B60_N40_B15_surrogate_top,E:\Projects\RL-LAM-ScanOpt\cae_model\stage3_run39_native_N24_N40_focused_batch60_v01\N40S3R39N2440B60_N40_B15_surrogate_top\J2D_S3R39N2440B60_N40_B15_surrogate_top.inp,E:\Projects\RL-LAM-ScanOpt\cae_model\stage3_run39_native_N24_N40_focused_batch60_v01\N40S3R39N2440B60_N40_B15_surrogate_top\J2D_S3R39N2440B60_N40_B15_surrogate_top.sta,E:\Projects\RL-LAM-ScanOpt\cae_model\stage3_run39_native_N24_N40_focused_batch60_v01\N40S3R39N2440B60_N40_B15_surrogate_top\J2D_S3R39N2440B60_N40_B15_surrogate_top.dat,E:\Projects\RL-LAM-ScanOpt\cae_model\stage3_run39_native_N24_N40_focused_batch60_v01\N40S3R39N2440B60_N40_B15_surrogate_top\J2D_S3R39N2440B60_N40_B15_surrogate_top.msg,E:\Projects\RL-LAM-ScanOpt\cae_model\stage3_run39_native_N24_N40_focused_batch60_v01\N40S3R39N2440B60_N40_B15_surrogate_top\J2D_S3R39N2440B60_N40_B15_surrogate_top.odb,,True,True,True,True,511163588,False,True,False,False,False,True,WARNING_SUCCESS_WITH_WARNINGS,complete_with_nonfatal_warnings,  81    28   1     0     2     2  789.       645.       60.00 |   81    29   1     0     2     2  849.       705.       60.00 |   81    30   1     0     2     2  909.       765.       60.00 |   81    31   1     0     2     2  969.       825.       60.00 |   81    32   1     0     2     2  1.03e+03   885.       60.00 |   81    33   1     0     2     2  1.09e+03   945.       60.00 |   81    34   1     0     2     2  1.15e+03   1.01e+03   60.00 |   81    35   1     0     2     2  1.21e+03   1.07e+03   60.00 |   81    36   1     0     2     2  1.27e+03   1.13e+03   60.00 |   81    37   1     0     2     2  1.33e+03   1.19e+03   60.00 |   81    38   1     0     1     1  1.34e+03   1.20e+03   14.55 |  THE ANALYSIS HAS COMPLETED SUCCESSFULLY,                       0  ADDITIONAL OPERATOR EVALUATIONS FOR LINE SEARCHES |                        1  WARNING MESSAGES DURING USER INPUT PROCESSING |                     1150  WARNING MESSAGES DURING ANALYSIS |                        0  ANALYSIS WARNINGS ARE NUMERICAL PROBLEM MESSAGES |                        1  ANALYSIS WARNINGS ARE NEGATIVE EIGENVALUE MESSAGES |                        0  ERROR MESSAGES |      JOB TIME SUMMARY |        USER TIME (SEC)      =     2.34E+03 |        SYSTEM TIME (SEC)    =     3.33E+02 |        TOTAL CPU TIME (SEC) =     2.67E+03 |        WALLCLOCK TIME (SEC) =          839 |        MEMORY PEAK (GB)     =            0,"enqueue --inp ""E:\Projects\RL-LAM-ScanOpt\cae_model\stage3_run39_native_N24_N40_focused_batch60_v01\N40S3R39N2440B60_N40_B15_surrogate_top\J2D_S3R39N2440B60_N40_B15_surrogate_top.inp"" --cpus 14 --batch stage3_run39_native_N24_N40_focused_batch60_v01 --strategy S3R39N2440B60_N40_B15_surrogate_top"
run_41_native_N24_N40_focused_batch60_odb_teacher_extraction,stage3_run39_native_N24_N40_focused_batch60_v01,40,S3R39N2440B60_N40_B16_surrogate_top,False,J2D_S3R39N2440B60_N40_B16_surrogate_top,True,J2D_S3R39N2440B60_N40_B16_surrogate_top,E:\Projects\RL-LAM-ScanOpt\cae_model\stage3_run39_native_N24_N40_focused_batch60_v01\N40S3R39N2440B60_N40_B16_surrogate_top,E:\Projects\RL-LAM-ScanOpt\cae_model\stage3_run39_native_N24_N40_focused_batch60_v01\N40S3R39N2440B60_N40_B16_surrogate_top\J2D_S3R39N2440B60_N40_B16_surrogate_top.inp,E:\Projects\RL-LAM-ScanOpt\cae_model\stage3_run39_native_N24_N40_focused_batch60_v01\N40S3R39N2440B60_N40_B16_surrogate_top\J2D_S3R39N2440B60_N40_B16_surrogate_top.sta,E:\Projects\RL-LAM-ScanOpt\cae_model\stage3_run39_native_N24_N40_focused_batch60_v01\N40S3R39N2440B60_N40_B16_surrogate_top\J2D_S3R39N2440B60_N40_B16_surrogate_top.dat,E:\Projects\RL-LAM-ScanOpt\cae_model\stage3_run39_native_N24_N40_focused_batch60_v01\N40S3R39N2440B60_N40_B16_surrogate_top\J2D_S3R39N2440B60_N40_B16_surrogate_top.msg,E:\Projects\RL-LAM-ScanOpt\cae_model\stage3_run39_native_N24_N40_focused_batch60_v01\N40S3R39N2440B60_N40_B16_surrogate_top\J2D_S3R39N2440B60_N40_B16_surrogate_top.odb,,True,True,True,True,511718932,False,True,False,False,False,True,WARNING_SUCCESS_WITH_WARNINGS,complete_with_nonfatal_warnings,  81    28   1     0     2     2  748.       604.       60.00 |   81    29   1     0     2     2  808.       664.       60.00 |   81    30   1     0     2     2  868.       724.       60.00 |   81    31   1     0     2     2  928.       784.       60.00 |   81    32   1     0     2     2  988.       844.       60.00 |   81    33   1     0     2     2  1.05e+03   904.       60.00 |   81    34   1     0     2     2  1.11e+03   964.       60.00 |   81    35   1     0     2     2  1.17e+03   1.02e+03   60.00 |   81    36   1     0     2     2  1.23e+03   1.08e+03   60.00 |   81    37   1     0     2     2  1.29e+03   1.14e+03   60.00 |   81    38   1     0     2     2  1.34e+03   1.20e+03   55.75 |  THE ANALYSIS HAS COMPLETED SUCCESSFULLY,                       0  ADDITIONAL OPERATOR EVALUATIONS FOR LINE SEARCHES |                        1  WARNING MESSAGES DURING USER INPUT PROCESSING |                     1128  WARNING MESSAGES DURING ANALYSIS |                        0  ANALYSIS WARNINGS ARE NUMERICAL PROBLEM MESSAGES |                        2  ANALYSIS WARNINGS ARE NEGATIVE EIGENVALUE MESSAGES |                        0  ERROR MESSAGES |      JOB TIME SUMMARY |        USER TIME (SEC)      =     2.42E+03 |        SYSTEM TIME (SEC)    =     3.45E+02 |        TOTAL CPU TIME (SEC) =     2.77E+03 |        WALLCLOCK TIME (SEC) =          848 |        MEMORY PEAK (GB)     =            0,"enqueue --inp ""E:\Projects\RL-LAM-ScanOpt\cae_model\stage3_run39_native_N24_N40_focused_batch60_v01\N40S3R39N2440B60_N40_B16_surrogate_top\J2D_S3R39N2440B60_N40_B16_surrogate_top.inp"" --cpus 14 --batch stage3_run39_native_N24_N40_focused_batch60_v01 --strategy S3R39N2440B60_N40_B16_surrogate_top"
run_41_native_N24_N40_focused_batch60_odb_teacher_extraction,stage3_run39_native_N24_N40_focused_batch60_v01,40,S3R39N2440B60_N40_B17_hybrid_disagree,False,J2D_S3R39N2440B60_N40_B17_hybrid_disagree,True,J2D_S3R39N2440B60_N40_B17_hybrid_disagree,E:\Projects\RL-LAM-ScanOpt\cae_model\stage3_run39_native_N24_N40_focused_batch60_v01\N40S3R39N2440B60_N40_B17_hybrid_disagree,E:\Projects\RL-LAM-ScanOpt\cae_model\stage3_run39_native_N24_N40_focused_batch60_v01\N40S3R39N2440B60_N40_B17_hybrid_disagree\J2D_S3R39N2440B60_N40_B17_hybrid_disagree.inp,E:\Projects\RL-LAM-ScanOpt\cae_model\stage3_run39_native_N24_N40_focused_batch60_v01\N40S3R39N2440B60_N40_B17_hybrid_disagree\J2D_S3R39N2440B60_N40_B17_hybrid_disagree.sta,E:\Projects\RL-LAM-ScanOpt\cae_model\stage3_run39_native_N24_N40_focused_batch60_v01\N40S3R39N2440B60_N40_B17_hybrid_disagree\J2D_S3R39N2440B60_N40_B17_hybrid_disagree.dat,E:\Projects\RL-LAM-ScanOpt\cae_model\stage3_run39_native_N24_N40_focused_batch60_v01\N40S3R39N2440B60_N40_B17_hybrid_disagree\J2D_S3R39N2440B60_N40_B17_hybrid_disagree.msg,E:\Projects\RL-LAM-ScanOpt\cae_model\stage3_run39_native_N24_N40_focused_batch60_v01\N40S3R39N2440B60_N40_B17_hybrid_disagree\J2D_S3R39N2440B60_N40_B17_hybrid_disagree.odb,,True,True,True,True,519907856,False,True,False,False,False,True,WARNING_SUCCESS_WITH_WARNINGS,complete_with_nonfatal_warnings,  81    28   1     0     2     2  789.       645.       60.00 |   81    29   1     0     2     2  849.       705.       60.00 |   81    30   1     0     2     2  909.       765.       60.00 |   81    31   1     0     2     2  969.       825.       60.00 |   81    32   1     0     2     2  1.03e+03   885.       60.00 |   81    33   1     0     2     2  1.09e+03   945.       60.00 |   81    34   1     0     2     2  1.15e+03   1.01e+03   60.00 |   81    35   1     0     2     2  1.21e+03   1.07e+03   60.00 |   81    36   1     0     2     2  1.27e+03   1.13e+03   60.00 |   81    37   1     0     2     2  1.33e+03   1.19e+03   60.00 |   81    38   1     0     1     1  1.34e+03   1.20e+03   14.55 |  THE ANALYSIS HAS COMPLETED SUCCESSFULLY,                       0  ADDITIONAL OPERATOR EVALUATIONS FOR LINE SEARCHES |                        1  WARNING MESSAGES DURING USER INPUT PROCESSING |                     1312  WARNING MESSAGES DURING ANALYSIS |                        0  ANALYSIS WARNINGS ARE NUMERICAL PROBLEM MESSAGES |                        1  ANALYSIS WARNINGS ARE NEGATIVE EIGENVALUE MESSAGES |                        0  ERROR MESSAGES |      JOB TIME SUMMARY |        USER TIME (SEC)      =     2.53E+03 |        SYSTEM TIME (SEC)    =     3.19E+02 |        TOTAL CPU TIME (SEC) =     2.85E+03 |        WALLCLOCK TIME (SEC) =          862 |        MEMORY PEAK (GB)     =            0,"enqueue --inp ""E:\Projects\RL-LAM-ScanOpt\cae_model\stage3_run39_native_N24_N40_focused_batch60_v01\N40S3R39N2440B60_N40_B17_hybrid_disagree\J2D_S3R39N2440B60_N40_B17_hybrid_disagree.inp"" --cpus 14 --batch stage3_run39_native_N24_N40_focused_batch60_v01 --strategy S3R39N2440B60_N40_B17_hybrid_disagree"
run_41_native_N24_N40_focused_batch60_odb_teacher_extraction,stage3_run39_native_N24_N40_focused_batch60_v01,40,S3R39N2440B60_N40_B18_hybrid_disagree,False,J2D_S3R39N2440B60_N40_B18_hybrid_disagree,True,J2D_S3R39N2440B60_N40_B18_hybrid_disagree,E:\Projects\RL-LAM-ScanOpt\cae_model\stage3_run39_native_N24_N40_focused_batch60_v01\N40S3R39N2440B60_N40_B18_hybrid_disagree,E:\Projects\RL-LAM-ScanOpt\cae_model\stage3_run39_native_N24_N40_focused_batch60_v01\N40S3R39N2440B60_N40_B18_hybrid_disagree\J2D_S3R39N2440B60_N40_B18_hybrid_disagree.inp,E:\Projects\RL-LAM-ScanOpt\cae_model\stage3_run39_native_N24_N40_focused_batch60_v01\N40S3R39N2440B60_N40_B18_hybrid_disagree\J2D_S3R39N2440B60_N40_B18_hybrid_disagree.sta,E:\Projects\RL-LAM-ScanOpt\cae_model\stage3_run39_native_N24_N40_focused_batch60_v01\N40S3R39N2440B60_N40_B18_hybrid_disagree\J2D_S3R39N2440B60_N40_B18_hybrid_disagree.dat,E:\Projects\RL-LAM-ScanOpt\cae_model\stage3_run39_native_N24_N40_focused_batch60_v01\N40S3R39N2440B60_N40_B18_hybrid_disagree\J2D_S3R39N2440B60_N40_B18_hybrid_disagree.msg,E:\Projects\RL-LAM-ScanOpt\cae_model\stage3_run39_native_N24_N40_focused_batch60_v01\N40S3R39N2440B60_N40_B18_hybrid_disagree\J2D_S3R39N2440B60_N40_B18_hybrid_disagree.odb,,True,True,True,True,521671428,False,True,False,False,False,True,WARNING_SUCCESS_WITH_WARNINGS,complete_with_nonfatal_warnings,  81    28   1     0     2     2  748.       604.       60.00 |   81    29   1     0     2     2  808.       664.       60.00 |   81    30   1     0     2     2  868.       724.       60.00 |   81    31   1     0     2     2  928.       784.       60.00 |   81    32   1     0     2     2  988.       844.       60.00 |   81    33   1     0     2     2  1.05e+03   904.       60.00 |   81    34   1     0     2     2  1.11e+03   964.       60.00 |   81    35   1     0     2     2  1.17e+03   1.02e+03   60.00 |   81    36   1     0     2     2  1.23e+03   1.08e+03   60.00 |   81    37   1     0     2     2  1.29e+03   1.14e+03   60.00 |   81    38   1     0     2     2  1.34e+03   1.20e+03   55.75 |  THE ANALYSIS HAS COMPLETED SUCCESSFULLY,                       0  ADDITIONAL OPERATOR EVALUATIONS FOR LINE SEARCHES |                        1  WARNING MESSAGES DURING USER INPUT PROCESSING |                     1317  WARNING MESSAGES DURING ANALYSIS |                        0  ANALYSIS WARNINGS ARE NUMERICAL PROBLEM MESSAGES |                        2  ANALYSIS WARNINGS ARE NEGATIVE EIGENVALUE MESSAGES |                        0  ERROR MESSAGES |      JOB TIME SUMMARY |        USER TIME (SEC)      =     2.59E+03 |        SYSTEM TIME (SEC)    =     3.23E+02 |        TOTAL CPU TIME (SEC) =     2.91E+03 |        WALLCLOCK TIME (SEC) =          872 |        MEMORY PEAK (GB)     =            0,"enqueue --inp ""E:\Projects\RL-LAM-ScanOpt\cae_model\stage3_run39_native_N24_N40_focused_batch60_v01\N40S3R39N2440B60_N40_B18_hybrid_disagree\J2D_S3R39N2440B60_N40_B18_hybrid_disagree.inp"" --cpus 14 --batch stage3_run39_native_N24_N40_focused_batch60_v01 --strategy S3R39N2440B60_N40_B18_hybrid_disagree"
run_41_native_N24_N40_focused_batch60_odb_teacher_extraction,stage3_run39_native_N24_N40_focused_batch60_v01,40,S3R39N2440B60_N40_B19_graph_pointer,False,J2D_S3R39N2440B60_N40_B19_graph_pointer,True,J2D_S3R39N2440B60_N40_B19_graph_pointer,E:\Projects\RL-LAM-ScanOpt\cae_model\stage3_run39_native_N24_N40_focused_batch60_v01\N40S3R39N2440B60_N40_B19_graph_pointer,E:\Projects\RL-LAM-ScanOpt\cae_model\stage3_run39_native_N24_N40_focused_batch60_v01\N40S3R39N2440B60_N40_B19_graph_pointer\J2D_S3R39N2440B60_N40_B19_graph_pointer.inp,E:\Projects\RL-LAM-ScanOpt\cae_model\stage3_run39_native_N24_N40_focused_batch60_v01\N40S3R39N2440B60_N40_B19_graph_pointer\J2D_S3R39N2440B60_N40_B19_graph_pointer.sta,E:\Projects\RL-LAM-ScanOpt\cae_model\stage3_run39_native_N24_N40_focused_batch60_v01\N40S3R39N2440B60_N40_B19_graph_pointer\J2D_S3R39N2440B60_N40_B19_graph_pointer.dat,E:\Projects\RL-LAM-ScanOpt\cae_model\stage3_run39_native_N24_N40_focused_batch60_v01\N40S3R39N2440B60_N40_B19_graph_pointer\J2D_S3R39N2440B60_N40_B19_graph_pointer.msg,E:\Projects\RL-LAM-ScanOpt\cae_model\stage3_run39_native_N24_N40_focused_batch60_v01\N40S3R39N2440B60_N40_B19_graph_pointer\J2D_S3R39N2440B60_N40_B19_graph_pointer.odb,,True,True,True,True,509524364,False,True,False,False,False,True,WARNING_SUCCESS_WITH_WARNINGS,complete_with_nonfatal_warnings,  81    28   1     0     2     2  789.       645.       60.00 |   81    29   1     0     2     2  849.       705.       60.00 |   81    30   1     0     2     2  909.       765.       60.00 |   81    31   1     0     2     2  969.       825.       60.00 |   81    32   1     0     2     2  1.03e+03   885.       60.00 |   81    33   1     0     2     2  1.09e+03   945.       60.00 |   81    34   1     0     2     2  1.15e+03   1.01e+03   60.00 |   81    35   1     0     2     2  1.21e+03   1.07e+03   60.00 |   81    36   1     0     2     2  1.27e+03   1.13e+03   60.00 |   81    37   1     0     2     2  1.33e+03   1.19e+03   60.00 |   81    38   1     0     1     1  1.34e+03   1.20e+03   14.71 |  THE ANALYSIS HAS COMPLETED SUCCESSFULLY,                       0  ADDITIONAL OPERATOR EVALUATIONS FOR LINE SEARCHES |                        1  WARNING MESSAGES DURING USER INPUT PROCESSING |                     1114  WARNING MESSAGES DURING ANALYSIS |                        0  ANALYSIS WARNINGS ARE NUMERICAL PROBLEM MESSAGES |                        3  ANALYSIS WARNINGS ARE NEGATIVE EIGENVALUE MESSAGES |                        0  ERROR MESSAGES |      JOB TIME SUMMARY |        USER TIME (SEC)      =     2.25E+03 |        SYSTEM TIME (SEC)    =     3.24E+02 |        TOTAL CPU TIME (SEC) =     2.57E+03 |        WALLCLOCK TIME (SEC) =          800 |        MEMORY PEAK (GB)     =            0,"enqueue --inp ""E:\Projects\RL-LAM-ScanOpt\cae_model\stage3_run39_native_N24_N40_focused_batch60_v01\N40S3R39N2440B60_N40_B19_graph_pointer\J2D_S3R39N2440B60_N40_B19_graph_pointer.inp"" --cpus 14 --batch stage3_run39_native_N24_N40_focused_batch60_v01 --strategy S3R39N2440B60_N40_B19_graph_pointer"
run_41_native_N24_N40_focused_batch60_odb_teacher_extraction,stage3_run39_native_N24_N40_focused_batch60_v01,40,S3R39N2440B60_N40_B20_graph_pointer,False,J2D_S3R39N2440B60_N40_B20_graph_pointer,True,J2D_S3R39N2440B60_N40_B20_graph_pointer,E:\Projects\RL-LAM-ScanOpt\cae_model\stage3_run39_native_N24_N40_focused_batch60_v01\N40S3R39N2440B60_N40_B20_graph_pointer,E:\Projects\RL-LAM-ScanOpt\cae_model\stage3_run39_native_N24_N40_focused_batch60_v01\N40S3R39N2440B60_N40_B20_graph_pointer\J2D_S3R39N2440B60_N40_B20_graph_pointer.inp,E:\Projects\RL-LAM-ScanOpt\cae_model\stage3_run39_native_N24_N40_focused_batch60_v01\N40S3R39N2440B60_N40_B20_graph_pointer\J2D_S3R39N2440B60_N40_B20_graph_pointer.sta,E:\Projects\RL-LAM-ScanOpt\cae_model\stage3_run39_native_N24_N40_focused_batch60_v01\N40S3R39N2440B60_N40_B20_graph_pointer\J2D_S3R39N2440B60_N40_B20_graph_pointer.dat,E:\Projects\RL-LAM-ScanOpt\cae_model\stage3_run39_native_N24_N40_focused_batch60_v01\N40S3R39N2440B60_N40_B20_graph_pointer\J2D_S3R39N2440B60_N40_B20_graph_pointer.msg,E:\Projects\RL-LAM-ScanOpt\cae_model\stage3_run39_native_N24_N40_focused_batch60_v01\N40S3R39N2440B60_N40_B20_graph_pointer\J2D_S3R39N2440B60_N40_B20_graph_pointer.odb,,True,True,True,True,506862692,False,True,False,False,False,True,WARNING_SUCCESS_WITH_WARNINGS,complete_with_nonfatal_warnings,  81    28   1     0     2     2  789.       645.       60.00 |   81    29   1     0     2     2  849.       705.       60.00 |   81    30   1     0     2     2  909.       765.       60.00 |   81    31   1     0     2     2  969.       825.       60.00 |   81    32   1     0     2     2  1.03e+03   885.       60.00 |   81    33   1     0     2     2  1.09e+03   945.       60.00 |   81    34   1     0     2     2  1.15e+03   1.01e+03   60.00 |   81    35   1     0     2     2  1.21e+03   1.07e+03   60.00 |   81    36   1     0     2     2  1.27e+03   1.13e+03   60.00 |   81    37   1     0     2     2  1.33e+03   1.19e+03   60.00 |   81    38   1     0     1     1  1.34e+03   1.20e+03   14.55 |  THE ANALYSIS HAS COMPLETED SUCCESSFULLY,                       0  ADDITIONAL OPERATOR EVALUATIONS FOR LINE SEARCHES |                        1  WARNING MESSAGES DURING USER INPUT PROCESSING |                     1125  WARNING MESSAGES DURING ANALYSIS |                        0  ANALYSIS WARNINGS ARE NUMERICAL PROBLEM MESSAGES |                        1  ANALYSIS WARNINGS ARE NEGATIVE EIGENVALUE MESSAGES |                        0  ERROR MESSAGES |      JOB TIME SUMMARY |        USER TIME (SEC)      =     2.01E+03 |        SYSTEM TIME (SEC)    =     3.00E+02 |        TOTAL CPU TIME (SEC) =     2.31E+03 |        WALLCLOCK TIME (SEC) =          766 |        MEMORY PEAK (GB)     =            0,"enqueue --inp ""E:\Projects\RL-LAM-ScanOpt\cae_model\stage3_run39_native_N24_N40_focused_batch60_v01\N40S3R39N2440B60_N40_B20_graph_pointer\J2D_S3R39N2440B60_N40_B20_graph_pointer.inp"" --cpus 14 --batch stage3_run39_native_N24_N40_focused_batch60_v01 --strategy S3R39N2440B60_N40_B20_graph_pointer"
run_41_native_N24_N40_focused_batch60_odb_teacher_extraction,stage3_run39_native_N24_N40_focused_batch60_v01,40,S3R39N2440B60_N40_B21_graph_pointer,False,J2D_S3R39N2440B60_N40_B21_graph_pointer,True,J2D_S3R39N2440B60_N40_B21_graph_pointer,E:\Projects\RL-LAM-ScanOpt\cae_model\stage3_run39_native_N24_N40_focused_batch60_v01\N40S3R39N2440B60_N40_B21_graph_pointer,E:\Projects\RL-LAM-ScanOpt\cae_model\stage3_run39_native_N24_N40_focused_batch60_v01\N40S3R39N2440B60_N40_B21_graph_pointer\J2D_S3R39N2440B60_N40_B21_graph_pointer.inp,E:\Projects\RL-LAM-ScanOpt\cae_model\stage3_run39_native_N24_N40_focused_batch60_v01\N40S3R39N2440B60_N40_B21_graph_pointer\J2D_S3R39N2440B60_N40_B21_graph_pointer.sta,E:\Projects\RL-LAM-ScanOpt\cae_model\stage3_run39_native_N24_N40_focused_batch60_v01\N40S3R39N2440B60_N40_B21_graph_pointer\J2D_S3R39N2440B60_N40_B21_graph_pointer.dat,E:\Projects\RL-LAM-ScanOpt\cae_model\stage3_run39_native_N24_N40_focused_batch60_v01\N40S3R39N2440B60_N40_B21_graph_pointer\J2D_S3R39N2440B60_N40_B21_graph_pointer.msg,E:\Projects\RL-LAM-ScanOpt\cae_model\stage3_run39_native_N24_N40_focused_batch60_v01\N40S3R39N2440B60_N40_B21_graph_pointer\J2D_S3R39N2440B60_N40_B21_graph_pointer.odb,,True,True,True,True,517904540,False,True,False,False,False,True,WARNING_SUCCESS_WITH_WARNINGS,complete_with_nonfatal_warnings,  81    28   1     0     2     2  789.       645.       60.00 |   81    29   1     0     2     2  849.       705.       60.00 |   81    30   1     0     2     2  909.       765.       60.00 |   81    31   1     0     2     2  969.       825.       60.00 |   81    32   1     0     2     2  1.03e+03   885.       60.00 |   81    33   1     0     2     2  1.09e+03   945.       60.00 |   81    34   1     0     2     2  1.15e+03   1.01e+03   60.00 |   81    35   1     0     2     2  1.21e+03   1.07e+03   60.00 |   81    36   1     0     2     2  1.27e+03   1.13e+03   60.00 |   81    37   1     0     2     2  1.33e+03   1.19e+03   60.00 |   81    38   1     0     1     1  1.34e+03   1.20e+03   14.55 |  THE ANALYSIS HAS COMPLETED SUCCESSFULLY,                       0  ADDITIONAL OPERATOR EVALUATIONS FOR LINE SEARCHES |                        1  WARNING MESSAGES DURING USER INPUT PROCESSING |                     1193  WARNING MESSAGES DURING ANALYSIS |                        0  ANALYSIS WARNINGS ARE NUMERICAL PROBLEM MESSAGES |                        2  ANALYSIS WARNINGS ARE NEGATIVE EIGENVALUE MESSAGES |                        0  ERROR MESSAGES |      JOB TIME SUMMARY |        USER TIME (SEC)      =     2.29E+03 |        SYSTEM TIME (SEC)    =     3.09E+02 |        TOTAL CPU TIME (SEC) =     2.60E+03 |        WALLCLOCK TIME (SEC) =          848 |        MEMORY PEAK (GB)     =            0,"enqueue --inp ""E:\Projects\RL-LAM-ScanOpt\cae_model\stage3_run39_native_N24_N40_focused_batch60_v01\N40S3R39N2440B60_N40_B21_graph_pointer\J2D_S3R39N2440B60_N40_B21_graph_pointer.inp"" --cpus 14 --batch stage3_run39_native_N24_N40_focused_batch60_v01 --strategy S3R39N2440B60_N40_B21_graph_pointer"
run_41_native_N24_N40_focused_batch60_odb_teacher_extraction,stage3_run39_native_N24_N40_focused_batch60_v01,40,S3R39N2440B60_N40_B22_graph_pointer,False,J2D_S3R39N2440B60_N40_B22_graph_pointer,True,J2D_S3R39N2440B60_N40_B22_graph_pointer,E:\Projects\RL-LAM-ScanOpt\cae_model\stage3_run39_native_N24_N40_focused_batch60_v01\N40S3R39N2440B60_N40_B22_graph_pointer,E:\Projects\RL-LAM-ScanOpt\cae_model\stage3_run39_native_N24_N40_focused_batch60_v01\N40S3R39N2440B60_N40_B22_graph_pointer\J2D_S3R39N2440B60_N40_B22_graph_pointer.inp,E:\Projects\RL-LAM-ScanOpt\cae_model\stage3_run39_native_N24_N40_focused_batch60_v01\N40S3R39N2440B60_N40_B22_graph_pointer\J2D_S3R39N2440B60_N40_B22_graph_pointer.sta,E:\Projects\RL-LAM-ScanOpt\cae_model\stage3_run39_native_N24_N40_focused_batch60_v01\N40S3R39N2440B60_N40_B22_graph_pointer\J2D_S3R39N2440B60_N40_B22_graph_pointer.dat,E:\Projects\RL-LAM-ScanOpt\cae_model\stage3_run39_native_N24_N40_focused_batch60_v01\N40S3R39N2440B60_N40_B22_graph_pointer\J2D_S3R39N2440B60_N40_B22_graph_pointer.msg,E:\Projects\RL-LAM-ScanOpt\cae_model\stage3_run39_native_N24_N40_focused_batch60_v01\N40S3R39N2440B60_N40_B22_graph_pointer\J2D_S3R39N2440B60_N40_B22_graph_pointer.odb,,True,True,True,True,516442344,False,True,False,False,False,True,WARNING_SUCCESS_WITH_WARNINGS,complete_with_nonfatal_warnings,  81    28   1     0     2     2  748.       604.       60.00 |   81    29   1     0     2     2  808.       664.       60.00 |   81    30   1     0     2     2  868.       724.       60.00 |   81    31   1     0     2     2  928.       784.       60.00 |   81    32   1     0     2     2  988.       844.       60.00 |   81    33   1     0     2     2  1.05e+03   904.       60.00 |   81    34   1     0     2     2  1.11e+03   964.       60.00 |   81    35   1     0     2     2  1.17e+03   1.02e+03   60.00 |   81    36   1     0     2     2  1.23e+03   1.08e+03   60.00 |   81    37   1     0     2     2  1.29e+03   1.14e+03   60.00 |   81    38   1     0     2     2  1.34e+03   1.20e+03   55.75 |  THE ANALYSIS HAS COMPLETED SUCCESSFULLY,                       0  ADDITIONAL OPERATOR EVALUATIONS FOR LINE SEARCHES |                        1  WARNING MESSAGES DURING USER INPUT PROCESSING |                     1254  WARNING MESSAGES DURING ANALYSIS |                        0  ANALYSIS WARNINGS ARE NUMERICAL PROBLEM MESSAGES |                        1  ANALYSIS WARNINGS ARE NEGATIVE EIGENVALUE MESSAGES |                        0  ERROR MESSAGES |      JOB TIME SUMMARY |        USER TIME (SEC)      =     4.91E+03 |        SYSTEM TIME (SEC)    =     3.41E+02 |        TOTAL CPU TIME (SEC) =     5.25E+03 |        WALLCLOCK TIME (SEC) =         1377 |        MEMORY PEAK (GB)     =            0,"enqueue --inp ""E:\Projects\RL-LAM-ScanOpt\cae_model\stage3_run39_native_N24_N40_focused_batch60_v01\N40S3R39N2440B60_N40_B22_graph_pointer\J2D_S3R39N2440B60_N40_B22_graph_pointer.inp"" --cpus 14 --batch stage3_run39_native_N24_N40_focused_batch60_v01 --strategy S3R39N2440B60_N40_B22_graph_pointer"
run_41_native_N24_N40_focused_batch60_odb_teacher_extraction,stage3_run39_native_N24_N40_focused_batch60_v01,40,S3R39N2440B60_N40_B23_graph_pointer,False,J2D_S3R39N2440B60_N40_B23_graph_pointer,True,J2D_S3R39N2440B60_N40_B23_graph_pointer,E:\Projects\RL-LAM-ScanOpt\cae_model\stage3_run39_native_N24_N40_focused_batch60_v01\N40S3R39N2440B60_N40_B23_graph_pointer,E:\Projects\RL-LAM-ScanOpt\cae_model\stage3_run39_native_N24_N40_focused_batch60_v01\N40S3R39N2440B60_N40_B23_graph_pointer\J2D_S3R39N2440B60_N40_B23_graph_pointer.inp,E:\Projects\RL-LAM-ScanOpt\cae_model\stage3_run39_native_N24_N40_focused_batch60_v01\N40S3R39N2440B60_N40_B23_graph_pointer\J2D_S3R39N2440B60_N40_B23_graph_pointer.sta,E:\Projects\RL-LAM-ScanOpt\cae_model\stage3_run39_native_N24_N40_focused_batch60_v01\N40S3R39N2440B60_N40_B23_graph_pointer\J2D_S3R39N2440B60_N40_B23_graph_pointer.dat,E:\Projects\RL-LAM-ScanOpt\cae_model\stage3_run39_native_N24_N40_focused_batch60_v01\N40S3R39N2440B60_N40_B23_graph_pointer\J2D_S3R39N2440B60_N40_B23_graph_pointer.msg,E:\Projects\RL-LAM-ScanOpt\cae_model\stage3_run39_native_N24_N40_focused_batch60_v01\N40S3R39N2440B60_N40_B23_graph_pointer\J2D_S3R39N2440B60_N40_B23_graph_pointer.odb,,True,True,True,True,507204184,False,True,False,False,False,True,WARNING_SUCCESS_WITH_WARNINGS,complete_with_nonfatal_warnings,  81    28   1     0     2     2  789.       645.       60.00 |   81    29   1     0     2     2  849.       705.       60.00 |   81    30   1     0     2     2  909.       765.       60.00 |   81    31   1     0     2     2  969.       825.       60.00 |   81    32   1     0     2     2  1.03e+03   885.       60.00 |   81    33   1     0     2     2  1.09e+03   945.       60.00 |   81    34   1     0     2     2  1.15e+03   1.01e+03   60.00 |   81    35   1     0     2     2  1.21e+03   1.07e+03   60.00 |   81    36   1     0     2     2  1.27e+03   1.13e+03   60.00 |   81    37   1     0     2     2  1.33e+03   1.19e+03   60.00 |   81    38   1     0     1     1  1.34e+03   1.20e+03   14.55 |  THE ANALYSIS HAS COMPLETED SUCCESSFULLY,                       0  ADDITIONAL OPERATOR EVALUATIONS FOR LINE SEARCHES |                        1  WARNING MESSAGES DURING USER INPUT PROCESSING |                     1113  WARNING MESSAGES DURING ANALYSIS |                        0  ANALYSIS WARNINGS ARE NUMERICAL PROBLEM MESSAGES |                        1  ANALYSIS WARNINGS ARE NEGATIVE EIGENVALUE MESSAGES |                        0  ERROR MESSAGES |      JOB TIME SUMMARY |        USER TIME (SEC)      =     2.51E+03 |        SYSTEM TIME (SEC)    =     3.18E+02 |        TOTAL CPU TIME (SEC) =     2.82E+03 |        WALLCLOCK TIME (SEC) =          837 |        MEMORY PEAK (GB)     =            0,"enqueue --inp ""E:\Projects\RL-LAM-ScanOpt\cae_model\stage3_run39_native_N24_N40_focused_batch60_v01\N40S3R39N2440B60_N40_B23_graph_pointer\J2D_S3R39N2440B60_N40_B23_graph_pointer.inp"" --cpus 14 --batch stage3_run39_native_N24_N40_focused_batch60_v01 --strategy S3R39N2440B60_N40_B23_graph_pointer"
run_41_native_N24_N40_focused_batch60_odb_teacher_extraction,stage3_run39_native_N24_N40_focused_batch60_v01,40,S3R39N2440B60_N40_B24_diversity,False,J2D_S3R39N2440B60_N40_B24_diversity,True,J2D_S3R39N2440B60_N40_B24_diversity,E:\Projects\RL-LAM-ScanOpt\cae_model\stage3_run39_native_N24_N40_focused_batch60_v01\N40S3R39N2440B60_N40_B24_diversity,E:\Projects\RL-LAM-ScanOpt\cae_model\stage3_run39_native_N24_N40_focused_batch60_v01\N40S3R39N2440B60_N40_B24_diversity\J2D_S3R39N2440B60_N40_B24_diversity.inp,E:\Projects\RL-LAM-ScanOpt\cae_model\stage3_run39_native_N24_N40_focused_batch60_v01\N40S3R39N2440B60_N40_B24_diversity\J2D_S3R39N2440B60_N40_B24_diversity.sta,E:\Projects\RL-LAM-ScanOpt\cae_model\stage3_run39_native_N24_N40_focused_batch60_v01\N40S3R39N2440B60_N40_B24_diversity\J2D_S3R39N2440B60_N40_B24_diversity.dat,E:\Projects\RL-LAM-ScanOpt\cae_model\stage3_run39_native_N24_N40_focused_batch60_v01\N40S3R39N2440B60_N40_B24_diversity\J2D_S3R39N2440B60_N40_B24_diversity.msg,E:\Projects\RL-LAM-ScanOpt\cae_model\stage3_run39_native_N24_N40_focused_batch60_v01\N40S3R39N2440B60_N40_B24_diversity\J2D_S3R39N2440B60_N40_B24_diversity.odb,,True,True,True,True,510545332,False,True,False,False,False,True,WARNING_SUCCESS_WITH_WARNINGS,complete_with_nonfatal_warnings,  81    28   1     0     2     2  748.       604.       60.00 |   81    29   1     0     2     2  808.       664.       60.00 |   81    30   1     0     2     2  868.       724.       60.00 |   81    31   1     0     2     2  928.       784.       60.00 |   81    32   1     0     2     2  988.       844.       60.00 |   81    33   1     0     2     2  1.05e+03   904.       60.00 |   81    34   1     0     2     2  1.11e+03   964.       60.00 |   81    35   1     0     2     2  1.17e+03   1.02e+03   60.00 |   81    36   1     0     2     2  1.23e+03   1.08e+03   60.00 |   81    37   1     0     2     2  1.29e+03   1.14e+03   60.00 |   81    38   1     0     2     2  1.34e+03   1.20e+03   55.75 |  THE ANALYSIS HAS COMPLETED SUCCESSFULLY,                       0  ADDITIONAL OPERATOR EVALUATIONS FOR LINE SEARCHES |                        1  WARNING MESSAGES DURING USER INPUT PROCESSING |                     1104  WARNING MESSAGES DURING ANALYSIS |                        0  ANALYSIS WARNINGS ARE NUMERICAL PROBLEM MESSAGES |                        1  ANALYSIS WARNINGS ARE NEGATIVE EIGENVALUE MESSAGES |                        0  ERROR MESSAGES |      JOB TIME SUMMARY |        USER TIME (SEC)      =     2.38E+03 |        SYSTEM TIME (SEC)    =     3.06E+02 |        TOTAL CPU TIME (SEC) =     2.68E+03 |        WALLCLOCK TIME (SEC) =          818 |        MEMORY PEAK (GB)     =            0,"enqueue --inp ""E:\Projects\RL-LAM-ScanOpt\cae_model\stage3_run39_native_N24_N40_focused_batch60_v01\N40S3R39N2440B60_N40_B24_diversity\J2D_S3R39N2440B60_N40_B24_diversity.inp"" --cpus 14 --batch stage3_run39_native_N24_N40_focused_batch60_v01 --strategy S3R39N2440B60_N40_B24_diversity"
run_41_native_N24_N40_focused_batch60_odb_teacher_extraction,stage3_run39_native_N24_N40_focused_batch60_v01,40,S3R39N2440B60_N40_B25_diversity,False,J2D_S3R39N2440B60_N40_B25_diversity,True,J2D_S3R39N2440B60_N40_B25_diversity,E:\Projects\RL-LAM-ScanOpt\cae_model\stage3_run39_native_N24_N40_focused_batch60_v01\N40S3R39N2440B60_N40_B25_diversity,E:\Projects\RL-LAM-ScanOpt\cae_model\stage3_run39_native_N24_N40_focused_batch60_v01\N40S3R39N2440B60_N40_B25_diversity\J2D_S3R39N2440B60_N40_B25_diversity.inp,E:\Projects\RL-LAM-ScanOpt\cae_model\stage3_run39_native_N24_N40_focused_batch60_v01\N40S3R39N2440B60_N40_B25_diversity\J2D_S3R39N2440B60_N40_B25_diversity.sta,E:\Projects\RL-LAM-ScanOpt\cae_model\stage3_run39_native_N24_N40_focused_batch60_v01\N40S3R39N2440B60_N40_B25_diversity\J2D_S3R39N2440B60_N40_B25_diversity.dat,E:\Projects\RL-LAM-ScanOpt\cae_model\stage3_run39_native_N24_N40_focused_batch60_v01\N40S3R39N2440B60_N40_B25_diversity\J2D_S3R39N2440B60_N40_B25_diversity.msg,E:\Projects\RL-LAM-ScanOpt\cae_model\stage3_run39_native_N24_N40_focused_batch60_v01\N40S3R39N2440B60_N40_B25_diversity\J2D_S3R39N2440B60_N40_B25_diversity.odb,,True,True,True,True,507600908,False,True,False,False,False,True,WARNING_SUCCESS_WITH_WARNINGS,complete_with_nonfatal_warnings,  81    28   1     0     2     2  748.       604.       60.00 |   81    29   1     0     2     2  808.       664.       60.00 |   81    30   1     0     2     2  868.       724.       60.00 |   81    31   1     0     2     2  928.       784.       60.00 |   81    32   1     0     2     2  988.       844.       60.00 |   81    33   1     0     2     2  1.05e+03   904.       60.00 |   81    34   1     0     2     2  1.11e+03   964.       60.00 |   81    35   1     0     2     2  1.17e+03   1.02e+03   60.00 |   81    36   1     0     2     2  1.23e+03   1.08e+03   60.00 |   81    37   1     0     2     2  1.29e+03   1.14e+03   60.00 |   81    38   1     0     2     2  1.34e+03   1.20e+03   55.75 |  THE ANALYSIS HAS COMPLETED SUCCESSFULLY,                       0  ADDITIONAL OPERATOR EVALUATIONS FOR LINE SEARCHES |                        1  WARNING MESSAGES DURING USER INPUT PROCESSING |                     1096  WARNING MESSAGES DURING ANALYSIS |                        0  ANALYSIS WARNINGS ARE NUMERICAL PROBLEM MESSAGES |                        0  ANALYSIS WARNINGS ARE NEGATIVE EIGENVALUE MESSAGES |                        0  ERROR MESSAGES |      JOB TIME SUMMARY |        USER TIME (SEC)      =     2.22E+03 |        SYSTEM TIME (SEC)    =     3.11E+02 |        TOTAL CPU TIME (SEC) =     2.54E+03 |        WALLCLOCK TIME (SEC) =          795 |        MEMORY PEAK (GB)     =            0,"enqueue --inp ""E:\Projects\RL-LAM-ScanOpt\cae_model\stage3_run39_native_N24_N40_focused_batch60_v01\N40S3R39N2440B60_N40_B25_diversity\J2D_S3R39N2440B60_N40_B25_diversity.inp"" --cpus 14 --batch stage3_run39_native_N24_N40_focused_batch60_v01 --strategy S3R39N2440B60_N40_B25_diversity"
run_41_native_N24_N40_focused_batch60_odb_teacher_extraction,stage3_run39_native_N24_N40_focused_batch60_v01,40,S3R39N2440B60_N40_B26_diversity,False,J2D_S3R39N2440B60_N40_B26_diversity,True,J2D_S3R39N2440B60_N40_B26_diversity,E:\Projects\RL-LAM-ScanOpt\cae_model\stage3_run39_native_N24_N40_focused_batch60_v01\N40S3R39N2440B60_N40_B26_diversity,E:\Projects\RL-LAM-ScanOpt\cae_model\stage3_run39_native_N24_N40_focused_batch60_v01\N40S3R39N2440B60_N40_B26_diversity\J2D_S3R39N2440B60_N40_B26_diversity.inp,E:\Projects\RL-LAM-ScanOpt\cae_model\stage3_run39_native_N24_N40_focused_batch60_v01\N40S3R39N2440B60_N40_B26_diversity\J2D_S3R39N2440B60_N40_B26_diversity.sta,E:\Projects\RL-LAM-ScanOpt\cae_model\stage3_run39_native_N24_N40_focused_batch60_v01\N40S3R39N2440B60_N40_B26_diversity\J2D_S3R39N2440B60_N40_B26_diversity.dat,E:\Projects\RL-LAM-ScanOpt\cae_model\stage3_run39_native_N24_N40_focused_batch60_v01\N40S3R39N2440B60_N40_B26_diversity\J2D_S3R39N2440B60_N40_B26_diversity.msg,E:\Projects\RL-LAM-ScanOpt\cae_model\stage3_run39_native_N24_N40_focused_batch60_v01\N40S3R39N2440B60_N40_B26_diversity\J2D_S3R39N2440B60_N40_B26_diversity.odb,,True,True,True,True,501777228,False,True,False,False,False,True,WARNING_SUCCESS_WITH_WARNINGS,complete_with_nonfatal_warnings,  81    28   1     0     2     2  748.       604.       60.00 |   81    29   1     0     2     2  808.       664.       60.00 |   81    30   1     0     2     2  868.       724.       60.00 |   81    31   1     0     2     2  928.       784.       60.00 |   81    32   1     0     2     2  988.       844.       60.00 |   81    33   1     0     2     2  1.05e+03   904.       60.00 |   81    34   1     0     2     2  1.11e+03   964.       60.00 |   81    35   1     0     2     2  1.17e+03   1.02e+03   60.00 |   81    36   1     0     2     2  1.23e+03   1.08e+03   60.00 |   81    37   1     0     2     2  1.29e+03   1.14e+03   60.00 |   81    38   1     0     2     2  1.34e+03   1.20e+03   55.75 |  THE ANALYSIS HAS COMPLETED SUCCESSFULLY,                       0  ADDITIONAL OPERATOR EVALUATIONS FOR LINE SEARCHES |                        1  WARNING MESSAGES DURING USER INPUT PROCESSING |                     1023  WARNING MESSAGES DURING ANALYSIS |                        0  ANALYSIS WARNINGS ARE NUMERICAL PROBLEM MESSAGES |                        1  ANALYSIS WARNINGS ARE NEGATIVE EIGENVALUE MESSAGES |                        0  ERROR MESSAGES |      JOB TIME SUMMARY |        USER TIME (SEC)      =     2.37E+03 |        SYSTEM TIME (SEC)    =     3.04E+02 |        TOTAL CPU TIME (SEC) =     2.67E+03 |        WALLCLOCK TIME (SEC) =          802 |        MEMORY PEAK (GB)     =            0,"enqueue --inp ""E:\Projects\RL-LAM-ScanOpt\cae_model\stage3_run39_native_N24_N40_focused_batch60_v01\N40S3R39N2440B60_N40_B26_diversity\J2D_S3R39N2440B60_N40_B26_diversity.inp"" --cpus 14 --batch stage3_run39_native_N24_N40_focused_batch60_v01 --strategy S3R39N2440B60_N40_B26_diversity"
run_41_native_N24_N40_focused_batch60_odb_teacher_extraction,stage3_run39_native_N24_N40_focused_batch60_v01,40,S3R39N2440B60_N40_B27_uncertainty,False,J2D_S3R39N2440B60_N40_B27_uncertainty,True,J2D_S3R39N2440B60_N40_B27_uncertainty,E:\Projects\RL-LAM-ScanOpt\cae_model\stage3_run39_native_N24_N40_focused_batch60_v01\N40S3R39N2440B60_N40_B27_uncertainty,E:\Projects\RL-LAM-ScanOpt\cae_model\stage3_run39_native_N24_N40_focused_batch60_v01\N40S3R39N2440B60_N40_B27_uncertainty\J2D_S3R39N2440B60_N40_B27_uncertainty.inp,E:\Projects\RL-LAM-ScanOpt\cae_model\stage3_run39_native_N24_N40_focused_batch60_v01\N40S3R39N2440B60_N40_B27_uncertainty\J2D_S3R39N2440B60_N40_B27_uncertainty.sta,E:\Projects\RL-LAM-ScanOpt\cae_model\stage3_run39_native_N24_N40_focused_batch60_v01\N40S3R39N2440B60_N40_B27_uncertainty\J2D_S3R39N2440B60_N40_B27_uncertainty.dat,E:\Projects\RL-LAM-ScanOpt\cae_model\stage3_run39_native_N24_N40_focused_batch60_v01\N40S3R39N2440B60_N40_B27_uncertainty\J2D_S3R39N2440B60_N40_B27_uncertainty.msg,E:\Projects\RL-LAM-ScanOpt\cae_model\stage3_run39_native_N24_N40_focused_batch60_v01\N40S3R39N2440B60_N40_B27_uncertainty\J2D_S3R39N2440B60_N40_B27_uncertainty.odb,,True,True,True,True,538596592,False,True,False,False,False,True,WARNING_SUCCESS_WITH_WARNINGS,complete_with_nonfatal_warnings,  81    30   1     0     2     2  782.       638.       60.00 |   81    31   1     0     2     2  842.       698.       60.00 |   81    32   1     0     2     2  902.       758.       60.00 |   81    33   1     0     2     2  962.       818.       60.00 |   81    34   1     0     2     2  1.02e+03   878.       60.00 |   81    35   1     0     2     2  1.08e+03   938.       60.00 |   81    36   1     0     2     2  1.14e+03   998.       60.00 |   81    37   1     0     2     2  1.20e+03   1.06e+03   60.00 |   81    38   1     0     2     2  1.26e+03   1.12e+03   60.00 |   81    39   1     0     2     2  1.32e+03   1.18e+03   60.00 |   81    40   1     0     1     1  1.34e+03   1.20e+03   22.43 |  THE ANALYSIS HAS COMPLETED SUCCESSFULLY,                       0  ADDITIONAL OPERATOR EVALUATIONS FOR LINE SEARCHES |                        1  WARNING MESSAGES DURING USER INPUT PROCESSING |                     2136  WARNING MESSAGES DURING ANALYSIS |                        0  ANALYSIS WARNINGS ARE NUMERICAL PROBLEM MESSAGES |                        3  ANALYSIS WARNINGS ARE NEGATIVE EIGENVALUE MESSAGES |                        0  ERROR MESSAGES |      JOB TIME SUMMARY |        USER TIME (SEC)      =     2.40E+03 |        SYSTEM TIME (SEC)    =     3.49E+02 |        TOTAL CPU TIME (SEC) =     2.75E+03 |        WALLCLOCK TIME (SEC) =          864 |        MEMORY PEAK (GB)     =            0,"enqueue --inp ""E:\Projects\RL-LAM-ScanOpt\cae_model\stage3_run39_native_N24_N40_focused_batch60_v01\N40S3R39N2440B60_N40_B27_uncertainty\J2D_S3R39N2440B60_N40_B27_uncertainty.inp"" --cpus 14 --batch stage3_run39_native_N24_N40_focused_batch60_v01 --strategy S3R39N2440B60_N40_B27_uncertainty"
run_41_native_N24_N40_focused_batch60_odb_teacher_extraction,stage3_run39_native_N24_N40_focused_batch60_v01,40,S3R39N2440B60_N40_B28_uncertainty,False,J2D_S3R39N2440B60_N40_B28_uncertainty,True,J2D_S3R39N2440B60_N40_B28_uncertainty,E:\Projects\RL-LAM-ScanOpt\cae_model\stage3_run39_native_N24_N40_focused_batch60_v01\N40S3R39N2440B60_N40_B28_uncertainty,E:\Projects\RL-LAM-ScanOpt\cae_model\stage3_run39_native_N24_N40_focused_batch60_v01\N40S3R39N2440B60_N40_B28_uncertainty\J2D_S3R39N2440B60_N40_B28_uncertainty.inp,E:\Projects\RL-LAM-ScanOpt\cae_model\stage3_run39_native_N24_N40_focused_batch60_v01\N40S3R39N2440B60_N40_B28_uncertainty\J2D_S3R39N2440B60_N40_B28_uncertainty.sta,E:\Projects\RL-LAM-ScanOpt\cae_model\stage3_run39_native_N24_N40_focused_batch60_v01\N40S3R39N2440B60_N40_B28_uncertainty\J2D_S3R39N2440B60_N40_B28_uncertainty.dat,E:\Projects\RL-LAM-ScanOpt\cae_model\stage3_run39_native_N24_N40_focused_batch60_v01\N40S3R39N2440B60_N40_B28_uncertainty\J2D_S3R39N2440B60_N40_B28_uncertainty.msg,E:\Projects\RL-LAM-ScanOpt\cae_model\stage3_run39_native_N24_N40_focused_batch60_v01\N40S3R39N2440B60_N40_B28_uncertainty\J2D_S3R39N2440B60_N40_B28_uncertainty.odb,,True,True,True,True,538592856,False,True,False,False,False,True,WARNING_SUCCESS_WITH_WARNINGS,complete_with_nonfatal_warnings,  81    30   1     0     2     2  782.       638.       60.00 |   81    31   1     0     2     2  842.       698.       60.00 |   81    32   1     0     2     2  902.       758.       60.00 |   81    33   1     0     2     2  962.       818.       60.00 |   81    34   1     0     2     2  1.02e+03   878.       60.00 |   81    35   1     0     2     2  1.08e+03   938.       60.00 |   81    36   1     0     2     2  1.14e+03   998.       60.00 |   81    37   1     0     2     2  1.20e+03   1.06e+03   60.00 |   81    38   1     0     2     2  1.26e+03   1.12e+03   60.00 |   81    39   1     0     2     2  1.32e+03   1.18e+03   60.00 |   81    40   1     0     1     1  1.34e+03   1.20e+03   22.43 |  THE ANALYSIS HAS COMPLETED SUCCESSFULLY,                       0  ADDITIONAL OPERATOR EVALUATIONS FOR LINE SEARCHES |                        1  WARNING MESSAGES DURING USER INPUT PROCESSING |                     2133  WARNING MESSAGES DURING ANALYSIS |                        0  ANALYSIS WARNINGS ARE NUMERICAL PROBLEM MESSAGES |                        3  ANALYSIS WARNINGS ARE NEGATIVE EIGENVALUE MESSAGES |                        0  ERROR MESSAGES |      JOB TIME SUMMARY |        USER TIME (SEC)      =     2.14E+03 |        SYSTEM TIME (SEC)    =     3.54E+02 |        TOTAL CPU TIME (SEC) =     2.49E+03 |        WALLCLOCK TIME (SEC) =          845 |        MEMORY PEAK (GB)     =            0,"enqueue --inp ""E:\Projects\RL-LAM-ScanOpt\cae_model\stage3_run39_native_N24_N40_focused_batch60_v01\N40S3R39N2440B60_N40_B28_uncertainty\J2D_S3R39N2440B60_N40_B28_uncertainty.inp"" --cpus 14 --batch stage3_run39_native_N24_N40_focused_batch60_v01 --strategy S3R39N2440B60_N40_B28_uncertainty"
run_41_native_N24_N40_focused_batch60_odb_teacher_extraction,stage3_run39_native_N24_N40_focused_batch60_v01,40,S3R39N2440B60_N40_B29_uncertainty,False,J2D_S3R39N2440B60_N40_B29_uncertainty,True,J2D_S3R39N2440B60_N40_B29_uncertainty,E:\Projects\RL-LAM-ScanOpt\cae_model\stage3_run39_native_N24_N40_focused_batch60_v01\N40S3R39N2440B60_N40_B29_uncertainty,E:\Projects\RL-LAM-ScanOpt\cae_model\stage3_run39_native_N24_N40_focused_batch60_v01\N40S3R39N2440B60_N40_B29_uncertainty\J2D_S3R39N2440B60_N40_B29_uncertainty.inp,E:\Projects\RL-LAM-ScanOpt\cae_model\stage3_run39_native_N24_N40_focused_batch60_v01\N40S3R39N2440B60_N40_B29_uncertainty\J2D_S3R39N2440B60_N40_B29_uncertainty.sta,E:\Projects\RL-LAM-ScanOpt\cae_model\stage3_run39_native_N24_N40_focused_batch60_v01\N40S3R39N2440B60_N40_B29_uncertainty\J2D_S3R39N2440B60_N40_B29_uncertainty.dat,E:\Projects\RL-LAM-ScanOpt\cae_model\stage3_run39_native_N24_N40_focused_batch60_v01\N40S3R39N2440B60_N40_B29_uncertainty\J2D_S3R39N2440B60_N40_B29_uncertainty.msg,E:\Projects\RL-LAM-ScanOpt\cae_model\stage3_run39_native_N24_N40_focused_batch60_v01\N40S3R39N2440B60_N40_B29_uncertainty\J2D_S3R39N2440B60_N40_B29_uncertainty.odb,,True,True,True,True,539459384,False,True,False,False,False,True,WARNING_SUCCESS_WITH_WARNINGS,complete_with_nonfatal_warnings,  81    28   1     0     2     2  748.       604.       60.00 |   81    29   1     0     2     2  808.       664.       60.00 |   81    30   1     0     2     2  868.       724.       60.00 |   81    31   1     0     2     2  928.       784.       60.00 |   81    32   1     0     2     2  988.       844.       60.00 |   81    33   1     0     2     2  1.05e+03   904.       60.00 |   81    34   1     0     2     2  1.11e+03   964.       60.00 |   81    35   1     0     2     2  1.17e+03   1.02e+03   60.00 |   81    36   1     0     2     2  1.23e+03   1.08e+03   60.00 |   81    37   1     0     2     2  1.29e+03   1.14e+03   60.00 |   81    38   1     0     2     2  1.34e+03   1.20e+03   55.75 |  THE ANALYSIS HAS COMPLETED SUCCESSFULLY,                       0  ADDITIONAL OPERATOR EVALUATIONS FOR LINE SEARCHES |                        1  WARNING MESSAGES DURING USER INPUT PROCESSING |                     2131  WARNING MESSAGES DURING ANALYSIS |                        0  ANALYSIS WARNINGS ARE NUMERICAL PROBLEM MESSAGES |                        4  ANALYSIS WARNINGS ARE NEGATIVE EIGENVALUE MESSAGES |                        0  ERROR MESSAGES |      JOB TIME SUMMARY |        USER TIME (SEC)      =     1.66E+03 |        SYSTEM TIME (SEC)    =     3.50E+02 |        TOTAL CPU TIME (SEC) =     2.02E+03 |        WALLCLOCK TIME (SEC) =          777 |        MEMORY PEAK (GB)     =            0,"enqueue --inp ""E:\Projects\RL-LAM-ScanOpt\cae_model\stage3_run39_native_N24_N40_focused_batch60_v01\N40S3R39N2440B60_N40_B29_uncertainty\J2D_S3R39N2440B60_N40_B29_uncertainty.inp"" --cpus 14 --batch stage3_run39_native_N24_N40_focused_batch60_v01 --strategy S3R39N2440B60_N40_B29_uncertainty"
run_41_native_N24_N40_focused_batch60_odb_teacher_extraction,stage3_run39_native_N24_N40_focused_batch60_v01,40,S3R39N2440B60_N40_B30_sentinel,False,J2D_S3R39N2440B60_N40_B30_sentinel,True,J2D_S3R39N2440B60_N40_B30_sentinel,E:\Projects\RL-LAM-ScanOpt\cae_model\stage3_run39_native_N24_N40_focused_batch60_v01\N40S3R39N2440B60_N40_B30_sentinel,E:\Projects\RL-LAM-ScanOpt\cae_model\stage3_run39_native_N24_N40_focused_batch60_v01\N40S3R39N2440B60_N40_B30_sentinel\J2D_S3R39N2440B60_N40_B30_sentinel.inp,E:\Projects\RL-LAM-ScanOpt\cae_model\stage3_run39_native_N24_N40_focused_batch60_v01\N40S3R39N2440B60_N40_B30_sentinel\J2D_S3R39N2440B60_N40_B30_sentinel.sta,E:\Projects\RL-LAM-ScanOpt\cae_model\stage3_run39_native_N24_N40_focused_batch60_v01\N40S3R39N2440B60_N40_B30_sentinel\J2D_S3R39N2440B60_N40_B30_sentinel.dat,E:\Projects\RL-LAM-ScanOpt\cae_model\stage3_run39_native_N24_N40_focused_batch60_v01\N40S3R39N2440B60_N40_B30_sentinel\J2D_S3R39N2440B60_N40_B30_sentinel.msg,E:\Projects\RL-LAM-ScanOpt\cae_model\stage3_run39_native_N24_N40_focused_batch60_v01\N40S3R39N2440B60_N40_B30_sentinel\J2D_S3R39N2440B60_N40_B30_sentinel.odb,,True,True,True,True,529694904,False,True,False,False,False,True,WARNING_SUCCESS_WITH_WARNINGS,complete_with_nonfatal_warnings,  81    28   1     0     2     2  789.       645.       60.00 |   81    29   1     0     2     2  849.       705.       60.00 |   81    30   1     0     2     2  909.       765.       60.00 |   81    31   1     0     2     2  969.       825.       60.00 |   81    32   1     0     2     2  1.03e+03   885.       60.00 |   81    33   1     0     2     2  1.09e+03   945.       60.00 |   81    34   1     0     2     2  1.15e+03   1.01e+03   60.00 |   81    35   1     0     2     2  1.21e+03   1.07e+03   60.00 |   81    36   1     0     2     2  1.27e+03   1.13e+03   60.00 |   81    37   1     0     2     2  1.33e+03   1.19e+03   60.00 |   81    38   1     0     1     1  1.34e+03   1.20e+03   14.55 |  THE ANALYSIS HAS COMPLETED SUCCESSFULLY,                       0  ADDITIONAL OPERATOR EVALUATIONS FOR LINE SEARCHES |                        1  WARNING MESSAGES DURING USER INPUT PROCESSING |                     1528  WARNING MESSAGES DURING ANALYSIS |                        0  ANALYSIS WARNINGS ARE NUMERICAL PROBLEM MESSAGES |                        6  ANALYSIS WARNINGS ARE NEGATIVE EIGENVALUE MESSAGES |                        0  ERROR MESSAGES |      JOB TIME SUMMARY |        USER TIME (SEC)      =     1.83E+03 |        SYSTEM TIME (SEC)    =     3.43E+02 |        TOTAL CPU TIME (SEC) =     2.17E+03 |        WALLCLOCK TIME (SEC) =          768 |        MEMORY PEAK (GB)     =            0,"enqueue --inp ""E:\Projects\RL-LAM-ScanOpt\cae_model\stage3_run39_native_N24_N40_focused_batch60_v01\N40S3R39N2440B60_N40_B30_sentinel\J2D_S3R39N2440B60_N40_B30_sentinel.inp"" --cpus 14 --batch stage3_run39_native_N24_N40_focused_batch60_v01 --strategy S3R39N2440B60_N40_B30_sentinel"
