n,strategy_name,dataset_source,candidate_source,order_json,order_compact,order_hash,teacher_metrics_extracted,teacher_validation_status,u2_range,peeq_max,surface_t_proxy,mises_max,predicted_reward_previous,conservative_reward_previous,surfaceT_only_false_positive_teacher,rank_u2,percentile_u2,is_top10_u2,is_top25_u2,rank_peeq,percentile_peeq,is_top10_peeq,is_top25_peeq,rank_surface_t,percentile_surface_t,is_top10_surface_t,is_top25_surface_t,rank_mises,percentile_mises,is_top10_mises,is_top25_mises,lex_rank_u2_peeq_surfacet,lex_percentile_u2_peeq_surfacet,is_top10_lex,is_top25_lex,reward_lex_primary_v03,reward_u2_guarded_v03,reward_topk_classifier_v03,ref_lex_rank_vs_combined552,reward_record_seeking_v03,combined552_best_u2,combined552_best_lex_key
24,N24_A01_raster_left_to_right,stage3_native_combined552,nan,"[0,1,2,3,4,5,6,7,8,9,10,11,12,13,14,15,16,17,18,19,20,21,22,23]","0,1,2,3,4,5,6,7,8,9,10,11,12,13,14,15,16,17,18,19,20,21,22,23",nan,True,PASS_ODB_EXTRACTED,0.0005523721708868,0.1892502903938293,587159872.0,579944256.0,,,False,208.0,0.9719626168224299,False,False,212.0,0.9906542056074766,False,False,204.0,0.9532710280373832,False,False,118.0,0.5514018691588785,False,False,208.0,0.9719626168224299,False,False,0.028169014084507005,0.011999999999999988,0.0,184.0,0.01111111111111111,2.9523077955673216e-05,"(np.float64(2.9523077955673216e-05), np.float64(0.1587531119585037), np.float64(582666368.0))"
24,N24_A02_odd_even_interlaced,stage3_native_combined552,nan,"[0,2,4,6,8,10,12,14,16,18,20,22,1,3,5,7,9,11,13,15,17,19,21,23]","0,2,4,6,8,10,12,14,16,18,20,22,1,3,5,7,9,11,13,15,17,19,21,23",nan,True,PASS_ODB_EXTRACTED,8.360300034837564e-05,0.1549861133098602,586226112.0,579943936.0,,,False,102.0,0.4766355140186916,False,False,62.0,0.2897196261682243,False,False,199.0,0.9299065420560748,False,False,91.0,0.4252336448598131,False,False,102.0,0.4766355140186916,False,False,0.5258215962441315,0.5269483568075117,0.0,102.0,0.16609715471026706,2.9523077955673216e-05,"(np.float64(2.9523077955673216e-05), np.float64(0.1587531119585037), np.float64(582666368.0))"
24,N24_A03_greedy_maximin_distance,stage3_native_combined552,nan,"[0,23,11,17,5,8,14,20,2,1,3,4,6,7,9,10,12,13,15,16,18,19,21,22]","0,23,11,17,5,8,14,20,2,1,3,4,6,7,9,10,12,13,15,16,18,19,21,22",nan,True,PASS_ODB_EXTRACTED,0.0002935029126547,0.1646057963371276,584637632.0,579944576.0,,,False,190.0,0.8878504672897196,False,False,189.0,0.883177570093458,False,False,177.0,0.8271028037383178,False,False,179.0,0.8364485981308412,False,False,190.0,0.8878504672897196,False,False,0.11267605633802813,0.05518309859154928,0.0,166.0,0.04444444444444444,2.9523077955673216e-05,"(np.float64(2.9523077955673216e-05), np.float64(0.1587531119585037), np.float64(582666368.0))"
24,N24_A04_method_c_u2_first_engineering,stage3_native_combined552,nan,"[0,2,4,6,8,10,12,14,16,18,20,22,11,9,7,5,3,1,13,15,17,19,21,23]","0,2,4,6,8,10,12,14,16,18,20,22,11,9,7,5,3,1,13,15,17,19,21,23",nan,True,PASS_ODB_EXTRACTED,5.621172385872342e-05,0.1543776392936706,581727232.0,579944640.0,,,False,51.0,0.2383177570093458,False,True,56.0,0.2616822429906542,False,False,29.0,0.13551401869158877,False,True,188.0,0.8785046728971962,False,False,51.0,0.2383177570093458,False,True,1.0152582159624413,0.7688262910798122,1.0,51.0,0.432619514936317,2.9523077955673216e-05,"(np.float64(2.9523077955673216e-05), np.float64(0.1587531119585037), np.float64(582666368.0))"
24,N24_A05_center_out,stage3_native_combined552,nan,"[11,12,10,13,9,14,8,15,7,16,6,17,5,18,4,19,3,20,2,21,1,22,0,23]","11,12,10,13,9,14,8,15,7,16,6,17,5,18,4,19,3,20,2,21,1,22,0,23",nan,True,PASS_ODB_EXTRACTED,0.0006265991143266,0.172961801290512,588072192.0,579944128.0,,,False,214.0,1.0,False,False,201.0,0.9392523364485982,False,False,209.0,0.9766355140186916,False,False,101.0,0.4719626168224299,False,False,214.0,1.0,False,False,0.0,0.005492957746478873,0.0,190.0,0.0,2.9523077955673216e-05,"(np.float64(2.9523077955673216e-05), np.float64(0.1587531119585037), np.float64(582666368.0))"
24,N24_A06_edge_in_alternating,stage3_native_combined552,nan,"[0,23,1,22,2,21,3,20,4,19,5,18,6,17,7,16,8,15,9,14,10,13,11,12]","0,23,1,22,2,21,3,20,4,19,5,18,6,17,7,16,8,15,9,14,10,13,11,12",nan,True,PASS_ODB_EXTRACTED,0.0005255469384337,0.1848475784063339,590591168.0,579942784.0,,,False,202.0,0.9439252336448598,False,False,211.0,0.985981308411215,False,False,213.0,0.9953271028037384,False,False,1.0,0.004672897196261682,True,True,202.0,0.9439252336448598,False,False,0.05633802816901412,0.02357746478873241,0.0,178.0,0.02222222222222222,2.9523077955673216e-05,"(np.float64(2.9523077955673216e-05), np.float64(0.1587531119585037), np.float64(582666368.0))"
24,N24_A07_regular_jump_coprime,stage3_native_combined552,nan,"[0,11,22,9,20,7,18,5,16,3,14,1,12,23,10,21,8,19,6,17,4,15,2,13]","0,11,22,9,20,7,18,5,16,3,14,1,12,23,10,21,8,19,6,17,4,15,2,13",nan,True,PASS_ODB_EXTRACTED,0.0002371341688558,0.1627264767885208,583243392.0,579943104.0,,,False,181.0,0.8457943925233645,False,False,180.0,0.8411214953271028,False,False,147.0,0.6869158878504673,False,False,5.0,0.02336448598130841,True,True,181.0,0.8457943925233645,False,False,0.15492957746478875,0.07571830985915494,0.0,157.0,0.06111111111111112,2.9523077955673216e-05,"(np.float64(2.9523077955673216e-05), np.float64(0.1587531119585037), np.float64(582666368.0))"
24,N24_A08_block_interleaved_quarters,stage3_native_combined552,nan,"[0,6,12,18,1,7,13,19,2,8,14,20,3,9,15,21,4,10,16,22,5,11,17,23]","0,6,12,18,1,7,13,19,2,8,14,20,3,9,15,21,4,10,16,22,5,11,17,23",nan,True,PASS_ODB_EXTRACTED,0.000624739785735,0.1546273678541183,584995648.0,579943744.0,,,False,212.0,0.9906542056074766,False,False,57.0,0.26635514018691586,False,False,183.0,0.8551401869158879,False,False,82.0,0.38317757009345793,False,False,212.0,0.9906542056074766,False,False,0.009389671361502372,0.0730985915492958,0.0,188.0,0.0037037037037037034,2.9523077955673216e-05,"(np.float64(2.9523077955673216e-05), np.float64(0.1587531119585037), np.float64(582666368.0))"
24,N24_A09_center_edge_alternating,stage3_native_combined552,nan,"[11,0,12,23,10,1,13,22,9,2,14,21,8,3,15,20,7,4,16,19,6,5,17,18]","11,0,12,23,10,1,13,22,9,2,14,21,8,3,15,20,7,4,16,19,6,5,17,18",nan,True,PASS_ODB_EXTRACTED,0.0005546370016418,0.1753909140825271,581775744.0,579943744.0,,,True,210.0,0.9813084112149533,False,False,204.0,0.9532710280373832,False,False,32.0,0.14953271028037382,False,True,82.0,0.38317757009345793,False,False,210.0,0.9813084112149533,False,False,0.018779342723004744,0.0,0.0,186.0,0.0,2.9523077955673216e-05,"(np.float64(2.9523077955673216e-05), np.float64(0.1587531119585037), np.float64(582666368.0))"
24,N24_A10_graph_pointer_policy_zero_shot_or_proxy_best,stage3_native_combined552,nan,"[0,23,2,11,4,17,6,5,8,10,14,12,20,16,1,18,3,22,7,9,13,15,19,21]","0,23,2,11,4,17,6,5,8,10,14,12,20,16,1,18,3,22,7,9,13,15,19,21",nan,True,PASS_ODB_EXTRACTED,0.0001888593301373,0.1541593670845031,583863616.0,579943360.0,,,False,164.0,0.7663551401869159,False,False,47.0,0.21962616822429906,False,True,167.0,0.780373831775701,False,False,16.0,0.07476635514018691,True,True,164.0,0.7663551401869159,False,False,0.23474178403755863,0.23957746478873232,0.0,142.0,0.08888888888888888,2.9523077955673216e-05,"(np.float64(2.9523077955673216e-05), np.float64(0.1587531119585037), np.float64(582666368.0))"
24,N24_A11_graph_pointer_policy_diverse_01,stage3_native_combined552,nan,"[0,11,23,22,1,9,20,2,7,21,18,3,5,16,4,19,14,12,6,17,10,8,15,13]","0,11,23,22,1,9,20,2,7,21,18,3,5,16,4,19,14,12,6,17,10,8,15,13",nan,True,PASS_ODB_EXTRACTED,0.0002307547981672,0.163732573390007,589194880.0,579943936.0,,,False,177.0,0.8271028037383178,False,False,185.0,0.8644859813084113,False,False,212.0,0.9906542056074766,False,False,91.0,0.4252336448598131,False,False,177.0,0.8271028037383178,False,False,0.17370892018779338,0.08104225352112675,0.0,153.0,0.06851851851851853,2.9523077955673216e-05,"(np.float64(2.9523077955673216e-05), np.float64(0.1587531119585037), np.float64(582666368.0))"
24,N24_A12_graph_pointer_policy_diverse_02,stage3_native_combined552,nan,"[9,14,8,15,7,16,6,17,5,18,4,19,3,20,2,21,1,22,0,23,11,12,10,13]","9,14,8,15,7,16,6,17,5,18,4,19,3,20,2,21,1,22,0,23,11,12,10,13",nan,True,PASS_ODB_EXTRACTED,0.0005429062013035,0.1641553044319152,583079232.0,579943936.0,,,False,204.0,0.9532710280373832,False,False,187.0,0.8738317757009346,False,False,136.0,0.6355140186915887,False,False,91.0,0.4252336448598131,False,False,204.0,0.9532710280373832,False,False,0.04694835680751175,0.030000000000000006,0.0,180.0,0.018518518518518517,2.9523077955673216e-05,"(np.float64(2.9523077955673216e-05), np.float64(0.1587531119585037), np.float64(582666368.0))"
24,N24_A13_graph_pointer_policy_anti_odd_even_novelty,stage3_native_combined552,nan,"[1,22,3,20,5,18,7,16,9,14,11,12,13,10,15,8,17,6,19,4,21,2,23,0]","1,22,3,20,5,18,7,16,9,14,11,12,13,10,15,8,17,6,19,4,21,2,23,0",nan,True,PASS_ODB_EXTRACTED,0.0002316626496394,0.1621642112731933,581204672.0,579944256.0,,,True,179.0,0.8364485981308412,False,False,171.0,0.7990654205607477,False,False,10.0,0.04672897196261682,True,True,118.0,0.5514018691588785,False,False,179.0,0.8364485981308412,False,False,0.16431924882629112,0.0,0.0,155.0,0.0,2.9523077955673216e-05,"(np.float64(2.9523077955673216e-05), np.float64(0.1587531119585037), np.float64(582666368.0))"
24,N24_A14_graph_pointer_policy_u2first_proxy,stage3_native_combined552,nan,"[0,11,2,12,4,10,6,13,8,9,14,15,16,7,18,20,22,17,1,5,3,19,21,23]","0,11,2,12,4,10,6,13,8,9,14,15,16,7,18,20,22,17,1,5,3,19,21,23",nan,True,PASS_ODB_EXTRACTED,0.0003735758580205,0.1622905135154724,583235840.0,579944640.0,,,False,193.0,0.9018691588785047,False,False,173.0,0.8084112149532711,False,False,146.0,0.6822429906542056,False,False,188.0,0.8785046728971962,False,False,193.0,0.9018691588785047,False,False,0.09859154929577463,0.056366197183098585,0.0,169.0,0.0388888888888889,2.9523077955673216e-05,"(np.float64(2.9523077955673216e-05), np.float64(0.1587531119585037), np.float64(582666368.0))"
24,N24_A15_graph_pointer_policy_balanced_dispersion_proxy,stage3_native_combined552,nan,"[0,11,23,12,10,17,13,5,9,8,14,20,15,2,7,1,16,3,6,4,18,19,21,22]","0,11,23,12,10,17,13,5,9,8,14,20,15,2,7,1,16,3,6,4,18,19,21,22",nan,True,PASS_ODB_EXTRACTED,0.0004410466524404,0.1661432981491089,583990144.0,579944128.0,,,False,198.0,0.9252336448598131,False,False,194.0,0.9065420560747663,False,False,169.0,0.7897196261682243,False,False,101.0,0.4719626168224299,False,False,198.0,0.9252336448598131,False,False,0.07511737089201875,0.03819718309859155,0.0,174.0,0.029629629629629627,2.9523077955673216e-05,"(np.float64(2.9523077955673216e-05), np.float64(0.1587531119585037), np.float64(582666368.0))"
40,N40_A01_raster_left_to_right,stage3_native_combined552,nan,"[0,1,2,3,4,5,6,7,8,9,10,11,12,13,14,15,16,17,18,19,20,21,22,23,24,25,26,27,28,29,30,31,32,33,34,35,36,37,38,39]","0,1,2,3,4,5,6,7,8,9,10,11,12,13,14,15,16,17,18,19,20,21,22,23,24,25,26,27,28,29,30,31,32,33,34,35,36,37,38,39",nan,True,PASS_ODB_EXTRACTED,0.0015270577277988,0.200013056397438,585953088.0,579928512.0,,,False,218.0,0.9478260869565217,False,False,228.0,0.991304347826087,False,False,190.0,0.8260869565217391,False,False,223.0,0.9695652173913043,False,False,218.0,0.9478260869565217,False,False,0.05240174672489084,0.02153711790393014,0.0,194.0,0.0204878048780488,4.5779268475598656e-05,"(np.float64(4.5779268475598656e-05), np.float64(0.1553586423397064), np.float64(581956288.0))"
40,N40_A02_odd_even_interlaced,stage3_native_combined552,nan,"[0,2,4,6,8,10,12,14,16,18,20,22,24,26,28,30,32,34,36,38,1,3,5,7,9,11,13,15,17,19,21,23,25,27,29,31,33,35,37,39]","0,2,4,6,8,10,12,14,16,18,20,22,24,26,28,30,32,34,36,38,1,3,5,7,9,11,13,15,17,19,21,23,25,27,29,31,33,35,37,39",nan,True,PASS_ODB_EXTRACTED,0.0001595688736415,0.1578081995248794,587307392.0,579927744.0,,,False,111.0,0.4826086956521739,False,False,113.0,0.49130434782608695,False,False,201.0,0.8739130434782608,False,False,204.0,0.8869565217391304,False,False,111.0,0.4826086956521739,False,False,0.519650655021834,0.48646288209606986,0.0,111.0,0.1621951219512195,4.5779268475598656e-05,"(np.float64(4.5779268475598656e-05), np.float64(0.1553586423397064), np.float64(581956288.0))"
40,N40_A03_greedy_maximin_distance,stage3_native_combined552,nan,"[0,39,19,29,9,14,24,34,4,2,6,11,16,21,26,31,36,1,3,5,7,8,10,12,13,15,17,18,20,22,23,25,27,28,30,32,33,35,37,38]","0,39,19,29,9,14,24,34,4,2,6,11,16,21,26,31,36,1,3,5,7,8,10,12,13,15,17,18,20,22,23,25,27,28,30,32,33,35,37,38",nan,True,PASS_ODB_EXTRACTED,0.0006838651936504,0.1606565862894058,585288896.0,579926656.0,,,False,183.0,0.7956521739130434,False,False,143.0,0.6217391304347826,False,False,181.0,0.7869565217391304,False,False,100.0,0.43478260869565216,False,False,183.0,0.7956521739130434,False,False,0.20524017467248912,0.11546724890829696,0.0,160.0,0.07853658536585365,4.5779268475598656e-05,"(np.float64(4.5779268475598656e-05), np.float64(0.1553586423397064), np.float64(581956288.0))"
40,N40_A04_method_c_u2_first_engineering,stage3_native_combined552,nan,"[0,2,4,6,8,10,12,14,16,18,20,22,24,26,28,30,32,34,36,38,19,17,15,13,11,9,7,5,3,1,21,23,25,27,29,31,33,35,37,39]","0,2,4,6,8,10,12,14,16,18,20,22,24,26,28,30,32,34,36,38,19,17,15,13,11,9,7,5,3,1,21,23,25,27,29,31,33,35,37,39",nan,True,PASS_ODB_EXTRACTED,0.0001108189990191,0.153950959444046,582221504.0,579926528.0,,,False,86.0,0.3739130434782609,False,False,70.0,0.30434782608695654,False,False,85.0,0.3695652173913043,False,False,69.0,0.3,False,False,86.0,0.3739130434782609,False,False,0.62882096069869,0.6431441048034935,0.0,86.0,0.2679775071839017,4.5779268475598656e-05,"(np.float64(4.5779268475598656e-05), np.float64(0.1553586423397064), np.float64(581956288.0))"
40,N40_A05_center_out,stage3_native_combined552,nan,"[19,20,18,21,17,22,16,23,15,24,14,25,13,26,12,27,11,28,10,29,9,30,8,31,7,32,6,33,5,34,4,35,3,36,2,37,1,38,0,39]","19,20,18,21,17,22,16,23,15,24,14,25,13,26,12,27,11,28,10,29,9,30,8,31,7,32,6,33,5,34,4,35,3,36,2,37,1,38,0,39",nan,True,PASS_ODB_EXTRACTED,0.0018341616960242,0.1796219497919082,588607232.0,579925632.0,,,False,227.0,0.9869565217391304,False,False,222.0,0.9652173913043478,False,False,213.0,0.9260869565217391,False,False,20.0,0.08695652173913043,True,True,227.0,0.9869565217391304,False,False,0.013100436681222738,0.008331877729257652,0.0,203.0,0.0051219512195122,4.5779268475598656e-05,"(np.float64(4.5779268475598656e-05), np.float64(0.1553586423397064), np.float64(581956288.0))"
40,N40_A06_edge_in_alternating,stage3_native_combined552,nan,"[0,39,1,38,2,37,3,36,4,35,5,34,6,33,7,32,8,31,9,30,10,29,11,28,12,27,13,26,14,25,15,24,16,23,17,22,18,21,19,20]","0,39,1,38,2,37,3,36,4,35,5,34,6,33,7,32,8,31,9,30,10,29,11,28,12,27,13,26,14,25,15,24,16,23,17,22,18,21,19,20",nan,True,PASS_ODB_EXTRACTED,0.0016398808220401,0.2005691230297088,595556480.0,579926400.0,,,False,221.0,0.9608695652173913,False,False,230.0,1.0,False,False,227.0,0.9869565217391304,False,False,59.0,0.2565217391304348,False,False,221.0,0.9608695652173913,False,False,0.0393013100436681,0.01556331877729257,0.0,197.0,0.015365853658536597,4.5779268475598656e-05,"(np.float64(4.5779268475598656e-05), np.float64(0.1553586423397064), np.float64(581956288.0))"
40,N40_A07_regular_jump_coprime,stage3_native_combined552,nan,"[0,13,26,39,12,25,38,11,24,37,10,23,36,9,22,35,8,21,34,7,20,33,6,19,32,5,18,31,4,17,30,3,16,29,2,15,28,1,14,27]","0,13,26,39,12,25,38,11,24,37,10,23,36,9,22,35,8,21,34,7,20,33,6,19,32,5,18,31,4,17,30,3,16,29,2,15,28,1,14,27",nan,True,PASS_ODB_EXTRACTED,0.0020766726229339,0.1631038337945938,595582528.0,579924032.0,,,False,230.0,1.0,False,False,168.0,0.7304347826086957,False,False,228.0,0.991304347826087,False,False,1.0,0.004347826086956522,True,True,230.0,1.0,False,False,0.0,0.024366812227074236,0.0,206.0,0.0,4.5779268475598656e-05,"(np.float64(4.5779268475598656e-05), np.float64(0.1553586423397064), np.float64(581956288.0))"
40,N40_A08_block_interleaved_quarters,stage3_native_combined552,nan,"[0,10,20,30,1,11,21,31,2,12,22,32,3,13,23,33,4,14,24,34,5,15,25,35,6,16,26,36,7,17,27,37,8,18,28,38,9,19,29,39]","0,10,20,30,1,11,21,31,2,12,22,32,3,13,23,33,4,14,24,34,5,15,25,35,6,16,26,36,7,17,27,37,8,18,28,38,9,19,29,39",nan,True,PASS_ODB_EXTRACTED,0.0020561176352202,0.1575537621974945,594139136.0,579924416.0,,,False,229.0,0.9956521739130435,False,False,109.0,0.47391304347826085,False,False,226.0,0.9826086956521739,False,False,4.0,0.017391304347826087,True,True,229.0,0.9956521739130435,False,False,0.004366812227074246,0.05069868995633189,0.0,205.0,0.0017073170731707332,4.5779268475598656e-05,"(np.float64(4.5779268475598656e-05), np.float64(0.1553586423397064), np.float64(581956288.0))"
40,N40_A09_center_edge_alternating,stage3_native_combined552,nan,"[19,0,20,39,18,1,21,38,17,2,22,37,16,3,23,36,15,4,24,35,14,5,25,34,13,6,26,33,12,7,27,32,11,8,28,31,10,9,29,30]","19,0,20,39,18,1,21,38,17,2,22,37,16,3,23,36,15,4,24,35,14,5,25,34,13,6,26,33,12,7,27,32,11,8,28,31,10,9,29,30",nan,True,PASS_ODB_EXTRACTED,0.0018988421652466,0.177616149187088,588119552.0,579924096.0,,,False,228.0,0.991304347826087,False,False,220.0,0.9565217391304348,False,False,210.0,0.9130434782608695,False,False,2.0,0.008695652173913044,True,True,228.0,0.991304347826087,False,False,0.008733624454148492,0.007388646288209615,0.0,204.0,0.0034146341463414664,4.5779268475598656e-05,"(np.float64(4.5779268475598656e-05), np.float64(0.1553586423397064), np.float64(581956288.0))"
40,N40_A10_graph_pointer_policy_zero_shot_or_proxy_best,stage3_native_combined552,nan,"[0,39,2,19,4,29,6,9,8,14,10,24,12,34,16,18,20,11,22,21,26,28,31,30,36,32,1,3,5,38,7,13,15,17,23,25,27,33,35,37]","0,39,2,19,4,29,6,9,8,14,10,24,12,34,16,18,20,11,22,21,26,28,31,30,36,32,1,3,5,38,7,13,15,17,23,25,27,33,35,37",nan,True,PASS_ODB_EXTRACTED,0.000760835359415,0.1565078347921371,585921600.0,579925632.0,,,False,194.0,0.8434782608695652,False,False,104.0,0.45217391304347826,False,False,187.0,0.8130434782608695,False,False,20.0,0.08695652173913043,True,True,194.0,0.8434782608695652,False,False,0.15720524017467252,0.16270742358078605,0.0,170.0,0.061463414634146354,4.5779268475598656e-05,"(np.float64(4.5779268475598656e-05), np.float64(0.1553586423397064), np.float64(581956288.0))"
40,N40_A11_graph_pointer_policy_diverse_01,stage3_native_combined552,nan,"[0,13,39,26,1,38,12,2,25,37,3,11,36,24,4,35,10,5,23,34,6,9,33,22,7,32,8,21,31,30,20,29,19,28,27,18,14,17,15,16]","0,13,39,26,1,38,12,2,25,37,3,11,36,24,4,35,10,5,23,34,6,9,33,22,7,32,8,21,31,30,20,29,19,28,27,18,14,17,15,16",nan,True,PASS_ODB_EXTRACTED,0.0017065715510398,0.1783028244972229,591114368.0,579925952.0,,,False,223.0,0.9695652173913043,False,False,221.0,0.9608695652173913,False,False,224.0,0.9739130434782609,False,False,29.0,0.12608695652173912,False,True,223.0,0.9695652173913043,False,False,0.03056768558951961,0.015641921397379896,0.0,199.0,0.011951219512195133,4.5779268475598656e-05,"(np.float64(4.5779268475598656e-05), np.float64(0.1553586423397064), np.float64(581956288.0))"
40,N40_A12_graph_pointer_policy_diverse_02,stage3_native_combined552,nan,"[15,24,14,25,13,26,12,27,11,28,10,29,9,30,8,31,7,32,6,33,5,34,4,35,3,36,2,37,1,38,0,39,19,20,18,21,17,22,16,23]","15,24,14,25,13,26,12,27,11,28,10,29,9,30,8,31,7,32,6,33,5,34,4,35,3,36,2,37,1,38,0,39,19,20,18,21,17,22,16,23",nan,True,PASS_ODB_EXTRACTED,0.0017555009108036,0.172971487045288,584625472.0,579924800.0,,,False,226.0,0.9826086956521739,False,False,211.0,0.9173913043478261,False,False,168.0,0.7304347826086957,False,False,6.0,0.02608695652173913,True,True,226.0,0.9826086956521739,False,False,0.017467248908296984,0.014384279475982548,0.0,202.0,0.006829268292682933,4.5779268475598656e-05,"(np.float64(4.5779268475598656e-05), np.float64(0.1553586423397064), np.float64(581956288.0))"
40,N40_A13_graph_pointer_policy_anti_odd_even_novelty,stage3_native_combined552,nan,"[1,38,3,36,5,34,7,32,9,30,11,28,13,26,15,24,17,22,19,20,21,18,23,16,25,14,27,12,29,10,31,8,33,6,35,4,37,2,39,0]","1,38,3,36,5,34,7,32,9,30,11,28,13,26,15,24,17,22,19,20,21,18,23,16,25,14,27,12,29,10,31,8,33,6,35,4,37,2,39,0",nan,True,PASS_ODB_EXTRACTED,0.0006711278786042,0.1731724888086319,581541824.0,579925760.0,,,True,179.0,0.7782608695652173,False,False,212.0,0.9217391304347826,False,False,7.0,0.030434782608695653,True,True,26.0,0.11304347826086956,False,True,179.0,0.7782608695652173,False,False,0.222707423580786,0.0,0.0,156.0,0.0,4.5779268475598656e-05,"(np.float64(4.5779268475598656e-05), np.float64(0.1553586423397064), np.float64(581956288.0))"
40,N40_A14_graph_pointer_policy_u2first_proxy,stage3_native_combined552,nan,"[0,19,2,20,4,18,6,21,8,17,10,22,12,16,14,23,15,24,25,13,26,28,30,27,32,11,34,36,38,29,1,9,3,5,7,31,33,35,37,39]","0,19,2,20,4,18,6,21,8,17,10,22,12,16,14,23,15,24,25,13,26,28,30,27,32,11,34,36,38,29,1,9,3,5,7,31,33,35,37,39",nan,True,PASS_ODB_EXTRACTED,0.0011768606042323,0.1633206307888031,585949184.0,579927232.0,,,False,210.0,0.9130434782608695,False,False,170.0,0.7391304347826086,False,False,189.0,0.8217391304347826,False,False,126.0,0.5478260869565217,False,False,210.0,0.9130434782608695,False,False,0.0873362445414847,0.05816593886462881,0.0,186.0,0.03414634146341462,4.5779268475598656e-05,"(np.float64(4.5779268475598656e-05), np.float64(0.1553586423397064), np.float64(581956288.0))"
40,N40_A15_graph_pointer_policy_balanced_dispersion_proxy,stage3_native_combined552,nan,"[0,19,39,20,18,29,21,9,17,14,22,24,16,34,23,4,15,2,6,11,25,13,26,12,31,27,36,1,28,3,10,5,7,8,30,32,33,35,37,38]","0,19,39,20,18,29,21,9,17,14,22,24,16,34,23,4,15,2,6,11,25,13,26,12,31,27,36,1,28,3,10,5,7,8,30,32,33,35,37,38",nan,True,PASS_ODB_EXTRACTED,0.0012380398286495,0.1692227870225906,585095872.0,579926784.0,,,False,212.0,0.9217391304347826,False,False,200.0,0.8695652173913043,False,False,176.0,0.7652173913043478,False,False,105.0,0.45652173913043476,False,False,212.0,0.9217391304347826,False,False,0.0786026200873362,0.042917030567685574,0.0,188.0,0.030731707317073156,4.5779268475598656e-05,"(np.float64(4.5779268475598656e-05), np.float64(0.1553586423397064), np.float64(581956288.0))"
24,S3B20_N24_B01_surrogate_top,stage3_native_combined552,nan,"[0,2,4,6,8,10,12,22,20,18,16,14,1,3,5,7,9,11,13,15,17,19,21,23]","0,2,4,6,8,10,12,22,20,18,16,14,1,3,5,7,9,11,13,15,17,19,21,23",nan,True,PASS_TEACHER_FIELDS_EXTRACTED,7.634673784195911e-05,0.1602428555488586,586730944.0,579944704.0,,,False,85.0,0.397196261682243,False,False,157.0,0.7336448598130841,False,False,202.0,0.9439252336448598,False,False,202.0,0.9439252336448598,False,False,85.0,0.397196261682243,False,False,0.6056338028169015,0.2933521126760564,0.0,85.0,0.23114175188916072,2.9523077955673216e-05,"(np.float64(2.9523077955673216e-05), np.float64(0.1587531119585037), np.float64(582666368.0))"
24,S3B20_N24_B02_diversity_top,stage3_native_combined552,nan,"[3,5,7,9,11,13,15,17,19,21,23,0,2,4,6,8,10,12,14,16,18,20,22,1]","3,5,7,9,11,13,15,17,19,21,23,0,2,4,6,8,10,12,14,16,18,20,22,1",nan,True,PASS_TEACHER_FIELDS_EXTRACTED,7.592932161060162e-05,0.1560772061347961,581836224.0,579944512.0,,,False,84.0,0.3925233644859813,False,False,82.0,0.38317757009345793,False,False,33.0,0.1542056074766355,False,True,170.0,0.794392523364486,False,False,84.0,0.3925233644859813,False,False,0.6103286384976525,0.6313615023474177,0.0,84.0,0.23511944563352233,2.9523077955673216e-05,"(np.float64(2.9523077955673216e-05), np.float64(0.1587531119585037), np.float64(582666368.0))"
24,S3B20_N24_B03_method_c_inspired,stage3_native_combined552,nan,"[0,23,11,17,5,8,14,20,2,1,3,4,6,7,9,12,10,13,15,16,18,19,21,22]","0,23,11,17,5,8,14,20,2,1,3,4,6,7,9,12,10,13,15,16,18,19,21,22",nan,True,PASS_TEACHER_FIELDS_EXTRACTED,0.0002536973042879,0.1650789976119995,584643072.0,579944576.0,,,False,185.0,0.8644859813084113,False,False,191.0,0.8925233644859814,False,False,178.0,0.8317757009345794,False,False,179.0,0.8364485981308412,False,False,185.0,0.8644859813084113,False,False,0.136150234741784,0.0636338028169014,0.0,161.0,0.05370370370370372,2.9523077955673216e-05,"(np.float64(2.9523077955673216e-05), np.float64(0.1587531119585037), np.float64(582666368.0))"
24,S3B20_N24_B04_surrogate_top,stage3_native_combined552,nan,"[0,2,4,6,8,10,12,14,16,18,20,22,11,9,7,5,3,1,13,15,17,23,21,19]","0,2,4,6,8,10,12,14,16,18,20,22,11,9,7,5,3,1,13,15,17,23,21,19",nan,True,PASS_TEACHER_FIELDS_EXTRACTED,5.741682798543479e-05,0.1594105213880539,581725376.0,579944832.0,,,False,52.0,0.24299065420560748,False,True,146.0,0.6822429906542056,False,False,28.0,0.1308411214953271,False,True,209.0,0.9766355140186916,False,False,52.0,0.24299065420560748,False,True,1.01056338028169,0.3650328638497653,1.0,52.0,0.41974414784704334,2.9523077955673216e-05,"(np.float64(2.9523077955673216e-05), np.float64(0.1587531119585037), np.float64(582666368.0))"
24,S3B20_N24_B05_surrogate_top,stage3_native_combined552,nan,"[0,4,8,2,6,10,12,14,16,18,20,22,11,9,7,5,3,1,13,15,17,19,21,23]","0,4,8,2,6,10,12,14,16,18,20,22,11,9,7,5,3,1,13,15,17,19,21,23",nan,True,PASS_TEACHER_FIELDS_EXTRACTED,9.08282927412074e-05,0.1536802798509597,581741824.0,579944640.0,,,True,111.0,0.5186915887850467,False,False,36.0,0.16822429906542055,False,True,30.0,0.14018691588785046,False,True,188.0,0.8785046728971962,False,False,111.0,0.5186915887850467,False,False,0.4835680751173709,0.07338028169014083,0.0,111.0,0.0,2.9523077955673216e-05,"(np.float64(2.9523077955673216e-05), np.float64(0.1587531119585037), np.float64(582666368.0))"
40,S3B20_N40_B01_surrogate_top,stage3_native_combined552,nan,"[0,2,4,6,8,10,12,14,16,18,20,22,24,26,28,38,36,34,32,30,9,7,5,3,1,11,13,15,17,19,21,23,25,27,29,31,33,35,37,39]","0,2,4,6,8,10,12,14,16,18,20,22,24,26,28,38,36,34,32,30,9,7,5,3,1,11,13,15,17,19,21,23,25,27,29,31,33,35,37,39",nan,True,PASS_TEACHER_FIELDS_EXTRACTED,0.0001138904335675,0.1606883257627487,582971072.0,579927616.0,,,False,91.0,0.39565217391304347,False,False,146.0,0.6347826086956522,False,False,115.0,0.5,False,False,196.0,0.8521739130434782,False,False,91.0,0.39565217391304347,False,False,0.6069868995633187,0.3137292576419214,0.0,91.0,0.24830032020014664,4.5779268475598656e-05,"(np.float64(4.5779268475598656e-05), np.float64(0.1553586423397064), np.float64(581956288.0))"
40,S3B20_N40_B02_diversity_top,stage3_native_combined552,nan,"[1,21,23,25,27,29,31,33,35,37,39,0,2,4,6,8,10,12,14,16,18,20,22,24,26,28,30,32,34,36,38,19,17,15,13,11,9,7,5,3]","1,21,23,25,27,29,31,33,35,37,39,0,2,4,6,8,10,12,14,16,18,20,22,24,26,28,30,32,34,36,38,19,17,15,13,11,9,7,5,3",nan,True,PASS_TEACHER_FIELDS_EXTRACTED,8.922922461351845e-05,0.1550463587045669,585152448.0,579926080.0,,,False,69.0,0.3,False,False,87.0,0.3782608695652174,False,False,177.0,0.7695652173913043,False,False,37.0,0.1608695652173913,False,True,69.0,0.3,False,False,0.7030567685589519,0.6496069868995633,0.0,69.0,0.3969548461688425,4.5779268475598656e-05,"(np.float64(4.5779268475598656e-05), np.float64(0.1553586423397064), np.float64(581956288.0))"
40,S3B20_N40_B03_method_c_inspired,stage3_native_combined552,nan,"[0,39,19,29,9,14,24,34,4,2,6,26,21,16,11,31,36,1,3,5,7,8,10,12,13,15,17,18,20,22,23,25,27,28,30,32,33,35,37,38]","0,39,19,29,9,14,24,34,4,2,6,26,21,16,11,31,36,1,3,5,7,8,10,12,13,15,17,18,20,22,23,25,27,28,30,32,33,35,37,38",nan,True,PASS_TEACHER_FIELDS_EXTRACTED,0.0006816700476974,0.1621466130018234,585965568.0,579926656.0,,,False,182.0,0.7913043478260869,False,False,159.0,0.691304347826087,False,False,191.0,0.8304347826086956,False,False,100.0,0.43478260869565216,False,False,182.0,0.7913043478260869,False,False,0.20960698689956336,0.11090829694323147,0.0,159.0,0.08024390243902438,4.5779268475598656e-05,"(np.float64(4.5779268475598656e-05), np.float64(0.1553586423397064), np.float64(581956288.0))"
40,S3B20_N40_B04_surrogate_top,stage3_native_combined552,nan,"[0,2,10,8,6,4,12,14,16,18,20,22,24,26,28,30,32,34,36,38,19,17,15,13,11,9,7,5,3,1,21,23,25,27,29,31,33,35,37,39]","0,2,10,8,6,4,12,14,16,18,20,22,24,26,28,30,32,34,36,38,19,17,15,13,11,9,7,5,3,1,21,23,25,27,29,31,33,35,37,39",nan,True,PASS_TEACHER_FIELDS_EXTRACTED,0.0001807131311579,0.1540584713220596,582236352.0,579926464.0,,,False,123.0,0.5347826086956522,False,False,75.0,0.32608695652173914,False,False,86.0,0.3739130434782609,False,False,61.0,0.26521739130434785,False,False,123.0,0.5347826086956522,False,False,0.4672489082969432,0.3973362445414847,0.0,123.0,0.14170731707317072,4.5779268475598656e-05,"(np.float64(4.5779268475598656e-05), np.float64(0.1553586423397064), np.float64(581956288.0))"
40,S3B20_N40_B05_surrogate_top,stage3_native_combined552,nan,"[0,2,4,6,8,10,12,14,16,18,20,22,24,26,28,30,32,34,36,38,19,17,15,13,11,9,7,5,3,1,21,23,35,33,31,29,27,25,37,39]","0,2,4,6,8,10,12,14,16,18,20,22,24,26,28,30,32,34,36,38,19,17,15,13,11,9,7,5,3,1,21,23,35,33,31,29,27,25,37,39",nan,True,PASS_TEACHER_FIELDS_EXTRACTED,0.0001120584784075,0.1585296392440796,582652032.0,579927296.0,,,False,88.0,0.3826086956521739,False,False,123.0,0.5347826086956522,False,False,108.0,0.46956521739130436,False,False,128.0,0.5565217391304348,False,False,88.0,0.3826086956521739,False,False,0.6200873362445415,0.5825327510917031,0.0,88.0,0.25999357786840527,4.5779268475598656e-05,"(np.float64(4.5779268475598656e-05), np.float64(0.1553586423397064), np.float64(581956288.0))"
24,S3R19B28_N24_B01_surrogate_top,stage3_native_combined552,combined80_known_best_mutation,"[2,4,6,8,10,12,14,16,18,20,22,11,9,7,5,3,1,13,15,17,19,21,23,0]","2,4,6,8,10,12,14,16,18,20,22,11,9,7,5,3,1,13,15,17,19,21,23,0",nan,True,PASS_TEACHER_FIELDS_EXTRACTED,8.261122002295451e-05,0.1533868759870529,582211520.0,579944448.0,,,False,100.0,0.4672897196261682,False,False,33.0,0.1542056074766355,False,True,82.0,0.38317757009345793,False,False,161.0,0.7523364485981309,False,False,100.0,0.4672897196261682,False,False,0.5352112676056338,0.6048826291079812,0.0,100.0,0.1740403738637021,2.9523077955673216e-05,"(np.float64(2.9523077955673216e-05), np.float64(0.1587531119585037), np.float64(582666368.0))"
24,S3R19B28_N24_B02_u2_primary_top,stage3_native_combined552,combined80_known_best_mutation,"[3,5,7,9,11,13,15,17,19,21,23,2,0,4,6,8,10,12,14,16,18,20,22,1]","3,5,7,9,11,13,15,17,19,21,23,2,0,4,6,8,10,12,14,16,18,20,22,1",nan,True,PASS_TEACHER_FIELDS_EXTRACTED,8.019191227504052e-05,0.1561380475759506,582353856.0,579944512.0,,,False,91.0,0.4252336448598131,False,False,85.0,0.397196261682243,False,False,89.0,0.4158878504672897,False,False,170.0,0.794392523364486,False,False,91.0,0.4252336448598131,False,False,0.5774647887323944,0.583849765258216,0.0,91.0,0.2014886387513609,2.9523077955673216e-05,"(np.float64(2.9523077955673216e-05), np.float64(0.1587531119585037), np.float64(582666368.0))"
24,S3R19B28_N24_B03_geometry_signal_top,stage3_native_combined552,regular_jump_sweep,"[2,15,4,17,6,19,8,21,10,23,12,1,14,3,16,5,18,7,20,9,22,11,0,13]","2,15,4,17,6,19,8,21,10,23,12,1,14,3,16,5,18,7,20,9,22,11,0,13",nan,True,PASS_TEACHER_FIELDS_EXTRACTED,0.0002306497162862,0.1619622707366943,583032192.0,579943168.0,,,False,176.0,0.822429906542056,False,False,168.0,0.7850467289719626,False,False,134.0,0.6261682242990654,False,False,7.0,0.03271028037383177,True,True,176.0,0.822429906542056,False,False,0.17840375586854462,0.09008450704225353,0.0,152.0,0.07037037037037036,2.9523077955673216e-05,"(np.float64(2.9523077955673216e-05), np.float64(0.1587531119585037), np.float64(582666368.0))"
24,S3R19B28_N24_B04_method_c_inspired,stage3_native_combined552,combined80_known_best_mutation,"[3,5,7,9,11,13,15,17,19,21,23,0,2,4,6,8,10,12,22,20,18,16,14,1]","3,5,7,9,11,13,15,17,19,21,23,0,2,4,6,8,10,12,22,20,18,16,14,1",nan,True,PASS_TEACHER_FIELDS_EXTRACTED,8.025430179259274e-05,0.1612091809511184,584544768.0,579944384.0,,,False,93.0,0.43457943925233644,False,False,165.0,0.7710280373831776,False,False,176.0,0.822429906542056,False,False,136.0,0.6355140186915887,False,False,93.0,0.43457943925233644,False,False,0.568075117370892,0.27096713615023477,0.0,93.0,0.19749873192363426,2.9523077955673216e-05,"(np.float64(2.9523077955673216e-05), np.float64(0.1587531119585037), np.float64(582666368.0))"
24,S3R19B28_N24_B05_diversity_top,stage3_native_combined552,combined80_known_best_mutation,"[17,19,21,23,8,10,12,22,20,18,16,14,1,3,5,7,9,11,13,15,0,2,4,6]","17,19,21,23,8,10,12,22,20,18,16,14,1,3,5,7,9,11,13,15,0,2,4,6",nan,True,PASS_TEACHER_FIELDS_EXTRACTED,5.907966442464385e-05,0.1658651232719421,585390656.0,579944768.0,,,False,56.0,0.2616822429906542,False,False,193.0,0.9018691588785047,False,False,186.0,0.8691588785046729,False,False,207.0,0.9672897196261683,False,False,56.0,0.2616822429906542,False,False,0.7417840375586855,0.31346478873239436,0.0,56.0,0.397864560608986,2.9523077955673216e-05,"(np.float64(2.9523077955673216e-05), np.float64(0.1587531119585037), np.float64(582666368.0))"
24,S3R19B28_N24_B06_uncertainty_calibration,stage3_native_combined552,regular_jump_sweep,"[11,21,7,17,3,13,23,9,19,5,15,1,0,2,4,6,8,10,12,14,16,18,20,22]","11,21,7,17,3,13,23,9,19,5,15,1,0,2,4,6,8,10,12,14,16,18,20,22",nan,True,PASS_TEACHER_FIELDS_EXTRACTED,7.285496940312441e-05,0.1538291126489639,580991360.0,579944640.0,,,False,78.0,0.3644859813084112,False,False,39.0,0.1822429906542056,False,True,3.0,0.014018691588785047,True,True,188.0,0.8785046728971962,False,False,78.0,0.3644859813084112,False,False,0.6384976525821596,0.7032863849765257,0.0,78.0,0.26263821317873076,2.9523077955673216e-05,"(np.float64(2.9523077955673216e-05), np.float64(0.1587531119585037), np.float64(582666368.0))"
24,S3R19B28_N24_B07_control_sentinel,stage3_native_combined552,regular_jump_sweep,"[20,13,6,23,16,9,2,19,12,5,22,15,8,1,18,11,4,21,14,7,0,17,10,3]","20,13,6,23,16,9,2,19,12,5,22,15,8,1,18,11,4,21,14,7,0,17,10,3",nan,True,PASS_TEACHER_FIELDS_EXTRACTED,0.0003879498119658,0.149288535118103,582449344.0,579944000.0,,,False,196.0,0.9158878504672897,False,False,2.0,0.009345794392523364,True,True,101.0,0.4719626168224299,False,False,95.0,0.4439252336448598,False,False,196.0,0.9158878504672897,False,False,0.08450704225352113,0.1504225352112676,0.0,172.0,0.033333333333333326,2.9523077955673216e-05,"(np.float64(2.9523077955673216e-05), np.float64(0.1587531119585037), np.float64(582666368.0))"
24,S3R19B28_N24_B08_known_best_mutation,stage3_native_combined552,combined80_known_best_mutation,"[16,18,20,22,11,13,15,17,19,21,23,0,2,4,6,8,10,12,14,3,5,7,9,1]","16,18,20,22,11,13,15,17,19,21,23,0,2,4,6,8,10,12,14,3,5,7,9,1",nan,True,PASS_TEACHER_FIELDS_EXTRACTED,4.156047452852363e-05,0.1627765595912933,581362240.0,579944896.0,,,False,19.0,0.08878504672897196,True,True,181.0,0.8457943925233645,False,False,14.0,0.06542056074766354,True,True,214.0,1.0,False,False,19.0,0.08878504672897196,True,True,1.7,0.39352112676056344,1.0,19.0,0.6770309801301968,2.9523077955673216e-05,"(np.float64(2.9523077955673216e-05), np.float64(0.1587531119585037), np.float64(582666368.0))"
24,S3R19B28_N24_B09_known_best_mutation,stage3_native_combined552,combined80_known_best_mutation,"[2,4,6,8,10,12,22,20,18,16,14,1,3,5,7,9,11,13,15,17,19,21,23,0]","2,4,6,8,10,12,22,20,18,16,14,1,3,5,7,9,11,13,15,17,19,21,23,0",nan,True,PASS_TEACHER_FIELDS_EXTRACTED,6.838659828645177e-05,0.159013420343399,583970176.0,579944576.0,,,False,71.0,0.3317757009345794,False,False,142.0,0.6635514018691588,False,False,168.0,0.7850467289719626,False,False,179.0,0.8364485981308412,False,False,71.0,0.3317757009345794,False,False,0.6713615023474178,0.3334647887323944,0.0,71.0,0.302078902384341,2.9523077955673216e-05,"(np.float64(2.9523077955673216e-05), np.float64(0.1587531119585037), np.float64(582666368.0))"
24,S3R19B28_N24_B10_known_best_mutation,stage3_native_combined552,combined80_known_best_mutation,"[0,2,4,6,8,10,12,14,16,18,20,22,11,9,7,5,3,19,21,23,17,15,13,1]","0,2,4,6,8,10,12,14,16,18,20,22,11,9,7,5,3,19,21,23,17,15,13,1",nan,True,PASS_TEACHER_FIELDS_EXTRACTED,4.000997159891995e-05,0.1574321687221527,582112512.0,579944704.0,,,False,14.0,0.06542056074766354,True,True,115.0,0.5373831775700935,False,False,75.0,0.35046728971962615,False,False,202.0,0.9439252336448598,False,False,14.0,0.06542056074766354,True,True,1.7,0.8212206572769953,1.0,14.0,0.7138189254918187,2.9523077955673216e-05,"(np.float64(2.9523077955673216e-05), np.float64(0.1587531119585037), np.float64(582666368.0))"
40,S3R19B28_N40_B01_surrogate_top,stage3_native_combined552,combined80_known_best_mutation,"[1,21,23,25,27,29,31,33,35,37,39,0,2,4,6,8,10,12,14,16,18,20,22,24,26,28,30,38,36,34,32,19,17,15,13,11,9,7,5,3]","1,21,23,25,27,29,31,33,35,37,39,0,2,4,6,8,10,12,14,16,18,20,22,24,26,28,30,38,36,34,32,19,17,15,13,11,9,7,5,3",nan,True,PASS_TEACHER_FIELDS_EXTRACTED,8.087984315352514e-05,0.1614688634872436,585938752.0,579927040.0,,,False,60.0,0.2608695652173913,False,False,153.0,0.6652173913043479,False,False,188.0,0.8173913043478261,False,False,120.0,0.5217391304347826,False,False,60.0,0.2608695652173913,False,False,0.74235807860262,0.3612227074235808,0.0,60.0,0.46528408463619503,4.5779268475598656e-05,"(np.float64(4.5779268475598656e-05), np.float64(0.1553586423397064), np.float64(581956288.0))"
40,S3R19B28_N40_B02_u2_primary_top,stage3_native_combined552,combined80_known_best_mutation,"[0,2,4,6,8,10,12,14,16,18,20,22,24,26,28,30,32,34,36,1,21,23,25,27,29,31,33,35,37,39,38,19,17,15,13,11,9,7,5,3]","0,2,4,6,8,10,12,14,16,18,20,22,24,26,28,30,32,34,36,1,21,23,25,27,29,31,33,35,37,39,38,19,17,15,13,11,9,7,5,3",nan,True,PASS_TEACHER_FIELDS_EXTRACTED,0.0001381478778057,0.1691655367612838,583121664.0,579926336.0,,,False,101.0,0.4391304347826087,False,False,199.0,0.8652173913043478,False,False,120.0,0.5217391304347826,False,False,54.0,0.23478260869565218,False,True,101.0,0.4391304347826087,False,False,0.5633187772925764,0.2501484716157205,0.0,101.0,0.17926829268292682,4.5779268475598656e-05,"(np.float64(4.5779268475598656e-05), np.float64(0.1553586423397064), np.float64(581956288.0))"
40,S3R19B28_N40_B03_geometry_signal_top,stage3_native_combined552,regular_jump_sweep,"[2,23,4,25,6,27,8,29,10,31,12,33,14,35,16,37,18,39,20,1,22,3,24,5,26,7,28,9,30,11,32,13,34,15,36,17,38,19,0,21]","2,23,4,25,6,27,8,29,10,31,12,33,14,35,16,37,18,39,20,1,22,3,24,5,26,7,28,9,30,11,32,13,34,15,36,17,38,19,0,21",nan,True,PASS_TEACHER_FIELDS_EXTRACTED,0.0007239246517656,0.1577377021312713,585212224.0,579926080.0,,,False,190.0,0.8260869565217391,False,False,111.0,0.4826086956521739,False,False,178.0,0.7739130434782608,False,False,37.0,0.1608695652173913,False,True,190.0,0.8260869565217391,False,False,0.1746724890829694,0.17253275109170305,0.0,166.0,0.06829268292682925,4.5779268475598656e-05,"(np.float64(4.5779268475598656e-05), np.float64(0.1553586423397064), np.float64(581956288.0))"
40,S3R19B28_N40_B04_method_c_inspired,stage3_native_combined552,combined80_known_best_mutation,"[0,2,4,6,8,10,12,14,16,18,20,22,24,26,28,30,32,34,36,38,19,1,21,23,25,27,29,31,33,35,37,39,17,15,13,11,9,7,5,3]","0,2,4,6,8,10,12,14,16,18,20,22,24,26,28,30,32,34,36,38,19,1,21,23,25,27,29,31,33,35,37,39,17,15,13,11,9,7,5,3",nan,True,PASS_TEACHER_FIELDS_EXTRACTED,0.0001491561724833,0.1566519737243652,583935936.0,579926208.0,,,False,103.0,0.44782608695652176,False,False,105.0,0.45652173913043476,False,False,148.0,0.6434782608695652,False,False,47.0,0.20434782608695654,False,True,103.0,0.44782608695652176,False,False,0.554585152838428,0.537117903930131,0.0,103.0,0.17585365853658536,4.5779268475598656e-05,"(np.float64(4.5779268475598656e-05), np.float64(0.1553586423397064), np.float64(581956288.0))"
40,S3R19B28_N40_B05_diversity_top,stage3_native_combined552,regular_jump_sweep,"[2,35,28,21,14,7,0,33,26,19,12,5,38,31,24,17,10,3,36,29,22,15,8,1,34,27,20,13,6,39,32,25,18,11,4,37,30,23,16,9]","2,35,28,21,14,7,0,33,26,19,12,5,38,31,24,17,10,3,36,29,22,15,8,1,34,27,20,13,6,39,32,25,18,11,4,37,30,23,16,9",nan,True,PASS_TEACHER_FIELDS_EXTRACTED,0.0009652040533865,0.1442238241434097,585249728.0,579926016.0,,,False,200.0,0.8695652173913043,False,False,2.0,0.008695652173913044,True,True,179.0,0.7782608695652173,False,False,31.0,0.13478260869565217,False,True,200.0,0.8695652173913043,False,False,0.13100436681222705,0.18393013100436678,0.0,176.0,0.051219512195121955,4.5779268475598656e-05,"(np.float64(4.5779268475598656e-05), np.float64(0.1553586423397064), np.float64(581956288.0))"
40,S3R19B28_N40_B06_uncertainty_calibration,stage3_native_combined552,regular_jump_sweep,"[19,37,15,33,11,29,7,25,3,21,39,17,35,13,31,9,27,5,23,1,0,2,4,6,8,10,12,14,16,18,20,22,24,26,28,30,32,34,36,38]","19,37,15,33,11,29,7,25,3,21,39,17,35,13,31,9,27,5,23,1,0,2,4,6,8,10,12,14,16,18,20,22,24,26,28,30,32,34,36,38",nan,True,PASS_TEACHER_FIELDS_EXTRACTED,0.0002895531576996,0.1524127125740051,581119040.0,579926528.0,,,True,146.0,0.6347826086956522,False,False,20.0,0.08695652173913043,True,True,1.0,0.004347826086956522,True,True,69.0,0.3,False,False,146.0,0.6347826086956522,False,False,0.3668122270742358,0.0,0.0,146.0,0.0,4.5779268475598656e-05,"(np.float64(4.5779268475598656e-05), np.float64(0.1553586423397064), np.float64(581956288.0))"
40,S3R19B28_N40_B07_control_sentinel,stage3_native_combined552,regular_jump_sweep,"[28,5,22,39,16,33,10,27,4,21,38,15,32,9,26,3,20,37,14,31,8,25,2,19,36,13,30,7,24,1,18,35,12,29,6,23,0,17,34,11]","28,5,22,39,16,33,10,27,4,21,38,15,32,9,26,3,20,37,14,31,8,25,2,19,36,13,30,7,24,1,18,35,12,29,6,23,0,17,34,11",nan,True,PASS_TEACHER_FIELDS_EXTRACTED,0.001751992967911,0.1497652232646942,589166208.0,579925568.0,,,False,225.0,0.9782608695652174,False,False,10.0,0.043478260869565216,True,True,217.0,0.9434782608695652,False,False,18.0,0.0782608695652174,True,True,225.0,0.9782608695652174,False,False,0.02183406113537123,0.10218340611353716,0.0,201.0,0.008536585365853666,4.5779268475598656e-05,"(np.float64(4.5779268475598656e-05), np.float64(0.1553586423397064), np.float64(581956288.0))"
40,S3R19B28_N40_B08_known_best_mutation,stage3_native_combined552,combined80_known_best_mutation,"[1,21,23,25,27,28,30,32,34,36,38,0,2,4,6,8,10,12,14,16,18,20,22,24,26,29,31,33,35,37,39,19,17,15,13,11,9,7,5,3]","1,21,23,25,27,28,30,32,34,36,38,0,2,4,6,8,10,12,14,16,18,20,22,24,26,29,31,33,35,37,39,19,17,15,13,11,9,7,5,3",nan,True,PASS_TEACHER_FIELDS_EXTRACTED,0.0002107644334046,0.1547115296125412,585281536.0,579926016.0,,,False,138.0,0.6,False,False,85.0,0.3695652173913043,False,False,180.0,0.782608695652174,False,False,31.0,0.13478260869565217,False,True,138.0,0.6,False,False,0.40174672489082974,0.3462445414847162,0.0,138.0,0.11609756097560973,4.5779268475598656e-05,"(np.float64(4.5779268475598656e-05), np.float64(0.1553586423397064), np.float64(581956288.0))"
40,S3R19B28_N40_B09_known_best_mutation,stage3_native_combined552,combined80_known_best_mutation,"[1,11,13,15,17,19,21,23,25,27,29,31,33,35,37,39,0,2,4,6,8,10,12,14,16,18,20,22,24,26,28,38,36,34,32,30,9,7,5,3]","1,11,13,15,17,19,21,23,25,27,29,31,33,35,37,39,0,2,4,6,8,10,12,14,16,18,20,22,24,26,28,38,36,34,32,30,9,7,5,3",nan,True,PASS_TEACHER_FIELDS_EXTRACTED,0.0001639029087527,0.1643984466791153,587828288.0,579925824.0,,,False,114.0,0.4956521739130435,False,False,180.0,0.782608695652174,False,False,207.0,0.9,False,False,27.0,0.11739130434782609,False,True,114.0,0.4956521739130435,False,False,0.5065502183406114,0.24426200873362447,0.0,114.0,0.1570731707317073,4.5779268475598656e-05,"(np.float64(4.5779268475598656e-05), np.float64(0.1553586423397064), np.float64(581956288.0))"
40,S3R19B28_N40_B10_known_best_mutation,stage3_native_combined552,combined80_known_best_mutation,"[4,6,8,10,12,14,16,18,20,22,24,26,28,38,36,34,32,30,9,7,5,3,1,11,13,15,17,19,21,23,25,27,29,31,33,35,37,39,0,2]","4,6,8,10,12,14,16,18,20,22,24,26,28,38,36,34,32,30,9,7,5,3,1,11,13,15,17,19,21,23,25,27,29,31,33,35,37,39,0,2",nan,True,PASS_TEACHER_FIELDS_EXTRACTED,0.0001504687188571,0.1597595065832138,584999872.0,579926208.0,,,False,104.0,0.45217391304347826,False,False,135.0,0.5869565217391305,False,False,173.0,0.7521739130434782,False,False,47.0,0.20434782608695654,False,True,104.0,0.45217391304347826,False,False,0.5502183406113537,0.3207685589519651,0.0,104.0,0.17414634146341462,4.5779268475598656e-05,"(np.float64(4.5779268475598656e-05), np.float64(0.1553586423397064), np.float64(581956288.0))"
24,S3R24L64_N24_B01_top_region,stage3_native_combined552,combined108_known_best_mutation,"[0,2,4,6,8,22,20,18,16,14,12,10,11,9,7,5,3,1,13,15,17,23,21,19]","0,2,4,6,8,22,20,18,16,14,12,10,11,9,7,5,3,1,13,15,17,23,21,19",d5d7a577aae2fbbb,True,PASS_TEACHER_FIELDS_EXTRACTED,7.369223112618783e-05,0.1567591875791549,581899200.0,579943680.0,,,False,80.0,0.37383177570093457,False,False,95.0,0.4439252336448598,False,False,52.0,0.24299065420560748,False,True,79.0,0.3691588785046729,False,False,80.0,0.37383177570093457,False,False,0.6291079812206573,0.6255399061032864,0.0,80.0,0.2543304387677975,2.9523077955673216e-05,"(np.float64(2.9523077955673216e-05), np.float64(0.1587531119585037), np.float64(582666368.0))"
24,S3R24L64_N24_B02_top_region,stage3_native_combined552,combined108_known_best_mutation,"[0,2,4,6,8,10,12,22,20,18,16,14,1,3,5,7,23,21,19,17,15,13,11,9]","0,2,4,6,8,10,12,22,20,18,16,14,1,3,5,7,23,21,19,17,15,13,11,9",dfa42d2d41100d6a,True,PASS_TEACHER_FIELDS_EXTRACTED,8.462275673082331e-05,0.1625818163156509,586835584.0,579944448.0,,,False,104.0,0.48598130841121495,False,False,178.0,0.8317757009345794,False,False,203.0,0.9485981308411215,False,False,161.0,0.7523364485981309,False,False,104.0,0.48598130841121495,False,False,0.5164319248826291,0.2383098591549296,0.0,104.0,0.15925925925925924,2.9523077955673216e-05,"(np.float64(2.9523077955673216e-05), np.float64(0.1587531119585037), np.float64(582666368.0))"
24,S3R24L64_N24_B03_top_region,stage3_native_combined552,combined108_known_best_mutation,"[2,0,4,6,8,10,12,14,16,18,20,22,11,9,7,5,3,1,13,15,17,19,21,23]","2,0,4,6,8,10,12,14,16,18,20,22,11,9,7,5,3,1,13,15,17,19,21,23",61876ec3bbab3171,True,PASS_TEACHER_FIELDS_EXTRACTED,6.807913905504392e-05,0.1543546617031097,581713792.0,579944640.0,,,False,69.0,0.32242990654205606,False,False,54.0,0.2523364485981308,False,True,27.0,0.1261682242990654,False,True,188.0,0.8785046728971962,False,False,69.0,0.32242990654205606,False,False,0.6807511737089202,0.7106103286384976,0.0,69.0,0.3077322895782826,2.9523077955673216e-05,"(np.float64(2.9523077955673216e-05), np.float64(0.1587531119585037), np.float64(582666368.0))"
24,S3R24L64_N24_B04_top_region,stage3_native_combined552,combined108_known_best_mutation,"[0,2,4,6,8,10,12,14,16,18,20,22,23,21,19,3,5,7,9,11,17,15,13,1]","0,2,4,6,8,10,12,14,16,18,20,22,23,21,19,3,5,7,9,11,17,15,13,1",ddb347cb94c3ba51,True,PASS_TEACHER_FIELDS_EXTRACTED,8.125130443659145e-05,0.1610715538263321,583307264.0,579944448.0,,,False,96.0,0.4485981308411215,False,False,164.0,0.7663551401869159,False,False,151.0,0.705607476635514,False,False,161.0,0.7523364485981309,False,False,96.0,0.4485981308411215,False,False,0.5539906103286385,0.2663286384976526,0.0,96.0,0.18742920000578184,2.9523077955673216e-05,"(np.float64(2.9523077955673216e-05), np.float64(0.1587531119585037), np.float64(582666368.0))"
24,S3R24L64_N24_B05_top_region,stage3_native_combined552,combined108_known_best_mutation,"[0,2,4,6,8,10,12,18,20,22,16,14,1,3,5,7,9,11,13,15,17,19,21,23]","0,2,4,6,8,10,12,18,20,22,16,14,1,3,5,7,9,11,13,15,17,19,21,23",30f88e82766f163e,True,PASS_TEACHER_FIELDS_EXTRACTED,6.770852269255556e-05,0.1572423726320266,586670400.0,579943872.0,,,False,68.0,0.3177570093457944,False,False,107.0,0.5,False,False,201.0,0.9392523364485982,False,False,89.0,0.4158878504672897,False,False,68.0,0.3177570093457944,False,False,0.6854460093896714,0.5988732394366197,0.0,68.0,0.31195785782508745,2.9523077955673216e-05,"(np.float64(2.9523077955673216e-05), np.float64(0.1587531119585037), np.float64(582666368.0))"
24,S3R24L64_N24_B06_model_disagreement,stage3_native_combined552,combined108_known_best_mutation,"[11,21,7,17,9,13,23,3,19,5,15,1,0,2,4,6,8,10,12,14,16,18,20,22]","11,21,7,17,9,13,23,3,19,5,15,1,0,2,4,6,8,10,12,14,16,18,20,22",5e8f606e284ef168,True,PASS_TEACHER_FIELDS_EXTRACTED,8.061707694650977e-05,0.1534445732831955,580875968.0,579944640.0,,,False,94.0,0.4392523364485981,False,False,34.0,0.1588785046728972,False,True,1.0,0.004672897196261682,True,True,188.0,0.8785046728971962,False,False,94.0,0.4392523364485981,False,False,0.5633802816901409,0.6546478873239436,0.0,94.0,0.193991476833898,2.9523077955673216e-05,"(np.float64(2.9523077955673216e-05), np.float64(0.1587531119585037), np.float64(582666368.0))"
24,S3R24L64_N24_B07_model_disagreement,stage3_native_combined552,combined108_known_best_mutation,"[11,5,7,17,3,13,23,9,19,21,15,1,0,2,4,6,8,10,12,14,16,18,20,22]","11,5,7,17,3,13,23,9,19,21,15,1,0,2,4,6,8,10,12,14,16,18,20,22",c892039c42dfb0f4,True,PASS_TEACHER_FIELDS_EXTRACTED,7.37363538974023e-05,0.1538069397211074,581218368.0,579944576.0,,,False,82.0,0.38317757009345793,False,False,38.0,0.17757009345794392,False,True,11.0,0.0514018691588785,True,True,179.0,0.8364485981308412,False,False,82.0,0.38317757009345793,False,False,0.619718309859155,0.687699530516432,0.0,82.0,0.2503870058011277,2.9523077955673216e-05,"(np.float64(2.9523077955673216e-05), np.float64(0.1587531119585037), np.float64(582666368.0))"
24,S3R24L64_N24_B08_model_disagreement,stage3_native_combined552,combined108_known_best_mutation,"[11,21,7,17,3,13,5,9,19,23,15,1,0,2,4,6,8,10,12,14,16,18,20,22]","11,21,7,17,3,13,5,9,19,23,15,1,0,2,4,6,8,10,12,14,16,18,20,22",7045906b4126d893,True,PASS_TEACHER_FIELDS_EXTRACTED,8.019874189812981e-05,0.1531224399805069,581032512.0,579944640.0,,,False,92.0,0.42990654205607476,False,False,29.0,0.13551401869158877,False,True,4.0,0.018691588785046728,True,True,188.0,0.8785046728971962,False,False,92.0,0.42990654205607476,False,False,0.5727699530516432,0.6649765258215963,0.0,92.0,0.19960543526088212,2.9523077955673216e-05,"(np.float64(2.9523077955673216e-05), np.float64(0.1587531119585037), np.float64(582666368.0))"
24,S3R24L64_N24_B09_model_disagreement,stage3_native_combined552,combined108_known_best_mutation,"[11,21,7,17,3,13,23,9,19,5,15,1,0,2,4,6,8,10,12,22,20,18,16,14]","11,21,7,17,3,13,23,9,19,5,15,1,0,2,4,6,8,10,12,22,20,18,16,14",245a8b26b41f99ed,True,PASS_TEACHER_FIELDS_EXTRACTED,6.930613835720578e-05,0.1627024710178375,587378304.0,579943680.0,,,False,75.0,0.35046728971962615,False,False,179.0,0.8364485981308412,False,False,208.0,0.9719626168224299,False,False,79.0,0.3691588785046729,False,False,75.0,0.35046728971962615,False,False,0.6525821596244131,0.29128638497652587,0.0,75.0,0.28894367196611714,2.9523077955673216e-05,"(np.float64(2.9523077955673216e-05), np.float64(0.1587531119585037), np.float64(582666368.0))"
24,S3R24L64_N24_B10_uncertainty_calibration,stage3_native_combined552,combined108_known_best_mutation,"[0,2,4,6,8,10,13,14,16,18,20,22,11,9,7,5,3,1,12,15,17,19,21,23]","0,2,4,6,8,10,13,14,16,18,20,22,11,9,7,5,3,1,12,15,17,19,21,23",1ee1ce45fe1ba3e6,True,PASS_TEACHER_FIELDS_EXTRACTED,7.942568845464848e-05,0.1542500406503677,581681088.0,579944640.0,,,False,89.0,0.4158878504672897,False,False,49.0,0.22897196261682243,False,True,25.0,0.11682242990654206,False,True,188.0,0.8785046728971962,False,False,89.0,0.4158878504672897,False,False,0.5868544600938967,0.6484507042253521,0.0,89.0,0.20874395617228245,2.9523077955673216e-05,"(np.float64(2.9523077955673216e-05), np.float64(0.1587531119585037), np.float64(582666368.0))"
24,S3R24L64_N24_B11_uncertainty_calibration,stage3_native_combined552,combined108_known_best_mutation,"[11,21,7,17,3,13,23,9,19,5,15,1,0,2,20,6,8,10,12,14,16,18,4,22]","11,21,7,17,3,13,23,9,19,5,15,1,0,2,20,6,8,10,12,14,16,18,4,22",e54c35986492c68a,True,PASS_TEACHER_FIELDS_EXTRACTED,0.0001170783098132,0.1543570160865783,581163200.0,579943360.0,,,True,130.0,0.6074766355140186,False,False,55.0,0.2570093457943925,False,False,9.0,0.04205607476635514,True,True,16.0,0.07476635514018691,True,True,130.0,0.6074766355140186,False,False,0.3943661971830986,0.0011267605633803468,0.0,129.0,0.0,2.9523077955673216e-05,"(np.float64(2.9523077955673216e-05), np.float64(0.1587531119585037), np.float64(582666368.0))"
24,S3R24L64_N24_B12_uncertainty_calibration,stage3_native_combined552,combined108_known_best_mutation,"[11,21,7,17,3,13,23,9,19,5,15,1,0,18,4,6,8,10,12,14,16,2,20,22]","11,21,7,17,3,13,23,9,19,5,15,1,0,18,4,6,8,10,12,14,16,2,20,22",97c3cadc95217af2,True,PASS_TEACHER_FIELDS_EXTRACTED,0.00011106191414,0.1553478837013244,581244224.0,579943488.0,,,True,125.0,0.5841121495327103,False,False,65.0,0.3037383177570093,False,False,12.0,0.056074766355140186,True,True,24.0,0.11214953271028037,False,True,125.0,0.5841121495327103,False,False,0.4178403755868545,0.013802816901408499,0.0,124.0,0.0,2.9523077955673216e-05,"(np.float64(2.9523077955673216e-05), np.float64(0.1587531119585037), np.float64(582666368.0))"
24,S3R24L64_N24_B13_uncertainty_calibration,stage3_native_combined552,combined108_known_best_mutation,"[0,2,4,6,8,10,12,14,16,18,19,22,11,9,7,5,3,1,13,15,17,20,21,23]","0,2,4,6,8,10,12,14,16,18,19,22,11,9,7,5,3,1,13,15,17,20,21,23",429442f9a7ee440f,True,PASS_TEACHER_FIELDS_EXTRACTED,7.370208913926035e-05,0.1641812026500702,581645440.0,579944640.0,,,False,81.0,0.37850467289719625,False,False,188.0,0.8785046728971962,False,False,23.0,0.10747663551401869,False,True,188.0,0.8785046728971962,False,False,81.0,0.37850467289719625,False,False,0.6244131455399061,0.27168075117370893,0.0,81.0,0.25242500114059535,2.9523077955673216e-05,"(np.float64(2.9523077955673216e-05), np.float64(0.1587531119585037), np.float64(582666368.0))"
24,S3R24L64_N24_B14_diversity_coverage,stage3_native_combined552,combined108_known_best_mutation,"[12,14,16,18,3,13,23,9,19,5,15,1,0,2,4,6,8,10,11,21,7,17,20,22]","12,14,16,18,3,13,23,9,19,5,15,1,0,2,4,6,8,10,11,21,7,17,20,22",fdb98a247a7f0f60,True,PASS_TEACHER_FIELDS_EXTRACTED,0.0002087160146402,0.1766754388809204,581457152.0,579944384.0,,,True,172.0,0.8037383177570093,False,False,205.0,0.9579439252336449,False,False,17.0,0.0794392523364486,True,True,136.0,0.6355140186915887,False,False,172.0,0.8037383177570093,False,False,0.19718309859154926,0.0,0.0,148.0,0.0,2.9523077955673216e-05,"(np.float64(2.9523077955673216e-05), np.float64(0.1587531119585037), np.float64(582666368.0))"
24,S3R24L64_N24_B15_diversity_coverage,stage3_native_combined552,combined108_known_best_mutation,"[0,2,4,15,17,19,21,14,16,18,20,22,11,9,7,5,3,1,13,6,8,10,12,23]","0,2,4,15,17,19,21,14,16,18,20,22,11,9,7,5,3,1,13,6,8,10,12,23",61435e6dddaa6fd2,True,PASS_TEACHER_FIELDS_EXTRACTED,8.884969702194212e-05,0.1608411371707916,583299520.0,579944384.0,,,False,108.0,0.5046728971962616,False,False,161.0,0.7523364485981309,False,False,150.0,0.7009345794392523,False,False,136.0,0.6355140186915887,False,False,108.0,0.5046728971962616,False,False,0.4976525821596244,0.21946478873239436,0.0,108.0,0.15185185185185182,2.9523077955673216e-05,"(np.float64(2.9523077955673216e-05), np.float64(0.1587531119585037), np.float64(582666368.0))"
24,S3R24L64_N24_B16_diversity_coverage,stage3_native_combined552,combined108_known_best_mutation,"[0,2,15,17,19,21,12,14,16,18,20,22,11,9,7,5,3,1,13,4,6,8,10,23]","0,2,15,17,19,21,12,14,16,18,20,22,11,9,7,5,3,1,13,4,6,8,10,23",01f2cb7f75d2ba0f,True,PASS_TEACHER_FIELDS_EXTRACTED,8.727337626623921e-05,0.1625741869211197,583067200.0,579944704.0,,,False,107.0,0.5,False,False,177.0,0.8271028037383178,False,False,135.0,0.6308411214953271,False,False,202.0,0.9439252336448598,False,False,107.0,0.5,False,False,0.5023474178403755,0.23367136150234738,0.0,107.0,0.1537037037037037,2.9523077955673216e-05,"(np.float64(2.9523077955673216e-05), np.float64(0.1587531119585037), np.float64(582666368.0))"
24,S3R24L64_N24_B17_diversity_coverage,stage3_native_combined552,combined108_known_best_mutation,"[0,2,17,15,13,1,12,14,16,18,20,22,11,9,7,5,3,19,21,23,4,6,8,10]","0,2,17,15,13,1,12,14,16,18,20,22,11,9,7,5,3,19,21,23,4,6,8,10",6644531cea779794,True,PASS_TEACHER_FIELDS_EXTRACTED,0.0001864545752141,0.1623059958219528,584355136.0,579943296.0,,,False,162.0,0.7570093457943925,False,False,174.0,0.8130841121495327,False,False,174.0,0.8130841121495327,False,False,9.0,0.04205607476635514,True,True,162.0,0.7570093457943925,False,False,0.244131455399061,0.11357746478873239,0.0,140.0,0.09259259259259259,2.9523077955673216e-05,"(np.float64(2.9523077955673216e-05), np.float64(0.1587531119585037), np.float64(582666368.0))"
24,S3R24L64_N24_B18_tradeoff_probe,stage3_native_combined552,combined108_known_best_mutation,"[17,4,15,6,1,18,23,14,5,22,3,2,11,16,13,8,21,10,7,12,9,20,19,0]","17,4,15,6,1,18,23,14,5,22,3,2,11,16,13,8,21,10,7,12,9,20,19,0",5847234d7bb5fec7,True,PASS_TEACHER_FIELDS_EXTRACTED,0.0002899126045576,0.1693079322576522,583853568.0,579943168.0,,,False,189.0,0.883177570093458,False,False,198.0,0.9252336448598131,False,False,166.0,0.7757009345794392,False,False,7.0,0.03271028037383177,True,True,189.0,0.883177570093458,False,False,0.11737089201877937,0.05323943661971832,0.0,165.0,0.04629629629629631,2.9523077955673216e-05,"(np.float64(2.9523077955673216e-05), np.float64(0.1587531119585037), np.float64(582666368.0))"
24,S3R24L64_N24_B19_tradeoff_probe,stage3_native_combined552,combined108_known_best_mutation,"[17,19,21,23,8,10,12,22,20,18,16,14,7,5,3,1,9,11,13,15,0,2,4,6]","17,19,21,23,8,10,12,22,20,18,16,14,7,5,3,1,9,11,13,15,0,2,4,6",8347904d193448a1,True,PASS_TEACHER_FIELDS_EXTRACTED,5.976830379950116e-05,0.1647088974714279,585381696.0,579944000.0,,,False,57.0,0.26635514018691586,False,False,190.0,0.8878504672897196,False,False,184.0,0.8598130841121495,False,False,95.0,0.4439252336448598,False,False,57.0,0.26635514018691586,False,False,0.7370892018779343,0.31442253521126756,0.0,57.0,0.39025506840251795,2.9523077955673216e-05,"(np.float64(2.9523077955673216e-05), np.float64(0.1587531119585037), np.float64(582666368.0))"
24,S3R24L64_N24_B20_tradeoff_probe,stage3_native_combined552,combined108_known_best_mutation,"[17,19,21,23,8,10,12,22,20,18,16,14,3,1,5,7,9,11,13,15,0,2,4,6]","17,19,21,23,8,10,12,22,20,18,16,14,3,1,5,7,9,11,13,15,0,2,4,6",82d8cc4867e4c247,True,PASS_TEACHER_FIELDS_EXTRACTED,5.346994021238061e-05,0.1653908491134643,585390080.0,579944832.0,,,False,48.0,0.22429906542056074,False,True,192.0,0.897196261682243,False,False,185.0,0.8644859813084113,False,False,209.0,0.9766355140186916,False,False,48.0,0.22429906542056074,False,True,1.029342723004695,0.32927699530516435,1.0,48.0,0.46510642597056406,2.9523077955673216e-05,"(np.float64(2.9523077955673216e-05), np.float64(0.1587531119585037), np.float64(582666368.0))"
24,S3R24L64_N24_B21_sentinel_control,stage3_native_combined552,combined108_known_best_mutation,"[18,13,14,21,12,5,10,15,2,23,16,1,6,3,4,11,22,19,0,7,20,17,8,9]","18,13,14,21,12,5,10,15,2,23,16,1,6,3,4,11,22,19,0,7,20,17,8,9",2b407e089be11262,True,PASS_TEACHER_FIELDS_EXTRACTED,0.0004048996659093,0.1666337102651596,584805888.0,579944128.0,,,False,197.0,0.9205607476635514,False,False,195.0,0.9112149532710281,False,False,180.0,0.8411214953271028,False,False,101.0,0.4719626168224299,False,False,197.0,0.9205607476635514,False,False,0.07981220657277,0.039633802816901424,0.0,173.0,0.0314814814814815,2.9523077955673216e-05,"(np.float64(2.9523077955673216e-05), np.float64(0.1587531119585037), np.float64(582666368.0))"
24,S3R24L64_N24_B22_sentinel_control,stage3_native_combined552,combined108_known_best_mutation,"[21,7,16,0,14,4,19,5,12,20,8,15,23,10,3,11,1,2,6,17,13,22,18,9]","21,7,16,0,14,4,19,5,12,20,8,15,23,10,3,11,1,2,6,17,13,22,18,9",0c3c572ce8b1aad9,True,PASS_TEACHER_FIELDS_EXTRACTED,0.000283742554302,0.1525747328996658,582417280.0,579944000.0,,,False,188.0,0.8785046728971962,False,False,20.0,0.09345794392523364,True,True,96.0,0.4485981308411215,False,False,95.0,0.4439252336448598,False,False,188.0,0.8785046728971962,False,False,0.1220657276995305,0.16985915492957748,0.0,164.0,0.04814814814814814,2.9523077955673216e-05,"(np.float64(2.9523077955673216e-05), np.float64(0.1587531119585037), np.float64(582666368.0))"
24,S3R24L64_N24_B23_exploitation_reference,stage3_native_combined552,combined108_known_best_mutation,"[0,2,4,6,8,10,12,14,16,18,20,22,11,1,3,5,7,9,13,15,17,19,21,23]","0,2,4,6,8,10,12,14,16,18,20,22,11,1,3,5,7,9,13,15,17,19,21,23",9682d973aa5c8db4,True,PASS_TEACHER_FIELDS_EXTRACTED,5.36375810042955e-05,0.1543297171592712,586287680.0,579944640.0,,,False,49.0,0.22897196261682243,False,True,53.0,0.24766355140186916,False,True,200.0,0.9345794392523364,False,False,188.0,0.8785046728971962,False,False,49.0,0.22897196261682243,False,True,1.0246478873239435,0.7141784037558685,1.0,49.0,0.46152888541955545,2.9523077955673216e-05,"(np.float64(2.9523077955673216e-05), np.float64(0.1587531119585037), np.float64(582666368.0))"
24,S3R24L64_N24_B24_exploitation_reference,stage3_native_combined552,combined108_known_best_mutation,"[0,2,4,6,8,10,12,14,16,18,20,22,11,9,1,3,5,7,13,15,17,19,21,23]","0,2,4,6,8,10,12,14,16,18,20,22,11,9,1,3,5,7,13,15,17,19,21,23",88e73e9ad94ac53f,True,PASS_TEACHER_FIELDS_EXTRACTED,7.06063701727544e-05,0.1538756042718887,586210112.0,579944640.0,,,False,76.0,0.35514018691588783,False,False,40.0,0.18691588785046728,False,True,198.0,0.9252336448598131,False,False,188.0,0.8785046728971962,False,False,76.0,0.35514018691588783,False,False,0.647887323943662,0.635868544600939,0.0,76.0,0.2792472917905364,2.9523077955673216e-05,"(np.float64(2.9523077955673216e-05), np.float64(0.1587531119585037), np.float64(582666368.0))"
40,S3R24L64_N40_B01_top_region,stage3_native_combined552,combined108_known_best_mutation,"[0,2,4,6,8,10,12,38,36,34,32,30,28,26,24,22,20,18,16,14,19,17,15,13,11,9,7,5,3,1,21,23,25,27,29,31,33,35,37,39]","0,2,4,6,8,10,12,38,36,34,32,30,28,26,24,22,20,18,16,14,19,17,15,13,11,9,7,5,3,1,21,23,25,27,29,31,33,35,37,39",cc574ee97e23d3a0,True,PASS_TEACHER_FIELDS_EXTRACTED,0.0001945985031852,0.162837952375412,581591424.0,579927552.0,,,True,129.0,0.5608695652173913,False,False,165.0,0.717391304347826,False,False,8.0,0.034782608695652174,True,True,157.0,0.6826086956521739,False,False,129.0,0.5608695652173913,False,False,0.44104803493449785,0.0,0.0,129.0,0.0,4.5779268475598656e-05,"(np.float64(4.5779268475598656e-05), np.float64(0.1553586423397064), np.float64(581956288.0))"
40,S3R24L64_N40_B02_top_region,stage3_native_combined552,combined108_known_best_mutation,"[33,35,37,39,0,2,4,6,8,10,12,14,16,18,20,22,24,26,28,38,36,34,32,30,9,7,5,3,1,11,13,15,17,19,21,23,25,27,29,31]","33,35,37,39,0,2,4,6,8,10,12,14,16,18,20,22,24,26,28,38,36,34,32,30,9,7,5,3,1,11,13,15,17,19,21,23,25,27,29,31",198304997aa51f7f,True,PASS_TEACHER_FIELDS_EXTRACTED,0.0001227253760589,0.1667737364768982,598535360.0,579927040.0,,,False,95.0,0.41304347826086957,False,False,194.0,0.8434782608695652,False,False,230.0,1.0,False,False,120.0,0.5217391304347826,False,False,95.0,0.41304347826086957,False,False,0.5895196506550218,0.26489082969432315,0.0,95.0,0.21253422158229518,4.5779268475598656e-05,"(np.float64(4.5779268475598656e-05), np.float64(0.1553586423397064), np.float64(581956288.0))"
40,S3R24L64_N40_B03_top_region,stage3_native_combined552,combined108_known_best_mutation,"[31,33,35,37,39,0,2,4,6,8,10,12,14,16,18,20,22,24,26,28,30,38,36,34,32,19,17,15,13,11,9,7,5,3,1,21,23,25,27,29]","31,33,35,37,39,0,2,4,6,8,10,12,14,16,18,20,22,24,26,28,30,38,36,34,32,19,17,15,13,11,9,7,5,3,1,21,23,25,27,29",c1c108e2813bd09b,True,PASS_TEACHER_FIELDS_EXTRACTED,0.0001059363503372,0.1590581983327865,592258240.0,579925632.0,,,False,83.0,0.36086956521739133,False,False,127.0,0.5521739130434783,False,False,225.0,0.9782608695652174,False,False,20.0,0.08695652173913043,True,True,83.0,0.36086956521739133,False,False,0.6419213973799127,0.34590393013100446,0.0,83.0,0.2921393773702913,4.5779268475598656e-05,"(np.float64(4.5779268475598656e-05), np.float64(0.1553586423397064), np.float64(581956288.0))"
40,S3R24L64_N40_B04_top_region,stage3_native_combined552,combined108_known_best_mutation,"[31,33,35,37,39,0,2,10,8,6,4,12,14,16,18,20,22,24,26,28,30,32,34,36,38,19,17,15,13,11,9,7,5,3,1,21,23,25,27,29]","31,33,35,37,39,0,2,10,8,6,4,12,14,16,18,20,22,24,26,28,30,32,34,36,38,19,17,15,13,11,9,7,5,3,1,21,23,25,27,29",baa132a2934e1658,True,PASS_TEACHER_FIELDS_EXTRACTED,0.0001603593141226,0.1599376946687698,581768896.0,579925632.0,,,False,112.0,0.48695652173913045,False,False,137.0,0.5956521739130435,False,False,22.0,0.09565217391304348,True,True,20.0,0.08695652173913043,True,True,112.0,0.48695652173913045,False,False,0.5152838427947598,0.35793886462882096,0.0,112.0,0.16048780487804876,4.5779268475598656e-05,"(np.float64(4.5779268475598656e-05), np.float64(0.1553586423397064), np.float64(581956288.0))"
40,S3R24L64_N40_B05_top_region,stage3_native_combined552,combined108_known_best_mutation,"[33,35,37,39,0,2,4,6,8,10,12,14,16,18,20,22,24,26,28,30,38,36,34,32,19,17,15,13,11,9,7,5,3,1,21,23,25,27,29,31]","33,35,37,39,0,2,4,6,8,10,12,14,16,18,20,22,24,26,28,30,38,36,34,32,19,17,15,13,11,9,7,5,3,1,21,23,25,27,29,31",742ef66aad688f36,True,PASS_TEACHER_FIELDS_EXTRACTED,8.880928180587944e-05,0.1641431897878646,595921664.0,579925632.0,,,False,68.0,0.2956521739130435,False,False,178.0,0.7739130434782608,False,False,229.0,0.9956521739130435,False,False,20.0,0.08695652173913043,True,True,68.0,0.2956521739130435,False,False,0.7074235807860262,0.32555458515283847,0.0,68.0,0.40108817845057154,4.5779268475598656e-05,"(np.float64(4.5779268475598656e-05), np.float64(0.1553586423397064), np.float64(581956288.0))"
40,S3R24L64_N40_B06_model_disagreement,stage3_native_combined552,combined108_known_best_mutation,"[8,10,12,14,16,18,20,22,24,26,28,30,32,34,36,38,19,1,21,23,25,27,29,31,33,35,37,39,17,15,13,11,9,7,5,3,0,2,4,6]","8,10,12,14,16,18,20,22,24,26,28,30,32,34,36,38,19,1,21,23,25,27,29,31,33,35,37,39,17,15,13,11,9,7,5,3,0,2,4,6",04fb04483e06ab57,True,PASS_TEACHER_FIELDS_EXTRACTED,0.0002016615144384,0.1611578613519668,583783872.0,579927360.0,,,False,133.0,0.5782608695652174,False,False,149.0,0.6478260869565218,False,False,144.0,0.6260869565217392,False,False,132.0,0.5739130434782609,False,False,133.0,0.5782608695652174,False,False,0.42358078602620086,0.19957205240174675,0.0,133.0,0.1246341463414634,4.5779268475598656e-05,"(np.float64(4.5779268475598656e-05), np.float64(0.1553586423397064), np.float64(581956288.0))"
40,S3R24L64_N40_B07_model_disagreement,stage3_native_combined552,combined108_known_best_mutation,"[12,14,16,18,20,22,24,26,28,30,32,34,36,38,19,1,21,23,25,27,29,31,33,35,37,39,17,15,13,11,9,7,5,3,0,2,4,6,8,10]","12,14,16,18,20,22,24,26,28,30,32,34,36,38,19,1,21,23,25,27,29,31,33,35,37,39,17,15,13,11,9,7,5,3,0,2,4,6,8,10",42b2cce7b6cd3830,True,PASS_TEACHER_FIELDS_EXTRACTED,0.0002165191526728,0.1629427224397659,584747776.0,579928896.0,,,False,140.0,0.6086956521739131,False,False,167.0,0.7260869565217392,False,False,172.0,0.7478260869565218,False,False,227.0,0.9869565217391304,False,False,140.0,0.6086956521739131,False,False,0.39301310043668125,0.18039301310043668,0.0,140.0,0.11268292682926827,4.5779268475598656e-05,"(np.float64(4.5779268475598656e-05), np.float64(0.1553586423397064), np.float64(581956288.0))"
40,S3R24L64_N40_B08_model_disagreement,stage3_native_combined552,combined108_known_best_mutation,"[0,2,4,6,8,10,12,14,16,18,20,22,24,26,28,30,32,34,36,38,19,17,15,9,7,5,3,1,11,13,21,23,25,27,29,31,33,35,37,39]","0,2,4,6,8,10,12,14,16,18,20,22,24,26,28,30,32,34,36,38,19,17,15,9,7,5,3,1,11,13,21,23,25,27,29,31,33,35,37,39",8a1c069e8cc3aab3,True,PASS_TEACHER_FIELDS_EXTRACTED,0.0001989352308555,0.1538123935461044,582634112.0,579927424.0,,,False,131.0,0.5695652173913044,False,False,68.0,0.2956521739130435,False,False,106.0,0.4608695652173913,False,False,134.0,0.5826086956521739,False,False,131.0,0.5695652173913044,False,False,0.43231441048034935,0.3749344978165939,0.0,131.0,0.12804878048780488,4.5779268475598656e-05,"(np.float64(4.5779268475598656e-05), np.float64(0.1553586423397064), np.float64(581956288.0))"
40,S3R24L64_N40_B09_model_disagreement,stage3_native_combined552,combined108_known_best_mutation,"[14,16,18,20,22,24,26,28,30,32,34,36,38,19,1,21,23,25,27,29,31,33,35,37,39,17,15,13,11,9,7,5,3,0,2,4,6,8,10,12]","14,16,18,20,22,24,26,28,30,32,34,36,38,19,1,21,23,25,27,29,31,33,35,37,39,17,15,13,11,9,7,5,3,0,2,4,6,8,10,12",9416203917957318,True,PASS_TEACHER_FIELDS_EXTRACTED,0.0002083318340737,0.1643828004598617,585395200.0,579929024.0,,,False,136.0,0.591304347826087,False,False,179.0,0.7782608695652173,False,False,183.0,0.7956521739130434,False,False,228.0,0.991304347826087,False,False,136.0,0.591304347826087,False,False,0.4104803493449781,0.18259388646288208,0.0,136.0,0.1195121951219512,4.5779268475598656e-05,"(np.float64(4.5779268475598656e-05), np.float64(0.1553586423397064), np.float64(581956288.0))"
40,S3R24L64_N40_B10_uncertainty_calibration,stage3_native_combined552,geometry_first_random_sweep,"[19,20,18,21,17,22,23,16,15,24,25,14,13,26,27,12,28,11,29,10,9,30,31,8,7,32,6,33,34,5,4,35,36,3,2,37,38,1,0,39]","19,20,18,21,17,22,23,16,15,24,25,14,13,26,27,12,28,11,29,10,9,30,31,8,7,32,6,33,34,5,4,35,36,3,2,37,38,1,0,39",6cf61e7e1a0eea3f,True,PASS_TEACHER_FIELDS_EXTRACTED,0.001730911550112,0.1823613494634628,588479616.0,579926720.0,,,False,224.0,0.9739130434782609,False,False,224.0,0.9739130434782609,False,False,212.0,0.9217391304347826,False,False,102.0,0.4434782608695652,False,False,224.0,0.9739130434782609,False,False,0.026200873362445365,0.012733624454148449,0.0,200.0,0.0102439024390244,4.5779268475598656e-05,"(np.float64(4.5779268475598656e-05), np.float64(0.1553586423397064), np.float64(581956288.0))"
40,S3R24L64_N40_B11_uncertainty_calibration,stage3_native_combined552,combined108_known_best_mutation,"[0,2,10,8,6,4,12,14,16,18,20,22,24,26,28,30,39,19,29,9,34,21,11,31,36,1,3,5,7,13,15,17,23,25,27,32,33,35,37,38]","0,2,10,8,6,4,12,14,16,18,20,22,24,26,28,30,39,19,29,9,34,21,11,31,36,1,3,5,7,13,15,17,23,25,27,32,33,35,37,38",88607ff800752d0d,True,PASS_TEACHER_FIELDS_EXTRACTED,0.000554565707489,0.1629247218370437,586222784.0,579926080.0,,,False,169.0,0.7347826086956522,False,False,166.0,0.7217391304347827,False,False,196.0,0.8521739130434782,False,False,37.0,0.1608695652173913,False,True,169.0,0.7347826086956522,False,False,0.26637554585152834,0.13063755458515283,0.0,148.0,0.09902439024390244,4.5779268475598656e-05,"(np.float64(4.5779268475598656e-05), np.float64(0.1553586423397064), np.float64(581956288.0))"
40,S3R24L64_N40_B12_uncertainty_calibration,stage3_native_combined552,geometry_first_random_sweep,"[25,29,21,5,30,20,32,16,34,36,22,2,14,18,27,39,13,23,6,37,9,3,8,26,4,0,24,35,10,12,33,1,11,28,17,7,15,19,31,38]","25,29,21,5,30,20,32,16,34,36,22,2,14,18,27,39,13,23,6,37,9,3,8,26,4,0,24,35,10,12,33,1,11,28,17,7,15,19,31,38",b001209498d8d80c,True,PASS_TEACHER_FIELDS_EXTRACTED,0.0010631986892377,0.1605686843395233,584326272.0,579925952.0,,,False,203.0,0.8826086956521739,False,False,142.0,0.6173913043478261,False,False,158.0,0.6869565217391305,False,False,29.0,0.12608695652173912,False,True,203.0,0.8826086956521739,False,False,0.11790393013100442,0.0812751091703057,0.0,179.0,0.046097560975609755,4.5779268475598656e-05,"(np.float64(4.5779268475598656e-05), np.float64(0.1553586423397064), np.float64(581956288.0))"
40,S3R24L64_N40_B13_uncertainty_calibration,stage3_native_combined552,combined108_known_best_mutation,"[22,23,25,27,28,30,24,34,4,2,6,26,21,16,11,31,36,1,3,5,7,8,10,12,13,15,17,18,20,0,39,19,29,9,14,32,33,35,37,38]","22,23,25,27,28,30,24,34,4,2,6,26,21,16,11,31,36,1,3,5,7,8,10,12,13,15,17,18,20,0,39,19,29,9,14,32,33,35,37,38",b85ba16e4db50b3e,True,PASS_TEACHER_FIELDS_EXTRACTED,0.0009516127437336,0.1718923896551132,586396288.0,579926912.0,,,False,197.0,0.8565217391304348,False,False,208.0,0.9043478260869565,False,False,198.0,0.8608695652173913,False,False,108.0,0.46956521739130436,False,False,197.0,0.8565217391304348,False,False,0.14410480349344978,0.0657117903930131,0.0,173.0,0.056341463414634155,4.5779268475598656e-05,"(np.float64(4.5779268475598656e-05), np.float64(0.1553586423397064), np.float64(581956288.0))"
40,S3R24L64_N40_B14_diversity_coverage,stage3_native_combined552,geometry_first_random_sweep,"[0,37,28,15,24,19,34,27,4,7,36,9,10,35,26,33,12,29,2,25,18,23,20,39,32,3,16,17,22,31,30,13,8,21,38,11,6,1,14,5]","0,37,28,15,24,19,34,27,4,7,36,9,10,35,26,33,12,29,2,25,18,23,20,39,32,3,16,17,22,31,30,13,8,21,38,11,6,1,14,5",2988e56a2f6858d2,True,PASS_TEACHER_FIELDS_EXTRACTED,0.0011485806799669,0.1689211428165435,583967360.0,579925056.0,,,False,207.0,0.9,False,False,196.0,0.8521739130434782,False,False,150.0,0.6521739130434783,False,False,11.0,0.04782608695652174,True,True,207.0,0.9,False,False,0.10043668122270744,0.05313537117903931,0.0,183.0,0.03926829268292682,4.5779268475598656e-05,"(np.float64(4.5779268475598656e-05), np.float64(0.1553586423397064), np.float64(581956288.0))"
40,S3R24L64_N40_B15_diversity_coverage,stage3_native_combined552,combined108_known_best_mutation,"[15,32,5,34,29,8,13,2,23,4,31,26,21,10,7,20,11,38,37,24,19,16,39,0,25,18,3,6,35,12,33,14,9,28,17,30,27,36,1,22]","15,32,5,34,29,8,13,2,23,4,31,26,21,10,7,20,11,38,37,24,19,16,39,0,25,18,3,6,35,12,33,14,9,28,17,30,27,36,1,22",14e65401d5dd06f8,True,PASS_TEACHER_FIELDS_EXTRACTED,0.0010186854147491,0.1579287350177765,583294976.0,579926016.0,,,False,201.0,0.8739130434782608,False,False,119.0,0.5173913043478261,False,False,123.0,0.5347826086956522,False,False,31.0,0.13478260869565217,False,True,201.0,0.8739130434782608,False,False,0.1266375545851528,0.13480349344978163,0.0,177.0,0.04951219512195122,4.5779268475598656e-05,"(np.float64(4.5779268475598656e-05), np.float64(0.1553586423397064), np.float64(581956288.0))"
40,S3R24L64_N40_B16_diversity_coverage,stage3_native_combined552,combined108_known_best_mutation,"[9,36,33,8,7,16,23,12,5,2,21,18,37,34,25,6,15,26,3,32,1,24,35,28,19,4,39,14,31,30,29,20,11,38,13,22,17,0,27,10]","9,36,33,8,7,16,23,12,5,2,21,18,37,34,25,6,15,26,3,32,1,24,35,28,19,4,39,14,31,30,29,20,11,38,13,22,17,0,27,10",f25e144b16dbcb4d,True,PASS_TEACHER_FIELDS_EXTRACTED,0.0011747723910957,0.1691029071807861,586287488.0,579926080.0,,,False,209.0,0.908695652173913,False,False,198.0,0.8608695652173913,False,False,197.0,0.8565217391304348,False,False,37.0,0.1608695652173913,False,True,209.0,0.908695652173913,False,False,0.09170305676855894,0.04889082969432314,0.0,185.0,0.035853658536585356,4.5779268475598656e-05,"(np.float64(4.5779268475598656e-05), np.float64(0.1553586423397064), np.float64(581956288.0))"
40,S3R24L64_N40_B17_diversity_coverage,stage3_native_combined552,geometry_first_random_sweep,"[8,37,6,5,2,17,26,15,24,23,22,27,32,33,12,7,30,31,28,39,38,1,18,9,34,11,14,29,16,25,36,21,20,35,10,13,4,19,0,3]","8,37,6,5,2,17,26,15,24,23,22,27,32,33,12,7,30,31,28,39,38,1,18,9,34,11,14,29,16,25,36,21,20,35,10,13,4,19,0,3",f44b5129283f065b,True,PASS_TEACHER_FIELDS_EXTRACTED,0.001036680686127,0.1692833453416824,584457024.0,579925184.0,,,False,202.0,0.8782608695652174,False,False,201.0,0.8739130434782608,False,False,163.0,0.7086956521739131,False,False,13.0,0.05652173913043478,True,True,202.0,0.8782608695652174,False,False,0.12227074235807855,0.05981659388646286,0.0,178.0,0.04780487804878049,4.5779268475598656e-05,"(np.float64(4.5779268475598656e-05), np.float64(0.1553586423397064), np.float64(581956288.0))"
40,S3R24L64_N40_B18_tradeoff_probe,stage3_native_combined552,geometry_first_random_sweep,"[35,36,5,26,39,22,37,34,11,18,23,8,27,28,33,4,31,14,9,30,25,0,3,6,17,38,19,10,15,32,13,24,21,12,1,16,7,20,29,2]","35,36,5,26,39,22,37,34,11,18,23,8,27,28,33,4,31,14,9,30,25,0,3,6,17,38,19,10,15,32,13,24,21,12,1,16,7,20,29,2",6f26a42605f7b8eb,True,PASS_TEACHER_FIELDS_EXTRACTED,0.0011591740185394,0.1659919619560241,584591488.0,579926464.0,,,False,208.0,0.9043478260869565,False,False,192.0,0.8347826086956521,False,False,167.0,0.7260869565217392,False,False,61.0,0.26521739130434785,False,False,208.0,0.9043478260869565,False,False,0.09606986899563319,0.05297816593886464,0.0,184.0,0.03756097560975609,4.5779268475598656e-05,"(np.float64(4.5779268475598656e-05), np.float64(0.1553586423397064), np.float64(581956288.0))"
40,S3R24L64_N40_B19_tradeoff_probe,stage3_native_combined552,combined108_known_best_mutation,"[29,30,13,20,1,2,27,38,7,22,35,32,19,6,9,14,11,28,3,16,23,24,5,34,21,12,33,26,31,10,37,18,15,8,39,36,17,4,25,0]","29,30,13,20,1,2,27,38,7,22,35,32,19,6,9,14,11,28,3,16,23,24,5,34,21,12,33,26,31,10,37,18,15,8,39,36,17,4,25,0",17709b55cd2df96c,True,PASS_TEACHER_FIELDS_EXTRACTED,0.0010814771626144,0.1590977013111114,583097088.0,579926016.0,,,False,204.0,0.8869565217391304,False,False,130.0,0.5652173913043478,False,False,119.0,0.5173913043478261,False,False,31.0,0.13478260869565217,False,True,204.0,0.8869565217391304,False,False,0.11353711790393017,0.08426200873362448,0.0,180.0,0.04439024390243902,4.5779268475598656e-05,"(np.float64(4.5779268475598656e-05), np.float64(0.1553586423397064), np.float64(581956288.0))"
40,S3R24L64_N40_B20_tradeoff_probe,stage3_native_combined552,combined108_known_best_mutation,"[25,10,33,16,29,34,1,6,13,0,31,20,19,26,27,18,23,32,5,36,35,22,37,8,17,12,7,14,39,28,15,24,9,30,3,38,21,4,11,2]","25,10,33,16,29,34,1,6,13,0,31,20,19,26,27,18,23,32,5,36,35,22,37,8,17,12,7,14,39,28,15,24,9,30,3,38,21,4,11,2",487a79ff3d38abb8,True,PASS_TEACHER_FIELDS_EXTRACTED,0.0013657823437824,0.1546751409769058,584047232.0,579924800.0,,,False,213.0,0.9260869565217391,False,False,84.0,0.3652173913043478,False,False,151.0,0.6565217391304348,False,False,6.0,0.02608695652173913,True,True,213.0,0.9260869565217391,False,False,0.07423580786026196,0.11082969432314407,0.0,189.0,0.029024390243902423,4.5779268475598656e-05,"(np.float64(4.5779268475598656e-05), np.float64(0.1553586423397064), np.float64(581956288.0))"
40,S3R24L64_N40_B21_sentinel_control,stage3_native_combined552,combined108_known_best_mutation,"[37,28,17,24,29,18,39,32,7,34,33,14,9,8,11,16,5,12,13,30,31,10,19,4,1,22,23,20,3,38,35,0,25,2,27,36,15,6,21,26]","37,28,17,24,29,18,39,32,7,34,33,14,9,8,11,16,5,12,13,30,31,10,19,4,1,22,23,20,3,38,35,0,25,2,27,36,15,6,21,26",06aac074db1c5325,True,PASS_TEACHER_FIELDS_EXTRACTED,0.0012227803235873,0.1619139313697815,587438016.0,579924800.0,,,False,211.0,0.9173913043478261,False,False,157.0,0.6826086956521739,False,False,202.0,0.8782608695652174,False,False,6.0,0.02608695652173913,True,True,211.0,0.9173913043478261,False,False,0.08296943231441045,0.06154585152838427,0.0,187.0,0.03243902439024389,4.5779268475598656e-05,"(np.float64(4.5779268475598656e-05), np.float64(0.1553586423397064), np.float64(581956288.0))"
40,S3R24L64_N40_B22_sentinel_control,stage3_native_combined552,combined108_known_best_mutation,"[22,5,8,31,32,3,18,35,6,17,12,37,16,33,30,19,10,23,36,29,26,1,24,15,2,21,0,7,28,11,4,13,34,39,14,9,20,27,38,25]","22,5,8,31,32,3,18,35,6,17,12,37,16,33,30,19,10,23,36,29,26,1,24,15,2,21,0,7,28,11,4,13,34,39,14,9,20,27,38,25",8229fb93c4d72263,True,PASS_TEACHER_FIELDS_EXTRACTED,0.0011096128518488,0.1586716175079345,585093632.0,579926016.0,,,False,206.0,0.8956521739130435,False,False,125.0,0.5434782608695652,False,False,175.0,0.7608695652173914,False,False,31.0,0.13478260869565217,False,True,206.0,0.8956521739130435,False,False,0.10480349344978168,0.11672489082969434,0.0,182.0,0.040975609756097556,4.5779268475598656e-05,"(np.float64(4.5779268475598656e-05), np.float64(0.1553586423397064), np.float64(581956288.0))"
40,S3R24L64_N40_B23_exploitation_reference,stage3_native_combined552,combined108_known_best_mutation,"[0,2,4,6,8,10,12,14,16,18,20,38,36,34,32,30,28,26,24,22,19,17,15,13,11,9,7,5,3,1,21,23,25,27,29,31,33,35,37,39]","0,2,4,6,8,10,12,14,16,18,20,38,36,34,32,30,28,26,24,22,19,17,15,13,11,9,7,5,3,1,21,23,25,27,29,31,33,35,37,39",31eb3c72613d8e65,True,PASS_TEACHER_FIELDS_EXTRACTED,5.95808796788333e-05,0.1540761291980743,581783552.0,579927552.0,,,False,19.0,0.08260869565217391,True,True,79.0,0.34347826086956523,False,False,23.0,0.1,True,True,157.0,0.6826086956521739,False,False,19.0,0.08260869565217391,True,True,1.7,0.8675982532751092,1.0,19.0,0.7376233207115277,4.5779268475598656e-05,"(np.float64(4.5779268475598656e-05), np.float64(0.1553586423397064), np.float64(581956288.0))"
40,S3R24L64_N40_B24_exploitation_reference,stage3_native_combined552,combined108_known_best_mutation,"[0,2,4,6,8,10,12,14,16,18,20,22,24,26,28,30,32,34,36,38,21,17,15,13,11,9,7,5,3,1,19,23,25,27,29,31,33,35,37,39]","0,2,4,6,8,10,12,14,16,18,20,22,24,26,28,30,32,34,36,38,21,17,15,13,11,9,7,5,3,1,19,23,25,27,29,31,33,35,37,39",06477238e66665b0,True,PASS_TEACHER_FIELDS_EXTRACTED,0.0002177569813284,0.1537862718105316,582096064.0,579926464.0,,,False,141.0,0.6130434782608696,False,False,66.0,0.28695652173913044,False,False,67.0,0.29130434782608694,False,False,61.0,0.26521739130434785,False,False,141.0,0.6130434782608696,False,False,0.388646288209607,0.3442794759825328,0.0,141.0,0.11097560975609753,4.5779268475598656e-05,"(np.float64(4.5779268475598656e-05), np.float64(0.1553586423397064), np.float64(581956288.0))"
24,S3R34N32INF_N24_B01_graph_pointer,stage3_native_combined552,graph_pointer_greedy,"[0,2,4,6,8,10,12,14,16,18,20,22,21,19,17,15,13,11,9,7,5,3,1,23]","0,2,4,6,8,10,12,14,16,18,20,22,21,19,17,15,13,11,9,7,5,3,1,23",fd4d2251d26e8fe6,True,PASS_TEACHER_FIELDS_EXTRACTED,8.404852360399673e-05,0.1512167304754257,581126080.0,579944640.0,,,False,103.0,0.48130841121495327,False,False,8.0,0.037383177570093455,True,True,8.0,0.037383177570093455,True,True,188.0,0.8785046728971962,False,False,103.0,0.48130841121495327,False,False,0.5211267605633803,0.6460093896713615,0.0,103.0,0.16237341400145386,2.9523077955673216e-05,"(np.float64(2.9523077955673216e-05), np.float64(0.1587531119585037), np.float64(582666368.0))"
24,S3R34N32INF_N24_B02_surrogate_top,stage3_native_combined552,surrogate_top_predicted,"[16,12,0,2,4,8,14,20,18,10,6,22,15,17,21,11,5,1,7,13,9,3,23,19]","16,12,0,2,4,8,14,20,18,10,6,22,15,17,21,11,5,1,7,13,9,3,23,19",d32aa3c0deee7cee,True,PASS_TEACHER_FIELDS_EXTRACTED,0.0002424270824121,0.1497802585363388,583834816.0,579944128.0,,,False,184.0,0.8598130841121495,False,False,4.0,0.018691588785046728,True,True,165.0,0.7710280373831776,False,False,101.0,0.4719626168224299,False,False,184.0,0.8598130841121495,False,False,0.14084507042253525,0.19014084507042256,0.0,160.0,0.055555555555555546,2.9523077955673216e-05,"(np.float64(2.9523077955673216e-05), np.float64(0.1587531119585037), np.float64(582666368.0))"
24,S3R34N32INF_N24_B03_hybrid_agree,stage3_native_combined552,hybrid_gnn_surrogate_agreement,"[22,18,12,16,10,20,2,4,14,6,0,8,17,13,7,11,1,3,15,9,5,21,19,23]","22,18,12,16,10,20,2,4,14,6,0,8,17,13,7,11,1,3,15,9,5,21,19,23",3ed2ee05e4bdb6d7,True,PASS_TEACHER_FIELDS_EXTRACTED,0.0002418987551209,0.1546439528465271,582266176.0,579944320.0,,,False,183.0,0.8551401869158879,False,False,58.0,0.27102803738317754,False,False,84.0,0.3925233644859813,False,False,129.0,0.602803738317757,False,False,183.0,0.8551401869158879,False,False,0.14553990610328638,0.17070422535211266,0.0,159.0,0.05740740740740742,2.9523077955673216e-05,"(np.float64(2.9523077955673216e-05), np.float64(0.1587531119585037), np.float64(582666368.0))"
24,S3R34N32INF_N24_B04_hybrid_disagree,stage3_native_combined552,hybrid_gnn_surrogate_disagreement,"[20,2,0,22,14,10,18,6,16,12,8,4,3,17,19,23,15,13,11,1,9,5,7,21]","20,2,0,22,14,10,18,6,16,12,8,4,3,17,19,23,15,13,11,1,9,5,7,21",c86e84008b3b4d7a,True,PASS_TEACHER_FIELDS_EXTRACTED,0.0001531527886982,0.1598571240901947,583702528.0,579944128.0,,,False,155.0,0.7242990654205608,False,False,153.0,0.7149532710280374,False,False,164.0,0.7663551401869159,False,False,101.0,0.4719626168224299,False,False,155.0,0.7242990654205608,False,False,0.27699530516431925,0.13546478873239437,0.0,137.0,0.09814814814814815,2.9523077955673216e-05,"(np.float64(2.9523077955673216e-05), np.float64(0.1587531119585037), np.float64(582666368.0))"
24,S3R34N32INF_N24_B05_uncertainty,stage3_native_combined552,uncertainty_calibration,"[18,20,14,4,2,0,22,16,8,6,12,10,7,9,21,1,15,19,11,13,23,17,3,5]","18,20,14,4,2,0,22,16,8,6,12,10,7,9,21,1,15,19,11,13,23,17,3,5",738249755687c0ee,True,PASS_TEACHER_FIELDS_EXTRACTED,0.0002087068096443,0.1554678678512573,583412992.0,579943296.0,,,False,171.0,0.7990654205607477,False,False,66.0,0.308411214953271,False,False,156.0,0.7289719626168224,False,False,9.0,0.04205607476635514,True,True,171.0,0.7990654205607477,False,False,0.2018779342723005,0.207887323943662,0.0,147.0,0.07962962962962963,2.9523077955673216e-05,"(np.float64(2.9523077955673216e-05), np.float64(0.1587531119585037), np.float64(582666368.0))"
24,S3R34N32INF_N24_B06_diversity,stage3_native_combined552,diversity_coverage,"[18,22,20,14,4,8,6,10,16,12,0,2,7,9,17,23,15,21,11,3,13,19,1,5]","18,22,20,14,4,8,6,10,16,12,0,2,7,9,17,23,15,21,11,3,13,19,1,5",9f02dd3082df3ba3,True,PASS_TEACHER_FIELDS_EXTRACTED,0.000223823039505,0.1539438366889953,583285568.0,579944128.0,,,False,174.0,0.8130841121495327,False,False,42.0,0.19626168224299065,False,True,148.0,0.6915887850467289,False,False,101.0,0.4719626168224299,False,False,174.0,0.8130841121495327,False,False,0.187793427230047,0.207887323943662,0.0,150.0,0.07407407407407407,2.9523077955673216e-05,"(np.float64(2.9523077955673216e-05), np.float64(0.1587531119585037), np.float64(582666368.0))"
24,S3R34N32INF_N24_B07_sentinel,stage3_native_combined552,sentinel_control,"[20,18,14,12,4,8,22,10,16,6,2,0,1,5,15,13,21,17,23,19,11,9,7,3]","20,18,14,12,4,8,22,10,16,6,2,0,1,5,15,13,21,17,23,19,11,9,7,3",cd2eef365a3f8007,True,PASS_TEACHER_FIELDS_EXTRACTED,0.0001576931415456,0.1516375094652176,582095296.0,579944256.0,,,False,158.0,0.7383177570093458,False,False,10.0,0.04672897196261682,True,True,74.0,0.34579439252336447,False,False,118.0,0.5514018691588785,False,False,158.0,0.7383177570093458,False,False,0.26291079812206575,0.27549295774647886,0.0,138.0,0.09629629629629628,2.9523077955673216e-05,"(np.float64(2.9523077955673216e-05), np.float64(0.1587531119585037), np.float64(582666368.0))"
24,S3R34N32INF_N24_B08_n24_calibration,stage3_native_combined552,N24_calibration_neighborhood,"[22,20,18,16,14,12,10,8,6,4,2,0,11,9,7,5,3,1,13,15,17,19,21,23]","22,20,18,16,14,12,10,8,6,4,2,0,11,9,7,5,3,1,13,15,17,19,21,23",a3d01febcc3c76d5,True,PASS_TEACHER_FIELDS_EXTRACTED,5.9892929130000994e-05,0.1561369895935058,581614144.0,579944768.0,,,False,58.0,0.27102803738317754,False,False,84.0,0.3925233644859813,False,False,21.0,0.09813084112149532,True,True,207.0,0.9672897196261683,False,False,58.0,0.27102803738317754,False,False,0.7323943661971831,0.7218779342723005,0.0,58.0,0.3873753861185727,2.9523077955673216e-05,"(np.float64(2.9523077955673216e-05), np.float64(0.1587531119585037), np.float64(582666368.0))"
24,S3R34N32INF_N24_B09_n24_calibration,stage3_native_combined552,N24_calibration_neighborhood,"[21,19,17,15,13,1,3,5,7,9,11,22,20,18,16,14,12,10,8,6,4,2,0,23]","21,19,17,15,13,1,3,5,7,9,11,22,20,18,16,14,12,10,8,6,4,2,0,23",74287c57c37ad8ad,True,PASS_TEACHER_FIELDS_EXTRACTED,6.351935553539079e-05,0.1581111848354339,584158592.0,579944832.0,,,False,60.0,0.2803738317757009,False,False,128.0,0.5981308411214953,False,False,172.0,0.8037383177570093,False,False,209.0,0.9766355140186916,False,False,60.0,0.2803738317757009,False,False,0.7230046948356808,0.3828356807511738,0.0,60.0,0.3555294292724432,2.9523077955673216e-05,"(np.float64(2.9523077955673216e-05), np.float64(0.1587531119585037), np.float64(582666368.0))"
24,S3R34N32INF_N24_B10_n24_calibration,stage3_native_combined552,N24_calibration_neighborhood,"[20,22,11,1,3,5,7,9,13,15,17,19,21,23,0,2,4,6,8,10,12,14,16,18]","20,22,11,1,3,5,7,9,13,15,17,19,21,23,0,2,4,6,8,10,12,14,16,18",3d047ed7bdb52c04,True,PASS_TEACHER_FIELDS_EXTRACTED,3.273940910730744e-05,0.1578422635793686,583110016.0,579944384.0,,,False,4.0,0.018691588785046728,True,True,121.0,0.5654205607476636,False,False,138.0,0.6448598130841121,False,False,136.0,0.6355140186915887,False,False,4.0,0.018691588785046728,True,True,1.7,0.5062910798122066,1.0,4.0,0.8962040901029137,2.9523077955673216e-05,"(np.float64(2.9523077955673216e-05), np.float64(0.1587531119585037), np.float64(582666368.0))"
24,S3R34N32INF_N24_B11_n24_calibration,stage3_native_combined552,N24_calibration_neighborhood,"[22,11,1,3,5,7,9,13,15,17,19,21,23,0,2,4,6,8,10,12,14,16,18,20]","22,11,1,3,5,7,9,13,15,17,19,21,23,0,2,4,6,8,10,12,14,16,18,20",e610e670cf7e8ddf,True,PASS_TEACHER_FIELDS_EXTRACTED,4.1137876905850135e-05,0.1561603546142578,583126336.0,579943616.0,,,False,17.0,0.0794392523364486,True,True,87.0,0.40654205607476634,False,False,141.0,0.6588785046728972,False,False,63.0,0.29439252336448596,False,False,17.0,0.0794392523364486,True,True,1.7,0.812582159624413,1.0,17.0,0.6880320528932913,2.9523077955673216e-05,"(np.float64(2.9523077955673216e-05), np.float64(0.1587531119585037), np.float64(582666368.0))"
24,S3R34N32INF_N24_B12_n24_calibration,stage3_native_combined552,N24_calibration_neighborhood,"[19,21,23,0,2,4,6,8,10,12,14,16,18,20,22,11,1,3,5,7,9,13,15,17]","19,21,23,0,2,4,6,8,10,12,14,16,18,20,22,11,1,3,5,7,9,13,15,17",bbf7e8cd5047024f,True,PASS_TEACHER_FIELDS_EXTRACTED,5.430529381555971e-05,0.1596519500017166,585878784.0,579943488.0,,,False,50.0,0.2336448598130841,False,True,150.0,0.7009345794392523,False,False,196.0,0.9158878504672897,False,False,24.0,0.11214953271028037,False,True,50.0,0.2336448598130841,False,True,1.0199530516431925,0.3649953051643193,1.0,50.0,0.4529093508312559,2.9523077955673216e-05,"(np.float64(2.9523077955673216e-05), np.float64(0.1587531119585037), np.float64(582666368.0))"
40,S3R34N32INF_N40_B01_graph_pointer,stage3_native_combined552,graph_pointer_greedy,"[0,2,4,6,8,10,12,14,16,18,20,22,24,26,28,30,32,34,36,38,37,35,33,31,29,27,25,23,21,19,17,15,13,11,9,7,5,3,1,39]","0,2,4,6,8,10,12,14,16,18,20,22,24,26,28,30,32,34,36,38,37,35,33,31,29,27,25,23,21,19,17,15,13,11,9,7,5,3,1,39",95f7f97002b46e8c,True,PASS_TEACHER_FIELDS_EXTRACTED,0.0002823198738042,0.156105950474739,582261824.0,579926528.0,,,False,145.0,0.6304347826086957,False,False,100.0,0.43478260869565216,False,False,88.0,0.3826086956521739,False,False,69.0,0.3,False,False,145.0,0.6304347826086957,False,False,0.37117903930131,0.3183406113537118,0.0,145.0,0.10414634146341464,4.5779268475598656e-05,"(np.float64(4.5779268475598656e-05), np.float64(0.1553586423397064), np.float64(581956288.0))"
40,S3R34N32INF_N40_B02_surrogate_top,stage3_native_combined552,surrogate_top_predicted,"[38,28,18,34,24,26,14,20,4,0,10,12,30,36,32,22,16,2,6,8,35,39,17,1,33,7,3,23,5,27,15,9,25,29,37,13,11,21,19,31]","38,28,18,34,24,26,14,20,4,0,10,12,30,36,32,22,16,2,6,8,35,39,17,1,33,7,3,23,5,27,15,9,25,29,37,13,11,21,19,31",28bd415a5dd9405d,True,PASS_TEACHER_FIELDS_EXTRACTED,0.0006737644011991,0.1560283899307251,584050560.0,579926080.0,,,False,180.0,0.782608695652174,False,False,99.0,0.43043478260869567,False,False,152.0,0.6608695652173913,False,False,37.0,0.1608695652173913,False,True,180.0,0.782608695652174,False,False,0.21834061135371174,0.20868995633187767,0.0,157.0,0.08365853658536584,4.5779268475598656e-05,"(np.float64(4.5779268475598656e-05), np.float64(0.1553586423397064), np.float64(581956288.0))"
40,S3R34N32INF_N40_B03_hybrid_agree,stage3_native_combined552,hybrid_gnn_surrogate_agreement,"[10,16,14,24,28,32,12,6,20,26,38,4,36,30,22,18,34,8,2,0,39,21,19,9,31,13,3,1,11,17,7,15,25,29,23,5,33,27,35,37]","10,16,14,24,28,32,12,6,20,26,38,4,36,30,22,18,34,8,2,0,39,21,19,9,31,13,3,1,11,17,7,15,25,29,23,5,33,27,35,37",47979034a3c4fcc9,True,PASS_TEACHER_FIELDS_EXTRACTED,0.0007187606411207,0.1526638865470886,583502784.0,579925376.0,,,False,188.0,0.8173913043478261,False,False,23.0,0.1,True,True,133.0,0.5782608695652174,False,False,15.0,0.06521739130434782,True,True,188.0,0.8173913043478261,False,False,0.1834061135371179,0.21340611353711786,0.0,164.0,0.07170731707317071,4.5779268475598656e-05,"(np.float64(4.5779268475598656e-05), np.float64(0.1553586423397064), np.float64(581956288.0))"
40,S3R34N32INF_N40_B04_hybrid_disagree,stage3_native_combined552,hybrid_gnn_surrogate_disagreement,"[20,30,38,12,18,14,28,26,6,36,0,4,2,10,16,24,34,32,22,8,31,15,35,33,29,13,7,9,5,23,3,17,21,19,25,11,39,37,27,1]","20,30,38,12,18,14,28,26,6,36,0,4,2,10,16,24,34,32,22,8,31,15,35,33,29,13,7,9,5,23,3,17,21,19,25,11,39,37,27,1",6ef39869b256faf6,True,PASS_TEACHER_FIELDS_EXTRACTED,0.0007251808672208,0.1524647027254104,582093376.0,579926464.0,,,False,191.0,0.8304347826086956,False,False,21.0,0.09130434782608696,True,True,65.0,0.2826086956521739,False,False,61.0,0.26521739130434785,False,False,191.0,0.8304347826086956,False,False,0.17030567685589515,0.2047598253275109,0.0,167.0,0.06658536585365851,4.5779268475598656e-05,"(np.float64(4.5779268475598656e-05), np.float64(0.1553586423397064), np.float64(581956288.0))"
40,S3R34N32INF_N40_B05_uncertainty,stage3_native_combined552,uncertainty_calibration,"[28,38,22,12,2,34,16,10,4,18,36,20,0,32,30,26,24,14,8,6,17,29,11,37,35,31,19,5,9,25,15,13,3,23,7,21,33,39,27,1]","28,38,22,12,2,34,16,10,4,18,36,20,0,32,30,26,24,14,8,6,17,29,11,37,35,31,19,5,9,25,15,13,3,23,7,21,33,39,27,1",786d848187a4a6d0,True,PASS_TEACHER_FIELDS_EXTRACTED,0.0007050070043987,0.1488805264234542,583357120.0,579926464.0,,,False,185.0,0.8043478260869565,False,False,6.0,0.02608695652173913,True,True,127.0,0.5521739130434783,False,False,61.0,0.26521739130434785,False,False,185.0,0.8043478260869565,False,False,0.19650655021834063,0.22951965065502183,0.0,162.0,0.07512195121951218,4.5779268475598656e-05,"(np.float64(4.5779268475598656e-05), np.float64(0.1553586423397064), np.float64(581956288.0))"
40,S3R34N32INF_N40_B06_diversity,stage3_native_combined552,diversity_coverage,"[38,34,32,20,28,12,10,26,24,16,6,2,0,30,8,14,36,18,4,22,21,29,19,27,31,25,39,11,9,7,1,13,33,35,23,15,3,17,5,37]","38,34,32,20,28,12,10,26,24,16,6,2,0,30,8,14,36,18,4,22,21,29,19,27,31,25,39,11,9,7,1,13,33,35,23,15,3,17,5,37",56bfd1e62ace1007,True,PASS_TEACHER_FIELDS_EXTRACTED,0.0006026536907484,0.1472502499818802,585624640.0,579925120.0,,,False,173.0,0.7521739130434782,False,False,3.0,0.013043478260869565,True,True,185.0,0.8043478260869565,False,False,12.0,0.05217391304347826,True,True,173.0,0.7521739130434782,False,False,0.24890829694323147,0.2684279475982533,0.0,150.0,0.09560975609756098,4.5779268475598656e-05,"(np.float64(4.5779268475598656e-05), np.float64(0.1553586423397064), np.float64(581956288.0))"
40,S3R34N32INF_N40_B07_sentinel,stage3_native_combined552,sentinel_control,"[6,34,28,22,10,20,26,30,16,18,36,12,14,24,38,0,4,2,8,32,35,33,7,23,39,19,5,11,31,29,1,15,17,37,3,9,13,21,27,25]","6,34,28,22,10,20,26,30,16,18,36,12,14,24,38,0,4,2,8,32,35,33,7,23,39,19,5,11,31,29,1,15,17,37,3,9,13,21,27,25",01903efea4d8a963,True,PASS_TEACHER_FIELDS_EXTRACTED,0.0006454233700878,0.1492619067430496,583033216.0,579926080.0,,,False,175.0,0.7608695652173914,False,False,8.0,0.034782608695652174,True,True,118.0,0.5130434782608696,False,False,37.0,0.1608695652173913,False,True,175.0,0.7608695652173914,False,False,0.24017467248908297,0.260174672489083,0.0,152.0,0.09219512195121951,4.5779268475598656e-05,"(np.float64(4.5779268475598656e-05), np.float64(0.1553586423397064), np.float64(581956288.0))"
40,S3R34N32INF_N40_B08_n40_best_near,stage3_native_combined552,N40_new_best_neighborhood,"[0,2,4,6,8,10,12,14,16,18,20,22,24,26,28,30,38,36,34,32,19,17,15,13,11,9,7,5,3,1,21,23,25,27,29,31,33,35,37,39]","0,2,4,6,8,10,12,14,16,18,20,22,24,26,28,30,38,36,34,32,19,17,15,13,11,9,7,5,3,1,21,23,25,27,29,31,33,35,37,39",9d1784d70d5b84be,True,PASS_TEACHER_FIELDS_EXTRACTED,5.696606240235269e-05,0.1578764021396637,582174208.0,579926528.0,,,False,13.0,0.05652173913043478,True,True,116.0,0.5043478260869565,False,False,80.0,0.34782608695652173,False,False,69.0,0.3,False,False,13.0,0.05652173913043478,True,True,1.7,0.8342358078602621,1.0,13.0,0.7831357306975464,4.5779268475598656e-05,"(np.float64(4.5779268475598656e-05), np.float64(0.1553586423397064), np.float64(581956288.0))"
40,S3R34N32INF_N40_B09_n40_best_near,stage3_native_combined552,N40_new_best_neighborhood,"[3,5,7,9,30,32,34,36,38,28,26,24,22,20,18,16,14,12,10,8,6,4,2,0,1,11,13,15,17,19,21,23,25,27,29,31,33,35,37,39]","3,5,7,9,30,32,34,36,38,28,26,24,22,20,18,16,14,12,10,8,6,4,2,0,1,11,13,15,17,19,21,23,25,27,29,31,33,35,37,39",0aa79fbe62a33062,True,PASS_TEACHER_FIELDS_EXTRACTED,9.528287046123296e-05,0.162568524479866,581909696.0,579928064.0,,,False,78.0,0.3391304347826087,False,False,161.0,0.7,False,False,28.0,0.12173913043478261,False,True,216.0,0.9391304347826087,False,False,78.0,0.3391304347826087,False,False,0.6637554585152838,0.3231091703056769,0.0,78.0,0.34899302264567444,4.5779268475598656e-05,"(np.float64(4.5779268475598656e-05), np.float64(0.1553586423397064), np.float64(581956288.0))"
40,S3R34N32INF_N40_B10_n40_best_near,stage3_native_combined552,N40_new_best_neighborhood,"[4,2,0,6,8,10,12,14,16,18,20,38,36,34,32,30,28,26,24,22,19,17,15,13,11,9,7,5,3,1,21,23,25,27,29,31,33,35,37,39]","4,2,0,6,8,10,12,14,16,18,20,38,36,34,32,30,28,26,24,22,19,17,15,13,11,9,7,5,3,1,21,23,25,27,29,31,33,35,37,39",4d055832f3b55fd0,True,PASS_TEACHER_FIELDS_EXTRACTED,6.680645856249612e-05,0.1554957032203674,581764736.0,579927616.0,,,False,30.0,0.13043478260869565,False,True,92.0,0.4,False,False,21.0,0.09130434782608696,True,True,196.0,0.8521739130434782,False,False,30.0,0.13043478260869565,False,True,1.1233624454148472,0.8223580786026201,1.0,30.0,0.6357399415823624,4.5779268475598656e-05,"(np.float64(4.5779268475598656e-05), np.float64(0.1553586423397064), np.float64(581956288.0))"
40,S3R34N32INF_N40_B11_n40_best_near,stage3_native_combined552,N40_new_best_neighborhood,"[16,14,12,10,8,6,4,2,0,18,20,22,24,26,28,30,32,34,36,38,19,17,15,13,11,9,7,5,3,1,21,23,25,27,29,31,33,35,37,39]","16,14,12,10,8,6,4,2,0,18,20,22,24,26,28,30,32,34,36,38,19,17,15,13,11,9,7,5,3,1,21,23,25,27,29,31,33,35,37,39",b6ff798caa72e455,True,PASS_TEACHER_FIELDS_EXTRACTED,0.0001003126781142,0.1535033136606216,582332992.0,579927552.0,,,False,81.0,0.3521739130434783,False,False,56.0,0.24347826086956523,False,True,100.0,0.43478260869565216,False,False,157.0,0.6826086956521739,False,False,81.0,0.3521739130434783,False,False,0.6506550218340612,0.6658515283842795,0.0,81.0,0.3197803631470336,4.5779268475598656e-05,"(np.float64(4.5779268475598656e-05), np.float64(0.1553586423397064), np.float64(581956288.0))"
40,S3R34N32INF_N40_B12_n40_best_near,stage3_native_combined552,N40_new_best_neighborhood,"[9,11,13,15,17,19,22,24,26,28,30,32,34,36,38,20,18,16,14,12,10,8,6,4,2,0,7,5,3,1,21,23,25,27,29,31,33,35,37,39]","9,11,13,15,17,19,22,24,26,28,30,32,34,36,38,20,18,16,14,12,10,8,6,4,2,0,7,5,3,1,21,23,25,27,29,31,33,35,37,39",6fce9d27a14e11c7,True,PASS_TEACHER_FIELDS_EXTRACTED,0.0001675558778515,0.1616613566875457,584678912.0,579927808.0,,,False,117.0,0.508695652173913,False,False,155.0,0.6739130434782609,False,False,170.0,0.7391304347826086,False,False,208.0,0.9043478260869565,False,False,117.0,0.508695652173913,False,False,0.4934497816593887,0.22488209606986903,0.0,117.0,0.15195121951219512,4.5779268475598656e-05,"(np.float64(4.5779268475598656e-05), np.float64(0.1553586423397064), np.float64(581956288.0))"
24,S3R39N2440B60_N24_B01_n24_u2_near,stage3_native_combined552,N24_calibration_neighborhood,"[23,21,19,17,15,13,1,3,5,7,9,11,0,2,4,6,8,10,12,14,16,18,20,22]","23,21,19,17,15,13,1,3,5,7,9,11,0,2,4,6,8,10,12,14,16,18,20,22",20f0cfa79dbd908a,True,PASS_TEACHER_FIELDS_EXTRACTED,6.897021739860065e-05,0.1602467745542526,582333952.0,579944704.0,,,False,73.0,0.3411214953271028,False,False,158.0,0.7383177570093458,False,False,88.0,0.411214953271028,False,False,202.0,0.9439252336448598,False,False,73.0,0.3411214953271028,False,False,0.6619718309859155,0.3147230046948357,0.0,73.0,0.2947221240686643,2.9523077955673216e-05,"(np.float64(2.9523077955673216e-05), np.float64(0.1587531119585037), np.float64(582666368.0))"
24,S3R39N2440B60_N24_B02_n24_u2_near,stage3_native_combined552,N24_calibration_neighborhood,"[22,20,18,16,14,12,10,8,6,4,2,0,11,17,15,13,1,3,5,7,9,19,21,23]","22,20,18,16,14,12,10,8,6,4,2,0,11,17,15,13,1,3,5,7,9,19,21,23",8f5a56f5e692f4e9,True,PASS_TEACHER_FIELDS_EXTRACTED,8.142532624333398e-05,0.1593355387449264,583416192.0,579944448.0,,,False,98.0,0.45794392523364486,False,False,145.0,0.677570093457944,False,False,157.0,0.7336448598130841,False,False,161.0,0.7523364485981309,False,False,98.0,0.45794392523364486,False,False,0.5446009389671361,0.2804507042253521,0.0,98.0,0.1829489355141627,2.9523077955673216e-05,"(np.float64(2.9523077955673216e-05), np.float64(0.1587531119585037), np.float64(582666368.0))"
24,S3R39N2440B60_N24_B03_n24_u2_near,stage3_native_combined552,N24_calibration_neighborhood,"[22,11,1,3,5,7,9,13,15,17,19,21,23,0,2,4,6,8,10,18,16,14,12,20]","22,11,1,3,5,7,9,13,15,17,19,21,23,0,2,4,6,8,10,18,16,14,12,20",99dd3ff3d40a7fda,True,PASS_TEACHER_FIELDS_EXTRACTED,4.4721904259859e-05,0.1561453342437744,583116032.0,579944320.0,,,False,24.0,0.11214953271028037,False,True,86.0,0.40186915887850466,False,False,140.0,0.6542056074766355,False,False,129.0,0.602803738317757,False,False,24.0,0.11214953271028037,False,True,1.142018779342723,0.7902347417840375,1.0,24.0,0.6175554588885743,2.9523077955673216e-05,"(np.float64(2.9523077955673216e-05), np.float64(0.1587531119585037), np.float64(582666368.0))"
24,S3R39N2440B60_N24_B04_n24_u2_near,stage3_native_combined552,N24_calibration_neighborhood,"[22,11,1,9,7,5,3,13,15,17,19,21,23,0,2,4,6,8,10,12,14,16,18,20]","22,11,1,9,7,5,3,13,15,17,19,21,23,0,2,4,6,8,10,12,14,16,18,20",522de358bb7a8a67,True,PASS_TEACHER_FIELDS_EXTRACTED,4.713229418484843e-05,0.1570424288511276,582759168.0,579943616.0,,,False,31.0,0.14485981308411214,False,True,104.0,0.48598130841121495,False,False,122.0,0.5700934579439252,False,False,63.0,0.29439252336448596,False,False,31.0,0.14485981308411214,False,True,1.1091549295774648,0.7564319248826291,1.0,31.0,0.5708319026888167,2.9523077955673216e-05,"(np.float64(2.9523077955673216e-05), np.float64(0.1587531119585037), np.float64(582666368.0))"
24,S3R39N2440B60_N24_B05_n24_u2_near,stage3_native_combined552,N24_calibration_neighborhood,"[20,22,11,1,3,5,7,9,13,15,17,19,21,23,4,2,0,6,8,10,12,14,16,18]","20,22,11,1,3,5,7,9,13,15,17,19,21,23,4,2,0,6,8,10,12,14,16,18",46b6e477e4e536e0,True,PASS_TEACHER_FIELDS_EXTRACTED,6.92875792083214e-05,0.1577739268541336,582638016.0,579944384.0,,,False,74.0,0.34579439252336447,False,False,120.0,0.5607476635514018,False,False,117.0,0.5467289719626168,False,False,136.0,0.6355140186915887,False,False,74.0,0.34579439252336447,False,False,0.6572769953051643,0.38497652582159625,0.0,74.0,0.290909625645318,2.9523077955673216e-05,"(np.float64(2.9523077955673216e-05), np.float64(0.1587531119585037), np.float64(582666368.0))"
24,S3R39N2440B60_N24_B06_n24_u2_near,stage3_native_combined552,N24_calibration_neighborhood,"[22,20,18,16,14,12,10,8,6,4,2,0,11,15,13,1,3,5,7,9,17,19,21,23]","22,20,18,16,14,12,10,8,6,4,2,0,11,15,13,1,3,5,7,9,17,19,21,23",e1c4d764f48828dd,True,PASS_TEACHER_FIELDS_EXTRACTED,8.698377223481657e-05,0.1596149206161499,583114752.0,579943744.0,,,False,106.0,0.4953271028037383,False,False,149.0,0.6962616822429907,False,False,139.0,0.6495327102803738,False,False,82.0,0.38317757009345793,False,False,106.0,0.4953271028037383,False,False,0.5070422535211268,0.2618215962441315,0.0,106.0,0.15555555555555553,2.9523077955673216e-05,"(np.float64(2.9523077955673216e-05), np.float64(0.1587531119585037), np.float64(582666368.0))"
24,S3R39N2440B60_N24_B07_n24_u2_near,stage3_native_combined552,N24_calibration_neighborhood,"[23,22,20,18,16,14,12,10,8,6,4,2,0,11,9,7,5,3,1,13,15,17,19,21]","23,22,20,18,16,14,12,10,8,6,4,2,0,11,9,7,5,3,1,13,15,17,19,21",effa6d39473b8bb7,True,PASS_TEACHER_FIELDS_EXTRACTED,5.00061778438976e-05,0.1556139588356018,581409152.0,579944832.0,,,False,35.0,0.16355140186915887,False,True,68.0,0.3177570093457944,False,False,15.0,0.07009345794392523,True,True,209.0,0.9766355140186916,False,False,35.0,0.16355140186915887,False,True,1.09037558685446,0.8169014084507042,1.0,35.0,0.5274256495767575,2.9523077955673216e-05,"(np.float64(2.9523077955673216e-05), np.float64(0.1587531119585037), np.float64(582666368.0))"
24,S3R39N2440B60_N24_B08_n24_u2_near,stage3_native_combined552,N24_calibration_neighborhood,"[20,22,11,1,3,5,7,23,21,19,17,15,13,9,0,2,4,6,8,10,12,14,16,18]","20,22,11,1,3,5,7,23,21,19,17,15,13,9,0,2,4,6,8,10,12,14,16,18",e74bdb4d6daa213a,True,PASS_TEACHER_FIELDS_EXTRACTED,3.7988751273587695e-05,0.1621344983577728,592035328.0,579944576.0,,,False,10.0,0.04672897196261682,True,True,170.0,0.794392523364486,False,False,214.0,1.0,False,False,179.0,0.8364485981308412,False,False,10.0,0.04672897196261682,True,True,1.7,0.4205821596244132,1.0,10.0,0.7604864896204058,2.9523077955673216e-05,"(np.float64(2.9523077955673216e-05), np.float64(0.1587531119585037), np.float64(582666368.0))"
24,S3R39N2440B60_N24_B09_hybrid_agree,stage3_native_combined552,hybrid_gnn_surrogate_agreement,"[2,18,20,16,12,6,4,10,0,8,22,14,7,1,9,15,17,13,11,3,19,21,23,5]","2,18,20,16,12,6,4,10,0,8,22,14,7,1,9,15,17,13,11,3,19,21,23,5",43dd1861f2bc5bf9,True,PASS_TEACHER_FIELDS_EXTRACTED,0.000202524353881,0.1511734724044799,583692736.0,579944512.0,,,False,169.0,0.7897196261682243,False,False,6.0,0.028037383177570093,True,True,163.0,0.7616822429906542,False,False,170.0,0.794392523364486,False,False,169.0,0.7897196261682243,False,False,0.21126760563380287,0.24000000000000002,0.0,145.0,0.08333333333333334,2.9523077955673216e-05,"(np.float64(2.9523077955673216e-05), np.float64(0.1587531119585037), np.float64(582666368.0))"
24,S3R39N2440B60_N24_B10_surrogate_top,stage3_native_combined552,surrogate_top_predicted,"[2,4,16,12,10,8,18,22,6,20,14,0,13,17,19,23,15,11,5,9,21,1,3,7]","2,4,16,12,10,8,18,22,6,20,14,0,13,17,19,23,15,11,5,9,21,1,3,7",6d184d82a7abad45,True,PASS_TEACHER_FIELDS_EXTRACTED,0.0001885180240606,0.1577580869197845,582958208.0,579944256.0,,,False,163.0,0.7616822429906542,False,False,119.0,0.5560747663551402,False,False,128.0,0.5981308411214953,False,False,118.0,0.5514018691588785,False,False,163.0,0.7616822429906542,False,False,0.23943661971830987,0.13495774647887326,0.0,141.0,0.09074074074074075,2.9523077955673216e-05,"(np.float64(2.9523077955673216e-05), np.float64(0.1587531119585037), np.float64(582666368.0))"
24,S3R39N2440B60_N24_B11_hybrid_agree,stage3_native_combined552,hybrid_gnn_surrogate_agreement,"[14,12,0,4,8,18,22,10,6,20,16,2,1,5,9,19,23,11,3,21,7,17,15,13]","14,12,0,4,8,18,22,10,6,20,16,2,1,5,9,19,23,11,3,21,7,17,15,13",9b849ad6165f9a07,True,PASS_TEACHER_FIELDS_EXTRACTED,0.0001821464500153,0.1570386588573455,582195008.0,579944128.0,,,False,161.0,0.7523364485981309,False,False,103.0,0.48130841121495327,False,False,81.0,0.37850467289719625,False,False,101.0,0.4719626168224299,False,False,161.0,0.7523364485981309,False,False,0.24882629107981225,0.22605633802816905,0.0,139.0,0.09444444444444446,2.9523077955673216e-05,"(np.float64(2.9523077955673216e-05), np.float64(0.1587531119585037), np.float64(582666368.0))"
24,S3R39N2440B60_N24_B12_surrogate_top,stage3_native_combined552,surrogate_top_predicted,"[4,10,0,18,20,22,12,8,16,14,6,2,1,11,3,15,13,23,7,5,17,19,9,21]","4,10,0,18,20,22,12,8,16,14,6,2,1,11,3,15,13,23,7,5,17,19,9,21",efb35261339af161,True,PASS_TEACHER_FIELDS_EXTRACTED,0.0002064426553261,0.1496064215898513,583212096.0,579944320.0,,,False,170.0,0.794392523364486,False,False,3.0,0.014018691588785047,True,True,145.0,0.677570093457944,False,False,129.0,0.602803738317757,False,False,170.0,0.794392523364486,False,False,0.20657276995305163,0.23788732394366197,0.0,146.0,0.08148148148148147,2.9523077955673216e-05,"(np.float64(2.9523077955673216e-05), np.float64(0.1587531119585037), np.float64(582666368.0))"
24,S3R39N2440B60_N24_B13_surrogate_top,stage3_native_combined552,surrogate_top_predicted,"[4,0,22,16,10,18,8,12,2,6,20,14,13,3,1,7,19,15,23,17,21,9,11,5]","4,0,22,16,10,18,8,12,2,6,20,14,13,3,1,7,19,15,23,17,21,9,11,5",494e288b2a39a7f0,True,PASS_TEACHER_FIELDS_EXTRACTED,0.0002815967886817,0.1499830037355423,581689600.0,579944064.0,,,True,187.0,0.8738317757009346,False,False,5.0,0.02336448598130841,True,True,26.0,0.12149532710280374,False,True,98.0,0.45794392523364486,False,False,187.0,0.8738317757009346,False,False,0.12676056338028174,0.0,0.0,163.0,0.0,2.9523077955673216e-05,"(np.float64(2.9523077955673216e-05), np.float64(0.1587531119585037), np.float64(582666368.0))"
24,S3R39N2440B60_N24_B14_surrogate_top,stage3_native_combined552,surrogate_top_predicted,"[6,8,0,12,10,20,18,2,22,16,14,4,3,11,23,13,15,19,5,21,1,7,9,17]","6,8,0,12,10,20,18,2,22,16,14,4,3,11,23,13,15,19,5,21,1,7,9,17",f3c4bea6a8cb326e,True,PASS_TEACHER_FIELDS_EXTRACTED,0.0002263255041725,0.1560091227293014,582624064.0,579944064.0,,,False,175.0,0.8177570093457944,False,False,79.0,0.3691588785046729,False,False,114.0,0.5327102803738317,False,False,98.0,0.45794392523364486,False,False,175.0,0.8177570093457944,False,False,0.18309859154929575,0.1888732394366197,0.0,151.0,0.07222222222222223,2.9523077955673216e-05,"(np.float64(2.9523077955673216e-05), np.float64(0.1587531119585037), np.float64(582666368.0))"
24,S3R39N2440B60_N24_B15_surrogate_top,stage3_native_combined552,surrogate_top_predicted,"[4,16,22,14,0,12,20,2,18,8,10,6,7,11,13,21,9,15,3,17,23,19,1,5]","4,16,22,14,0,12,20,2,18,8,10,6,7,11,13,21,9,15,3,17,23,19,1,5",e7d4c44a39b62ccd,True,PASS_TEACHER_FIELDS_EXTRACTED,0.0002380475223162,0.1531964242458343,581450688.0,579943296.0,,,True,182.0,0.8504672897196262,False,False,32.0,0.14953271028037382,False,True,16.0,0.07476635514018691,True,True,9.0,0.04205607476635514,True,True,182.0,0.8504672897196262,False,False,0.1502347417840375,0.0,0.0,158.0,0.0,2.9523077955673216e-05,"(np.float64(2.9523077955673216e-05), np.float64(0.1587531119585037), np.float64(582666368.0))"
24,S3R39N2440B60_N24_B16_surrogate_top,stage3_native_combined552,surrogate_top_predicted,"[6,18,2,14,8,10,0,16,4,12,22,20,21,7,19,13,17,23,15,11,1,9,3,5]","6,18,2,14,8,10,0,16,4,12,22,20,21,7,19,13,17,23,15,11,1,9,3,5",01778e1f6d29a067,True,PASS_TEACHER_FIELDS_EXTRACTED,0.0001946740942457,0.1556887030601501,585390848.0,579944512.0,,,False,167.0,0.780373831775701,False,False,71.0,0.3317757009345794,False,False,187.0,0.8738317757009346,False,False,170.0,0.794392523364486,False,False,167.0,0.780373831775701,False,False,0.22065727699530513,0.2192957746478873,0.0,144.0,0.08518518518518517,2.9523077955673216e-05,"(np.float64(2.9523077955673216e-05), np.float64(0.1587531119585037), np.float64(582666368.0))"
24,S3R39N2440B60_N24_B17_diversity,stage3_native_combined552,diversity_coverage,"[2,7,12,17,22,3,8,13,18,23,4,9,14,19,0,5,10,15,20,1,6,11,16,21]","2,7,12,17,22,3,8,13,18,23,4,9,14,19,0,5,10,15,20,1,6,11,16,21",5ccfdae24095dd12,True,PASS_TEACHER_FIELDS_EXTRACTED,0.0005505187583594,0.1519718170166015,581337792.0,579942848.0,,,True,206.0,0.9626168224299065,False,False,13.0,0.06074766355140187,True,True,13.0,0.06074766355140187,True,True,2.0,0.009345794392523364,True,True,206.0,0.9626168224299065,False,False,0.03755868544600938,0.0,0.0,182.0,0.0,2.9523077955673216e-05,"(np.float64(2.9523077955673216e-05), np.float64(0.1587531119585037), np.float64(582666368.0))"
24,S3R39N2440B60_N24_B18_graph_pointer,stage3_native_combined552,graph_pointer_temperature_sampled,"[2,7,0,3,10,12,17,20,8,11,16,18,1,5,14,9,4,6,23,21,13,15,19,22]","2,7,0,3,10,12,17,20,8,11,16,18,1,5,14,9,4,6,23,21,13,15,19,22",0ad102f2eaec54c2,True,PASS_TEACHER_FIELDS_EXTRACTED,0.0002313458730895,0.1603628247976303,585924800.0,579943552.0,,,False,178.0,0.8317757009345794,False,False,159.0,0.7429906542056075,False,False,197.0,0.9205607476635514,False,False,33.0,0.1542056074766355,False,True,178.0,0.8317757009345794,False,False,0.16901408450704225,0.09016901408450705,0.0,154.0,0.06666666666666665,2.9523077955673216e-05,"(np.float64(2.9523077955673216e-05), np.float64(0.1587531119585037), np.float64(582666368.0))"
24,S3R39N2440B60_N24_B19_graph_pointer,stage3_native_combined552,graph_pointer_temperature_sampled,"[2,4,6,7,0,5,12,17,10,22,23,21,18,8,19,15,13,11,14,16,20,9,3,1]","2,4,6,7,0,5,12,17,10,22,23,21,18,8,19,15,13,11,14,16,20,9,3,1",5a8a3a7f7fdfa8fc,True,PASS_TEACHER_FIELDS_EXTRACTED,0.0002318852484677,0.1731639057397842,582702336.0,579944256.0,,,False,180.0,0.8411214953271028,False,False,202.0,0.9439252336448598,False,False,120.0,0.5607476635514018,False,False,118.0,0.5514018691588785,False,False,180.0,0.8411214953271028,False,False,0.15962441314553988,0.06828169014084506,0.0,156.0,0.06296296296296296,2.9523077955673216e-05,"(np.float64(2.9523077955673216e-05), np.float64(0.1587531119585037), np.float64(582666368.0))"
24,S3R39N2440B60_N24_B20_graph_pointer,stage3_native_combined552,graph_pointer_temperature_sampled,"[6,8,2,1,18,14,16,4,7,0,10,12,22,20,19,17,15,11,3,5,9,13,23,21]","6,8,2,1,18,14,16,4,7,0,10,12,22,20,19,17,15,11,3,5,9,13,23,21",cc4ae946f5789d20,True,PASS_TEACHER_FIELDS_EXTRACTED,0.0001901917951272,0.1607173234224319,584000640.0,579943424.0,,,False,166.0,0.7757009345794392,False,False,160.0,0.7476635514018691,False,False,170.0,0.794392523364486,False,False,22.0,0.102803738317757,True,True,166.0,0.7757009345794392,False,False,0.22535211267605637,0.11205633802816903,0.0,143.0,0.08703703703703705,2.9523077955673216e-05,"(np.float64(2.9523077955673216e-05), np.float64(0.1587531119585037), np.float64(582666368.0))"
24,S3R39N2440B60_N24_B21_graph_pointer,stage3_native_combined552,graph_pointer_temperature_sampled,"[2,4,12,14,16,8,6,1,0,5,7,18,3,19,15,13,11,10,21,23,22,20,17,9]","2,4,12,14,16,8,6,1,0,5,7,18,3,19,15,13,11,10,21,23,22,20,17,9",c80ea11fb2da604a,True,PASS_TEACHER_FIELDS_EXTRACTED,0.0002189582201026,0.1719127595424652,581934400.0,579943808.0,,,False,173.0,0.8084112149532711,False,False,199.0,0.9299065420560748,False,False,57.0,0.26635514018691586,False,False,87.0,0.40654205607476634,False,False,173.0,0.8084112149532711,False,False,0.19248826291079812,0.08256338028169015,0.0,149.0,0.07592592592592594,2.9523077955673216e-05,"(np.float64(2.9523077955673216e-05), np.float64(0.1587531119585037), np.float64(582666368.0))"
24,S3R39N2440B60_N24_B22_diversity,stage3_native_combined552,diversity_coverage,"[8,3,22,17,12,7,2,21,16,11,6,1,20,15,10,5,0,19,14,9,4,23,18,13]","8,3,22,17,12,7,2,21,16,11,6,1,20,15,10,5,0,19,14,9,4,23,18,13",0600acdc2dcb4198,True,PASS_TEACHER_FIELDS_EXTRACTED,0.000534943341222,0.1557627022266388,581765824.0,579943808.0,,,True,203.0,0.9485981308411215,False,False,72.0,0.3364485981308411,False,False,31.0,0.14485981308411214,False,True,87.0,0.40654205607476634,False,False,203.0,0.9485981308411215,False,False,0.05164319248826288,0.0,0.0,179.0,0.0,2.9523077955673216e-05,"(np.float64(2.9523077955673216e-05), np.float64(0.1587531119585037), np.float64(582666368.0))"
24,S3R39N2440B60_N24_B23_graph_pointer,stage3_native_combined552,graph_pointer_temperature_sampled,"[8,2,5,22,19,18,21,14,6,4,0,11,13,23,12,3,10,16,20,15,9,1,17,7]","8,2,5,22,19,18,21,14,6,4,0,11,13,23,12,3,10,16,20,15,9,1,17,7",c2aac9cb62b52be0,True,PASS_TEACHER_FIELDS_EXTRACTED,0.000382078932489,0.1633279919624328,585695104.0,579942976.0,,,False,194.0,0.9065420560747663,False,False,182.0,0.8504672897196262,False,False,193.0,0.9018691588785047,False,False,4.0,0.018691588785046728,True,True,194.0,0.9065420560747663,False,False,0.0938967136150235,0.05070422535211268,0.0,170.0,0.037037037037037035,2.9523077955673216e-05,"(np.float64(2.9523077955673216e-05), np.float64(0.1587531119585037), np.float64(582666368.0))"
24,S3R39N2440B60_N24_B24_hybrid_disagree,stage3_native_combined552,hybrid_gnn_surrogate_disagreement,"[0,17,23,16,19,4,15,9,12,14,10,3,5,1,21,18,7,2,20,22,11,6,8,13]","0,17,23,16,19,4,15,9,12,14,10,3,5,1,21,18,7,2,20,22,11,6,8,13",246ba306ff780a9a,True,PASS_TEACHER_FIELDS_EXTRACTED,0.0002786342520266,0.1609224379062652,583029184.0,579943104.0,,,False,186.0,0.8691588785046729,False,False,163.0,0.7616822429906542,False,False,133.0,0.6214953271028038,False,False,5.0,0.02336448598130841,True,True,186.0,0.8691588785046729,False,False,0.13145539906103287,0.0736056338028169,0.0,162.0,0.05185185185185184,2.9523077955673216e-05,"(np.float64(2.9523077955673216e-05), np.float64(0.1587531119585037), np.float64(582666368.0))"
24,S3R39N2440B60_N24_B25_hybrid_disagree,stage3_native_combined552,hybrid_gnn_surrogate_disagreement,"[23,20,9,8,0,11,15,10,17,21,14,5,7,3,12,16,18,22,6,2,19,1,4,13]","23,20,9,8,0,11,15,10,17,21,14,5,7,3,12,16,18,22,6,2,19,1,4,13",1d6fc56e589607e8,True,PASS_TEACHER_FIELDS_EXTRACTED,0.0003401456374376,0.1549776643514633,582068544.0,579944192.0,,,False,192.0,0.897196261682243,False,False,61.0,0.2850467289719626,False,False,71.0,0.3317757009345794,False,False,109.0,0.5093457943925234,False,False,192.0,0.897196261682243,False,False,0.10328638497652587,0.13901408450704228,0.0,168.0,0.04074074074074074,2.9523077955673216e-05,"(np.float64(2.9523077955673216e-05), np.float64(0.1587531119585037), np.float64(582666368.0))"
24,S3R39N2440B60_N24_B26_uncertainty,stage3_native_combined552,uncertainty_calibration,"[6,5,4,3,2,1,0,23,22,21,20,19,18,17,16,15,14,13,12,11,10,9,8,7]","6,5,4,3,2,1,0,23,22,21,20,19,18,17,16,15,14,13,12,11,10,9,8,7",d7c971333572de00,True,PASS_TEACHER_FIELDS_EXTRACTED,0.0004649620168493,0.1795306205749511,584252160.0,579944384.0,,,False,200.0,0.9345794392523364,False,False,210.0,0.9813084112149533,False,False,173.0,0.8084112149532711,False,False,136.0,0.6355140186915887,False,False,200.0,0.9345794392523364,False,False,0.06572769953051638,0.027718309859154914,0.0,176.0,0.02592592592592592,2.9523077955673216e-05,"(np.float64(2.9523077955673216e-05), np.float64(0.1587531119585037), np.float64(582666368.0))"
24,S3R39N2440B60_N24_B27_uncertainty,stage3_native_combined552,uncertainty_calibration,"[14,15,16,17,18,19,20,21,22,23,0,1,2,3,4,5,6,7,8,9,10,11,12,13]","14,15,16,17,18,19,20,21,22,23,0,1,2,3,4,5,6,7,8,9,10,11,12,13",55ff1ca1e18b999a,True,PASS_TEACHER_FIELDS_EXTRACTED,0.0004528175495579,0.1783385276794433,583169920.0,579943552.0,,,False,199.0,0.9299065420560748,False,False,209.0,0.9766355140186916,False,False,144.0,0.6728971962616822,False,False,33.0,0.1542056074766355,False,True,199.0,0.9299065420560748,False,False,0.07042253521126762,0.03000000000000001,0.0,175.0,0.027777777777777794,2.9523077955673216e-05,"(np.float64(2.9523077955673216e-05), np.float64(0.1587531119585037), np.float64(582666368.0))"
24,S3R39N2440B60_N24_B28_diversity,stage3_native_combined552,diversity_coverage,"[19,20,4,16,23,1,14,11,12,15,17,3,10,2,13,18,22,8,7,6,9,21,5,0]","19,20,4,16,23,1,14,11,12,15,17,3,10,2,13,18,22,8,7,6,9,21,5,0",895920409a1f0e2a,True,PASS_TEACHER_FIELDS_EXTRACTED,0.0003291523960342,0.1738174110651016,582422400.0,579944064.0,,,False,191.0,0.8925233644859814,False,False,203.0,0.9485981308411215,False,False,98.0,0.45794392523364486,False,False,98.0,0.45794392523364486,False,False,191.0,0.8925233644859814,False,False,0.107981220657277,0.04740845070422535,0.0,167.0,0.042592592592592605,2.9523077955673216e-05,"(np.float64(2.9523077955673216e-05), np.float64(0.1587531119585037), np.float64(582666368.0))"
24,S3R39N2440B60_N24_B29_uncertainty,stage3_native_combined552,uncertainty_calibration,"[19,18,17,16,15,14,13,12,11,10,9,8,7,6,5,4,3,2,1,0,23,22,21,20]","19,18,17,16,15,14,13,12,11,10,9,8,7,6,5,4,3,2,1,0,23,22,21,20",2f697e9d0f89d8b9,True,PASS_TEACHER_FIELDS_EXTRACTED,0.0005198504350119,0.1779865622520446,583366784.0,579944704.0,,,False,201.0,0.9392523364485982,False,False,208.0,0.9719626168224299,False,False,152.0,0.7102803738317757,False,False,202.0,0.9439252336448598,False,False,201.0,0.9392523364485982,False,False,0.06103286384976525,0.02670422535211267,0.0,177.0,0.02407407407407409,2.9523077955673216e-05,"(np.float64(2.9523077955673216e-05), np.float64(0.1587531119585037), np.float64(582666368.0))"
24,S3R39N2440B60_N24_B30_sentinel,stage3_native_combined552,sentinel_control,"[12,11,13,10,14,9,15,8,16,7,17,6,18,5,19,4,20,3,21,2,1,22,0,23]","12,11,13,10,14,9,15,8,16,7,17,6,18,5,19,4,20,3,21,2,1,22,0,23",6ade7040546e76c8,True,PASS_TEACHER_FIELDS_EXTRACTED,0.0006249901030059,0.1726419776678085,588270592.0,579944192.0,,,False,213.0,0.9953271028037384,False,False,200.0,0.9345794392523364,False,False,211.0,0.985981308411215,False,False,109.0,0.5093457943925234,False,False,213.0,0.9953271028037384,False,False,0.0046948356807511304,0.007774647887323922,0.0,189.0,0.001851851851851871,2.9523077955673216e-05,"(np.float64(2.9523077955673216e-05), np.float64(0.1587531119585037), np.float64(582666368.0))"
40,S3R39N2440B60_N40_B01_n40_u2_near,stage3_native_combined552,N40_new_best_neighborhood,"[0,2,4,6,7,9,11,13,15,17,19,32,34,36,38,30,28,26,24,22,20,18,16,14,12,10,8,5,3,1,21,23,25,27,29,31,33,35,37,39]","0,2,4,6,7,9,11,13,15,17,19,32,34,36,38,30,28,26,24,22,20,18,16,14,12,10,8,5,3,1,21,23,25,27,29,31,33,35,37,39",2be93a3db4bceb7f,True,PASS_TEACHER_FIELDS_EXTRACTED,7.611840919707902e-05,0.1559313535690307,581616832.0,579927616.0,,,False,50.0,0.21739130434782608,False,True,97.0,0.4217391304347826,False,False,10.0,0.043478260869565216,True,True,196.0,0.8521739130434782,False,False,50.0,0.21739130434782608,False,True,1.0360262008733625,0.7589519650655022,1.0,50.0,0.5177632345537424,4.5779268475598656e-05,"(np.float64(4.5779268475598656e-05), np.float64(0.1553586423397064), np.float64(581956288.0))"
40,S3R39N2440B60_N40_B02_n40_u2_near,stage3_native_combined552,N40_new_best_neighborhood,"[0,3,5,7,9,11,13,15,17,19,38,36,34,32,30,28,26,24,22,20,18,16,14,12,10,8,6,4,2,1,21,23,25,27,29,31,33,35,37,39]","0,3,5,7,9,11,13,15,17,19,38,36,34,32,30,28,26,24,22,20,18,16,14,12,10,8,6,4,2,1,21,23,25,27,29,31,33,35,37,39",57d732db8ce53de8,True,PASS_TEACHER_FIELDS_EXTRACTED,7.798989645380061e-05,0.1534222960472107,582003392.0,579926528.0,,,False,54.0,0.23478260869565218,False,True,42.0,0.1826086956521739,False,True,35.0,0.15217391304347827,False,True,69.0,0.3,False,False,54.0,0.23478260869565218,False,True,1.0185589519650655,0.7856768558951965,1.0,54.0,0.49650192785889913,4.5779268475598656e-05,"(np.float64(4.5779268475598656e-05), np.float64(0.1553586423397064), np.float64(581956288.0))"
40,S3R39N2440B60_N40_B03_n40_u2_near,stage3_native_combined552,N40_new_best_neighborhood,"[0,2,4,6,8,9,11,13,15,17,19,38,36,34,32,30,28,26,24,22,20,18,16,14,12,10,7,5,3,1,21,23,25,27,29,31,33,35,37,39]","0,2,4,6,8,9,11,13,15,17,19,38,36,34,32,30,28,26,24,22,20,18,16,14,12,10,7,5,3,1,21,23,25,27,29,31,33,35,37,39",9be5805c286ff5e5,True,PASS_TEACHER_FIELDS_EXTRACTED,7.676980362703034e-05,0.1560160666704177,581629376.0,579927616.0,,,False,52.0,0.22608695652173913,False,True,98.0,0.4260869565217391,False,False,15.0,0.06521739130434782,True,True,196.0,0.8521739130434782,False,False,52.0,0.22608695652173913,False,True,1.027292576419214,0.7500436681222707,1.0,52.0,0.5092455159488973,4.5779268475598656e-05,"(np.float64(4.5779268475598656e-05), np.float64(0.1553586423397064), np.float64(581956288.0))"
40,S3R39N2440B60_N40_B04_n40_u2_near,stage3_native_combined552,N40_new_best_neighborhood,"[0,2,3,5,7,9,11,13,15,17,19,22,24,26,28,30,32,34,36,38,20,18,16,14,12,10,8,6,4,1,21,23,25,27,29,31,33,35,37,39]","0,2,3,5,7,9,11,13,15,17,19,22,24,26,28,30,32,34,36,38,20,18,16,14,12,10,8,6,4,1,21,23,25,27,29,31,33,35,37,39",9b691e899f606246,True,PASS_TEACHER_FIELDS_EXTRACTED,6.792713247705251e-05,0.1540291607379913,582070784.0,579926528.0,,,False,32.0,0.1391304347826087,False,True,73.0,0.3173913043478261,False,False,61.0,0.26521739130434785,False,False,69.0,0.3,False,False,32.0,0.1391304347826087,False,True,1.1146288209606987,0.8186899563318777,1.0,32.0,0.6210198957913002,4.5779268475598656e-05,"(np.float64(4.5779268475598656e-05), np.float64(0.1553586423397064), np.float64(581956288.0))"
40,S3R39N2440B60_N40_B05_n40_u2_near,stage3_native_combined552,N40_new_best_neighborhood,"[0,2,4,6,8,10,12,14,16,18,20,22,24,26,28,30,39,37,35,33,31,29,27,25,23,21,1,3,5,7,9,11,13,15,17,19,38,36,34,32]","0,2,4,6,8,10,12,14,16,18,20,22,24,26,28,30,39,37,35,33,31,29,27,25,23,21,1,3,5,7,9,11,13,15,17,19,38,36,34,32",5d9e68cb25610b72,True,PASS_TEACHER_FIELDS_EXTRACTED,0.0002428228326607,0.1591205149888992,590432640.0,579926016.0,,,False,144.0,0.6260869565217392,False,False,131.0,0.5695652173913044,False,False,222.0,0.9652173913043478,False,False,31.0,0.13478260869565217,False,True,144.0,0.6260869565217392,False,False,0.37554585152838427,0.18762445414847162,0.0,144.0,0.10585365853658538,4.5779268475598656e-05,"(np.float64(4.5779268475598656e-05), np.float64(0.1553586423397064), np.float64(581956288.0))"
40,S3R39N2440B60_N40_B06_n40_u2_near,stage3_native_combined552,N40_new_best_neighborhood,"[4,2,0,7,9,11,13,15,17,19,22,24,26,28,30,32,34,36,38,20,18,16,14,12,10,8,6,5,3,1,21,23,25,27,29,31,33,35,37,39]","4,2,0,7,9,11,13,15,17,19,22,24,26,28,30,32,34,36,38,20,18,16,14,12,10,8,6,5,3,1,21,23,25,27,29,31,33,35,37,39",05712ac7b315fe45,True,PASS_TEACHER_FIELDS_EXTRACTED,0.000113214871817,0.1534597277641296,582466304.0,579927488.0,,,False,89.0,0.3869565217391304,False,False,49.0,0.21304347826086956,False,True,104.0,0.45217391304347826,False,False,138.0,0.6,False,False,89.0,0.3869565217391304,False,False,0.6157205240174672,0.645414847161572,0.0,89.0,0.2541134734152367,4.5779268475598656e-05,"(np.float64(4.5779268475598656e-05), np.float64(0.1553586423397064), np.float64(581956288.0))"
40,S3R39N2440B60_N40_B07_n40_u2_near,stage3_native_combined552,N40_new_best_neighborhood,"[4,2,0,6,8,10,12,14,15,17,19,22,24,26,28,30,32,34,36,38,20,18,16,13,11,9,7,5,3,1,21,23,25,27,29,31,33,35,37,39]","4,2,0,6,8,10,12,14,15,17,19,22,24,26,28,30,32,34,36,38,20,18,16,13,11,9,7,5,3,1,21,23,25,27,29,31,33,35,37,39",6651abff5496dcd0,True,PASS_TEACHER_FIELDS_EXTRACTED,0.0001306445738009,0.1540696173906326,582282304.0,579926528.0,,,False,98.0,0.4260869565217391,False,False,78.0,0.3391304347826087,False,False,90.0,0.391304347826087,False,False,69.0,0.3,False,False,98.0,0.4260869565217391,False,False,0.5764192139737991,0.5966812227074235,0.0,98.0,0.18480103513335117,4.5779268475598656e-05,"(np.float64(4.5779268475598656e-05), np.float64(0.1553586423397064), np.float64(581956288.0))"
40,S3R39N2440B60_N40_B08_n40_u2_near,stage3_native_combined552,N40_new_best_neighborhood,"[17,15,13,10,8,6,4,2,0,18,20,22,24,26,28,30,32,34,36,38,19,16,14,12,11,9,7,5,3,1,21,23,25,27,29,31,33,35,37,39]","17,15,13,10,8,6,4,2,0,18,20,22,24,26,28,30,32,34,36,38,19,16,14,12,11,9,7,5,3,1,21,23,25,27,29,31,33,35,37,39",f0613bea802663bb,True,PASS_TEACHER_FIELDS_EXTRACTED,0.0001928622095874,0.1534249633550644,585483904.0,579927552.0,,,False,126.0,0.5478260869565217,False,False,45.0,0.1956521739130435,False,True,184.0,0.8,False,False,157.0,0.6826086956521739,False,False,126.0,0.5478260869565217,False,False,0.4541484716157205,0.39969432314410475,0.0,126.0,0.13658536585365852,4.5779268475598656e-05,"(np.float64(4.5779268475598656e-05), np.float64(0.1553586423397064), np.float64(581956288.0))"
40,S3R39N2440B60_N40_B09_hybrid_agree,stage3_native_combined552,hybrid_gnn_surrogate_agreement,"[10,6,0,32,30,4,14,12,16,18,28,2,26,20,24,22,36,38,34,8,3,11,39,33,21,5,37,23,7,35,13,15,25,27,9,1,17,29,31,19]","10,6,0,32,30,4,14,12,16,18,28,2,26,20,24,22,36,38,34,8,3,11,39,33,21,5,37,23,7,35,13,15,25,27,9,1,17,29,31,19",55e8df5bc6f54fb1,True,PASS_TEACHER_FIELDS_EXTRACTED,0.0006667709956218,0.1507769972085952,583664832.0,579926272.0,,,False,178.0,0.7739130434782608,False,False,13.0,0.05652173913043478,True,True,141.0,0.6130434782608696,False,False,51.0,0.2217391304347826,False,True,178.0,0.7739130434782608,False,False,0.22707423580786024,0.2487772925764192,0.0,155.0,0.08707317073170731,4.5779268475598656e-05,"(np.float64(4.5779268475598656e-05), np.float64(0.1553586423397064), np.float64(581956288.0))"
40,S3R39N2440B60_N40_B10_surrogate_top,stage3_native_combined552,surrogate_top_predicted,"[14,30,20,8,2,24,32,28,26,0,34,18,16,36,12,4,10,22,38,6,19,23,29,31,37,13,7,27,35,39,9,1,21,11,5,17,25,15,3,33]","14,30,20,8,2,24,32,28,26,0,34,18,16,36,12,4,10,22,38,6,19,23,29,31,37,13,7,27,35,39,9,1,21,11,5,17,25,15,3,33",ea73009f75c06ec9,True,PASS_TEACHER_FIELDS_EXTRACTED,0.000756842054443,0.1440253555774688,585081920.0,579926080.0,,,False,193.0,0.8391304347826087,False,False,1.0,0.004347826086956522,True,True,174.0,0.7565217391304347,False,False,37.0,0.1608695652173913,False,True,193.0,0.8391304347826087,False,False,0.16157205240174677,0.20633187772925768,0.0,169.0,0.06317073170731709,4.5779268475598656e-05,"(np.float64(4.5779268475598656e-05), np.float64(0.1553586423397064), np.float64(581956288.0))"
40,S3R39N2440B60_N40_B11_hybrid_agree,stage3_native_combined552,hybrid_gnn_surrogate_agreement,"[28,24,0,10,32,30,26,6,2,8,38,16,4,34,36,12,14,20,22,18,5,3,9,15,35,25,37,33,23,13,11,21,39,7,31,27,1,29,17,19]","28,24,0,10,32,30,26,6,2,8,38,16,4,34,36,12,14,20,22,18,5,3,9,15,35,25,37,33,23,13,11,21,39,7,31,27,1,29,17,19",8e5b471c1c405535,True,PASS_TEACHER_FIELDS_EXTRACTED,0.000611297203477,0.1557230949401855,584742592.0,579926144.0,,,False,174.0,0.7565217391304347,False,False,93.0,0.4043478260869565,False,False,171.0,0.7434782608695653,False,False,45.0,0.1956521739130435,False,True,174.0,0.7565217391304347,False,False,0.24454148471615722,0.22991266375545855,0.0,151.0,0.09390243902439024,4.5779268475598656e-05,"(np.float64(4.5779268475598656e-05), np.float64(0.1553586423397064), np.float64(581956288.0))"
40,S3R39N2440B60_N40_B12_surrogate_top,stage3_native_combined552,surrogate_top_predicted,"[24,20,26,38,32,16,2,4,30,36,18,8,14,34,22,12,28,6,10,0,1,37,35,11,19,29,33,5,15,27,9,17,39,31,3,25,7,21,23,13]","24,20,26,38,32,16,2,4,30,36,18,8,14,34,22,12,28,6,10,0,1,37,35,11,19,29,33,5,15,27,9,17,39,31,3,25,7,21,23,13",367933903c9838b9,True,PASS_TEACHER_FIELDS_EXTRACTED,0.0006855806161638,0.1531218141317367,582761280.0,579924928.0,,,False,184.0,0.8,False,False,37.0,0.1608695652173913,False,True,112.0,0.48695652173913045,False,False,10.0,0.043478260869565216,True,True,184.0,0.8,False,False,0.20087336244541487,0.22048034934497818,0.0,161.0,0.07682926829268291,4.5779268475598656e-05,"(np.float64(4.5779268475598656e-05), np.float64(0.1553586423397064), np.float64(581956288.0))"
40,S3R39N2440B60_N40_B13_surrogate_top,stage3_native_combined552,surrogate_top_predicted,"[4,20,16,32,22,30,34,36,8,10,26,28,6,0,14,2,24,18,12,38,1,25,29,31,27,33,37,21,13,5,39,19,11,3,17,23,7,15,35,9]","4,20,16,32,22,30,34,36,8,10,26,28,6,0,14,2,24,18,12,38,1,25,29,31,27,33,37,21,13,5,39,19,11,3,17,23,7,15,35,9",7f87762ecbab35eb,True,PASS_TEACHER_FIELDS_EXTRACTED,0.000712705689466,0.1485017389059066,583880320.0,579926208.0,,,False,187.0,0.8130434782608695,False,False,5.0,0.021739130434782608,True,True,146.0,0.6347826086956522,False,False,47.0,0.20434782608695654,False,True,187.0,0.8130434782608695,False,False,0.18777292576419213,0.22362445414847162,0.0,163.0,0.07341463414634145,4.5779268475598656e-05,"(np.float64(4.5779268475598656e-05), np.float64(0.1553586423397064), np.float64(581956288.0))"
40,S3R39N2440B60_N40_B14_surrogate_top,stage3_native_combined552,surrogate_top_predicted,"[20,6,8,24,36,38,32,0,34,28,30,26,12,14,18,22,10,4,2,16,5,21,27,25,1,35,37,19,31,7,11,39,15,13,29,33,9,3,17,23]","20,6,8,24,36,38,32,0,34,28,30,26,12,14,18,22,10,4,2,16,5,21,27,25,1,35,37,19,31,7,11,39,15,13,29,33,9,3,17,23",3d03251ef34b012e,True,PASS_TEACHER_FIELDS_EXTRACTED,0.0007329207660404,0.1494819819927215,583389952.0,579926336.0,,,False,192.0,0.8347826086956521,False,False,9.0,0.0391304347826087,True,True,129.0,0.5608695652173913,False,False,54.0,0.23478260869565218,False,True,192.0,0.8347826086956521,False,False,0.16593886462882101,0.2063318777292577,0.0,168.0,0.06487804878048782,4.5779268475598656e-05,"(np.float64(4.5779268475598656e-05), np.float64(0.1553586423397064), np.float64(581956288.0))"
40,S3R39N2440B60_N40_B15_surrogate_top,stage3_native_combined552,surrogate_top_predicted,"[16,28,38,32,24,10,4,30,26,6,22,14,34,12,0,8,2,36,20,18,15,5,21,33,19,39,37,1,17,23,13,27,35,11,9,7,31,25,29,3]","16,28,38,32,24,10,4,30,26,6,22,14,34,12,0,8,2,36,20,18,15,5,21,33,19,39,37,1,17,23,13,27,35,11,9,7,31,25,29,3",f56019e173d68856,True,PASS_TEACHER_FIELDS_EXTRACTED,0.0006783864921544,0.1501979976892471,583375872.0,579926080.0,,,False,181.0,0.7869565217391304,False,False,11.0,0.04782608695652174,True,True,128.0,0.5565217391304348,False,False,37.0,0.1608695652173913,False,True,181.0,0.7869565217391304,False,False,0.2139737991266376,0.24013100436681228,0.0,158.0,0.08195121951219511,4.5779268475598656e-05,"(np.float64(4.5779268475598656e-05), np.float64(0.1553586423397064), np.float64(581956288.0))"
40,S3R39N2440B60_N40_B16_surrogate_top,stage3_native_combined552,surrogate_top_predicted,"[6,2,30,26,14,38,32,22,34,18,36,12,28,16,0,8,10,4,20,24,19,27,23,15,17,7,29,3,1,13,9,25,37,35,21,39,33,5,11,31]","6,2,30,26,14,38,32,22,34,18,36,12,28,16,0,8,10,4,20,24,19,27,23,15,17,7,29,3,1,13,9,25,37,35,21,39,33,5,11,31",2b92b665b6093bfa,True,PASS_TEACHER_FIELDS_EXTRACTED,0.0007221903101708,0.1534849256277084,582250112.0,579925248.0,,,False,189.0,0.8217391304347826,False,False,54.0,0.23478260869565218,False,True,87.0,0.3782608695652174,False,False,14.0,0.06086956521739131,True,True,189.0,0.8217391304347826,False,False,0.17903930131004364,0.1980786026200873,0.0,165.0,0.06999999999999998,4.5779268475598656e-05,"(np.float64(4.5779268475598656e-05), np.float64(0.1553586423397064), np.float64(581956288.0))"
40,S3R39N2440B60_N40_B17_hybrid_disagree,stage3_native_combined552,hybrid_gnn_surrogate_disagreement,"[19,16,13,10,7,4,1,38,35,32,29,26,23,20,17,14,11,8,5,2,39,36,33,30,27,24,21,18,15,12,9,6,3,0,37,34,31,28,25,22]","19,16,13,10,7,4,1,38,35,32,29,26,23,20,17,14,11,8,5,2,39,36,33,30,27,24,21,18,15,12,9,6,3,0,37,34,31,28,25,22",d032c614efa09504,True,PASS_TEACHER_FIELDS_EXTRACTED,0.0006556917066973,0.1520021110773086,586977024.0,579926464.0,,,False,176.0,0.7652173913043478,False,False,17.0,0.07391304347826087,True,True,199.0,0.8652173913043478,False,False,61.0,0.26521739130434785,False,False,176.0,0.7652173913043478,False,False,0.23580786026200873,0.2534934497816594,0.0,153.0,0.09048780487804878,4.5779268475598656e-05,"(np.float64(4.5779268475598656e-05), np.float64(0.1553586423397064), np.float64(581956288.0))"
40,S3R39N2440B60_N40_B18_hybrid_disagree,stage3_native_combined552,hybrid_gnn_surrogate_disagreement,"[22,19,16,13,10,7,4,1,38,35,32,29,26,23,20,17,14,11,8,5,2,39,36,33,30,27,24,21,18,15,12,9,6,3,0,37,34,31,28,25]","22,19,16,13,10,7,4,1,38,35,32,29,26,23,20,17,14,11,8,5,2,39,36,33,30,27,24,21,18,15,12,9,6,3,0,37,34,31,28,25",04fa25261336523f,True,PASS_TEACHER_FIELDS_EXTRACTED,0.0006658899808371,0.1504225730895996,586057792.0,579925440.0,,,False,177.0,0.7695652173913043,False,False,12.0,0.05217391304347826,True,True,195.0,0.8478260869565217,False,False,16.0,0.06956521739130435,True,True,177.0,0.7695652173913043,False,False,0.23144104803493448,0.2523144104803493,0.0,154.0,0.08878048780487804,4.5779268475598656e-05,"(np.float64(4.5779268475598656e-05), np.float64(0.1553586423397064), np.float64(581956288.0))"
40,S3R39N2440B60_N40_B19_graph_pointer,stage3_native_combined552,graph_pointer_temperature_sampled,"[2,8,23,3,35,26,21,25,32,29,13,30,5,34,20,16,38,36,10,4,7,0,6,18,27,17,31,24,11,14,22,15,19,9,12,33,28,39,37,1]","2,8,23,3,35,26,21,25,32,29,13,30,5,34,20,16,38,36,10,4,7,0,6,18,27,17,31,24,11,14,22,15,19,9,12,33,28,39,37,1",199e37c74020b979,True,PASS_TEACHER_FIELDS_EXTRACTED,0.0008066147593126,0.1601115763187408,584511872.0,579926208.0,,,False,195.0,0.8478260869565217,False,False,139.0,0.6043478260869565,False,False,166.0,0.7217391304347827,False,False,47.0,0.20434782608695654,False,True,195.0,0.8478260869565217,False,False,0.15283842794759828,0.09628820960698692,0.0,171.0,0.05975609756097562,4.5779268475598656e-05,"(np.float64(4.5779268475598656e-05), np.float64(0.1553586423397064), np.float64(581956288.0))"
40,S3R39N2440B60_N40_B20_graph_pointer,stage3_native_combined552,graph_pointer_temperature_sampled,"[10,6,20,1,27,22,28,33,14,17,12,2,32,24,29,5,7,13,31,35,18,26,8,19,25,9,0,37,11,21,15,23,38,3,30,39,4,34,16,36]","10,6,20,1,27,22,28,33,14,17,12,2,32,24,29,5,7,13,31,35,18,26,8,19,25,9,0,37,11,21,15,23,38,3,30,39,4,34,16,36",27e24af2e7d7d8cc,True,PASS_TEACHER_FIELDS_EXTRACTED,0.0011065203616453,0.1594207733869552,584426880.0,579926144.0,,,False,205.0,0.8913043478260869,False,False,133.0,0.5782608695652174,False,False,161.0,0.7,False,False,45.0,0.1956521739130435,False,True,205.0,0.8913043478260869,False,False,0.10917030567685593,0.08135371179039302,0.0,181.0,0.04268292682926829,4.5779268475598656e-05,"(np.float64(4.5779268475598656e-05), np.float64(0.1553586423397064), np.float64(581956288.0))"
40,S3R39N2440B60_N40_B21_graph_pointer,stage3_native_combined552,graph_pointer_temperature_sampled,"[4,21,12,24,22,11,8,14,18,23,20,10,16,31,30,26,39,37,27,19,0,2,5,25,6,3,13,34,32,28,17,15,9,7,1,36,38,35,29,33]","4,21,12,24,22,11,8,14,18,23,20,10,16,31,30,26,39,37,27,19,0,2,5,25,6,3,13,34,32,28,17,15,9,7,1,36,38,35,29,33",596144a9d57e815c,True,PASS_TEACHER_FIELDS_EXTRACTED,0.0009024734640661,0.1595761924982071,588982080.0,579926592.0,,,False,196.0,0.8521739130434782,False,False,134.0,0.5826086956521739,False,False,216.0,0.9391304347826087,False,False,95.0,0.41304347826086957,False,False,196.0,0.8521739130434782,False,False,0.14847161572052403,0.09652401746724892,0.0,172.0,0.05804878048780489,4.5779268475598656e-05,"(np.float64(4.5779268475598656e-05), np.float64(0.1553586423397064), np.float64(581956288.0))"
40,S3R39N2440B60_N40_B22_graph_pointer,stage3_native_combined552,graph_pointer_temperature_sampled,"[4,2,14,12,0,6,8,10,26,34,32,9,36,30,29,24,16,19,17,20,25,22,28,11,13,15,21,23,18,7,1,3,5,38,35,33,31,37,39,27]","4,2,14,12,0,6,8,10,26,34,32,9,36,30,29,24,16,19,17,20,25,22,28,11,13,15,21,23,18,7,1,3,5,38,35,33,31,37,39,27",e6598f941ef3987c,True,PASS_TEACHER_FIELDS_EXTRACTED,0.0005406145585311,0.1649311333894729,586055040.0,579926272.0,,,False,164.0,0.7130434782608696,False,False,186.0,0.808695652173913,False,False,194.0,0.8434782608695652,False,False,51.0,0.2217391304347826,False,True,164.0,0.7130434782608696,False,False,0.28820960698689957,0.1314235807860262,0.0,147.0,0.10073170731707318,4.5779268475598656e-05,"(np.float64(4.5779268475598656e-05), np.float64(0.1553586423397064), np.float64(581956288.0))"
40,S3R39N2440B60_N40_B23_graph_pointer,stage3_native_combined552,graph_pointer_temperature_sampled,"[3,17,8,2,19,11,18,4,12,6,39,29,34,32,35,7,22,15,5,21,31,28,16,1,13,20,10,24,30,37,25,27,23,26,0,9,38,33,36,14]","3,17,8,2,19,11,18,4,12,6,39,29,34,32,35,7,22,15,5,21,31,28,16,1,13,20,10,24,30,37,25,27,23,26,0,9,38,33,36,14",38293769eddd5944,True,PASS_TEACHER_FIELDS_EXTRACTED,0.0009651494526679,0.1746424287557602,585990976.0,579926272.0,,,False,199.0,0.8652173913043478,False,False,214.0,0.9304347826086956,False,False,192.0,0.8347826086956521,False,False,51.0,0.2217391304347826,False,True,199.0,0.8652173913043478,False,False,0.1353711790393013,0.059895196506550216,0.0,175.0,0.05292682926829269,4.5779268475598656e-05,"(np.float64(4.5779268475598656e-05), np.float64(0.1553586423397064), np.float64(581956288.0))"
40,S3R39N2440B60_N40_B24_diversity,stage3_native_combined552,diversity_coverage,"[3,20,37,14,31,8,25,2,19,36,13,30,7,24,1,18,35,12,29,6,23,0,17,34,11,28,5,22,39,16,33,10,27,4,21,38,15,32,9,26]","3,20,37,14,31,8,25,2,19,36,13,30,7,24,1,18,35,12,29,6,23,0,17,34,11,28,5,22,39,16,33,10,27,4,21,38,15,32,9,26",8b25246ab5066fef,True,PASS_TEACHER_FIELDS_EXTRACTED,0.0016101131914183,0.1509619206190109,584105600.0,579924416.0,,,False,219.0,0.9521739130434783,False,False,14.0,0.06086956521739131,True,True,154.0,0.6695652173913044,False,False,4.0,0.017391304347826087,True,True,219.0,0.9521739130434783,False,False,0.048034934497816595,0.1194759825327511,0.0,195.0,0.018780487804878065,4.5779268475598656e-05,"(np.float64(4.5779268475598656e-05), np.float64(0.1553586423397064), np.float64(581956288.0))"
40,S3R39N2440B60_N40_B25_diversity,stage3_native_combined552,diversity_coverage,"[9,32,15,38,21,4,27,10,33,16,39,22,5,28,11,34,17,0,23,6,29,12,35,18,1,24,7,30,13,36,19,2,25,8,31,14,37,20,3,26]","9,32,15,38,21,4,27,10,33,16,39,22,5,28,11,34,17,0,23,6,29,12,35,18,1,24,7,30,13,36,19,2,25,8,31,14,37,20,3,26",4fc7da5367ae2426,True,PASS_TEACHER_FIELDS_EXTRACTED,0.0016184808919206,0.1511107385158538,583522176.0,579924352.0,,,False,220.0,0.9565217391304348,False,False,15.0,0.06521739130434782,True,True,134.0,0.5826086956521739,False,False,3.0,0.013043478260869565,True,True,220.0,0.9565217391304348,False,False,0.04366812227074235,0.11593886462882094,0.0,196.0,0.017073170731707332,4.5779268475598656e-05,"(np.float64(4.5779268475598656e-05), np.float64(0.1553586423397064), np.float64(581956288.0))"
40,S3R39N2440B60_N40_B26_diversity,stage3_native_combined552,diversity_coverage,"[4,33,22,11,0,29,18,7,36,25,14,3,32,21,10,39,28,17,6,35,24,13,2,31,20,9,38,27,16,5,34,23,12,1,30,19,8,37,26,15]","4,33,22,11,0,29,18,7,36,25,14,3,32,21,10,39,28,17,6,35,24,13,2,31,20,9,38,27,16,5,34,23,12,1,30,19,8,37,26,15",937d4e4b74447bfc,True,PASS_TEACHER_FIELDS_EXTRACTED,0.0009517180171201,0.1489430516958236,583896832.0,579924800.0,,,False,198.0,0.8608695652173913,False,False,7.0,0.030434782608695653,True,True,147.0,0.6391304347826087,False,False,6.0,0.02608695652173913,True,True,198.0,0.8608695652173913,False,False,0.13973799126637554,0.18825327510917028,0.0,174.0,0.05463414634146342,4.5779268475598656e-05,"(np.float64(4.5779268475598656e-05), np.float64(0.1553586423397064), np.float64(581956288.0))"
40,S3R39N2440B60_N40_B27_uncertainty,stage3_native_combined552,uncertainty_calibration,"[5,6,7,8,9,10,11,12,13,14,15,16,17,18,19,20,21,22,23,24,25,26,27,28,29,30,31,32,33,34,35,36,37,38,39,0,1,2,3,4]","5,6,7,8,9,10,11,12,13,14,15,16,17,18,19,20,21,22,23,24,25,26,27,28,29,30,31,32,33,34,35,36,37,38,39,0,1,2,3,4",cd739c49d4437e67,True,PASS_TEACHER_FIELDS_EXTRACTED,0.0014474944910034,0.1996921449899673,582660608.0,579928448.0,,,False,217.0,0.9434782608695652,False,False,226.0,0.9826086956521739,False,False,109.0,0.47391304347826085,False,False,221.0,0.9608695652173913,False,False,217.0,0.9434782608695652,False,False,0.05676855895196509,0.024052401746724905,0.0,193.0,0.02219512195121949,4.5779268475598656e-05,"(np.float64(4.5779268475598656e-05), np.float64(0.1553586423397064), np.float64(581956288.0))"
40,S3R39N2440B60_N40_B28_uncertainty,stage3_native_combined552,uncertainty_calibration,"[34,33,32,31,30,29,28,27,26,25,24,23,22,21,20,19,18,17,16,15,14,13,12,11,10,9,8,7,6,5,4,3,2,1,0,39,38,37,36,35]","34,33,32,31,30,29,28,27,26,25,24,23,22,21,20,19,18,17,16,15,14,13,12,11,10,9,8,7,6,5,4,3,2,1,0,39,38,37,36,35",2ae9e78e381bb797,True,PASS_TEACHER_FIELDS_EXTRACTED,0.0014474942581728,0.1996921747922897,582660608.0,579928448.0,,,False,216.0,0.9391304347826087,False,False,227.0,0.9869565217391304,False,False,109.0,0.47391304347826085,False,False,221.0,0.9608695652173913,False,False,216.0,0.9391304347826087,False,False,0.06113537117903933,0.02538864628820962,0.0,192.0,0.023902439024390223,4.5779268475598656e-05,"(np.float64(4.5779268475598656e-05), np.float64(0.1553586423397064), np.float64(581956288.0))"
40,S3R39N2440B60_N40_B29_uncertainty,stage3_native_combined552,uncertainty_calibration,"[31,30,29,28,27,26,25,24,23,22,21,20,19,18,17,16,15,14,13,12,11,10,9,8,7,6,5,4,3,2,1,0,39,38,37,36,35,34,33,32]","31,30,29,28,27,26,25,24,23,22,21,20,19,18,17,16,15,14,13,12,11,10,9,8,7,6,5,4,3,2,1,0,39,38,37,36,35,34,33,32",489f719e45047f35,True,PASS_TEACHER_FIELDS_EXTRACTED,0.0014238423900678,0.1987344920635223,581845120.0,579927104.0,,,True,214.0,0.9304347826086956,False,False,225.0,0.9782608695652174,False,False,27.0,0.11739130434782609,False,True,124.0,0.5391304347826087,False,False,214.0,0.9304347826086956,False,False,0.06986899563318782,0.0,0.0,190.0,0.0,4.5779268475598656e-05,"(np.float64(4.5779268475598656e-05), np.float64(0.1553586423397064), np.float64(581956288.0))"
40,S3R39N2440B60_N40_B30_sentinel,stage3_native_combined552,sentinel_control,"[19,20,21,18,17,22,23,16,24,15,14,25,26,13,27,12,11,28,29,10,30,9,8,31,32,7,6,33,5,34,4,35,36,3,2,37,38,1,0,39]","19,20,21,18,17,22,23,16,24,15,14,25,26,13,27,12,11,28,29,10,30,9,8,31,32,7,6,33,5,34,4,35,36,3,2,37,38,1,0,39",9081766457a797b5,True,PASS_TEACHER_FIELDS_EXTRACTED,0.0016625018324702,0.1820260882377624,587521984.0,579926784.0,,,False,222.0,0.9652173913043478,False,False,223.0,0.9695652173913043,False,False,203.0,0.8826086956521739,False,False,105.0,0.45652173913043476,False,False,222.0,0.9652173913043478,False,False,0.03493449781659386,0.016585152838427934,0.0,198.0,0.013658536585365866,4.5779268475598656e-05,"(np.float64(4.5779268475598656e-05), np.float64(0.1553586423397064), np.float64(581956288.0))"
24,S3R44CNS_N24_B01_reward_balanced,stage3_native_combined552,reward_balanced_local_search,"[22,18,16,14,12,10,8,6,4,2,0,23,21,19,17,15,13,9,7,5,3,1,11,20]","22,18,16,14,12,10,8,6,4,2,0,23,21,19,17,15,13,9,7,5,3,1,11,20",27f393f0ce2b144d,True,PASS_TEACHER_FIELDS_EXTRACTED,8.221834741561906e-05,0.1547531485557556,587291584.0,579944384.0,,,False,99.0,0.46261682242990654,False,False,60.0,0.2803738317757009,False,False,207.0,0.9672897196261683,False,False,136.0,0.6355140186915887,False,False,99.0,0.46261682242990654,False,False,0.539906103286385,0.535962441314554,0.0,99.0,0.17759990222028704,2.9523077955673216e-05,"(np.float64(2.9523077955673216e-05), np.float64(0.1587531119585037), np.float64(582666368.0))"
24,S3R44CNS_N24_B02_reward_balanced,stage3_native_combined552,reward_balanced_local_search,"[22,12,10,8,6,4,2,0,23,21,19,17,15,13,9,7,5,3,1,11,14,16,18,20]","22,12,10,8,6,4,2,0,23,21,19,17,15,13,9,7,5,3,1,11,14,16,18,20",5e49df6c5764087a,True,PASS_TEACHER_FIELDS_EXTRACTED,9.935419961948357e-05,0.1561643928289413,583612288.0,579944320.0,,,False,121.0,0.5654205607476636,False,False,89.0,0.4158878504672897,False,False,160.0,0.7476635514018691,False,False,129.0,0.602803738317757,False,False,121.0,0.5654205607476636,False,False,0.43661971830985913,0.36718309859154924,0.0,120.0,0.12962962962962962,2.9523077955673216e-05,"(np.float64(2.9523077955673216e-05), np.float64(0.1587531119585037), np.float64(582666368.0))"
24,S3R44CNS_N24_B03_constr_surrogate,stage3_native_combined552,constrained_surrogate_top,"[22,16,14,12,10,8,6,4,2,0,23,21,19,17,15,13,9,7,5,3,1,11,18,20]","22,16,14,12,10,8,6,4,2,0,23,21,19,17,15,13,9,7,5,3,1,11,18,20",07cf5c27c902a338,True,PASS_TEACHER_FIELDS_EXTRACTED,0.0001122188934914,0.1531748324632644,588100800.0,579943360.0,,,False,127.0,0.5934579439252337,False,False,30.0,0.14018691588785046,False,True,210.0,0.9813084112149533,False,False,16.0,0.07476635514018691,True,True,127.0,0.5934579439252337,False,False,0.4084507042253521,0.37183098591549296,0.0,126.0,0.11851851851851851,2.9523077955673216e-05,"(np.float64(2.9523077955673216e-05), np.float64(0.1587531119585037), np.float64(582666368.0))"
24,S3R44CNS_N24_B04_constr_surrogate,stage3_native_combined552,constrained_surrogate_top,"[22,13,9,7,5,3,1,11,15,17,19,21,23,0,2,4,6,8,10,12,14,16,18,20]","22,13,9,7,5,3,1,11,15,17,19,21,23,0,2,4,6,8,10,12,14,16,18,20",f5438f0035e62bba,True,PASS_TEACHER_FIELDS_EXTRACTED,5.257469592834241e-05,0.1561311483383178,582559488.0,579943552.0,,,False,43.0,0.20093457943925233,False,True,83.0,0.3878504672897196,False,False,110.0,0.514018691588785,False,False,33.0,0.1542056074766355,False,True,43.0,0.20093457943925233,False,True,1.0528169014084507,0.740093896713615,1.0,43.0,0.4837676089214093,2.9523077955673216e-05,"(np.float64(2.9523077955673216e-05), np.float64(0.1587531119585037), np.float64(582666368.0))"
24,S3R44CNS_N24_B05_peeq_guarded,stage3_native_combined552,PEEQ_guarded_candidates,"[20,22,19,17,15,13,9,7,5,3,1,11,21,23,0,2,4,6,8,10,12,14,16,18]","20,22,19,17,15,13,9,7,5,3,1,11,21,23,0,2,4,6,8,10,12,14,16,18",d9d5f9a5686b82cc,True,PASS_TEACHER_FIELDS_EXTRACTED,6.712235335726291e-05,0.1560048609972,582841408.0,579943616.0,,,False,66.0,0.308411214953271,False,False,78.0,0.3644859813084112,False,False,126.0,0.5887850467289719,False,False,63.0,0.29439252336448596,False,False,66.0,0.308411214953271,False,False,0.6948356807511737,0.6610328638497652,0.0,66.0,0.31946936228224976,2.9523077955673216e-05,"(np.float64(2.9523077955673216e-05), np.float64(0.1587531119585037), np.float64(582666368.0))"
24,S3R44CNS_N24_B06_peeq_guarded,stage3_native_combined552,PEEQ_guarded_candidates,"[20,22,11,5,3,1,7,9,13,15,17,19,21,23,0,2,4,6,8,10,12,14,16,18]","20,22,11,5,3,1,7,9,13,15,17,19,21,23,0,2,4,6,8,10,12,14,16,18",06f645fb52070d94,True,PASS_TEACHER_FIELDS_EXTRACTED,4.9224905524170026e-05,0.1578666418790817,582979392.0,579943552.0,,,False,33.0,0.1542056074766355,False,True,123.0,0.5747663551401869,False,False,131.0,0.6121495327102804,False,False,33.0,0.1542056074766355,False,True,33.0,0.1542056074766355,False,True,1.0997652582159625,0.4531267605633803,1.0,33.0,0.5404996969296364,2.9523077955673216e-05,"(np.float64(2.9523077955673216e-05), np.float64(0.1587531119585037), np.float64(582666368.0))"
24,S3R44CNS_N24_B07_surfacet_guarded,stage3_native_combined552,SurfaceT_guarded_candidates,"[22,19,17,15,13,9,7,5,3,1,11,21,23,0,2,4,6,8,10,12,14,16,18,20]","22,19,17,15,13,9,7,5,3,1,11,21,23,0,2,4,6,8,10,12,14,16,18,20",becba9e1bda98c89,True,PASS_TEACHER_FIELDS_EXTRACTED,5.1857334256055765e-05,0.1529116183519363,581497728.0,579944512.0,,,False,39.0,0.1822429906542056,False,True,27.0,0.1261682242990654,False,True,18.0,0.08411214953271028,True,True,170.0,0.794392523364486,False,False,39.0,0.1822429906542056,False,True,1.0715962441314555,0.8407511737089202,1.0,39.0,0.498943081221592,2.9523077955673216e-05,"(np.float64(2.9523077955673216e-05), np.float64(0.1587531119585037), np.float64(582666368.0))"
24,S3R44CNS_N24_B08_surfacet_guarded,stage3_native_combined552,SurfaceT_guarded_candidates,"[22,11,5,3,1,7,9,13,15,17,19,21,23,0,2,4,6,8,10,12,14,16,18,20]","22,11,5,3,1,7,9,13,15,17,19,21,23,0,2,4,6,8,10,12,14,16,18,20",bdb39323d541aaf9,True,PASS_TEACHER_FIELDS_EXTRACTED,5.260491616354557e-05,0.1565234214067459,582976896.0,579943616.0,,,False,44.0,0.205607476635514,False,True,94.0,0.4392523364485981,False,False,130.0,0.6074766355140186,False,False,63.0,0.29439252336448596,False,False,44.0,0.205607476635514,False,True,1.0481220657276995,0.7188732394366197,1.0,44.0,0.4815931630060951,2.9523077955673216e-05,"(np.float64(2.9523077955673216e-05), np.float64(0.1587531119585037), np.float64(582666368.0))"
24,S3R44CNS_N24_B09_u2_guarded,stage3_native_combined552,U2_guarded_local_search,"[20,22,11,7,5,3,1,9,13,15,17,19,21,23,0,2,4,6,8,10,12,14,16,18]","20,22,11,7,5,3,1,9,13,15,17,19,21,23,0,2,4,6,8,10,12,14,16,18",22a6b4960952d7f0,True,PASS_TEACHER_FIELDS_EXTRACTED,5.306650928105228e-05,0.1572708636522293,582796480.0,579944384.0,,,False,46.0,0.21495327102803738,False,True,109.0,0.5093457943925234,False,False,124.0,0.5794392523364486,False,False,136.0,0.6355140186915887,False,False,46.0,0.21495327102803738,False,True,1.0387323943661972,0.7002816901408451,1.0,46.0,0.47300772538059654,2.9523077955673216e-05,"(np.float64(2.9523077955673216e-05), np.float64(0.1587531119585037), np.float64(582666368.0))"
24,S3R44CNS_N24_B10_u2_guarded,stage3_native_combined552,U2_guarded_local_search,"[20,16,14,12,10,8,6,4,2,0,23,21,19,17,15,13,9,7,5,3,1,11,22,18]","20,16,14,12,10,8,6,4,2,0,23,21,19,17,15,13,9,7,5,3,1,11,22,18",1e362efc7d9e4c81,True,PASS_TEACHER_FIELDS_EXTRACTED,0.0001133658831804,0.1534914821386337,582309440.0,579943488.0,,,False,129.0,0.602803738317757,False,False,35.0,0.16355140186915887,False,True,87.0,0.40654205607476634,False,False,24.0,0.11214953271028037,False,True,129.0,0.602803738317757,False,False,0.39906103286384975,0.36295774647887324,0.0,128.0,0.1148148148148148,2.9523077955673216e-05,"(np.float64(2.9523077955673216e-05), np.float64(0.1587531119585037), np.float64(582666368.0))"
24,S3R44CNS_N24_B11_hybrid_agree,stage3_native_combined552,hybrid_agreement,"[22,11,1,3,5,7,9,13,15,17,19,21,23,0,2,4,6,8,10,12,14,16,18,20]","22,11,1,3,5,7,9,13,15,17,19,21,23,0,2,4,6,8,10,12,14,16,18,20",ef5b52a6c4974983,True,PASS_TEACHER_FIELDS_EXTRACTED,4.1137876905850135e-05,0.1561603546142578,583126336.0,579943616.0,,,False,17.0,0.0794392523364486,True,True,87.0,0.40654205607476634,False,False,141.0,0.6588785046728972,False,False,63.0,0.29439252336448596,False,False,18.0,0.08411214953271028,True,True,1.7,0.812582159624413,1.0,17.0,0.6880320528932913,2.9523077955673216e-05,"(np.float64(2.9523077955673216e-05), np.float64(0.1587531119585037), np.float64(582666368.0))"
24,S3R44CNS_N24_B12_hybrid_agree,stage3_native_combined552,hybrid_agreement,"[22,11,1,3,5,7,9,13,15,17,19,21,23,0,2,4,6,8,14,16,10,12,18,20]","22,11,1,3,5,7,9,13,15,17,19,21,23,0,2,4,6,8,14,16,10,12,18,20",ab0e387202f74240,True,PASS_TEACHER_FIELDS_EXTRACTED,9.841837027124713e-05,0.1562879681587219,583137728.0,579943488.0,,,False,120.0,0.5607476635514018,False,False,91.0,0.4252336448598131,False,False,143.0,0.6682242990654206,False,False,24.0,0.11214953271028037,False,True,120.0,0.5607476635514018,False,False,0.44131455399061037,0.369718309859155,0.0,119.0,0.13148148148148148,2.9523077955673216e-05,"(np.float64(2.9523077955673216e-05), np.float64(0.1587531119585037), np.float64(582666368.0))"
24,S3R44CNS_N24_B13_hybrid_disagree,stage3_native_combined552,hybrid_disagreement,"[22,11,3,1,5,7,9,13,15,17,19,21,23,0,2,4,10,8,6,12,14,16,18,20]","22,11,3,1,5,7,9,13,15,17,19,21,23,0,2,4,10,8,6,12,14,16,18,20",c1332fba36b90abd,True,PASS_TEACHER_FIELDS_EXTRACTED,6.410576179405325e-05,0.1573743671178817,583107520.0,579944384.0,,,False,61.0,0.2850467289719626,False,False,112.0,0.5233644859813084,False,False,137.0,0.6401869158878505,False,False,136.0,0.6355140186915887,False,False,61.0,0.2850467289719626,False,False,0.7183098591549295,0.6418779342723003,0.0,61.0,0.3494259315734345,2.9523077955673216e-05,"(np.float64(2.9523077955673216e-05), np.float64(0.1587531119585037), np.float64(582666368.0))"
24,S3R44CNS_N24_B14_hybrid_disagree,stage3_native_combined552,hybrid_disagreement,"[22,11,1,3,5,7,9,17,19,13,15,21,23,0,2,4,6,8,10,12,14,16,18,20]","22,11,1,3,5,7,9,17,19,13,15,21,23,0,2,4,6,8,10,12,14,16,18,20",d63892d73d8f6895,True,PASS_TEACHER_FIELDS_EXTRACTED,3.166340729876538e-05,0.1589813828468322,583410432.0,579943552.0,,,False,3.0,0.014018691588785047,True,True,141.0,0.6588785046728972,False,False,155.0,0.7242990654205608,False,False,33.0,0.1542056074766355,False,True,3.0,0.014018691588785047,True,True,1.7,0.4608262910798122,1.0,3.0,0.9286999911072582,2.9523077955673216e-05,"(np.float64(2.9523077955673216e-05), np.float64(0.1587531119585037), np.float64(582666368.0))"
24,S3R44CNS_N24_B15_uncertainty,stage3_native_combined552,uncertainty_calibration,"[22,14,12,10,8,6,4,2,0,23,21,19,17,15,13,9,7,5,3,1,11,16,18,20]","22,14,12,10,8,6,4,2,0,23,21,19,17,15,13,9,7,5,3,1,11,16,18,20",fdc5cd1a38164304,True,PASS_TEACHER_FIELDS_EXTRACTED,0.0001223413189563,0.1578767299652099,584749312.0,579943424.0,,,False,134.0,0.6261682242990654,False,False,124.0,0.5794392523364486,False,False,179.0,0.8364485981308412,False,False,22.0,0.102803738317757,True,True,134.0,0.6261682242990654,False,False,0.3755868544600939,0.18676056338028169,0.0,132.0,0.1074074074074074,2.9523077955673216e-05,"(np.float64(2.9523077955673216e-05), np.float64(0.1587531119585037), np.float64(582666368.0))"
24,S3R44CNS_N24_B16_uncertainty,stage3_native_combined552,uncertainty_calibration,"[22,17,15,13,9,7,5,3,1,11,19,21,23,0,2,4,6,8,10,12,14,16,18,20]","22,17,15,13,9,7,5,3,1,11,19,21,23,0,2,4,6,8,10,12,14,16,18,20",e72abd003436348f,True,PASS_TEACHER_FIELDS_EXTRACTED,4.176994571025716e-05,0.1528085321187973,581864512.0,579943616.0,,,False,21.0,0.09813084112149532,True,True,25.0,0.11682242990654206,False,True,39.0,0.1822429906542056,False,True,63.0,0.29439252336448596,False,False,21.0,0.09813084112149532,True,True,1.7,0.8955868544600938,1.0,21.0,0.6697648860601106,2.9523077955673216e-05,"(np.float64(2.9523077955673216e-05), np.float64(0.1587531119585037), np.float64(582666368.0))"
40,S3R44CNS_N40_B01_reward_balanced,stage3_native_combined552,reward_balanced_local_search,"[0,3,5,7,9,11,13,15,17,19,24,26,28,30,32,34,36,38,22,20,18,16,14,12,10,8,6,4,2,1,21,23,25,27,29,31,33,35,37,39]","0,3,5,7,9,11,13,15,17,19,24,26,28,30,32,34,36,38,22,20,18,16,14,12,10,8,6,4,2,1,21,23,25,27,29,31,33,35,37,39",a1e9edd6ef516a17,True,PASS_TEACHER_FIELDS_EXTRACTED,5.7689914683578536e-05,0.1536730527877807,582304448.0,579927552.0,,,False,16.0,0.06956521739130435,True,True,63.0,0.27391304347826084,False,False,98.0,0.4260869565217391,False,False,157.0,0.6826086956521739,False,False,16.0,0.06956521739130435,True,True,1.7,0.8648034934497816,1.0,16.0,0.7679304792571249,4.5779268475598656e-05,"(np.float64(4.5779268475598656e-05), np.float64(0.1553586423397064), np.float64(581956288.0))"
40,S3R44CNS_N40_B02_reward_balanced,stage3_native_combined552,reward_balanced_local_search,"[0,3,5,7,9,11,13,15,17,19,21,1,2,4,6,8,10,12,14,16,18,20,22,24,26,28,30,32,34,36,38,23,25,27,29,31,33,35,37,39]","0,3,5,7,9,11,13,15,17,19,21,1,2,4,6,8,10,12,14,16,18,20,22,24,26,28,30,32,34,36,38,23,25,27,29,31,33,35,37,39",f0204b8923e1e79d,True,PASS_TEACHER_FIELDS_EXTRACTED,0.0001113880189222,0.1612332165241241,583227008.0,579929472.0,,,False,87.0,0.3782608695652174,False,False,150.0,0.6521739130434783,False,False,121.0,0.5260869565217391,False,False,229.0,0.9956521739130435,False,False,87.0,0.3782608695652174,False,False,0.6244541484716157,0.3171528384279476,0.0,87.0,0.26415989300637577,4.5779268475598656e-05,"(np.float64(4.5779268475598656e-05), np.float64(0.1553586423397064), np.float64(581956288.0))"
40,S3R44CNS_N40_B03_constr_surrogate,stage3_native_combined552,constrained_surrogate_top,"[0,2,4,6,8,9,11,13,15,17,19,22,24,26,28,30,32,34,36,38,20,18,16,14,12,10,7,5,3,1,21,23,25,27,29,31,33,35,37,39]","0,2,4,6,8,9,11,13,15,17,19,22,24,26,28,30,32,34,36,38,20,18,16,14,12,10,7,5,3,1,21,23,25,27,29,31,33,35,37,39",dfe0bd5bc70aa06b,True,PASS_TEACHER_FIELDS_EXTRACTED,8.460062599624507e-05,0.1540468335151672,582112768.0,579926528.0,,,False,66.0,0.28695652173913044,False,False,74.0,0.3217391304347826,False,False,69.0,0.3,False,False,69.0,0.3,False,False,66.0,0.28695652173913044,False,False,0.7161572052401747,0.7081222707423581,0.0,66.0,0.43014649113273656,4.5779268475598656e-05,"(np.float64(4.5779268475598656e-05), np.float64(0.1553586423397064), np.float64(581956288.0))"
40,S3R44CNS_N40_B04_constr_surrogate,stage3_native_combined552,constrained_surrogate_top,"[0,2,4,6,8,10,12,14,15,17,19,22,24,26,28,30,32,34,36,38,20,18,16,13,11,9,7,5,3,1,21,23,25,27,29,31,33,35,37,39]","0,2,4,6,8,10,12,14,15,17,19,22,24,26,28,30,32,34,36,38,20,18,16,13,11,9,7,5,3,1,21,23,25,27,29,31,33,35,37,39",df273e7f87400b11,True,PASS_TEACHER_FIELDS_EXTRACTED,0.00011603438179,0.1540671288967132,582302528.0,579926528.0,,,False,92.0,0.4,False,False,77.0,0.3347826086956522,False,False,96.0,0.41739130434782606,False,False,69.0,0.3,False,False,92.0,0.4,False,False,0.6026200873362446,0.6143231441048035,0.0,92.0,0.23916607532136147,4.5779268475598656e-05,"(np.float64(4.5779268475598656e-05), np.float64(0.1553586423397064), np.float64(581956288.0))"
40,S3R44CNS_N40_B05_peeq_guarded,stage3_native_combined552,PEEQ_guarded_candidates,"[0,2,4,6,8,11,13,15,17,19,32,34,36,38,30,28,26,24,22,20,18,16,14,12,10,9,7,5,3,1,21,23,25,27,29,31,33,35,37,39]","0,2,4,6,8,11,13,15,17,19,32,34,36,38,30,28,26,24,22,20,18,16,14,12,10,9,7,5,3,1,21,23,25,27,29,31,33,35,37,39",087c34237d82f774,True,PASS_TEACHER_FIELDS_EXTRACTED,5.861056888534222e-05,0.1551127731800079,581921728.0,579927552.0,,,False,17.0,0.07391304347826087,True,True,88.0,0.3826086956521739,False,False,29.0,0.12608695652173912,False,True,157.0,0.6826086956521739,False,False,17.0,0.07391304347826087,True,True,1.7,0.8639301310043668,1.0,17.0,0.7537582404839611,4.5779268475598656e-05,"(np.float64(4.5779268475598656e-05), np.float64(0.1553586423397064), np.float64(581956288.0))"
40,S3R44CNS_N40_B06_peeq_guarded,stage3_native_combined552,PEEQ_guarded_candidates,"[0,2,4,6,8,10,12,14,16,18,20,22,24,26,28,30,38,36,35,33,31,29,27,25,23,21,1,3,5,7,9,11,13,15,17,19,32,34,37,39]","0,2,4,6,8,10,12,14,16,18,20,22,24,26,28,30,38,36,35,33,31,29,27,25,23,21,1,3,5,7,9,11,13,15,17,19,32,34,37,39",95c326e80ea13aa5,True,PASS_TEACHER_FIELDS_EXTRACTED,0.0002057177935057,0.1589284688234329,590467712.0,579927360.0,,,False,135.0,0.5869565217391305,False,False,126.0,0.5478260869565217,False,False,223.0,0.9695652173913043,False,False,132.0,0.5739130434782609,False,False,135.0,0.5869565217391305,False,False,0.41484716157205237,0.3395633187772925,0.0,135.0,0.12121951219512193,4.5779268475598656e-05,"(np.float64(4.5779268475598656e-05), np.float64(0.1553586423397064), np.float64(581956288.0))"
40,S3R44CNS_N40_B07_surfacet_guarded,stage3_native_combined552,SurfaceT_guarded_candidates,"[0,3,5,7,9,11,13,15,17,19,32,34,36,38,30,28,26,24,22,20,18,16,14,12,10,8,6,4,2,1,21,23,25,27,29,31,33,35,37,39]","0,3,5,7,9,11,13,15,17,19,32,34,36,38,30,28,26,24,22,20,18,16,14,12,10,8,6,4,2,1,21,23,25,27,29,31,33,35,37,39",04aa032631bc52ca,True,PASS_TEACHER_FIELDS_EXTRACTED,7.249316331581213e-05,0.1534713059663772,582016448.0,579927552.0,,,False,40.0,0.17391304347826086,False,True,51.0,0.2217391304347826,False,True,54.0,0.23478260869565218,False,True,157.0,0.6826086956521739,False,False,40.0,0.17391304347826086,False,True,1.0796943231441047,0.8151965065502182,1.0,40.0,0.5649123696798843,4.5779268475598656e-05,"(np.float64(4.5779268475598656e-05), np.float64(0.1553586423397064), np.float64(581956288.0))"
40,S3R44CNS_N40_B08_surfacet_guarded,stage3_native_combined552,SurfaceT_guarded_candidates,"[0,3,5,7,9,11,13,15,17,19,36,38,34,32,30,28,26,24,22,20,18,16,14,12,10,8,6,4,2,1,21,23,25,27,29,31,33,35,37,39]","0,3,5,7,9,11,13,15,17,19,36,38,34,32,30,28,26,24,22,20,18,16,14,12,10,8,6,4,2,1,21,23,25,27,29,31,33,35,37,39",0b49f63af998a626,True,PASS_TEACHER_FIELDS_EXTRACTED,7.398942761938088e-05,0.1534235626459121,582003712.0,579927552.0,,,False,43.0,0.18695652173913044,False,True,44.0,0.19130434782608696,False,True,37.0,0.1608695652173913,False,True,157.0,0.6826086956521739,False,False,43.0,0.18695652173913044,False,True,1.0665938864628821,0.8178165938864629,1.0,43.0,0.5470198436652263,4.5779268475598656e-05,"(np.float64(4.5779268475598656e-05), np.float64(0.1553586423397064), np.float64(581956288.0))"
40,S3R44CNS_N40_B09_u2_guarded,stage3_native_combined552,U2_guarded_local_search,"[0,2,4,6,8,10,12,14,16,18,20,22,24,26,28,30,38,35,33,31,29,27,25,23,21,1,3,5,7,9,11,13,15,17,19,32,34,36,37,39]","0,2,4,6,8,10,12,14,16,18,20,22,24,26,28,30,38,35,33,31,29,27,25,23,21,1,3,5,7,9,11,13,15,17,19,32,34,36,37,39",b6a2782f36a193eb,True,PASS_TEACHER_FIELDS_EXTRACTED,0.0001972049140022,0.1585531830787658,589710080.0,579927296.0,,,False,130.0,0.5652173913043478,False,False,124.0,0.5391304347826087,False,False,221.0,0.9608695652173913,False,False,128.0,0.5565217391304348,False,False,130.0,0.5652173913043478,False,False,0.4366812227074236,0.3560698689956332,0.0,130.0,0.12975609756097561,4.5779268475598656e-05,"(np.float64(4.5779268475598656e-05), np.float64(0.1553586423397064), np.float64(581956288.0))"
40,S3R44CNS_N40_B10_u2_guarded,stage3_native_combined552,U2_guarded_local_search,"[0,2,4,6,8,10,12,14,16,18,20,22,24,26,28,30,38,36,33,31,29,27,25,23,21,1,3,5,7,9,11,13,15,17,19,32,34,35,37,39]","0,2,4,6,8,10,12,14,16,18,20,22,24,26,28,30,38,36,33,31,29,27,25,23,21,1,3,5,7,9,11,13,15,17,19,32,34,35,37,39",b9c546662110237e,True,PASS_TEACHER_FIELDS_EXTRACTED,0.0001929459795064,0.1585217863321304,589708480.0,579927232.0,,,False,127.0,0.5521739130434783,False,False,122.0,0.5304347826086957,False,False,220.0,0.9565217391304348,False,False,126.0,0.5478260869565217,False,False,127.0,0.5521739130434783,False,False,0.44978165938864634,0.36628820960698694,0.0,127.0,0.13487804878048779,4.5779268475598656e-05,"(np.float64(4.5779268475598656e-05), np.float64(0.1553586423397064), np.float64(581956288.0))"
40,S3R44CNS_N40_B11_hybrid_agree,stage3_native_combined552,hybrid_agreement,"[0,2,4,6,8,10,12,14,16,18,20,38,36,34,33,31,29,27,25,23,21,1,3,5,7,9,11,13,15,17,19,22,24,26,28,30,32,35,37,39]","0,2,4,6,8,10,12,14,16,18,20,38,36,34,33,31,29,27,25,23,21,1,3,5,7,9,11,13,15,17,19,22,24,26,28,30,32,35,37,39",8dfc3e85e48b24b8,True,PASS_TEACHER_FIELDS_EXTRACTED,0.0002118816822473,0.159995436668396,588094016.0,579927552.0,,,False,139.0,0.6043478260869565,False,False,138.0,0.6,False,False,208.0,0.9043478260869565,False,False,157.0,0.6826086956521739,False,False,139.0,0.6043478260869565,False,False,0.3973799126637555,0.19351965065502186,0.0,139.0,0.114390243902439,4.5779268475598656e-05,"(np.float64(4.5779268475598656e-05), np.float64(0.1553586423397064), np.float64(581956288.0))"
40,S3R44CNS_N40_B12_hybrid_agree,stage3_native_combined552,hybrid_agreement,"[0,2,4,6,8,10,11,13,15,17,19,22,24,26,28,30,32,34,36,38,20,18,16,14,12,9,7,5,3,1,21,23,25,27,29,31,33,35,37,39]","0,2,4,6,8,10,11,13,15,17,19,22,24,26,28,30,32,34,36,38,20,18,16,14,12,9,7,5,3,1,21,23,25,27,29,31,33,35,37,39",10d97dc93331e61c,True,PASS_TEACHER_FIELDS_EXTRACTED,9.455671170144342e-05,0.1537016928195953,582178496.0,579926592.0,,,False,76.0,0.33043478260869563,False,False,64.0,0.2782608695652174,False,False,82.0,0.3565217391304348,False,False,95.0,0.41304347826086957,False,False,76.0,0.33043478260869563,False,False,0.6724890829694323,0.6808733624454147,0.0,76.0,0.35609737531490193,4.5779268475598656e-05,"(np.float64(4.5779268475598656e-05), np.float64(0.1553586423397064), np.float64(581956288.0))"
40,S3R44CNS_N40_B13_hybrid_disagree,stage3_native_combined552,hybrid_disagreement,"[0,2,4,6,8,10,12,14,16,18,20,38,36,34,32,30,28,26,24,23,21,1,3,5,7,9,11,13,15,17,19,22,25,27,29,31,33,35,37,39]","0,2,4,6,8,10,12,14,16,18,20,38,36,34,32,30,28,26,24,23,21,1,3,5,7,9,11,13,15,17,19,22,25,27,29,31,33,35,37,39",f135cbfebb299cef,True,PASS_TEACHER_FIELDS_EXTRACTED,0.0001436858278793,0.1631214767694473,588100800.0,579927616.0,,,False,102.0,0.4434782608695652,False,False,169.0,0.7347826086956522,False,False,209.0,0.908695652173913,False,False,196.0,0.8521739130434782,False,False,102.0,0.4434782608695652,False,False,0.5589519650655022,0.27462008733624454,0.0,102.0,0.1775609756097561,4.5779268475598656e-05,"(np.float64(4.5779268475598656e-05), np.float64(0.1553586423397064), np.float64(581956288.0))"
40,S3R44CNS_N40_B14_hybrid_disagree,stage3_native_combined552,hybrid_disagreement,"[0,2,4,6,8,10,12,14,16,18,20,38,36,34,32,30,27,25,23,21,1,3,5,7,9,11,13,15,17,19,22,24,26,28,29,31,33,35,37,39]","0,2,4,6,8,10,12,14,16,18,20,38,36,34,32,30,27,25,23,21,1,3,5,7,9,11,13,15,17,19,22,24,26,28,29,31,33,35,37,39",8653ef26da9a1483,True,PASS_TEACHER_FIELDS_EXTRACTED,0.0001575493377004,0.1639321446418762,587675520.0,579927808.0,,,False,109.0,0.47391304347826085,False,False,174.0,0.7565217391304347,False,False,205.0,0.8913043478260869,False,False,208.0,0.9043478260869565,False,False,109.0,0.47391304347826085,False,False,0.5283842794759825,0.2581484716157205,0.0,109.0,0.16560975609756096,4.5779268475598656e-05,"(np.float64(4.5779268475598656e-05), np.float64(0.1553586423397064), np.float64(581956288.0))"
40,S3R44CNS_N40_B15_uncertainty,stage3_native_combined552,uncertainty_calibration,"[0,2,4,6,8,10,12,14,16,18,20,38,35,33,31,29,27,25,23,21,1,3,5,7,9,11,13,15,17,19,22,24,26,28,30,32,34,36,37,39]","0,2,4,6,8,10,12,14,16,18,20,38,35,33,31,29,27,25,23,21,1,3,5,7,9,11,13,15,17,19,22,24,26,28,30,32,34,36,37,39",e249716940a38589,True,PASS_TEACHER_FIELDS_EXTRACTED,0.0001939518444942,0.1578126698732376,587682048.0,579927808.0,,,False,128.0,0.5565217391304348,False,False,114.0,0.4956521739130435,False,False,206.0,0.8956521739130435,False,False,208.0,0.9043478260869565,False,False,128.0,0.5565217391304348,False,False,0.4454148471615721,0.36628820960698694,0.0,128.0,0.13317073170731705,4.5779268475598656e-05,"(np.float64(4.5779268475598656e-05), np.float64(0.1553586423397064), np.float64(581956288.0))"
40,S3R44CNS_N40_B16_uncertainty,stage3_native_combined552,uncertainty_calibration,"[0,2,4,6,8,10,12,14,16,18,20,38,36,34,31,29,27,25,23,21,1,3,5,7,9,11,13,15,17,19,22,24,26,28,30,32,33,35,37,39]","0,2,4,6,8,10,12,14,16,18,20,38,36,34,31,29,27,25,23,21,1,3,5,7,9,11,13,15,17,19,22,24,26,28,30,32,33,35,37,39",adaf4ec3380eb108,True,PASS_TEACHER_FIELDS_EXTRACTED,0.0001753604881287,0.1576092392206192,587673600.0,579926720.0,,,False,122.0,0.5304347826086957,False,False,110.0,0.4782608695652174,False,False,204.0,0.8869565217391304,False,False,102.0,0.4434782608695652,False,False,122.0,0.5304347826086957,False,False,0.47161572052401746,0.3867248908296943,0.0,122.0,0.14341463414634145,4.5779268475598656e-05,"(np.float64(4.5779268475598656e-05), np.float64(0.1553586423397064), np.float64(581956288.0))"
24,S3R49SCN_N24_B01_strict_guard,stage3_native_combined552,strict_penalty_guard_top,"[22,23,21,19,11,1,3,5,7,9,13,15,17,0,2,4,6,8,10,12,14,16,18,20]","22,23,21,19,11,1,3,5,7,9,13,15,17,0,2,4,6,8,10,12,14,16,18,20",dfa52b5d51149bcf,True,PASS_TEACHER_FIELDS_EXTRACTED,3.737566112249624e-05,0.1608438491821289,582616640.0,579943616.0,,,False,7.0,0.03271028037383177,True,True,162.0,0.7570093457943925,False,False,113.0,0.5280373831775701,False,False,63.0,0.29439252336448596,False,False,7.0,0.03271028037383177,True,True,1.7,0.4336713615023474,1.0,7.0,0.778790045658084,2.9523077955673216e-05,"(np.float64(2.9523077955673216e-05), np.float64(0.1587531119585037), np.float64(582666368.0))"
24,S3R49SCN_N24_B02_strict_guard,stage3_native_combined552,strict_penalty_guard_top,"[22,17,9,7,15,13,5,3,1,11,19,21,23,0,2,4,6,8,10,12,14,16,18,20]","22,17,9,7,15,13,5,3,1,11,19,21,23,0,2,4,6,8,10,12,14,16,18,20",035b59d26fca2650,True,PASS_TEACHER_FIELDS_EXTRACTED,7.155505159062159e-05,0.1542517393827438,581955392.0,579944384.0,,,False,77.0,0.3598130841121495,False,False,50.0,0.2336448598130841,False,True,61.0,0.2850467289719626,False,False,136.0,0.6355140186915887,False,False,77.0,0.3598130841121495,False,False,0.6431924882629108,0.6745539906103286,0.0,77.0,0.27185176390281235,2.9523077955673216e-05,"(np.float64(2.9523077955673216e-05), np.float64(0.1587531119585037), np.float64(582666368.0))"
24,S3R49SCN_N24_B03_strict_guard,stage3_native_combined552,strict_penalty_guard_local_search,"[22,17,15,13,9,7,5,3,1,11,19,21,23,0,2,4,6,8,18,16,14,12,10,20]","22,17,15,13,9,7,5,3,1,11,19,21,23,0,2,4,6,8,18,16,14,12,10,20",184ebe2a9c435006,True,PASS_TEACHER_FIELDS_EXTRACTED,7.330715288844658e-05,0.1600374281406402,581865344.0,579944576.0,,,False,79.0,0.3691588785046729,False,False,154.0,0.719626168224299,False,False,40.0,0.18691588785046728,False,True,179.0,0.8364485981308412,False,False,79.0,0.3691588785046729,False,False,0.6338028169014085,0.30732394366197185,0.0,79.0,0.258286759706933,2.9523077955673216e-05,"(np.float64(2.9523077955673216e-05), np.float64(0.1587531119585037), np.float64(582666368.0))"
24,S3R49SCN_N24_B04_strict_guard,stage3_native_combined552,strict_penalty_guard_local_search,"[22,17,15,13,9,7,5,3,1,11,19,21,23,0,2,4,6,8,14,16,10,12,18,20]","22,17,15,13,9,7,5,3,1,11,19,21,23,0,2,4,6,8,14,16,10,12,18,20",f5ce42c91ade39b8,True,PASS_TEACHER_FIELDS_EXTRACTED,6.822838622611016e-05,0.1598436385393142,581867008.0,579943552.0,,,False,70.0,0.32710280373831774,False,False,152.0,0.7102803738317757,False,False,41.0,0.19158878504672897,False,True,33.0,0.1542056074766355,False,True,70.0,0.32710280373831774,False,False,0.676056338028169,0.3259342723004695,0.0,70.0,0.3049318257856596,2.9523077955673216e-05,"(np.float64(2.9523077955673216e-05), np.float64(0.1587531119585037), np.float64(582666368.0))"
24,S3R49SCN_N24_B05_two_stage,stage3_native_combined552,two_stage_guarded_top,"[22,17,15,13,9,7,5,3,1,11,19,21,23,0,2,4,6,12,14,8,10,16,18,20]","22,17,15,13,9,7,5,3,1,11,19,21,23,0,2,4,6,12,14,8,10,16,18,20",64b969aa739ec4ad,True,PASS_TEACHER_FIELDS_EXTRACTED,9.631485067984612e-05,0.1584233194589615,581878656.0,579944384.0,,,True,117.0,0.5467289719626168,False,False,133.0,0.6214953271028038,False,False,43.0,0.20093457943925233,False,True,136.0,0.6355140186915887,False,False,117.0,0.5467289719626168,False,False,0.45539906103286387,0.0,0.0,116.0,0.0,2.9523077955673216e-05,"(np.float64(2.9523077955673216e-05), np.float64(0.1587531119585037), np.float64(582666368.0))"
24,S3R49SCN_N24_B06_two_stage,stage3_native_combined552,two_stage_guarded_top,"[22,17,15,13,9,3,5,7,1,11,19,21,23,0,2,4,6,8,10,14,12,16,18,20]","22,17,15,13,9,3,5,7,1,11,19,21,23,0,2,4,6,8,10,14,12,16,18,20",8cc6847a7550c326,True,PASS_TEACHER_FIELDS_EXTRACTED,4.07822008128278e-05,0.1586619615554809,581970688.0,579943616.0,,,False,16.0,0.07476635514018691,True,True,135.0,0.6308411214953271,False,False,64.0,0.29906542056074764,False,False,63.0,0.29439252336448596,False,False,16.0,0.07476635514018691,True,True,1.7,0.44229107981220656,1.0,16.0,0.6961428877883362,2.9523077955673216e-05,"(np.float64(2.9523077955673216e-05), np.float64(0.1587531119585037), np.float64(582666368.0))"
24,S3R49SCN_N24_B07_two_stage,stage3_native_combined552,two_stage_guarded_local_search,"[18,17,15,13,9,7,5,3,1,11,19,21,23,0,2,4,6,8,10,12,14,16,22,20]","18,17,15,13,9,7,5,3,1,11,19,21,23,0,2,4,6,8,10,12,14,16,22,20",f65a516852ba4deb,True,PASS_TEACHER_FIELDS_EXTRACTED,5.806214721815195e-05,0.1539869755506515,583663808.0,579943616.0,,,False,53.0,0.24766355140186916,False,True,43.0,0.20093457943925233,False,True,161.0,0.7523364485981309,False,False,63.0,0.29439252336448596,False,False,53.0,0.24766355140186916,False,True,1.005868544600939,0.7246948356807512,1.0,53.0,0.4121774576065464,2.9523077955673216e-05,"(np.float64(2.9523077955673216e-05), np.float64(0.1587531119585037), np.float64(582666368.0))"
24,S3R49SCN_N24_B08_two_stage,stage3_native_combined552,two_stage_guarded_local_search,"[22,17,15,13,9,7,5,3,1,11,19,21,23,0,2,12,10,8,6,4,14,16,18,20]","22,17,15,13,9,7,5,3,1,11,19,21,23,0,2,12,10,8,6,4,14,16,18,20",4aca82a4b5a13c0f,True,PASS_TEACHER_FIELDS_EXTRACTED,9.06418699742062e-05,0.1556643545627594,581956096.0,579944320.0,,,False,110.0,0.514018691588785,False,False,70.0,0.32710280373831774,False,False,62.0,0.2897196261682243,False,False,129.0,0.602803738317757,False,False,110.0,0.514018691588785,False,False,0.4882629107981221,0.4123943661971831,0.0,110.0,0.14814814814814814,2.9523077955673216e-05,"(np.float64(2.9523077955673216e-05), np.float64(0.1587531119585037), np.float64(582666368.0))"
24,S3R49SCN_N24_B09_median_guard,stage3_native_combined552,no_penalty_worse_than_median,"[22,21,19,11,1,3,5,7,9,13,15,17,23,0,2,4,6,8,10,12,14,16,18,20]","22,21,19,11,1,3,5,7,9,13,15,17,23,0,2,4,6,8,10,12,14,16,18,20",22fe0ffd756973ac,True,PASS_TEACHER_FIELDS_EXTRACTED,2.9523077955673216e-05,0.1587531119585037,582666368.0,579943552.0,,,False,1.0,0.004672897196261682,True,True,137.0,0.6401869158878505,False,False,119.0,0.5560747663551402,False,False,33.0,0.1542056074766355,False,True,1.0,0.004672897196261682,True,True,1.7,0.46830046948356807,1.0,1.0,1.0,2.9523077955673216e-05,"(np.float64(2.9523077955673216e-05), np.float64(0.1587531119585037), np.float64(582666368.0))"
24,S3R49SCN_N24_B10_median_guard,stage3_native_combined552,no_penalty_worse_than_median,"[22,13,9,17,15,7,5,3,1,11,19,21,23,0,2,4,6,8,10,12,14,16,18,20]","22,13,9,17,15,7,5,3,1,11,19,21,23,0,2,4,6,8,10,12,14,16,18,20",14753eeb4f27414a,True,PASS_TEACHER_FIELDS_EXTRACTED,6.728811672473967e-05,0.154089018702507,581911360.0,579944384.0,,,False,67.0,0.3130841121495327,False,False,46.0,0.21495327102803738,False,True,54.0,0.2523364485981308,False,True,136.0,0.6355140186915887,False,False,67.0,0.3130841121495327,False,False,0.6901408450704225,0.7147417840375586,0.0,67.0,0.3165339711847859,2.9523077955673216e-05,"(np.float64(2.9523077955673216e-05), np.float64(0.1587531119585037), np.float64(582666368.0))"
24,S3R49SCN_N24_B11_peeq_repair,stage3_native_combined552,PEEQ_repair_candidates,"[22,11,1,3,5,7,9,17,21,15,13,19,23,0,2,4,6,8,10,12,14,16,18,20]","22,11,1,3,5,7,9,17,21,15,13,19,23,0,2,4,6,8,10,12,14,16,18,20",57e8ac43b0b0a708,True,PASS_TEACHER_FIELDS_EXTRACTED,2.9894891213189112e-05,0.1571119129657745,583489600.0,579944384.0,,,False,2.0,0.009345794392523364,True,True,106.0,0.4953271028037383,False,False,159.0,0.7429906542056075,False,False,136.0,0.6355140186915887,False,False,2.0,0.009345794392523364,True,True,1.7,0.8386854460093897,1.0,2.0,0.9857107970681797,2.9523077955673216e-05,"(np.float64(2.9523077955673216e-05), np.float64(0.1587531119585037), np.float64(582666368.0))"
24,S3R49SCN_N24_B12_peeq_repair,stage3_native_combined552,PEEQ_repair_candidates,"[22,11,1,3,5,7,9,15,21,13,17,19,23,0,2,4,6,8,10,12,14,16,18,20]","22,11,1,3,5,7,9,15,21,13,17,19,23,0,2,4,6,8,10,12,14,16,18,20",d146adbb95cdb54c,True,PASS_TEACHER_FIELDS_EXTRACTED,3.772677086999465e-05,0.1601821333169937,583289408.0,579943552.0,,,False,8.0,0.037383177570093455,True,True,156.0,0.7289719626168224,False,False,149.0,0.6962616822429907,False,False,33.0,0.1542056074766355,False,True,8.0,0.037383177570093455,True,True,1.7,0.4374460093896714,1.0,8.0,0.769586862396034,2.9523077955673216e-05,"(np.float64(2.9523077955673216e-05), np.float64(0.1587531119585037), np.float64(582666368.0))"
24,S3R49SCN_N24_B13_surfacet_repair,stage3_native_combined552,SurfaceT_repair_candidates,"[22,17,15,21,19,11,1,3,5,7,9,13,23,0,2,4,6,8,10,12,14,16,18,20]","22,17,15,21,19,11,1,3,5,7,9,13,23,0,2,4,6,8,10,12,14,16,18,20",8e649f33c3ac7060,True,PASS_TEACHER_FIELDS_EXTRACTED,4.335154699219856e-05,0.1574961096048355,582160896.0,579943616.0,,,False,22.0,0.102803738317757,True,True,117.0,0.5467289719626168,False,False,79.0,0.3691588785046729,False,False,63.0,0.29439252336448596,False,False,22.0,0.102803738317757,True,True,1.7,0.7907981220657277,1.0,22.0,0.6421266688946918,2.9523077955673216e-05,"(np.float64(2.9523077955673216e-05), np.float64(0.1587531119585037), np.float64(582666368.0))"
24,S3R49SCN_N24_B14_surfacet_repair,stage3_native_combined552,SurfaceT_repair_candidates,"[22,17,15,13,9,7,5,3,1,11,19,21,23,0,2,4,10,12,6,8,14,16,18,20]","22,17,15,13,9,7,5,3,1,11,19,21,23,0,2,4,10,12,6,8,14,16,18,20",b9d7fd903feb98cd,True,PASS_TEACHER_FIELDS_EXTRACTED,9.57650804593868e-05,0.1556143164634704,581893504.0,579944384.0,,,True,116.0,0.5420560747663551,False,False,69.0,0.32242990654205606,False,False,48.0,0.22429906542056074,False,True,136.0,0.6355140186915887,False,False,116.0,0.5420560747663551,False,False,0.460093896713615,0.04253521126760568,0.0,115.0,0.0,2.9523077955673216e-05,"(np.float64(2.9523077955673216e-05), np.float64(0.1587531119585037), np.float64(582666368.0))"
24,S3R49SCN_N24_B15_mises_repair,stage3_native_combined552,Mises_repair_candidates,"[22,17,15,13,9,7,5,3,1,11,19,21,23,0,2,4,6,14,16,12,8,10,18,20]","22,17,15,13,9,7,5,3,1,11,19,21,23,0,2,4,6,14,16,12,8,10,18,20",1a3f0931f2f092a5,True,PASS_TEACHER_FIELDS_EXTRACTED,8.137980603351025e-05,0.1623269319534301,581893952.0,579943488.0,,,False,97.0,0.4532710280373832,False,False,176.0,0.822429906542056,False,False,49.0,0.22897196261682243,False,True,24.0,0.11214953271028037,False,True,97.0,0.4532710280373832,False,False,0.5492957746478873,0.2532018779342723,0.0,97.0,0.18500359753683432,2.9523077955673216e-05,"(np.float64(2.9523077955673216e-05), np.float64(0.1587531119585037), np.float64(582666368.0))"
24,S3R49SCN_N24_B16_mises_repair,stage3_native_combined552,Mises_repair_candidates,"[22,0,2,13,9,7,5,3,1,11,19,21,23,17,15,4,6,8,10,12,14,16,18,20]","22,0,2,13,9,7,5,3,1,11,19,21,23,17,15,4,6,8,10,12,14,16,18,20",856e8f037128ce92,True,PASS_TEACHER_FIELDS_EXTRACTED,7.775182257319102e-05,0.1623154729604721,583680896.0,579943552.0,,,False,87.0,0.40654205607476634,False,False,175.0,0.8177570093457944,False,False,162.0,0.7570093457943925,False,False,33.0,0.1542056074766355,False,True,87.0,0.40654205607476634,False,False,0.596244131455399,0.2727323943661972,0.0,87.0,0.2204498842515815,2.9523077955673216e-05,"(np.float64(2.9523077955673216e-05), np.float64(0.1587531119585037), np.float64(582666368.0))"
40,S3R49SCN_N40_B01_strict_guard,stage3_native_combined552,strict_penalty_guard_top,"[0,3,5,7,9,11,13,15,17,19,38,36,34,32,30,28,26,24,22,20,18,16,14,12,10,8,6,4,2,1,21,23,25,37,35,33,31,29,27,39]","0,3,5,7,9,11,13,15,17,19,38,36,34,32,30,28,26,24,22,20,18,16,14,12,10,8,6,4,2,1,21,23,25,37,35,33,31,29,27,39",639c978fa09f6475,True,PASS_TEACHER_FIELDS_EXTRACTED,9.20418733585393e-05,0.1626397371292114,583327808.0,579927552.0,,,False,73.0,0.3173913043478261,False,False,163.0,0.7086956521739131,False,False,125.0,0.5434782608695652,False,False,157.0,0.6826086956521739,False,False,73.0,0.3173913043478261,False,False,0.685589519650655,0.33000873362445415,0.0,73.0,0.3744475374753132,4.5779268475598656e-05,"(np.float64(4.5779268475598656e-05), np.float64(0.1553586423397064), np.float64(581956288.0))"
40,S3R49SCN_N40_B02_strict_guard,stage3_native_combined552,strict_penalty_guard_top,"[0,3,5,7,9,11,13,15,27,25,23,21,1,2,4,6,8,10,12,14,16,18,20,22,24,26,28,30,32,34,36,38,19,17,29,31,33,35,37,39]","0,3,5,7,9,11,13,15,27,25,23,21,1,2,4,6,8,10,12,14,16,18,20,22,24,26,28,30,32,34,36,38,19,17,29,31,33,35,37,39",17d80e1281ddc592,True,PASS_TEACHER_FIELDS_EXTRACTED,0.0001350528254988,0.1617587953805923,583631424.0,579927808.0,,,False,99.0,0.43043478260869567,False,False,156.0,0.6782608695652174,False,False,139.0,0.6043478260869565,False,False,208.0,0.9043478260869565,False,False,99.0,0.43043478260869567,False,False,0.5720524017467249,0.2911615720524018,0.0,99.0,0.1826829268292683,4.5779268475598656e-05,"(np.float64(4.5779268475598656e-05), np.float64(0.1553586423397064), np.float64(581956288.0))"
40,S3R49SCN_N40_B03_strict_guard,stage3_native_combined552,strict_penalty_guard_local_search,"[0,3,5,7,9,11,13,15,17,19,26,28,30,32,34,36,38,24,22,20,18,16,14,12,10,8,6,4,2,1,21,23,25,27,29,31,33,35,37,39]","0,3,5,7,9,11,13,15,17,19,26,28,30,32,34,36,38,24,22,20,18,16,14,12,10,8,6,4,2,1,21,23,25,27,29,31,33,35,37,39",fbf534a3f9f14416,True,PASS_TEACHER_FIELDS_EXTRACTED,7.565500527562108e-05,0.1536527276039123,582171072.0,579927552.0,,,False,47.0,0.20434782608695654,False,True,60.0,0.2608695652173913,False,False,78.0,0.3391304347826087,False,False,157.0,0.6826086956521739,False,False,47.0,0.20434782608695654,False,True,1.0491266375545851,0.7769432314410479,1.0,47.0,0.5265690293759442,4.5779268475598656e-05,"(np.float64(4.5779268475598656e-05), np.float64(0.1553586423397064), np.float64(581956288.0))"
40,S3R49SCN_N40_B04_strict_guard,stage3_native_combined552,strict_penalty_guard_local_search,"[0,3,5,7,9,11,13,15,17,19,38,36,24,26,28,30,32,34,22,20,18,16,14,12,10,8,6,4,2,1,21,23,25,27,29,31,33,35,37,39]","0,3,5,7,9,11,13,15,17,19,38,36,24,26,28,30,32,34,22,20,18,16,14,12,10,8,6,4,2,1,21,23,25,27,29,31,33,35,37,39",03a6abceaacd7696,True,PASS_TEACHER_FIELDS_EXTRACTED,6.170961933094077e-05,0.1561200469732284,582142720.0,579927552.0,,,False,24.0,0.10434782608695652,False,True,101.0,0.4391304347826087,False,False,72.0,0.3130434782608696,False,False,157.0,0.6826086956521739,False,False,24.0,0.10434782608695652,False,True,1.1495633187772927,0.8155458515283842,1.0,24.0,0.7025815027288763,4.5779268475598656e-05,"(np.float64(4.5779268475598656e-05), np.float64(0.1553586423397064), np.float64(581956288.0))"
40,S3R49SCN_N40_B05_two_stage,stage3_native_combined552,two_stage_guarded_top,"[4,3,5,7,9,11,13,15,17,19,38,36,34,32,30,28,26,24,22,20,18,16,14,12,10,8,6,0,2,1,21,23,25,27,29,31,33,35,37,39]","4,3,5,7,9,11,13,15,17,19,38,36,34,32,30,28,26,24,22,20,18,16,14,12,10,8,6,0,2,1,21,23,25,27,29,31,33,35,37,39",5d21bb524b4ca698,True,PASS_TEACHER_FIELDS_EXTRACTED,7.624770114489365e-05,0.165346473455429,581980672.0,579927552.0,,,False,51.0,0.2217391304347826,False,True,188.0,0.8173913043478261,False,False,31.0,0.13478260869565217,False,True,157.0,0.6826086956521739,False,False,51.0,0.2217391304347826,False,True,1.0316593886462881,0.3462183406113537,1.0,51.0,0.5150360966717982,4.5779268475598656e-05,"(np.float64(4.5779268475598656e-05), np.float64(0.1553586423397064), np.float64(581956288.0))"
40,S3R49SCN_N40_B06_two_stage,stage3_native_combined552,two_stage_guarded_top,"[0,3,5,7,9,11,13,25,23,21,1,2,4,6,8,10,12,14,16,18,20,22,24,26,28,30,32,34,36,38,19,17,15,27,29,31,33,35,37,39]","0,3,5,7,9,11,13,25,23,21,1,2,4,6,8,10,12,14,16,18,20,22,24,26,28,30,32,34,36,38,19,17,15,27,29,31,33,35,37,39",fa4c6263c9a05196,True,PASS_TEACHER_FIELDS_EXTRACTED,0.0001710270134935,0.1634214222431183,583243904.0,579928704.0,,,False,119.0,0.5173913043478261,False,False,172.0,0.7478260869565218,False,False,122.0,0.5304347826086957,False,False,225.0,0.9782608695652174,False,False,119.0,0.5173913043478261,False,False,0.4847161572052402,0.21474235807860265,0.0,119.0,0.14853658536585365,4.5779268475598656e-05,"(np.float64(4.5779268475598656e-05), np.float64(0.1553586423397064), np.float64(581956288.0))"
40,S3R49SCN_N40_B07_two_stage,stage3_native_combined552,two_stage_guarded_local_search,"[0,3,5,7,9,11,13,15,17,19,28,30,32,34,36,38,26,24,22,20,18,16,14,12,10,8,6,4,2,1,21,23,25,27,29,31,33,35,37,39]","0,3,5,7,9,11,13,15,17,19,28,30,32,34,36,38,26,24,22,20,18,16,14,12,10,8,6,4,2,1,21,23,25,27,29,31,33,35,37,39",88ecfec4d0ca04fb,True,PASS_TEACHER_FIELDS_EXTRACTED,8.362594235222787e-05,0.1534932404756546,582097408.0,579927488.0,,,False,65.0,0.2826086956521739,False,False,55.0,0.2391304347826087,False,True,68.0,0.2956521739130435,False,False,138.0,0.6,False,False,65.0,0.2826086956521739,False,False,0.7205240174672489,0.7282096069868996,0.0,65.0,0.43816073696888735,4.5779268475598656e-05,"(np.float64(4.5779268475598656e-05), np.float64(0.1553586423397064), np.float64(581956288.0))"
40,S3R49SCN_N40_B08_two_stage,stage3_native_combined552,two_stage_guarded_local_search,"[6,8,10,12,14,16,18,20,22,24,26,28,30,32,34,36,38,19,17,15,13,11,9,7,5,3,0,4,2,1,21,23,25,27,29,31,33,35,37,39]","6,8,10,12,14,16,18,20,22,24,26,28,30,32,34,36,38,19,17,15,13,11,9,7,5,3,0,4,2,1,21,23,25,27,29,31,33,35,37,39",a6ed54476640a64b,True,PASS_TEACHER_FIELDS_EXTRACTED,0.0001350777693005,0.1704887300729751,583832576.0,579927680.0,,,False,100.0,0.43478260869565216,False,False,206.0,0.8956521739130435,False,False,145.0,0.6304347826086957,False,False,202.0,0.8782608695652174,False,False,100.0,0.43478260869565216,False,False,0.5676855895196506,0.24576419213973802,0.0,100.0,0.18097560975609756,4.5779268475598656e-05,"(np.float64(4.5779268475598656e-05), np.float64(0.1553586423397064), np.float64(581956288.0))"
40,S3R49SCN_N40_B09_median_guard,stage3_native_combined552,no_penalty_worse_than_median,"[0,3,5,7,9,11,13,15,17,19,34,36,38,32,30,28,26,24,22,20,18,16,14,12,10,8,6,4,2,1,21,23,25,27,29,31,33,35,37,39]","0,3,5,7,9,11,13,15,17,19,34,36,38,32,30,28,26,24,22,20,18,16,14,12,10,8,6,4,2,1,21,23,25,27,29,31,33,35,37,39",5c30998d8daf1442,True,PASS_TEACHER_FIELDS_EXTRACTED,6.958780068089254e-05,0.1534324586391449,582006400.0,579926528.0,,,False,36.0,0.1565217391304348,False,True,47.0,0.20434782608695654,False,True,42.0,0.1826086956521739,False,True,69.0,0.3,False,False,36.0,0.1565217391304348,False,True,1.0971615720524017,0.8354585152838427,1.0,36.0,0.5981073214243116,4.5779268475598656e-05,"(np.float64(4.5779268475598656e-05), np.float64(0.1553586423397064), np.float64(581956288.0))"
40,S3R49SCN_N40_B10_median_guard,stage3_native_combined552,no_penalty_worse_than_median,"[8,10,12,14,16,18,20,22,24,26,28,30,32,34,36,38,19,17,15,13,11,9,7,5,3,0,6,4,2,1,21,23,25,27,29,31,33,35,37,39]","8,10,12,14,16,18,20,22,24,26,28,30,32,34,36,38,19,17,15,13,11,9,7,5,3,0,6,4,2,1,21,23,25,27,29,31,33,35,37,39",c9760af84cbcd87a,True,PASS_TEACHER_FIELDS_EXTRACTED,0.0001548743575767,0.16898013651371,584292096.0,579927744.0,,,False,107.0,0.4652173913043478,False,False,197.0,0.8565217391304348,False,False,157.0,0.6826086956521739,False,False,204.0,0.8869565217391304,False,False,107.0,0.4652173913043478,False,False,0.537117903930131,0.2415196506550219,0.0,107.0,0.16902439024390242,4.5779268475598656e-05,"(np.float64(4.5779268475598656e-05), np.float64(0.1553586423397064), np.float64(581956288.0))"
40,S3R49SCN_N40_B11_peeq_repair,stage3_native_combined552,PEEQ_repair_candidates,"[4,2,0,6,8,10,12,14,16,18,20,22,24,26,28,30,38,36,34,32,19,17,15,13,11,9,7,5,3,1,21,23,25,27,29,31,33,35,37,39]","4,2,0,6,8,10,12,14,16,18,20,22,24,26,28,30,38,36,34,32,19,17,15,13,11,9,7,5,3,1,21,23,25,27,29,31,33,35,37,39",a4fe84126b153400,True,PASS_TEACHER_FIELDS_EXTRACTED,6.942368781892583e-05,0.1578780859708786,582174016.0,579926528.0,,,False,35.0,0.15217391304347827,False,True,117.0,0.508695652173913,False,False,79.0,0.34347826086956523,False,False,69.0,0.3,False,False,35.0,0.15217391304347827,False,True,1.1015283842794759,0.7645414847161572,1.0,35.0,0.6013697827409641,4.5779268475598656e-05,"(np.float64(4.5779268475598656e-05), np.float64(0.1553586423397064), np.float64(581956288.0))"
40,S3R49SCN_N40_B12_peeq_repair,stage3_native_combined552,PEEQ_repair_candidates,"[6,4,2,0,8,10,12,14,16,18,20,22,24,26,28,30,38,36,34,32,19,17,15,13,11,9,7,5,3,1,21,23,25,27,29,31,33,35,37,39]","6,4,2,0,8,10,12,14,16,18,20,22,24,26,28,30,38,36,34,32,19,17,15,13,11,9,7,5,3,1,21,23,25,27,29,31,33,35,37,39",841a9c8ffbc5d554,True,PASS_TEACHER_FIELDS_EXTRACTED,8.030997742025647e-05,0.1578798592090606,582139584.0,579926528.0,,,False,58.0,0.25217391304347825,False,True,118.0,0.5130434782608696,False,False,70.0,0.30434782608695654,False,False,69.0,0.3,False,False,58.0,0.25217391304347825,False,True,1.0010917030567685,0.6944978165938864,1.0,58.0,0.47271506911264816,4.5779268475598656e-05,"(np.float64(4.5779268475598656e-05), np.float64(0.1553586423397064), np.float64(581956288.0))"
40,S3R49SCN_N40_B13_surfacet_repair,stage3_native_combined552,SurfaceT_repair_candidates,"[0,2,4,6,8,10,12,14,16,18,20,22,24,26,28,30,32,34,36,38,19,17,15,13,11,9,7,5,3,1,21,23,25,27,29,31,33,35,37,39]","0,2,4,6,8,10,12,14,16,18,20,22,24,26,28,30,32,34,36,38,19,17,15,13,11,9,7,5,3,1,21,23,25,27,29,31,33,35,37,39",f1ed7cdc044a80cd,True,PASS_TEACHER_FIELDS_EXTRACTED,6.795796980441082e-05,0.1543461829423904,582209664.0,579927552.0,,,False,33.0,0.14347826086956522,False,True,80.0,0.34782608695652173,False,False,84.0,0.3652173913043478,False,False,157.0,0.6826086956521739,False,False,33.0,0.14347826086956522,False,True,1.1102620087336246,0.8013973799126637,1.0,33.0,0.6190067615219634,4.5779268475598656e-05,"(np.float64(4.5779268475598656e-05), np.float64(0.1553586423397064), np.float64(581956288.0))"
40,S3R49SCN_N40_B14_surfacet_repair,stage3_native_combined552,SurfaceT_repair_candidates,"[0,3,5,7,9,11,13,23,21,1,2,4,6,8,10,12,14,16,18,20,22,24,26,28,30,32,34,36,38,19,17,15,25,27,29,31,33,35,37,39]","0,3,5,7,9,11,13,23,21,1,2,4,6,8,10,12,14,16,18,20,22,24,26,28,30,32,34,36,38,19,17,15,25,27,29,31,33,35,37,39",c8ea0378fda3e9cc,True,PASS_TEACHER_FIELDS_EXTRACTED,0.0002000463537115,0.1607121378183365,582997632.0,579928832.0,,,False,132.0,0.5739130434782609,False,False,147.0,0.6391304347826087,False,False,116.0,0.5043478260869565,False,False,226.0,0.9826086956521739,False,False,132.0,0.5739130434782609,False,False,0.4279475982532751,0.20208733624454145,0.0,132.0,0.12634146341463415,4.5779268475598656e-05,"(np.float64(4.5779268475598656e-05), np.float64(0.1553586423397064), np.float64(581956288.0))"
40,S3R49SCN_N40_B15_mises_repair,stage3_native_combined552,Mises_repair_candidates,"[0,3,5,7,9,11,13,15,17,19,30,32,34,36,38,28,26,24,22,20,18,16,14,12,10,8,6,4,2,1,21,23,25,27,29,31,33,35,37,39]","0,3,5,7,9,11,13,15,17,19,30,32,34,36,38,28,26,24,22,20,18,16,14,12,10,8,6,4,2,1,21,23,25,27,29,31,33,35,37,39",fbedad14ea467afb,True,PASS_TEACHER_FIELDS_EXTRACTED,7.93164326751139e-05,0.1535343378782272,582040640.0,579927552.0,,,False,57.0,0.24782608695652175,False,True,58.0,0.25217391304347825,False,True,60.0,0.2608695652173913,False,False,157.0,0.6826086956521739,False,False,57.0,0.24782608695652175,False,True,1.0054585152838427,0.7535371179039302,1.0,57.0,0.4815628036305599,4.5779268475598656e-05,"(np.float64(4.5779268475598656e-05), np.float64(0.1553586423397064), np.float64(581956288.0))"
40,S3R49SCN_N40_B16_mises_repair,stage3_native_combined552,Mises_repair_candidates,"[0,8,10,12,14,16,18,20,22,24,26,28,30,32,34,36,38,19,17,15,13,11,9,7,5,3,6,4,2,1,21,23,25,27,29,31,33,35,37,39]","0,8,10,12,14,16,18,20,22,24,26,28,30,32,34,36,38,19,17,15,13,11,9,7,5,3,6,4,2,1,21,23,25,27,29,31,33,35,37,39",1a203774ce136c65,True,PASS_TEACHER_FIELDS_EXTRACTED,0.0001741511841828,0.1656653136014938,583729408.0,579927488.0,,,False,120.0,0.5217391304347826,False,False,191.0,0.8304347826086956,False,False,142.0,0.6173913043478261,False,False,138.0,0.6,False,False,120.0,0.5217391304347826,False,False,0.48034934497816595,0.20554585152838428,0.0,120.0,0.14682926829268292,4.5779268475598656e-05,"(np.float64(4.5779268475598656e-05), np.float64(0.1553586423397064), np.float64(581956288.0))"
24,S3R54CAL64_N24_B01_n24_u2ret_top,stage3_native_combined552,N24_u2_retention_top,"[22,21,19,9,7,5,3,1,11,13,15,17,23,0,2,4,6,8,10,12,14,16,18,20]","22,21,19,9,7,5,3,1,11,13,15,17,23,0,2,4,6,8,10,12,14,16,18,20",3f15ea0b5ac9b57f,True,PASS_TEACHER_FIELDS_EXTRACTED,3.827916589216329e-05,0.1594891101121902,582395136.0,579943552.0,,,False,11.0,0.0514018691588785,True,True,147.0,0.6869158878504673,False,False,92.0,0.42990654205607476,False,False,33.0,0.1542056074766355,False,True,11.0,0.0514018691588785,True,True,1.7,0.44031924882629114,1.0,11.0,0.7527385678778529,2.9523077955673216e-05,"(np.float64(2.9523077955673216e-05), np.float64(0.1587531119585037), np.float64(582666368.0))"
24,S3R54CAL64_N24_B02_n24_u2ret_top,stage3_native_combined552,N24_u2_retention_top,"[22,21,19,13,9,7,5,3,1,11,15,17,23,0,2,4,6,8,10,12,14,16,18,20]","22,21,19,13,9,7,5,3,1,11,15,17,23,0,2,4,6,8,10,12,14,16,18,20",44fe201c939925b0,True,PASS_TEACHER_FIELDS_EXTRACTED,3.386501202840009e-05,0.1574332565069198,582002752.0,579943616.0,,,False,6.0,0.028037383177570093,True,True,116.0,0.5420560747663551,False,False,68.0,0.3177570093457944,False,False,63.0,0.29439252336448596,False,False,6.0,0.028037383177570093,True,True,1.7,0.8499530516431925,1.0,6.0,0.862527761838338,2.9523077955673216e-05,"(np.float64(2.9523077955673216e-05), np.float64(0.1587531119585037), np.float64(582666368.0))"
24,S3R54CAL64_N24_B03_n24_u2ret_top,stage3_native_combined552,N24_u2_retention_top,"[22,21,19,11,5,3,1,7,9,13,15,17,23,0,2,4,6,8,10,12,14,16,18,20]","22,21,19,11,5,3,1,7,9,13,15,17,23,0,2,4,6,8,10,12,14,16,18,20",3486081ff7cca159,True,PASS_TEACHER_FIELDS_EXTRACTED,5.342099871086248e-05,0.1587450951337814,582636416.0,579943552.0,,,False,47.0,0.21962616822429906,False,True,136.0,0.6355140186915887,False,False,116.0,0.5420560747663551,False,False,33.0,0.1542056074766355,False,True,47.0,0.21962616822429906,False,True,1.034037558685446,0.38371830985915495,1.0,47.0,0.46746412254237846,2.9523077955673216e-05,"(np.float64(2.9523077955673216e-05), np.float64(0.1587531119585037), np.float64(582666368.0))"
24,S3R54CAL64_N24_B04_n24_u2ret_top,stage3_native_combined552,N24_u2_retention_top,"[22,21,17,11,1,3,5,7,9,13,15,19,23,0,2,4,6,8,10,12,14,16,18,20]","22,21,17,11,1,3,5,7,9,13,15,19,23,0,2,4,6,8,10,12,14,16,18,20",f763096911138bb1,True,PASS_TEACHER_FIELDS_EXTRACTED,3.356376646479475e-05,0.1568998396396637,582660032.0,579943552.0,,,False,5.0,0.02336448598130841,True,True,100.0,0.4672897196261682,False,False,118.0,0.5514018691588785,False,False,33.0,0.1542056074766355,False,True,5.0,0.02336448598130841,True,True,1.7,0.8495774647887323,1.0,5.0,0.8722041816745318,2.9523077955673216e-05,"(np.float64(2.9523077955673216e-05), np.float64(0.1587531119585037), np.float64(582666368.0))"
24,S3R54CAL64_N24_B05_n24_u2ret_repair,stage3_native_combined552,N24_u2_retention_local_repair,"[22,21,19,11,7,5,3,1,9,13,15,17,23,0,2,4,6,8,10,12,14,16,18,20]","22,21,19,11,7,5,3,1,9,13,15,17,23,0,2,4,6,8,10,12,14,16,18,20",1d74bffa8267ba94,True,PASS_TEACHER_FIELDS_EXTRACTED,5.23158641954069e-05,0.1588590741157531,582379520.0,579944384.0,,,False,42.0,0.19626168224299065,False,True,139.0,0.6495327102803738,False,False,90.0,0.4205607476635514,False,False,136.0,0.6355140186915887,False,False,42.0,0.19626168224299065,False,True,1.057511737089202,0.3901971830985916,1.0,42.0,0.4883976957846987,2.9523077955673216e-05,"(np.float64(2.9523077955673216e-05), np.float64(0.1587531119585037), np.float64(582666368.0))"
24,S3R54CAL64_N24_B06_n24_u2ret_repair,stage3_native_combined552,N24_u2_retention_local_repair,"[22,21,19,15,13,9,7,5,3,1,11,17,23,0,2,4,6,8,10,12,14,16,18,20]","22,21,19,15,13,9,7,5,3,1,11,17,23,0,2,4,6,8,10,12,14,16,18,20",dba4df19fba81697,True,PASS_TEACHER_FIELDS_EXTRACTED,4.610596806742251e-05,0.1529955714941024,581577856.0,579944512.0,,,False,29.0,0.13551401869158877,False,True,28.0,0.1308411214953271,False,True,20.0,0.09345794392523364,True,True,170.0,0.794392523364486,False,False,29.0,0.13551401869158877,False,True,1.118544600938967,0.8728638497652581,1.0,29.0,0.5884790899581216,2.9523077955673216e-05,"(np.float64(2.9523077955673216e-05), np.float64(0.1587531119585037), np.float64(582666368.0))"
24,S3R54CAL64_N24_B07_n24_u2ret_repair,stage3_native_combined552,N24_u2_retention_local_repair,"[22,21,19,11,1,3,5,7,9,13,15,17,23,6,4,2,0,8,10,12,14,16,18,20]","22,21,19,11,1,3,5,7,9,13,15,17,23,6,4,2,0,8,10,12,14,16,18,20",b876eff94f252d69,True,PASS_TEACHER_FIELDS_EXTRACTED,9.015049431582156e-05,0.1592183411121368,581862912.0,579944320.0,,,True,109.0,0.5093457943925234,False,False,144.0,0.6728971962616822,False,False,36.0,0.16822429906542055,False,True,129.0,0.602803738317757,False,False,109.0,0.5093457943925234,False,False,0.49295774647887325,0.0,0.0,109.0,0.0,2.9523077955673216e-05,"(np.float64(2.9523077955673216e-05), np.float64(0.1587531119585037), np.float64(582666368.0))"
24,S3R54CAL64_N24_B08_n24_u2ret_repair,stage3_native_combined552,N24_u2_retention_local_repair,"[22,21,19,11,1,3,5,7,23,17,15,13,9,0,2,4,6,8,10,12,14,16,18,20]","22,21,19,11,1,3,5,7,23,17,15,13,9,0,2,4,6,8,10,12,14,16,18,20",d1ed11eee042f1de,True,PASS_TEACHER_FIELDS_EXTRACTED,3.7965415458529606e-05,0.1582574993371963,583471872.0,579943552.0,,,False,9.0,0.04205607476635514,True,True,130.0,0.6074766355140186,False,False,158.0,0.7383177570093458,False,False,33.0,0.1542056074766355,False,True,9.0,0.04205607476635514,True,True,1.7,0.46,1.0,9.0,0.7628160262837601,2.9523077955673216e-05,"(np.float64(2.9523077955673216e-05), np.float64(0.1587531119585037), np.float64(582666368.0))"
24,S3R54CAL64_N24_B09_penalty_repair,stage3_native_combined552,penalty_repair_top,"[22,17,13,15,9,7,5,3,1,11,21,19,23,0,2,4,6,8,10,12,14,16,18,20]","22,17,13,15,9,7,5,3,1,11,21,19,23,0,2,4,6,8,10,12,14,16,18,20",7e3ca6ba29b7babb,True,PASS_TEACHER_FIELDS_EXTRACTED,4.8556980800640304e-05,0.1524872630834579,581862976.0,579943616.0,,,False,32.0,0.14953271028037382,False,True,19.0,0.08878504672897196,True,True,37.0,0.17289719626168223,False,True,63.0,0.29439252336448596,False,False,32.0,0.14953271028037382,False,True,1.1044600938967135,0.8647887323943662,1.0,32.0,0.5506015229024421,2.9523077955673216e-05,"(np.float64(2.9523077955673216e-05), np.float64(0.1587531119585037), np.float64(582666368.0))"
24,S3R54CAL64_N24_B10_penalty_repair,stage3_native_combined552,penalty_repair_top,"[22,17,15,13,9,7,5,3,1,11,19,21,23,0,8,4,6,2,10,12,14,16,18,20]","22,17,15,13,9,7,5,3,1,11,19,21,23,0,8,4,6,2,10,12,14,16,18,20",082e390df9d4974a,True,PASS_TEACHER_FIELDS_EXTRACTED,6.516764369735029e-05,0.1524514555931091,580972224.0,579944448.0,,,False,64.0,0.29906542056074764,False,False,18.0,0.08411214953271028,True,True,2.0,0.009345794392523364,True,True,161.0,0.7523364485981309,False,False,64.0,0.29906542056074764,False,False,0.704225352112676,0.7707042253521127,0.0,64.0,0.33636610052656585,2.9523077955673216e-05,"(np.float64(2.9523077955673216e-05), np.float64(0.1587531119585037), np.float64(582666368.0))"
24,S3R54CAL64_N24_B11_penalty_repair,stage3_native_combined552,penalty_repair_top,"[22,17,15,13,9,7,5,3,1,11,19,21,23,0,2,10,6,8,4,12,14,16,18,20]","22,17,15,13,9,7,5,3,1,11,19,21,23,0,2,10,6,8,4,12,14,16,18,20",212196dd9597574f,True,PASS_TEACHER_FIELDS_EXTRACTED,8.067023327384959e-05,0.1522239595651626,581904768.0,579944384.0,,,False,95.0,0.4439252336448598,False,False,15.0,0.07009345794392523,True,True,53.0,0.24766355140186916,False,True,136.0,0.6355140186915887,False,False,95.0,0.4439252336448598,False,False,0.5586854460093897,0.6495774647887325,0.0,95.0,0.19189831447043193,2.9523077955673216e-05,"(np.float64(2.9523077955673216e-05), np.float64(0.1587531119585037), np.float64(582666368.0))"
24,S3R54CAL64_N24_B12_penalty_repair,stage3_native_combined552,penalty_repair_local_search,"[22,17,13,15,5,7,9,3,1,11,19,21,23,0,2,4,6,8,10,12,14,16,18,20]","22,17,13,15,5,7,9,3,1,11,19,21,23,0,2,4,6,8,10,12,14,16,18,20",3416e3949102c76b,True,PASS_TEACHER_FIELDS_EXTRACTED,7.648990981579118e-05,0.1547069251537323,581938112.0,579943552.0,,,False,86.0,0.40186915887850466,False,False,59.0,0.2757009345794392,False,False,58.0,0.27102803738317754,False,False,33.0,0.1542056074766355,False,True,86.0,0.40186915887850466,False,False,0.6009389671361502,0.6368075117370893,0.0,86.0,0.2285660893161858,2.9523077955673216e-05,"(np.float64(2.9523077955673216e-05), np.float64(0.1587531119585037), np.float64(582666368.0))"
24,S3R54CAL64_N24_B13_penalty_repair,stage3_native_combined552,penalty_repair_local_search,"[22,17,15,13,9,7,5,3,1,11,19,21,23,0,2,4,6,8,18,12,14,16,10,20]","22,17,15,13,9,7,5,3,1,11,19,21,23,0,2,4,6,8,18,12,14,16,10,20",7281f8d24ae69812,True,PASS_TEACHER_FIELDS_EXTRACTED,6.85549239278771e-05,0.1568982601165771,581861760.0,579944576.0,,,False,72.0,0.3364485981308411,False,False,99.0,0.46261682242990654,False,False,35.0,0.16355140186915887,False,True,179.0,0.8364485981308412,False,False,72.0,0.3364485981308411,False,False,0.6666666666666667,0.6552112676056338,0.0,72.0,0.29916705934007704,2.9523077955673216e-05,"(np.float64(2.9523077955673216e-05), np.float64(0.1587531119585037), np.float64(582666368.0))"
24,S3R54CAL64_N24_B14_penalty_repair,stage3_native_combined552,penalty_repair_local_search,"[22,17,15,13,9,7,5,3,1,11,19,21,23,0,2,12,6,8,10,4,14,16,18,20]","22,17,15,13,9,7,5,3,1,11,19,21,23,0,2,12,6,8,10,4,14,16,18,20",ad23a4a53f90afac,True,PASS_TEACHER_FIELDS_EXTRACTED,9.317355693383432e-05,0.1518133282661438,581927936.0,579943488.0,,,False,113.0,0.5280373831775701,False,False,12.0,0.056074766355140186,True,True,56.0,0.2616822429906542,False,False,24.0,0.11214953271028037,False,True,113.0,0.5280373831775701,False,False,0.4741784037558685,0.4267605633802817,0.0,113.0,0.1425925925925926,2.9523077955673216e-05,"(np.float64(2.9523077955673216e-05), np.float64(0.1587531119585037), np.float64(582666368.0))"
24,S3R54CAL64_N24_B15_two_stage_repair,stage3_native_combined552,two_stage_penalty_repair,"[22,17,15,13,5,7,9,3,1,11,19,21,23,0,6,4,2,8,10,12,14,16,18,20]","22,17,15,13,5,7,9,3,1,11,19,21,23,0,6,4,2,8,10,12,14,16,18,20",968b5f6169005455,True,PASS_TEACHER_FIELDS_EXTRACTED,7.469321303688048e-05,0.1526153534650802,581062208.0,579944384.0,,,False,83.0,0.3878504672897196,False,False,21.0,0.09813084112149532,True,True,6.0,0.028037383177570093,True,True,136.0,0.6355140186915887,False,False,83.0,0.3878504672897196,False,False,0.6150234741784038,0.7021596244131456,0.0,83.0,0.24340598691719292,2.9523077955673216e-05,"(np.float64(2.9523077955673216e-05), np.float64(0.1587531119585037), np.float64(582666368.0))"
24,S3R54CAL64_N24_B16_two_stage_repair,stage3_native_combined552,two_stage_penalty_repair,"[22,23,17,13,9,7,5,3,1,11,19,21,15,0,2,4,6,8,10,12,14,16,18,20]","22,23,17,13,9,7,5,3,1,11,19,21,15,0,2,4,6,8,10,12,14,16,18,20",28d32aa72b33704d,True,PASS_TEACHER_FIELDS_EXTRACTED,4.948670630255947e-05,0.1542716473340988,582011648.0,579944384.0,,,False,34.0,0.1588785046728972,False,True,51.0,0.2383177570093458,False,True,69.0,0.32242990654205606,False,False,136.0,0.6355140186915887,False,False,34.0,0.1588785046728972,False,True,1.0950704225352113,0.815962441314554,1.0,34.0,0.5354749250491955,2.9523077955673216e-05,"(np.float64(2.9523077955673216e-05), np.float64(0.1587531119585037), np.float64(582666368.0))"
24,S3R54CAL64_N24_B17_two_stage_repair,stage3_native_combined552,two_stage_penalty_repair,"[22,17,15,13,7,9,1,3,5,11,19,21,23,4,2,0,6,8,10,12,18,16,14,20]","22,17,15,13,7,9,1,3,5,11,19,21,23,4,2,0,6,8,10,12,18,16,14,20",6b19d57d44b9b343,True,PASS_TEACHER_FIELDS_EXTRACTED,9.987347061723996e-05,0.1600515097379684,581655296.0,579944384.0,,,True,122.0,0.5700934579439252,False,False,155.0,0.7242990654205608,False,False,24.0,0.11214953271028037,False,True,136.0,0.6355140186915887,False,False,122.0,0.5700934579439252,False,False,0.431924882629108,0.0,0.0,121.0,0.0,2.9523077955673216e-05,"(np.float64(2.9523077955673216e-05), np.float64(0.1587531119585037), np.float64(582666368.0))"
24,S3R54CAL64_N24_B18_two_stage_repair,stage3_native_combined552,two_stage_penalty_repair,"[23,17,15,13,9,7,5,3,1,11,19,21,22,0,2,4,6,8,10,12,14,16,18,20]","23,17,15,13,9,7,5,3,1,11,19,21,22,0,2,4,6,8,10,12,14,16,18,20",29d254cc5d45a140,True,PASS_TEACHER_FIELDS_EXTRACTED,5.0446637033019215e-05,0.1521572768688202,581864384.0,579944448.0,,,False,37.0,0.17289719626168223,False,True,14.0,0.06542056074766354,True,True,38.0,0.17757009345794392,False,True,161.0,0.7523364485981309,False,False,37.0,0.17289719626168223,False,True,1.0809859154929577,0.852206572769953,1.0,37.0,0.5185671505320746,2.9523077955673216e-05,"(np.float64(2.9523077955673216e-05), np.float64(0.1587531119585037), np.float64(582666368.0))"
24,S3R54CAL64_N24_B19_two_stage_repair,stage3_native_combined552,two_stage_penalty_repair,"[14,17,15,13,9,7,5,3,1,11,19,21,23,0,2,4,6,8,10,12,22,16,18,20]","14,17,15,13,9,7,5,3,1,11,19,21,23,0,2,4,6,8,10,12,22,16,18,20",f01bf979f3af0790,True,PASS_TEACHER_FIELDS_EXTRACTED,6.479929743363755e-05,0.1539067775011062,582573696.0,579943616.0,,,False,63.0,0.29439252336448596,False,False,41.0,0.19158878504672897,False,True,112.0,0.5233644859813084,False,False,63.0,0.29439252336448596,False,False,63.0,0.29439252336448596,False,False,0.7089201877934272,0.7111737089201877,0.0,63.0,0.3407931797920477,2.9523077955673216e-05,"(np.float64(2.9523077955673216e-05), np.float64(0.1587531119585037), np.float64(582666368.0))"
24,S3R54CAL64_N24_B20_median_guard,stage3_native_combined552,median_guard_repair,"[22,17,15,13,9,7,5,3,1,11,19,21,23,0,2,4,6,14,10,12,8,16,18,20]","22,17,15,13,9,7,5,3,1,11,19,21,23,0,2,4,6,14,10,12,8,16,18,20",774d279f3ac63e56,True,PASS_TEACHER_FIELDS_EXTRACTED,6.590890006918926e-05,0.1517210751771927,581883520.0,579943552.0,,,False,65.0,0.3037383177570093,False,False,11.0,0.0514018691588785,True,True,45.0,0.2102803738317757,False,True,33.0,0.1542056074766355,False,True,65.0,0.3037383177570093,False,False,0.6995305164319249,0.7577464788732395,0.0,65.0,0.32941913367535425,2.9523077955673216e-05,"(np.float64(2.9523077955673216e-05), np.float64(0.1587531119585037), np.float64(582666368.0))"
24,S3R54CAL64_N24_B21_median_guard,stage3_native_combined552,median_guard_repair,"[22,17,15,13,9,7,5,3,1,11,19,21,23,0,2,4,14,16,10,12,6,8,18,20]","22,17,15,13,9,7,5,3,1,11,19,21,23,0,2,4,14,16,10,12,6,8,18,20",4c4456ae05ceac23,True,PASS_TEACHER_FIELDS_EXTRACTED,9.798179462450209e-05,0.1573436856269836,581945664.0,579944512.0,,,False,118.0,0.5514018691588785,False,False,111.0,0.5186915887850467,False,False,60.0,0.2803738317757009,False,False,170.0,0.794392523364486,False,False,118.0,0.5514018691588785,False,False,0.45070422535211263,0.3680281690140844,0.0,117.0,0.13518518518518519,2.9523077955673216e-05,"(np.float64(2.9523077955673216e-05), np.float64(0.1587531119585037), np.float64(582666368.0))"
24,S3R54CAL64_N24_B22_median_guard,stage3_native_combined552,no_penalty_worse_than_median,"[22,21,15,13,9,1,5,3,7,11,19,17,23,0,2,4,6,8,10,12,14,16,18,20]","22,21,15,13,9,1,5,3,7,11,19,17,23,0,2,4,6,8,10,12,14,16,18,20",77421dd2f642edf3,True,PASS_TEACHER_FIELDS_EXTRACTED,4.008693713331013e-05,0.1542789340019226,582290048.0,579944448.0,,,False,15.0,0.07009345794392523,True,True,52.0,0.24299065420560748,False,True,86.0,0.40186915887850466,False,False,161.0,0.7523364485981309,False,False,15.0,0.07009345794392523,True,True,1.7,0.8728638497652581,1.0,15.0,0.7105503445732012,2.9523077955673216e-05,"(np.float64(2.9523077955673216e-05), np.float64(0.1587531119585037), np.float64(582666368.0))"
24,S3R54CAL64_N24_B23_median_guard,stage3_native_combined552,no_penalty_worse_than_median,"[22,17,9,13,15,7,5,3,1,11,19,21,23,0,2,4,6,8,10,12,18,16,14,20]","22,17,9,13,15,7,5,3,1,11,19,21,23,0,2,4,6,8,10,12,18,16,14,20",7871058cbd06a509,True,PASS_TEACHER_FIELDS_EXTRACTED,6.063666432964965e-05,0.1637037992477417,581895936.0,579943552.0,,,False,59.0,0.2757009345794392,False,False,183.0,0.8551401869158879,False,False,50.0,0.2336448598130841,False,True,33.0,0.1542056074766355,False,True,59.0,0.2757009345794392,False,False,0.727699530516432,0.3172769953051644,0.0,59.0,0.37947752074714564,2.9523077955673216e-05,"(np.float64(2.9523077955673216e-05), np.float64(0.1587531119585037), np.float64(582666368.0))"
24,S3R54CAL64_N24_B24_peeq_repair,stage3_native_combined552,PEEQ_repair_candidates,"[22,21,19,11,3,1,5,7,9,13,15,17,23,0,2,4,6,8,10,12,14,16,18,20]","22,21,19,11,3,1,5,7,9,13,15,17,23,0,2,4,6,8,10,12,14,16,18,20",4d70d2f3c19899de,True,PASS_TEACHER_FIELDS_EXTRACTED,3.964457823713019e-05,0.1587646901607513,582724224.0,579943552.0,,,False,13.0,0.06074766355140187,True,True,138.0,0.6448598130841121,False,False,121.0,0.5654205607476636,False,False,33.0,0.1542056074766355,False,True,13.0,0.06074766355140187,True,True,1.7,0.44505164319248824,1.0,13.0,0.7224717376701948,2.9523077955673216e-05,"(np.float64(2.9523077955673216e-05), np.float64(0.1587531119585037), np.float64(582666368.0))"
24,S3R54CAL64_N24_B25_peeq_repair,stage3_native_combined552,PEEQ_repair_candidates,"[22,21,17,15,13,9,7,5,3,1,11,19,23,0,2,4,6,8,10,12,14,16,18,20]","22,21,17,15,13,9,7,5,3,1,11,19,23,0,2,4,6,8,10,12,14,16,18,20",ed1fae456a1d580c,True,PASS_TEACHER_FIELDS_EXTRACTED,5.010639870306477e-05,0.1528097093105316,581532736.0,579944512.0,,,False,36.0,0.16822429906542055,False,True,26.0,0.12149532710280374,False,True,19.0,0.08878504672897196,True,True,170.0,0.794392523364486,False,False,36.0,0.16822429906542055,False,True,1.085680751173709,0.8514553990610328,1.0,36.0,0.5243929255105227,2.9523077955673216e-05,"(np.float64(2.9523077955673216e-05), np.float64(0.1587531119585037), np.float64(582666368.0))"
24,S3R54CAL64_N24_B26_peeq_repair,stage3_native_combined552,PEEQ_repair_candidates,"[22,21,19,11,1,3,5,7,9,13,15,17,23,16,14,12,10,8,6,4,2,0,18,20]","22,21,19,11,1,3,5,7,9,13,15,17,23,16,14,12,10,8,6,4,2,0,18,20",22b7833bce807c36,True,PASS_TEACHER_FIELDS_EXTRACTED,0.0001247750460606,0.1524152755737304,585725440.0,579943552.0,,,False,135.0,0.6308411214953271,False,False,16.0,0.07476635514018691,True,True,194.0,0.9065420560747663,False,False,33.0,0.1542056074766355,False,True,135.0,0.6308411214953271,False,False,0.37089201877934275,0.35070422535211265,0.0,133.0,0.10555555555555557,2.9523077955673216e-05,"(np.float64(2.9523077955673216e-05), np.float64(0.1587531119585037), np.float64(582666368.0))"
24,S3R54CAL64_N24_B27_surfacet_repair,stage3_native_combined552,SurfaceT_repair_candidates,"[22,17,15,19,9,7,5,3,1,11,13,21,23,0,2,4,6,12,10,8,14,16,18,20]","22,17,15,19,9,7,5,3,1,11,13,21,23,0,2,4,6,12,10,8,14,16,18,20",cfa5668f1b40d8b4,True,PASS_TEACHER_FIELDS_EXTRACTED,0.0001000396232484,0.1550983041524887,581992512.0,579943552.0,,,False,123.0,0.5747663551401869,False,False,63.0,0.29439252336448596,False,False,67.0,0.3130841121495327,False,False,33.0,0.1542056074766355,False,True,123.0,0.5747663551401869,False,False,0.42723004694835676,0.37140845070422535,0.0,122.0,0.1259259259259259,2.9523077955673216e-05,"(np.float64(2.9523077955673216e-05), np.float64(0.1587531119585037), np.float64(582666368.0))"
24,S3R54CAL64_N24_B28_surfacet_repair,stage3_native_combined552,SurfaceT_repair_candidates,"[22,21,23,13,9,7,5,3,1,11,19,17,15,0,2,4,6,8,10,12,14,16,18,20]","22,21,23,13,9,7,5,3,1,11,19,17,15,0,2,4,6,8,10,12,14,16,18,20",f078f22980d8b45b,True,PASS_TEACHER_FIELDS_EXTRACTED,4.585263968692743e-05,0.1616981476545334,582086720.0,579944384.0,,,False,28.0,0.1308411214953271,False,True,166.0,0.7757009345794392,False,False,73.0,0.3411214953271028,False,False,136.0,0.6355140186915887,False,False,28.0,0.1308411214953271,False,True,1.1232394366197183,0.3908732394366197,1.0,28.0,0.5938686661716934,2.9523077955673216e-05,"(np.float64(2.9523077955673216e-05), np.float64(0.1587531119585037), np.float64(582666368.0))"
24,S3R54CAL64_N24_B29_mises_repair,stage3_native_combined552,Mises_repair_candidates,"[22,16,14,12,10,8,6,4,2,0,23,21,19,11,1,3,5,7,9,13,15,17,18,20]","22,16,14,12,10,8,6,4,2,0,23,21,19,11,1,3,5,7,9,13,15,17,18,20",7c608d559c22f827,True,PASS_TEACHER_FIELDS_EXTRACTED,9.80179215730459e-05,0.1689051240682602,582624256.0,579943552.0,,,False,119.0,0.5560747663551402,False,False,197.0,0.9205607476635514,False,False,115.0,0.5373831775700935,False,False,33.0,0.1542056074766355,False,True,119.0,0.5560747663551402,False,False,0.4460093896713615,0.18380281690140846,0.0,118.0,0.1333333333333333,2.9523077955673216e-05,"(np.float64(2.9523077955673216e-05), np.float64(0.1587531119585037), np.float64(582666368.0))"
24,S3R54CAL64_N24_B30_mises_repair,stage3_native_combined552,Mises_repair_candidates,"[22,19,21,13,9,7,5,3,1,11,17,15,23,0,2,4,6,8,10,12,14,16,18,20]","22,19,21,13,9,7,5,3,1,11,17,15,23,0,2,4,6,8,10,12,14,16,18,20",3aee6ce37d24d546,True,PASS_TEACHER_FIELDS_EXTRACTED,4.534141999101848e-05,0.1563042402267456,582024128.0,579943552.0,,,False,26.0,0.12149532710280374,False,True,92.0,0.42990654205607476,False,False,70.0,0.32710280373831774,False,False,33.0,0.1542056074766355,False,True,26.0,0.12149532710280374,False,True,1.1326291079812205,0.8041314553990611,1.0,26.0,0.6048319207185511,2.9523077955673216e-05,"(np.float64(2.9523077955673216e-05), np.float64(0.1587531119585037), np.float64(582666368.0))"
24,S3R54CAL64_N24_B31_uncertainty,stage3_native_combined552,uncertainty_calibration,"[22,17,15,13,9,7,5,3,23,21,19,11,1,0,2,4,6,8,10,12,14,16,18,20]","22,17,15,13,9,7,5,3,23,21,19,11,1,0,2,4,6,8,10,12,14,16,18,20",e5870b80ed6ab269,True,PASS_TEACHER_FIELDS_EXTRACTED,3.905796711478615e-05,0.1588879376649856,582282304.0,579944512.0,,,False,12.0,0.056074766355140186,True,True,140.0,0.6542056074766355,False,False,85.0,0.397196261682243,False,False,170.0,0.794392523364486,False,False,12.0,0.056074766355140186,True,True,1.7,0.44503286384976537,1.0,12.0,0.7355081388441218,2.9523077955673216e-05,"(np.float64(2.9523077955673216e-05), np.float64(0.1587531119585037), np.float64(582666368.0))"
24,S3R54CAL64_N24_B32_sentinel,stage3_native_combined552,sentinel_control,"[23,22,21,20,19,18,17,16,15,14,13,12,11,10,9,8,7,6,5,4,3,2,1,0]","23,22,21,20,19,18,17,16,15,14,13,12,11,10,9,8,7,6,5,4,3,2,1,0",518f34c1f5ea8fe7,True,PASS_TEACHER_FIELDS_EXTRACTED,0.0005523721131339,0.1892505139112472,587159872.0,579944256.0,,,False,207.0,0.9672897196261683,False,False,214.0,1.0,False,False,204.0,0.9532710280373832,False,False,118.0,0.5514018691588785,False,False,207.0,0.9672897196261683,False,False,0.032863849765258246,0.013014084507042266,0.0,183.0,0.012962962962962982,2.9523077955673216e-05,"(np.float64(2.9523077955673216e-05), np.float64(0.1587531119585037), np.float64(582666368.0))"
40,S3R54CAL64_N40_B01_n40_strict_top,stage3_native_combined552,N40_strict_reward_retention_top,"[21,3,5,7,9,11,13,15,17,19,34,36,38,32,30,28,26,24,22,20,18,16,14,12,10,8,6,4,2,1,0,23,25,27,29,31,33,35,37,39]","21,3,5,7,9,11,13,15,17,19,34,36,38,32,30,28,26,24,22,20,18,16,14,12,10,8,6,4,2,1,0,23,25,27,29,31,33,35,37,39",c9e56eeb7dd667c4,True,PASS_TEACHER_FIELDS_EXTRACTED,0.0001091796702894,0.1592772305011749,582801856.0,579926592.0,,,False,85.0,0.3695652173913043,False,False,132.0,0.5739130434782609,False,False,113.0,0.49130434782608695,False,False,95.0,0.41304347826086957,False,False,85.0,0.3695652173913043,False,False,0.6331877729257642,0.37720524017467255,0.0,85.0,0.27588749741581314,4.5779268475598656e-05,"(np.float64(4.5779268475598656e-05), np.float64(0.1553586423397064), np.float64(581956288.0))"
40,S3R54CAL64_N40_B02_n40_strict_top,stage3_native_combined552,N40_strict_reward_retention_top,"[0,3,5,7,9,11,13,15,17,19,34,36,38,20,22,24,26,28,30,32,18,16,14,12,10,8,6,4,2,1,21,23,25,27,29,31,33,35,37,39]","0,3,5,7,9,11,13,15,17,19,34,36,38,20,22,24,26,28,30,32,18,16,14,12,10,8,6,4,2,1,21,23,25,27,29,31,33,35,37,39",d696218949f01a21,True,PASS_TEACHER_FIELDS_EXTRACTED,0.0001624859019102,0.1590698212385177,583536192.0,579927488.0,,,False,113.0,0.49130434782608695,False,False,128.0,0.5565217391304348,False,False,135.0,0.5869565217391305,False,False,138.0,0.6,False,False,113.0,0.49130434782608695,False,False,0.5109170305676856,0.32459388646288206,0.0,113.0,0.15878048780487802,4.5779268475598656e-05,"(np.float64(4.5779268475598656e-05), np.float64(0.1553586423397064), np.float64(581956288.0))"
40,S3R54CAL64_N40_B03_n40_strict_top,stage3_native_combined552,N40_strict_reward_retention_top,"[0,3,5,7,9,11,13,15,17,19,34,36,38,32,30,28,26,10,12,14,16,18,20,22,24,8,6,4,2,1,21,23,25,27,29,31,33,35,37,39]","0,3,5,7,9,11,13,15,17,19,34,36,38,32,30,28,26,10,12,14,16,18,20,22,24,8,6,4,2,1,21,23,25,27,29,31,33,35,37,39",44a141ef6ec7b0b6,True,PASS_TEACHER_FIELDS_EXTRACTED,0.0001575087012497,0.1614710390567779,583459264.0,579927488.0,,,False,108.0,0.46956521739130436,False,False,154.0,0.6695652173913044,False,False,131.0,0.5695652173913044,False,False,138.0,0.6,False,False,108.0,0.46956521739130436,False,False,0.5327510917030568,0.2773449781659389,0.0,108.0,0.1673170731707317,4.5779268475598656e-05,"(np.float64(4.5779268475598656e-05), np.float64(0.1553586423397064), np.float64(581956288.0))"
40,S3R54CAL64_N40_B04_n40_strict_top,stage3_native_combined552,N40_strict_reward_retention_top,"[0,3,5,7,9,11,13,15,17,19,34,36,38,32,30,28,26,24,22,20,18,16,4,6,8,10,12,14,2,1,21,23,25,27,29,31,33,35,37,39]","0,3,5,7,9,11,13,15,17,19,34,36,38,32,30,28,26,24,22,20,18,16,4,6,8,10,12,14,2,1,21,23,25,27,29,31,33,35,37,39",0a8ab98fe4342e6f,True,PASS_TEACHER_FIELDS_EXTRACTED,7.561578968307003e-05,0.1583257168531417,584132672.0,579927424.0,,,False,46.0,0.2,False,True,121.0,0.5260869565217391,False,False,155.0,0.6739130434782609,False,False,134.0,0.5826086956521739,False,False,46.0,0.2,False,True,1.0534934497816595,0.6999126637554585,1.0,46.0,0.5285901641760411,4.5779268475598656e-05,"(np.float64(4.5779268475598656e-05), np.float64(0.1553586423397064), np.float64(581956288.0))"
40,S3R54CAL64_N40_B05_n40_strict_repair,stage3_native_combined552,N40_strict_reward_local_repair,"[0,3,5,7,9,11,13,15,17,19,31,29,27,25,23,21,1,2,4,6,8,10,12,14,16,18,20,22,24,26,28,30,32,38,36,34,33,35,37,39]","0,3,5,7,9,11,13,15,17,19,31,29,27,25,23,21,1,2,4,6,8,10,12,14,16,18,20,22,24,26,28,30,32,38,36,34,33,35,37,39",0dda4fe610a699b2,True,PASS_TEACHER_FIELDS_EXTRACTED,0.0001593298284205,0.1725027710199356,584444736.0,579927936.0,,,False,110.0,0.4782608695652174,False,False,209.0,0.908695652173913,False,False,162.0,0.7043478260869566,False,False,214.0,0.9304347826086956,False,False,110.0,0.4782608695652174,False,False,0.5240174672489083,0.2258515283842795,0.0,110.0,0.16390243902439022,4.5779268475598656e-05,"(np.float64(4.5779268475598656e-05), np.float64(0.1553586423397064), np.float64(581956288.0))"
40,S3R54CAL64_N40_B06_n40_strict_repair,stage3_native_combined552,N40_strict_reward_local_repair,"[0,3,5,7,9,13,11,15,17,19,18,36,38,32,30,28,26,24,22,20,34,16,14,12,10,8,6,4,2,1,21,23,25,27,29,31,33,35,37,39]","0,3,5,7,9,13,11,15,17,19,18,36,38,32,30,28,26,24,22,20,34,16,14,12,10,8,6,4,2,1,21,23,25,27,29,31,33,35,37,39",dff48f520bcc9f6a,True,PASS_TEACHER_FIELDS_EXTRACTED,0.0001693256995167,0.1538861095905304,582303360.0,579927488.0,,,False,118.0,0.5130434782608696,False,False,69.0,0.3,False,False,97.0,0.4217391304347826,False,False,138.0,0.6,False,False,118.0,0.5130434782608696,False,False,0.48908296943231444,0.41541484716157207,0.0,118.0,0.15024390243902438,4.5779268475598656e-05,"(np.float64(4.5779268475598656e-05), np.float64(0.1553586423397064), np.float64(581956288.0))"
40,S3R54CAL64_N40_B07_n40_strict_repair,stage3_native_combined552,N40_strict_reward_local_repair,"[0,3,5,7,9,11,13,15,17,19,34,36,38,32,30,28,26,24,22,8,10,12,14,16,18,20,6,4,2,1,21,23,25,27,29,31,33,35,37,39]","0,3,5,7,9,11,13,15,17,19,34,36,38,32,30,28,26,24,22,8,10,12,14,16,18,20,6,4,2,1,21,23,25,27,29,31,33,35,37,39",1484194e08c174f0,True,PASS_TEACHER_FIELDS_EXTRACTED,9.396403129358076e-05,0.1613422632217407,584067200.0,579927488.0,,,False,75.0,0.32608695652173914,False,False,151.0,0.6565217391304348,False,False,153.0,0.6652173913043479,False,False,138.0,0.6,False,False,75.0,0.32608695652173914,False,False,0.6768558951965066,0.3370305676855896,0.0,75.0,0.36085845601587785,4.5779268475598656e-05,"(np.float64(4.5779268475598656e-05), np.float64(0.1553586423397064), np.float64(581956288.0))"
40,S3R54CAL64_N40_B08_n40_strict_repair,stage3_native_combined552,N40_strict_reward_local_repair,"[0,3,5,7,9,11,13,15,17,19,34,36,38,32,16,18,20,22,24,26,28,30,14,12,10,8,6,4,2,1,21,23,25,27,29,31,33,35,37,39]","0,3,5,7,9,11,13,15,17,19,34,36,38,32,16,18,20,22,24,26,28,30,14,12,10,8,6,4,2,1,21,23,25,27,29,31,33,35,37,39",2d6feddc0b7ac7db,True,PASS_TEACHER_FIELDS_EXTRACTED,0.0002362437535339,0.1608708649873733,583332864.0,579927744.0,,,False,143.0,0.6217391304347826,False,False,148.0,0.6434782608695652,False,False,126.0,0.5478260869565217,False,False,204.0,0.8869565217391304,False,False,143.0,0.6217391304347826,False,False,0.3799126637554585,0.18267248908296943,0.0,143.0,0.10756097560975611,4.5779268475598656e-05,"(np.float64(4.5779268475598656e-05), np.float64(0.1553586423397064), np.float64(581956288.0))"
40,S3R54CAL64_N40_B09_penalty_repair,stage3_native_combined552,penalty_repair_top,"[0,3,5,7,9,11,13,15,17,19,22,24,26,28,30,32,38,36,34,20,18,16,14,12,10,8,6,4,2,1,21,23,25,27,29,31,33,35,37,39]","0,3,5,7,9,11,13,15,17,19,22,24,26,28,30,32,38,36,34,20,18,16,14,12,10,8,6,4,2,1,21,23,25,27,29,31,33,35,37,39",e20eae4e5e79434d,True,PASS_TEACHER_FIELDS_EXTRACTED,8.124319720081985e-05,0.1553911864757537,582449600.0,579927552.0,,,False,61.0,0.26521739130434785,False,False,90.0,0.391304347826087,False,False,102.0,0.4434782608695652,False,False,157.0,0.6826086956521739,False,False,61.0,0.26521739130434785,False,False,0.7379912663755459,0.6983406113537118,0.0,61.0,0.46104530479537176,4.5779268475598656e-05,"(np.float64(4.5779268475598656e-05), np.float64(0.1553586423397064), np.float64(581956288.0))"
40,S3R54CAL64_N40_B10_penalty_repair,stage3_native_combined552,penalty_repair_top,"[0,3,5,7,9,11,13,15,17,19,34,38,36,32,30,28,26,24,22,20,18,16,14,12,10,8,6,4,2,1,21,23,25,27,29,31,33,35,37,39]","0,3,5,7,9,11,13,15,17,19,34,38,36,32,30,28,26,24,22,20,18,16,14,12,10,8,6,4,2,1,21,23,25,27,29,31,33,35,37,39",11777ccc10473cce,True,PASS_TEACHER_FIELDS_EXTRACTED,7.6060947321821e-05,0.1534289419651031,582007808.0,579927552.0,,,False,49.0,0.21304347826086956,False,True,46.0,0.2,False,True,43.0,0.18695652173913044,False,True,157.0,0.6826086956521739,False,False,49.0,0.21304347826086956,False,True,1.0403930131004366,0.7951091703056768,1.0,49.0,0.5199249086130868,4.5779268475598656e-05,"(np.float64(4.5779268475598656e-05), np.float64(0.1553586423397064), np.float64(581956288.0))"
40,S3R54CAL64_N40_B11_penalty_repair,stage3_native_combined552,penalty_repair_top,"[0,2,5,7,9,11,13,15,17,19,34,36,38,32,30,28,26,24,22,20,18,16,14,12,10,8,6,4,3,1,21,23,25,27,29,31,33,35,37,39]","0,2,5,7,9,11,13,15,17,19,34,36,38,32,30,28,26,24,22,20,18,16,14,12,10,8,6,4,3,1,21,23,25,27,29,31,33,35,37,39",9511c31fe43af472,True,PASS_TEACHER_FIELDS_EXTRACTED,6.26145993010141e-05,0.1527572870254516,582009600.0,579926528.0,,,False,26.0,0.11304347826086956,False,True,24.0,0.10434782608695652,False,True,47.0,0.20434782608695654,False,True,69.0,0.3,False,False,26.0,0.11304347826086956,False,True,1.140829694323144,0.885240174672489,1.0,26.0,0.6884447811916505,4.5779268475598656e-05,"(np.float64(4.5779268475598656e-05), np.float64(0.1553586423397064), np.float64(581956288.0))"
40,S3R54CAL64_N40_B12_penalty_repair,stage3_native_combined552,penalty_repair_local_search,"[0,3,5,7,9,11,13,15,17,19,24,26,28,30,32,38,36,34,22,20,18,16,14,12,10,8,6,4,2,1,21,23,25,27,29,31,33,35,37,39]","0,3,5,7,9,11,13,15,17,19,24,26,28,30,32,38,36,34,22,20,18,16,14,12,10,8,6,4,2,1,21,23,25,27,29,31,33,35,37,39",3a8b37da73564a99,True,PASS_TEACHER_FIELDS_EXTRACTED,5.201993008085992e-05,0.1536578088998794,582291392.0,579927552.0,,,False,5.0,0.021739130434782608,True,True,61.0,0.26521739130434785,False,False,93.0,0.4043478260869565,False,False,157.0,0.6826086956521739,False,False,5.0,0.021739130434782608,True,True,1.7,0.902882096069869,1.0,5.0,0.8732039882772362,4.5779268475598656e-05,"(np.float64(4.5779268475598656e-05), np.float64(0.1553586423397064), np.float64(581956288.0))"
40,S3R54CAL64_N40_B13_penalty_repair,stage3_native_combined552,penalty_repair_local_search,"[0,3,5,7,9,11,13,15,17,19,32,38,36,34,30,28,26,24,22,20,18,16,14,12,10,8,6,4,2,1,21,23,25,27,29,31,33,35,37,39]","0,3,5,7,9,11,13,15,17,19,32,38,36,34,30,28,26,24,22,20,18,16,14,12,10,8,6,4,2,1,21,23,25,27,29,31,33,35,37,39",7e27767d6ecc1c1c,True,PASS_TEACHER_FIELDS_EXTRACTED,7.475083111785352e-05,0.1534562110900879,582014272.0,579927552.0,,,False,44.0,0.19130434782608696,False,True,48.0,0.20869565217391303,False,True,50.0,0.21739130434782608,False,True,157.0,0.6826086956521739,False,False,44.0,0.19130434782608696,False,True,1.0622270742358078,0.806637554585153,1.0,44.0,0.539010241818211,4.5779268475598656e-05,"(np.float64(4.5779268475598656e-05), np.float64(0.1553586423397064), np.float64(581956288.0))"
40,S3R54CAL64_N40_B14_penalty_repair,stage3_native_combined552,penalty_repair_local_search,"[0,3,5,7,9,11,13,15,17,19,38,36,34,32,30,28,26,24,22,20,18,16,14,12,10,8,6,4,2,1,21,23,25,27,29,31,33,35,37,39]","0,3,5,7,9,11,13,15,17,19,38,36,34,32,30,28,26,24,22,20,18,16,14,12,10,8,6,4,2,1,21,23,25,27,29,31,33,35,37,39",794b6cdf46f75221,True,PASS_TEACHER_FIELDS_EXTRACTED,7.798989645380061e-05,0.1534222960472107,582003392.0,579926528.0,,,False,54.0,0.23478260869565218,False,True,42.0,0.1826086956521739,False,True,35.0,0.15217391304347827,False,True,69.0,0.3,False,False,55.0,0.2391304347826087,False,True,1.0141921397379914,0.7856768558951965,1.0,54.0,0.49650192785889913,4.5779268475598656e-05,"(np.float64(4.5779268475598656e-05), np.float64(0.1553586423397064), np.float64(581956288.0))"
40,S3R54CAL64_N40_B15_two_stage_repair,stage3_native_combined552,two_stage_penalty_repair,"[0,2,4,6,8,10,12,14,16,18,20,22,24,26,28,30,32,38,36,34,19,17,15,13,11,9,7,5,3,1,21,23,25,27,29,31,33,35,37,39]","0,2,4,6,8,10,12,14,16,18,20,22,24,26,28,30,32,38,36,34,19,17,15,13,11,9,7,5,3,1,21,23,25,27,29,31,33,35,37,39",857f02f48883c96c,True,PASS_TEACHER_FIELDS_EXTRACTED,6.592716817976907e-05,0.1567461341619491,582151488.0,579926528.0,,,False,29.0,0.12608695652173912,False,True,106.0,0.4608695652173913,False,False,74.0,0.3217391304347826,False,False,69.0,0.3,False,False,29.0,0.12608695652173912,False,True,1.1277292576419216,0.7947598253275109,1.0,29.0,0.6465866715892767,4.5779268475598656e-05,"(np.float64(4.5779268475598656e-05), np.float64(0.1553586423397064), np.float64(581956288.0))"
40,S3R54CAL64_N40_B16_two_stage_repair,stage3_native_combined552,two_stage_penalty_repair,"[21,23,5,7,9,11,13,15,17,19,34,36,38,32,30,28,26,24,22,20,18,16,14,12,10,8,6,4,2,1,0,3,25,27,29,31,33,35,37,39]","21,23,5,7,9,11,13,15,17,19,34,36,38,32,30,28,26,24,22,20,18,16,14,12,10,8,6,4,2,1,0,3,25,27,29,31,33,35,37,39",4cae344dba6cc65d,True,PASS_TEACHER_FIELDS_EXTRACTED,0.000125179749375,0.1606610417366027,583773440.0,579927680.0,,,False,97.0,0.4217391304347826,False,False,144.0,0.6260869565217392,False,False,143.0,0.6217391304347826,False,False,202.0,0.8782608695652174,False,False,97.0,0.4217391304347826,False,False,0.5807860262008734,0.3051004366812227,0.0,97.0,0.20180582212940118,4.5779268475598656e-05,"(np.float64(4.5779268475598656e-05), np.float64(0.1553586423397064), np.float64(581956288.0))"
40,S3R54CAL64_N40_B17_two_stage_repair,stage3_native_combined552,two_stage_penalty_repair,"[0,3,5,7,9,11,13,15,17,19,34,36,38,32,30,28,26,12,14,16,18,20,22,24,10,8,6,4,2,1,21,23,25,27,29,31,33,35,37,39]","0,3,5,7,9,11,13,15,17,19,34,36,38,32,30,28,26,12,14,16,18,20,22,24,10,8,6,4,2,1,21,23,25,27,29,31,33,35,37,39",bcf3f2b6d63dfc56,True,PASS_TEACHER_FIELDS_EXTRACTED,0.0001644424960431,0.1605370342731475,583591296.0,579927488.0,,,False,116.0,0.5043478260869565,False,False,141.0,0.6130434782608696,False,False,137.0,0.5956521739130435,False,False,138.0,0.6,False,False,116.0,0.5043478260869565,False,False,0.49781659388646293,0.23211353711790397,0.0,116.0,0.15365853658536582,4.5779268475598656e-05,"(np.float64(4.5779268475598656e-05), np.float64(0.1553586423397064), np.float64(581956288.0))"
40,S3R54CAL64_N40_B18_two_stage_repair,stage3_native_combined552,two_stage_penalty_repair,"[0,3,5,7,9,11,13,15,17,19,34,36,38,32,30,28,26,24,22,20,18,16,14,12,10,8,6,4,2,1,21,35,33,31,29,27,25,23,37,39]","0,3,5,7,9,11,13,15,17,19,34,36,38,32,30,28,26,24,22,20,18,16,14,12,10,8,6,4,2,1,21,35,33,31,29,27,25,23,37,39",dcc63a708a9cbedb,True,PASS_TEACHER_FIELDS_EXTRACTED,0.0001058120724337,0.1622970104217529,583447552.0,579926336.0,,,False,82.0,0.3565217391304348,False,False,160.0,0.6956521739130435,False,False,130.0,0.5652173913043478,False,False,54.0,0.23478260869565218,False,True,82.0,0.3565217391304348,False,False,0.6462882096069869,0.3170655021834061,0.0,82.0,0.29435424877638583,4.5779268475598656e-05,"(np.float64(4.5779268475598656e-05), np.float64(0.1553586423397064), np.float64(581956288.0))"
40,S3R54CAL64_N40_B19_two_stage_repair,stage3_native_combined552,two_stage_penalty_repair,"[0,3,5,7,9,11,13,15,17,19,34,36,38,32,30,28,26,24,22,20,18,16,14,12,10,8,6,4,2,1,21,23,37,35,33,31,29,27,25,39]","0,3,5,7,9,11,13,15,17,19,34,36,38,32,30,28,26,24,22,20,18,16,14,12,10,8,6,4,2,1,21,23,37,35,33,31,29,27,25,39",d552f2e388f20f60,True,PASS_TEACHER_FIELDS_EXTRACTED,9.800339103094302e-05,0.1614513993263244,583637120.0,579927488.0,,,False,80.0,0.34782608695652173,False,False,152.0,0.6608695652173913,False,False,140.0,0.6086956521739131,False,False,138.0,0.6,False,False,80.0,0.34782608695652173,False,False,0.6550218340611353,0.3275109170305677,0.0,80.0,0.33224118040153694,4.5779268475598656e-05,"(np.float64(4.5779268475598656e-05), np.float64(0.1553586423397064), np.float64(581956288.0))"
40,S3R54CAL64_N40_B20_median_guard,stage3_native_combined552,median_guard_repair,"[0,3,5,7,9,11,13,15,17,19,32,36,38,34,30,28,26,24,22,20,18,16,14,12,10,8,6,4,2,1,21,23,25,27,29,31,33,35,37,39]","0,3,5,7,9,11,13,15,17,19,32,36,38,34,30,28,26,24,22,20,18,16,14,12,10,8,6,4,2,1,21,23,25,27,29,31,33,35,37,39",9bee7dd6ed4f87d6,True,PASS_TEACHER_FIELDS_EXTRACTED,7.712033402640373e-05,0.1534606963396072,582015488.0,579927552.0,,,False,53.0,0.23043478260869565,False,True,50.0,0.21739130434782608,False,True,52.0,0.22608695652173913,False,True,157.0,0.6826086956521739,False,False,53.0,0.23043478260869565,False,True,1.0229257641921397,0.7758951965065503,1.0,53.0,0.5048277875421295,4.5779268475598656e-05,"(np.float64(4.5779268475598656e-05), np.float64(0.1553586423397064), np.float64(581956288.0))"
40,S3R54CAL64_N40_B21_median_guard,stage3_native_combined552,median_guard_repair,"[0,3,5,7,9,11,13,15,33,35,34,36,38,32,30,28,26,24,22,20,18,16,14,12,10,8,6,4,2,1,21,23,25,27,29,31,17,19,37,39]","0,3,5,7,9,11,13,15,33,35,34,36,38,32,30,28,26,24,22,20,18,16,14,12,10,8,6,4,2,1,21,23,25,27,29,31,17,19,37,39",6fa55e0d9635569f,True,PASS_TEACHER_FIELDS_EXTRACTED,0.000113812845484,0.1606870144605636,583616768.0,579925888.0,,,False,90.0,0.391304347826087,False,False,145.0,0.6304347826086957,False,False,138.0,0.6,False,False,28.0,0.12173913043478261,False,True,90.0,0.391304347826087,False,False,0.611353711790393,0.31633187772925764,0.0,90.0,0.2502816592188299,4.5779268475598656e-05,"(np.float64(4.5779268475598656e-05), np.float64(0.1553586423397064), np.float64(581956288.0))"
40,S3R54CAL64_N40_B22_median_guard,stage3_native_combined552,no_penalty_worse_than_median,"[0,3,5,7,9,11,13,15,17,19,30,32,38,36,34,28,26,24,22,20,18,16,14,12,10,8,6,4,2,1,21,23,25,27,29,31,33,35,37,39]","0,3,5,7,9,11,13,15,17,19,30,32,38,36,34,28,26,24,22,20,18,16,14,12,10,8,6,4,2,1,21,23,25,27,29,31,33,35,37,39",bb192ef74ede230e,True,PASS_TEACHER_FIELDS_EXTRACTED,8.270690887002274e-05,0.1535167694091797,582035264.0,579927552.0,,,False,63.0,0.27391304347826084,False,False,57.0,0.24782608695652175,False,True,58.0,0.25217391304347825,False,True,157.0,0.6826086956521739,False,False,63.0,0.27391304347826084,False,False,0.7292576419213974,0.7362445414847161,0.0,63.0,0.4476583648367296,4.5779268475598656e-05,"(np.float64(4.5779268475598656e-05), np.float64(0.1553586423397064), np.float64(581956288.0))"
40,S3R54CAL64_N40_B23_median_guard,stage3_native_combined552,no_penalty_worse_than_median,"[0,3,5,7,9,11,13,15,17,19,34,36,38,32,30,28,10,12,14,16,18,20,22,24,26,8,6,4,2,1,21,23,25,27,29,31,33,35,37,39]","0,3,5,7,9,11,13,15,17,19,34,36,38,32,30,28,10,12,14,16,18,20,22,24,26,8,6,4,2,1,21,23,25,27,29,31,33,35,37,39",e93e6d3b1dd6fa34,True,PASS_TEACHER_FIELDS_EXTRACTED,0.0001642787638047,0.1633699685335159,583301184.0,579927488.0,,,False,115.0,0.5,False,False,171.0,0.7434782608695653,False,False,124.0,0.5391304347826087,False,False,138.0,0.6,False,False,115.0,0.5,False,False,0.5021834061135371,0.25039301310043666,0.0,115.0,0.15536585365853656,4.5779268475598656e-05,"(np.float64(4.5779268475598656e-05), np.float64(0.1553586423397064), np.float64(581956288.0))"
40,S3R54CAL64_N40_B24_peeq_repair,stage3_native_combined552,PEEQ_repair_candidates,"[0,2,4,6,8,10,12,14,16,18,20,22,24,26,28,30,38,36,34,32,25,23,21,1,3,5,7,9,11,13,15,17,19,27,29,31,33,35,37,39]","0,2,4,6,8,10,12,14,16,18,20,22,24,26,28,30,38,36,34,32,25,23,21,1,3,5,7,9,11,13,15,17,19,27,29,31,33,35,37,39",004f27d4188b8bed,True,PASS_TEACHER_FIELDS_EXTRACTED,0.0001068835699697,0.1567571014165878,588630144.0,579926336.0,,,False,84.0,0.3652173913043478,False,False,107.0,0.4652173913043478,False,False,214.0,0.9304347826086956,False,False,54.0,0.23478260869565218,False,True,84.0,0.3652173913043478,False,False,0.6375545851528384,0.5720524017467248,0.0,84.0,0.2866023706419425,4.5779268475598656e-05,"(np.float64(4.5779268475598656e-05), np.float64(0.1553586423397064), np.float64(581956288.0))"
40,S3R54CAL64_N40_B25_peeq_repair,stage3_native_combined552,PEEQ_repair_candidates,"[0,2,4,6,8,10,12,14,16,18,20,22,24,26,28,30,34,36,38,32,19,17,15,13,11,9,7,5,3,1,21,23,25,27,29,31,33,35,37,39]","0,2,4,6,8,10,12,14,16,18,20,22,24,26,28,30,34,36,38,32,19,17,15,13,11,9,7,5,3,1,21,23,25,27,29,31,33,35,37,39",756d257d4fc4a97e,True,PASS_TEACHER_FIELDS_EXTRACTED,6.054474761185702e-05,0.1532502472400665,582142144.0,579926592.0,,,False,21.0,0.09130434782608696,True,True,40.0,0.17391304347826086,False,True,71.0,0.30869565217391304,False,False,95.0,0.41304347826086957,False,False,21.0,0.09130434782608696,True,True,1.7,0.8786026200873364,1.0,21.0,0.7219765309793353,4.5779268475598656e-05,"(np.float64(4.5779268475598656e-05), np.float64(0.1553586423397064), np.float64(581956288.0))"
40,S3R54CAL64_N40_B26_peeq_repair,stage3_native_combined552,PEEQ_repair_candidates,"[0,2,4,6,8,10,12,14,16,18,20,22,24,26,28,30,38,36,34,32,19,17,15,13,11,9,7,5,3,1,21,23,25,27,29,31,33,35,39,37]","0,2,4,6,8,10,12,14,16,18,20,22,24,26,28,30,38,36,34,32,19,17,15,13,11,9,7,5,3,1,21,23,25,27,29,31,33,35,39,37",4e0729e51fe550aa,True,PASS_TEACHER_FIELDS_EXTRACTED,5.909591800445924e-05,0.1578762680292129,582176256.0,579927552.0,,,False,18.0,0.0782608695652174,True,True,115.0,0.5,False,False,81.0,0.3521739130434783,False,False,157.0,0.6826086956521739,False,False,18.0,0.0782608695652174,True,True,1.7,0.8190393013100435,1.0,18.0,0.7456360266083115,4.5779268475598656e-05,"(np.float64(4.5779268475598656e-05), np.float64(0.1553586423397064), np.float64(581956288.0))"
40,S3R54CAL64_N40_B27_surfacet_repair,stage3_native_combined552,SurfaceT_repair_candidates,"[4,3,5,7,9,11,13,15,17,19,34,36,38,32,30,28,26,24,22,20,18,16,14,12,10,8,6,0,2,1,21,23,25,27,29,31,33,35,37,39]","4,3,5,7,9,11,13,15,17,19,34,36,38,32,30,28,26,24,22,20,18,16,14,12,10,8,6,0,2,1,21,23,25,27,29,31,33,35,37,39",1a11dac530abf492,True,PASS_TEACHER_FIELDS_EXTRACTED,6.181524258863647e-05,0.1653539836406707,582010112.0,579927552.0,,,False,25.0,0.10869565217391304,False,True,189.0,0.8217391304347826,False,False,48.0,0.20869565217391303,False,True,157.0,0.6826086956521739,False,False,25.0,0.10869565217391304,False,True,1.1451965065502183,0.3903056768558952,1.0,25.0,0.6996065922785555,4.5779268475598656e-05,"(np.float64(4.5779268475598656e-05), np.float64(0.1553586423397064), np.float64(581956288.0))"
40,S3R54CAL64_N40_B28_surfacet_repair,stage3_native_combined552,SurfaceT_repair_candidates,"[0,4,6,8,10,12,14,16,18,20,22,24,26,28,30,32,38,36,34,19,17,15,13,11,9,7,5,3,2,1,21,23,25,27,29,31,33,35,37,39]","0,4,6,8,10,12,14,16,18,20,22,24,26,28,30,32,38,36,34,19,17,15,13,11,9,7,5,3,2,1,21,23,25,27,29,31,33,35,37,39",43b56139384651bd,True,PASS_TEACHER_FIELDS_EXTRACTED,9.79098167590564e-05,0.1620165407657623,582643968.0,579927488.0,,,False,79.0,0.34347826086956523,False,False,158.0,0.6869565217391305,False,False,107.0,0.4652173913043478,False,False,138.0,0.6,False,False,79.0,0.34347826086956523,False,False,0.6593886462882096,0.324,0.0,79.0,0.334394932195983,4.5779268475598656e-05,"(np.float64(4.5779268475598656e-05), np.float64(0.1553586423397064), np.float64(581956288.0))"
40,S3R54CAL64_N40_B29_mises_repair,stage3_native_combined552,Mises_repair_candidates,"[0,3,5,7,9,11,13,15,17,31,29,27,25,23,21,1,2,4,6,8,10,12,14,16,18,20,22,24,26,28,30,32,38,36,34,19,33,35,37,39]","0,3,5,7,9,11,13,15,17,31,29,27,25,23,21,1,2,4,6,8,10,12,14,16,18,20,22,24,26,28,30,32,38,36,34,19,33,35,37,39",9aa7de7099d97a4a,True,PASS_TEACHER_FIELDS_EXTRACTED,7.512102820328437e-05,0.1708219796419143,584285056.0,579927616.0,,,False,45.0,0.1956521739130435,False,True,207.0,0.9,False,False,156.0,0.6782608695652174,False,False,196.0,0.8521739130434782,False,False,45.0,0.1956521739130435,False,True,1.0578602620087336,0.34,1.0,45.0,0.5342848895883077,4.5779268475598656e-05,"(np.float64(4.5779268475598656e-05), np.float64(0.1553586423397064), np.float64(581956288.0))"
40,S3R54CAL64_N40_B30_mises_repair,stage3_native_combined552,Mises_repair_candidates,"[0,3,5,7,9,11,13,15,17,19,34,36,38,32,30,28,26,24,22,20,6,8,10,12,14,16,18,4,2,1,21,23,25,27,29,31,33,35,37,39]","0,3,5,7,9,11,13,15,17,19,34,36,38,32,30,28,26,24,22,20,6,8,10,12,14,16,18,4,2,1,21,23,25,27,29,31,33,35,37,39",c13a0c998197d081,True,PASS_TEACHER_FIELDS_EXTRACTED,9.046977720572612e-05,0.1577862650156021,584389376.0,579926464.0,,,False,71.0,0.30869565217391304,False,False,112.0,0.48695652173913045,False,False,160.0,0.6956521739130435,False,False,61.0,0.26521739130434785,False,False,71.0,0.30869565217391304,False,False,0.6943231441048034,0.6274235807860261,0.0,71.0,0.3865050615746989,4.5779268475598656e-05,"(np.float64(4.5779268475598656e-05), np.float64(0.1553586423397064), np.float64(581956288.0))"
40,S3R54CAL64_N40_B31_uncertainty,stage3_native_combined552,uncertainty_calibration,"[0,3,5,7,9,11,13,15,17,19,28,30,32,38,36,34,26,24,22,20,18,16,14,12,10,8,6,4,2,1,21,23,25,27,29,31,33,35,37,39]","0,3,5,7,9,11,13,15,17,19,28,30,32,38,36,34,26,24,22,20,18,16,14,12,10,8,6,4,2,1,21,23,25,27,29,31,33,35,37,39",c4fe9646ff35430c,True,PASS_TEACHER_FIELDS_EXTRACTED,8.985026943264529e-05,0.1534765511751175,582080192.0,579927552.0,,,False,70.0,0.30434782608695654,False,False,52.0,0.22608695652173913,False,True,63.0,0.27391304347826084,False,False,157.0,0.6826086956521739,False,False,70.0,0.30434782608695654,False,False,0.6986899563318778,0.7168558951965066,0.0,70.0,0.39170131224613336,4.5779268475598656e-05,"(np.float64(4.5779268475598656e-05), np.float64(0.1553586423397064), np.float64(581956288.0))"
40,S3R54CAL64_N40_B32_diversity,stage3_native_combined552,diversity_coverage,"[37,34,31,28,25,22,19,16,13,10,7,4,1,38,35,32,29,26,23,20,17,14,11,8,5,2,39,36,33,30,27,24,21,18,15,12,9,6,3,0]","37,34,31,28,25,22,19,16,13,10,7,4,1,38,35,32,29,26,23,20,17,14,11,8,5,2,39,36,33,30,27,24,21,18,15,12,9,6,3,0",725d33d93597de65,True,PASS_TEACHER_FIELDS_EXTRACTED,0.0005840099597662,0.1480723470449447,583950720.0,579927104.0,,,False,171.0,0.7434782608695653,False,False,4.0,0.017391304347826087,True,True,149.0,0.6478260869565218,False,False,124.0,0.5391304347826087,False,False,171.0,0.7434782608695653,False,False,0.25764192139737996,0.2743231441048035,0.0,149.0,0.09731707317073171,4.5779268475598656e-05,"(np.float64(4.5779268475598656e-05), np.float64(0.1553586423397064), np.float64(581956288.0))"
24,S3R59N40PR40_N24_B01_n24_diversity,stage3_native_combined552,N24_diversity_coverage,"[1,6,11,16,21,2,7,12,17,22,3,8,13,18,23,4,9,14,19,0,5,10,15,20]","1,6,11,16,21,2,7,12,17,22,3,8,13,18,23,4,9,14,19,0,5,10,15,20",e0e1ba69329bec9f,True,PASS_TEACHER_FIELDS_EXTRACTED,0.0005571060927422,0.1560344099998474,582798720.0,579942912.0,,,False,211.0,0.985981308411215,False,False,80.0,0.37383177570093457,False,False,125.0,0.5841121495327103,False,False,3.0,0.014018691588785047,True,True,211.0,0.985981308411215,False,False,0.014084507042253502,0.06676056338028168,0.0,187.0,0.005555555555555574,2.9523077955673216e-05,"(np.float64(2.9523077955673216e-05), np.float64(0.1587531119585037), np.float64(582666368.0))"
24,S3R59N40PR40_N24_B02_n24_penalty,stage3_native_combined552,N24_penalty_repair_diagnostic,"[22,17,15,13,9,5,7,3,1,11,19,21,23,0,2,4,6,10,8,12,14,16,18,20]","22,17,15,13,9,5,7,3,1,11,19,21,23,0,2,4,6,10,8,12,14,16,18,20",f957b5762108e291,True,PASS_TEACHER_FIELDS_EXTRACTED,5.120022228766175e-05,0.1552595496177673,581886656.0,579943616.0,,,False,38.0,0.17757009345794392,False,True,64.0,0.29906542056074764,False,False,46.0,0.21495327102803738,False,True,63.0,0.29439252336448596,False,False,38.0,0.17757009345794392,False,True,1.0762910798122065,0.7988732394366197,1.0,38.0,0.5081015943747744,2.9523077955673216e-05,"(np.float64(2.9523077955673216e-05), np.float64(0.1587531119585037), np.float64(582666368.0))"
24,S3R59N40PR40_N24_B03_n24_penalty,stage3_native_combined552,N24_penalty_repair_diagnostic,"[22,17,15,13,9,7,3,5,1,11,19,21,23,0,2,4,6,8,12,10,14,16,18,20]","22,17,15,13,9,7,3,5,1,11,19,21,23,0,2,4,6,8,12,10,14,16,18,20",c813a3795568c13e,True,PASS_TEACHER_FIELDS_EXTRACTED,4.353990880190395e-05,0.1583101451396942,581887232.0,579943616.0,,,False,23.0,0.10747663551401869,False,True,131.0,0.6121495327102804,False,False,47.0,0.21962616822429906,False,True,63.0,0.29439252336448596,False,False,23.0,0.10747663551401869,False,True,1.146713615023474,0.43303286384976525,1.0,23.0,0.6373286160417018,2.9523077955673216e-05,"(np.float64(2.9523077955673216e-05), np.float64(0.1587531119585037), np.float64(582666368.0))"
24,S3R59N40PR40_N24_B04_n24_sentinel,stage3_native_combined552,N24_sentinel_control,"[0,1,2,3,4,5,6,7,8,9,10,11,12,13,14,15,16,17,18,19,20,21,22,23]","0,1,2,3,4,5,6,7,8,9,10,11,12,13,14,15,16,17,18,19,20,21,22,23",1285a2fd4be5bc11,True,PASS_TEACHER_FIELDS_EXTRACTED,0.0005523721708868,0.1892502903938293,587159872.0,579944256.0,,,False,208.0,0.9719626168224299,False,False,212.0,0.9906542056074766,False,False,204.0,0.9532710280373832,False,False,118.0,0.5514018691588785,False,False,209.0,0.9766355140186916,False,False,0.023474178403755874,0.011999999999999988,0.0,184.0,0.01111111111111111,2.9523077955673216e-05,"(np.float64(2.9523077955673216e-05), np.float64(0.1587531119585037), np.float64(582666368.0))"
24,S3R59N40PR40_N24_B05_n24_maint,stage3_native_combined552,N24_u2_reward_maintenance,"[22,21,19,11,1,3,5,7,9,13,15,17,23,0,10,12,6,8,2,4,14,16,18,20]","22,21,19,11,1,3,5,7,9,13,15,17,23,0,10,12,6,8,2,4,14,16,18,20",ca3ea4f9584d6dd0,True,PASS_TEACHER_FIELDS_EXTRACTED,0.0001478826186485,0.1537696421146392,581987584.0,579944256.0,,,False,151.0,0.705607476635514,False,False,37.0,0.17289719626168223,False,True,66.0,0.308411214953271,False,False,118.0,0.5514018691588785,False,False,151.0,0.705607476635514,False,False,0.295774647887324,0.28774647887323945,0.0,136.0,0.09999999999999999,2.9523077955673216e-05,"(np.float64(2.9523077955673216e-05), np.float64(0.1587531119585037), np.float64(582666368.0))"
24,S3R59N40PR40_N24_B06_n24_maint,stage3_native_combined552,N24_u2_reward_maintenance,"[22,21,19,11,1,3,5,7,9,13,15,17,23,0,2,4,14,16,10,12,6,8,18,20]","22,21,19,11,1,3,5,7,9,13,15,17,23,0,2,4,14,16,10,12,6,8,18,20",3a1f8675972559a5,True,PASS_TEACHER_FIELDS_EXTRACTED,0.0001314417468165,0.1638735681772232,583407360.0,579943360.0,,,False,140.0,0.6542056074766355,False,False,186.0,0.8691588785046729,False,False,154.0,0.719626168224299,False,False,16.0,0.07476635514018691,True,True,140.0,0.6542056074766355,False,False,0.3474178403755869,0.14940845070422537,0.0,134.0,0.10370370370370369,2.9523077955673216e-05,"(np.float64(2.9523077955673216e-05), np.float64(0.1587531119585037), np.float64(582666368.0))"
24,S3R59N40PR40_N24_B07_n24_maint,stage3_native_combined552,N24_u2_reward_maintenance,"[22,21,19,11,1,3,5,7,15,13,9,17,23,0,2,4,10,8,6,12,14,16,18,20]","22,21,19,11,1,3,5,7,15,13,9,17,23,0,2,4,10,8,6,12,14,16,18,20",23cf60e76bb66347,True,PASS_TEACHER_FIELDS_EXTRACTED,9.493010861660878e-05,0.162030279636383,582790336.0,579943552.0,,,False,115.0,0.5373831775700935,False,False,169.0,0.7897196261682243,False,False,123.0,0.5747663551401869,False,False,33.0,0.1542056074766355,False,True,115.0,0.5373831775700935,False,False,0.46478873239436624,0.2030704225352113,0.0,114.0,0.14074074074074072,2.9523077955673216e-05,"(np.float64(2.9523077955673216e-05), np.float64(0.1587531119585037), np.float64(582666368.0))"
24,S3R59N40PR40_N24_B08_n24_uncertainty,stage3_native_combined552,N24_uncertainty_calibration,"[22,20,15,13,9,7,5,3,1,11,19,21,23,0,4,2,6,8,10,12,14,16,18,17]","22,20,15,13,9,7,5,3,1,11,19,21,23,0,4,2,6,8,10,12,14,16,18,17",173735b4864ea3a7,True,PASS_TEACHER_FIELDS_EXTRACTED,8.273991306850803e-05,0.1774685978889465,581879872.0,579943488.0,,,False,101.0,0.4719626168224299,False,False,207.0,0.9672897196261683,False,False,44.0,0.205607476635514,False,True,24.0,0.11214953271028037,False,True,101.0,0.4719626168224299,False,False,0.5305164319248826,0.21665727699530518,0.0,101.0,0.17163266560501722,2.9523077955673216e-05,"(np.float64(2.9523077955673216e-05), np.float64(0.1587531119585037), np.float64(582666368.0))"
24,S3R59N40PR40_N24_B09_n24_diversity,stage3_native_combined552,N24_diversity_coverage,"[21,14,7,0,17,10,3,20,13,6,23,16,9,2,19,12,5,22,15,8,1,18,11,4]","21,14,7,0,17,10,3,20,13,6,23,16,9,2,19,12,5,22,15,8,1,18,11,4",c8e65c9c58288448,True,PASS_TEACHER_FIELDS_EXTRACTED,0.0003836987480099,0.1492166519165039,581968448.0,579943936.0,,,False,195.0,0.9112149532710281,False,False,1.0,0.004672897196261682,True,True,63.0,0.29439252336448596,False,False,91.0,0.4252336448598131,False,False,195.0,0.9112149532710281,False,False,0.08920187793427226,0.15422535211267602,0.0,171.0,0.0351851851851852,2.9523077955673216e-05,"(np.float64(2.9523077955673216e-05), np.float64(0.1587531119585037), np.float64(582666368.0))"
24,S3R59N40PR40_N24_B10_n24_penalty,stage3_native_combined552,N24_penalty_repair_diagnostic,"[22,14,12,10,8,6,4,2,0,23,21,19,11,1,3,5,7,9,13,15,17,16,18,20]","22,14,12,10,8,6,4,2,0,23,21,19,11,1,3,5,7,9,13,15,17,16,18,20",fcbafd8c402f16e8,True,PASS_TEACHER_FIELDS_EXTRACTED,0.0001191965059206,0.1768487840890884,582971264.0,579943552.0,,,False,132.0,0.616822429906542,False,False,206.0,0.9626168224299065,False,False,129.0,0.602803738317757,False,False,33.0,0.1542056074766355,False,True,132.0,0.616822429906542,False,False,0.38497652582159625,0.15583098591549296,0.0,131.0,0.10925925925925926,2.9523077955673216e-05,"(np.float64(2.9523077955673216e-05), np.float64(0.1587531119585037), np.float64(582666368.0))"
24,S3R59N40PR40_N24_B11_n24_penalty,stage3_native_combined552,N24_penalty_repair_diagnostic,"[12,10,8,6,4,2,0,23,21,19,11,1,3,5,7,9,13,15,17,22,14,16,18,20]","12,10,8,6,4,2,0,23,21,19,11,1,3,5,7,9,13,15,17,22,14,16,18,20",5cede58a8d3359de,True,PASS_TEACHER_FIELDS_EXTRACTED,0.0001428459177077,0.1672333478927612,583388352.0,579943744.0,,,False,147.0,0.6869158878504673,False,False,196.0,0.9158878504672897,False,False,153.0,0.7149532710280374,False,False,82.0,0.38317757009345793,False,False,147.0,0.6869158878504673,False,False,0.3145539906103286,0.13216901408450704,0.0,135.0,0.10185185185185186,2.9523077955673216e-05,"(np.float64(2.9523077955673216e-05), np.float64(0.1587531119585037), np.float64(582666368.0))"
24,S3R59N40PR40_N24_B12_n24_maint,stage3_native_combined552,N24_u2_reward_maintenance,"[10,8,6,4,2,0,23,17,15,13,9,7,5,3,1,11,19,21,22,12,14,16,18,20]","10,8,6,4,2,0,23,17,15,13,9,7,5,3,1,11,19,21,22,12,14,16,18,20",b00cd524dca86995,True,PASS_TEACHER_FIELDS_EXTRACTED,0.0001125989701904,0.1554912030696869,582126336.0,579944832.0,,,False,128.0,0.5981308411214953,False,False,67.0,0.3130841121495327,False,False,77.0,0.3598130841121495,False,False,209.0,0.9766355140186916,False,False,128.0,0.5981308411214953,False,False,0.403755868544601,0.35281690140845073,0.0,127.0,0.11666666666666667,2.9523077955673216e-05,"(np.float64(2.9523077955673216e-05), np.float64(0.1587531119585037), np.float64(582666368.0))"
24,S3R59N40PR40_N24_B13_n24_maint,stage3_native_combined552,N24_u2_reward_maintenance,"[14,12,10,8,6,4,2,0,23,17,15,13,9,7,5,3,1,11,19,21,22,16,18,20]","14,12,10,8,6,4,2,0,23,17,15,13,9,7,5,3,1,11,19,21,22,16,18,20",44dcaacdbad42f7f,True,PASS_TEACHER_FIELDS_EXTRACTED,9.104845275942353e-05,0.1580812186002731,581617920.0,579943872.0,,,True,112.0,0.5233644859813084,False,False,127.0,0.5934579439252337,False,False,22.0,0.102803738317757,True,True,89.0,0.4158878504672897,False,False,112.0,0.5233644859813084,False,False,0.47887323943661975,0.0,0.0,112.0,0.0,2.9523077955673216e-05,"(np.float64(2.9523077955673216e-05), np.float64(0.1587531119585037), np.float64(582666368.0))"
24,S3R59N40PR40_N24_B14_n24_maint,stage3_native_combined552,N24_u2_reward_maintenance,"[20,18,16,14,12,10,8,6,4,2,0,23,17,15,13,9,7,5,3,1,11,19,21,22]","20,18,16,14,12,10,8,6,4,2,0,23,17,15,13,9,7,5,3,1,11,19,21,22",a50a84f9178306d9,True,PASS_TEACHER_FIELDS_EXTRACTED,0.000118070066037,0.157501682639122,582982400.0,579944640.0,,,False,131.0,0.6121495327102804,False,False,118.0,0.5514018691588785,False,False,132.0,0.616822429906542,False,False,188.0,0.8785046728971962,False,False,131.0,0.6121495327102804,False,False,0.3896713615023474,0.19487323943661972,0.0,130.0,0.11111111111111109,2.9523077955673216e-05,"(np.float64(2.9523077955673216e-05), np.float64(0.1587531119585037), np.float64(582666368.0))"
24,S3R59N40PR40_N24_B15_n24_maint,stage3_native_combined552,N24_u2_reward_maintenance,"[8,6,4,2,0,23,17,15,13,9,7,5,3,1,11,19,21,22,10,12,14,16,18,20]","8,6,4,2,0,23,17,15,13,9,7,5,3,1,11,19,21,22,10,12,14,16,18,20",8a0e6e8eb4faa391,True,PASS_TEACHER_FIELDS_EXTRACTED,0.0001111758224396,0.1559894531965255,582886080.0,579944576.0,,,False,126.0,0.5887850467289719,False,False,77.0,0.3598130841121495,False,False,127.0,0.5934579439252337,False,False,179.0,0.8364485981308412,False,False,126.0,0.5887850467289719,False,False,0.41314553990610325,0.3553521126760563,0.0,125.0,0.12037037037037038,2.9523077955673216e-05,"(np.float64(2.9523077955673216e-05), np.float64(0.1587531119585037), np.float64(582666368.0))"
24,S3R59N40PR40_N24_B16_n24_uncertainty,stage3_native_combined552,N24_uncertainty_calibration,"[22,17,15,13,9,20,18,16,14,12,10,8,6,4,2,0,23,21,19,11,1,3,5,7]","22,17,15,13,9,20,18,16,14,12,10,8,6,4,2,0,23,21,19,11,1,3,5,7",6ed85c81881004c9,True,PASS_TEACHER_FIELDS_EXTRACTED,0.0001070608966529,0.1637184023857116,582191552.0,579943680.0,,,False,124.0,0.5794392523364486,False,False,184.0,0.8598130841121495,False,False,80.0,0.37383177570093457,False,False,79.0,0.3691588785046729,False,False,124.0,0.5794392523364486,False,False,0.4225352112676056,0.18000000000000002,0.0,123.0,0.12407407407407407,2.9523077955673216e-05,"(np.float64(2.9523077955673216e-05), np.float64(0.1587531119585037), np.float64(582666368.0))"
40,S3R59N40PR40_N40_B01_n40_mises_repair,stage3_native_combined552,N40_Mises_repair_candidates,"[0,2,5,7,9,11,13,15,17,19,34,36,39,37,35,33,31,29,27,25,23,21,1,3,4,6,8,10,12,14,16,18,20,22,24,26,28,30,32,38]","0,2,5,7,9,11,13,15,17,19,34,36,39,37,35,33,31,29,27,25,23,21,1,3,4,6,8,10,12,14,16,18,20,22,24,26,28,30,32,38",00587a1d85d9349a,True,PASS_TEACHER_FIELDS_EXTRACTED,0.0002089603531203,0.1649283170700073,589684288.0,579926976.0,,,False,137.0,0.5956521739130435,False,False,185.0,0.8043478260869565,False,False,219.0,0.9521739130434783,False,False,116.0,0.5043478260869565,False,False,137.0,0.5956521739130435,False,False,0.4061135371179039,0.1785065502183406,0.0,137.0,0.11780487804878047,4.5779268475598656e-05,"(np.float64(4.5779268475598656e-05), np.float64(0.1553586423397064), np.float64(581956288.0))"
40,S3R59N40PR40_N40_B02_n40_peeq_repair,stage3_native_combined552,N40_PEEQ_repair_candidates,"[0,3,5,7,9,11,13,15,17,19,24,26,28,30,32,38,36,34,22,20,18,16,14,12,10,8,6,4,2,1,21,23,25,27,29,31,33,35,39,37]","0,3,5,7,9,11,13,15,17,19,24,26,28,30,32,38,36,34,22,20,18,16,14,12,10,8,6,4,2,1,21,23,25,27,29,31,33,35,39,37",4ec242b7e2c0d850,True,PASS_TEACHER_FIELDS_EXTRACTED,5.727253301301971e-05,0.1554671972990036,582288320.0,579926528.0,,,False,14.0,0.06086956521739131,True,True,91.0,0.39565217391304347,False,False,91.0,0.39565217391304347,False,False,69.0,0.3,False,False,14.0,0.06086956521739131,True,True,1.7,0.8490829694323144,1.0,14.0,0.7771281499074164,4.5779268475598656e-05,"(np.float64(4.5779268475598656e-05), np.float64(0.1553586423397064), np.float64(581956288.0))"
40,S3R59N40PR40_N40_B03_n40_surface_repair,stage3_native_combined552,N40_SurfaceT_repair_candidates,"[0,2,5,7,9,11,13,15,17,19,32,38,36,34,30,28,26,24,22,20,18,16,14,12,10,8,6,4,3,1,21,23,25,27,29,31,33,35,37,39]","0,2,5,7,9,11,13,15,17,19,32,38,36,34,30,28,26,24,22,20,18,16,14,12,10,8,6,4,3,1,21,23,25,27,29,31,33,35,37,39",4f226a89090b6292,True,PASS_TEACHER_FIELDS_EXTRACTED,6.958981612115167e-05,0.1523378044366836,582016128.0,579927488.0,,,False,37.0,0.1608695652173913,False,True,19.0,0.08260869565217391,True,True,53.0,0.23043478260869565,False,True,138.0,0.6,False,False,37.0,0.1608695652173913,False,True,1.0927947598253276,0.8529257641921397,1.0,37.0,0.5963809514998253,4.5779268475598656e-05,"(np.float64(4.5779268475598656e-05), np.float64(0.1553586423397064), np.float64(581956288.0))"
40,S3R59N40PR40_N40_B04_n40_median,stage3_native_combined552,N40_median_guard_repair,"[0,2,5,7,9,11,13,15,17,19,32,36,38,34,30,28,26,24,22,20,18,16,14,12,10,8,6,4,3,1,21,23,25,27,29,31,33,35,37,39]","0,2,5,7,9,11,13,15,17,19,32,36,38,34,30,28,26,24,22,20,18,16,14,12,10,8,6,4,3,1,21,23,25,27,29,31,33,35,37,39",b6cb5add6c320264,True,PASS_TEACHER_FIELDS_EXTRACTED,7.110601291060448e-05,0.1523234695196151,582018816.0,579927488.0,,,False,39.0,0.16956521739130434,False,True,18.0,0.0782608695652174,True,True,55.0,0.2391304347826087,False,True,138.0,0.6,False,False,39.0,0.16956521739130434,False,True,1.084061135371179,0.8468122270742359,1.0,39.0,0.5789390716246885,4.5779268475598656e-05,"(np.float64(4.5779268475598656e-05), np.float64(0.1553586423397064), np.float64(581956288.0))"
40,S3R59N40PR40_N40_B05_n40_median,stage3_native_combined552,N40_median_guard_repair,"[19,17,15,13,11,9,7,5,2,0,34,36,38,32,30,28,26,24,22,20,18,16,14,12,10,8,6,4,3,1,21,23,25,27,29,31,33,35,37,39]","19,17,15,13,11,9,7,5,2,0,34,36,38,32,30,28,26,24,22,20,18,16,14,12,10,8,6,4,3,1,21,23,25,27,29,31,33,35,37,39",de2b5140e851a898,True,PASS_TEACHER_FIELDS_EXTRACTED,9.501385829935316e-05,0.1601337045431137,582205376.0,579926528.0,,,False,77.0,0.3347826086956522,False,False,140.0,0.6086956521739131,False,False,83.0,0.36086956521739133,False,False,69.0,0.3,False,False,77.0,0.3347826086956522,False,False,0.6681222707423581,0.3431790393013101,0.0,77.0,0.35206065312149104,4.5779268475598656e-05,"(np.float64(4.5779268475598656e-05), np.float64(0.1553586423397064), np.float64(581956288.0))"
40,S3R59N40PR40_N40_B06_n40_no_median,stage3_native_combined552,N40_no_penalty_worse_than_median,"[0,2,5,7,9,11,13,15,17,19,28,30,32,38,36,34,26,24,22,20,18,16,14,12,10,8,6,4,3,1,21,23,25,27,29,31,33,35,37,39]","0,2,5,7,9,11,13,15,17,19,28,30,32,38,36,34,26,24,22,20,18,16,14,12,10,8,6,4,3,1,21,23,25,27,29,31,33,35,37,39",239f1dde3c799579,True,PASS_TEACHER_FIELDS_EXTRACTED,8.251216149801621e-05,0.1516209989786148,582085952.0,579927552.0,,,False,62.0,0.26956521739130435,False,False,16.0,0.06956521739130435,True,True,64.0,0.2782608695652174,False,False,157.0,0.6826086956521739,False,False,62.0,0.26956521739130435,False,False,0.7336244541484715,0.7731004366812226,0.0,62.0,0.45067209553389154,4.5779268475598656e-05,"(np.float64(4.5779268475598656e-05), np.float64(0.1553586423397064), np.float64(581956288.0))"
40,S3R59N40PR40_N40_B07_n40_no_median,stage3_native_combined552,N40_no_penalty_worse_than_median,"[0,2,5,7,9,11,13,15,17,19,26,28,30,32,38,36,34,24,22,20,18,16,14,12,10,8,6,4,3,1,21,23,25,27,29,31,33,35,37,39]","0,2,5,7,9,11,13,15,17,19,26,28,30,32,38,36,34,24,22,20,18,16,14,12,10,8,6,4,3,1,21,23,25,27,29,31,33,35,37,39",84e9f4f966bcf19c,True,PASS_TEACHER_FIELDS_EXTRACTED,7.809461021679454e-05,0.153184562921524,582160640.0,579926528.0,,,False,56.0,0.24347826086956523,False,True,39.0,0.16956521739130434,False,True,76.0,0.33043478260869563,False,False,69.0,0.3,False,False,56.0,0.24347826086956523,False,True,1.009825327510917,0.7676855895196506,1.0,56.0,0.4923002239828662,4.5779268475598656e-05,"(np.float64(4.5779268475598656e-05), np.float64(0.1553586423397064), np.float64(581956288.0))"
40,S3R59N40PR40_N40_B08_n40_penalty_repair,stage3_native_combined552,N40_penalty_repair_local_search,"[0,2,5,7,9,11,13,15,17,19,34,36,38,32,30,28,26,24,22,20,18,16,14,12,10,8,6,4,3,1,21,23,25,27,29,31,33,35,39,37]","0,2,5,7,9,11,13,15,17,19,34,36,38,32,30,28,26,24,22,20,18,16,14,12,10,8,6,4,3,1,21,23,25,27,29,31,33,35,39,37",c837f4079b3a3e5b,True,PASS_TEACHER_FIELDS_EXTRACTED,6.476157250290271e-05,0.1527572870254516,582009088.0,579926528.0,,,False,28.0,0.12173913043478261,False,True,24.0,0.10434782608695652,False,True,45.0,0.1956521739130435,False,True,69.0,0.3,False,False,28.0,0.12173913043478261,False,True,1.1320960698689957,0.8796506550218341,1.0,28.0,0.6607918289252726,4.5779268475598656e-05,"(np.float64(4.5779268475598656e-05), np.float64(0.1553586423397064), np.float64(581956288.0))"
40,S3R59N40PR40_N40_B09_n40_penalty_repair,stage3_native_combined552,N40_penalty_repair_local_search,"[0,2,5,7,9,11,13,15,17,19,38,36,34,32,30,28,26,24,22,20,18,16,14,12,10,8,6,4,3,1,21,23,25,27,29,31,33,35,37,39]","0,2,5,7,9,11,13,15,17,19,38,36,34,32,30,28,26,24,22,20,18,16,14,12,10,8,6,4,3,1,21,23,25,27,29,31,33,35,37,39",d23075235a46d076,True,PASS_TEACHER_FIELDS_EXTRACTED,7.3961019552371e-05,0.1534765660762787,582004416.0,579927552.0,,,False,42.0,0.1826086956521739,False,True,53.0,0.23043478260869565,False,True,38.0,0.16521739130434782,False,True,157.0,0.6826086956521739,False,False,42.0,0.1826086956521739,False,True,1.0709606986899565,0.8127510917030567,1.0,42.0,0.5489648108242051,4.5779268475598656e-05,"(np.float64(4.5779268475598656e-05), np.float64(0.1553586423397064), np.float64(581956288.0))"
40,S3R59N40PR40_N40_B10_n40_penalty_repair,stage3_native_combined552,N40_penalty_repair_local_search,"[36,34,19,17,15,13,11,9,7,5,2,0,38,32,30,28,26,24,22,20,18,16,14,12,10,8,6,4,3,1,21,23,25,27,29,31,33,35,37,39]","36,34,19,17,15,13,11,9,7,5,2,0,38,32,30,28,26,24,22,20,18,16,14,12,10,8,6,4,3,1,21,23,25,27,29,31,33,35,37,39",3832a9ba497d7f22,True,PASS_TEACHER_FIELDS_EXTRACTED,0.0001235023337358,0.1647430956363678,582165248.0,579927488.0,,,False,96.0,0.41739130434782606,False,False,183.0,0.7956521739130434,False,False,77.0,0.3347826086956522,False,False,138.0,0.6,False,False,96.0,0.41739130434782606,False,False,0.5851528384279476,0.2727685589519651,0.0,96.0,0.2084802093630136,4.5779268475598656e-05,"(np.float64(4.5779268475598656e-05), np.float64(0.1553586423397064), np.float64(581956288.0))"
40,S3R59N40PR40_N40_B11_n40_penalty_repair,stage3_native_combined552,N40_penalty_repair_local_search,"[0,2,5,7,9,11,13,15,17,19,22,24,26,28,30,32,38,36,34,20,18,16,14,12,10,8,6,4,3,1,21,23,25,27,29,31,33,35,37,39]","0,2,5,7,9,11,13,15,17,19,22,24,26,28,30,32,38,36,34,20,18,16,14,12,10,8,6,4,3,1,21,23,25,27,29,31,33,35,37,39",5505d4051bd3897c,True,PASS_TEACHER_FIELDS_EXTRACTED,8.56483711686451e-05,0.1562725901603698,582451072.0,579927552.0,,,False,67.0,0.29130434782608694,False,False,103.0,0.44782608695652176,False,False,103.0,0.44782608695652176,False,False,157.0,0.6826086956521739,False,False,67.0,0.29130434782608694,False,False,0.7117903930131004,0.6677729257641922,0.0,67.0,0.42181957276243354,4.5779268475598656e-05,"(np.float64(4.5779268475598656e-05), np.float64(0.1553586423397064), np.float64(581956288.0))"
40,S3R59N40PR40_N40_B12_n40_penalty_top,stage3_native_combined552,N40_penalty_repair_top,"[0,2,5,7,9,21,1,3,4,6,8,10,12,14,16,18,20,22,24,26,28,30,32,38,36,34,19,17,15,13,11,23,25,27,29,31,33,35,37,39]","0,2,5,7,9,21,1,3,4,6,8,10,12,14,16,18,20,22,24,26,28,30,32,38,36,34,19,17,15,13,11,23,25,27,29,31,33,35,37,39",8effde4fb1895f8e,True,PASS_TEACHER_FIELDS_EXTRACTED,0.0001891053861982,0.1626538634300232,584486144.0,579927296.0,,,False,125.0,0.5434782608695652,False,False,164.0,0.7130434782608696,False,False,165.0,0.717391304347826,False,False,128.0,0.5565217391304348,False,False,125.0,0.5434782608695652,False,False,0.4585152838427947,0.2075109170305677,0.0,125.0,0.13829268292682925,4.5779268475598656e-05,"(np.float64(4.5779268475598656e-05), np.float64(0.1553586423397064), np.float64(581956288.0))"
40,S3R59N40PR40_N40_B13_n40_penalty_top,stage3_native_combined552,N40_penalty_repair_top,"[25,23,21,1,3,4,6,8,10,12,14,16,18,20,22,24,26,28,30,32,38,36,34,19,17,15,13,11,9,7,5,2,0,27,29,31,33,35,37,39]","25,23,21,1,3,4,6,8,10,12,14,16,18,20,22,24,26,28,30,32,38,36,34,19,17,15,13,11,9,7,5,2,0,27,29,31,33,35,37,39",599db4efe4625099,True,PASS_TEACHER_FIELDS_EXTRACTED,0.0001532133671844,0.1574422419071197,583485440.0,579927488.0,,,False,106.0,0.4608695652173913,False,False,108.0,0.46956521739130436,False,False,132.0,0.5739130434782609,False,False,138.0,0.6,False,False,106.0,0.4608695652173913,False,False,0.5414847161572052,0.5306550218340611,0.0,106.0,0.17073170731707316,4.5779268475598656e-05,"(np.float64(4.5779268475598656e-05), np.float64(0.1553586423397064), np.float64(581956288.0))"
40,S3R59N40PR40_N40_B14_n40_penalty_top,stage3_native_combined552,N40_penalty_repair_top,"[0,2,3,7,9,11,13,15,17,19,34,36,38,32,30,28,26,24,22,20,18,16,14,12,10,8,6,4,5,1,21,23,25,27,29,31,33,35,37,39]","0,2,3,7,9,11,13,15,17,19,34,36,38,32,30,28,26,24,22,20,18,16,14,12,10,8,6,4,5,1,21,23,25,27,29,31,33,35,37,39",4c0745929566fc08,True,PASS_TEACHER_FIELDS_EXTRACTED,5.191683794691926e-05,0.1703883707523346,582015232.0,579927424.0,,,False,4.0,0.017391304347826087,True,True,205.0,0.8913043478260869,False,False,51.0,0.2217391304347826,False,True,134.0,0.5826086956521739,False,False,4.0,0.017391304347826087,True,True,1.7,0.41264628820960697,1.0,4.0,0.8766588021153544,4.5779268475598656e-05,"(np.float64(4.5779268475598656e-05), np.float64(0.1553586423397064), np.float64(581956288.0))"
40,S3R59N40PR40_N40_B15_n40_penalty_top,stage3_native_combined552,N40_penalty_repair_top,"[0,2,5,7,9,11,13,15,17,19,33,31,29,27,25,23,21,1,3,4,6,8,10,12,14,16,18,20,22,24,26,28,30,32,38,36,34,35,37,39]","0,2,5,7,9,11,13,15,17,19,33,31,29,27,25,23,21,1,3,4,6,8,10,12,14,16,18,20,22,24,26,28,30,32,38,36,34,35,37,39",5c68de5d40a2a69f,True,PASS_TEACHER_FIELDS_EXTRACTED,0.0001742487111187,0.1756399422883987,587064192.0,579928576.0,,,False,121.0,0.5260869565217391,False,False,218.0,0.9478260869565217,False,False,200.0,0.8695652173913043,False,False,224.0,0.9739130434782609,False,False,121.0,0.5260869565217391,False,False,0.4759825327510917,0.1932052401746725,0.0,121.0,0.14512195121951219,4.5779268475598656e-05,"(np.float64(4.5779268475598656e-05), np.float64(0.1553586423397064), np.float64(581956288.0))"
40,S3R59N40PR40_N40_B16_n40_two_stage,stage3_native_combined552,N40_two_stage_penalty_repair,"[0,2,5,7,9,11,13,15,17,19,24,26,28,30,32,38,36,34,22,20,18,16,14,12,10,8,6,4,3,1,21,23,25,27,29,31,33,35,37,39]","0,2,5,7,9,11,13,15,17,19,24,26,28,30,32,38,36,34,22,20,18,16,14,12,10,8,6,4,3,1,21,23,25,27,29,31,33,35,37,39",2ef7cc7850d02d4b,True,PASS_TEACHER_FIELDS_EXTRACTED,5.533727926376741e-05,0.1533247381448745,582295040.0,579927552.0,,,False,11.0,0.04782608695652174,True,True,41.0,0.1782608695652174,False,True,95.0,0.41304347826086957,False,False,157.0,0.6826086956521739,False,False,11.0,0.04782608695652174,True,True,1.7,0.9007860262008733,1.0,11.0,0.8102040117511882,4.5779268475598656e-05,"(np.float64(4.5779268475598656e-05), np.float64(0.1553586423397064), np.float64(581956288.0))"
40,S3R59N40PR40_N40_B17_n40_two_stage,stage3_native_combined552,N40_two_stage_penalty_repair,"[0,2,4,7,9,11,13,15,17,19,34,36,38,32,30,28,26,24,22,20,18,16,14,12,10,8,6,5,3,1,21,23,25,27,29,31,33,35,37,39]","0,2,4,7,9,11,13,15,17,19,34,36,38,32,30,28,26,24,22,20,18,16,14,12,10,8,6,5,3,1,21,23,25,27,29,31,33,35,37,39",d48ea0f533c23728,True,PASS_TEACHER_FIELDS_EXTRACTED,5.130235695105512e-05,0.1530022919178009,582005440.0,579927552.0,,,False,3.0,0.013043478260869565,True,True,33.0,0.14347826086956522,False,True,40.0,0.17391304347826086,False,True,157.0,0.6826086956521739,False,False,3.0,0.013043478260869565,True,True,1.7,0.9521397379912663,1.0,3.0,0.8889277687431447,4.5779268475598656e-05,"(np.float64(4.5779268475598656e-05), np.float64(0.1553586423397064), np.float64(581956288.0))"
40,S3R59N40PR40_N40_B18_n40_two_stage,stage3_native_combined552,N40_two_stage_penalty_repair,"[0,2,5,7,9,11,13,15,17,19,34,36,38,35,33,31,29,27,25,23,21,1,3,4,6,8,10,12,14,16,18,20,22,24,26,28,30,32,37,39]","0,2,5,7,9,11,13,15,17,19,34,36,38,35,33,31,29,27,25,23,21,1,3,4,6,8,10,12,14,16,18,20,22,24,26,28,30,32,37,39",ea308832741b0399,True,PASS_TEACHER_FIELDS_EXTRACTED,0.0002040392319031,0.1640890538692474,588950400.0,579927296.0,,,False,134.0,0.5826086956521739,False,False,175.0,0.7608695652173914,False,False,215.0,0.9347826086956522,False,False,128.0,0.5565217391304348,False,False,134.0,0.5826086956521739,False,False,0.4192139737991266,0.18762445414847162,0.0,134.0,0.12292682926829267,4.5779268475598656e-05,"(np.float64(4.5779268475598656e-05), np.float64(0.1553586423397064), np.float64(581956288.0))"
40,S3R59N40PR40_N40_B19_n40_u2ret_repair,stage3_native_combined552,N40_u2_reward_retention_local_repair,"[0,3,5,7,9,11,13,15,17,19,24,26,28,30,34,36,38,32,22,20,18,16,14,12,10,8,6,4,2,1,21,23,25,27,29,31,33,35,37,39]","0,3,5,7,9,11,13,15,17,19,24,26,28,30,34,36,38,32,22,20,18,16,14,12,10,8,6,4,2,1,21,23,25,27,29,31,33,35,37,39",d6a7df55f77df95f,True,PASS_TEACHER_FIELDS_EXTRACTED,5.447568582894746e-05,0.1536350399255752,582269312.0,579927872.0,,,False,10.0,0.043478260869565216,True,True,59.0,0.2565217391304348,False,False,89.0,0.3869565217391304,False,False,213.0,0.9260869565217391,False,False,10.0,0.043478260869565216,True,True,1.7,0.8903056768558951,1.0,10.0,0.8249956356735045,4.5779268475598656e-05,"(np.float64(4.5779268475598656e-05), np.float64(0.1553586423397064), np.float64(581956288.0))"
40,S3R59N40PR40_N40_B20_n40_u2ret_repair,stage3_native_combined552,N40_u2_reward_retention_local_repair,"[0,3,5,7,9,11,13,15,17,19,24,26,34,36,38,32,30,28,22,20,18,16,14,12,10,8,6,4,2,1,21,23,25,27,29,31,33,35,37,39]","0,3,5,7,9,11,13,15,17,19,24,26,34,36,38,32,30,28,22,20,18,16,14,12,10,8,6,4,2,1,21,23,25,27,29,31,33,35,37,39",338a4d92a6b93af9,True,PASS_TEACHER_FIELDS_EXTRACTED,7.352428656304255e-05,0.1558193564414978,582150656.0,579927552.0,,,False,41.0,0.1782608695652174,False,True,96.0,0.41739130434782606,False,False,73.0,0.3173913043478261,False,False,157.0,0.6826086956521739,False,False,41.0,0.1782608695652174,False,True,1.0753275109170306,0.7661135371179039,1.0,41.0,0.5543487681581227,4.5779268475598656e-05,"(np.float64(4.5779268475598656e-05), np.float64(0.1553586423397064), np.float64(581956288.0))"
40,S3R59N40PR40_N40_B21_n40_u2ret_repair,stage3_native_combined552,N40_u2_reward_retention_local_repair,"[0,3,5,7,9,11,13,15,17,19,24,34,36,38,32,30,28,26,22,20,18,16,14,12,10,8,6,4,2,1,21,23,25,27,29,31,33,35,37,39]","0,3,5,7,9,11,13,15,17,19,24,34,36,38,32,30,28,26,22,20,18,16,14,12,10,8,6,4,2,1,21,23,25,27,29,31,33,35,37,39",d97f5f24b924530b,True,PASS_TEACHER_FIELDS_EXTRACTED,7.584344893984962e-05,0.155017614364624,582094720.0,579927488.0,,,False,48.0,0.20869565217391303,False,True,86.0,0.3739130434782609,False,False,66.0,0.28695652173913044,False,False,138.0,0.6,False,False,48.0,0.20869565217391303,False,True,1.0447598253275108,0.7552838427947597,1.0,48.0,0.5233582427100649,4.5779268475598656e-05,"(np.float64(4.5779268475598656e-05), np.float64(0.1553586423397064), np.float64(581956288.0))"
40,S3R59N40PR40_N40_B22_n40_u2ret_top,stage3_native_combined552,N40_u2_reward_retention_top,"[4,3,5,7,9,11,13,15,17,19,24,26,28,30,32,38,36,34,22,20,18,16,14,12,10,8,6,0,2,1,21,23,25,27,29,31,33,35,37,39]","4,3,5,7,9,11,13,15,17,19,24,26,28,30,32,38,36,34,22,20,18,16,14,12,10,8,6,0,2,1,21,23,25,27,29,31,33,35,37,39",2111f63fa8a24a1f,True,PASS_TEACHER_FIELDS_EXTRACTED,6.851953367004171e-05,0.1649787276983261,582289664.0,579927552.0,,,False,34.0,0.14782608695652175,False,True,187.0,0.8130434782608695,False,False,92.0,0.4,False,False,157.0,0.6826086956521739,False,False,34.0,0.14782608695652175,False,True,1.1058951965065502,0.3764890829694323,1.0,34.0,0.6117785021422006,4.5779268475598656e-05,"(np.float64(4.5779268475598656e-05), np.float64(0.1553586423397064), np.float64(581956288.0))"
40,S3R59N40PR40_N40_B23_n40_u2ret_top,stage3_native_combined552,N40_u2_reward_retention_top,"[0,3,5,7,9,11,13,15,17,19,22,26,28,30,32,38,36,34,24,20,18,16,14,12,10,8,6,4,2,1,21,23,25,27,29,31,33,35,37,39]","0,3,5,7,9,11,13,15,17,19,22,26,28,30,32,38,36,34,24,20,18,16,14,12,10,8,6,4,2,1,21,23,25,27,29,31,33,35,37,39",43beaa0f788be14e,True,PASS_TEACHER_FIELDS_EXTRACTED,9.117159152083332e-05,0.1538078635931015,582321152.0,579927808.0,,,False,72.0,0.3130434782608696,False,False,67.0,0.29130434782608694,False,False,99.0,0.43043478260869567,False,False,208.0,0.9043478260869565,False,False,72.0,0.3130434782608696,False,False,0.6899563318777293,0.6848908296943232,0.0,72.0,0.38090256017363544,4.5779268475598656e-05,"(np.float64(4.5779268475598656e-05), np.float64(0.1553586423397064), np.float64(581956288.0))"
40,S3R59N40PR40_N40_B24_n40_u2ret_top,stage3_native_combined552,N40_u2_reward_retention_top,"[0,3,5,7,9,11,13,15,17,19,24,26,28,30,32,36,38,34,22,20,18,16,14,12,10,8,6,4,2,1,21,23,25,27,29,31,33,35,37,39]","0,3,5,7,9,11,13,15,17,19,24,26,28,30,32,36,38,34,22,20,18,16,14,12,10,8,6,4,2,1,21,23,25,27,29,31,33,35,37,39",780b3d41ea73762d,True,PASS_TEACHER_FIELDS_EXTRACTED,5.292977675708244e-05,0.1536608040332794,582292864.0,579926528.0,,,False,7.0,0.030434782608695653,True,True,62.0,0.26956521739130435,False,False,94.0,0.40869565217391307,False,False,69.0,0.3,False,False,7.0,0.030434782608695653,True,True,1.7,0.8953711790393013,1.0,7.0,0.8546618515697153,4.5779268475598656e-05,"(np.float64(4.5779268475598656e-05), np.float64(0.1553586423397064), np.float64(581956288.0))"
24,S3R64VNR_N24_B01_n24_diversity,stage3_native_combined552,N24_frozen_diversity_coverage,"[3,8,13,18,23,4,9,14,19,0,5,10,15,20,1,6,11,16,21,2,7,12,17,22]","3,8,13,18,23,4,9,14,19,0,5,10,15,20,1,6,11,16,21,2,7,12,17,22",12793ccf8df402ed,True,PASS_TEACHER_FIELDS_EXTRACTED,0.0005476717965393,0.1511800736188888,581922240.0,579943744.0,,,False,205.0,0.9579439252336449,False,False,7.0,0.03271028037383177,True,True,55.0,0.2570093457943925,False,False,82.0,0.38317757009345793,False,False,205.0,0.9579439252336449,False,False,0.04225352112676062,0.11788732394366203,0.0,181.0,0.016666666666666684,2.9523077955673216e-05,"(np.float64(2.9523077955673216e-05), np.float64(0.1587531119585037), np.float64(582666368.0))"
24,S3R64VNR_N24_B02_n24_penalty_diag,stage3_native_combined552,N24_frozen_penalty_diagnostic,"[22,17,21,13,9,7,5,3,1,11,19,15,23,0,2,4,6,8,10,12,14,16,18,20]","22,17,21,13,9,7,5,3,1,11,19,15,23,0,2,4,6,8,10,12,14,16,18,20",7b1e8363fa479c04,True,PASS_TEACHER_FIELDS_EXTRACTED,5.817346982439631e-05,0.1540863960981369,581985280.0,579944384.0,,,False,54.0,0.2523364485981308,False,True,45.0,0.2102803738317757,False,True,65.0,0.3037383177570093,False,False,136.0,0.6355140186915887,False,False,54.0,0.2523364485981308,False,True,1.0011737089201878,0.7554929577464788,1.0,54.0,0.409352574170672,2.9523077955673216e-05,"(np.float64(2.9523077955673216e-05), np.float64(0.1587531119585037), np.float64(582666368.0))"
24,S3R64VNR_N24_B03_n24_penalty_diag,stage3_native_combined552,N24_frozen_penalty_diagnostic,"[22,17,15,13,9,7,5,3,1,11,19,21,23,0,2,4,6,8,10,12,20,16,18,14]","22,17,15,13,9,7,5,3,1,11,19,21,23,0,2,4,6,8,10,12,20,16,18,14",d549611332654032,True,PASS_TEACHER_FIELDS_EXTRACTED,7.998157980182441e-05,0.1573197245597839,584387200.0,579944384.0,,,False,90.0,0.4205607476635514,False,False,110.0,0.514018691588785,False,False,175.0,0.8177570093457944,False,False,136.0,0.6355140186915887,False,False,90.0,0.4205607476635514,False,False,0.5821596244131455,0.5314553990610328,0.0,90.0,0.20430865122354647,2.9523077955673216e-05,"(np.float64(2.9523077955673216e-05), np.float64(0.1587531119585037), np.float64(582666368.0))"
24,S3R64VNR_N24_B04_n24_frozen_ref,stage3_native_combined552,N24_frozen_reference_maintenance,"[22,23,15,13,9,7,5,3,1,11,19,21,17,0,2,4,6,8,10,12,14,16,18,20]","22,23,15,13,9,7,5,3,1,11,19,21,17,0,2,4,6,8,10,12,14,16,18,20",f71a3d4cd71aa3bc,True,PASS_TEACHER_FIELDS_EXTRACTED,4.555185842036735e-05,0.1563369333744049,581939200.0,579943552.0,,,False,27.0,0.1261682242990654,False,True,93.0,0.43457943925233644,False,False,59.0,0.2757009345794392,False,False,33.0,0.1542056074766355,False,True,27.0,0.1261682242990654,False,True,1.1279342723004695,0.803943661971831,1.0,27.0,0.5999720159783,2.9523077955673216e-05,"(np.float64(2.9523077955673216e-05), np.float64(0.1587531119585037), np.float64(582666368.0))"
24,S3R64VNR_N24_B05_n24_frozen_ref,stage3_native_combined552,N24_frozen_reference_maintenance,"[22,17,15,13,9,7,5,3,1,11,19,21,23,0,2,4,12,8,10,6,14,16,18,20]","22,17,15,13,9,7,5,3,1,11,19,21,23,0,2,4,12,8,10,6,14,16,18,20",503e5a1dc092b7f5,True,PASS_TEACHER_FIELDS_EXTRACTED,8.479232792524272e-05,0.1526632010936737,581897600.0,579943552.0,,,False,105.0,0.49065420560747663,False,False,24.0,0.11214953271028037,False,True,51.0,0.2383177570093458,False,True,33.0,0.1542056074766355,False,True,105.0,0.49065420560747663,False,False,0.511737089201878,0.608075117370892,0.0,105.0,0.1574074074074074,2.9523077955673216e-05,"(np.float64(2.9523077955673216e-05), np.float64(0.1587531119585037), np.float64(582666368.0))"
24,S3R64VNR_N24_B06_n24_frozen_ref,stage3_native_combined552,N24_frozen_reference_maintenance,"[22,18,16,14,12,10,8,6,4,2,0,23,21,19,11,1,3,5,7,9,13,15,17,20]","22,18,16,14,12,10,8,6,4,2,0,23,21,19,11,1,3,5,7,9,13,15,17,20",d83123af51daf0e5,True,PASS_TEACHER_FIELDS_EXTRACTED,5.291443812893704e-05,0.1540330648422241,584860160.0,579944576.0,,,False,45.0,0.2102803738317757,False,True,44.0,0.205607476635514,False,True,181.0,0.8457943925233645,False,False,179.0,0.8364485981308412,False,False,45.0,0.2102803738317757,False,True,1.0434272300469485,0.7432863849765259,1.0,45.0,0.4764584494639079,2.9523077955673216e-05,"(np.float64(2.9523077955673216e-05), np.float64(0.1587531119585037), np.float64(582666368.0))"
24,S3R64VNR_N24_B07_n24_uncertainty,stage3_native_combined552,N24_frozen_uncertainty_calibration,"[22,17,15,13,3,7,5,9,1,11,19,21,23,0,2,4,6,8,10,12,14,16,18,20]","22,17,15,13,3,7,5,9,1,11,19,21,23,0,2,4,6,8,10,12,14,16,18,20",c5685341435dbba9,True,PASS_TEACHER_FIELDS_EXTRACTED,4.171763998783717e-05,0.1558772623538971,582083072.0,579944448.0,,,False,20.0,0.09345794392523364,True,True,74.0,0.34579439252336447,False,False,72.0,0.3364485981308411,False,False,161.0,0.7523364485981309,False,False,20.0,0.09345794392523364,True,True,1.7,0.8405633802816902,1.0,20.0,0.6725029286266391,2.9523077955673216e-05,"(np.float64(2.9523077955673216e-05), np.float64(0.1587531119585037), np.float64(582666368.0))"
24,S3R64VNR_N24_B08_n24_uncertainty,stage3_native_combined552,N24_frozen_uncertainty_calibration,"[22,17,15,13,9,7,5,3,1,11,19,21,23,0,2,4,6,8,10,18,14,16,12,20]","22,17,15,13,9,7,5,3,1,11,19,21,23,0,2,4,6,8,10,18,14,16,12,20",252e5d5500b0b1c5,True,PASS_TEACHER_FIELDS_EXTRACTED,6.466203285526717e-05,0.1559343636035919,581858048.0,579943552.0,,,False,62.0,0.2897196261682243,False,False,76.0,0.35514018691588783,False,False,34.0,0.1588785046728972,False,True,33.0,0.1542056074766355,False,True,62.0,0.2897196261682243,False,False,0.7136150234741784,0.7109859154929578,0.0,62.0,0.3436121964007185,2.9523077955673216e-05,"(np.float64(2.9523077955673216e-05), np.float64(0.1587531119585037), np.float64(582666368.0))"
40,S3R64VNR_N40_B01_n40_median_anchor,stage3_native_combined552,N40_followup_median_guard,"[0,2,4,7,9,11,13,15,17,19,34,36,38,32,30,28,26,24,22,20,18,16,14,12,10,8,6,5,3,1,21,23,25,27,29,31,33,39,37,35]","0,2,4,7,9,11,13,15,17,19,34,36,38,32,30,28,26,24,22,20,18,16,14,12,10,8,6,5,3,1,21,23,25,27,29,31,33,39,37,35",9b68daae308ba36c,True,PASS_TEACHER_FIELDS_EXTRACTED,5.6084589232341386e-05,0.1540600657463073,581998016.0,579927744.0,,,False,12.0,0.05217391304347826,True,True,76.0,0.33043478260869563,False,False,33.0,0.14347826086956522,False,True,204.0,0.8869565217391304,False,False,12.0,0.05217391304347826,True,True,1.7,0.8887336244541484,1.0,12.0,0.797473479678936,4.5779268475598656e-05,"(np.float64(4.5779268475598656e-05), np.float64(0.1553586423397064), np.float64(581956288.0))"
40,S3R64VNR_N40_B02_n40_median_anchor,stage3_native_combined552,N40_followup_median_guard,"[0,2,4,7,9,11,13,15,17,19,34,36,38,32,30,28,26,24,22,20,18,16,14,12,10,8,6,5,1,3,21,23,25,27,29,31,33,35,37,39]","0,2,4,7,9,11,13,15,17,19,34,36,38,32,30,28,26,24,22,20,18,16,14,12,10,8,6,5,1,3,21,23,25,27,29,31,33,35,37,39",a187fc41fdc14966,True,PASS_TEACHER_FIELDS_EXTRACTED,5.432275065686554e-05,0.1546436995267868,582622080.0,579927552.0,,,False,9.0,0.0391304347826087,True,True,83.0,0.36086956521739133,False,False,105.0,0.45652173913043476,False,False,157.0,0.6826086956521739,False,False,9.0,0.0391304347826087,True,True,1.7,0.8668995633187773,1.0,9.0,0.8290688275860005,4.5779268475598656e-05,"(np.float64(4.5779268475598656e-05), np.float64(0.1553586423397064), np.float64(581956288.0))"
40,S3R64VNR_N40_B03_n40_penalty_anchor,stage3_native_combined552,N40_followup_penalty_repair,"[0,2,4,7,9,11,13,15,17,19,34,36,38,32,30,28,26,24,22,20,18,16,14,12,10,8,6,5,3,1,21,23,25,27,29,31,33,35,39,37]","0,2,4,7,9,11,13,15,17,19,34,36,38,32,30,28,26,24,22,20,18,16,14,12,10,8,6,5,3,1,21,23,25,27,29,31,33,35,39,37",520a2adf7b065203,True,PASS_TEACHER_FIELDS_EXTRACTED,4.985593659512233e-05,0.1530022621154785,582002560.0,579926528.0,,,False,2.0,0.008695652173913044,True,True,32.0,0.1391304347826087,False,True,34.0,0.14782608695652175,False,True,69.0,0.3,False,False,2.0,0.008695652173913044,True,True,1.7,0.9582532751091704,1.0,2.0,0.9165237222385546,4.5779268475598656e-05,"(np.float64(4.5779268475598656e-05), np.float64(0.1553586423397064), np.float64(581956288.0))"
40,S3R64VNR_N40_B04_n40_penalty_anchor,stage3_native_combined552,N40_followup_penalty_repair,"[0,2,4,7,9,11,13,15,17,19,34,38,36,32,30,28,26,24,22,20,18,16,14,12,10,8,6,5,3,1,21,23,25,27,29,31,33,35,37,39]","0,2,4,7,9,11,13,15,17,19,34,38,36,32,30,28,26,24,22,20,18,16,14,12,10,8,6,5,3,1,21,23,25,27,29,31,33,35,37,39",7ce8fea890686db6,True,PASS_TEACHER_FIELDS_EXTRACTED,5.747088107455056e-05,0.1530022174119949,582004608.0,579927552.0,,,False,15.0,0.06521739130434782,True,True,30.0,0.13043478260869565,False,True,39.0,0.16956521739130434,False,True,157.0,0.6826086956521739,False,False,15.0,0.06521739130434782,True,True,1.7,0.9173799126637555,1.0,15.0,0.7726621449814529,4.5779268475598656e-05,"(np.float64(4.5779268475598656e-05), np.float64(0.1553586423397064), np.float64(581956288.0))"
40,S3R64VNR_N40_B05_n40_penalty_anchor,stage3_native_combined552,N40_followup_penalty_repair,"[0,2,4,7,9,11,13,15,17,19,28,30,32,38,36,34,26,24,22,20,18,16,14,12,10,8,6,5,3,1,21,23,25,27,29,31,33,35,37,39]","0,2,4,7,9,11,13,15,17,19,28,30,32,38,36,34,26,24,22,20,18,16,14,12,10,8,6,5,3,1,21,23,25,27,29,31,33,35,37,39",ffa538795c04a1d8,True,PASS_TEACHER_FIELDS_EXTRACTED,8.35328528410173e-05,0.1529130041599273,582078528.0,579927552.0,,,False,64.0,0.2782608695652174,False,False,26.0,0.11304347826086956,False,True,62.0,0.26956521739130435,False,False,157.0,0.6826086956521739,False,False,64.0,0.2782608695652174,False,False,0.7248908296943232,0.7587772925764191,0.0,64.0,0.44047811222946076,4.5779268475598656e-05,"(np.float64(4.5779268475598656e-05), np.float64(0.1553586423397064), np.float64(581956288.0))"
40,S3R64VNR_N40_B06_n40_penalty_anchor,stage3_native_combined552,N40_followup_penalty_repair,"[0,2,4,7,9,11,13,15,17,19,38,36,34,32,30,28,26,24,22,20,18,16,14,12,10,8,6,5,3,1,21,23,25,27,29,31,33,35,37,39]","0,2,4,7,9,11,13,15,17,19,38,36,34,32,30,28,26,24,22,20,18,16,14,12,10,8,6,5,3,1,21,23,25,27,29,31,33,35,37,39",af289d6500456245,True,PASS_TEACHER_FIELDS_EXTRACTED,6.130760903033661e-05,0.1530033946037292,581996352.0,579926528.0,,,False,22.0,0.09565217391304348,True,True,34.0,0.14782608695652175,False,True,32.0,0.1391304347826087,False,True,69.0,0.3,False,False,22.0,0.09565217391304348,True,True,1.7,0.8943231441048035,1.0,22.0,0.7108606433202345,4.5779268475598656e-05,"(np.float64(4.5779268475598656e-05), np.float64(0.1553586423397064), np.float64(581956288.0))"
40,S3R64VNR_N40_B07_n40_penalty_anchor,stage3_native_combined552,N40_followup_penalty_repair,"[0,2,4,7,9,11,13,15,17,21,34,36,38,32,30,28,26,24,22,20,18,16,14,12,10,8,6,5,3,1,19,23,25,27,29,31,33,35,37,39]","0,2,4,7,9,11,13,15,17,21,34,36,38,32,30,28,26,24,22,20,18,16,14,12,10,8,6,5,3,1,19,23,25,27,29,31,33,35,37,39",b1662aa1e4d829a4,True,PASS_TEACHER_FIELDS_EXTRACTED,0.0001220961112267,0.1557970941066742,581830016.0,579927488.0,,,False,94.0,0.40869565217391307,False,False,95.0,0.41304347826086957,False,False,26.0,0.11304347826086956,False,True,138.0,0.6,False,False,94.0,0.40869565217391307,False,False,0.5938864628820961,0.6167685589519651,0.0,94.0,0.21616403758298408,4.5779268475598656e-05,"(np.float64(4.5779268475598656e-05), np.float64(0.1553586423397064), np.float64(581956288.0))"
40,S3R64VNR_N40_B08_n40_twostage_anchor,stage3_native_combined552,N40_followup_two_stage_repair,"[0,2,4,7,9,11,13,15,17,19,18,20,22,24,26,28,30,32,38,36,34,16,14,12,10,8,6,5,3,1,21,23,25,27,29,31,33,35,37,39]","0,2,4,7,9,11,13,15,17,19,18,20,22,24,26,28,30,32,38,36,34,16,14,12,10,8,6,5,3,1,21,23,25,27,29,31,33,35,37,39",18a9955104c55198,True,PASS_TEACHER_FIELDS_EXTRACTED,0.0001824724781727,0.1579823493957519,584379968.0,579926400.0,,,False,124.0,0.5391304347826087,False,False,120.0,0.5217391304347826,False,False,159.0,0.691304347826087,False,False,59.0,0.2565217391304348,False,False,124.0,0.5391304347826087,False,False,0.46288209606986896,0.37650655021834056,0.0,124.0,0.13999999999999999,4.5779268475598656e-05,"(np.float64(4.5779268475598656e-05), np.float64(0.1553586423397064), np.float64(581956288.0))"
40,S3R64VNR_N40_B09_n40_twostage_anchor,stage3_native_combined552,N40_followup_two_stage_repair,"[0,2,4,7,9,11,13,15,17,19,32,38,36,34,30,28,26,24,22,20,18,16,14,12,10,8,6,5,3,1,21,23,25,27,29,31,33,35,37,39]","0,2,4,7,9,11,13,15,17,19,32,38,36,34,30,28,26,24,22,20,18,16,14,12,10,8,6,5,3,1,21,23,25,27,29,31,33,35,37,39",e3f5a4e0efaed659,True,PASS_TEACHER_FIELDS_EXTRACTED,6.141205449239351e-05,0.153000921010971,582007808.0,579926528.0,,,False,23.0,0.1,True,True,29.0,0.12608695652173912,False,True,43.0,0.18695652173913044,False,True,69.0,0.3,False,False,23.0,0.1,True,True,1.7,0.891703056768559,1.0,23.0,0.7078833651469738,4.5779268475598656e-05,"(np.float64(4.5779268475598656e-05), np.float64(0.1553586423397064), np.float64(581956288.0))"
40,S3R64VNR_N40_B10_n40_twostage_anchor,stage3_native_combined552,N40_followup_two_stage_repair,"[0,2,4,7,9,11,13,15,17,19,30,32,38,36,34,28,26,24,22,20,18,16,14,12,10,8,6,5,3,1,21,23,25,27,29,31,33,35,37,39]","0,2,4,7,9,11,13,15,17,19,30,32,38,36,34,28,26,24,22,20,18,16,14,12,10,8,6,5,3,1,21,23,25,27,29,31,33,35,37,39",d36104e8a0eb26b9,True,PASS_TEACHER_FIELDS_EXTRACTED,6.99615939083742e-05,0.1530580669641494,582033408.0,579927552.0,,,False,38.0,0.16521739130434782,False,True,35.0,0.15217391304347827,False,True,56.0,0.24347826086956523,False,True,157.0,0.6826086956521739,False,False,38.0,0.16521739130434782,False,True,1.0884279475982532,0.8347598253275109,1.0,38.0,0.5911778318138896,4.5779268475598656e-05,"(np.float64(4.5779268475598656e-05), np.float64(0.1553586423397064), np.float64(581956288.0))"
40,S3R64VNR_N40_B11_n40_twostage_anchor,stage3_native_combined552,N40_followup_two_stage_repair,"[0,2,4,7,9,11,13,15,17,19,26,28,30,32,38,36,34,24,22,20,18,16,14,12,10,8,6,5,3,1,21,23,25,27,29,31,33,35,37,39]","0,2,4,7,9,11,13,15,17,19,26,28,30,32,38,36,34,24,22,20,18,16,14,12,10,8,6,5,3,1,21,23,25,27,29,31,33,35,37,39",d77d6198e5ef70fc,True,PASS_TEACHER_FIELDS_EXTRACTED,8.085075614872039e-05,0.1531791687011718,582157568.0,579927552.0,,,False,59.0,0.2565217391304348,False,False,38.0,0.16521739130434782,False,True,75.0,0.32608695652173914,False,False,157.0,0.6826086956521739,False,False,59.0,0.2565217391304348,False,False,0.7467248908296944,0.7594759825327512,0.0,59.0,0.46719503250819006,4.5779268475598656e-05,"(np.float64(4.5779268475598656e-05), np.float64(0.1553586423397064), np.float64(581956288.0))"
40,S3R64VNR_N40_B12_n40_u2ret_anchor,stage3_native_combined552,N40_followup_u2_reward_retention,"[0,2,6,7,9,11,13,15,17,19,34,36,38,32,30,28,26,24,22,20,18,16,14,12,10,8,4,5,3,1,21,23,25,27,29,31,33,35,37,39]","0,2,6,7,9,11,13,15,17,19,34,36,38,32,30,28,26,24,22,20,18,16,14,12,10,8,4,5,3,1,21,23,25,27,29,31,33,35,37,39",d515702c8928ef8e,True,PASS_TEACHER_FIELDS_EXTRACTED,5.356389920052607e-05,0.1525734812021255,582035776.0,579926528.0,,,False,8.0,0.034782608695652174,True,True,22.0,0.09565217391304348,True,True,59.0,0.2565217391304348,False,False,69.0,0.3,False,False,8.0,0.034782608695652174,True,True,1.7,0.9393886462882097,1.0,8.0,0.8427152472477348,4.5779268475598656e-05,"(np.float64(4.5779268475598656e-05), np.float64(0.1553586423397064), np.float64(581956288.0))"
40,S3R64VNR_N40_B13_n40_u2ret_anchor,stage3_native_combined552,N40_followup_u2_reward_retention,"[0,2,4,7,9,11,13,15,17,19,22,24,26,28,30,32,38,36,34,20,18,16,14,12,10,8,6,5,3,1,21,23,25,27,29,31,33,35,37,39]","0,2,4,7,9,11,13,15,17,19,22,24,26,28,30,32,38,36,34,20,18,16,14,12,10,8,6,5,3,1,21,23,25,27,29,31,33,35,37,39",87bdfcf1fc6af4d6,True,PASS_TEACHER_FIELDS_EXTRACTED,9.231305921275634e-05,0.1562604457139969,582445952.0,579927552.0,,,False,74.0,0.3217391304347826,False,False,102.0,0.4434782608695652,False,False,101.0,0.4391304347826087,False,False,157.0,0.6826086956521739,False,False,74.0,0.3217391304347826,False,False,0.6812227074235808,0.6473362445414848,0.0,74.0,0.37127909568521417,4.5779268475598656e-05,"(np.float64(4.5779268475598656e-05), np.float64(0.1553586423397064), np.float64(581956288.0))"
40,S3R64VNR_N40_B14_n40_u2ret_anchor,stage3_native_combined552,N40_followup_u2_reward_retention,"[0,2,4,7,9,11,13,15,17,19,32,36,38,34,30,28,26,24,22,20,18,16,14,12,10,8,6,5,3,1,21,23,25,27,29,31,33,35,37,39]","0,2,4,7,9,11,13,15,17,19,32,36,38,34,30,28,26,24,22,20,18,16,14,12,10,8,6,5,3,1,21,23,25,27,29,31,33,35,37,39",b2d0852871ae73a9,True,PASS_TEACHER_FIELDS_EXTRACTED,6.342684173432644e-05,0.1530008018016815,582009344.0,579926528.0,,,False,27.0,0.11739130434782609,False,True,27.0,0.11739130434782609,False,True,46.0,0.2,False,True,69.0,0.3,False,False,27.0,0.11739130434782609,False,True,1.1364628820960698,0.8798253275109169,1.0,27.0,0.6773746623079712,4.5779268475598656e-05,"(np.float64(4.5779268475598656e-05), np.float64(0.1553586423397064), np.float64(581956288.0))"
40,S3R64VNR_N40_B15_n40_u2ret_anchor,stage3_native_combined552,N40_followup_u2_reward_retention,"[0,2,4,6,9,11,13,15,17,19,34,36,38,32,30,28,26,24,22,20,18,16,14,12,10,8,7,5,3,1,21,23,25,27,29,31,33,35,37,39]","0,2,4,6,9,11,13,15,17,19,34,36,38,32,30,28,26,24,22,20,18,16,14,12,10,8,7,5,3,1,21,23,25,27,29,31,33,35,37,39",d9c22149ede815b6,True,PASS_TEACHER_FIELDS_EXTRACTED,4.5779268475598656e-05,0.1553586423397064,581956288.0,579927552.0,,,False,1.0,0.004347826086956522,True,True,89.0,0.3869565217391304,False,False,30.0,0.13043478260869565,False,True,157.0,0.6826086956521739,False,False,1.0,0.004347826086956522,True,True,1.7,0.9130131004366813,1.0,1.0,1.0,4.5779268475598656e-05,"(np.float64(4.5779268475598656e-05), np.float64(0.1553586423397064), np.float64(581956288.0))"
40,S3R64VNR_N40_B16_n40_u2ret_anchor,stage3_native_combined552,N40_followup_u2_reward_retention,"[0,2,4,7,9,11,13,15,17,19,39,37,35,33,31,29,27,25,23,21,1,3,5,6,8,10,12,14,16,18,20,22,24,26,28,30,32,38,36,34]","0,2,4,7,9,11,13,15,17,19,39,37,35,33,31,29,27,25,23,21,1,3,5,6,8,10,12,14,16,18,20,22,24,26,28,30,32,38,36,34",e9c2b38a026519d5,True,PASS_TEACHER_FIELDS_EXTRACTED,0.0002276034210808,0.1646121740341186,588338816.0,579926336.0,,,False,142.0,0.6173913043478261,False,False,182.0,0.7913043478260869,False,False,211.0,0.9173913043478261,False,False,54.0,0.23478260869565218,False,True,142.0,0.6173913043478261,False,False,0.38427947598253276,0.1710393013100437,0.0,142.0,0.10926829268292684,4.5779268475598656e-05,"(np.float64(4.5779268475598656e-05), np.float64(0.1553586423397064), np.float64(581956288.0))"
24,S3R69SNR_N24_B01_n24_anchor_ref,stage3_native_combined552,N24_frozen_top_density_reference,"[22,17,15,13,9,7,5,3,1,11,19,21,23,0,2,4,6,8,16,12,14,10,18,20]","22,17,15,13,9,7,5,3,1,11,19,21,23,0,2,4,6,8,16,12,14,10,18,20",00675d2f78e22071,True,PASS_TEACHER_FIELDS_EXTRACTED,5.2054501793463714e-05,0.1573824286460876,581868672.0,579943616.0,,,False,40.0,0.18691588785046728,False,True,113.0,0.5280373831775701,False,False,42.0,0.19626168224299065,False,True,63.0,0.29439252336448596,False,False,40.0,0.18691588785046728,False,True,1.0669014084507042,0.7476056338028169,1.0,40.0,0.4949348331427821,2.9523077955673216e-05,"(np.float64(2.9523077955673216e-05), np.float64(0.1587531119585037), np.float64(582666368.0))"
24,S3R69SNR_N24_B02_n24_anchor_ref,stage3_native_combined552,N24_frozen_top_density_reference,"[22,17,19,21,9,7,5,3,1,11,15,13,23,0,2,4,6,8,10,12,14,16,18,20]","22,17,19,21,9,7,5,3,1,11,15,13,23,0,2,4,6,8,10,12,14,16,18,20",fb07af83facabb20,True,PASS_TEACHER_FIELDS_EXTRACTED,5.223163771006512e-05,0.1590837091207504,582154880.0,579943552.0,,,False,41.0,0.19158878504672897,False,True,143.0,0.6682242990654206,False,False,78.0,0.3644859813084112,False,False,33.0,0.1542056074766355,False,True,41.0,0.19158878504672897,False,True,1.062206572769953,0.3883004694835681,1.0,41.0,0.491159551560147,2.9523077955673216e-05,"(np.float64(2.9523077955673216e-05), np.float64(0.1587531119585037), np.float64(582666368.0))"
24,S3R69SNR_N24_B03_n24_uncertainty,stage3_native_combined552,N24_uncertainty_anchor,"[22,17,15,13,9,7,5,3,1,11,19,21,23,0,6,4,2,10,8,12,14,16,18,20]","22,17,15,13,9,7,5,3,1,11,19,21,23,0,6,4,2,10,8,12,14,16,18,20",078633e14ca02b45,True,PASS_TEACHER_FIELDS_EXTRACTED,7.800453818163078e-05,0.152449369430542,581069440.0,579943488.0,,,False,88.0,0.411214953271028,False,False,17.0,0.0794392523364486,True,True,7.0,0.03271028037383177,True,True,24.0,0.11214953271028037,False,True,88.0,0.411214953271028,False,False,0.5915492957746479,0.6886384976525822,0.0,88.0,0.21736786772637381,2.9523077955673216e-05,"(np.float64(2.9523077955673216e-05), np.float64(0.1587531119585037), np.float64(582666368.0))"
24,S3R69SNR_N24_B04_n24_uncertainty,stage3_native_combined552,N24_uncertainty_anchor,"[22,17,15,13,9,5,7,3,1,11,19,21,23,0,6,4,2,8,10,12,14,16,18,20]","22,17,15,13,9,5,7,3,1,11,19,21,23,0,6,4,2,8,10,12,14,16,18,20",03078ca2a17672da,True,PASS_TEACHER_FIELDS_EXTRACTED,5.831045632476162e-05,0.1526206135749817,581044032.0,579943552.0,,,False,55.0,0.2570093457943925,False,False,22.0,0.102803738317757,True,True,5.0,0.02336448598130841,True,True,33.0,0.1542056074766355,False,True,55.0,0.2570093457943925,False,False,0.7464788732394366,0.796244131455399,0.0,55.0,0.40630847049530294,2.9523077955673216e-05,"(np.float64(2.9523077955673216e-05), np.float64(0.1587531119585037), np.float64(582666368.0))"
40,S3R69SNR_N40_B01_n40_anchor_ref,stage3_native_combined552,N40_frozen_u2_reward_reference,"[0,2,4,7,9,11,13,15,17,19,34,38,36,32,30,28,26,24,22,20,18,16,14,12,10,8,6,5,3,1,21,23,25,27,29,31,33,35,39,37]","0,2,4,7,9,11,13,15,17,19,34,38,36,32,30,28,26,24,22,20,18,16,14,12,10,8,6,5,3,1,21,23,25,27,29,31,33,35,39,37",98dc290342f4d5f2,True,PASS_TEACHER_FIELDS_EXTRACTED,5.276091178529896e-05,0.1530022174119949,582005760.0,579927488.0,,,False,6.0,0.02608695652173913,True,True,30.0,0.13043478260869565,False,True,41.0,0.1782608695652174,False,True,138.0,0.6,False,False,6.0,0.02608695652173913,True,True,1.7,0.9449781659388646,1.0,6.0,0.859137359729886,4.5779268475598656e-05,"(np.float64(4.5779268475598656e-05), np.float64(0.1553586423397064), np.float64(581956288.0))"
40,S3R69SNR_N40_B02_n40_anchor_ref,stage3_native_combined552,N40_frozen_u2_reward_reference,"[0,2,4,7,9,11,13,15,17,21,34,36,38,32,30,28,26,24,22,20,18,16,14,12,10,8,6,5,3,1,19,23,25,27,29,31,33,35,39,37]","0,2,4,7,9,11,13,15,17,21,34,36,38,32,30,28,26,24,22,20,18,16,14,12,10,8,6,5,3,1,19,23,25,27,29,31,33,35,39,37",df79a1d21e244f9f,True,PASS_TEACHER_FIELDS_EXTRACTED,0.0001171559779322,0.155797079205513,581827520.0,579926464.0,,,False,93.0,0.4043478260869565,False,False,94.0,0.40869565217391307,False,False,25.0,0.10869565217391304,False,True,61.0,0.26521739130434785,False,False,93.0,0.4043478260869565,False,False,0.5982532751091703,0.6211353711790392,0.0,93.0,0.23368169541854444,4.5779268475598656e-05,"(np.float64(4.5779268475598656e-05), np.float64(0.1553586423397064), np.float64(581956288.0))"
40,S3R69SNR_N40_B03_n40_sentinel,stage3_native_combined552,N40_sentinel_control,"[39,38,37,36,35,34,33,32,31,30,29,28,27,26,25,24,23,22,21,20,19,18,17,16,15,14,13,12,11,10,9,8,7,6,5,4,3,2,1,0]","39,38,37,36,35,34,33,32,31,30,29,28,27,26,25,24,23,22,21,20,19,18,17,16,15,14,13,12,11,10,9,8,7,6,5,4,3,2,1,0",7bfd40e7a6537db1,True,PASS_TEACHER_FIELDS_EXTRACTED,0.0014464138075709,0.2005163431167602,585363712.0,579929728.0,,,False,215.0,0.9347826086956522,False,False,229.0,0.9956521739130435,False,False,182.0,0.7913043478260869,False,False,230.0,1.0,False,False,215.0,0.9347826086956522,False,False,0.06550218340611358,0.02633187772925766,0.0,191.0,0.025609756097560957,4.5779268475598656e-05,"(np.float64(4.5779268475598656e-05), np.float64(0.1553586423397064), np.float64(581956288.0))"
40,S3R69SNR_N40_B04_n40_uncertainty,stage3_native_combined552,N40_uncertainty_anchor,"[0,2,4,7,9,11,13,15,17,19,20,22,24,26,28,30,32,38,36,34,18,16,14,12,10,8,6,5,3,1,21,23,25,27,29,31,33,35,39,37]","0,2,4,7,9,11,13,15,17,19,20,22,24,26,28,30,32,38,36,34,18,16,14,12,10,8,6,5,3,1,21,23,25,27,29,31,33,35,39,37",7fe0a8bda43590a7,True,PASS_TEACHER_FIELDS_EXTRACTED,0.000152768292537,0.159089058637619,584628864.0,579927424.0,,,False,105.0,0.45652173913043476,False,False,129.0,0.5608695652173913,False,False,169.0,0.7347826086956522,False,False,134.0,0.5826086956521739,False,False,105.0,0.45652173913043476,False,False,0.5458515283842795,0.32567685589519657,0.0,105.0,0.1724390243902439,4.5779268475598656e-05,"(np.float64(4.5779268475598656e-05), np.float64(0.1553586423397064), np.float64(581956288.0))"
24,S3R74FSD_N24_B01_n24_anchor_ref,stage3_native_combined552,N24_anchor_top_density_reference,"[22,17,15,1,9,7,5,3,13,11,19,21,23,0,2,4,6,8,10,12,14,16,18,20]","22,17,15,1,9,7,5,3,13,11,19,21,23,0,2,4,6,8,10,12,14,16,18,20",d7ba002519eefbc4,True,PASS_TEACHER_FIELDS_EXTRACTED,4.495266580306634e-05,0.1542437821626663,582444480.0,579944384.0,,,False,25.0,0.11682242990654206,False,True,48.0,0.22429906542056074,False,True,100.0,0.4672897196261682,False,False,136.0,0.6355140186915887,False,False,25.0,0.11682242990654206,False,True,1.137323943661972,0.8375586854460095,1.0,25.0,0.6123147805815243,2.9523077955673216e-05,"(np.float64(2.9523077955673216e-05), np.float64(0.1587531119585037), np.float64(582666368.0))"
24,S3R74FSD_N24_B02_n24_anchor_ref,stage3_native_combined552,N24_anchor_top_density_reference,"[22,17,15,13,11,1,3,5,7,9,19,21,23,0,2,4,6,8,10,12,14,16,18,20]","22,17,15,13,11,1,3,5,7,9,19,21,23,0,2,4,6,8,10,12,14,16,18,20",3b4b69afba173369,True,PASS_TEACHER_FIELDS_EXTRACTED,4.6763470891164616e-05,0.1578554660081863,582119488.0,579944448.0,,,False,30.0,0.14018691588785046,False,True,122.0,0.5700934579439252,False,False,76.0,0.35514018691588783,False,False,161.0,0.7523364485981309,False,False,30.0,0.14018691588785046,False,True,1.113849765258216,0.4803004694835681,1.0,30.0,0.5776240697283415,2.9523077955673216e-05,"(np.float64(2.9523077955673216e-05), np.float64(0.1587531119585037), np.float64(582666368.0))"
40,S3R74FSD_N40_B01_n40_anchor_ref,stage3_native_combined552,N40_anchor_u2_reward_reference,"[0,2,4,7,9,11,13,15,17,19,32,36,38,34,30,28,26,24,22,20,18,16,14,12,10,8,6,5,3,1,21,23,25,27,29,31,33,35,39,37]","0,2,4,7,9,11,13,15,17,19,32,36,38,34,30,28,26,24,22,20,18,16,14,12,10,8,6,5,3,1,21,23,25,27,29,31,33,35,39,37",8fa9a86e354e7e40,True,PASS_TEACHER_FIELDS_EXTRACTED,5.995848368911538e-05,0.1530008167028427,582012928.0,579927488.0,,,False,20.0,0.08695652173913043,True,True,28.0,0.12173913043478261,False,True,49.0,0.21304347826086956,False,True,138.0,0.6,False,False,20.0,0.08695652173913043,True,True,1.7,0.8999126637554584,1.0,20.0,0.7310770897423962,4.5779268475598656e-05,"(np.float64(4.5779268475598656e-05), np.float64(0.1553586423397064), np.float64(581956288.0))"
40,S3R74FSD_N40_B02_n40_anchor_ref,stage3_native_combined552,N40_anchor_u2_reward_reference,"[0,2,4,7,9,11,13,15,17,19,30,32,38,36,34,28,26,24,22,20,18,16,14,12,10,8,6,5,3,1,21,23,25,27,29,31,33,35,39,37]","0,2,4,7,9,11,13,15,17,19,30,32,38,36,34,28,26,24,22,20,18,16,14,12,10,8,6,5,3,1,21,23,25,27,29,31,33,35,39,37",8dcfe2b90c080e0c,True,PASS_TEACHER_FIELDS_EXTRACTED,6.69350556563586e-05,0.1530580669641494,582034624.0,579927552.0,,,False,31.0,0.13478260869565217,False,True,35.0,0.15217391304347827,False,True,57.0,0.24782608695652175,False,True,157.0,0.6826086956521739,False,False,31.0,0.13478260869565217,False,True,1.1189956331877728,0.856419213973799,1.0,31.0,0.6327161031067798,4.5779268475598656e-05,"(np.float64(4.5779268475598656e-05), np.float64(0.1553586423397064), np.float64(581956288.0))"
24,PPOV01_N24_B01_deterministic,ppo_v01_teacher_validated,PPO_checkpoint_inference,"[11,1,3,15,23,21,19,17,13,9,7,5,0,2,6,8,4,10,16,18,20,22,14,12]","11,1,3,15,23,21,19,17,13,9,7,5,0,2,6,8,4,10,16,18,20,22,14,12",df821abc1c971d88,True,PASS_TEACHER_FIELDS_EXTRACTED,0.0001435850494999,0.1531748324632644,585510336.0,579944384.0,,,False,148.0,0.6915887850467289,False,False,30.0,0.14018691588785046,False,True,189.0,0.883177570093458,False,False,136.0,0.6355140186915887,False,False,148.0,0.6915887850467289,False,False,0.3098591549295775,0.3008450704225352,0.0,136.0,0.09999999999999999,2.9523077955673216e-05,"(np.float64(2.9523077955673216e-05), np.float64(0.1587531119585037), np.float64(582666368.0))"
24,PPOV01_N24_B02_surrogate_top,ppo_v01_teacher_validated,PPO_checkpoint_inference,"[11,3,1,15,23,21,13,17,19,22,9,7,5,0,2,4,6,8,10,12,16,20,18,14]","11,3,1,15,23,21,13,17,19,22,9,7,5,0,2,4,6,8,10,12,16,20,18,14",439833e86223ed31,True,PASS_TEACHER_FIELDS_EXTRACTED,0.0001335984698016,0.1572492122650146,585545088.0,579943488.0,,,False,141.0,0.6588785046728972,False,False,108.0,0.5046728971962616,False,False,191.0,0.8925233644859814,False,False,24.0,0.11214953271028037,False,True,141.0,0.6588785046728972,False,False,0.34272300469483563,0.29154929577464783,0.0,135.0,0.10185185185185186,2.9523077955673216e-05,"(np.float64(2.9523077955673216e-05), np.float64(0.1587531119585037), np.float64(582666368.0))"
24,PPOV01_N24_B03_surrogate_top,ppo_v01_teacher_validated,PPO_checkpoint_inference,"[11,1,3,15,21,23,19,17,13,22,9,7,5,0,2,6,8,4,10,12,16,18,20,14]","11,1,3,15,21,23,19,17,13,22,9,7,5,0,2,6,8,4,10,12,16,18,20,14",6c63f73cf47f85c7,True,PASS_TEACHER_FIELDS_EXTRACTED,0.0001460576495446,0.1596533060073852,585735488.0,579943552.0,,,False,149.0,0.6962616822429907,False,False,151.0,0.705607476635514,False,False,195.0,0.9112149532710281,False,False,33.0,0.1542056074766355,False,True,149.0,0.6962616822429907,False,False,0.30516431924882625,0.14746478873239435,0.0,136.0,0.09999999999999999,2.9523077955673216e-05,"(np.float64(2.9523077955673216e-05), np.float64(0.1587531119585037), np.float64(582666368.0))"
24,PPOV01_N24_B04_surrogate_top,ppo_v01_teacher_validated,PPO_checkpoint_inference,"[11,3,1,15,23,21,13,17,22,19,9,7,5,0,2,6,8,4,10,12,16,18,20,14]","11,3,1,15,23,21,13,17,22,19,9,7,5,0,2,6,8,4,10,12,16,18,20,14",30e6b90605fe207b,True,PASS_TEACHER_FIELDS_EXTRACTED,0.0001760356522026,0.1579391360282898,585611968.0,579944256.0,,,False,160.0,0.7476635514018691,False,False,125.0,0.5841121495327103,False,False,192.0,0.897196261682243,False,False,118.0,0.5514018691588785,False,False,160.0,0.7476635514018691,False,False,0.2535211267605634,0.138,0.0,139.0,0.09444444444444446,2.9523077955673216e-05,"(np.float64(2.9523077955673216e-05), np.float64(0.1587531119585037), np.float64(582666368.0))"
24,PPOV01_N24_B05_diverse_tophalf,ppo_v01_teacher_validated,PPO_checkpoint_inference,"[11,3,1,15,21,23,19,13,9,7,17,5,0,2,6,8,10,4,12,16,18,20,22,14]","11,3,1,15,21,23,19,13,9,7,17,5,0,2,6,8,10,4,12,16,18,20,22,14",a8f881f2ef3f71e2,True,PASS_TEACHER_FIELDS_EXTRACTED,0.0001951592737441,0.1526614278554916,584139200.0,579944640.0,,,False,168.0,0.7850467289719626,False,False,23.0,0.10747663551401869,False,True,171.0,0.7990654205607477,False,False,188.0,0.8785046728971962,False,False,168.0,0.7850467289719626,False,False,0.215962441314554,0.23619718309859156,0.0,145.0,0.08333333333333334,2.9523077955673216e-05,"(np.float64(2.9523077955673216e-05), np.float64(0.1587531119585037), np.float64(582666368.0))"
24,PPOV01_N24_B06_diverse_tophalf,ppo_v01_teacher_validated,PPO_checkpoint_inference,"[11,1,3,15,23,19,13,21,17,9,7,5,0,6,2,4,8,10,12,16,22,20,18,14]","11,1,3,15,23,19,13,21,17,9,7,5,0,6,2,4,8,10,12,16,22,20,18,14",323fc92635a0ad11,True,PASS_TEACHER_FIELDS_EXTRACTED,0.0001617728407836,0.156264066696167,585511232.0,579944384.0,,,False,159.0,0.7429906542056075,False,False,90.0,0.4205607476635514,False,False,190.0,0.8878504672897196,False,False,136.0,0.6355140186915887,False,False,159.0,0.7429906542056075,False,False,0.2582159624413145,0.23830985915492953,0.0,139.0,0.09444444444444446,2.9523077955673216e-05,"(np.float64(2.9523077955673216e-05), np.float64(0.1587531119585037), np.float64(582666368.0))"
24,PPOV01_N24_B07_novelty_tophalf,ppo_v01_teacher_validated,PPO_checkpoint_inference,"[11,3,1,15,23,21,19,13,7,17,9,5,0,2,6,8,4,10,16,18,22,20,14,12]","11,3,1,15,23,21,19,13,7,17,9,5,0,2,6,8,4,10,16,18,22,20,14,12",6e9031851c4fd19e,True,PASS_TEACHER_FIELDS_EXTRACTED,0.0001893580988507,0.1512520015239715,584889728.0,579944320.0,,,False,165.0,0.7710280373831776,False,False,9.0,0.04205607476635514,True,True,182.0,0.8504672897196262,False,False,129.0,0.602803738317757,False,False,165.0,0.7710280373831776,False,False,0.2300469483568075,0.2522535211267606,0.0,143.0,0.08703703703703705,2.9523077955673216e-05,"(np.float64(2.9523077955673216e-05), np.float64(0.1587531119585037), np.float64(582666368.0))"
24,PPOV01_N24_B08_stochastic_highreward,ppo_v01_teacher_validated,PPO_checkpoint_inference,"[11,1,3,15,21,23,19,17,9,22,13,7,5,0,2,6,4,8,10,12,16,18,20,14]","11,1,3,15,21,23,19,17,9,22,13,7,5,0,2,6,4,8,10,12,16,18,20,14",f61d232781754d8e,True,PASS_TEACHER_FIELDS_EXTRACTED,0.0001286480594444,0.1618060618638992,585438848.0,579943552.0,,,False,137.0,0.6401869158878505,False,False,167.0,0.780373831775701,False,False,188.0,0.8785046728971962,False,False,33.0,0.1542056074766355,False,True,137.0,0.6401869158878505,False,False,0.3615023474178404,0.16301408450704227,0.0,134.0,0.10370370370370369,2.9523077955673216e-05,"(np.float64(2.9523077955673216e-05), np.float64(0.1587531119585037), np.float64(582666368.0))"
40,PPOV01_N40_B01_deterministic,ppo_v01_teacher_validated,PPO_checkpoint_inference,"[11,1,3,15,21,23,37,31,29,25,39,35,27,33,17,19,13,5,0,7,9,20,24,36,32,30,38,34,22,26,28,18,6,4,8,16,14,12,10,2]","11,1,3,15,21,23,37,31,29,25,39,35,27,33,17,19,13,5,0,7,9,20,24,36,32,30,38,34,22,26,28,18,6,4,8,16,14,12,10,2",5015aabd66c74efa,True,PASS_TEACHER_FIELDS_EXTRACTED,0.0005421275095613,0.1637966185808181,583024832.0,579926912.0,,,False,165.0,0.717391304347826,False,False,173.0,0.7521739130434782,False,False,117.0,0.508695652173913,False,False,108.0,0.46956521739130436,False,False,165.0,0.717391304347826,False,False,0.2838427947598253,0.13480349344978168,0.0,148.0,0.09902439024390244,4.5779268475598656e-05,"(np.float64(4.5779268475598656e-05), np.float64(0.1553586423397064), np.float64(581956288.0))"
40,PPOV01_N40_B02_surrogate_top,ppo_v01_teacher_validated,PPO_checkpoint_inference,"[11,3,1,15,23,21,29,31,37,39,27,17,33,35,19,25,13,9,0,7,5,20,22,32,36,34,24,26,30,38,28,6,2,18,4,8,10,16,14,12]","11,3,1,15,23,21,29,31,37,39,27,17,33,35,19,25,13,9,0,7,5,20,22,32,36,34,24,26,30,38,28,6,2,18,4,8,10,16,14,12",b3be48f2d4e40a36,True,PASS_TEACHER_FIELDS_EXTRACTED,0.0005475423565712,0.162598118185997,589503488.0,579926592.0,,,False,166.0,0.7217391304347827,False,False,162.0,0.7043478260869566,False,False,218.0,0.9478260869565217,False,False,95.0,0.41304347826086957,False,False,166.0,0.7217391304347827,False,False,0.2794759825327511,0.13739737991266374,0.0,148.0,0.09902439024390244,4.5779268475598656e-05,"(np.float64(4.5779268475598656e-05), np.float64(0.1553586423397064), np.float64(581956288.0))"
40,PPOV01_N40_B03_surrogate_top,ppo_v01_teacher_validated,PPO_checkpoint_inference,"[11,1,3,15,37,29,21,23,31,35,33,27,39,25,13,17,19,9,7,5,0,6,20,30,36,22,24,26,32,34,38,28,18,14,16,4,2,8,12,10]","11,1,3,15,37,29,21,23,31,35,33,27,39,25,13,17,19,9,7,5,0,6,20,30,36,22,24,26,32,34,38,28,18,14,16,4,2,8,12,10",b63f604e997672fc,True,PASS_TEACHER_FIELDS_EXTRACTED,0.0005280987975311,0.1539924144744873,586021120.0,579925568.0,,,False,162.0,0.7043478260869566,False,False,72.0,0.3130434782608696,False,False,193.0,0.8391304347826087,False,False,18.0,0.0782608695652174,True,True,162.0,0.7043478260869566,False,False,0.29694323144104806,0.27589519650655026,0.0,147.0,0.10073170731707318,4.5779268475598656e-05,"(np.float64(4.5779268475598656e-05), np.float64(0.1553586423397064), np.float64(581956288.0))"
40,PPOV01_N40_B04_surrogate_top,ppo_v01_teacher_validated,PPO_checkpoint_inference,"[11,1,3,15,21,17,37,39,29,31,35,13,23,27,25,33,19,9,0,5,7,20,24,32,26,34,22,38,36,30,28,8,6,4,16,18,12,14,10,2]","11,1,3,15,21,17,37,39,29,31,35,13,23,27,25,33,19,9,0,5,7,20,24,32,26,34,22,38,36,30,28,8,6,4,16,18,12,14,10,2",e93f64804bdaeb41,True,PASS_TEACHER_FIELDS_EXTRACTED,0.0005660728279508,0.154437705874443,582664128.0,579926848.0,,,False,170.0,0.7391304347826086,False,False,81.0,0.3521739130434783,False,False,111.0,0.4826086956521739,False,False,107.0,0.4652173913043478,False,False,170.0,0.7391304347826086,False,False,0.2620087336244541,0.24720524017467244,0.0,149.0,0.09731707317073171,4.5779268475598656e-05,"(np.float64(4.5779268475598656e-05), np.float64(0.1553586423397064), np.float64(581956288.0))"
40,PPOV01_N40_B05_diverse_tophalf,ppo_v01_teacher_validated,PPO_checkpoint_inference,"[11,3,1,21,15,27,39,35,25,37,31,29,19,23,33,17,7,13,5,0,9,30,20,24,32,38,28,34,36,26,22,16,6,8,12,4,2,14,18,10]","11,3,1,21,15,27,39,35,25,37,31,29,19,23,33,17,7,13,5,0,9,30,20,24,32,38,28,34,36,26,22,16,6,8,12,4,2,14,18,10",88295961bef21668,True,PASS_TEACHER_FIELDS_EXTRACTED,0.0007052463110994,0.1539645344018936,582896768.0,579925504.0,,,False,186.0,0.808695652173913,False,False,71.0,0.30869565217391304,False,False,114.0,0.4956521739130435,False,False,17.0,0.07391304347826087,True,True,186.0,0.808695652173913,False,False,0.19213973799126638,0.2008296943231441,0.0,163.0,0.07341463414634145,4.5779268475598656e-05,"(np.float64(4.5779268475598656e-05), np.float64(0.1553586423397064), np.float64(581956288.0))"
40,PPOV01_N40_B06_diverse_tophalf,ppo_v01_teacher_validated,PPO_checkpoint_inference,"[11,1,15,3,39,21,23,17,27,37,31,35,33,29,25,19,13,7,5,0,6,9,20,22,24,30,32,36,34,26,38,28,14,18,4,2,8,10,12,16]","11,1,15,3,39,21,23,17,27,37,31,35,33,29,25,19,13,7,5,0,6,9,20,22,24,30,32,36,34,26,38,28,14,18,4,2,8,10,12,16",d8b811f462e44e1f,True,PASS_TEACHER_FIELDS_EXTRACTED,0.0005497977463164,0.1537813395261764,585889088.0,579926528.0,,,False,167.0,0.7260869565217392,False,False,65.0,0.2826086956521739,False,False,186.0,0.808695652173913,False,False,69.0,0.3,False,False,167.0,0.7260869565217392,False,False,0.27510917030567683,0.2629257641921397,0.0,148.0,0.09902439024390244,4.5779268475598656e-05,"(np.float64(4.5779268475598656e-05), np.float64(0.1553586423397064), np.float64(581956288.0))"
40,PPOV01_N40_B07_novelty_tophalf,ppo_v01_teacher_validated,PPO_checkpoint_inference,"[11,1,3,27,15,21,37,39,33,31,35,23,25,29,17,19,9,5,0,7,13,28,36,38,22,24,20,32,30,34,26,18,6,16,14,12,4,8,10,2]","11,1,3,27,15,21,37,39,33,31,35,23,25,29,17,19,9,5,0,7,13,28,36,38,22,24,20,32,30,34,26,18,6,16,14,12,4,8,10,2",a5ecd0c8859debb5,True,PASS_TEACHER_FIELDS_EXTRACTED,0.000474216584962,0.154445469379425,583564800.0,579925696.0,,,False,156.0,0.6782608695652174,False,False,82.0,0.3565217391304348,False,False,136.0,0.591304347826087,False,False,25.0,0.10869565217391304,False,True,156.0,0.6782608695652174,False,False,0.3231441048034934,0.2908296943231441,0.0,147.0,0.10073170731707318,4.5779268475598656e-05,"(np.float64(4.5779268475598656e-05), np.float64(0.1553586423397064), np.float64(581956288.0))"
40,PPOV01_N40_B08_stochastic_highreward,ppo_v01_teacher_validated,PPO_checkpoint_inference,"[11,3,1,15,21,29,35,23,37,39,31,33,19,17,25,27,32,13,9,0,7,5,20,22,38,36,34,26,24,30,28,6,18,10,16,14,4,2,8,12]","11,3,1,15,21,29,35,23,37,39,31,33,19,17,25,27,32,13,9,0,7,5,20,22,38,36,34,26,24,30,28,6,18,10,16,14,4,2,8,12",2ea5741bff7be54f,True,PASS_TEACHER_FIELDS_EXTRACTED,0.0005359142433007,0.1599127948284149,584465408.0,579926720.0,,,False,163.0,0.7086956521739131,False,False,136.0,0.591304347826087,False,False,164.0,0.7130434782608696,False,False,102.0,0.4434782608695652,False,False,163.0,0.7086956521739131,False,False,0.2925764192139738,0.15280349344978167,0.0,147.0,0.10073170731707318,4.5779268475598656e-05,"(np.float64(4.5779268475598656e-05), np.float64(0.1553586423397064), np.float64(581956288.0))"
24,PPOV02_N24_B01_deterministic,ppo_v02K2_teacher_validated,PPO_v02K2_or_v02_checkpoint_inference,"[21,17,3,7,9,13,5,1,11,15,19,23,0,2,18,20,22,4,8,10,12,14,6,16]","21,17,3,7,9,13,5,1,11,15,19,23,0,2,18,20,22,4,8,10,12,14,6,16",ff37fba1e29bb951,True,PASS_TEACHER_FIELDS_EXTRACTED,0.0001373703046283,0.1570048183202743,582478464.0,579943296.0,0.6618605894466809,0.6379732442250574,False,143.0,0.6682242990654206,False,False,102.0,0.4766355140186916,False,False,104.0,0.48598130841121495,False,False,9.0,0.04205607476635514,True,True,143.0,0.6682242990654206,False,False,0.33333333333333337,0.28732394366197184,0.0,135.0,0.10185185185185186,2.9523077955673216e-05,"(np.float64(2.9523077955673216e-05), np.float64(0.1587531119585037), np.float64(582666368.0))"
24,PPOV02_N24_B02_conservative_top,ppo_v02K2_teacher_validated,PPO_v02K2_or_v02_checkpoint_inference,"[21,17,3,7,9,13,1,5,11,15,19,23,0,2,18,20,22,4,8,10,12,14,6,16]","21,17,3,7,9,13,1,5,11,15,19,23,0,2,18,20,22,4,8,10,12,14,6,16",0ff174d17e9a1393,True,PASS_TEACHER_FIELDS_EXTRACTED,0.0001405746613727,0.1568506360054016,582553984.0,579944192.0,0.6781519342470662,0.6500268544277213,False,145.0,0.677570093457944,False,False,97.0,0.4532710280373832,False,False,109.0,0.5093457943925234,False,False,109.0,0.5093457943925234,False,False,145.0,0.677570093457944,False,False,0.323943661971831,0.28267605633802817,0.0,135.0,0.10185185185185186,2.9523077955673216e-05,"(np.float64(2.9523077955673216e-05), np.float64(0.1587531119585037), np.float64(582666368.0))"
24,PPOV02_N24_B03_conservative_top,ppo_v02K2_teacher_validated,PPO_v02K2_or_v02_checkpoint_inference,"[21,17,3,7,9,13,1,5,11,15,19,23,0,2,18,20,22,4,8,10,12,14,16,6]","21,17,3,7,9,13,1,5,11,15,19,23,0,2,18,20,22,4,8,10,12,14,16,6",c8f6c3a9e447340c,True,PASS_TEACHER_FIELDS_EXTRACTED,0.0001253161628937,0.1559049040079116,582563008.0,579944192.0,0.6781519342470662,0.6500016411241781,False,136.0,0.6355140186915887,False,False,75.0,0.35046728971962615,False,False,111.0,0.5186915887850467,False,False,109.0,0.5093457943925234,False,False,136.0,0.6355140186915887,False,False,0.3661971830985915,0.3223943661971831,0.0,134.0,0.10370370370370369,2.9523077955673216e-05,"(np.float64(2.9523077955673216e-05), np.float64(0.1587531119585037), np.float64(582666368.0))"
24,PPOV02_N24_B04_conservative_top,ppo_v02K2_teacher_validated,PPO_v02K2_or_v02_checkpoint_inference,"[21,17,3,7,9,13,1,5,11,15,19,23,0,2,18,20,22,4,8,10,12,6,14,16]","21,17,3,7,9,13,1,5,11,15,19,23,0,2,18,20,22,4,8,10,12,6,14,16",25710a3b8b1e15d8,True,PASS_TEACHER_FIELDS_EXTRACTED,0.0001418486497186,0.1580588072538375,582541824.0,579944256.0,0.6781519342470662,0.6482882321571113,False,146.0,0.6822429906542056,False,False,126.0,0.5887850467289719,False,False,108.0,0.5046728971962616,False,False,118.0,0.5514018691588785,False,False,146.0,0.6822429906542056,False,False,0.31924882629107976,0.1636056338028169,0.0,135.0,0.10185185185185186,2.9523077955673216e-05,"(np.float64(2.9523077955673216e-05), np.float64(0.1587531119585037), np.float64(582666368.0))"
24,PPOV02_N24_B05_conservative_top,ppo_v02K2_teacher_validated,PPO_v02K2_or_v02_checkpoint_inference,"[21,17,7,3,9,13,5,1,11,15,23,19,0,2,18,20,22,4,8,10,12,14,6,16]","21,17,7,3,9,13,5,1,11,15,23,19,0,2,18,20,22,4,8,10,12,14,6,16",c24bc45fe2056c79,True,PASS_TEACHER_FIELDS_EXTRACTED,0.0001512951259883,0.1581601947546005,582413952.0,579944192.0,0.6584063149708338,0.6390767891815406,False,154.0,0.719626168224299,False,False,129.0,0.602803738317757,False,False,94.0,0.4392523364485981,False,False,109.0,0.5093457943925234,False,False,154.0,0.719626168224299,False,False,0.2816901408450704,0.14746478873239435,0.0,137.0,0.09814814814814815,2.9523077955673216e-05,"(np.float64(2.9523077955673216e-05), np.float64(0.1587531119585037), np.float64(582666368.0))"
24,PPOV02_N24_B06_conservative_top,ppo_v02K2_teacher_validated,PPO_v02K2_or_v02_checkpoint_inference,"[21,17,7,3,9,13,5,1,11,15,19,23,0,2,18,20,22,4,8,10,12,14,16,6]","21,17,7,3,9,13,5,1,11,15,19,23,0,2,18,20,22,4,8,10,12,14,16,6",5a3e5b67b567e659,True,PASS_TEACHER_FIELDS_EXTRACTED,0.0001312723863975,0.1560669243335724,582418432.0,579944192.0,0.6549937951091864,0.639070100039858,False,139.0,0.6495327102803738,False,False,81.0,0.37850467289719625,False,False,97.0,0.4532710280373832,False,False,109.0,0.5093457943925234,False,False,139.0,0.6495327102803738,False,False,0.352112676056338,0.30971830985915494,0.0,134.0,0.10370370370370369,2.9523077955673216e-05,"(np.float64(2.9523077955673216e-05), np.float64(0.1587531119585037), np.float64(582666368.0))"
24,PPOV02_N24_B07_conservative_top,ppo_v02K2_teacher_validated,PPO_v02K2_or_v02_checkpoint_inference,"[21,17,7,3,9,13,5,1,11,15,19,23,0,2,18,20,22,4,8,10,12,14,6,16]","21,17,7,3,9,13,5,1,11,15,19,23,0,2,18,20,22,4,8,10,12,14,6,16",d8c8080ed994dc75,True,PASS_TEACHER_FIELDS_EXTRACTED,0.0001466702935886,0.1569990962743759,582414528.0,579943296.0,0.6549937951091864,0.6387758045139915,False,150.0,0.7009345794392523,False,False,101.0,0.4719626168224299,False,False,95.0,0.4439252336448598,False,False,9.0,0.04205607476635514,True,True,150.0,0.7009345794392523,False,False,0.3004694835680751,0.2640845070422535,0.0,136.0,0.09999999999999999,2.9523077955673216e-05,"(np.float64(2.9523077955673216e-05), np.float64(0.1587531119585037), np.float64(582666368.0))"
24,PPOV02_N24_B08_conservative_top,ppo_v02K2_teacher_validated,PPO_v02K2_or_v02_checkpoint_inference,"[21,17,3,7,9,13,5,1,11,15,19,23,0,2,18,20,22,4,8,10,12,14,16,6]","21,17,3,7,9,13,5,1,11,15,19,23,0,2,18,20,22,4,8,10,12,14,16,6",2016af1b67bc04b5,True,PASS_TEACHER_FIELDS_EXTRACTED,0.0001219500038587,0.1558585613965988,582482496.0,579944192.0,0.6618605894466809,0.6379882652362484,False,133.0,0.6214953271028038,False,False,73.0,0.3411214953271028,False,False,105.0,0.49065420560747663,False,False,109.0,0.5093457943925234,False,False,133.0,0.6214953271028038,False,False,0.3802816901408451,0.33338028169014083,0.0,132.0,0.1074074074074074,2.9523077955673216e-05,"(np.float64(2.9523077955673216e-05), np.float64(0.1587531119585037), np.float64(582666368.0))"
24,PPOV02_N24_B09_diverse_tophalf,ppo_v02K2_teacher_validated,PPO_v02K2_or_v02_checkpoint_inference,"[21,3,17,7,13,9,5,11,1,15,23,19,20,0,2,18,22,4,8,10,12,14,6,16]","21,3,17,7,13,9,5,11,1,15,23,19,20,0,2,18,22,4,8,10,12,14,6,16",ff6181ae5f5a3b35,True,PASS_TEACHER_FIELDS_EXTRACTED,0.0001511850073256,0.1584213674068451,582500800.0,579944128.0,0.6600199010313651,0.6308376114450673,False,153.0,0.7149532710280374,False,False,132.0,0.616822429906542,False,False,107.0,0.5,False,False,101.0,0.4719626168224299,False,False,153.0,0.7149532710280374,False,False,0.2863849765258216,0.14805633802816903,0.0,137.0,0.09814814814814815,2.9523077955673216e-05,"(np.float64(2.9523077955673216e-05), np.float64(0.1587531119585037), np.float64(582666368.0))"
24,PPOV02_N24_B10_diverse_tophalf,ppo_v02K2_teacher_validated,PPO_v02K2_or_v02_checkpoint_inference,"[21,3,17,9,7,13,5,1,11,15,19,23,0,2,18,20,22,8,10,12,4,6,14,16]","21,3,17,9,7,13,5,1,11,15,19,23,0,2,18,20,22,8,10,12,4,6,14,16",47760e25947f63f9,True,PASS_TEACHER_FIELDS_EXTRACTED,0.0001572077326272,0.1567660719156265,582435264.0,579943296.0,0.6716951640917757,0.6356392439556197,False,157.0,0.7336448598130841,False,False,96.0,0.4485981308411215,False,False,99.0,0.46261682242990654,False,False,9.0,0.04205607476635514,True,True,157.0,0.7336448598130841,False,False,0.2676056338028169,0.2425352112676056,0.0,138.0,0.09629629629629628,2.9523077955673216e-05,"(np.float64(2.9523077955673216e-05), np.float64(0.1587531119585037), np.float64(582666368.0))"
24,PPOV02_N24_B11_diverse_tophalf,ppo_v02K2_teacher_validated,PPO_v02K2_or_v02_checkpoint_inference,"[21,17,3,9,7,13,15,1,5,11,19,23,18,0,2,22,20,4,8,10,12,14,6,16]","21,17,3,9,7,13,15,1,5,11,19,23,18,0,2,22,20,4,8,10,12,14,6,16",0c749c8bf0d90074,True,PASS_TEACHER_FIELDS_EXTRACTED,0.0001355442798285,0.1595543026924133,582466368.0,579943296.0,0.6554263196367985,0.6303504529920838,False,142.0,0.6635514018691588,False,False,148.0,0.6915887850467289,False,False,103.0,0.48130841121495327,False,False,9.0,0.04205607476635514,True,True,142.0,0.6635514018691588,False,False,0.3380281690140845,0.16174647887323945,0.0,135.0,0.10185185185185186,2.9523077955673216e-05,"(np.float64(2.9523077955673216e-05), np.float64(0.1587531119585037), np.float64(582666368.0))"
24,PPOV02_N24_B12_diverse_tophalf,ppo_v02K2_teacher_validated,PPO_v02K2_or_v02_checkpoint_inference,"[21,3,17,7,9,13,5,1,11,23,15,19,0,2,18,22,20,4,8,10,12,6,14,16]","21,3,17,7,9,13,5,1,11,23,15,19,0,2,18,22,20,4,8,10,12,6,14,16",3995ed2b0c2db6cc,True,PASS_TEACHER_FIELDS_EXTRACTED,0.0001403370131356,0.1574152559041977,582492352.0,579944192.0,0.657739953686204,0.6320727907972225,False,144.0,0.6728971962616822,False,False,114.0,0.5327102803738317,False,False,106.0,0.4953271028037383,False,False,109.0,0.5093457943925234,False,False,144.0,0.6728971962616822,False,False,0.32863849765258213,0.2788732394366197,0.0,135.0,0.10185185185185186,2.9523077955673216e-05,"(np.float64(2.9523077955673216e-05), np.float64(0.1587531119585037), np.float64(582666368.0))"
24,PPOV02_N24_B13_diverse_tophalf,ppo_v02K2_teacher_validated,PPO_v02K2_or_v02_checkpoint_inference,"[21,3,7,17,9,13,5,11,1,19,15,23,0,2,18,4,20,22,8,10,12,14,6,16]","21,3,7,17,9,13,5,11,1,19,15,23,0,2,18,4,20,22,8,10,12,14,6,16",12d8d508bf9c0aa0,True,PASS_TEACHER_FIELDS_EXTRACTED,0.0001307263842136,0.1622798889875412,582223488.0,579944192.0,0.6580546524284444,0.6318415479184212,False,138.0,0.6448598130841121,False,False,172.0,0.8037383177570093,False,False,83.0,0.3878504672897196,False,False,109.0,0.5093457943925234,False,False,138.0,0.6448598130841121,False,False,0.35680751173708924,0.15904225352112678,0.0,134.0,0.10370370370370369,2.9523077955673216e-05,"(np.float64(2.9523077955673216e-05), np.float64(0.1587531119585037), np.float64(582666368.0))"
24,PPOV02_N24_B14_novelty_tophalf,ppo_v02K2_teacher_validated,PPO_v02K2_or_v02_checkpoint_inference,"[21,17,7,3,13,9,5,1,11,15,19,23,0,2,18,20,22,4,8,10,12,6,14,16]","21,17,7,3,13,9,5,1,11,15,19,23,0,2,18,20,22,4,8,10,12,6,14,16",e9785cdd94f93113,True,PASS_TEACHER_FIELDS_EXTRACTED,0.0001495309904839,0.1570644378662109,582398400.0,579943360.0,0.6600199010313651,0.6366791768547079,False,152.0,0.7102803738317757,False,False,105.0,0.49065420560747663,False,False,93.0,0.43457943925233644,False,False,16.0,0.07476635514018691,True,True,152.0,0.7102803738317757,False,False,0.29107981220657275,0.2556338028169014,0.0,137.0,0.09814814814814815,2.9523077955673216e-05,"(np.float64(2.9523077955673216e-05), np.float64(0.1587531119585037), np.float64(582666368.0))"
24,PPOV02_N24_B15_novelty_tophalf,ppo_v02K2_teacher_validated,PPO_v02K2_or_v02_checkpoint_inference,"[21,9,17,3,7,13,5,1,11,15,19,23,0,2,18,20,22,4,8,10,12,6,14,16]","21,9,17,3,7,13,5,1,11,15,19,23,0,2,18,20,22,4,8,10,12,6,14,16",0b587b2305dd8692,True,PASS_TEACHER_FIELDS_EXTRACTED,0.0001557411108024,0.1584829539060592,582389120.0,579943360.0,0.6604327123822783,0.6300114696241449,False,156.0,0.7289719626168224,False,False,134.0,0.6261682242990654,False,False,91.0,0.4252336448598131,False,False,16.0,0.07476635514018691,True,True,156.0,0.7289719626168224,False,False,0.2723004694835681,0.14163380281690144,0.0,138.0,0.09629629629629628,2.9523077955673216e-05,"(np.float64(2.9523077955673216e-05), np.float64(0.1587531119585037), np.float64(582666368.0))"
24,PPOV02_N24_B16_novelty_tophalf,ppo_v02K2_teacher_validated,PPO_v02K2_or_v02_checkpoint_inference,"[21,3,17,7,9,13,5,1,11,15,19,23,0,2,18,20,22,4,8,6,12,10,14,16]","21,3,17,7,9,13,5,1,11,15,19,23,0,2,18,20,22,4,8,6,12,10,14,16",c13cf1f80061e36e,True,PASS_TEACHER_FIELDS_EXTRACTED,9.453498660150216e-05,0.1568864583969116,582455296.0,579944256.0,0.6549937951091864,0.6298483452884668,False,114.0,0.5327102803738317,False,False,98.0,0.45794392523364486,False,False,102.0,0.4766355140186916,False,False,118.0,0.5514018691588785,False,False,114.0,0.5327102803738317,False,False,0.4694835680751174,0.38704225352112676,0.0,114.0,0.14074074074074072,2.9523077955673216e-05,"(np.float64(2.9523077955673216e-05), np.float64(0.1587531119585037), np.float64(582666368.0))"
40,PPOV02K2_N40_B01_deterministic,ppo_v02K2_teacher_validated,PPO_v02K2_or_v02_checkpoint_inference,"[37,35,29,20,24,26,30,25,23,19,17,13,11,9,7,5,3,1,0,2,4,6,8,10,14,16,18,12,15,21,22,28,34,38,36,32,27,31,33,39]","37,35,29,20,24,26,30,25,23,19,17,13,11,9,7,5,3,1,0,2,4,6,8,10,14,16,18,12,15,21,22,28,34,38,36,32,27,31,33,39",bcf2d41b8aa56c9f,True,PASS_TEACHER_FIELDS_EXTRACTED,0.0004353335541509,0.164111778140068,581628416.0,579926976.0,0.5696744620500784,0.6336436014802016,True,151.0,0.6565217391304348,False,False,177.0,0.7695652173913043,False,False,14.0,0.06086956521739131,True,True,116.0,0.5043478260869565,False,False,151.0,0.6565217391304348,False,False,0.34497816593886466,0.0,0.0,147.0,0.0,4.5779268475598656e-05,"(np.float64(4.5779268475598656e-05), np.float64(0.1553586423397064), np.float64(581956288.0))"
40,PPOV02K2_N40_B02_top_reward,ppo_v02K2_teacher_validated,PPO_v02K2_or_v02_checkpoint_inference,"[37,35,29,24,20,30,26,25,23,19,17,13,11,9,7,5,3,1,0,2,4,6,8,10,14,18,16,12,15,21,22,28,38,36,34,32,27,31,33,39]","37,35,29,24,20,30,26,25,23,19,17,13,11,9,7,5,3,1,0,2,4,6,8,10,14,18,16,12,15,21,22,28,38,36,34,32,27,31,33,39",dbc3f8d62a762a03,True,PASS_TEACHER_FIELDS_EXTRACTED,0.0005173283552721,0.1693619191646576,581617024.0,579926912.0,0.5665774256651016,0.6367197231137901,True,161.0,0.7,False,False,202.0,0.8782608695652174,False,False,11.0,0.04782608695652174,True,True,108.0,0.46956521739130436,False,False,161.0,0.7,False,False,0.3013100436681223,0.0,0.0,147.0,0.0,4.5779268475598656e-05,"(np.float64(4.5779268475598656e-05), np.float64(0.1553586423397064), np.float64(581956288.0))"
40,PPOV02K2_N40_B03_top_reward,ppo_v02K2_teacher_validated,PPO_v02K2_or_v02_checkpoint_inference,"[37,35,29,20,24,26,30,25,23,19,17,13,11,9,7,5,3,1,0,2,4,6,8,10,14,16,18,12,15,21,22,28,38,36,34,32,31,27,33,39]","37,35,29,20,24,26,30,25,23,19,17,13,11,9,7,5,3,1,0,2,4,6,8,10,14,16,18,12,15,21,22,28,38,36,34,32,31,27,33,39",fc208f8b833e1113,True,PASS_TEACHER_FIELDS_EXTRACTED,0.0004007218865353,0.1655736118555069,581264000.0,579926912.0,0.5682436228482004,0.634096997497623,True,147.0,0.6391304347826087,False,False,190.0,0.8260869565217391,False,False,3.0,0.013043478260869565,True,True,108.0,0.46956521739130436,False,False,147.0,0.6391304347826087,False,False,0.36244541484716153,0.0,0.0,147.0,0.0,4.5779268475598656e-05,"(np.float64(4.5779268475598656e-05), np.float64(0.1553586423397064), np.float64(581956288.0))"
40,PPOV02K2_N40_B04_top_reward,ppo_v02K2_teacher_validated,PPO_v02K2_or_v02_checkpoint_inference,"[37,35,29,24,20,30,26,25,23,19,13,11,9,7,5,3,1,0,2,4,6,8,10,14,16,18,12,15,17,21,22,28,34,38,36,32,27,31,33,39]","37,35,29,24,20,30,26,25,23,19,13,11,9,7,5,3,1,0,2,4,6,8,10,14,16,18,12,15,17,21,22,28,34,38,36,32,27,31,33,39",8f5c87772dc094d8,True,PASS_TEACHER_FIELDS_EXTRACTED,0.0004919110515402,0.1662325114011764,581498368.0,579926912.0,0.5689349667449142,0.6338050270249607,True,159.0,0.691304347826087,False,False,193.0,0.8391304347826087,False,False,5.0,0.021739130434782608,True,True,108.0,0.46956521739130436,False,False,159.0,0.691304347826087,False,False,0.3100436681222707,0.0,0.0,147.0,0.0,4.5779268475598656e-05,"(np.float64(4.5779268475598656e-05), np.float64(0.1553586423397064), np.float64(581956288.0))"
40,PPOV02K2_N40_B05_top_reward,ppo_v02K2_teacher_validated,PPO_v02K2_or_v02_checkpoint_inference,"[37,35,29,20,24,26,30,25,23,19,17,13,11,9,7,5,3,1,0,2,4,6,8,10,14,16,18,12,15,21,22,28,32,36,38,34,31,27,33,39]","37,35,29,20,24,26,30,25,23,19,17,13,11,9,7,5,3,1,0,2,4,6,8,10,14,16,18,12,15,21,22,28,32,36,38,34,31,27,33,39",92f11a995b28f49a,True,PASS_TEACHER_FIELDS_EXTRACTED,0.0004395487351303,0.1641117632389068,581364544.0,579926912.0,0.5698171459311425,0.6335732086201543,True,152.0,0.6608695652173913,False,False,176.0,0.7652173913043478,False,False,4.0,0.017391304347826087,True,True,108.0,0.46956521739130436,False,False,152.0,0.6608695652173913,False,False,0.3406113537117904,0.0,0.0,147.0,0.0,4.5779268475598656e-05,"(np.float64(4.5779268475598656e-05), np.float64(0.1553586423397064), np.float64(581956288.0))"
40,PPOV02K2_N40_B06_top_reward,ppo_v02K2_teacher_validated,PPO_v02K2_or_v02_checkpoint_inference,"[37,35,29,20,24,30,26,25,23,19,17,13,11,9,7,5,3,1,0,2,4,6,8,10,14,16,18,12,15,21,22,28,34,38,36,32,27,31,33,39]","37,35,29,20,24,30,26,25,23,19,17,13,11,9,7,5,3,1,0,2,4,6,8,10,14,16,18,12,15,21,22,28,34,38,36,32,27,31,33,39",f0ff15c3d24ff363,True,PASS_TEACHER_FIELDS_EXTRACTED,0.0004298408098293,0.1647935509681701,581621824.0,579926976.0,0.568003599374022,0.6328728053149492,True,150.0,0.6521739130434783,False,False,184.0,0.8,False,False,12.0,0.05217391304347826,True,True,116.0,0.5043478260869565,False,False,150.0,0.6521739130434783,False,False,0.3493449781659389,0.0,0.0,147.0,0.0,4.5779268475598656e-05,"(np.float64(4.5779268475598656e-05), np.float64(0.1553586423397064), np.float64(581956288.0))"
40,PPOV02K2_N40_B07_top_reward,ppo_v02K2_teacher_validated,PPO_v02K2_or_v02_checkpoint_inference,"[37,35,29,20,24,30,26,25,23,19,17,13,11,9,7,5,3,1,0,2,4,6,8,10,14,18,16,12,15,21,22,28,32,36,38,34,27,31,33,39]","37,35,29,20,24,30,26,25,23,19,17,13,11,9,7,5,3,1,0,2,4,6,8,10,14,18,16,12,15,21,22,28,32,36,38,34,27,31,33,39",bc7edd1e01172812,True,PASS_TEACHER_FIELDS_EXTRACTED,0.0004893169293609,0.1696994602680206,581827264.0,579928064.0,0.5675647691705791,0.6325345448912482,True,157.0,0.6826086956521739,False,False,203.0,0.8826086956521739,False,False,24.0,0.10434782608695652,False,True,216.0,0.9391304347826087,False,False,157.0,0.6826086956521739,False,False,0.3187772925764192,0.0,0.0,147.0,0.0,4.5779268475598656e-05,"(np.float64(4.5779268475598656e-05), np.float64(0.1553586423397064), np.float64(581956288.0))"
40,PPOV02K2_N40_B08_top_reward,ppo_v02K2_teacher_validated,PPO_v02K2_or_v02_checkpoint_inference,"[37,35,29,26,24,20,30,25,23,19,17,13,11,9,7,5,1,3,6,4,2,0,8,10,14,16,18,12,15,21,22,28,38,36,34,32,27,31,33,39]","37,35,29,26,24,20,30,25,23,19,17,13,11,9,7,5,1,3,6,4,2,0,8,10,14,16,18,12,15,21,22,28,38,36,34,32,27,31,33,39",7a048ec0093acf89,True,PASS_TEACHER_FIELDS_EXTRACTED,0.0004496898109209,0.1644185185432434,581624960.0,579926912.0,0.5529480731611894,0.6316184553717522,True,154.0,0.6695652173913044,False,False,181.0,0.7869565217391304,False,False,13.0,0.05652173913043478,True,True,108.0,0.46956521739130436,False,False,154.0,0.6695652173913044,False,False,0.3318777292576419,0.0,0.0,147.0,0.0,4.5779268475598656e-05,"(np.float64(4.5779268475598656e-05), np.float64(0.1553586423397064), np.float64(581956288.0))"
40,PPOV02K2_N40_B09_diverse_tophalf,ppo_v02K2_teacher_validated,PPO_v02K2_or_v02_checkpoint_inference,"[37,35,29,24,20,30,26,18,23,25,19,17,13,9,11,7,5,3,1,0,2,4,6,8,10,12,16,14,15,21,22,28,34,38,36,32,31,27,33,39]","37,35,29,24,20,30,26,18,23,25,19,17,13,9,11,7,5,3,1,0,2,4,6,8,10,12,16,14,15,21,22,28,34,38,36,32,31,27,33,39",0e5e6502c9b3a638,True,PASS_TEACHER_FIELDS_EXTRACTED,0.0004904430095393,0.1743402332067489,581630976.0,579926912.0,0.5268061424100156,0.5948969612261887,True,158.0,0.6869565217391305,False,False,213.0,0.9260869565217391,False,False,16.0,0.06956521739130435,True,True,108.0,0.46956521739130436,False,False,158.0,0.6869565217391305,False,False,0.31441048034934493,0.0,0.0,147.0,0.0,4.5779268475598656e-05,"(np.float64(4.5779268475598656e-05), np.float64(0.1553586423397064), np.float64(581956288.0))"
40,PPOV02K2_N40_B10_diverse_tophalf,ppo_v02K2_teacher_validated,PPO_v02K2_or_v02_checkpoint_inference,"[37,35,29,24,20,30,26,23,25,19,17,11,13,7,5,9,3,1,6,4,0,2,8,10,12,16,18,14,15,21,22,28,32,34,38,36,39,33,31,27]","37,35,29,24,20,30,26,23,25,19,17,11,13,7,5,9,3,1,6,4,0,2,8,10,12,16,18,14,15,21,22,28,32,34,38,36,39,33,31,27",827cc7b310141cd0,True,PASS_TEACHER_FIELDS_EXTRACTED,0.0004211943544305,0.172539547085762,581657472.0,579927040.0,0.503350058685446,0.5937529263305197,True,149.0,0.6478260869565218,False,False,210.0,0.9130434782608695,False,False,17.0,0.07391304347826087,True,True,120.0,0.5217391304347826,False,False,149.0,0.6478260869565218,False,False,0.35371179039301315,0.0,0.0,147.0,0.0,4.5779268475598656e-05,"(np.float64(4.5779268475598656e-05), np.float64(0.1553586423397064), np.float64(581956288.0))"
40,PPOV02K2_N40_B11_diverse_tophalf,ppo_v02K2_teacher_validated,PPO_v02K2_or_v02_checkpoint_inference,"[37,29,35,30,20,24,26,25,19,23,17,13,11,9,7,5,1,3,8,4,2,0,6,10,12,14,16,18,15,21,22,28,32,34,38,36,39,33,27,31]","37,29,35,30,20,24,26,25,19,23,17,13,11,9,7,5,1,3,8,4,2,0,6,10,12,14,16,18,15,21,22,28,32,34,38,36,39,33,27,31",124447de22500cae,True,PASS_TEACHER_FIELDS_EXTRACTED,0.0005065298391855,0.1749878078699112,581670208.0,579928064.0,0.5133053305946793,0.5951203842664727,True,160.0,0.6956521739130435,False,False,215.0,0.9347826086956522,False,False,18.0,0.0782608695652174,True,True,216.0,0.9391304347826087,False,False,160.0,0.6956521739130435,False,False,0.30567685589519655,0.0,0.0,147.0,0.0,4.5779268475598656e-05,"(np.float64(4.5779268475598656e-05), np.float64(0.1553586423397064), np.float64(581956288.0))"
40,PPOV02K2_N40_B12_diverse_tophalf,ppo_v02K2_teacher_validated,PPO_v02K2_or_v02_checkpoint_inference,"[37,35,29,24,20,26,30,25,23,19,17,13,11,9,5,3,1,7,2,0,4,6,10,8,16,18,14,12,15,21,22,32,28,34,38,36,39,33,31,27]","37,35,29,24,20,26,30,25,23,19,17,13,11,9,5,3,1,7,2,0,4,6,10,8,16,18,14,12,15,21,22,32,28,34,38,36,39,33,31,27",c1b4f84f892876e1,True,PASS_TEACHER_FIELDS_EXTRACTED,0.0004638751418042,0.1679124683141708,581730368.0,579926976.0,0.5159256748826292,0.6109263579477696,True,155.0,0.6739130434782609,False,False,195.0,0.8478260869565217,False,False,20.0,0.08695652173913043,True,True,116.0,0.5043478260869565,False,False,155.0,0.6739130434782609,False,False,0.32751091703056767,0.0,0.0,147.0,0.0,4.5779268475598656e-05,"(np.float64(4.5779268475598656e-05), np.float64(0.1553586423397064), np.float64(581956288.0))"
40,PPOV02K2_N40_B13_diverse_tophalf,ppo_v02K2_teacher_validated,PPO_v02K2_or_v02_checkpoint_inference,"[37,35,29,20,24,26,30,25,23,19,13,11,9,7,3,5,1,0,4,8,2,6,10,14,18,12,16,17,15,21,22,28,32,34,36,38,33,27,31,39]","37,35,29,20,24,26,30,25,23,19,13,11,9,7,3,5,1,0,4,8,2,6,10,14,18,12,16,17,15,21,22,28,32,34,36,38,33,27,31,39",757185fc9ab5c312,True,PASS_TEACHER_FIELDS_EXTRACTED,0.0005955657265985,0.1699908524751663,581530240.0,579928192.0,0.521806660798122,0.5962632570117495,True,172.0,0.7478260869565218,False,False,204.0,0.8869565217391304,False,False,6.0,0.02608695652173913,True,True,220.0,0.9565217391304348,False,False,172.0,0.7478260869565218,False,False,0.2532751091703057,0.0,0.0,150.0,0.0,4.5779268475598656e-05,"(np.float64(4.5779268475598656e-05), np.float64(0.1553586423397064), np.float64(581956288.0))"
40,PPOV02K2_N40_B14_novelty_tophalf,ppo_v02K2_teacher_validated,PPO_v02K2_or_v02_checkpoint_inference,"[37,35,29,24,20,30,26,25,23,19,17,13,11,9,7,5,3,1,8,2,0,4,6,10,12,14,16,18,15,21,22,28,32,34,36,38,39,33,31,27]","37,35,29,24,20,30,26,25,23,19,17,13,11,9,7,5,3,1,8,2,0,4,6,10,12,14,16,18,15,21,22,28,32,34,36,38,39,33,31,27",2529844c8f77a738,True,PASS_TEACHER_FIELDS_EXTRACTED,0.0004210928584598,0.1750432401895523,581153472.0,579927040.0,0.5594120598591549,0.6070969128420265,True,148.0,0.6434782608695652,False,False,216.0,0.9391304347826087,False,False,2.0,0.008695652173913044,True,True,120.0,0.5217391304347826,False,False,148.0,0.6434782608695652,False,False,0.3580786026200873,0.0,0.0,147.0,0.0,4.5779268475598656e-05,"(np.float64(4.5779268475598656e-05), np.float64(0.1553586423397064), np.float64(581956288.0))"
40,PPOV02K2_N40_B15_novelty_tophalf,ppo_v02K2_teacher_validated,PPO_v02K2_or_v02_checkpoint_inference,"[37,35,29,20,30,24,26,25,23,19,17,13,11,9,7,5,3,1,6,2,0,4,8,10,12,14,16,18,15,21,22,28,32,34,36,38,39,33,27,31]","37,35,29,20,30,24,26,25,23,19,17,13,11,9,7,5,3,1,6,2,0,4,8,10,12,14,16,18,15,21,22,28,32,34,36,38,39,33,27,31",ca785a8ce6fc7d21,True,PASS_TEACHER_FIELDS_EXTRACTED,0.0004489098432713,0.1755711436271667,581614272.0,579928064.0,0.5351550176056338,0.6016773708922626,True,153.0,0.6652173913043479,False,False,217.0,0.9434782608695652,False,False,9.0,0.0391304347826087,True,True,216.0,0.9391304347826087,False,False,153.0,0.6652173913043479,False,False,0.33624454148471616,0.0,0.0,147.0,0.0,4.5779268475598656e-05,"(np.float64(4.5779268475598656e-05), np.float64(0.1553586423397064), np.float64(581956288.0))"
40,PPOV02K2_N40_B16_novelty_tophalf,ppo_v02K2_teacher_validated,PPO_v02K2_or_v02_checkpoint_inference,"[37,35,29,24,20,30,26,25,23,19,17,13,11,9,7,5,3,1,2,0,4,6,8,10,18,12,14,16,15,21,22,28,34,38,36,32,39,33,27,31]","37,35,29,24,20,30,26,25,23,19,17,13,11,9,7,5,3,1,2,0,4,6,8,10,18,12,14,16,15,21,22,28,34,38,36,32,39,33,27,31",4ecd67bdb89f1edd,True,PASS_TEACHER_FIELDS_EXTRACTED,0.0005535386426345,0.176300048828125,581688576.0,579927936.0,0.5150760954616588,0.599704752909095,True,168.0,0.7304347826086957,False,False,219.0,0.9521739130434783,False,False,19.0,0.08260869565217391,True,True,214.0,0.9304347826086956,False,False,168.0,0.7304347826086957,False,False,0.2707423580786026,0.0,0.0,148.0,0.0,4.5779268475598656e-05,"(np.float64(4.5779268475598656e-05), np.float64(0.1553586423397064), np.float64(581956288.0))"
