planner,total_reward,coverage,invalid,peak,variance,reheat,jump,completion_bonus,support_risk,steps,coverage_ratio,peak_heat_final,heat_variance_final
raster,104.29475940550437,333.0,0.0,-155.613184762001,-1.5047164550196612,-71.87104855487685,-7.7162908225980384,8.0,0.0,890,1.0,0.6717466711997986,0.005583047866821289
random,171.50339654294936,333.0,0.0,-122.56743354797364,-0.7517706517828628,-9.582805365145402,-36.59459389214882,8.0,0.0,890,1.0,0.4746696352958679,0.0022355925757437944
greedy,179.24673951378225,333.0,0.0,-120.4670079231263,-0.6919358423474478,-4.870209050457567,-35.72410767028627,8.0,0.0,890,1.0,0.4755297005176544,0.0024137464351952076
cool_first,181.15869562830878,333.0,0.0,-120.56695220470438,-0.6936282320675673,-4.773247080928608,-33.807476853990835,8.0,0.0,890,1.0,0.4301813244819641,0.0023557671811431646
checkerboard,167.61055431476413,333.0,0.0,-127.32906775474558,-1.089879457562347,-33.869839406716686,-11.100659066211467,8.0,0.0,890,1.0,0.31907930970191956,0.0027963106986135244
distance_aware_cool_first,200.04706857647605,333.0,0.0,-119.77132399082181,-0.8101646794384578,-8.893731888688666,-11.477710864574911,8.0,0.0,890,1.0,0.4101058542728424,0.002379533601924777
