{
  "episode_reward": [
    716.198679,
    702.192107,
    699.533328,
    694.335678,
    701.669127,
    700.850517,
    689.59466,
    704.016415,
    691.351342,
    700.113896,
    676.444641,
    716.417996,
    719.434406,
    681.520191,
    679.565005,
    713.335667,
    730.773875,
    697.506821,
    704.986922,
    717.664368,
    708.43102,
    697.046598,
    699.174317,
    704.644857,
    704.64342,
    718.58736,
    708.856286,
    731.203543,
    709.559914,
    719.607397,
    694.567627,
    740.546978,
    708.156693,
    691.949115,
    704.296901,
    691.097166,
    689.410188,
    702.342884,
    720.338647,
    707.748881,
    708.694399,
    698.585399,
    703.112426,
    714.831702,
    719.198117,
    714.884282,
    710.906782,
    720.18328,
    705.595642,
    723.920624,
    714.823551,
    741.75984,
    700.756498,
    714.503161,
    690.110245,
    705.250072,
    698.606623,
    720.624596,
    715.246458
  ],
  "coverage_ratio": [
    1.0,
    1.0,
    1.0,
    1.0,
    1.0,
    1.0,
    1.0,
    1.0,
    1.0,
    1.0,
    1.0,
    1.0,
    1.0,
    1.0,
    1.0,
    1.0,
    1.0,
    1.0,
    1.0,
    1.0,
    1.0,
    1.0,
    1.0,
    1.0,
    1.0,
    1.0,
    1.0,
    1.0,
    1.0,
    1.0,
    1.0,
    1.0,
    1.0,
    1.0,
    1.0,
    1.0,
    1.0,
    1.0,
    1.0,
    1.0,
    1.0,
    1.0,
    1.0,
    1.0,
    1.0,
    1.0,
    1.0,
    1.0,
    1.0,
    1.0,
    1.0,
    1.0,
    1.0,
    1.0,
    1.0,
    1.0,
    1.0,
    1.0,
    1.0
  ],
  "thermal_mean": [
    0.03614602982997894,
    0.03614603355526924,
    0.03614602982997894,
    0.03614602982997894,
    0.03614602982997894,
    0.03614602982997894,
    0.03614602982997894,
    0.03614602982997894,
    0.03614603355526924,
    0.03614602982997894,
    0.03614602982997894,
    0.03614602982997894,
    0.03614603355526924,
    0.03614602982997894,
    0.03614602982997894,
    0.03614602982997894,
    0.03614602982997894,
    0.03614603355526924,
    0.03614602982997894,
    0.03614603355526924,
    0.03614603355526924,
    0.03614602982997894,
    0.03614603355526924,
    0.03614603355526924,
    0.03614602982997894,
    0.03614602982997894,
    0.03614602982997894,
    0.03614602982997894,
    0.03614603355526924,
    0.03614602982997894,
    0.03614602982997894,
    0.03614602982997894,
    0.03614602982997894,
    0.03614603355526924,
    0.03614602982997894,
    0.03614603728055954,
    0.03614603355526924,
    0.03614602982997894,
    0.03614603355526924,
    0.03614603355526924,
    0.03614602982997894,
    0.03614603355526924,
    0.03614602982997894,
    0.03614602982997894,
    0.03614603355526924,
    0.03614603355526924,
    0.03614603355526924,
    0.03614603355526924,
    0.03614602982997894,
    0.03614603355526924,
    0.03614602982997894,
    0.03614602982997894,
    0.03614602982997894,
    0.03614603355526924,
    0.03614603355526924,
    0.03614603355526924,
    0.03614603355526924,
    0.03614603355526924,
    0.03614603728055954
  ],
  "thermal_peak": [
    1.0420671701431274,
    1.4459080696105957,
    1.3073289394378662,
    1.08902907371521,
    1.266853928565979,
    1.3884174823760986,
    1.5581680536270142,
    1.0876137018203735,
    1.3226308822631836,
    1.0773942470550537,
    1.3424320220947266,
    1.0345467329025269,
    1.1106239557266235,
    0.9796320796012878,
    0.9732615947723389,
    1.222901463508606,
    1.0487737655639648,
    1.1807528734207153,
    1.1423293352127075,
    1.3945677280426025,
    1.2863314151763916,
    1.3470410108566284,
    1.182234525680542,
    1.2322582006454468,
    1.199444055557251,
    1.3863776922225952,
    1.4196510314941406,
    1.2862545251846313,
    1.3590087890625,
    1.4008005857467651,
    1.4107710123062134,
    1.459224820137024,
    1.4735499620437622,
    1.2011469602584839,
    1.1418750286102295,
    1.413559079170227,
    1.43118155002594,
    1.4524203538894653,
    1.535522699356079,
    1.3715201616287231,
    1.486573338508606,
    1.4833906888961792,
    1.3984789848327637,
    1.41452157497406,
    1.3911818265914917,
    1.179788589477539,
    1.3879960775375366,
    1.3742302656173706,
    1.460218906402588,
    1.4067766666412354,
    1.4982364177703857,
    1.4999337196350098,
    1.65861976146698,
    1.5247918367385864,
    1.4012316465377808,
    1.3821930885314941,
    1.6676135063171387,
    1.4970554113388062,
    1.2979329824447632
  ],
  "thermal_variance": [
    0.010907545685768127,
    0.012662856839597225,
    0.011833751574158669,
    0.011254474520683289,
    0.010988863185048103,
    0.012123565189540386,
    0.011283569037914276,
    0.011057398281991482,
    0.011371525004506111,
    0.011794579215347767,
    0.01194886863231659,
    0.010783208534121513,
    0.010687703266739845,
    0.009847650304436684,
    0.01110132411122322,
    0.011421989649534225,
    0.011283503845334053,
    0.012726521119475365,
    0.01217464730143547,
    0.013170178979635239,
    0.011894138529896736,
    0.013104447163641453,
    0.01191151887178421,
    0.012867913581430912,
    0.012854536063969135,
    0.012587543576955795,
    0.014151835814118385,
    0.012534589506685734,
    0.013902110047638416,
    0.0152559420093894,
    0.013305939733982086,
    0.015767797827720642,
    0.015841491520404816,
    0.01300331111997366,
    0.014276644214987755,
    0.013651910237967968,
    0.013785919174551964,
    0.014876959845423698,
    0.014742672443389893,
    0.014791978523135185,
    0.013629881665110588,
    0.015223387628793716,
    0.015198217704892159,
    0.01616835594177246,
    0.01572103053331375,
    0.0152814369648695,
    0.01459592767059803,
    0.014099860563874245,
    0.015115544199943542,
    0.015601487830281258,
    0.014780964702367783,
    0.014756066724658012,
    0.015025601722300053,
    0.015138557180762291,
    0.015070650726556778,
    0.01470562070608139,
    0.015211991965770721,
    0.014788975939154625,
    0.014154898002743721
  ]
}