N,metric,value,value_type,claim_role
N12,U2,0.00013142987063470001,raw_teacher_metric:u2_range,native_within_N_claim_scope
N12,PEEQ,0.172713503241539,raw_teacher_metric:peeq_max,native_within_N_claim_scope
N12,SurfaceT,585930688,raw_teacher_metric:surface_t_proxy,native_within_N_claim_scope
N12,Mises,579938304,raw_teacher_metric:mises_max,native_within_N_claim_scope
N12,U2,4.0443484977004118e-05,raw_teacher_metric:u2_range,native_within_N_claim_scope
N12,PEEQ,0.1485100835561752,raw_teacher_metric:peeq_max,native_within_N_claim_scope
N12,SurfaceT,585297728,raw_teacher_metric:surface_t_proxy,native_within_N_claim_scope
N12,Mises,579939584,raw_teacher_metric:mises_max,native_within_N_claim_scope
N12,U2,8.1758944816101575e-05,raw_teacher_metric:u2_range,native_within_N_claim_scope
N12,PEEQ,0.160981610417366,raw_teacher_metric:peeq_max,native_within_N_claim_scope
N12,SurfaceT,585035712,raw_teacher_metric:surface_t_proxy,native_within_N_claim_scope
N12,Mises,579939584,raw_teacher_metric:mises_max,native_within_N_claim_scope
N12,U2,4.4116221033618792e-05,raw_teacher_metric:u2_range,native_within_N_claim_scope
N12,PEEQ,0.1464761346578598,raw_teacher_metric:peeq_max,native_within_N_claim_scope
N12,SurfaceT,581743296,raw_teacher_metric:surface_t_proxy,native_within_N_claim_scope
N12,Mises,579939584,raw_teacher_metric:mises_max,native_within_N_claim_scope
N12,U2,0.00015835521639919999,raw_teacher_metric:u2_range,native_within_N_claim_scope
N12,PEEQ,0.16032162308692929,raw_teacher_metric:peeq_max,native_within_N_claim_scope
N12,SurfaceT,580972800,raw_teacher_metric:surface_t_proxy,native_within_N_claim_scope
N12,Mises,579938048,raw_teacher_metric:mises_max,native_within_N_claim_scope
N12,U2,0.0001012890104448,raw_teacher_metric:u2_range,native_within_N_claim_scope
N12,PEEQ,0.175326257944107,raw_teacher_metric:peeq_max,native_within_N_claim_scope
N12,SurfaceT,580798976,raw_teacher_metric:surface_t_proxy,native_within_N_claim_scope
N12,Mises,579937984,raw_teacher_metric:mises_max,native_within_N_claim_scope
N12,U2,6.379491514962865e-05,raw_teacher_metric:u2_range,native_within_N_claim_scope
N12,PEEQ,0.1535141170024871,raw_teacher_metric:peeq_max,native_within_N_claim_scope
N12,SurfaceT,581880128,raw_teacher_metric:surface_t_proxy,native_within_N_claim_scope
N12,Mises,579938432,raw_teacher_metric:mises_max,native_within_N_claim_scope
N12,U2,3.6826456380367751e-05,raw_teacher_metric:u2_range,native_within_N_claim_scope
N12,PEEQ,0.14324450492858881,raw_teacher_metric:peeq_max,native_within_N_claim_scope
N12,SurfaceT,582462656,raw_teacher_metric:surface_t_proxy,native_within_N_claim_scope
N12,Mises,579939584,raw_teacher_metric:mises_max,native_within_N_claim_scope
N12,U2,0.0001080845922842,raw_teacher_metric:u2_range,native_within_N_claim_scope
N12,PEEQ,0.16809272766113281,raw_teacher_metric:peeq_max,native_within_N_claim_scope
N12,SurfaceT,580752832,raw_teacher_metric:surface_t_proxy,native_within_N_claim_scope
N12,Mises,579938304,raw_teacher_metric:mises_max,native_within_N_claim_scope
N12,U2,5.5709248044877313e-05,raw_teacher_metric:u2_range,native_within_N_claim_scope
N12,PEEQ,0.15651747584342951,raw_teacher_metric:peeq_max,native_within_N_claim_scope
N12,SurfaceT,583114560,raw_teacher_metric:surface_t_proxy,native_within_N_claim_scope
N12,Mises,579938304,raw_teacher_metric:mises_max,native_within_N_claim_scope
N12,U2,7.3288804287585663e-05,raw_teacher_metric:u2_range,native_within_N_claim_scope
N12,PEEQ,0.16387572884559631,raw_teacher_metric:peeq_max,native_within_N_claim_scope
N12,SurfaceT,582071168,raw_teacher_metric:surface_t_proxy,native_within_N_claim_scope
N12,Mises,579939392,raw_teacher_metric:mises_max,native_within_N_claim_scope
N12,U2,0.0001395468352711,raw_teacher_metric:u2_range,native_within_N_claim_scope
N12,PEEQ,0.1633458584547042,raw_teacher_metric:peeq_max,native_within_N_claim_scope
N12,SurfaceT,581337984,raw_teacher_metric:surface_t_proxy,native_within_N_claim_scope
N12,Mises,579938048,raw_teacher_metric:mises_max,native_within_N_claim_scope
N12,U2,7.7720108492940199e-05,raw_teacher_metric:u2_range,native_within_N_claim_scope
N12,PEEQ,0.14032196998596189,raw_teacher_metric:peeq_max,native_within_N_claim_scope
N12,SurfaceT,581967424,raw_teacher_metric:surface_t_proxy,native_within_N_claim_scope
N12,Mises,579939328,raw_teacher_metric:mises_max,native_within_N_claim_scope
N12,U2,0.0001010998803394,raw_teacher_metric:u2_range,native_within_N_claim_scope
N12,PEEQ,0.15888875722885129,raw_teacher_metric:peeq_max,native_within_N_claim_scope
N12,SurfaceT,581829312,raw_teacher_metric:surface_t_proxy,native_within_N_claim_scope
N12,Mises,579938368,raw_teacher_metric:mises_max,native_within_N_claim_scope
N12,U2,9.2163080807949882e-05,raw_teacher_metric:u2_range,native_within_N_claim_scope
N12,PEEQ,0.1593673974275589,raw_teacher_metric:peeq_max,native_within_N_claim_scope
N12,SurfaceT,581069312,raw_teacher_metric:surface_t_proxy,native_within_N_claim_scope
N12,Mises,579938240,raw_teacher_metric:mises_max,native_within_N_claim_scope
N16,U2,0.0002434928235288,raw_teacher_metric:u2_range,native_within_N_claim_scope
N16,PEEQ,0.17520761489868161,raw_teacher_metric:peeq_max,native_within_N_claim_scope
N16,SurfaceT,587841664,raw_teacher_metric:surface_t_proxy,native_within_N_claim_scope
N16,Mises,579948288,raw_teacher_metric:mises_max,native_within_N_claim_scope
N16,U2,4.9715717977960594e-05,raw_teacher_metric:u2_range,native_within_N_claim_scope
N16,PEEQ,0.1537079364061355,raw_teacher_metric:peeq_max,native_within_N_claim_scope
N16,SurfaceT,585719808,raw_teacher_metric:surface_t_proxy,native_within_N_claim_scope
N16,Mises,579947520,raw_teacher_metric:mises_max,native_within_N_claim_scope
N16,U2,4.6071850647422252e-05,raw_teacher_metric:u2_range,native_within_N_claim_scope
N16,PEEQ,0.1532730907201767,raw_teacher_metric:peeq_max,native_within_N_claim_scope
N16,SurfaceT,582927360,raw_teacher_metric:surface_t_proxy,native_within_N_claim_scope
N16,Mises,579948160,raw_teacher_metric:mises_max,native_within_N_claim_scope
N16,U2,5.0431793169991579e-05,raw_teacher_metric:u2_range,native_within_N_claim_scope
N16,PEEQ,0.15182757377624509,raw_teacher_metric:peeq_max,native_within_N_claim_scope
N16,SurfaceT,581727104,raw_teacher_metric:surface_t_proxy,native_within_N_claim_scope
N16,Mises,579948352,raw_teacher_metric:mises_max,native_within_N_claim_scope
N16,U2,0.00027908391211890001,raw_teacher_metric:u2_range,native_within_N_claim_scope
N16,PEEQ,0.16641919314861289,raw_teacher_metric:peeq_max,native_within_N_claim_scope
N16,SurfaceT,582182080,raw_teacher_metric:surface_t_proxy,native_within_N_claim_scope
N16,Mises,579946816,raw_teacher_metric:mises_max,native_within_N_claim_scope
N16,U2,0.00020532089024520001,raw_teacher_metric:u2_range,native_within_N_claim_scope
N16,PEEQ,0.17975655198097229,raw_teacher_metric:peeq_max,native_within_N_claim_scope
N16,SurfaceT,581764096,raw_teacher_metric:surface_t_proxy,native_within_N_claim_scope
N16,Mises,579947776,raw_teacher_metric:mises_max,native_within_N_claim_scope
N16,U2,0.00027630911608860002,raw_teacher_metric:u2_range,native_within_N_claim_scope
N16,PEEQ,0.16533087193965909,raw_teacher_metric:peeq_max,native_within_N_claim_scope
N16,SurfaceT,581433216,raw_teacher_metric:surface_t_proxy,native_within_N_claim_scope
N16,Mises,579946752,raw_teacher_metric:mises_max,native_within_N_claim_scope
N16,U2,0.00016068820355029999,raw_teacher_metric:u2_range,native_within_N_claim_scope
N16,PEEQ,0.15055462718009949,raw_teacher_metric:peeq_max,native_within_N_claim_scope
N16,SurfaceT,582573376,raw_teacher_metric:surface_t_proxy,native_within_N_claim_scope
N16,Mises,579948160,raw_teacher_metric:mises_max,native_within_N_claim_scope
N16,U2,0.0002147317868548,raw_teacher_metric:u2_range,native_within_N_claim_scope
N16,PEEQ,0.17430327832698819,raw_teacher_metric:peeq_max,native_within_N_claim_scope
N16,SurfaceT,580899648,raw_teacher_metric:surface_t_proxy,native_within_N_claim_scope
N16,Mises,579946944,raw_teacher_metric:mises_max,native_within_N_claim_scope
N16,U2,0.0001204781697197,raw_teacher_metric:u2_range,native_within_N_claim_scope
N16,PEEQ,0.17016841471195221,raw_teacher_metric:peeq_max,native_within_N_claim_scope
N16,SurfaceT,581290304,raw_teacher_metric:surface_t_proxy,native_within_N_claim_scope
N16,Mises,579948096,raw_teacher_metric:mises_max,native_within_N_claim_scope
N16,U2,0.0001829955551784,raw_teacher_metric:u2_range,native_within_N_claim_scope
N16,PEEQ,0.17434175312519071,raw_teacher_metric:peeq_max,native_within_N_claim_scope
N16,SurfaceT,582880128,raw_teacher_metric:surface_t_proxy,native_within_N_claim_scope
N16,Mises,579946944,raw_teacher_metric:mises_max,native_within_N_claim_scope
N16,U2,0.0002397338296304,raw_teacher_metric:u2_range,native_within_N_claim_scope
N16,PEEQ,0.16137175261974329,raw_teacher_metric:peeq_max,native_within_N_claim_scope
N16,SurfaceT,581517248,raw_teacher_metric:surface_t_proxy,native_within_N_claim_scope
N16,Mises,579946816,raw_teacher_metric:mises_max,native_within_N_claim_scope
N16,U2,0.0001174903159153,raw_teacher_metric:u2_range,native_within_N_claim_scope
N16,PEEQ,0.15198101103305811,raw_teacher_metric:peeq_max,native_within_N_claim_scope
N16,SurfaceT,581337280,raw_teacher_metric:surface_t_proxy,native_within_N_claim_scope
N16,Mises,579948288,raw_teacher_metric:mises_max,native_within_N_claim_scope
N16,U2,0.00015728273911,raw_teacher_metric:u2_range,native_within_N_claim_scope
N16,PEEQ,0.16415087878704071,raw_teacher_metric:peeq_max,native_within_N_claim_scope
N16,SurfaceT,582433856,raw_teacher_metric:surface_t_proxy,native_within_N_claim_scope
N16,Mises,579947264,raw_teacher_metric:mises_max,native_within_N_claim_scope
N16,U2,0.0001736121434987,raw_teacher_metric:u2_range,native_within_N_claim_scope
N16,PEEQ,0.1645837575197219,raw_teacher_metric:peeq_max,native_within_N_claim_scope
N16,SurfaceT,582198912,raw_teacher_metric:surface_t_proxy,native_within_N_claim_scope
N16,Mises,579947904,raw_teacher_metric:mises_max,native_within_N_claim_scope
N24,U2,0.00055237217088680002,raw_teacher_metric:u2_range,native_within_N_claim_scope
N24,PEEQ,0.18925029039382929,raw_teacher_metric:peeq_max,native_within_N_claim_scope
N24,SurfaceT,587159872,raw_teacher_metric:surface_t_proxy,native_within_N_claim_scope
N24,Mises,579944256,raw_teacher_metric:mises_max,native_within_N_claim_scope
N24,U2,8.3603000348375645e-05,raw_teacher_metric:u2_range,native_within_N_claim_scope
N24,PEEQ,0.1549861133098602,raw_teacher_metric:peeq_max,native_within_N_claim_scope
N24,SurfaceT,586226112,raw_teacher_metric:surface_t_proxy,native_within_N_claim_scope
N24,Mises,579943936,raw_teacher_metric:mises_max,native_within_N_claim_scope
N24,U2,0.00029350291265469998,raw_teacher_metric:u2_range,native_within_N_claim_scope
N24,PEEQ,0.1646057963371276,raw_teacher_metric:peeq_max,native_within_N_claim_scope
N24,SurfaceT,584637632,raw_teacher_metric:surface_t_proxy,native_within_N_claim_scope
N24,Mises,579944576,raw_teacher_metric:mises_max,native_within_N_claim_scope
N24,U2,5.6211723858723417e-05,raw_teacher_metric:u2_range,native_within_N_claim_scope
N24,PEEQ,0.1543776392936706,raw_teacher_metric:peeq_max,native_within_N_claim_scope
N24,SurfaceT,581727232,raw_teacher_metric:surface_t_proxy,native_within_N_claim_scope
N24,Mises,579944640,raw_teacher_metric:mises_max,native_within_N_claim_scope
N24,U2,0.00062659911432659998,raw_teacher_metric:u2_range,native_within_N_claim_scope
N24,PEEQ,0.172961801290512,raw_teacher_metric:peeq_max,native_within_N_claim_scope
N24,SurfaceT,588072192,raw_teacher_metric:surface_t_proxy,native_within_N_claim_scope
N24,Mises,579944128,raw_teacher_metric:mises_max,native_within_N_claim_scope
N24,U2,0.0005255469384337,raw_teacher_metric:u2_range,native_within_N_claim_scope
N24,PEEQ,0.1848475784063339,raw_teacher_metric:peeq_max,native_within_N_claim_scope
N24,SurfaceT,590591168,raw_teacher_metric:surface_t_proxy,native_within_N_claim_scope
N24,Mises,579942784,raw_teacher_metric:mises_max,native_within_N_claim_scope
N24,U2,0.00023713416885580001,raw_teacher_metric:u2_range,native_within_N_claim_scope
N24,PEEQ,0.16272647678852081,raw_teacher_metric:peeq_max,native_within_N_claim_scope
N24,SurfaceT,583243392,raw_teacher_metric:surface_t_proxy,native_within_N_claim_scope
N24,Mises,579943104,raw_teacher_metric:mises_max,native_within_N_claim_scope
N24,U2,0.00062473978573499998,raw_teacher_metric:u2_range,native_within_N_claim_scope
N24,PEEQ,0.15462736785411829,raw_teacher_metric:peeq_max,native_within_N_claim_scope
N24,SurfaceT,584995648,raw_teacher_metric:surface_t_proxy,native_within_N_claim_scope
N24,Mises,579943744,raw_teacher_metric:mises_max,native_within_N_claim_scope
N24,U2,0.00055463700164179995,raw_teacher_metric:u2_range,native_within_N_claim_scope
N24,PEEQ,0.17539091408252711,raw_teacher_metric:peeq_max,native_within_N_claim_scope
N24,SurfaceT,581775744,raw_teacher_metric:surface_t_proxy,native_within_N_claim_scope
N24,Mises,579943744,raw_teacher_metric:mises_max,native_within_N_claim_scope
N24,U2,0.0001888593301373,raw_teacher_metric:u2_range,native_within_N_claim_scope
N24,PEEQ,0.15415936708450309,raw_teacher_metric:peeq_max,native_within_N_claim_scope
N24,SurfaceT,583863616,raw_teacher_metric:surface_t_proxy,native_within_N_claim_scope
N24,Mises,579943360,raw_teacher_metric:mises_max,native_within_N_claim_scope
N24,U2,0.00023075479816720001,raw_teacher_metric:u2_range,native_within_N_claim_scope
N24,PEEQ,0.16373257339000699,raw_teacher_metric:peeq_max,native_within_N_claim_scope
N24,SurfaceT,589194880,raw_teacher_metric:surface_t_proxy,native_within_N_claim_scope
N24,Mises,579943936,raw_teacher_metric:mises_max,native_within_N_claim_scope
N24,U2,0.00054290620130350003,raw_teacher_metric:u2_range,native_within_N_claim_scope
N24,PEEQ,0.1641553044319152,raw_teacher_metric:peeq_max,native_within_N_claim_scope
N24,SurfaceT,583079232,raw_teacher_metric:surface_t_proxy,native_within_N_claim_scope
N24,Mises,579943936,raw_teacher_metric:mises_max,native_within_N_claim_scope
N24,U2,0.00023166264963939999,raw_teacher_metric:u2_range,native_within_N_claim_scope
N24,PEEQ,0.1621642112731933,raw_teacher_metric:peeq_max,native_within_N_claim_scope
N24,SurfaceT,581204672,raw_teacher_metric:surface_t_proxy,native_within_N_claim_scope
N24,Mises,579944256,raw_teacher_metric:mises_max,native_within_N_claim_scope
N24,U2,0.00037357585802049999,raw_teacher_metric:u2_range,native_within_N_claim_scope
N24,PEEQ,0.16229051351547241,raw_teacher_metric:peeq_max,native_within_N_claim_scope
N24,SurfaceT,583235840,raw_teacher_metric:surface_t_proxy,native_within_N_claim_scope
N24,Mises,579944640,raw_teacher_metric:mises_max,native_within_N_claim_scope
N24,U2,0.0004410466524404,raw_teacher_metric:u2_range,native_within_N_claim_scope
N24,PEEQ,0.16614329814910889,raw_teacher_metric:peeq_max,native_within_N_claim_scope
N24,SurfaceT,583990144,raw_teacher_metric:surface_t_proxy,native_within_N_claim_scope
N24,Mises,579944128,raw_teacher_metric:mises_max,native_within_N_claim_scope
N40,U2,0.0015270577277988,raw_teacher_metric:u2_range,native_within_N_claim_scope
N40,PEEQ,0.20001305639743799,raw_teacher_metric:peeq_max,native_within_N_claim_scope
N40,SurfaceT,585953088,raw_teacher_metric:surface_t_proxy,native_within_N_claim_scope
N40,Mises,579928512,raw_teacher_metric:mises_max,native_within_N_claim_scope
N40,U2,0.00015956887364150001,raw_teacher_metric:u2_range,native_within_N_claim_scope
N40,PEEQ,0.1578081995248794,raw_teacher_metric:peeq_max,native_within_N_claim_scope
N40,SurfaceT,587307392,raw_teacher_metric:surface_t_proxy,native_within_N_claim_scope
N40,Mises,579927744,raw_teacher_metric:mises_max,native_within_N_claim_scope
N40,U2,0.00068386519365040005,raw_teacher_metric:u2_range,native_within_N_claim_scope
N40,PEEQ,0.16065658628940579,raw_teacher_metric:peeq_max,native_within_N_claim_scope
N40,SurfaceT,585288896,raw_teacher_metric:surface_t_proxy,native_within_N_claim_scope
N40,Mises,579926656,raw_teacher_metric:mises_max,native_within_N_claim_scope
N40,U2,0.0001108189990191,raw_teacher_metric:u2_range,native_within_N_claim_scope
N40,PEEQ,0.15395095944404599,raw_teacher_metric:peeq_max,native_within_N_claim_scope
N40,SurfaceT,582221504,raw_teacher_metric:surface_t_proxy,native_within_N_claim_scope
N40,Mises,579926528,raw_teacher_metric:mises_max,native_within_N_claim_scope
N40,U2,0.0018341616960242,raw_teacher_metric:u2_range,native_within_N_claim_scope
N40,PEEQ,0.17962194979190821,raw_teacher_metric:peeq_max,native_within_N_claim_scope
N40,SurfaceT,588607232,raw_teacher_metric:surface_t_proxy,native_within_N_claim_scope
N40,Mises,579925632,raw_teacher_metric:mises_max,native_within_N_claim_scope
N40,U2,0.0016398808220401001,raw_teacher_metric:u2_range,native_within_N_claim_scope
N40,PEEQ,0.20056912302970881,raw_teacher_metric:peeq_max,native_within_N_claim_scope
N40,SurfaceT,595556480,raw_teacher_metric:surface_t_proxy,native_within_N_claim_scope
N40,Mises,579926400,raw_teacher_metric:mises_max,native_within_N_claim_scope
N40,U2,0.0020766726229339001,raw_teacher_metric:u2_range,native_within_N_claim_scope
N40,PEEQ,0.16310383379459381,raw_teacher_metric:peeq_max,native_within_N_claim_scope
N40,SurfaceT,595582528,raw_teacher_metric:surface_t_proxy,native_within_N_claim_scope
N40,Mises,579924032,raw_teacher_metric:mises_max,native_within_N_claim_scope
N40,U2,0.0020561176352201999,raw_teacher_metric:u2_range,native_within_N_claim_scope
N40,PEEQ,0.15755376219749451,raw_teacher_metric:peeq_max,native_within_N_claim_scope
N40,SurfaceT,594139136,raw_teacher_metric:surface_t_proxy,native_within_N_claim_scope
N40,Mises,579924416,raw_teacher_metric:mises_max,native_within_N_claim_scope
N40,U2,0.0018988421652466,raw_teacher_metric:u2_range,native_within_N_claim_scope
N40,PEEQ,0.17761614918708801,raw_teacher_metric:peeq_max,native_within_N_claim_scope
N40,SurfaceT,588119552,raw_teacher_metric:surface_t_proxy,native_within_N_claim_scope
N40,Mises,579924096,raw_teacher_metric:mises_max,native_within_N_claim_scope
N40,U2,0.000760835359415,raw_teacher_metric:u2_range,native_within_N_claim_scope
N40,PEEQ,0.15650783479213709,raw_teacher_metric:peeq_max,native_within_N_claim_scope
N40,SurfaceT,585921600,raw_teacher_metric:surface_t_proxy,native_within_N_claim_scope
N40,Mises,579925632,raw_teacher_metric:mises_max,native_within_N_claim_scope
N40,U2,0.0017065715510398,raw_teacher_metric:u2_range,native_within_N_claim_scope
N40,PEEQ,0.1783028244972229,raw_teacher_metric:peeq_max,native_within_N_claim_scope
N40,SurfaceT,591114368,raw_teacher_metric:surface_t_proxy,native_within_N_claim_scope
N40,Mises,579925952,raw_teacher_metric:mises_max,native_within_N_claim_scope
N40,U2,0.0017555009108036,raw_teacher_metric:u2_range,native_within_N_claim_scope
N40,PEEQ,0.172971487045288,raw_teacher_metric:peeq_max,native_within_N_claim_scope
N40,SurfaceT,584625472,raw_teacher_metric:surface_t_proxy,native_within_N_claim_scope
N40,Mises,579924800,raw_teacher_metric:mises_max,native_within_N_claim_scope
N40,U2,0.00067112787860420001,raw_teacher_metric:u2_range,native_within_N_claim_scope
N40,PEEQ,0.1731724888086319,raw_teacher_metric:peeq_max,native_within_N_claim_scope
N40,SurfaceT,581541824,raw_teacher_metric:surface_t_proxy,native_within_N_claim_scope
N40,Mises,579925760,raw_teacher_metric:mises_max,native_within_N_claim_scope
N40,U2,0.0011768606042323001,raw_teacher_metric:u2_range,native_within_N_claim_scope
N40,PEEQ,0.1633206307888031,raw_teacher_metric:peeq_max,native_within_N_claim_scope
N40,SurfaceT,585949184,raw_teacher_metric:surface_t_proxy,native_within_N_claim_scope
N40,Mises,579927232,raw_teacher_metric:mises_max,native_within_N_claim_scope
N40,U2,0.0012380398286495,raw_teacher_metric:u2_range,native_within_N_claim_scope
N40,PEEQ,0.16922278702259061,raw_teacher_metric:peeq_max,native_within_N_claim_scope
N40,SurfaceT,585095872,raw_teacher_metric:surface_t_proxy,native_within_N_claim_scope
N40,Mises,579926784,raw_teacher_metric:mises_max,native_within_N_claim_scope
N12,U2,3.767202088056365e-05,raw_teacher_metric:u2_range,native_within_N_claim_scope
N12,PEEQ,0.14794705808162689,raw_teacher_metric:peeq_max,native_within_N_claim_scope
N12,SurfaceT,585915072,raw_teacher_metric:surface_t_proxy,native_within_N_claim_scope
N12,Mises,579939584,raw_teacher_metric:mises_max,native_within_N_claim_scope
N12,U2,2.3353248252533376e-05,raw_teacher_metric:u2_range,native_within_N_claim_scope
N12,PEEQ,0.14696112275123591,raw_teacher_metric:peeq_max,native_within_N_claim_scope
N12,SurfaceT,582776448,raw_teacher_metric:surface_t_proxy,native_within_N_claim_scope
N12,Mises,579939520,raw_teacher_metric:mises_max,native_within_N_claim_scope
N12,U2,7.9037531577341724e-05,raw_teacher_metric:u2_range,native_within_N_claim_scope
N12,PEEQ,0.15747925639152521,raw_teacher_metric:peeq_max,native_within_N_claim_scope
N12,SurfaceT,581229056,raw_teacher_metric:surface_t_proxy,native_within_N_claim_scope
N12,Mises,579938368,raw_teacher_metric:mises_max,native_within_N_claim_scope
N12,U2,3.2932137401076034e-05,raw_teacher_metric:u2_range,native_within_N_claim_scope
N12,PEEQ,0.14267149567604059,raw_teacher_metric:peeq_max,native_within_N_claim_scope
N12,SurfaceT,582234944,raw_teacher_metric:surface_t_proxy,native_within_N_claim_scope
N12,Mises,579939584,raw_teacher_metric:mises_max,native_within_N_claim_scope
N12,U2,3.9311161344812717e-05,raw_teacher_metric:u2_range,native_within_N_claim_scope
N12,PEEQ,0.14962293207645411,raw_teacher_metric:peeq_max,native_within_N_claim_scope
N12,SurfaceT,585543936,raw_teacher_metric:surface_t_proxy,native_within_N_claim_scope
N12,Mises,579939584,raw_teacher_metric:mises_max,native_within_N_claim_scope
N16,U2,5.2337948545755353e-05,raw_teacher_metric:u2_range,native_within_N_claim_scope
N16,PEEQ,0.1504488587379455,raw_teacher_metric:peeq_max,native_within_N_claim_scope
N16,SurfaceT,581672320,raw_teacher_metric:surface_t_proxy,native_within_N_claim_scope
N16,Mises,579948352,raw_teacher_metric:mises_max,native_within_N_claim_scope
N16,U2,7.4124738148384495e-05,raw_teacher_metric:u2_range,native_within_N_claim_scope
N16,PEEQ,0.16351349651813499,raw_teacher_metric:peeq_max,native_within_N_claim_scope
N16,SurfaceT,581958912,raw_teacher_metric:surface_t_proxy,native_within_N_claim_scope
N16,Mises,579947200,raw_teacher_metric:mises_max,native_within_N_claim_scope
N16,U2,6.6061941197403939e-05,raw_teacher_metric:u2_range,native_within_N_claim_scope
N16,PEEQ,0.15563784539699549,raw_teacher_metric:peeq_max,native_within_N_claim_scope
N16,SurfaceT,582991360,raw_teacher_metric:surface_t_proxy,native_within_N_claim_scope
N16,Mises,579948032,raw_teacher_metric:mises_max,native_within_N_claim_scope
N16,U2,4.7168708988465369e-05,raw_teacher_metric:u2_range,native_within_N_claim_scope
N16,PEEQ,0.14891152083873749,raw_teacher_metric:peeq_max,native_within_N_claim_scope
N16,SurfaceT,581447424,raw_teacher_metric:surface_t_proxy,native_within_N_claim_scope
N16,Mises,579948288,raw_teacher_metric:mises_max,native_within_N_claim_scope
N16,U2,4.9609476718615042e-05,raw_teacher_metric:u2_range,native_within_N_claim_scope
N16,PEEQ,0.15050330758094779,raw_teacher_metric:peeq_max,native_within_N_claim_scope
N16,SurfaceT,585404352,raw_teacher_metric:surface_t_proxy,native_within_N_claim_scope
N16,Mises,579948288,raw_teacher_metric:mises_max,native_within_N_claim_scope
N24,U2,7.6346737841959111e-05,raw_teacher_metric:u2_range,native_within_N_claim_scope
N24,PEEQ,0.16024285554885859,raw_teacher_metric:peeq_max,native_within_N_claim_scope
N24,SurfaceT,586730944,raw_teacher_metric:surface_t_proxy,native_within_N_claim_scope
N24,Mises,579944704,raw_teacher_metric:mises_max,native_within_N_claim_scope
N24,U2,7.5929321610601619e-05,raw_teacher_metric:u2_range,native_within_N_claim_scope
N24,PEEQ,0.15607720613479609,raw_teacher_metric:peeq_max,native_within_N_claim_scope
N24,SurfaceT,581836224,raw_teacher_metric:surface_t_proxy,native_within_N_claim_scope
N24,Mises,579944512,raw_teacher_metric:mises_max,native_within_N_claim_scope
N24,U2,0.00025369730428789999,raw_teacher_metric:u2_range,native_within_N_claim_scope
N24,PEEQ,0.16507899761199951,raw_teacher_metric:peeq_max,native_within_N_claim_scope
N24,SurfaceT,584643072,raw_teacher_metric:surface_t_proxy,native_within_N_claim_scope
N24,Mises,579944576,raw_teacher_metric:mises_max,native_within_N_claim_scope
N24,U2,5.7416827985434793e-05,raw_teacher_metric:u2_range,native_within_N_claim_scope
N24,PEEQ,0.15941052138805389,raw_teacher_metric:peeq_max,native_within_N_claim_scope
N24,SurfaceT,581725376,raw_teacher_metric:surface_t_proxy,native_within_N_claim_scope
N24,Mises,579944832,raw_teacher_metric:mises_max,native_within_N_claim_scope
N24,U2,9.0828292741207406e-05,raw_teacher_metric:u2_range,native_within_N_claim_scope
N24,PEEQ,0.15368027985095969,raw_teacher_metric:peeq_max,native_within_N_claim_scope
N24,SurfaceT,581741824,raw_teacher_metric:surface_t_proxy,native_within_N_claim_scope
N24,Mises,579944640,raw_teacher_metric:mises_max,native_within_N_claim_scope
N40,U2,0.0001138904335675,raw_teacher_metric:u2_range,native_within_N_claim_scope
N40,PEEQ,0.16068832576274869,raw_teacher_metric:peeq_max,native_within_N_claim_scope
N40,SurfaceT,582971072,raw_teacher_metric:surface_t_proxy,native_within_N_claim_scope
N40,Mises,579927616,raw_teacher_metric:mises_max,native_within_N_claim_scope
N40,U2,8.9229224613518454e-05,raw_teacher_metric:u2_range,native_within_N_claim_scope
N40,PEEQ,0.1550463587045669,raw_teacher_metric:peeq_max,native_within_N_claim_scope
N40,SurfaceT,585152448,raw_teacher_metric:surface_t_proxy,native_within_N_claim_scope
N40,Mises,579926080,raw_teacher_metric:mises_max,native_within_N_claim_scope
N40,U2,0.00068167004769739995,raw_teacher_metric:u2_range,native_within_N_claim_scope
N40,PEEQ,0.1621466130018234,raw_teacher_metric:peeq_max,native_within_N_claim_scope
N40,SurfaceT,585965568,raw_teacher_metric:surface_t_proxy,native_within_N_claim_scope
N40,Mises,579926656,raw_teacher_metric:mises_max,native_within_N_claim_scope
N40,U2,0.00018071313115789999,raw_teacher_metric:u2_range,native_within_N_claim_scope
N40,PEEQ,0.1540584713220596,raw_teacher_metric:peeq_max,native_within_N_claim_scope
N40,SurfaceT,582236352,raw_teacher_metric:surface_t_proxy,native_within_N_claim_scope
N40,Mises,579926464,raw_teacher_metric:mises_max,native_within_N_claim_scope
N40,U2,0.00011205847840750001,raw_teacher_metric:u2_range,native_within_N_claim_scope
N40,PEEQ,0.15852963924407959,raw_teacher_metric:peeq_max,native_within_N_claim_scope
N40,SurfaceT,582652032,raw_teacher_metric:surface_t_proxy,native_within_N_claim_scope
N40,Mises,579927296,raw_teacher_metric:mises_max,native_within_N_claim_scope
N12,U2,3.7463417811522959e-05,raw_teacher_metric:u2_range,native_within_N_claim_scope
N12,PEEQ,0.14698328077793121,raw_teacher_metric:peeq_max,native_within_N_claim_scope
N12,SurfaceT,581021440,raw_teacher_metric:surface_t_proxy,native_within_N_claim_scope
N12,Mises,579938496,raw_teacher_metric:mises_max,native_within_N_claim_scope
N12,U2,4.209233884466812e-05,raw_teacher_metric:u2_range,native_within_N_claim_scope
N12,PEEQ,0.1484188884496688,raw_teacher_metric:peeq_max,native_within_N_claim_scope
N12,SurfaceT,582993408,raw_teacher_metric:surface_t_proxy,native_within_N_claim_scope
N12,Mises,579939520,raw_teacher_metric:mises_max,native_within_N_claim_scope
N12,U2,8.0437921496923082e-05,raw_teacher_metric:u2_range,native_within_N_claim_scope
N12,PEEQ,0.1424328386783599,raw_teacher_metric:peeq_max,native_within_N_claim_scope
N12,SurfaceT,581134528,raw_teacher_metric:surface_t_proxy,native_within_N_claim_scope
N12,Mises,579939328,raw_teacher_metric:mises_max,native_within_N_claim_scope
N12,U2,2.9964902523715864e-05,raw_teacher_metric:u2_range,native_within_N_claim_scope
N12,PEEQ,0.1453216075897216,raw_teacher_metric:peeq_max,native_within_N_claim_scope
N12,SurfaceT,582802304,raw_teacher_metric:surface_t_proxy,native_within_N_claim_scope
N12,Mises,579939584,raw_teacher_metric:mises_max,native_within_N_claim_scope
N16,U2,5.0963160902028903e-05,raw_teacher_metric:u2_range,native_within_N_claim_scope
N16,PEEQ,0.1490653306245803,raw_teacher_metric:peeq_max,native_within_N_claim_scope
N16,SurfaceT,581331328,raw_teacher_metric:surface_t_proxy,native_within_N_claim_scope
N16,Mises,579948288,raw_teacher_metric:mises_max,native_within_N_claim_scope
N16,U2,4.3677982830558897e-05,raw_teacher_metric:u2_range,native_within_N_claim_scope
N16,PEEQ,0.1526079922914505,raw_teacher_metric:peeq_max,native_within_N_claim_scope
N16,SurfaceT,581782208,raw_teacher_metric:surface_t_proxy,native_within_N_claim_scope
N16,Mises,579948352,raw_teacher_metric:mises_max,native_within_N_claim_scope
N16,U2,0.00010790423175419999,raw_teacher_metric:u2_range,native_within_N_claim_scope
N16,PEEQ,0.16054724156856531,raw_teacher_metric:peeq_max,native_within_N_claim_scope
N16,SurfaceT,584084224,raw_teacher_metric:surface_t_proxy,native_within_N_claim_scope
N16,Mises,579948032,raw_teacher_metric:mises_max,native_within_N_claim_scope
N16,U2,4.2793851662281668e-05,raw_teacher_metric:u2_range,native_within_N_claim_scope
N16,PEEQ,0.15260666608810419,raw_teacher_metric:peeq_max,native_within_N_claim_scope
N16,SurfaceT,585915328,raw_teacher_metric:surface_t_proxy,native_within_N_claim_scope
N16,Mises,579948288,raw_teacher_metric:mises_max,native_within_N_claim_scope
N24,U2,8.2611220022954512e-05,raw_teacher_metric:u2_range,native_within_N_claim_scope
N24,PEEQ,0.15338687598705289,raw_teacher_metric:peeq_max,native_within_N_claim_scope
N24,SurfaceT,582211520,raw_teacher_metric:surface_t_proxy,native_within_N_claim_scope
N24,Mises,579944448,raw_teacher_metric:mises_max,native_within_N_claim_scope
N24,U2,8.0191912275040522e-05,raw_teacher_metric:u2_range,native_within_N_claim_scope
N24,PEEQ,0.15613804757595059,raw_teacher_metric:peeq_max,native_within_N_claim_scope
N24,SurfaceT,582353856,raw_teacher_metric:surface_t_proxy,native_within_N_claim_scope
N24,Mises,579944512,raw_teacher_metric:mises_max,native_within_N_claim_scope
N24,U2,0.00023064971628620001,raw_teacher_metric:u2_range,native_within_N_claim_scope
N24,PEEQ,0.16196227073669431,raw_teacher_metric:peeq_max,native_within_N_claim_scope
N24,SurfaceT,583032192,raw_teacher_metric:surface_t_proxy,native_within_N_claim_scope
N24,Mises,579943168,raw_teacher_metric:mises_max,native_within_N_claim_scope
N24,U2,8.0254301792592742e-05,raw_teacher_metric:u2_range,native_within_N_claim_scope
N24,PEEQ,0.16120918095111841,raw_teacher_metric:peeq_max,native_within_N_claim_scope
N24,SurfaceT,584544768,raw_teacher_metric:surface_t_proxy,native_within_N_claim_scope
N24,Mises,579944384,raw_teacher_metric:mises_max,native_within_N_claim_scope
N24,U2,5.9079664424643852e-05,raw_teacher_metric:u2_range,native_within_N_claim_scope
N24,PEEQ,0.16586512327194211,raw_teacher_metric:peeq_max,native_within_N_claim_scope
N24,SurfaceT,585390656,raw_teacher_metric:surface_t_proxy,native_within_N_claim_scope
N24,Mises,579944768,raw_teacher_metric:mises_max,native_within_N_claim_scope
N24,U2,7.2854969403124414e-05,raw_teacher_metric:u2_range,native_within_N_claim_scope
N24,PEEQ,0.1538291126489639,raw_teacher_metric:peeq_max,native_within_N_claim_scope
N24,SurfaceT,580991360,raw_teacher_metric:surface_t_proxy,native_within_N_claim_scope
N24,Mises,579944640,raw_teacher_metric:mises_max,native_within_N_claim_scope
N24,U2,0.0003879498119658,raw_teacher_metric:u2_range,native_within_N_claim_scope
N24,PEEQ,0.149288535118103,raw_teacher_metric:peeq_max,native_within_N_claim_scope
N24,SurfaceT,582449344,raw_teacher_metric:surface_t_proxy,native_within_N_claim_scope
N24,Mises,579944000,raw_teacher_metric:mises_max,native_within_N_claim_scope
N24,U2,4.1560474528523628e-05,raw_teacher_metric:u2_range,native_within_N_claim_scope
N24,PEEQ,0.16277655959129331,raw_teacher_metric:peeq_max,native_within_N_claim_scope
N24,SurfaceT,581362240,raw_teacher_metric:surface_t_proxy,native_within_N_claim_scope
N24,Mises,579944896,raw_teacher_metric:mises_max,native_within_N_claim_scope
N24,U2,6.8386598286451772e-05,raw_teacher_metric:u2_range,native_within_N_claim_scope
N24,PEEQ,0.15901342034339899,raw_teacher_metric:peeq_max,native_within_N_claim_scope
N24,SurfaceT,583970176,raw_teacher_metric:surface_t_proxy,native_within_N_claim_scope
N24,Mises,579944576,raw_teacher_metric:mises_max,native_within_N_claim_scope
N24,U2,4.0009971598919947e-05,raw_teacher_metric:u2_range,native_within_N_claim_scope
N24,PEEQ,0.15743216872215271,raw_teacher_metric:peeq_max,native_within_N_claim_scope
N24,SurfaceT,582112512,raw_teacher_metric:surface_t_proxy,native_within_N_claim_scope
N24,Mises,579944704,raw_teacher_metric:mises_max,native_within_N_claim_scope
N40,U2,8.0879843153525144e-05,raw_teacher_metric:u2_range,native_within_N_claim_scope
N40,PEEQ,0.1614688634872436,raw_teacher_metric:peeq_max,native_within_N_claim_scope
N40,SurfaceT,585938752,raw_teacher_metric:surface_t_proxy,native_within_N_claim_scope
N40,Mises,579927040,raw_teacher_metric:mises_max,native_within_N_claim_scope
N40,U2,0.00013814787780570001,raw_teacher_metric:u2_range,native_within_N_claim_scope
N40,PEEQ,0.16916553676128379,raw_teacher_metric:peeq_max,native_within_N_claim_scope
N40,SurfaceT,583121664,raw_teacher_metric:surface_t_proxy,native_within_N_claim_scope
N40,Mises,579926336,raw_teacher_metric:mises_max,native_within_N_claim_scope
N40,U2,0.00072392465176559996,raw_teacher_metric:u2_range,native_within_N_claim_scope
N40,PEEQ,0.15773770213127131,raw_teacher_metric:peeq_max,native_within_N_claim_scope
N40,SurfaceT,585212224,raw_teacher_metric:surface_t_proxy,native_within_N_claim_scope
N40,Mises,579926080,raw_teacher_metric:mises_max,native_within_N_claim_scope
N40,U2,0.0001491561724833,raw_teacher_metric:u2_range,native_within_N_claim_scope
N40,PEEQ,0.15665197372436521,raw_teacher_metric:peeq_max,native_within_N_claim_scope
N40,SurfaceT,583935936,raw_teacher_metric:surface_t_proxy,native_within_N_claim_scope
N40,Mises,579926208,raw_teacher_metric:mises_max,native_within_N_claim_scope
N40,U2,0.00096520405338649997,raw_teacher_metric:u2_range,native_within_N_claim_scope
N40,PEEQ,0.1442238241434097,raw_teacher_metric:peeq_max,native_within_N_claim_scope
N40,SurfaceT,585249728,raw_teacher_metric:surface_t_proxy,native_within_N_claim_scope
N40,Mises,579926016,raw_teacher_metric:mises_max,native_within_N_claim_scope
N40,U2,0.00028955315769960003,raw_teacher_metric:u2_range,native_within_N_claim_scope
N40,PEEQ,0.1524127125740051,raw_teacher_metric:peeq_max,native_within_N_claim_scope
N40,SurfaceT,581119040,raw_teacher_metric:surface_t_proxy,native_within_N_claim_scope
N40,Mises,579926528,raw_teacher_metric:mises_max,native_within_N_claim_scope
N40,U2,0.001751992967911,raw_teacher_metric:u2_range,native_within_N_claim_scope
N40,PEEQ,0.14976522326469421,raw_teacher_metric:peeq_max,native_within_N_claim_scope
N40,SurfaceT,589166208,raw_teacher_metric:surface_t_proxy,native_within_N_claim_scope
N40,Mises,579925568,raw_teacher_metric:mises_max,native_within_N_claim_scope
N40,U2,0.0002107644334046,raw_teacher_metric:u2_range,native_within_N_claim_scope
N40,PEEQ,0.1547115296125412,raw_teacher_metric:peeq_max,native_within_N_claim_scope
N40,SurfaceT,585281536,raw_teacher_metric:surface_t_proxy,native_within_N_claim_scope
N40,Mises,579926016,raw_teacher_metric:mises_max,native_within_N_claim_scope
N40,U2,0.00016390290875269999,raw_teacher_metric:u2_range,native_within_N_claim_scope
N40,PEEQ,0.1643984466791153,raw_teacher_metric:peeq_max,native_within_N_claim_scope
N40,SurfaceT,587828288,raw_teacher_metric:surface_t_proxy,native_within_N_claim_scope
N40,Mises,579925824,raw_teacher_metric:mises_max,native_within_N_claim_scope
N40,U2,0.0001504687188571,raw_teacher_metric:u2_range,native_within_N_claim_scope
N40,PEEQ,0.15975950658321381,raw_teacher_metric:peeq_max,native_within_N_claim_scope
N40,SurfaceT,584999872,raw_teacher_metric:surface_t_proxy,native_within_N_claim_scope
N40,Mises,579926208,raw_teacher_metric:mises_max,native_within_N_claim_scope
N12,U2,3.981756117354962e-05,raw_teacher_metric:u2_range,native_within_N_claim_scope
N12,PEEQ,0.14761199057102201,raw_teacher_metric:peeq_max,native_within_N_claim_scope
N12,SurfaceT,581054144,raw_teacher_metric:surface_t_proxy,native_within_N_claim_scope
N12,Mises,579938560,raw_teacher_metric:mises_max,native_within_N_claim_scope
N12,U2,4.7434456064365811e-05,raw_teacher_metric:u2_range,native_within_N_claim_scope
N12,PEEQ,0.1485111713409423,raw_teacher_metric:peeq_max,native_within_N_claim_scope
N12,SurfaceT,583104000,raw_teacher_metric:surface_t_proxy,native_within_N_claim_scope
N12,Mises,579939584,raw_teacher_metric:mises_max,native_within_N_claim_scope
N12,U2,4.8033869006758323e-05,raw_teacher_metric:u2_range,native_within_N_claim_scope
N12,PEEQ,0.14844942092895499,raw_teacher_metric:peeq_max,native_within_N_claim_scope
N12,SurfaceT,581267264,raw_teacher_metric:surface_t_proxy,native_within_N_claim_scope
N12,Mises,579939776,raw_teacher_metric:mises_max,native_within_N_claim_scope
N12,U2,4.5481489905796479e-05,raw_teacher_metric:u2_range,native_within_N_claim_scope
N12,PEEQ,0.1537710577249527,raw_teacher_metric:peeq_max,native_within_N_claim_scope
N12,SurfaceT,581128832,raw_teacher_metric:surface_t_proxy,native_within_N_claim_scope
N12,Mises,579939520,raw_teacher_metric:mises_max,native_within_N_claim_scope
N12,U2,3.9774539800419006e-05,raw_teacher_metric:u2_range,native_within_N_claim_scope
N12,PEEQ,0.15218588709831229,raw_teacher_metric:peeq_max,native_within_N_claim_scope
N12,SurfaceT,583000640,raw_teacher_metric:surface_t_proxy,native_within_N_claim_scope
N12,Mises,579939584,raw_teacher_metric:mises_max,native_within_N_claim_scope
N12,U2,0.00011556239610389999,raw_teacher_metric:u2_range,native_within_N_claim_scope
N12,PEEQ,0.16311047971248621,raw_teacher_metric:peeq_max,native_within_N_claim_scope
N12,SurfaceT,582663488,raw_teacher_metric:surface_t_proxy,native_within_N_claim_scope
N12,Mises,579938304,raw_teacher_metric:mises_max,native_within_N_claim_scope
N12,U2,8.9734771790972445e-05,raw_teacher_metric:u2_range,native_within_N_claim_scope
N12,PEEQ,0.16364413499832151,raw_teacher_metric:peeq_max,native_within_N_claim_scope
N12,SurfaceT,582725376,raw_teacher_metric:surface_t_proxy,native_within_N_claim_scope
N12,Mises,579938304,raw_teacher_metric:mises_max,native_within_N_claim_scope
N12,U2,4.4157836555314127e-05,raw_teacher_metric:u2_range,native_within_N_claim_scope
N12,PEEQ,0.1451154500246048,raw_teacher_metric:peeq_max,native_within_N_claim_scope
N12,SurfaceT,581017728,raw_teacher_metric:surface_t_proxy,native_within_N_claim_scope
N12,Mises,579939456,raw_teacher_metric:mises_max,native_within_N_claim_scope
N16,U2,5.9321590015315451e-05,raw_teacher_metric:u2_range,native_within_N_claim_scope
N16,PEEQ,0.1564416885375976,raw_teacher_metric:peeq_max,native_within_N_claim_scope
N16,SurfaceT,585075776,raw_teacher_metric:surface_t_proxy,native_within_N_claim_scope
N16,Mises,579948416,raw_teacher_metric:mises_max,native_within_N_claim_scope
N16,U2,4.0733349123911466e-05,raw_teacher_metric:u2_range,native_within_N_claim_scope
N16,PEEQ,0.15221633017063141,raw_teacher_metric:peeq_max,native_within_N_claim_scope
N16,SurfaceT,581438784,raw_teacher_metric:surface_t_proxy,native_within_N_claim_scope
N16,Mises,579948416,raw_teacher_metric:mises_max,native_within_N_claim_scope
N16,U2,7.1215052685147384e-05,raw_teacher_metric:u2_range,native_within_N_claim_scope
N16,PEEQ,0.14964671432971949,raw_teacher_metric:peeq_max,native_within_N_claim_scope
N16,SurfaceT,581315072,raw_teacher_metric:surface_t_proxy,native_within_N_claim_scope
N16,Mises,579948224,raw_teacher_metric:mises_max,native_within_N_claim_scope
N16,U2,4.9503547870699549e-05,raw_teacher_metric:u2_range,native_within_N_claim_scope
N16,PEEQ,0.15129896998405451,raw_teacher_metric:peeq_max,native_within_N_claim_scope
N16,SurfaceT,584900928,raw_teacher_metric:surface_t_proxy,native_within_N_claim_scope
N16,Mises,579948288,raw_teacher_metric:mises_max,native_within_N_claim_scope
N16,U2,8.2544947872520424e-05,raw_teacher_metric:u2_range,native_within_N_claim_scope
N16,PEEQ,0.15683269500732419,raw_teacher_metric:peeq_max,native_within_N_claim_scope
N16,SurfaceT,583419776,raw_teacher_metric:surface_t_proxy,native_within_N_claim_scope
N16,Mises,579948288,raw_teacher_metric:mises_max,native_within_N_claim_scope
N16,U2,0.00017390073617200001,raw_teacher_metric:u2_range,native_within_N_claim_scope
N16,PEEQ,0.1697699576616287,raw_teacher_metric:peeq_max,native_within_N_claim_scope
N16,SurfaceT,582733120,raw_teacher_metric:surface_t_proxy,native_within_N_claim_scope
N16,Mises,579947136,raw_teacher_metric:mises_max,native_within_N_claim_scope
N16,U2,0.00016095799151109999,raw_teacher_metric:u2_range,native_within_N_claim_scope
N16,PEEQ,0.157854363322258,raw_teacher_metric:peeq_max,native_within_N_claim_scope
N16,SurfaceT,581490432,raw_teacher_metric:surface_t_proxy,native_within_N_claim_scope
N16,Mises,579947904,raw_teacher_metric:mises_max,native_within_N_claim_scope
N16,U2,4.2947722249664366e-05,raw_teacher_metric:u2_range,native_within_N_claim_scope
N16,PEEQ,0.1522741019725799,raw_teacher_metric:peeq_max,native_within_N_claim_scope
N16,SurfaceT,581874176,raw_teacher_metric:surface_t_proxy,native_within_N_claim_scope
N16,Mises,579948352,raw_teacher_metric:mises_max,native_within_N_claim_scope
N24,U2,7.3692231126187835e-05,raw_teacher_metric:u2_range,native_within_N_claim_scope
N24,PEEQ,0.15675918757915491,raw_teacher_metric:peeq_max,native_within_N_claim_scope
N24,SurfaceT,581899200,raw_teacher_metric:surface_t_proxy,native_within_N_claim_scope
N24,Mises,579943680,raw_teacher_metric:mises_max,native_within_N_claim_scope
N24,U2,8.4622756730823312e-05,raw_teacher_metric:u2_range,native_within_N_claim_scope
N24,PEEQ,0.16258181631565091,raw_teacher_metric:peeq_max,native_within_N_claim_scope
N24,SurfaceT,586835584,raw_teacher_metric:surface_t_proxy,native_within_N_claim_scope
N24,Mises,579944448,raw_teacher_metric:mises_max,native_within_N_claim_scope
N24,U2,6.8079139055043925e-05,raw_teacher_metric:u2_range,native_within_N_claim_scope
N24,PEEQ,0.15435466170310971,raw_teacher_metric:peeq_max,native_within_N_claim_scope
N24,SurfaceT,581713792,raw_teacher_metric:surface_t_proxy,native_within_N_claim_scope
N24,Mises,579944640,raw_teacher_metric:mises_max,native_within_N_claim_scope
N24,U2,8.1251304436591454e-05,raw_teacher_metric:u2_range,native_within_N_claim_scope
N24,PEEQ,0.16107155382633209,raw_teacher_metric:peeq_max,native_within_N_claim_scope
N24,SurfaceT,583307264,raw_teacher_metric:surface_t_proxy,native_within_N_claim_scope
N24,Mises,579944448,raw_teacher_metric:mises_max,native_within_N_claim_scope
N24,U2,6.7708522692555562e-05,raw_teacher_metric:u2_range,native_within_N_claim_scope
N24,PEEQ,0.15724237263202659,raw_teacher_metric:peeq_max,native_within_N_claim_scope
N24,SurfaceT,586670400,raw_teacher_metric:surface_t_proxy,native_within_N_claim_scope
N24,Mises,579943872,raw_teacher_metric:mises_max,native_within_N_claim_scope
N24,U2,8.0617076946509769e-05,raw_teacher_metric:u2_range,native_within_N_claim_scope
N24,PEEQ,0.1534445732831955,raw_teacher_metric:peeq_max,native_within_N_claim_scope
N24,SurfaceT,580875968,raw_teacher_metric:surface_t_proxy,native_within_N_claim_scope
N24,Mises,579944640,raw_teacher_metric:mises_max,native_within_N_claim_scope
N24,U2,7.3736353897402296e-05,raw_teacher_metric:u2_range,native_within_N_claim_scope
N24,PEEQ,0.1538069397211074,raw_teacher_metric:peeq_max,native_within_N_claim_scope
N24,SurfaceT,581218368,raw_teacher_metric:surface_t_proxy,native_within_N_claim_scope
N24,Mises,579944576,raw_teacher_metric:mises_max,native_within_N_claim_scope
N24,U2,8.0198741898129811e-05,raw_teacher_metric:u2_range,native_within_N_claim_scope
N24,PEEQ,0.1531224399805069,raw_teacher_metric:peeq_max,native_within_N_claim_scope
N24,SurfaceT,581032512,raw_teacher_metric:surface_t_proxy,native_within_N_claim_scope
N24,Mises,579944640,raw_teacher_metric:mises_max,native_within_N_claim_scope
N24,U2,6.9306138357205782e-05,raw_teacher_metric:u2_range,native_within_N_claim_scope
N24,PEEQ,0.1627024710178375,raw_teacher_metric:peeq_max,native_within_N_claim_scope
N24,SurfaceT,587378304,raw_teacher_metric:surface_t_proxy,native_within_N_claim_scope
N24,Mises,579943680,raw_teacher_metric:mises_max,native_within_N_claim_scope
N24,U2,7.942568845464848e-05,raw_teacher_metric:u2_range,native_within_N_claim_scope
N24,PEEQ,0.15425004065036771,raw_teacher_metric:peeq_max,native_within_N_claim_scope
N24,SurfaceT,581681088,raw_teacher_metric:surface_t_proxy,native_within_N_claim_scope
N24,Mises,579944640,raw_teacher_metric:mises_max,native_within_N_claim_scope
N24,U2,0.0001170783098132,raw_teacher_metric:u2_range,native_within_N_claim_scope
N24,PEEQ,0.15435701608657831,raw_teacher_metric:peeq_max,native_within_N_claim_scope
N24,SurfaceT,581163200,raw_teacher_metric:surface_t_proxy,native_within_N_claim_scope
N24,Mises,579943360,raw_teacher_metric:mises_max,native_within_N_claim_scope
N24,U2,0.00011106191414,raw_teacher_metric:u2_range,native_within_N_claim_scope
N24,PEEQ,0.15534788370132441,raw_teacher_metric:peeq_max,native_within_N_claim_scope
N24,SurfaceT,581244224,raw_teacher_metric:surface_t_proxy,native_within_N_claim_scope
N24,Mises,579943488,raw_teacher_metric:mises_max,native_within_N_claim_scope
N24,U2,7.3702089139260352e-05,raw_teacher_metric:u2_range,native_within_N_claim_scope
N24,PEEQ,0.16418120265007019,raw_teacher_metric:peeq_max,native_within_N_claim_scope
N24,SurfaceT,581645440,raw_teacher_metric:surface_t_proxy,native_within_N_claim_scope
N24,Mises,579944640,raw_teacher_metric:mises_max,native_within_N_claim_scope
N24,U2,0.00020871601464020001,raw_teacher_metric:u2_range,native_within_N_claim_scope
N24,PEEQ,0.17667543888092041,raw_teacher_metric:peeq_max,native_within_N_claim_scope
N24,SurfaceT,581457152,raw_teacher_metric:surface_t_proxy,native_within_N_claim_scope
N24,Mises,579944384,raw_teacher_metric:mises_max,native_within_N_claim_scope
N24,U2,8.884969702194212e-05,raw_teacher_metric:u2_range,native_within_N_claim_scope
N24,PEEQ,0.1608411371707916,raw_teacher_metric:peeq_max,native_within_N_claim_scope
N24,SurfaceT,583299520,raw_teacher_metric:surface_t_proxy,native_within_N_claim_scope
N24,Mises,579944384,raw_teacher_metric:mises_max,native_within_N_claim_scope
N24,U2,8.7273376266239211e-05,raw_teacher_metric:u2_range,native_within_N_claim_scope
N24,PEEQ,0.16257418692111969,raw_teacher_metric:peeq_max,native_within_N_claim_scope
N24,SurfaceT,583067200,raw_teacher_metric:surface_t_proxy,native_within_N_claim_scope
N24,Mises,579944704,raw_teacher_metric:mises_max,native_within_N_claim_scope
N24,U2,0.0001864545752141,raw_teacher_metric:u2_range,native_within_N_claim_scope
N24,PEEQ,0.16230599582195279,raw_teacher_metric:peeq_max,native_within_N_claim_scope
N24,SurfaceT,584355136,raw_teacher_metric:surface_t_proxy,native_within_N_claim_scope
N24,Mises,579943296,raw_teacher_metric:mises_max,native_within_N_claim_scope
N24,U2,0.00028991260455760002,raw_teacher_metric:u2_range,native_within_N_claim_scope
N24,PEEQ,0.1693079322576522,raw_teacher_metric:peeq_max,native_within_N_claim_scope
N24,SurfaceT,583853568,raw_teacher_metric:surface_t_proxy,native_within_N_claim_scope
N24,Mises,579943168,raw_teacher_metric:mises_max,native_within_N_claim_scope
N24,U2,5.9768303799501161e-05,raw_teacher_metric:u2_range,native_within_N_claim_scope
N24,PEEQ,0.16470889747142789,raw_teacher_metric:peeq_max,native_within_N_claim_scope
N24,SurfaceT,585381696,raw_teacher_metric:surface_t_proxy,native_within_N_claim_scope
N24,Mises,579944000,raw_teacher_metric:mises_max,native_within_N_claim_scope
N24,U2,5.3469940212380607e-05,raw_teacher_metric:u2_range,native_within_N_claim_scope
N24,PEEQ,0.1653908491134643,raw_teacher_metric:peeq_max,native_within_N_claim_scope
N24,SurfaceT,585390080,raw_teacher_metric:surface_t_proxy,native_within_N_claim_scope
N24,Mises,579944832,raw_teacher_metric:mises_max,native_within_N_claim_scope
N24,U2,0.00040489966590929999,raw_teacher_metric:u2_range,native_within_N_claim_scope
N24,PEEQ,0.16663371026515961,raw_teacher_metric:peeq_max,native_within_N_claim_scope
N24,SurfaceT,584805888,raw_teacher_metric:surface_t_proxy,native_within_N_claim_scope
N24,Mises,579944128,raw_teacher_metric:mises_max,native_within_N_claim_scope
N24,U2,0.00028374255430199999,raw_teacher_metric:u2_range,native_within_N_claim_scope
N24,PEEQ,0.1525747328996658,raw_teacher_metric:peeq_max,native_within_N_claim_scope
N24,SurfaceT,582417280,raw_teacher_metric:surface_t_proxy,native_within_N_claim_scope
N24,Mises,579944000,raw_teacher_metric:mises_max,native_within_N_claim_scope
N24,U2,5.3637581004295498e-05,raw_teacher_metric:u2_range,native_within_N_claim_scope
N24,PEEQ,0.15432971715927121,raw_teacher_metric:peeq_max,native_within_N_claim_scope
N24,SurfaceT,586287680,raw_teacher_metric:surface_t_proxy,native_within_N_claim_scope
N24,Mises,579944640,raw_teacher_metric:mises_max,native_within_N_claim_scope
N24,U2,7.0606370172754396e-05,raw_teacher_metric:u2_range,native_within_N_claim_scope
N24,PEEQ,0.15387560427188871,raw_teacher_metric:peeq_max,native_within_N_claim_scope
N24,SurfaceT,586210112,raw_teacher_metric:surface_t_proxy,native_within_N_claim_scope
N24,Mises,579944640,raw_teacher_metric:mises_max,native_within_N_claim_scope
N40,U2,0.00019459850318520001,raw_teacher_metric:u2_range,native_within_N_claim_scope
N40,PEEQ,0.16283795237541199,raw_teacher_metric:peeq_max,native_within_N_claim_scope
N40,SurfaceT,581591424,raw_teacher_metric:surface_t_proxy,native_within_N_claim_scope
N40,Mises,579927552,raw_teacher_metric:mises_max,native_within_N_claim_scope
N40,U2,0.00012272537605889999,raw_teacher_metric:u2_range,native_within_N_claim_scope
N40,PEEQ,0.16677373647689819,raw_teacher_metric:peeq_max,native_within_N_claim_scope
N40,SurfaceT,598535360,raw_teacher_metric:surface_t_proxy,native_within_N_claim_scope
N40,Mises,579927040,raw_teacher_metric:mises_max,native_within_N_claim_scope
N40,U2,0.0001059363503372,raw_teacher_metric:u2_range,native_within_N_claim_scope
N40,PEEQ,0.1590581983327865,raw_teacher_metric:peeq_max,native_within_N_claim_scope
N40,SurfaceT,592258240,raw_teacher_metric:surface_t_proxy,native_within_N_claim_scope
N40,Mises,579925632,raw_teacher_metric:mises_max,native_within_N_claim_scope
N40,U2,0.0001603593141226,raw_teacher_metric:u2_range,native_within_N_claim_scope
N40,PEEQ,0.15993769466876981,raw_teacher_metric:peeq_max,native_within_N_claim_scope
N40,SurfaceT,581768896,raw_teacher_metric:surface_t_proxy,native_within_N_claim_scope
N40,Mises,579925632,raw_teacher_metric:mises_max,native_within_N_claim_scope
N40,U2,8.8809281805879436e-05,raw_teacher_metric:u2_range,native_within_N_claim_scope
N40,PEEQ,0.1641431897878646,raw_teacher_metric:peeq_max,native_within_N_claim_scope
N40,SurfaceT,595921664,raw_teacher_metric:surface_t_proxy,native_within_N_claim_scope
N40,Mises,579925632,raw_teacher_metric:mises_max,native_within_N_claim_scope
N40,U2,0.00020166151443840001,raw_teacher_metric:u2_range,native_within_N_claim_scope
N40,PEEQ,0.1611578613519668,raw_teacher_metric:peeq_max,native_within_N_claim_scope
N40,SurfaceT,583783872,raw_teacher_metric:surface_t_proxy,native_within_N_claim_scope
N40,Mises,579927360,raw_teacher_metric:mises_max,native_within_N_claim_scope
N40,U2,0.0002165191526728,raw_teacher_metric:u2_range,native_within_N_claim_scope
N40,PEEQ,0.1629427224397659,raw_teacher_metric:peeq_max,native_within_N_claim_scope
N40,SurfaceT,584747776,raw_teacher_metric:surface_t_proxy,native_within_N_claim_scope
N40,Mises,579928896,raw_teacher_metric:mises_max,native_within_N_claim_scope
N40,U2,0.00019893523085549999,raw_teacher_metric:u2_range,native_within_N_claim_scope
N40,PEEQ,0.1538123935461044,raw_teacher_metric:peeq_max,native_within_N_claim_scope
N40,SurfaceT,582634112,raw_teacher_metric:surface_t_proxy,native_within_N_claim_scope
N40,Mises,579927424,raw_teacher_metric:mises_max,native_within_N_claim_scope
N40,U2,0.00020833183407369999,raw_teacher_metric:u2_range,native_within_N_claim_scope
N40,PEEQ,0.1643828004598617,raw_teacher_metric:peeq_max,native_within_N_claim_scope
N40,SurfaceT,585395200,raw_teacher_metric:surface_t_proxy,native_within_N_claim_scope
N40,Mises,579929024,raw_teacher_metric:mises_max,native_within_N_claim_scope
N40,U2,0.0017309115501119999,raw_teacher_metric:u2_range,native_within_N_claim_scope
N40,PEEQ,0.1823613494634628,raw_teacher_metric:peeq_max,native_within_N_claim_scope
N40,SurfaceT,588479616,raw_teacher_metric:surface_t_proxy,native_within_N_claim_scope
N40,Mises,579926720,raw_teacher_metric:mises_max,native_within_N_claim_scope
N40,U2,0.00055456570748900003,raw_teacher_metric:u2_range,native_within_N_claim_scope
N40,PEEQ,0.16292472183704371,raw_teacher_metric:peeq_max,native_within_N_claim_scope
N40,SurfaceT,586222784,raw_teacher_metric:surface_t_proxy,native_within_N_claim_scope
N40,Mises,579926080,raw_teacher_metric:mises_max,native_within_N_claim_scope
N40,U2,0.0010631986892376999,raw_teacher_metric:u2_range,native_within_N_claim_scope
N40,PEEQ,0.16056868433952329,raw_teacher_metric:peeq_max,native_within_N_claim_scope
N40,SurfaceT,584326272,raw_teacher_metric:surface_t_proxy,native_within_N_claim_scope
N40,Mises,579925952,raw_teacher_metric:mises_max,native_within_N_claim_scope
N40,U2,0.0009516127437336,raw_teacher_metric:u2_range,native_within_N_claim_scope
N40,PEEQ,0.17189238965511319,raw_teacher_metric:peeq_max,native_within_N_claim_scope
N40,SurfaceT,586396288,raw_teacher_metric:surface_t_proxy,native_within_N_claim_scope
N40,Mises,579926912,raw_teacher_metric:mises_max,native_within_N_claim_scope
N40,U2,0.0011485806799669,raw_teacher_metric:u2_range,native_within_N_claim_scope
N40,PEEQ,0.1689211428165435,raw_teacher_metric:peeq_max,native_within_N_claim_scope
N40,SurfaceT,583967360,raw_teacher_metric:surface_t_proxy,native_within_N_claim_scope
N40,Mises,579925056,raw_teacher_metric:mises_max,native_within_N_claim_scope
N40,U2,0.0010186854147490999,raw_teacher_metric:u2_range,native_within_N_claim_scope
N40,PEEQ,0.15792873501777649,raw_teacher_metric:peeq_max,native_within_N_claim_scope
N40,SurfaceT,583294976,raw_teacher_metric:surface_t_proxy,native_within_N_claim_scope
N40,Mises,579926016,raw_teacher_metric:mises_max,native_within_N_claim_scope
N40,U2,0.0011747723910957,raw_teacher_metric:u2_range,native_within_N_claim_scope
N40,PEEQ,0.16910290718078611,raw_teacher_metric:peeq_max,native_within_N_claim_scope
N40,SurfaceT,586287488,raw_teacher_metric:surface_t_proxy,native_within_N_claim_scope
N40,Mises,579926080,raw_teacher_metric:mises_max,native_within_N_claim_scope
N40,U2,0.0010366806861269999,raw_teacher_metric:u2_range,native_within_N_claim_scope
N40,PEEQ,0.16928334534168241,raw_teacher_metric:peeq_max,native_within_N_claim_scope
N40,SurfaceT,584457024,raw_teacher_metric:surface_t_proxy,native_within_N_claim_scope
N40,Mises,579925184,raw_teacher_metric:mises_max,native_within_N_claim_scope
N40,U2,0.0011591740185394001,raw_teacher_metric:u2_range,native_within_N_claim_scope
N40,PEEQ,0.16599196195602409,raw_teacher_metric:peeq_max,native_within_N_claim_scope
N40,SurfaceT,584591488,raw_teacher_metric:surface_t_proxy,native_within_N_claim_scope
N40,Mises,579926464,raw_teacher_metric:mises_max,native_within_N_claim_scope
N40,U2,0.0010814771626144,raw_teacher_metric:u2_range,native_within_N_claim_scope
N40,PEEQ,0.15909770131111139,raw_teacher_metric:peeq_max,native_within_N_claim_scope
N40,SurfaceT,583097088,raw_teacher_metric:surface_t_proxy,native_within_N_claim_scope
N40,Mises,579926016,raw_teacher_metric:mises_max,native_within_N_claim_scope
N40,U2,0.0013657823437824,raw_teacher_metric:u2_range,native_within_N_claim_scope
N40,PEEQ,0.15467514097690579,raw_teacher_metric:peeq_max,native_within_N_claim_scope
N40,SurfaceT,584047232,raw_teacher_metric:surface_t_proxy,native_within_N_claim_scope
N40,Mises,579924800,raw_teacher_metric:mises_max,native_within_N_claim_scope
N40,U2,0.0012227803235873001,raw_teacher_metric:u2_range,native_within_N_claim_scope
N40,PEEQ,0.16191393136978149,raw_teacher_metric:peeq_max,native_within_N_claim_scope
N40,SurfaceT,587438016,raw_teacher_metric:surface_t_proxy,native_within_N_claim_scope
N40,Mises,579924800,raw_teacher_metric:mises_max,native_within_N_claim_scope
N40,U2,0.0011096128518488001,raw_teacher_metric:u2_range,native_within_N_claim_scope
N40,PEEQ,0.15867161750793449,raw_teacher_metric:peeq_max,native_within_N_claim_scope
N40,SurfaceT,585093632,raw_teacher_metric:surface_t_proxy,native_within_N_claim_scope
N40,Mises,579926016,raw_teacher_metric:mises_max,native_within_N_claim_scope
N40,U2,5.9580879678833298e-05,raw_teacher_metric:u2_range,native_within_N_claim_scope
N40,PEEQ,0.15407612919807431,raw_teacher_metric:peeq_max,native_within_N_claim_scope
N40,SurfaceT,581783552,raw_teacher_metric:surface_t_proxy,native_within_N_claim_scope
N40,Mises,579927552,raw_teacher_metric:mises_max,native_within_N_claim_scope
N40,U2,0.00021775698132839999,raw_teacher_metric:u2_range,native_within_N_claim_scope
N40,PEEQ,0.15378627181053159,raw_teacher_metric:peeq_max,native_within_N_claim_scope
N40,SurfaceT,582096064,raw_teacher_metric:surface_t_proxy,native_within_N_claim_scope
N40,Mises,579926464,raw_teacher_metric:mises_max,native_within_N_claim_scope
N12,U2,5.7443536206847057e-05,raw_teacher_metric:u2_range,native_within_N_claim_scope
N12,PEEQ,0.1684480607509613,raw_teacher_metric:peeq_max,native_within_N_claim_scope
N12,SurfaceT,582666752,raw_teacher_metric:surface_t_proxy,native_within_N_claim_scope
N12,Mises,579939584,raw_teacher_metric:mises_max,native_within_N_claim_scope
N12,U2,3.5468697433316265e-05,raw_teacher_metric:u2_range,native_within_N_claim_scope
N12,PEEQ,0.1539434939622879,raw_teacher_metric:peeq_max,native_within_N_claim_scope
N12,SurfaceT,581848896,raw_teacher_metric:surface_t_proxy,native_within_N_claim_scope
N12,Mises,579938560,raw_teacher_metric:mises_max,native_within_N_claim_scope
N12,U2,5.2697398132295348e-05,raw_teacher_metric:u2_range,native_within_N_claim_scope
N12,PEEQ,0.15453843772411341,raw_teacher_metric:peeq_max,native_within_N_claim_scope
N12,SurfaceT,581436224,raw_teacher_metric:surface_t_proxy,native_within_N_claim_scope
N12,Mises,579939520,raw_teacher_metric:mises_max,native_within_N_claim_scope
N12,U2,5.9946894452878041e-05,raw_teacher_metric:u2_range,native_within_N_claim_scope
N12,PEEQ,0.15000222623348231,raw_teacher_metric:peeq_max,native_within_N_claim_scope
N12,SurfaceT,581437888,raw_teacher_metric:surface_t_proxy,native_within_N_claim_scope
N12,Mises,579938432,raw_teacher_metric:mises_max,native_within_N_claim_scope
N16,U2,5.8344937315268908e-05,raw_teacher_metric:u2_range,native_within_N_claim_scope
N16,PEEQ,0.17205381393432609,raw_teacher_metric:peeq_max,native_within_N_claim_scope
N16,SurfaceT,581969920,raw_teacher_metric:surface_t_proxy,native_within_N_claim_scope
N16,Mises,579948480,raw_teacher_metric:mises_max,native_within_N_claim_scope
N16,U2,9.1553128640953219e-05,raw_teacher_metric:u2_range,native_within_N_claim_scope
N16,PEEQ,0.15653097629547119,raw_teacher_metric:peeq_max,native_within_N_claim_scope
N16,SurfaceT,582068416,raw_teacher_metric:surface_t_proxy,native_within_N_claim_scope
N16,Mises,579947136,raw_teacher_metric:mises_max,native_within_N_claim_scope
N16,U2,8.9786421540338779e-05,raw_teacher_metric:u2_range,native_within_N_claim_scope
N16,PEEQ,0.15444020926952359,raw_teacher_metric:peeq_max,native_within_N_claim_scope
N16,SurfaceT,583986816,raw_teacher_metric:surface_t_proxy,native_within_N_claim_scope
N16,Mises,579947264,raw_teacher_metric:mises_max,native_within_N_claim_scope
N16,U2,9.5296804374811486e-05,raw_teacher_metric:u2_range,native_within_N_claim_scope
N16,PEEQ,0.1514548659324646,raw_teacher_metric:peeq_max,native_within_N_claim_scope
N16,SurfaceT,581461312,raw_teacher_metric:surface_t_proxy,native_within_N_claim_scope
N16,Mises,579948160,raw_teacher_metric:mises_max,native_within_N_claim_scope
N24,U2,8.4048523603996728e-05,raw_teacher_metric:u2_range,native_within_N_claim_scope
N24,PEEQ,0.15121673047542569,raw_teacher_metric:peeq_max,native_within_N_claim_scope
N24,SurfaceT,581126080,raw_teacher_metric:surface_t_proxy,native_within_N_claim_scope
N24,Mises,579944640,raw_teacher_metric:mises_max,native_within_N_claim_scope
N24,U2,0.00024242708241209999,raw_teacher_metric:u2_range,native_within_N_claim_scope
N24,PEEQ,0.14978025853633881,raw_teacher_metric:peeq_max,native_within_N_claim_scope
N24,SurfaceT,583834816,raw_teacher_metric:surface_t_proxy,native_within_N_claim_scope
N24,Mises,579944128,raw_teacher_metric:mises_max,native_within_N_claim_scope
N24,U2,0.00024189875512089999,raw_teacher_metric:u2_range,native_within_N_claim_scope
N24,PEEQ,0.1546439528465271,raw_teacher_metric:peeq_max,native_within_N_claim_scope
N24,SurfaceT,582266176,raw_teacher_metric:surface_t_proxy,native_within_N_claim_scope
N24,Mises,579944320,raw_teacher_metric:mises_max,native_within_N_claim_scope
N24,U2,0.0001531527886982,raw_teacher_metric:u2_range,native_within_N_claim_scope
N24,PEEQ,0.1598571240901947,raw_teacher_metric:peeq_max,native_within_N_claim_scope
N24,SurfaceT,583702528,raw_teacher_metric:surface_t_proxy,native_within_N_claim_scope
N24,Mises,579944128,raw_teacher_metric:mises_max,native_within_N_claim_scope
N24,U2,0.0002087068096443,raw_teacher_metric:u2_range,native_within_N_claim_scope
N24,PEEQ,0.1554678678512573,raw_teacher_metric:peeq_max,native_within_N_claim_scope
N24,SurfaceT,583412992,raw_teacher_metric:surface_t_proxy,native_within_N_claim_scope
N24,Mises,579943296,raw_teacher_metric:mises_max,native_within_N_claim_scope
N24,U2,0.00022382303950499999,raw_teacher_metric:u2_range,native_within_N_claim_scope
N24,PEEQ,0.15394383668899531,raw_teacher_metric:peeq_max,native_within_N_claim_scope
N24,SurfaceT,583285568,raw_teacher_metric:surface_t_proxy,native_within_N_claim_scope
N24,Mises,579944128,raw_teacher_metric:mises_max,native_within_N_claim_scope
N24,U2,0.00015769314154560001,raw_teacher_metric:u2_range,native_within_N_claim_scope
N24,PEEQ,0.15163750946521759,raw_teacher_metric:peeq_max,native_within_N_claim_scope
N24,SurfaceT,582095296,raw_teacher_metric:surface_t_proxy,native_within_N_claim_scope
N24,Mises,579944256,raw_teacher_metric:mises_max,native_within_N_claim_scope
N24,U2,5.9892929130000994e-05,raw_teacher_metric:u2_range,native_within_N_claim_scope
N24,PEEQ,0.1561369895935058,raw_teacher_metric:peeq_max,native_within_N_claim_scope
N24,SurfaceT,581614144,raw_teacher_metric:surface_t_proxy,native_within_N_claim_scope
N24,Mises,579944768,raw_teacher_metric:mises_max,native_within_N_claim_scope
N24,U2,6.3519355535390787e-05,raw_teacher_metric:u2_range,native_within_N_claim_scope
N24,PEEQ,0.1581111848354339,raw_teacher_metric:peeq_max,native_within_N_claim_scope
N24,SurfaceT,584158592,raw_teacher_metric:surface_t_proxy,native_within_N_claim_scope
N24,Mises,579944832,raw_teacher_metric:mises_max,native_within_N_claim_scope
N24,U2,3.2739409107307438e-05,raw_teacher_metric:u2_range,native_within_N_claim_scope
N24,PEEQ,0.15784226357936859,raw_teacher_metric:peeq_max,native_within_N_claim_scope
N24,SurfaceT,583110016,raw_teacher_metric:surface_t_proxy,native_within_N_claim_scope
N24,Mises,579944384,raw_teacher_metric:mises_max,native_within_N_claim_scope
N24,U2,4.1137876905850135e-05,raw_teacher_metric:u2_range,native_within_N_claim_scope
N24,PEEQ,0.15616035461425781,raw_teacher_metric:peeq_max,native_within_N_claim_scope
N24,SurfaceT,583126336,raw_teacher_metric:surface_t_proxy,native_within_N_claim_scope
N24,Mises,579943616,raw_teacher_metric:mises_max,native_within_N_claim_scope
N24,U2,5.4305293815559708e-05,raw_teacher_metric:u2_range,native_within_N_claim_scope
N24,PEEQ,0.15965195000171661,raw_teacher_metric:peeq_max,native_within_N_claim_scope
N24,SurfaceT,585878784,raw_teacher_metric:surface_t_proxy,native_within_N_claim_scope
N24,Mises,579943488,raw_teacher_metric:mises_max,native_within_N_claim_scope
N40,U2,0.00028231987380420001,raw_teacher_metric:u2_range,native_within_N_claim_scope
N40,PEEQ,0.15610595047473899,raw_teacher_metric:peeq_max,native_within_N_claim_scope
N40,SurfaceT,582261824,raw_teacher_metric:surface_t_proxy,native_within_N_claim_scope
N40,Mises,579926528,raw_teacher_metric:mises_max,native_within_N_claim_scope
N40,U2,0.00067376440119909997,raw_teacher_metric:u2_range,native_within_N_claim_scope
N40,PEEQ,0.1560283899307251,raw_teacher_metric:peeq_max,native_within_N_claim_scope
N40,SurfaceT,584050560,raw_teacher_metric:surface_t_proxy,native_within_N_claim_scope
N40,Mises,579926080,raw_teacher_metric:mises_max,native_within_N_claim_scope
N40,U2,0.00071876064112069997,raw_teacher_metric:u2_range,native_within_N_claim_scope
N40,PEEQ,0.1526638865470886,raw_teacher_metric:peeq_max,native_within_N_claim_scope
N40,SurfaceT,583502784,raw_teacher_metric:surface_t_proxy,native_within_N_claim_scope
N40,Mises,579925376,raw_teacher_metric:mises_max,native_within_N_claim_scope
N40,U2,0.00072518086722080002,raw_teacher_metric:u2_range,native_within_N_claim_scope
N40,PEEQ,0.15246470272541041,raw_teacher_metric:peeq_max,native_within_N_claim_scope
N40,SurfaceT,582093376,raw_teacher_metric:surface_t_proxy,native_within_N_claim_scope
N40,Mises,579926464,raw_teacher_metric:mises_max,native_within_N_claim_scope
N40,U2,0.00070500700439870005,raw_teacher_metric:u2_range,native_within_N_claim_scope
N40,PEEQ,0.1488805264234542,raw_teacher_metric:peeq_max,native_within_N_claim_scope
N40,SurfaceT,583357120,raw_teacher_metric:surface_t_proxy,native_within_N_claim_scope
N40,Mises,579926464,raw_teacher_metric:mises_max,native_within_N_claim_scope
N40,U2,0.00060265369074839997,raw_teacher_metric:u2_range,native_within_N_claim_scope
N40,PEEQ,0.14725024998188019,raw_teacher_metric:peeq_max,native_within_N_claim_scope
N40,SurfaceT,585624640,raw_teacher_metric:surface_t_proxy,native_within_N_claim_scope
N40,Mises,579925120,raw_teacher_metric:mises_max,native_within_N_claim_scope
N40,U2,0.00064542337008780004,raw_teacher_metric:u2_range,native_within_N_claim_scope
N40,PEEQ,0.14926190674304959,raw_teacher_metric:peeq_max,native_within_N_claim_scope
N40,SurfaceT,583033216,raw_teacher_metric:surface_t_proxy,native_within_N_claim_scope
N40,Mises,579926080,raw_teacher_metric:mises_max,native_within_N_claim_scope
N40,U2,5.6966062402352691e-05,raw_teacher_metric:u2_range,native_within_N_claim_scope
N40,PEEQ,0.1578764021396637,raw_teacher_metric:peeq_max,native_within_N_claim_scope
N40,SurfaceT,582174208,raw_teacher_metric:surface_t_proxy,native_within_N_claim_scope
N40,Mises,579926528,raw_teacher_metric:mises_max,native_within_N_claim_scope
N40,U2,9.528287046123296e-05,raw_teacher_metric:u2_range,native_within_N_claim_scope
N40,PEEQ,0.162568524479866,raw_teacher_metric:peeq_max,native_within_N_claim_scope
N40,SurfaceT,581909696,raw_teacher_metric:surface_t_proxy,native_within_N_claim_scope
N40,Mises,579928064,raw_teacher_metric:mises_max,native_within_N_claim_scope
N40,U2,6.6806458562496118e-05,raw_teacher_metric:u2_range,native_within_N_claim_scope
N40,PEEQ,0.1554957032203674,raw_teacher_metric:peeq_max,native_within_N_claim_scope
N40,SurfaceT,581764736,raw_teacher_metric:surface_t_proxy,native_within_N_claim_scope
N40,Mises,579927616,raw_teacher_metric:mises_max,native_within_N_claim_scope
N40,U2,0.0001003126781142,raw_teacher_metric:u2_range,native_within_N_claim_scope
N40,PEEQ,0.15350331366062159,raw_teacher_metric:peeq_max,native_within_N_claim_scope
N40,SurfaceT,582332992,raw_teacher_metric:surface_t_proxy,native_within_N_claim_scope
N40,Mises,579927552,raw_teacher_metric:mises_max,native_within_N_claim_scope
N40,U2,0.00016755587785149999,raw_teacher_metric:u2_range,native_within_N_claim_scope
N40,PEEQ,0.16166135668754569,raw_teacher_metric:peeq_max,native_within_N_claim_scope
N40,SurfaceT,584678912,raw_teacher_metric:surface_t_proxy,native_within_N_claim_scope
N40,Mises,579927808,raw_teacher_metric:mises_max,native_within_N_claim_scope
N24,U2,6.8970217398600653e-05,raw_teacher_metric:u2_range,native_within_N_claim_scope
N24,PEEQ,0.1602467745542526,raw_teacher_metric:peeq_max,native_within_N_claim_scope
N24,SurfaceT,582333952,raw_teacher_metric:surface_t_proxy,native_within_N_claim_scope
N24,Mises,579944704,raw_teacher_metric:mises_max,native_within_N_claim_scope
N24,U2,8.1425326243333984e-05,raw_teacher_metric:u2_range,native_within_N_claim_scope
N24,PEEQ,0.1593355387449264,raw_teacher_metric:peeq_max,native_within_N_claim_scope
N24,SurfaceT,583416192,raw_teacher_metric:surface_t_proxy,native_within_N_claim_scope
N24,Mises,579944448,raw_teacher_metric:mises_max,native_within_N_claim_scope
N24,U2,4.4721904259859002e-05,raw_teacher_metric:u2_range,native_within_N_claim_scope
N24,PEEQ,0.15614533424377439,raw_teacher_metric:peeq_max,native_within_N_claim_scope
N24,SurfaceT,583116032,raw_teacher_metric:surface_t_proxy,native_within_N_claim_scope
N24,Mises,579944320,raw_teacher_metric:mises_max,native_within_N_claim_scope
N24,U2,4.7132294184848433e-05,raw_teacher_metric:u2_range,native_within_N_claim_scope
N24,PEEQ,0.1570424288511276,raw_teacher_metric:peeq_max,native_within_N_claim_scope
N24,SurfaceT,582759168,raw_teacher_metric:surface_t_proxy,native_within_N_claim_scope
N24,Mises,579943616,raw_teacher_metric:mises_max,native_within_N_claim_scope
N24,U2,6.9287579208321404e-05,raw_teacher_metric:u2_range,native_within_N_claim_scope
N24,PEEQ,0.15777392685413361,raw_teacher_metric:peeq_max,native_within_N_claim_scope
N24,SurfaceT,582638016,raw_teacher_metric:surface_t_proxy,native_within_N_claim_scope
N24,Mises,579944384,raw_teacher_metric:mises_max,native_within_N_claim_scope
N24,U2,8.698377223481657e-05,raw_teacher_metric:u2_range,native_within_N_claim_scope
N24,PEEQ,0.1596149206161499,raw_teacher_metric:peeq_max,native_within_N_claim_scope
N24,SurfaceT,583114752,raw_teacher_metric:surface_t_proxy,native_within_N_claim_scope
N24,Mises,579943744,raw_teacher_metric:mises_max,native_within_N_claim_scope
N24,U2,5.0006177843897597e-05,raw_teacher_metric:u2_range,native_within_N_claim_scope
N24,PEEQ,0.15561395883560181,raw_teacher_metric:peeq_max,native_within_N_claim_scope
N24,SurfaceT,581409152,raw_teacher_metric:surface_t_proxy,native_within_N_claim_scope
N24,Mises,579944832,raw_teacher_metric:mises_max,native_within_N_claim_scope
N24,U2,3.7988751273587695e-05,raw_teacher_metric:u2_range,native_within_N_claim_scope
N24,PEEQ,0.1621344983577728,raw_teacher_metric:peeq_max,native_within_N_claim_scope
N24,SurfaceT,592035328,raw_teacher_metric:surface_t_proxy,native_within_N_claim_scope
N24,Mises,579944576,raw_teacher_metric:mises_max,native_within_N_claim_scope
N24,U2,0.00020252435388100001,raw_teacher_metric:u2_range,native_within_N_claim_scope
N24,PEEQ,0.1511734724044799,raw_teacher_metric:peeq_max,native_within_N_claim_scope
N24,SurfaceT,583692736,raw_teacher_metric:surface_t_proxy,native_within_N_claim_scope
N24,Mises,579944512,raw_teacher_metric:mises_max,native_within_N_claim_scope
N24,U2,0.00018851802406059999,raw_teacher_metric:u2_range,native_within_N_claim_scope
N24,PEEQ,0.15775808691978449,raw_teacher_metric:peeq_max,native_within_N_claim_scope
N24,SurfaceT,582958208,raw_teacher_metric:surface_t_proxy,native_within_N_claim_scope
N24,Mises,579944256,raw_teacher_metric:mises_max,native_within_N_claim_scope
N24,U2,0.00018214645001530001,raw_teacher_metric:u2_range,native_within_N_claim_scope
N24,PEEQ,0.1570386588573455,raw_teacher_metric:peeq_max,native_within_N_claim_scope
N24,SurfaceT,582195008,raw_teacher_metric:surface_t_proxy,native_within_N_claim_scope
N24,Mises,579944128,raw_teacher_metric:mises_max,native_within_N_claim_scope
N24,U2,0.00020644265532610001,raw_teacher_metric:u2_range,native_within_N_claim_scope
N24,PEEQ,0.1496064215898513,raw_teacher_metric:peeq_max,native_within_N_claim_scope
N24,SurfaceT,583212096,raw_teacher_metric:surface_t_proxy,native_within_N_claim_scope
N24,Mises,579944320,raw_teacher_metric:mises_max,native_within_N_claim_scope
N24,U2,0.00028159678868169998,raw_teacher_metric:u2_range,native_within_N_claim_scope
N24,PEEQ,0.1499830037355423,raw_teacher_metric:peeq_max,native_within_N_claim_scope
N24,SurfaceT,581689600,raw_teacher_metric:surface_t_proxy,native_within_N_claim_scope
N24,Mises,579944064,raw_teacher_metric:mises_max,native_within_N_claim_scope
N24,U2,0.00022632550417250001,raw_teacher_metric:u2_range,native_within_N_claim_scope
N24,PEEQ,0.1560091227293014,raw_teacher_metric:peeq_max,native_within_N_claim_scope
N24,SurfaceT,582624064,raw_teacher_metric:surface_t_proxy,native_within_N_claim_scope
N24,Mises,579944064,raw_teacher_metric:mises_max,native_within_N_claim_scope
N24,U2,0.0002380475223162,raw_teacher_metric:u2_range,native_within_N_claim_scope
N24,PEEQ,0.1531964242458343,raw_teacher_metric:peeq_max,native_within_N_claim_scope
N24,SurfaceT,581450688,raw_teacher_metric:surface_t_proxy,native_within_N_claim_scope
N24,Mises,579943296,raw_teacher_metric:mises_max,native_within_N_claim_scope
N24,U2,0.00019467409424569999,raw_teacher_metric:u2_range,native_within_N_claim_scope
N24,PEEQ,0.15568870306015009,raw_teacher_metric:peeq_max,native_within_N_claim_scope
N24,SurfaceT,585390848,raw_teacher_metric:surface_t_proxy,native_within_N_claim_scope
N24,Mises,579944512,raw_teacher_metric:mises_max,native_within_N_claim_scope
N24,U2,0.00055051875835939997,raw_teacher_metric:u2_range,native_within_N_claim_scope
N24,PEEQ,0.15197181701660151,raw_teacher_metric:peeq_max,native_within_N_claim_scope
N24,SurfaceT,581337792,raw_teacher_metric:surface_t_proxy,native_within_N_claim_scope
N24,Mises,579942848,raw_teacher_metric:mises_max,native_within_N_claim_scope
N24,U2,0.00023134587308949999,raw_teacher_metric:u2_range,native_within_N_claim_scope
N24,PEEQ,0.16036282479763031,raw_teacher_metric:peeq_max,native_within_N_claim_scope
N24,SurfaceT,585924800,raw_teacher_metric:surface_t_proxy,native_within_N_claim_scope
N24,Mises,579943552,raw_teacher_metric:mises_max,native_within_N_claim_scope
N24,U2,0.00023188524846770001,raw_teacher_metric:u2_range,native_within_N_claim_scope
N24,PEEQ,0.17316390573978421,raw_teacher_metric:peeq_max,native_within_N_claim_scope
N24,SurfaceT,582702336,raw_teacher_metric:surface_t_proxy,native_within_N_claim_scope
N24,Mises,579944256,raw_teacher_metric:mises_max,native_within_N_claim_scope
N24,U2,0.00019019179512720001,raw_teacher_metric:u2_range,native_within_N_claim_scope
N24,PEEQ,0.16071732342243189,raw_teacher_metric:peeq_max,native_within_N_claim_scope
N24,SurfaceT,584000640,raw_teacher_metric:surface_t_proxy,native_within_N_claim_scope
N24,Mises,579943424,raw_teacher_metric:mises_max,native_within_N_claim_scope
N24,U2,0.00021895822010259999,raw_teacher_metric:u2_range,native_within_N_claim_scope
N24,PEEQ,0.17191275954246521,raw_teacher_metric:peeq_max,native_within_N_claim_scope
N24,SurfaceT,581934400,raw_teacher_metric:surface_t_proxy,native_within_N_claim_scope
N24,Mises,579943808,raw_teacher_metric:mises_max,native_within_N_claim_scope
N24,U2,0.00053494334122199995,raw_teacher_metric:u2_range,native_within_N_claim_scope
N24,PEEQ,0.15576270222663879,raw_teacher_metric:peeq_max,native_within_N_claim_scope
N24,SurfaceT,581765824,raw_teacher_metric:surface_t_proxy,native_within_N_claim_scope
N24,Mises,579943808,raw_teacher_metric:mises_max,native_within_N_claim_scope
N24,U2,0.00038207893248900002,raw_teacher_metric:u2_range,native_within_N_claim_scope
N24,PEEQ,0.16332799196243281,raw_teacher_metric:peeq_max,native_within_N_claim_scope
N24,SurfaceT,585695104,raw_teacher_metric:surface_t_proxy,native_within_N_claim_scope
N24,Mises,579942976,raw_teacher_metric:mises_max,native_within_N_claim_scope
N24,U2,0.00027863425202659999,raw_teacher_metric:u2_range,native_within_N_claim_scope
N24,PEEQ,0.1609224379062652,raw_teacher_metric:peeq_max,native_within_N_claim_scope
N24,SurfaceT,583029184,raw_teacher_metric:surface_t_proxy,native_within_N_claim_scope
N24,Mises,579943104,raw_teacher_metric:mises_max,native_within_N_claim_scope
N24,U2,0.00034014563743760002,raw_teacher_metric:u2_range,native_within_N_claim_scope
N24,PEEQ,0.15497766435146329,raw_teacher_metric:peeq_max,native_within_N_claim_scope
N24,SurfaceT,582068544,raw_teacher_metric:surface_t_proxy,native_within_N_claim_scope
N24,Mises,579944192,raw_teacher_metric:mises_max,native_within_N_claim_scope
N24,U2,0.00046496201684929998,raw_teacher_metric:u2_range,native_within_N_claim_scope
N24,PEEQ,0.17953062057495109,raw_teacher_metric:peeq_max,native_within_N_claim_scope
N24,SurfaceT,584252160,raw_teacher_metric:surface_t_proxy,native_within_N_claim_scope
N24,Mises,579944384,raw_teacher_metric:mises_max,native_within_N_claim_scope
N24,U2,0.0004528175495579,raw_teacher_metric:u2_range,native_within_N_claim_scope
N24,PEEQ,0.1783385276794433,raw_teacher_metric:peeq_max,native_within_N_claim_scope
N24,SurfaceT,583169920,raw_teacher_metric:surface_t_proxy,native_within_N_claim_scope
N24,Mises,579943552,raw_teacher_metric:mises_max,native_within_N_claim_scope
N24,U2,0.00032915239603419999,raw_teacher_metric:u2_range,native_within_N_claim_scope
N24,PEEQ,0.1738174110651016,raw_teacher_metric:peeq_max,native_within_N_claim_scope
N24,SurfaceT,582422400,raw_teacher_metric:surface_t_proxy,native_within_N_claim_scope
N24,Mises,579944064,raw_teacher_metric:mises_max,native_within_N_claim_scope
N24,U2,0.00051985043501189996,raw_teacher_metric:u2_range,native_within_N_claim_scope
N24,PEEQ,0.17798656225204459,raw_teacher_metric:peeq_max,native_within_N_claim_scope
N24,SurfaceT,583366784,raw_teacher_metric:surface_t_proxy,native_within_N_claim_scope
N24,Mises,579944704,raw_teacher_metric:mises_max,native_within_N_claim_scope
N24,U2,0.0006249901030059,raw_teacher_metric:u2_range,native_within_N_claim_scope
N24,PEEQ,0.1726419776678085,raw_teacher_metric:peeq_max,native_within_N_claim_scope
N24,SurfaceT,588270592,raw_teacher_metric:surface_t_proxy,native_within_N_claim_scope
N24,Mises,579944192,raw_teacher_metric:mises_max,native_within_N_claim_scope
N40,U2,7.6118409197079018e-05,raw_teacher_metric:u2_range,native_within_N_claim_scope
N40,PEEQ,0.15593135356903071,raw_teacher_metric:peeq_max,native_within_N_claim_scope
N40,SurfaceT,581616832,raw_teacher_metric:surface_t_proxy,native_within_N_claim_scope
N40,Mises,579927616,raw_teacher_metric:mises_max,native_within_N_claim_scope
N40,U2,7.7989896453800611e-05,raw_teacher_metric:u2_range,native_within_N_claim_scope
N40,PEEQ,0.15342229604721069,raw_teacher_metric:peeq_max,native_within_N_claim_scope
N40,SurfaceT,582003392,raw_teacher_metric:surface_t_proxy,native_within_N_claim_scope
N40,Mises,579926528,raw_teacher_metric:mises_max,native_within_N_claim_scope
N40,U2,7.6769803627030342e-05,raw_teacher_metric:u2_range,native_within_N_claim_scope
N40,PEEQ,0.1560160666704177,raw_teacher_metric:peeq_max,native_within_N_claim_scope
N40,SurfaceT,581629376,raw_teacher_metric:surface_t_proxy,native_within_N_claim_scope
N40,Mises,579927616,raw_teacher_metric:mises_max,native_within_N_claim_scope
N40,U2,6.792713247705251e-05,raw_teacher_metric:u2_range,native_within_N_claim_scope
N40,PEEQ,0.15402916073799131,raw_teacher_metric:peeq_max,native_within_N_claim_scope
N40,SurfaceT,582070784,raw_teacher_metric:surface_t_proxy,native_within_N_claim_scope
N40,Mises,579926528,raw_teacher_metric:mises_max,native_within_N_claim_scope
N40,U2,0.00024282283266070001,raw_teacher_metric:u2_range,native_within_N_claim_scope
N40,PEEQ,0.1591205149888992,raw_teacher_metric:peeq_max,native_within_N_claim_scope
N40,SurfaceT,590432640,raw_teacher_metric:surface_t_proxy,native_within_N_claim_scope
N40,Mises,579926016,raw_teacher_metric:mises_max,native_within_N_claim_scope
N40,U2,0.000113214871817,raw_teacher_metric:u2_range,native_within_N_claim_scope
N40,PEEQ,0.15345972776412961,raw_teacher_metric:peeq_max,native_within_N_claim_scope
N40,SurfaceT,582466304,raw_teacher_metric:surface_t_proxy,native_within_N_claim_scope
N40,Mises,579927488,raw_teacher_metric:mises_max,native_within_N_claim_scope
N40,U2,0.00013064457380089999,raw_teacher_metric:u2_range,native_within_N_claim_scope
N40,PEEQ,0.1540696173906326,raw_teacher_metric:peeq_max,native_within_N_claim_scope
N40,SurfaceT,582282304,raw_teacher_metric:surface_t_proxy,native_within_N_claim_scope
N40,Mises,579926528,raw_teacher_metric:mises_max,native_within_N_claim_scope
N40,U2,0.0001928622095874,raw_teacher_metric:u2_range,native_within_N_claim_scope
N40,PEEQ,0.15342496335506439,raw_teacher_metric:peeq_max,native_within_N_claim_scope
N40,SurfaceT,585483904,raw_teacher_metric:surface_t_proxy,native_within_N_claim_scope
N40,Mises,579927552,raw_teacher_metric:mises_max,native_within_N_claim_scope
N40,U2,0.00066677099562179997,raw_teacher_metric:u2_range,native_within_N_claim_scope
N40,PEEQ,0.15077699720859519,raw_teacher_metric:peeq_max,native_within_N_claim_scope
N40,SurfaceT,583664832,raw_teacher_metric:surface_t_proxy,native_within_N_claim_scope
N40,Mises,579926272,raw_teacher_metric:mises_max,native_within_N_claim_scope
N40,U2,0.000756842054443,raw_teacher_metric:u2_range,native_within_N_claim_scope
N40,PEEQ,0.14402535557746879,raw_teacher_metric:peeq_max,native_within_N_claim_scope
N40,SurfaceT,585081920,raw_teacher_metric:surface_t_proxy,native_within_N_claim_scope
N40,Mises,579926080,raw_teacher_metric:mises_max,native_within_N_claim_scope
N40,U2,0.00061129720347700002,raw_teacher_metric:u2_range,native_within_N_claim_scope
N40,PEEQ,0.15572309494018549,raw_teacher_metric:peeq_max,native_within_N_claim_scope
N40,SurfaceT,584742592,raw_teacher_metric:surface_t_proxy,native_within_N_claim_scope
N40,Mises,579926144,raw_teacher_metric:mises_max,native_within_N_claim_scope
N40,U2,0.00068558061616379997,raw_teacher_metric:u2_range,native_within_N_claim_scope
N40,PEEQ,0.1531218141317367,raw_teacher_metric:peeq_max,native_within_N_claim_scope
N40,SurfaceT,582761280,raw_teacher_metric:surface_t_proxy,native_within_N_claim_scope
N40,Mises,579924928,raw_teacher_metric:mises_max,native_within_N_claim_scope
N40,U2,0.00071270568946600003,raw_teacher_metric:u2_range,native_within_N_claim_scope
N40,PEEQ,0.14850173890590659,raw_teacher_metric:peeq_max,native_within_N_claim_scope
N40,SurfaceT,583880320,raw_teacher_metric:surface_t_proxy,native_within_N_claim_scope
N40,Mises,579926208,raw_teacher_metric:mises_max,native_within_N_claim_scope
N40,U2,0.00073292076604040003,raw_teacher_metric:u2_range,native_within_N_claim_scope
N40,PEEQ,0.1494819819927215,raw_teacher_metric:peeq_max,native_within_N_claim_scope
N40,SurfaceT,583389952,raw_teacher_metric:surface_t_proxy,native_within_N_claim_scope
N40,Mises,579926336,raw_teacher_metric:mises_max,native_within_N_claim_scope
N40,U2,0.00067838649215440003,raw_teacher_metric:u2_range,native_within_N_claim_scope
N40,PEEQ,0.1501979976892471,raw_teacher_metric:peeq_max,native_within_N_claim_scope
N40,SurfaceT,583375872,raw_teacher_metric:surface_t_proxy,native_within_N_claim_scope
N40,Mises,579926080,raw_teacher_metric:mises_max,native_within_N_claim_scope
N40,U2,0.00072219031017080001,raw_teacher_metric:u2_range,native_within_N_claim_scope
N40,PEEQ,0.15348492562770841,raw_teacher_metric:peeq_max,native_within_N_claim_scope
N40,SurfaceT,582250112,raw_teacher_metric:surface_t_proxy,native_within_N_claim_scope
N40,Mises,579925248,raw_teacher_metric:mises_max,native_within_N_claim_scope
N40,U2,0.00065569170669729998,raw_teacher_metric:u2_range,native_within_N_claim_scope
N40,PEEQ,0.1520021110773086,raw_teacher_metric:peeq_max,native_within_N_claim_scope
N40,SurfaceT,586977024,raw_teacher_metric:surface_t_proxy,native_within_N_claim_scope
N40,Mises,579926464,raw_teacher_metric:mises_max,native_within_N_claim_scope
N40,U2,0.00066588998083710004,raw_teacher_metric:u2_range,native_within_N_claim_scope
N40,PEEQ,0.15042257308959961,raw_teacher_metric:peeq_max,native_within_N_claim_scope
N40,SurfaceT,586057792,raw_teacher_metric:surface_t_proxy,native_within_N_claim_scope
N40,Mises,579925440,raw_teacher_metric:mises_max,native_within_N_claim_scope
N40,U2,0.00080661475931259998,raw_teacher_metric:u2_range,native_within_N_claim_scope
N40,PEEQ,0.16011157631874079,raw_teacher_metric:peeq_max,native_within_N_claim_scope
N40,SurfaceT,584511872,raw_teacher_metric:surface_t_proxy,native_within_N_claim_scope
N40,Mises,579926208,raw_teacher_metric:mises_max,native_within_N_claim_scope
N40,U2,0.0011065203616453,raw_teacher_metric:u2_range,native_within_N_claim_scope
N40,PEEQ,0.15942077338695521,raw_teacher_metric:peeq_max,native_within_N_claim_scope
N40,SurfaceT,584426880,raw_teacher_metric:surface_t_proxy,native_within_N_claim_scope
N40,Mises,579926144,raw_teacher_metric:mises_max,native_within_N_claim_scope
N40,U2,0.00090247346406609999,raw_teacher_metric:u2_range,native_within_N_claim_scope
N40,PEEQ,0.15957619249820709,raw_teacher_metric:peeq_max,native_within_N_claim_scope
N40,SurfaceT,588982080,raw_teacher_metric:surface_t_proxy,native_within_N_claim_scope
N40,Mises,579926592,raw_teacher_metric:mises_max,native_within_N_claim_scope
N40,U2,0.00054061455853109998,raw_teacher_metric:u2_range,native_within_N_claim_scope
N40,PEEQ,0.16493113338947291,raw_teacher_metric:peeq_max,native_within_N_claim_scope
N40,SurfaceT,586055040,raw_teacher_metric:surface_t_proxy,native_within_N_claim_scope
N40,Mises,579926272,raw_teacher_metric:mises_max,native_within_N_claim_scope
N40,U2,0.00096514945266790002,raw_teacher_metric:u2_range,native_within_N_claim_scope
N40,PEEQ,0.17464242875576019,raw_teacher_metric:peeq_max,native_within_N_claim_scope
N40,SurfaceT,585990976,raw_teacher_metric:surface_t_proxy,native_within_N_claim_scope
N40,Mises,579926272,raw_teacher_metric:mises_max,native_within_N_claim_scope
N40,U2,0.0016101131914183001,raw_teacher_metric:u2_range,native_within_N_claim_scope
N40,PEEQ,0.1509619206190109,raw_teacher_metric:peeq_max,native_within_N_claim_scope
N40,SurfaceT,584105600,raw_teacher_metric:surface_t_proxy,native_within_N_claim_scope
N40,Mises,579924416,raw_teacher_metric:mises_max,native_within_N_claim_scope
N40,U2,0.0016184808919205999,raw_teacher_metric:u2_range,native_within_N_claim_scope
N40,PEEQ,0.1511107385158538,raw_teacher_metric:peeq_max,native_within_N_claim_scope
N40,SurfaceT,583522176,raw_teacher_metric:surface_t_proxy,native_within_N_claim_scope
N40,Mises,579924352,raw_teacher_metric:mises_max,native_within_N_claim_scope
N40,U2,0.00095171801712009999,raw_teacher_metric:u2_range,native_within_N_claim_scope
N40,PEEQ,0.14894305169582359,raw_teacher_metric:peeq_max,native_within_N_claim_scope
N40,SurfaceT,583896832,raw_teacher_metric:surface_t_proxy,native_within_N_claim_scope
N40,Mises,579924800,raw_teacher_metric:mises_max,native_within_N_claim_scope
N40,U2,0.0014474944910034,raw_teacher_metric:u2_range,native_within_N_claim_scope
N40,PEEQ,0.19969214498996729,raw_teacher_metric:peeq_max,native_within_N_claim_scope
N40,SurfaceT,582660608,raw_teacher_metric:surface_t_proxy,native_within_N_claim_scope
N40,Mises,579928448,raw_teacher_metric:mises_max,native_within_N_claim_scope
N40,U2,0.0014474942581728001,raw_teacher_metric:u2_range,native_within_N_claim_scope
N40,PEEQ,0.19969217479228971,raw_teacher_metric:peeq_max,native_within_N_claim_scope
N40,SurfaceT,582660608,raw_teacher_metric:surface_t_proxy,native_within_N_claim_scope
N40,Mises,579928448,raw_teacher_metric:mises_max,native_within_N_claim_scope
N40,U2,0.0014238423900677999,raw_teacher_metric:u2_range,native_within_N_claim_scope
N40,PEEQ,0.19873449206352231,raw_teacher_metric:peeq_max,native_within_N_claim_scope
N40,SurfaceT,581845120,raw_teacher_metric:surface_t_proxy,native_within_N_claim_scope
N40,Mises,579927104,raw_teacher_metric:mises_max,native_within_N_claim_scope
N40,U2,0.0016625018324702,raw_teacher_metric:u2_range,native_within_N_claim_scope
N40,PEEQ,0.1820260882377624,raw_teacher_metric:peeq_max,native_within_N_claim_scope
N40,SurfaceT,587521984,raw_teacher_metric:surface_t_proxy,native_within_N_claim_scope
N40,Mises,579926784,raw_teacher_metric:mises_max,native_within_N_claim_scope
N24,U2,8.2218347415619064e-05,raw_teacher_metric:u2_range,native_within_N_claim_scope
N24,PEEQ,0.15475314855575559,raw_teacher_metric:peeq_max,native_within_N_claim_scope
N24,SurfaceT,587291584,raw_teacher_metric:surface_t_proxy,native_within_N_claim_scope
N24,Mises,579944384,raw_teacher_metric:mises_max,native_within_N_claim_scope
N24,U2,9.9354199619483565e-05,raw_teacher_metric:u2_range,native_within_N_claim_scope
N24,PEEQ,0.15616439282894129,raw_teacher_metric:peeq_max,native_within_N_claim_scope
N24,SurfaceT,583612288,raw_teacher_metric:surface_t_proxy,native_within_N_claim_scope
N24,Mises,579944320,raw_teacher_metric:mises_max,native_within_N_claim_scope
N24,U2,0.0001122188934914,raw_teacher_metric:u2_range,native_within_N_claim_scope
N24,PEEQ,0.15317483246326441,raw_teacher_metric:peeq_max,native_within_N_claim_scope
N24,SurfaceT,588100800,raw_teacher_metric:surface_t_proxy,native_within_N_claim_scope
N24,Mises,579943360,raw_teacher_metric:mises_max,native_within_N_claim_scope
N24,U2,5.2574695928342408e-05,raw_teacher_metric:u2_range,native_within_N_claim_scope
N24,PEEQ,0.15613114833831779,raw_teacher_metric:peeq_max,native_within_N_claim_scope
N24,SurfaceT,582559488,raw_teacher_metric:surface_t_proxy,native_within_N_claim_scope
N24,Mises,579943552,raw_teacher_metric:mises_max,native_within_N_claim_scope
N24,U2,6.7122353357262909e-05,raw_teacher_metric:u2_range,native_within_N_claim_scope
N24,PEEQ,0.15600486099720001,raw_teacher_metric:peeq_max,native_within_N_claim_scope
N24,SurfaceT,582841408,raw_teacher_metric:surface_t_proxy,native_within_N_claim_scope
N24,Mises,579943616,raw_teacher_metric:mises_max,native_within_N_claim_scope
N24,U2,4.9224905524170026e-05,raw_teacher_metric:u2_range,native_within_N_claim_scope
N24,PEEQ,0.1578666418790817,raw_teacher_metric:peeq_max,native_within_N_claim_scope
N24,SurfaceT,582979392,raw_teacher_metric:surface_t_proxy,native_within_N_claim_scope
N24,Mises,579943552,raw_teacher_metric:mises_max,native_within_N_claim_scope
N24,U2,5.1857334256055765e-05,raw_teacher_metric:u2_range,native_within_N_claim_scope
N24,PEEQ,0.15291161835193631,raw_teacher_metric:peeq_max,native_within_N_claim_scope
N24,SurfaceT,581497728,raw_teacher_metric:surface_t_proxy,native_within_N_claim_scope
N24,Mises,579944512,raw_teacher_metric:mises_max,native_within_N_claim_scope
N24,U2,5.2604916163545568e-05,raw_teacher_metric:u2_range,native_within_N_claim_scope
N24,PEEQ,0.15652342140674591,raw_teacher_metric:peeq_max,native_within_N_claim_scope
N24,SurfaceT,582976896,raw_teacher_metric:surface_t_proxy,native_within_N_claim_scope
N24,Mises,579943616,raw_teacher_metric:mises_max,native_within_N_claim_scope
N24,U2,5.3066509281052283e-05,raw_teacher_metric:u2_range,native_within_N_claim_scope
N24,PEEQ,0.15727086365222931,raw_teacher_metric:peeq_max,native_within_N_claim_scope
N24,SurfaceT,582796480,raw_teacher_metric:surface_t_proxy,native_within_N_claim_scope
N24,Mises,579944384,raw_teacher_metric:mises_max,native_within_N_claim_scope
N24,U2,0.0001133658831804,raw_teacher_metric:u2_range,native_within_N_claim_scope
N24,PEEQ,0.1534914821386337,raw_teacher_metric:peeq_max,native_within_N_claim_scope
N24,SurfaceT,582309440,raw_teacher_metric:surface_t_proxy,native_within_N_claim_scope
N24,Mises,579943488,raw_teacher_metric:mises_max,native_within_N_claim_scope
N24,U2,4.1137876905850135e-05,raw_teacher_metric:u2_range,native_within_N_claim_scope
N24,PEEQ,0.15616035461425781,raw_teacher_metric:peeq_max,native_within_N_claim_scope
N24,SurfaceT,583126336,raw_teacher_metric:surface_t_proxy,native_within_N_claim_scope
N24,Mises,579943616,raw_teacher_metric:mises_max,native_within_N_claim_scope
N24,U2,9.8418370271247127e-05,raw_teacher_metric:u2_range,native_within_N_claim_scope
N24,PEEQ,0.1562879681587219,raw_teacher_metric:peeq_max,native_within_N_claim_scope
N24,SurfaceT,583137728,raw_teacher_metric:surface_t_proxy,native_within_N_claim_scope
N24,Mises,579943488,raw_teacher_metric:mises_max,native_within_N_claim_scope
N24,U2,6.4105761794053251e-05,raw_teacher_metric:u2_range,native_within_N_claim_scope
N24,PEEQ,0.15737436711788169,raw_teacher_metric:peeq_max,native_within_N_claim_scope
N24,SurfaceT,583107520,raw_teacher_metric:surface_t_proxy,native_within_N_claim_scope
N24,Mises,579944384,raw_teacher_metric:mises_max,native_within_N_claim_scope
N24,U2,3.1663407298765378e-05,raw_teacher_metric:u2_range,native_within_N_claim_scope
N24,PEEQ,0.15898138284683219,raw_teacher_metric:peeq_max,native_within_N_claim_scope
N24,SurfaceT,583410432,raw_teacher_metric:surface_t_proxy,native_within_N_claim_scope
N24,Mises,579943552,raw_teacher_metric:mises_max,native_within_N_claim_scope
N24,U2,0.0001223413189563,raw_teacher_metric:u2_range,native_within_N_claim_scope
N24,PEEQ,0.15787672996520991,raw_teacher_metric:peeq_max,native_within_N_claim_scope
N24,SurfaceT,584749312,raw_teacher_metric:surface_t_proxy,native_within_N_claim_scope
N24,Mises,579943424,raw_teacher_metric:mises_max,native_within_N_claim_scope
N24,U2,4.1769945710257161e-05,raw_teacher_metric:u2_range,native_within_N_claim_scope
N24,PEEQ,0.1528085321187973,raw_teacher_metric:peeq_max,native_within_N_claim_scope
N24,SurfaceT,581864512,raw_teacher_metric:surface_t_proxy,native_within_N_claim_scope
N24,Mises,579943616,raw_teacher_metric:mises_max,native_within_N_claim_scope
N40,U2,5.7689914683578536e-05,raw_teacher_metric:u2_range,native_within_N_claim_scope
N40,PEEQ,0.15367305278778071,raw_teacher_metric:peeq_max,native_within_N_claim_scope
N40,SurfaceT,582304448,raw_teacher_metric:surface_t_proxy,native_within_N_claim_scope
N40,Mises,579927552,raw_teacher_metric:mises_max,native_within_N_claim_scope
N40,U2,0.0001113880189222,raw_teacher_metric:u2_range,native_within_N_claim_scope
N40,PEEQ,0.16123321652412409,raw_teacher_metric:peeq_max,native_within_N_claim_scope
N40,SurfaceT,583227008,raw_teacher_metric:surface_t_proxy,native_within_N_claim_scope
N40,Mises,579929472,raw_teacher_metric:mises_max,native_within_N_claim_scope
N40,U2,8.4600625996245071e-05,raw_teacher_metric:u2_range,native_within_N_claim_scope
N40,PEEQ,0.15404683351516721,raw_teacher_metric:peeq_max,native_within_N_claim_scope
N40,SurfaceT,582112768,raw_teacher_metric:surface_t_proxy,native_within_N_claim_scope
N40,Mises,579926528,raw_teacher_metric:mises_max,native_within_N_claim_scope
N40,U2,0.00011603438179,raw_teacher_metric:u2_range,native_within_N_claim_scope
N40,PEEQ,0.1540671288967132,raw_teacher_metric:peeq_max,native_within_N_claim_scope
N40,SurfaceT,582302528,raw_teacher_metric:surface_t_proxy,native_within_N_claim_scope
N40,Mises,579926528,raw_teacher_metric:mises_max,native_within_N_claim_scope
N40,U2,5.8610568885342218e-05,raw_teacher_metric:u2_range,native_within_N_claim_scope
N40,PEEQ,0.15511277318000791,raw_teacher_metric:peeq_max,native_within_N_claim_scope
N40,SurfaceT,581921728,raw_teacher_metric:surface_t_proxy,native_within_N_claim_scope
N40,Mises,579927552,raw_teacher_metric:mises_max,native_within_N_claim_scope
N40,U2,0.00020571779350570001,raw_teacher_metric:u2_range,native_within_N_claim_scope
N40,PEEQ,0.15892846882343289,raw_teacher_metric:peeq_max,native_within_N_claim_scope
N40,SurfaceT,590467712,raw_teacher_metric:surface_t_proxy,native_within_N_claim_scope
N40,Mises,579927360,raw_teacher_metric:mises_max,native_within_N_claim_scope
N40,U2,7.2493163315812126e-05,raw_teacher_metric:u2_range,native_within_N_claim_scope
N40,PEEQ,0.1534713059663772,raw_teacher_metric:peeq_max,native_within_N_claim_scope
N40,SurfaceT,582016448,raw_teacher_metric:surface_t_proxy,native_within_N_claim_scope
N40,Mises,579927552,raw_teacher_metric:mises_max,native_within_N_claim_scope
N40,U2,7.3989427619380876e-05,raw_teacher_metric:u2_range,native_within_N_claim_scope
N40,PEEQ,0.15342356264591209,raw_teacher_metric:peeq_max,native_within_N_claim_scope
N40,SurfaceT,582003712,raw_teacher_metric:surface_t_proxy,native_within_N_claim_scope
N40,Mises,579927552,raw_teacher_metric:mises_max,native_within_N_claim_scope
N40,U2,0.00019720491400219999,raw_teacher_metric:u2_range,native_within_N_claim_scope
N40,PEEQ,0.15855318307876581,raw_teacher_metric:peeq_max,native_within_N_claim_scope
N40,SurfaceT,589710080,raw_teacher_metric:surface_t_proxy,native_within_N_claim_scope
N40,Mises,579927296,raw_teacher_metric:mises_max,native_within_N_claim_scope
N40,U2,0.00019294597950640001,raw_teacher_metric:u2_range,native_within_N_claim_scope
N40,PEEQ,0.1585217863321304,raw_teacher_metric:peeq_max,native_within_N_claim_scope
N40,SurfaceT,589708480,raw_teacher_metric:surface_t_proxy,native_within_N_claim_scope
N40,Mises,579927232,raw_teacher_metric:mises_max,native_within_N_claim_scope
N40,U2,0.0002118816822473,raw_teacher_metric:u2_range,native_within_N_claim_scope
N40,PEEQ,0.159995436668396,raw_teacher_metric:peeq_max,native_within_N_claim_scope
N40,SurfaceT,588094016,raw_teacher_metric:surface_t_proxy,native_within_N_claim_scope
N40,Mises,579927552,raw_teacher_metric:mises_max,native_within_N_claim_scope
N40,U2,9.4556711701443419e-05,raw_teacher_metric:u2_range,native_within_N_claim_scope
N40,PEEQ,0.15370169281959531,raw_teacher_metric:peeq_max,native_within_N_claim_scope
N40,SurfaceT,582178496,raw_teacher_metric:surface_t_proxy,native_within_N_claim_scope
N40,Mises,579926592,raw_teacher_metric:mises_max,native_within_N_claim_scope
N40,U2,0.0001436858278793,raw_teacher_metric:u2_range,native_within_N_claim_scope
N40,PEEQ,0.1631214767694473,raw_teacher_metric:peeq_max,native_within_N_claim_scope
N40,SurfaceT,588100800,raw_teacher_metric:surface_t_proxy,native_within_N_claim_scope
N40,Mises,579927616,raw_teacher_metric:mises_max,native_within_N_claim_scope
N40,U2,0.0001575493377004,raw_teacher_metric:u2_range,native_within_N_claim_scope
N40,PEEQ,0.16393214464187619,raw_teacher_metric:peeq_max,native_within_N_claim_scope
N40,SurfaceT,587675520,raw_teacher_metric:surface_t_proxy,native_within_N_claim_scope
N40,Mises,579927808,raw_teacher_metric:mises_max,native_within_N_claim_scope
N40,U2,0.00019395184449420001,raw_teacher_metric:u2_range,native_within_N_claim_scope
N40,PEEQ,0.15781266987323761,raw_teacher_metric:peeq_max,native_within_N_claim_scope
N40,SurfaceT,587682048,raw_teacher_metric:surface_t_proxy,native_within_N_claim_scope
N40,Mises,579927808,raw_teacher_metric:mises_max,native_within_N_claim_scope
N40,U2,0.00017536048812870001,raw_teacher_metric:u2_range,native_within_N_claim_scope
N40,PEEQ,0.1576092392206192,raw_teacher_metric:peeq_max,native_within_N_claim_scope
N40,SurfaceT,587673600,raw_teacher_metric:surface_t_proxy,native_within_N_claim_scope
N40,Mises,579926720,raw_teacher_metric:mises_max,native_within_N_claim_scope
N24,U2,3.737566112249624e-05,raw_teacher_metric:u2_range,native_within_N_claim_scope
N24,PEEQ,0.16084384918212891,raw_teacher_metric:peeq_max,native_within_N_claim_scope
N24,SurfaceT,582616640,raw_teacher_metric:surface_t_proxy,native_within_N_claim_scope
N24,Mises,579943616,raw_teacher_metric:mises_max,native_within_N_claim_scope
N24,U2,7.1555051590621588e-05,raw_teacher_metric:u2_range,native_within_N_claim_scope
N24,PEEQ,0.15425173938274381,raw_teacher_metric:peeq_max,native_within_N_claim_scope
N24,SurfaceT,581955392,raw_teacher_metric:surface_t_proxy,native_within_N_claim_scope
N24,Mises,579944384,raw_teacher_metric:mises_max,native_within_N_claim_scope
N24,U2,7.3307152888446581e-05,raw_teacher_metric:u2_range,native_within_N_claim_scope
N24,PEEQ,0.1600374281406402,raw_teacher_metric:peeq_max,native_within_N_claim_scope
N24,SurfaceT,581865344,raw_teacher_metric:surface_t_proxy,native_within_N_claim_scope
N24,Mises,579944576,raw_teacher_metric:mises_max,native_within_N_claim_scope
N24,U2,6.822838622611016e-05,raw_teacher_metric:u2_range,native_within_N_claim_scope
N24,PEEQ,0.15984363853931419,raw_teacher_metric:peeq_max,native_within_N_claim_scope
N24,SurfaceT,581867008,raw_teacher_metric:surface_t_proxy,native_within_N_claim_scope
N24,Mises,579943552,raw_teacher_metric:mises_max,native_within_N_claim_scope
N24,U2,9.6314850679846118e-05,raw_teacher_metric:u2_range,native_within_N_claim_scope
N24,PEEQ,0.15842331945896149,raw_teacher_metric:peeq_max,native_within_N_claim_scope
N24,SurfaceT,581878656,raw_teacher_metric:surface_t_proxy,native_within_N_claim_scope
N24,Mises,579944384,raw_teacher_metric:mises_max,native_within_N_claim_scope
N24,U2,4.0782200812827803e-05,raw_teacher_metric:u2_range,native_within_N_claim_scope
N24,PEEQ,0.1586619615554809,raw_teacher_metric:peeq_max,native_within_N_claim_scope
N24,SurfaceT,581970688,raw_teacher_metric:surface_t_proxy,native_within_N_claim_scope
N24,Mises,579943616,raw_teacher_metric:mises_max,native_within_N_claim_scope
N24,U2,5.8062147218151949e-05,raw_teacher_metric:u2_range,native_within_N_claim_scope
N24,PEEQ,0.15398697555065149,raw_teacher_metric:peeq_max,native_within_N_claim_scope
N24,SurfaceT,583663808,raw_teacher_metric:surface_t_proxy,native_within_N_claim_scope
N24,Mises,579943616,raw_teacher_metric:mises_max,native_within_N_claim_scope
N24,U2,9.0641869974206202e-05,raw_teacher_metric:u2_range,native_within_N_claim_scope
N24,PEEQ,0.1556643545627594,raw_teacher_metric:peeq_max,native_within_N_claim_scope
N24,SurfaceT,581956096,raw_teacher_metric:surface_t_proxy,native_within_N_claim_scope
N24,Mises,579944320,raw_teacher_metric:mises_max,native_within_N_claim_scope
N24,U2,2.9523077955673216e-05,raw_teacher_metric:u2_range,native_within_N_claim_scope
N24,PEEQ,0.1587531119585037,raw_teacher_metric:peeq_max,native_within_N_claim_scope
N24,SurfaceT,582666368,raw_teacher_metric:surface_t_proxy,native_within_N_claim_scope
N24,Mises,579943552,raw_teacher_metric:mises_max,native_within_N_claim_scope
N24,U2,6.7288116724739666e-05,raw_teacher_metric:u2_range,native_within_N_claim_scope
N24,PEEQ,0.15408901870250699,raw_teacher_metric:peeq_max,native_within_N_claim_scope
N24,SurfaceT,581911360,raw_teacher_metric:surface_t_proxy,native_within_N_claim_scope
N24,Mises,579944384,raw_teacher_metric:mises_max,native_within_N_claim_scope
N24,U2,2.9894891213189112e-05,raw_teacher_metric:u2_range,native_within_N_claim_scope
N24,PEEQ,0.15711191296577451,raw_teacher_metric:peeq_max,native_within_N_claim_scope
N24,SurfaceT,583489600,raw_teacher_metric:surface_t_proxy,native_within_N_claim_scope
N24,Mises,579944384,raw_teacher_metric:mises_max,native_within_N_claim_scope
N24,U2,3.7726770869994652e-05,raw_teacher_metric:u2_range,native_within_N_claim_scope
N24,PEEQ,0.16018213331699371,raw_teacher_metric:peeq_max,native_within_N_claim_scope
N24,SurfaceT,583289408,raw_teacher_metric:surface_t_proxy,native_within_N_claim_scope
N24,Mises,579943552,raw_teacher_metric:mises_max,native_within_N_claim_scope
N24,U2,4.3351546992198557e-05,raw_teacher_metric:u2_range,native_within_N_claim_scope
N24,PEEQ,0.15749610960483551,raw_teacher_metric:peeq_max,native_within_N_claim_scope
N24,SurfaceT,582160896,raw_teacher_metric:surface_t_proxy,native_within_N_claim_scope
N24,Mises,579943616,raw_teacher_metric:mises_max,native_within_N_claim_scope
N24,U2,9.5765080459386795e-05,raw_teacher_metric:u2_range,native_within_N_claim_scope
N24,PEEQ,0.1556143164634704,raw_teacher_metric:peeq_max,native_within_N_claim_scope
N24,SurfaceT,581893504,raw_teacher_metric:surface_t_proxy,native_within_N_claim_scope
N24,Mises,579944384,raw_teacher_metric:mises_max,native_within_N_claim_scope
N24,U2,8.1379806033510249e-05,raw_teacher_metric:u2_range,native_within_N_claim_scope
N24,PEEQ,0.16232693195343009,raw_teacher_metric:peeq_max,native_within_N_claim_scope
N24,SurfaceT,581893952,raw_teacher_metric:surface_t_proxy,native_within_N_claim_scope
N24,Mises,579943488,raw_teacher_metric:mises_max,native_within_N_claim_scope
N24,U2,7.7751822573191021e-05,raw_teacher_metric:u2_range,native_within_N_claim_scope
N24,PEEQ,0.16231547296047211,raw_teacher_metric:peeq_max,native_within_N_claim_scope
N24,SurfaceT,583680896,raw_teacher_metric:surface_t_proxy,native_within_N_claim_scope
N24,Mises,579943552,raw_teacher_metric:mises_max,native_within_N_claim_scope
N40,U2,9.2041873358539306e-05,raw_teacher_metric:u2_range,native_within_N_claim_scope
N40,PEEQ,0.1626397371292114,raw_teacher_metric:peeq_max,native_within_N_claim_scope
N40,SurfaceT,583327808,raw_teacher_metric:surface_t_proxy,native_within_N_claim_scope
N40,Mises,579927552,raw_teacher_metric:mises_max,native_within_N_claim_scope
N40,U2,0.00013505282549879999,raw_teacher_metric:u2_range,native_within_N_claim_scope
N40,PEEQ,0.16175879538059229,raw_teacher_metric:peeq_max,native_within_N_claim_scope
N40,SurfaceT,583631424,raw_teacher_metric:surface_t_proxy,native_within_N_claim_scope
N40,Mises,579927808,raw_teacher_metric:mises_max,native_within_N_claim_scope
N40,U2,7.5655005275621079e-05,raw_teacher_metric:u2_range,native_within_N_claim_scope
N40,PEEQ,0.1536527276039123,raw_teacher_metric:peeq_max,native_within_N_claim_scope
N40,SurfaceT,582171072,raw_teacher_metric:surface_t_proxy,native_within_N_claim_scope
N40,Mises,579927552,raw_teacher_metric:mises_max,native_within_N_claim_scope
N40,U2,6.1709619330940768e-05,raw_teacher_metric:u2_range,native_within_N_claim_scope
N40,PEEQ,0.1561200469732284,raw_teacher_metric:peeq_max,native_within_N_claim_scope
N40,SurfaceT,582142720,raw_teacher_metric:surface_t_proxy,native_within_N_claim_scope
N40,Mises,579927552,raw_teacher_metric:mises_max,native_within_N_claim_scope
N40,U2,7.6247701144893654e-05,raw_teacher_metric:u2_range,native_within_N_claim_scope
N40,PEEQ,0.16534647345542899,raw_teacher_metric:peeq_max,native_within_N_claim_scope
N40,SurfaceT,581980672,raw_teacher_metric:surface_t_proxy,native_within_N_claim_scope
N40,Mises,579927552,raw_teacher_metric:mises_max,native_within_N_claim_scope
N40,U2,0.00017102701349349999,raw_teacher_metric:u2_range,native_within_N_claim_scope
N40,PEEQ,0.16342142224311829,raw_teacher_metric:peeq_max,native_within_N_claim_scope
N40,SurfaceT,583243904,raw_teacher_metric:surface_t_proxy,native_within_N_claim_scope
N40,Mises,579928704,raw_teacher_metric:mises_max,native_within_N_claim_scope
N40,U2,8.3625942352227867e-05,raw_teacher_metric:u2_range,native_within_N_claim_scope
N40,PEEQ,0.1534932404756546,raw_teacher_metric:peeq_max,native_within_N_claim_scope
N40,SurfaceT,582097408,raw_teacher_metric:surface_t_proxy,native_within_N_claim_scope
N40,Mises,579927488,raw_teacher_metric:mises_max,native_within_N_claim_scope
N40,U2,0.00013507776930050001,raw_teacher_metric:u2_range,native_within_N_claim_scope
N40,PEEQ,0.1704887300729751,raw_teacher_metric:peeq_max,native_within_N_claim_scope
N40,SurfaceT,583832576,raw_teacher_metric:surface_t_proxy,native_within_N_claim_scope
N40,Mises,579927680,raw_teacher_metric:mises_max,native_within_N_claim_scope
N40,U2,6.9587800680892542e-05,raw_teacher_metric:u2_range,native_within_N_claim_scope
N40,PEEQ,0.1534324586391449,raw_teacher_metric:peeq_max,native_within_N_claim_scope
N40,SurfaceT,582006400,raw_teacher_metric:surface_t_proxy,native_within_N_claim_scope
N40,Mises,579926528,raw_teacher_metric:mises_max,native_within_N_claim_scope
N40,U2,0.00015487435757669999,raw_teacher_metric:u2_range,native_within_N_claim_scope
N40,PEEQ,0.16898013651370999,raw_teacher_metric:peeq_max,native_within_N_claim_scope
N40,SurfaceT,584292096,raw_teacher_metric:surface_t_proxy,native_within_N_claim_scope
N40,Mises,579927744,raw_teacher_metric:mises_max,native_within_N_claim_scope
N40,U2,6.9423687818925828e-05,raw_teacher_metric:u2_range,native_within_N_claim_scope
N40,PEEQ,0.1578780859708786,raw_teacher_metric:peeq_max,native_within_N_claim_scope
N40,SurfaceT,582174016,raw_teacher_metric:surface_t_proxy,native_within_N_claim_scope
N40,Mises,579926528,raw_teacher_metric:mises_max,native_within_N_claim_scope
N40,U2,8.0309977420256473e-05,raw_teacher_metric:u2_range,native_within_N_claim_scope
N40,PEEQ,0.15787985920906061,raw_teacher_metric:peeq_max,native_within_N_claim_scope
N40,SurfaceT,582139584,raw_teacher_metric:surface_t_proxy,native_within_N_claim_scope
N40,Mises,579926528,raw_teacher_metric:mises_max,native_within_N_claim_scope
N40,U2,6.7957969804410823e-05,raw_teacher_metric:u2_range,native_within_N_claim_scope
N40,PEEQ,0.15434618294239039,raw_teacher_metric:peeq_max,native_within_N_claim_scope
N40,SurfaceT,582209664,raw_teacher_metric:surface_t_proxy,native_within_N_claim_scope
N40,Mises,579927552,raw_teacher_metric:mises_max,native_within_N_claim_scope
N40,U2,0.00020004635371150001,raw_teacher_metric:u2_range,native_within_N_claim_scope
N40,PEEQ,0.16071213781833649,raw_teacher_metric:peeq_max,native_within_N_claim_scope
N40,SurfaceT,582997632,raw_teacher_metric:surface_t_proxy,native_within_N_claim_scope
N40,Mises,579928832,raw_teacher_metric:mises_max,native_within_N_claim_scope
N40,U2,7.9316432675113901e-05,raw_teacher_metric:u2_range,native_within_N_claim_scope
N40,PEEQ,0.15353433787822721,raw_teacher_metric:peeq_max,native_within_N_claim_scope
N40,SurfaceT,582040640,raw_teacher_metric:surface_t_proxy,native_within_N_claim_scope
N40,Mises,579927552,raw_teacher_metric:mises_max,native_within_N_claim_scope
N40,U2,0.0001741511841828,raw_teacher_metric:u2_range,native_within_N_claim_scope
N40,PEEQ,0.16566531360149381,raw_teacher_metric:peeq_max,native_within_N_claim_scope
N40,SurfaceT,583729408,raw_teacher_metric:surface_t_proxy,native_within_N_claim_scope
N40,Mises,579927488,raw_teacher_metric:mises_max,native_within_N_claim_scope
N24,U2,3.8279165892163292e-05,raw_teacher_metric:u2_range,native_within_N_claim_scope
N24,PEEQ,0.15948911011219019,raw_teacher_metric:peeq_max,native_within_N_claim_scope
N24,SurfaceT,582395136,raw_teacher_metric:surface_t_proxy,native_within_N_claim_scope
N24,Mises,579943552,raw_teacher_metric:mises_max,native_within_N_claim_scope
N24,U2,3.3865012028400088e-05,raw_teacher_metric:u2_range,native_within_N_claim_scope
N24,PEEQ,0.15743325650691981,raw_teacher_metric:peeq_max,native_within_N_claim_scope
N24,SurfaceT,582002752,raw_teacher_metric:surface_t_proxy,native_within_N_claim_scope
N24,Mises,579943616,raw_teacher_metric:mises_max,native_within_N_claim_scope
N24,U2,5.3420998710862477e-05,raw_teacher_metric:u2_range,native_within_N_claim_scope
N24,PEEQ,0.15874509513378141,raw_teacher_metric:peeq_max,native_within_N_claim_scope
N24,SurfaceT,582636416,raw_teacher_metric:surface_t_proxy,native_within_N_claim_scope
N24,Mises,579943552,raw_teacher_metric:mises_max,native_within_N_claim_scope
N24,U2,3.3563766464794753e-05,raw_teacher_metric:u2_range,native_within_N_claim_scope
N24,PEEQ,0.1568998396396637,raw_teacher_metric:peeq_max,native_within_N_claim_scope
N24,SurfaceT,582660032,raw_teacher_metric:surface_t_proxy,native_within_N_claim_scope
N24,Mises,579943552,raw_teacher_metric:mises_max,native_within_N_claim_scope
N24,U2,5.2315864195406903e-05,raw_teacher_metric:u2_range,native_within_N_claim_scope
N24,PEEQ,0.15885907411575309,raw_teacher_metric:peeq_max,native_within_N_claim_scope
N24,SurfaceT,582379520,raw_teacher_metric:surface_t_proxy,native_within_N_claim_scope
N24,Mises,579944384,raw_teacher_metric:mises_max,native_within_N_claim_scope
N24,U2,4.6105968067422509e-05,raw_teacher_metric:u2_range,native_within_N_claim_scope
N24,PEEQ,0.15299557149410239,raw_teacher_metric:peeq_max,native_within_N_claim_scope
N24,SurfaceT,581577856,raw_teacher_metric:surface_t_proxy,native_within_N_claim_scope
N24,Mises,579944512,raw_teacher_metric:mises_max,native_within_N_claim_scope
N24,U2,9.0150494315821561e-05,raw_teacher_metric:u2_range,native_within_N_claim_scope
N24,PEEQ,0.15921834111213681,raw_teacher_metric:peeq_max,native_within_N_claim_scope
N24,SurfaceT,581862912,raw_teacher_metric:surface_t_proxy,native_within_N_claim_scope
N24,Mises,579944320,raw_teacher_metric:mises_max,native_within_N_claim_scope
N24,U2,3.7965415458529606e-05,raw_teacher_metric:u2_range,native_within_N_claim_scope
N24,PEEQ,0.15825749933719629,raw_teacher_metric:peeq_max,native_within_N_claim_scope
N24,SurfaceT,583471872,raw_teacher_metric:surface_t_proxy,native_within_N_claim_scope
N24,Mises,579943552,raw_teacher_metric:mises_max,native_within_N_claim_scope
N24,U2,4.8556980800640304e-05,raw_teacher_metric:u2_range,native_within_N_claim_scope
N24,PEEQ,0.15248726308345789,raw_teacher_metric:peeq_max,native_within_N_claim_scope
N24,SurfaceT,581862976,raw_teacher_metric:surface_t_proxy,native_within_N_claim_scope
N24,Mises,579943616,raw_teacher_metric:mises_max,native_within_N_claim_scope
N24,U2,6.5167643697350286e-05,raw_teacher_metric:u2_range,native_within_N_claim_scope
N24,PEEQ,0.1524514555931091,raw_teacher_metric:peeq_max,native_within_N_claim_scope
N24,SurfaceT,580972224,raw_teacher_metric:surface_t_proxy,native_within_N_claim_scope
N24,Mises,579944448,raw_teacher_metric:mises_max,native_within_N_claim_scope
N24,U2,8.067023327384959e-05,raw_teacher_metric:u2_range,native_within_N_claim_scope
N24,PEEQ,0.1522239595651626,raw_teacher_metric:peeq_max,native_within_N_claim_scope
N24,SurfaceT,581904768,raw_teacher_metric:surface_t_proxy,native_within_N_claim_scope
N24,Mises,579944384,raw_teacher_metric:mises_max,native_within_N_claim_scope
N24,U2,7.6489909815791179e-05,raw_teacher_metric:u2_range,native_within_N_claim_scope
N24,PEEQ,0.1547069251537323,raw_teacher_metric:peeq_max,native_within_N_claim_scope
N24,SurfaceT,581938112,raw_teacher_metric:surface_t_proxy,native_within_N_claim_scope
N24,Mises,579943552,raw_teacher_metric:mises_max,native_within_N_claim_scope
N24,U2,6.8554923927877098e-05,raw_teacher_metric:u2_range,native_within_N_claim_scope
N24,PEEQ,0.15689826011657709,raw_teacher_metric:peeq_max,native_within_N_claim_scope
N24,SurfaceT,581861760,raw_teacher_metric:surface_t_proxy,native_within_N_claim_scope
N24,Mises,579944576,raw_teacher_metric:mises_max,native_within_N_claim_scope
N24,U2,9.317355693383432e-05,raw_teacher_metric:u2_range,native_within_N_claim_scope
N24,PEEQ,0.1518133282661438,raw_teacher_metric:peeq_max,native_within_N_claim_scope
N24,SurfaceT,581927936,raw_teacher_metric:surface_t_proxy,native_within_N_claim_scope
N24,Mises,579943488,raw_teacher_metric:mises_max,native_within_N_claim_scope
N24,U2,7.4693213036880479e-05,raw_teacher_metric:u2_range,native_within_N_claim_scope
N24,PEEQ,0.15261535346508021,raw_teacher_metric:peeq_max,native_within_N_claim_scope
N24,SurfaceT,581062208,raw_teacher_metric:surface_t_proxy,native_within_N_claim_scope
N24,Mises,579944384,raw_teacher_metric:mises_max,native_within_N_claim_scope
N24,U2,4.9486706302559469e-05,raw_teacher_metric:u2_range,native_within_N_claim_scope
N24,PEEQ,0.15427164733409879,raw_teacher_metric:peeq_max,native_within_N_claim_scope
N24,SurfaceT,582011648,raw_teacher_metric:surface_t_proxy,native_within_N_claim_scope
N24,Mises,579944384,raw_teacher_metric:mises_max,native_within_N_claim_scope
N24,U2,9.9873470617239959e-05,raw_teacher_metric:u2_range,native_within_N_claim_scope
N24,PEEQ,0.16005150973796839,raw_teacher_metric:peeq_max,native_within_N_claim_scope
N24,SurfaceT,581655296,raw_teacher_metric:surface_t_proxy,native_within_N_claim_scope
N24,Mises,579944384,raw_teacher_metric:mises_max,native_within_N_claim_scope
N24,U2,5.0446637033019215e-05,raw_teacher_metric:u2_range,native_within_N_claim_scope
N24,PEEQ,0.15215727686882019,raw_teacher_metric:peeq_max,native_within_N_claim_scope
N24,SurfaceT,581864384,raw_teacher_metric:surface_t_proxy,native_within_N_claim_scope
N24,Mises,579944448,raw_teacher_metric:mises_max,native_within_N_claim_scope
N24,U2,6.4799297433637548e-05,raw_teacher_metric:u2_range,native_within_N_claim_scope
N24,PEEQ,0.15390677750110621,raw_teacher_metric:peeq_max,native_within_N_claim_scope
N24,SurfaceT,582573696,raw_teacher_metric:surface_t_proxy,native_within_N_claim_scope
N24,Mises,579943616,raw_teacher_metric:mises_max,native_within_N_claim_scope
N24,U2,6.5908900069189258e-05,raw_teacher_metric:u2_range,native_within_N_claim_scope
N24,PEEQ,0.15172107517719269,raw_teacher_metric:peeq_max,native_within_N_claim_scope
N24,SurfaceT,581883520,raw_teacher_metric:surface_t_proxy,native_within_N_claim_scope
N24,Mises,579943552,raw_teacher_metric:mises_max,native_within_N_claim_scope
N24,U2,9.7981794624502086e-05,raw_teacher_metric:u2_range,native_within_N_claim_scope
N24,PEEQ,0.15734368562698359,raw_teacher_metric:peeq_max,native_within_N_claim_scope
N24,SurfaceT,581945664,raw_teacher_metric:surface_t_proxy,native_within_N_claim_scope
N24,Mises,579944512,raw_teacher_metric:mises_max,native_within_N_claim_scope
N24,U2,4.008693713331013e-05,raw_teacher_metric:u2_range,native_within_N_claim_scope
N24,PEEQ,0.15427893400192261,raw_teacher_metric:peeq_max,native_within_N_claim_scope
N24,SurfaceT,582290048,raw_teacher_metric:surface_t_proxy,native_within_N_claim_scope
N24,Mises,579944448,raw_teacher_metric:mises_max,native_within_N_claim_scope
N24,U2,6.0636664329649648e-05,raw_teacher_metric:u2_range,native_within_N_claim_scope
N24,PEEQ,0.1637037992477417,raw_teacher_metric:peeq_max,native_within_N_claim_scope
N24,SurfaceT,581895936,raw_teacher_metric:surface_t_proxy,native_within_N_claim_scope
N24,Mises,579943552,raw_teacher_metric:mises_max,native_within_N_claim_scope
N24,U2,3.964457823713019e-05,raw_teacher_metric:u2_range,native_within_N_claim_scope
N24,PEEQ,0.15876469016075129,raw_teacher_metric:peeq_max,native_within_N_claim_scope
N24,SurfaceT,582724224,raw_teacher_metric:surface_t_proxy,native_within_N_claim_scope
N24,Mises,579943552,raw_teacher_metric:mises_max,native_within_N_claim_scope
N24,U2,5.010639870306477e-05,raw_teacher_metric:u2_range,native_within_N_claim_scope
N24,PEEQ,0.15280970931053159,raw_teacher_metric:peeq_max,native_within_N_claim_scope
N24,SurfaceT,581532736,raw_teacher_metric:surface_t_proxy,native_within_N_claim_scope
N24,Mises,579944512,raw_teacher_metric:mises_max,native_within_N_claim_scope
N24,U2,0.00012477504606060001,raw_teacher_metric:u2_range,native_within_N_claim_scope
N24,PEEQ,0.15241527557373041,raw_teacher_metric:peeq_max,native_within_N_claim_scope
N24,SurfaceT,585725440,raw_teacher_metric:surface_t_proxy,native_within_N_claim_scope
N24,Mises,579943552,raw_teacher_metric:mises_max,native_within_N_claim_scope
N24,U2,0.0001000396232484,raw_teacher_metric:u2_range,native_within_N_claim_scope
N24,PEEQ,0.15509830415248871,raw_teacher_metric:peeq_max,native_within_N_claim_scope
N24,SurfaceT,581992512,raw_teacher_metric:surface_t_proxy,native_within_N_claim_scope
N24,Mises,579943552,raw_teacher_metric:mises_max,native_within_N_claim_scope
N24,U2,4.5852639686927432e-05,raw_teacher_metric:u2_range,native_within_N_claim_scope
N24,PEEQ,0.16169814765453339,raw_teacher_metric:peeq_max,native_within_N_claim_scope
N24,SurfaceT,582086720,raw_teacher_metric:surface_t_proxy,native_within_N_claim_scope
N24,Mises,579944384,raw_teacher_metric:mises_max,native_within_N_claim_scope
N24,U2,9.8017921573045896e-05,raw_teacher_metric:u2_range,native_within_N_claim_scope
N24,PEEQ,0.16890512406826019,raw_teacher_metric:peeq_max,native_within_N_claim_scope
N24,SurfaceT,582624256,raw_teacher_metric:surface_t_proxy,native_within_N_claim_scope
N24,Mises,579943552,raw_teacher_metric:mises_max,native_within_N_claim_scope
N24,U2,4.5341419991018477e-05,raw_teacher_metric:u2_range,native_within_N_claim_scope
N24,PEEQ,0.15630424022674561,raw_teacher_metric:peeq_max,native_within_N_claim_scope
N24,SurfaceT,582024128,raw_teacher_metric:surface_t_proxy,native_within_N_claim_scope
N24,Mises,579943552,raw_teacher_metric:mises_max,native_within_N_claim_scope
N24,U2,3.9057967114786152e-05,raw_teacher_metric:u2_range,native_within_N_claim_scope
N24,PEEQ,0.1588879376649856,raw_teacher_metric:peeq_max,native_within_N_claim_scope
N24,SurfaceT,582282304,raw_teacher_metric:surface_t_proxy,native_within_N_claim_scope
N24,Mises,579944512,raw_teacher_metric:mises_max,native_within_N_claim_scope
N24,U2,0.00055237211313390001,raw_teacher_metric:u2_range,native_within_N_claim_scope
N24,PEEQ,0.1892505139112472,raw_teacher_metric:peeq_max,native_within_N_claim_scope
N24,SurfaceT,587159872,raw_teacher_metric:surface_t_proxy,native_within_N_claim_scope
N24,Mises,579944256,raw_teacher_metric:mises_max,native_within_N_claim_scope
N40,U2,0.0001091796702894,raw_teacher_metric:u2_range,native_within_N_claim_scope
N40,PEEQ,0.1592772305011749,raw_teacher_metric:peeq_max,native_within_N_claim_scope
N40,SurfaceT,582801856,raw_teacher_metric:surface_t_proxy,native_within_N_claim_scope
N40,Mises,579926592,raw_teacher_metric:mises_max,native_within_N_claim_scope
N40,U2,0.00016248590191020001,raw_teacher_metric:u2_range,native_within_N_claim_scope
N40,PEEQ,0.15906982123851771,raw_teacher_metric:peeq_max,native_within_N_claim_scope
N40,SurfaceT,583536192,raw_teacher_metric:surface_t_proxy,native_within_N_claim_scope
N40,Mises,579927488,raw_teacher_metric:mises_max,native_within_N_claim_scope
N40,U2,0.00015750870124969999,raw_teacher_metric:u2_range,native_within_N_claim_scope
N40,PEEQ,0.1614710390567779,raw_teacher_metric:peeq_max,native_within_N_claim_scope
N40,SurfaceT,583459264,raw_teacher_metric:surface_t_proxy,native_within_N_claim_scope
N40,Mises,579927488,raw_teacher_metric:mises_max,native_within_N_claim_scope
N40,U2,7.5615789683070034e-05,raw_teacher_metric:u2_range,native_within_N_claim_scope
N40,PEEQ,0.1583257168531417,raw_teacher_metric:peeq_max,native_within_N_claim_scope
N40,SurfaceT,584132672,raw_teacher_metric:surface_t_proxy,native_within_N_claim_scope
N40,Mises,579927424,raw_teacher_metric:mises_max,native_within_N_claim_scope
N40,U2,0.0001593298284205,raw_teacher_metric:u2_range,native_within_N_claim_scope
N40,PEEQ,0.17250277101993561,raw_teacher_metric:peeq_max,native_within_N_claim_scope
N40,SurfaceT,584444736,raw_teacher_metric:surface_t_proxy,native_within_N_claim_scope
N40,Mises,579927936,raw_teacher_metric:mises_max,native_within_N_claim_scope
N40,U2,0.0001693256995167,raw_teacher_metric:u2_range,native_within_N_claim_scope
N40,PEEQ,0.1538861095905304,raw_teacher_metric:peeq_max,native_within_N_claim_scope
N40,SurfaceT,582303360,raw_teacher_metric:surface_t_proxy,native_within_N_claim_scope
N40,Mises,579927488,raw_teacher_metric:mises_max,native_within_N_claim_scope
N40,U2,9.3964031293580761e-05,raw_teacher_metric:u2_range,native_within_N_claim_scope
N40,PEEQ,0.16134226322174069,raw_teacher_metric:peeq_max,native_within_N_claim_scope
N40,SurfaceT,584067200,raw_teacher_metric:surface_t_proxy,native_within_N_claim_scope
N40,Mises,579927488,raw_teacher_metric:mises_max,native_within_N_claim_scope
N40,U2,0.00023624375353390001,raw_teacher_metric:u2_range,native_within_N_claim_scope
N40,PEEQ,0.1608708649873733,raw_teacher_metric:peeq_max,native_within_N_claim_scope
N40,SurfaceT,583332864,raw_teacher_metric:surface_t_proxy,native_within_N_claim_scope
N40,Mises,579927744,raw_teacher_metric:mises_max,native_within_N_claim_scope
N40,U2,8.124319720081985e-05,raw_teacher_metric:u2_range,native_within_N_claim_scope
N40,PEEQ,0.1553911864757537,raw_teacher_metric:peeq_max,native_within_N_claim_scope
N40,SurfaceT,582449600,raw_teacher_metric:surface_t_proxy,native_within_N_claim_scope
N40,Mises,579927552,raw_teacher_metric:mises_max,native_within_N_claim_scope
N40,U2,7.6060947321821004e-05,raw_teacher_metric:u2_range,native_within_N_claim_scope
N40,PEEQ,0.15342894196510309,raw_teacher_metric:peeq_max,native_within_N_claim_scope
N40,SurfaceT,582007808,raw_teacher_metric:surface_t_proxy,native_within_N_claim_scope
N40,Mises,579927552,raw_teacher_metric:mises_max,native_within_N_claim_scope
N40,U2,6.2614599301014096e-05,raw_teacher_metric:u2_range,native_within_N_claim_scope
N40,PEEQ,0.1527572870254516,raw_teacher_metric:peeq_max,native_within_N_claim_scope
N40,SurfaceT,582009600,raw_teacher_metric:surface_t_proxy,native_within_N_claim_scope
N40,Mises,579926528,raw_teacher_metric:mises_max,native_within_N_claim_scope
N40,U2,5.2019930080859922e-05,raw_teacher_metric:u2_range,native_within_N_claim_scope
N40,PEEQ,0.1536578088998794,raw_teacher_metric:peeq_max,native_within_N_claim_scope
N40,SurfaceT,582291392,raw_teacher_metric:surface_t_proxy,native_within_N_claim_scope
N40,Mises,579927552,raw_teacher_metric:mises_max,native_within_N_claim_scope
N40,U2,7.4750831117853522e-05,raw_teacher_metric:u2_range,native_within_N_claim_scope
N40,PEEQ,0.15345621109008789,raw_teacher_metric:peeq_max,native_within_N_claim_scope
N40,SurfaceT,582014272,raw_teacher_metric:surface_t_proxy,native_within_N_claim_scope
N40,Mises,579927552,raw_teacher_metric:mises_max,native_within_N_claim_scope
N40,U2,7.7989896453800611e-05,raw_teacher_metric:u2_range,native_within_N_claim_scope
N40,PEEQ,0.15342229604721069,raw_teacher_metric:peeq_max,native_within_N_claim_scope
N40,SurfaceT,582003392,raw_teacher_metric:surface_t_proxy,native_within_N_claim_scope
N40,Mises,579926528,raw_teacher_metric:mises_max,native_within_N_claim_scope
N40,U2,6.5927168179769069e-05,raw_teacher_metric:u2_range,native_within_N_claim_scope
N40,PEEQ,0.1567461341619491,raw_teacher_metric:peeq_max,native_within_N_claim_scope
N40,SurfaceT,582151488,raw_teacher_metric:surface_t_proxy,native_within_N_claim_scope
N40,Mises,579926528,raw_teacher_metric:mises_max,native_within_N_claim_scope
N40,U2,0.00012517974937499999,raw_teacher_metric:u2_range,native_within_N_claim_scope
N40,PEEQ,0.1606610417366027,raw_teacher_metric:peeq_max,native_within_N_claim_scope
N40,SurfaceT,583773440,raw_teacher_metric:surface_t_proxy,native_within_N_claim_scope
N40,Mises,579927680,raw_teacher_metric:mises_max,native_within_N_claim_scope
N40,U2,0.00016444249604310001,raw_teacher_metric:u2_range,native_within_N_claim_scope
N40,PEEQ,0.1605370342731475,raw_teacher_metric:peeq_max,native_within_N_claim_scope
N40,SurfaceT,583591296,raw_teacher_metric:surface_t_proxy,native_within_N_claim_scope
N40,Mises,579927488,raw_teacher_metric:mises_max,native_within_N_claim_scope
N40,U2,0.0001058120724337,raw_teacher_metric:u2_range,native_within_N_claim_scope
N40,PEEQ,0.1622970104217529,raw_teacher_metric:peeq_max,native_within_N_claim_scope
N40,SurfaceT,583447552,raw_teacher_metric:surface_t_proxy,native_within_N_claim_scope
N40,Mises,579926336,raw_teacher_metric:mises_max,native_within_N_claim_scope
N40,U2,9.8003391030943021e-05,raw_teacher_metric:u2_range,native_within_N_claim_scope
N40,PEEQ,0.16145139932632441,raw_teacher_metric:peeq_max,native_within_N_claim_scope
N40,SurfaceT,583637120,raw_teacher_metric:surface_t_proxy,native_within_N_claim_scope
N40,Mises,579927488,raw_teacher_metric:mises_max,native_within_N_claim_scope
N40,U2,7.7120334026403725e-05,raw_teacher_metric:u2_range,native_within_N_claim_scope
N40,PEEQ,0.15346069633960721,raw_teacher_metric:peeq_max,native_within_N_claim_scope
N40,SurfaceT,582015488,raw_teacher_metric:surface_t_proxy,native_within_N_claim_scope
N40,Mises,579927552,raw_teacher_metric:mises_max,native_within_N_claim_scope
N40,U2,0.00011381284548400001,raw_teacher_metric:u2_range,native_within_N_claim_scope
N40,PEEQ,0.1606870144605636,raw_teacher_metric:peeq_max,native_within_N_claim_scope
N40,SurfaceT,583616768,raw_teacher_metric:surface_t_proxy,native_within_N_claim_scope
N40,Mises,579925888,raw_teacher_metric:mises_max,native_within_N_claim_scope
N40,U2,8.2706908870022744e-05,raw_teacher_metric:u2_range,native_within_N_claim_scope
N40,PEEQ,0.15351676940917969,raw_teacher_metric:peeq_max,native_within_N_claim_scope
N40,SurfaceT,582035264,raw_teacher_metric:surface_t_proxy,native_within_N_claim_scope
N40,Mises,579927552,raw_teacher_metric:mises_max,native_within_N_claim_scope
N40,U2,0.0001642787638047,raw_teacher_metric:u2_range,native_within_N_claim_scope
N40,PEEQ,0.1633699685335159,raw_teacher_metric:peeq_max,native_within_N_claim_scope
N40,SurfaceT,583301184,raw_teacher_metric:surface_t_proxy,native_within_N_claim_scope
N40,Mises,579927488,raw_teacher_metric:mises_max,native_within_N_claim_scope
N40,U2,0.0001068835699697,raw_teacher_metric:u2_range,native_within_N_claim_scope
N40,PEEQ,0.1567571014165878,raw_teacher_metric:peeq_max,native_within_N_claim_scope
N40,SurfaceT,588630144,raw_teacher_metric:surface_t_proxy,native_within_N_claim_scope
N40,Mises,579926336,raw_teacher_metric:mises_max,native_within_N_claim_scope
N40,U2,6.0544747611857019e-05,raw_teacher_metric:u2_range,native_within_N_claim_scope
N40,PEEQ,0.1532502472400665,raw_teacher_metric:peeq_max,native_within_N_claim_scope
N40,SurfaceT,582142144,raw_teacher_metric:surface_t_proxy,native_within_N_claim_scope
N40,Mises,579926592,raw_teacher_metric:mises_max,native_within_N_claim_scope
N40,U2,5.9095918004459243e-05,raw_teacher_metric:u2_range,native_within_N_claim_scope
N40,PEEQ,0.1578762680292129,raw_teacher_metric:peeq_max,native_within_N_claim_scope
N40,SurfaceT,582176256,raw_teacher_metric:surface_t_proxy,native_within_N_claim_scope
N40,Mises,579927552,raw_teacher_metric:mises_max,native_within_N_claim_scope
N40,U2,6.1815242588636465e-05,raw_teacher_metric:u2_range,native_within_N_claim_scope
N40,PEEQ,0.16535398364067069,raw_teacher_metric:peeq_max,native_within_N_claim_scope
N40,SurfaceT,582010112,raw_teacher_metric:surface_t_proxy,native_within_N_claim_scope
N40,Mises,579927552,raw_teacher_metric:mises_max,native_within_N_claim_scope
N40,U2,9.7909816759056398e-05,raw_teacher_metric:u2_range,native_within_N_claim_scope
N40,PEEQ,0.1620165407657623,raw_teacher_metric:peeq_max,native_within_N_claim_scope
N40,SurfaceT,582643968,raw_teacher_metric:surface_t_proxy,native_within_N_claim_scope
N40,Mises,579927488,raw_teacher_metric:mises_max,native_within_N_claim_scope
N40,U2,7.5121028203284368e-05,raw_teacher_metric:u2_range,native_within_N_claim_scope
N40,PEEQ,0.17082197964191431,raw_teacher_metric:peeq_max,native_within_N_claim_scope
N40,SurfaceT,584285056,raw_teacher_metric:surface_t_proxy,native_within_N_claim_scope
N40,Mises,579927616,raw_teacher_metric:mises_max,native_within_N_claim_scope
N40,U2,9.0469777205726118e-05,raw_teacher_metric:u2_range,native_within_N_claim_scope
N40,PEEQ,0.15778626501560211,raw_teacher_metric:peeq_max,native_within_N_claim_scope
N40,SurfaceT,584389376,raw_teacher_metric:surface_t_proxy,native_within_N_claim_scope
N40,Mises,579926464,raw_teacher_metric:mises_max,native_within_N_claim_scope
N40,U2,8.9850269432645291e-05,raw_teacher_metric:u2_range,native_within_N_claim_scope
N40,PEEQ,0.15347655117511749,raw_teacher_metric:peeq_max,native_within_N_claim_scope
N40,SurfaceT,582080192,raw_teacher_metric:surface_t_proxy,native_within_N_claim_scope
N40,Mises,579927552,raw_teacher_metric:mises_max,native_within_N_claim_scope
N40,U2,0.00058400995976620003,raw_teacher_metric:u2_range,native_within_N_claim_scope
N40,PEEQ,0.14807234704494471,raw_teacher_metric:peeq_max,native_within_N_claim_scope
N40,SurfaceT,583950720,raw_teacher_metric:surface_t_proxy,native_within_N_claim_scope
N40,Mises,579927104,raw_teacher_metric:mises_max,native_within_N_claim_scope
N24,U2,0.00055710609274220002,raw_teacher_metric:u2_range,native_within_N_claim_scope
N24,PEEQ,0.15603440999984741,raw_teacher_metric:peeq_max,native_within_N_claim_scope
N24,SurfaceT,582798720,raw_teacher_metric:surface_t_proxy,native_within_N_claim_scope
N24,Mises,579942912,raw_teacher_metric:mises_max,native_within_N_claim_scope
N24,U2,5.1200222287661752e-05,raw_teacher_metric:u2_range,native_within_N_claim_scope
N24,PEEQ,0.15525954961776731,raw_teacher_metric:peeq_max,native_within_N_claim_scope
N24,SurfaceT,581886656,raw_teacher_metric:surface_t_proxy,native_within_N_claim_scope
N24,Mises,579943616,raw_teacher_metric:mises_max,native_within_N_claim_scope
N24,U2,4.3539908801903948e-05,raw_teacher_metric:u2_range,native_within_N_claim_scope
N24,PEEQ,0.15831014513969421,raw_teacher_metric:peeq_max,native_within_N_claim_scope
N24,SurfaceT,581887232,raw_teacher_metric:surface_t_proxy,native_within_N_claim_scope
N24,Mises,579943616,raw_teacher_metric:mises_max,native_within_N_claim_scope
N24,U2,0.00055237217088680002,raw_teacher_metric:u2_range,native_within_N_claim_scope
N24,PEEQ,0.18925029039382929,raw_teacher_metric:peeq_max,native_within_N_claim_scope
N24,SurfaceT,587159872,raw_teacher_metric:surface_t_proxy,native_within_N_claim_scope
N24,Mises,579944256,raw_teacher_metric:mises_max,native_within_N_claim_scope
N24,U2,0.0001478826186485,raw_teacher_metric:u2_range,native_within_N_claim_scope
N24,PEEQ,0.1537696421146392,raw_teacher_metric:peeq_max,native_within_N_claim_scope
N24,SurfaceT,581987584,raw_teacher_metric:surface_t_proxy,native_within_N_claim_scope
N24,Mises,579944256,raw_teacher_metric:mises_max,native_within_N_claim_scope
N24,U2,0.00013144174681649999,raw_teacher_metric:u2_range,native_within_N_claim_scope
N24,PEEQ,0.16387356817722321,raw_teacher_metric:peeq_max,native_within_N_claim_scope
N24,SurfaceT,583407360,raw_teacher_metric:surface_t_proxy,native_within_N_claim_scope
N24,Mises,579943360,raw_teacher_metric:mises_max,native_within_N_claim_scope
N24,U2,9.4930108616608777e-05,raw_teacher_metric:u2_range,native_within_N_claim_scope
N24,PEEQ,0.162030279636383,raw_teacher_metric:peeq_max,native_within_N_claim_scope
N24,SurfaceT,582790336,raw_teacher_metric:surface_t_proxy,native_within_N_claim_scope
N24,Mises,579943552,raw_teacher_metric:mises_max,native_within_N_claim_scope
N24,U2,8.2739913068508031e-05,raw_teacher_metric:u2_range,native_within_N_claim_scope
N24,PEEQ,0.17746859788894651,raw_teacher_metric:peeq_max,native_within_N_claim_scope
N24,SurfaceT,581879872,raw_teacher_metric:surface_t_proxy,native_within_N_claim_scope
N24,Mises,579943488,raw_teacher_metric:mises_max,native_within_N_claim_scope
N24,U2,0.00038369874800989998,raw_teacher_metric:u2_range,native_within_N_claim_scope
N24,PEEQ,0.14921665191650391,raw_teacher_metric:peeq_max,native_within_N_claim_scope
N24,SurfaceT,581968448,raw_teacher_metric:surface_t_proxy,native_within_N_claim_scope
N24,Mises,579943936,raw_teacher_metric:mises_max,native_within_N_claim_scope
N24,U2,0.0001191965059206,raw_teacher_metric:u2_range,native_within_N_claim_scope
N24,PEEQ,0.17684878408908841,raw_teacher_metric:peeq_max,native_within_N_claim_scope
N24,SurfaceT,582971264,raw_teacher_metric:surface_t_proxy,native_within_N_claim_scope
N24,Mises,579943552,raw_teacher_metric:mises_max,native_within_N_claim_scope
N24,U2,0.00014284591770770001,raw_teacher_metric:u2_range,native_within_N_claim_scope
N24,PEEQ,0.1672333478927612,raw_teacher_metric:peeq_max,native_within_N_claim_scope
N24,SurfaceT,583388352,raw_teacher_metric:surface_t_proxy,native_within_N_claim_scope
N24,Mises,579943744,raw_teacher_metric:mises_max,native_within_N_claim_scope
N24,U2,0.0001125989701904,raw_teacher_metric:u2_range,native_within_N_claim_scope
N24,PEEQ,0.15549120306968689,raw_teacher_metric:peeq_max,native_within_N_claim_scope
N24,SurfaceT,582126336,raw_teacher_metric:surface_t_proxy,native_within_N_claim_scope
N24,Mises,579944832,raw_teacher_metric:mises_max,native_within_N_claim_scope
N24,U2,9.1048452759423526e-05,raw_teacher_metric:u2_range,native_within_N_claim_scope
N24,PEEQ,0.1580812186002731,raw_teacher_metric:peeq_max,native_within_N_claim_scope
N24,SurfaceT,581617920,raw_teacher_metric:surface_t_proxy,native_within_N_claim_scope
N24,Mises,579943872,raw_teacher_metric:mises_max,native_within_N_claim_scope
N24,U2,0.00011807006603700001,raw_teacher_metric:u2_range,native_within_N_claim_scope
N24,PEEQ,0.15750168263912201,raw_teacher_metric:peeq_max,native_within_N_claim_scope
N24,SurfaceT,582982400,raw_teacher_metric:surface_t_proxy,native_within_N_claim_scope
N24,Mises,579944640,raw_teacher_metric:mises_max,native_within_N_claim_scope
N24,U2,0.0001111758224396,raw_teacher_metric:u2_range,native_within_N_claim_scope
N24,PEEQ,0.15598945319652549,raw_teacher_metric:peeq_max,native_within_N_claim_scope
N24,SurfaceT,582886080,raw_teacher_metric:surface_t_proxy,native_within_N_claim_scope
N24,Mises,579944576,raw_teacher_metric:mises_max,native_within_N_claim_scope
N24,U2,0.00010706089665289999,raw_teacher_metric:u2_range,native_within_N_claim_scope
N24,PEEQ,0.16371840238571159,raw_teacher_metric:peeq_max,native_within_N_claim_scope
N24,SurfaceT,582191552,raw_teacher_metric:surface_t_proxy,native_within_N_claim_scope
N24,Mises,579943680,raw_teacher_metric:mises_max,native_within_N_claim_scope
N40,U2,0.00020896035312029999,raw_teacher_metric:u2_range,native_within_N_claim_scope
N40,PEEQ,0.1649283170700073,raw_teacher_metric:peeq_max,native_within_N_claim_scope
N40,SurfaceT,589684288,raw_teacher_metric:surface_t_proxy,native_within_N_claim_scope
N40,Mises,579926976,raw_teacher_metric:mises_max,native_within_N_claim_scope
N40,U2,5.7272533013019711e-05,raw_teacher_metric:u2_range,native_within_N_claim_scope
N40,PEEQ,0.1554671972990036,raw_teacher_metric:peeq_max,native_within_N_claim_scope
N40,SurfaceT,582288320,raw_teacher_metric:surface_t_proxy,native_within_N_claim_scope
N40,Mises,579926528,raw_teacher_metric:mises_max,native_within_N_claim_scope
N40,U2,6.9589816121151671e-05,raw_teacher_metric:u2_range,native_within_N_claim_scope
N40,PEEQ,0.1523378044366836,raw_teacher_metric:peeq_max,native_within_N_claim_scope
N40,SurfaceT,582016128,raw_teacher_metric:surface_t_proxy,native_within_N_claim_scope
N40,Mises,579927488,raw_teacher_metric:mises_max,native_within_N_claim_scope
N40,U2,7.1106012910604477e-05,raw_teacher_metric:u2_range,native_within_N_claim_scope
N40,PEEQ,0.15232346951961509,raw_teacher_metric:peeq_max,native_within_N_claim_scope
N40,SurfaceT,582018816,raw_teacher_metric:surface_t_proxy,native_within_N_claim_scope
N40,Mises,579927488,raw_teacher_metric:mises_max,native_within_N_claim_scope
N40,U2,9.501385829935316e-05,raw_teacher_metric:u2_range,native_within_N_claim_scope
N40,PEEQ,0.16013370454311371,raw_teacher_metric:peeq_max,native_within_N_claim_scope
N40,SurfaceT,582205376,raw_teacher_metric:surface_t_proxy,native_within_N_claim_scope
N40,Mises,579926528,raw_teacher_metric:mises_max,native_within_N_claim_scope
N40,U2,8.2512161498016212e-05,raw_teacher_metric:u2_range,native_within_N_claim_scope
N40,PEEQ,0.15162099897861481,raw_teacher_metric:peeq_max,native_within_N_claim_scope
N40,SurfaceT,582085952,raw_teacher_metric:surface_t_proxy,native_within_N_claim_scope
N40,Mises,579927552,raw_teacher_metric:mises_max,native_within_N_claim_scope
N40,U2,7.8094610216794536e-05,raw_teacher_metric:u2_range,native_within_N_claim_scope
N40,PEEQ,0.15318456292152399,raw_teacher_metric:peeq_max,native_within_N_claim_scope
N40,SurfaceT,582160640,raw_teacher_metric:surface_t_proxy,native_within_N_claim_scope
N40,Mises,579926528,raw_teacher_metric:mises_max,native_within_N_claim_scope
N40,U2,6.4761572502902709e-05,raw_teacher_metric:u2_range,native_within_N_claim_scope
N40,PEEQ,0.1527572870254516,raw_teacher_metric:peeq_max,native_within_N_claim_scope
N40,SurfaceT,582009088,raw_teacher_metric:surface_t_proxy,native_within_N_claim_scope
N40,Mises,579926528,raw_teacher_metric:mises_max,native_within_N_claim_scope
N40,U2,7.3961019552370999e-05,raw_teacher_metric:u2_range,native_within_N_claim_scope
N40,PEEQ,0.15347656607627869,raw_teacher_metric:peeq_max,native_within_N_claim_scope
N40,SurfaceT,582004416,raw_teacher_metric:surface_t_proxy,native_within_N_claim_scope
N40,Mises,579927552,raw_teacher_metric:mises_max,native_within_N_claim_scope
N40,U2,0.00012350233373580001,raw_teacher_metric:u2_range,native_within_N_claim_scope
N40,PEEQ,0.1647430956363678,raw_teacher_metric:peeq_max,native_within_N_claim_scope
N40,SurfaceT,582165248,raw_teacher_metric:surface_t_proxy,native_within_N_claim_scope
N40,Mises,579927488,raw_teacher_metric:mises_max,native_within_N_claim_scope
N40,U2,8.5648371168645099e-05,raw_teacher_metric:u2_range,native_within_N_claim_scope
N40,PEEQ,0.15627259016036979,raw_teacher_metric:peeq_max,native_within_N_claim_scope
N40,SurfaceT,582451072,raw_teacher_metric:surface_t_proxy,native_within_N_claim_scope
N40,Mises,579927552,raw_teacher_metric:mises_max,native_within_N_claim_scope
N40,U2,0.00018910538619820001,raw_teacher_metric:u2_range,native_within_N_claim_scope
N40,PEEQ,0.16265386343002319,raw_teacher_metric:peeq_max,native_within_N_claim_scope
N40,SurfaceT,584486144,raw_teacher_metric:surface_t_proxy,native_within_N_claim_scope
N40,Mises,579927296,raw_teacher_metric:mises_max,native_within_N_claim_scope
N40,U2,0.00015321336718439999,raw_teacher_metric:u2_range,native_within_N_claim_scope
N40,PEEQ,0.1574422419071197,raw_teacher_metric:peeq_max,native_within_N_claim_scope
N40,SurfaceT,583485440,raw_teacher_metric:surface_t_proxy,native_within_N_claim_scope
N40,Mises,579927488,raw_teacher_metric:mises_max,native_within_N_claim_scope
N40,U2,5.1916837946919259e-05,raw_teacher_metric:u2_range,native_within_N_claim_scope
N40,PEEQ,0.17038837075233459,raw_teacher_metric:peeq_max,native_within_N_claim_scope
N40,SurfaceT,582015232,raw_teacher_metric:surface_t_proxy,native_within_N_claim_scope
N40,Mises,579927424,raw_teacher_metric:mises_max,native_within_N_claim_scope
N40,U2,0.00017424871111870001,raw_teacher_metric:u2_range,native_within_N_claim_scope
N40,PEEQ,0.17563994228839869,raw_teacher_metric:peeq_max,native_within_N_claim_scope
N40,SurfaceT,587064192,raw_teacher_metric:surface_t_proxy,native_within_N_claim_scope
N40,Mises,579928576,raw_teacher_metric:mises_max,native_within_N_claim_scope
N40,U2,5.5337279263767407e-05,raw_teacher_metric:u2_range,native_within_N_claim_scope
N40,PEEQ,0.15332473814487449,raw_teacher_metric:peeq_max,native_within_N_claim_scope
N40,SurfaceT,582295040,raw_teacher_metric:surface_t_proxy,native_within_N_claim_scope
N40,Mises,579927552,raw_teacher_metric:mises_max,native_within_N_claim_scope
N40,U2,5.1302356951055117e-05,raw_teacher_metric:u2_range,native_within_N_claim_scope
N40,PEEQ,0.1530022919178009,raw_teacher_metric:peeq_max,native_within_N_claim_scope
N40,SurfaceT,582005440,raw_teacher_metric:surface_t_proxy,native_within_N_claim_scope
N40,Mises,579927552,raw_teacher_metric:mises_max,native_within_N_claim_scope
N40,U2,0.00020403923190310001,raw_teacher_metric:u2_range,native_within_N_claim_scope
N40,PEEQ,0.16408905386924741,raw_teacher_metric:peeq_max,native_within_N_claim_scope
N40,SurfaceT,588950400,raw_teacher_metric:surface_t_proxy,native_within_N_claim_scope
N40,Mises,579927296,raw_teacher_metric:mises_max,native_within_N_claim_scope
N40,U2,5.4475685828947462e-05,raw_teacher_metric:u2_range,native_within_N_claim_scope
N40,PEEQ,0.1536350399255752,raw_teacher_metric:peeq_max,native_within_N_claim_scope
N40,SurfaceT,582269312,raw_teacher_metric:surface_t_proxy,native_within_N_claim_scope
N40,Mises,579927872,raw_teacher_metric:mises_max,native_within_N_claim_scope
N40,U2,7.3524286563042551e-05,raw_teacher_metric:u2_range,native_within_N_claim_scope
N40,PEEQ,0.1558193564414978,raw_teacher_metric:peeq_max,native_within_N_claim_scope
N40,SurfaceT,582150656,raw_teacher_metric:surface_t_proxy,native_within_N_claim_scope
N40,Mises,579927552,raw_teacher_metric:mises_max,native_within_N_claim_scope
N40,U2,7.5843448939849623e-05,raw_teacher_metric:u2_range,native_within_N_claim_scope
N40,PEEQ,0.155017614364624,raw_teacher_metric:peeq_max,native_within_N_claim_scope
N40,SurfaceT,582094720,raw_teacher_metric:surface_t_proxy,native_within_N_claim_scope
N40,Mises,579927488,raw_teacher_metric:mises_max,native_within_N_claim_scope
N40,U2,6.851953367004171e-05,raw_teacher_metric:u2_range,native_within_N_claim_scope
N40,PEEQ,0.16497872769832611,raw_teacher_metric:peeq_max,native_within_N_claim_scope
N40,SurfaceT,582289664,raw_teacher_metric:surface_t_proxy,native_within_N_claim_scope
N40,Mises,579927552,raw_teacher_metric:mises_max,native_within_N_claim_scope
N40,U2,9.1171591520833317e-05,raw_teacher_metric:u2_range,native_within_N_claim_scope
N40,PEEQ,0.1538078635931015,raw_teacher_metric:peeq_max,native_within_N_claim_scope
N40,SurfaceT,582321152,raw_teacher_metric:surface_t_proxy,native_within_N_claim_scope
N40,Mises,579927808,raw_teacher_metric:mises_max,native_within_N_claim_scope
N40,U2,5.2929776757082443e-05,raw_teacher_metric:u2_range,native_within_N_claim_scope
N40,PEEQ,0.15366080403327939,raw_teacher_metric:peeq_max,native_within_N_claim_scope
N40,SurfaceT,582292864,raw_teacher_metric:surface_t_proxy,native_within_N_claim_scope
N40,Mises,579926528,raw_teacher_metric:mises_max,native_within_N_claim_scope
N12,U2,6.379491514962865e-05,raw_teacher_metric:u2_range,native_within_N_claim_scope
N12,PEEQ,0.1535141170024871,raw_teacher_metric:peeq_max,native_within_N_claim_scope
N12,SurfaceT,581880128,raw_teacher_metric:surface_t_proxy,native_within_N_claim_scope
N12,Mises,579938432,raw_teacher_metric:mises_max,native_within_N_claim_scope
N12,U2,4.4082357817387681e-05,raw_teacher_metric:u2_range,native_within_N_claim_scope
N12,PEEQ,0.14786253869533539,raw_teacher_metric:peeq_max,native_within_N_claim_scope
N12,SurfaceT,581030976,raw_teacher_metric:surface_t_proxy,native_within_N_claim_scope
N12,Mises,579938560,raw_teacher_metric:mises_max,native_within_N_claim_scope
N12,U2,3.5103737900499254e-05,raw_teacher_metric:u2_range,native_within_N_claim_scope
N12,PEEQ,0.15200856328010559,raw_teacher_metric:peeq_max,native_within_N_claim_scope
N12,SurfaceT,583759616,raw_teacher_metric:surface_t_proxy,native_within_N_claim_scope
N12,Mises,579938560,raw_teacher_metric:mises_max,native_within_N_claim_scope
N12,U2,4.209233884466812e-05,raw_teacher_metric:u2_range,native_within_N_claim_scope
N12,PEEQ,0.1484188884496688,raw_teacher_metric:peeq_max,native_within_N_claim_scope
N12,SurfaceT,582993408,raw_teacher_metric:surface_t_proxy,native_within_N_claim_scope
N12,Mises,579939520,raw_teacher_metric:mises_max,native_within_N_claim_scope
N12,U2,3.2547930914006429e-05,raw_teacher_metric:u2_range,native_within_N_claim_scope
N12,PEEQ,0.14696188271045679,raw_teacher_metric:peeq_max,native_within_N_claim_scope
N12,SurfaceT,581045120,raw_teacher_metric:surface_t_proxy,native_within_N_claim_scope
N12,Mises,579939520,raw_teacher_metric:mises_max,native_within_N_claim_scope
N12,U2,2.3353248252533376e-05,raw_teacher_metric:u2_range,native_within_N_claim_scope
N12,PEEQ,0.14696112275123591,raw_teacher_metric:peeq_max,native_within_N_claim_scope
N12,SurfaceT,582776448,raw_teacher_metric:surface_t_proxy,native_within_N_claim_scope
N12,Mises,579939520,raw_teacher_metric:mises_max,native_within_N_claim_scope
N12,U2,4.7157466724456754e-05,raw_teacher_metric:u2_range,native_within_N_claim_scope
N12,PEEQ,0.1438055485486984,raw_teacher_metric:peeq_max,native_within_N_claim_scope
N12,SurfaceT,581349824,raw_teacher_metric:surface_t_proxy,native_within_N_claim_scope
N12,Mises,579939648,raw_teacher_metric:mises_max,native_within_N_claim_scope
N12,U2,3.971927708334988e-05,raw_teacher_metric:u2_range,native_within_N_claim_scope
N12,PEEQ,0.15059845149517059,raw_teacher_metric:peeq_max,native_within_N_claim_scope
N12,SurfaceT,582831104,raw_teacher_metric:surface_t_proxy,native_within_N_claim_scope
N12,Mises,579939520,raw_teacher_metric:mises_max,native_within_N_claim_scope
N12,U2,3.7988020949342172e-05,raw_teacher_metric:u2_range,native_within_N_claim_scope
N12,PEEQ,0.14970743656158439,raw_teacher_metric:peeq_max,native_within_N_claim_scope
N12,SurfaceT,582938496,raw_teacher_metric:surface_t_proxy,native_within_N_claim_scope
N12,Mises,579939776,raw_teacher_metric:mises_max,native_within_N_claim_scope
N12,U2,4.140971304877894e-05,raw_teacher_metric:u2_range,native_within_N_claim_scope
N12,PEEQ,0.1501847505569458,raw_teacher_metric:peeq_max,native_within_N_claim_scope
N12,SurfaceT,581708160,raw_teacher_metric:surface_t_proxy,native_within_N_claim_scope
N12,Mises,579939520,raw_teacher_metric:mises_max,native_within_N_claim_scope
N12,U2,4.9116278660221731e-05,raw_teacher_metric:u2_range,native_within_N_claim_scope
N12,PEEQ,0.1459944397211074,raw_teacher_metric:peeq_max,native_within_N_claim_scope
N12,SurfaceT,580957120,raw_teacher_metric:surface_t_proxy,native_within_N_claim_scope
N12,Mises,579939520,raw_teacher_metric:mises_max,native_within_N_claim_scope
N12,U2,3.7463417811522959e-05,raw_teacher_metric:u2_range,native_within_N_claim_scope
N12,PEEQ,0.14698328077793121,raw_teacher_metric:peeq_max,native_within_N_claim_scope
N12,SurfaceT,581021440,raw_teacher_metric:surface_t_proxy,native_within_N_claim_scope
N12,Mises,579938496,raw_teacher_metric:mises_max,native_within_N_claim_scope
N16,U2,0.0001097982292321,raw_teacher_metric:u2_range,native_within_N_claim_scope
N16,PEEQ,0.1503731906414032,raw_teacher_metric:peeq_max,native_within_N_claim_scope
N16,SurfaceT,582193408,raw_teacher_metric:surface_t_proxy,native_within_N_claim_scope
N16,Mises,579948096,raw_teacher_metric:mises_max,native_within_N_claim_scope
N16,U2,4.9542331908014603e-05,raw_teacher_metric:u2_range,native_within_N_claim_scope
N16,PEEQ,0.1477783918380737,raw_teacher_metric:peeq_max,native_within_N_claim_scope
N16,SurfaceT,581524160,raw_teacher_metric:surface_t_proxy,native_within_N_claim_scope
N16,Mises,579948288,raw_teacher_metric:mises_max,native_within_N_claim_scope
N16,U2,4.0733349123911466e-05,raw_teacher_metric:u2_range,native_within_N_claim_scope
N16,PEEQ,0.15221633017063141,raw_teacher_metric:peeq_max,native_within_N_claim_scope
N16,SurfaceT,581438784,raw_teacher_metric:surface_t_proxy,native_within_N_claim_scope
N16,Mises,579948416,raw_teacher_metric:mises_max,native_within_N_claim_scope
N16,U2,4.6308578475873219e-05,raw_teacher_metric:u2_range,native_within_N_claim_scope
N16,PEEQ,0.1499058455228805,raw_teacher_metric:peeq_max,native_within_N_claim_scope
N16,SurfaceT,581288448,raw_teacher_metric:surface_t_proxy,native_within_N_claim_scope
N16,Mises,579948352,raw_teacher_metric:mises_max,native_within_N_claim_scope
N16,U2,4.5350475602390361e-05,raw_teacher_metric:u2_range,native_within_N_claim_scope
N16,PEEQ,0.15525107085704801,raw_teacher_metric:peeq_max,native_within_N_claim_scope
N16,SurfaceT,581443840,raw_teacher_metric:surface_t_proxy,native_within_N_claim_scope
N16,Mises,579948288,raw_teacher_metric:mises_max,native_within_N_claim_scope
N16,U2,3.5666283110913355e-05,raw_teacher_metric:u2_range,native_within_N_claim_scope
N16,PEEQ,0.15203696489334101,raw_teacher_metric:peeq_max,native_within_N_claim_scope
N16,SurfaceT,581560832,raw_teacher_metric:surface_t_proxy,native_within_N_claim_scope
N16,Mises,579948352,raw_teacher_metric:mises_max,native_within_N_claim_scope
N16,U2,5.006112223782111e-05,raw_teacher_metric:u2_range,native_within_N_claim_scope
N16,PEEQ,0.1521210968494415,raw_teacher_metric:peeq_max,native_within_N_claim_scope
N16,SurfaceT,582240320,raw_teacher_metric:surface_t_proxy,native_within_N_claim_scope
N16,Mises,579948352,raw_teacher_metric:mises_max,native_within_N_claim_scope
N16,U2,4.5938243147247697e-05,raw_teacher_metric:u2_range,native_within_N_claim_scope
N16,PEEQ,0.14800861477851859,raw_teacher_metric:peeq_max,native_within_N_claim_scope
N16,SurfaceT,581497536,raw_teacher_metric:surface_t_proxy,native_within_N_claim_scope
N16,Mises,579948352,raw_teacher_metric:mises_max,native_within_N_claim_scope
N16,U2,4.1515153498039581e-05,raw_teacher_metric:u2_range,native_within_N_claim_scope
N16,PEEQ,0.15126565098762509,raw_teacher_metric:peeq_max,native_within_N_claim_scope
N16,SurfaceT,581532864,raw_teacher_metric:surface_t_proxy,native_within_N_claim_scope
N16,Mises,579947520,raw_teacher_metric:mises_max,native_within_N_claim_scope
N16,U2,3.8505266275024042e-05,raw_teacher_metric:u2_range,native_within_N_claim_scope
N16,PEEQ,0.15145678818225861,raw_teacher_metric:peeq_max,native_within_N_claim_scope
N16,SurfaceT,581473600,raw_teacher_metric:surface_t_proxy,native_within_N_claim_scope
N16,Mises,579947520,raw_teacher_metric:mises_max,native_within_N_claim_scope
N16,U2,4.8106295253091957e-05,raw_teacher_metric:u2_range,native_within_N_claim_scope
N16,PEEQ,0.15199165046215049,raw_teacher_metric:peeq_max,native_within_N_claim_scope
N16,SurfaceT,582392896,raw_teacher_metric:surface_t_proxy,native_within_N_claim_scope
N16,Mises,579948352,raw_teacher_metric:mises_max,native_within_N_claim_scope
N16,U2,3.8775639040977694e-05,raw_teacher_metric:u2_range,native_within_N_claim_scope
N16,PEEQ,0.14970289170742029,raw_teacher_metric:peeq_max,native_within_N_claim_scope
N16,SurfaceT,581026496,raw_teacher_metric:surface_t_proxy,native_within_N_claim_scope
N16,Mises,579947520,raw_teacher_metric:mises_max,native_within_N_claim_scope
N24,U2,0.00054767179653930002,raw_teacher_metric:u2_range,native_within_N_claim_scope
N24,PEEQ,0.1511800736188888,raw_teacher_metric:peeq_max,native_within_N_claim_scope
N24,SurfaceT,581922240,raw_teacher_metric:surface_t_proxy,native_within_N_claim_scope
N24,Mises,579943744,raw_teacher_metric:mises_max,native_within_N_claim_scope
N24,U2,5.8173469824396307e-05,raw_teacher_metric:u2_range,native_within_N_claim_scope
N24,PEEQ,0.1540863960981369,raw_teacher_metric:peeq_max,native_within_N_claim_scope
N24,SurfaceT,581985280,raw_teacher_metric:surface_t_proxy,native_within_N_claim_scope
N24,Mises,579944384,raw_teacher_metric:mises_max,native_within_N_claim_scope
N24,U2,7.998157980182441e-05,raw_teacher_metric:u2_range,native_within_N_claim_scope
N24,PEEQ,0.15731972455978391,raw_teacher_metric:peeq_max,native_within_N_claim_scope
N24,SurfaceT,584387200,raw_teacher_metric:surface_t_proxy,native_within_N_claim_scope
N24,Mises,579944384,raw_teacher_metric:mises_max,native_within_N_claim_scope
N24,U2,4.5551858420367353e-05,raw_teacher_metric:u2_range,native_within_N_claim_scope
N24,PEEQ,0.15633693337440491,raw_teacher_metric:peeq_max,native_within_N_claim_scope
N24,SurfaceT,581939200,raw_teacher_metric:surface_t_proxy,native_within_N_claim_scope
N24,Mises,579943552,raw_teacher_metric:mises_max,native_within_N_claim_scope
N24,U2,8.4792327925242716e-05,raw_teacher_metric:u2_range,native_within_N_claim_scope
N24,PEEQ,0.15266320109367371,raw_teacher_metric:peeq_max,native_within_N_claim_scope
N24,SurfaceT,581897600,raw_teacher_metric:surface_t_proxy,native_within_N_claim_scope
N24,Mises,579943552,raw_teacher_metric:mises_max,native_within_N_claim_scope
N24,U2,5.2914438128937043e-05,raw_teacher_metric:u2_range,native_within_N_claim_scope
N24,PEEQ,0.15403306484222409,raw_teacher_metric:peeq_max,native_within_N_claim_scope
N24,SurfaceT,584860160,raw_teacher_metric:surface_t_proxy,native_within_N_claim_scope
N24,Mises,579944576,raw_teacher_metric:mises_max,native_within_N_claim_scope
N24,U2,4.1717639987837167e-05,raw_teacher_metric:u2_range,native_within_N_claim_scope
N24,PEEQ,0.15587726235389709,raw_teacher_metric:peeq_max,native_within_N_claim_scope
N24,SurfaceT,582083072,raw_teacher_metric:surface_t_proxy,native_within_N_claim_scope
N24,Mises,579944448,raw_teacher_metric:mises_max,native_within_N_claim_scope
N24,U2,6.4662032855267171e-05,raw_teacher_metric:u2_range,native_within_N_claim_scope
N24,PEEQ,0.15593436360359189,raw_teacher_metric:peeq_max,native_within_N_claim_scope
N24,SurfaceT,581858048,raw_teacher_metric:surface_t_proxy,native_within_N_claim_scope
N24,Mises,579943552,raw_teacher_metric:mises_max,native_within_N_claim_scope
N40,U2,5.6084589232341386e-05,raw_teacher_metric:u2_range,native_within_N_claim_scope
N40,PEEQ,0.15406006574630729,raw_teacher_metric:peeq_max,native_within_N_claim_scope
N40,SurfaceT,581998016,raw_teacher_metric:surface_t_proxy,native_within_N_claim_scope
N40,Mises,579927744,raw_teacher_metric:mises_max,native_within_N_claim_scope
N40,U2,5.4322750656865537e-05,raw_teacher_metric:u2_range,native_within_N_claim_scope
N40,PEEQ,0.1546436995267868,raw_teacher_metric:peeq_max,native_within_N_claim_scope
N40,SurfaceT,582622080,raw_teacher_metric:surface_t_proxy,native_within_N_claim_scope
N40,Mises,579927552,raw_teacher_metric:mises_max,native_within_N_claim_scope
N40,U2,4.985593659512233e-05,raw_teacher_metric:u2_range,native_within_N_claim_scope
N40,PEEQ,0.15300226211547849,raw_teacher_metric:peeq_max,native_within_N_claim_scope
N40,SurfaceT,582002560,raw_teacher_metric:surface_t_proxy,native_within_N_claim_scope
N40,Mises,579926528,raw_teacher_metric:mises_max,native_within_N_claim_scope
N40,U2,5.7470881074550562e-05,raw_teacher_metric:u2_range,native_within_N_claim_scope
N40,PEEQ,0.15300221741199491,raw_teacher_metric:peeq_max,native_within_N_claim_scope
N40,SurfaceT,582004608,raw_teacher_metric:surface_t_proxy,native_within_N_claim_scope
N40,Mises,579927552,raw_teacher_metric:mises_max,native_within_N_claim_scope
N40,U2,8.3532852841017302e-05,raw_teacher_metric:u2_range,native_within_N_claim_scope
N40,PEEQ,0.15291300415992731,raw_teacher_metric:peeq_max,native_within_N_claim_scope
N40,SurfaceT,582078528,raw_teacher_metric:surface_t_proxy,native_within_N_claim_scope
N40,Mises,579927552,raw_teacher_metric:mises_max,native_within_N_claim_scope
N40,U2,6.1307609030336607e-05,raw_teacher_metric:u2_range,native_within_N_claim_scope
N40,PEEQ,0.15300339460372919,raw_teacher_metric:peeq_max,native_within_N_claim_scope
N40,SurfaceT,581996352,raw_teacher_metric:surface_t_proxy,native_within_N_claim_scope
N40,Mises,579926528,raw_teacher_metric:mises_max,native_within_N_claim_scope
N40,U2,0.0001220961112267,raw_teacher_metric:u2_range,native_within_N_claim_scope
N40,PEEQ,0.15579709410667419,raw_teacher_metric:peeq_max,native_within_N_claim_scope
N40,SurfaceT,581830016,raw_teacher_metric:surface_t_proxy,native_within_N_claim_scope
N40,Mises,579927488,raw_teacher_metric:mises_max,native_within_N_claim_scope
N40,U2,0.00018247247817269999,raw_teacher_metric:u2_range,native_within_N_claim_scope
N40,PEEQ,0.1579823493957519,raw_teacher_metric:peeq_max,native_within_N_claim_scope
N40,SurfaceT,584379968,raw_teacher_metric:surface_t_proxy,native_within_N_claim_scope
N40,Mises,579926400,raw_teacher_metric:mises_max,native_within_N_claim_scope
N40,U2,6.1412054492393509e-05,raw_teacher_metric:u2_range,native_within_N_claim_scope
N40,PEEQ,0.15300092101097101,raw_teacher_metric:peeq_max,native_within_N_claim_scope
N40,SurfaceT,582007808,raw_teacher_metric:surface_t_proxy,native_within_N_claim_scope
N40,Mises,579926528,raw_teacher_metric:mises_max,native_within_N_claim_scope
N40,U2,6.9961593908374198e-05,raw_teacher_metric:u2_range,native_within_N_claim_scope
N40,PEEQ,0.15305806696414939,raw_teacher_metric:peeq_max,native_within_N_claim_scope
N40,SurfaceT,582033408,raw_teacher_metric:surface_t_proxy,native_within_N_claim_scope
N40,Mises,579927552,raw_teacher_metric:mises_max,native_within_N_claim_scope
N40,U2,8.0850756148720393e-05,raw_teacher_metric:u2_range,native_within_N_claim_scope
N40,PEEQ,0.15317916870117179,raw_teacher_metric:peeq_max,native_within_N_claim_scope
N40,SurfaceT,582157568,raw_teacher_metric:surface_t_proxy,native_within_N_claim_scope
N40,Mises,579927552,raw_teacher_metric:mises_max,native_within_N_claim_scope
N40,U2,5.3563899200526073e-05,raw_teacher_metric:u2_range,native_within_N_claim_scope
N40,PEEQ,0.15257348120212549,raw_teacher_metric:peeq_max,native_within_N_claim_scope
N40,SurfaceT,582035776,raw_teacher_metric:surface_t_proxy,native_within_N_claim_scope
N40,Mises,579926528,raw_teacher_metric:mises_max,native_within_N_claim_scope
N40,U2,9.2313059212756343e-05,raw_teacher_metric:u2_range,native_within_N_claim_scope
N40,PEEQ,0.15626044571399689,raw_teacher_metric:peeq_max,native_within_N_claim_scope
N40,SurfaceT,582445952,raw_teacher_metric:surface_t_proxy,native_within_N_claim_scope
N40,Mises,579927552,raw_teacher_metric:mises_max,native_within_N_claim_scope
N40,U2,6.3426841734326445e-05,raw_teacher_metric:u2_range,native_within_N_claim_scope
N40,PEEQ,0.15300080180168149,raw_teacher_metric:peeq_max,native_within_N_claim_scope
N40,SurfaceT,582009344,raw_teacher_metric:surface_t_proxy,native_within_N_claim_scope
N40,Mises,579926528,raw_teacher_metric:mises_max,native_within_N_claim_scope
N40,U2,4.5779268475598656e-05,raw_teacher_metric:u2_range,native_within_N_claim_scope
N40,PEEQ,0.15535864233970639,raw_teacher_metric:peeq_max,native_within_N_claim_scope
N40,SurfaceT,581956288,raw_teacher_metric:surface_t_proxy,native_within_N_claim_scope
N40,Mises,579927552,raw_teacher_metric:mises_max,native_within_N_claim_scope
N40,U2,0.0002276034210808,raw_teacher_metric:u2_range,native_within_N_claim_scope
N40,PEEQ,0.1646121740341186,raw_teacher_metric:peeq_max,native_within_N_claim_scope
N40,SurfaceT,588338816,raw_teacher_metric:surface_t_proxy,native_within_N_claim_scope
N40,Mises,579926336,raw_teacher_metric:mises_max,native_within_N_claim_scope
N12,U2,2.7269628844806e-05,raw_teacher_metric:u2_range,native_within_N_claim_scope
N12,PEEQ,0.1481368690729141,raw_teacher_metric:peeq_max,native_within_N_claim_scope
N12,SurfaceT,583111104,raw_teacher_metric:surface_t_proxy,native_within_N_claim_scope
N12,Mises,579939520,raw_teacher_metric:mises_max,native_within_N_claim_scope
N12,U2,3.7804537214469747e-05,raw_teacher_metric:u2_range,native_within_N_claim_scope
N12,PEEQ,0.14529086649417869,raw_teacher_metric:peeq_max,native_within_N_claim_scope
N12,SurfaceT,581116416,raw_teacher_metric:surface_t_proxy,native_within_N_claim_scope
N12,Mises,579939520,raw_teacher_metric:mises_max,native_within_N_claim_scope
N12,U2,2.8717314307868943e-05,raw_teacher_metric:u2_range,native_within_N_claim_scope
N12,PEEQ,0.1526945084333419,raw_teacher_metric:peeq_max,native_within_N_claim_scope
N12,SurfaceT,580993088,raw_teacher_metric:surface_t_proxy,native_within_N_claim_scope
N12,Mises,579939776,raw_teacher_metric:mises_max,native_within_N_claim_scope
N12,U2,2.8240926894795848e-05,raw_teacher_metric:u2_range,native_within_N_claim_scope
N12,PEEQ,0.14487138390541071,raw_teacher_metric:peeq_max,native_within_N_claim_scope
N12,SurfaceT,580975168,raw_teacher_metric:surface_t_proxy,native_within_N_claim_scope
N12,Mises,579939584,raw_teacher_metric:mises_max,native_within_N_claim_scope
N12,U2,3.9510150600108318e-05,raw_teacher_metric:u2_range,native_within_N_claim_scope
N12,PEEQ,0.14388865232467651,raw_teacher_metric:peeq_max,native_within_N_claim_scope
N12,SurfaceT,581077632,raw_teacher_metric:surface_t_proxy,native_within_N_claim_scope
N12,Mises,579939584,raw_teacher_metric:mises_max,native_within_N_claim_scope
N12,U2,3.3854955745482584e-05,raw_teacher_metric:u2_range,native_within_N_claim_scope
N12,PEEQ,0.14676021039485929,raw_teacher_metric:peeq_max,native_within_N_claim_scope
N12,SurfaceT,581397376,raw_teacher_metric:surface_t_proxy,native_within_N_claim_scope
N12,Mises,579939584,raw_teacher_metric:mises_max,native_within_N_claim_scope
N12,U2,3.4224802220705897e-05,raw_teacher_metric:u2_range,native_within_N_claim_scope
N12,PEEQ,0.1485162526369094,raw_teacher_metric:peeq_max,native_within_N_claim_scope
N12,SurfaceT,581308096,raw_teacher_metric:surface_t_proxy,native_within_N_claim_scope
N12,Mises,579939520,raw_teacher_metric:mises_max,native_within_N_claim_scope
N12,U2,4.5855686948925722e-05,raw_teacher_metric:u2_range,native_within_N_claim_scope
N12,PEEQ,0.1547912508249282,raw_teacher_metric:peeq_max,native_within_N_claim_scope
N12,SurfaceT,581781312,raw_teacher_metric:surface_t_proxy,native_within_N_claim_scope
N12,Mises,579939712,raw_teacher_metric:mises_max,native_within_N_claim_scope
N12,U2,3.0538531063939445e-05,raw_teacher_metric:u2_range,native_within_N_claim_scope
N12,PEEQ,0.1553616970777511,raw_teacher_metric:peeq_max,native_within_N_claim_scope
N12,SurfaceT,581836736,raw_teacher_metric:surface_t_proxy,native_within_N_claim_scope
N12,Mises,579939712,raw_teacher_metric:mises_max,native_within_N_claim_scope
N12,U2,3.3777578209992498e-05,raw_teacher_metric:u2_range,native_within_N_claim_scope
N12,PEEQ,0.14609675109386441,raw_teacher_metric:peeq_max,native_within_N_claim_scope
N12,SurfaceT,581126592,raw_teacher_metric:surface_t_proxy,native_within_N_claim_scope
N12,Mises,579939584,raw_teacher_metric:mises_max,native_within_N_claim_scope
N12,U2,3.3381434150214773e-05,raw_teacher_metric:u2_range,native_within_N_claim_scope
N12,PEEQ,0.1538974791765213,raw_teacher_metric:peeq_max,native_within_N_claim_scope
N12,SurfaceT,580981824,raw_teacher_metric:surface_t_proxy,native_within_N_claim_scope
N12,Mises,579939840,raw_teacher_metric:mises_max,native_within_N_claim_scope
N12,U2,3.4878033147833776e-05,raw_teacher_metric:u2_range,native_within_N_claim_scope
N12,PEEQ,0.147205114364624,raw_teacher_metric:peeq_max,native_within_N_claim_scope
N12,SurfaceT,580948992,raw_teacher_metric:surface_t_proxy,native_within_N_claim_scope
N12,Mises,579939520,raw_teacher_metric:mises_max,native_within_N_claim_scope
N12,U2,5.5114326187322149e-05,raw_teacher_metric:u2_range,native_within_N_claim_scope
N12,PEEQ,0.1478563249111175,raw_teacher_metric:peeq_max,native_within_N_claim_scope
N12,SurfaceT,580840256,raw_teacher_metric:surface_t_proxy,native_within_N_claim_scope
N12,Mises,579939712,raw_teacher_metric:mises_max,native_within_N_claim_scope
N12,U2,3.2779789307824103e-05,raw_teacher_metric:u2_range,native_within_N_claim_scope
N12,PEEQ,0.14775809645652771,raw_teacher_metric:peeq_max,native_within_N_claim_scope
N12,SurfaceT,581153088,raw_teacher_metric:surface_t_proxy,native_within_N_claim_scope
N12,Mises,579939520,raw_teacher_metric:mises_max,native_within_N_claim_scope
N12,U2,4.401078331284225e-05,raw_teacher_metric:u2_range,native_within_N_claim_scope
N12,PEEQ,0.1430467814207077,raw_teacher_metric:peeq_max,native_within_N_claim_scope
N12,SurfaceT,580873152,raw_teacher_metric:surface_t_proxy,native_within_N_claim_scope
N12,Mises,579939456,raw_teacher_metric:mises_max,native_within_N_claim_scope
N12,U2,2.20100214392005e-05,raw_teacher_metric:u2_range,native_within_N_claim_scope
N12,PEEQ,0.1474265903234481,raw_teacher_metric:peeq_max,native_within_N_claim_scope
N12,SurfaceT,580977664,raw_teacher_metric:surface_t_proxy,native_within_N_claim_scope
N12,Mises,579939520,raw_teacher_metric:mises_max,native_within_N_claim_scope
N16,U2,4.1121586491499329e-05,raw_teacher_metric:u2_range,native_within_N_claim_scope
N16,PEEQ,0.15005730092525479,raw_teacher_metric:peeq_max,native_within_N_claim_scope
N16,SurfaceT,581035776,raw_teacher_metric:surface_t_proxy,native_within_N_claim_scope
N16,Mises,579948352,raw_teacher_metric:mises_max,native_within_N_claim_scope
N16,U2,3.836012751889939e-05,raw_teacher_metric:u2_range,native_within_N_claim_scope
N16,PEEQ,0.14961691200733179,raw_teacher_metric:peeq_max,native_within_N_claim_scope
N16,SurfaceT,580987648,raw_teacher_metric:surface_t_proxy,native_within_N_claim_scope
N16,Mises,579947584,raw_teacher_metric:mises_max,native_within_N_claim_scope
N16,U2,3.6006019399792422e-05,raw_teacher_metric:u2_range,native_within_N_claim_scope
N16,PEEQ,0.15198282897472379,raw_teacher_metric:peeq_max,native_within_N_claim_scope
N16,SurfaceT,580995072,raw_teacher_metric:surface_t_proxy,native_within_N_claim_scope
N16,Mises,579947520,raw_teacher_metric:mises_max,native_within_N_claim_scope
N16,U2,3.5760519494942855e-05,raw_teacher_metric:u2_range,native_within_N_claim_scope
N16,PEEQ,0.15194925665855399,raw_teacher_metric:peeq_max,native_within_N_claim_scope
N16,SurfaceT,581025536,raw_teacher_metric:surface_t_proxy,native_within_N_claim_scope
N16,Mises,579948416,raw_teacher_metric:mises_max,native_within_N_claim_scope
N16,U2,4.457548811842571e-05,raw_teacher_metric:u2_range,native_within_N_claim_scope
N16,PEEQ,0.14779393374919891,raw_teacher_metric:peeq_max,native_within_N_claim_scope
N16,SurfaceT,580909184,raw_teacher_metric:surface_t_proxy,native_within_N_claim_scope
N16,Mises,579947584,raw_teacher_metric:mises_max,native_within_N_claim_scope
N16,U2,4.0970923691929777e-05,raw_teacher_metric:u2_range,native_within_N_claim_scope
N16,PEEQ,0.15208685398101801,raw_teacher_metric:peeq_max,native_within_N_claim_scope
N16,SurfaceT,580944192,raw_teacher_metric:surface_t_proxy,native_within_N_claim_scope
N16,Mises,579947584,raw_teacher_metric:mises_max,native_within_N_claim_scope
N16,U2,4.8803164190758253e-05,raw_teacher_metric:u2_range,native_within_N_claim_scope
N16,PEEQ,0.14987942576408381,raw_teacher_metric:peeq_max,native_within_N_claim_scope
N16,SurfaceT,581036736,raw_teacher_metric:surface_t_proxy,native_within_N_claim_scope
N16,Mises,579948352,raw_teacher_metric:mises_max,native_within_N_claim_scope
N16,U2,4.2832268718484563e-05,raw_teacher_metric:u2_range,native_within_N_claim_scope
N16,PEEQ,0.15023770928382871,raw_teacher_metric:peeq_max,native_within_N_claim_scope
N16,SurfaceT,580893440,raw_teacher_metric:surface_t_proxy,native_within_N_claim_scope
N16,Mises,579947584,raw_teacher_metric:mises_max,native_within_N_claim_scope
N16,U2,3.4670503737288527e-05,raw_teacher_metric:u2_range,native_within_N_claim_scope
N16,PEEQ,0.1563535183668136,raw_teacher_metric:peeq_max,native_within_N_claim_scope
N16,SurfaceT,581031872,raw_teacher_metric:surface_t_proxy,native_within_N_claim_scope
N16,Mises,579948352,raw_teacher_metric:mises_max,native_within_N_claim_scope
N16,U2,4.1541328755556606e-05,raw_teacher_metric:u2_range,native_within_N_claim_scope
N16,PEEQ,0.1533360928297042,raw_teacher_metric:peeq_max,native_within_N_claim_scope
N16,SurfaceT,581906560,raw_teacher_metric:surface_t_proxy,native_within_N_claim_scope
N16,Mises,579948352,raw_teacher_metric:mises_max,native_within_N_claim_scope
N16,U2,4.9206262247025727e-05,raw_teacher_metric:u2_range,native_within_N_claim_scope
N16,PEEQ,0.14887134730815879,raw_teacher_metric:peeq_max,native_within_N_claim_scope
N16,SurfaceT,581384960,raw_teacher_metric:surface_t_proxy,native_within_N_claim_scope
N16,Mises,579948352,raw_teacher_metric:mises_max,native_within_N_claim_scope
N16,U2,4.2977138036803808e-05,raw_teacher_metric:u2_range,native_within_N_claim_scope
N16,PEEQ,0.1483918279409408,raw_teacher_metric:peeq_max,native_within_N_claim_scope
N16,SurfaceT,581084032,raw_teacher_metric:surface_t_proxy,native_within_N_claim_scope
N16,Mises,579948352,raw_teacher_metric:mises_max,native_within_N_claim_scope
N16,U2,4.4194025122124003e-05,raw_teacher_metric:u2_range,native_within_N_claim_scope
N16,PEEQ,0.15278059244155881,raw_teacher_metric:peeq_max,native_within_N_claim_scope
N16,SurfaceT,581709952,raw_teacher_metric:surface_t_proxy,native_within_N_claim_scope
N16,Mises,579948352,raw_teacher_metric:mises_max,native_within_N_claim_scope
N16,U2,3.8387926906580105e-05,raw_teacher_metric:u2_range,native_within_N_claim_scope
N16,PEEQ,0.1514498889446258,raw_teacher_metric:peeq_max,native_within_N_claim_scope
N16,SurfaceT,581611584,raw_teacher_metric:surface_t_proxy,native_within_N_claim_scope
N16,Mises,579948352,raw_teacher_metric:mises_max,native_within_N_claim_scope
N16,U2,3.8903703170944937e-05,raw_teacher_metric:u2_range,native_within_N_claim_scope
N16,PEEQ,0.148825317621231,raw_teacher_metric:peeq_max,native_within_N_claim_scope
N16,SurfaceT,581538432,raw_teacher_metric:surface_t_proxy,native_within_N_claim_scope
N16,Mises,579948352,raw_teacher_metric:mises_max,native_within_N_claim_scope
N16,U2,4.1929234612325672e-05,raw_teacher_metric:u2_range,native_within_N_claim_scope
N16,PEEQ,0.14722539484500879,raw_teacher_metric:peeq_max,native_within_N_claim_scope
N16,SurfaceT,581024192,raw_teacher_metric:surface_t_proxy,native_within_N_claim_scope
N16,Mises,579948352,raw_teacher_metric:mises_max,native_within_N_claim_scope
N24,U2,5.2054501793463714e-05,raw_teacher_metric:u2_range,native_within_N_claim_scope
N24,PEEQ,0.15738242864608759,raw_teacher_metric:peeq_max,native_within_N_claim_scope
N24,SurfaceT,581868672,raw_teacher_metric:surface_t_proxy,native_within_N_claim_scope
N24,Mises,579943616,raw_teacher_metric:mises_max,native_within_N_claim_scope
N24,U2,5.2231637710065122e-05,raw_teacher_metric:u2_range,native_within_N_claim_scope
N24,PEEQ,0.1590837091207504,raw_teacher_metric:peeq_max,native_within_N_claim_scope
N24,SurfaceT,582154880,raw_teacher_metric:surface_t_proxy,native_within_N_claim_scope
N24,Mises,579943552,raw_teacher_metric:mises_max,native_within_N_claim_scope
N24,U2,7.8004538181630778e-05,raw_teacher_metric:u2_range,native_within_N_claim_scope
N24,PEEQ,0.15244936943054199,raw_teacher_metric:peeq_max,native_within_N_claim_scope
N24,SurfaceT,581069440,raw_teacher_metric:surface_t_proxy,native_within_N_claim_scope
N24,Mises,579943488,raw_teacher_metric:mises_max,native_within_N_claim_scope
N24,U2,5.8310456324761617e-05,raw_teacher_metric:u2_range,native_within_N_claim_scope
N24,PEEQ,0.15262061357498169,raw_teacher_metric:peeq_max,native_within_N_claim_scope
N24,SurfaceT,581044032,raw_teacher_metric:surface_t_proxy,native_within_N_claim_scope
N24,Mises,579943552,raw_teacher_metric:mises_max,native_within_N_claim_scope
N40,U2,5.2760911785298958e-05,raw_teacher_metric:u2_range,native_within_N_claim_scope
N40,PEEQ,0.15300221741199491,raw_teacher_metric:peeq_max,native_within_N_claim_scope
N40,SurfaceT,582005760,raw_teacher_metric:surface_t_proxy,native_within_N_claim_scope
N40,Mises,579927488,raw_teacher_metric:mises_max,native_within_N_claim_scope
N40,U2,0.00011715597793219999,raw_teacher_metric:u2_range,native_within_N_claim_scope
N40,PEEQ,0.155797079205513,raw_teacher_metric:peeq_max,native_within_N_claim_scope
N40,SurfaceT,581827520,raw_teacher_metric:surface_t_proxy,native_within_N_claim_scope
N40,Mises,579926464,raw_teacher_metric:mises_max,native_within_N_claim_scope
N40,U2,0.0014464138075709,raw_teacher_metric:u2_range,native_within_N_claim_scope
N40,PEEQ,0.2005163431167602,raw_teacher_metric:peeq_max,native_within_N_claim_scope
N40,SurfaceT,585363712,raw_teacher_metric:surface_t_proxy,native_within_N_claim_scope
N40,Mises,579929728,raw_teacher_metric:mises_max,native_within_N_claim_scope
N40,U2,0.00015276829253700001,raw_teacher_metric:u2_range,native_within_N_claim_scope
N40,PEEQ,0.15908905863761899,raw_teacher_metric:peeq_max,native_within_N_claim_scope
N40,SurfaceT,584628864,raw_teacher_metric:surface_t_proxy,native_within_N_claim_scope
N40,Mises,579927424,raw_teacher_metric:mises_max,native_within_N_claim_scope
N12,U2,2.7831204988615355e-05,raw_teacher_metric:u2_range,native_within_N_claim_scope
N12,PEEQ,0.1452231556177139,raw_teacher_metric:peeq_max,native_within_N_claim_scope
N12,SurfaceT,580966464,raw_teacher_metric:surface_t_proxy,native_within_N_claim_scope
N12,Mises,579939520,raw_teacher_metric:mises_max,native_within_N_claim_scope
N12,U2,2.5023323360073849e-05,raw_teacher_metric:u2_range,native_within_N_claim_scope
N12,PEEQ,0.1451048254966735,raw_teacher_metric:peeq_max,native_within_N_claim_scope
N12,SurfaceT,580956480,raw_teacher_metric:surface_t_proxy,native_within_N_claim_scope
N12,Mises,579939584,raw_teacher_metric:mises_max,native_within_N_claim_scope
N12,U2,3.3495862226118334e-05,raw_teacher_metric:u2_range,native_within_N_claim_scope
N12,PEEQ,0.15194141864776611,raw_teacher_metric:peeq_max,native_within_N_claim_scope
N12,SurfaceT,580952448,raw_teacher_metric:surface_t_proxy,native_within_N_claim_scope
N12,Mises,579939840,raw_teacher_metric:mises_max,native_within_N_claim_scope
N12,U2,2.7044490707339719e-05,raw_teacher_metric:u2_range,native_within_N_claim_scope
N12,PEEQ,0.14597932994365689,raw_teacher_metric:peeq_max,native_within_N_claim_scope
N12,SurfaceT,581018560,raw_teacher_metric:surface_t_proxy,native_within_N_claim_scope
N12,Mises,579939584,raw_teacher_metric:mises_max,native_within_N_claim_scope
N12,U2,2.8113197458878855e-05,raw_teacher_metric:u2_range,native_within_N_claim_scope
N12,PEEQ,0.1472236961126327,raw_teacher_metric:peeq_max,native_within_N_claim_scope
N12,SurfaceT,580991104,raw_teacher_metric:surface_t_proxy,native_within_N_claim_scope
N12,Mises,579939584,raw_teacher_metric:mises_max,native_within_N_claim_scope
N12,U2,2.8934185138496105e-05,raw_teacher_metric:u2_range,native_within_N_claim_scope
N12,PEEQ,0.1512420028448104,raw_teacher_metric:peeq_max,native_within_N_claim_scope
N12,SurfaceT,581187008,raw_teacher_metric:surface_t_proxy,native_within_N_claim_scope
N12,Mises,579939776,raw_teacher_metric:mises_max,native_within_N_claim_scope
N12,U2,3.5088440199615434e-05,raw_teacher_metric:u2_range,native_within_N_claim_scope
N12,PEEQ,0.15476471185684201,raw_teacher_metric:peeq_max,native_within_N_claim_scope
N12,SurfaceT,581279232,raw_teacher_metric:surface_t_proxy,native_within_N_claim_scope
N12,Mises,579939712,raw_teacher_metric:mises_max,native_within_N_claim_scope
N12,U2,2.6060608433908783e-05,raw_teacher_metric:u2_range,native_within_N_claim_scope
N12,PEEQ,0.15014813840389249,raw_teacher_metric:peeq_max,native_within_N_claim_scope
N12,SurfaceT,581001856,raw_teacher_metric:surface_t_proxy,native_within_N_claim_scope
N12,Mises,579939584,raw_teacher_metric:mises_max,native_within_N_claim_scope
N12,U2,2.4175786620617146e-05,raw_teacher_metric:u2_range,native_within_N_claim_scope
N12,PEEQ,0.1465401947498321,raw_teacher_metric:peeq_max,native_within_N_claim_scope
N12,SurfaceT,581169408,raw_teacher_metric:surface_t_proxy,native_within_N_claim_scope
N12,Mises,579939584,raw_teacher_metric:mises_max,native_within_N_claim_scope
N12,U2,3.3265503589063883e-05,raw_teacher_metric:u2_range,native_within_N_claim_scope
N12,PEEQ,0.14767028391361231,raw_teacher_metric:peeq_max,native_within_N_claim_scope
N12,SurfaceT,581078080,raw_teacher_metric:surface_t_proxy,native_within_N_claim_scope
N12,Mises,579939520,raw_teacher_metric:mises_max,native_within_N_claim_scope
N12,U2,3.3568473099876428e-05,raw_teacher_metric:u2_range,native_within_N_claim_scope
N12,PEEQ,0.15371096134185791,raw_teacher_metric:peeq_max,native_within_N_claim_scope
N12,SurfaceT,580913536,raw_teacher_metric:surface_t_proxy,native_within_N_claim_scope
N12,Mises,579939520,raw_teacher_metric:mises_max,native_within_N_claim_scope
N12,U2,3.698998170875712e-05,raw_teacher_metric:u2_range,native_within_N_claim_scope
N12,PEEQ,0.15397469699382779,raw_teacher_metric:peeq_max,native_within_N_claim_scope
N12,SurfaceT,583311936,raw_teacher_metric:surface_t_proxy,native_within_N_claim_scope
N12,Mises,579939712,raw_teacher_metric:mises_max,native_within_N_claim_scope
N12,U2,3.9539973840874161e-05,raw_teacher_metric:u2_range,native_within_N_claim_scope
N12,PEEQ,0.1531052887439727,raw_teacher_metric:peeq_max,native_within_N_claim_scope
N12,SurfaceT,581007104,raw_teacher_metric:surface_t_proxy,native_within_N_claim_scope
N12,Mises,579939456,raw_teacher_metric:mises_max,native_within_N_claim_scope
N12,U2,3.7565706634268281e-05,raw_teacher_metric:u2_range,native_within_N_claim_scope
N12,PEEQ,0.14484956860542289,raw_teacher_metric:peeq_max,native_within_N_claim_scope
N12,SurfaceT,581167168,raw_teacher_metric:surface_t_proxy,native_within_N_claim_scope
N12,Mises,579939520,raw_teacher_metric:mises_max,native_within_N_claim_scope
N16,U2,3.5026993600695278e-05,raw_teacher_metric:u2_range,native_within_N_claim_scope
N16,PEEQ,0.14578714966773981,raw_teacher_metric:peeq_max,native_within_N_claim_scope
N16,SurfaceT,580903872,raw_teacher_metric:surface_t_proxy,native_within_N_claim_scope
N16,Mises,579948416,raw_teacher_metric:mises_max,native_within_N_claim_scope
N16,U2,5.0067147640220362e-05,raw_teacher_metric:u2_range,native_within_N_claim_scope
N16,PEEQ,0.15014833211898801,raw_teacher_metric:peeq_max,native_within_N_claim_scope
N16,SurfaceT,581103680,raw_teacher_metric:surface_t_proxy,native_within_N_claim_scope
N16,Mises,579947456,raw_teacher_metric:mises_max,native_within_N_claim_scope
N16,U2,3.4737099667836446e-05,raw_teacher_metric:u2_range,native_within_N_claim_scope
N16,PEEQ,0.1495949774980545,raw_teacher_metric:peeq_max,native_within_N_claim_scope
N16,SurfaceT,580887040,raw_teacher_metric:surface_t_proxy,native_within_N_claim_scope
N16,Mises,579948672,raw_teacher_metric:mises_max,native_within_N_claim_scope
N16,U2,6.0186331211298238e-05,raw_teacher_metric:u2_range,native_within_N_claim_scope
N16,PEEQ,0.1496336758136749,raw_teacher_metric:peeq_max,native_within_N_claim_scope
N16,SurfaceT,581811456,raw_teacher_metric:surface_t_proxy,native_within_N_claim_scope
N16,Mises,579948352,raw_teacher_metric:mises_max,native_within_N_claim_scope
N16,U2,5.0498146265454125e-05,raw_teacher_metric:u2_range,native_within_N_claim_scope
N16,PEEQ,0.14968481659889221,raw_teacher_metric:peeq_max,native_within_N_claim_scope
N16,SurfaceT,580976192,raw_teacher_metric:surface_t_proxy,native_within_N_claim_scope
N16,Mises,579947520,raw_teacher_metric:mises_max,native_within_N_claim_scope
N16,U2,3.7295596030162415e-05,raw_teacher_metric:u2_range,native_within_N_claim_scope
N16,PEEQ,0.15072040259838099,raw_teacher_metric:peeq_max,native_within_N_claim_scope
N16,SurfaceT,580990080,raw_teacher_metric:surface_t_proxy,native_within_N_claim_scope
N16,Mises,579947520,raw_teacher_metric:mises_max,native_within_N_claim_scope
N16,U2,5.2400754384507309e-05,raw_teacher_metric:u2_range,native_within_N_claim_scope
N16,PEEQ,0.14816346764564511,raw_teacher_metric:peeq_max,native_within_N_claim_scope
N16,SurfaceT,580912128,raw_teacher_metric:surface_t_proxy,native_within_N_claim_scope
N16,Mises,579947520,raw_teacher_metric:mises_max,native_within_N_claim_scope
N16,U2,4.5828892780264141e-05,raw_teacher_metric:u2_range,native_within_N_claim_scope
N16,PEEQ,0.1497713178396225,raw_teacher_metric:peeq_max,native_within_N_claim_scope
N16,SurfaceT,580964096,raw_teacher_metric:surface_t_proxy,native_within_N_claim_scope
N16,Mises,579947456,raw_teacher_metric:mises_max,native_within_N_claim_scope
N16,U2,4.1278223761764821e-05,raw_teacher_metric:u2_range,native_within_N_claim_scope
N16,PEEQ,0.15168964862823481,raw_teacher_metric:peeq_max,native_within_N_claim_scope
N16,SurfaceT,580917440,raw_teacher_metric:surface_t_proxy,native_within_N_claim_scope
N16,Mises,579948416,raw_teacher_metric:mises_max,native_within_N_claim_scope
N16,U2,3.8892545489943593e-05,raw_teacher_metric:u2_range,native_within_N_claim_scope
N16,PEEQ,0.1521060764789581,raw_teacher_metric:peeq_max,native_within_N_claim_scope
N16,SurfaceT,580914432,raw_teacher_metric:surface_t_proxy,native_within_N_claim_scope
N16,Mises,579948416,raw_teacher_metric:mises_max,native_within_N_claim_scope
N16,U2,5.1683539368241327e-05,raw_teacher_metric:u2_range,native_within_N_claim_scope
N16,PEEQ,0.1520113199949264,raw_teacher_metric:peeq_max,native_within_N_claim_scope
N16,SurfaceT,580997312,raw_teacher_metric:surface_t_proxy,native_within_N_claim_scope
N16,Mises,579948352,raw_teacher_metric:mises_max,native_within_N_claim_scope
N16,U2,5.2277757276897319e-05,raw_teacher_metric:u2_range,native_within_N_claim_scope
N16,PEEQ,0.16172726452350611,raw_teacher_metric:peeq_max,native_within_N_claim_scope
N16,SurfaceT,582024768,raw_teacher_metric:surface_t_proxy,native_within_N_claim_scope
N16,Mises,579948416,raw_teacher_metric:mises_max,native_within_N_claim_scope
N16,U2,2.9260778319439851e-05,raw_teacher_metric:u2_range,native_within_N_claim_scope
N16,PEEQ,0.14946840703487391,raw_teacher_metric:peeq_max,native_within_N_claim_scope
N16,SurfaceT,580903232,raw_teacher_metric:surface_t_proxy,native_within_N_claim_scope
N16,Mises,579948416,raw_teacher_metric:mises_max,native_within_N_claim_scope
N16,U2,5.5022419928718591e-05,raw_teacher_metric:u2_range,native_within_N_claim_scope
N16,PEEQ,0.1484406590461731,raw_teacher_metric:peeq_max,native_within_N_claim_scope
N16,SurfaceT,580908480,raw_teacher_metric:surface_t_proxy,native_within_N_claim_scope
N16,Mises,579947584,raw_teacher_metric:mises_max,native_within_N_claim_scope
N24,U2,4.4952665803066338e-05,raw_teacher_metric:u2_range,native_within_N_claim_scope
N24,PEEQ,0.15424378216266629,raw_teacher_metric:peeq_max,native_within_N_claim_scope
N24,SurfaceT,582444480,raw_teacher_metric:surface_t_proxy,native_within_N_claim_scope
N24,Mises,579944384,raw_teacher_metric:mises_max,native_within_N_claim_scope
N24,U2,4.6763470891164616e-05,raw_teacher_metric:u2_range,native_within_N_claim_scope
N24,PEEQ,0.15785546600818631,raw_teacher_metric:peeq_max,native_within_N_claim_scope
N24,SurfaceT,582119488,raw_teacher_metric:surface_t_proxy,native_within_N_claim_scope
N24,Mises,579944448,raw_teacher_metric:mises_max,native_within_N_claim_scope
N40,U2,5.9958483689115383e-05,raw_teacher_metric:u2_range,native_within_N_claim_scope
N40,PEEQ,0.15300081670284271,raw_teacher_metric:peeq_max,native_within_N_claim_scope
N40,SurfaceT,582012928,raw_teacher_metric:surface_t_proxy,native_within_N_claim_scope
N40,Mises,579927488,raw_teacher_metric:mises_max,native_within_N_claim_scope
N40,U2,6.69350556563586e-05,raw_teacher_metric:u2_range,native_within_N_claim_scope
N40,PEEQ,0.15305806696414939,raw_teacher_metric:peeq_max,native_within_N_claim_scope
N40,SurfaceT,582034624,raw_teacher_metric:surface_t_proxy,native_within_N_claim_scope
N40,Mises,579927552,raw_teacher_metric:mises_max,native_within_N_claim_scope
