n,strategy_name,dataset_source,legacy_compatibility_status,metric_semantic_warning,order_json,order_hash,first_track_norm,last_track_norm,normalized_mean_jump,normalized_max_jump,adjacent_jump_count,long_jump_count,parity_switch_rate,monotonicity_fraction,direction_reversal_count,jump_entropy,early_center_bias,late_center_bias,edge_early_count,center_early_count,max_unvisited_gap_proxy_mean_norm,max_unvisited_gap_proxy_max_norm,odd_even_transition_count,mean_signed_jump,jump_std_norm,target_reward_combined204_plus_N32_mapped_u2_primary,target_u2_score_combined204_plus_N32_rank,target_peeq_score_combined204_plus_N32_rank,target_surfaceT_score_combined204_plus_N32_rank,target_mises_score_combined204_plus_N32_rank
12,N12_A01_raster_left_to_right,probe60_run08,NATIVE_STAGE3,False,"[0,1,2,3,4,5,6,7,8,9,10,11]",6c72386511060f50,0.0,1.0,0.09090909090909091,0.09090909090909091,11,0,1.0,1.0,0,-1.000088900581841e-12,0.8181818181818182,0.8181818181818182,3,0,0.4583333333333333,0.9166666666666666,11.0,0.09090909090909091,0.0,0.0842857142857143,0.05714285714285716,0.02857142857142858,0.0,0.8285714285714285
12,N12_A02_odd_even_interlaced,probe60_run08,NATIVE_STAGE3,False,"[0,2,4,6,8,10,1,3,5,7,9,11]",f9b4db52c8f31e01,0.0,1.0,0.23966942148760328,0.8181818181818182,0,1,0.09090909090909091,0.8,2,0.3046360973472382,0.6363636363636364,0.6363636363636364,2,1,0.2847222222222222,0.9166666666666666,1.0,0.09090909090909091,0.18294168281965828,0.6071428571428572,0.7142857142857143,0.6285714285714286,0.08571428571428574,0.17142857142857137
12,N12_A03_greedy_maximin_distance,probe60_run08,NATIVE_STAGE3,False,"[0,11,5,8,2,1,3,4,6,7,9,10]",dc4a3c8c9a841ddc,0.0,0.9090909090909091,0.2975206611570248,1.0,4,3,0.5454545454545454,0.6,4,1.4681399390112087,0.6969696969696969,0.5757575757575758,2,1,0.2986111111111111,0.9166666666666666,6.0,0.08264462809917356,0.27435029211070794,0.23285714285714282,0.2571428571428571,0.22857142857142854,0.11428571428571432,0.17142857142857137
12,N12_A04_method_c_u2_first_engineering,probe60_run08,NATIVE_STAGE3,False,"[0,2,4,6,8,10,5,3,1,7,9,11]",5a7114c76e42484a,0.0,1.0,0.23966942148760328,0.5454545454545454,0,1,0.09090909090909091,0.8,2,0.6001660731566456,0.6363636363636364,0.6363636363636364,2,1,0.2847222222222222,0.9166666666666666,1.0,0.09090909090909091,0.12424211882952817,0.6614285714285714,0.6571428571428571,0.8285714285714285,0.6,0.17142857142857137
12,N12_A05_center_out,probe60_run08,NATIVE_STAGE3,False,"[5,6,4,7,3,8,2,9,1,10,0,11]",c66a9e8f3400221d,0.45454545454545453,1.0,0.5454545454545454,1.0,1,6,0.5454545454545454,0.0,10,2.3978952727873706,0.15151515151515152,0.9393939393939394,0,3,0.25,0.5,6.0,0.04958677685950413,0.2874797872880345,0.19357142857142856,0.0,0.2571428571428571,0.9428571428571428,0.9571428571428572
12,N12_A06_edge_in_alternating,probe60_run08,NATIVE_STAGE3,False,"[0,11,1,10,2,9,3,8,4,7,5,6]",1fcc1c7ac7dd0a02,0.0,0.5454545454545454,0.5454545454545454,1.0,1,6,0.5454545454545454,0.0,10,2.3978952727873706,0.9393939393939394,0.15151515151515152,3,0,0.4583333333333333,0.9166666666666666,6.0,0.04958677685950413,0.2874797872880345,0.24000000000000005,0.1428571428571429,0.0,0.9714285714285714,1.0
12,N12_A07_regular_jump_coprime,probe60_run08,NATIVE_STAGE3,False,"[0,5,10,3,8,1,6,11,4,9,2,7]",498bd38c4551b950,0.0,0.6363636363636364,0.5206611570247934,0.6363636363636364,0,4,1.0,0.2,8,0.6554817738993928,0.6363636363636364,0.5151515151515151,2,1,0.23611111111111113,0.9166666666666666,11.0,0.05785123966942149,0.08746285325833357,0.44214285714285717,0.4,0.48571428571428577,0.5142857142857142,0.6714285714285715
12,N12_A08_block_interleaved_quarters,probe60_run08,NATIVE_STAGE3,False,"[0,3,6,9,1,4,7,10,2,5,8,11]",6ca5ab9081431f7c,0.0,1.0,0.35537190082644626,0.7272727272727273,0,2,0.8181818181818182,0.6,4,0.47413931305583734,0.5151515151515151,0.5151515151515151,1,2,0.25,0.9166666666666666,9.0,0.09090909090909091,0.17531573087269772,0.8071428571428572,0.8857142857142857,0.9142857142857143,0.4,0.17142857142857137
12,N12_A09_center_edge_alternating,probe60_run08,NATIVE_STAGE3,False,"[5,0,6,11,4,1,7,10,3,2,8,9]",1ec59ebbeed53e75,0.45454545454545453,0.8181818181818182,0.4132231404958678,0.6363636363636364,2,5,0.7272727272727273,0.5,5,1.5941666991130168,0.393939393939394,0.5757575757575758,1,2,0.2708333333333333,0.5,8.0,0.03305785123966942,0.19133614715355743,0.2328571428571429,0.11428571428571432,0.08571428571428574,1.0,0.8285714285714285
12,N12_A10_graph_pointer_policy_zero_shot_or_proxy_best,probe60_run08,NATIVE_STAGE3,False,"[0,11,2,5,4,8,6,1,10,3,7,9]",e60e17734f8cfcc1,0.0,0.8181818181818182,0.47107438016528924,1.0,1,4,0.6363636363636364,0.2,8,2.019814992484946,0.8787878787878788,0.45454545454545453,3,0,0.3333333333333333,0.9166666666666666,7.0,0.0743801652892562,0.28961017302372283,0.4457142857142858,0.48571428571428577,0.37142857142857144,0.1428571428571429,0.8285714285714285
12,N12_A11_graph_pointer_policy_diverse_01,probe60_run08,NATIVE_STAGE3,False,"[0,5,11,10,1,3,8,2,9,6,4,7]",801d2181009bc9f4,0.0,0.6363636363636364,0.4049586776859504,0.8181818181818182,1,4,0.6363636363636364,0.4,6,1.8937882323841375,0.6969696969696969,0.21212121212121213,2,1,0.2916666666666667,0.9166666666666666,7.0,0.05785123966942149,0.21360079311272867,0.3342857142857143,0.37142857142857144,0.11428571428571432,0.4571428571428572,0.48571428571428577
12,N12_A12_graph_pointer_policy_diverse_02,probe60_run08,NATIVE_STAGE3,False,"[4,7,3,8,2,9,1,10,0,11,5,6]",d2e8291eb55a3dd6,0.36363636363636365,0.5454545454545454,0.5785123966942148,1.0,1,7,0.5454545454545454,0.0,10,2.2718685126865625,0.3333333333333333,0.393939393939394,0,3,0.2222222222222222,0.5833333333333334,6.0,0.01652892561983471,0.26368687824039366,0.1692857142857143,0.02857142857142858,0.17142857142857137,0.6857142857142857,0.9571428571428572
12,N12_A13_graph_pointer_policy_anti_odd_even_novelty,probe60_run08,NATIVE_STAGE3,False,"[1,10,3,8,5,6,7,4,9,2,11,0]",b438a8d2342f06ce,0.09090909090909091,0.0,0.5041322314049587,1.0,2,5,1.0,0.1,9,1.7677614722833295,0.6969696969696969,0.8787878787878788,2,1,0.25,0.8333333333333334,11.0,-0.008264462809917356,0.29102176630841337,0.4978571428571429,0.34285714285714286,1.0,0.48571428571428577,0.5285714285714286
12,N12_A14_graph_pointer_policy_u2first_proxy,probe60_run08,NATIVE_STAGE3,False,"[0,5,2,6,4,7,8,3,10,1,9,11]",c11d4ef7da73358e,0.0,1.0,0.4049586776859504,0.8181818181818182,1,3,0.6363636363636364,0.2,8,2.0198149924849456,0.5757575757575758,0.8181818181818182,2,1,0.3194444444444445,0.9166666666666666,7.0,0.09090909090909091,0.2272351584275623,0.26785714285714285,0.17142857142857137,0.3142857142857143,0.5714285714285714,0.7285714285714286
12,N12_A15_graph_pointer_policy_balanced_dispersion_proxy,probe60_run08,NATIVE_STAGE3,False,"[0,5,11,6,4,8,7,2,3,1,9,10]",55028c9f58c80c6e,0.0,0.9090909090909091,0.3305785123966942,0.7272727272727273,3,2,0.5454545454545454,0.4,6,1.6726254461443206,0.6969696969696969,0.7575757575757577,2,1,0.2986111111111111,0.9166666666666666,6.0,0.08264462809917356,0.20611510600561858,0.31571428571428567,0.19999999999999996,0.2857142857142857,0.8285714285714285,0.9142857142857143
16,N16_A01_raster_left_to_right,probe60_run08,NATIVE_STAGE3,False,"[0,1,2,3,4,5,6,7,8,9,10,11,12,13,14,15]",1daa17d3aff83166,0.0,1.0,0.06666666666666667,0.06666666666666667,15,0,1.0,1.0,0,-1.000088900581841e-12,0.8,0.8,4,0,0.46875,0.9375,15.0,0.06666666666666667,0.0,0.05785714285714287,0.05714285714285716,0.02857142857142858,0.0,0.30000000000000004
16,N16_A02_odd_even_interlaced,probe60_run08,NATIVE_STAGE3,False,"[0,2,4,6,8,10,12,14,1,3,5,7,9,11,13,15]",fad520b727cbc4ef,0.0,1.0,0.18222222222222223,0.8666666666666667,0,1,0.06666666666666667,0.8571428571428571,2,0.24493002679263537,0.6,0.6,2,2,0.27734375,0.9375,1.0,0.06666666666666667,0.1829254722422816,0.6571428571428571,0.7714285714285715,0.5714285714285714,0.05714285714285716,0.7142857142857143
16,N16_A03_greedy_maximin_distance,probe60_run08,NATIVE_STAGE3,False,"[0,15,7,11,3,5,9,13,1,2,4,6,8,10,12,14]",56a9b78cb5be7ceb,0.0,0.9333333333333333,0.3111111111111111,1.0,1,4,0.13333333333333333,0.5714285714285714,6,1.487816716395449,0.6333333333333333,0.4666666666666667,2,2,0.234375,0.9375,2.0,0.06222222222222222,0.2707100859171744,0.7485714285714286,0.8857142857142857,0.6,0.2857142857142857,0.48571428571428577
16,N16_A04_method_c_u2_first_engineering,probe60_run08,NATIVE_STAGE3,False,"[0,2,4,6,8,10,12,14,7,5,3,1,9,11,13,15]",6972db688a18972f,0.0,1.0,0.18222222222222223,0.5333333333333333,0,1,0.06666666666666667,0.8571428571428571,2,0.48509409129921155,0.6,0.6,2,2,0.27734375,0.9375,1.0,0.06666666666666667,0.1252355804764922,0.7092857142857144,0.7428571428571429,0.7714285714285715,0.6571428571428571,0.12857142857142856
16,N16_A05_center_out,probe60_run08,NATIVE_STAGE3,False,"[7,8,6,9,5,10,4,11,3,12,2,13,1,14,0,15]",64f300b0e47dfb17,0.4666666666666667,1.0,0.5333333333333333,1.0,1,8,0.5333333333333333,0.0,14,2.708050201087209,0.13333333333333333,0.9333333333333333,0,4,0.25,0.5,8.0,0.035555555555555556,0.28803291992923824,0.13357142857142856,0.0,0.19999999999999996,0.4571428571428572,0.9571428571428572
16,N16_A06_edge_in_alternating,probe60_run08,NATIVE_STAGE3,False,"[0,15,1,14,2,13,3,12,4,11,5,10,6,9,7,8]",a72ff7c67a8bc80c,0.0,0.5333333333333333,0.5333333333333333,1.0,1,8,0.5333333333333333,0.0,14,2.708050201087209,0.9333333333333333,0.13333333333333333,4,0,0.46875,0.9375,8.0,0.035555555555555556,0.28803291992923824,0.19000000000000003,0.1428571428571429,0.0,0.6285714285714286,0.6857142857142857
16,N16_A07_regular_jump_coprime,probe60_run08,NATIVE_STAGE3,False,"[0,5,10,15,4,9,14,3,8,13,2,7,12,1,6,11]",8c81a615c58f7371,0.0,0.7333333333333333,0.44,0.7333333333333333,0,4,1.0,0.42857142857142855,8,0.5799151714161009,0.6666666666666666,0.5333333333333333,2,2,0.234375,0.9375,15.0,0.048888888888888885,0.17688665548562132,0.2,0.02857142857142858,0.22857142857142854,0.8571428571428572,1.0
16,N16_A08_block_interleaved_quarters,probe60_run08,NATIVE_STAGE3,False,"[0,4,8,12,1,5,9,13,2,6,10,14,3,7,11,15]",43708ef7c60d038d,0.0,1.0,0.36000000000000004,0.7333333333333333,0,3,0.2,0.5714285714285714,6,0.5004024235361879,0.5333333333333333,0.5333333333333333,2,2,0.22265625,0.9375,3.0,0.06666666666666667,0.18666666666666665,0.41857142857142865,0.2857142857142857,0.8571428571428572,0.37142857142857144,0.48571428571428577
16,N16_A09_center_edge_alternating,probe60_run08,NATIVE_STAGE3,False,"[7,0,8,15,6,1,9,14,5,2,10,13,4,3,11,12]",4f8037b2b310b897,0.4666666666666667,0.8,0.40444444444444444,0.6,2,7,0.7333333333333333,0.5,7,1.7489707507653132,0.5333333333333333,0.5333333333333333,2,2,0.265625,0.5,11.0,0.02222222222222222,0.18453812881801507,0.2364285714285715,0.11428571428571432,0.08571428571428574,1.0,0.9
16,N16_A10_graph_pointer_policy_zero_shot_or_proxy_best,probe60_run08,NATIVE_STAGE3,False,"[0,15,2,7,4,11,6,3,8,5,10,9,12,13,14,1]",30716509d8b90a1b,0.0,0.06666666666666667,0.3688888888888889,1.0,3,3,1.0,0.21428571428571427,11,1.6565511266906536,0.7,0.7666666666666666,3,1,0.3125,0.9375,15.0,0.0044444444444444444,0.2940059628185107,0.3757142857142857,0.34285714285714286,0.1428571428571429,0.9714285714285714,0.5428571428571429
16,N16_A11_graph_pointer_policy_diverse_01,probe60_run08,NATIVE_STAGE3,False,"[0,5,15,10,1,14,4,2,9,13,3,12,8,11,7,6]",c387a672de7920e0,0.0,0.4,0.4266666666666667,0.8666666666666667,1,6,0.5333333333333333,0.35714285714285715,9,2.083766037476647,0.6666666666666666,0.2,2,2,0.27734375,0.9375,8.0,0.02666666666666667,0.22939534045447005,0.19928571428571426,0.17142857142857137,0.05714285714285716,0.3142857142857143,0.9
16,N16_A12_graph_pointer_policy_diverse_02,probe60_run08,NATIVE_STAGE3,False,"[9,5,10,4,11,3,12,2,13,1,14,0,15,7,8,6]",6ecae066c91e28f0,0.6,0.4,0.5555555555555556,1.0,1,9,0.4666666666666667,0.0,14,2.61563057701355,0.3333333333333333,0.3333333333333333,0,4,0.21875,0.5625,7.0,-0.013333333333333334,0.2739739556875101,0.2435714285714286,0.08571428571428574,0.34285714285714286,0.7142857142857143,0.9571428571428572
16,N16_A13_graph_pointer_policy_anti_odd_even_novelty,probe60_run08,NATIVE_STAGE3,False,"[1,14,3,12,5,10,7,8,9,6,11,4,13,2,15,0]",48eebad5cd80fae2,0.06666666666666667,0.0,0.5022222222222222,1.0,2,7,1.0,0.07142857142857142,13,2.0611128325715944,0.7333333333333334,0.8666666666666667,4,0,0.25,0.875,15.0,-0.0044444444444444444,0.2899467809831127,0.4935714285714286,0.37142857142857144,0.7428571428571429,0.8857142857142857,0.30000000000000004
16,N16_A14_graph_pointer_policy_u2first_proxy,probe60_run08,NATIVE_STAGE3,False,"[0,7,2,8,4,6,9,5,10,12,14,11,1,3,13,15]",b891410a097978f9,0.0,1.0,0.2977777777777778,0.6666666666666666,0,2,0.3333333333333333,0.42857142857142855,8,1.8018924006518724,0.4666666666666667,0.8,2,2,0.30078125,0.9375,5.0,0.06666666666666667,0.1769982911265767,0.33928571428571436,0.3142857142857143,0.2857142857142857,0.4,0.7571428571428571
16,N16_A15_graph_pointer_policy_balanced_dispersion_proxy,probe60_run08,NATIVE_STAGE3,False,"[0,7,15,8,6,11,9,3,5,10,4,13,1,2,12,14]",f6d022e6fb892246,0.0,0.9333333333333333,0.3733333333333333,0.8,1,4,0.4,0.42857142857142855,8,2.0611128325705943,0.5333333333333333,0.7666666666666666,2,2,0.26953125,0.9375,6.0,0.06222222222222222,0.214717730296554,0.275,0.22857142857142854,0.2571428571428571,0.4285714285714286,0.6428571428571428
24,N24_A01_raster_left_to_right,probe60_run08,NATIVE_STAGE3,False,"[0,1,2,3,4,5,6,7,8,9,10,11,12,13,14,15,16,17,18,19,20,21,22,23]",18426c50a6e7bb9f,0.0,1.0,0.043478260869565216,0.043478260869565216,23,0,1.0,1.0,0,-1.000088900581841e-12,0.7826086956521738,0.7826086956521738,6,0,0.4791666666666667,0.9583333333333334,23.0,0.043478260869565216,0.0,0.06384615384615382,0.0461538461538461,0.0,0.06153846153846154,0.5538461538461539
24,N24_A02_odd_even_interlaced,probe60_run08,NATIVE_STAGE3,False,"[0,2,4,6,8,10,12,14,16,18,20,22,1,3,5,7,9,11,13,15,17,19,21,23]",ff7957b4d9613257,0.0,1.0,0.1228733459357278,0.9130434782608695,0,1,0.043478260869565216,0.9090909090909091,2,0.17884491271484756,0.5652173913043478,0.5652173913043478,3,3,0.2690972222222222,0.9583333333333334,1.0,0.043478260869565216,0.1684648382545277,0.5261538461538462,0.523076923076923,0.676923076923077,0.1384615384615384,0.7384615384615385
24,N24_A03_greedy_maximin_distance,probe60_run08,NATIVE_STAGE3,False,"[0,23,11,17,5,8,14,20,2,1,3,4,6,7,9,10,12,13,15,16,18,19,21,22]",1325c4833a0530e3,0.0,0.9565217391304348,0.20415879017013233,1.0,8,4,0.43478260869565216,0.7272727272727273,6,1.6164057548808413,0.5652173913043478,0.608695652173913,3,3,0.19791666666666666,0.9583333333333334,10.0,0.04158790170132325,0.25430776431745444,0.1819230769230769,0.15384615384615385,0.18461538461538463,0.27692307692307694,0.34615384615384615
24,N24_A04_method_c_u2_first_engineering,probe60_run08,NATIVE_STAGE3,False,"[0,2,4,6,8,10,12,14,16,18,20,22,11,9,7,5,3,1,13,15,17,19,21,23]",4dc7cd260129998e,0.0,1.0,0.1228733459357278,0.5217391304347826,0,1,0.043478260869565216,0.9090909090909091,2,0.355712859743894,0.5652173913043478,0.5652173913043478,3,3,0.2690972222222222,0.9583333333333334,1.0,0.043478260869565216,0.11656022691469184,0.8126923076923077,0.8923076923076922,0.7230769230769231,0.7692307692307692,0.22307692307692306
24,N24_A05_center_out,probe60_run08,NATIVE_STAGE3,False,"[11,12,10,13,9,14,8,15,7,16,6,17,5,18,4,19,3,20,2,21,1,22,0,23]",9b0fde49fdd9e2b8,0.4782608695652174,1.0,0.5217391304347826,1.0,1,12,0.5217391304347826,0.0,22,3.135494215906148,0.13043478260869565,0.9130434782608695,0,6,0.25,0.5,12.0,0.02268431001890359,0.28840215568307825,0.04653846153846154,0.0,0.06153846153846154,0.03076923076923077,0.6230769230769231
24,N24_A06_edge_in_alternating,probe60_run08,NATIVE_STAGE3,False,"[0,23,1,22,2,21,3,20,4,19,5,18,6,17,7,16,8,15,9,14,10,13,11,12]",c21e508f54e9f347,0.0,0.5217391304347826,0.5217391304347826,1.0,1,12,0.5217391304347826,0.0,22,3.135494215906148,0.9130434782608695,0.13043478260869565,6,0,0.4791666666666667,0.9583333333333334,12.0,0.02268431001890359,0.28840215568307825,0.10307692307692304,0.07692307692307687,0.01538461538461533,0.0,1.0
24,N24_A07_regular_jump_coprime,probe60_run08,NATIVE_STAGE3,False,"[0,11,22,9,20,7,18,5,16,3,14,1,12,23,10,21,8,19,6,17,4,15,2,13]",f03ff3aae9c73efb,0.0,0.5652173913043478,0.5160680529300568,0.5652173913043478,0,10,1.0,0.09090909090909091,20,0.6846162777993048,0.5507246376811594,0.47826086956521735,3,3,0.1840277777777778,0.9583333333333334,23.0,0.024574669187145556,0.04310682136480673,0.3107692307692308,0.24615384615384617,0.2615384615384615,0.49230769230769234,0.9846153846153847
24,N24_A08_block_interleaved_quarters,probe60_run08,NATIVE_STAGE3,False,"[0,6,12,18,1,7,13,19,2,8,14,20,3,9,15,21,4,10,16,22,5,11,17,23]",842dbb9630f26519,0.0,1.0,0.3648393194706995,0.7391304347826086,0,5,0.21739130434782608,0.5454545454545454,10,0.5235863374792598,0.5652173913043478,0.5652173913043478,3,3,0.19270833333333334,0.9583333333333334,5.0,0.043478260869565216,0.1972687387250596,0.21423076923076917,0.01538461538461533,0.7076923076923076,0.23076923076923073,0.7923076923076923
24,N24_A09_center_edge_alternating,probe60_run08,NATIVE_STAGE3,False,"[11,0,12,23,10,1,13,22,9,2,14,21,8,3,15,20,7,4,16,19,6,5,17,18]",b7421d003456ce11,0.4782608695652174,0.782608695652174,0.3950850661625709,0.5652173913043478,2,11,0.7391304347826086,0.5,11,1.9565588879099245,0.5217391304347826,0.5217391304347826,3,3,0.2604166666666667,0.5,17.0,0.013232514177693763,0.17714995418426618,0.14269230769230767,0.03076923076923077,0.0461538461538461,0.7384615384615385,0.7923076923076923
24,N24_A10_graph_pointer_policy_zero_shot_or_proxy_best,probe60_run08,NATIVE_STAGE3,False,"[0,23,2,11,4,17,6,5,8,10,14,12,20,16,1,18,3,22,7,9,13,15,19,21]",f26fb768ffe81f14,0.0,0.9130434782608695,0.38374291115311904,1.0,1,8,0.5652173913043478,0.36363636363636365,14,2.40122448232148,0.6666666666666666,0.4202898550724638,4,2,0.24131944444444445,0.9583333333333334,12.999999999999998,0.03969754253308128,0.29811389620725015,0.47192307692307695,0.3538461538461538,0.8,0.36923076923076925,0.9
24,N24_A11_graph_pointer_policy_diverse_01,probe60_run08,NATIVE_STAGE3,False,"[0,11,23,22,1,9,20,2,7,21,18,3,5,16,4,19,14,12,6,17,10,8,15,13]",f6177897a3f852d2,0.0,0.5652173913043478,0.3799621928166352,0.9130434782608695,1,7,0.5652173913043478,0.4090909090909091,13,2.412210201418815,0.681159420289855,0.30434782608695654,4,2,0.2534722222222222,0.9583333333333334,12.999999999999998,0.024574669187145556,0.23993416787870903,0.26461538461538464,0.27692307692307694,0.23076923076923073,0.01538461538461533,0.7384615384615385
24,N24_A12_graph_pointer_policy_diverse_02,probe60_run08,NATIVE_STAGE3,False,"[9,14,8,15,7,16,6,17,5,18,4,19,3,20,2,21,1,22,0,23,11,12,10,13]",4dadd6fd0a222e87,0.391304347826087,0.5652173913043478,0.5368620037807184,1.0,1,13,0.5217391304347826,0.0,22,3.0752205480323704,0.30434782608695654,0.3913043478260869,0,6,0.2152777777777778,0.5833333333333334,12.0,0.007561436672967864,0.27872382791026923,0.1753846153846154,0.06153846153846154,0.2153846153846154,0.5538461538461539,0.7384615384615385
24,N24_A13_graph_pointer_policy_anti_odd_even_novelty,probe60_run08,NATIVE_STAGE3,False,"[1,22,3,20,5,18,7,16,9,14,11,12,13,10,15,8,17,6,19,4,21,2,23,0]",680bdc7b04a6b971,0.043478260869565216,0.0,0.500945179584121,1.0,2,11,1.0,0.045454545454545456,21,2.4724838692945927,0.7391304347826088,0.8260869565217391,6,0,0.25,0.9166666666666666,23.0,-0.001890359168241966,0.28921877503070365,0.36076923076923073,0.2615384615384615,0.3538461538461538,0.9230769230769231,0.5538461538461539
24,N24_A14_graph_pointer_policy_u2first_proxy,probe60_run08,NATIVE_STAGE3,False,"[0,11,2,12,4,10,6,13,8,9,14,15,16,7,18,20,22,17,1,5,3,19,21,23]",ee5f339ba54f8841,0.0,1.0,0.2627599243856333,0.6956521739130435,3,2,0.4782608695652174,0.36363636363636365,14,2.2579272272808137,0.4492753623188406,0.7826086956521738,3,3,0.2899305555555555,0.9583333333333334,11.0,0.043478260869565216,0.1933718238570045,0.2196153846153846,0.1384615384615384,0.3384615384615385,0.5076923076923077,0.22307692307692306
24,N24_A15_graph_pointer_policy_balanced_dispersion_proxy,probe60_run08,NATIVE_STAGE3,False,"[0,11,23,12,10,17,13,5,9,8,14,20,15,2,7,1,16,3,6,4,18,19,21,22]",3600acf9c1984f46,0.0,0.9565217391304348,0.28733459357277885,0.6521739130434783,3,5,0.5217391304347826,0.36363636363636365,14,2.464507779286038,0.4492753623188406,0.6811594202898551,2,4,0.22743055555555555,0.9583333333333334,12.0,0.04158790170132325,0.19601484153974624,0.14653846153846156,0.09230769230769231,0.10769230769230764,0.3384615384615385,0.6230769230769231
40,N40_A01_raster_left_to_right,probe60_run08,NATIVE_STAGE3,False,"[0,1,2,3,4,5,6,7,8,9,10,11,12,13,14,15,16,17,18,19,20,21,22,23,24,25,26,27,28,29,30,31,32,33,34,35,36,37,38,39]",f5034aa124c211cf,0.0,1.0,0.02564102564102564,0.02564102564102564,39,0,1.0,1.0,0,-1.000088900581841e-12,0.7692307692307693,0.7692307692307693,10,0,0.4875,0.975,39.0,0.02564102564102564,0.0,0.12230769230769227,0.1384615384615384,0.01538461538461533,0.27692307692307694,0.03076923076923077
40,N40_A02_odd_even_interlaced,probe60_run08,NATIVE_STAGE3,False,"[0,2,4,6,8,10,12,14,16,18,20,22,24,26,28,30,32,34,36,38,1,3,5,7,9,11,13,15,17,19,21,23,25,27,29,31,33,35,37,39]",522e90187bad2d35,0.0,1.0,0.07429322813938198,0.9487179487179487,0,1,0.02564102564102564,0.9473684210526315,2,0.11924692639424495,0.5384615384615385,0.5384615384615385,5,5,0.26187499999999997,0.975,1.0,0.02564102564102564,0.14185042084412502,0.64,0.7538461538461538,0.6307692307692307,0.19999999999999996,0.07692307692307687
40,N40_A03_greedy_maximin_distance,probe60_run08,NATIVE_STAGE3,False,"[0,39,19,29,9,14,24,34,4,2,6,11,16,21,26,31,36,1,3,5,7,8,10,12,13,15,17,18,20,22,23,25,27,28,30,32,33,35,37,38]",5332e325de09375f,0.0,0.9743589743589743,0.16568047337278108,1.0,7,5,0.41025641025641024,0.7894736842105263,8,1.707502854588977,0.6,0.5794871794871794,6,4,0.14125000000000001,0.975,16.0,0.024983563445101907,0.2386940927245334,0.4380769230769231,0.4461538461538461,0.4769230769230769,0.36923076923076925,0.3153846153846154
40,N40_A04_method_c_u2_first_engineering,probe60_run08,NATIVE_STAGE3,False,"[0,2,4,6,8,10,12,14,16,18,20,22,24,26,28,30,32,34,36,38,19,17,15,13,11,9,7,5,3,1,21,23,25,27,29,31,33,35,37,39]",84ad1397c6a56de4,0.0,1.0,0.07429322813938198,0.5128205128205128,0,1,0.02564102564102564,0.9473684210526315,2,0.23781901105392073,0.5384615384615385,0.5384615384615385,5,5,0.26187499999999997,0.975,1.0,0.02564102564102564,0.09901738644884472,0.8288461538461539,0.8615384615384616,0.8307692307692307,0.8461538461538461,0.3615384615384616
40,N40_A05_center_out,probe60_run08,NATIVE_STAGE3,False,"[19,20,18,21,17,22,16,23,15,24,14,25,13,26,12,27,11,28,10,29,9,30,8,31,7,32,6,33,5,34,4,35,3,36,2,37,1,38,0,39]",9ca2e0c168242df1,0.48717948717948717,1.0,0.5128205128205128,1.0,1,20,0.5128205128205128,0.0,38,3.663561646090648,0.12820512820512822,0.8974358974358975,0,10,0.25,0.5,20.0,0.013149243918474687,0.28858022249801935,0.09153846153846151,0.0461538461538461,0.0461538461538461,0.12307692307692308,0.8
40,N40_A06_edge_in_alternating,probe60_run08,NATIVE_STAGE3,False,"[0,39,1,38,2,37,3,36,4,35,5,34,6,33,7,32,8,31,9,30,10,29,11,28,12,27,13,26,14,25,15,24,16,23,17,22,18,21,19,20]",f12813d8f0730ac8,0.0,0.5128205128205128,0.5128205128205128,1.0,1,20,0.5128205128205128,0.0,38,3.663561646090648,0.8974358974358975,0.12820512820512822,10,0,0.4875,0.975,20.0,0.013149243918474687,0.28858022249801935,0.10846153846153846,0.12307692307692308,0.0,0.0461538461538461,0.4769230769230769
40,N40_A07_regular_jump_coprime,probe60_run08,NATIVE_STAGE3,False,"[0,13,26,39,12,25,38,11,24,37,10,23,36,9,22,35,8,21,34,7,20,33,6,19,32,5,18,31,4,17,30,3,16,29,2,15,28,1,14,27]",ad1ca53bc33524e9,0.0,0.6923076923076923,0.4437869822485207,0.6923076923076923,0,12,1.0,0.3684210526315789,24,0.6172417697283417,0.5846153846153845,0.5230769230769231,4,6,0.195,0.975,39.0,0.01775147928994083,0.16568047337278108,0.11461538461538462,0.0,0.3076923076923077,0.03076923076923077,1.0
40,N40_A08_block_interleaved_quarters,probe60_run08,NATIVE_STAGE3,False,"[0,10,20,30,1,11,21,31,2,12,22,32,3,13,23,33,4,14,24,34,5,15,25,35,6,16,26,36,7,17,27,37,8,18,28,38,9,19,29,39]",81514869fb3fd601,0.0,1.0,0.368836291913215,0.7435897435897436,0,9,0.23076923076923078,0.5263157894736842,18,0.5402041423868609,0.5384615384615385,0.5384615384615385,5,5,0.166875,0.975,9.0,0.02564102564102564,0.20526091898615695,0.1969230769230769,0.01538461538461533,0.6615384615384615,0.06153846153846154,0.9692307692307692
40,N40_A09_center_edge_alternating,probe60_run08,NATIVE_STAGE3,False,"[19,0,20,39,18,1,21,38,17,2,22,37,16,3,23,36,15,4,24,35,14,5,25,34,13,6,26,33,12,7,27,32,11,8,28,31,10,9,29,30]",087963cd44493129,0.48717948717948717,0.7692307692307693,0.38724523339907957,0.5384615384615384,2,19,0.7435897435897436,0.5,19,2.2106432938826375,0.5128205128205128,0.5128205128205129,5,5,0.25625,0.5,29.0,0.007232084155161078,0.1709528139763881,0.1,0.03076923076923077,0.07692307692307687,0.15384615384615385,0.9846153846153847
40,N40_A10_graph_pointer_policy_zero_shot_or_proxy_best,probe60_run08,NATIVE_STAGE3,False,"[0,39,2,19,4,29,6,9,8,14,10,24,12,34,16,18,20,11,22,21,26,28,31,30,36,32,1,3,5,38,7,13,15,17,23,25,27,33,35,37]",43a9996b607d3f43,0.0,0.9487179487179487,0.2702169625246548,1.0,3,8,0.4358974358974359,0.3684210526315789,24,2.589747350922042,0.6307692307692307,0.4564102564102564,7,3,0.184375,0.975,17.0,0.02432610124917817,0.2871070488290966,0.4507692307692308,0.36923076923076925,0.6923076923076923,0.32307692307692304,0.8
40,N40_A11_graph_pointer_policy_diverse_01,probe60_run08,NATIVE_STAGE3,False,"[0,13,39,26,1,38,12,2,25,37,3,11,36,24,4,35,10,5,23,34,6,9,33,22,7,32,8,21,31,30,20,29,19,28,27,18,14,17,15,16]",4d1c2c247e9477f2,0.0,0.41025641025641024,0.38527284681130836,0.9487179487179487,3,14,0.5641025641025641,0.3684210526315789,24,2.947937612964785,0.7025641025641025,0.22564102564102564,6,4,0.24375,0.975,22.0,0.010519395134779749,0.25166464316118653,0.1273076923076923,0.10769230769230764,0.06153846153846154,0.09230769230769231,0.7153846153846154
40,N40_A12_graph_pointer_policy_diverse_02,probe60_run08,NATIVE_STAGE3,False,"[15,24,14,25,13,26,12,27,11,28,10,29,9,30,8,31,7,32,6,33,5,34,4,35,3,36,2,37,1,38,0,39,19,20,18,21,17,22,16,23]",862671bb6da1dced,0.38461538461538464,0.5897435897435898,0.5207100591715976,1.0,1,21,0.5128205128205128,0.0,38,3.628015636832164,0.33333333333333337,0.28205128205128205,0,10,0.215,0.6,20.0,0.0052596975673898745,0.2842336136912201,0.16076923076923078,0.06153846153846154,0.10769230769230764,0.523076923076923,0.9384615384615385
40,N40_A13_graph_pointer_policy_anti_odd_even_novelty,probe60_run08,NATIVE_STAGE3,False,"[1,38,3,36,5,34,7,32,9,30,11,28,13,26,15,24,17,22,19,20,21,18,23,16,25,14,27,12,29,10,31,8,33,6,35,4,37,2,39,0]",5282f75291b71db8,0.02564102564102564,0.0,0.5003287310979619,1.0,2,19,1.0,0.02631578947368421,37,2.988187470179443,0.7435897435897436,0.7948717948717949,10,0,0.25,0.95,39.0,-0.0006574621959237343,0.28886467818314604,0.47461538461538466,0.49230769230769234,0.09230769230769231,0.9846153846153847,0.7538461538461538
40,N40_A14_graph_pointer_policy_u2first_proxy,probe60_run08,NATIVE_STAGE3,False,"[0,19,2,20,4,18,6,21,8,17,10,22,12,16,14,23,15,24,25,13,26,28,30,27,32,11,34,36,38,29,1,9,3,5,7,31,33,35,37,39]",d0841e69ea14954f,0.0,1.0,0.24128862590401054,0.717948717948718,1,4,0.38461538461538464,0.3157894736842105,26,2.6894475170433974,0.43076923076923074,0.7692307692307693,5,5,0.278125,0.975,15.0,0.02564102564102564,0.1849655117967186,0.22846153846153844,0.19999999999999996,0.29230769230769227,0.29230769230769227,0.2153846153846154
40,N40_A15_graph_pointer_policy_balanced_dispersion_proxy,probe60_run08,NATIVE_STAGE3,False,"[0,19,39,20,18,29,21,9,17,14,22,24,16,34,23,4,15,2,6,11,25,13,26,12,31,27,36,1,28,3,10,5,7,8,30,32,33,35,37,38]",d0c95a8720f71ac7,0.0,0.9743589743589743,0.27481919789612097,0.8974358974358975,3,5,0.5128205128205128,0.3684210526315789,24,2.756790947599478,0.3641025641025641,0.6974358974358974,3,7,0.179375,0.975,20.0,0.024983563445101907,0.21079841606681654,0.1992307692307692,0.16923076923076918,0.15384615384615385,0.4461538461538461,0.27692307692307694
12,S3B20_N12_B01_surrogate_top,batch20_run14,NATIVE_STAGE3,False,"[0,2,4,10,8,6,1,3,5,7,9,11]",ddeac1737cd4186c,0.0,1.0,0.23966942148760328,0.5454545454545454,0,1,0.09090909090909091,0.8,2,0.6001660731566456,0.6363636363636364,0.6363636363636364,2,1,0.2847222222222222,0.9166666666666666,1.0,0.09090909090909091,0.12424211882952817,0.692857142857143,0.8285714285714285,0.7142857142857143,0.02857142857142858,0.17142857142857137
12,S3B20_N12_B02_diversity_top,batch20_run14,NATIVE_STAGE3,False,"[1,11,9,7,5,3,0,2,4,6,8,10]",bdefebe906990eb4,0.09090909090909091,0.9090909090909091,0.25619834710743805,0.9090909090909091,0,1,0.09090909090909091,0.8,2,0.6001660731566456,0.8181818181818182,0.4545454545454546,3,0,0.2777777777777778,0.8333333333333334,1.0,0.0743801652892562,0.20809385639692846,0.8578571428571429,1.0,0.8,0.2857142857142857,0.3857142857142857
12,S3B20_N12_B03_method_c_inspired,batch20_run14,NATIVE_STAGE3,False,"[0,5,11,6,8,4,2,7,1,3,9,10]",e1bbed764cecf310,0.0,0.9090909090909091,0.36363636363636365,0.5454545454545454,1,3,0.36363636363636365,0.4,6,1.499030672974008,0.6969696969696969,0.6363636363636364,2,1,0.2916666666666667,0.9166666666666666,4.0,0.08264462809917356,0.16446073340605288,0.38357142857142856,0.3142857142857143,0.34285714285714286,0.7428571428571429,0.7285714285714286
12,S3B20_N12_B04_surrogate_top,batch20_run14,NATIVE_STAGE3,False,"[0,10,8,6,4,2,1,3,5,7,9,11]",689e550783923e35,0.0,1.0,0.23966942148760328,0.9090909090909091,1,1,0.09090909090909091,0.8,2,0.6001660731566456,0.7575757575757577,0.6363636363636364,2,1,0.2847222222222222,0.9166666666666666,1.0,0.09090909090909091,0.2132807917448585,0.8528571428571429,0.9428571428571428,0.9428571428571428,0.4285714285714286,0.17142857142857137
12,S3B20_N12_B05_surrogate_top,batch20_run14,NATIVE_STAGE3,False,"[0,2,4,6,10,8,1,3,5,7,9,11]",5e763bfd943521e1,0.0,1.0,0.23966942148760328,0.6363636363636364,0,1,0.09090909090909091,0.8,2,0.6001660731566456,0.6363636363636364,0.6363636363636364,2,1,0.2847222222222222,0.9166666666666666,1.0,0.09090909090909091,0.13579898119962797,0.6485714285714286,0.8,0.5714285714285714,0.05714285714285716,0.17142857142857137
16,S3B20_N16_B01_surrogate_top,batch20_run14,NATIVE_STAGE3,False,"[0,2,4,6,8,10,14,12,7,5,3,1,9,11,13,15]",07d1527fe5bebcbb,0.0,1.0,0.18222222222222223,0.5333333333333333,0,1,0.06666666666666667,0.8571428571428571,2,0.7201248812678098,0.6,0.6,2,2,0.27734375,0.9375,1.0,0.06666666666666667,0.11012899282990103,0.7035714285714286,0.6857142857142857,0.9142857142857143,0.6857142857142857,0.12857142857142856
16,S3B20_N16_B02_diversity_top,batch20_run14,NATIVE_STAGE3,False,"[1,9,11,13,15,0,2,4,6,8,10,12,14,7,5,3]",9a674580a1a6fa6e,0.06666666666666667,0.2,0.24000000000000002,1.0,0,2,0.13333333333333333,0.7857142857142857,3,0.7201248812678098,0.5666666666666667,0.4666666666666667,2,2,0.26171875,0.875,2.0,0.008888888888888889,0.23826533606542594,0.5100000000000001,0.5428571428571429,0.3142857142857143,0.5428571428571429,0.8
16,S3B20_N16_B03_method_c_inspired,batch20_run14,NATIVE_STAGE3,False,"[0,15,7,11,3,5,9,13,1,2,4,12,10,8,6,14]",0275e331daee6af4,0.0,0.9333333333333333,0.36444444444444446,1.0,1,6,0.13333333333333333,0.42857142857142855,8,1.5821699429192504,0.6333333333333333,0.3666666666666667,2,2,0.234375,0.9375,2.0,0.06222222222222222,0.2698330530961874,0.5478571428571428,0.6,0.5142857142857142,0.2571428571428571,0.5857142857142856
16,S3B20_N16_B04_surrogate_top,batch20_run14,NATIVE_STAGE3,False,"[0,2,4,6,8,14,12,10,7,5,3,1,9,11,13,15]",a2a8d66c6fafcb1a,0.0,1.0,0.18222222222222223,0.5333333333333333,0,1,0.06666666666666667,0.8571428571428571,2,0.7201248812678098,0.6,0.6,2,2,0.27734375,0.9375,1.0,0.06666666666666667,0.11538448876219706,0.8521428571428572,0.8571428571428572,1.0,0.8,0.30000000000000004
16,S3B20_N16_B05_surrogate_top,batch20_run14,NATIVE_STAGE3,False,"[0,2,4,6,8,14,12,10,7,1,3,5,9,11,13,15]",16c51042534d88b9,0.0,1.0,0.18222222222222223,0.4,0,0,0.06666666666666667,0.8571428571428571,2,0.857174043638079,0.6,0.6,2,2,0.27734375,0.9375,1.0,0.06666666666666667,0.0925896295822207,0.7207142857142858,0.8,0.8857142857142857,0.08571428571428574,0.30000000000000004
24,S3B20_N24_B01_surrogate_top,batch20_run14,NATIVE_STAGE3,False,"[0,2,4,6,8,10,12,22,20,18,16,14,1,3,5,7,9,11,13,15,17,19,21,23]",f52328be9b886aa6,0.0,1.0,0.1228733459357278,0.5652173913043478,0,1,0.043478260869565216,0.9090909090909091,2,0.355712859743894,0.5652173913043478,0.5652173913043478,3,3,0.2690972222222222,0.9583333333333334,1.0,0.043478260869565216,0.11796204734837577,0.5207692307692309,0.6461538461538461,0.4307692307692308,0.09230769230769231,0.10769230769230764
24,S3B20_N24_B02_diversity_top,batch20_run14,NATIVE_STAGE3,False,"[3,5,7,9,11,13,15,17,19,21,23,0,2,4,6,8,10,12,14,16,18,20,22,1]",86481d26a31f8c7e,0.13043478260869565,0.043478260869565216,0.16257088846880907,1.0,0,2,0.08695652173913043,0.8636363636363636,3,0.355712859743894,0.34782608695652173,0.6231884057971014,2,4,0.22048611111111113,0.8333333333333334,2.0,-0.003780718336483932,0.24535376468555864,0.648076923076923,0.6615384615384615,0.6307692307692307,0.7230769230769231,0.39230769230769236
24,S3B20_N24_B03_method_c_inspired,batch20_run14,NATIVE_STAGE3,False,"[0,23,11,17,5,8,14,20,2,1,3,4,6,7,9,12,10,13,15,16,18,19,21,22]",cd519fa4db1b9112,0.0,0.9565217391304348,0.2117202268431002,1.0,6,4,0.43478260869565216,0.6363636363636364,8,1.7289770006228424,0.5652173913043478,0.608695652173913,3,3,0.19791666666666666,0.9583333333333334,10.0,0.04158790170132325,0.2506847195308168,0.20423076923076922,0.19999999999999996,0.15384615384615385,0.2615384615384615,0.34615384615384615
24,S3B20_N24_B04_surrogate_top,batch20_run14,NATIVE_STAGE3,False,"[0,2,4,6,8,10,12,14,16,18,20,22,11,9,7,5,3,1,13,15,17,23,21,19]",85ba9118903cc6ba,0.0,0.8260869565217391,0.13043478260869565,0.5217391304347826,0,1,0.043478260869565216,0.8636363636363636,3,0.5305096302260272,0.5652173913043478,0.5652173913043478,3,3,0.2690972222222222,0.9583333333333334,1.0,0.035916824196597356,0.11958669681614147,0.7453846153846154,0.8769230769230769,0.4769230769230769,0.7846153846153846,0.03076923076923077
24,S3B20_N24_B05_surrogate_top,batch20_run14,NATIVE_STAGE3,False,"[0,4,8,2,6,10,12,14,16,18,20,22,11,9,7,5,3,1,13,15,17,19,21,23]",e8ecb4b55f4470e7,0.0,1.0,0.14555765595463138,0.5217391304347826,0,1,0.043478260869565216,0.8181818181818182,4,0.965642172432147,0.5652173913043478,0.5652173913043478,3,3,0.2552083333333333,0.9583333333333334,1.0,0.043478260869565216,0.11862662752164259,0.551923076923077,0.4461538461538461,0.8769230769230769,0.7538461538461538,0.22307692307692306
40,S3B20_N40_B01_surrogate_top,batch20_run14,NATIVE_STAGE3,False,"[0,2,4,6,8,10,12,14,16,18,20,22,24,26,28,38,36,34,32,30,9,7,5,3,1,11,13,15,17,19,21,23,25,27,29,31,33,35,37,39]",bb2b5c78d79354aa,0.0,1.0,0.07429322813938198,0.5384615384615384,0,1,0.02564102564102564,0.9473684210526315,2,0.3201520013692143,0.5384615384615385,0.5384615384615385,5,5,0.26187499999999997,0.975,1.0,0.02564102564102564,0.087829665809582,0.7126923076923076,0.8307692307692307,0.46153846153846156,0.7538461538461538,0.09999999999999998
40,S3B20_N40_B02_diversity_top,batch20_run14,NATIVE_STAGE3,False,"[1,21,23,25,27,29,31,33,35,37,39,0,2,4,6,8,10,12,14,16,18,20,22,24,26,28,30,32,34,36,38,19,17,15,13,11,9,7,5,3]",c633a4543b21db90,0.02564102564102564,0.07692307692307693,0.09861932938856016,1.0,0,2,0.05128205128205128,0.9210526315789473,3,0.3556980106276987,0.5333333333333333,0.4871794871794871,5,5,0.221875,0.95,2.0,0.0013149243918474686,0.17655522665277198,0.8226923076923078,0.9230769230769231,0.7538461538461538,0.4307692307692308,0.5769230769230769
40,S3B20_N40_B03_method_c_inspired,batch20_run14,NATIVE_STAGE3,False,"[0,39,19,29,9,14,24,34,4,2,6,26,21,16,11,31,36,1,3,5,7,8,10,12,13,15,17,18,20,22,23,25,27,28,30,32,33,35,37,38]",dbc1fd6afa741696,0.0,0.9743589743589743,0.1854043392504931,1.0,7,7,0.358974358974359,0.7368421052631579,10,1.7437925570981312,0.6,0.5794871794871794,6,4,0.14125000000000001,0.975,14.0,0.024983563445101907,0.250386948368858,0.41884615384615387,0.46153846153846156,0.3846153846153846,0.2615384615384615,0.3153846153846154
40,S3B20_N40_B04_surrogate_top,batch20_run14,NATIVE_STAGE3,False,"[0,2,10,8,6,4,12,14,16,18,20,22,24,26,28,30,32,34,36,38,19,17,15,13,11,9,7,5,3,1,21,23,25,27,29,31,33,35,37,39]",6a6614d60f60eda1,0.0,1.0,0.0821827744904668,0.5128205128205128,0,1,0.02564102564102564,0.8947368421052632,4,0.4373186586064318,0.5384615384615385,0.5384615384615385,5,5,0.254375,0.975,1.0,0.02564102564102564,0.10292171173480091,0.7176923076923076,0.6923076923076923,0.8153846153846154,0.8307692307692307,0.4307692307692308
40,S3B20_N40_B05_surrogate_top,batch20_run14,NATIVE_STAGE3,False,"[0,2,4,6,8,10,12,14,16,18,20,22,24,26,28,30,32,34,36,38,19,17,15,13,11,9,7,5,3,1,21,23,35,33,31,29,27,25,37,39]",bae7306ba5472703,0.0,1.0,0.08744247205785667,0.5128205128205128,0,1,0.02564102564102564,0.8947368421052632,4,0.4373186586064318,0.5384615384615385,0.5384615384615385,5,5,0.26187499999999997,0.975,1.0,0.02564102564102564,0.11134622604099796,0.7538461538461538,0.8461538461538461,0.5846153846153845,0.7692307692307692,0.19999999999999996
12,S3R19B28_N12_B01_surrogate_top,batch28_run20,NATIVE_STAGE3,False,"[1,11,9,7,5,3,2,0,4,6,8,10]",40ed8616dac9d0fe,0.09090909090909091,0.9090909090909091,0.25619834710743805,0.9090909090909091,1,1,0.09090909090909091,0.8,2,0.8855741515726718,0.8181818181818182,0.4545454545454546,3,0,0.2777777777777778,0.8333333333333334,1.0,0.0743801652892562,0.21519366225275266,0.8314285714285715,0.8571428571428572,0.7714285714285715,0.8857142857142857,0.6285714285714286
12,S3R19B28_N12_B02_u2_primary_top,batch28_run20,NATIVE_STAGE3,False,"[1,5,7,9,11,3,0,2,4,6,8,10]",be1cc720f2c9e77d,0.09090909090909091,0.9090909090909091,0.25619834710743805,0.7272727272727273,0,1,0.09090909090909091,0.8,2,0.8855741515726718,0.393939393939394,0.4545454545454546,1,2,0.2222222222222222,0.8333333333333334,1.0,0.0743801652892562,0.15897011621215987,0.6249999999999999,0.6857142857142857,0.6857142857142857,0.22857142857142854,0.3857142857142857
12,S3R19B28_N12_B03_geometry_signal_top,batch28_run20,NATIVE_STAGE3,False,"[1,6,5,10,3,8,7,2,9,0,11,4]",4895b67717437def,0.09090909090909091,0.36363636363636365,0.5206611570247934,1.0,2,5,1.0,0.1,9,1.4681399390112084,0.3333333333333333,0.7575757575757575,1,2,0.2222222222222222,0.8333333333333334,11.0,0.024793388429752063,0.26029778095906814,0.4835714285714286,0.2857142857142857,0.9714285714285714,0.7714285714285715,0.5285714285714286
12,S3R19B28_N12_B04_method_c_inspired,batch28_run20,NATIVE_STAGE3,False,"[1,9,11,7,5,3,0,2,4,6,8,10]",dd8d2d38519a3101,0.09090909090909091,0.9090909090909091,0.25619834710743805,0.7272727272727273,0,1,0.09090909090909091,0.8,2,0.8855741515726718,0.8181818181818182,0.4545454545454546,3,0,0.2638888888888889,0.8333333333333334,1.0,0.0743801652892562,0.15897011621215987,0.8371428571428572,0.9714285714285714,0.8571428571428572,0.2571428571428571,0.17142857142857137
16,S3R19B28_N16_B01_surrogate_top,batch28_run20,NATIVE_STAGE3,False,"[0,2,4,6,10,12,14,8,7,5,3,1,9,11,13,15]",30de77c3e7f8a362,0.0,1.0,0.18222222222222223,0.5333333333333333,1,1,0.06666666666666667,0.8571428571428571,2,0.9495936677117385,0.6,0.6,2,2,0.26171875,0.9375,1.0,0.06666666666666667,0.12041081941461391,0.765,0.7142857142857143,0.9714285714285714,0.9142857142857143,0.30000000000000004
16,S3R19B28_N16_B02_u2_primary_top,batch28_run20,NATIVE_STAGE3,False,"[2,4,6,8,10,12,14,0,1,3,5,7,9,11,13,15]",312f8ce1f996df06,0.13333333333333333,1.0,0.18222222222222223,0.9333333333333333,1,1,0.06666666666666667,0.8571428571428571,2,0.48509409129921155,0.36666666666666664,0.6,1,3,0.2265625,0.8125,1.0,0.05777777777777778,0.2014270078866606,0.7864285714285715,0.9142857142857143,0.6285714285714286,0.6,0.12857142857142856
16,S3R19B28_N16_B03_geometry_signal_top,batch28_run20,NATIVE_STAGE3,False,"[1,10,3,12,5,14,7,0,9,2,11,4,13,6,15,8]",c05db2a343acc169,0.06666666666666667,0.5333333333333333,0.5288888888888889,0.6,0,7,1.0,0.07142857142857142,13,0.6909233093118181,0.6,0.5,3,1,0.20703125,0.875,15.0,0.03111111111111111,0.06651835354264785,0.3807142857142857,0.4,0.37142857142857144,0.17142857142857137,0.5857142857142856
16,S3R19B28_N16_B04_method_c_inspired,batch28_run20,NATIVE_STAGE3,False,"[0,2,4,6,8,14,12,10,9,1,3,5,7,11,13,15]",29dfa1d3af9c6e04,0.0,1.0,0.18222222222222223,0.5333333333333333,1,1,0.06666666666666667,0.8571428571428571,2,0.9495936677117385,0.6,0.5666666666666667,2,2,0.27734375,0.9375,1.0,0.06666666666666667,0.12041081941461391,0.7807142857142858,0.9714285714285714,0.6571428571428571,0.02857142857142858,0.30000000000000004
24,S3R19B28_N24_B01_surrogate_top,batch28_run20,NATIVE_STAGE3,False,"[2,4,6,8,10,12,14,16,18,20,22,11,9,7,5,3,1,13,15,17,19,21,23,0]",d469c04212e81fca,0.08695652173913043,0.0,0.16257088846880907,1.0,0,2,0.08695652173913043,0.8636363636363636,3,0.5305096302260272,0.4057971014492754,0.7101449275362319,2,4,0.24131944444444445,0.875,2.0,-0.003780718336483932,0.21308297589356298,0.6192307692307691,0.5384615384615384,0.9076923076923077,0.6615384615384615,0.4307692307692308
24,S3R19B28_N24_B02_u2_primary_top,batch28_run20,NATIVE_STAGE3,False,"[3,5,7,9,11,13,15,17,19,21,23,2,0,4,6,8,10,12,14,16,18,20,22,1]",5aaa917610a07c7e,0.13043478260869565,0.043478260869565216,0.16257088846880907,0.9130434782608695,0,2,0.08695652173913043,0.8636363636363636,3,0.47023596235224924,0.34782608695652173,0.6231884057971014,2,4,0.22048611111111113,0.8333333333333334,2.0,-0.003780718336483932,0.2322758395470192,0.6026923076923076,0.6153846153846154,0.6,0.6307692307692307,0.39230769230769236
24,S3R19B28_N24_B03_geometry_signal_top,batch28_run20,NATIVE_STAGE3,False,"[2,15,4,17,6,19,8,21,10,23,12,1,14,3,16,5,18,7,20,9,22,11,0,13]",d3a53772d5f34db6,0.08695652173913043,0.5652173913043478,0.5198487712665407,0.5652173913043478,0,11,1.0,0.09090909090909091,20,0.6922017029602767,0.5652173913043478,0.5072463768115941,3,3,0.18055555555555555,0.875,23.0,0.020793950850661626,0.043437146665693975,0.37038461538461537,0.29230769230769227,0.36923076923076925,0.5846153846153845,0.9615384615384616
24,S3R19B28_N24_B04_method_c_inspired,batch28_run20,NATIVE_STAGE3,False,"[3,5,7,9,11,13,15,17,19,21,23,0,2,4,6,8,10,12,22,20,18,16,14,1]",ab92e12a269eefca,0.13043478260869565,0.043478260869565216,0.16257088846880907,1.0,0,2,0.08695652173913043,0.8636363636363636,3,0.5305096302260272,0.34782608695652173,0.6231884057971014,2,4,0.22048611111111113,0.8333333333333334,2.0,-0.003780718336483932,0.21385301665366505,0.5103846153846153,0.5846153846153845,0.3846153846153846,0.29230769230769227,0.48461538461538467
24,S3R19B28_N24_B05_diversity_top,batch28_run20,NATIVE_STAGE3,False,"[17,19,21,23,8,10,12,22,20,18,16,14,1,3,5,7,9,11,13,15,0,2,4,6]",e930ae09f58cc941,0.7391304347826086,0.2608695652173913,0.1720226843100189,0.6521739130434783,0,3,0.13043478260869565,0.7272727272727273,6,0.6428579130867905,0.5652173913043478,0.5652173913043478,3,3,0.2638888888888889,0.7083333333333334,3.0,-0.020793950850661626,0.18907372022759905,0.6065384615384615,0.8615384615384616,0.12307692307692308,0.18461538461538463,0.0692307692307692
24,S3R19B28_N24_B06_uncertainty_calibration,batch28_run20,NATIVE_STAGE3,False,"[11,21,7,17,3,13,23,9,19,5,15,1,0,2,4,6,8,10,12,14,16,18,20,22]",f868aca20195ed3a,0.4782608695652174,0.9565217391304348,0.2892249527410208,0.6086956521739131,1,5,0.043478260869565216,0.5454545454545454,10,1.171381416867719,0.43478260869565216,0.47826086956521735,2,4,0.12847222222222224,0.5,1.0,0.020793950850661626,0.2233985483943481,0.7488461538461539,0.7230769230769231,0.8461538461538461,0.9846153846153847,0.22307692307692306
24,S3R19B28_N24_B07_control_sentinel,batch28_run20,NATIVE_STAGE3,False,"[20,13,6,23,16,9,2,19,12,5,22,15,8,1,18,11,4,21,14,7,0,17,10,3]",0c9eaa96b519ed0c,0.8695652173913043,0.13043478260869565,0.4177693761814744,0.7391304347826086,0,6,1.0,0.45454545454545453,12,0.5739644913913236,0.49275362318840576,0.49275362318840576,2,4,0.15104166666666666,0.8333333333333334,23.0,-0.032136105860113416,0.19091691754937765,0.37461538461538463,0.12307692307692308,1.0,0.6,0.6923076923076923
24,S3R19B28_N24_B08_known_best_mutation,batch28_run20,NATIVE_STAGE3,False,"[16,18,20,22,11,13,15,17,19,21,23,0,2,4,6,8,10,12,14,3,5,7,9,1]",f1233028e9f67703,0.6956521739130435,0.043478260869565216,0.1720226843100189,1.0,0,1,0.13043478260869565,0.6818181818181818,7,0.6428579130867905,0.463768115942029,0.5072463768115941,3,3,0.3090277777777778,0.6666666666666666,3.0,-0.02835538752362949,0.21279769042677185,0.7569230769230769,0.9538461538461538,0.24615384615384617,0.8769230769230769,0.0
24,S3R19B28_N24_B09_known_best_mutation,batch28_run20,NATIVE_STAGE3,False,"[2,4,6,8,10,12,22,20,18,16,14,1,3,5,7,9,11,13,15,17,19,21,23,0]",ff4a2ca726ec276c,0.08695652173913043,0.0,0.16257088846880907,1.0,0,2,0.08695652173913043,0.8636363636363636,3,0.5305096302260272,0.4057971014492754,0.7101449275362319,2,4,0.23263888888888887,0.875,2.0,-0.003780718336483932,0.21385301665366505,0.6511538461538462,0.7692307692307692,0.49230769230769234,0.3538461538461538,0.34615384615384615
24,S3R19B28_N24_B10_known_best_mutation,batch28_run20,NATIVE_STAGE3,False,"[0,2,4,6,8,10,12,14,16,18,20,22,11,9,7,5,3,19,21,23,17,15,13,1]",18768954906ed35e,0.0,0.043478260869565216,0.15689981096408318,0.6956521739130435,0,2,0.043478260869565216,0.8636363636363636,3,0.7031315809605685,0.5652173913043478,0.608695652173913,3,3,0.2690972222222222,0.9583333333333334,1.0,0.001890359168241966,0.16555488881520844,0.8207692307692308,0.9846153846153847,0.5384615384615384,0.676923076923077,0.10769230769230764
40,S3R19B28_N40_B01_surrogate_top,batch28_run20,NATIVE_STAGE3,False,"[1,21,23,25,27,29,31,33,35,37,39,0,2,4,6,8,10,12,14,16,18,20,22,24,26,28,30,38,36,34,32,19,17,15,13,11,9,7,5,3]",aaf186300ff761a7,0.02564102564102564,0.07692307692307693,0.09861932938856016,1.0,0,2,0.05128205128205128,0.9210526315789473,3,0.4728646678649162,0.5333333333333333,0.4564102564102564,5,5,0.221875,0.95,2.0,0.0013149243918474686,0.17013668444896063,0.7488461538461538,0.9538461538461538,0.4307692307692308,0.3076923076923077,0.2384615384615385
40,S3R19B28_N40_B02_u2_primary_top,batch28_run20,NATIVE_STAGE3,False,"[0,2,4,6,8,10,12,14,16,18,20,22,24,26,28,30,32,34,36,1,21,23,25,27,29,31,33,35,37,39,38,19,17,15,13,11,9,7,5,3]",15819cd97ca505dd,0.0,0.07692307692307693,0.09533201840894148,0.8974358974358975,1,2,0.07692307692307693,0.9210526315789473,3,0.4728646678649162,0.5384615384615385,0.4871794871794871,5,5,0.27375,0.975,3.0,0.0019723865877712033,0.16361168341978605,0.6492307692307693,0.8,0.16923076923076918,0.7076923076923076,0.49230769230769234
40,S3R19B28_N40_B03_geometry_signal_top,batch28_run20,NATIVE_STAGE3,False,"[2,23,4,25,6,27,8,29,10,31,12,33,14,35,16,37,18,39,20,1,22,3,24,5,26,7,28,9,30,11,32,13,34,15,36,17,38,19,0,21]",dbcae350738d334d,0.05128205128205128,0.5384615384615384,0.5121630506245891,0.5384615384615384,0,19,1.0,0.05263157894736842,36,0.6928184134291289,0.5384615384615385,0.49743589743589745,5,5,0.16,0.925,39.0,0.012491781722550954,0.02563259525262055,0.45961538461538465,0.4,0.6461538461538461,0.41538461538461535,0.5769230769230769
40,S3R19B28_N40_B04_method_c_inspired,batch28_run20,NATIVE_STAGE3,False,"[0,2,4,6,8,10,12,14,16,18,20,22,24,26,28,30,32,34,36,38,19,1,21,23,25,27,29,31,33,35,37,39,17,15,13,11,9,7,5,3]",7d3b10405c7fb47b,0.0,0.07692307692307693,0.09796186719263643,0.5641025641025641,0,2,0.02564102564102564,0.9210526315789473,3,0.4728646678649162,0.5384615384615385,0.5794871794871794,5,5,0.26187499999999997,0.975,1.0,0.0019723865877712033,0.13861386352602245,0.7342307692307692,0.7846153846153846,0.676923076923077,0.6307692307692307,0.5153846153846153
40,S3R19B28_N40_B05_diversity_top,batch28_run20,NATIVE_STAGE3,False,"[2,35,28,21,14,7,0,33,26,19,12,5,38,31,24,17,10,3,36,29,22,15,8,1,34,27,20,13,6,39,32,25,18,11,4,37,30,23,16,9]",63bec2f6e1775433,0.05128205128205128,0.23076923076923078,0.29914529914529914,0.8461538461538461,0,7,1.0,0.6578947368421053,13,0.4706149811794813,0.517948717948718,0.4564102564102564,5,5,0.12875,0.925,39.0,0.0046022353714661405,0.2558398213178763,0.49307692307692313,0.3384615384615385,1.0,0.4,0.6615384615384615
40,S3R19B28_N40_B06_uncertainty_calibration,batch28_run20,NATIVE_STAGE3,False,"[19,37,15,33,11,29,7,25,3,21,39,17,35,13,31,9,27,5,23,1,0,2,4,6,8,10,12,14,16,18,20,22,24,26,28,30,32,34,36,38]",0e5c11a2c6d4abbe,0.48717948717948717,0.9743589743589743,0.2741617357001972,0.5641025641025641,1,9,0.02564102564102564,0.5263157894736842,18,1.1316331145838825,0.46153846153846156,0.4871794871794871,4,6,0.10375000000000001,0.5,1.0,0.012491781722550954,0.23278061608431663,0.6626923076923078,0.5538461538461539,0.9230769230769231,1.0,0.3615384615384616
40,S3R19B28_N40_B07_control_sentinel,batch28_run20,NATIVE_STAGE3,False,"[28,5,22,39,16,33,10,27,4,21,38,15,32,9,26,3,20,37,14,31,8,25,2,19,36,13,30,7,24,1,18,35,12,29,6,23,0,17,34,11]",62bbf686be08043d,0.717948717948718,0.28205128205128205,0.5029585798816568,0.5897435897435898,0,17,1.0,0.15789473684210525,32,0.6849062404138356,0.49230769230769234,0.49230769230769234,4,6,0.123125,0.7,39.0,-0.011176857330703486,0.07628828246869315,0.2907692307692307,0.07692307692307687,0.9384615384615385,0.10769230769230764,0.8461538461538461
40,S3R19B28_N40_B08_known_best_mutation,batch28_run20,NATIVE_STAGE3,False,"[1,21,23,25,27,28,30,32,34,36,38,0,2,4,6,8,10,12,14,16,18,20,22,24,26,29,31,33,35,37,39,19,17,15,13,11,9,7,5,3]",28a97f63306a5424,0.02564102564102564,0.07692307692307693,0.09861932938856016,0.9743589743589743,1,3,0.05128205128205128,0.9210526315789473,3,0.5537526154049188,0.5076923076923077,0.49230769230769234,5,5,0.221875,0.95,2.0,0.0013149243918474686,0.17482808663815724,0.6253846153846154,0.6153846153846154,0.7692307692307692,0.3846153846153846,0.6615384615384615
40,S3R19B28_N40_B09_known_best_mutation,batch28_run20,NATIVE_STAGE3,False,"[1,11,13,15,17,19,21,23,25,27,29,31,33,35,37,39,0,2,4,6,8,10,12,14,16,18,20,22,24,26,28,38,36,34,32,30,9,7,5,3]",ee3347652006802e,0.02564102564102564,0.07692307692307693,0.09861932938856016,1.0,0,2,0.05128205128205128,0.9210526315789473,3,0.4373186586064318,0.30256410256410254,0.6923076923076923,1,9,0.2,0.95,2.0,0.0013149243918474686,0.17053256414970921,0.5730769230769232,0.7230769230769231,0.24615384615384617,0.16923076923076918,0.7384615384615385
40,S3R19B28_N40_B10_known_best_mutation,batch28_run20,NATIVE_STAGE3,False,"[4,6,8,10,12,14,16,18,20,22,24,26,28,38,36,34,32,30,9,7,5,3,1,11,13,15,17,19,21,23,25,27,29,31,33,35,37,39,0,2]",6b85dcffc8f51f55,0.10256410256410256,0.05128205128205128,0.09861932938856016,1.0,0,2,0.05128205128205128,0.8947368421052632,4,0.4373186586064318,0.3641025641025641,0.7025641025641025,3,7,0.225,0.875,2.0,-0.0013149243918474686,0.17053256414970921,0.678076923076923,0.7692307692307692,0.523076923076923,0.4769230769230769,0.5153846153846153
12,S3R24L64_N12_B01_top_region,shortlist64_run27,NATIVE_STAGE3,False,"[1,11,9,5,7,3,2,0,4,6,8,10]",59a4564dddea3d39,0.09090909090909091,0.9090909090909091,0.2892561983471074,0.9090909090909091,1,1,0.09090909090909091,0.6,4,1.1209503926695834,0.8181818181818182,0.4545454545454546,3,0,0.2638888888888889,0.8333333333333334,1.0,0.0743801652892562,0.21519366225275266,0.7464285714285714,0.7428571428571429,0.7428571428571429,0.8571428571428572,0.5857142857142856
12,S3R24L64_N12_B02_top_region,shortlist64_run27,NATIVE_STAGE3,False,"[0,4,6,8,10,2,1,3,5,7,9,11]",1cde2b67a4c422fe,0.0,1.0,0.23966942148760328,0.7272727272727273,1,1,0.09090909090909091,0.8,2,0.8855741515726718,0.45454545454545453,0.6363636363636364,1,2,0.24305555555555555,0.9166666666666666,1.0,0.09090909090909091,0.16570196409721835,0.5171428571428571,0.5714285714285714,0.6,0.17142857142857137,0.17142857142857137
12,S3R24L64_N12_B03_model_disagreement,shortlist64_run27,NATIVE_STAGE3,False,"[1,5,7,9,11,3,2,0,4,6,8,10]",06159883e6ddc52e,0.09090909090909091,0.9090909090909091,0.25619834710743805,0.7272727272727273,1,1,0.09090909090909091,0.8,2,1.0335620542028174,0.393939393939394,0.4545454545454546,1,2,0.2222222222222222,0.8333333333333334,1.0,0.0743801652892562,0.16815694173037854,0.5557142857142857,0.5428571428571429,0.6571428571428571,0.7142857142857143,0.0
12,S3R24L64_N12_B04_uncertainty_calibration,shortlist64_run27,NATIVE_STAGE3,False,"[0,10,8,6,4,3,1,2,5,7,9,11]",6e7afc0358f50959,0.0,1.0,0.23966942148760328,0.9090909090909091,2,1,0.2727272727272727,0.8,2,1.0335620542028177,0.7575757575757577,0.6363636363636364,2,1,0.2916666666666667,0.9166666666666666,3.0,0.09090909090909091,0.2167748272496529,0.5807142857142856,0.6,0.4571428571428572,0.8,0.3857142857142857
12,S3R24L64_N12_B05_diversity_coverage,shortlist64_run27,NATIVE_STAGE3,False,"[8,11,6,9,1,4,7,10,2,5,0,3]",3a2cff7d7a0ab264,0.7272727272727273,0.2727272727272727,0.3884297520661157,0.7272727272727273,0,2,0.8181818181818182,0.2,8,0.9075352941020093,0.5151515151515151,0.5151515151515151,1,2,0.2847222222222222,0.6666666666666666,9.0,-0.04132231404958678,0.1737503805093276,0.6328571428571429,0.7714285714285715,0.5142857142857142,0.19999999999999996,0.17142857142857137
12,S3R24L64_N12_B06_tradeoff_probe,shortlist64_run27,NATIVE_STAGE3,False,"[10,3,6,7,8,5,0,9,4,11,2,1]",d46806645d6af179,0.9090909090909091,0.09090909090909091,0.42148760330578516,0.8181818181818182,3,4,1.0,0.4,6,1.5941666991130168,0.4545454545454546,0.8181818181818182,1,2,0.2569444444444445,0.8333333333333334,11.0,-0.0743801652892562,0.26652091729912564,0.1742857142857143,0.08571428571428574,0.19999999999999996,0.37142857142857144,0.8285714285714285
12,S3R24L64_N12_B07_sentinel_control,shortlist64_run27,NATIVE_STAGE3,False,"[7,11,8,6,9,0,2,10,3,1,4,5]",0e14ff64f93518f8,0.6363636363636364,0.45454545454545453,0.36363636363636365,0.8181818181818182,1,3,0.5454545454545454,0.4,6,1.7986522062451287,0.5757575757575758,0.393939393939394,1,2,0.34027777777777773,0.5833333333333334,6.0,-0.01652892561983471,0.23579078706920836,0.25,0.22857142857142854,0.1428571428571429,0.3142857142857143,0.8285714285714285
12,S3R24L64_N12_B08_exploitation_reference,shortlist64_run27,NATIVE_STAGE3,False,"[1,9,11,7,5,3,2,0,4,6,8,10]",aa8720987a6b16ec,0.09090909090909091,0.9090909090909091,0.25619834710743805,0.7272727272727273,1,1,0.09090909090909091,0.8,2,1.0335620542028177,0.8181818181818182,0.4545454545454546,3,0,0.2638888888888889,0.8333333333333334,1.0,0.0743801652892562,0.16815694173037854,0.7000000000000001,0.6285714285714286,0.8857142857142857,0.9142857142857143,0.4571428571428572
16,S3R24L64_N16_B01_top_region,shortlist64_run27,NATIVE_STAGE3,False,"[0,1,3,5,7,9,11,13,15,2,4,6,8,10,12,14]",e58393cf80938931,0.0,0.9333333333333333,0.17777777777777776,0.8666666666666667,1,1,0.13333333333333333,0.8571428571428571,2,0.48509409129921155,0.7,0.4666666666666667,3,1,0.3046875,0.9375,2.0,0.06222222222222222,0.18485897193853706,0.5192857142857144,0.6285714285714286,0.48571428571428577,0.11428571428571432,0.042857142857142816
16,S3R24L64_N16_B02_top_region,shortlist64_run27,NATIVE_STAGE3,False,"[8,6,4,2,10,12,14,0,1,3,5,7,9,11,13,15]",d8810e347c863a0b,0.5333333333333333,1.0,0.20888888888888887,0.9333333333333333,1,2,0.06666666666666667,0.7857142857142857,3,0.7201248812678098,0.36666666666666664,0.6,1,3,0.18359375,0.5,1.0,0.03111111111111111,0.21890862855155113,0.8778571428571429,1.0,0.7142857142857143,0.8285714285714285,0.042857142857142816
16,S3R24L64_N16_B03_model_disagreement,shortlist64_run27,NATIVE_STAGE3,False,"[0,2,4,6,8,14,12,10,9,5,3,1,7,11,13,15]",7b1f9abab4fd9007,0.0,1.0,0.18222222222222223,0.4,1,0,0.06666666666666667,0.8571428571428571,2,0.9881542242861943,0.6,0.5666666666666667,2,2,0.27734375,0.9375,1.0,0.06666666666666667,0.09878271453730164,0.6757142857142858,0.5714285714285714,0.9428571428571428,0.9428571428571428,0.4285714285714286
16,S3R24L64_N16_B04_uncertainty_calibration,shortlist64_run27,NATIVE_STAGE3,False,"[0,2,3,5,8,14,12,10,7,1,4,6,9,11,13,15]",6f7864c0c7e0a04d,0.0,1.0,0.18222222222222223,0.4,1,0,0.3333333333333333,0.8571428571428571,2,1.1369165918290007,0.6666666666666666,0.6,3,1,0.2890625,0.9375,5.0,0.06666666666666667,0.0925896295822207,0.7335714285714287,0.8285714285714285,0.8285714285714285,0.1428571428571429,0.30000000000000004
16,S3R24L64_N16_B05_diversity_coverage,shortlist64_run27,NATIVE_STAGE3,False,"[13,15,4,6,10,12,14,8,7,5,3,1,9,11,0,2]",fdcb8720ecd084d8,0.8666666666666667,0.13333333333333333,0.2622222222222222,0.7333333333333333,1,3,0.2,0.5714285714285714,6,1.297295830619819,0.6,0.6,2,2,0.27734375,0.8125,3.0,-0.048888888888888885,0.21971923723214712,0.45785714285714285,0.5142857142857142,0.4285714285714286,0.22857142857142854,0.30000000000000004
16,S3R24L64_N16_B06_tradeoff_probe,shortlist64_run27,NATIVE_STAGE3,False,"[12,13,4,11,2,9,14,5,10,1,8,7,6,15,0,3]",f57a092a90bfb679,0.8,0.2,0.4311111111111111,1.0,3,6,1.0,0.14285714285714285,12,1.6397063574096065,0.5666666666666667,0.7,2,2,0.2578125,0.75,15.0,-0.04,0.2504711609529844,0.2407142857142857,0.19999999999999996,0.17142857142857137,0.34285714285714286,0.8428571428571429
16,S3R24L64_N16_B07_sentinel_control,shortlist64_run27,NATIVE_STAGE3,False,"[6,13,3,14,5,2,7,11,10,0,9,15,4,1,8,12]",8dc607f674b89d63,0.4,0.8,0.4444444444444445,0.7333333333333333,1,6,0.6666666666666666,0.42857142857142855,8,2.153532456645254,0.6,0.5,3,1,0.21875,0.5625,10.0,0.02666666666666667,0.2089361648629895,0.35357142857142854,0.2571428571428571,0.4,0.7428571428571429,0.6428571428571428
16,S3R24L64_N16_B08_exploitation_reference,shortlist64_run27,NATIVE_STAGE3,False,"[2,4,6,8,10,14,12,0,1,3,5,7,9,11,13,15]",24ca4a939f4b0812,0.13333333333333333,1.0,0.18222222222222223,0.8,1,1,0.06666666666666667,0.8571428571428571,2,0.7201248812678098,0.36666666666666664,0.6,1,3,0.2265625,0.8125,1.0,0.05777777777777778,0.16947267524388995,0.8135714285714286,0.9428571428571428,0.6857142857142857,0.5714285714285714,0.12857142857142856
24,S3R24L64_N24_B01_top_region,shortlist64_run27,NATIVE_STAGE3,False,"[0,2,4,6,8,22,20,18,16,14,12,10,11,9,7,5,3,1,13,15,17,23,21,19]",d5d7a577aae2fbbb,0.0,0.8260869565217391,0.1342155009451796,0.6086956521739131,1,2,0.043478260869565216,0.7727272727272727,5,0.7031315809605685,0.6956521739130435,0.5652173913043478,4,2,0.2690972222222222,0.9583333333333334,1.0,0.035916824196597356,0.13862920315538077,0.6857692307692307,0.7076923076923076,0.5692307692307692,0.7076923076923076,0.823076923076923
24,S3R24L64_N24_B02_top_region,shortlist64_run27,NATIVE_STAGE3,False,"[0,2,4,6,8,10,12,22,20,18,16,14,1,3,5,7,23,21,19,17,15,13,11,9]",dfa42d2d41100d6a,0.0,0.391304347826087,0.14933837429111532,0.6956521739130435,0,2,0.043478260869565216,0.8636363636363636,3,0.5305096302260272,0.5652173913043478,0.30434782608695654,3,3,0.2690972222222222,0.9583333333333334,1.0,0.017013232514177693,0.16559805265085653,0.4076923076923077,0.49230769230769234,0.29230769230769227,0.07692307692307687,0.4307692307692308
24,S3R24L64_N24_B03_top_region,shortlist64_run27,NATIVE_STAGE3,False,"[2,0,4,6,8,10,12,14,16,18,20,22,11,9,7,5,3,1,13,15,17,19,21,23]",61876ec3bbab3171,0.08695652173913043,1.0,0.12665406427221174,0.5217391304347826,0,1,0.043478260869565216,0.8636363636363636,3,0.5305096302260272,0.5652173913043478,0.5652173913043478,3,3,0.265625,0.875,1.0,0.03969754253308128,0.1167440276494859,0.751923076923077,0.7846153846153846,0.7538461538461538,0.8,0.22307692307692306
24,S3R24L64_N24_B04_top_region,shortlist64_run27,NATIVE_STAGE3,False,"[0,2,4,6,8,10,12,14,16,18,20,22,23,21,19,3,5,7,9,11,17,15,13,1]",ddb347cb94c3ba51,0.0,0.043478260869565216,0.1379962192816635,0.6956521739130435,1,2,0.043478260869565216,0.8636363636363636,3,0.7031315809605685,0.5652173913043478,0.34782608695652173,3,3,0.2690972222222222,0.9583333333333334,1.0,0.001890359168241966,0.15205351646268586,0.5061538461538462,0.5538461538461539,0.4,0.4461538461538461,0.4307692307692308
24,S3R24L64_N24_B05_top_region,shortlist64_run27,NATIVE_STAGE3,False,"[0,2,4,6,8,10,12,18,20,22,16,14,1,3,5,7,9,11,13,15,17,19,21,23]",30f88e82766f163e,0.0,1.0,0.1228733459357278,0.5652173913043478,0,1,0.043478260869565216,0.9090909090909091,2,0.47023596235224924,0.5652173913043478,0.5652173913043478,3,3,0.2586805555555555,0.9583333333333334,1.0,0.043478260869565216,0.10623078501494984,0.6799999999999999,0.8,0.5538461538461539,0.10769230769230764,0.7692307692307692
24,S3R24L64_N24_B06_model_disagreement,shortlist64_run27,NATIVE_STAGE3,False,"[11,21,7,17,9,13,23,3,19,5,15,1,0,2,4,6,8,10,12,14,16,18,20,22]",5e8f606e284ef168,0.4782608695652174,0.9565217391304348,0.2892249527410208,0.8695652173913043,1,5,0.043478260869565216,0.5454545454545454,10,1.6042828110834988,0.34782608695652173,0.47826086956521735,1,5,0.14583333333333334,0.5,1.0,0.020793950850661626,0.24847978511033383,0.6596153846153846,0.5692307692307692,0.8923076923076922,1.0,0.22307692307692306
24,S3R24L64_N24_B07_model_disagreement,shortlist64_run27,NATIVE_STAGE3,False,"[11,5,7,17,3,13,23,9,19,21,15,1,0,2,4,6,8,10,12,14,16,18,20,22]",c892039c42dfb0f4,0.4782608695652174,0.9565217391304348,0.2287334593572779,0.6086956521739131,1,3,0.043478260869565216,0.6818181818181818,7,1.241074636854421,0.3913043478260869,0.47826086956521735,2,4,0.14756944444444445,0.5,1.0,0.020793950850661626,0.1978836789822568,0.7203846153846155,0.676923076923077,0.8615384615384616,0.9076923076923077,0.34615384615384615
24,S3R24L64_N24_B08_model_disagreement,shortlist64_run27,NATIVE_STAGE3,False,"[11,21,7,17,3,13,5,9,19,23,15,1,0,2,4,6,8,10,12,14,16,18,20,22]",7045906b4126d893,0.4782608695652174,0.9565217391304348,0.2438563327032136,0.6086956521739131,1,3,0.043478260869565216,0.6363636363636364,8,1.483735475335943,0.43478260869565216,0.47826086956521735,2,4,0.12847222222222224,0.5,1.0,0.020793950850661626,0.19643369660513907,0.6826923076923077,0.6,0.9230769230769231,0.9692307692307692,0.22307692307692306
24,S3R24L64_N24_B09_model_disagreement,shortlist64_run27,NATIVE_STAGE3,False,"[11,21,7,17,3,13,23,9,19,5,15,1,0,2,4,6,8,10,12,22,20,18,16,14]",245a8b26b41f99ed,0.4782608695652174,0.6086956521739131,0.30434782608695654,0.6086956521739131,1,5,0.043478260869565216,0.5,11,1.1922589317730563,0.43478260869565216,0.47826086956521735,2,4,0.12847222222222224,0.5,1.0,0.005671077504725897,0.22095379665910955,0.5911538461538461,0.7538461538461538,0.27692307692307694,0.0461538461538461,0.823076923076923
24,S3R24L64_N24_B10_uncertainty_calibration,shortlist64_run27,NATIVE_STAGE3,False,"[0,2,4,6,8,10,13,14,16,18,20,22,11,9,7,5,3,1,12,15,17,19,21,23]",1ee1ce45fe1ba3e6,0.0,1.0,0.1228733459357278,0.4782608695652174,1,0,0.21739130434782608,0.9090909090909091,2,0.7529168087785955,0.5652173913043478,0.5507246376811594,3,3,0.2690972222222222,0.9583333333333334,5.0,0.043478260869565216,0.11077569243087797,0.6596153846153846,0.6307692307692307,0.7846153846153846,0.8153846153846154,0.22307692307692306
24,S3R24L64_N24_B11_uncertainty_calibration,shortlist64_run27,NATIVE_STAGE3,False,"[11,21,7,17,3,13,23,9,19,5,15,1,0,2,20,6,8,10,12,14,16,18,4,22]",e54c35986492c68a,0.4782608695652174,0.9565217391304348,0.3950850661625709,0.782608695652174,1,9,0.043478260869565216,0.36363636363636365,14,1.4233379870866452,0.43478260869565216,0.463768115942029,2,4,0.12847222222222224,0.5,1.0,0.020793950850661626,0.24824957796411065,0.5565384615384615,0.41538461538461535,0.7384615384615385,0.9384615384615385,0.9
24,S3R24L64_N24_B12_uncertainty_calibration,shortlist64_run27,NATIVE_STAGE3,False,"[11,21,7,17,3,13,23,9,19,5,15,1,0,18,4,6,8,10,12,14,16,2,20,22]",97c3cadc95217af2,0.4782608695652174,0.9565217391304348,0.3950850661625709,0.782608695652174,1,9,0.043478260869565216,0.36363636363636365,14,1.4233379870866452,0.43478260869565216,0.5217391304347826,2,4,0.12847222222222224,0.5,1.0,0.020793950850661626,0.24824957796411065,0.545,0.4307692307692308,0.6615384615384615,0.8923076923076922,0.8692307692307693
24,S3R24L64_N24_B13_uncertainty_calibration,shortlist64_run27,NATIVE_STAGE3,False,"[0,2,4,6,8,10,12,14,16,18,19,22,11,9,7,5,3,1,13,15,17,20,21,23]",429442f9a7ee440f,0.0,1.0,0.1228733459357278,0.5217391304347826,2,1,0.21739130434782608,0.9090909090909091,2,0.9208326693504343,0.5652173913043478,0.5797101449275363,3,3,0.2881944444444445,0.9583333333333334,5.0,0.043478260869565216,0.11796204734837577,0.5842307692307692,0.6923076923076923,0.19999999999999996,0.8307692307692307,0.22307692307692306
24,S3R24L64_N24_B14_diversity_coverage,shortlist64_run27,NATIVE_STAGE3,False,"[12,14,16,18,3,13,23,9,19,5,15,1,0,2,4,6,8,10,11,21,7,17,20,22]",fdb98a247a7f0f60,0.5217391304347826,0.9565217391304348,0.29111531190926276,0.6521739130434783,2,5,0.17391304347826086,0.5454545454545454,10,1.5069268325755951,0.34782608695652173,0.5652173913043478,2,4,0.20138888888888887,0.5,4.0,0.01890359168241966,0.22662245097384814,0.3265384615384615,0.32307692307692304,0.03076923076923077,0.8615384615384616,0.48461538461538467
24,S3R24L64_N24_B15_diversity_coverage,shortlist64_run27,NATIVE_STAGE3,False,"[0,2,4,15,17,19,21,14,16,18,20,22,11,9,7,5,3,1,13,6,8,10,12,23]",61435e6dddaa6fd2,0.0,1.0,0.17580340264650285,0.5217391304347826,0,1,0.21739130434782608,0.7272727272727273,6,0.8378090821825457,0.6521739130434783,0.34782608695652173,4,2,0.296875,0.9583333333333334,5.0,0.043478260869565216,0.1562264915795417,0.45346153846153847,0.46153846153846156,0.41538461538461535,0.46153846153846156,0.48461538461538467
24,S3R24L64_N24_B16_diversity_coverage,shortlist64_run27,NATIVE_STAGE3,False,"[0,2,15,17,19,21,12,14,16,18,20,22,11,9,7,5,3,1,13,4,6,8,10,23]",01f2cb7f75d2ba0f,0.0,1.0,0.19092627599243855,0.5652173913043478,0,3,0.21739130434782608,0.7272727272727273,6,0.9208326693504343,0.6811594202898551,0.4492753623188406,4,2,0.3003472222222222,0.9583333333333334,5.0,0.043478260869565216,0.1789162788503046,0.4338461538461538,0.4769230769230769,0.3076923076923077,0.5692307692307692,0.10769230769230764
24,S3R24L64_N24_B17_diversity_coverage,shortlist64_run27,NATIVE_STAGE3,False,"[0,2,17,15,13,1,12,14,16,18,20,22,11,9,7,5,3,19,21,23,4,6,8,10]",6644531cea779794,0.0,0.43478260869565216,0.22306238185255198,0.8260869565217391,0,4,0.17391304347826086,0.7272727272727273,6,0.9811063372242121,0.608695652173913,0.5652173913043478,3,3,0.296875,0.9583333333333334,4.0,0.01890359168241966,0.2382452590425429,0.3819230769230769,0.36923076923076925,0.32307692307692304,0.3076923076923077,0.9307692307692308
24,S3R24L64_N24_B18_tradeoff_probe,shortlist64_run27,NATIVE_STAGE3,False,"[17,4,15,6,1,18,23,14,5,22,3,2,11,16,13,8,21,10,7,12,9,20,19,0]",5847234d7bb5fec7,0.7391304347826086,0.0,0.38374291115311904,0.8260869565217391,2,6,1.0,0.36363636363636365,14,2.0168325557847027,0.5652173913043478,0.5072463768115942,3,3,0.2309027777777778,0.7083333333333334,23.0,-0.032136105860113416,0.2376746108960561,0.21192307692307688,0.16923076923076918,0.07692307692307687,0.3846153846153846,0.9615384615384616
24,S3R24L64_N24_B19_tradeoff_probe,shortlist64_run27,NATIVE_STAGE3,False,"[17,19,21,23,8,10,12,22,20,18,16,14,7,5,3,1,9,11,13,15,0,2,4,6]",8347904d193448a1,0.7391304347826086,0.2608695652173913,0.1720226843100189,0.6521739130434783,0,2,0.13043478260869565,0.7272727272727273,6,0.8131904766523733,0.5652173913043478,0.5652173913043478,3,3,0.2690972222222222,0.7083333333333334,3.0,-0.020793950850661626,0.1755491382418737,0.64,0.8461538461538461,0.16923076923076918,0.2153846153846154,0.6923076923076923
24,S3R24L64_N24_B20_tradeoff_probe,shortlist64_run27,NATIVE_STAGE3,False,"[17,19,21,23,8,10,12,22,20,18,16,14,3,1,5,7,9,11,13,15,0,2,4,6]",82d8cc4867e4c247,0.7391304347826086,0.2608695652173913,0.1720226843100189,0.6521739130434783,0,2,0.13043478260869565,0.7272727272727273,6,0.8131904766523733,0.5652173913043478,0.5652173913043478,3,3,0.2604166666666667,0.7083333333333334,3.0,-0.020793950850661626,0.18108022706734286,0.6592307692307692,0.9384615384615385,0.1384615384615384,0.19999999999999996,0.03076923076923077
24,S3R24L64_N24_B21_sentinel_control,shortlist64_run27,NATIVE_STAGE3,False,"[18,13,14,21,12,5,10,15,2,23,16,1,6,3,4,11,22,19,0,7,20,17,8,9]",2b407e089be11262,0.782608695652174,0.391304347826087,0.334593572778828,0.9130434782608695,3,5,1.0,0.4090909090909091,13,2.137379891532258,0.3913043478260869,0.5217391304347826,3,3,0.22395833333333334,0.75,23.0,-0.017013232514177693,0.23305913054703126,0.14423076923076922,0.10769230769230764,0.09230769230769231,0.24615384615384617,0.6230769230769231
24,S3R24L64_N24_B22_sentinel_control,shortlist64_run27,NATIVE_STAGE3,False,"[21,7,16,0,14,4,19,5,12,20,8,15,23,10,3,11,1,2,6,17,13,22,18,9]",0c3c572ce8b1aad9,0.9130434782608695,0.391304347826087,0.40453686200378075,0.6956521739130435,1,7,0.43478260869565216,0.2727272727272727,16,2.358734272824039,0.5797101449275363,0.463768115942029,3,3,0.1875,0.875,10.0,-0.02268431001890359,0.16786985462603649,0.40384615384615385,0.18461538461538463,0.9384615384615385,0.6153846153846154,0.6923076923076923
24,S3R24L64_N24_B23_exploitation_reference,shortlist64_run27,NATIVE_STAGE3,False,"[0,2,4,6,8,10,12,14,16,18,20,22,11,1,3,5,7,9,13,15,17,19,21,23]",9682d973aa5c8db4,0.0,1.0,0.1228733459357278,0.4782608695652174,0,0,0.043478260869565216,0.9090909090909091,2,0.5305096302260272,0.5652173913043478,0.5652173913043478,3,3,0.2690972222222222,0.9583333333333334,1.0,0.043478260869565216,0.1046719712658384,0.7773076923076925,0.9230769230769231,0.7692307692307692,0.12307692307692308,0.22307692307692306
24,S3R24L64_N24_B24_exploitation_reference,shortlist64_run27,NATIVE_STAGE3,False,"[0,2,4,6,8,10,12,14,16,18,20,22,11,9,1,3,5,7,13,15,17,19,21,23]",88e73e9ad94ac53f,0.0,1.0,0.1228733459357278,0.4782608695652174,0,0,0.043478260869565216,0.9090909090909091,2,0.5305096302260272,0.5652173913043478,0.5652173913043478,3,3,0.2690972222222222,0.9583333333333334,1.0,0.043478260869565216,0.09818955699977734,0.6726923076923078,0.7384615384615385,0.8307692307692307,0.15384615384615385,0.22307692307692306
40,S3R24L64_N40_B01_top_region,shortlist64_run27,NATIVE_STAGE3,False,"[0,2,4,6,8,10,12,38,36,34,32,30,28,26,24,22,20,18,16,14,19,17,15,13,11,9,7,5,3,1,21,23,25,27,29,31,33,35,37,39]",cc574ee97e23d3a0,0.0,1.0,0.08086785009861933,0.6666666666666666,0,2,0.02564102564102564,0.8947368421052632,4,0.3556980106276987,0.7384615384615385,0.5384615384615385,8,2,0.26187499999999997,0.975,1.0,0.02564102564102564,0.12020235885753522,0.6146153846153847,0.676923076923077,0.3538461538461538,0.9692307692307692,0.1384615384615384
40,S3R24L64_N40_B02_top_region,shortlist64_run27,NATIVE_STAGE3,False,"[33,35,37,39,0,2,4,6,8,10,12,14,16,18,20,22,24,26,28,38,36,34,32,30,9,7,5,3,1,11,13,15,17,19,21,23,25,27,29,31]",198304997aa51f7f,0.8461538461538461,0.7948717948717948,0.09861932938856016,1.0,0,2,0.05128205128205128,0.8947368421052632,4,0.4373186586064318,0.7846153846153846,0.27179487179487183,9,1,0.270625,0.825,2.0,-0.0013149243918474686,0.17053256414970921,0.5850000000000001,0.8153846153846154,0.2153846153846154,0.0,0.2384615384615385
40,S3R24L64_N40_B03_top_region,shortlist64_run27,NATIVE_STAGE3,False,"[31,33,35,37,39,0,2,4,6,8,10,12,14,16,18,20,22,24,26,28,30,38,36,34,32,19,17,15,13,11,9,7,5,3,1,21,23,25,27,29]",c1c108e2813bd09b,0.7948717948717948,0.7435897435897436,0.09861932938856016,1.0,0,2,0.05128205128205128,0.8947368421052632,4,0.4728646678649162,0.7948717948717949,0.5128205128205129,10,0,0.25875,0.775,2.0,-0.0013149243918474686,0.17013668444896063,0.7284615384615385,0.8769230769230769,0.5538461538461539,0.07692307692307687,0.8
40,S3R24L64_N40_B04_top_region,shortlist64_run27,NATIVE_STAGE3,False,"[31,33,35,37,39,0,2,10,8,6,4,12,14,16,18,20,22,24,26,28,30,32,34,36,38,19,17,15,13,11,9,7,5,3,1,21,23,25,27,29]",baa132a2934e1658,0.7948717948717948,0.7435897435897436,0.10650887573964497,1.0,0,2,0.05128205128205128,0.8421052631578947,6,0.5537526154049188,0.7641025641025642,0.5128205128205129,9,1,0.25125000000000003,0.775,2.0,-0.0013149243918474686,0.1776973274390477,0.7153846153846155,0.7384615384615385,0.5076923076923077,0.9384615384615385,0.8
40,S3R24L64_N40_B05_top_region,shortlist64_run27,NATIVE_STAGE3,False,"[33,35,37,39,0,2,4,6,8,10,12,14,16,18,20,22,24,26,28,30,38,36,34,32,19,17,15,13,11,9,7,5,3,1,21,23,25,27,29,31]",742ef66aad688f36,0.8461538461538461,0.7948717948717948,0.09861932938856016,1.0,0,2,0.05128205128205128,0.8947368421052632,4,0.4728646678649162,0.7846153846153846,0.517948717948718,9,1,0.26625,0.825,2.0,-0.0013149243918474686,0.17013668444896063,0.7069230769230769,0.9384615384615385,0.27692307692307694,0.01538461538461533,0.8
40,S3R24L64_N40_B06_model_disagreement,shortlist64_run27,NATIVE_STAGE3,False,"[8,10,12,14,16,18,20,22,24,26,28,30,32,34,36,38,19,1,21,23,25,27,29,31,33,35,37,39,17,15,13,11,9,7,5,3,0,2,4,6]",04fb04483e06ab57,0.20512820512820512,0.15384615384615385,0.09861932938856016,0.5641025641025641,0,2,0.05128205128205128,0.8947368421052632,4,0.5892986246634032,0.27179487179487183,0.6923076923076923,1,9,0.2425,0.775,2.0,-0.0013149243918474686,0.13845161061377226,0.583076923076923,0.6461538461538461,0.4461538461538461,0.6461538461538461,0.18461538461538463
40,S3R24L64_N40_B07_model_disagreement,shortlist64_run27,NATIVE_STAGE3,False,"[12,14,16,18,20,22,24,26,28,30,32,34,36,38,19,1,21,23,25,27,29,31,33,35,37,39,17,15,13,11,9,7,5,3,0,2,4,6,8,10]",42b2cce7b6cd3830,0.3076923076923077,0.2564102564102564,0.09861932938856016,0.5641025641025641,0,2,0.05128205128205128,0.8947368421052632,4,0.5892986246634032,0.26153846153846155,0.7230769230769231,1,9,0.25875,0.675,2.0,-0.0013149243918474686,0.13845161061377226,0.5046153846153846,0.6,0.32307692307692304,0.49230769230769234,0.01538461538461533
40,S3R24L64_N40_B08_model_disagreement,shortlist64_run27,NATIVE_STAGE3,False,"[0,2,4,6,8,10,12,14,16,18,20,22,24,26,28,30,32,34,36,38,19,17,15,9,7,5,3,1,11,13,21,23,25,27,29,31,33,35,37,39]",8a1c069e8cc3aab3,0.0,1.0,0.07429322813938198,0.48717948717948717,0,0,0.02564102564102564,0.9473684210526315,2,0.4728646678649162,0.5384615384615385,0.5384615384615385,5,5,0.26187499999999997,0.975,1.0,0.02564102564102564,0.07935979948458334,0.6861538461538461,0.6615384615384615,0.8461538461538461,0.7846153846153846,0.16923076923076918
40,S3R24L64_N40_B09_model_disagreement,shortlist64_run27,NATIVE_STAGE3,False,"[14,16,18,20,22,24,26,28,30,32,34,36,38,19,1,21,23,25,27,29,31,33,35,37,39,17,15,13,11,9,7,5,3,0,2,4,6,8,10,12]",9416203917957318,0.358974358974359,0.3076923076923077,0.09861932938856016,0.5641025641025641,0,2,0.05128205128205128,0.8947368421052632,4,0.5892986246634032,0.28717948717948716,0.7076923076923076,2,8,0.26875,0.625,2.0,-0.0013149243918474686,0.13845161061377226,0.4976923076923077,0.6307692307692307,0.2615384615384615,0.3538461538461538,0.0
40,S3R24L64_N40_B10_uncertainty_calibration,shortlist64_run27,NATIVE_STAGE3,False,"[19,20,18,21,17,22,23,16,15,24,25,14,13,26,27,12,28,11,29,10,9,30,31,8,7,32,6,33,34,5,4,35,36,3,2,37,38,1,0,39]",6cf61e7e1a0eea3f,0.48717948717948717,1.0,0.3155818540433925,1.0,15,11,0.8717948717948718,0.3684210526315789,24,2.6220038764499503,0.12820512820512822,0.8974358974358975,0,10,0.25,0.5,34.0,0.013149243918474687,0.31915709835686973,0.09461538461538462,0.09230769230769231,0.03076923076923077,0.1384615384615384,0.29230769230769227
40,S3R24L64_N40_B11_uncertainty_calibration,shortlist64_run27,NATIVE_STAGE3,False,"[0,2,10,8,6,4,12,14,16,18,20,22,24,26,28,30,39,19,29,9,34,21,11,31,36,1,3,5,7,13,15,17,23,25,27,32,33,35,37,38]",88607ff800752d0d,0.0,0.9743589743589743,0.16173570019723865,0.8974358974358975,2,5,0.20512820512820512,0.7368421052631579,10,1.6576579885420633,0.5384615384615385,0.517948717948718,5,5,0.280625,0.975,8.0,0.024983563445101907,0.19640850942019097,0.47115384615384615,0.5384615384615384,0.3384615384615385,0.24615384615384617,0.5769230769230769
40,S3R24L64_N40_B12_uncertainty_calibration,shortlist64_run27,NATIVE_STAGE3,False,"[25,29,21,5,30,20,32,16,34,36,22,2,14,18,27,39,13,23,6,37,9,3,8,26,4,0,24,35,10,12,33,1,11,28,17,7,15,19,31,38]",b001209498d8d80c,0.6410256410256411,0.9743589743589743,0.35700197238658776,0.8205128205128205,0,10,0.28205128205128205,0.42105263157894735,22,2.988187470176444,0.4564102564102564,0.5076923076923077,5,5,0.170625,0.625,11.0,0.008547008547008546,0.2085015698915317,0.3811538461538461,0.29230769230769227,0.49230769230769234,0.5692307692307692,0.7153846153846154
40,S3R24L64_N40_B13_uncertainty_calibration,shortlist64_run27,NATIVE_STAGE3,False,"[22,23,25,27,28,30,24,34,4,2,6,26,21,16,11,31,36,1,3,5,7,8,10,12,13,15,17,18,20,0,39,19,29,9,14,32,33,35,37,38]",b85ba16e4db50b3e,0.5641025641025641,0.9743589743589743,0.20512820512820512,1.0,7,8,0.358974358974359,0.631578947368421,14,1.91871941167091,0.4615384615384615,0.6307692307692307,4,6,0.21375000000000002,0.55,14.0,0.010519395134779749,0.25687006766594084,0.28923076923076924,0.3538461538461538,0.12307692307692308,0.2153846153846154,0.2615384615384615
40,S3R24L64_N40_B14_diversity_coverage,shortlist64_run27,NATIVE_STAGE3,False,"[0,37,28,15,24,19,34,27,4,7,36,9,10,35,26,33,12,29,2,25,18,23,20,39,32,3,16,17,22,31,30,13,8,21,38,11,6,1,14,5]",2988e56a2f6858d2,0.0,0.1282051282051282,0.3399079552925707,0.9487179487179487,3,10,1.0,0.34210526315789475,25,2.5370361346307844,0.5384615384615385,0.558974358974359,5,5,0.17250000000000001,0.975,39.0,0.0032873109796186717,0.23974212705928016,0.30692307692307697,0.24615384615384617,0.19999999999999996,0.6153846153846154,0.9076923076923077
40,S3R24L64_N40_B15_diversity_coverage,shortlist64_run27,NATIVE_STAGE3,False,"[15,32,5,34,29,8,13,2,23,4,31,26,21,10,7,20,11,38,37,24,19,16,39,0,25,18,3,6,35,12,33,14,9,28,17,30,27,36,1,22]",14e65401d5dd06f8,0.38461538461538464,0.5641025641025641,0.39250493096646943,1.0,1,14,1.0,0.2631578947368421,28,2.658865690940738,0.5641025641025641,0.49230769230769234,6,4,0.13874999999999998,0.6,39.0,0.0046022353714661405,0.25271191129068193,0.4323076923076922,0.32307692307692304,0.6,0.6923076923076923,0.6615384615384615
40,S3R24L64_N40_B16_diversity_coverage,shortlist64_run27,NATIVE_STAGE3,False,"[9,36,33,8,7,16,23,12,5,2,21,18,37,34,25,6,15,26,3,32,1,24,35,28,19,4,39,14,31,30,29,20,11,38,13,22,17,0,27,10]",f25e144b16dbcb4d,0.23076923076923078,0.2564102564102564,0.36620644312952005,0.8974358974358975,3,11,1.0,0.39473684210526316,23,2.5450052124988276,0.5692307692307692,0.43589743589743585,7,3,0.185,0.75,39.0,0.0006574621959237343,0.24317926021133557,0.22884615384615387,0.2153846153846154,0.18461538461538463,0.23076923076923073,0.5769230769230769
40,S3R24L64_N40_B17_diversity_coverage,shortlist64_run27,NATIVE_STAGE3,False,"[8,37,6,5,2,17,26,15,24,23,22,27,32,33,12,7,30,31,28,39,38,1,18,9,34,11,14,29,16,25,36,21,20,35,10,13,4,19,0,3]",f44b5129283f065b,0.20512820512820512,0.07692307692307693,0.29783037475345164,0.9487179487179487,7,8,1.0,0.3157894736842105,26,2.4551718465211305,0.49230769230769234,0.5230769230769231,5,5,0.190625,0.775,39.0,-0.0032873109796186717,0.2428092541001677,0.326923076923077,0.3076923076923077,0.1384615384615384,0.5538461538461539,0.8769230769230769
40,S3R24L64_N40_B18_tradeoff_probe,shortlist64_run27,NATIVE_STAGE3,False,"[35,36,5,26,39,22,37,34,11,18,23,8,27,28,33,4,31,14,9,30,25,0,3,6,17,38,19,10,15,32,13,24,21,12,1,16,7,20,29,2]",6f26a42605f7b8eb,0.8974358974358975,0.05128205128205128,0.34122287968441817,0.7948717948717948,2,9,1.0,0.39473684210526316,23,2.6436741624082374,0.6,0.4205128205128205,6,4,0.1875,0.875,39.0,-0.021696252465483234,0.2130421005393774,0.2715384615384615,0.23076923076923073,0.23076923076923073,0.5384615384615384,0.4307692307692308
40,S3R24L64_N40_B19_tradeoff_probe,shortlist64_run27,NATIVE_STAGE3,False,"[29,30,13,20,1,2,27,38,7,22,35,32,19,6,9,14,11,28,3,16,23,24,5,34,21,12,33,26,31,10,37,18,15,8,39,36,17,4,25,0]",17709b55cd2df96c,0.7435897435897436,0.0,0.3517422748191979,0.7948717948717948,3,10,1.0,0.34210526315789475,25,2.537036134630785,0.5333333333333333,0.5846153846153845,5,5,0.136875,0.725,39.0,-0.0190664036817883,0.22889506457645226,0.39307692307692305,0.27692307692307694,0.5384615384615384,0.7230769230769231,0.6615384615384615
40,S3R24L64_N40_B20_tradeoff_probe,shortlist64_run27,NATIVE_STAGE3,False,"[25,10,33,16,29,34,1,6,13,0,31,20,19,26,27,18,23,32,5,36,35,22,37,8,17,12,7,14,39,28,15,24,9,30,3,38,21,4,11,2]",487a79ff3d38abb8,0.6410256410256411,0.05128205128205128,0.3635765943458251,0.8974358974358975,3,10,1.0,0.2631578947368421,28,2.606353243686139,0.5846153846153845,0.5538461538461539,5,5,0.133125,0.625,39.0,-0.015121630506245891,0.24213182134322508,0.3638461538461538,0.15384615384615385,0.7846153846153846,0.6,0.9384615384615385
40,S3R24L64_N40_B21_sentinel_control,shortlist64_run27,NATIVE_STAGE3,False,"[37,28,17,24,29,18,39,32,7,34,33,14,9,8,11,16,5,12,13,30,31,10,19,4,1,22,23,20,3,38,35,0,25,2,27,36,15,6,21,26]",06aac074db1c5325,0.9487179487179487,0.6666666666666666,0.3214990138067061,0.8974358974358975,5,11,1.0,0.4473684210526316,21,2.5283233635140716,0.5282051282051282,0.5538461538461539,5,5,0.18875,0.925,39.0,-0.007232084155161078,0.24565518701286415,0.26538461538461544,0.18461538461538463,0.4,0.18461538461538463,0.9384615384615385
40,S3R24L64_N40_B22_sentinel_control,shortlist64_run27,NATIVE_STAGE3,False,"[22,5,8,31,32,3,18,35,6,17,12,37,16,33,30,19,10,23,36,29,26,1,24,15,2,21,0,7,28,11,4,13,34,39,14,9,20,27,38,25]",8229fb93c4d72263,0.5641025641025641,0.6410256410256411,0.3556870479947403,0.7435897435897436,1,11,1.0,0.42105263157894735,22,2.543514892047572,0.5230769230769231,0.5333333333333333,7,3,0.146875,0.55,39.0,0.0019723865877712033,0.19769397369785946,0.3630769230769231,0.2615384615384615,0.5692307692307692,0.46153846153846156,0.6615384615384615
40,S3R24L64_N40_B23_exploitation_reference,shortlist64_run27,NATIVE_STAGE3,False,"[0,2,4,6,8,10,12,14,16,18,20,38,36,34,32,30,28,26,24,22,19,17,15,13,11,9,7,5,3,1,21,23,25,27,29,31,33,35,37,39]",31eb3c72613d8e65,0.0,1.0,0.07429322813938198,0.5128205128205128,0,1,0.02564102564102564,0.9473684210526315,2,0.3556980106276987,0.5384615384615385,0.5384615384615385,5,5,0.26187499999999997,0.975,1.0,0.02564102564102564,0.09625480070314375,0.8992307692307693,0.9846153846153847,0.8,0.9230769230769231,0.1384615384615384
40,S3R24L64_N40_B24_exploitation_reference,shortlist64_run27,NATIVE_STAGE3,False,"[0,2,4,6,8,10,12,14,16,18,20,22,24,26,28,30,32,34,36,38,21,17,15,13,11,9,7,5,3,1,19,23,25,27,29,31,33,35,37,39]",06477238e66665b0,0.0,1.0,0.07429322813938198,0.46153846153846156,0,0,0.02564102564102564,0.9473684210526315,2,0.4373186586064318,0.5384615384615385,0.5333333333333333,5,5,0.26187499999999997,0.975,1.0,0.02564102564102564,0.087829665809582,0.6615384615384615,0.5846153846153845,0.8615384615384616,0.8769230769230769,0.4307692307692308
12,S3R34N32INF_N12_B01_graph_pointer,run36_N32_informed_native_batch32,NATIVE_STAGE3,False,"[0,2,4,6,5,3,1,8,7,10,9,11]",31e6b32d8dd38787,0.0,1.0,0.2066115702479339,0.6363636363636364,3,1,0.45454545454545453,0.4,6,1.1209503926695834,0.6363636363636364,0.8181818181818182,2,1,0.3819444444444444,0.9166666666666666,5.0,0.09090909090909091,0.14551088315420668,0.3514285714285715,0.4571428571428572,0.05714285714285716,0.34285714285714286,0.17142857142857137
12,S3R34N32INF_N12_B02_surrogate_top,run36_N32_informed_native_batch32,NATIVE_STAGE3,False,"[2,0,4,10,8,6,3,1,5,11,9,7]",56f66dde780a1bf4,0.18181818181818182,0.6363636363636364,0.2892561983471074,0.5454545454545454,0,2,0.09090909090909091,0.6,4,1.1685184057390878,0.6363636363636364,0.6363636363636364,2,1,0.2708333333333333,0.75,1.0,0.04132231404958678,0.13878393077476583,0.7635714285714286,0.9142857142857143,0.4285714285714286,0.5428571428571429,0.5857142857142856
12,S3R34N32INF_N12_B03_hybrid_agree,run36_N32_informed_native_batch32,NATIVE_STAGE3,False,"[10,4,0,2,6,8,11,5,9,7,3,1]",9e979747aaf223af,0.9090909090909091,0.09090909090909091,0.32231404958677684,0.5454545454545454,0,2,0.09090909090909091,0.6,4,1.2636544318780962,0.6969696969696969,0.5151515151515151,2,1,0.23611111111111113,0.8333333333333334,1.0,-0.0743801652892562,0.1306726305854702,0.4992857142857143,0.5142857142857142,0.4,0.6571428571428571,0.3857142857142857
12,S3R34N32INF_N12_B04_hybrid_disagree,run36_N32_informed_native_batch32,NATIVE_STAGE3,False,"[10,6,2,0,4,8,9,3,11,1,7,5]",d649592d224a9c29,0.9090909090909091,0.45454545454545453,0.42148760330578516,0.9090909090909091,1,4,0.09090909090909091,0.4,6,1.641734712181521,0.5151515151515151,0.393939393939394,2,1,0.2152777777777778,0.8333333333333334,1.0,-0.04132231404958678,0.23346193209628982,0.48357142857142865,0.4285714285714286,0.5428571428571429,0.6285714285714286,0.6714285714285715
16,S3R34N32INF_N16_B01_graph_pointer,run36_N32_informed_native_batch32,NATIVE_STAGE3,False,"[0,2,4,6,8,10,9,7,5,3,1,12,11,14,13,15]",3829bc1e73f58a5b,0.0,1.0,0.16444444444444445,0.7333333333333333,3,1,0.3333333333333333,0.5714285714285714,6,0.953271014701891,0.6,0.7666666666666666,2,2,0.36328125,0.9375,5.0,0.06666666666666667,0.15561903466676974,0.5014285714285714,0.6571428571428571,0.11428571428571432,0.5142857142857142,0.0
16,S3R34N32INF_N16_B02_surrogate_top,run36_N32_informed_native_batch32,NATIVE_STAGE3,False,"[12,4,6,10,14,0,2,8,5,13,15,3,7,1,11,9]",27bbe1cb2bd94d9b,0.8,0.6,0.38666666666666666,0.9333333333333333,0,5,0.06666666666666667,0.2857142857142857,10,1.9338099989126316,0.4,0.4,1,3,0.1796875,0.75,1.0,-0.013333333333333334,0.24849174663989979,0.4792857142857143,0.4571428571428572,0.4571428571428572,0.48571428571428577,0.8428571428571429
16,S3R34N32INF_N16_B03_hybrid_agree,run36_N32_informed_native_batch32,NATIVE_STAGE3,False,"[2,6,14,10,0,12,8,4,1,7,3,9,15,5,11,13]",5db176c134fa0c3a,0.13333333333333333,0.8666666666666667,0.39555555555555555,0.8,0,4,0.06666666666666667,0.42857142857142855,8,1.709472776577213,0.5333333333333333,0.6333333333333333,2,2,0.19140625,0.8125,1.0,0.048888888888888885,0.1861368141455282,0.48214285714285726,0.48571428571428577,0.5428571428571429,0.19999999999999996,0.7571428571428571
16,S3R34N32INF_N16_B04_hybrid_disagree,run36_N32_informed_native_batch32,NATIVE_STAGE3,False,"[8,10,0,4,6,14,12,2,7,11,5,1,3,9,13,15]",6f90b93bd69164aa,0.5333333333333333,1.0,0.31555555555555553,0.6666666666666666,0,3,0.06666666666666667,0.5714285714285714,6,1.6170531525035536,0.4666666666666667,0.6333333333333333,1,3,0.18359375,0.5,1.0,0.03111111111111111,0.17965673716806876,0.54,0.4285714285714286,0.8,0.7714285714285715,0.48571428571428577
24,S3R34N32INF_N24_B01_graph_pointer,run36_N32_informed_native_batch32,NATIVE_STAGE3,False,"[0,2,4,6,8,10,12,14,16,18,20,22,21,19,17,15,13,11,9,7,5,3,1,23]",fd4d2251d26e8fe6,0.0,1.0,0.1228733459357278,0.9565217391304348,1,1,0.043478260869565216,0.9090909090909091,2,0.355712859743894,0.5652173913043478,0.6376811594202898,3,3,0.2690972222222222,0.9583333333333334,1.0,0.043478260869565216,0.17795500243118798,0.6303846153846154,0.5076923076923077,0.9692307692307692,0.9538461538461538,0.22307692307692306
24,S3R34N32INF_N24_B02_surrogate_top,run36_N32_informed_native_batch32,NATIVE_STAGE3,False,"[16,12,0,2,4,8,14,20,18,10,6,22,15,17,21,11,5,1,7,13,9,3,23,19]",d32aa3c0deee7cee,0.6956521739130435,0.8260869565217391,0.2741020793950851,0.8695652173913043,0,3,0.043478260869565216,0.5454545454545454,10,1.8347505070838412,0.5362318840579711,0.5217391304347826,3,3,0.16145833333333334,0.6666666666666666,1.0,0.005671077504725897,0.1907858511461646,0.40807692307692317,0.2153846153846154,0.9846153846153847,0.4,0.6230769230769231
24,S3R34N32INF_N24_B03_hybrid_agree,run36_N32_informed_native_batch32,NATIVE_STAGE3,False,"[22,18,12,16,10,20,2,4,14,6,0,8,17,13,7,11,1,3,15,9,5,21,19,23]",3ed2ee05e4bdb6d7,0.9565217391304348,1.0,0.30434782608695654,0.782608695652174,0,3,0.043478260869565216,0.3181818181818182,15,1.9713327171954806,0.463768115942029,0.5942028985507246,3,3,0.2065972222222222,0.9166666666666666,1.0,0.001890359168241966,0.17995186702914592,0.3792307692307692,0.23076923076923073,0.6923076923076923,0.6461538461538461,0.523076923076923
24,S3R34N32INF_N24_B04_hybrid_disagree,run36_N32_informed_native_batch32,NATIVE_STAGE3,False,"[20,2,0,22,14,10,18,6,16,12,8,4,3,17,19,23,15,13,11,1,9,5,7,21]",c86e84008b3b4d7a,0.8695652173913043,0.9130434782608695,0.31568998109640833,0.9565217391304348,1,5,0.043478260869565216,0.5,11,1.9565588879089244,0.6376811594202899,0.49275362318840576,4,2,0.20833333333333334,0.8333333333333334,1.0,0.001890359168241966,0.24061829321949843,0.4219230769230769,0.4,0.4461538461538461,0.41538461538461535,0.6230769230769231
24,S3R34N32INF_N24_B05_uncertainty,run36_N32_informed_native_batch32,NATIVE_STAGE3,False,"[18,20,14,4,2,0,22,16,8,6,12,10,7,9,21,1,15,19,11,13,23,17,3,5]",738249755687c0ee,0.782608695652174,0.21739130434782608,0.31190926275992437,0.9565217391304348,0,5,0.043478260869565216,0.45454545454545453,12,1.9902945262983702,0.6666666666666666,0.49275362318840576,5,1,0.20833333333333334,0.75,1.0,-0.024574669187145556,0.250798731916259,0.43884615384615383,0.3384615384615385,0.6461538461538461,0.4307692307692308,0.9307692307692308
24,S3R34N32INF_N24_B06_diversity,run36_N32_informed_native_batch32,NATIVE_STAGE3,False,"[18,22,20,14,4,8,6,10,16,12,0,2,7,9,17,23,15,21,11,3,13,19,1,5]",9f02dd3082df3ba3,0.782608695652174,0.21739130434782608,0.277882797731569,0.782608695652174,0,2,0.043478260869565216,0.45454545454545453,12,1.9080494202329223,0.5652173913043478,0.5072463768115941,4,2,0.19791666666666666,0.75,1.0,-0.024574669187145556,0.16254890606204658,0.4419230769230769,0.3076923076923077,0.8153846153846154,0.4769230769230769,0.6230769230769231
24,S3R34N32INF_N24_B07_sentinel,run36_N32_informed_native_batch32,NATIVE_STAGE3,False,"[20,18,14,12,4,8,22,10,16,6,2,0,1,5,15,13,21,17,23,19,11,9,7,3]",cd2eef365a3f8007,0.8695652173913043,0.13043478260869565,0.23251417769376181,0.6086956521739131,1,2,0.043478260869565216,0.5454545454545454,10,1.8120005877907306,0.4202898550724638,0.5072463768115942,3,3,0.18229166666666666,0.8333333333333334,1.0,-0.032136105860113416,0.1525696693684769,0.5376923076923077,0.3846153846153846,0.9538461538461538,0.6923076923076923,0.5538461538461539
24,S3R34N32INF_N24_B08_n24_calibration,run36_N32_informed_native_batch32,NATIVE_STAGE3,False,"[22,20,18,16,14,12,10,8,6,4,2,0,11,9,7,5,3,1,13,15,17,19,21,23]",a3d01febcc3c76d5,0.9565217391304348,1.0,0.1228733459357278,0.5217391304347826,0,1,0.043478260869565216,0.8636363636363636,3,0.355712859743894,0.47826086956521735,0.5652173913043478,3,3,0.25,0.9166666666666666,1.0,0.001890359168241966,0.11656022691469184,0.7511538461538461,0.8307692307692307,0.6153846153846154,0.8461538461538461,0.0692307692307692
24,S3R34N32INF_N24_B09_n24_calibration,run36_N32_informed_native_batch32,NATIVE_STAGE3,False,"[21,19,17,15,13,1,3,5,7,9,11,22,20,18,16,14,12,10,8,6,4,2,0,23]",74287c57c37ad8ad,0.9130434782608695,1.0,0.16257088846880907,1.0,0,2,0.08695652173913043,0.8636363636363636,3,0.5305096302260272,0.5507246376811594,0.7101449275362319,3,3,0.23263888888888887,0.875,2.0,0.003780718336483932,0.21308297589356298,0.6653846153846154,0.8153846153846154,0.5076923076923077,0.32307692307692304,0.03076923076923077
24,S3R34N32INF_N24_B10_n24_calibration,run36_N32_informed_native_batch32,NATIVE_STAGE3,False,"[20,22,11,1,3,5,7,9,13,15,17,19,21,23,0,2,4,6,8,10,12,14,16,18]",3d047ed7bdb52c04,0.8695652173913043,0.782608695652174,0.16257088846880907,1.0,0,1,0.08695652173913043,0.8181818181818182,4,0.7031315809605685,0.6521739130434782,0.2753623188405797,5,1,0.20138888888888887,0.8333333333333334,2.0,-0.003780718336483932,0.20681946157440984,0.8326923076923078,1.0,0.523076923076923,0.5384615384615384,0.48461538461538467
24,S3R34N32INF_N24_B11_n24_calibration,run36_N32_informed_native_batch32,NATIVE_STAGE3,False,"[22,11,1,3,5,7,9,13,15,17,19,21,23,0,2,4,6,8,10,12,14,16,18,20]",e610e670cf7e8ddf,0.9565217391304348,0.8695652173913043,0.16257088846880907,1.0,0,1,0.08695652173913043,0.8636363636363636,3,0.7031315809605685,0.5942028985507246,0.34782608695652173,4,2,0.1996527777777778,0.9166666666666666,2.0,-0.003780718336483932,0.20681946157440984,0.8415384615384615,0.9692307692307692,0.5846153846153845,0.523076923076923,0.8461538461538461
24,S3R34N32INF_N24_B12_n24_calibration,run36_N32_informed_native_batch32,NATIVE_STAGE3,False,"[19,21,23,0,2,4,6,8,10,12,14,16,18,20,22,11,1,3,5,7,9,13,15,17]",bbf7e8cd5047024f,0.8260869565217391,0.7391304347826086,0.16257088846880907,1.0,0,1,0.08695652173913043,0.8181818181818182,4,0.7031315809605685,0.8260869565217391,0.34782608695652173,6,0,0.2743055555555555,0.7916666666666666,2.0,-0.003780718336483932,0.20681946157440984,0.7426923076923077,0.9076923076923077,0.46153846153846156,0.16923076923076918,0.8692307692307693
40,S3R34N32INF_N40_B01_graph_pointer,run36_N32_informed_native_batch32,NATIVE_STAGE3,False,"[0,2,4,6,8,10,12,14,16,18,20,22,24,26,28,30,32,34,36,38,37,35,33,31,29,27,25,23,21,19,17,15,13,11,9,7,5,3,1,39]",95f7f97002b46e8c,0.0,1.0,0.07429322813938198,0.9743589743589743,1,1,0.02564102564102564,0.9473684210526315,2,0.23781901105392073,0.5384615384615385,0.5846153846153845,5,5,0.26187499999999997,0.975,1.0,0.02564102564102564,0.14606614342605456,0.6111538461538462,0.5692307692307692,0.7076923076923076,0.8153846153846154,0.3615384615384616
40,S3R34N32INF_N40_B02_surrogate_top,run36_N32_informed_native_batch32,NATIVE_STAGE3,False,"[38,28,18,34,24,26,14,20,4,0,10,12,30,36,32,22,16,2,6,8,35,39,17,1,33,7,3,23,5,27,15,9,25,29,37,13,11,21,19,31]",28bd415a5dd9405d,0.9743589743589743,0.7948717948717948,0.2952005259697567,0.8205128205128205,0,7,0.02564102564102564,0.4473684210526316,21,2.465944116111816,0.4871794871794871,0.38974358974358975,4,6,0.15437499999999998,0.95,1.0,-0.0046022353714661405,0.20230401289178052,0.541923076923077,0.4769230769230769,0.7230769230769231,0.5846153846153845,0.5769230769230769
40,S3R34N32INF_N40_B03_hybrid_agree,run36_N32_informed_native_batch32,NATIVE_STAGE3,False,"[10,16,14,24,28,32,12,6,20,26,38,4,36,30,22,18,34,8,2,0,39,21,19,9,31,13,3,1,11,17,7,15,25,29,23,5,33,27,35,37]",47979034a3c4fcc9,0.2564102564102564,0.9487179487179487,0.29914529914529914,1.0,0,7,0.02564102564102564,0.47368421052631576,20,2.443814725922217,0.36923076923076925,0.5333333333333333,2,8,0.12437499999999999,0.725,1.0,0.01775147928994083,0.2418156324395863,0.5576923076923077,0.41538461538461535,0.8923076923076922,0.6615384615384615,0.8615384615384616
40,S3R34N32INF_N40_B04_hybrid_disagree,run36_N32_informed_native_batch32,NATIVE_STAGE3,False,"[20,30,38,12,18,14,28,26,6,36,0,4,2,10,16,24,34,32,22,8,31,15,35,33,29,13,7,9,5,23,3,17,21,19,25,11,39,37,27,1]",6ef39869b256faf6,0.5128205128205128,0.02564102564102564,0.3004602235371466,0.9230769230769231,0,9,0.02564102564102564,0.34210526315789475,25,2.4412961232119335,0.4564102564102564,0.5025641025641026,4,6,0.12,0.5,1.0,-0.012491781722550954,0.2311669243186117,0.5423076923076923,0.3846153846153846,0.9076923076923077,0.8923076923076922,0.4307692307692308
40,S3R34N32INF_N40_B05_uncertainty,run36_N32_informed_native_batch32,NATIVE_STAGE3,False,"[28,38,22,12,2,34,16,10,4,18,36,20,0,32,30,26,24,14,8,6,17,29,11,37,35,31,19,5,9,25,15,13,3,23,7,21,33,39,27,1]",786d848187a4a6d0,0.717948717948718,0.02564102564102564,0.3162393162393163,0.8205128205128205,0,6,0.02564102564102564,0.5526315789473685,17,2.394852097595847,0.5076923076923077,0.5333333333333333,4,6,0.123125,0.7,1.0,-0.01775147928994083,0.19948967523637298,0.5630769230769231,0.4307692307692308,0.9692307692307692,0.676923076923077,0.4307692307692308
40,S3R34N32INF_N40_B06_diversity,run36_N32_informed_native_batch32,NATIVE_STAGE3,False,"[38,34,32,20,28,12,10,26,24,16,6,2,0,30,8,14,36,18,4,22,21,29,19,27,31,25,39,11,9,7,1,13,33,35,23,15,3,17,5,37]",56bfd1e62ace1007,0.9743589743589743,0.9487179487179487,0.28205128205128205,0.8205128205128205,1,6,0.02564102564102564,0.4473684210526316,21,2.5059093843141147,0.44102564102564107,0.5794871794871794,3,7,0.15375,0.95,1.0,-0.0006574621959237343,0.2065205866491869,0.6153846153846154,0.523076923076923,0.9846153846153847,0.3384615384615385,0.8923076923076922
40,S3R34N32INF_N40_B07_sentinel,run36_N32_informed_native_batch32,NATIVE_STAGE3,False,"[6,34,28,22,10,20,26,30,16,18,36,12,14,24,38,0,4,2,8,32,35,33,7,23,39,19,5,11,31,29,1,15,17,37,3,9,13,21,27,25]",01903efea4d8a963,0.15384615384615385,0.6410256410256411,0.3149243918474688,0.9743589743589743,0,10,0.02564102564102564,0.5,19,2.511644448479232,0.3641025641025641,0.4666666666666667,3,7,0.13125,0.825,1.0,0.012491781722550954,0.2490020350337703,0.6234615384615385,0.5076923076923077,0.9538461538461538,0.7384615384615385,0.5769230769230769
40,S3R34N32INF_N40_B08_n40_best_near,run36_N32_informed_native_batch32,NATIVE_STAGE3,False,"[0,2,4,6,8,10,12,14,16,18,20,22,24,26,28,30,38,36,34,32,19,17,15,13,11,9,7,5,3,1,21,23,25,27,29,31,33,35,37,39]",9d1784d70d5b84be,0.0,1.0,0.07429322813938198,0.5128205128205128,0,1,0.02564102564102564,0.9473684210526315,2,0.3556980106276987,0.5384615384615385,0.5384615384615385,5,5,0.26187499999999997,0.975,1.0,0.02564102564102564,0.08705852144410317,0.8773076923076923,1.0,0.6153846153846154,0.8615384615384616,0.3615384615384616
40,S3R34N32INF_N40_B09_n40_best_near,run36_N32_informed_native_batch32,NATIVE_STAGE3,False,"[3,5,7,9,30,32,34,36,38,28,26,24,22,20,18,16,14,12,10,8,6,4,2,0,1,11,13,15,17,19,21,23,25,27,29,31,33,35,37,39]",0aa79fbe62a33062,0.07692307692307693,1.0,0.07363576594345825,0.5384615384615384,1,1,0.05128205128205128,0.9473684210526315,2,0.4373186586064318,0.6923076923076923,0.5384615384615385,9,1,0.220625,0.9,2.0,0.02366863905325444,0.08809502768285106,0.756923076923077,0.9076923076923077,0.36923076923076925,0.9076923076923077,0.0461538461538461
40,S3R34N32INF_N40_B10_n40_best_near,run36_N32_informed_native_batch32,NATIVE_STAGE3,False,"[4,2,0,6,8,10,12,14,16,18,20,38,36,34,32,30,28,26,24,22,19,17,15,13,11,9,7,5,3,1,21,23,25,27,29,31,33,35,37,39]",4d055832f3b55fd0,0.10256410256410256,1.0,0.07692307692307693,0.5128205128205128,0,1,0.02564102564102564,0.9210526315789473,3,0.4728646678649162,0.5384615384615385,0.5384615384615385,5,5,0.258125,0.875,1.0,0.023011176857330704,0.0969884879932485,0.8780769230769231,0.9692307692307692,0.7384615384615385,0.9538461538461538,0.09999999999999998
40,S3R34N32INF_N40_B11_n40_best_near,run36_N32_informed_native_batch32,NATIVE_STAGE3,False,"[16,14,12,10,8,6,4,2,0,18,20,22,24,26,28,30,32,34,36,38,19,17,15,13,11,9,7,5,3,1,21,23,25,27,29,31,33,35,37,39]",b6ff798caa72e455,0.41025641025641024,1.0,0.08481262327416172,0.5128205128205128,0,1,0.02564102564102564,0.9210526315789473,3,0.3556980106276987,0.5384615384615385,0.5384615384615385,5,5,0.216875,0.575,1.0,0.015121630506245891,0.1162983538467531,0.8423076923076923,0.8923076923076922,0.8769230769230769,0.8,0.1384615384615384
40,S3R34N32INF_N40_B12_n40_best_near,run36_N32_informed_native_batch32,NATIVE_STAGE3,False,"[9,11,13,15,17,19,22,24,26,28,30,32,34,36,38,20,18,16,14,12,10,8,6,4,2,0,7,5,3,1,21,23,25,27,29,31,33,35,37,39]",6fce9d27a14e11c7,0.23076923076923078,1.0,0.07758053911900066,0.5128205128205128,0,1,0.05128205128205128,0.8947368421052632,4,0.4728646678649162,0.28205128205128205,0.5384615384615385,1,9,0.21187499999999998,0.75,2.0,0.01972386587771203,0.09759272811968747,0.5969230769230769,0.7076923076923076,0.41538461538461535,0.5076923076923077,0.06153846153846154
32,COPT_A01_V01,stage2_n32_legacy,LEGACY_COMPATIBLE_WITH_WARNINGS,True,"[0,24,4,6,8,10,12,14,16,18,20,22,2,26,28,30,1,3,5,17,9,11,13,15,7,19,21,23,25,27,29,31]",de71bd73a968abf6,0.0,1.0,0.20915712799167532,0.9354838709677419,0,5,0.03225806451612903,0.6666666666666666,10,1.061467481306162,0.5080645161290323,0.6048387096774194,4,4,0.1923828125,0.96875,1.0,0.03225806451612903,0.2586973208845254,0.7735649546827795,0.7794561933534743,0.6435045317220545,0.9516616314199395,0.8610271903323263
32,COPT_A02_V01,stage2_n32_legacy,LEGACY_COMPATIBLE_WITH_WARNINGS,True,"[0,2,4,6,8,10,12,14,16,18,20,22,24,26,28,30,1,3,21,7,31,11,13,15,17,19,5,23,25,27,29,9]",d1069ad7773652e4,0.0,0.2903225806451613,0.21123829344432885,0.9354838709677419,0,6,0.03225806451612903,0.7,9,0.973495267391078,0.5483870967741935,0.5161290322580645,4,4,0.2646484375,0.96875,1.0,0.009365244536940688,0.2603745091416133,0.6787009063444108,0.6706948640483383,0.6948640483383686,0.8006042296072508,0.47432024169184295
32,COPT_A03_V01,stage2_n32_legacy,LEGACY_COMPATIBLE_WITH_WARNINGS,True,"[0,31,15,21,7,11,19,27,3,5,9,13,17,23,29,25,1,24,30,6,8,10,12,14,16,18,20,22,2,26,28,4]",150f7b087bb79624,0.0,0.12903225806451613,0.31633714880332986,1.0,0,9,0.06451612903225806,0.5666666666666667,13,1.948448434801568,0.5241935483870968,0.5,4,4,0.1669921875,0.96875,2.0,0.004162330905306971,0.29728266566734274,0.6290030211480362,0.5558912386706949,0.9335347432024169,0.661631419939577,0.29607250755287007
32,COPT_A04_V01,stage2_n32_legacy,LEGACY_COMPATIBLE_WITH_WARNINGS,True,"[0,31,15,23,7,11,19,27,3,5,9,13,17,21,25,1,29,2,4,6,8,10,18,14,20,12,22,24,26,16,28,30]",8bf8de5b0cc00f27,0.0,0.967741935483871,0.299687825182102,1.0,0,7,0.06451612903225806,0.4666666666666667,16,2.0642137843981447,0.5403225806451613,0.49193548387096775,4,4,0.15234375,0.96875,2.0,0.03121748178980229,0.2782425591345536,0.6749244712990937,0.5347432024169184,0.9546827794561934,0.9395770392749244,0.8489425981873112
32,COPT_A05_V01,stage2_n32_legacy,LEGACY_COMPATIBLE_WITH_WARNINGS,True,"[0,31,15,23,7,11,19,27,3,5,9,13,17,21,25,29,1,2,4,6,10,12,14,16,18,20,8,22,24,26,30,28]",d908ed957326253d,0.0,0.9032258064516129,0.2330905306971904,1.0,1,5,0.06451612903225806,0.6333333333333333,11,1.7941807391870082,0.5403225806451613,0.5403225806451613,4,4,0.1513671875,0.96875,2.0,0.0291363163371488,0.25488542326887814,0.6632930513595167,0.5981873111782477,0.7069486404833837,0.945619335347432,0.770392749244713
32,COPT_A06_V01,stage2_n32_legacy,LEGACY_COMPATIBLE_WITH_WARNINGS,True,"[0,31,15,23,5,9,13,7,11,19,27,3,17,21,25,29,1,2,4,6,8,10,12,14,16,18,20,22,24,26,28,30]",eae79a314fb36b48,0.0,0.967741935483871,0.222684703433923,1.0,1,5,0.06451612903225806,0.6666666666666666,10,1.7890453884745885,0.5403225806451613,0.48387096774193544,4,4,0.1630859375,0.96875,2.0,0.03121748178980229,0.259148975134887,0.6879154078549848,0.7039274924471299,0.44712990936555896,0.9969788519637462,0.824773413897281
32,COPT_A07_V01,stage2_n32_legacy,LEGACY_COMPATIBLE_WITH_WARNINGS,True,"[0,31,15,23,7,11,19,9,27,3,5,13,17,21,25,29,1,2,4,6,8,10,12,14,16,18,22,24,20,26,28,30]",d17e626b91781f52,0.0,0.967741935483871,0.2351716961498439,1.0,1,6,0.06451612903225806,0.6,12,1.881652299055842,0.5,0.48387096774193544,3,5,0.1552734375,0.96875,2.0,0.03121748178980229,0.2589985112310852,0.7112537764350453,0.6555891238670695,0.7250755287009063,0.9939577039274925,0.8141993957703928
32,COPT_A08_V01,stage2_n32_legacy,LEGACY_COMPATIBLE_WITH_WARNINGS,True,"[0,31,15,23,7,11,19,27,3,5,9,13,21,25,29,1,17,10,8,6,4,2,12,14,16,18,20,22,24,26,28,30]",cf77394dcfd46559,0.0,0.967741935483871,0.2372528616024974,1.0,0,6,0.06451612903225806,0.6666666666666666,10,1.6973740919836295,0.5403225806451613,0.48387096774193544,4,4,0.15234375,0.96875,2.0,0.03121748178980229,0.2560467929809233,0.6527190332326283,0.5770392749244713,0.6676737160120846,0.9879154078549849,0.9063444108761329
32,GNNU_A01_V01,stage2_n32_legacy,LEGACY_COMPATIBLE_WITH_WARNINGS,True,"[0,18,20,22,24,2,4,6,26,28,30,14,12,9,7,5,21,23,25,3,8,10,16,1,17,19,27,31,29,15,13,11]",388a3699304822af,0.0,0.3548387096774194,0.2278876170655567,0.7096774193548387,0,7,0.0967741935483871,0.7,9,1.7292530729866975,0.5806451612903226,0.4274193548387097,5,3,0.2138671875,0.96875,3.0,0.011446409989594173,0.22823658654154522,0.49131419939577037,0.5196374622356495,0.40181268882175225,0.5015105740181269,0.4607250755287009
32,GNNU_A02_V01,stage2_n32_legacy,LEGACY_COMPATIBLE_WITH_WARNINGS,True,"[0,2,21,23,25,4,6,8,10,12,14,16,18,20,22,24,26,1,3,5,28,30,7,9,11,13,15,17,19,27,29,31]",d9d0766ae342957e,0.0,1.0,0.17585848074921956,0.8064516129032258,0,5,0.16129032258064516,0.8,6,0.793400430839633,0.6451612903225806,0.4274193548387097,5,3,0.2373046875,0.96875,5.0,0.03225806451612903,0.2408179126901331,0.7403323262839879,0.9093655589123867,0.22960725075528698,0.6858006042296072,0.6948640483383686
32,GNNU_A03_V01,stage2_n32_legacy,LEGACY_COMPATIBLE_WITH_WARNINGS,True,"[21,6,8,10,23,25,0,24,4,12,14,16,18,20,22,2,26,28,30,1,3,5,17,9,11,13,15,7,19,27,29,31]",b00d4bfd5cecd1db,0.6774193548387096,1.0,0.27055150884495316,0.9354838709677419,0,6,0.12903225806451613,0.5666666666666667,13,1.5672553536117946,0.5564516129032258,0.4838709677419355,4,4,0.16796875,0.65625,4.0,0.01040582726326743,0.2744141145494552,0.49773413897280966,0.552870090634441,0.5861027190332326,0.09667673716012082,0.22960725075528698
32,GNNU_A04_V01,stage2_n32_legacy,LEGACY_COMPATIBLE_WITH_WARNINGS,True,"[21,23,25,0,2,4,6,8,10,12,14,16,18,20,22,24,28,30,1,26,3,5,7,9,11,13,15,17,19,27,29,31]",054c48ab099bf14a,0.6774193548387096,1.0,0.17065556711758584,0.9354838709677419,0,4,0.12903225806451613,0.8,6,0.793400430839633,0.6451612903225806,0.4274193548387097,5,3,0.2109375,0.65625,4.0,0.01040582726326743,0.25468567809828685,0.8468277945619336,0.9546827794561934,0.7160120845921449,0.5619335347432024,0.5377643504531722
32,LHYB_BEAM_V01,stage2_n32_legacy,LEGACY_COMPATIBLE_WITH_WARNINGS,True,"[0,2,4,6,8,10,12,14,16,18,20,22,24,26,28,30,1,3,5,7,9,11,13,15,17,19,21,23,25,27,31,29]",139ecd672777dd34,0.0,0.9354838709677419,0.09469302809573361,0.9354838709677419,0,1,0.03225806451612903,0.9,3,0.28393626675286415,0.5483870967741935,0.5483870967741935,4,4,0.2646484375,0.96875,1.0,0.030176899063475544,0.15392888345866818,0.6962235649546827,0.8036253776435045,0.2416918429003021,0.9244712990936556,0.661631419939577
32,LHYB_MAXH_V01,stage2_n32_legacy,LEGACY_COMPATIBLE_WITH_WARNINGS,True,"[0,4,8,12,16,20,24,28,26,22,18,14,10,6,1,3,9,5,7,2,11,13,15,17,19,21,23,25,27,29,31,30]",a9e34dfc108c0a75,0.0,0.967741935483871,0.10822060353798127,0.2903225806451613,1,0,0.12903225806451613,0.7666666666666667,7,1.2380201833462479,0.5161290322580645,0.6532258064516129,4,4,0.197265625,0.96875,4.0,0.03121748178980229,0.051527235809115286,0.6747734138972811,0.7069486404833837,0.3595166163141994,1.0,0.8670694864048338
32,LHYB_N06_V01,stage2_n32_legacy,LEGACY_COMPATIBLE_WITH_WARNINGS,True,"[0,2,4,6,8,10,12,14,1,3,5,7,9,11,13,15,20,18,16,22,24,26,28,30,17,19,21,23,25,27,29,31]",d26c50f6900ad3df,0.0,1.0,0.09469302809573361,0.41935483870967744,0,0,0.0967741935483871,0.8,6,0.5187004385702825,0.5483870967741935,0.5483870967741935,4,4,0.3828125,0.96875,3.0,0.03225806451612903,0.08973178413032298,0.6699395770392749,0.8368580060422961,0.09667673716012082,0.8640483383685801,0.404833836858006
32,LHYB_N07_V01,stage2_n32_legacy,LEGACY_COMPATIBLE_WITH_WARNINGS,True,"[0,2,4,6,8,10,12,14,1,3,5,7,9,15,13,11,16,18,20,22,24,26,28,30,17,19,21,23,25,27,29,31]",d90f38c12fde994e,0.0,1.0,0.09469302809573361,0.41935483870967744,0,0,0.0967741935483871,0.8,6,0.5187004385702825,0.5483870967741935,0.5483870967741935,4,4,0.38671875,0.96875,3.0,0.03225806451612903,0.08973178413032298,0.5675981873111783,0.676737160120846,0.1238670694864048,0.8368580060422961,0.38519637462235645
32,LHYB_N08_V01,stage2_n32_legacy,LEGACY_COMPATIBLE_WITH_WARNINGS,True,"[0,2,4,6,8,10,12,14,1,3,5,7,9,11,13,15,22,18,20,16,24,26,28,30,17,19,21,23,25,27,29,31]",4b97b6ff7179528e,0.0,1.0,0.10301768990634755,0.41935483870967744,0,0,0.0967741935483871,0.7333333333333333,8,0.7486812579012818,0.5483870967741935,0.5483870967741935,4,4,0.376953125,0.96875,3.0,0.03225806451612903,0.09464155671926804,0.6093655589123868,0.7552870090634441,0.051359516616314216,0.8761329305135952,0.4108761329305136
32,LHYB_N09_V01,stage2_n32_legacy,LEGACY_COMPATIBLE_WITH_WARNINGS,True,"[0,2,4,6,8,10,12,14,1,3,5,7,15,11,13,9,16,18,20,22,24,26,28,30,17,19,21,23,25,27,29,31]",570d20649781d3d2,0.0,1.0,0.10301768990634755,0.41935483870967744,0,0,0.0967741935483871,0.7333333333333333,8,0.7486812579012818,0.5483870967741935,0.5483870967741935,4,4,0.3857421875,0.96875,3.0,0.03225806451612903,0.09464155671926804,0.5409365558912387,0.6404833836858006,0.10876132930513593,0.8217522658610272,0.41389728096676737
32,LHYB_N10_V01,stage2_n32_legacy,LEGACY_COMPATIBLE_WITH_WARNINGS,True,"[0,2,4,6,8,10,12,14,16,18,20,22,24,26,28,30,1,3,5,7,9,11,13,15,17,19,21,23,25,31,27,29]",4535f9b835bb05c4,0.0,0.9354838709677419,0.09885535900104057,0.9354838709677419,0,1,0.03225806451612903,0.8666666666666667,4,0.42425409851644597,0.5483870967741935,0.5483870967741935,4,4,0.2646484375,0.96875,1.0,0.030176899063475544,0.15479870361406128,0.7329305135951663,0.8670694864048338,0.21450151057401812,0.9214501510574018,0.6858006042296072
32,LHYB_N11_V01,stage2_n32_legacy,LEGACY_COMPATIBLE_WITH_WARNINGS,True,"[0,8,4,6,2,10,12,14,1,3,5,7,9,11,13,15,16,18,20,22,24,26,28,30,17,19,21,23,25,27,29,31]",501b6749bdd63899,0.0,1.0,0.10301768990634755,0.41935483870967744,1,0,0.0967741935483871,0.7333333333333333,8,0.8394009137798117,0.5483870967741935,0.5483870967741935,4,4,0.376953125,0.96875,3.0,0.03225806451612903,0.09674621685052619,0.5458459214501511,0.6586102719033233,0.05740181268882172,0.8459214501510575,0.4335347432024169
32,LHYB_N12_V01,stage2_n32_legacy,LEGACY_COMPATIBLE_WITH_WARNINGS,True,"[0,2,4,12,8,10,6,14,1,3,5,7,9,11,13,15,16,18,20,22,24,26,28,30,17,19,21,23,25,27,29,31]",21ff3d54f4a6a2a2,0.0,1.0,0.10301768990634755,0.41935483870967744,1,0,0.0967741935483871,0.7333333333333333,8,0.8394009137798117,0.5483870967741935,0.5483870967741935,4,4,0.376953125,0.96875,3.0,0.03225806451612903,0.09674621685052619,0.5297583081570998,0.6344410876132931,0.06042296072507558,0.8429003021148036,0.41993957703927487
32,LHYB_N13_V01,stage2_n32_legacy,LEGACY_COMPATIBLE_WITH_WARNINGS,True,"[0,2,4,6,8,10,12,14,1,3,5,7,9,11,13,15,16,18,20,22,24,26,28,30,17,29,21,23,25,27,19,31]",1a8d921e3eb274bd,0.0,1.0,0.11966701352757543,0.41935483870967744,1,0,0.0967741935483871,0.7333333333333333,8,0.8394009137798117,0.5483870967741935,0.5483870967741935,4,4,0.388671875,0.96875,3.0,0.03225806451612903,0.11935443045943532,0.5333081570996979,0.649546827794562,0.01812688821752262,0.8580060422960725,0.4335347432024169
32,LHYB_N14_V01,stage2_n32_legacy,LEGACY_COMPATIBLE_WITH_WARNINGS,True,"[0,6,16,22,28,12,10,8,4,1,11,13,17,19,23,25,31,29,27,2,14,18,20,24,26,30,21,3,5,7,9,15]",2438428686464ea0,0.0,0.4838709677419355,0.1883454734651405,0.8064516129032258,0,3,0.0967741935483871,0.8,6,1.8209897678262839,0.49193548387096775,0.5564516129032258,3,5,0.158203125,0.96875,3.0,0.015608740894901146,0.1744086185685187,0.46646525679758316,0.4380664652567976,0.8489425981873112,0.033232628398791486,0.17220543806646527
32,LHYB_N15_V01,stage2_n32_legacy,LEGACY_COMPATIBLE_WITH_WARNINGS,True,"[1,3,5,7,9,11,13,15,17,19,21,23,25,27,31,29,24,22,20,18,16,14,12,10,8,6,0,2,4,26,28,30]",2754975f55c127ee,0.03225806451612903,0.967741935483871,0.09469302809573361,0.7096774193548387,0,1,0.03225806451612903,0.9333333333333333,2,0.5634196115086338,0.48387096774193544,0.7661290322580645,4,4,0.2509765625,0.9375,1.0,0.030176899063475544,0.11614506880572296,0.7956948640483383,0.879154078549849,0.5045317220543807,0.8157099697885196,0.8353474320241692
32,LHYB_PARH_V01,stage2_n32_legacy,LEGACY_COMPATIBLE_WITH_WARNINGS,True,"[0,2,4,6,8,1,3,5,7,9,11,13,15,17,19,21,23,25,27,31,29,10,12,14,16,18,20,22,24,26,28,30]",f53bf3257a4c0035,0.0,0.967741935483871,0.0894901144640999,0.6129032258064516,0,1,0.06451612903225806,0.8666666666666667,4,0.42425409851644597,0.7661290322580645,0.48387096774193544,7,1,0.3623046875,0.96875,2.0,0.03121748178980229,0.10025300390850801,0.6021148036253777,0.7643504531722054,0.1570996978851964,0.5800604229607251,0.31722054380664655
32,LHYB_PIMG_V01,stage2_n32_legacy,LEGACY_COMPATIBLE_WITH_WARNINGS,True,"[0,2,4,6,8,1,3,5,7,9,11,13,15,17,10,12,14,16,18,20,22,24,26,19,21,23,25,27,31,29,28,30]",d575ddf82b4726dc,0.0,0.967741935483871,0.08116545265348594,0.22580645161290322,1,0,0.12903225806451613,0.7333333333333333,8,0.5950727898178281,0.7661290322580645,0.7258064516129032,7,1,0.4365234375,0.96875,4.0,0.03121748178980229,0.049073157638091974,0.517749244712991,0.6223564954682779,0.0060422960725075026,0.9546827794561934,0.3308157099697885
32,LHYB_PWLS_V01,stage2_n32_legacy,LEGACY_COMPATIBLE_WITH_WARNINGS,True,"[2,0,4,6,8,10,12,14,1,3,5,7,9,11,13,15,16,18,20,22,24,26,28,30,17,19,21,23,25,27,29,31]",57126e2e23941d36,0.06451612903225806,1.0,0.08844953173777315,0.41935483870967744,1,0,0.0967741935483871,0.8333333333333334,5,0.5187004385702825,0.5483870967741935,0.5483870967741935,4,4,0.38671875,0.90625,3.0,0.030176899063475544,0.08785378114133376,0.5960725075528701,0.7341389728096677,0.06646525679758308,0.851963746223565,0.40785498489425986
32,R20_001_V01,stage2_n32_legacy,LEGACY_COMPATIBLE_WITH_WARNINGS,True,"[25,18,26,11,6,19,8,24,9,13,21,23,1,15,3,5,22,12,4,10,28,31,27,20,29,7,17,0,2,16,30,14]",a26952f529c7041a,0.8064516129032258,0.45161290322580644,0.34443288241415193,0.7096774193548387,0,7,0.3548387096774194,0.3333333333333333,20,2.8020010391170738,0.45161290322580644,0.5564516129032258,4,4,0.173828125,0.78125,11.0,-0.011446409989594173,0.18365032250705768,0.284214501510574,0.19939577039274925,0.5740181268882175,0.2537764350453172,0.28851963746223563
32,R20_002_V01,stage2_n32_legacy,LEGACY_COMPATIBLE_WITH_WARNINGS,True,"[20,30,7,13,15,6,14,0,26,17,2,29,22,18,12,25,3,19,4,10,28,16,9,21,24,8,27,23,1,11,5,31]",787d67d6f0aa0ac5,0.6451612903225806,1.0,0.40894901144641,0.8709677419354839,0,10,0.3548387096774194,0.26666666666666666,22,2.8526379562545787,0.4596774193548387,0.6451612903225806,4,4,0.16015625,0.625,11.0,0.011446409989594173,0.23238334821573958,0.3139728096676737,0.06646525679758308,0.9063444108761329,0.43504531722054385,0.9199395770392749
32,R20_003_V01,stage2_n32_legacy,LEGACY_COMPATIBLE_WITH_WARNINGS,True,"[15,28,12,27,13,21,9,22,14,6,7,1,20,0,11,29,17,31,2,4,10,25,8,5,19,26,24,3,30,16,18,23]",bf3f93db255fe946,0.4838709677419355,0.7419354838709677,0.3870967741935484,0.9354838709677419,1,8,0.45161290322580644,0.26666666666666666,22,2.8635991844339266,0.3951612903225806,0.48387096774193544,2,6,0.169921875,0.5,14.0,0.008324661810613943,0.22573211203834112,0.30347432024169185,0.32326283987915405,0.3867069486404834,0.06646525679758308,0.18731117824773413
32,R20_004_V01,stage2_n32_legacy,LEGACY_COMPATIBLE_WITH_WARNINGS,True,"[26,4,22,30,19,20,17,1,27,11,14,28,21,8,18,23,31,7,5,13,2,3,10,6,0,9,12,29,24,16,15,25]",501f5d3080829955,0.8387096774193549,0.8064516129032258,0.3090530697190427,0.8387096774193549,3,7,0.4838709677419355,0.43333333333333335,17,2.8188800114955757,0.5403225806451613,0.46774193548387094,4,4,0.2021484375,0.8125,15.0,-0.0010405827263267429,0.2162810581771751,0.3950151057401813,0.35649546827794565,0.7039274924471299,0.12688821752265866,0.1963746223564955
32,R20_005_V01,stage2_n32_legacy,LEGACY_COMPATIBLE_WITH_WARNINGS,True,"[31,18,20,8,12,13,11,29,7,27,14,25,17,5,24,10,16,26,23,30,19,3,2,21,4,9,1,6,0,22,15,28]",ee20d9e609f44374,1.0,0.9032258064516129,0.34027055150884494,0.7096774193548387,2,8,0.4838709677419355,0.16666666666666666,25,2.880478156814428,0.43548387096774194,0.6209677419354839,2,6,0.2021484375,0.96875,15.0,-0.003121748178980229,0.20283624021087399,0.23716012084592147,0.14803625377643503,0.4833836858006042,0.3413897280966768,0.202416918429003
32,R20_006_V01,stage2_n32_legacy,LEGACY_COMPATIBLE_WITH_WARNINGS,True,"[21,26,17,5,24,1,16,20,22,18,6,4,30,8,10,11,15,28,31,13,2,3,25,9,14,12,29,27,7,19,23,0]",336c0730ab19553f,0.6774193548387096,0.0,0.34443288241415193,0.8387096774193549,2,10,0.41935483870967744,0.43333333333333335,17,2.710329742624115,0.45161290322580644,0.5241935483870968,4,4,0.1923828125,0.65625,13.0,-0.0218522372528616,0.257202918717258,0.45996978851963743,0.43504531722054385,0.45921450151057397,0.4894259818731118,0.7280966767371602
32,R20_007_V01,stage2_n32_legacy,LEGACY_COMPATIBLE_WITH_WARNINGS,True,"[23,19,24,18,14,17,16,2,5,12,21,15,13,3,29,30,6,31,26,8,22,4,10,0,28,25,20,7,11,1,27,9]",66228532edabb4d8,0.7419354838709677,0.2903225806451613,0.3413111342351717,0.9032258064516129,2,8,0.3870967741935484,0.3333333333333333,20,2.6619257761018673,0.31451612903225806,0.5806451612903226,2,6,0.216796875,0.71875,12.0,-0.0145681581685744,0.26509342773895933,0.3209969788519638,0.23867069486404835,0.5438066465256798,0.18731117824773413,0.7673716012084593
32,R20_008_V01,stage2_n32_legacy,LEGACY_COMPATIBLE_WITH_WARNINGS,True,"[7,23,8,3,15,18,11,22,26,29,2,9,19,24,5,16,6,1,14,30,25,0,27,13,28,4,10,20,12,21,31,17]",96958f6fecdd9449,0.22580645161290322,0.5483870967741935,0.3808532778355879,0.8709677419354839,0,7,0.5806451612903226,0.36666666666666664,19,2.763199610376876,0.4032258064516129,0.4838709677419355,2,6,0.1494140625,0.75,18.0,0.01040582726326743,0.2183885423399713,0.41095166163142,0.3141993957703928,0.5377643504531722,0.5256797583081572,0.93202416918429
32,R20_009_V01,stage2_n32_legacy,LEGACY_COMPATIBLE_WITH_WARNINGS,True,"[25,22,28,23,17,11,24,9,21,10,3,5,29,26,18,20,13,1,14,2,27,4,16,30,0,31,15,6,7,8,19,12]",1ab241d7885271be,0.8064516129032258,0.3870967741935484,0.3610822060353798,1.0,2,6,0.5483870967741935,0.3333333333333333,20,2.8188800114955757,0.4596774193548387,0.5161290322580645,3,5,0.2197265625,0.78125,17.0,-0.013527575442247659,0.2586387153643898,0.18187311178247736,0.16918429003021151,0.2990936555891238,0.03625377643504535,0.16918429003021151
32,R20_010_V01,stage2_n32_legacy,LEGACY_COMPATIBLE_WITH_WARNINGS,True,"[31,11,28,23,18,2,17,30,10,24,25,13,6,4,19,3,16,1,5,8,12,21,9,20,7,29,14,0,27,22,26,15]",2a7c726c439a7e7b,1.0,0.4838709677419355,0.37460978147762747,0.8709677419354839,1,7,0.5806451612903226,0.3333333333333333,20,2.7125626932393714,0.5806451612903226,0.5483870967741935,4,4,0.181640625,0.96875,18.0,-0.016649323621227886,0.20314029870427225,0.36193353474320245,0.32930513595166166,0.6555891238670695,0.09365558912386707,0.14803625377643503
32,R20_011_V01,stage2_n32_legacy,LEGACY_COMPATIBLE_WITH_WARNINGS,True,"[8,29,30,24,25,14,13,10,15,19,23,17,6,2,9,16,18,1,22,11,26,0,4,21,31,12,28,7,5,3,20,27]",2c6f87fcaef0b828,0.25806451612903225,0.8709677419354839,0.31113423517169614,0.8387096774193549,3,9,0.6129032258064516,0.4666666666666667,16,2.572487430224164,0.5080645161290323,0.6370967741935484,4,4,0.193359375,0.71875,19.0,0.019771071800208116,0.23312769140379516,0.3288519637462236,0.31722054380664655,0.34441087613293053,0.31117824773413894,0.45317220543806647
32,R20_012_V01,stage2_n32_legacy,LEGACY_COMPATIBLE_WITH_WARNINGS,True,"[27,9,18,11,28,2,25,0,17,10,20,8,19,13,21,5,7,23,6,1,16,31,22,29,15,4,26,24,30,12,3,14]",3632718778e30566,0.8709677419354839,0.45161290322580644,0.4068678459937565,0.8387096774193549,0,11,0.5483870967741935,0.16666666666666666,25,2.785122066737572,0.6129032258064516,0.5080645161290323,5,3,0.1572265625,0.84375,17.0,-0.013527575442247659,0.20247825433833436,0.20347432024169188,0.14501510574018128,0.42900302114803623,0.1238670694864048,0.22054380664652573
32,R20_013_V01,stage2_n32_legacy,LEGACY_COMPATIBLE_WITH_WARNINGS,True,"[13,26,25,20,31,15,2,14,30,6,18,29,7,28,0,3,23,1,5,19,4,24,9,8,11,22,16,10,17,27,21,12]",a05d82434f4b2ffc,0.41935483870967744,0.3870967741935484,0.39229968782518215,0.9032258064516129,2,9,0.4838709677419355,0.36666666666666664,19,2.863599184434927,0.46774193548387094,0.31451612903225806,4,4,0.19140625,0.5625,15.0,-0.0010405827263267429,0.22663691115172474,0.1530211480362538,0.21450151057401812,0.030211480362537735,0.012084592145015116,0.12688821752265866
32,R20_014_V01,stage2_n32_legacy,LEGACY_COMPATIBLE_WITH_WARNINGS,True,"[21,10,28,27,9,22,18,24,0,1,6,30,13,2,31,17,8,20,25,11,3,15,5,19,26,4,7,29,23,14,12,16]",f83b7323e802cad5,0.6774193548387096,0.5161290322580645,0.36940686784599375,0.9354838709677419,2,8,0.41935483870967744,0.36666666666666664,19,2.880478156814428,0.47580645161290325,0.4596774193548387,3,5,0.1552734375,0.65625,13.0,-0.005202913631633715,0.23631539782743452,0.4945619335347432,0.4259818731117825,0.9003021148036254,0.2809667673716012,0.19033232628398788
32,R20_015_V01,stage2_n32_legacy,LEGACY_COMPATIBLE_WITH_WARNINGS,True,"[30,31,12,22,10,6,18,2,16,29,17,0,19,13,27,14,15,4,11,5,26,28,3,24,25,8,23,1,7,9,20,21]",0ae8bdae96f2a81e,0.967741935483871,0.6774193548387096,0.36524453694068676,0.8064516129032258,4,9,0.5483870967741935,0.26666666666666666,22,2.729441665618873,0.5725806451612904,0.5161290322580645,4,4,0.2041015625,0.9375,17.0,-0.009365244536940688,0.22339835270675373,0.218429003021148,0.2688821752265861,0.15407854984894265,0.0453172205438066,0.16616314199395765
32,R20_016_V01,stage2_n32_legacy,LEGACY_COMPATIBLE_WITH_WARNINGS,True,"[3,29,21,23,14,10,7,0,15,1,20,19,12,31,4,11,27,13,22,5,16,18,9,8,24,25,28,17,2,30,26,6]",e35223563d60697c,0.0967741935483871,0.1935483870967742,0.3590010405827263,0.9032258064516129,3,9,0.6129032258064516,0.36666666666666664,19,2.757281866178723,0.564516129032258,0.6451612903225806,4,4,0.1826171875,0.875,19.0,0.003121748178980229,0.25064007021560203,0.34040785498489423,0.36253776435045315,0.1178247734138973,0.41389728096676737,0.7960725075528701
32,R20_017_V01,stage2_n32_legacy,LEGACY_COMPATIBLE_WITH_WARNINGS,True,"[6,27,1,14,16,20,22,17,10,7,8,2,25,29,4,5,24,13,18,15,11,0,30,31,3,28,19,9,23,21,26,12]",119494066bbb4143,0.1935483870967742,0.3870967741935484,0.34755463059313213,0.967741935483871,3,8,0.5806451612903226,0.36666666666666664,19,2.8298412396759236,0.4032258064516129,0.5,3,5,0.1552734375,0.78125,18.0,0.006243496357960458,0.29356607388820094,0.5790030211480364,0.4108761329305136,0.9909365558912386,0.6465256797583081,0.9818731117824774
32,R20_018_V01,stage2_n32_legacy,LEGACY_COMPATIBLE_WITH_WARNINGS,True,"[12,22,11,6,24,15,23,10,27,1,17,14,28,30,18,16,0,29,2,21,4,20,31,7,13,19,5,3,9,25,8,26]",ae2c08732620b6bb,0.3870967741935484,0.8387096774193549,0.4266389177939646,0.9354838709677419,0,14,0.3870967741935484,0.26666666666666666,22,2.802001039116074,0.3709677419354839,0.5080645161290323,2,6,0.150390625,0.59375,12.0,0.0145681581685744,0.23501509616637842,0.2564954682779456,0.21752265861027187,0.2809667673716012,0.30513595166163143,0.5679758308157099
32,R20_019_V01,stage2_n32_legacy,LEGACY_COMPATIBLE_WITH_WARNINGS,True,"[14,9,23,18,28,21,0,1,16,24,30,12,27,3,25,6,8,11,13,5,2,17,22,26,19,7,31,4,15,20,10,29]",7659035d32d98b6e,0.45161290322580644,0.9354838709677419,0.3610822060353798,0.8709677419354839,1,8,0.5483870967741935,0.36666666666666664,19,2.8357589838750767,0.532258064516129,0.5080645161290323,3,5,0.1513671875,0.53125,17.0,0.015608740894901146,0.23950136664495275,0.4194864048338369,0.40785498489425986,0.5498489425981873,0.13293051359516617,0.6223564954682779
32,R20_020_V01,stage2_n32_legacy,LEGACY_COMPATIBLE_WITH_WARNINGS,True,"[10,17,18,14,0,9,5,28,12,6,22,3,8,30,29,15,13,1,31,19,2,23,16,24,25,4,27,11,26,20,7,21]",ca3f167fe0b74d6c,0.3225806451612903,0.6774193548387096,0.3943808532778356,0.967741935483871,3,11,0.4838709677419355,0.3333333333333333,20,2.846720212055425,0.45161290322580644,0.532258064516129,3,5,0.2001953125,0.65625,15.0,0.011446409989594173,0.24288190569648546,0.24909365558912389,0.202416918429003,0.21752265861027187,0.42296072507552873,0.6344410876132931
32,RL20_A01_V01,stage2_n32_legacy,LEGACY_COMPATIBLE_WITH_WARNINGS,True,"[1,3,5,7,9,11,13,15,17,19,21,23,29,25,31,27,26,0,4,6,8,14,10,16,18,20,12,22,24,28,2,30]",bc4ee19b650fec8a,0.03225806451612903,0.967741935483871,0.18210197710718004,0.9032258064516129,1,3,0.03225806451612903,0.6666666666666666,10,1.5197910456511314,0.48387096774193544,0.532258064516129,4,4,0.2490234375,0.9375,1.0,0.030176899063475544,0.23182819322571452,0.6584592145015106,0.6283987915407855,0.661631419939577,0.8126888217522659,0.7280966767371602
32,RL20_A02_V01,stage2_n32_legacy,LEGACY_COMPATIBLE_WITH_WARNINGS,True,"[1,3,5,7,9,11,13,15,17,19,21,23,25,31,29,27,28,4,6,2,8,10,12,14,16,18,20,22,24,26,0,30]",d63678e07ff7be32,0.03225806451612903,0.967741935483871,0.15088449531737774,0.967741935483871,1,3,0.03225806451612903,0.7333333333333333,8,0.9288392596565143,0.48387096774193544,0.5080645161290323,4,4,0.251953125,0.9375,1.0,0.030176899063475544,0.235966903958942,0.7144259818731118,0.8700906344410876,0.3081570996978852,0.6525679758308157,0.4395770392749244
32,RL20_A03_V01,stage2_n32_legacy,LEGACY_COMPATIBLE_WITH_WARNINGS,True,"[1,3,5,7,9,11,13,15,17,19,21,23,27,29,31,25,28,2,4,6,8,10,12,14,16,18,22,24,26,0,30,20]",435cd5fa9d908af7,0.03225806451612903,0.6451612903225806,0.16129032258064516,0.967741935483871,0,3,0.03225806451612903,0.7666666666666667,7,1.018214440329429,0.48387096774193544,0.5080645161290323,4,4,0.248046875,0.9375,1.0,0.019771071800208116,0.24209152096159786,0.852416918429003,0.9909365558912386,0.5830815709969788,0.7311178247734139,0.3716012084592145
32,RL20_A04_V01,stage2_n32_legacy,LEGACY_COMPATIBLE_WITH_WARNINGS,True,"[1,3,5,7,9,11,13,15,17,19,21,23,29,25,31,27,26,6,0,8,4,10,14,16,18,20,12,22,24,28,2,30]",a0a51bb2f7e79789,0.03225806451612903,0.967741935483871,0.18210197710718004,0.9032258064516129,1,3,0.03225806451612903,0.6666666666666666,10,1.640457708208304,0.48387096774193544,0.532258064516129,4,4,0.2490234375,0.9375,1.0,0.030176899063475544,0.21562420846169442,0.6401812688821752,0.6253776435045317,0.7190332326283988,0.5105740181268883,0.7764350453172205
32,RL20_A05_V01,stage2_n32_legacy,LEGACY_COMPATIBLE_WITH_WARNINGS,True,"[1,3,7,9,5,11,13,15,17,19,21,23,25,27,29,31,0,24,4,6,10,12,14,16,18,22,8,2,26,28,30,20]",6eadd0dbd7aaa7ff,0.03225806451612903,0.6451612903225806,0.19667013527575442,1.0,0,4,0.03225806451612903,0.7,9,1.3610160183196716,0.48387096774193544,0.5806451612903226,4,4,0.24609375,0.9375,1.0,0.019771071800208116,0.2504542332051778,0.6781722054380666,0.6042296072507554,0.8368580060422961,0.7583081570996979,0.8444108761329305
32,RL20_A06_V01,stage2_n32_legacy,LEGACY_COMPATIBLE_WITH_WARNINGS,True,"[1,3,5,7,9,11,13,15,17,19,21,23,25,27,29,31,0,26,4,6,8,10,14,16,18,20,22,12,24,28,30,2]",acff958cf0039bbb,0.03225806451612903,0.06451612903225806,0.19042663891779396,1.0,0,4,0.03225806451612903,0.7666666666666667,7,1.0629336132677805,0.48387096774193544,0.532258064516129,4,4,0.25,0.9375,1.0,0.0010405827263267429,0.2712988956478519,0.7495468277945619,0.7945619335347431,0.6586102719033233,0.6918429003021148,0.6435045317220545
32,RL20_A07_V01,stage2_n32_legacy,LEGACY_COMPATIBLE_WITH_WARNINGS,True,"[1,3,5,7,9,11,13,15,17,19,21,23,25,27,29,31,28,2,4,6,8,10,12,14,16,18,20,22,24,26,0,30]",123ebaedfb842686,0.03225806451612903,0.967741935483871,0.14464099895941726,0.967741935483871,0,3,0.03225806451612903,0.8666666666666667,4,0.5187004385702825,0.48387096774193544,0.5080645161290323,4,4,0.25,0.9375,1.0,0.030176899063475544,0.2420736293407796,0.7037764350453172,0.851963746223565,0.30513595166163143,0.7039274924471299,0.3716012084592145
32,RL20_A08_V01,stage2_n32_legacy,LEGACY_COMPATIBLE_WITH_WARNINGS,True,"[1,3,5,7,9,11,13,15,17,19,21,23,25,27,29,31,0,26,4,6,8,10,12,14,16,18,20,22,24,28,2,30]",b3f5b3ad520fa0ff,0.03225806451612903,0.967741935483871,0.19458896982310095,1.0,0,5,0.03225806451612903,0.8,6,0.793400430839633,0.48387096774193544,0.5080645161290323,4,4,0.25,0.9375,1.0,0.030176899063475544,0.2936545840504256,0.8046072507552869,0.9244712990936556,0.4501510574018127,0.7764350453172205,0.7205438066465257
32,RL20_A09_V01,stage2_n32_legacy,LEGACY_COMPATIBLE_WITH_WARNINGS,True,"[1,3,5,7,9,11,13,15,17,19,21,23,25,27,29,31,4,24,0,6,10,12,14,16,18,22,8,2,26,28,30,20]",7b08e91b6c237a8a,0.03225806451612903,0.6451612903225806,0.1883454734651405,0.8709677419354839,0,4,0.03225806451612903,0.7666666666666667,7,1.2374112601045155,0.48387096774193544,0.5806451612903226,4,4,0.25,0.9375,1.0,0.019771071800208116,0.23945615126071307,0.6463746223564955,0.5891238670694864,0.8398791540785498,0.607250755287009,0.6948640483383686
32,RL20_A10_V01,stage2_n32_legacy,LEGACY_COMPATIBLE_WITH_WARNINGS,True,"[1,3,5,7,9,11,13,15,17,19,21,23,25,27,29,31,0,24,4,6,10,12,14,16,18,22,8,2,26,28,30,20]",97325bb9d333eea1,0.03225806451612903,0.6451612903225806,0.1883454734651405,1.0,0,4,0.03225806451612903,0.7666666666666667,7,1.1509058271828645,0.48387096774193544,0.5806451612903226,4,4,0.25,0.9375,1.0,0.019771071800208116,0.253086319900221,0.6930513595166163,0.6314199395770392,0.8308157099697885,0.7613293051359517,0.8066465256797584
32,RL20_A11_V01,stage2_n32_legacy,LEGACY_COMPATIBLE_WITH_WARNINGS,True,"[1,3,5,7,9,11,13,15,17,19,21,23,25,27,29,31,28,4,6,2,8,10,12,14,16,18,20,22,24,26,0,30]",e85454343e3b59f2,0.03225806451612903,0.967741935483871,0.14880332986472425,0.967741935483871,0,3,0.03225806451612903,0.8,6,0.8381196037779843,0.48387096774193544,0.5080645161290323,4,4,0.25,0.9375,1.0,0.030176899063475544,0.23558112674625098,0.6848942598187312,0.824773413897281,0.31117824773413894,0.6555891238670695,0.41993957703927487
32,RL20_A12_V01,stage2_n32_legacy,LEGACY_COMPATIBLE_WITH_WARNINGS,True,"[1,3,5,7,9,11,13,15,17,19,21,23,25,27,29,31,0,26,4,6,8,10,12,14,16,18,20,22,24,2,28,30]",b28238408a67e793,0.03225806451612903,0.967741935483871,0.186264308012487,1.0,0,5,0.03225806451612903,0.8,6,0.6119517621973296,0.48387096774193544,0.5080645161290323,4,4,0.25,0.9375,1.0,0.030176899063475544,0.28094577384001646,0.8208459214501511,0.9274924471299093,0.48036253776435045,0.8308157099697885,0.7764350453172205
32,RL20_A13_V01,stage2_n32_legacy,LEGACY_COMPATIBLE_WITH_WARNINGS,True,"[1,3,5,7,9,11,13,15,17,19,21,23,25,27,29,31,4,0,24,6,10,12,14,16,18,22,8,2,26,28,30,20]",e7b7b8a57d51f333,0.03225806451612903,0.6451612903225806,0.1841831425598335,0.8709677419354839,0,4,0.03225806451612903,0.7666666666666667,7,1.2205322877250138,0.48387096774193544,0.5806451612903226,4,4,0.25,0.9375,1.0,0.019771071800208116,0.23593936936222534,0.6518126888217523,0.607250755287009,0.7915407854984894,0.595166163141994,0.7854984894259819
32,RL20_A14_V01,stage2_n32_legacy,LEGACY_COMPATIBLE_WITH_WARNINGS,True,"[1,3,5,7,9,11,13,15,17,19,21,23,25,27,29,31,30,2,4,6,8,10,12,14,16,18,20,22,24,26,28,0]",b01854d7dd351eff,0.03225806451612903,0.0,0.11758584807492195,0.9032258064516129,1,2,0.03225806451612903,0.9,3,0.37953492557809465,0.48387096774193544,0.49193548387096775,4,4,0.25,0.9375,1.0,-0.0010405827263267429,0.20639768857035926,0.6509818731117825,0.7915407854984894,0.2870090634441088,0.649546827794562,0.28247734138972813
32,RL20_A15_V01,stage2_n32_legacy,LEGACY_COMPATIBLE_WITH_WARNINGS,True,"[1,3,5,7,9,11,13,15,17,19,21,23,25,27,29,31,0,24,4,6,8,10,12,14,16,18,20,22,2,26,28,30]",8c10c86abce25016,0.03225806451612903,0.967741935483871,0.17793964620187305,1.0,0,5,0.03225806451612903,0.8,6,0.6119517621973296,0.48387096774193544,0.5241935483870968,4,4,0.25,0.9375,1.0,0.030176899063475544,0.2638364618669082,0.8783232628398793,0.9848942598187311,0.5649546827794563,0.8338368580060422,0.8353474320241692
32,RL20_A16_V01,stage2_n32_legacy,LEGACY_COMPATIBLE_WITH_WARNINGS,True,"[1,3,5,7,9,11,13,15,17,19,21,23,27,29,31,25,28,2,4,6,8,10,14,16,18,22,24,26,0,30,12,20]",5797b3708022aab4,0.03225806451612903,0.6451612903225806,0.17793964620187305,0.967741935483871,0,4,0.03225806451612903,0.7333333333333333,8,1.2205322877250138,0.48387096774193544,0.532258064516129,4,4,0.248046875,0.9375,1.0,0.019771071800208116,0.2507912312390626,0.6927492447129909,0.6918429003021148,0.7462235649546828,0.7371601208459215,0.40181268882175225
32,RL20_A17_V01,stage2_n32_legacy,LEGACY_COMPATIBLE_WITH_WARNINGS,True,"[1,3,5,7,9,11,13,15,17,19,21,23,29,25,31,27,26,6,0,8,4,14,10,16,18,20,12,22,24,28,2,30]",d463c28bd94ef496,0.03225806451612903,0.967741935483871,0.19042663891779396,0.9032258064516129,1,3,0.03225806451612903,0.6,12,1.714253064363131,0.48387096774193544,0.532258064516129,4,4,0.2490234375,0.9375,1.0,0.030176899063475544,0.21590524371744463,0.591842900302115,0.5800604229607251,0.6374622356495468,0.48036253776435045,0.7854984894259819
32,RL20_A18_V01,stage2_n32_legacy,LEGACY_COMPATIBLE_WITH_WARNINGS,True,"[1,3,5,7,9,11,13,15,17,19,21,23,29,25,31,27,0,26,4,6,8,14,10,16,18,20,12,22,24,28,2,30]",ad0dfa26fda9b48c,0.03225806451612903,0.967741935483871,0.2278876170655567,0.9032258064516129,0,5,0.03225806451612903,0.6,12,1.6005011139627423,0.48387096774193544,0.532258064516129,4,4,0.2490234375,0.9375,1.0,0.030176899063475544,0.27407850728250377,0.6343655589123868,0.6374622356495468,0.5256797583081572,0.7885196374622356,0.7205438066465257
32,RL20_A19_V01,stage2_n32_legacy,LEGACY_COMPATIBLE_WITH_WARNINGS,True,"[1,3,5,7,9,13,11,15,17,19,21,23,25,27,29,31,30,2,4,6,8,10,28,14,16,18,20,22,24,26,12,0]",74f7fd9223ac2d99,0.03225806451612903,0.0,0.14672216441207078,0.9032258064516129,1,2,0.03225806451612903,0.7666666666666667,7,1.018214440329429,0.48387096774193544,0.41935483870967744,4,4,0.248046875,0.9375,1.0,-0.0010405827263267429,0.19455836204157884,0.745166163141994,0.8821752265861027,0.5105740181268883,0.5166163141993958,0.3595166163141994
32,RL20_A20_V01,stage2_n32_legacy,LEGACY_COMPATIBLE_WITH_WARNINGS,True,"[1,3,5,7,9,11,13,15,17,19,21,25,23,27,29,31,2,26,0,6,8,10,12,14,16,18,20,22,24,28,4,30]",99424eacb814303a,0.03225806451612903,0.967741935483871,0.1987513007284079,0.9354838709677419,0,5,0.03225806451612903,0.7333333333333333,8,1.0445885089266604,0.48387096774193544,0.49193548387096775,4,4,0.248046875,0.9375,1.0,0.030176899063475544,0.28027434616777,0.7499244712990937,0.8549848942598187,0.6223564954682779,0.5770392749244713,0.24018126888217528
32,RLS_A01_V01,stage2_n32_legacy,LEGACY_COMPATIBLE_WITH_WARNINGS,True,"[1,3,5,7,9,11,13,15,17,19,21,23,25,27,29,31,0,24,4,6,10,14,16,12,18,22,8,2,26,28,30,20]",7755a3f0fd182e00,0.03225806451612903,0.6451612903225806,0.19667013527575442,1.0,0,4,0.03225806451612903,0.7,9,1.3610160183196713,0.48387096774193544,0.5806451612903226,4,4,0.25,0.9375,1.0,0.019771071800208116,0.2504542332051778,0.6061178247734139,0.5589123867069486,0.8580060422960725,0.6827794561933535,0.05891238670694865
32,RLS_A02_V01,stage2_n32_legacy,LEGACY_COMPATIBLE_WITH_WARNINGS,True,"[1,3,5,7,9,11,13,15,17,19,21,23,25,27,29,31,0,24,4,6,10,12,14,16,18,22,26,2,8,28,30,20]",12aae4c7d36a8475,0.03225806451612903,0.6451612903225806,0.19667013527575442,1.0,0,5,0.03225806451612903,0.7666666666666667,7,1.1758131147866624,0.48387096774193544,0.5806451612903226,4,4,0.25,0.9375,1.0,0.019771071800208116,0.26095607386230424,0.619712990936556,0.6012084592145015,0.8277945619335347,0.6042296072507554,0.05891238670694865
32,RLS_A03_V01,stage2_n32_legacy,LEGACY_COMPATIBLE_WITH_WARNINGS,True,"[0,2,4,6,8,10,16,18,20,22,24,26,28,30,14,12,3,7,5,9,1,11,17,19,21,23,25,27,31,29,15,13]",b920d17d6fc55bec,0.0,0.41935483870967744,0.1279916753381894,0.5161290322580645,0,1,0.03225806451612903,0.7666666666666667,7,1.2205322877250138,0.532258064516129,0.532258064516129,4,4,0.2392578125,0.96875,1.0,0.013527575442247659,0.1177376935269224,0.6203172205438068,0.6737160120845922,0.5075528700906344,0.7794561933534743,0.05891238670694865
32,RLS_A04_V01,stage2_n32_legacy,LEGACY_COMPATIBLE_WITH_WARNINGS,True,"[0,2,4,6,8,18,16,10,20,22,24,26,28,30,14,12,9,7,5,3,1,11,17,19,21,23,29,25,27,31,15,13]",7bcdc29a387e4650,0.0,0.41935483870967744,0.1363163371488033,0.5161290322580645,0,2,0.03225806451612903,0.7666666666666667,7,1.1991837230169444,0.532258064516129,0.532258064516129,4,4,0.2294921875,0.96875,1.0,0.013527575442247659,0.12791127987820392,0.6576283987915408,0.6163141993957704,0.7824773413897281,0.9758308157099698,0.05891238670694865
32,RLS_A05_V01,stage2_n32_legacy,LEGACY_COMPATIBLE_WITH_WARNINGS,True,"[0,2,4,6,8,16,18,20,22,24,26,28,30,14,12,10,7,5,3,1,17,19,21,23,15,29,31,27,25,13,11,9]",8b8aadd4a744f424,0.0,0.2903225806451613,0.13215400624349635,0.5161290322580645,0,2,0.03225806451612903,0.8333333333333334,5,1.018214440329429,0.5241935483870968,0.5161290322580645,4,4,0.2294921875,0.96875,1.0,0.009365244536940688,0.13913489954670805,0.6287764350453171,0.661631419939577,0.5347432024169184,0.8882175226586103,0.05891238670694865
32,RLS_A06_V01,stage2_n32_legacy,LEGACY_COMPATIBLE_WITH_WARNINGS,True,"[0,2,4,6,8,10,16,18,12,14,30,28,26,24,22,20,9,7,5,3,1,11,17,19,21,23,25,27,31,29,15,13]",a40dfc2e23456932,0.0,0.41935483870967744,0.12382934443288242,0.5161290322580645,0,1,0.03225806451612903,0.8333333333333334,5,1.0013354679499276,0.532258064516129,0.532258064516129,4,4,0.2548828125,0.96875,1.0,0.013527575442247659,0.12044716963713155,0.6159365558912386,0.6948640483383686,0.41389728096676737,0.7854984894259819,0.05891238670694865
32,RLS_A07_V01,stage2_n32_legacy,LEGACY_COMPATIBLE_WITH_WARNINGS,True,"[1,3,5,7,9,11,13,15,17,19,21,23,25,27,29,31,4,24,0,6,10,12,14,22,18,16,8,2,26,28,30,20]",0118b172fd599b24,0.03225806451612903,0.6451612903225806,0.1883454734651405,0.8709677419354839,0,4,0.03225806451612903,0.7666666666666667,7,1.3223800136526502,0.48387096774193544,0.532258064516129,4,4,0.25,0.9375,1.0,0.019771071800208116,0.23435530946991115,0.6014350453172206,0.5679758308157099,0.879154078549849,0.5347432024169184,0.05891238670694865
32,RLS_A08_V01,stage2_n32_legacy,LEGACY_COMPATIBLE_WITH_WARNINGS,True,"[1,3,5,7,9,11,13,15,19,17,21,23,25,27,29,31,28,4,6,2,8,10,12,14,16,18,20,22,24,26,0,30]",375411ab7024a909,0.03225806451612903,0.967741935483871,0.15296566077003124,0.967741935483871,0,3,0.03225806451612903,0.7333333333333333,8,1.0013354679499276,0.48387096774193544,0.5080645161290323,4,4,0.248046875,0.9375,1.0,0.030176899063475544,0.23462313891928063,0.6925226586102718,0.8731117824773413,0.4108761329305136,0.3987915407854985,0.05891238670694865
32,RLS_A09_V01,stage2_n32_legacy,LEGACY_COMPATIBLE_WITH_WARNINGS,True,"[1,3,5,7,9,11,13,15,17,21,19,23,25,27,29,31,0,24,4,6,8,10,12,14,16,18,20,22,2,26,28,30]",5a4185e90b45d24b,0.03225806451612903,0.967741935483871,0.18210197710718004,1.0,0,5,0.03225806451612903,0.7333333333333333,8,0.8394009137798117,0.48387096774193544,0.5241935483870968,4,4,0.248046875,0.9375,1.0,0.030176899063475544,0.2625198633776834,0.8384441087613294,0.9939577039274925,0.5619335347432024,0.770392749244713,0.05891238670694865
32,RLS_A10_V01,stage2_n32_legacy,LEGACY_COMPATIBLE_WITH_WARNINGS,True,"[1,3,5,7,9,11,13,15,17,19,21,23,27,29,31,25,28,2,4,6,8,14,10,16,18,22,24,26,0,30,12,20]",bd5c7f2f2c690391,0.03225806451612903,0.6451612903225806,0.186264308012487,0.967741935483871,0,4,0.03225806451612903,0.6666666666666666,10,1.3719772465000197,0.48387096774193544,0.532258064516129,4,4,0.248046875,0.9375,1.0,0.019771071800208116,0.2490234260859328,0.5535498489425982,0.5830815709969788,0.6888217522658611,0.3383685800604229,0.05891238670694865
32,RLS_A11_V01,stage2_n32_legacy,LEGACY_COMPATIBLE_WITH_WARNINGS,True,"[1,3,5,7,9,11,13,15,17,19,21,23,29,25,31,27,26,8,0,6,4,10,14,16,20,18,12,22,24,28,2,30]",40cdb8cf37c7cffa,0.03225806451612903,0.967741935483871,0.17793964620187305,0.9032258064516129,1,3,0.03225806451612903,0.6666666666666666,10,1.6044668128350443,0.48387096774193544,0.532258064516129,4,4,0.2490234375,0.9375,1.0,0.030176899063475544,0.21095360731621962,0.6040030211480363,0.595166163141994,0.8459214501510575,0.4501510574018127,0.05891238670694865
32,RLS_A12_V01,stage2_n32_legacy,LEGACY_COMPATIBLE_WITH_WARNINGS,True,"[1,3,5,7,9,11,13,15,17,19,21,23,25,31,29,27,28,4,12,10,8,2,6,14,16,18,20,22,24,26,0,30]",d4824fca00b8bd7b,0.03225806451612903,0.967741935483871,0.16337148803329865,0.967741935483871,1,3,0.03225806451612903,0.7333333333333333,8,1.1509058271828645,0.48387096774193544,0.5080645161290323,4,4,0.251953125,0.9375,1.0,0.030176899063475544,0.23618706517368854,0.6461480362537765,0.7673716012084593,0.36858006042296076,0.7069486404833837,0.05891238670694865
32,RLS_A13_V01,stage2_n32_legacy,LEGACY_COMPATIBLE_WITH_WARNINGS,True,"[1,3,5,7,9,11,13,15,17,19,21,23,25,27,29,31,28,2,4,6,8,10,12,18,16,14,20,22,24,26,0,30]",81b4fd18301e0b5c,0.03225806451612903,0.967741935483871,0.15296566077003124,0.967741935483871,0,3,0.03225806451612903,0.8,6,0.7486812579012818,0.48387096774193544,0.5,4,4,0.25,0.9375,1.0,0.030176899063475544,0.24139276511419508,0.7614048338368581,0.9879154078549849,0.404833836858006,0.3534743202416919,0.05891238670694865
32,RLS_A14_V01,stage2_n32_legacy,LEGACY_COMPATIBLE_WITH_WARNINGS,True,"[1,3,5,7,9,11,13,15,17,19,21,23,29,27,25,31,0,24,4,6,8,10,12,14,16,18,20,22,2,26,28,30]",c01c5a04a0820ab0,0.03225806451612903,0.967741935483871,0.186264308012487,1.0,0,5,0.03225806451612903,0.7333333333333333,8,0.8394009137798117,0.48387096774193544,0.5241935483870968,4,4,0.248046875,0.9375,1.0,0.030176899063475544,0.2621566395947651,0.8092900302114804,0.9969788519637462,0.40785498489425986,0.7673716012084593,0.05891238670694865
32,RLS_A15_V01,stage2_n32_legacy,LEGACY_COMPATIBLE_WITH_WARNINGS,True,"[0,2,4,6,8,18,16,10,20,22,24,26,28,30,14,12,9,7,5,3,1,17,19,21,23,25,27,29,31,15,13,11]",ad5a540712132ca9,0.0,0.3548387096774194,0.13007284079084286,0.5161290322580645,0,3,0.03225806451612903,0.8333333333333334,5,0.8225219414003102,0.532258064516129,0.5241935483870968,4,4,0.2294921875,0.96875,1.0,0.011446409989594173,0.14250285591285977,0.7038519637462236,0.743202416918429,0.6404833836858006,0.8972809667673716,0.05891238670694865
32,RLS_A16_V01,stage2_n32_legacy,LEGACY_COMPATIBLE_WITH_WARNINGS,True,"[1,3,5,7,9,11,13,15,17,19,21,23,27,29,31,25,28,2,4,6,8,10,14,16,18,22,24,26,12,30,0,20]",71039e1b39f39205,0.03225806451612903,0.6451612903225806,0.17793964620187305,0.967741935483871,0,4,0.03225806451612903,0.7333333333333333,8,1.265251460663365,0.48387096774193544,0.532258064516129,4,4,0.248046875,0.9375,1.0,0.019771071800208116,0.24096175436507278,0.6573262839879155,0.7250755287009063,0.7280966767371602,0.37462235649546827,0.05891238670694865
32,RLS_A17_V01,stage2_n32_legacy,LEGACY_COMPATIBLE_WITH_WARNINGS,True,"[1,3,5,7,9,11,13,15,17,19,21,23,25,27,29,31,28,4,6,0,8,10,12,14,16,18,20,22,24,26,2,30]",97ea731b5c99af5d,0.03225806451612903,0.967741935483871,0.14880332986472425,0.9032258064516129,0,3,0.03225806451612903,0.8,6,0.793400430839633,0.48387096774193544,0.49193548387096775,4,4,0.25,0.9375,1.0,0.030176899063475544,0.22329169318637143,0.6290785498489426,0.7885196374622356,0.3655589123867069,0.404833836858006,0.05891238670694865
32,RLS_A18_V01,stage2_n32_legacy,LEGACY_COMPATIBLE_WITH_WARNINGS,True,"[0,2,4,6,8,11,16,18,20,22,24,26,28,30,14,12,9,7,5,3,1,10,17,19,21,23,25,27,29,31,15,13]",b27f25135b02ff79,0.0,0.41935483870967744,0.1113423517169615,0.5161290322580645,0,2,0.16129032258064516,0.9,3,0.8841200867181631,0.5241935483870968,0.532258064516129,4,4,0.236328125,0.96875,5.0,0.013527575442247659,0.11755361321808157,0.6819486404833837,0.6858006042296072,0.6918429003021148,0.9486404833836858,0.05891238670694865
32,RLS_A19_V01,stage2_n32_legacy,LEGACY_COMPATIBLE_WITH_WARNINGS,True,"[0,2,4,6,8,10,16,18,20,22,24,26,28,30,14,12,9,23,21,19,17,1,3,5,7,25,27,31,29,15,13,11]",4ee41d5ec1dc313a,0.0,0.3548387096774194,0.14255983350676377,0.5806451612903226,0,3,0.03225806451612903,0.8333333333333334,5,1.018214440329429,0.532258064516129,0.532258064516129,4,4,0.2392578125,0.96875,1.0,0.011446409989594173,0.1613473767036334,0.6626132930513595,0.6435045317220545,0.8096676737160121,0.7945619335347431,0.05891238670694865
32,RLS_A20_V01,stage2_n32_legacy,LEGACY_COMPATIBLE_WITH_WARNINGS,True,"[15,18,21,24,26,28,30,23,19,4,2,14,12,10,8,6,0,5,9,16,20,22,25,27,29,31,17,13,11,7,3,1]",880e3d14dc1c410a,0.4838709677419355,0.03225806451612903,0.13527575442247658,0.4838709677419355,0,0,0.25806451612903225,0.8333333333333334,5,1.671766842038036,0.5,0.5887096774193549,4,4,0.1953125,0.5,8.0,-0.0145681581685744,0.11096730478058922,0.5851208459214502,0.4773413897280967,0.972809667673716,0.7734138972809668,0.05891238670694865
32,RLS_A21_V01,stage2_n32_legacy,LEGACY_COMPATIBLE_WITH_WARNINGS,True,"[1,3,5,7,9,11,13,15,31,29,27,25,23,21,19,17,4,0,24,6,10,12,14,16,18,22,8,2,26,28,30,20]",70a7cea435adadf0,0.03225806451612903,0.6451612903225806,0.1841831425598335,0.7741935483870968,0,4,0.03225806451612903,0.7666666666666667,7,1.3502202142114996,0.48387096774193544,0.5806451612903226,4,4,0.2568359375,0.9375,1.0,0.019771071800208116,0.21290536188930892,0.5289274924471299,0.6525679758308157,0.23867069486404835,0.540785498489426,0.05891238670694865
32,RLS_A22_V01,stage2_n32_legacy,LEGACY_COMPATIBLE_WITH_WARNINGS,True,"[1,3,5,7,9,11,13,15,17,19,21,23,25,27,29,31,30,2,12,10,8,6,4,14,16,18,20,22,24,26,28,0]",6e925eb175dc926a,0.03225806451612903,0.0,0.13423517169614985,0.9032258064516129,1,2,0.03225806451612903,0.8333333333333334,5,0.6119517621973296,0.48387096774193544,0.49193548387096775,4,4,0.25,0.9375,1.0,-0.0010405827263267429,0.21178351130499415,0.6601963746223565,0.8308157099697885,0.38972809667673713,0.3927492447129909,0.05891238670694865
32,RLS_A23_V01,stage2_n32_legacy,LEGACY_COMPATIBLE_WITH_WARNINGS,True,"[1,3,5,7,9,11,13,15,17,19,21,23,25,27,29,31,30,14,6,4,8,10,12,2,16,18,20,22,24,26,28,0]",2cf42a1422e6fc7f,0.03225806451612903,0.0,0.13423517169614985,0.9032258064516129,1,2,0.03225806451612903,0.8333333333333334,5,0.9735584325948656,0.48387096774193544,0.49193548387096775,4,4,0.25,0.9375,1.0,-0.0010405827263267429,0.1810195270168229,0.6310422960725076,0.7734138972809668,0.377643504531722,0.49848942598187307,0.05891238670694865
32,RLS_A24_V01,stage2_n32_legacy,LEGACY_COMPATIBLE_WITH_WARNINGS,True,"[15,17,19,13,11,21,23,25,27,29,31,9,7,5,3,1,12,16,18,28,26,24,22,8,10,20,14,30,6,4,0,2]",d9f74fc817bf8564,0.4838709677419355,0.06451612903225806,0.18210197710718004,0.7741935483870968,0,3,0.03225806451612903,0.6666666666666666,10,1.4335753918178724,0.28225806451612906,0.6129032258064516,1,7,0.1728515625,0.5,1.0,-0.013527575442247659,0.19433561497439344,0.6100453172205439,0.5649546827794563,0.7794561933534743,0.8398791540785498,0.05891238670694865
32,RLS_A25_V01,stage2_n32_legacy,LEGACY_COMPATIBLE_WITH_WARNINGS,True,"[1,3,5,7,9,11,13,15,17,19,21,23,25,27,29,31,0,4,6,8,24,10,12,14,16,18,20,22,2,26,28,30]",86e187bdb526f886,0.03225806451612903,0.967741935483871,0.16545265348595212,1.0,0,4,0.03225806451612903,0.8,6,0.8381196037779843,0.48387096774193544,0.5241935483870968,4,4,0.25,0.9375,1.0,0.030176899063475544,0.23814117069209667,0.8077794561933535,0.9365558912386707,0.6042296072507554,0.7522658610271904,0.05891238670694865
32,RLS_A26_V01,stage2_n32_legacy,LEGACY_COMPATIBLE_WITH_WARNINGS,True,"[15,19,24,28,31,26,22,13,11,8,6,3,0,17,20,14,10,16,18,12,1,5,2,9,21,23,25,29,27,30,4,7]",52da9894a6a015a3,0.4838709677419355,0.22580645161290322,0.1768990634755463,0.8387096774193549,0,2,0.45161290322580644,0.6,12,2.05273632733545,0.48387096774193544,0.6612903225806451,4,4,0.177734375,0.5,14.0,-0.008324661810613943,0.16157539173106342,0.5375377643504531,0.5287009063444108,0.6344410876132931,0.6404833836858006,0.05891238670694865
32,RLS_A27_V01,stage2_n32_legacy,LEGACY_COMPATIBLE_WITH_WARNINGS,True,"[0,16,24,11,6,18,21,14,9,26,31,7,2,4,29,19,23,12,10,17,27,30,15,5,1,3,20,25,28,13,8,22]",d8519c60d33e4bcf,0.0,0.7096774193548387,0.29552549427679503,0.8064516129032258,0,5,0.5806451612903226,0.5333333333333333,14,2.5893664026026655,0.3870967741935484,0.564516129032258,3,5,0.1484375,0.96875,18.0,0.022892819979188347,0.2003817601475796,0.5398036253776435,0.45921450151057397,0.8912386706948641,0.6012084592145015,0.05891238670694865
32,RLS_A28_V01,stage2_n32_legacy,LEGACY_COMPATIBLE_WITH_WARNINGS,True,"[0,2,4,6,8,10,16,18,20,22,24,26,28,30,14,13,9,7,5,3,1,17,19,21,23,25,27,31,29,15,12,11]",b2d5b9a3b81e1048,0.0,0.3548387096774194,0.11342351716961499,0.5161290322580645,2,2,0.0967741935483871,0.9,3,1.1061866542445133,0.532258064516129,0.532258064516129,4,4,0.25390625,0.96875,3.0,0.011446409989594173,0.12847720569449034,0.5636706948640483,0.5740181268882175,0.49244712990936557,0.8912386706948641,0.05891238670694865
32,RLS_A29_V01,stage2_n32_legacy,LEGACY_COMPATIBLE_WITH_WARNINGS,True,"[15,19,24,28,31,26,22,13,11,8,6,3,0,10,16,18,12,7,17,20,14,5,2,9,21,23,25,29,27,30,4,1]",d5ca7bb78c97e948,0.4838709677419355,0.03225806451612903,0.1748178980228928,0.8387096774193549,0,1,0.45161290322580644,0.7,9,2.069615299715952,0.48387096774193544,0.7096774193548387,4,4,0.1787109375,0.5,14.0,-0.0145681581685744,0.1492429270701959,0.5142749244712992,0.5045317220543807,0.4894259818731118,0.8549848942598187,0.05891238670694865
32,RLS_A30_V01,stage2_n32_legacy,LEGACY_COMPATIBLE_WITH_WARNINGS,True,"[1,3,5,7,9,11,13,15,17,23,21,19,25,27,29,31,0,24,4,6,8,10,12,14,16,18,28,30,20,22,2,26]",fb8b19e909062505,0.03225806451612903,0.8387096774193549,0.20291363163371487,1.0,0,5,0.03225806451612903,0.6666666666666666,10,1.0614674813061622,0.48387096774193544,0.5241935483870968,4,4,0.244140625,0.9375,1.0,0.026014568158168574,0.2620905448246636,0.7052114803625379,0.8066465256797584,0.5770392749244713,0.6253776435045317,0.05891238670694865
32,RLS_A31_V01,stage2_n32_legacy,LEGACY_COMPATIBLE_WITH_WARNINGS,True,"[1,3,5,7,9,11,13,15,17,19,21,23,27,29,31,25,28,20,4,6,8,10,12,14,16,18,22,24,26,0,30,2]",d1f0b57e8972038d,0.03225806451612903,0.06451612903225806,0.17585848074921956,0.967741935483871,0,4,0.03225806451612903,0.7666666666666667,7,1.1956250001212156,0.48387096774193544,0.5806451612903225,4,4,0.248046875,0.9375,1.0,0.0010405827263267429,0.25411106878212764,0.7355740181268882,0.9003021148036254,0.5709969788519638,0.3323262839879154,0.05891238670694865
32,RLS_A32_V01,stage2_n32_legacy,LEGACY_COMPATIBLE_WITH_WARNINGS,True,"[1,3,5,7,9,11,13,15,17,19,21,23,25,27,29,31,28,4,6,2,22,8,10,12,14,16,18,20,24,26,0,30]",21c4f9987a9f4947,0.03225806451612903,0.967741935483871,0.17793964620187305,0.967741935483871,0,4,0.03225806451612903,0.7333333333333333,8,1.0629336132677805,0.48387096774193544,0.46774193548387094,4,4,0.25,0.9375,1.0,0.030176899063475544,0.25503831376579267,0.7071752265861027,0.8580060422960725,0.5317220543806647,0.40181268882175225,0.05891238670694865
32,RLS_A33_V01,stage2_n32_legacy,LEGACY_COMPATIBLE_WITH_WARNINGS,True,"[0,2,4,6,8,10,12,16,18,20,22,24,26,28,30,14,11,9,5,3,1,17,19,7,21,23,25,27,29,31,15,13]",b5e8120c13e771c5,0.0,0.41935483870967744,0.1363163371488033,0.5161290322580645,0,3,0.03225806451612903,0.8333333333333334,5,0.9566162950115762,0.5403225806451613,0.532258064516129,4,4,0.2509765625,0.96875,1.0,0.013527575442247659,0.15190369470201742,0.6715256797583082,0.6465256797583081,0.770392749244713,0.9425981873111783,0.05891238670694865
32,RLS_A34_V01,stage2_n32_legacy,LEGACY_COMPATIBLE_WITH_WARNINGS,True,"[0,16,21,13,10,18,23,8,5,2,25,27,30,15,12,20,22,7,4,11,14,24,28,31,26,17,9,6,1,3,19,29]",32f25e917aaa171e,0.0,0.9354838709677419,0.23413111342351717,0.7419354838709677,0,3,0.6129032258064516,0.6666666666666666,10,2.1362569290149995,0.3790322580645161,0.5806451612903225,1,7,0.1611328125,0.96875,19.0,0.030176899063475544,0.1716677679692094,0.540105740181269,0.44712990936555896,0.9033232628398792,0.6586102719033233,0.05891238670694865
32,RLS_A35_V01,stage2_n32_legacy,LEGACY_COMPATIBLE_WITH_WARNINGS,True,"[0,23,21,13,10,18,16,8,5,2,25,27,30,15,12,19,22,7,4,17,14,24,28,31,26,11,9,6,1,3,20,29]",a8a35ccbc052654f,0.0,0.9354838709677419,0.23413111342351717,0.7419354838709677,0,3,0.6774193548387096,0.6,12,2.1295580771712297,0.3790322580645161,0.6129032258064516,1,7,0.1708984375,0.96875,21.0,0.030176899063475544,0.1969809633232379,0.5756042296072508,0.49244712990936557,0.8882175226586103,0.7492447129909365,0.05891238670694865
32,RLS_A36_V01,stage2_n32_legacy,LEGACY_COMPATIBLE_WITH_WARNINGS,True,"[1,3,9,5,11,13,15,17,19,21,23,25,27,31,29,7,0,24,4,6,10,12,14,16,18,22,8,2,26,28,30,20]",7d3ec69b7f5358c2,0.03225806451612903,0.6451612903225806,0.19667013527575442,0.7741935483870968,0,4,0.03225806451612903,0.7,9,1.5503763812322926,0.4274193548387097,0.5806451612903226,3,5,0.2265625,0.9375,1.0,0.019771071800208116,0.22203704430186097,0.6186555891238671,0.5861027190332326,0.8126888217522659,0.7220543806646526,0.05891238670694865
32,RLS_A37_V01,stage2_n32_legacy,LEGACY_COMPATIBLE_WITH_WARNINGS,True,"[1,3,5,7,9,11,13,15,17,19,21,23,25,27,29,31,4,24,6,10,12,14,16,18,22,0,8,2,26,28,30,20]",ae492664840e3f13,0.03225806451612903,0.6451612903225806,0.19250780437044746,0.8709677419354839,0,5,0.03225806451612903,0.7,9,1.3268496059812178,0.48387096774193544,0.6854838709677419,4,4,0.25,0.9375,1.0,0.019771071800208116,0.2406289900032099,0.6295317220543806,0.5921450151057401,0.8066465256797584,0.8036253776435045,0.05891238670694865
32,RLS_A38_V01,stage2_n32_legacy,LEGACY_COMPATIBLE_WITH_WARNINGS,True,"[1,3,5,7,9,11,13,15,17,19,21,23,25,27,29,31,4,0,24,6,16,18,10,12,14,22,8,2,26,28,30,20]",e61bc5490ebe74c6,0.03225806451612903,0.6451612903225806,0.20083246618106138,0.8709677419354839,0,4,0.03225806451612903,0.7,9,1.3670991865910014,0.48387096774193544,0.5725806451612903,4,4,0.25,0.9375,1.0,0.019771071800208116,0.23601278781492996,0.61714501510574,0.5619335347432024,0.9093655589123867,0.6706948640483383,0.05891238670694865
32,RLS_A39_V01,stage2_n32_legacy,LEGACY_COMPATIBLE_WITH_WARNINGS,True,"[1,3,5,7,9,11,13,15,17,19,21,23,25,31,29,27,6,8,26,10,2,4,12,14,16,18,20,22,24,0,28,30]",817da57dd5dd8552,0.03225806451612903,0.967741935483871,0.18210197710718004,0.9032258064516129,0,5,0.03225806451612903,0.8,6,1.0629336132677805,0.48387096774193544,0.5241935483870968,4,4,0.251953125,0.9375,1.0,0.030176899063475544,0.2352775723286639,0.6393504531722053,0.7401812688821752,0.46827794561933533,0.6163141993957704,0.05891238670694865
32,RLS_A40_V01,stage2_n32_legacy,LEGACY_COMPATIBLE_WITH_WARNINGS,True,"[0,2,4,6,8,16,18,20,22,24,28,30,14,12,10,7,5,3,1,9,17,19,21,23,25,27,29,31,26,15,13,11]",59a94ec90fa6e2cf,0.0,0.3548387096774194,0.11342351716961499,0.5161290322580645,0,1,0.0967741935483871,0.9,3,1.0013354679499276,0.5241935483870968,0.5483870967741935,4,4,0.244140625,0.96875,3.0,0.011446409989594173,0.10488743532448826,0.5598942598187311,0.6132930513595166,0.3262839879154078,0.9305135951661632,0.05891238670694865
32,RLU2M_A01_V01,stage2_n32_legacy,LEGACY_COMPATIBLE_WITH_WARNINGS,True,"[21,23,25,0,2,4,6,8,10,12,14,16,18,20,22,24,26,1,30,28,5,3,7,9,11,13,15,17,19,27,29,31]",5ed8e6a6bb55ba1c,0.6774193548387096,1.0,0.17065556711758584,0.9354838709677419,0,4,0.12903225806451613,0.8,6,0.793400430839633,0.6451612903225806,0.4274193548387097,5,3,0.216796875,0.65625,4.0,0.01040582726326743,0.25468567809828685,0.7871601208459215,0.9577039274924471,0.35045317220543803,0.6344410876132931,0.6223564954682779
32,RLU2M_A02_V01,stage2_n32_legacy,LEGACY_COMPATIBLE_WITH_WARNINGS,True,"[21,23,25,0,2,4,6,8,10,12,14,16,18,20,22,24,1,30,26,28,3,5,7,9,11,13,15,17,19,27,29,31]",91ce11a655e329ee,0.6774193548387096,1.0,0.17065556711758584,0.9354838709677419,0,4,0.12903225806451613,0.7333333333333333,8,0.793400430839633,0.6451612903225806,0.4274193548387097,5,3,0.216796875,0.65625,4.0,0.01040582726326743,0.25468567809828685,0.7358006042296072,0.918429003021148,0.36253776435045315,0.40785498489425986,0.5105740181268883
32,RLU2M_A03_V01,stage2_n32_legacy,LEGACY_COMPATIBLE_WITH_WARNINGS,True,"[23,21,25,0,2,4,6,8,10,12,14,16,18,20,22,24,26,1,30,28,3,5,7,9,11,13,15,17,19,27,29,31]",84702cc4faf3fc9b,0.7419354838709677,1.0,0.17273673257023933,0.9354838709677419,0,4,0.12903225806451613,0.7666666666666667,7,0.7318022855217801,0.6451612903225806,0.4274193548387097,5,3,0.21875,0.71875,4.0,0.008324661810613943,0.2595623011354067,0.7705438066465258,0.9697885196374623,0.3383685800604229,0.47432024169184295,0.5015105740181269
32,RLU2M_A04_V01,stage2_n32_legacy,LEGACY_COMPATIBLE_WITH_WARNINGS,True,"[21,23,25,0,2,4,6,8,10,12,14,16,18,20,22,24,1,26,30,28,3,5,7,9,11,13,15,17,19,27,29,31]",b45f63ce8ad59579,0.6774193548387096,1.0,0.16649323621227888,0.8064516129032258,0,4,0.12903225806451613,0.8,6,0.7318022855217801,0.6451612903225806,0.4274193548387097,5,3,0.2177734375,0.65625,4.0,0.01040582726326743,0.24293539802302253,0.7127643504531722,0.9214501510574018,0.22658610271903323,0.4380664652567976,0.4939577039274925
32,RLU2M_A05_V01,stage2_n32_legacy,LEGACY_COMPATIBLE_WITH_WARNINGS,True,"[21,23,25,0,2,4,6,8,10,12,14,16,18,20,22,26,24,1,30,28,3,5,7,9,11,13,15,17,19,27,29,31]",2974bca71c4d6ef9,0.6774193548387096,1.0,0.17065556711758584,0.9354838709677419,0,4,0.12903225806451613,0.8,6,0.793400430839633,0.6451612903225806,0.4274193548387097,5,3,0.2158203125,0.65625,4.0,0.01040582726326743,0.25468567809828685,0.7153323262839879,0.9033232628398792,0.28398791540785495,0.4108761329305136,0.6057401812688822
32,RLU2M_A06_V01,stage2_n32_legacy,LEGACY_COMPATIBLE_WITH_WARNINGS,True,"[21,23,25,0,2,4,6,8,10,12,14,16,18,20,22,24,26,1,5,3,28,30,7,9,11,13,15,17,19,27,29,31]",42004ddf695f2aa2,0.6774193548387096,1.0,0.16649323621227888,0.8064516129032258,0,4,0.12903225806451613,0.7333333333333333,8,0.7318022855217801,0.6451612903225806,0.4274193548387097,5,3,0.224609375,0.65625,4.0,0.01040582726326743,0.24293539802302253,0.7376132930513595,0.8851963746223565,0.29607250755287007,0.6737160120845922,0.7129909365558913
32,RLU2M_A07_V01,stage2_n32_legacy,LEGACY_COMPATIBLE_WITH_WARNINGS,True,"[25,23,21,0,2,4,6,8,10,12,14,16,18,20,22,24,26,1,30,28,3,5,7,9,11,13,15,17,19,27,29,31]",303f75dd5967066f,0.8064516129032258,1.0,0.16649323621227888,0.9354838709677419,0,4,0.12903225806451613,0.8333333333333334,5,0.656670935135681,0.6451612903225806,0.4274193548387097,5,3,0.22265625,0.78125,4.0,0.006243496357960458,0.2508214525118408,0.7686555891238671,0.9788519637462235,0.3021148036253777,0.4773413897280967,0.48489425981873113
32,RLU2M_A10_V01,stage2_n32_legacy,LEGACY_COMPATIBLE_WITH_WARNINGS,True,"[21,23,25,0,2,4,6,8,10,12,14,16,18,20,22,24,26,1,30,28,7,5,3,9,11,13,15,17,19,27,29,31]",359eb8eabbf54747,0.6774193548387096,1.0,0.17065556711758584,0.9354838709677419,0,4,0.12903225806451613,0.8,6,0.793400430839633,0.6451612903225806,0.4274193548387097,5,3,0.216796875,0.65625,4.0,0.01040582726326743,0.2501643980813605,0.8057401812688821,0.9123867069486404,0.5921450151057401,0.6435045317220545,0.5981873111782477
32,RLU2M_A11_V01,stage2_n32_legacy,LEGACY_COMPATIBLE_WITH_WARNINGS,True,"[21,23,25,0,2,4,6,8,10,12,14,16,18,20,22,30,1,24,26,28,3,5,7,9,11,13,15,17,19,27,29,31]",ade7a4e3b0623d1b,0.6774193548387096,1.0,0.1748178980228928,0.9354838709677419,0,4,0.12903225806451613,0.8,6,0.7486812579012816,0.6451612903225806,0.4274193548387097,5,3,0.212890625,0.65625,4.0,0.01040582726326743,0.2550255763919316,0.7228851963746225,0.8942598187311178,0.4441087613293051,0.3655589123867069,0.324773413897281
32,RLU2M_A12_V01,stage2_n32_legacy,LEGACY_COMPATIBLE_WITH_WARNINGS,True,"[21,23,25,0,2,4,6,8,10,12,14,16,18,20,22,24,26,5,30,28,3,1,7,9,11,13,15,17,19,27,29,31]",675161a5968bab04,0.6774193548387096,1.0,0.16649323621227888,0.8064516129032258,0,4,0.12903225806451613,0.8,6,0.7318022855217801,0.6451612903225806,0.4274193548387097,5,3,0.216796875,0.65625,4.0,0.01040582726326743,0.2381911817251629,0.7391238670694864,0.8398791540785498,0.5135951661631419,0.5981873111782477,0.6132930513595166
32,RLU2M_A13_V01,stage2_n32_legacy,LEGACY_COMPATIBLE_WITH_WARNINGS,True,"[21,23,25,0,2,4,6,8,10,12,14,16,18,20,22,24,26,1,30,28,3,5,7,11,9,13,15,17,19,27,29,31]",f81c3c5d7e45c4f3,0.6774193548387096,1.0,0.1748178980228928,0.9354838709677419,0,4,0.12903225806451613,0.7333333333333333,8,0.8225219414003102,0.6451612903225806,0.4435483870967742,5,3,0.216796875,0.65625,4.0,0.01040582726326743,0.2589441555572359,0.7669184290030212,0.9154078549848943,0.49848942598187307,0.4561933534743202,0.5317220543806647
32,RLU2M_A14_V01,stage2_n32_legacy,LEGACY_COMPATIBLE_WITH_WARNINGS,True,"[21,23,25,0,2,4,6,8,10,12,14,16,18,20,22,24,26,1,30,28,3,5,9,7,11,13,15,17,19,27,29,31]",39c71a79f510337e,0.6774193548387096,1.0,0.1748178980228928,0.9354838709677419,0,4,0.12903225806451613,0.7333333333333333,8,0.8225219414003102,0.6451612903225806,0.4274193548387097,5,3,0.216796875,0.65625,4.0,0.01040582726326743,0.2589441555572359,0.7848942598187312,0.9335347432024169,0.5287009063444108,0.4652567975830816,0.5166163141993958
32,RLU2M_A15_V01,stage2_n32_legacy,LEGACY_COMPATIBLE_WITH_WARNINGS,True,"[21,23,25,0,2,4,6,8,10,12,14,18,16,20,22,24,26,1,30,28,3,5,7,9,11,13,15,17,19,27,29,31]",e43cff4aab5ecdd5,0.6774193548387096,1.0,0.1748178980228928,0.9354838709677419,0,4,0.12903225806451613,0.7333333333333333,8,0.8225219414003102,0.6451612903225806,0.4274193548387097,5,3,0.216796875,0.65625,4.0,0.01040582726326743,0.2589441555572359,0.7484894259818732,0.9637462235649547,0.24773413897280971,0.45921450151057397,0.5317220543806647
32,RLU2M_A16_V01,stage2_n32_legacy,LEGACY_COMPATIBLE_WITH_WARNINGS,True,"[21,23,25,0,2,4,8,6,10,12,14,16,18,20,22,24,26,1,30,28,3,5,7,9,11,13,15,17,19,27,29,31]",7c4fbd23968a26f5,0.6774193548387096,1.0,0.1748178980228928,0.9354838709677419,0,4,0.12903225806451613,0.7333333333333333,8,0.8225219414003102,0.6451612903225806,0.4274193548387097,5,3,0.21484375,0.65625,4.0,0.01040582726326743,0.2589441555572359,0.7726586102719033,0.9667673716012084,0.3413897280966768,0.4833836858006042,0.552870090634441
32,RLU2M_A18_V01,stage2_n32_legacy,LEGACY_COMPATIBLE_WITH_WARNINGS,True,"[21,23,25,0,2,4,6,8,10,12,14,16,18,20,22,24,26,1,30,28,3,7,5,9,11,13,15,17,19,27,29,31]",91655ae5e0a1c23b,0.6774193548387096,1.0,0.1748178980228928,0.9354838709677419,0,4,0.12903225806451613,0.7333333333333333,8,0.8225219414003102,0.6451612903225806,0.4274193548387097,5,3,0.216796875,0.65625,4.0,0.01040582726326743,0.2589441555572359,0.7574018126888218,0.945619335347432,0.3474320241691843,0.4712990936555891,0.5226586102719033
32,RLU2M_A20_V01,stage2_n32_legacy,LEGACY_COMPATIBLE_WITH_WARNINGS,True,"[21,23,25,0,2,4,6,8,10,12,14,16,18,20,22,24,26,1,28,30,3,5,7,11,9,13,15,17,19,27,29,31]",52e37ad106d4256d,0.6774193548387096,1.0,0.1748178980228928,0.8709677419354839,0,4,0.12903225806451613,0.7333333333333333,8,0.8394009137798117,0.6451612903225806,0.4435483870967742,5,3,0.216796875,0.65625,4.0,0.01040582726326743,0.25842511143363806,0.75,0.8882175226586103,0.5015105740181269,0.46223564954682783,0.5226586102719033
32,RLU2M_A21_V01,stage2_n32_legacy,LEGACY_COMPATIBLE_WITH_WARNINGS,True,"[21,23,25,0,2,4,6,8,10,12,14,16,18,20,22,24,26,1,3,28,30,9,7,5,11,13,15,17,19,27,29,31]",9291cc727181502f,0.6774193548387096,1.0,0.16649323621227888,0.8064516129032258,0,4,0.12903225806451613,0.8,6,0.7318022855217801,0.6451612903225806,0.4274193548387097,5,3,0.220703125,0.65625,4.0,0.01040582726326743,0.2381911817251629,0.7302114803625377,0.8338368580060422,0.44108761329305135,0.6888217522658611,0.6223564954682779
32,RLU2M_A22_V01,stage2_n32_legacy,LEGACY_COMPATIBLE_WITH_WARNINGS,True,"[21,23,25,0,2,4,6,8,10,12,14,16,18,20,22,24,26,28,30,1,3,9,7,5,11,13,15,19,17,27,29,31]",d6f297858c5bf9b8,0.6774193548387096,1.0,0.13527575442247658,0.9354838709677419,0,2,0.06451612903225806,0.7333333333333333,8,0.793400430839633,0.6451612903225806,0.4274193548387097,5,3,0.212890625,0.65625,2.0,0.01040582726326743,0.20143811025893615,0.6805891238670695,0.7371601208459215,0.6102719033232629,0.5226586102719033,0.5422960725075529
32,RLU2M_A23_V01,stage2_n32_legacy,LEGACY_COMPATIBLE_WITH_WARNINGS,True,"[21,23,25,0,2,6,4,8,10,12,16,14,18,20,22,24,26,1,30,28,3,5,7,9,11,13,15,17,19,27,29,31]",e012a23db85505c9,0.6774193548387096,1.0,0.1789802289281998,0.9354838709677419,0,4,0.12903225806451613,0.6666666666666666,10,0.9551501630489578,0.6451612903225806,0.4274193548387097,5,3,0.21484375,0.65625,4.0,0.01040582726326743,0.25765298999329883,0.75,0.9486404833836858,0.2930513595166163,0.48640483383685795,0.5226586102719033
32,RLU2M_A24_V01,stage2_n32_legacy,LEGACY_COMPATIBLE_WITH_WARNINGS,True,"[23,21,25,0,2,4,6,8,10,12,14,16,18,20,22,24,26,1,30,28,3,5,11,9,7,13,15,17,19,27,29,31]",ef28207e47662bde,0.7419354838709677,1.0,0.18106139438085328,0.9354838709677419,0,4,0.12903225806451613,0.7,9,0.9566162950115764,0.6451612903225806,0.4596774193548387,5,3,0.21875,0.71875,4.0,0.008324661810613943,0.25802255373649985,0.7530966767371601,0.8277945619335347,0.7009063444108761,0.45317220543806647,0.5906344410876133
32,RLU2M_A25_V01,stage2_n32_legacy,LEGACY_COMPATIBLE_WITH_WARNINGS,True,"[21,23,25,0,2,4,6,8,10,12,14,16,18,20,22,26,24,28,30,1,3,5,7,13,11,9,15,17,19,27,29,31]",3a34c4a40dcfb7c6,0.6774193548387096,1.0,0.13527575442247658,0.9354838709677419,0,2,0.06451612903225806,0.7333333333333333,8,0.8841200867181631,0.6451612903225806,0.4596774193548387,5,3,0.2119140625,0.65625,2.0,0.01040582726326743,0.19942843285601505,0.7182779456193354,0.7522658610271904,0.7764350453172205,0.39577039274924475,0.6888217522658611
32,RLU2M_A26_V01,stage2_n32_legacy,LEGACY_COMPATIBLE_WITH_WARNINGS,True,"[0,2,4,6,8,10,12,14,16,18,20,22,24,26,28,30,7,5,3,1,9,15,13,11,17,19,21,23,25,27,29,31]",d256b0f3cabe63f0,0.0,1.0,0.10093652445369407,0.7419354838709677,0,1,0.03225806451612903,0.8666666666666667,4,0.5187004385702825,0.5483870967741935,0.5483870967741935,4,4,0.2646484375,0.96875,1.0,0.03225806451612903,0.1255358587015557,0.733534743202417,0.8126888217522659,0.3987915407854985,0.8821752265861027,0.7462235649546828
32,RLU2M_A27_V01,stage2_n32_legacy,LEGACY_COMPATIBLE_WITH_WARNINGS,True,"[21,23,25,0,2,4,6,8,10,12,14,16,18,20,22,26,24,1,30,28,3,5,7,11,13,15,17,9,19,27,29,31]",6d8219b2a4638a27,0.6774193548387096,1.0,0.18730489073881373,0.9354838709677419,0,4,0.12903225806451613,0.7333333333333333,8,1.1061866542445131,0.6451612903225806,0.4435483870967742,5,3,0.2158203125,0.65625,4.0,0.01040582726326743,0.2540556674331959,0.6311178247734139,0.6978851963746224,0.5468277945619335,0.3806646525679759,0.6012084592145015
32,RLU2M_A28_V01,stage2_n32_legacy,LEGACY_COMPATIBLE_WITH_WARNINGS,True,"[1,3,5,7,9,11,13,15,17,19,21,23,29,27,25,31,0,2,4,8,6,10,12,14,16,18,22,20,26,24,30,28]",d44218bcd3f23cd2,0.03225806451612903,0.9032258064516129,0.11758584807492195,1.0,0,1,0.03225806451612903,0.6333333333333333,11,0.8224587761955224,0.48387096774193544,0.48387096774193544,4,4,0.248046875,0.9375,1.0,0.02809573361082206,0.16722653291021786,0.8638217522658611,1.0,0.4380664652567976,0.9365558912386707,0.6510574018126889
32,RLU2M_A29_V01,stage2_n32_legacy,LEGACY_COMPATIBLE_WITH_WARNINGS,True,"[0,2,4,6,8,10,12,14,18,16,20,22,24,28,26,30,3,1,5,7,9,11,13,23,21,19,15,17,29,27,25,31]",2768e819f5d4e70d,0.0,1.0,0.1259105098855359,0.8709677419354839,0,1,0.03225806451612903,0.6666666666666666,10,1.024776623590107,0.5483870967741935,0.49193548387096775,4,4,0.2607421875,0.96875,1.0,0.03225806451612903,0.15510617696501644,0.8270392749244713,0.9758308157099698,0.3534743202416919,0.879154078549849,0.6827794561933535
32,RLU2M_A30_V01,stage2_n32_legacy,LEGACY_COMPATIBLE_WITH_WARNINGS,True,"[21,23,25,0,2,4,6,8,10,12,14,16,18,20,22,24,26,1,30,28,15,7,3,5,9,11,13,17,19,27,29,31]",f853fea9d6aeab89,0.6774193548387096,1.0,0.17065556711758584,0.9354838709677419,0,3,0.12903225806451613,0.8,6,1.0445885089266604,0.6451612903225806,0.47580645161290325,5,3,0.216796875,0.65625,4.0,0.01040582726326743,0.23579705605796727,0.5948640483383686,0.6646525679758308,0.46223564954682783,0.38972809667673713,0.6283987915407855
32,RLU2M_A31_V01,stage2_n32_legacy,LEGACY_COMPATIBLE_WITH_WARNINGS,True,"[21,23,25,0,2,4,6,8,20,10,12,14,16,18,26,24,22,1,30,28,3,5,7,9,11,13,15,17,19,27,29,31]",4537d4a3f469f13e,0.6774193548387096,1.0,0.19146722164412072,0.9354838709677419,0,4,0.12903225806451613,0.7333333333333333,8,1.018214440329429,0.6451612903225806,0.4274193548387097,5,3,0.2177734375,0.65625,4.0,0.01040582726326743,0.2527995024869567,0.6129909365558912,0.7009063444108761,0.4954682779456193,0.26586102719033233,0.6344410876132931
32,RLU2M_A32_V01,stage2_n32_legacy,LEGACY_COMPATIBLE_WITH_WARNINGS,True,"[21,23,25,0,2,4,6,8,16,12,14,10,18,20,22,24,26,1,30,28,3,5,19,7,9,11,13,15,17,27,29,31]",627f4e1f2e9cf191,0.6774193548387096,1.0,0.21227887617065558,0.9354838709677419,0,4,0.12903225806451613,0.6,12,1.3055010412731483,0.6451612903225806,0.45161290322580644,5,3,0.2119140625,0.65625,4.0,0.01040582726326743,0.26254873460289646,0.6175981873111782,0.6888217522658611,0.5196374622356495,0.35649546827794565,0.6057401812688822
32,RLU2M_A33_V01,stage2_n32_legacy,LEGACY_COMPATIBLE_WITH_WARNINGS,True,"[6,8,0,4,10,12,14,16,18,20,22,24,26,1,21,23,27,29,31,25,28,2,30,3,5,7,9,11,13,15,17,19]",f515f76d5fa8d2c6,0.1935483870967742,0.6129032258064516,0.20499479708636836,0.9032258064516129,0,5,0.0967741935483871,0.6666666666666666,10,1.4118183595293523,0.4435483870967742,0.3064516129032258,3,5,0.2421875,0.78125,3.0,0.013527575442247659,0.2729264210943925,0.6080815709969789,0.7462235649546828,0.5166163141993958,0.024169184290030232,0.34592145015105735
32,RLU2M_A34_V01,stage2_n32_legacy,LEGACY_COMPATIBLE_WITH_WARNINGS,True,"[25,0,2,4,6,8,10,12,14,16,18,20,22,24,26,1,3,28,30,5,7,9,11,31,13,15,17,19,21,23,27,29]",cb10dfeb6c3741e6,0.8064516129032258,0.9354838709677419,0.19771071800208115,0.8064516129032258,0,6,0.12903225806451613,0.7666666666666667,7,0.7946817408404605,0.6129032258064516,0.3709677419354839,5,3,0.21875,0.78125,4.0,0.004162330905306971,0.26998259242726586,0.7887462235649547,0.9607250755287009,0.27794561933534745,0.8731117824773413,0.4274924471299094
32,RLU2M_A35_V01,stage2_n32_legacy,LEGACY_COMPATIBLE_WITH_WARNINGS,True,"[21,23,25,0,2,4,18,6,8,10,12,14,16,20,22,24,26,1,30,28,13,15,17,3,5,7,9,11,19,27,29,31]",2801582d1baa76c6,0.6774193548387096,1.0,0.2039542143600416,0.9354838709677419,0,3,0.12903225806451613,0.6666666666666666,10,1.2374112601045153,0.6048387096774194,0.5967741935483871,5,3,0.212890625,0.65625,4.0,0.01040582726326743,0.24857515439610642,0.5456948640483383,0.5709969788519638,0.6012084592145015,0.32930513595166166,0.4274924471299094
32,RLU2M_A36_V01,stage2_n32_legacy,LEGACY_COMPATIBLE_WITH_WARNINGS,True,"[18,15,20,31,25,12,23,26,28,30,29,9,6,0,4,24,22,10,8,3,14,2,5,16,11,21,17,7,27,13,1,19]",ae813f925f6445a0,0.5806451612903226,0.6129032258064516,0.27159209157127995,0.6451612903225806,1,4,0.41935483870967744,0.5,15,2.444247655607264,0.43548387096774194,0.41935483870967744,3,5,0.1962890625,0.5625,13.0,0.0010405827263267429,0.18680126534711053,0.359214501510574,0.40181268882175225,0.2688821752265861,0.21450151057401812,0.4561933534743202
32,RLU2M_A37_V01,stage2_n32_legacy,LEGACY_COMPATIBLE_WITH_WARNINGS,True,"[25,30,27,18,17,14,7,5,1,28,16,22,19,8,11,13,31,23,29,2,9,20,3,4,12,26,24,0,21,15,10,6]",9e9a36a6b93273f3,0.8064516129032258,0.1935483870967742,0.2882414151925078,0.8709677419354839,2,6,0.5483870967741935,0.5,15,2.729441665618873,0.48387096774193544,0.47580645161290325,5,3,0.197265625,0.78125,17.0,-0.019771071800208116,0.2418050961683347,0.3492447129909366,0.2356495468277946,0.4652567975830816,0.6374622356495468,0.7854984894259819
32,RLU2M_A38_V01,stage2_n32_legacy,LEGACY_COMPATIBLE_WITH_WARNINGS,True,"[30,26,24,4,12,9,16,18,20,27,6,19,10,2,3,22,21,17,13,29,0,7,5,15,14,28,25,23,11,8,1,31]",bf443078d822b202,0.967741935483871,1.0,0.28199791883454733,0.967741935483871,3,6,0.4838709677419355,0.43333333333333335,17,2.6318526249267604,0.46774193548387094,0.5887096774193549,4,4,0.181640625,0.9375,15.0,0.0010405827263267429,0.25531413415994375,0.557477341389728,0.41993957703927487,0.8429003021148036,0.6646525679758308,0.9894259818731118
32,RLU2M_A39_V01,stage2_n32_legacy,LEGACY_COMPATIBLE_WITH_WARNINGS,True,"[25,30,11,2,7,9,16,22,14,4,0,5,26,18,23,1,12,13,29,19,21,27,8,10,31,20,3,17,6,15,28,24]",99a8e5af489f990b,0.8064516129032258,0.7741935483870968,0.3152965660770031,0.7096774193548387,1,7,0.5483870967741935,0.43333333333333335,17,2.7294416656188734,0.5161290322580645,0.5241935483870968,4,4,0.16796875,0.78125,17.0,-0.0010405827263267429,0.1969369820861118,0.5801359516616313,0.45317220543806647,0.8942598187311178,0.6223564954682779,0.8897280966767371
32,RLU2M_A40_V01,stage2_n32_legacy,LEGACY_COMPATIBLE_WITH_WARNINGS,True,"[8,0,13,18,19,21,31,29,11,25,17,10,15,2,9,27,6,4,23,14,28,3,1,5,12,20,22,16,7,26,24,30]",6a21054f3876a839,0.25806451612903225,0.967741935483871,0.2976066597294485,0.8064516129032258,1,6,0.45161290322580644,0.43333333333333335,17,2.561526202043816,0.532258064516129,0.4596774193548387,3,5,0.1796875,0.71875,14.0,0.022892819979188347,0.20820497600954474,0.561404833836858,0.3987915407854985,0.9274924471299093,0.7280966767371602,0.877643504531722
32,RLU2_A01_V01,stage2_n32_legacy,LEGACY_COMPATIBLE_WITH_WARNINGS,True,"[21,23,25,0,2,4,6,8,10,12,14,16,18,20,22,24,26,1,30,28,3,5,7,9,11,13,15,17,19,27,29,31]",7e21697e8af0fbeb,0.6774193548387096,1.0,0.17065556711758584,0.9354838709677419,0,4,0.12903225806451613,0.8,6,0.5950727898178281,0.6451612903225806,0.4274193548387097,5,3,0.216796875,0.65625,4.0,0.01040582726326743,0.2601623303725627,0.7764350453172206,0.9818731117824774,0.32930513595166166,0.46827794561933533,0.5105740181268883
32,RLU2_A02_V01,stage2_n32_legacy,LEGACY_COMPATIBLE_WITH_WARNINGS,True,"[23,21,25,0,2,4,6,8,10,12,14,16,18,20,22,24,28,30,1,26,3,5,7,9,11,13,15,17,19,27,29,31]",4a8c4454f5f46d8c,0.7419354838709677,1.0,0.17273673257023933,0.9354838709677419,0,4,0.12903225806451613,0.7666666666666667,7,0.8841200867181629,0.6451612903225806,0.4274193548387097,5,3,0.212890625,0.71875,4.0,0.008324661810613943,0.25407271528877173,0.8489425981873112,0.9516616314199395,0.7311178247734139,0.5649546827794563,0.552870090634441
32,RLU2_A03_V01,stage2_n32_legacy,LEGACY_COMPATIBLE_WITH_WARNINGS,True,"[21,23,25,0,2,4,6,8,10,12,14,16,18,20,22,24,28,30,3,26,1,5,7,9,11,13,15,17,19,27,29,31]",f3e9b21e34c4833e,0.6774193548387096,1.0,0.17065556711758584,0.8709677419354839,0,4,0.12903225806451613,0.8,6,0.8841200867181629,0.6451612903225806,0.4274193548387097,5,3,0.2109375,0.65625,4.0,0.01040582726326743,0.24800821792102465,0.7918429003021148,0.9395770392749244,0.540785498489426,0.5196374622356495,0.41993957703927487
32,RLU2_A04_V01,stage2_n32_legacy,LEGACY_COMPATIBLE_WITH_WARNINGS,True,"[21,23,25,0,4,2,6,8,10,12,14,16,18,20,22,24,28,30,1,26,3,5,7,9,11,13,15,17,19,27,29,31]",2d1683c6528a2bca,0.6774193548387096,1.0,0.1748178980228928,0.9354838709677419,0,4,0.12903225806451613,0.7333333333333333,8,0.9566162950115762,0.6451612903225806,0.4274193548387097,5,3,0.208984375,0.65625,4.0,0.01040582726326743,0.253441180909401,0.8482628398791543,0.9425981873111783,0.7552870090634441,0.5498489425981873,0.5906344410876133
32,RLU2_A05_V01,stage2_n32_legacy,LEGACY_COMPATIBLE_WITH_WARNINGS,True,"[21,23,25,0,2,4,6,8,10,12,14,16,18,22,24,20,28,30,1,26,3,5,7,9,11,13,15,17,19,27,29,31]",480882ee0692b125,0.6774193548387096,1.0,0.1789802289281998,0.9354838709677419,0,4,0.12903225806451613,0.7333333333333333,8,0.973495267391078,0.6451612903225806,0.4274193548387097,5,3,0.2109375,0.65625,4.0,0.01040582726326743,0.25371446976724427,0.6735649546827794,0.8187311178247734,0.38368580060422963,0.5075528700906344,0.27794561933534745
32,RLU2_A06_V01,stage2_n32_legacy,LEGACY_COMPATIBLE_WITH_WARNINGS,True,"[21,23,25,0,2,4,6,8,10,12,14,16,18,20,22,24,28,30,1,26,3,9,7,5,11,13,15,17,19,27,29,31]",12b022f38e699185,0.6774193548387096,1.0,0.1789802289281998,0.9354838709677419,0,4,0.12903225806451613,0.7333333333333333,8,1.018214440329429,0.6451612903225806,0.4274193548387097,5,3,0.2109375,0.65625,4.0,0.01040582726326743,0.2531847046950352,0.7691842900302116,0.8429003021148036,0.6737160120845922,0.5589123867069486,0.6132930513595166
32,RLU2_A07_V01,stage2_n32_legacy,LEGACY_COMPATIBLE_WITH_WARNINGS,True,"[21,23,25,0,2,4,6,8,10,12,14,16,18,20,22,24,28,30,1,26,9,7,5,3,11,13,15,17,19,27,29,31]",8d692ed83154db5a,0.6774193548387096,1.0,0.17065556711758584,0.9354838709677419,0,4,0.12903225806451613,0.8,6,0.8841200867181631,0.6451612903225806,0.4274193548387097,5,3,0.2109375,0.65625,4.0,0.01040582726326743,0.24253391799652485,0.7950151057401813,0.8006042296072508,0.9365558912386707,0.5921450151057401,0.5619335347432024
32,RLU2_A08_V01,stage2_n32_legacy,LEGACY_COMPATIBLE_WITH_WARNINGS,True,"[0,2,4,6,8,10,12,14,16,18,20,22,24,26,28,30,1,3,5,7,9,11,13,15,19,17,21,23,25,27,29,31]",6eee5930a846509c,0.0,1.0,0.0967741935483871,0.9354838709677419,0,1,0.03225806451612903,0.8666666666666667,4,0.37953492557809465,0.5483870967741935,0.5483870967741935,4,4,0.2646484375,0.96875,1.0,0.03225806451612903,0.15394295181161613,0.7627643504531723,0.8972809667673716,0.2628398791540786,0.918429003021148,0.702416918429003
32,RLU2_A09_V01,stage2_n32_legacy,LEGACY_COMPATIBLE_WITH_WARNINGS,True,"[0,2,4,6,8,10,12,14,16,18,20,22,24,26,28,30,17,19,21,23,9,11,13,15,1,3,5,7,25,27,29,31]",83b5bc8157a85cda,0.0,1.0,0.11758584807492195,0.5806451612903226,0,1,0.03225806451612903,0.8,6,0.5187004385702825,0.5483870967741935,0.7741935483870968,4,4,0.2646484375,0.96875,1.0,0.03225806451612903,0.13966310450393604,0.7160876132930515,0.7492447129909365,0.5800604229607251,0.797583081570997,0.6661631419939578
32,RLU2_A10_V01,stage2_n32_legacy,LEGACY_COMPATIBLE_WITH_WARNINGS,True,"[0,2,4,6,8,10,12,14,16,18,20,26,24,22,28,30,1,3,5,7,9,11,13,15,17,19,21,23,25,27,29,31]",d90439b7a2e89cff,0.0,1.0,0.10093652445369407,0.9354838709677419,0,1,0.03225806451612903,0.8666666666666667,4,0.37953492557809465,0.5483870967741935,0.5483870967741935,4,4,0.2587890625,0.96875,1.0,0.03225806451612903,0.15562192123679677,0.8233383685800604,0.9305135951661632,0.4712990936555891,0.9063444108761329,0.6722054380664653
32,RLU2_A11_V01,stage2_n32_legacy,LEGACY_COMPATIBLE_WITH_WARNINGS,True,"[0,2,4,6,8,10,12,14,16,18,20,22,24,26,28,30,1,3,5,7,9,15,13,11,17,19,21,23,25,27,29,31]",83d1d6d56a01d102,0.0,1.0,0.10093652445369407,0.9354838709677419,0,1,0.03225806451612903,0.8666666666666667,4,0.37953492557809465,0.5483870967741935,0.5483870967741935,4,4,0.2646484375,0.96875,1.0,0.03225806451612903,0.15562192123679677,0.8121601208459215,0.972809667673716,0.26586102719033233,0.9123867069486404,0.7084592145015105
32,RLU2_A12_V01,stage2_n32_legacy,LEGACY_COMPATIBLE_WITH_WARNINGS,True,"[0,2,4,6,8,10,12,14,16,18,20,22,28,26,24,30,1,3,5,7,9,11,13,15,17,19,21,23,25,27,29,31]",6d4e4d210d785d87,0.0,1.0,0.10093652445369407,0.9354838709677419,0,1,0.03225806451612903,0.8666666666666667,4,0.37953492557809465,0.5483870967741935,0.5483870967741935,4,4,0.2607421875,0.96875,1.0,0.03225806451612903,0.15562192123679677,0.7895770392749244,0.9063444108761329,0.37462235649546827,0.9154078549848943,0.6797583081570997
32,RLU2_A13_V01,stage2_n32_legacy,LEGACY_COMPATIBLE_WITH_WARNINGS,True,"[0,2,4,6,8,10,12,14,16,18,20,22,24,26,28,30,1,7,5,3,9,11,13,15,17,19,21,23,25,27,29,31]",0a03b519ac853e01,0.0,1.0,0.10093652445369407,0.9354838709677419,0,1,0.03225806451612903,0.8666666666666667,4,0.37953492557809465,0.5483870967741935,0.5483870967741935,4,4,0.2646484375,0.96875,1.0,0.03225806451612903,0.15562192123679677,0.7450151057401813,0.8640483383685801,0.2537764350453172,0.9788519637462235,0.6948640483383686
32,RLU2_A14_V01,stage2_n32_legacy,LEGACY_COMPATIBLE_WITH_WARNINGS,True,"[0,2,4,6,8,10,12,14,16,18,20,22,24,26,28,30,1,3,5,7,9,11,13,15,17,19,21,23,25,31,29,27]",bddb9ffe18582781,0.0,0.8709677419354839,0.0967741935483871,0.9354838709677419,0,1,0.03225806451612903,0.9,3,0.28393626675286415,0.5483870967741935,0.5483870967741935,4,4,0.2646484375,0.96875,1.0,0.02809573361082206,0.15481269292353037,0.697129909365559,0.8217522658610272,0.2356495468277946,0.9093655589123867,0.49848942598187307
32,RLU2_A15_V01,stage2_n32_legacy,LEGACY_COMPATIBLE_WITH_WARNINGS,True,"[21,23,25,0,2,4,6,12,10,8,14,16,18,20,24,22,28,30,1,26,3,5,7,9,11,13,15,17,19,27,29,31]",66e513f14e246ed2,0.6774193548387096,1.0,0.18314255983350677,0.9354838709677419,0,4,0.12903225806451613,0.6666666666666666,10,1.0893076818650116,0.6129032258064516,0.4274193548387097,5,3,0.205078125,0.65625,4.0,0.01040582726326743,0.2523279012067043,0.7413897280966768,0.770392749244713,0.7734138972809668,0.5679758308157099,0.5830815709969788
32,RLU2_A16_V01,stage2_n32_legacy,LEGACY_COMPATIBLE_WITH_WARNINGS,True,"[21,23,25,0,2,4,6,8,10,12,14,16,18,20,22,24,28,30,1,26,3,9,11,5,7,13,15,17,19,27,29,31]",664dac3422d3369f,0.6774193548387096,1.0,0.18314255983350677,0.9354838709677419,0,4,0.12903225806451613,0.7333333333333333,8,1.0893076818650116,0.6451612903225806,0.4596774193548387,5,3,0.2109375,0.65625,4.0,0.01040582726326743,0.2523279012067043,0.7144259818731117,0.7220543806646526,0.7945619335347431,0.5740181268882175,0.5755287009063443
32,RLU2_A17_V01,stage2_n32_legacy,LEGACY_COMPATIBLE_WITH_WARNINGS,True,"[21,23,25,0,2,4,6,12,14,8,10,16,18,20,22,24,28,30,1,26,3,5,7,9,11,13,15,17,19,27,29,31]",15de0594d13c50b1,0.6774193548387096,1.0,0.18314255983350677,0.9354838709677419,0,4,0.12903225806451613,0.7333333333333333,8,1.0893076818650116,0.6129032258064516,0.4274193548387097,5,3,0.201171875,0.65625,4.0,0.01040582726326743,0.2523279012067043,0.7222054380664654,0.8761329305135952,0.3323262839879154,0.5709969788519638,0.5830815709969788
32,RLU2_A18_V01,stage2_n32_legacy,LEGACY_COMPATIBLE_WITH_WARNINGS,True,"[0,25,23,21,2,4,6,8,10,12,14,16,18,20,22,24,28,30,1,26,3,9,7,5,11,13,15,17,19,27,29,31]",b968d49446369f1c,0.0,1.0,0.19667013527575442,0.9354838709677419,0,5,0.16129032258064516,0.7333333333333333,8,1.1509058271828645,0.6451612903225806,0.4274193548387097,5,3,0.224609375,0.96875,5.0,0.03225806451612903,0.26351614727457795,0.7683534743202418,0.8610271903323263,0.607250755287009,0.5468277945619335,0.6510574018126889
32,RLU2_A19_V01,stage2_n32_legacy,LEGACY_COMPATIBLE_WITH_WARNINGS,True,"[30,9,2,12,20,19,11,28,22,23,31,4,6,0,25,5,7,27,17,18,14,13,10,29,1,8,15,16,24,26,21,3]",171659fc097023b0,0.967741935483871,0.0967741935483871,0.3152965660770031,0.9032258064516129,5,9,0.4838709677419355,0.4,18,2.648731597306262,0.5080645161290323,0.48387096774193544,3,5,0.201171875,0.9375,15.0,-0.02809573361082206,0.26760583246550934,0.3803625377643505,0.3716012084592145,0.5226586102719033,0.2356495468277946,0.21450151057401812
32,RLU2_A20_V01,stage2_n32_legacy,LEGACY_COMPATIBLE_WITH_WARNINGS,True,"[23,16,25,28,0,29,14,11,13,5,26,9,24,17,19,31,20,22,27,2,21,15,18,4,3,10,8,12,6,1,7,30]",c4f5227c43b5f44d,0.7419354838709677,0.967741935483871,0.32986472424557756,0.9354838709677419,1,7,0.6129032258064516,0.23333333333333334,23,2.8467202120544255,0.5241935483870968,0.6129032258064516,4,4,0.2060546875,0.71875,19.0,0.0072840790842872,0.26228465081483504,0.39984894259818726,0.5075528700906344,0.11480362537764355,0.2870090634441088,0.3655589123867069
32,RLV2C_A01_V01,stage2_n32_legacy,LEGACY_COMPATIBLE_WITH_WARNINGS,True,"[27,8,3,22,2,26,21,7,4,6,30,20,13,31,17,25,18,16,0,29,23,9,15,24,12,14,19,28,11,5,10,1]",524121283f4300c8,0.8709677419354839,0.03225806451612903,0.3600416233090531,0.9354838709677419,0,9,0.45161290322580644,0.4,18,2.6956837208598703,0.6129032258064516,0.45161290322580644,5,3,0.2275390625,0.84375,14.0,-0.027055150884495317,0.23089215276870584,0.28096676737160126,0.26586102719033233,0.3141993957703928,0.2749244712990937,0.35649546827794565
32,RLV2C_A02_V01,stage2_n32_legacy,LEGACY_COMPATIBLE_WITH_WARNINGS,True,"[12,27,25,15,17,4,23,3,7,13,9,11,31,18,21,6,19,22,2,14,10,29,26,0,24,20,5,8,28,16,1,30]",0ec56f680fafa22b,0.3870967741935484,0.967741935483871,0.3850156087408949,0.9354838709677419,0,9,0.45161290322580644,0.26666666666666666,22,2.4164074550474135,0.46774193548387094,0.5887096774193548,4,4,0.1484375,0.59375,14.0,0.018730489073881376,0.255309893026144,0.5717522658610272,0.41389728096676737,0.9607250755287009,0.6314199395770392,0.9486404833836858
32,RLV2C_A03_V01,stage2_n32_legacy,LEGACY_COMPATIBLE_WITH_WARNINGS,True,"[15,27,9,26,25,21,4,3,22,31,6,30,2,23,11,29,10,14,1,19,16,7,5,12,18,8,28,0,20,17,24,13]",26b3bcdf8b3ac93d,0.4838709677419355,0.41935483870967744,0.4224765868886577,0.9032258064516129,2,14,0.5161290322580645,0.23333333333333334,23,2.880478156814428,0.5483870967741935,0.4435483870967742,5,3,0.1494140625,0.5,16.0,-0.0020811654526534857,0.25876009778391446,0.34879154078549857,0.2628398791540786,0.7643504531722054,0.17220543806646527,0.1570996978851964
32,RLV2C_A04_V01,stage2_n32_legacy,LEGACY_COMPATIBLE_WITH_WARNINGS,True,"[7,19,15,28,26,24,17,9,11,22,5,25,29,6,0,8,12,2,30,1,3,31,21,14,27,18,4,10,13,16,23,20]",10a80b45b222ab3d,0.22580645161290322,0.6451612903225806,0.32778355879292403,0.9354838709677419,0,6,0.41935483870967744,0.43333333333333335,17,2.712562693239372,0.4193548387096774,0.3709677419354839,4,4,0.146484375,0.75,13.0,0.013527575442247659,0.2554625294843939,0.5409365558912387,0.4501510574018127,0.8549848942598187,0.49244712990936557,0.5619335347432024
32,RLV2C_A05_V01,stage2_n32_legacy,LEGACY_COMPATIBLE_WITH_WARNINGS,True,"[5,25,13,30,10,24,18,14,29,4,6,9,11,26,19,28,1,23,27,17,12,0,31,2,22,16,20,8,21,7,15,3]",e8961dead9eeac3c,0.16129032258064516,0.0967741935483871,0.4162330905306972,1.0,0,9,0.3870967741935484,0.23333333333333334,23,2.863599184433927,0.4435483870967742,0.3709677419354839,4,4,0.1669921875,0.8125,12.0,-0.0020811654526534857,0.25979581051407363,0.23489425981873113,0.20543806646525675,0.22054380664652573,0.3202416918429003,0.5045317220543807
32,RLV2C_A06_V01,stage2_n32_legacy,LEGACY_COMPATIBLE_WITH_WARNINGS,True,"[8,5,14,24,26,13,9,27,22,10,25,4,28,23,18,3,19,17,31,2,0,11,1,30,21,29,16,6,12,20,7,15]",9dff134c55d920f1,0.25806451612903225,0.4838709677419355,0.3631633714880333,0.9354838709677419,0,6,0.4838709677419355,0.3,21,2.7682430943580707,0.4758064516129032,0.3709677419354839,4,4,0.181640625,0.71875,15.0,0.0072840790842872,0.22956113431049438,0.1017371601208459,0.01812688821752262,0.13293051359516617,0.4441087613293051,0.37915407854984895
32,RLV2C_A07_V01,stage2_n32_legacy,LEGACY_COMPATIBLE_WITH_WARNINGS,True,"[24,27,13,11,20,23,7,9,14,25,16,31,3,1,21,19,17,12,4,6,29,22,8,18,0,26,30,10,15,28,5,2]",93fd5301ef5dfd91,0.7741935483870968,0.06451612903225806,0.3371488033298647,0.9032258064516129,0,8,0.45161290322580644,0.43333333333333335,17,2.6956837208588698,0.43548387096774194,0.6693548387096774,3,5,0.1669921875,0.75,14.0,-0.022892819979188347,0.2549024156304483,0.49569486404833846,0.42900302114803623,0.851963746223565,0.19335347432024175,0.5422960725075529
32,RLV2C_A08_V01,stage2_n32_legacy,LEGACY_COMPATIBLE_WITH_WARNINGS,True,"[13,3,26,1,27,24,9,6,16,31,0,30,15,7,17,28,4,20,29,19,14,11,22,12,21,25,23,8,18,2,10,5]",a8aa56625bfda565,0.41935483870967744,0.16129032258064516,0.4079084287200832,1.0,0,8,0.5161290322580645,0.3333333333333333,20,2.578405174422317,0.6129032258064516,0.5,6,2,0.181640625,0.5625,16.0,-0.008324661810613943,0.25591566154961165,0.31918429003021154,0.37462235649546827,0.31722054380664655,0.05438066465256797,0.13595166163141992
32,RLV2C_A09_V01,stage2_n32_legacy,LEGACY_COMPATIBLE_WITH_WARNINGS,True,"[19,22,14,10,20,26,18,27,23,25,2,9,3,17,15,11,16,1,21,13,7,28,0,6,12,4,24,29,31,5,30,8]",f7da411745b93bfd,0.6129032258064516,0.25806451612903225,0.3465140478668054,0.9032258064516129,0,8,0.2903225806451613,0.23333333333333334,23,2.693450770244613,0.3709677419354839,0.6854838709677419,2,6,0.197265625,0.59375,9.0,-0.011446409989594173,0.25701761399672085,0.14765861027190336,0.12990936555891242,0.12688821752265866,0.14803625377643503,0.4607250755287009
32,RLV2C_A10_V01,stage2_n32_legacy,LEGACY_COMPATIBLE_WITH_WARNINGS,True,"[15,31,24,21,14,16,6,7,8,18,9,13,20,30,12,10,2,25,26,11,19,29,1,27,17,28,0,22,4,23,5,3]",f5dab97e8a7a4237,0.4838709677419355,0.0967741935483871,0.368366285119667,0.9032258064516129,3,10,0.3870967741935484,0.36666666666666664,19,2.6596928254866103,0.4032258064516129,0.6290322580645161,4,4,0.1875,0.5,12.0,-0.012486992715920915,0.2620368305483418,0.08179758308157101,0.03625377643504535,0.1631419939577039,0.09063444108761332,0.3308157099697885
32,RLV2C_A11_V01,stage2_n32_legacy,LEGACY_COMPATIBLE_WITH_WARNINGS,True,"[29,5,4,28,6,19,18,17,0,12,23,22,30,1,8,25,16,26,15,9,31,3,24,14,2,21,7,20,10,13,11,27]",d72b65ba118fc4c7,0.9354838709677419,0.8709677419354839,0.4099895941727367,0.9354838709677419,4,11,0.5161290322580645,0.23333333333333334,23,2.8804781568134286,0.5241935483870968,0.45161290322580644,5,3,0.2216796875,0.90625,16.0,-0.0020811654526534857,0.25808969028970435,0.17726586102719036,0.15407854984894265,0.17824773413897277,0.19033232628398788,0.4486404833836858
32,RLV2C_A12_V01,stage2_n32_legacy,LEGACY_COMPATIBLE_WITH_WARNINGS,True,"[19,4,0,17,18,5,25,26,6,1,29,9,20,10,12,28,21,27,2,22,11,13,14,23,31,15,3,30,24,7,8,16]",70e25ce670ca2a14,0.6129032258064516,0.5161290322580645,0.37356919875130074,0.9032258064516129,4,11,0.4838709677419355,0.36666666666666664,19,2.8079187833152273,0.5241935483870968,0.5483870967741935,5,3,0.197265625,0.59375,15.0,-0.003121748178980229,0.25476219475258893,0.04244712990936554,0.015105740181268867,0.07250755287009059,0.08157099697885195,0.19939577039274925
32,RLV2C_A13_V01,stage2_n32_legacy,LEGACY_COMPATIBLE_WITH_WARNINGS,True,"[16,5,17,15,4,3,6,2,28,27,24,25,23,22,26,21,13,19,7,20,9,29,11,10,14,18,8,30,0,1,12,31]",b5f5fad7eb6ba011,0.5161290322580645,1.0,0.2882414151925078,0.967741935483871,6,6,0.4838709677419355,0.3,21,2.595284146800819,0.4838709677419355,0.6048387096774194,5,3,0.2197265625,0.5,15.0,0.015608740894901146,0.2546516633164192,0.2648036253776435,0.2598187311178247,0.08761329305135956,0.3716012084592145,0.824773413897281
32,RLV2C_A14_V01,stage2_n32_legacy,LEGACY_COMPATIBLE_WITH_WARNINGS,True,"[5,2,16,4,6,17,15,3,24,28,26,27,25,23,22,7,9,21,19,29,13,14,20,8,11,10,12,18,30,0,1,31]",970c3df641ce0277,0.16129032258064516,1.0,0.2601456815816857,0.967741935483871,5,4,0.3225806451612903,0.36666666666666664,19,2.2440260902418436,0.4838709677419355,0.6129032258064516,5,3,0.240234375,0.8125,10.0,0.027055150884495317,0.25818616850000053,0.27575528700906343,0.3323262839879154,0.0845921450151057,0.28398791540785495,0.28851963746223563
32,RLV2C_A15_V01,stage2_n32_legacy,LEGACY_COMPATIBLE_WITH_WARNINGS,True,"[16,19,27,28,7,18,17,1,2,6,25,26,24,13,20,3,0,29,30,8,23,31,5,12,4,10,15,14,9,11,21,22]",d6d5b8231fd7919d,0.5161290322580645,0.7096774193548387,0.28303850156087407,0.9354838709677419,7,7,0.6451612903225806,0.4666666666666667,16,2.664674955596469,0.4435483870967742,0.33870967741935487,4,4,0.1943359375,0.5,20.0,0.006243496357960458,0.2560679369228391,0.2644259818731118,0.33534743202416917,0.14199395770392753,0.05740181268882172,0.24622356495468278
32,RLV2C_A16_V01,stage2_n32_legacy,LEGACY_COMPATIBLE_WITH_WARNINGS,True,"[22,28,8,27,17,19,7,6,20,29,24,18,26,25,3,2,23,5,9,30,1,14,0,13,31,4,10,12,15,21,16,11]",9726e1dcfe238309,0.7096774193548387,0.3548387096774194,0.3548387096774194,0.9354838709677419,3,9,0.4838709677419355,0.36666666666666664,19,2.818880011495575,0.49193548387096775,0.3790322580645161,4,4,0.2216796875,0.6875,15.0,-0.011446409989594173,0.25702182695130793,0.1441087613293051,0.11178247734138969,0.17220543806646527,0.04229607250755285,0.6555891238670695
32,RLV2C_A17_V01,stage2_n32_legacy,LEGACY_COMPATIBLE_WITH_WARNINGS,True,"[5,6,22,21,17,12,18,4,0,31,30,1,13,16,8,7,23,29,26,10,24,11,2,3,25,15,14,9,19,20,27,28]",a32803bb6f271409,0.16129032258064516,0.9032258064516129,0.28199791883454733,1.0,8,6,0.5483870967741935,0.5333333333333333,14,2.522724773302618,0.4112903225806452,0.4032258064516129,3,5,0.2080078125,0.8125,17.0,0.02393340270551509,0.2567562758058438,0.22613293051359518,0.17522658610271902,0.19939577039274925,0.5891238670694864,0.2688821752265861
32,RLV2C_A18_V01,stage2_n32_legacy,LEGACY_COMPATIBLE_WITH_WARNINGS,True,"[12,17,5,22,18,4,0,25,6,30,13,31,2,21,29,1,7,8,9,14,16,10,24,11,26,3,20,28,15,23,19,27]",825104c875d3da4a,0.3870967741935484,0.8709677419354839,0.40270551508844954,0.9354838709677419,2,11,0.4838709677419355,0.26666666666666666,22,2.774160838557224,0.49193548387096775,0.5080645161290323,4,4,0.1611328125,0.59375,15.0,0.015608740894901146,0.25700497471859457,0.20951661631419943,0.22356495468277948,0.04229607250755285,0.4259818731117825,0.2628398791540786
32,RLV2C_A19_V01,stage2_n32_legacy,LEGACY_COMPATIBLE_WITH_WARNINGS,True,"[12,15,11,23,22,14,28,16,7,10,2,8,24,27,5,6,21,17,13,18,19,25,26,1,3,9,4,29,20,0,30,31]",5cdfc681a5ffe4b7,0.3870967741935484,1.0,0.2924037460978148,0.967741935483871,5,6,0.4838709677419355,0.4,18,2.63185262492776,0.29838709677419356,0.7580645161290323,1,7,0.1865234375,0.59375,15.0,0.019771071800208116,0.25805612419640467,0.15657099697885193,0.09969788519637457,0.13897280966767367,0.14501510574018128,0.9894259818731118
32,RLV2C_A20_V01,stage2_n32_legacy,LEGACY_COMPATIBLE_WITH_WARNINGS,True,"[11,12,15,5,2,23,16,22,14,7,6,28,27,17,8,10,13,18,29,25,24,21,3,26,19,4,1,20,9,30,31,0]",6c31e92f7f9337a7,0.3548387096774194,0.0,0.29864724245577523,1.0,5,7,0.7419354838709677,0.5,15,2.674338847250855,0.3790322580645161,0.6935483870967741,2,6,0.1865234375,0.625,23.0,-0.011446409989594173,0.2574091237949594,0.24433534743202415,0.15105740181268879,0.4773413897280967,0.27190332326283984,0.46978851963746227
32,RLV2C_A21_V01,stage2_n32_legacy,LEGACY_COMPATIBLE_WITH_WARNINGS,True,"[18,23,20,9,21,24,4,11,17,14,16,3,19,13,8,22,25,15,7,6,2,26,30,29,1,31,27,28,5,0,10,12]",03a1a9673a5dd043,0.5806451612903226,0.3870967741935484,0.29552549427679503,0.967741935483871,3,6,0.45161290322580644,0.4,18,2.802001039116074,0.4112903225806452,0.717741935483871,2,6,0.1962890625,0.5625,14.0,-0.006243496357960458,0.2609228765115529,0.21767371601208457,0.2537764350453172,0.07552870090634445,0.06948640483383683,0.6132930513595166
32,RLV2C_A22_V01,stage2_n32_legacy,LEGACY_COMPATIBLE_WITH_WARNINGS,True,"[6,21,9,4,20,23,13,24,14,22,25,16,17,19,15,8,3,7,26,11,30,2,31,5,29,10,1,12,28,27,18,0]",fd1f1d8fe758e273,0.1935483870967742,0.0,0.38293444328824144,0.9354838709677419,2,10,0.5806451612903226,0.36666666666666664,19,2.863599184434927,0.45161290322580644,0.6370967741935484,3,5,0.1865234375,0.78125,18.0,-0.006243496357960458,0.2542303537592898,0.2348942598187311,0.19033232628398788,0.23262839879154074,0.16918429003021151,0.9546827794561934
32,RLV2C_A23_V01,stage2_n32_legacy,LEGACY_COMPATIBLE_WITH_WARNINGS,True,"[12,20,24,19,21,14,2,18,23,25,13,8,11,7,29,30,5,9,17,1,3,6,16,22,0,31,28,27,26,4,10,15]",3717437d507e973a,0.3870967741935484,0.4838709677419355,0.28407908428720086,1.0,3,7,0.41935483870967744,0.4666666666666667,16,2.5446472296653146,0.3467741935483871,0.6693548387096774,2,6,0.181640625,0.59375,13.0,0.003121748178980229,0.25733760197634836,0.16087613293051356,0.07250755287009059,0.47432024169184295,0.09969788519637457,0.17824773413897277
32,RLV2C_A24_V01,stage2_n32_legacy,LEGACY_COMPATIBLE_WITH_WARNINGS,True,"[1,31,16,6,20,21,17,12,18,7,0,22,13,24,8,2,28,25,23,27,11,14,26,29,3,4,19,5,9,10,30,15]",f18e4ab76611372e,0.03225806451612903,0.4838709677419355,0.34547346514047866,0.967741935483871,3,7,0.45161290322580644,0.36666666666666664,19,2.7851220667375727,0.4435483870967742,0.5241935483870968,3,5,0.21484375,0.9375,14.0,0.0145681581685744,0.25613135827584443,0.26465256797583087,0.21148036253776437,0.4561933534743202,0.22658610271903323,0.26586102719033233
32,RLV2C_A25_V01,stage2_n32_legacy,LEGACY_COMPATIBLE_WITH_WARNINGS,True,"[19,5,2,20,18,23,29,26,30,7,9,3,1,27,4,10,8,0,28,6,21,31,15,25,16,14,11,22,24,17,13,12]",8da31a0de404c297,0.6129032258064516,0.3870967741935484,0.3048907388137357,0.9032258064516129,1,7,0.3548387096774194,0.3333333333333333,20,2.740402893797221,0.532258064516129,0.23387096774193547,4,4,0.2353515625,0.59375,11.0,-0.0072840790842872,0.25687011705499013,0.2858761329305136,0.3867069486404834,0.05438066465256797,0.06344410876132933,0.34592145015105735
32,RLV2C_A26_V01,stage2_n32_legacy,LEGACY_COMPATIBLE_WITH_WARNINGS,True,"[24,8,5,21,9,18,6,7,26,14,22,19,17,2,10,20,27,23,31,3,1,28,25,4,12,16,15,0,29,11,30,13]",8d4b81ca81250065,0.7741935483870968,0.41935483870967744,0.3714880332986472,0.9354838709677419,2,10,0.4838709677419355,0.3333333333333333,20,2.7741608385572243,0.4758064516129032,0.4435483870967742,4,4,0.1767578125,0.75,15.0,-0.011446409989594173,0.25700497471859457,0.3103474320241692,0.29607250755287007,0.1963746223564955,0.3474320241691843,0.877643504531722
32,RLV2C_A27_V01,stage2_n32_legacy,LEGACY_COMPATIBLE_WITH_WARNINGS,True,"[16,4,5,9,10,21,15,28,26,20,29,14,13,17,25,3,6,23,8,24,22,18,19,7,1,30,27,11,12,2,0,31]",b54e36034d55a13e,0.5161290322580645,1.0,0.29448491155046824,1.0,5,6,0.4838709677419355,0.36666666666666664,19,2.6765717978661114,0.4274193548387097,0.75,3,5,0.1630859375,0.5,15.0,0.015608740894901146,0.25698812138078053,0.44471299093655586,0.31117824773413894,0.8187311178247734,0.42900302114803623,0.7160120845921449
32,RLV2C_A28_V01,stage2_n32_legacy,LEGACY_COMPATIBLE_WITH_WARNINGS,True,"[10,15,4,16,9,5,20,21,29,23,14,26,3,25,7,28,17,19,24,22,13,6,8,12,27,11,1,18,0,30,31,2]",39fb5b36540a264e,0.3225806451612903,0.06451612903225806,0.36628511966701355,0.967741935483871,2,9,0.5161290322580645,0.36666666666666664,19,2.92519732975278,0.3629032258064516,0.7419354838709677,2,6,0.185546875,0.65625,16.0,-0.008324661810613943,0.2543368109281276,0.37643504531722055,0.27190332326283984,0.39577039274924475,0.7190332326283988,0.972809667673716
32,RLV2C_A29_V01,stage2_n32_legacy,LEGACY_COMPATIBLE_WITH_WARNINGS,True,"[24,6,16,2,15,7,5,14,10,17,1,31,29,13,3,23,30,12,9,25,0,28,4,26,18,8,27,22,11,19,21,20]",c6017638fae3770f,0.7741935483870968,0.6451612903225806,0.40166493236212275,0.967741935483871,1,12,0.3225806451612903,0.26666666666666666,22,2.919279585552626,0.4274193548387097,0.3709677419354839,5,3,0.1943359375,0.75,10.0,-0.004162330905306971,0.2564777844717219,0.11586102719033232,0.13897280966767367,0.024169184290030232,0.12990936555891242,0.15407854984894265
32,RLV2C_A30_V01,stage2_n32_legacy,LEGACY_COMPATIBLE_WITH_WARNINGS,True,"[25,24,16,15,23,5,2,31,29,1,6,30,14,7,4,10,28,18,17,12,3,9,11,19,0,22,8,13,26,20,27,21]",afbf22d517b93b3c,0.8064516129032258,0.6774193548387096,0.3225806451612903,0.9354838709677419,3,8,0.45161290322580644,0.4666666666666667,16,2.7572818661777228,0.532258064516129,0.5161290322580645,5,3,0.2216796875,0.78125,14.0,-0.004162330905306971,0.25479194502358327,0.10861027190332324,0.08157099697885195,0.14803625377643503,0.18429003021148038,0.15105740181268879
32,RLV2O_A001_V01,stage2_n32_legacy,LEGACY_COMPATIBLE_WITH_WARNINGS,True,"[23,14,22,20,26,21,25,15,3,10,27,11,9,18,2,19,17,13,28,1,31,24,7,12,16,29,4,6,0,8,30,5]",1c594f7701982dc8,0.7419354838709677,0.16129032258064516,0.36628511966701355,0.967741935483871,0,10,0.45161290322580644,0.26666666666666666,22,2.729441665618873,0.3709677419354839,0.6693548387096774,2,6,0.2119140625,0.71875,14.0,-0.018730489073881376,0.2563088545772398,0.2765861027190332,0.27794561933534745,0.25679758308157097,0.25075528700906347,0.38972809667673713
32,RLV2O_A002_V01,stage2_n32_legacy,LEGACY_COMPATIBLE_WITH_WARNINGS,True,"[13,5,14,25,18,10,6,30,24,11,4,19,26,23,29,1,27,17,9,0,22,12,8,31,2,28,21,20,16,7,15,3]",68b01e1c410eb392,0.41935483870967744,0.0967741935483871,0.37877211238293446,0.9354838709677419,1,7,0.45161290322580644,0.4,18,2.729441665617873,0.45161290322580644,0.46774193548387094,4,4,0.1494140625,0.5625,14.0,-0.01040582726326743,0.2575394948009512,0.16193353474320243,0.12084592145015105,0.18429003021148038,0.19939577039274925,0.5317220543806647
32,RLV2O_A003_V01,stage2_n32_legacy,LEGACY_COMPATIBLE_WITH_WARNINGS,True,"[18,25,23,6,17,4,11,15,21,27,3,13,29,9,7,31,26,19,12,14,2,22,20,5,8,10,0,28,24,16,30,1]",3635c740478b3d09,0.5806451612903226,0.03225806451612903,0.3506763787721124,0.9354838709677419,0,8,0.3548387096774194,0.36666666666666664,19,2.7719278879419678,0.3790322580645161,0.6370967741935484,3,5,0.1533203125,0.5625,11.0,-0.01768990634755463,0.2546261492480593,0.5913897280966768,0.4712990936555891,0.9788519637462235,0.5135951661631419,0.7583081570996979
32,RLV2O_A004_V01,stage2_n32_legacy,LEGACY_COMPATIBLE_WITH_WARNINGS,True,"[11,5,12,19,25,21,9,27,4,23,1,17,13,31,20,14,7,3,30,16,18,6,8,0,29,24,10,15,22,2,28,26]",e4aa1ca74f9dc9a9,0.3548387096774194,0.8387096774193549,0.37773152965660767,0.9354838709677419,0,10,0.3548387096774194,0.26666666666666666,22,2.7572818661777228,0.4435483870967742,0.5725806451612903,3,5,0.1513671875,0.625,11.0,0.015608740894901146,0.25600027016155386,0.4463746223564955,0.3021148036253777,0.9667673716012084,0.41993957703927487,0.2930513595166163
32,RLV2O_A005_V01,stage2_n32_legacy,LEGACY_COMPATIBLE_WITH_WARNINGS,True,"[8,26,29,1,6,16,11,15,18,22,27,10,21,9,2,4,30,7,3,31,25,28,14,19,0,23,5,20,12,24,17,13]",57b272d50a8def38,0.25806451612903225,0.41935483870967744,0.3631633714880333,0.9032258064516129,0,9,0.4838709677419355,0.3,21,2.7463206379973744,0.49193548387096775,0.43548387096774194,4,4,0.1796875,0.71875,15.0,0.005202913631633715,0.2587098774830468,0.4790030211480362,0.3202416918429003,0.8157099697885196,0.6948640483383686,0.7643504531722054
32,RLV2O_A006_V01,stage2_n32_legacy,LEGACY_COMPATIBLE_WITH_WARNINGS,True,"[13,25,5,28,14,6,18,10,30,24,19,29,4,1,26,11,23,9,0,17,22,27,21,12,8,31,2,16,20,7,15,3]",d3f4b99f8f5bcbde,0.41935483870967744,0.0967741935483871,0.40582726326742974,0.9354838709677419,0,8,0.45161290322580644,0.3,21,2.66784352030102,0.43548387096774194,0.5080645161290323,4,4,0.1484375,0.5625,14.0,-0.01040582726326743,0.22673722150901607,0.14584592145015107,0.027190332326283984,0.3806646525679759,0.29607250755287007,0.4486404833836858
32,RLV2O_A007_V01,stage2_n32_legacy,LEGACY_COMPATIBLE_WITH_WARNINGS,True,"[14,8,22,15,2,9,20,25,11,23,10,19,26,18,21,3,27,17,13,4,28,24,31,6,1,16,12,7,29,0,30,5]",752123c189ea40f5,0.45161290322580644,0.16129032258064516,0.404786680541103,0.967741935483871,0,8,0.5483870967741935,0.26666666666666666,22,2.818880011495575,0.40322580645161293,0.6532258064516129,2,6,0.1630859375,0.53125,17.0,-0.009365244536940688,0.257783237666702,0.2858761329305136,0.04229607250755285,0.7220543806646526,0.6797583081570997,0.9199395770392749
32,RLV2O_A008_V01,stage2_n32_legacy,LEGACY_COMPATIBLE_WITH_WARNINGS,True,"[4,17,13,25,23,27,9,6,15,24,19,11,21,2,7,12,3,31,18,28,26,29,0,22,10,16,20,14,5,8,30,1]",fa6242741c15c81e,0.12903225806451613,0.03225806451612903,0.3465140478668054,0.9354838709677419,0,7,0.4838709677419355,0.23333333333333334,23,2.6231243473626686,0.4838709677419355,0.4758064516129032,4,4,0.14453125,0.84375,15.0,-0.003121748178980229,0.2581903623870018,0.578700906344411,0.4169184290030211,0.9939577039274925,0.7099697885196374,0.7583081570996979
32,RLV2O_A009_V01,stage2_n32_legacy,LEGACY_COMPATIBLE_WITH_WARNINGS,True,"[10,8,27,1,11,9,21,14,3,7,20,17,13,23,31,25,19,16,4,0,29,6,30,18,12,15,2,5,24,22,28,26]",06e85f34d96ab33f,0.3225806451612903,0.8387096774193549,0.31633714880332986,0.9354838709677419,0,6,0.3870967741935484,0.3333333333333333,20,2.5505649738634677,0.4596774193548387,0.532258064516129,2,6,0.17578125,0.65625,12.0,0.016649323621227886,0.24654564986278357,0.4650302114803626,0.38972809667673713,0.743202416918429,0.43202416918429,0.39728096676737157
32,RLV2O_A010_V01,stage2_n32_legacy,LEGACY_COMPATIBLE_WITH_WARNINGS,True,"[4,22,1,26,16,29,19,25,11,9,21,14,30,3,18,0,12,23,5,10,20,6,28,8,13,2,31,17,15,27,24,7]",b5d77730572dae43,0.12903225806451613,0.22580645161290322,0.4360041623309053,0.9354838709677419,0,11,0.41935483870967744,0.16666666666666666,25,2.8745604126142745,0.564516129032258,0.5,5,3,0.1806640625,0.84375,13.0,0.003121748178980229,0.22301996604806423,0.4818731117824774,0.42296072507552873,0.8036253776435045,0.21752265861027187,0.4894259818731118
32,RLV2O_A011_V01,stage2_n32_legacy,LEGACY_COMPATIBLE_WITH_WARNINGS,True,"[24,6,16,2,15,5,10,14,31,1,29,23,7,17,13,25,30,0,28,3,26,12,4,18,22,8,27,11,19,9,21,20]",567865881ab4c5b2,0.7741935483870968,0.6451612903225806,0.445369406867846,0.967741935483871,1,11,0.25806451612903225,0.2,24,2.701601465059023,0.4032258064516129,0.40322580645161293,4,4,0.1884765625,0.75,8.0,-0.004162330905306971,0.2592868236770701,0.04969788519637459,0.033232628398791486,0.06948640483383683,0.06042296072507558,0.1631419939577039
32,RLV2O_A012_V01,stage2_n32_legacy,LEGACY_COMPATIBLE_WITH_WARNINGS,True,"[15,16,4,9,21,14,10,20,24,5,26,23,17,25,29,13,3,28,8,22,27,6,19,7,1,30,12,18,11,2,0,31]",fff31e934d775be1,0.4838709677419355,1.0,0.37460978147762747,1.0,1,9,0.45161290322580644,0.3333333333333333,20,2.936158557932128,0.2903225806451613,0.6774193548387096,1,7,0.171875,0.5,14.0,0.016649323621227886,0.25448577614832074,0.32583081570996975,0.1631419939577039,0.552870090634441,0.6102719033232629,0.9637462235649547
32,RLV2O_A013_V01,stage2_n32_legacy,LEGACY_COMPATIBLE_WITH_WARNINGS,True,"[19,12,20,24,18,14,2,23,13,21,1,25,17,29,7,8,11,6,0,30,28,31,3,9,5,16,27,10,22,4,26,15]",9277c851adeac606,0.6129032258064516,0.4838709677419355,0.37044745057232054,0.967741935483871,1,9,0.3225806451612903,0.2,24,2.8129622672964225,0.3629032258064516,0.4596774193548387,2,6,0.1865234375,0.59375,10.0,-0.004162330905306971,0.25477494529411254,0.1526435045317221,0.08761329305135956,0.17522658610271902,0.23867069486404835,0.7356495468277946
32,RLV2O_A014_V01,stage2_n32_legacy,LEGACY_COMPATIBLE_WITH_WARNINGS,True,"[18,20,24,9,21,17,22,23,4,14,8,25,13,19,16,7,11,30,15,3,6,2,31,29,26,1,5,0,27,28,12,10]",c2c5f8f7e6374953,0.5806451612903226,0.3225806451612903,0.30801248699271594,0.9354838709677419,2,7,0.5161290322580645,0.3,21,2.631852624927761,0.3467741935483871,0.6774193548387096,1,7,0.189453125,0.5625,16.0,-0.008324661810613943,0.25529716920200884,0.21382175226586103,0.25679758308157097,0.13595166163141992,0.027190332326283984,0.33987915407854985
32,RLV2O_A015_V01,stage2_n32_legacy,LEGACY_COMPATIBLE_WITH_WARNINGS,True,"[14,9,13,26,25,6,17,10,29,18,2,30,5,23,27,3,7,31,4,16,1,0,22,8,19,11,15,20,28,24,12,21]",e56c09f00abd362f,0.45161290322580644,0.6774193548387096,0.4006243496357961,0.9032258064516129,2,10,0.4838709677419355,0.3,21,2.7997680885018172,0.3790322580645161,0.34677419354838707,3,5,0.1748046875,0.53125,15.0,0.0072840790842872,0.2542346129019302,0.44214501510574017,0.2990936555891238,1.0,0.15407854984894265,0.6465256797583081
32,RLV2O_A016_V01,stage2_n32_legacy,LEGACY_COMPATIBLE_WITH_WARNINGS,True,"[24,16,6,15,5,2,10,31,1,25,7,14,17,23,3,28,13,29,0,12,30,4,26,18,11,27,8,22,9,19,21,20]",48aa31524663b0fa,0.7741935483870968,0.6451612903225806,0.4474505723204995,0.967741935483871,1,13,0.3870967741935484,0.26666666666666666,22,3.0424758761883317,0.5161290322580645,0.40322580645161293,5,3,0.19140625,0.75,12.0,-0.004162330905306971,0.2567267531675301,0.09237160120845925,0.07552870090634445,0.0392749244712991,0.202416918429003,0.3036253776435045
32,RLV2O_A017_V01,stage2_n32_legacy,LEGACY_COMPATIBLE_WITH_WARNINGS,True,"[5,15,9,14,16,20,10,4,7,21,17,29,26,3,27,6,25,22,13,24,12,8,28,23,1,18,30,19,11,2,31,0]",c54776d8df9446f3,0.16129032258064516,0.0,0.3839750260145681,1.0,0,9,0.4838709677419355,0.36666666666666664,19,2.891439384993776,0.33064516129032256,0.6774193548387096,2,6,0.2041015625,0.8125,15.0,-0.005202913631633715,0.25824068371846304,0.15294561933534742,0.0845921450151057,0.33534743202416917,0.13897280966767367,0.33987915407854985
32,RLV2O_A018_V01,stage2_n32_legacy,LEGACY_COMPATIBLE_WITH_WARNINGS,True,"[20,18,12,21,2,24,19,23,13,25,14,7,29,17,1,11,8,0,30,9,6,31,3,28,5,27,16,22,10,4,15,26]",9da0b66b2fcdcb28,0.6451612903225806,0.8387096774193549,0.42872008324661814,0.967741935483871,0,11,0.45161290322580644,0.23333333333333334,23,2.8020010391160737,0.3951612903225806,0.4596774193548387,2,6,0.1796875,0.625,14.0,0.006243496357960458,0.2576992144448915,0.1646525679758308,0.06948640483383683,0.14501510574018128,0.4954682779456193,0.8187311178247734
32,RLV2O_A019_V01,stage2_n32_legacy,LEGACY_COMPATIBLE_WITH_WARNINGS,True,"[18,9,14,13,3,21,4,22,7,26,20,29,25,15,24,12,19,17,11,23,16,6,1,2,10,30,5,31,0,27,8,28]",a87d681e9d41cf54,0.5806451612903226,0.9032258064516129,0.4037460978147763,1.0,2,11,0.5161290322580645,0.23333333333333334,23,2.8635991844349267,0.3951612903225806,0.75,2,6,0.1630859375,0.5625,16.0,0.01040582726326743,0.25622012179659664,0.4197885196374623,0.18429003021148038,0.9244712990936556,0.6676737160120846,0.9667673716012084
32,RLV2O_A020_V01,stage2_n32_legacy,LEGACY_COMPATIBLE_WITH_WARNINGS,True,"[16,6,3,5,15,2,17,4,24,27,28,25,22,23,9,7,26,29,19,13,21,18,11,14,20,8,10,12,30,0,1,31]",7f75f8f49af5f750,0.5161290322580645,1.0,0.28407908428720086,0.967741935483871,3,5,0.4838709677419355,0.43333333333333335,17,2.468919291462562,0.4838709677419355,0.6532258064516129,5,3,0.2119140625,0.5,15.0,0.015608740894901146,0.2558987364702935,0.49131419939577037,0.4441087613293051,0.6314199395770392,0.36253776435045315,0.8021148036253777
32,RLV2O_A021_V01,stage2_n32_legacy,LEGACY_COMPATIBLE_WITH_WARNINGS,True,"[21,22,12,5,4,6,13,0,17,31,1,16,18,2,29,30,26,7,23,25,24,3,8,15,11,10,14,9,19,20,27,28]",69759d5096865d48,0.6774193548387096,0.9032258064516129,0.28199791883454733,0.967741935483871,7,7,0.6129032258064516,0.4666666666666667,16,2.468919291462562,0.5241935483870968,0.4032258064516129,4,4,0.19921875,0.65625,19.0,0.0072840790842872,0.256886978134601,0.18610271903323267,0.19335347432024175,0.18126888217522663,0.15105740181268879,0.18126888217522663
32,RLV2O_A022_V01,stage2_n32_legacy,LEGACY_COMPATIBLE_WITH_WARNINGS,True,"[22,26,28,17,7,6,27,19,18,2,1,23,25,20,5,0,29,30,24,8,13,12,31,3,15,4,14,9,10,11,21,16]",100e9aeca62ced0b,0.7096774193548387,0.5161290322580645,0.29552549427679503,0.9354838709677419,7,7,0.5806451612903226,0.43333333333333335,17,2.4945265414071556,0.5161290322580645,0.2903225806451613,5,3,0.2470703125,0.6875,18.0,-0.006243496357960458,0.2583371055389728,0.22379154078549848,0.30513595166163143,0.015105740181268867,0.07250755287009059,0.3036253776435045
32,RLV2O_A023_V01,stage2_n32_legacy,LEGACY_COMPATIBLE_WITH_WARNINGS,True,"[11,12,5,23,14,15,17,6,26,27,13,22,24,16,10,7,8,18,3,21,20,9,2,25,28,29,19,30,4,1,0,31]",94e017247c973817,0.3548387096774194,1.0,0.29552549427679503,1.0,7,6,0.6451612903225806,0.4,18,2.558357637340265,0.31451612903225806,0.814516129032258,2,6,0.1826171875,0.625,20.0,0.02081165452653486,0.2589859686265968,0.08141993957703929,0.0785498489425982,0.09063444108761332,0.01812688821752262,0.20845921450151061
32,RLV2O_A024_V01,stage2_n32_legacy,LEGACY_COMPATIBLE_WITH_WARNINGS,True,"[19,18,23,26,2,27,9,29,5,20,3,6,1,8,28,7,10,30,15,4,0,25,24,31,22,14,21,13,11,17,16,12]",046c7a62f3032dc1,0.6129032258064516,0.3870967741935484,0.35275754422476585,0.8064516129032258,3,10,0.6129032258064516,0.26666666666666666,22,2.740402893799221,0.5564516129032258,0.20967741935483872,4,4,0.2314453125,0.59375,19.0,-0.0072840790842872,0.26090212602230706,0.2554380664652568,0.3262839879154078,0.03625377643504535,0.10574018126888218,0.5105740181268883
32,RLV2O_A025_V01,stage2_n32_legacy,LEGACY_COMPATIBLE_WITH_WARNINGS,True,"[5,4,17,18,19,6,0,28,12,8,29,23,15,21,22,16,30,1,25,9,26,31,24,2,3,14,10,7,13,20,27,11]",b3c1d3eadf91f322,0.16129032258064516,0.3548387096774194,0.33298647242455776,0.9354838709677419,5,9,0.5161290322580645,0.4,18,2.6127407019330025,0.5403225806451613,0.41129032258064513,5,3,0.1943359375,0.8125,16.0,0.006243496357960458,0.2588939709599319,0.3040785498489426,0.2416918429003021,0.35649546827794565,0.36858006042296076,0.7764350453172205
32,RLV2O_A026_V01,stage2_n32_legacy,LEGACY_COMPATIBLE_WITH_WARNINGS,True,"[21,28,7,2,27,17,13,18,6,26,25,8,30,19,29,20,0,24,3,31,1,12,23,15,5,14,4,10,11,9,22,16]",8ba42e4830549b39,0.6774193548387096,0.5161290322580645,0.404786680541103,0.967741935483871,2,10,0.4838709677419355,0.23333333333333334,23,2.880478156813428,0.46774193548387094,0.3790322580645161,4,4,0.1728515625,0.65625,15.0,-0.005202913631633715,0.2560848508194144,0.19206948640483384,0.1963746223564955,0.19033232628398788,0.10876132930513593,0.3096676737160121
32,RLV2O_A027_V01,stage2_n32_legacy,LEGACY_COMPATIBLE_WITH_WARNINGS,True,"[22,5,21,6,4,18,12,30,17,1,31,0,16,13,8,7,23,29,24,26,11,10,2,25,19,3,14,15,9,20,27,28]",961b307bf1f7ae1a,0.7096774193548387,0.9032258064516129,0.3517169614984391,1.0,4,10,0.5161290322580645,0.36666666666666664,19,2.6377703691259136,0.5161290322580645,0.4274193548387097,4,4,0.1982421875,0.6875,16.0,0.006243496357960458,0.25798058451848344,0.13972809667673722,0.1178247734138973,0.048338368580060465,0.4169184290030211,0.2356495468277946
32,RLV2O_A028_V01,stage2_n32_legacy,LEGACY_COMPATIBLE_WITH_WARNINGS,True,"[23,12,11,24,27,5,15,6,14,22,7,17,26,18,8,25,10,13,20,3,28,2,16,21,9,29,19,4,30,0,1,31]",594551c66bfdd60f,0.7419354838709677,1.0,0.4266389177939646,0.967741935483871,2,9,0.5161290322580645,0.3,21,2.774160838557224,0.45161290322580644,0.7661290322580645,4,4,0.17578125,0.71875,16.0,0.008324661810613943,0.2571144944872665,0.11389728096676736,0.05438066465256797,0.2598187311178247,0.0845921450151057,0.36253776435045315
32,RLV2O_A029_V01,stage2_n32_legacy,LEGACY_COMPATIBLE_WITH_WARNINGS,True,"[16,17,5,2,6,15,4,24,3,27,22,25,23,14,28,9,7,26,13,29,21,20,19,11,10,30,8,18,0,12,1,31]",f06378174ca67126,0.5161290322580645,1.0,0.3631633714880333,0.967741935483871,4,10,0.4838709677419355,0.26666666666666666,22,2.8973571291929296,0.45161290322580644,0.6370967741935484,5,3,0.201171875,0.5,15.0,0.015608740894901146,0.25452406739874156,0.13338368580060425,0.09063444108761332,0.10574018126888218,0.2930513595166163,0.48036253776435045
32,RLV2O_A030_V01,stage2_n32_legacy,LEGACY_COMPATIBLE_WITH_WARNINGS,True,"[5,4,18,17,23,26,25,28,19,29,12,0,16,22,30,1,6,9,8,15,2,21,14,13,20,3,31,7,10,27,24,11]",b1ca5419f3bf5d6f,0.16129032258064516,0.3548387096774194,0.31633714880332986,0.9354838709677419,5,8,0.7096774193548387,0.26666666666666666,22,2.612740701933002,0.532258064516129,0.5725806451612903,5,3,0.20703125,0.8125,22.0,0.006243496357960458,0.25392350774492345,0.18655589123867067,0.16616314199395765,0.20543806646525675,0.24773413897280971,0.2537764350453172
32,RLV2O_A031_V01,stage2_n32_legacy,LEGACY_COMPATIBLE_WITH_WARNINGS,True,"[15,25,11,27,23,21,17,7,4,31,6,13,18,12,3,9,2,28,19,8,29,20,26,24,0,5,16,14,10,22,30,1]",e2d24823e35dc094,0.4838709677419355,0.03225806451612903,0.34755463059313213,0.9354838709677419,0,7,0.45161290322580644,0.36666666666666664,19,2.8298412396759236,0.3951612903225806,0.5564516129032258,3,5,0.1435546875,0.5,14.0,-0.0145681581685744,0.2564608964895826,0.4726586102719034,0.34441087613293053,0.9697885196374623,0.2628398791540786,0.5709969788519638
32,RLV2O_A032_V01,stage2_n32_legacy,LEGACY_COMPATIBLE_WITH_WARNINGS,True,"[15,23,25,13,17,4,27,6,11,3,18,21,7,9,31,19,26,29,10,2,20,14,22,12,16,8,24,0,28,5,1,30]",35462a932b674fd3,0.4838709677419355,0.967741935483871,0.3943808532778356,0.9354838709677419,0,10,0.3548387096774194,0.2,24,2.88920643437852,0.43548387096774194,0.6774193548387096,4,4,0.1513671875,0.5,11.0,0.015608740894901146,0.25737546894434876,0.5720543806646526,0.38368580060422963,0.9486404833836858,0.8489425981873112,0.9607250755287009
32,RLV2O_A033_V01,stage2_n32_legacy,LEGACY_COMPATIBLE_WITH_WARNINGS,True,"[18,25,23,27,15,17,4,13,6,11,31,12,9,7,21,2,19,28,3,0,24,5,29,20,26,22,8,16,14,10,30,1]",7d35ff5f9e31d2c7,0.5806451612903226,0.03225806451612903,0.36940686784599375,0.9354838709677419,0,10,0.4838709677419355,0.23333333333333334,23,2.7125626932393714,0.3790322580645161,0.49193548387096775,3,5,0.1708984375,0.5625,15.0,-0.01768990634755463,0.25765298999329883,0.6210725075528701,0.5135951661631419,0.8700906344410876,0.7341389728096677,0.7960725075528701
32,RLV2O_A034_V01,stage2_n32_legacy,LEGACY_COMPATIBLE_WITH_WARNINGS,True,"[20,23,27,7,17,21,25,9,15,11,19,12,31,4,26,13,28,2,18,6,29,0,22,8,24,16,3,10,5,14,30,1]",4da423f05412634b,0.6451612903225806,0.03225806451612903,0.44432882414151925,0.9354838709677419,0,13,0.41935483870967744,0.16666666666666666,25,2.8526379562535786,0.4435483870967742,0.5483870967741935,3,5,0.1708984375,0.625,13.0,-0.019771071800208116,0.2546218966547738,0.45800604229607256,0.404833836858006,0.7341389728096677,0.2416918429003021,0.4773413897280967
32,RLV2O_A035_V01,stage2_n32_legacy,LEGACY_COMPATIBLE_WITH_WARNINGS,True,"[17,25,23,27,6,31,11,9,15,4,21,13,0,12,7,18,3,14,10,19,24,29,2,28,8,26,22,16,20,5,1,30]",85ceb33f4d8cdaf9,0.5483870967741935,0.967741935483871,0.38189386056191466,0.9354838709677419,0,9,0.4838709677419355,0.2,24,2.7381699431839643,0.532258064516129,0.5564516129032258,4,4,0.1533203125,0.53125,15.0,0.013527575442247659,0.2558564188737233,0.5441087613293051,0.43202416918429,0.6706948640483383,0.8066465256797584,0.9697885196374623
32,RLV2O_A036_V01,stage2_n32_legacy,LEGACY_COMPATIBLE_WITH_WARNINGS,True,"[25,23,15,6,17,11,18,14,4,27,13,9,21,3,29,2,31,19,12,0,7,26,20,5,8,24,22,28,10,16,1,30]",4f83da10ed78cd78,0.8064516129032258,0.967741935483871,0.39854318418314255,0.9354838709677419,0,9,0.41935483870967744,0.3,21,2.818880011495575,0.29838709677419356,0.564516129032258,2,6,0.1435546875,0.78125,13.0,0.005202913631633715,0.25473244100705245,0.5414652567975832,0.3534743202416919,0.9818731117824774,0.7250755287009063,0.8564954682779456
32,RLV2O_A037_V01,stage2_n32_legacy,LEGACY_COMPATIBLE_WITH_WARNINGS,True,"[21,3,10,14,4,15,26,25,2,16,31,9,22,30,1,23,27,11,28,12,7,6,18,8,0,17,5,29,19,20,13,24]",c07479acec3512ca,0.6774193548387096,0.7741935483870968,0.3943808532778356,0.9354838709677419,3,10,0.4838709677419355,0.3,21,2.8020010391170738,0.4596774193548387,0.4838709677419355,4,4,0.158203125,0.65625,15.0,0.003121748178980229,0.22598620427093583,0.1003021148036254,0.0392749244712991,0.2749244712990937,0.1178247734138973,0.16012084592145015
32,RLV2O_A038_V01,stage2_n32_legacy,LEGACY_COMPATIBLE_WITH_WARNINGS,True,"[20,28,14,26,19,16,8,22,25,11,1,30,3,18,4,2,21,31,29,23,0,27,5,9,7,17,24,15,13,10,6,12]",65a02fc3fbd2ff19,0.6451612903225806,0.3870967741935484,0.3496357960457856,0.9354838709677419,0,6,0.3870967741935484,0.4,18,2.64000331974117,0.3790322580645161,0.3225806451612903,2,6,0.1826171875,0.625,12.0,-0.008324661810613943,0.25506803183120286,0.29577039274924477,0.36858006042296076,0.12084592145015105,0.20845921450151061,0.22356495468277948
32,RLV2O_A039_V01,stage2_n32_legacy,LEGACY_COMPATIBLE_WITH_WARNINGS,True,"[30,26,17,13,18,1,31,25,8,7,9,11,0,2,14,23,15,22,27,16,5,3,21,6,10,20,19,24,12,28,29,4]",93383aad1a8919e2,0.967741935483871,0.12903225806451613,0.29344432882414156,0.967741935483871,3,6,0.5161290322580645,0.4,18,2.69568372085987,0.5725806451612903,0.5080645161290323,5,3,0.2109375,0.9375,16.0,-0.027055150884495317,0.22785673009697022,0.2933534743202417,0.20845921450151061,0.4259818731117825,0.5045317220543807,0.4441087613293051
32,RLV2O_A040_V01,stage2_n32_legacy,LEGACY_COMPATIBLE_WITH_WARNINGS,True,"[15,10,26,1,11,3,25,16,14,19,22,18,21,9,30,0,12,5,20,29,2,8,6,28,31,17,13,27,4,23,7,24]",9187d42a6aec15f9,0.4838709677419355,0.7741935483870968,0.4006243496357961,0.967741935483871,0,11,0.4838709677419355,0.16666666666666666,25,2.969916502691131,0.46774193548387094,0.5403225806451613,4,4,0.1669921875,0.5,15.0,0.009365244536940688,0.25946216135500705,0.2700151057401813,0.1570996978851964,0.6525679758308157,0.18126888217522663,0.38519637462235645
32,RLV2O_A041_V01,stage2_n32_legacy,LEGACY_COMPATIBLE_WITH_WARNINGS,True,"[23,22,26,20,25,27,21,16,4,12,1,11,3,5,10,30,0,31,14,9,18,19,6,29,7,8,2,28,13,24,17,15]",7798e7c53ae42734,0.7419354838709677,0.4838709677419355,0.3371488033298647,1.0,3,7,0.5161290322580645,0.26666666666666666,22,2.8467202120544255,0.45161290322580644,0.4435483870967742,3,5,0.2392578125,0.71875,16.0,-0.008324661810613943,0.27357630343650335,0.43308157099697886,0.3655589123867069,0.7522658610271904,0.29003021148036257,0.3202416918429003
32,RLV2O_A042_V01,stage2_n32_legacy,LEGACY_COMPATIBLE_WITH_WARNINGS,True,"[7,22,1,26,21,16,25,19,29,11,6,14,9,3,30,0,28,12,23,5,18,4,20,8,10,13,2,31,15,27,17,24]",54cc3461644e90f3,0.22580645161290322,0.7741935483870968,0.4297606659729448,0.967741935483871,0,11,0.4838709677419355,0.13333333333333333,26,2.9251973297517795,0.4758064516129032,0.47580645161290325,4,4,0.1494140625,0.75,15.0,0.01768990634755463,0.254711186203724,0.5024924471299094,0.4561933534743202,0.8217522658610272,0.1963746223564955,0.4395770392749244
32,RLV2O_A043_V01,stage2_n32_legacy,LEGACY_COMPATIBLE_WITH_WARNINGS,True,"[10,5,25,13,18,14,26,24,30,6,19,11,9,27,1,23,4,17,29,0,12,28,7,22,8,2,21,31,16,20,3,15]",3e74faa26893d86f,0.3225806451612903,0.4838709677419355,0.4297606659729448,0.9354838709677419,0,11,0.3548387096774194,0.16666666666666666,25,2.86136623381967,0.41129032258064513,0.4838709677419355,4,4,0.1572265625,0.65625,11.0,0.005202913631633715,0.22712371788983643,0.18595166163141993,0.22960725075528698,0.09365558912386707,0.08761329305135956,0.18429003021148038
32,RLV2O_A044_V01,stage2_n32_legacy,LEGACY_COMPATIBLE_WITH_WARNINGS,True,"[10,25,13,5,18,6,14,24,30,26,19,11,1,4,17,9,0,29,23,27,12,8,22,31,2,21,28,16,7,20,15,3]",febc06f16f2a7372,0.3225806451612903,0.0967741935483871,0.3465140478668054,0.9354838709677419,0,3,0.4838709677419355,0.43333333333333335,17,2.5336860014849663,0.4032258064516129,0.46774193548387094,4,4,0.1474609375,0.65625,15.0,-0.0072840790842872,0.19612707121799533,0.15898791540785495,0.10876132930513593,0.27190332326283984,0.1631419939577039,0.35196374622356497
32,RLV2O_A045_V01,stage2_n32_legacy,LEGACY_COMPATIBLE_WITH_WARNINGS,True,"[13,25,5,24,14,18,10,30,6,4,19,29,26,23,9,1,27,11,17,12,8,28,0,31,22,21,2,16,20,7,15,3]",7c98a98d9d8ef764,0.41935483870967744,0.0967741935483871,0.4037460978147763,1.0,1,10,0.3225806451612903,0.3,21,2.8914393849937765,0.4435483870967742,0.41935483870967744,4,4,0.142578125,0.5625,10.0,-0.01040582726326743,0.2589567001869462,0.18965256797583085,0.06042296072507558,0.29003021148036257,0.5558912386706949,0.7356495468277946
32,RLV2O_A046_V01,stage2_n32_legacy,LEGACY_COMPATIBLE_WITH_WARNINGS,True,"[25,13,5,14,18,10,6,30,24,4,19,26,29,1,11,22,17,27,9,12,23,0,8,31,2,16,28,21,7,20,15,3]",4e9c287eb287e7ac,0.8064516129032258,0.0967741935483871,0.39125910509885536,0.9354838709677419,0,7,0.45161290322580644,0.4,18,2.8635991844349267,0.45161290322580644,0.46774193548387094,4,4,0.1416015625,0.78125,14.0,-0.022892819979188347,0.23098592750767433,0.2424471299093656,0.10271903323262843,0.5589123867069486,0.2688821752265861,0.7401812688821752
32,RLV2O_A047_V01,stage2_n32_legacy,LEGACY_COMPATIBLE_WITH_WARNINGS,True,"[13,25,5,18,10,14,6,19,24,26,30,11,27,1,17,4,23,9,0,29,12,31,8,22,2,21,16,7,28,20,15,3]",9b33cd40abe03ef5,0.41935483870967744,0.0967741935483871,0.43912591050988553,0.9354838709677419,0,13,0.5161290322580645,0.23333333333333334,23,2.66784352030102,0.3629032258064516,0.46774193548387094,3,5,0.1396484375,0.5625,16.0,-0.01040582726326743,0.21980693744490104,0.09954682779456192,0.05740181268882172,0.18731117824773413,0.11178247734138969,0.27190332326283984
32,RLV2O_A048_V01,stage2_n32_legacy,LEGACY_COMPATIBLE_WITH_WARNINGS,True,"[25,5,13,18,10,26,14,19,24,6,4,30,11,17,23,9,1,29,27,0,12,8,22,2,21,31,16,28,7,20,15,3]",c46d1c9559171104,0.8064516129032258,0.0967741935483871,0.4079084287200832,0.9032258064516129,0,10,0.3225806451612903,0.26666666666666666,22,2.746320637997375,0.3709677419354839,0.4838709677419355,3,5,0.1474609375,0.78125,10.0,-0.022892819979188347,0.23355925074289918,0.10015105740181274,0.024169184290030232,0.19335347432024175,0.16012084592145015,0.595166163141994
32,RLV2O_A049_V01,stage2_n32_legacy,LEGACY_COMPATIBLE_WITH_WARNINGS,True,"[27,14,11,20,9,31,19,17,7,13,16,23,4,1,29,25,3,21,12,10,0,28,15,8,18,30,6,22,24,5,2,26]",27e7222fdfdf9fa9,0.8709677419354839,0.8387096774193549,0.38605619146722164,0.9032258064516129,0,10,0.41935483870967744,0.43333333333333335,17,2.6847224926805215,0.3951612903225806,0.6129032258064516,2,6,0.1611328125,0.84375,13.0,-0.0010405827263267429,0.2563004051597565,0.4547583081570998,0.39577039274924475,0.7673716012084593,0.27794561933534745,0.324773413897281
32,RLV2O_A050_V01,stage2_n32_legacy,LEGACY_COMPATIBLE_WITH_WARNINGS,True,"[9,18,20,11,27,3,16,14,23,19,7,13,25,31,21,4,17,1,6,30,15,12,10,8,29,0,24,22,28,26,5,2]",2a7e3c3980b9b455,0.2903225806451613,0.06451612903225806,0.35275754422476585,0.9354838709677419,0,9,0.41935483870967744,0.36666666666666664,19,2.544647229664314,0.3548387096774194,0.7338709677419355,2,6,0.1376953125,0.6875,13.0,-0.0072840790842872,0.25451981309984195,0.5789274924471299,0.4833836858006042,0.9395770392749244,0.6132930513595166,0.3096676737160121
32,RLV2O_A051_V01,stage2_n32_legacy,LEGACY_COMPATIBLE_WITH_WARNINGS,True,"[20,6,27,9,7,24,1,3,31,21,16,19,30,15,11,13,26,28,4,29,12,10,22,17,23,25,18,14,2,8,5,0]",0c76db361891b03c,0.6451612903225806,0.0,0.33298647242455776,0.9032258064516129,0,8,0.45161290322580644,0.4,18,2.7572818661767227,0.6129032258064516,0.5483870967741935,6,2,0.162109375,0.625,14.0,-0.02081165452653486,0.25405140529055525,0.5512839879154079,0.46223564954682783,0.7401812688821752,0.7401812688821752,0.5755287009063443
32,RLV2O_A052_V01,stage2_n32_legacy,LEGACY_COMPATIBLE_WITH_WARNINGS,True,"[13,7,25,9,14,23,27,8,11,1,31,20,3,17,21,19,4,6,12,16,0,29,10,30,18,24,15,5,22,28,2,26]",c9b360a3110d7586,0.41935483870967744,0.8387096774193549,0.404786680541103,0.967741935483871,0,12,0.3548387096774194,0.3,21,2.8804781568134286,0.4435483870967742,0.5241935483870968,3,5,0.15625,0.5625,11.0,0.013527575442247659,0.2545070497764581,0.42779456193353477,0.3413897280966768,0.797583081570997,0.33534743202416917,0.25679758308157097
32,RLV2O_A053_V01,stage2_n32_legacy,LEGACY_COMPATIBLE_WITH_WARNINGS,True,"[5,20,15,13,17,8,21,19,16,29,25,27,7,4,14,30,0,6,28,1,22,11,31,9,23,3,24,12,18,26,2,10]",b1a029701891462d,0.16129032258064516,0.3225806451612903,0.40894901144641,0.967741935483871,0,11,0.3548387096774194,0.2,24,2.908318357373278,0.2903225806451613,0.5161290322580645,1,7,0.177734375,0.8125,11.0,0.005202913631633715,0.26044519698525315,0.3270392749244713,0.2809667673716012,0.25075528700906347,0.5377643504531722,0.8096676737160121
32,RLV2O_A054_V01,stage2_n32_legacy,LEGACY_COMPATIBLE_WITH_WARNINGS,True,"[31,19,3,6,4,11,7,9,15,1,25,16,30,13,12,20,22,28,27,0,29,17,14,23,24,21,18,10,8,26,5,2]",31e558b038af6902,1.0,0.06451612903225806,0.29864724245577523,0.9354838709677419,3,7,0.4838709677419355,0.4,18,2.6656105696857635,0.5806451612903226,0.5161290322580645,5,3,0.1923828125,0.96875,15.0,-0.030176899063475544,0.25714818349350216,0.5086102719033233,0.44108761329305135,0.8640483383685801,0.377643504531722,0.22658610271903323
32,RLV2O_A055_V01,stage2_n32_legacy,LEGACY_COMPATIBLE_WITH_WARNINGS,True,"[5,10,21,22,14,18,9,25,20,2,15,26,19,11,3,23,27,28,6,13,17,1,31,16,12,29,24,4,7,0,30,8]",cffe9f8887d8ebae,0.16129032258064516,0.25806451612903225,0.36524453694068676,0.967741935483871,2,10,0.4838709677419355,0.36666666666666664,19,2.66784352030102,0.3870967741935484,0.6693548387096774,2,6,0.1728515625,0.8125,15.0,0.003121748178980229,0.254183498480028,0.2942598187311178,0.17824773413897277,0.595166163141994,0.22960725075528698,0.7280966767371602
32,RLV2O_A056_V01,stage2_n32_legacy,LEGACY_COMPATIBLE_WITH_WARNINGS,True,"[20,10,22,14,15,26,21,9,25,18,11,3,27,13,23,2,28,19,17,24,1,31,16,7,12,4,6,30,29,5,0,8]",ea7c4b75050cf8c1,0.6451612903225806,0.25806451612903225,0.37877211238293446,0.967741935483871,2,8,0.45161290322580644,0.3,21,2.712562693239371,0.33064516129032256,0.6935483870967741,1,7,0.1865234375,0.625,14.0,-0.012486992715920915,0.25491940685934533,0.3098187311178248,0.2870090634441088,0.16616314199395765,0.44712990936555896,0.9063444108761329
32,RLV2O_A057_V01,stage2_n32_legacy,LEGACY_COMPATIBLE_WITH_WARNINGS,True,"[22,14,26,25,15,20,9,10,2,11,19,3,23,27,18,13,21,1,17,12,16,28,0,4,31,6,29,24,7,30,8,5]",68d006d7e086e28e,0.7096774193548387,0.16129032258064516,0.3839750260145681,0.9032258064516129,2,11,0.4838709677419355,0.26666666666666666,22,2.7016014650590234,0.3629032258064516,0.7096774193548387,2,6,0.2001953125,0.6875,15.0,-0.01768990634755463,0.2574595978221372,0.11676737160120843,0.0453172205438066,0.0785498489425982,0.3867069486404834,0.6586102719033233
32,RLV2O_A058_V01,stage2_n32_legacy,LEGACY_COMPATIBLE_WITH_WARNINGS,True,"[27,26,22,13,19,14,25,20,10,9,3,11,15,23,21,2,18,16,1,6,17,12,24,28,7,4,29,31,5,0,30,8]",20bd4b07ae8adac8,0.8709677419354839,0.25806451612903225,0.3152965660770031,0.967741935483871,2,7,0.4838709677419355,0.4666666666666667,16,2.7828891161223157,0.4032258064516129,0.782258064516129,3,5,0.2294921875,0.84375,15.0,-0.019771071800208116,0.2571144944872665,0.30793051359516616,0.3081570996978852,0.24471299093655585,0.14199395770392753,0.8897280966767371
32,RLV2O_A059_V01,stage2_n32_legacy,LEGACY_COMPATIBLE_WITH_WARNINGS,True,"[9,2,15,21,14,26,22,20,10,11,25,18,23,27,19,3,28,17,13,1,31,12,30,16,0,24,7,6,29,4,5,8]",f919b444359b96cd,0.2903225806451613,0.25806451612903225,0.37356919875130074,0.967741935483871,3,10,0.4838709677419355,0.36666666666666664,19,2.936158557932128,0.3951612903225806,0.6854838709677419,2,6,0.19921875,0.6875,15.0,-0.0010405827263267429,0.25842511143363806,0.18262839879154083,0.14199395770392753,0.08157099697885195,0.3141993957703928,0.851963746223565
32,RLV2O_A060_V01,stage2_n32_legacy,LEGACY_COMPATIBLE_WITH_WARNINGS,True,"[25,22,14,10,20,18,11,9,15,21,23,17,2,13,26,3,27,19,28,16,31,24,4,7,1,30,5,29,0,12,6,8]",a3372d058a3507f9,0.8064516129032258,0.25806451612903225,0.3631633714880333,0.9354838709677419,0,7,0.41935483870967744,0.3,21,2.682489542065265,0.3306451612903226,0.717741935483871,1,7,0.208984375,0.78125,13.0,-0.01768990634755463,0.26701036444475584,0.3794561933534743,0.3383685800604229,0.41993957703927487,0.3081570996978852,0.8942598187311178
32,RLV2O_A061_V01,stage2_n32_legacy,LEGACY_COMPATIBLE_WITH_WARNINGS,True,"[18,21,30,23,9,14,24,4,20,13,8,16,25,17,19,22,15,3,11,26,7,29,2,6,31,1,27,12,0,5,28,10]",3bc2748cd5a1b282,0.5806451612903226,0.3225806451612903,0.4099895941727367,0.967741935483871,0,10,0.5161290322580645,0.36666666666666664,19,2.936158557932128,0.46774193548387094,0.717741935483871,3,5,0.169921875,0.5625,16.0,-0.008324661810613943,0.2541579374141647,0.3586858006042296,0.2749244712990937,0.6132930513595166,0.10271903323262843,0.9410876132930514
32,RLV2O_A062_V01,stage2_n32_legacy,LEGACY_COMPATIBLE_WITH_WARNINGS,True,"[18,9,19,21,4,14,3,20,7,29,24,2,17,13,25,23,8,26,15,6,11,16,30,1,31,12,10,22,0,27,5,28]",b258ad0929470857,0.5806451612903226,0.9032258064516129,0.45161290322580644,0.967741935483871,0,12,0.5161290322580645,0.23333333333333334,23,2.7741608385572247,0.3870967741935484,0.6532258064516129,2,6,0.16015625,0.5625,16.0,0.01040582726326743,0.2546601674378234,0.28746223564954687,0.12688821752265866,0.7129909365558913,0.24471299093655585,0.7583081570996979
32,RLV2O_A063_V01,stage2_n32_legacy,LEGACY_COMPATIBLE_WITH_WARNINGS,True,"[18,17,4,9,21,14,25,20,24,23,19,7,15,6,8,13,3,26,11,16,2,30,22,29,1,31,10,0,5,27,12,28]",0371a54a848f8c18,0.5806451612903226,0.9032258064516129,0.37044745057232054,0.967741935483871,2,7,0.5161290322580645,0.23333333333333334,23,2.8166470608813188,0.3467741935483871,0.717741935483871,2,6,0.1826171875,0.5625,16.0,0.01040582726326743,0.2580477319908643,0.24070996978851963,0.16012084592145015,0.3927492447129909,0.20543806646525675,0.7507552870090635
32,RLV2O_A064_V01,stage2_n32_legacy,LEGACY_COMPATIBLE_WITH_WARNINGS,True,"[24,12,20,18,14,29,21,23,13,2,17,19,1,11,30,7,25,0,28,8,31,6,9,5,3,16,10,26,22,27,4,15]",0ff2fd5ddddc777a,0.7741935483870968,0.4838709677419355,0.4006243496357961,0.9032258064516129,0,11,0.41935483870967744,0.16666666666666666,25,2.7741608385572247,0.3790322580645161,0.47580645161290325,2,6,0.208984375,0.75,13.0,-0.009365244536940688,0.25725343320259947,0.26608761329305136,0.22658610271903323,0.10271903323262843,0.6283987915407855,0.7084592145015105
32,RLV2O_A065_V01,stage2_n32_legacy,LEGACY_COMPATIBLE_WITH_WARNINGS,True,"[12,20,24,19,21,18,25,13,23,30,14,8,11,2,7,29,5,1,17,6,28,9,31,3,26,0,4,27,22,16,10,15]",f8c7d66fe3e2b95b,0.3870967741935484,0.4838709677419355,0.37773152965660767,0.9032258064516129,0,11,0.41935483870967744,0.26666666666666666,22,2.7572818661777228,0.3225806451612903,0.5,2,6,0.1953125,0.59375,13.0,0.003121748178980229,0.26260234417127876,0.28134441087613293,0.13293051359516617,0.649546827794562,0.31722054380664655,0.6661631419939578
32,RLV2O_A066_V01,stage2_n32_legacy,LEGACY_COMPATIBLE_WITH_WARNINGS,True,"[20,12,19,21,24,13,23,18,2,14,29,7,17,25,9,11,1,6,8,30,5,31,0,3,28,16,27,22,10,4,26,15]",79a519dc8bec104e,0.6451612903225806,0.4838709677419355,0.39021852237252863,1.0,0,9,0.41935483870967744,0.3333333333333333,20,2.6172066031635155,0.3064516129032258,0.47580645161290325,1,7,0.1806640625,0.625,13.0,-0.005202913631633715,0.2560214179456317,0.1717522658610272,0.13595166163141992,0.16918429003021151,0.17522658610271902,0.6404833836858006
32,RLV2O_A067_V01,stage2_n32_legacy,LEGACY_COMPATIBLE_WITH_WARNINGS,True,"[5,18,9,19,29,23,2,10,20,7,1,27,26,30,21,6,8,28,0,15,4,31,3,22,16,17,25,11,24,12,14,13]",9dad3a5fd4b86e1b,0.16129032258064516,0.41935483870967744,0.38293444328824144,0.9032258064516129,3,7,0.45161290322580644,0.23333333333333334,23,2.7851220667375722,0.5080645161290323,0.25806451612903225,3,5,0.208984375,0.8125,14.0,0.008324661810613943,0.2558098614319997,0.17160120845921456,0.11480362537764355,0.027190332326283984,0.5438066465256798,0.743202416918429
32,RLV2O_A068_V01,stage2_n32_legacy,LEGACY_COMPATIBLE_WITH_WARNINGS,True,"[5,26,8,25,9,23,27,14,4,3,6,2,0,22,10,7,20,31,16,21,28,13,30,1,19,15,18,24,12,29,11,17]",cf4165006f44a889,0.16129032258064516,0.5483870967741935,0.37044745057232054,0.9354838709677419,1,10,0.5161290322580645,0.26666666666666666,22,2.829841239675923,0.5241935483870968,0.3064516129032258,4,4,0.22265625,0.8125,16.0,0.012486992715920915,0.22377126067321937,0.2146525679758308,0.23262839879154074,0.12990936555891242,0.17824773413897277,0.3927492447129909
32,RLV2O_A069_V01,stage2_n32_legacy,LEGACY_COMPATIBLE_WITH_WARNINGS,True,"[30,10,11,25,13,9,29,4,5,8,22,17,28,16,26,12,27,1,20,2,31,7,6,18,24,3,0,23,15,19,14,21]",3753f7fde09f12eb,0.967741935483871,0.6774193548387096,0.40270551508844954,0.9354838709677419,3,10,0.4838709677419355,0.23333333333333334,23,2.936158557932128,0.5483870967741935,0.4435483870967742,4,4,0.2001953125,0.9375,15.0,-0.009365244536940688,0.2629443629826763,0.29803625377643506,0.28398791540785495,0.4169184290030211,0.11480362537764355,0.3716012084592145
32,RLV2O_A070_V01,stage2_n32_legacy,LEGACY_COMPATIBLE_WITH_WARNINGS,True,"[5,9,20,8,4,12,16,3,27,17,21,13,22,26,23,30,14,18,25,19,11,6,15,24,10,28,0,7,31,2,1,29]",5c96782e8b3018e4,0.16129032258064516,0.9354838709677419,0.3517169614984391,0.9354838709677419,1,7,0.3870967741935484,0.3333333333333333,20,2.6788047484793682,0.4596774193548387,0.7983870967741935,3,5,0.1845703125,0.8125,12.0,0.02497398543184183,0.25483868843236485,0.32809667673716014,0.09365558912386707,0.7371601208459215,0.7009063444108761,0.9939577039274925
32,RLV2O_A071_V01,stage2_n32_legacy,LEGACY_COMPATIBLE_WITH_WARNINGS,True,"[15,4,9,16,10,21,14,20,26,23,5,24,29,25,17,8,28,6,13,3,19,22,7,27,11,12,1,30,0,18,2,31]",513a165eef16069f,0.4838709677419355,1.0,0.4037460978147763,0.967741935483871,1,12,0.5161290322580645,0.23333333333333334,23,2.7851220667375727,0.2903225806451613,0.6774193548387096,1,7,0.1787109375,0.5,16.0,0.016649323621227886,0.2564820062935092,0.4048338368580061,0.18126888217522663,0.8761329305135952,0.6193353474320242,0.9969788519637462
32,RLV2O_A072_V01,stage2_n32_legacy,LEGACY_COMPATIBLE_WITH_WARNINGS,True,"[9,4,15,10,21,26,5,16,20,14,29,17,23,3,25,28,19,13,24,7,22,8,6,27,11,18,12,1,30,2,0,31]",2aa65d8c9bdf564a,0.2903225806451613,1.0,0.3975026014568158,1.0,0,9,0.5806451612903226,0.23333333333333334,23,2.7550489155624662,0.41129032258064513,0.6774193548387096,3,5,0.166015625,0.6875,18.0,0.022892819979188347,0.25694176900184124,0.3552870090634442,0.22054380664652573,0.43202416918429,0.7552870090634441,1.0
32,RLV2O_A073_V01,stage2_n32_legacy,LEGACY_COMPATIBLE_WITH_WARNINGS,True,"[24,5,1,6,2,16,25,15,31,10,7,29,23,14,17,13,30,3,28,0,12,18,26,4,8,19,22,27,11,9,20,21]",208d1c5d64c62cf1,0.7741935483870968,0.6774193548387096,0.3610822060353798,0.9032258064516129,1,10,0.4838709677419355,0.36666666666666664,19,2.8804781568134286,0.5403225806451613,0.40322580645161293,6,2,0.21875,0.75,15.0,-0.003121748178980229,0.2558987364702935,0.0607250755287009,0.030211480362537735,0.16012084592145015,0.02114803625377648,0.13897280966767367
32,RLV2O_A074_V01,stage2_n32_legacy,LEGACY_COMPATIBLE_WITH_WARNINGS,True,"[31,24,2,16,23,5,15,6,3,29,1,13,17,14,7,10,4,30,25,8,0,28,26,18,12,22,11,9,19,21,20,27]",af3fbf64c7e10c15,1.0,0.8709677419354839,0.3350676378772112,0.9032258064516129,1,7,0.3870967741935484,0.36666666666666664,19,2.7572818661777228,0.532258064516129,0.3709677419354839,5,3,0.2314453125,0.96875,12.0,-0.004162330905306971,0.2585424060274575,0.20574018126888216,0.2930513595166163,0.033232628398791486,0.015105740181268867,0.14199395770392753
32,RLV2O_A075_V01,stage2_n32_legacy,LEGACY_COMPATIBLE_WITH_WARNINGS,True,"[6,24,16,7,2,15,14,5,29,10,17,31,13,3,23,1,28,0,30,25,12,8,26,4,18,27,9,22,21,11,19,20]",dc2e342444bf1b27,0.1935483870967742,0.6451612903225806,0.4349635796045786,0.967741935483871,3,12,0.45161290322580644,0.3333333333333333,20,2.7125626932393714,0.4274193548387097,0.3629032258064516,5,3,0.19140625,0.78125,14.0,0.0145681581685744,0.2568743324286508,0.10332326283987914,0.09667673716012082,0.02114803625377648,0.23262839879154074,0.2598187311178247
32,RLV2O_A076_V01,stage2_n32_legacy,LEGACY_COMPATIBLE_WITH_WARNINGS,True,"[5,17,4,28,6,19,18,23,12,1,22,29,0,30,8,26,16,25,9,15,21,31,14,13,20,2,24,3,7,11,10,27]",b0d89bce4dd79ea1,0.16129032258064516,0.8709677419354839,0.42455775234131116,0.967741935483871,3,13,0.5161290322580645,0.2,24,2.8188800114965753,0.4758064516129032,0.5564516129032258,4,4,0.169921875,0.8125,16.0,0.022892819979188347,0.2589859686265968,0.11910876132930516,0.06344410876132933,0.21148036253776437,0.12084592145015105,0.46978851963746227
32,RLV2O_A077_V01,stage2_n32_legacy,LEGACY_COMPATIBLE_WITH_WARNINGS,True,"[4,16,17,6,15,2,25,5,24,28,21,3,14,20,26,22,10,23,8,27,11,7,29,12,19,13,9,18,30,0,31,1]",6c5d8e3d4d3e8776,0.12903225806451613,0.03225806451612903,0.42767950052029136,1.0,1,11,0.4838709677419355,0.3,21,2.7741608385572243,0.4596774193548387,0.6048387096774194,5,3,0.203125,0.84375,15.0,-0.003121748178980229,0.2581903623870018,0.12356495468277948,0.051359516616314216,0.09969788519637457,0.21148036253776437,0.9818731117824774
32,RLV2O_A078_V01,stage2_n32_legacy,LEGACY_COMPATIBLE_WITH_WARNINGS,True,"[3,17,26,4,18,27,19,7,1,29,8,28,2,0,15,13,6,30,5,10,25,20,23,24,11,31,9,12,21,16,22,14]",404df5418221f1b8,0.0967741935483871,0.45161290322580644,0.3943808532778356,0.9032258064516129,1,9,0.4838709677419355,0.3,21,2.863599184434927,0.5,0.3548387096774194,5,3,0.216796875,0.875,15.0,0.011446409989594173,0.2581568093833011,0.22311178247734142,0.24773413897280971,0.0453172205438066,0.25679758308157097,0.5468277945619335
32,RLV2O_A079_V01,stage2_n32_legacy,LEGACY_COMPATIBLE_WITH_WARNINGS,True,"[18,22,5,17,4,12,6,16,13,7,30,25,0,31,21,1,29,2,10,8,14,26,24,9,3,11,20,28,23,15,19,27]",37895623df53f024,0.5806451612903226,0.8709677419354839,0.3631633714880333,1.0,0,7,0.3548387096774194,0.3333333333333333,20,2.6847224926785214,0.3709677419354839,0.4596774193548387,3,5,0.1708984375,0.5625,11.0,0.009365244536940688,0.2576697998442378,0.3413897280966767,0.18731117824773413,0.8338368580060422,0.44108761329305135,0.17522658610271902
32,RLV2O_A080_V01,stage2_n32_legacy,LEGACY_COMPATIBLE_WITH_WARNINGS,True,"[18,10,5,11,15,23,12,24,27,7,14,6,17,22,26,8,19,21,3,28,13,9,30,25,4,16,29,20,2,1,31,0]",fc2c37dde7c01c58,0.5806451612903226,0.0,0.3808532778355879,1.0,1,9,0.5161290322580645,0.4,18,2.812962267296422,0.34677419354838707,0.717741935483871,2,6,0.173828125,0.5625,16.0,-0.018730489073881376,0.25642289446313965,0.27137462235649545,0.10574018126888218,0.8851963746223565,0.13595166163141992,0.24018126888217528
32,UPB_A01_V01,stage2_n32_legacy,LEGACY_COMPATIBLE_WITH_WARNINGS,True,"[0,24,4,6,8,10,12,14,16,18,20,22,2,30,28,26,1,3,5,17,9,11,7,15,13,19,21,23,25,27,29,31]",5618ee8f458df53c,0.0,1.0,0.20499479708636836,0.9032258064516129,0,5,0.03225806451612903,0.6,12,1.2821304330428667,0.5080645161290323,0.5564516129032258,4,4,0.1923828125,0.96875,1.0,0.03225806451612903,0.25525899392415774,0.7688066465256799,0.7583081570996979,0.6797583081570997,0.9818731117824774,0.8353474320241692
32,UPB_A02_V01,stage2_n32_legacy,LEGACY_COMPATIBLE_WITH_WARNINGS,True,"[0,24,4,6,8,10,12,14,16,18,20,22,2,30,28,26,1,3,5,17,9,11,13,15,7,19,21,23,25,27,29,31]",d5d468282e222a4a,0.0,1.0,0.20915712799167532,0.9032258064516129,0,5,0.03225806451612903,0.6666666666666666,10,1.1061866542445133,0.5080645161290323,0.6048387096774194,4,4,0.1923828125,0.96875,1.0,0.03225806451612903,0.25817778052161916,0.7767371601208459,0.7764350453172205,0.6646525679758308,0.9577039274924471,0.8670694864048338
32,UPB_A03_V01,stage2_n32_legacy,LEGACY_COMPATIBLE_WITH_WARNINGS,True,"[0,2,4,6,8,10,18,20,22,12,14,16,24,26,28,30,1,3,19,21,23,5,7,9,11,13,15,17,25,27,29,31]",54f0d2131cd994e8,0.0,1.0,0.15088449531737774,0.9354838709677419,0,3,0.03225806451612903,0.8,6,0.8672411143386614,0.5645161290322581,0.47580645161290325,4,4,0.2412109375,0.96875,1.0,0.03225806451612903,0.1948253223574741,0.6205438066465258,0.7311178247734139,0.3716012084592145,0.552870090634441,0.3141993957703928
32,UPB_A04_V01,stage2_n32_legacy,LEGACY_COMPATIBLE_WITH_WARNINGS,True,"[0,15,31,21,7,11,19,27,3,5,9,13,17,23,29,25,1,24,30,8,6,10,14,12,16,18,20,22,2,26,28,4]",f0bc0a458cf62f9d,0.0,0.12903225806451613,0.30801248699271594,0.7741935483870968,0,8,0.06451612903225806,0.5666666666666667,13,2.1280448803302536,0.5241935483870968,0.5,4,4,0.1533203125,0.96875,2.0,0.004162330905306971,0.2629402449218164,0.615558912386707,0.5438066465256798,0.9425981873111783,0.5861027190332326,0.2990936555891238
32,UPB_A05_V01,stage2_n32_legacy,LEGACY_COMPATIBLE_WITH_WARNINGS,True,"[0,13,15,21,3,11,19,27,7,5,9,31,17,23,29,25,1,24,30,6,8,10,12,14,16,2,20,22,18,26,28,4]",1fa2cb1a5b5a1cbc,0.0,0.12903225806451613,0.3121748178980229,0.7741935483870968,0,8,0.06451612903225806,0.5,15,2.136256929015,0.45161290322580644,0.5,3,5,0.158203125,0.96875,2.0,0.004162330905306971,0.2545793668148849,0.6147280966767372,0.5317220543806647,0.8972809667673716,0.6978851963746224,0.39728096676737157
32,UPB_A06_V01,stage2_n32_legacy,LEGACY_COMPATIBLE_WITH_WARNINGS,True,"[0,31,15,23,7,11,19,9,27,3,5,13,17,21,25,29,1,8,10,12,14,16,2,4,6,18,22,24,20,26,28,30]",cee31e581c56a7eb,0.0,0.967741935483871,0.2643080124869927,1.0,0,6,0.06451612903225806,0.5333333333333333,14,2.1007822625220856,0.5,0.5564516129032258,3,5,0.1552734375,0.96875,2.0,0.03121748178980229,0.255504912318279,0.6627643504531722,0.5498489425981873,0.8821752265861027,0.8610271903323263,0.8564954682779456
32,UPB_A07_V01,stage2_n32_legacy,LEGACY_COMPATIBLE_WITH_WARNINGS,True,"[0,31,15,23,7,11,19,25,3,5,9,13,17,21,27,29,1,18,16,6,8,10,12,14,4,2,20,22,24,26,28,30]",c9635718421758b0,0.0,0.967741935483871,0.2518210197710718,1.0,0,7,0.06451612903225806,0.6,12,1.9198998285499511,0.5241935483870968,0.6612903225806451,4,4,0.1630859375,0.96875,2.0,0.03121748178980229,0.2588981533812529,0.6802870090634442,0.5468277945619335,0.9577039274924471,0.8942598187311178,0.877643504531722
32,UPB_A08_V01,stage2_n32_legacy,LEGACY_COMPATIBLE_WITH_WARNINGS,True,"[0,31,15,23,5,9,13,7,11,19,27,3,17,21,25,29,1,2,4,6,12,14,16,18,8,22,20,10,24,26,28,30]",e324a9d97757d852,0.0,0.967741935483871,0.2684703433922997,1.0,1,5,0.06451612903225806,0.5333333333333333,14,2.147218157194348,0.5403225806451613,0.564516129032258,4,4,0.1630859375,0.96875,2.0,0.03121748178980229,0.255106235685507,0.6685045317220545,0.540785498489426,0.8731117824773413,0.9848942598187311,0.877643504531722
32,V02_M00_NDK_R24_V01,stage2_n32_legacy,LEGACY_COMPATIBLE_WITH_WARNINGS,True,"[9,16,22,13,6,18,20,11,4,24,27,15,8,17,29,31,2,0,5,19,25,14,10,21,23,12,7,28,30,26,3,1]",dea04b57887edb41,0.2903225806451613,0.03225806451612903,0.28720083246618106,0.9354838709677419,0,4,0.5161290322580645,0.5666666666666667,13,2.4552088837866117,0.29838709677419356,0.6774193548387096,1,7,0.146484375,0.6875,16.0,-0.008324661810613943,0.21450143342114347,0.574773413897281,0.48036253776435045,0.9516616314199395,0.3262839879154078,0.7915407854984894
32,V02_M00_PGJ_V01,stage2_n32_legacy,LEGACY_COMPATIBLE_WITH_WARNINGS,True,"[22,14,8,18,24,12,10,16,20,6,2,0,4,26,30,28,23,15,13,17,21,11,9,19,25,7,3,1,5,31,29,27]",8637e4eaf909c953,0.7096774193548387,0.8709677419354839,0.22372528616024975,0.8387096774193549,0,3,0.03225806451612903,0.6,12,2.030813870974754,0.2903225806451613,0.7741935483870968,1,7,0.142578125,0.6875,1.0,0.005202913631633715,0.19126918229394868,0.6543051359516618,0.5256797583081572,0.918429003021148,0.8187311178247734,0.9410876132930514
32,V02_M00_PGN_R24_V01,stage2_n32_legacy,LEGACY_COMPATIBLE_WITH_WARNINGS,True,"[22,0,30,10,18,4,26,14,2,28,8,20,6,24,12,16,31,1,29,9,21,3,27,11,19,5,23,13,25,7,17,15]",f374d31245025de2,0.7096774193548387,0.4838709677419355,0.5213319458896982,0.967741935483871,0,15,0.03225806451612903,0.06666666666666667,28,2.5168070291044646,0.5483870967741935,0.3548387096774194,4,4,0.140625,0.6875,1.0,-0.0072840790842872,0.22320438839607248,0.5982628398791541,0.5105740181268883,0.9123867069486404,0.7160120845921449,0.24622356495468278
32,V02_M00_PGR_R24_V01,stage2_n32_legacy,LEGACY_COMPATIBLE_WITH_WARNINGS,True,"[22,12,0,16,28,8,4,20,24,14,10,18,30,6,2,26,21,13,9,23,31,15,11,19,29,7,1,17,25,5,3,27]",50510bd8fbd9d254,0.7096774193548387,0.8709677419354839,0.36940686784599375,0.7741935483870968,0,10,0.03225806451612903,0.5,15,2.2850604695972985,0.5,0.6612903225806451,3,5,0.1181640625,0.6875,1.0,0.005202913631633715,0.2152019674394193,0.6290785498489426,0.4894259818731118,0.9879154078549849,0.7824773413897281,0.702416918429003
32,block_interleaved_quarters,stage2_n32_legacy,LEGACY_COMPATIBLE_WITH_WARNINGS,True,"[0,8,16,24,1,9,17,25,2,10,18,26,3,11,19,27,4,12,20,28,5,13,21,29,6,14,22,30,7,15,23,31]",d0457724ace26b46,0.0,1.0,0.3673257023933403,0.7419354838709677,0,7,0.22580645161290322,0.5333333333333333,14,0.5341593666851499,0.5161290322580645,0.5161290322580645,4,4,0.1767578125,0.96875,7.0,0.03225806451612903,0.20231240473697795,0.02084592145015107,0.0,0.06344410876132933,0.009063444108761365,0.14501510574018128
32,center_edge_alternating,stage2_n32_legacy,LEGACY_COMPATIBLE_WITH_WARNINGS,True,"[15,0,16,31,14,1,17,30,13,2,18,29,12,3,19,28,11,4,20,27,10,5,21,26,9,6,22,25,8,7,23,24]",82c787487200c574,0.4838709677419355,0.7741935483870968,0.39021852237252863,0.5483870967741935,2,15,0.7419354838709677,0.5,15,2.1002046797724043,0.5161290322580645,0.5161290322580645,4,4,0.2578125,0.5,23.0,0.009365244536940688,0.17329998561137192,0.019939577039274903,0.0060422960725075026,0.009063444108761365,0.07552870090634445,0.13293051359516617
32,center_out,stage2_n32_legacy,LEGACY_COMPATIBLE_WITH_WARNINGS,True,"[15,16,14,17,13,18,12,19,11,20,10,21,9,22,8,23,7,24,6,25,5,26,4,27,3,28,2,29,1,30,0,31]",8482db0b29cdcc86,0.4838709677419355,1.0,0.5161290322580645,1.0,1,16,0.5161290322580645,0.0,30,3.433987204454145,0.12903225806451613,0.9032258064516129,0,8,0.25,0.5,16.0,0.016649323621227886,0.2885249003225535,0.011178247734138958,0.0030211480362537513,0.012084592145015116,0.0030211480362537513,0.12990936555891242
32,edge_in,stage2_n32_legacy,LEGACY_COMPATIBLE_WITH_WARNINGS,True,"[0,31,1,30,2,29,3,28,4,27,5,26,6,25,7,24,8,23,9,22,10,21,11,20,12,19,13,18,14,17,15,16]",050ae09d1fad9549,0.0,0.5161290322580645,0.5161290322580645,1.0,1,16,0.5161290322580645,0.0,30,3.433987204454145,0.9032258064516129,0.12903225806451613,8,0,0.484375,0.96875,16.0,0.016649323621227886,0.2885249003225535,0.01193353474320244,0.009063444108761365,0.0,0.0,0.12084592145015105
32,greedy_maximin_distance,stage2_n32_legacy,LEGACY_COMPATIBLE_WITH_WARNINGS,True,"[0,31,15,23,7,11,19,27,3,5,9,13,17,21,25,29,1,2,4,6,8,10,12,14,16,18,20,22,24,26,28,30]",18c47f43485b26b1,0.0,0.967741935483871,0.2060353798126951,1.0,1,5,0.06451612903225806,0.7333333333333333,8,1.5332047758628051,0.5403225806451613,0.48387096774193544,4,4,0.1513671875,0.96875,2.0,0.03121748178980229,0.25474944357288415,0.7210725075528701,0.7129909365558913,0.5891238670694864,0.9909365558912386,0.8141993957703928
32,mc_cand_001,stage2_n32_legacy,LEGACY_COMPATIBLE_WITH_WARNINGS,True,"[0,2,4,6,8,16,18,20,22,24,26,28,30,14,12,10,7,5,3,1,17,19,21,23,25,27,31,29,15,13,11,9]",908ce5bf884c4f79,0.0,0.2903225806451613,0.11550468262226847,0.5161290322580645,0,2,0.03225806451612903,0.9,3,0.793400430839633,0.5241935483870968,0.5161290322580645,4,4,0.2294921875,0.96875,1.0,0.009365244536940688,0.1294929843132984,0.7797583081570996,0.797583081570997,0.6465256797583081,0.8670694864048338,0.9063444108761329
32,mc_cand_002,stage2_n32_legacy,LEGACY_COMPATIBLE_WITH_WARNINGS,True,"[0,2,4,6,8,16,18,20,22,24,26,28,30,14,12,10,7,5,3,1,17,19,21,23,25,27,29,31,15,13,11,9]",4a9f0144bdbe09f2,0.0,0.2903225806451613,0.11550468262226847,0.5161290322580645,0,3,0.03225806451612903,0.9,3,0.5950727898178281,0.5241935483870968,0.5161290322580645,4,4,0.2294921875,0.96875,1.0,0.009365244536940688,0.1355715967779925,0.7964501510574018,0.7854984894259819,0.7613293051359517,0.8700906344410876,0.93202416918429
32,mc_cand_004,stage2_n32_legacy,LEGACY_COMPATIBLE_WITH_WARNINGS,True,"[0,2,4,6,8,10,16,18,20,22,24,26,28,30,14,12,9,7,5,3,1,17,19,21,23,25,27,29,31,15,13,11]",5379f18904dcd019,0.0,0.3548387096774194,0.11342351716961499,0.5161290322580645,0,3,0.03225806451612903,0.9,3,0.5950727898178281,0.532258064516129,0.5241935483870968,4,4,0.2392578125,0.96875,1.0,0.011446409989594173,0.13385146297786035,0.7893504531722055,0.8096676737160121,0.6283987915407855,0.9033232628398792,0.9410876132930514
32,mc_cand_006,stage2_n32_legacy,LEGACY_COMPATIBLE_WITH_WARNINGS,True,"[0,2,4,6,8,10,12,16,18,20,22,24,26,28,30,14,11,9,7,5,3,1,17,19,21,23,25,27,31,29,15,13]",e673723a622f701f,0.0,0.41935483870967744,0.1113423517169615,0.5161290322580645,0,2,0.03225806451612903,0.9,3,0.7486812579012816,0.5403225806451613,0.532258064516129,4,4,0.2509765625,0.96875,1.0,0.013527575442247659,0.1268913729991173,0.8035498489425983,0.7824773413897281,0.7583081570996979,0.9697885196374623,0.9259818731117825
32,mc_cand_066,stage2_n32_legacy,LEGACY_COMPATIBLE_WITH_WARNINGS,True,"[15,19,24,28,31,26,22,13,11,8,6,3,0,17,20,14,10,16,18,12,7,5,2,9,21,23,25,29,27,30,4,1]",80e948a929edaec4,0.4838709677419355,0.03225806451612903,0.16857440166493234,0.8387096774193549,0,2,0.45161290322580644,0.7,9,1.9857366667007899,0.48387096774193544,0.7096774193548387,4,4,0.177734375,0.5,14.0,-0.0145681581685744,0.15923975956116773,0.6161631419939577,0.5377643504531722,0.7492447129909365,0.676737160120846,0.9818731117824774
32,mc_cand_067,stage2_n32_legacy,LEGACY_COMPATIBLE_WITH_WARNINGS,True,"[0,4,8,11,16,19,21,24,27,30,31,28,26,23,20,18,15,13,10,7,5,2,1,3,6,9,12,17,22,25,29,14]",d8bf8dd88ff09131,0.0,0.45161290322580644,0.10822060353798127,0.4838709677419355,2,0,0.7096774193548387,0.9,3,1.3988277056296823,0.4596774193548387,0.41935483870967744,3,5,0.197265625,0.96875,22.0,0.0145681581685744,0.07533991408906536,0.5598187311178249,0.5226586102719033,0.9305135951661632,0.22356495468277948,0.23262839879154074
32,mc_cand_121,stage2_n32_legacy,LEGACY_COMPATIBLE_WITH_WARNINGS,True,"[15,25,31,10,3,18,22,13,7,20,27,5,0,16,29,11,24,9,2,19,14,26,21,6,4,17,30,12,8,23,28,1]",c670331dd0aa0ace,0.4838709677419355,0.03225806451612903,0.372528616024974,0.8709677419354839,0,7,0.6451612903225806,0.43333333333333335,17,2.5761722238080607,0.4435483870967742,0.5887096774193549,3,5,0.123046875,0.5,20.0,-0.0145681581685744,0.19541910880848945,0.5868580060422961,0.5015105740181269,0.9969788519637462,0.32326283987915405,0.5830815709969788
32,mc_cand_129,stage2_n32_legacy,LEGACY_COMPATIBLE_WITH_WARNINGS,True,"[0,16,29,10,4,20,25,14,7,18,31,12,2,22,27,9,5,17,24,15,1,19,30,11,3,21,26,13,6,28,23,8]",27669b56081f6202,0.0,0.25806451612903225,0.39125910509885536,0.7096774193548387,0,10,0.5806451612903226,0.5,15,2.6788047484803683,0.5,0.5483870967741935,4,4,0.1435546875,0.96875,18.0,0.008324661810613943,0.17083947350663417,0.5308157099697886,0.4652567975830816,0.9637462235649547,0.2598187311178247,0.19335347432024175
32,mc_extra_001,stage2_n32_legacy,LEGACY_COMPATIBLE_WITH_WARNINGS,True,"[0,2,4,6,8,10,16,18,20,22,24,26,28,30,14,12,9,7,5,3,1,17,19,21,23,25,27,31,29,15,13,11]",d6c25dcc9a273810,0.0,0.3548387096774194,0.11342351716961499,0.5161290322580645,0,2,0.03225806451612903,0.9,3,0.793400430839633,0.532258064516129,0.5241935483870968,4,4,0.2392578125,0.96875,1.0,0.011446409989594173,0.1276909913609534,0.8139728096676737,0.8489425981873112,0.6253776435045317,0.9003021148036254,0.9410876132930514
32,mc_extra_002,stage2_n32_legacy,LEGACY_COMPATIBLE_WITH_WARNINGS,True,"[0,3,6,8,10,16,18,20,22,24,26,28,30,14,12,9,5,2,7,17,19,21,23,25,27,31,29,15,13,11,4,1]",311953fa3e525a5d,0.0,0.03225806451612903,0.12174817898022894,0.5161290322580645,0,1,0.22580645161290322,0.9,3,1.4514008959141667,0.467741935483871,0.5967741935483871,3,5,0.2158203125,0.96875,7.0,0.0010405827263267429,0.11135693836979602,0.6190332326283989,0.6193353474320242,0.6858006042296072,0.3595166163141994,0.8670694864048338
32,mc_extra_003,stage2_n32_legacy,LEGACY_COMPATIBLE_WITH_WARNINGS,True,"[0,2,4,6,8,10,12,16,18,20,22,24,26,28,30,14,11,9,7,5,3,1,17,19,21,23,25,27,29,31,15,13]",f9552f050dfbc3ed,0.0,0.41935483870967744,0.1113423517169615,0.5161290322580645,0,3,0.03225806451612903,0.9,3,0.5950727898178281,0.5403225806451613,0.532258064516129,4,4,0.2509765625,0.96875,1.0,0.013527575442247659,0.13308886282545038,0.8,0.7613293051359517,0.8006042296072508,0.972809667673716,0.9546827794561934
32,mc_extra_004,stage2_n32_legacy,LEGACY_COMPATIBLE_WITH_WARNINGS,True,"[0,2,5,7,16,18,20,22,24,26,28,30,14,12,10,8,4,1,6,17,19,21,23,25,27,31,29,15,13,11,9,3]",43f12d4098b11f85,0.0,0.0967741935483871,0.12174817898022894,0.5161290322580645,0,1,0.16129032258064516,0.9,3,1.2821304330428667,0.5,0.5403225806451613,4,4,0.2138671875,0.96875,5.0,0.003121748178980229,0.11694409237949052,0.6276435045317221,0.6797583081570997,0.5679758308157099,0.38368580060422963,0.676737160120846
32,mc_extra_005,stage2_n32_legacy,LEGACY_COMPATIBLE_WITH_WARNINGS,True,"[15,17,19,21,23,25,27,29,31,13,11,9,7,5,3,1,14,16,18,20,22,24,26,28,30,12,10,8,6,4,2,0]",596767c3a2355a62,0.4838709677419355,0.0,0.10926118626430802,0.5806451612903226,0,2,0.03225806451612903,0.9,3,0.37953492557809465,0.4274193548387097,0.6532258064516129,3,5,0.1953125,0.5,1.0,-0.015608740894901146,0.13872962113837933,0.7869335347432024,0.8157099697885196,0.6163141993957704,0.9335347432024169,0.8021148036253777
32,mc_extra_006,stage2_n32_legacy,LEGACY_COMPATIBLE_WITH_WARNINGS,True,"[0,2,4,6,8,16,18,20,22,24,26,28,30,14,12,10,7,5,3,1,9,17,19,21,23,25,27,29,31,15,13,11]",dedab78dccbff89b,0.0,0.3548387096774194,0.11342351716961499,0.5161290322580645,0,2,0.03225806451612903,0.9,3,0.6870831125834289,0.5241935483870968,0.5241935483870968,4,4,0.2294921875,0.96875,1.0,0.011446409989594173,0.12010506621458937,0.6993957703927492,0.7190332326283988,0.45317220543806647,0.9607250755287009,0.9063444108761329
32,mc_extra_007,stage2_n32_legacy,LEGACY_COMPATIBLE_WITH_WARNINGS,True,"[0,2,5,7,9,16,18,20,22,24,26,28,30,14,12,10,4,1,6,8,17,19,21,23,25,31,29,27,15,13,11,3]",001043ed94ad90c5,0.0,0.0967741935483871,0.12174817898022894,0.5161290322580645,0,1,0.16129032258064516,0.9,3,1.2821304330428667,0.5,0.564516129032258,4,4,0.22265625,0.96875,5.0,0.003121748178980229,0.10861012106673407,0.5790030211480363,0.6676737160120846,0.43504531722054385,0.2990936555891238,0.5619335347432024
32,mc_extra_008,stage2_n32_legacy,LEGACY_COMPATIBLE_WITH_WARNINGS,True,"[0,2,4,6,8,10,16,18,20,22,24,26,28,30,14,12,9,7,5,3,1,11,17,19,21,23,25,27,31,29,15,13]",eb4aaa238b15f251,0.0,0.41935483870967744,0.1113423517169615,0.5161290322580645,0,1,0.03225806451612903,0.9,3,0.9288392596565143,0.532258064516129,0.532258064516129,4,4,0.2392578125,0.96875,1.0,0.013527575442247659,0.11229618573530666,0.7322507552870091,0.7160120845921449,0.6193353474320242,0.9667673716012084,0.9259818731117825
32,mc_extra_009,stage2_n32_legacy,LEGACY_COMPATIBLE_WITH_WARNINGS,True,"[0,2,5,7,9,16,18,20,22,24,26,28,30,14,12,10,8,4,1,6,17,19,21,23,25,27,31,29,15,13,11,3]",f0d2f87fd6bf2501,0.0,0.0967741935483871,0.12174817898022894,0.5161290322580645,0,1,0.16129032258064516,0.9,3,1.2821304330428667,0.5,0.564516129032258,4,4,0.2236328125,0.96875,5.0,0.003121748178980229,0.11636860402867237,0.6382930513595165,0.6827794561933535,0.676737160120846,0.34441087613293053,0.4939577039274925
32,mc_extra_010,stage2_n32_legacy,LEGACY_COMPATIBLE_WITH_WARNINGS,True,"[0,2,4,6,8,10,16,18,20,22,24,26,28,30,14,12,9,7,5,3,1,11,17,19,21,23,25,27,29,31,15,13]",1dcc4e88038811a1,0.0,0.41935483870967744,0.1113423517169615,0.5161290322580645,0,2,0.03225806451612903,0.9,3,0.7486812579012816,0.532258064516129,0.532258064516129,4,4,0.2392578125,0.96875,1.0,0.013527575442247659,0.11925459403003698,0.7397280966767372,0.7099697885196374,0.6827794561933535,0.9637462235649547,0.9063444108761329
32,mc_extra_011,stage2_n32_legacy,LEGACY_COMPATIBLE_WITH_WARNINGS,True,"[0,2,16,21,25,14,11,18,23,9,6,4,1,20,27,30,28,13,8,17,22,15,10,19,24,12,5,3,26,31,29,7]",83cf222ba9b11ddd,0.0,0.22580645161290322,0.2466181061394381,0.7419354838709677,0,3,0.6774193548387096,0.6333333333333333,11,2.287809649092901,0.4274193548387097,0.6693548387096774,3,5,0.1845703125,0.96875,21.0,0.0072840790842872,0.18765720132395444,0.6059667673716013,0.48640483383685795,0.8670694864048338,0.7462235649546828,0.8353474320241692
32,mc_extra_012,stage2_n32_legacy,LEGACY_COMPATIBLE_WITH_WARNINGS,True,"[15,18,21,24,26,28,30,23,19,14,12,10,8,6,4,2,0,5,9,16,20,22,25,27,29,31,17,13,11,7,3,1]",f6049b6f8e70480c,0.4838709677419355,0.03225806451612903,0.11030176899063476,0.45161290322580644,0,0,0.25806451612903225,0.9,3,1.3878664774493341,0.5,0.5887096774193549,4,4,0.205078125,0.5,8.0,-0.0145681581685744,0.07719973773565622,0.6048338368580061,0.49848942598187307,0.7885196374622356,0.743202416918429,0.9758308157099698
32,mc_extra_013,stage2_n32_legacy,LEGACY_COMPATIBLE_WITH_WARNINGS,True,"[0,16,24,11,6,18,21,14,9,26,31,29,4,2,7,19,23,12,10,17,27,30,15,5,1,3,20,25,28,13,8,22]",db0645c08bc2b0dc,0.0,0.7096774193548387,0.27471383975026015,0.8064516129032258,0,4,0.5806451612903226,0.6,12,2.5336860014839666,0.3870967741935484,0.564516129032258,3,5,0.1455078125,0.96875,18.0,0.022892819979188347,0.18519449312757563,0.5577794561933535,0.47432024169184295,0.8610271903323263,0.5830815709969788,0.37915407854984895
32,mc_extra_014,stage2_n32_legacy,LEGACY_COMPATIBLE_WITH_WARNINGS,True,"[0,16,21,13,10,18,23,8,5,2,25,27,30,15,12,20,22,7,4,17,14,24,28,31,26,11,9,6,1,3,19,29]",03651d1820470469,0.0,0.9354838709677419,0.24037460978147762,0.7419354838709677,0,3,0.6129032258064516,0.6,12,2.0636975555167987,0.3790322580645161,0.6048387096774194,1,7,0.1611328125,0.96875,19.0,0.030176899063475544,0.1826333854687935,0.6225075528700906,0.5166163141993958,0.824773413897281,0.7643504531722054,0.9063444108761329
32,mc_extra_015,stage2_n32_legacy,LEGACY_COMPATIBLE_WITH_WARNINGS,True,"[0,16,24,12,7,18,21,14,10,26,30,5,2,28,23,8,19,15,11,17,31,13,4,25,29,6,1,20,22,9,3,27]",ae49fcb0f129ef5e,0.0,0.8709677419354839,0.35691987513007284,0.8387096774193549,0,9,0.4838709677419355,0.4666666666666667,16,2.88920643437852,0.3709677419354839,0.6370967741935484,3,5,0.1494140625,0.96875,15.0,0.02809573361082206,0.23661304457633245,0.6303625377643506,0.4954682779456193,0.9214501510574018,0.8277945619335347,0.824773413897281
32,mc_extra_016,stage2_n32_legacy,LEGACY_COMPATIBLE_WITH_WARNINGS,True,"[15,17,19,13,11,9,7,5,3,1,21,23,25,27,29,31,18,14,16,12,10,8,6,4,0,2,20,22,24,26,28,30]",ebec9a88b777c305,0.4838709677419355,0.967741935483871,0.12174817898022894,0.6451612903225806,0,2,0.03225806451612903,0.8,6,0.8672411143386616,0.3064516129032258,0.6935483870967741,2,6,0.1728515625,0.5,1.0,0.015608740894901146,0.14558492408141557,0.7012839879154079,0.7280966767371602,0.48640483383685795,0.8851963746223565,0.8444108761329305
32,mc_extra_017,stage2_n32_legacy,LEGACY_COMPATIBLE_WITH_WARNINGS,True,"[0,2,4,6,8,10,12,14,16,18,20,22,24,26,28,30,23,21,19,17,15,13,11,9,7,5,3,1,25,27,29,31]",4dce58511d6ee06a,0.0,1.0,0.09261186264308013,0.7741935483870968,0,1,0.03225806451612903,0.9333333333333333,2,0.28393626675286415,0.5483870967741935,0.7741935483870968,4,4,0.2646484375,0.96875,1.0,0.03225806451612903,0.12765706707997188,0.8191842900302115,0.8912386706948641,0.5558912386706949,0.8096676737160121,0.9546827794561934
32,mc_extra_018,stage2_n32_legacy,LEGACY_COMPATIBLE_WITH_WARNINGS,True,"[15,17,19,13,11,21,23,25,27,29,31,9,7,5,3,1,12,16,18,14,20,10,8,22,24,26,28,30,6,4,0,2]",51b2c82b9ea2975c,0.4838709677419355,0.06451612903225806,0.16129032258064516,0.7741935483870968,0,2,0.03225806451612903,0.6666666666666666,10,1.3055010412731483,0.28225806451612906,0.7741935483870968,1,7,0.1728515625,0.5,1.0,-0.013527575442247659,0.18339661689807135,0.66404833836858,0.6102719033232629,0.6978851963746224,0.824773413897281,0.9063444108761329
32,mc_extra_019,stage2_n32_legacy,LEGACY_COMPATIBLE_WITH_WARNINGS,True,"[29,10,0,24,19,13,28,21,20,15,6,25,4,17,31,23,9,11,30,22,12,1,3,16,18,27,7,2,26,8,14,5]",e92cbe3236645a64,0.9354838709677419,0.16129032258064516,0.36212278876170656,0.7741935483870968,1,8,0.5161290322580645,0.4666666666666667,16,2.7404028937992213,0.5403225806451613,0.532258064516129,4,4,0.1796875,0.90625,16.0,-0.02497398543184183,0.21282905992581866,0.43942598187311177,0.35045317220543803,0.7099697885196374,0.5287009063444108,0.33534743202416917
32,mc_extra_020,stage2_n32_legacy,LEGACY_COMPATIBLE_WITH_WARNINGS,True,"[12,5,8,27,28,10,21,25,31,17,7,22,6,16,18,4,1,15,26,19,24,29,30,2,3,20,9,13,23,11,0,14]",598f44264c390103,0.3870967741935484,0.45161290322580644,0.31633714880332986,0.9032258064516129,3,5,0.5161290322580645,0.43333333333333335,17,2.684722492679522,0.532258064516129,0.4435483870967742,4,4,0.1796875,0.59375,16.0,0.0020811654526534857,0.20160467909781202,0.31450151057401815,0.24471299093655585,0.5981873111782477,0.22054380664652573,0.2749244712990937
32,multi_lag_regular_jump,stage2_n32_legacy,LEGACY_COMPATIBLE_WITH_WARNINGS,True,"[25,31,21,15,26,30,22,11,2,6,16,10,20,29,24,14,5,1,9,19,28,23,13,4,0,8,18,12,3,7,17,27]",a0f0d96c3943c0fe,0.8064516129032258,0.8709677419354839,0.25390218522372526,0.3548387096774194,0,0,0.3225806451612903,0.6,12,1.8150720236301305,0.5403225806451613,0.5080645161290323,4,4,0.1982421875,0.78125,10.0,0.0020811654526534857,0.07631097655483499,0.10513595166163145,0.02114803625377648,0.42296072507552873,0.0060422960725075026,0.1238670694864048
32,odd_even_interlaced,stage2_n32_legacy,LEGACY_COMPATIBLE_WITH_WARNINGS,True,"[0,2,4,6,8,10,12,14,16,18,20,22,24,26,28,30,1,3,5,7,9,11,13,15,17,19,21,23,25,27,29,31]",321c934d38c074c8,0.0,1.0,0.09261186264308013,0.9354838709677419,0,1,0.03225806451612903,0.9333333333333333,2,0.1425058673907378,0.5483870967741935,0.5483870967741935,4,4,0.2646484375,0.96875,1.0,0.03225806451612903,0.15388667068303316,0.7209214501510575,0.8459214501510575,0.22356495468277948,0.9274924471299093,0.6722054380664653
32,random_scan_1,stage2_n32_legacy,LEGACY_COMPATIBLE_WITH_WARNINGS,True,"[26,5,10,15,25,11,22,6,19,12,16,9,28,14,24,20,30,1,13,18,2,17,21,3,29,4,27,31,8,23,0,7]",b55f9283022d5643,0.8387096774193549,0.22580645161290322,0.43184183142559834,0.9354838709677419,0,11,0.5483870967741935,0.16666666666666666,25,2.69568372085987,0.4596774193548387,0.7338709677419355,4,4,0.169921875,0.8125,17.0,-0.019771071800208116,0.23700171090824962,0.32832326283987917,0.17220543806646527,0.945619335347432,0.030211480362537735,0.48489425981873113
32,random_scan_10,stage2_n32_legacy,LEGACY_COMPATIBLE_WITH_WARNINGS,True,"[18,2,20,3,4,24,0,21,23,9,19,25,30,15,27,29,11,6,14,5,7,26,16,31,1,13,28,17,12,22,10,8]",908552fb795334e8,0.5806451612903226,0.25806451612903225,0.3808532778355879,0.967741935483871,1,9,0.3870967741935484,0.3333333333333333,20,2.7851220667365726,0.5967741935483871,0.43548387096774194,5,3,0.1962890625,0.5625,12.0,-0.01040582726326743,0.22786623422553165,0.3311178247734139,0.3595166163141994,0.32326283987915405,0.051359516616314216,0.552870090634441
32,random_scan_2,stage2_n32_legacy,LEGACY_COMPATIBLE_WITH_WARNINGS,True,"[3,4,6,21,14,26,18,20,11,12,8,13,1,7,30,17,24,5,23,2,9,27,28,10,15,0,29,22,25,19,16,31]",2072f2e64fabd88e,0.0967741935483871,1.0,0.3246618106139438,0.9354838709677419,3,7,0.6451612903225806,0.2,24,2.7125626932393714,0.46774193548387094,0.5241935483870968,4,4,0.1865234375,0.875,20.0,0.0291363163371488,0.23490449214605555,0.5244712990936555,0.3474320241691843,0.9154078549848943,0.7129909365558913,0.8851963746223565
32,random_scan_3,stage2_n32_legacy,LEGACY_COMPATIBLE_WITH_WARNINGS,True,"[25,27,7,12,23,29,4,3,17,19,2,8,14,0,24,5,20,10,6,16,18,28,15,26,13,9,31,11,1,21,22,30]",2fcece603957a8f0,0.8064516129032258,0.967741935483871,0.3590010405827263,0.8064516129032258,2,8,0.3548387096774194,0.4,18,2.7125626932393714,0.6290322580645161,0.564516129032258,6,2,0.1728515625,0.78125,11.0,0.005202913631633715,0.22702834785922402,0.372583081570997,0.3927492447129909,0.3202416918429003,0.1570996978851964,0.7507552870090635
32,random_scan_4,stage2_n32_legacy,LEGACY_COMPATIBLE_WITH_WARNINGS,True,"[27,20,28,31,25,26,10,7,12,29,11,30,9,19,8,22,3,16,17,23,24,13,14,5,18,4,2,15,1,6,21,0]",78266fbbb247b855,0.8709677419354839,0.0,0.32986472424557756,0.6774193548387096,4,7,0.6774193548387096,0.26666666666666666,22,2.7741608385572247,0.6290322580645161,0.5887096774193549,6,2,0.236328125,0.84375,21.0,-0.02809573361082206,0.20364073681560602,0.12583081570996976,0.1238670694864048,0.15105740181268879,0.048338368580060465,0.20543806646525675
32,random_scan_5,stage2_n32_legacy,LEGACY_COMPATIBLE_WITH_WARNINGS,True,"[18,5,26,14,22,29,6,30,1,17,7,2,10,25,20,0,24,31,27,16,12,3,8,15,21,9,28,23,19,13,4,11]",b3d3dc88510f2ce7,0.5806451612903226,0.3548387096774194,0.36940686784599375,0.9354838709677419,0,8,0.5483870967741935,0.43333333333333335,17,2.7463206379973744,0.5564516129032258,0.43548387096774194,5,3,0.140625,0.5625,17.0,-0.0072840790842872,0.22615384451631196,0.33655589123867075,0.25075528700906347,0.7854984894259819,0.0392749244712991,0.25075528700906347
32,random_scan_6,stage2_n32_legacy,LEGACY_COMPATIBLE_WITH_WARNINGS,True,"[10,6,15,8,29,22,20,12,25,9,13,1,27,4,3,19,26,28,5,30,17,2,14,23,0,11,16,18,24,21,31,7]",62db0b9e59413285,0.3225806451612903,0.22580645161290322,0.37356919875130074,0.8387096774193549,1,9,0.5483870967741935,0.3333333333333333,20,2.8914393849937765,0.4112903225806452,0.49193548387096775,2,6,0.1640625,0.65625,17.0,-0.003121748178980229,0.2471378498268755,0.5188821752265861,0.377643504531722,0.9848942598187311,0.5317220543806647,0.4652567975830816
32,random_scan_7,stage2_n32_legacy,LEGACY_COMPATIBLE_WITH_WARNINGS,True,"[29,22,9,25,19,24,20,31,4,23,0,7,18,6,5,11,21,28,10,13,15,14,12,8,16,26,3,1,17,2,27,30]",c9f61fdfb2e8f49b,0.9354838709677419,0.967741935483871,0.32986472424557756,0.8709677419354839,2,8,0.5483870967741935,0.36666666666666664,19,2.863599184434927,0.5483870967741935,0.6370967741935484,4,4,0.2177734375,0.90625,17.0,0.0010405827263267429,0.240241684758054,0.23285498489425985,0.29003021148036257,0.11178247734138969,0.0785498489425982,0.28247734138972813
32,random_scan_8,stage2_n32_legacy,LEGACY_COMPATIBLE_WITH_WARNINGS,True,"[13,5,2,23,4,9,24,14,18,22,0,29,27,17,16,21,3,7,12,15,25,20,30,26,31,11,1,10,8,19,28,6]",4b98d5ed7788f8a2,0.41935483870967744,0.1935483870967742,0.3173777315296566,0.9354838709677419,1,7,0.4838709677419355,0.3333333333333333,20,2.5570603008143027,0.5,0.5887096774193549,4,4,0.1572265625,0.5625,15.0,-0.0072840790842872,0.23335053136998593,0.12454682779456196,0.048338368580060465,0.202416918429003,0.35045317220543803,0.35196374622356497
32,random_scan_9,stage2_n32_legacy,LEGACY_COMPATIBLE_WITH_WARNINGS,True,"[27,28,25,21,10,29,22,0,15,12,26,20,19,3,24,6,11,31,13,30,5,23,7,1,2,14,16,18,9,17,4,8]",b976a24383a88649,0.8709677419354839,0.25806451612903225,0.3506763787721124,0.8064516129032258,3,11,0.4838709677419355,0.3333333333333333,20,2.9977567032499803,0.6451612903225806,0.3629032258064516,5,3,0.2314453125,0.84375,15.0,-0.019771071800208116,0.233730724822281,0.3166163141993958,0.3806646525679759,0.20845921450151061,0.16616314199395765,0.21752265861027187
32,raster_left_to_right,stage2_n32_legacy,LEGACY_COMPATIBLE_WITH_WARNINGS,True,"[0,1,2,3,4,5,6,7,8,9,10,11,12,13,14,15,16,17,18,19,20,21,22,23,24,25,26,27,28,29,30,31]",151a09527c51a18d,0.0,1.0,0.03225806451612903,0.03225806451612903,31,0,1.0,1.0,0,-1.000088900581841e-12,0.7741935483870968,0.7741935483870968,8,0,0.484375,0.96875,31.0,0.03225806451612903,0.0,0.049244712990936565,0.012084592145015116,0.0030211480362537513,0.3021148036253777,0.21148036253776437
32,windowed_max_dispersion,stage2_n32_legacy,LEGACY_COMPATIBLE_WITH_WARNINGS,True,"[14,18,10,22,7,25,4,28,16,1,31,12,19,3,26,6,23,9,29,15,0,30,11,20,2,27,5,24,8,21,13,17]",ce274d94f3b45e2a,0.45161290322580644,0.5483870967741935,0.5275754422476587,0.967741935483871,0,17,0.41935483870967744,0.06666666666666667,28,2.8635991844349267,0.46774193548387094,0.49193548387096775,4,4,0.1201171875,0.53125,13.0,0.003121748178980229,0.20962512548832432,0.6104229607250755,0.46827794561933533,0.9758308157099698,0.7915407854984894,0.6344410876132931
