n,strategy_name,order_json,order_compact,order_hash,dataset_source,is_ppo_candidate,candidate_source,ppo_checkpoint,ppo_generation_mode,ppo_selection_tag,predicted_surrogate_reward_lex,ppo_order_hash,duplicate_vs_combined552,duplicate_role,teacher_metrics_extracted,teacher_validation_status,stageG_metric_source_file,u2_range,peeq_max,surface_t_proxy,mises_max,final_step_name,final_frame_time,extracted_field_names,completion_status,odb_extraction_status,combined_rank_u2_range,combined_percentile_u2_range,combined_cost_norm_u2_range,ref_rank_u2_range,ref_percentile_u2_range,ref_best_u2_range,ref_median_u2_range,ppo_beats_ref_best_u2_range,ppo_better_than_ref_median_u2_range,ppo_top10pct_ref_u2_range,ppo_top25pct_ref_u2_range,ppo_rank_u2_range_within_N,ppo_best_u2_range_within_N,combined_rank_peeq_max,combined_percentile_peeq_max,combined_cost_norm_peeq_max,ref_rank_peeq_max,ref_percentile_peeq_max,ref_best_peeq_max,ref_median_peeq_max,ppo_beats_ref_best_peeq_max,ppo_better_than_ref_median_peeq_max,ppo_top10pct_ref_peeq_max,ppo_top25pct_ref_peeq_max,ppo_rank_peeq_max_within_N,ppo_best_peeq_max_within_N,combined_rank_surface_t_proxy,combined_percentile_surface_t_proxy,combined_cost_norm_surface_t_proxy,ref_rank_surface_t_proxy,ref_percentile_surface_t_proxy,ref_best_surface_t_proxy,ref_median_surface_t_proxy,ppo_beats_ref_best_surface_t_proxy,ppo_better_than_ref_median_surface_t_proxy,ppo_top10pct_ref_surface_t_proxy,ppo_top25pct_ref_surface_t_proxy,ppo_rank_surface_t_proxy_within_N,ppo_best_surface_t_proxy_within_N,combined_rank_mises_max,combined_percentile_mises_max,combined_cost_norm_mises_max,ref_rank_mises_max,ref_percentile_mises_max,ref_best_mises_max,ref_median_mises_max,ppo_beats_ref_best_mises_max,ppo_better_than_ref_median_mises_max,ppo_top10pct_ref_mises_max,ppo_top25pct_ref_mises_max,ppo_rank_mises_max_within_N,ppo_best_mises_max_within_N,lex_rank_combined,lex_percentile_combined,ppo_beats_ref_lex_best,ppo_top10pct_ref_lex,ppo_top25pct_ref_lex,ppo_best_lex_within_N,lex_diag_rank_combined,lex_diag_percentile_combined,teacher_lex_reward_rank_normalized,ref_rank_lex,ref_percentile_lex
12,N12_A01_raster_left_to_right,"[0,1,2,3,4,5,6,7,8,9,10,11]",,,stage3_native_combined552,False,,,,,,,False,,True,PASS_ODB_EXTRACTED,,0.0001314298706347,0.172713503241539,585930688.0,579938304.0,,,,,,84.0,0.9767441860465116,0.8025207579013016,,,2.20100214392005e-05,3.9525062220491236e-05,False,False,False,False,,False,85.0,0.9883720930232558,0.9253590101392124,,,0.1403219699859619,0.14851062744855875,False,False,False,False,,False,86.0,1.0,1.0,,,580752832.0,581293664.0,False,False,False,False,,False,5.0,0.05813953488372093,0.1724137931034483,,,579937984.0,579939520.0,False,False,False,False,,False,84.0,0.9767441860465116,False,False,False,False,84.0,0.9767441860465116,0.02352941176470591,,
12,N12_A02_odd_even_interlaced,"[0,2,4,6,8,10,1,3,5,7,9,11]",,,stage3_native_combined552,False,,,,,,,False,,True,PASS_ODB_EXTRACTED,,4.044348497700412e-05,0.1485100835561752,585297728.0,579939584.0,,,,,,51.0,0.5930232558139535,0.1351970162440383,,,2.20100214392005e-05,3.9525062220491236e-05,False,False,False,False,,False,41.0,0.47674418604651164,0.2339174440572511,,,0.1403219699859619,0.14851062744855875,False,False,False,False,,False,83.0,0.9651162790697675,0.8777563532087412,,,580752832.0,581293664.0,False,False,False,False,,False,55.0,0.6395348837209303,0.8620689655172413,,,579937984.0,579939520.0,False,False,False,False,,False,51.0,0.5930232558139535,False,False,False,False,51.0,0.5930232558139535,0.4117647058823529,,
12,N12_A03_greedy_maximin_distance,"[0,11,5,8,2,1,3,4,6,7,9,10]",,,stage3_native_combined552,False,,,,,,,False,,True,PASS_ODB_EXTRACTED,,8.175894481610158e-05,0.160981610417366,585035712.0,579939584.0,,,,,,77.0,0.8953488372093024,0.43821803470544024,,,2.20100214392005e-05,3.9525062220491236e-05,False,False,False,False,,False,78.0,0.9069767441860465,0.590203133287756,,,0.1403219699859619,0.14851062744855875,False,False,False,False,,False,82.0,0.9534883720930233,0.8271531691881736,,,580752832.0,581293664.0,False,False,False,False,,False,55.0,0.6395348837209303,0.8620689655172413,,,579937984.0,579939520.0,False,False,False,False,,False,77.0,0.8953488372093024,False,False,False,False,77.0,0.8953488372093024,0.10588235294117643,,
12,N12_A04_method_c_u2_first_engineering,"[0,2,4,6,8,10,5,3,1,7,9,11]",,,stage3_native_combined552,False,,,,,,,False,,True,PASS_ODB_EXTRACTED,,4.411622103361879e-05,0.1464761346578598,581743296.0,579939584.0,,,,,,58.0,0.6744186046511628,0.16213405687603247,,,2.20100214392005e-05,3.9525062220491236e-05,False,False,False,False,,False,19.0,0.22093023255813954,0.1758117371007945,,,0.1403219699859619,0.14851062744855875,False,False,False,False,,False,48.0,0.5581395348837209,0.19128844062098288,,,580752832.0,581293664.0,False,False,False,False,,False,55.0,0.6395348837209303,0.8620689655172413,,,579937984.0,579939520.0,False,False,False,False,,False,58.0,0.6744186046511628,False,False,False,False,58.0,0.6744186046511628,0.3294117647058824,,
12,N12_A05_center_out,"[5,6,4,7,3,8,2,9,1,10,0,11]",,,stage3_native_combined552,False,,,,,,,False,,True,PASS_ODB_EXTRACTED,,0.0001583552163992,0.1603216230869293,580972800.0,579938048.0,,,,,,86.0,1.0,1.0,,,2.20100214392005e-05,3.9525062220491236e-05,False,False,False,False,,False,77.0,0.8953488372093024,0.5713486623376296,,,0.1403219699859619,0.14851062744855875,False,False,False,False,,False,11.0,0.12790697674418605,0.04248244833382775,,,580752832.0,581293664.0,False,False,False,False,,False,2.0,0.023255813953488372,0.034482758620689655,,,579937984.0,579939520.0,False,False,False,False,,False,86.0,1.0,False,False,False,False,86.0,1.0,0.0,,
12,N12_A06_edge_in_alternating,"[0,11,1,10,2,9,3,8,4,7,5,6]",,,stage3_native_combined552,False,,,,,,,False,,True,PASS_ODB_EXTRACTED,,0.0001012890104448,0.175326257944107,580798976.0,579937984.0,,,,,,81.0,0.9418604651162791,0.581457887304779,,,2.20100214392005e-05,3.9525062220491236e-05,False,False,False,False,,False,86.0,1.0,1.0,,,0.1403219699859619,0.14851062744855875,False,False,False,False,,False,2.0,0.023255813953488372,0.008911796697320281,,,580752832.0,581293664.0,False,False,False,False,,False,1.0,0.011627906976744186,0.0,,,579937984.0,579939520.0,False,False,False,False,,False,81.0,0.9418604651162791,False,False,False,False,81.0,0.9418604651162791,0.05882352941176472,,
12,N12_A07_regular_jump_coprime,"[0,5,10,3,8,1,6,11,4,9,2,7]",,,stage3_native_combined552,False,,,,,,,False,,True,PASS_ODB_EXTRACTED,,6.379491514962865e-05,0.1535141170024871,581880128.0,579938432.0,,,,,,71.0,0.8255813953488372,0.30646399913606687,,,2.20100214392005e-05,3.9525062220491236e-05,False,False,False,False,,False,61.0,0.7093023255813954,0.3768723143947153,,,0.1403219699859619,0.14851062744855875,False,False,False,False,,False,53.0,0.6162790697674418,0.21771482250568575,,,580752832.0,581293664.0,False,False,False,False,,False,12.0,0.13953488372093023,0.2413793103448276,,,579937984.0,579939520.0,False,False,False,False,,False,71.0,0.8255813953488372,False,False,False,False,71.0,0.8255813953488372,0.17647058823529416,,
12,N12_A08_block_interleaved_quarters,"[0,3,6,9,1,4,7,10,2,5,8,11]",,,stage3_native_combined552,False,,,,,,,False,,True,PASS_ODB_EXTRACTED,,3.682645638036775e-05,0.1432445049285888,582462656.0,579939584.0,,,,,,37.0,0.43023255813953487,0.10866855223987944,,,2.20100214392005e-05,3.9525062220491236e-05,False,False,False,False,,False,5.0,0.05813953488372093,0.08349076964860483,,,0.1403219699859619,0.14851062744855875,False,False,False,False,,False,58.0,0.6744186046511628,0.33021853060417283,,,580752832.0,581293664.0,False,False,False,False,,False,55.0,0.6395348837209303,0.8620689655172413,,,579937984.0,579939520.0,False,False,False,False,,False,37.0,0.43023255813953487,False,False,False,False,37.0,0.43023255813953487,0.5764705882352941,,
12,N12_A09_center_edge_alternating,"[5,0,6,11,4,1,7,10,3,2,8,9]",,,stage3_native_combined552,False,,,,,,,False,,True,PASS_ODB_EXTRACTED,,0.0001080845922842,0.1680927276611328,580752832.0,579938304.0,,,,,,82.0,0.9534883720930233,0.6312988944733386,,,2.20100214392005e-05,3.9525062220491236e-05,False,False,False,False,,False,83.0,0.9651162790697675,0.7933530231603805,,,0.1403219699859619,0.14851062744855875,False,False,False,False,,False,1.0,0.011627906976744186,0.0,,,580752832.0,581293664.0,False,False,False,False,,False,5.0,0.05813953488372093,0.1724137931034483,,,579937984.0,579939520.0,False,False,False,False,,False,82.0,0.9534883720930233,False,False,False,False,82.0,0.9534883720930233,0.04705882352941182,,
12,N12_A10_graph_pointer_policy_zero_shot_or_proxy_best,"[0,11,2,5,4,8,6,1,10,3,7,9]",,,stage3_native_combined552,False,,,,,,,False,,True,PASS_ODB_EXTRACTED,,5.570924804487731e-05,0.1565174758434295,583114560.0,579938304.0,,,,,,68.0,0.7906976744186046,0.24716108708901244,,,2.20100214392005e-05,3.9525062220491236e-05,False,False,False,False,,False,73.0,0.8488372093023255,0.46267205540168993,,,0.1403219699859619,0.14851062744855875,False,False,False,False,,False,76.0,0.8837209302325582,0.45612083456936614,,,580752832.0,581293664.0,False,False,False,False,,False,5.0,0.05813953488372093,0.1724137931034483,,,579937984.0,579939520.0,False,False,False,False,,False,68.0,0.7906976744186046,False,False,False,False,68.0,0.7906976744186046,0.21176470588235297,,
12,N12_A11_graph_pointer_policy_diverse_01,"[0,5,11,10,1,3,8,2,9,6,4,7]",,,stage3_native_combined552,False,,,,,,,False,,True,PASS_ODB_EXTRACTED,,7.328880428758566e-05,0.1638757288455963,582071168.0,579939392.0,,,,,,73.0,0.8488372093023255,0.37609526953574834,,,2.20100214392005e-05,3.9525062220491236e-05,False,False,False,False,,False,82.0,0.9534883720930233,0.6728821019812724,,,0.1403219699859619,0.14851062744855875,False,False,False,False,,False,56.0,0.6511627906976745,0.2546104024522891,,,580752832.0,581293664.0,False,False,False,False,,False,24.0,0.27906976744186046,0.7586206896551724,,,579937984.0,579939520.0,False,False,False,False,,False,73.0,0.8488372093023255,False,False,False,False,73.0,0.8488372093023255,0.15294117647058825,,
12,N12_A12_graph_pointer_policy_diverse_02,"[4,7,3,8,2,9,1,10,0,11,5,6]",,,stage3_native_combined552,False,,,,,,,False,,True,PASS_ODB_EXTRACTED,,0.0001395468352711,0.1633458584547042,581337984.0,579938048.0,,,,,,85.0,0.9883720930232558,0.8620532162235865,,,2.20100214392005e-05,3.9525062220491236e-05,False,False,False,False,,False,80.0,0.9302325581395349,0.6577448024731184,,,0.1403219699859619,0.14851062744855875,False,False,False,False,,False,41.0,0.47674418604651164,0.11301048155839019,,,580752832.0,581293664.0,False,False,False,False,,False,2.0,0.023255813953488372,0.034482758620689655,,,579937984.0,579939520.0,False,False,False,False,,False,85.0,0.9883720930232558,False,False,False,False,85.0,0.9883720930232558,0.0117647058823529,,
12,N12_A13_graph_pointer_policy_anti_odd_even_novelty,"[1,10,3,8,5,6,7,4,9,2,11,0]",,,stage3_native_combined552,False,,,,,,,False,,True,PASS_ODB_EXTRACTED,,7.77201084929402e-05,0.1403219699859619,581967424.0,579939328.0,,,,,,74.0,0.8604651162790697,0.40859589566089033,,,2.20100214392005e-05,3.9525062220491236e-05,False,False,False,False,,False,1.0,0.011627906976744186,0.0,,,0.1403219699859619,0.14851062744855875,False,False,False,False,,False,55.0,0.6395348837209303,0.2345743102936814,,,580752832.0,581293664.0,False,False,False,False,,False,22.0,0.2558139534883721,0.7241379310344828,,,579937984.0,579939520.0,False,False,False,False,,False,74.0,0.8604651162790697,False,False,False,False,74.0,0.8604651162790697,0.14117647058823535,,
12,N12_A14_graph_pointer_policy_u2first_proxy,"[0,5,2,6,4,7,8,3,10,1,9,11]",,,stage3_native_combined552,False,,,,,,,False,,True,PASS_ODB_EXTRACTED,,0.0001010998803394,0.1588887572288513,581829312.0,579938368.0,,,,,,80.0,0.9302325581395349,0.5800707456056858,,,2.20100214392005e-05,3.9525062220491236e-05,False,False,False,False,,False,75.0,0.872093023255814,0.5304146527731074,,,0.1403219699859619,0.14851062744855875,False,False,False,False,,False,50.0,0.5813953488372093,0.20790072184317215,,,580752832.0,581293664.0,False,False,False,False,,False,10.0,0.11627906976744186,0.20689655172413793,,,579937984.0,579939520.0,False,False,False,False,,False,80.0,0.9302325581395349,False,False,False,False,80.0,0.9302325581395349,0.07058823529411762,,
12,N12_A15_graph_pointer_policy_balanced_dispersion_proxy,"[0,5,11,6,4,8,7,2,3,1,9,10]",,,stage3_native_combined552,False,,,,,,,False,,True,PASS_ODB_EXTRACTED,,9.216308080794988e-05,0.1593673974275589,581069312.0,579938240.0,,,,,,79.0,0.9186046511627907,0.5145253515485504,,,2.20100214392005e-05,3.9525062220491236e-05,False,False,False,False,,False,76.0,0.8837209302325582,0.5440884118074268,,,0.1403219699859619,0.14851062744855875,False,False,False,False,,False,26.0,0.3023255813953488,0.06112182339562939,,,580752832.0,581293664.0,False,False,False,False,,False,4.0,0.046511627906976744,0.13793103448275862,,,579937984.0,579939520.0,False,False,False,False,,False,79.0,0.9186046511627907,False,False,False,False,79.0,0.9186046511627907,0.08235294117647063,,
16,N16_A01_raster_left_to_right,"[0,1,2,3,4,5,6,7,8,9,10,11,12,13,14,15]",,,stage3_native_combined552,False,,,,,,,False,,True,PASS_ODB_EXTRACTED,,0.0002434928235288,0.1752076148986816,587841664.0,579948288.0,,,,,,84.0,0.9767441860465116,0.8575348565650852,,,2.926077831943985e-05,4.9522939889357076e-05,False,False,False,False,,False,85.0,0.9883720930232558,0.8660872204831617,,,0.1457871496677398,0.15198192000389094,False,False,False,False,,False,86.0,1.0,1.0,,,580887040.0,581493984.0,False,False,False,False,,False,40.0,0.46511627906976744,0.8,,,579946752.0,579948288.0,False,False,False,False,,False,84.0,0.9767441860465116,False,False,False,False,84.0,0.9767441860465116,0.02352941176470591,,
16,N16_A02_odd_even_interlaced,"[0,2,4,6,8,10,12,14,1,3,5,7,9,11,13,15]",,,stage3_native_combined552,False,,,,,,,False,,True,PASS_ODB_EXTRACTED,,4.9715717977960594e-05,0.1537079364061355,585719808.0,579947520.0,,,,,,50.0,0.5813953488372093,0.08187768421374651,,,2.926077831943985e-05,4.9522939889357076e-05,False,False,False,False,,False,59.0,0.686046511627907,0.23317415671191305,,,0.1457871496677398,0.15198192000389094,False,False,False,False,,False,84.0,0.9767441860465116,0.6948999687114645,,,580887040.0,581493984.0,False,False,False,False,,False,13.0,0.1511627906976744,0.4,,,579946752.0,579948288.0,False,False,False,False,,False,50.0,0.5813953488372093,False,False,False,False,50.0,0.5813953488372093,0.42352941176470593,,
16,N16_A03_greedy_maximin_distance,"[0,15,7,11,3,5,9,13,1,2,4,6,8,10,12,14]",,,stage3_native_combined552,False,,,,,,,False,,True,PASS_ODB_EXTRACTED,,4.607185064742225e-05,0.1532730907201767,582927360.0,579948160.0,,,,,,37.0,0.43023255813953487,0.06729189595979172,,,2.926077831943985e-05,4.9522939889357076e-05,False,False,False,False,,False,55.0,0.6395348837209303,0.22037305759485804,,,0.1457871496677398,0.15198192000389094,False,False,False,False,,False,69.0,0.8023255813953488,0.29337603298179743,,,580887040.0,581493984.0,False,False,False,False,,False,33.0,0.38372093023255816,0.7333333333333333,,,579946752.0,579948288.0,False,False,False,False,,False,37.0,0.43023255813953487,False,False,False,False,37.0,0.43023255813953487,0.5764705882352941,,
16,N16_A04_method_c_u2_first_engineering,"[0,2,4,6,8,10,12,14,7,5,3,1,9,11,13,15]",,,stage3_native_combined552,False,,,,,,,False,,True,PASS_ODB_EXTRACTED,,5.043179316999158e-05,0.1518275737762451,581727104.0,579948352.0,,,,,,53.0,0.6162790697674418,0.08474401280846264,,,2.926077831943985e-05,4.9522939889357076e-05,False,False,False,False,,False,37.0,0.43023255813953487,0.17781955810721708,,,0.1457871496677398,0.15198192000389094,False,False,False,False,,False,49.0,0.5697674418604651,0.12079215209909264,,,580887040.0,581493984.0,False,False,False,False,,False,53.0,0.6162790697674418,0.8333333333333334,,,579946752.0,579948288.0,False,False,False,False,,False,53.0,0.6162790697674418,False,False,False,False,53.0,0.6162790697674418,0.388235294117647,,
16,N16_A05_center_out,"[7,8,6,9,5,10,4,11,3,12,2,13,1,14,0,15]",,,stage3_native_combined552,False,,,,,,,False,,True,PASS_ODB_EXTRACTED,,0.0002790839121189,0.1664191931486129,582182080.0,579946816.0,,,,,,86.0,1.0,1.0,,,2.926077831943985e-05,4.9522939889357076e-05,False,False,False,False,,False,79.0,0.9186046511627907,0.6073714011987797,,,0.1457871496677398,0.15198192000389094,False,False,False,False,,False,59.0,0.686046511627907,0.1862127988515267,,,580887040.0,581493984.0,False,False,False,False,,False,2.0,0.023255813953488372,0.03333333333333333,,,579946752.0,579948288.0,False,False,False,False,,False,86.0,1.0,False,False,False,False,86.0,1.0,0.0,,
16,N16_A06_edge_in_alternating,"[0,15,1,14,2,13,3,12,4,11,5,10,6,9,7,8]",,,stage3_native_combined552,False,,,,,,,False,,True,PASS_ODB_EXTRACTED,,0.0002053208902452,0.1797565519809723,581764096.0,579947776.0,,,,,,81.0,0.9418604651162791,0.7047390257584728,,,2.926077831943985e-05,4.9522939889357076e-05,False,False,False,False,,False,86.0,1.0,1.0,,,0.1457871496677398,0.15198192000389094,False,False,False,False,,False,50.0,0.5813953488372093,0.12611120313621557,,,580887040.0,581493984.0,False,False,False,False,,False,26.0,0.3023255813953488,0.5333333333333333,,,579946752.0,579948288.0,False,False,False,False,,False,81.0,0.9418604651162791,False,False,False,False,81.0,0.9418604651162791,0.05882352941176472,,
16,N16_A07_regular_jump_coprime,"[0,5,10,15,4,9,14,3,8,13,2,7,12,1,6,11]",,,stage3_native_combined552,False,,,,,,,False,,True,PASS_ODB_EXTRACTED,,0.0002763091160886,0.1653308719396591,581433216.0,579946752.0,,,,,,85.0,0.9883720930232558,0.9888929580375555,,,2.926077831943985e-05,4.9522939889357076e-05,False,False,False,False,,False,78.0,0.9069767441860465,0.5753331216047388,,,0.1457871496677398,0.15198192000389094,False,False,False,False,,False,32.0,0.37209302325581395,0.0785342241363444,,,580887040.0,581493984.0,False,False,False,False,,False,1.0,0.011627906976744186,0.0,,,579946752.0,579948288.0,False,False,False,False,,False,85.0,0.9883720930232558,False,False,False,False,85.0,0.9883720930232558,0.0117647058823529,,
16,N16_A08_block_interleaved_quarters,"[0,4,8,12,1,5,9,13,2,6,10,14,3,7,11,15]",,,stage3_native_combined552,False,,,,,,,False,,True,PASS_ODB_EXTRACTED,,0.0001606882035503,0.1505546271800995,582573376.0,579948160.0,,,,,,76.0,0.8837209302325582,0.5260818853403725,,,2.926077831943985e-05,4.9522939889357076e-05,False,False,False,False,,False,29.0,0.3372093023255814,0.14034622889147938,,,0.1457871496677398,0.15198192000389094,False,False,False,False,,False,65.0,0.7558139534883721,0.24247694771133566,,,580887040.0,581493984.0,False,False,False,False,,False,33.0,0.38372093023255816,0.7333333333333333,,,579946752.0,579948288.0,False,False,False,False,,False,76.0,0.8837209302325582,False,False,False,False,76.0,0.8837209302325582,0.11764705882352944,,
16,N16_A09_center_edge_alternating,"[7,0,8,15,6,1,9,14,5,2,10,13,4,3,11,12]",,,stage3_native_combined552,False,,,,,,,False,,True,PASS_ODB_EXTRACTED,,0.0002147317868548,0.1743032783269882,580899648.0,579946944.0,,,,,,82.0,0.9534883720930233,0.7424092625635014,,,2.926077831943985e-05,4.9522939889357076e-05,False,False,False,False,,False,83.0,0.9651162790697675,0.8394651279495776,,,0.1457871496677398,0.15198192000389094,False,False,False,False,,False,3.0,0.03488372093023256,0.001812894557635323,,,580887040.0,581493984.0,False,False,False,False,,False,4.0,0.046511627906976744,0.1,,,579946752.0,579948288.0,False,False,False,False,,False,82.0,0.9534883720930233,False,False,False,False,82.0,0.9534883720930233,0.04705882352941182,,
16,N16_A10_graph_pointer_policy_zero_shot_or_proxy_best,"[0,15,2,7,4,11,6,3,8,5,10,9,12,13,14,1]",,,stage3_native_combined552,False,,,,,,,False,,True,PASS_ODB_EXTRACTED,,0.0001204781697197,0.1701684147119522,581290304.0,579948096.0,,,,,,74.0,0.8604651162790697,0.3651278807249405,,,2.926077831943985e-05,4.9522939889357076e-05,False,False,False,False,,False,81.0,0.9418604651162791,0.71774194963433,,,0.1457871496677398,0.15198192000389094,False,False,False,False,,False,27.0,0.313953488372093,0.05798501831299579,,,580887040.0,581493984.0,False,False,False,False,,False,31.0,0.36046511627906974,0.7,,,579946752.0,579948288.0,False,False,False,False,,False,74.0,0.8604651162790697,False,False,False,False,74.0,0.8604651162790697,0.14117647058823535,,
16,N16_A11_graph_pointer_policy_diverse_01,"[0,5,15,10,1,14,4,2,9,13,3,12,8,11,7,6]",,,stage3_native_combined552,False,,,,,,,False,,True,PASS_ODB_EXTRACTED,,0.0001829955551784,0.1743417531251907,582880128.0,579946944.0,,,,,,80.0,0.9302325581395349,0.6153744632087085,,,2.926077831943985e-05,4.9522939889357076e-05,False,False,False,False,,False,84.0,0.9767441860465116,0.8405977589522587,,,0.1457871496677398,0.15198192000389094,False,False,False,False,,False,67.0,0.7790697674418605,0.2865845802734986,,,580887040.0,581493984.0,False,False,False,False,,False,4.0,0.046511627906976744,0.1,,,579946752.0,579948288.0,False,False,False,False,,False,80.0,0.9302325581395349,False,False,False,False,80.0,0.9302325581395349,0.07058823529411762,,
16,N16_A12_graph_pointer_policy_diverse_02,"[9,5,10,4,11,3,12,2,13,1,14,0,15,7,8,6]",,,stage3_native_combined552,False,,,,,,,False,,True,PASS_ODB_EXTRACTED,,0.0002397338296304,0.1613717526197433,581517248.0,579946816.0,,,,,,83.0,0.9651162790697675,0.842488236017056,,,2.926077831943985e-05,4.9522939889357076e-05,False,False,False,False,,False,73.0,0.8488372093023255,0.45878354903914914,,,0.1457871496677398,0.15198192000389094,False,False,False,False,,False,41.0,0.47674418604651164,0.0906171203504316,,,580887040.0,581493984.0,False,False,False,False,,False,2.0,0.023255813953488372,0.03333333333333333,,,579946752.0,579948288.0,False,False,False,False,,False,83.0,0.9651162790697675,False,False,False,False,83.0,0.9651162790697675,0.03529411764705881,,
16,N16_A13_graph_pointer_policy_anti_odd_even_novelty,"[1,14,3,12,5,10,7,8,9,6,11,4,13,2,15,0]",,,stage3_native_combined552,False,,,,,,,False,,True,PASS_ODB_EXTRACTED,,0.0001174903159153,0.1519810110330581,581337280.0,579948288.0,,,,,,73.0,0.8488372093023255,0.35316800431574286,,,2.926077831943985e-05,4.9522939889357076e-05,False,False,False,False,,False,39.0,0.45348837209302323,0.1823364835272811,,,0.1457871496677398,0.15198192000389094,False,False,False,False,,False,30.0,0.3488372093023256,0.06473966097951521,,,580887040.0,581493984.0,False,False,False,False,,False,40.0,0.46511627906976744,0.8,,,579946752.0,579948288.0,False,False,False,False,,False,73.0,0.8488372093023255,False,False,False,False,73.0,0.8488372093023255,0.15294117647058825,,
16,N16_A14_graph_pointer_policy_u2first_proxy,"[0,7,2,8,4,6,9,5,10,12,14,11,1,3,13,15]",,,stage3_native_combined552,False,,,,,,,False,,True,PASS_ODB_EXTRACTED,,0.00015728273911,0.1641508787870407,582433856.0,579947264.0,,,,,,75.0,0.872093023255814,0.5124503837716121,,,2.926077831943985e-05,4.9522939889357076e-05,False,False,False,False,,False,76.0,0.8837209302325582,0.5405961797610866,,,0.1457871496677398,0.15198192000389094,False,False,False,False,,False,64.0,0.7441860465116279,0.22241547494156405,,,580887040.0,581493984.0,False,False,False,False,,False,9.0,0.10465116279069768,0.26666666666666666,,,579946752.0,579948288.0,False,False,False,False,,False,75.0,0.872093023255814,False,False,False,False,75.0,0.872093023255814,0.12941176470588234,,
16,N16_A15_graph_pointer_policy_balanced_dispersion_proxy,"[0,7,15,8,6,11,9,3,5,10,4,13,1,2,12,14]",,,stage3_native_combined552,False,,,,,,,False,,True,PASS_ODB_EXTRACTED,,0.0001736121434987,0.1645837575197219,582198912.0,579947904.0,,,,,,78.0,0.9069767441860465,0.5778142439568263,,,2.926077831943985e-05,4.9522939889357076e-05,False,False,False,False,,False,77.0,0.8953488372093024,0.5533393752017838,,,0.1457871496677398,0.15198192000389094,False,False,False,False,,False,61.0,0.7093023255813954,0.18863305909852207,,,580887040.0,581493984.0,False,False,False,False,,False,27.0,0.313953488372093,0.6,,,579946752.0,579948288.0,False,False,False,False,,False,78.0,0.9069767441860465,False,False,False,False,78.0,0.9069767441860465,0.09411764705882353,,
24,N24_A01_raster_left_to_right,"[0,1,2,3,4,5,6,7,8,9,10,11,12,13,14,15,16,17,18,19,20,21,22,23]",,,stage3_native_combined552,False,,,,,,,False,,True,PASS_ODB_EXTRACTED,,0.0005523721708868,0.1892502903938293,587159872.0,579944256.0,,,,,,192.0,0.9696969696969697,0.8756825949824466,,,2.9523077955673216e-05,8.096076885522052e-05,False,False,False,False,,False,196.0,0.98989898989899,0.9999944167910172,,,0.1492166519165039,0.15729529410600662,False,False,False,False,,False,188.0,0.9494949494949495,0.5631061279499899,,,580875968.0,582566592.0,False,False,False,False,,False,104.0,0.5252525252525253,0.696969696969697,,,579942784.0,579944128.0,False,False,False,False,,False,192.0,0.9696969696969697,False,False,False,False,192.0,0.9696969696969697,0.030456852791878153,,
24,N24_A02_odd_even_interlaced,"[0,2,4,6,8,10,12,14,16,18,20,22,1,3,5,7,9,11,13,15,17,19,21,23]",,,stage3_native_combined552,False,,,,,,,False,,True,PASS_ODB_EXTRACTED,,8.360300034837564e-05,0.1549861133098602,586226112.0,579943936.0,,,,,,102.0,0.5151515151515151,0.09057459870840619,,,2.9523077955673216e-05,8.096076885522052e-05,False,False,False,False,,False,62.0,0.31313131313131315,0.1441145346935018,,,0.1492166519165039,0.15729529410600662,False,False,False,False,,False,183.0,0.9242424242424242,0.47943107848478766,,,580875968.0,582566592.0,False,False,False,False,,False,85.0,0.4292929292929293,0.5454545454545454,,,579942784.0,579944128.0,False,False,False,False,,False,102.0,0.5151515151515151,False,False,False,False,102.0,0.5151515151515151,0.4873096446700508,,
24,N24_A03_greedy_maximin_distance,"[0,23,11,17,5,8,14,20,2,1,3,4,6,7,9,10,12,13,15,16,18,19,21,22]",,,stage3_native_combined552,False,,,,,,,False,,True,PASS_ODB_EXTRACTED,,0.0002935029126547,0.1646057963371276,584637632.0,579944576.0,,,,,,174.0,0.8787878787878788,0.442120967211339,,,2.9523077955673216e-05,8.096076885522052e-05,False,False,False,False,,False,173.0,0.8737373737373737,0.38440319404219336,,,0.1492166519165039,0.15729529410600662,False,False,False,False,,False,161.0,0.8131313131313131,0.3370859977633126,,,580875968.0,582566592.0,False,False,False,False,,False,163.0,0.8232323232323232,0.8484848484848485,,,579942784.0,579944128.0,False,False,False,False,,False,174.0,0.8787878787878788,False,False,False,False,174.0,0.8787878787878788,0.12182741116751272,,
24,N24_A04_method_c_u2_first_engineering,"[0,2,4,6,8,10,12,14,16,18,20,22,11,9,7,5,3,1,13,15,17,19,21,23]",,,stage3_native_combined552,False,,,,,,,False,,True,PASS_ODB_EXTRACTED,,5.621172385872342e-05,0.1543776392936706,581727232.0,579944640.0,,,,,,51.0,0.25757575757575757,0.04469890646636198,,,2.9523077955673216e-05,8.096076885522052e-05,False,False,False,False,,False,56.0,0.2828282828282828,0.12891555098642155,,,0.1492166519165039,0.15729529410600662,False,False,False,False,,False,29.0,0.14646464646464646,0.07628251082499354,,,580875968.0,582566592.0,False,False,False,False,,False,172.0,0.8686868686868687,0.8787878787878788,,,579942784.0,579944128.0,False,False,False,False,,False,51.0,0.25757575757575757,False,False,False,False,51.0,0.25757575757575757,0.7461928934010152,,
24,N24_A05_center_out,"[11,12,10,13,9,14,8,15,7,16,6,17,5,18,4,19,3,20,2,21,1,22,0,23]",,,stage3_native_combined552,False,,,,,,,False,,True,PASS_ODB_EXTRACTED,,0.0006265991143266,0.172961801290512,588072192.0,579944128.0,,,,,,198.0,1.0,1.0,,,2.9523077955673216e-05,8.096076885522052e-05,False,False,False,False,,False,185.0,0.9343434343434344,0.5931266230853768,,,0.1492166519165039,0.15729529410600662,False,False,False,False,,False,193.0,0.9747474747474747,0.6448599202821668,,,580875968.0,582566592.0,False,False,False,False,,False,95.0,0.4797979797979798,0.6363636363636364,,,579942784.0,579944128.0,False,False,False,False,,False,198.0,1.0,False,False,False,False,198.0,1.0,0.0,,
24,N24_A06_edge_in_alternating,"[0,23,1,22,2,21,3,20,4,19,5,18,6,17,7,16,8,15,9,14,10,13,11,12]",,,stage3_native_combined552,False,,,,,,,False,,True,PASS_ODB_EXTRACTED,,0.0005255469384337,0.1848475784063339,590591168.0,579942784.0,,,,,,186.0,0.9393939393939394,0.8307549294607388,,,2.9523077955673216e-05,8.096076885522052e-05,False,False,False,False,,False,195.0,0.9848484848484849,0.8900197161719887,,,0.1492166519165039,0.15729529410600662,False,False,False,False,,False,197.0,0.9949494949494949,0.8705875605769506,,,580875968.0,582566592.0,False,False,False,False,,False,1.0,0.005050505050505051,0.0,,,579942784.0,579944128.0,False,False,False,False,,False,186.0,0.9393939393939394,False,False,False,False,186.0,0.9393939393939394,0.060913705583756306,,
24,N24_A07_regular_jump_coprime,"[0,11,22,9,20,7,18,5,16,3,14,1,12,23,10,21,8,19,6,17,4,15,2,13]",,,stage3_native_combined552,False,,,,,,,False,,True,PASS_ODB_EXTRACTED,,0.0002371341688558,0.1627264767885208,583243392.0,579943104.0,,,,,,165.0,0.8333333333333334,0.3477129850362153,,,2.9523077955673216e-05,8.096076885522052e-05,False,False,False,False,,False,164.0,0.8282828282828283,0.3374599451282226,,,0.1492166519165039,0.15729529410600662,False,False,False,False,,False,131.0,0.6616161616161617,0.21214693315745706,,,580875968.0,582566592.0,False,False,False,False,,False,5.0,0.025252525252525252,0.15151515151515152,,,579942784.0,579944128.0,False,False,False,False,,False,165.0,0.8333333333333334,False,False,False,False,165.0,0.8333333333333334,0.1675126903553299,,
24,N24_A08_block_interleaved_quarters,"[0,6,12,18,1,7,13,19,2,8,14,20,3,9,15,21,4,10,16,22,5,11,17,23]",,,stage3_native_combined552,False,,,,,,,False,,True,PASS_ODB_EXTRACTED,,0.000624739785735,0.1546273678541183,584995648.0,579943744.0,,,,,,196.0,0.98989898989899,0.9968859433667759,,,2.9523077955673216e-05,8.096076885522052e-05,False,False,False,False,,False,57.0,0.2878787878787879,0.13515348427600735,,,0.1492166519165039,0.15729529410600662,False,False,False,False,,False,167.0,0.8434343434343434,0.3691681243368795,,,580875968.0,582566592.0,False,False,False,False,,False,76.0,0.3838383838383838,0.45454545454545453,,,579942784.0,579944128.0,False,False,False,False,,False,196.0,0.98989898989899,False,False,False,False,196.0,0.98989898989899,0.010152284263959421,,
24,N24_A09_center_edge_alternating,"[11,0,12,23,10,1,13,22,9,2,14,21,8,3,15,20,7,4,16,19,6,5,17,18]",,,stage3_native_combined552,False,,,,,,,False,,True,PASS_ODB_EXTRACTED,,0.0005546370016418,0.1753909140825271,581775744.0,579943744.0,,,,,,194.0,0.9797979797979798,0.8794757982212933,,,2.9523077955673216e-05,8.096076885522052e-05,False,False,False,False,,False,188.0,0.9494949494949495,0.6538030772414625,,,0.1492166519165039,0.15729529410600662,False,False,False,False,,False,32.0,0.16161616161616163,0.08062971353195882,,,580875968.0,582566592.0,False,False,False,False,,False,76.0,0.3838383838383838,0.45454545454545453,,,579942784.0,579944128.0,False,False,False,False,,False,194.0,0.9797979797979798,False,False,False,False,194.0,0.9797979797979798,0.02030456852791873,,
24,N24_A10_graph_pointer_policy_zero_shot_or_proxy_best,"[0,23,2,11,4,17,6,5,8,10,14,12,20,16,1,18,3,22,7,9,13,15,19,21]",,,stage3_native_combined552,False,,,,,,,False,,True,PASS_ODB_EXTRACTED,,0.0001888593301373,0.1541593670845031,583863616.0,579943360.0,,,,,,148.0,0.7474747474747475,0.2668609062759989,,,2.9523077955673216e-05,8.096076885522052e-05,False,False,False,False,,False,47.0,0.23737373737373738,0.12346336130768985,,,0.1492166519165039,0.15729529410600662,False,False,False,False,,False,151.0,0.7626262626262627,0.2677257477131305,,,580875968.0,582566592.0,False,False,False,False,,False,12.0,0.06060606060606061,0.2727272727272727,,,579942784.0,579944128.0,False,False,False,False,,False,148.0,0.7474747474747475,False,False,False,False,148.0,0.7474747474747475,0.25380710659898476,,
24,N24_A11_graph_pointer_policy_diverse_01,"[0,11,23,22,1,9,20,2,7,21,18,3,5,16,4,19,14,12,6,17,10,8,15,13]",,,stage3_native_combined552,False,,,,,,,False,,True,PASS_ODB_EXTRACTED,,0.0002307547981672,0.163732573390007,589194880.0,579943936.0,,,,,,161.0,0.8131313131313131,0.3370286327929494,,,2.9523077955673216e-05,8.096076885522052e-05,False,False,False,False,,False,169.0,0.8535353535353535,0.36259108540188106,,,0.1492166519165039,0.15729529410600662,False,False,False,False,,False,196.0,0.98989898989899,0.7454649729016718,,,580875968.0,582566592.0,False,False,False,False,,False,85.0,0.4292929292929293,0.5454545454545454,,,579942784.0,579944128.0,False,False,False,False,,False,161.0,0.8131313131313131,False,False,False,False,161.0,0.8131313131313131,0.18781725888324874,,
24,N24_A12_graph_pointer_policy_diverse_02,"[9,14,8,15,7,16,6,17,5,18,4,19,3,20,2,21,1,22,0,23,11,12,10,13]",,,stage3_native_combined552,False,,,,,,,False,,True,PASS_ODB_EXTRACTED,,0.0005429062013035,0.1641553044319152,583079232.0,579943936.0,,,,,,188.0,0.9494949494949495,0.8598287187477966,,,2.9523077955673216e-05,8.096076885522052e-05,False,False,False,False,,False,171.0,0.8636363636363636,0.37315042244420077,,,0.1492166519165039,0.15729529410600662,False,False,False,False,,False,120.0,0.6060606060606061,0.19743641212399277,,,580875968.0,582566592.0,False,False,False,False,,False,85.0,0.4292929292929293,0.5454545454545454,,,579942784.0,579944128.0,False,False,False,False,,False,188.0,0.9494949494949495,False,False,False,False,188.0,0.9494949494949495,0.050761421319796995,,
24,N24_A13_graph_pointer_policy_anti_odd_even_novelty,"[1,22,3,20,5,18,7,16,9,14,11,12,13,10,15,8,17,6,19,4,21,2,23,0]",,,stage3_native_combined552,False,,,,,,,False,,True,PASS_ODB_EXTRACTED,,0.0002316626496394,0.1621642112731933,581204672.0,579944256.0,,,,,,163.0,0.8232323232323232,0.33854912836955636,,,2.9523077955673216e-05,8.096076885522052e-05,False,False,False,False,,False,156.0,0.7878787878787878,0.32341519682486536,,,0.1492166519165039,0.15729529410600662,False,False,False,False,,False,10.0,0.050505050505050504,0.029455452642445444,,,580875968.0,582566592.0,False,False,False,False,,False,104.0,0.5252525252525253,0.696969696969697,,,579942784.0,579944128.0,False,False,False,False,,False,163.0,0.8232323232323232,False,False,False,False,163.0,0.8232323232323232,0.17766497461928932,,
24,N24_A14_graph_pointer_policy_u2first_proxy,"[0,11,2,12,4,10,6,13,8,9,14,15,16,7,18,20,22,17,1,5,3,19,21,23]",,,stage3_native_combined552,False,,,,,,,False,,True,PASS_ODB_EXTRACTED,,0.0003735758580205,0.1622905135154724,583235840.0,579944640.0,,,,,,177.0,0.8939393939393939,0.5762294232339411,,,2.9523077955673216e-05,8.096076885522052e-05,False,False,False,False,,False,157.0,0.7929292929292929,0.32657008211411603,,,0.1492166519165039,0.15729529410600662,False,False,False,False,,False,130.0,0.6565656565656566,0.21147019183895852,,,580875968.0,582566592.0,False,False,False,False,,False,172.0,0.8686868686868687,0.8787878787878788,,,579942784.0,579944128.0,False,False,False,False,,False,177.0,0.8939393939393939,False,False,False,False,177.0,0.8939393939393939,0.10659898477157359,,
24,N24_A15_graph_pointer_policy_balanced_dispersion_proxy,"[0,11,23,12,10,17,13,5,9,8,14,20,15,2,7,1,16,3,6,4,18,19,21,22]",,,stage3_native_combined552,False,,,,,,,False,,True,PASS_ODB_EXTRACTED,,0.0004410466524404,0.1661432981491089,583990144.0,579944128.0,,,,,,182.0,0.9191919191919192,0.689231436897046,,,2.9523077955673216e-05,8.096076885522052e-05,False,False,False,False,,False,178.0,0.898989898989899,0.4228082275656433,,,0.1492166519165039,0.15729529410600662,False,False,False,False,,False,153.0,0.7727272727272727,0.27906403234594096,,,580875968.0,582566592.0,False,False,False,False,,False,95.0,0.4797979797979798,0.6363636363636364,,,579942784.0,579944128.0,False,False,False,False,,False,182.0,0.9191919191919192,False,False,False,False,182.0,0.9191919191919192,0.08121827411167515,,
40,N40_A01_raster_left_to_right,"[0,1,2,3,4,5,6,7,8,9,10,11,12,13,14,15,16,17,18,19,20,21,22,23,24,25,26,27,28,29,30,31,32,33,34,35,36,37,38,39]",,,stage3_native_combined552,False,,,,,,,False,,True,PASS_ODB_EXTRACTED,,0.0015270577277988,0.200013056397438,585953088.0,579928512.0,,,,,,202.0,0.9439252336448598,0.729372842779478,,,4.5779268475598656e-05,0.0001498124456702,False,False,False,False,,False,212.0,0.9906542056074766,0.9901657307723526,,,0.1440253555774688,0.1574980020523071,False,False,False,False,,False,174.0,0.8130841121495327,0.2775585198250836,,,581119040.0,583269440.0,False,False,False,False,,False,207.0,0.9672897196261683,0.7865168539325843,,,579924032.0,579927040.0,False,False,False,False,,False,202.0,0.9439252336448598,False,False,False,False,202.0,0.9439252336448598,0.05633802816901412,,
40,N40_A02_odd_even_interlaced,"[0,2,4,6,8,10,12,14,16,18,20,22,24,26,28,30,32,34,36,38,1,3,5,7,9,11,13,15,17,19,21,23,25,27,29,31,33,35,37,39]",,,stage3_native_combined552,False,,,,,,,False,,True,PASS_ODB_EXTRACTED,,0.0001595688736415,0.1578081995248794,587307392.0,579927744.0,,,,,,111.0,0.5186915887850467,0.05602933552178192,,,4.5779268475598656e-05,0.0001498124456702,False,False,False,False,,False,113.0,0.5280373831775701,0.24375531678274465,,,0.1440253555774688,0.1574980020523071,False,False,False,False,,False,185.0,0.8644859813084113,0.3553191489361702,,,581119040.0,583269440.0,False,False,False,False,,False,193.0,0.9018691588785047,0.651685393258427,,,579924032.0,579927040.0,False,False,False,False,,False,111.0,0.5186915887850467,False,False,False,False,111.0,0.5186915887850467,0.4835680751173709,,
40,N40_A03_greedy_maximin_distance,"[0,39,19,29,9,14,24,34,4,2,6,11,16,21,26,31,36,1,3,5,7,8,10,12,13,15,17,18,20,22,23,25,27,28,30,32,33,35,37,38]",,,stage3_native_combined552,False,,,,,,,False,,True,PASS_ODB_EXTRACTED,,0.0006838651936504,0.1606565862894058,585288896.0,579926656.0,,,,,,167.0,0.780373831775701,0.31418977455120856,,,4.5779268475598656e-05,0.0001498124456702,False,False,False,False,,False,143.0,0.6682242990654206,0.29413021914368653,,,0.1440253555774688,0.1574980020523071,False,False,False,False,,False,165.0,0.7710280373831776,0.2394223349134605,,,581119040.0,583269440.0,False,False,False,False,,False,100.0,0.4672897196261682,0.4606741573033708,,,579924032.0,579927040.0,False,False,False,False,,False,167.0,0.780373831775701,False,False,False,False,167.0,0.780373831775701,0.22065727699530513,,
40,N40_A04_method_c_u2_first_engineering,"[0,2,4,6,8,10,12,14,16,18,20,22,24,26,28,30,32,34,36,38,19,17,15,13,11,9,7,5,3,1,21,23,25,27,29,31,33,35,37,39]",,,stage3_native_combined552,False,,,,,,,False,,True,PASS_ODB_EXTRACTED,,0.0001108189990191,0.153950959444046,582221504.0,579926528.0,,,,,,86.0,0.40186915887850466,0.032025182612727264,,,4.5779268475598656e-05,0.0001498124456702,False,False,False,False,,False,70.0,0.32710280373831774,0.17553842472489856,,,0.1440253555774688,0.1574980020523071,False,False,False,False,,False,69.0,0.32242990654205606,0.06330062837614375,,,581119040.0,583269440.0,False,False,False,False,,False,69.0,0.32242990654205606,0.43820224719101125,,,579924032.0,579927040.0,False,False,False,False,,False,86.0,0.40186915887850466,False,False,False,False,86.0,0.40186915887850466,0.6009389671361502,,
40,N40_A05_center_out,"[19,20,18,21,17,22,16,23,15,24,14,25,13,26,12,27,11,28,10,29,9,30,8,31,7,32,6,33,5,34,4,35,3,36,2,37,1,38,0,39]",,,stage3_native_combined552,False,,,,,,,False,,True,PASS_ODB_EXTRACTED,,0.0018341616960242,0.1796219497919082,588607232.0,579925632.0,,,,,,211.0,0.985981308411215,0.8805890391155548,,,4.5779268475598656e-05,0.0001498124456702,False,False,False,False,,False,206.0,0.9626168224299065,0.6295405456402647,,,0.1440253555774688,0.1574980020523071,False,False,False,False,,False,197.0,0.9205607476635514,0.4299525961856466,,,581119040.0,583269440.0,False,False,False,False,,False,20.0,0.09345794392523364,0.2808988764044944,,,579924032.0,579927040.0,False,False,False,False,,False,211.0,0.985981308411215,False,False,False,False,211.0,0.985981308411215,0.014084507042253502,,
40,N40_A06_edge_in_alternating,"[0,39,1,38,2,37,3,36,4,35,5,34,6,33,7,32,8,31,9,30,10,29,11,28,12,27,13,26,14,25,15,24,16,23,17,22,18,21,19,20]",,,stage3_native_combined552,False,,,,,,,False,,True,PASS_ODB_EXTRACTED,,0.0016398808220401,0.2005691230297088,595556480.0,579926400.0,,,,,,205.0,0.9579439252336449,0.7849262739794108,,,4.5779268475598656e-05,0.0001498124456702,False,False,False,False,,False,214.0,1.0,1.0,,,0.1440253555774688,0.1574980020523071,False,False,False,False,,False,211.0,0.985981308411215,0.8289604233270863,,,581119040.0,583269440.0,False,False,False,False,,False,59.0,0.2757009345794392,0.4157303370786517,,,579924032.0,579927040.0,False,False,False,False,,False,205.0,0.9579439252336449,False,False,False,False,205.0,0.9579439252336449,0.04225352112676062,,
40,N40_A07_regular_jump_coprime,"[0,13,26,39,12,25,38,11,24,37,10,23,36,9,22,35,8,21,34,7,20,33,6,19,32,5,18,31,4,17,30,3,16,29,2,15,28,1,14,27]",,,stage3_native_combined552,False,,,,,,,False,,True,PASS_ODB_EXTRACTED,,0.0020766726229339,0.1631038337945938,595582528.0,579924032.0,,,,,,214.0,1.0,1.0,,,4.5779268475598656e-05,0.0001498124456702,False,False,False,False,,False,168.0,0.7850467289719626,0.33741080718117616,,,0.1440253555774688,0.1574980020523071,False,False,False,False,,False,212.0,0.9906542056074766,0.8304560320435086,,,581119040.0,583269440.0,False,False,False,False,,False,1.0,0.004672897196261682,0.0,,,579924032.0,579927040.0,False,False,False,False,,False,214.0,1.0,False,False,False,False,214.0,1.0,0.0,,
40,N40_A08_block_interleaved_quarters,"[0,10,20,30,1,11,21,31,2,12,22,32,3,13,23,33,4,14,24,34,5,15,25,35,6,16,26,36,7,17,27,37,8,18,28,38,9,19,29,39]",,,stage3_native_combined552,False,,,,,,,False,,True,PASS_ODB_EXTRACTED,,0.0020561176352202,0.1575537621974945,594139136.0,579924416.0,,,,,,213.0,0.9953271028037384,0.9898788443673928,,,4.5779268475598656e-05,0.0001498124456702,False,False,False,False,,False,109.0,0.5093457943925234,0.23925548702520671,,,0.1440253555774688,0.1574980020523071,False,False,False,False,,False,210.0,0.9813084112149533,0.7475802006394003,,,581119040.0,583269440.0,False,False,False,False,,False,4.0,0.018691588785046728,0.06741573033707865,,,579924032.0,579927040.0,False,False,False,False,,False,213.0,0.9953271028037384,False,False,False,False,213.0,0.9953271028037384,0.0046948356807511304,,
40,N40_A09_center_edge_alternating,"[19,0,20,39,18,1,21,38,17,2,22,37,16,3,23,36,15,4,24,35,14,5,25,34,13,6,26,33,12,7,27,32,11,8,28,31,10,9,29,30]",,,stage3_native_combined552,False,,,,,,,False,,True,PASS_ODB_EXTRACTED,,0.0018988421652466,0.177616149187088,588119552.0,579924096.0,,,,,,212.0,0.9906542056074766,0.9124373235566903,,,4.5779268475598656e-05,0.0001498124456702,False,False,False,False,,False,204.0,0.9532710280373832,0.5940671292904538,,,0.1440253555774688,0.1574980020523071,False,False,False,False,,False,194.0,0.9065420560747663,0.40195127328850183,,,581119040.0,583269440.0,False,False,False,False,,False,2.0,0.009345794392523364,0.011235955056179775,,,579924032.0,579927040.0,False,False,False,False,,False,212.0,0.9906542056074766,False,False,False,False,212.0,0.9906542056074766,0.009389671361502372,,
40,N40_A10_graph_pointer_policy_zero_shot_or_proxy_best,"[0,39,2,19,4,29,6,9,8,14,10,24,12,34,16,18,20,11,22,21,26,28,31,30,36,32,1,3,5,38,7,13,15,17,23,25,27,33,35,37]",,,stage3_native_combined552,False,,,,,,,False,,True,PASS_ODB_EXTRACTED,,0.000760835359415,0.1565078347921371,585921600.0,579925632.0,,,,,,178.0,0.8317757009345794,0.35208943363258366,,,4.5779268475598656e-05,0.0001498124456702,False,False,False,False,,False,104.0,0.48598130841121495,0.22075782667314645,,,0.1440253555774688,0.1574980020523071,False,False,False,False,,False,171.0,0.7990654205607477,0.27575056039392937,,,581119040.0,583269440.0,False,False,False,False,,False,20.0,0.09345794392523364,0.2808988764044944,,,579924032.0,579927040.0,False,False,False,False,,False,178.0,0.8317757009345794,False,False,False,False,178.0,0.8317757009345794,0.16901408450704225,,
40,N40_A11_graph_pointer_policy_diverse_01,"[0,13,39,26,1,38,12,2,25,37,3,11,36,24,4,35,10,5,23,34,6,9,33,22,7,32,8,21,31,30,20,29,19,28,27,18,14,17,15,16]",,,stage3_native_combined552,False,,,,,,,False,,True,PASS_ODB_EXTRACTED,,0.0017065715510398,0.1783028244972229,591114368.0,579925952.0,,,,,,207.0,0.9672897196261683,0.8177643985679313,,,4.5779268475598656e-05,0.0001498124456702,False,False,False,False,,False,205.0,0.9579439252336449,0.6062112672047676,,,0.1440253555774688,0.1574980020523071,False,False,False,False,,False,208.0,0.9719626168224299,0.5739058538198655,,,581119040.0,583269440.0,False,False,False,False,,False,29.0,0.13551401869158877,0.33707865168539325,,,579924032.0,579927040.0,False,False,False,False,,False,207.0,0.9672897196261683,False,False,False,False,207.0,0.9672897196261683,0.032863849765258246,,
40,N40_A12_graph_pointer_policy_diverse_02,"[15,24,14,25,13,26,12,27,11,28,10,29,9,30,8,31,7,32,6,33,5,34,4,35,3,36,2,37,1,38,0,39,19,20,18,21,17,22,16,23]",,,stage3_native_combined552,False,,,,,,,False,,True,PASS_ODB_EXTRACTED,,0.0017555009108036,0.172971487045288,584625472.0,579924800.0,,,,,,210.0,0.9813084112149533,0.8418569289100037,,,4.5779268475598656e-05,0.0001498124456702,False,False,False,False,,False,200.0,0.9345794392523364,0.5119243512075616,,,0.1440253555774688,0.1574980020523071,False,False,False,False,,False,152.0,0.7102803738317757,0.20133024657332893,,,581119040.0,583269440.0,False,False,False,False,,False,6.0,0.028037383177570093,0.1348314606741573,,,579924032.0,579927040.0,False,False,False,False,,False,210.0,0.9813084112149533,False,False,False,False,210.0,0.9813084112149533,0.018779342723004744,,
40,N40_A13_graph_pointer_policy_anti_odd_even_novelty,"[1,38,3,36,5,34,7,32,9,30,11,28,13,26,15,24,17,22,19,20,21,18,23,16,25,14,27,12,29,10,31,8,33,6,35,4,37,2,39,0]",,,stage3_native_combined552,False,,,,,,,False,,True,PASS_ODB_EXTRACTED,,0.0006711278786042,0.1731724888086319,581541824.0,579925760.0,,,,,,163.0,0.7616822429906542,0.30791799517971247,,,4.5779268475598656e-05,0.0001498124456702,False,False,False,False,,False,201.0,0.9392523364485982,0.5154791508327135,,,0.1440253555774688,0.1574980020523071,False,False,False,False,,False,2.0,0.009345794392523364,0.024275162606107376,,,581119040.0,583269440.0,False,False,False,False,,False,26.0,0.12149532710280374,0.30337078651685395,,,579924032.0,579927040.0,False,False,False,False,,False,163.0,0.7616822429906542,False,False,False,False,163.0,0.7616822429906542,0.23943661971830987,,
40,N40_A14_graph_pointer_policy_u2first_proxy,"[0,19,2,20,4,18,6,21,8,17,10,22,12,16,14,23,15,24,25,13,26,28,30,27,32,11,34,36,38,29,1,9,3,5,7,31,33,35,37,39]",,,stage3_native_combined552,False,,,,,,,False,,True,PASS_ODB_EXTRACTED,,0.0011768606042323,0.1633206307888031,585949184.0,579927232.0,,,,,,194.0,0.9065420560747663,0.5569378289971282,,,4.5779268475598656e-05,0.0001498124456702,False,False,False,False,,False,170.0,0.794392523364486,0.34124495202114297,,,0.1440253555774688,0.1574980020523071,False,False,False,False,,False,173.0,0.8084112149532711,0.2773343622533348,,,581119040.0,583269440.0,False,False,False,False,,False,115.0,0.5373831775700935,0.5617977528089888,,,579924032.0,579927040.0,False,False,False,False,,False,194.0,0.9065420560747663,False,False,False,False,194.0,0.9065420560747663,0.0938967136150235,,
40,N40_A15_graph_pointer_policy_balanced_dispersion_proxy,"[0,19,39,20,18,29,21,9,17,14,22,24,16,34,23,4,15,2,6,11,25,13,26,12,31,27,36,1,28,3,10,5,7,8,30,32,33,35,37,38]",,,stage3_native_combined552,False,,,,,,,False,,True,PASS_ODB_EXTRACTED,,0.0012380398286495,0.1692227870225906,585095872.0,579926784.0,,,,,,196.0,0.9158878504672897,0.587062120990549,,,4.5779268475598656e-05,0.0001498124456702,False,False,False,False,,False,193.0,0.9018691588785047,0.445627035135304,,,0.1440253555774688,0.1574980020523071,False,False,False,False,,False,160.0,0.7476635514018691,0.22833939661191344,,,581119040.0,583269440.0,False,False,False,False,,False,105.0,0.49065420560747663,0.48314606741573035,,,579924032.0,579927040.0,False,False,False,False,,False,196.0,0.9158878504672897,False,False,False,False,196.0,0.9158878504672897,0.08450704225352113,,
12,S3B20_N12_B01_surrogate_top,"[0,2,4,10,8,6,1,3,5,7,9,11]",,,stage3_native_combined552,False,,,,,,,False,,True,PASS_TEACHER_FIELDS_EXTRACTED,,3.767202088056365e-05,0.1479470580816269,585915072.0,579939584.0,,,,,,42.0,0.4883720930232558,0.11487019726626975,,,2.20100214392005e-05,3.9525062220491236e-05,False,False,False,False,,False,35.0,0.4069767441860465,0.21783297248561034,,,0.1403219699859619,0.14851062744855875,False,False,False,False,,False,85.0,0.9883720930232558,0.9969840798971621,,,580752832.0,581293664.0,False,False,False,False,,False,55.0,0.6395348837209303,0.8620689655172413,,,579937984.0,579939520.0,False,False,False,False,,False,42.0,0.4883720930232558,False,False,False,False,42.0,0.4883720930232558,0.5176470588235293,,
12,S3B20_N12_B02_diversity_top,"[1,11,9,7,5,3,0,2,4,6,8,10]",,,stage3_native_combined552,False,,,,,,,False,,True,PASS_TEACHER_FIELDS_EXTRACTED,,2.3353248252533376e-05,0.1469611227512359,582776448.0,579939520.0,,,,,,2.0,0.023255813953488372,0.009851662273297916,,,2.20100214392005e-05,3.9525062220491236e-05,False,False,False,False,,False,22.0,0.2558139534883721,0.18966684233693037,,,0.1403219699859619,0.14851062744855875,False,False,False,False,,False,62.0,0.7209302325581395,0.3908212202116088,,,580752832.0,581293664.0,False,False,False,False,,False,32.0,0.37209302325581395,0.8275862068965517,,,579937984.0,579939520.0,False,False,False,False,,False,2.0,0.023255813953488372,False,False,False,False,2.0,0.023255813953488372,0.9882352941176471,,
12,S3B20_N12_B03_method_c_inspired,"[0,5,11,6,8,4,2,7,1,3,9,10]",,,stage3_native_combined552,False,,,,,,,False,,True,PASS_TEACHER_FIELDS_EXTRACTED,,7.903753157734172e-05,0.1574792563915252,581229056.0,579938368.0,,,,,,75.0,0.872093023255814,0.41825830499469946,,,2.20100214392005e-05,3.9525062220491236e-05,False,False,False,False,,False,74.0,0.8604651162790697,0.49014813345377634,,,0.1403219699859619,0.14851062744855875,False,False,False,False,,False,37.0,0.43023255813953487,0.09197320280826658,,,580752832.0,581293664.0,False,False,False,False,,False,10.0,0.11627906976744186,0.20689655172413793,,,579937984.0,579939520.0,False,False,False,False,,False,75.0,0.872093023255814,False,False,False,False,75.0,0.872093023255814,0.12941176470588234,,
12,S3B20_N12_B04_surrogate_top,"[0,10,8,6,4,2,1,3,5,7,9,11]",,,stage3_native_combined552,False,,,,,,,False,,True,PASS_TEACHER_FIELDS_EXTRACTED,,3.2932137401076034e-05,0.1426714956760406,582234944.0,579939584.0,,,,,,22.0,0.2558139534883721,0.08010635039305807,,,2.20100214392005e-05,3.9525062220491236e-05,False,False,False,False,,False,3.0,0.03488372093023256,0.06712108221964272,,,0.1403219699859619,0.14851062744855875,False,False,False,False,,False,57.0,0.6627906976744186,0.28624048254721646,,,580752832.0,581293664.0,False,False,False,False,,False,55.0,0.6395348837209303,0.8620689655172413,,,579937984.0,579939520.0,False,False,False,False,,False,22.0,0.2558139534883721,False,False,False,False,22.0,0.2558139534883721,0.7529411764705882,,
12,S3B20_N12_B05_surrogate_top,"[0,2,4,6,10,8,1,3,5,7,9,11]",,,stage3_native_combined552,False,,,,,,,False,,True,PASS_TEACHER_FIELDS_EXTRACTED,,3.931116134481272e-05,0.1496229320764541,585543936.0,579939584.0,,,,,,45.0,0.5232558139534884,0.12689218648803846,,,2.20100214392005e-05,3.9525062220491236e-05,False,False,False,False,,False,46.0,0.5348837209302325,0.2657092211563752,,,0.1403219699859619,0.14851062744855875,False,False,False,False,,False,84.0,0.9767441860465116,0.9253065361416,,,580752832.0,581293664.0,False,False,False,False,,False,55.0,0.6395348837209303,0.8620689655172413,,,579937984.0,579939520.0,False,False,False,False,,False,45.0,0.5232558139534884,False,False,False,False,45.0,0.5232558139534884,0.48235294117647054,,
16,S3B20_N16_B01_surrogate_top,"[0,2,4,6,8,10,14,12,7,5,3,1,9,11,13,15]",,,stage3_native_combined552,False,,,,,,,False,,True,PASS_TEACHER_FIELDS_EXTRACTED,,5.233794854575535e-05,0.1504488587379455,581672320.0,579948352.0,,,,,,58.0,0.6744186046511628,0.09237403228173487,,,2.926077831943985e-05,4.9522939889357076e-05,False,False,False,False,,False,27.0,0.313953488372093,0.13723259029464174,,,0.1457871496677398,0.15198192000389094,False,False,False,False,,False,47.0,0.5465116279069767,0.11291480315830159,,,580887040.0,581493984.0,False,False,False,False,,False,53.0,0.6162790697674418,0.8333333333333334,,,579946752.0,579948288.0,False,False,False,False,,False,58.0,0.6744186046511628,False,False,False,False,58.0,0.6744186046511628,0.3294117647058824,,
16,S3B20_N16_B02_diversity_top,"[1,9,11,13,15,0,2,4,6,8,10,12,14,7,5,3]",,,stage3_native_combined552,False,,,,,,,False,,True,PASS_TEACHER_FIELDS_EXTRACTED,,7.41247381483845e-05,0.163513496518135,581958912.0,579947200.0,,,,,,66.0,0.7674418604651163,0.17958288788802948,,,2.926077831943985e-05,4.9522939889357076e-05,False,False,False,False,,False,75.0,0.872093023255814,0.5218327566361106,,,0.1457871496677398,0.15198192000389094,False,False,False,False,,False,55.0,0.6395348837209303,0.154123644930337,,,580887040.0,581493984.0,False,False,False,False,,False,8.0,0.09302325581395349,0.23333333333333334,,,579946752.0,579948288.0,False,False,False,False,,False,66.0,0.7674418604651163,False,False,False,False,66.0,0.7674418604651163,0.23529411764705888,,
16,S3B20_N16_B03_method_c_inspired,"[0,15,7,11,3,5,9,13,1,2,4,12,10,8,6,14]",,,stage3_native_combined552,False,,,,,,,False,,True,PASS_TEACHER_FIELDS_EXTRACTED,,6.606194119740394e-05,0.1556378453969955,582991360.0,579948032.0,,,,,,64.0,0.7441860465116279,0.14730886735055285,,,2.926077831943985e-05,4.9522939889357076e-05,False,False,False,False,,False,66.0,0.7674418604651163,0.28998731383090676,,,0.1457871496677398,0.15198192000389094,False,False,False,False,,False,70.0,0.813953488372093,0.3025785434266468,,,580887040.0,581493984.0,False,False,False,False,,False,29.0,0.3372093023255814,0.6666666666666666,,,579946752.0,579948288.0,False,False,False,False,,False,64.0,0.7441860465116279,False,False,False,False,64.0,0.7441860465116279,0.2588235294117647,,
16,S3B20_N16_B04_surrogate_top,"[0,2,4,6,8,14,12,10,7,5,3,1,9,11,13,15]",,,stage3_native_combined552,False,,,,,,,False,,True,PASS_TEACHER_FIELDS_EXTRACTED,,4.716870898846537e-05,0.1489115208387375,581447424.0,579948288.0,,,,,,41.0,0.47674418604651164,0.0716824354761345,,,2.926077831943985e-05,4.9522939889357076e-05,False,False,False,False,,False,11.0,0.12790697674418605,0.09197604191524454,,,0.1457871496677398,0.15198192000389094,False,False,False,False,,False,36.0,0.4186046511627907,0.08057718145510095,,,580887040.0,581493984.0,False,False,False,False,,False,40.0,0.46511627906976744,0.8,,,579946752.0,579948288.0,False,False,False,False,,False,41.0,0.47674418604651164,False,False,False,False,41.0,0.47674418604651164,0.5294117647058824,,
16,S3B20_N16_B05_surrogate_top,"[0,2,4,6,8,14,12,10,7,1,3,5,9,11,13,15]",,,stage3_native_combined552,False,,,,,,,False,,True,PASS_TEACHER_FIELDS_EXTRACTED,,4.960947671861504e-05,0.1505033075809478,585404352.0,579948288.0,,,,,,49.0,0.5697674418604651,0.08145241831570989,,,2.926077831943985e-05,4.9522939889357076e-05,False,False,False,False,,False,28.0,0.32558139534883723,0.1388354693356157,,,0.1457871496677398,0.15198192000389094,False,False,False,False,,False,83.0,0.9651162790697675,0.649540794728802,,,580887040.0,581493984.0,False,False,False,False,,False,40.0,0.46511627906976744,0.8,,,579946752.0,579948288.0,False,False,False,False,,False,49.0,0.5697674418604651,False,False,False,False,49.0,0.5697674418604651,0.43529411764705883,,
24,S3B20_N24_B01_surrogate_top,"[0,2,4,6,8,10,12,22,20,18,16,14,1,3,5,7,9,11,13,15,17,19,21,23]",,,stage3_native_combined552,False,,,,,,,False,,True,PASS_TEACHER_FIELDS_EXTRACTED,,7.634673784195911e-05,0.1602428555488586,586730944.0,579944704.0,,,,,,85.0,0.4292929292929293,0.07842160300199559,,,2.9523077955673216e-05,8.096076885522052e-05,False,False,False,False,,False,142.0,0.7171717171717171,0.2754219324081822,,,0.1492166519165039,0.15729529410600662,False,False,False,False,,False,186.0,0.9393939393939394,0.52466951509764,,,580875968.0,582566592.0,False,False,False,False,,False,186.0,0.9393939393939394,0.9090909090909091,,,579942784.0,579944128.0,False,False,False,False,,False,85.0,0.4292929292929293,False,False,False,False,85.0,0.4292929292929293,0.5736040609137056,,
24,S3B20_N24_B02_diversity_top,"[3,5,7,9,11,13,15,17,19,21,23,0,2,4,6,8,10,12,14,16,18,20,22,1]",,,stage3_native_combined552,False,,,,,,,False,,True,PASS_TEACHER_FIELDS_EXTRACTED,,7.592932161060162e-05,0.1560772061347961,581836224.0,579944512.0,,,,,,84.0,0.42424242424242425,0.07772250237505604,,,2.9523077955673216e-05,8.096076885522052e-05,False,False,False,False,,False,79.0,0.398989898989899,0.17136878323637666,,,0.1492166519165039,0.15729529410600662,False,False,False,False,,False,33.0,0.16666666666666666,0.08604937917586672,,,580875968.0,582566592.0,False,False,False,False,,False,154.0,0.7777777777777778,0.8181818181818182,,,579942784.0,579944128.0,False,False,False,False,,False,84.0,0.42424242424242425,False,False,False,False,84.0,0.42424242424242425,0.5786802030456852,,
24,S3B20_N24_B03_method_c_inspired,"[0,23,11,17,5,8,14,20,2,1,3,4,6,7,9,12,10,13,15,16,18,19,21,22]",,,stage3_native_combined552,False,,,,,,,False,,True,PASS_TEACHER_FIELDS_EXTRACTED,,0.0002536973042879,0.1650789976119995,584643072.0,579944576.0,,,,,,169.0,0.8535353535353535,0.37545339735082095,,,2.9523077955673216e-05,8.096076885522052e-05,False,False,False,False,,False,175.0,0.8838383838383839,0.39622321967284685,,,0.1492166519165039,0.15729529410600662,False,False,False,False,,False,162.0,0.8181818181818182,0.3375734809164683,,,580875968.0,582566592.0,False,False,False,False,,False,163.0,0.8232323232323232,0.8484848484848485,,,579942784.0,579944128.0,False,False,False,False,,False,169.0,0.8535353535353535,False,False,False,False,169.0,0.8535353535353535,0.14720812182741116,,
24,S3B20_N24_B04_surrogate_top,"[0,2,4,6,8,10,12,14,16,18,20,22,11,9,7,5,3,1,13,15,17,23,21,19]",,,stage3_native_combined552,False,,,,,,,False,,True,PASS_TEACHER_FIELDS_EXTRACTED,,5.741682798543479e-05,0.1594105213880539,581725376.0,579944832.0,,,,,,52.0,0.26262626262626265,0.046717249279173714,,,2.9523077955673216e-05,8.096076885522052e-05,False,False,False,False,,False,132.0,0.6666666666666666,0.25463117879780145,,,0.1492166519165039,0.15729529410600662,False,False,False,False,,False,28.0,0.1414141414141414,0.07611619304332864,,,580875968.0,582566592.0,False,False,False,False,,False,193.0,0.9747474747474747,0.9696969696969697,,,579942784.0,579944128.0,False,False,False,False,,False,52.0,0.26262626262626265,False,False,False,False,52.0,0.26262626262626265,0.7411167512690355,,
24,S3B20_N24_B05_surrogate_top,"[0,4,8,2,6,10,12,14,16,18,20,22,11,9,7,5,3,1,13,15,17,19,21,23]",,,stage3_native_combined552,False,,,,,,,False,,True,PASS_TEACHER_FIELDS_EXTRACTED,,9.08282927412074e-05,0.1536802798509597,581741824.0,579944640.0,,,,,,111.0,0.5606060606060606,0.1026757247839855,,,2.9523077955673216e-05,8.096076885522052e-05,False,False,False,False,,False,36.0,0.18181818181818182,0.1114963111738231,,,0.1492166519165039,0.15729529410600662,False,False,False,False,,False,30.0,0.15151515151515152,0.07759011269463482,,,580875968.0,582566592.0,False,False,False,False,,False,172.0,0.8686868686868687,0.8787878787878788,,,579942784.0,579944128.0,False,False,False,False,,False,111.0,0.5606060606060606,False,False,False,False,111.0,0.5606060606060606,0.4416243654822335,,
40,S3B20_N40_B01_surrogate_top,"[0,2,4,6,8,10,12,14,16,18,20,22,24,26,28,38,36,34,32,30,9,7,5,3,1,11,13,15,17,19,21,23,25,27,29,31,33,35,37,39]",,,stage3_native_combined552,False,,,,,,,False,,True,PASS_TEACHER_FIELDS_EXTRACTED,,0.0001138904335675,0.1606883257627487,582971072.0,579927616.0,,,,,,91.0,0.4252336448598131,0.03353753900586699,,,4.5779268475598656e-05,0.0001498124456702,False,False,False,False,,False,146.0,0.6822429906542056,0.29469154490553473,,,0.1440253555774688,0.1574980020523071,False,False,False,False,,False,99.0,0.46261682242990654,0.10633888215191269,,,581119040.0,583269440.0,False,False,False,False,,False,185.0,0.8644859813084113,0.6292134831460674,,,579924032.0,579927040.0,False,False,False,False,,False,91.0,0.4252336448598131,False,False,False,False,91.0,0.4252336448598131,0.5774647887323944,,
40,S3B20_N40_B02_diversity_top,"[1,21,23,25,27,29,31,33,35,37,39,0,2,4,6,8,10,12,14,16,18,20,22,24,26,28,30,32,34,36,38,19,17,15,13,11,9,7,5,3]",,,stage3_native_combined552,False,,,,,,,False,,True,PASS_TEACHER_FIELDS_EXTRACTED,,8.922922461351845e-05,0.1550463587045669,585152448.0,579926080.0,,,,,,69.0,0.32242990654205606,0.02139450407011114,,,4.5779268475598656e-05,0.0001498124456702,False,False,False,False,,False,87.0,0.40654205607476634,0.19491101537242028,,,0.1440253555774688,0.1574980020523071,False,False,False,False,,False,161.0,0.7523364485981309,0.2315878440451255,,,581119040.0,583269440.0,False,False,False,False,,False,37.0,0.17289719626168223,0.3595505617977528,,,579924032.0,579927040.0,False,False,False,False,,False,69.0,0.32242990654205606,False,False,False,False,69.0,0.32242990654205606,0.6807511737089202,,
40,S3B20_N40_B03_method_c_inspired,"[0,39,19,29,9,14,24,34,4,2,6,26,21,16,11,31,36,1,3,5,7,8,10,12,13,15,17,18,20,22,23,25,27,28,30,32,33,35,37,38]",,,stage3_native_combined552,False,,,,,,,False,,True,PASS_TEACHER_FIELDS_EXTRACTED,,0.0006816700476974,0.1621466130018234,585965568.0,579926656.0,,,,,,166.0,0.7757009345794392,0.31310889753313115,,,4.5779268475598656e-05,0.0001498124456702,False,False,False,False,,False,159.0,0.7429906542056075,0.32048196009685453,,,0.1440253555774688,0.1574980020523071,False,False,False,False,,False,175.0,0.8177570093457944,0.2782750891118216,,,581119040.0,583269440.0,False,False,False,False,,False,100.0,0.4672897196261682,0.4606741573033708,,,579924032.0,579927040.0,False,False,False,False,,False,166.0,0.7757009345794392,False,False,False,False,166.0,0.7757009345794392,0.22535211267605637,,
40,S3B20_N40_B04_surrogate_top,"[0,2,10,8,6,4,12,14,16,18,20,22,24,26,28,30,32,34,36,38,19,17,15,13,11,9,7,5,3,1,21,23,25,27,29,31,33,35,37,39]",,,stage3_native_combined552,False,,,,,,,False,,True,PASS_TEACHER_FIELDS_EXTRACTED,,0.0001807131311579,0.1540584713220596,582236352.0,579926464.0,,,,,,123.0,0.5747663551401869,0.06644064415597643,,,4.5779268475598656e-05,0.0001498124456702,False,False,False,False,,False,75.0,0.35046728971962615,0.17743981691820124,,,0.1440253555774688,0.1574980020523071,False,False,False,False,,False,70.0,0.32710280373831774,0.06415316209164737,,,581119040.0,583269440.0,False,False,False,False,,False,61.0,0.2850467289719626,0.42696629213483145,,,579924032.0,579927040.0,False,False,False,False,,False,123.0,0.5747663551401869,False,False,False,False,123.0,0.5747663551401869,0.42723004694835676,,
40,S3B20_N40_B05_surrogate_top,"[0,2,4,6,8,10,12,14,16,18,20,22,24,26,28,30,32,34,36,38,19,17,15,13,11,9,7,5,3,1,21,23,35,33,31,29,27,25,37,39]",,,stage3_native_combined552,False,,,,,,,False,,True,PASS_TEACHER_FIELDS_EXTRACTED,,0.0001120584784075,0.1585296392440796,582652032.0,579927296.0,,,,,,88.0,0.411214953271028,0.032635495008343236,,,4.5779268475598656e-05,0.0001498124456702,False,False,False,False,,False,123.0,0.5747663551401869,0.2565142777028771,,,0.1440253555774688,0.1574980020523071,False,False,False,False,,False,92.0,0.42990654205607476,0.08802043141145775,,,581119040.0,583269440.0,False,False,False,False,,False,117.0,0.5467289719626168,0.5730337078651685,,,579924032.0,579927040.0,False,False,False,False,,False,88.0,0.411214953271028,False,False,False,False,88.0,0.411214953271028,0.5915492957746479,,
12,S3R19B28_N12_B01_surrogate_top,"[1,11,9,7,5,3,2,0,4,6,8,10]",,,stage3_native_combined552,False,combined80_known_best_mutation,,,,,,False,,True,PASS_TEACHER_FIELDS_EXTRACTED,,3.746341781152296e-05,0.1469832807779312,581021440.0,579938496.0,,,,,,39.0,0.45348837209302323,0.11334023451912717,,,2.20100214392005e-05,3.9525062220491236e-05,False,False,False,False,,False,25.0,0.29069767441860467,0.19029985126205984,,,0.1403219699859619,0.14851062744855875,False,False,False,False,,False,21.0,0.2441860465116279,0.05187629783447048,,,580752832.0,581293664.0,False,False,False,False,,False,15.0,0.1744186046511628,0.27586206896551724,,,579937984.0,579939520.0,False,False,False,False,,False,39.0,0.45348837209302323,False,False,False,False,39.0,0.45348837209302323,0.5529411764705883,,
12,S3R19B28_N12_B02_u2_primary_top,"[1,5,7,9,11,3,0,2,4,6,8,10]",,,stage3_native_combined552,False,combined80_known_best_mutation,,,,,,False,,True,PASS_TEACHER_FIELDS_EXTRACTED,,4.209233884466812e-05,0.1484188884496688,582993408.0,579939520.0,,,,,,54.0,0.627906976744186,0.14729024672530122,,,2.20100214392005e-05,3.9525062220491236e-05,False,False,False,False,,False,38.0,0.4418604651162791,0.23131218876351547,,,0.1403219699859619,0.14851062744855875,False,False,False,False,,False,68.0,0.7906976744186046,0.43272273311579157,,,580752832.0,581293664.0,False,False,False,False,,False,32.0,0.37209302325581395,0.8275862068965517,,,579937984.0,579939520.0,False,False,False,False,,False,54.0,0.627906976744186,False,False,False,False,54.0,0.627906976744186,0.3764705882352941,,
12,S3R19B28_N12_B03_geometry_signal_top,"[1,6,5,10,3,8,7,2,9,0,11,4]",,,stage3_native_combined552,False,combined80_known_best_mutation,,,,,,False,,True,PASS_TEACHER_FIELDS_EXTRACTED,,8.043792149692308e-05,0.1424328386783599,581134528.0,579939328.0,,,,,,76.0,0.8837209302325582,0.4285292200789619,,,2.20100214392005e-05,3.9525062220491236e-05,False,False,False,False,,False,2.0,0.023255813953488372,0.06030314614375236,,,0.1403219699859619,0.14851062744855875,False,False,False,False,,False,32.0,0.37209302325581395,0.07371699792346485,,,580752832.0,581293664.0,False,False,False,False,,False,22.0,0.2558139534883721,0.7241379310344828,,,579937984.0,579939520.0,False,False,False,False,,False,76.0,0.8837209302325582,False,False,False,False,76.0,0.8837209302325582,0.11764705882352944,,
12,S3R19B28_N12_B04_method_c_inspired,"[1,9,11,7,5,3,0,2,4,6,8,10]",,,stage3_native_combined552,False,combined80_known_best_mutation,,,,,,False,,True,PASS_TEACHER_FIELDS_EXTRACTED,,2.9964902523715864e-05,0.1453216075897216,582802304.0,579939584.0,,,,,,17.0,0.19767441860465115,0.05834368484235283,,,2.20100214392005e-05,3.9525062220491236e-05,False,False,False,False,,False,14.0,0.16279069767441862,0.1428292902211813,,,0.1403219699859619,0.14851062744855875,False,False,False,False,,False,64.0,0.7441860465116279,0.3958147928408979,,,580752832.0,581293664.0,False,False,False,False,,False,55.0,0.6395348837209303,0.8620689655172413,,,579937984.0,579939520.0,False,False,False,False,,False,17.0,0.19767441860465115,False,False,False,False,17.0,0.19767441860465115,0.8117647058823529,,
16,S3R19B28_N16_B01_surrogate_top,"[0,2,4,6,10,12,14,8,7,5,3,1,9,11,13,15]",,,stage3_native_combined552,False,combined80_known_best_mutation,,,,,,False,,True,PASS_TEACHER_FIELDS_EXTRACTED,,5.09631609020289e-05,0.1490653306245803,581331328.0,579948288.0,,,,,,55.0,0.6395348837209303,0.08687098849704666,,,2.926077831943985e-05,4.9522939889357076e-05,False,False,False,False,,False,12.0,0.13953488372093023,0.09650393394067759,,,0.1457871496677398,0.15198192000389094,False,False,False,False,,False,29.0,0.3372093023255814,0.06388382750814423,,,580887040.0,581493984.0,False,False,False,False,,False,40.0,0.46511627906976744,0.8,,,579946752.0,579948288.0,False,False,False,False,,False,55.0,0.6395348837209303,False,False,False,False,55.0,0.6395348837209303,0.3647058823529412,,
16,S3R19B28_N16_B02_u2_primary_top,"[2,4,6,8,10,12,14,0,1,3,5,7,9,11,13,15]",,,stage3_native_combined552,False,regular_jump_sweep,,,,,,False,,True,PASS_TEACHER_FIELDS_EXTRACTED,,4.36779828305589e-05,0.1526079922914505,581782208.0,579948352.0,,,,,,31.0,0.36046511627906974,0.05770964558747441,,,2.926077831943985e-05,4.9522939889357076e-05,False,False,False,False,,False,52.0,0.6046511627906976,0.20079371903030774,,,0.1457871496677398,0.15198192000389094,False,False,False,False,,False,51.0,0.5930232558139535,0.12871551359210792,,,580887040.0,581493984.0,False,False,False,False,,False,53.0,0.6162790697674418,0.8333333333333334,,,579946752.0,579948288.0,False,False,False,False,,False,31.0,0.36046511627906974,False,False,False,False,31.0,0.36046511627906974,0.6470588235294117,,
16,S3R19B28_N16_B03_geometry_signal_top,"[1,10,3,12,5,14,7,0,9,2,11,4,13,6,15,8]",,,stage3_native_combined552,False,regular_jump_sweep,,,,,,False,,True,PASS_TEACHER_FIELDS_EXTRACTED,,0.0001079042317542,0.1605472415685653,584084224.0,579948032.0,,,,,,71.0,0.8255813953488372,0.31479652119763013,,,2.926077831943985e-05,4.9522939889357076e-05,False,False,False,False,,False,72.0,0.8372093023255814,0.4345113807043887,,,0.1457871496677398,0.15198192000389094,False,False,False,False,,False,76.0,0.8837209302325582,0.45972061178289436,,,580887040.0,581493984.0,False,False,False,False,,False,29.0,0.3372093023255814,0.6666666666666666,,,579946752.0,579948288.0,False,False,False,False,,False,71.0,0.8255813953488372,False,False,False,False,71.0,0.8255813953488372,0.17647058823529416,,
16,S3R19B28_N16_B04_method_c_inspired,"[0,2,4,6,8,14,12,10,9,1,3,5,7,11,13,15]",,,stage3_native_combined552,False,combined80_known_best_mutation,,,,,,False,,True,PASS_TEACHER_FIELDS_EXTRACTED,,4.279385166228167e-05,0.1526066660881042,585915328.0,579948288.0,,,,,,27.0,0.313953488372093,0.054170617176330774,,,2.926077831943985e-05,4.9522939889357076e-05,False,False,False,False,,False,51.0,0.5930232558139535,0.20075467791518659,,,0.1457871496677398,0.15198192000389094,False,False,False,False,,False,85.0,0.9883720930232558,0.7230136381204793,,,580887040.0,581493984.0,False,False,False,False,,False,40.0,0.46511627906976744,0.8,,,579946752.0,579948288.0,False,False,False,False,,False,27.0,0.313953488372093,False,False,False,False,27.0,0.313953488372093,0.6941176470588235,,
24,S3R19B28_N24_B01_surrogate_top,"[2,4,6,8,10,12,14,16,18,20,22,11,9,7,5,3,1,13,15,17,19,21,23,0]",,,stage3_native_combined552,False,combined80_known_best_mutation,,,,,,False,,True,PASS_TEACHER_FIELDS_EXTRACTED,,8.261122002295451e-05,0.1533868759870529,582211520.0,579944448.0,,,,,,100.0,0.5050505050505051,0.08891353669116421,,,2.9523077955673216e-05,8.096076885522052e-05,False,False,False,False,,False,33.0,0.16666666666666666,0.10416741884898742,,,0.1492166519165039,0.15729529410600662,False,False,False,False,,False,82.0,0.41414141414141414,0.11967998164769306,,,580875968.0,582566592.0,False,False,False,False,,False,145.0,0.7323232323232324,0.7878787878787878,,,579942784.0,579944128.0,False,False,False,False,,False,100.0,0.5050505050505051,False,False,False,False,100.0,0.5050505050505051,0.4974619289340102,,
24,S3R19B28_N24_B02_u2_primary_top,"[3,5,7,9,11,13,15,17,19,21,23,2,0,4,6,8,10,12,14,16,18,20,22,1]",,,stage3_native_combined552,False,combined80_known_best_mutation,,,,,,False,,True,PASS_TEACHER_FIELDS_EXTRACTED,,8.019191227504052e-05,0.1561380475759506,582353856.0,579944512.0,,,,,,91.0,0.4595959595959596,0.08486161097225792,,,2.9523077955673216e-05,8.096076885522052e-05,False,False,False,False,,False,82.0,0.41414141414141414,0.17288853272151244,,,0.1492166519165039,0.15729529410600662,False,False,False,False,,False,88.0,0.4444444444444444,0.1324348349726149,,,580875968.0,582566592.0,False,False,False,False,,False,154.0,0.7777777777777778,0.8181818181818182,,,579942784.0,579944128.0,False,False,False,False,,False,91.0,0.4595959595959596,False,False,False,False,91.0,0.4595959595959596,0.5431472081218274,,
24,S3R19B28_N24_B03_geometry_signal_top,"[2,15,4,17,6,19,8,21,10,23,12,1,14,3,16,5,18,7,20,9,22,11,0,13]",,,stage3_native_combined552,False,regular_jump_sweep,,,,,,False,,True,PASS_TEACHER_FIELDS_EXTRACTED,,0.0002306497162862,0.1619622707366943,583032192.0,579943168.0,,,,,,160.0,0.8080808080808081,0.33685263865719633,,,2.9523077955673216e-05,8.096076885522052e-05,False,False,False,False,,False,153.0,0.7727272727272727,0.3183709536158162,,,0.1492166519165039,0.15729529410600662,False,False,False,False,,False,118.0,0.5959595959595959,0.1932211166231755,,,580875968.0,582566592.0,False,False,False,False,,False,7.0,0.03535353535353535,0.18181818181818182,,,579942784.0,579944128.0,False,False,False,False,,False,160.0,0.8080808080808081,False,False,False,False,160.0,0.8080808080808081,0.19289340101522845,,
24,S3R19B28_N24_B04_method_c_inspired,"[3,5,7,9,11,13,15,17,19,21,23,0,2,4,6,8,10,12,22,20,18,16,14,1]",,,stage3_native_combined552,False,combined80_known_best_mutation,,,,,,False,,True,PASS_TEACHER_FIELDS_EXTRACTED,,8.025430179259274e-05,0.1612091809511184,584544768.0,579944384.0,,,,,,93.0,0.4696969696969697,0.08496610271828649,,,2.9523077955673216e-05,8.096076885522052e-05,False,False,False,False,,False,150.0,0.7575757575757576,0.2995596336968241,,,0.1492166519165039,0.15729529410600662,False,False,False,False,,False,160.0,0.8080808080808081,0.3287643735841482,,,580875968.0,582566592.0,False,False,False,False,,False,120.0,0.6060606060606061,0.7575757575757576,,,579942784.0,579944128.0,False,False,False,False,,False,93.0,0.4696969696969697,False,False,False,False,93.0,0.4696969696969697,0.532994923857868,,
24,S3R19B28_N24_B05_diversity_top,"[17,19,21,23,8,10,12,22,20,18,16,14,1,3,5,7,9,11,13,15,0,2,4,6]",,,stage3_native_combined552,False,combined80_known_best_mutation,,,,,,False,,True,PASS_TEACHER_FIELDS_EXTRACTED,,5.907966442464385e-05,0.1658651232719421,585390656.0,579944768.0,,,,,,56.0,0.2828282828282828,0.049502215243167016,,,2.9523077955673216e-05,8.096076885522052e-05,False,False,False,False,,False,177.0,0.8939393939393939,0.41585973787950453,,,0.1492166519165039,0.15729529410600662,False,False,False,False,,False,170.0,0.8585858585858586,0.4045651363519055,,,580875968.0,582566592.0,False,False,False,False,,False,191.0,0.9646464646464646,0.9393939393939394,,,579942784.0,579944128.0,False,False,False,False,,False,56.0,0.2828282828282828,False,False,False,False,56.0,0.2828282828282828,0.7208121827411167,,
24,S3R19B28_N24_B06_uncertainty_calibration,"[11,21,7,17,3,13,23,9,19,5,15,1,0,2,4,6,8,10,12,14,16,18,20,22]",,,stage3_native_combined552,False,regular_jump_sweep,,,,,,False,,True,PASS_TEACHER_FIELDS_EXTRACTED,,7.285496940312441e-05,0.1538291126489639,580991360.0,579944640.0,,,,,,78.0,0.3939393939393939,0.07257348948523493,,,2.9523077955673216e-05,8.096076885522052e-05,False,False,False,False,,False,39.0,0.19696969696969696,0.1152139839285463,,,0.1492166519165039,0.15729529410600662,False,False,False,False,,False,3.0,0.015151515151515152,0.010340377942821093,,,580875968.0,582566592.0,False,False,False,False,,False,172.0,0.8686868686868687,0.8787878787878788,,,579942784.0,579944128.0,False,False,False,False,,False,78.0,0.3939393939393939,False,False,False,False,78.0,0.3939393939393939,0.6091370558375635,,
24,S3R19B28_N24_B07_control_sentinel,"[20,13,6,23,16,9,2,19,12,5,22,15,8,1,18,11,4,21,14,7,0,17,10,3]",,,stage3_native_combined552,False,regular_jump_sweep,,,,,,False,,True,PASS_TEACHER_FIELDS_EXTRACTED,,0.0003879498119658,0.149288535118103,582449344.0,579944000.0,,,,,,180.0,0.9090909090909091,0.6003033318648519,,,2.9523077955673216e-05,8.096076885522052e-05,False,False,False,False,,False,2.0,0.010101010101010102,0.001795560008887778,,,0.1492166519165039,0.15729529410600662,False,False,False,False,,False,94.0,0.47474747474747475,0.14099159808447798,,,580875968.0,582566592.0,False,False,False,False,,False,89.0,0.4494949494949495,0.5757575757575758,,,579942784.0,579944128.0,False,False,False,False,,False,180.0,0.9090909090909091,False,False,False,False,180.0,0.9090909090909091,0.09137055837563457,,
24,S3R19B28_N24_B08_known_best_mutation,"[16,18,20,22,11,13,15,17,19,21,23,0,2,4,6,8,10,12,14,3,5,7,9,1]",,,stage3_native_combined552,False,combined80_known_best_mutation,,,,,,False,,True,PASS_TEACHER_FIELDS_EXTRACTED,,4.156047452852363e-05,0.1627765595912933,581362240.0,579944896.0,,,,,,19.0,0.09595959595959595,0.020160575604431585,,,2.9523077955673216e-05,8.096076885522052e-05,False,False,False,False,,False,165.0,0.8333333333333334,0.3387109561543152,,,0.1492166519165039,0.15729529410600662,False,False,False,False,,False,14.0,0.0707070707070707,0.043575258796203366,,,580875968.0,582566592.0,False,False,False,False,,False,198.0,1.0,1.0,,,579942784.0,579944128.0,False,False,False,False,,False,19.0,0.09595959595959595,False,False,False,False,19.0,0.09595959595959595,0.9086294416243654,,
24,S3R19B28_N24_B09_known_best_mutation,"[2,4,6,8,10,12,22,20,18,16,14,1,3,5,7,9,11,13,15,17,19,21,23,0]",,,stage3_native_combined552,False,combined80_known_best_mutation,,,,,,False,,True,PASS_TEACHER_FIELDS_EXTRACTED,,6.838659828645177e-05,0.159013420343399,583970176.0,579944576.0,,,,,,71.0,0.35858585858585856,0.06508973390892384,,,2.9523077955673216e-05,8.096076885522052e-05,False,False,False,False,,False,128.0,0.6464646464646465,0.24471204971884716,,,0.1492166519165039,0.15729529410600662,False,False,False,False,,False,152.0,0.7676767676767676,0.27727468241906345,,,580875968.0,582566592.0,False,False,False,False,,False,163.0,0.8232323232323232,0.8484848484848485,,,579942784.0,579944128.0,False,False,False,False,,False,71.0,0.35858585858585856,False,False,False,False,71.0,0.35858585858585856,0.6446700507614214,,
24,S3R19B28_N24_B10_known_best_mutation,"[0,2,4,6,8,10,12,14,16,18,20,22,11,9,7,5,3,19,21,23,17,15,13,1]",,,stage3_native_combined552,False,combined80_known_best_mutation,,,,,,False,,True,PASS_TEACHER_FIELDS_EXTRACTED,,4.000997159891995e-05,0.1574321687221527,582112512.0,579944704.0,,,,,,14.0,0.0707070707070707,0.017563749010907993,,,2.9523077955673216e-05,8.096076885522052e-05,False,False,False,False,,False,105.0,0.5303030303030303,0.20521419609048847,,,0.1492166519165039,0.15729529410600662,False,False,False,False,,False,75.0,0.3787878787878788,0.11080778826025865,,,580875968.0,582566592.0,False,False,False,False,,False,186.0,0.9393939393939394,0.9090909090909091,,,579942784.0,579944128.0,False,False,False,False,,False,14.0,0.0707070707070707,False,False,False,False,14.0,0.0707070707070707,0.934010152284264,,
40,S3R19B28_N40_B01_surrogate_top,"[1,21,23,25,27,29,31,33,35,37,39,0,2,4,6,8,10,12,14,16,18,20,22,24,26,28,30,38,36,34,32,19,17,15,13,11,9,7,5,3]",,,stage3_native_combined552,False,combined80_known_best_mutation,,,,,,False,,True,PASS_TEACHER_FIELDS_EXTRACTED,,8.087984315352514e-05,0.1614688634872436,585938752.0,579927040.0,,,,,,60.0,0.2803738317757009,0.017283317511907873,,,4.5779268475598656e-05,0.0001498124456702,False,False,False,False,,False,153.0,0.7149532710280374,0.30849567858223376,,,0.1440253555774688,0.1574980020523071,False,False,False,False,,False,172.0,0.8037383177570093,0.27673538382390767,,,581119040.0,583269440.0,False,False,False,False,,False,111.0,0.5186915887850467,0.5280898876404494,,,579924032.0,579927040.0,False,False,False,False,,False,60.0,0.2803738317757009,False,False,False,False,60.0,0.2803738317757009,0.7230046948356808,,
40,S3R19B28_N40_B02_u2_primary_top,"[0,2,4,6,8,10,12,14,16,18,20,22,24,26,28,30,32,34,36,1,21,23,25,27,29,31,33,35,37,39,38,19,17,15,13,11,9,7,5,3]",,,stage3_native_combined552,False,combined80_known_best_mutation,,,,,,False,,True,PASS_TEACHER_FIELDS_EXTRACTED,,0.0001381478778057,0.1691655367612838,583121664.0,579926336.0,,,,,,101.0,0.4719626168224299,0.0454817625589891,,,4.5779268475598656e-05,0.0001498124456702,False,False,False,False,,False,192.0,0.897196261682243,0.4446145404982041,,,0.1440253555774688,0.1574980020523071,False,False,False,False,,False,104.0,0.48598130841121495,0.11498548487855069,,,581119040.0,583269440.0,False,False,False,False,,False,54.0,0.2523364485981308,0.4044943820224719,,,579924032.0,579927040.0,False,False,False,False,,False,101.0,0.4719626168224299,False,False,False,False,101.0,0.4719626168224299,0.5305164319248826,,
40,S3R19B28_N40_B03_geometry_signal_top,"[2,23,4,25,6,27,8,29,10,31,12,33,14,35,16,37,18,39,20,1,22,3,24,5,26,7,28,9,30,11,32,13,34,15,36,17,38,19,0,21]",,,stage3_native_combined552,False,regular_jump_sweep,,,,,,False,,True,PASS_TEACHER_FIELDS_EXTRACTED,,0.0007239246517656,0.1577377021312713,585212224.0,579926080.0,,,,,,174.0,0.8130841121495327,0.3339148172410473,,,4.5779268475598656e-05,0.0001498124456702,False,False,False,False,,False,111.0,0.5186915887850467,0.24250854111171,,,0.1440253555774688,0.1574980020523071,False,False,False,False,,False,162.0,0.7570093457943925,0.23502002719288576,,,581119040.0,583269440.0,False,False,False,False,,False,37.0,0.17289719626168223,0.3595505617977528,,,579924032.0,579927040.0,False,False,False,False,,False,174.0,0.8130841121495327,False,False,False,False,174.0,0.8130841121495327,0.187793427230047,,
40,S3R19B28_N40_B04_method_c_inspired,"[0,2,4,6,8,10,12,14,16,18,20,22,24,26,28,30,32,34,36,38,19,1,21,23,25,27,29,31,33,35,37,39,17,15,13,11,9,7,5,3]",,,stage3_native_combined552,False,combined80_known_best_mutation,,,,,,False,,True,PASS_TEACHER_FIELDS_EXTRACTED,,0.0001491561724833,0.1566519737243652,583935936.0,579926208.0,,,,,,103.0,0.48130841121495327,0.050902182421722966,,,4.5779268475598656e-05,0.0001498124456702,False,False,False,False,,False,105.0,0.49065420560747663,0.223306983524958,,,0.1440253555774688,0.1574980020523071,False,False,False,False,,False,132.0,0.616822429906542,0.1617388748024841,,,581119040.0,583269440.0,False,False,False,False,,False,47.0,0.21962616822429906,0.38202247191011235,,,579924032.0,579927040.0,False,False,False,False,,False,103.0,0.48130841121495327,False,False,False,False,103.0,0.48130841121495327,0.5211267605633803,,
40,S3R19B28_N40_B05_diversity_top,"[2,35,28,21,14,7,0,33,26,19,12,5,38,31,24,17,10,3,36,29,22,15,8,1,34,27,20,13,6,39,32,25,18,11,4,37,30,23,16,9]",,,stage3_native_combined552,False,regular_jump_sweep,,,,,,False,,True,PASS_TEACHER_FIELDS_EXTRACTED,,0.0009652040533865,0.1442238241434097,585249728.0,579926016.0,,,,,,184.0,0.8598130841121495,0.45271938228196074,,,4.5779268475598656e-05,0.0001498124456702,False,False,False,False,,False,2.0,0.009345794392523364,0.0035099989774920806,,,0.1440253555774688,0.1574980020523071,False,False,False,False,,False,163.0,0.7616822429906542,0.2371734097673906,,,581119040.0,583269440.0,False,False,False,False,,False,31.0,0.14485981308411214,0.34831460674157305,,,579924032.0,579927040.0,False,False,False,False,,False,184.0,0.8598130841121495,False,False,False,False,184.0,0.8598130841121495,0.14084507042253525,,
40,S3R19B28_N40_B06_uncertainty_calibration,"[19,37,15,33,11,29,7,25,3,21,39,17,35,13,31,9,27,5,23,1,0,2,4,6,8,10,12,14,16,18,20,22,24,26,28,30,32,34,36,38]",,,stage3_native_combined552,False,regular_jump_sweep,,,,,,False,,True,PASS_TEACHER_FIELDS_EXTRACTED,,0.0002895531576996,0.1524127125740051,581119040.0,579926528.0,,,,,,146.0,0.6822429906542056,0.12003283613531887,,,4.5779268475598656e-05,0.0001498124456702,False,False,False,False,,False,20.0,0.09345794392523364,0.14833389026687574,,,0.1440253555774688,0.1574980020523071,False,False,False,False,,False,1.0,0.004672897196261682,0.0,,,581119040.0,583269440.0,False,False,False,False,,False,69.0,0.32242990654205606,0.43820224719101125,,,579924032.0,579927040.0,False,False,False,False,,False,146.0,0.6822429906542056,False,False,False,False,146.0,0.6822429906542056,0.31924882629107976,,
40,S3R19B28_N40_B07_control_sentinel,"[28,5,22,39,16,33,10,27,4,21,38,15,32,9,26,3,20,37,14,31,8,25,2,19,36,13,30,7,24,1,18,35,12,29,6,23,0,17,34,11]",,,stage3_native_combined552,False,regular_jump_sweep,,,,,,False,,True,PASS_TEACHER_FIELDS_EXTRACTED,,0.001751992967911,0.1497652232646942,589166208.0,579925568.0,,,,,,209.0,0.9766355140186916,0.8401296383632603,,,4.5779268475598656e-05,0.0001498124456702,False,False,False,False,,False,10.0,0.04672897196261682,0.1015119427985345,,,0.1440253555774688,0.1574980020523071,False,False,False,False,,False,201.0,0.9392523364485982,0.4620475508029251,,,581119040.0,583269440.0,False,False,False,False,,False,18.0,0.08411214953271028,0.2696629213483146,,,579924032.0,579927040.0,False,False,False,False,,False,209.0,0.9766355140186916,False,False,False,False,209.0,0.9766355140186916,0.023474178403755874,,
40,S3R19B28_N40_B08_known_best_mutation,"[1,21,23,25,27,28,30,32,34,36,38,0,2,4,6,8,10,12,14,16,18,20,22,24,26,29,31,33,35,37,39,19,17,15,13,11,9,7,5,3]",,,stage3_native_combined552,False,combined80_known_best_mutation,,,,,,False,,True,PASS_TEACHER_FIELDS_EXTRACTED,,0.0002107644334046,0.1547115296125412,585281536.0,579926016.0,,,,,,138.0,0.6448598130841121,0.08123772947841848,,,4.5779268475598656e-05,0.0001498124456702,False,False,False,False,,False,85.0,0.397196261682243,0.18898942388475515,,,0.1440253555774688,0.1574980020523071,False,False,False,False,,False,164.0,0.7663551401869159,0.23899974276999963,,,581119040.0,583269440.0,False,False,False,False,,False,31.0,0.14485981308411214,0.34831460674157305,,,579924032.0,579927040.0,False,False,False,False,,False,138.0,0.6448598130841121,False,False,False,False,138.0,0.6448598130841121,0.35680751173708924,,
40,S3R19B28_N40_B09_known_best_mutation,"[1,11,13,15,17,19,21,23,25,27,29,31,33,35,37,39,0,2,4,6,8,10,12,14,16,18,20,22,24,26,28,38,36,34,32,30,9,7,5,3]",,,stage3_native_combined552,False,combined80_known_best_mutation,,,,,,False,,True,PASS_TEACHER_FIELDS_EXTRACTED,,0.0001639029087527,0.1643984466791153,587828288.0,579925824.0,,,,,,114.0,0.5327102803738317,0.05816338904147351,,,4.5779268475598656e-05,0.0001498124456702,False,False,False,False,,False,178.0,0.8317757009345794,0.36030657346726574,,,0.1440253555774688,0.1574980020523071,False,False,False,False,,False,191.0,0.8925233644859814,0.3852276485503252,,,581119040.0,583269440.0,False,False,False,False,,False,27.0,0.1261682242990654,0.3146067415730337,,,579924032.0,579927040.0,False,False,False,False,,False,114.0,0.5327102803738317,False,False,False,False,114.0,0.5327102803738317,0.4694835680751174,,
40,S3R19B28_N40_B10_known_best_mutation,"[4,6,8,10,12,14,16,18,20,22,24,26,28,38,36,34,32,30,9,7,5,3,1,11,13,15,17,19,21,23,25,27,29,31,33,35,37,39,0,2]",,,stage3_native_combined552,False,combined80_known_best_mutation,,,,,,False,,True,PASS_TEACHER_FIELDS_EXTRACTED,,0.0001504687188571,0.1597595065832138,584999872.0,579926208.0,,,,,,104.0,0.48598130841121495,0.05154847257325586,,,4.5779268475598656e-05,0.0001498124456702,False,False,False,False,,False,135.0,0.6308411214953271,0.2782649921414407,,,0.1440253555774688,0.1574980020523071,False,False,False,False,,False,157.0,0.7336448598130841,0.2228273251754676,,,581119040.0,583269440.0,False,False,False,False,,False,47.0,0.21962616822429906,0.38202247191011235,,,579924032.0,579927040.0,False,False,False,False,,False,104.0,0.48598130841121495,False,False,False,False,104.0,0.48598130841121495,0.5164319248826291,,
12,S3R24L64_N12_B01_top_region,"[1,11,9,5,7,3,2,0,4,6,8,10]",1-11-9-5-7-3-2-0-4-6-8-10,59a4564dddea3d39,stage3_native_combined552,False,combined108_known_best_mutation,,,,,,False,,True,PASS_TEACHER_FIELDS_EXTRACTED,,3.981756117354962e-05,0.147611990571022,581054144.0,579938560.0,,,,,,50.0,0.5813953488372093,0.13060628751584125,,,2.20100214392005e-05,3.9525062220491236e-05,False,False,False,False,,False,30.0,0.3488372093023256,0.20826078775768417,,,0.1403219699859619,0.14851062744855875,False,False,False,False,,False,25.0,0.29069767441860467,0.058192425590823695,,,580752832.0,581293664.0,False,False,False,False,,False,17.0,0.19767441860465115,0.3103448275862069,,,579937984.0,579939520.0,False,False,False,False,,False,50.0,0.5813953488372093,False,False,False,False,50.0,0.5813953488372093,0.42352941176470593,,
12,S3R24L64_N12_B02_top_region,"[0,4,6,8,10,2,1,3,5,7,9,11]",0-4-6-8-10-2-1-3-5-7-9-11,1cde2b67a4c422fe,stage3_native_combined552,False,combined108_known_best_mutation,,,,,,False,,True,PASS_TEACHER_FIELDS_EXTRACTED,,4.743445606436581e-05,0.1485111713409423,583104000.0,579939584.0,,,,,,63.0,0.7325581395348837,0.18647107169874413,,,2.20100214392005e-05,3.9525062220491236e-05,False,False,False,False,,False,42.0,0.4883720930232558,0.23394851981483816,,,0.1403219699859619,0.14851062744855875,False,False,False,False,,False,73.0,0.8488372093023255,0.45408138040146345,,,580752832.0,581293664.0,False,False,False,False,,False,55.0,0.6395348837209303,0.8620689655172413,,,579937984.0,579939520.0,False,False,False,False,,False,63.0,0.7325581395348837,False,False,False,False,63.0,0.7325581395348837,0.2705882352941177,,
12,S3R24L64_N12_B03_model_disagreement,"[1,5,7,9,11,3,2,0,4,6,8,10]",1-5-7-9-11-3-2-0-4-6-8-10,06159883e6ddc52e,stage3_native_combined552,False,combined108_known_best_mutation,,,,,,False,,True,PASS_TEACHER_FIELDS_EXTRACTED,,4.803386900675832e-05,0.148449420928955,581267264.0,579939776.0,,,,,,64.0,0.7441860465116279,0.19086736115044328,,,2.20100214392005e-05,3.9525062220491236e-05,False,False,False,False,,False,40.0,0.46511627906976744,0.23218443845254508,,,0.1403219699859619,0.14851062744855875,False,False,False,False,,False,38.0,0.4418604651162791,0.09935231879758727,,,580752832.0,581293664.0,False,False,False,False,,False,81.0,0.9418604651162791,0.9655172413793104,,,579937984.0,579939520.0,False,False,False,False,,False,64.0,0.7441860465116279,False,False,False,False,64.0,0.7441860465116279,0.2588235294117647,,
12,S3R24L64_N12_B04_uncertainty_calibration,"[0,10,8,6,4,3,1,2,5,7,9,11]",0-10-8-6-4-3-1-2-5-7-9-11,6e7afc0358f50959,stage3_native_combined552,False,combined108_known_best_mutation,,,,,,False,,True,PASS_TEACHER_FIELDS_EXTRACTED,,4.548148990579648e-05,0.1537710577249527,581128832.0,579939520.0,,,,,,60.0,0.6976744186046512,0.17214738277708988,,,2.20100214392005e-05,3.9525062220491236e-05,False,False,False,False,,False,64.0,0.7441860465116279,0.38421257861528235,,,0.1403219699859619,0.14851062744855875,False,False,False,False,,False,31.0,0.36046511627906974,0.07261692870562642,,,580752832.0,581293664.0,False,False,False,False,,False,32.0,0.37209302325581395,0.8275862068965517,,,579937984.0,579939520.0,False,False,False,False,,False,60.0,0.6976744186046512,False,False,False,False,60.0,0.6976744186046512,0.3058823529411765,,
12,S3R24L64_N12_B05_diversity_coverage,"[8,11,6,9,1,4,7,10,2,5,0,3]",8-11-6-9-1-4-7-10-2-5-0-3,3a2cff7d7a0ab264,stage3_native_combined552,False,combined108_known_best_mutation,,,,,,False,,True,PASS_TEACHER_FIELDS_EXTRACTED,,3.9774539800419006e-05,0.1521858870983123,583000640.0,579939584.0,,,,,,49.0,0.5697674418604651,0.130290754774528,,,2.20100214392005e-05,3.9525062220491236e-05,False,False,False,False,,False,58.0,0.6744186046511628,0.33892753729303626,,,0.1403219699859619,0.14851062744855875,False,False,False,False,,False,71.0,0.8255813953488372,0.4341194502125976,,,580752832.0,581293664.0,False,False,False,False,,False,55.0,0.6395348837209303,0.8620689655172413,,,579937984.0,579939520.0,False,False,False,False,,False,49.0,0.5697674418604651,False,False,False,False,49.0,0.5697674418604651,0.43529411764705883,,
12,S3R24L64_N12_B06_tradeoff_probe,"[10,3,6,7,8,5,0,9,4,11,2,1]",10-3-6-7-8-5-0-9-4-11-2-1,d46806645d6af179,stage3_native_combined552,False,combined108_known_best_mutation,,,,,,False,,True,PASS_TEACHER_FIELDS_EXTRACTED,,0.0001155623961039,0.1631104797124862,582663488.0,579938304.0,,,,,,83.0,0.9651162790697675,0.6861435395075388,,,2.20100214392005e-05,3.9525062220491236e-05,False,False,False,False,,False,79.0,0.9186046511627907,0.651020519365305,,,0.1403219699859619,0.14851062744855875,False,False,False,False,,False,59.0,0.686046511627907,0.3690052407791951,,,580752832.0,581293664.0,False,False,False,False,,False,5.0,0.05813953488372093,0.1724137931034483,,,579937984.0,579939520.0,False,False,False,False,,False,83.0,0.9651162790697675,False,False,False,False,83.0,0.9651162790697675,0.03529411764705881,,
12,S3R24L64_N12_B07_sentinel_control,"[7,11,8,6,9,0,2,10,3,1,4,5]",7-11-8-6-9-0-2-10-3-1-4-5,0e14ff64f93518f8,stage3_native_combined552,False,geometry_first_random_sweep,,,,,,False,,True,PASS_TEACHER_FIELDS_EXTRACTED,,8.973477179097245e-05,0.1636441349983215,582725376.0,579938304.0,,,,,,78.0,0.9069767441860465,0.49671534351937235,,,2.20100214392005e-05,3.9525062220491236e-05,False,False,False,False,,False,81.0,0.9418604651162791,0.6662659454820536,,,0.1403219699859619,0.14851062744855875,False,False,False,False,,False,61.0,0.7093023255813954,0.38095767823593396,,,580752832.0,581293664.0,False,False,False,False,,False,5.0,0.05813953488372093,0.1724137931034483,,,579937984.0,579939520.0,False,False,False,False,,False,78.0,0.9069767441860465,False,False,False,False,78.0,0.9069767441860465,0.09411764705882353,,
12,S3R24L64_N12_B08_exploitation_reference,"[1,9,11,7,5,3,2,0,4,6,8,10]",1-9-11-7-5-3-2-0-4-6-8-10,aa8720987a6b16ec,stage3_native_combined552,False,combined108_known_best_mutation,,,,,,False,,True,PASS_TEACHER_FIELDS_EXTRACTED,,4.415783655531413e-05,0.1451154500246048,581017728.0,579939456.0,,,,,,59.0,0.686046511627907,0.16243927864572918,,,2.20100214392005e-05,3.9525062220491236e-05,False,False,False,False,,False,11.0,0.12790697674418605,0.13693979561516895,,,0.1403219699859619,0.14851062744855875,False,False,False,False,,False,19.0,0.22093023255813954,0.05115939879363196,,,580752832.0,581293664.0,False,False,False,False,,False,25.0,0.29069767441860467,0.7931034482758621,,,579937984.0,579939520.0,False,False,False,False,,False,59.0,0.686046511627907,False,False,False,False,59.0,0.686046511627907,0.3176470588235294,,
16,S3R24L64_N16_B01_top_region,"[0,1,3,5,7,9,11,13,15,2,4,6,8,10,12,14]",0-1-3-5-7-9-11-13-15-2-4-6-8-10-12-14,e58393cf80938931,stage3_native_combined552,False,combined108_known_best_mutation,,,,,,False,,True,PASS_TEACHER_FIELDS_EXTRACTED,,5.932159001531545e-05,0.1564416885375976,585075776.0,579948416.0,,,,,,62.0,0.7209302325581395,0.12032837487342639,,,2.926077831943985e-05,4.9522939889357076e-05,False,False,False,False,,False,68.0,0.7906976744186046,0.3136510548997033,,,0.1457871496677398,0.15198192000389094,False,False,False,False,,False,82.0,0.9534883720930233,0.6022951061049454,,,580887040.0,581493984.0,False,False,False,False,,False,74.0,0.8604651162790697,0.8666666666666667,,,579946752.0,579948288.0,False,False,False,False,,False,62.0,0.7209302325581395,False,False,False,False,62.0,0.7209302325581395,0.2823529411764706,,
16,S3R24L64_N16_B02_top_region,"[8,6,4,2,10,12,14,0,1,3,5,7,9,11,13,15]",8-6-4-2-10-12-14-0-1-3-5-7-9-11-13-15,d8810e347c863a0b,stage3_native_combined552,False,combined108_known_best_mutation,,,,,,False,,True,PASS_TEACHER_FIELDS_EXTRACTED,,4.0733349123911466e-05,0.1522163301706314,581438784.0,579948416.0,,,,,,19.0,0.22093023255813954,0.04592277196266764,,,2.926077831943985e-05,4.9522939889357076e-05,False,False,False,False,,False,47.0,0.5465116279069767,0.18926386880781726,,,0.1457871496677398,0.15198192000389094,False,False,False,False,,False,33.0,0.38372093023255816,0.07933484254504629,,,580887040.0,581493984.0,False,False,False,False,,False,74.0,0.8604651162790697,0.8666666666666667,,,579946752.0,579948288.0,False,False,False,False,,False,19.0,0.22093023255813954,False,False,False,False,19.0,0.22093023255813954,0.788235294117647,,
16,S3R24L64_N16_B03_model_disagreement,"[0,2,4,6,8,14,12,10,9,5,3,1,7,11,13,15]",0-2-4-6-8-14-12-10-9-5-3-1-7-11-13-15,7b1f9abab4fd9007,stage3_native_combined552,False,combined108_known_best_mutation,,,,,,False,,True,PASS_TEACHER_FIELDS_EXTRACTED,,7.121505268514738e-05,0.1496467143297195,581315072.0,579948224.0,,,,,,65.0,0.7558139534883721,0.16793590620548926,,,2.926077831943985e-05,4.9522939889357076e-05,False,False,False,False,,False,17.0,0.19767441860465115,0.11361885694633539,,,0.1457871496677398,0.15198192000389094,False,False,False,False,,False,28.0,0.32558139534883723,0.061546389855152484,,,580887040.0,581493984.0,False,False,False,False,,False,36.0,0.4186046511627907,0.7666666666666667,,,579946752.0,579948288.0,False,False,False,False,,False,65.0,0.7558139534883721,False,False,False,False,65.0,0.7558139534883721,0.24705882352941178,,
16,S3R24L64_N16_B04_uncertainty_calibration,"[0,2,3,5,8,14,12,10,7,1,4,6,9,11,13,15]",0-2-3-5-8-14-12-10-7-1-4-6-9-11-13-15,6f7864c0c7e0a04d,stage3_native_combined552,False,combined108_known_best_mutation,,,,,,False,,True,PASS_TEACHER_FIELDS_EXTRACTED,,4.950354787069955e-05,0.1512989699840545,584900928.0,579948288.0,,,,,,47.0,0.5465116279069767,0.08102840294809976,,,2.926077831943985e-05,4.9522939889357076e-05,False,False,False,False,,False,32.0,0.37209302325581395,0.1622583837504735,,,0.1457871496677398,0.15198192000389094,False,False,False,False,,False,81.0,0.9418604651162791,0.577153847569617,,,580887040.0,581493984.0,False,False,False,False,,False,40.0,0.46511627906976744,0.8,,,579946752.0,579948288.0,False,False,False,False,,False,47.0,0.5465116279069767,False,False,False,False,47.0,0.5465116279069767,0.45882352941176474,,
16,S3R24L64_N16_B05_diversity_coverage,"[13,15,4,6,10,12,14,8,7,5,3,1,9,11,0,2]",13-15-4-6-10-12-14-8-7-5-3-1-9-11-0-2,fdcb8720ecd084d8,stage3_native_combined552,False,combined108_known_best_mutation,,,,,,False,,True,PASS_TEACHER_FIELDS_EXTRACTED,,8.254494787252042e-05,0.1568326950073242,583419776.0,579948288.0,,,,,,67.0,0.7790697674418605,0.2132875716620112,,,2.926077831943985e-05,4.9522939889357076e-05,False,False,False,False,,False,70.0,0.813953488372093,0.32516160389674226,,,0.1457871496677398,0.15198192000389094,False,False,False,False,,False,71.0,0.8255813953488372,0.3641801483444684,,,580887040.0,581493984.0,False,False,False,False,,False,40.0,0.46511627906976744,0.8,,,579946752.0,579948288.0,False,False,False,False,,False,67.0,0.7790697674418605,False,False,False,False,67.0,0.7790697674418605,0.22352941176470587,,
16,S3R24L64_N16_B06_tradeoff_probe,"[12,13,4,11,2,9,14,5,10,1,8,7,6,15,0,3]",12-13-4-11-2-9-14-5-10-1-8-7-6-15-0-3,f57a092a90bfb679,stage3_native_combined552,False,combined108_known_best_mutation,,,,,,False,,True,PASS_TEACHER_FIELDS_EXTRACTED,,0.000173900736172,0.1697699576616287,582733120.0,579947136.0,,,,,,79.0,0.9186046511627907,0.5789694319048395,,,2.926077831943985e-05,4.9522939889357076e-05,False,False,False,False,,False,80.0,0.9302325581395349,0.706012068529878,,,0.1457871496677398,0.15198192000389094,False,False,False,False,,False,66.0,0.7674418604651163,0.26544641378167966,,,580887040.0,581493984.0,False,False,False,False,,False,6.0,0.06976744186046512,0.2,,,579946752.0,579948288.0,False,False,False,False,,False,79.0,0.9186046511627907,False,False,False,False,79.0,0.9186046511627907,0.08235294117647063,,
16,S3R24L64_N16_B07_sentinel_control,"[6,13,3,14,5,2,7,11,10,0,9,15,4,1,8,12]",6-13-3-14-5-2-7-11-10-0-9-15-4-1-8-12,8dc607f674b89d63,stage3_native_combined552,False,combined108_known_best_mutation,,,,,,False,,True,PASS_TEACHER_FIELDS_EXTRACTED,,0.0001609579915111,0.157854363322258,581490432.0,579947904.0,,,,,,77.0,0.8953488372093024,0.5271618011860226,,,2.926077831943985e-05,4.9522939889357076e-05,False,False,False,False,,False,71.0,0.8255813953488372,0.3552377384578682,,,0.1457871496677398,0.15198192000389094,False,False,False,False,,False,39.0,0.45348837209302323,0.08676126847403971,,,580887040.0,581493984.0,False,False,False,False,,False,27.0,0.313953488372093,0.6,,,579946752.0,579948288.0,False,False,False,False,,False,77.0,0.8953488372093024,False,False,False,False,77.0,0.8953488372093024,0.10588235294117643,,
16,S3R24L64_N16_B08_exploitation_reference,"[2,4,6,8,10,14,12,0,1,3,5,7,9,11,13,15]",2-4-6-8-10-14-12-0-1-3-5-7-9-11-13-15,24ca4a939f4b0812,stage3_native_combined552,False,combined108_known_best_mutation,,,,,,False,,True,PASS_TEACHER_FIELDS_EXTRACTED,,4.2947722249664366e-05,0.1522741019725799,581874176.0,579948352.0,,,,,,29.0,0.3372093023255814,0.05478653526623119,,,2.926077831943985e-05,4.9522939889357076e-05,False,False,False,False,,False,49.0,0.5697674418604651,0.1909645699686966,,,0.1457871496677398,0.15198192000389094,False,False,False,False,,False,53.0,0.6162790697674418,0.14193952110135644,,,580887040.0,581493984.0,False,False,False,False,,False,53.0,0.6162790697674418,0.8333333333333334,,,579946752.0,579948288.0,False,False,False,False,,False,29.0,0.3372093023255814,False,False,False,False,29.0,0.3372093023255814,0.6705882352941177,,
24,S3R24L64_N24_B01_top_region,"[0,2,4,6,8,22,20,18,16,14,12,10,11,9,7,5,3,1,13,15,17,23,21,19]",0-2-4-6-8-22-20-18-16-14-12-10-11-9-7-5-3-1-13-15-17-23-21-19,d5d7a577aae2fbbb,stage3_native_combined552,False,combined108_known_best_mutation,,,,,,False,,True,PASS_TEACHER_FIELDS_EXTRACTED,,7.369223112618783e-05,0.1567591875791549,581899200.0,579943680.0,,,,,,80.0,0.40404040404040403,0.07397575933373254,,,2.9523077955673216e-05,8.096076885522052e-05,False,False,False,False,,False,92.0,0.46464646464646464,0.1884038982709535,,,0.1492166519165039,0.15729529410600662,False,False,False,False,,False,52.0,0.26262626262626265,0.0916927135606343,,,580875968.0,582566592.0,False,False,False,False,,False,73.0,0.3686868686868687,0.42424242424242425,,,579942784.0,579944128.0,False,False,False,False,,False,80.0,0.40404040404040403,False,False,False,False,80.0,0.40404040404040403,0.5989847715736041,,
24,S3R24L64_N24_B02_top_region,"[0,2,4,6,8,10,12,22,20,18,16,14,1,3,5,7,23,21,19,17,15,13,11,9]",0-2-4-6-8-10-12-22-20-18-16-14-1-3-5-7-23-21-19-17-15-13-11-9,dfa42d2d41100d6a,stage3_native_combined552,False,combined108_known_best_mutation,,,,,,False,,True,PASS_TEACHER_FIELDS_EXTRACTED,,8.462275673082331e-05,0.1625818163156509,586835584.0,579944448.0,,,,,,104.0,0.5252525252525253,0.09228251582503647,,,2.9523077955673216e-05,8.096076885522052e-05,False,False,False,False,,False,162.0,0.8181818181818182,0.3338464922745135,,,0.1492166519165039,0.15729529410600662,False,False,False,False,,False,187.0,0.9444444444444444,0.5340463969259885,,,580875968.0,582566592.0,False,False,False,False,,False,145.0,0.7323232323232324,0.7878787878787878,,,579942784.0,579944128.0,False,False,False,False,,False,104.0,0.5252525252525253,False,False,False,False,104.0,0.5252525252525253,0.47715736040609136,,
24,S3R24L64_N24_B03_top_region,"[2,0,4,6,8,10,12,14,16,18,20,22,11,9,7,5,3,1,13,15,17,19,21,23]",2-0-4-6-8-10-12-14-16-18-20-22-11-9-7-5-3-1-13-15-17-19-21-23,61876ec3bbab3171,stage3_native_combined552,False,combined108_known_best_mutation,,,,,,False,,True,PASS_TEACHER_FIELDS_EXTRACTED,,6.807913905504392e-05,0.1543546617031097,581713792.0,579944640.0,,,,,,69.0,0.3484848484848485,0.06457479240620233,,,2.9523077955673216e-05,8.096076885522052e-05,False,False,False,False,,False,54.0,0.2727272727272727,0.128341597102984,,,0.1492166519165039,0.15729529410600662,False,False,False,False,,False,27.0,0.13636363636363635,0.07507814068190291,,,580875968.0,582566592.0,False,False,False,False,,False,172.0,0.8686868686868687,0.8787878787878788,,,579942784.0,579944128.0,False,False,False,False,,False,69.0,0.3484848484848485,False,False,False,False,69.0,0.3484848484848485,0.6548223350253808,,
24,S3R24L64_N24_B04_top_region,"[0,2,4,6,8,10,12,14,16,18,20,22,23,21,19,3,5,7,9,11,17,15,13,1]",0-2-4-6-8-10-12-14-16-18-20-22-23-21-19-3-5-7-9-11-17-15-13-1,ddb347cb94c3ba51,stage3_native_combined552,False,combined108_known_best_mutation,,,,,,False,,True,PASS_TEACHER_FIELDS_EXTRACTED,,8.125130443659145e-05,0.1610715538263321,583307264.0,579944448.0,,,,,,96.0,0.48484848484848486,0.08663591122384731,,,2.9523077955673216e-05,8.096076885522052e-05,False,False,False,False,,False,149.0,0.7525252525252525,0.29612186581911115,,,0.1492166519165039,0.15729529410600662,False,False,False,False,,False,135.0,0.6818181818181818,0.21787055888509735,,,580875968.0,582566592.0,False,False,False,False,,False,145.0,0.7323232323232324,0.7878787878787878,,,579942784.0,579944128.0,False,False,False,False,,False,96.0,0.48484848484848486,False,False,False,False,96.0,0.48484848484848486,0.5177664974619289,,
24,S3R24L64_N24_B05_top_region,"[0,2,4,6,8,10,12,18,20,22,16,14,1,3,5,7,9,11,13,15,17,19,21,23]",0-2-4-6-8-10-12-18-20-22-16-14-1-3-5-7-9-11-13-15-17-19-21-23,30f88e82766f163e,stage3_native_combined552,False,combined108_known_best_mutation,,,,,,False,,True,PASS_TEACHER_FIELDS_EXTRACTED,,6.770852269255556e-05,0.1572423726320266,586670400.0,579943872.0,,,,,,68.0,0.3434343434343434,0.06395407353638971,,,2.9523077955673216e-05,8.096076885522052e-05,False,False,False,False,,False,98.0,0.494949494949495,0.20047330723617204,,,0.1492166519165039,0.15729529410600662,False,False,False,False,,False,185.0,0.9343434343434344,0.5192441143578126,,,580875968.0,582566592.0,False,False,False,False,,False,83.0,0.41919191919191917,0.5151515151515151,,,579942784.0,579944128.0,False,False,False,False,,False,68.0,0.3434343434343434,False,False,False,False,68.0,0.3434343434343434,0.6598984771573604,,
24,S3R24L64_N24_B06_model_disagreement,"[11,21,7,17,9,13,23,3,19,5,15,1,0,2,4,6,8,10,12,14,16,18,20,22]",11-21-7-17-9-13-23-3-19-5-15-1-0-2-4-6-8-10-12-14-16-18-20-22,5e8f606e284ef168,stage3_native_combined552,False,combined108_known_best_mutation,,,,,,False,,True,PASS_TEACHER_FIELDS_EXTRACTED,,8.061707694650977e-05,0.1534445732831955,580875968.0,579944640.0,,,,,,94.0,0.47474747474747475,0.08557368890801537,,,2.9523077955673216e-05,8.096076885522052e-05,False,False,False,False,,False,34.0,0.1717171717171717,0.10560863119443094,,,0.1492166519165039,0.15729529410600662,False,False,False,False,,False,1.0,0.005050505050505051,0.0,,,580875968.0,582566592.0,False,False,False,False,,False,172.0,0.8686868686868687,0.8787878787878788,,,579942784.0,579944128.0,False,False,False,False,,False,94.0,0.47474747474747475,False,False,False,False,94.0,0.47474747474747475,0.5279187817258884,,
24,S3R24L64_N24_B07_model_disagreement,"[11,5,7,17,3,13,23,9,19,21,15,1,0,2,4,6,8,10,12,14,16,18,20,22]",11-5-7-17-3-13-23-9-19-21-15-1-0-2-4-6-8-10-12-14-16-18-20-22,c892039c42dfb0f4,stage3_native_combined552,False,combined108_known_best_mutation,,,,,,False,,True,PASS_TEACHER_FIELDS_EXTRACTED,,7.37363538974023e-05,0.1538069397211074,581218368.0,579944576.0,,,,,,82.0,0.41414141414141414,0.07404965741124148,,,2.9523077955673216e-05,8.096076885522052e-05,False,False,False,False,,False,38.0,0.1919191919191919,0.114660129597445,,,0.1492166519165039,0.15729529410600662,False,False,False,False,,False,11.0,0.05555555555555555,0.030682763169214006,,,580875968.0,582566592.0,False,False,False,False,,False,163.0,0.8232323232323232,0.8484848484848485,,,579942784.0,579944128.0,False,False,False,False,,False,82.0,0.41414141414141414,False,False,False,False,82.0,0.41414141414141414,0.5888324873096447,,
24,S3R24L64_N24_B08_model_disagreement,"[11,21,7,17,3,13,5,9,19,23,15,1,0,2,4,6,8,10,12,14,16,18,20,22]",11-21-7-17-3-13-5-9-19-23-15-1-0-2-4-6-8-10-12-14-16-18-20-22,7045906b4126d893,stage3_native_combined552,False,combined108_known_best_mutation,,,,,,False,,True,PASS_TEACHER_FIELDS_EXTRACTED,,8.019874189812981e-05,0.1531224399805069,581032512.0,579944640.0,,,,,,92.0,0.46464646464646464,0.08487304942008242,,,2.9523077955673216e-05,8.096076885522052e-05,False,False,False,False,,False,29.0,0.14646464646464646,0.09756211040832999,,,0.1492166519165039,0.15729529410600662,False,False,False,False,,False,4.0,0.020202020202020204,0.014028044619046253,,,580875968.0,582566592.0,False,False,False,False,,False,172.0,0.8686868686868687,0.8787878787878788,,,579942784.0,579944128.0,False,False,False,False,,False,92.0,0.46464646464646464,False,False,False,False,92.0,0.46464646464646464,0.5380710659898478,,
24,S3R24L64_N24_B09_model_disagreement,"[11,21,7,17,3,13,23,9,19,5,15,1,0,2,4,6,8,10,12,22,20,18,16,14]",11-21-7-17-3-13-23-9-19-5-15-1-0-2-4-6-8-10-12-22-20-18-16-14,245a8b26b41f99ed,stage3_native_combined552,False,combined108_known_best_mutation,,,,,,False,,True,PASS_TEACHER_FIELDS_EXTRACTED,,6.930613835720578e-05,0.1627024710178375,587378304.0,579943680.0,,,,,,75.0,0.3787878787878788,0.06662980588425053,,,2.9523077955673216e-05,8.096076885522052e-05,False,False,False,False,,False,163.0,0.8232323232323232,0.3368603084834625,,,0.1492166519165039,0.15729529410600662,False,False,False,False,,False,192.0,0.9696969696969697,0.5826800103231726,,,580875968.0,582566592.0,False,False,False,False,,False,73.0,0.3686868686868687,0.42424242424242425,,,579942784.0,579944128.0,False,False,False,False,,False,75.0,0.3787878787878788,False,False,False,False,75.0,0.3787878787878788,0.6243654822335025,,
24,S3R24L64_N24_B10_uncertainty_calibration,"[0,2,4,6,8,10,13,14,16,18,20,22,11,9,7,5,3,1,12,15,17,19,21,23]",0-2-4-6-8-10-13-14-16-18-20-22-11-9-7-5-3-1-12-15-17-19-21-23,1ee1ce45fe1ba3e6,stage3_native_combined552,False,combined108_known_best_mutation,,,,,,False,,True,PASS_TEACHER_FIELDS_EXTRACTED,,7.942568845464848e-05,0.1542500406503677,581681088.0,579944640.0,,,,,,89.0,0.4494949494949495,0.08357831743221031,,,2.9523077955673216e-05,8.096076885522052e-05,False,False,False,False,,False,49.0,0.2474747474747475,0.12572828308507233,,,0.1492166519165039,0.15729529410600662,False,False,False,False,,False,25.0,0.12626262626262627,0.072147506667049,,,580875968.0,582566592.0,False,False,False,False,,False,172.0,0.8686868686868687,0.8787878787878788,,,579942784.0,579944128.0,False,False,False,False,,False,89.0,0.4494949494949495,False,False,False,False,89.0,0.4494949494949495,0.5532994923857868,,
24,S3R24L64_N24_B11_uncertainty_calibration,"[11,21,7,17,3,13,23,9,19,5,15,1,0,2,20,6,8,10,12,14,16,18,4,22]",11-21-7-17-3-13-23-9-19-5-15-1-0-2-20-6-8-10-12-14-16-18-4-22,e54c35986492c68a,stage3_native_combined552,False,combined108_known_best_mutation,,,,,,False,,True,PASS_TEACHER_FIELDS_EXTRACTED,,0.0001170783098132,0.1543570160865783,581163200.0,579943360.0,,,,,,129.0,0.6515151515151515,0.1466400031555346,,,2.9523077955673216e-05,8.096076885522052e-05,False,False,False,False,,False,55.0,0.2777777777777778,0.12840040690426946,,,0.1492166519165039,0.15729529410600662,False,False,False,False,,False,9.0,0.045454545454545456,0.02573911048662289,,,580875968.0,582566592.0,False,False,False,False,,False,12.0,0.06060606060606061,0.2727272727272727,,,579942784.0,579944128.0,False,False,False,False,,False,129.0,0.6515151515151515,False,False,False,False,129.0,0.6515151515151515,0.35025380710659904,,
24,S3R24L64_N24_B12_uncertainty_calibration,"[11,21,7,17,3,13,23,9,19,5,15,1,0,18,4,6,8,10,12,14,16,2,20,22]",11-21-7-17-3-13-23-9-19-5-15-1-0-18-4-6-8-10-12-14-16-2-20-22,97c3cadc95217af2,stage3_native_combined552,False,combined108_known_best_mutation,,,,,,False,,True,PASS_TEACHER_FIELDS_EXTRACTED,,0.00011106191414,0.1553478837013244,581244224.0,579943488.0,,,,,,124.0,0.6262626262626263,0.1365635718357179,,,2.9523077955673216e-05,8.096076885522052e-05,False,False,False,False,,False,65.0,0.3282828282828283,0.15315114453922962,,,0.1492166519165039,0.15729529410600662,False,False,False,False,,False,12.0,0.06060606060606061,0.032999741920683626,,,580875968.0,582566592.0,False,False,False,False,,False,18.0,0.09090909090909091,0.3333333333333333,,,579942784.0,579944128.0,False,False,False,False,,False,124.0,0.6262626262626263,False,False,False,False,124.0,0.6262626262626263,0.3756345177664975,,
24,S3R24L64_N24_B13_uncertainty_calibration,"[0,2,4,6,8,10,12,14,16,18,19,22,11,9,7,5,3,1,13,15,17,20,21,23]",0-2-4-6-8-10-12-14-16-18-19-22-11-9-7-5-3-1-13-15-17-20-21-23,429442f9a7ee440f,stage3_native_combined552,False,combined108_known_best_mutation,,,,,,False,,True,PASS_TEACHER_FIELDS_EXTRACTED,,7.370208913926035e-05,0.1641812026500702,581645440.0,579944640.0,,,,,,81.0,0.4090909090909091,0.07399226981560088,,,2.9523077955673216e-05,8.096076885522052e-05,False,False,False,False,,False,172.0,0.8686868686868687,0.3737973302583505,,,0.1492166519165039,0.15729529410600662,False,False,False,False,,False,23.0,0.11616161616161616,0.06895305823989906,,,580875968.0,582566592.0,False,False,False,False,,False,172.0,0.8686868686868687,0.8787878787878788,,,579942784.0,579944128.0,False,False,False,False,,False,81.0,0.4090909090909091,False,False,False,False,81.0,0.4090909090909091,0.5939086294416244,,
24,S3R24L64_N24_B14_diversity_coverage,"[12,14,16,18,3,13,23,9,19,5,15,1,0,2,4,6,8,10,11,21,7,17,20,22]",12-14-16-18-3-13-23-9-19-5-15-1-0-2-4-6-8-10-11-21-7-17-20-22,fdb98a247a7f0f60,stage3_native_combined552,False,combined108_known_best_mutation,,,,,,False,,True,PASS_TEACHER_FIELDS_EXTRACTED,,0.0002087160146402,0.1766754388809204,581457152.0,579944384.0,,,,,,156.0,0.7878787878787878,0.30011744864803985,,,2.9523077955673216e-05,8.096076885522052e-05,False,False,False,False,,False,189.0,0.9545454545454546,0.6858890348381084,,,0.1492166519165039,0.15729529410600662,False,False,False,False,,False,17.0,0.08585858585858586,0.0520804060447911,,,580875968.0,582566592.0,False,False,False,False,,False,120.0,0.6060606060606061,0.7575757575757576,,,579942784.0,579944128.0,False,False,False,False,,False,156.0,0.7878787878787878,False,False,False,False,156.0,0.7878787878787878,0.21319796954314718,,
24,S3R24L64_N24_B15_diversity_coverage,"[0,2,4,15,17,19,21,14,16,18,20,22,11,9,7,5,3,1,13,6,8,10,12,23]",0-2-4-15-17-19-21-14-16-18-20-22-11-9-7-5-3-1-13-6-8-10-12-23,61435e6dddaa6fd2,stage3_native_combined552,False,combined108_known_best_mutation,,,,,,False,,True,PASS_TEACHER_FIELDS_EXTRACTED,,8.884969702194212e-05,0.1608411371707916,583299520.0,579944384.0,,,,,,108.0,0.5454545454545454,0.09936191615872005,,,2.9523077955673216e-05,8.096076885522052e-05,False,False,False,False,,False,146.0,0.7373737373737373,0.2903663217856439,,,0.1492166519165039,0.15729529410600662,False,False,False,False,,False,134.0,0.6767676767676768,0.21717661227884036,,,580875968.0,582566592.0,False,False,False,False,,False,120.0,0.6060606060606061,0.7575757575757576,,,579942784.0,579944128.0,False,False,False,False,,False,108.0,0.5454545454545454,False,False,False,False,108.0,0.5454545454545454,0.4568527918781726,,
24,S3R24L64_N24_B16_diversity_coverage,"[0,2,15,17,19,21,12,14,16,18,20,22,11,9,7,5,3,1,13,4,6,8,10,23]",0-2-15-17-19-21-12-14-16-18-20-22-11-9-7-5-3-1-13-4-6-8-10-23,01f2cb7f75d2ba0f,stage3_native_combined552,False,combined108_known_best_mutation,,,,,,False,,True,PASS_TEACHER_FIELDS_EXTRACTED,,8.727337626623921e-05,0.1625741869211197,583067200.0,579944704.0,,,,,,107.0,0.5404040404040404,0.09672184913261077,,,2.9523077955673216e-05,8.096076885522052e-05,False,False,False,False,,False,161.0,0.8131313131313131,0.3336559187412325,,,0.1492166519165039,0.15729529410600662,False,False,False,False,,False,119.0,0.601010101010101,0.19635821409113066,,,580875968.0,582566592.0,False,False,False,False,,False,186.0,0.9393939393939394,0.9090909090909091,,,579942784.0,579944128.0,False,False,False,False,,False,107.0,0.5404040404040404,False,False,False,False,107.0,0.5404040404040404,0.46192893401015234,,
24,S3R24L64_N24_B17_diversity_coverage,"[0,2,17,15,13,1,12,14,16,18,20,22,11,9,7,5,3,19,21,23,4,6,8,10]",0-2-17-15-13-1-12-14-16-18-20-22-11-9-7-5-3-19-21-23-4-6-8-10,6644531cea779794,stage3_native_combined552,False,combined108_known_best_mutation,,,,,,False,,True,PASS_TEACHER_FIELDS_EXTRACTED,,0.0001864545752141,0.1623059958219528,584355136.0,579943296.0,,,,,,146.0,0.7373737373737373,0.262833354043596,,,2.9523077955673216e-05,8.096076885522052e-05,False,False,False,False,,False,158.0,0.797979797979798,0.32695681238966157,,,0.1492166519165039,0.15729529410600662,False,False,False,False,,False,158.0,0.797979797979798,0.3117712843747312,,,580875968.0,582566592.0,False,False,False,False,,False,9.0,0.045454545454545456,0.24242424242424243,,,579942784.0,579944128.0,False,False,False,False,,False,146.0,0.7373737373737373,False,False,False,False,146.0,0.7373737373737373,0.2639593908629442,,
24,S3R24L64_N24_B18_tradeoff_probe,"[17,4,15,6,1,18,23,14,5,22,3,2,11,16,13,8,21,10,7,12,9,20,19,0]",17-4-15-6-1-18-23-14-5-22-3-2-11-16-13-8-21-10-7-12-9-20-19-0,5847234d7bb5fec7,stage3_native_combined552,False,combined108_known_best_mutation,,,,,,False,,True,PASS_TEACHER_FIELDS_EXTRACTED,,0.0002899126045576,0.1693079322576522,583853568.0,579943168.0,,,,,,173.0,0.8737373737373737,0.4361078166603269,,,2.9523077955673216e-05,8.096076885522052e-05,False,False,False,False,,False,182.0,0.9191919191919192,0.5018571614146646,,,0.1492166519165039,0.15729529410600662,False,False,False,False,,False,150.0,0.7575757575757576,0.26682533765377225,,,580875968.0,582566592.0,False,False,False,False,,False,7.0,0.03535353535353535,0.18181818181818182,,,579942784.0,579944128.0,False,False,False,False,,False,173.0,0.8737373737373737,False,False,False,False,173.0,0.8737373737373737,0.12690355329949243,,
24,S3R24L64_N24_B19_tradeoff_probe,"[17,19,21,23,8,10,12,22,20,18,16,14,7,5,3,1,9,11,13,15,0,2,4,6]",17-19-21-23-8-10-12-22-20-18-16-14-7-5-3-1-9-11-13-15-0-2-4-6,8347904d193448a1,stage3_native_combined552,False,combined108_known_best_mutation,,,,,,False,,True,PASS_TEACHER_FIELDS_EXTRACTED,,5.976830379950116e-05,0.1647088974714279,585381696.0,579944000.0,,,,,,57.0,0.2878787878787879,0.05065556813778813,,,2.9523077955673216e-05,8.096076885522052e-05,False,False,False,False,,False,174.0,0.8787878787878788,0.38697854223902295,,,0.1492166519165039,0.15729529410600662,False,False,False,False,,False,168.0,0.8484848484848485,0.40376222292317837,,,580875968.0,582566592.0,False,False,False,False,,False,89.0,0.4494949494949495,0.5757575757575758,,,579942784.0,579944128.0,False,False,False,False,,False,57.0,0.2878787878787879,False,False,False,False,57.0,0.2878787878787879,0.7157360406091371,,
24,S3R24L64_N24_B20_tradeoff_probe,"[17,19,21,23,8,10,12,22,20,18,16,14,3,1,5,7,9,11,13,15,0,2,4,6]",17-19-21-23-8-10-12-22-20-18-16-14-3-1-5-7-9-11-13-15-0-2-4-6,82d8cc4867e4c247,stage3_native_combined552,False,combined108_known_best_mutation,,,,,,False,,True,PASS_TEACHER_FIELDS_EXTRACTED,,5.346994021238061e-05,0.1653908491134643,585390080.0,579944832.0,,,,,,48.0,0.24242424242424243,0.04010688890188631,,,2.9523077955673216e-05,8.096076885522052e-05,False,False,False,False,,False,176.0,0.8888888888888888,0.40401291284573476,,,0.1492166519165039,0.15729529410600662,False,False,False,False,,False,169.0,0.8535353535353535,0.40451352048863015,,,580875968.0,582566592.0,False,False,False,False,,False,193.0,0.9747474747474747,0.9696969696969697,,,579942784.0,579944128.0,False,False,False,False,,False,48.0,0.24242424242424243,False,False,False,False,48.0,0.24242424242424243,0.7614213197969544,,
24,S3R24L64_N24_B21_sentinel_control,"[18,13,14,21,12,5,10,15,2,23,16,1,6,3,4,11,22,19,0,7,20,17,8,9]",18-13-14-21-12-5-10-15-2-23-16-1-6-3-4-11-22-19-0-7-20-17-8-9,2b407e089be11262,stage3_native_combined552,False,combined108_known_best_mutation,,,,,,False,,True,PASS_TEACHER_FIELDS_EXTRACTED,,0.0004048996659093,0.1666337102651596,584805888.0,579944128.0,,,,,,181.0,0.9141414141414141,0.6286914313881931,,,2.9523077955673216e-05,8.096076885522052e-05,False,False,False,False,,False,179.0,0.9040404040404041,0.43505816028797506,,,0.1492166519165039,0.15729529410600662,False,False,False,False,,False,164.0,0.8282828282828283,0.35216356493562356,,,580875968.0,582566592.0,False,False,False,False,,False,95.0,0.4797979797979798,0.6363636363636364,,,579942784.0,579944128.0,False,False,False,False,,False,181.0,0.9141414141414141,False,False,False,False,181.0,0.9141414141414141,0.08629441624365486,,
24,S3R24L64_N24_B22_sentinel_control,"[21,7,16,0,14,4,19,5,12,20,8,15,23,10,3,11,1,2,6,17,13,22,18,9]",21-7-16-0-14-4-19-5-12-20-8-15-23-10-3-11-1-2-6-17-13-22-18-9,0c3c572ce8b1aad9,stage3_native_combined552,False,combined108_known_best_mutation,,,,,,False,,True,PASS_TEACHER_FIELDS_EXTRACTED,,0.000283742554302,0.1525747328996658,582417280.0,579944000.0,,,,,,172.0,0.8686868686868687,0.42577404025707,,,2.9523077955673216e-05,8.096076885522052e-05,False,False,False,False,,False,20.0,0.10101010101010101,0.08388101511672386,,,0.1492166519165039,0.15729529410600662,False,False,False,False,,False,91.0,0.4595959595959596,0.13811831502881886,,,580875968.0,582566592.0,False,False,False,False,,False,89.0,0.4494949494949495,0.5757575757575758,,,579942784.0,579944128.0,False,False,False,False,,False,172.0,0.8686868686868687,False,False,False,False,172.0,0.8686868686868687,0.13197969543147203,,
24,S3R24L64_N24_B23_exploitation_reference,"[0,2,4,6,8,10,12,14,16,18,20,22,11,1,3,5,7,9,13,15,17,19,21,23]",0-2-4-6-8-10-12-14-16-18-20-22-11-1-3-5-7-9-13-15-17-19-21-23,9682d973aa5c8db4,stage3_native_combined552,False,combined108_known_best_mutation,,,,,,False,,True,PASS_TEACHER_FIELDS_EXTRACTED,,5.36375810042955e-05,0.1543297171592712,586287680.0,579944640.0,,,,,,49.0,0.2474747474747475,0.0403876584885102,,,2.9523077955673216e-05,8.096076885522052e-05,False,False,False,False,,False,53.0,0.2676767676767677,0.12771851098049658,,,0.1492166519165039,0.15729529410600662,False,False,False,False,,False,184.0,0.9292929292929293,0.4849482407593267,,,580875968.0,582566592.0,False,False,False,False,,False,172.0,0.8686868686868687,0.8787878787878788,,,579942784.0,579944128.0,False,False,False,False,,False,49.0,0.2474747474747475,False,False,False,False,49.0,0.2474747474747475,0.7563451776649746,,
24,S3R24L64_N24_B24_exploitation_reference,"[0,2,4,6,8,10,12,14,16,18,20,22,11,9,1,3,5,7,13,15,17,19,21,23]",0-2-4-6-8-10-12-14-16-18-20-22-11-9-1-3-5-7-13-15-17-19-21-23,88e73e9ad94ac53f,stage3_native_combined552,False,combined108_known_best_mutation,,,,,,False,,True,PASS_TEACHER_FIELDS_EXTRACTED,,7.06063701727544e-05,0.1538756042718887,586210112.0,579944640.0,,,,,,76.0,0.3838383838383838,0.06880747126745955,,,2.9523077955673216e-05,8.096076885522052e-05,False,False,False,False,,False,40.0,0.20202020202020202,0.11637529139698163,,,0.1492166519165039,0.15729529410600662,False,False,False,False,,False,182.0,0.9191919191919192,0.47799730450491784,,,580875968.0,582566592.0,False,False,False,False,,False,172.0,0.8686868686868687,0.8787878787878788,,,579942784.0,579944128.0,False,False,False,False,,False,76.0,0.3838383838383838,False,False,False,False,76.0,0.3838383838383838,0.6192893401015229,,
40,S3R24L64_N40_B01_top_region,"[0,2,4,6,8,10,12,38,36,34,32,30,28,26,24,22,20,18,16,14,19,17,15,13,11,9,7,5,3,1,21,23,25,27,29,31,33,35,37,39]",0-2-4-6-8-10-12-38-36-34-32-30-28-26-24-22-20-18-16-14-19-17-15-13-11-9-7-5-3-1-21-23-25-27-29-31-33-35-37-39,cc574ee97e23d3a0,stage3_native_combined552,False,combined108_known_best_mutation,,,,,,False,,True,PASS_TEACHER_FIELDS_EXTRACTED,,0.0001945985031852,0.162837952375412,581591424.0,579927552.0,,,,,,129.0,0.602803738317757,0.07327772006487056,,,4.5779268475598656e-05,0.0001498124456702,False,False,False,False,,False,165.0,0.7710280373831776,0.3327085839095061,,,0.1440253555774688,0.1574980020523071,False,False,False,False,,False,3.0,0.014018691588785047,0.02712306618160438,,,581119040.0,583269440.0,False,False,False,False,,False,146.0,0.6822429906542056,0.6179775280898876,,,579924032.0,579927040.0,False,False,False,False,,False,129.0,0.602803738317757,False,False,False,False,129.0,0.602803738317757,0.39906103286384975,,
40,S3R24L64_N40_B02_top_region,"[33,35,37,39,0,2,4,6,8,10,12,14,16,18,20,22,24,26,28,38,36,34,32,30,9,7,5,3,1,11,13,15,17,19,21,23,25,27,29,31]",33-35-37-39-0-2-4-6-8-10-12-14-16-18-20-22-24-26-28-38-36-34-32-30-9-7-5-3-1-11-13-15-17-19-21-23-25-27-29-31,198304997aa51f7f,stage3_native_combined552,False,combined108_known_best_mutation,,,,,,False,,True,PASS_TEACHER_FIELDS_EXTRACTED,,0.0001227253760589,0.1667737364768982,598535360.0,579927040.0,,,,,,95.0,0.4439252336448598,0.03788781297372708,,,4.5779268475598656e-05,0.0001498124456702,False,False,False,False,,False,188.0,0.8785046728971962,0.4023145595780108,,,0.1440253555774688,0.1574980020523071,False,False,False,False,,False,214.0,1.0,1.0,,,581119040.0,583269440.0,False,False,False,False,,False,111.0,0.5186915887850467,0.5280898876404494,,,579924032.0,579927040.0,False,False,False,False,,False,95.0,0.4439252336448598,False,False,False,False,95.0,0.4439252336448598,0.5586854460093897,,
40,S3R24L64_N40_B03_top_region,"[31,33,35,37,39,0,2,4,6,8,10,12,14,16,18,20,22,24,26,28,30,38,36,34,32,19,17,15,13,11,9,7,5,3,1,21,23,25,27,29]",31-33-35-37-39-0-2-4-6-8-10-12-14-16-18-20-22-24-26-28-30-38-36-34-32-19-17-15-13-11-9-7-5-3-1-21-23-25-27-29,c1c108e2813bd09b,stage3_native_combined552,False,combined108_known_best_mutation,,,,,,False,,True,PASS_TEACHER_FIELDS_EXTRACTED,,0.0001059363503372,0.1590581983327865,592258240.0,579925632.0,,,,,,83.0,0.3878504672897196,0.02962099498210579,,,4.5779268475598656e-05,0.0001498124456702,False,False,False,False,,False,127.0,0.5934579439252337,0.2658620646035884,,,0.1440253555774688,0.1574980020523071,False,False,False,False,,False,209.0,0.9766355140186916,0.6395840223422629,,,581119040.0,583269440.0,False,False,False,False,,False,20.0,0.09345794392523364,0.2808988764044944,,,579924032.0,579927040.0,False,False,False,False,,False,83.0,0.3878504672897196,False,False,False,False,83.0,0.3878504672897196,0.6150234741784038,,
40,S3R24L64_N40_B04_top_region,"[31,33,35,37,39,0,2,10,8,6,4,12,14,16,18,20,22,24,26,28,30,32,34,36,38,19,17,15,13,11,9,7,5,3,1,21,23,25,27,29]",31-33-35-37-39-0-2-10-8-6-4-12-14-16-18-20-22-24-26-28-30-32-34-36-38-19-17-15-13-11-9-7-5-3-1-21-23-25-27-29,baa132a2934e1658,stage3_native_combined552,False,combined108_known_best_mutation,,,,,,False,,True,PASS_TEACHER_FIELDS_EXTRACTED,,0.0001603593141226,0.1599376946687698,581768896.0,579925632.0,,,,,,112.0,0.5233644859813084,0.05641854378787073,,,4.5779268475598656e-05,0.0001498124456702,False,False,False,False,,False,137.0,0.6401869158878505,0.2814163224044358,,,0.1440253555774688,0.1574980020523071,False,False,False,False,,False,7.0,0.03271028037383177,0.03731304891044721,,,581119040.0,583269440.0,False,False,False,False,,False,20.0,0.09345794392523364,0.2808988764044944,,,579924032.0,579927040.0,False,False,False,False,,False,112.0,0.5233644859813084,False,False,False,False,112.0,0.5233644859813084,0.47887323943661975,,
40,S3R24L64_N40_B05_top_region,"[33,35,37,39,0,2,4,6,8,10,12,14,16,18,20,22,24,26,28,30,38,36,34,32,19,17,15,13,11,9,7,5,3,1,21,23,25,27,29,31]",33-35-37-39-0-2-4-6-8-10-12-14-16-18-20-22-24-26-28-30-38-36-34-32-19-17-15-13-11-9-7-5-3-1-21-23-25-27-29-31,742ef66aad688f36,stage3_native_combined552,False,combined108_known_best_mutation,,,,,,False,,True,PASS_TEACHER_FIELDS_EXTRACTED,,8.880928180587944e-05,0.1641431897878646,595921664.0,579925632.0,,,,,,68.0,0.3177570093457944,0.021187726689744446,,,4.5779268475598656e-05,0.0001498124456702,False,False,False,False,,False,176.0,0.822429906542056,0.3557922493825415,,,0.1440253555774688,0.1574980020523071,False,False,False,False,,False,213.0,0.9953271028037384,0.8499283430713263,,,581119040.0,583269440.0,False,False,False,False,,False,20.0,0.09345794392523364,0.2808988764044944,,,579924032.0,579927040.0,False,False,False,False,,False,68.0,0.3177570093457944,False,False,False,False,68.0,0.3177570093457944,0.6854460093896714,,
40,S3R24L64_N40_B06_model_disagreement,"[8,10,12,14,16,18,20,22,24,26,28,30,32,34,36,38,19,1,21,23,25,27,29,31,33,35,37,39,17,15,13,11,9,7,5,3,0,2,4,6]",8-10-12-14-16-18-20-22-24-26-28-30-32-34-36-38-19-1-21-23-25-27-29-31-33-35-37-39-17-15-13-11-9-7-5-3-0-2-4-6,04fb04483e06ab57,stage3_native_combined552,False,combined108_known_best_mutation,,,,,,False,,True,PASS_TEACHER_FIELDS_EXTRACTED,,0.0002016615144384,0.1611578613519668,583783872.0,579927360.0,,,,,,133.0,0.6214953271028038,0.07675550546295411,,,4.5779268475598656e-05,0.0001498124456702,False,False,False,False,,False,149.0,0.6962616822429907,0.3029954767157861,,,0.1440253555774688,0.1574980020523071,False,False,False,False,,False,128.0,0.5981308411214953,0.15300775364715394,,,581119040.0,583269440.0,False,False,False,False,,False,121.0,0.5654205607476636,0.5842696629213483,,,579924032.0,579927040.0,False,False,False,False,,False,133.0,0.6214953271028038,False,False,False,False,133.0,0.6214953271028038,0.3802816901408451,,
40,S3R24L64_N40_B07_model_disagreement,"[12,14,16,18,20,22,24,26,28,30,32,34,36,38,19,1,21,23,25,27,29,31,33,35,37,39,17,15,13,11,9,7,5,3,0,2,4,6,8,10]",12-14-16-18-20-22-24-26-28-30-32-34-36-38-19-1-21-23-25-27-29-31-33-35-37-39-17-15-13-11-9-7-5-3-0-2-4-6-8-10,42b2cce7b6cd3830,stage3_native_combined552,False,combined108_known_best_mutation,,,,,,False,,True,PASS_TEACHER_FIELDS_EXTRACTED,,0.0002165191526728,0.1629427224397659,584747776.0,579928896.0,,,,,,140.0,0.6542056074766355,0.0840713195611114,,,4.5779268475598656e-05,0.0001498124456702,False,False,False,False,,False,167.0,0.780373831775701,0.3345614859900477,,,0.1440253555774688,0.1574980020523071,False,False,False,False,,False,156.0,0.7289719626168224,0.2083526255833609,,,581119040.0,583269440.0,False,False,False,False,,False,211.0,0.985981308411215,0.8539325842696629,,,579924032.0,579927040.0,False,False,False,False,,False,140.0,0.6542056074766355,False,False,False,False,140.0,0.6542056074766355,0.3474178403755869,,
40,S3R24L64_N40_B08_model_disagreement,"[0,2,4,6,8,10,12,14,16,18,20,22,24,26,28,30,32,34,36,38,19,17,15,9,7,5,3,1,11,13,21,23,25,27,29,31,33,35,37,39]",0-2-4-6-8-10-12-14-16-18-20-22-24-26-28-30-32-34-36-38-19-17-15-9-7-5-3-1-11-13-21-23-25-27-29-31-33-35-37-39,8a1c069e8cc3aab3,stage3_native_combined552,False,combined108_known_best_mutation,,,,,,False,,True,PASS_TEACHER_FIELDS_EXTRACTED,,0.0001989352308555,0.1538123935461044,582634112.0,579927424.0,,,,,,131.0,0.6121495327102804,0.07541309938490222,,,4.5779268475598656e-05,0.0001498124456702,False,False,False,False,,False,68.0,0.3177570093457944,0.17308782929793784,,,0.1440253555774688,0.1574980020523071,False,False,False,False,,False,90.0,0.4205607476635514,0.08699151140998787,,,581119040.0,583269440.0,False,False,False,False,,False,123.0,0.5747663551401869,0.5955056179775281,,,579924032.0,579927040.0,False,False,False,False,,False,131.0,0.6121495327102804,False,False,False,False,131.0,0.6121495327102804,0.3896713615023474,,
40,S3R24L64_N40_B09_model_disagreement,"[14,16,18,20,22,24,26,28,30,32,34,36,38,19,1,21,23,25,27,29,31,33,35,37,39,17,15,13,11,9,7,5,3,0,2,4,6,8,10,12]",14-16-18-20-22-24-26-28-30-32-34-36-38-19-1-21-23-25-27-29-31-33-35-37-39-17-15-13-11-9-7-5-3-0-2-4-6-8-10-12,9416203917957318,stage3_native_combined552,False,combined108_known_best_mutation,,,,,,False,,True,PASS_TEACHER_FIELDS_EXTRACTED,,0.0002083318340737,0.1643828004598617,585395200.0,579929024.0,,,,,,136.0,0.6355140186915887,0.08003993180698493,,,4.5779268475598656e-05,0.0001498124456702,False,False,False,False,,False,177.0,0.8271028037383178,0.36002986358466355,,,0.1440253555774688,0.1574980020523071,False,False,False,False,,False,167.0,0.780373831775701,0.2455260353507515,,,581119040.0,583269440.0,False,False,False,False,,False,212.0,0.9906542056074766,0.8764044943820225,,,579924032.0,579927040.0,False,False,False,False,,False,136.0,0.6355140186915887,False,False,False,False,136.0,0.6355140186915887,0.3661971830985915,,
40,S3R24L64_N40_B10_uncertainty_calibration,"[19,20,18,21,17,22,23,16,15,24,25,14,13,26,27,12,28,11,29,10,9,30,31,8,7,32,6,33,34,5,4,35,36,3,2,37,38,1,0,39]",19-20-18-21-17-22-23-16-15-24-25-14-13-26-27-12-28-11-29-10-9-30-31-8-7-32-6-33-34-5-4-35-36-3-2-37-38-1-0-39,6cf61e7e1a0eea3f,stage3_native_combined552,False,geometry_first_random_sweep,,,,,,False,,True,PASS_TEACHER_FIELDS_EXTRACTED,,0.001730911550112,0.1823613494634628,588479616.0,579926720.0,,,,,,208.0,0.9719626168224299,0.8297492716380842,,,4.5779268475598656e-05,0.0001498124456702,False,False,False,False,,False,208.0,0.9719626168224299,0.6779879660189729,,,0.1440253555774688,0.1574980020523071,False,False,False,False,,False,196.0,0.9158878504672897,0.4226252158894646,,,581119040.0,583269440.0,False,False,False,False,,False,102.0,0.4766355140186916,0.47191011235955055,,,579924032.0,579927040.0,False,False,False,False,,False,208.0,0.9719626168224299,False,False,False,False,208.0,0.9719626168224299,0.028169014084507005,,
40,S3R24L64_N40_B11_uncertainty_calibration,"[0,2,10,8,6,4,12,14,16,18,20,22,24,26,28,30,39,19,29,9,34,21,11,31,36,1,3,5,7,13,15,17,23,25,27,32,33,35,37,38]",0-2-10-8-6-4-12-14-16-18-20-22-24-26-28-30-39-19-29-9-34-21-11-31-36-1-3-5-7-13-15-17-23-25-27-32-33-35-37-38,88607ff800752d0d,stage3_native_combined552,False,combined108_known_best_mutation,,,,,,False,,True,PASS_TEACHER_FIELDS_EXTRACTED,,0.000554565707489,0.1629247218370437,586222784.0,579926080.0,,,,,,154.0,0.719626168224299,0.25052346441357554,,,4.5779268475598656e-05,0.0001498124456702,False,False,False,False,,False,166.0,0.7757009345794392,0.33424313785844506,,,0.1440253555774688,0.1574980020523071,False,False,False,False,,False,180.0,0.8411214953271028,0.2930437658472054,,,581119040.0,583269440.0,False,False,False,False,,False,37.0,0.17289719626168223,0.3595505617977528,,,579924032.0,579927040.0,False,False,False,False,,False,154.0,0.719626168224299,False,False,False,False,154.0,0.719626168224299,0.2816901408450704,,
40,S3R24L64_N40_B12_uncertainty_calibration,"[25,29,21,5,30,20,32,16,34,36,22,2,14,18,27,39,13,23,6,37,9,3,8,26,4,0,24,35,10,12,33,1,11,28,17,7,15,19,31,38]",25-29-21-5-30-20-32-16-34-36-22-2-14-18-27-39-13-23-6-37-9-3-8-26-4-0-24-35-10-12-33-1-11-28-17-7-15-19-31-38,b001209498d8d80c,stage3_native_combined552,False,geometry_first_random_sweep,,,,,,False,,True,PASS_TEACHER_FIELDS_EXTRACTED,,0.0010631986892377,0.1605686843395233,584326272.0,579925952.0,,,,,,187.0,0.8738317757009346,0.5009713673682668,,,4.5779268475598656e-05,0.0001498124456702,False,False,False,False,,False,142.0,0.6635514018691588,0.2925756366699107,,,0.1440253555774688,0.1574980020523071,False,False,False,False,,False,142.0,0.6635514018691588,0.1841509572630728,,,581119040.0,583269440.0,False,False,False,False,,False,29.0,0.13551401869158877,0.33707865168539325,,,579924032.0,579927040.0,False,False,False,False,,False,187.0,0.8738317757009346,False,False,False,False,187.0,0.8738317757009346,0.12676056338028174,,
40,S3R24L64_N40_B13_uncertainty_calibration,"[22,23,25,27,28,30,24,34,4,2,6,26,21,16,11,31,36,1,3,5,7,8,10,12,13,15,17,18,20,0,39,19,29,9,14,32,33,35,37,38]",22-23-25-27-28-30-24-34-4-2-6-26-21-16-11-31-36-1-3-5-7-8-10-12-13-15-17-18-20-0-39-19-29-9-14-32-33-35-37-38,b85ba16e4db50b3e,stage3_native_combined552,False,combined108_known_best_mutation,,,,,,False,,True,PASS_TEACHER_FIELDS_EXTRACTED,,0.0009516127437336,0.1718923896551132,586396288.0,579926912.0,,,,,,181.0,0.8457943925233645,0.4460271009649414,,,4.5779268475598656e-05,0.0001498124456702,False,False,False,False,,False,198.0,0.9252336448598131,0.4928400659043888,,,0.1440253555774688,0.1574980020523071,False,False,False,False,,False,182.0,0.8504672897196262,0.30300591629000845,,,581119040.0,583269440.0,False,False,False,False,,False,108.0,0.5046728971962616,0.5056179775280899,,,579924032.0,579927040.0,False,False,False,False,,False,181.0,0.8457943925233645,False,False,False,False,181.0,0.8457943925233645,0.15492957746478875,,
40,S3R24L64_N40_B14_diversity_coverage,"[0,37,28,15,24,19,34,27,4,7,36,9,10,35,26,33,12,29,2,25,18,23,20,39,32,3,16,17,22,31,30,13,8,21,38,11,6,1,14,5]",0-37-28-15-24-19-34-27-4-7-36-9-10-35-26-33-12-29-2-25-18-23-20-39-32-3-16-17-22-31-30-13-8-21-38-11-6-1-14-5,2988e56a2f6858d2,stage3_native_combined552,False,geometry_first_random_sweep,,,,,,False,,True,PASS_TEACHER_FIELDS_EXTRACTED,,0.0011485806799669,0.1689211428165435,583967360.0,579925056.0,,,,,,191.0,0.8925233644859814,0.5430129598240035,,,4.5779268475598656e-05,0.0001498124456702,False,False,False,False,,False,189.0,0.883177570093458,0.440292332131973,,,0.1440253555774688,0.1574980020523071,False,False,False,False,,False,134.0,0.6261682242990654,0.16354315951934736,,,581119040.0,583269440.0,False,False,False,False,,False,11.0,0.0514018691588785,0.1797752808988764,,,579924032.0,579927040.0,False,False,False,False,,False,191.0,0.8925233644859814,False,False,False,False,191.0,0.8925233644859814,0.107981220657277,,
40,S3R24L64_N40_B15_diversity_coverage,"[15,32,5,34,29,8,13,2,23,4,31,26,21,10,7,20,11,38,37,24,19,16,39,0,25,18,3,6,35,12,33,14,9,28,17,30,27,36,1,22]",15-32-5-34-29-8-13-2-23-4-31-26-21-10-7-20-11-38-37-24-19-16-39-0-25-18-3-6-35-12-33-14-9-28-17-30-27-36-1-22,14e65401d5dd06f8,stage3_native_combined552,False,combined108_known_best_mutation,,,,,,False,,True,PASS_TEACHER_FIELDS_EXTRACTED,,0.0010186854147491,0.1579287350177765,583294976.0,579926016.0,,,,,,185.0,0.8644859813084113,0.4790532915663628,,,4.5779268475598656e-05,0.0001498124456702,False,False,False,False,,False,119.0,0.5560747663551402,0.24588703701166112,,,0.1440253555774688,0.1574980020523071,False,False,False,False,,False,107.0,0.5,0.12493661117848087,,,581119040.0,583269440.0,False,False,False,False,,False,31.0,0.14485981308411214,0.34831460674157305,,,579924032.0,579927040.0,False,False,False,False,,False,185.0,0.8644859813084113,False,False,False,False,185.0,0.8644859813084113,0.136150234741784,,
40,S3R24L64_N40_B16_diversity_coverage,"[9,36,33,8,7,16,23,12,5,2,21,18,37,34,25,6,15,26,3,32,1,24,35,28,19,4,39,14,31,30,29,20,11,38,13,22,17,0,27,10]",9-36-33-8-7-16-23-12-5-2-21-18-37-34-25-6-15-26-3-32-1-24-35-28-19-4-39-14-31-30-29-20-11-38-13-22-17-0-27-10,f25e144b16dbcb4d,stage3_native_combined552,False,combined108_known_best_mutation,,,,,,False,,True,PASS_TEACHER_FIELDS_EXTRACTED,,0.0011747723910957,0.1691029071807861,586287488.0,579926080.0,,,,,,193.0,0.9018691588785047,0.5559096050719201,,,4.5779268475598656e-05,0.0001498124456702,False,False,False,False,,False,191.0,0.8925233644859814,0.4435069103681356,,,0.1440253555774688,0.1574980020523071,False,False,False,False,,False,181.0,0.8457943925233645,0.29675890199536986,,,581119040.0,583269440.0,False,False,False,False,,False,37.0,0.17289719626168223,0.3595505617977528,,,579924032.0,579927040.0,False,False,False,False,,False,193.0,0.9018691588785047,False,False,False,False,193.0,0.9018691588785047,0.09859154929577463,,
40,S3R24L64_N40_B17_diversity_coverage,"[8,37,6,5,2,17,26,15,24,23,22,27,32,33,12,7,30,31,28,39,38,1,18,9,34,11,14,29,16,25,36,21,20,35,10,13,4,19,0,3]",8-37-6-5-2-17-26-15-24-23-22-27-32-33-12-7-30-31-28-39-38-1-18-9-34-11-14-29-16-25-36-21-20-35-10-13-4-19-0-3,f44b5129283f065b,stage3_native_combined552,False,geometry_first_random_sweep,,,,,,False,,True,PASS_TEACHER_FIELDS_EXTRACTED,,0.001036680686127,0.1692833453416824,584457024.0,579925184.0,,,,,,186.0,0.8691588785046729,0.4879140578583968,,,4.5779268475598656e-05,0.0001498124456702,False,False,False,False,,False,194.0,0.9065420560747663,0.44669803414758147,,,0.1440253555774688,0.1574980020523071,False,False,False,False,,False,147.0,0.6869158878504673,0.191658398559512,,,581119040.0,583269440.0,False,False,False,False,,False,13.0,0.06074766355140187,0.20224719101123595,,,579924032.0,579927040.0,False,False,False,False,,False,186.0,0.8691588785046729,False,False,False,False,186.0,0.8691588785046729,0.13145539906103287,,
40,S3R24L64_N40_B18_tradeoff_probe,"[35,36,5,26,39,22,37,34,11,18,23,8,27,28,33,4,31,14,9,30,25,0,3,6,17,38,19,10,15,32,13,24,21,12,1,16,7,20,29,2]",35-36-5-26-39-22-37-34-11-18-23-8-27-28-33-4-31-14-9-30-25-0-3-6-17-38-19-10-15-32-13-24-21-12-1-16-7-20-29-2,6f26a42605f7b8eb,stage3_native_combined552,False,geometry_first_random_sweep,,,,,,False,,True,PASS_TEACHER_FIELDS_EXTRACTED,,0.0011591740185394,0.1659919619560241,584591488.0,579926464.0,,,,,,192.0,0.897196261682243,0.5482290577295115,,,4.5779268475598656e-05,0.0001498124456702,False,False,False,False,,False,187.0,0.8738317757009346,0.38848855264392324,,,0.1440253555774688,0.1574980020523071,False,False,False,False,,False,151.0,0.705607476635514,0.1993789732848271,,,581119040.0,583269440.0,False,False,False,False,,False,61.0,0.2850467289719626,0.42696629213483145,,,579924032.0,579927040.0,False,False,False,False,,False,192.0,0.897196261682243,False,False,False,False,192.0,0.897196261682243,0.10328638497652587,,
40,S3R24L64_N40_B19_tradeoff_probe,"[29,30,13,20,1,2,27,38,7,22,35,32,19,6,9,14,11,28,3,16,23,24,5,34,21,12,33,26,31,10,37,18,15,8,39,36,17,4,25,0]",29-30-13-20-1-2-27-38-7-22-35-32-19-6-9-14-11-28-3-16-23-24-5-34-21-12-33-26-31-10-37-18-15-8-39-36-17-4-25-0,17709b55cd2df96c,stage3_native_combined552,False,combined108_known_best_mutation,,,,,,False,,True,PASS_TEACHER_FIELDS_EXTRACTED,,0.0010814771626144,0.1590977013111114,583097088.0,579926016.0,,,,,,188.0,0.8785046728971962,0.5099715806668008,,,4.5779268475598656e-05,0.0001498124456702,False,False,False,False,,False,130.0,0.6074766355140186,0.2665606911738511,,,0.1440253555774688,0.1574980020523071,False,False,False,False,,False,103.0,0.48130841121495327,0.11357439459082057,,,581119040.0,583269440.0,False,False,False,False,,False,31.0,0.14485981308411214,0.34831460674157305,,,579924032.0,579927040.0,False,False,False,False,,False,188.0,0.8785046728971962,False,False,False,False,188.0,0.8785046728971962,0.1220657276995305,,
40,S3R24L64_N40_B20_tradeoff_probe,"[25,10,33,16,29,34,1,6,13,0,31,20,19,26,27,18,23,32,5,36,35,22,37,8,17,12,7,14,39,28,15,24,9,30,3,38,21,4,11,2]",25-10-33-16-29-34-1-6-13-0-31-20-19-26-27-18-23-32-5-36-35-22-37-8-17-12-7-14-39-28-15-24-9-30-3-38-21-4-11-2,487a79ff3d38abb8,stage3_native_combined552,False,combined108_known_best_mutation,,,,,,False,,True,PASS_TEACHER_FIELDS_EXTRACTED,,0.0013657823437824,0.1546751409769058,584047232.0,579924800.0,,,,,,197.0,0.9205607476635514,0.6499617877074026,,,4.5779268475598656e-05,0.0001498124456702,False,False,False,False,,False,84.0,0.3925233644859813,0.18834587575779066,,,0.1440253555774688,0.1574980020523071,False,False,False,False,,False,135.0,0.6308411214953271,0.16812920295447029,,,581119040.0,583269440.0,False,False,False,False,,False,6.0,0.028037383177570093,0.1348314606741573,,,579924032.0,579927040.0,False,False,False,False,,False,197.0,0.9205607476635514,False,False,False,False,197.0,0.9205607476635514,0.07981220657277,,
40,S3R24L64_N40_B21_sentinel_control,"[37,28,17,24,29,18,39,32,7,34,33,14,9,8,11,16,5,12,13,30,31,10,19,4,1,22,23,20,3,38,35,0,25,2,27,36,15,6,21,26]",37-28-17-24-29-18-39-32-7-34-33-14-9-8-11-16-5-12-13-30-31-10-19-4-1-22-23-20-3-38-35-0-25-2-27-36-15-6-21-26,06aac074db1c5325,stage3_native_combined552,False,combined108_known_best_mutation,,,,,,False,,True,PASS_TEACHER_FIELDS_EXTRACTED,,0.0012227803235873,0.1619139313697815,587438016.0,579924800.0,,,,,,195.0,0.9112149532710281,0.5795484300186909,,,4.5779268475598656e-05,0.0001498124456702,False,False,False,False,,False,157.0,0.7336448598130841,0.3163668888427426,,,0.1440253555774688,0.1574980020523071,False,False,False,False,,False,186.0,0.8691588785046729,0.3628192408040275,,,581119040.0,583269440.0,False,False,False,False,,False,6.0,0.028037383177570093,0.1348314606741573,,,579924032.0,579927040.0,False,False,False,False,,False,195.0,0.9112149532710281,False,False,False,False,195.0,0.9112149532710281,0.08920187793427226,,
40,S3R24L64_N40_B22_sentinel_control,"[22,5,8,31,32,3,18,35,6,17,12,37,16,33,30,19,10,23,36,29,26,1,24,15,2,21,0,7,28,11,4,13,34,39,14,9,20,27,38,25]",22-5-8-31-32-3-18-35-6-17-12-37-16-33-30-19-10-23-36-29-26-1-24-15-2-21-0-7-28-11-4-13-34-39-14-9-20-27-38-25,8229fb93c4d72263,stage3_native_combined552,False,combined108_known_best_mutation,,,,,,False,,True,PASS_TEACHER_FIELDS_EXTRACTED,,0.0011096128518488,0.1586716175079345,585093632.0,579926016.0,,,,,,190.0,0.8878504672897196,0.5238254293549338,,,4.5779268475598656e-05,0.0001498124456702,False,False,False,False,,False,125.0,0.5841121495327103,0.2590252222375656,,,0.1440253555774688,0.1574980020523071,False,False,False,False,,False,159.0,0.7429906542056075,0.2282107816117297,,,581119040.0,583269440.0,False,False,False,False,,False,31.0,0.14485981308411214,0.34831460674157305,,,579924032.0,579927040.0,False,False,False,False,,False,190.0,0.8878504672897196,False,False,False,False,190.0,0.8878504672897196,0.11267605633802813,,
40,S3R24L64_N40_B23_exploitation_reference,"[0,2,4,6,8,10,12,14,16,18,20,38,36,34,32,30,28,26,24,22,19,17,15,13,11,9,7,5,3,1,21,23,25,27,29,31,33,35,37,39]",0-2-4-6-8-10-12-14-16-18-20-38-36-34-32-30-28-26-24-22-19-17-15-13-11-9-7-5-3-1-21-23-25-27-29-31-33-35-37-39,31eb3c72613d8e65,stage3_native_combined552,False,combined108_known_best_mutation,,,,,,False,,True,PASS_TEACHER_FIELDS_EXTRACTED,,5.95808796788333e-05,0.1540761291980743,581783552.0,579927552.0,,,,,,19.0,0.08878504672897196,0.00679583256941423,,,4.5779268475598656e-05,0.0001498124456702,False,False,False,False,,False,79.0,0.3691588785046729,0.17775210378570833,,,0.1440253555774688,0.1574980020523071,False,False,False,False,,False,8.0,0.037383177570093455,0.038154558483077944,,,581119040.0,583269440.0,False,False,False,False,,False,146.0,0.6822429906542056,0.6179775280898876,,,579924032.0,579927040.0,False,False,False,False,,False,19.0,0.08878504672897196,False,False,False,False,19.0,0.08878504672897196,0.9154929577464789,,
40,S3R24L64_N40_B24_exploitation_reference,"[0,2,4,6,8,10,12,14,16,18,20,22,24,26,28,30,32,34,36,38,21,17,15,13,11,9,7,5,3,1,19,23,25,27,29,31,33,35,37,39]",0-2-4-6-8-10-12-14-16-18-20-22-24-26-28-30-32-34-36-38-21-17-15-13-11-9-7-5-3-1-19-23-25-27-29-31-33-35-37-39,06477238e66665b0,stage3_native_combined552,False,combined108_known_best_mutation,,,,,,False,,True,PASS_TEACHER_FIELDS_EXTRACTED,,0.0002177569813284,0.1537862718105316,582096064.0,579926464.0,,,,,,141.0,0.6588785046728972,0.08468081914555912,,,4.5779268475598656e-05,0.0001498124456702,False,False,False,False,,False,66.0,0.308411214953271,0.17262585556060459,,,0.1440253555774688,0.1574980020523071,False,False,False,False,,False,51.0,0.2383177570093458,0.056098188365854555,,,581119040.0,583269440.0,False,False,False,False,,False,61.0,0.2850467289719626,0.42696629213483145,,,579924032.0,579927040.0,False,False,False,False,,False,141.0,0.6588785046728972,False,False,False,False,141.0,0.6588785046728972,0.34272300469483563,,
12,S3R34N32INF_N12_B01_graph_pointer,"[0,2,4,6,5,3,1,8,7,10,9,11]",0-2-4-6-5-3-1-8-7-10-9-11,31e6b32d8dd38787,stage3_native_combined552,False,graph_pointer_greedy,,,,,,False,,True,PASS_TEACHER_FIELDS_EXTRACTED,,5.744353620684706e-05,0.1684480607509613,582666752.0,579939584.0,,,,,,69.0,0.8023255813953488,0.2598809204683885,,,2.20100214392005e-05,3.9525062220491236e-05,False,False,False,False,,False,84.0,0.9767441860465116,0.8035041535091356,,,0.1403219699859619,0.14851062744855875,False,False,False,False,,False,60.0,0.6976744186046512,0.36963561752200136,,,580752832.0,581293664.0,False,False,False,False,,False,55.0,0.6395348837209303,0.8620689655172413,,,579937984.0,579939520.0,False,False,False,False,,False,69.0,0.8023255813953488,False,False,False,False,69.0,0.8023255813953488,0.19999999999999996,,
12,S3R34N32INF_N12_B02_surrogate_top,"[2,0,4,10,8,6,3,1,5,11,9,7]",2-0-4-10-8-6-3-1-5-11-9-7,56f66dde780a1bf4,stage3_native_combined552,False,surrogate_top_predicted,,,,,,False,,True,PASS_TEACHER_FIELDS_EXTRACTED,,3.5468697433316265e-05,0.1539434939622879,581848896.0,579938560.0,,,,,,35.0,0.4069767441860465,0.09871030657196411,,,2.20100214392005e-05,3.9525062220491236e-05,False,False,False,False,,False,67.0,0.7790697674418605,0.3891387247360487,,,0.1403219699859619,0.14851062744855875,False,False,False,False,,False,52.0,0.6046511627906976,0.2116829823000099,,,580752832.0,581293664.0,False,False,False,False,,False,17.0,0.19767441860465115,0.3103448275862069,,,579937984.0,579939520.0,False,False,False,False,,False,35.0,0.4069767441860465,False,False,False,False,35.0,0.4069767441860465,0.6,,
12,S3R34N32INF_N12_B03_hybrid_agree,"[10,4,0,2,6,8,11,5,9,7,3,1]",10-4-0-2-6-8-11-5-9-7-3-1,9e979747aaf223af,stage3_native_combined552,False,hybrid_gnn_surrogate_agreement,,,,,,False,,True,PASS_TEACHER_FIELDS_EXTRACTED,,5.269739813229535e-05,0.1545384377241134,581436224.0,579939520.0,,,,,,66.0,0.7674418604651163,0.2250712003609501,,,2.20100214392005e-05,3.9525062220491236e-05,False,False,False,False,,False,69.0,0.8023255813953488,0.4061350356604956,,,0.1403219699859619,0.14851062744855875,False,False,False,False,,False,44.0,0.5116279069767442,0.13198358548403047,,,580752832.0,581293664.0,False,False,False,False,,False,32.0,0.37209302325581395,0.8275862068965517,,,579937984.0,579939520.0,False,False,False,False,,False,66.0,0.7674418604651163,False,False,False,False,66.0,0.7674418604651163,0.23529411764705888,,
12,S3R34N32INF_N12_B04_hybrid_disagree,"[10,6,2,0,4,8,9,3,11,1,7,5]",10-6-2-0-4-8-9-3-11-1-7-5,d649592d224a9c29,stage3_native_combined552,False,hybrid_gnn_surrogate_disagreement,,,,,,False,,True,PASS_TEACHER_FIELDS_EXTRACTED,,5.994689445287804e-05,0.1500022262334823,581437888.0,579938432.0,,,,,,70.0,0.813953488372093,0.27824136394984317,,,2.20100214392005e-05,3.9525062220491236e-05,False,False,False,False,,False,48.0,0.5581395348837209,0.27654486956269964,,,0.1403219699859619,0.14851062744855875,False,False,False,False,,False,45.0,0.5232558139534884,0.13230495401957876,,,580752832.0,581293664.0,False,False,False,False,,False,12.0,0.13953488372093023,0.2413793103448276,,,579937984.0,579939520.0,False,False,False,False,,False,70.0,0.813953488372093,False,False,False,False,70.0,0.813953488372093,0.18823529411764706,,
16,S3R34N32INF_N16_B01_graph_pointer,"[0,2,4,6,8,10,9,7,5,3,1,12,11,14,13,15]",0-2-4-6-8-10-9-7-5-3-1-12-11-14-13-15,3829bc1e73f58a5b,stage3_native_combined552,False,graph_pointer_greedy,,,,,,False,,True,PASS_TEACHER_FIELDS_EXTRACTED,,5.834493731526891e-05,0.1720538139343261,581969920.0,579948480.0,,,,,,61.0,0.7093023255813954,0.11641899832693518,,,2.926077831943985e-05,4.9522939889357076e-05,False,False,False,False,,False,82.0,0.9534883720930233,0.7732448167436355,,,0.1457871496677398,0.15198192000389094,False,False,False,False,,False,56.0,0.6511627906976745,0.1557064767268511,,,580887040.0,581493984.0,False,False,False,False,,False,84.0,0.9767441860465116,0.9,,,579946752.0,579948288.0,False,False,False,False,,False,61.0,0.7093023255813954,False,False,False,False,61.0,0.7093023255813954,0.2941176470588235,,
16,S3R34N32INF_N16_B02_surrogate_top,"[12,4,6,10,14,0,2,8,5,13,15,3,7,1,11,9]",12-4-6-10-14-0-2-8-5-13-15-3-7-1-11-9,27bbe1cb2bd94d9b,stage3_native_combined552,False,surrogate_top_predicted,,,,,,False,,True,PASS_TEACHER_FIELDS_EXTRACTED,,9.155312864095322e-05,0.1565309762954712,582068416.0,579947136.0,,,,,,69.0,0.8023255813953488,0.24934580466642106,,,2.926077831943985e-05,4.9522939889357076e-05,False,False,False,False,,False,69.0,0.8023255813953488,0.3162795308749432,,,0.1457871496677398,0.15198192000389094,False,False,False,False,,False,58.0,0.6744186046511628,0.16986914030147424,,,580887040.0,581493984.0,False,False,False,False,,False,6.0,0.06976744186046512,0.2,,,579946752.0,579948288.0,False,False,False,False,,False,69.0,0.8023255813953488,False,False,False,False,69.0,0.8023255813953488,0.19999999999999996,,
16,S3R34N32INF_N16_B03_hybrid_agree,"[2,6,14,10,0,12,8,4,1,7,3,9,15,5,11,13]",2-6-14-10-0-12-8-4-1-7-3-9-15-5-11-13,5db176c134fa0c3a,stage3_native_combined552,False,hybrid_gnn_surrogate_agreement,,,,,,False,,True,PASS_TEACHER_FIELDS_EXTRACTED,,8.978642154033878e-05,0.1544402092695236,583986816.0,579947264.0,,,,,,68.0,0.7906976744186046,0.24227397319210844,,,2.926077831943985e-05,4.9522939889357076e-05,False,False,False,False,,False,62.0,0.7209302325581395,0.25473099355690043,,,0.1457871496677398,0.15198192000389094,False,False,False,False,,False,74.0,0.8604651162790697,0.44571439088583364,,,580887040.0,581493984.0,False,False,False,False,,False,9.0,0.10465116279069768,0.26666666666666666,,,579946752.0,579948288.0,False,False,False,False,,False,68.0,0.7906976744186046,False,False,False,False,68.0,0.7906976744186046,0.21176470588235297,,
16,S3R34N32INF_N16_B04_hybrid_disagree,"[8,10,0,4,6,14,12,2,7,11,5,1,3,9,13,15]",8-10-0-4-6-14-12-2-7-11-5-1-3-9-13-15,6f90b93bd69164aa,stage3_native_combined552,False,hybrid_gnn_surrogate_disagreement,,,,,,False,,True,PASS_TEACHER_FIELDS_EXTRACTED,,9.529680437481149e-05,0.1514548659324646,581461312.0,579948160.0,,,,,,70.0,0.813953488372093,0.26433110917734526,,,2.926077831943985e-05,4.9522939889357076e-05,False,False,False,False,,False,34.0,0.3953488372093023,0.1668476887659863,,,0.1457871496677398,0.15198192000389094,False,False,False,False,,False,37.0,0.43023255813953487,0.08257412622163326,,,580887040.0,581493984.0,False,False,False,False,,False,33.0,0.38372093023255816,0.7333333333333333,,,579946752.0,579948288.0,False,False,False,False,,False,70.0,0.813953488372093,False,False,False,False,70.0,0.813953488372093,0.18823529411764706,,
24,S3R34N32INF_N24_B01_graph_pointer,"[0,2,4,6,8,10,12,14,16,18,20,22,21,19,17,15,13,11,9,7,5,3,1,23]",0-2-4-6-8-10-12-14-16-18-20-22-21-19-17-15-13-11-9-7-5-3-1-23,fd4d2251d26e8fe6,stage3_native_combined552,False,graph_pointer_greedy,,,,,,False,,True,PASS_TEACHER_FIELDS_EXTRACTED,,8.404852360399673e-05,0.1512167304754257,581126080.0,579944640.0,,,,,,103.0,0.5202020202020202,0.09132077378240347,,,2.9523077955673216e-05,8.096076885522052e-05,False,False,False,False,,False,8.0,0.04040404040404041,0.049959670620446504,,,0.1492166519165039,0.15729529410600662,False,False,False,False,,False,8.0,0.04040404040404041,0.02241275485332492,,,580875968.0,582566592.0,False,False,False,False,,False,172.0,0.8686868686868687,0.8787878787878788,,,579942784.0,579944128.0,False,False,False,False,,False,103.0,0.5202020202020202,False,False,False,False,103.0,0.5202020202020202,0.48223350253807107,,
24,S3R34N32INF_N24_B02_surrogate_top,"[16,12,0,2,4,8,14,20,18,10,6,22,15,17,21,11,5,1,7,13,9,3,23,19]",16-12-0-2-4-8-14-20-18-10-6-22-15-17-21-11-5-1-7-13-9-3-23-19,d32aa3c0deee7cee,stage3_native_combined552,False,surrogate_top_predicted,,,,,,False,,True,PASS_TEACHER_FIELDS_EXTRACTED,,0.0002424270824121,0.1497802585363388,583834816.0,579944128.0,,,,,,168.0,0.8484848484848485,0.3565777078418243,,,2.9523077955673216e-05,8.096076885522052e-05,False,False,False,False,,False,4.0,0.020202020202020204,0.014078247557253036,,,0.1492166519165039,0.15729529410600662,False,False,False,False,,False,149.0,0.7525252525252525,0.2651449545493648,,,580875968.0,582566592.0,False,False,False,False,,False,95.0,0.4797979797979798,0.6363636363636364,,,579942784.0,579944128.0,False,False,False,False,,False,168.0,0.8484848484848485,False,False,False,False,168.0,0.8484848484848485,0.15228426395939088,,
24,S3R34N32INF_N24_B03_hybrid_agree,"[22,18,12,16,10,20,2,4,14,6,0,8,17,13,7,11,1,3,15,9,5,21,19,23]",22-18-12-16-10-20-2-4-14-6-0-8-17-13-7-11-1-3-15-9-5-21-19-23,3ed2ee05e4bdb6d7,stage3_native_combined552,False,hybrid_gnn_surrogate_agreement,,,,,,False,,True,PASS_TEACHER_FIELDS_EXTRACTED,,0.0002418987551209,0.1546439528465271,582266176.0,579944320.0,,,,,,167.0,0.8434343434343434,0.35569285020390734,,,2.9523077955673216e-05,8.096076885522052e-05,False,False,False,False,,False,58.0,0.29292929292929293,0.1355677583825371,,,0.1492166519165039,0.15729529410600662,False,False,False,False,,False,83.0,0.41919191919191917,0.12457775356292834,,,580875968.0,582566592.0,False,False,False,False,,False,113.0,0.5707070707070707,0.7272727272727273,,,579942784.0,579944128.0,False,False,False,False,,False,167.0,0.8434343434343434,False,False,False,False,167.0,0.8434343434343434,0.15736040609137059,,
24,S3R34N32INF_N24_B04_hybrid_disagree,"[20,2,0,22,14,10,18,6,16,12,8,4,3,17,19,23,15,13,11,1,9,5,7,21]",20-2-0-22-14-10-18-6-16-12-8-4-3-17-19-23-15-13-11-1-9-5-7-21,c86e84008b3b4d7a,stage3_native_combined552,False,hybrid_gnn_surrogate_disagreement,,,,,,False,,True,PASS_TEACHER_FIELDS_EXTRACTED,,0.0001531527886982,0.1598571240901947,583702528.0,579944128.0,,,,,,141.0,0.7121212121212122,0.207058570787663,,,2.9523077955673216e-05,8.096076885522052e-05,False,False,False,False,,False,138.0,0.696969696969697,0.2657868025594923,,,0.1492166519165039,0.15729529410600662,False,False,False,False,,False,148.0,0.7474747474747475,0.2532905112838012,,,580875968.0,582566592.0,False,False,False,False,,False,95.0,0.4797979797979798,0.6363636363636364,,,579942784.0,579944128.0,False,False,False,False,,False,141.0,0.7121212121212122,False,False,False,False,141.0,0.7121212121212122,0.2893401015228426,,
24,S3R34N32INF_N24_B05_uncertainty,"[18,20,14,4,2,0,22,16,8,6,12,10,7,9,21,1,15,19,11,13,23,17,3,5]",18-20-14-4-2-0-22-16-8-6-12-10-7-9-21-1-15-19-11-13-23-17-3-5,738249755687c0ee,stage3_native_combined552,False,uncertainty_calibration,,,,,,False,,True,PASS_TEACHER_FIELDS_EXTRACTED,,0.0002087068096443,0.1554678678512573,583412992.0,579943296.0,,,,,,155.0,0.7828282828282829,0.3001020318579842,,,2.9523077955673216e-05,8.096076885522052e-05,False,False,False,False,,False,66.0,0.3333333333333333,0.15614821112123073,,,0.1492166519165039,0.15729529410600662,False,False,False,False,,False,140.0,0.7070707070707071,0.22734493734407707,,,580875968.0,582566592.0,False,False,False,False,,False,9.0,0.045454545454545456,0.24242424242424243,,,579942784.0,579944128.0,False,False,False,False,,False,155.0,0.7828282828282829,False,False,False,False,155.0,0.7828282828282829,0.2182741116751269,,
24,S3R34N32INF_N24_B06_diversity,"[18,22,20,14,4,8,6,10,16,12,0,2,7,9,17,23,15,21,11,3,13,19,1,5]",18-22-20-14-4-8-6-10-16-12-0-2-7-9-17-23-15-21-11-3-13-19-1-5,9f02dd3082df3ba3,stage3_native_combined552,False,diversity_coverage,,,,,,False,,True,PASS_TEACHER_FIELDS_EXTRACTED,,0.000223823039505,0.1539438366889953,583285568.0,579944128.0,,,,,,158.0,0.797979797979798,0.32541912539363765,,,2.9523077955673216e-05,8.096076885522052e-05,False,False,False,False,,False,42.0,0.21212121212121213,0.11807965899248266,,,0.1492166519165039,0.15729529410600662,False,False,False,False,,False,132.0,0.6666666666666666,0.21592636136839388,,,580875968.0,582566592.0,False,False,False,False,,False,95.0,0.4797979797979798,0.6363636363636364,,,579942784.0,579944128.0,False,False,False,False,,False,158.0,0.797979797979798,False,False,False,False,158.0,0.797979797979798,0.20304568527918787,,
24,S3R34N32INF_N24_B07_sentinel,"[20,18,14,12,4,8,22,10,16,6,2,0,1,5,15,13,21,17,23,19,11,9,7,3]",20-18-14-12-4-8-22-10-16-6-2-0-1-5-15-13-21-17-23-19-11-9-7-3,cd2eef365a3f8007,stage3_native_combined552,False,sentinel_control,,,,,,False,,True,PASS_TEACHER_FIELDS_EXTRACTED,,0.0001576931415456,0.1516375094652176,582095296.0,579944256.0,,,,,,142.0,0.7171717171717171,0.21466288342261083,,,2.9523077955673216e-05,8.096076885522052e-05,False,False,False,False,,False,10.0,0.050505050505050504,0.06047024763765131,,,0.1492166519165039,0.15729529410600662,False,False,False,False,,False,74.0,0.37373737373737376,0.10926504745791873,,,580875968.0,582566592.0,False,False,False,False,,False,104.0,0.5252525252525253,0.696969696969697,,,579942784.0,579944128.0,False,False,False,False,,False,142.0,0.7171717171717171,False,False,False,False,142.0,0.7171717171717171,0.2842639593908629,,
24,S3R34N32INF_N24_B08_n24_calibration,"[22,20,18,16,14,12,10,8,6,4,2,0,11,9,7,5,3,1,13,15,17,19,21,23]",22-20-18-16-14-12-10-8-6-4-2-0-11-9-7-5-3-1-13-15-17-19-21-23,a3d01febcc3c76d5,stage3_native_combined552,False,N24_calibration_neighborhood,,,,,,False,,True,PASS_TEACHER_FIELDS_EXTRACTED,,5.9892929130000994e-05,0.1561369895935058,581614144.0,579944768.0,,,,,,58.0,0.29292929292929293,0.05086429420098322,,,2.9523077955673216e-05,8.096076885522052e-05,False,False,False,False,,False,81.0,0.4090909090909091,0.1728621055323262,,,0.1492166519165039,0.15729529410600662,False,False,False,False,,False,21.0,0.10606060606060606,0.0661485963352737,,,580875968.0,582566592.0,False,False,False,False,,False,191.0,0.9646464646464646,0.9393939393939394,,,579942784.0,579944128.0,False,False,False,False,,False,58.0,0.29292929292929293,False,False,False,False,58.0,0.29292929292929293,0.7106598984771574,,
24,S3R34N32INF_N24_B09_n24_calibration,"[21,19,17,15,13,1,3,5,7,9,11,22,20,18,16,14,12,10,8,6,4,2,0,23]",21-19-17-15-13-1-3-5-7-9-11-22-20-18-16-14-12-10-8-6-4-2-0-23,74287c57c37ad8ad,stage3_native_combined552,False,N24_calibration_neighborhood,,,,,,False,,True,PASS_TEACHER_FIELDS_EXTRACTED,,6.351935553539079e-05,0.1581111848354339,584158592.0,579944832.0,,,,,,60.0,0.30303030303030304,0.056937936726366566,,,2.9523077955673216e-05,8.096076885522052e-05,False,False,False,False,,False,117.0,0.5909090909090909,0.22217524055255794,,,0.1492166519165039,0.15729529410600662,False,False,False,False,,False,156.0,0.7878787878787878,0.29415880480601037,,,580875968.0,582566592.0,False,False,False,False,,False,193.0,0.9747474747474747,0.9696969696969697,,,579942784.0,579944128.0,False,False,False,False,,False,60.0,0.30303030303030304,False,False,False,False,60.0,0.30303030303030304,0.700507614213198,,
24,S3R34N32INF_N24_B10_n24_calibration,"[20,22,11,1,3,5,7,9,13,15,17,19,21,23,0,2,4,6,8,10,12,14,16,18]",20-22-11-1-3-5-7-9-13-15-17-19-21-23-0-2-4-6-8-10-12-14-16-18,3d047ed7bdb52c04,stage3_native_combined552,False,N24_calibration_neighborhood,,,,,,False,,True,PASS_TEACHER_FIELDS_EXTRACTED,,3.273940910730744e-05,0.1578422635793686,583110016.0,579944384.0,,,,,,4.0,0.020202020202020204,0.005386803280840621,,,2.9523077955673216e-05,8.096076885522052e-05,False,False,False,False,,False,111.0,0.5606060606060606,0.21545789571831178,,,0.1492166519165039,0.15729529410600662,False,False,False,False,,False,122.0,0.6161616161616161,0.2001949932612623,,,580875968.0,582566592.0,False,False,False,False,,False,120.0,0.6060606060606061,0.7575757575757576,,,579942784.0,579944128.0,False,False,False,False,,False,4.0,0.020202020202020204,False,False,False,False,4.0,0.020202020202020204,0.9847715736040609,,
24,S3R34N32INF_N24_B11_n24_calibration,"[22,11,1,3,5,7,9,13,15,17,19,21,23,0,2,4,6,8,10,12,14,16,18,20]",22-11-1-3-5-7-9-13-15-17-19-21-23-0-2-4-6-8-10-12-14-16-18-20,e610e670cf7e8ddf,stage3_native_combined552,False,N24_calibration_neighborhood,,,,,,False,,True,PASS_TEACHER_FIELDS_EXTRACTED,,4.1137876905850135e-05,0.1561603546142578,583126336.0,579943616.0,,,,,,17.0,0.08585858585858586,0.019452797035319897,,,2.9523077955673216e-05,8.096076885522052e-05,False,False,False,False,,False,84.0,0.42424242424242425,0.17344573697800278,,,0.1492166519165039,0.15729529410600662,False,False,False,False,,False,125.0,0.6313131313131313,0.2016574427207295,,,580875968.0,582566592.0,False,False,False,False,,False,57.0,0.2878787878787879,0.3939393939393939,,,579942784.0,579944128.0,False,False,False,False,,False,17.0,0.08585858585858586,False,False,False,False,17.0,0.08585858585858586,0.9187817258883249,,
24,S3R34N32INF_N24_B12_n24_calibration,"[19,21,23,0,2,4,6,8,10,12,14,16,18,20,22,11,1,3,5,7,9,13,15,17]",19-21-23-0-2-4-6-8-10-12-14-16-18-20-22-11-1-3-5-7-9-13-15-17,bbf7e8cd5047024f,stage3_native_combined552,False,N24_calibration_neighborhood,,,,,,False,,True,PASS_TEACHER_FIELDS_EXTRACTED,,5.430529381555971e-05,0.1596519500017166,585878784.0,579943488.0,,,,,,50.0,0.25252525252525254,0.04150596297670004,,,2.9523077955673216e-05,8.096076885522052e-05,False,False,False,False,,False,135.0,0.6818181818181818,0.26066178892715697,,,0.1492166519165039,0.15729529410600662,False,False,False,False,,False,180.0,0.9090909090909091,0.44830671292977375,,,580875968.0,582566592.0,False,False,False,False,,False,18.0,0.09090909090909091,0.3333333333333333,,,579942784.0,579944128.0,False,False,False,False,,False,50.0,0.25252525252525254,False,False,False,False,50.0,0.25252525252525254,0.751269035532995,,
40,S3R34N32INF_N40_B01_graph_pointer,"[0,2,4,6,8,10,12,14,16,18,20,22,24,26,28,30,32,34,36,38,37,35,33,31,29,27,25,23,21,19,17,15,13,11,9,7,5,3,1,39]",0-2-4-6-8-10-12-14-16-18-20-22-24-26-28-30-32-34-36-38-37-35-33-31-29-27-25-23-21-19-17-15-13-11-9-7-5-3-1-39,95f7f97002b46e8c,stage3_native_combined552,False,graph_pointer_greedy,,,,,,False,,True,PASS_TEACHER_FIELDS_EXTRACTED,,0.0002823198738042,0.156105950474739,582261824.0,579926528.0,,,,,,145.0,0.677570093457944,0.11647120948489866,,,4.5779268475598656e-05,0.0001498124456702,False,False,False,False,,False,100.0,0.4672897196261682,0.21365033568861747,,,0.1440253555774688,0.1574980020523071,False,False,False,False,,False,72.0,0.3364485981308411,0.065615698379451,,,581119040.0,583269440.0,False,False,False,False,,False,69.0,0.32242990654205606,0.43820224719101125,,,579924032.0,579927040.0,False,False,False,False,,False,145.0,0.677570093457944,False,False,False,False,145.0,0.677570093457944,0.323943661971831,,
40,S3R34N32INF_N40_B02_surrogate_top,"[38,28,18,34,24,26,14,20,4,0,10,12,30,36,32,22,16,2,6,8,35,39,17,1,33,7,3,23,5,27,15,9,25,29,37,13,11,21,19,31]",38-28-18-34-24-26-14-20-4-0-10-12-30-36-32-22-16-2-6-8-35-39-17-1-33-7-3-23-5-27-15-9-25-29-37-13-11-21-19-31,28bd415a5dd9405d,stage3_native_combined552,False,surrogate_top_predicted,,,,,,False,,True,PASS_TEACHER_FIELDS_EXTRACTED,,0.0006737644011991,0.1560283899307251,584050560.0,579926080.0,,,,,,164.0,0.7663551401869159,0.3092162034726847,,,4.5779268475598656e-05,0.0001498124456702,False,False,False,False,,False,99.0,0.46261682242990654,0.21227864527058146,,,0.1440253555774688,0.1574980020523071,False,False,False,False,,False,136.0,0.6355140186915887,0.1683202880976004,,,581119040.0,583269440.0,False,False,False,False,,False,37.0,0.17289719626168223,0.3595505617977528,,,579924032.0,579927040.0,False,False,False,False,,False,164.0,0.7663551401869159,False,False,False,False,164.0,0.7663551401869159,0.23474178403755863,,
40,S3R34N32INF_N40_B03_hybrid_agree,"[10,16,14,24,28,32,12,6,20,26,38,4,36,30,22,18,34,8,2,0,39,21,19,9,31,13,3,1,11,17,7,15,25,29,23,5,33,27,35,37]",10-16-14-24-28-32-12-6-20-26-38-4-36-30-22-18-34-8-2-0-39-21-19-9-31-13-3-1-11-17-7-15-25-29-23-5-33-27-35-37,47979034a3c4fcc9,stage3_native_combined552,False,hybrid_gnn_surrogate_agreement,,,,,,False,,True,PASS_TEACHER_FIELDS_EXTRACTED,,0.0007187606411207,0.1526638865470886,583502784.0,579925376.0,,,,,,172.0,0.8037383177570093,0.3313720886267832,,,4.5779268475598656e-05,0.0001498124456702,False,False,False,False,,False,23.0,0.10747663551401869,0.15277600624890064,,,0.1440253555774688,0.1574980020523071,False,False,False,False,,False,117.0,0.5467289719626168,0.13686840848124057,,,581119040.0,583269440.0,False,False,False,False,,False,15.0,0.07009345794392523,0.23595505617977527,,,579924032.0,579927040.0,False,False,False,False,,False,172.0,0.8037383177570093,False,False,False,False,172.0,0.8037383177570093,0.19718309859154926,,
40,S3R34N32INF_N40_B04_hybrid_disagree,"[20,30,38,12,18,14,28,26,6,36,0,4,2,10,16,24,34,32,22,8,31,15,35,33,29,13,7,9,5,23,3,17,21,19,25,11,39,37,27,1]",20-30-38-12-18-14-28-26-6-36-0-4-2-10-16-24-34-32-22-8-31-15-35-33-29-13-7-9-5-23-3-17-21-19-25-11-39-37-27-1,6ef39869b256faf6,stage3_native_combined552,False,hybrid_gnn_surrogate_disagreement,,,,,,False,,True,PASS_TEACHER_FIELDS_EXTRACTED,,0.0007251808672208,0.1524647027254104,582093376.0,579926464.0,,,,,,175.0,0.8177570093457944,0.3345333703779919,,,4.5779268475598656e-05,0.0001498124456702,False,False,False,False,,False,21.0,0.09813084112149532,0.14925335767677586,,,0.1440253555774688,0.1574980020523071,False,False,False,False,,False,49.0,0.22897196261682243,0.055943850365634075,,,581119040.0,583269440.0,False,False,False,False,,False,61.0,0.2850467289719626,0.42696629213483145,,,579924032.0,579927040.0,False,False,False,False,,False,175.0,0.8177570093457944,False,False,False,False,175.0,0.8177570093457944,0.18309859154929575,,
40,S3R34N32INF_N40_B05_uncertainty,"[28,38,22,12,2,34,16,10,4,18,36,20,0,32,30,26,24,14,8,6,17,29,11,37,35,31,19,5,9,25,15,13,3,23,7,21,33,39,27,1]",28-38-22-12-2-34-16-10-4-18-36-20-0-32-30-26-24-14-8-6-17-29-11-37-35-31-19-5-9-25-15-13-3-23-7-21-33-39-27-1,786d848187a4a6d0,stage3_native_combined552,False,uncertainty_calibration,,,,,,False,,True,PASS_TEACHER_FIELDS_EXTRACTED,,0.0007050070043987,0.1488805264234542,583357120.0,579926464.0,,,,,,169.0,0.7897196261682243,0.32459987841111265,,,4.5779268475598656e-05,0.0001498124456702,False,False,False,False,,False,6.0,0.028037383177570093,0.08586571190337391,,,0.1440253555774688,0.1574980020523071,False,False,False,False,,False,111.0,0.5186915887850467,0.1285047587550068,,,581119040.0,583269440.0,False,False,False,False,,False,61.0,0.2850467289719626,0.42696629213483145,,,579924032.0,579927040.0,False,False,False,False,,False,169.0,0.7897196261682243,False,False,False,False,169.0,0.7897196261682243,0.21126760563380287,,
40,S3R34N32INF_N40_B06_diversity,"[38,34,32,20,28,12,10,26,24,16,6,2,0,30,8,14,36,18,4,22,21,29,19,27,31,25,39,11,9,7,1,13,33,35,23,15,3,17,5,37]",38-34-32-20-28-12-10-26-24-16-6-2-0-30-8-14-36-18-4-22-21-29-19-27-31-25-39-11-9-7-1-13-33-35-23-15-3-17-5-37,56bfd1e62ace1007,stage3_native_combined552,False,diversity_coverage,,,,,,False,,True,PASS_TEACHER_FIELDS_EXTRACTED,,0.0006026536907484,0.1472502499818802,585624640.0,579925120.0,,,,,,157.0,0.7336448598130841,0.27420170588983783,,,4.5779268475598656e-05,0.0001498124456702,False,False,False,False,,False,3.0,0.014018691588785047,0.05703359626921434,,,0.1440253555774688,0.1574980020523071,False,False,False,False,,False,169.0,0.7897196261682243,0.25869988608385697,,,581119040.0,583269440.0,False,False,False,False,,False,12.0,0.056074766355140186,0.19101123595505617,,,579924032.0,579927040.0,False,False,False,False,,False,157.0,0.7336448598130841,False,False,False,False,157.0,0.7336448598130841,0.2676056338028169,,
40,S3R34N32INF_N40_B07_sentinel,"[6,34,28,22,10,20,26,30,16,18,36,12,14,24,38,0,4,2,8,32,35,33,7,23,39,19,5,11,31,29,1,15,17,37,3,9,13,21,27,25]",6-34-28-22-10-20-26-30-16-18-36-12-14-24-38-0-4-2-8-32-35-33-7-23-39-19-5-11-31-29-1-15-17-37-3-9-13-21-27-25,01903efea4d8a963,stage3_native_combined552,False,sentinel_control,,,,,,False,,True,PASS_TEACHER_FIELDS_EXTRACTED,,0.0006454233700878,0.1492619067430496,583033216.0,579926080.0,,,,,,159.0,0.7429906542056075,0.29526124564632494,,,4.5779268475598656e-05,0.0001498124456702,False,False,False,False,,False,8.0,0.037383177570093455,0.09261058117508503,,,0.1440253555774688,0.1574980020523071,False,False,False,False,,False,102.0,0.4766355140186916,0.10990702972843862,,,581119040.0,583269440.0,False,False,False,False,,False,37.0,0.17289719626168223,0.3595505617977528,,,579924032.0,579927040.0,False,False,False,False,,False,159.0,0.7429906542056075,False,False,False,False,159.0,0.7429906542056075,0.2582159624413145,,
40,S3R34N32INF_N40_B08_n40_best_near,"[0,2,4,6,8,10,12,14,16,18,20,22,24,26,28,30,38,36,34,32,19,17,15,13,11,9,7,5,3,1,21,23,25,27,29,31,33,35,37,39]",0-2-4-6-8-10-12-14-16-18-20-22-24-26-28-30-38-36-34-32-19-17-15-13-11-9-7-5-3-1-21-23-25-27-29-31-33-35-37-39,9d1784d70d5b84be,stage3_native_combined552,False,N40_new_best_neighborhood,,,,,,False,,True,PASS_TEACHER_FIELDS_EXTRACTED,,5.696606240235269e-05,0.1578764021396637,582174208.0,579926528.0,,,,,,13.0,0.06074766355140187,0.005508311848180664,,,4.5779268475598656e-05,0.0001498124456702,False,False,False,False,,False,116.0,0.5420560747663551,0.24496150833766542,,,0.1440253555774688,0.1574980020523071,False,False,False,False,,False,64.0,0.29906542056074764,0.06058501451512145,,,581119040.0,583269440.0,False,False,False,False,,False,69.0,0.32242990654205606,0.43820224719101125,,,579924032.0,579927040.0,False,False,False,False,,False,13.0,0.06074766355140187,False,False,False,False,13.0,0.06074766355140187,0.9436619718309859,,
40,S3R34N32INF_N40_B09_n40_best_near,"[3,5,7,9,30,32,34,36,38,28,26,24,22,20,18,16,14,12,10,8,6,4,2,0,1,11,13,15,17,19,21,23,25,27,29,31,33,35,37,39]",3-5-7-9-30-32-34-36-38-28-26-24-22-20-18-16-14-12-10-8-6-4-2-0-1-11-13-15-17-19-21-23-25-27-29-31-33-35-37-39,0aa79fbe62a33062,stage3_native_combined552,False,N40_new_best_neighborhood,,,,,,False,,True,PASS_TEACHER_FIELDS_EXTRACTED,,9.528287046123296e-05,0.162568524479866,581909696.0,579928064.0,,,,,,78.0,0.3644859813084112,0.02437528385080484,,,4.5779268475598656e-05,0.0001498124456702,False,False,False,False,,False,161.0,0.7523364485981309,0.3279436397311126,,,0.1440253555774688,0.1574980020523071,False,False,False,False,,False,12.0,0.056074766355140186,0.04539742035056774,,,581119040.0,583269440.0,False,False,False,False,,False,204.0,0.9532710280373832,0.7078651685393258,,,579924032.0,579927040.0,False,False,False,False,,False,78.0,0.3644859813084112,False,False,False,False,78.0,0.3644859813084112,0.6384976525821596,,
40,S3R34N32INF_N40_B10_n40_best_near,"[4,2,0,6,8,10,12,14,16,18,20,38,36,34,32,30,28,26,24,22,19,17,15,13,11,9,7,5,3,1,21,23,25,27,29,31,33,35,37,39]",4-2-0-6-8-10-12-14-16-18-20-38-36-34-32-30-28-26-24-22-19-17-15-13-11-9-7-5-3-1-21-23-25-27-29-31-33-35-37-39,4d055832f3b55fd0,stage3_native_combined552,False,N40_new_best_neighborhood,,,,,,False,,True,PASS_TEACHER_FIELDS_EXTRACTED,,6.680645856249612e-05,0.1554957032203674,581764736.0,579927616.0,,,,,,30.0,0.14018691588785046,0.010353665317155971,,,4.5779268475598656e-05,0.0001498124456702,False,False,False,False,,False,92.0,0.42990654205607476,0.20285785966750627,,,0.1440253555774688,0.1574980020523071,False,False,False,False,,False,6.0,0.028037383177570093,0.03707419248153456,,,581119040.0,583269440.0,False,False,False,False,,False,185.0,0.8644859813084113,0.6292134831460674,,,579924032.0,579927040.0,False,False,False,False,,False,30.0,0.14018691588785046,False,False,False,False,30.0,0.14018691588785046,0.863849765258216,,
40,S3R34N32INF_N40_B11_n40_best_near,"[16,14,12,10,8,6,4,2,0,18,20,22,24,26,28,30,32,34,36,38,19,17,15,13,11,9,7,5,3,1,21,23,25,27,29,31,33,35,37,39]",16-14-12-10-8-6-4-2-0-18-20-22-24-26-28-30-32-34-36-38-19-17-15-13-11-9-7-5-3-1-21-23-25-27-29-31-33-35-37-39,b6ff798caa72e455,stage3_native_combined552,False,N40_new_best_neighborhood,,,,,,False,,True,PASS_TEACHER_FIELDS_EXTRACTED,,0.0001003126781142,0.1535033136606216,582332992.0,579927552.0,,,,,,81.0,0.37850467289719625,0.026851931697391862,,,4.5779268475598656e-05,0.0001498124456702,False,False,False,False,,False,56.0,0.2616822429906542,0.1676216232170664,,,0.1440253555774688,0.1574980020523071,False,False,False,False,,False,84.0,0.3925233644859813,0.06970198067100283,,,581119040.0,583269440.0,False,False,False,False,,False,146.0,0.6822429906542056,0.6179775280898876,,,579924032.0,579927040.0,False,False,False,False,,False,81.0,0.37850467289719625,False,False,False,False,81.0,0.37850467289719625,0.6244131455399061,,
40,S3R34N32INF_N40_B12_n40_best_near,"[9,11,13,15,17,19,22,24,26,28,30,32,34,36,38,20,18,16,14,12,10,8,6,4,2,0,7,5,3,1,21,23,25,27,29,31,33,35,37,39]",9-11-13-15-17-19-22-24-26-28-30-32-34-36-38-20-18-16-14-12-10-8-6-4-2-0-7-5-3-1-21-23-25-27-29-31-33-35-37-39,6fce9d27a14e11c7,stage3_native_combined552,False,N40_new_best_neighborhood,,,,,,False,,True,PASS_TEACHER_FIELDS_EXTRACTED,,0.0001675558778515,0.1616613566875457,584678912.0,579927808.0,,,,,,117.0,0.5467289719626168,0.05996208964324604,,,4.5779268475598656e-05,0.0001498124456702,False,False,False,False,,False,155.0,0.7242990654205608,0.31190000073789287,,,0.1440253555774688,0.1574980020523071,False,False,False,False,,False,154.0,0.719626168224299,0.20439863300628378,,,581119040.0,583269440.0,False,False,False,False,,False,197.0,0.9205607476635514,0.6629213483146067,,,579924032.0,579927040.0,False,False,False,False,,False,117.0,0.5467289719626168,False,False,False,False,117.0,0.5467289719626168,0.45539906103286387,,
24,S3R39N2440B60_N24_B01_n24_u2_near,"[23,21,19,17,15,13,1,3,5,7,9,11,0,2,4,6,8,10,12,14,16,18,20,22]",23-21-19-17-15-13-1-3-5-7-9-11-0-2-4-6-8-10-12-14-16-18-20-22,20f0cfa79dbd908a,stage3_native_combined552,False,N24_calibration_neighborhood,,,,,,False,,True,PASS_TEACHER_FIELDS_EXTRACTED,,6.897021739860065e-05,0.1602467745542526,582333952.0,579944704.0,,,,,,73.0,0.3686868686868687,0.06606719586786657,,,2.9523077955673216e-05,8.096076885522052e-05,False,False,False,False,,False,143.0,0.7222222222222222,0.2755198246723491,,,0.1492166519165039,0.15729529410600662,False,False,False,False,,False,87.0,0.4393939393939394,0.13065122014165687,,,580875968.0,582566592.0,False,False,False,False,,False,186.0,0.9393939393939394,0.9090909090909091,,,579942784.0,579944128.0,False,False,False,False,,False,73.0,0.3686868686868687,False,False,False,False,73.0,0.3686868686868687,0.6345177664974619,,
24,S3R39N2440B60_N24_B02_n24_u2_near,"[22,20,18,16,14,12,10,8,6,4,2,0,11,17,15,13,1,3,5,7,9,19,21,23]",22-20-18-16-14-12-10-8-6-4-2-0-11-17-15-13-1-3-5-7-9-19-21-23,8f5a56f5e692f4e9,stage3_native_combined552,False,N24_calibration_neighborhood,,,,,,False,,True,PASS_TEACHER_FIELDS_EXTRACTED,,8.142532624333398e-05,0.1593355387449264,583416192.0,579944448.0,,,,,,98.0,0.494949494949495,0.08692736791636547,,,2.9523077955673216e-05,8.096076885522052e-05,False,False,False,False,,False,131.0,0.6616161616161617,0.2527581982910159,,,0.1492166519165039,0.15729529410600662,False,False,False,False,,False,141.0,0.7121212121212122,0.22763169214005105,,,580875968.0,582566592.0,False,False,False,False,,False,145.0,0.7323232323232324,0.7878787878787878,,,579942784.0,579944128.0,False,False,False,False,,False,98.0,0.494949494949495,False,False,False,False,98.0,0.494949494949495,0.5076142131979695,,
24,S3R39N2440B60_N24_B03_n24_u2_near,"[22,11,1,3,5,7,9,13,15,17,19,21,23,0,2,4,6,8,10,18,16,14,12,20]",22-11-1-3-5-7-9-13-15-17-19-21-23-0-2-4-6-8-10-18-16-14-12-20,99dd3ff3d40a7fda,stage3_native_combined552,False,N24_calibration_neighborhood,,,,,,False,,True,PASS_TEACHER_FIELDS_EXTRACTED,,4.4721904259859e-05,0.1561453342437744,583116032.0,579944320.0,,,,,,24.0,0.12121212121212122,0.02545542841840614,,,2.9523077955673216e-05,8.096076885522052e-05,False,False,False,False,,False,83.0,0.41919191919191917,0.17307054533435373,,,0.1492166519165039,0.15729529410600662,False,False,False,False,,False,124.0,0.6262626262626263,0.20073409227769334,,,580875968.0,582566592.0,False,False,False,False,,False,113.0,0.5707070707070707,0.7272727272727273,,,579942784.0,579944128.0,False,False,False,False,,False,24.0,0.12121212121212122,False,False,False,False,24.0,0.12121212121212122,0.883248730964467,,
24,S3R39N2440B60_N24_B04_n24_u2_near,"[22,11,1,9,7,5,3,13,15,17,19,21,23,0,2,4,6,8,10,12,14,16,18,20]",22-11-1-9-7-5-3-13-15-17-19-21-23-0-2-4-6-8-10-12-14-16-18-20,522de358bb7a8a67,stage3_native_combined552,False,N24_calibration_neighborhood,,,,,,False,,True,PASS_TEACHER_FIELDS_EXTRACTED,,4.713229418484843e-05,0.1570424288511276,582759168.0,579943616.0,,,,,,31.0,0.15656565656565657,0.02949241831275856,,,2.9523077955673216e-05,8.096076885522052e-05,False,False,False,False,,False,96.0,0.48484848484848486,0.19547894069403712,,,0.1492166519165039,0.15729529410600662,False,False,False,False,,False,106.0,0.5353535353535354,0.16875519743067702,,,580875968.0,582566592.0,False,False,False,False,,False,57.0,0.2878787878787879,0.3939393939393939,,,579942784.0,579944128.0,False,False,False,False,,False,31.0,0.15656565656565657,False,False,False,False,31.0,0.15656565656565657,0.8477157360406091,,
24,S3R39N2440B60_N24_B05_n24_u2_near,"[20,22,11,1,3,5,7,9,13,15,17,19,21,23,4,2,0,6,8,10,12,14,16,18]",20-22-11-1-3-5-7-9-13-15-17-19-21-23-4-2-0-6-8-10-12-14-16-18,46b6e477e4e536e0,stage3_native_combined552,False,N24_calibration_neighborhood,,,,,,False,,True,PASS_TEACHER_FIELDS_EXTRACTED,,6.92875792083214e-05,0.1577739268541336,582638016.0,579944384.0,,,,,,74.0,0.37373737373737376,0.06659872249159392,,,2.9523077955673216e-05,8.096076885522052e-05,False,False,False,False,,False,110.0,0.5555555555555556,0.21375092262528472,,,0.1492166519165039,0.15729529410600662,False,False,False,False,,False,101.0,0.51010101010101,0.1578986608551028,,,580875968.0,582566592.0,False,False,False,False,,False,120.0,0.6060606060606061,0.7575757575757576,,,579942784.0,579944128.0,False,False,False,False,,False,74.0,0.37373737373737376,False,False,False,False,74.0,0.37373737373737376,0.6294416243654822,,
24,S3R39N2440B60_N24_B06_n24_u2_near,"[22,20,18,16,14,12,10,8,6,4,2,0,11,15,13,1,3,5,7,9,17,19,21,23]",22-20-18-16-14-12-10-8-6-4-2-0-11-15-13-1-3-5-7-9-17-19-21-23,e1c4d764f48828dd,stage3_native_combined552,False,N24_calibration_neighborhood,,,,,,False,,True,PASS_TEACHER_FIELDS_EXTRACTED,,8.698377223481657e-05,0.1596149206161499,583114752.0,579943744.0,,,,,,106.0,0.5353535353535354,0.09623681202882264,,,2.9523077955673216e-05,8.096076885522052e-05,False,False,False,False,,False,134.0,0.6767676767676768,0.2597368373056628,,,0.1492166519165039,0.15729529410600662,False,False,False,False,,False,123.0,0.6212121212121212,0.20061939035930376,,,580875968.0,582566592.0,False,False,False,False,,False,76.0,0.3838383838383838,0.45454545454545453,,,579942784.0,579944128.0,False,False,False,False,,False,106.0,0.5353535353535354,False,False,False,False,106.0,0.5353535353535354,0.46700507614213194,,
24,S3R39N2440B60_N24_B07_n24_u2_near,"[23,22,20,18,16,14,12,10,8,6,4,2,0,11,9,7,5,3,1,13,15,17,19,21]",23-22-20-18-16-14-12-10-8-6-4-2-0-11-9-7-5-3-1-13-15-17-19-21,effa6d39473b8bb7,stage3_native_combined552,False,N24_calibration_neighborhood,,,,,,False,,True,PASS_TEACHER_FIELDS_EXTRACTED,,5.00061778438976e-05,0.1556139588356018,581409152.0,579944832.0,,,,,,35.0,0.17676767676767677,0.03430568075168819,,,2.9523077955673216e-05,8.096076885522052e-05,False,False,False,False,,False,68.0,0.3434343434343434,0.1597973965124301,,,0.1492166519165039,0.15729529410600662,False,False,False,False,,False,15.0,0.07575757575757576,0.04777908410518166,,,580875968.0,582566592.0,False,False,False,False,,False,193.0,0.9747474747474747,0.9696969696969697,,,579942784.0,579944128.0,False,False,False,False,,False,35.0,0.17676767676767677,False,False,False,False,35.0,0.17676767676767677,0.8274111675126904,,
24,S3R39N2440B60_N24_B08_n24_u2_near,"[20,22,11,1,3,5,7,23,21,19,17,15,13,9,0,2,4,6,8,10,12,14,16,18]",20-22-11-1-3-5-7-23-21-19-17-15-13-9-0-2-4-6-8-10-12-14-16-18,e74bdb4d6daa213a,stage3_native_combined552,False,N24_calibration_neighborhood,,,,,,False,,True,PASS_TEACHER_FIELDS_EXTRACTED,,3.7988751273587695e-05,0.1621344983577728,592035328.0,579944576.0,,,,,,10.0,0.050505050505050504,0.014178551477914742,,,2.9523077955673216e-05,8.096076885522052e-05,False,False,False,False,,False,155.0,0.7828282828282829,0.3226730022440776,,,0.1492166519165039,0.15729529410600662,False,False,False,False,,False,198.0,1.0,1.0,,,580875968.0,582566592.0,False,False,False,False,,False,163.0,0.8232323232323232,0.8484848484848485,,,579942784.0,579944128.0,False,False,False,False,,False,10.0,0.050505050505050504,False,False,False,False,10.0,0.050505050505050504,0.9543147208121827,,
24,S3R39N2440B60_N24_B09_hybrid_agree,"[2,18,20,16,12,6,4,10,0,8,22,14,7,1,9,15,17,13,11,3,19,21,23,5]",2-18-20-16-12-6-4-10-0-8-22-14-7-1-9-15-17-13-11-3-19-21-23-5,43dd1861f2bc5bf9,stage3_native_combined552,False,hybrid_gnn_surrogate_agreement,,,,,,False,,True,PASS_TEACHER_FIELDS_EXTRACTED,,0.000202524353881,0.1511734724044799,583692736.0,579944512.0,,,,,,153.0,0.7727272727272727,0.2897474783560928,,,2.9523077955673216e-05,8.096076885522052e-05,False,False,False,False,,False,6.0,0.030303030303030304,0.04887913357529519,,,0.1492166519165039,0.15729529410600662,False,False,False,False,,False,147.0,0.7424242424242424,0.2524130416081209,,,580875968.0,582566592.0,False,False,False,False,,False,154.0,0.7777777777777778,0.8181818181818182,,,579942784.0,579944128.0,False,False,False,False,,False,153.0,0.7727272727272727,False,False,False,False,153.0,0.7727272727272727,0.2284263959390863,,
24,S3R39N2440B60_N24_B10_surrogate_top,"[2,4,16,12,10,8,18,22,6,20,14,0,13,17,19,23,15,11,5,9,21,1,3,7]",2-4-16-12-10-8-18-22-6-20-14-0-13-17-19-23-15-11-5-9-21-1-3-7,6d184d82a7abad45,stage3_native_combined552,False,surrogate_top_predicted,,,,,,False,,True,PASS_TEACHER_FIELDS_EXTRACTED,,0.0001885180240606,0.1577580869197845,582958208.0,579944256.0,,,,,,147.0,0.7424242424242424,0.26628927711001443,,,2.9523077955673216e-05,8.096076885522052e-05,False,False,False,False,,False,109.0,0.5505050505050505,0.2133552592153645,,,0.1492166519165039,0.15729529410600662,False,False,False,False,,False,112.0,0.5656565656565656,0.1865913457402575,,,580875968.0,582566592.0,False,False,False,False,,False,104.0,0.5252525252525253,0.696969696969697,,,579942784.0,579944128.0,False,False,False,False,,False,147.0,0.7424242424242424,False,False,False,False,147.0,0.7424242424242424,0.25888324873096447,,
24,S3R39N2440B60_N24_B11_hybrid_agree,"[14,12,0,4,8,18,22,10,6,20,16,2,1,5,9,19,23,11,3,21,7,17,15,13]",14-12-0-4-8-18-22-10-6-20-16-2-1-5-9-19-23-11-3-21-7-17-15-13,9b849ad6165f9a07,stage3_native_combined552,False,hybrid_gnn_surrogate_agreement,,,,,,False,,True,PASS_TEACHER_FIELDS_EXTRACTED,,0.0001821464500153,0.1570386588573455,582195008.0,579944128.0,,,,,,145.0,0.7323232323232324,0.255617982907643,,,2.9523077955673216e-05,8.096076885522052e-05,False,False,False,False,,False,95.0,0.4797979797979798,0.19538477056919146,,,0.1492166519165039,0.15729529410600662,False,False,False,False,,False,81.0,0.4090909090909091,0.1182003269004674,,,580875968.0,582566592.0,False,False,False,False,,False,95.0,0.4797979797979798,0.6363636363636364,,,579942784.0,579944128.0,False,False,False,False,,False,145.0,0.7323232323232324,False,False,False,False,145.0,0.7323232323232324,0.2690355329949239,,
24,S3R39N2440B60_N24_B12_surrogate_top,"[4,10,0,18,20,22,12,8,16,14,6,2,1,11,3,15,13,23,7,5,17,19,9,21]",4-10-0-18-20-22-12-8-16-14-6-2-1-11-3-15-13-23-7-5-17-19-9-21,efb35261339af161,stage3_native_combined552,False,surrogate_top_predicted,,,,,,False,,True,PASS_TEACHER_FIELDS_EXTRACTED,,0.0002064426553261,0.1496064215898513,583212096.0,579944320.0,,,,,,154.0,0.7777777777777778,0.2963099615348111,,,2.9523077955673216e-05,8.096076885522052e-05,False,False,False,False,,False,3.0,0.015151515151515152,0.009735999824312957,,,0.1492166519165039,0.15729529410600662,False,False,False,False,,False,129.0,0.6515151515151515,0.2093424712528317,,,580875968.0,582566592.0,False,False,False,False,,False,113.0,0.5707070707070707,0.7272727272727273,,,579942784.0,579944128.0,False,False,False,False,,False,154.0,0.7777777777777778,False,False,False,False,154.0,0.7777777777777778,0.2233502538071066,,
24,S3R39N2440B60_N24_B13_surrogate_top,"[4,0,22,16,10,18,8,12,2,6,20,14,13,3,1,7,19,15,23,17,21,9,11,5]",4-0-22-16-10-18-8-12-2-6-20-14-13-3-1-7-19-15-23-17-21-9-11-5,494e288b2a39a7f0,stage3_native_combined552,False,surrogate_top_predicted,,,,,,False,,True,PASS_TEACHER_FIELDS_EXTRACTED,,0.0002815967886817,0.1499830037355423,581689600.0,579944064.0,,,,,,171.0,0.8636363636363636,0.42218025070667686,,,2.9523077955673216e-05,8.096076885522052e-05,False,False,False,False,,False,5.0,0.025252525252525252,0.019142590318641208,,,0.1492166519165039,0.15729529410600662,False,False,False,False,,False,26.0,0.13131313131313133,0.07291027442433974,,,580875968.0,582566592.0,False,False,False,False,,False,92.0,0.46464646464646464,0.6060606060606061,,,579942784.0,579944128.0,False,False,False,False,,False,171.0,0.8636363636363636,False,False,False,False,171.0,0.8636363636363636,0.13705583756345174,,
24,S3R39N2440B60_N24_B14_surrogate_top,"[6,8,0,12,10,20,18,2,22,16,14,4,3,11,23,13,15,19,5,21,1,7,9,17]",6-8-0-12-10-20-18-2-22-16-14-4-3-11-23-13-15-19-5-21-1-7-9-17,f3c4bea6a8cb326e,stage3_native_combined552,False,surrogate_top_predicted,,,,,,False,,True,PASS_TEACHER_FIELDS_EXTRACTED,,0.0002263255041725,0.1560091227293014,582624064.0,579944064.0,,,,,,159.0,0.803030303030303,0.32961032469667817,,,2.9523077955673216e-05,8.096076885522052e-05,False,False,False,False,,False,77.0,0.3888888888888889,0.16966813778019685,,,0.1492166519165039,0.15729529410600662,False,False,False,False,,False,98.0,0.494949494949495,0.1566484099446563,,,580875968.0,582566592.0,False,False,False,False,,False,92.0,0.46464646464646464,0.6060606060606061,,,579942784.0,579944128.0,False,False,False,False,,False,159.0,0.803030303030303,False,False,False,False,159.0,0.803030303030303,0.19796954314720816,,
24,S3R39N2440B60_N24_B15_surrogate_top,"[4,16,22,14,0,12,20,2,18,8,10,6,7,11,13,21,9,15,3,17,23,19,1,5]",4-16-22-14-0-12-20-2-18-8-10-6-7-11-13-21-9-15-3-17-23-19-1-5,e7d4c44a39b62ccd,stage3_native_combined552,False,surrogate_top_predicted,,,,,,False,,True,PASS_TEACHER_FIELDS_EXTRACTED,,0.0002380475223162,0.1531964242458343,581450688.0,579943296.0,,,,,,166.0,0.8383838383838383,0.3492426954998129,,,2.9523077955673216e-05,8.096076885522052e-05,False,False,False,False,,False,32.0,0.16161616161616163,0.09941015258165598,,,0.1492166519165039,0.15729529410600662,False,False,False,False,,False,16.0,0.08080808080808081,0.051501161356923696,,,580875968.0,582566592.0,False,False,False,False,,False,9.0,0.045454545454545456,0.24242424242424243,,,579942784.0,579944128.0,False,False,False,False,,False,166.0,0.8383838383838383,False,False,False,False,166.0,0.8383838383838383,0.1624365482233503,,
24,S3R39N2440B60_N24_B16_surrogate_top,"[6,18,2,14,8,10,0,16,4,12,22,20,21,7,19,13,17,23,15,11,1,9,3,5]",6-18-2-14-8-10-0-16-4-12-22-20-21-7-19-13-17-23-15-11-1-9-3-5,01778e1f6d29a067,stage3_native_combined552,False,surrogate_top_predicted,,,,,,False,,True,PASS_TEACHER_FIELDS_EXTRACTED,,0.0001946740942457,0.1556887030601501,585390848.0,579944512.0,,,,,,151.0,0.7626262626262627,0.276599639291885,,,2.9523077955673216e-05,8.096076885522052e-05,False,False,False,False,,False,71.0,0.35858585858585856,0.16166442159629785,,,0.1492166519165039,0.15729529410600662,False,False,False,False,,False,171.0,0.8636363636363636,0.40458234163966394,,,580875968.0,582566592.0,False,False,False,False,,False,154.0,0.7777777777777778,0.8181818181818182,,,579942784.0,579944128.0,False,False,False,False,,False,151.0,0.7626262626262627,False,False,False,False,151.0,0.7626262626262627,0.23857868020304573,,
24,S3R39N2440B60_N24_B17_diversity,"[2,7,12,17,22,3,8,13,18,23,4,9,14,19,0,5,10,15,20,1,6,11,16,21]",2-7-12-17-22-3-8-13-18-23-4-9-14-19-0-5-10-15-20-1-6-11-16-21,5ccfdae24095dd12,stage3_native_combined552,False,diversity_coverage,,,,,,False,,True,PASS_TEACHER_FIELDS_EXTRACTED,,0.0005505187583594,0.1519718170166015,581337792.0,579942848.0,,,,,,190.0,0.9595959595959596,0.8725784467425252,,,2.9523077955673216e-05,8.096076885522052e-05,False,False,False,False,,False,13.0,0.06565656565656566,0.06882086720635076,,,0.1492166519165039,0.15729529410600662,False,False,False,False,,False,13.0,0.06565656565656566,0.041384452154962295,,,580875968.0,582566592.0,False,False,False,False,,False,2.0,0.010101010101010102,0.030303030303030304,,,579942784.0,579944128.0,False,False,False,False,,False,190.0,0.9595959595959596,False,False,False,False,190.0,0.9595959595959596,0.040609137055837574,,
24,S3R39N2440B60_N24_B18_graph_pointer,"[2,7,0,3,10,12,17,20,8,11,16,18,1,5,14,9,4,6,23,21,13,15,19,22]",2-7-0-3-10-12-17-20-8-11-16-18-1-5-14-9-4-6-23-21-13-15-19-22,0ad102f2eaec54c2,stage3_native_combined552,False,graph_pointer_temperature_sampled,,,,,,False,,True,PASS_TEACHER_FIELDS_EXTRACTED,,0.0002313458730895,0.1603628247976303,585924800.0,579943552.0,,,,,,162.0,0.8181818181818182,0.33801858195569356,,,2.9523077955673216e-05,8.096076885522052e-05,False,False,False,False,,False,144.0,0.7272727272727273,0.2784186267762518,,,0.1492166519165039,0.15729529410600662,False,False,False,False,,False,181.0,0.9141414141414141,0.45243024689587935,,,580875968.0,582566592.0,False,False,False,False,,False,27.0,0.13636363636363635,0.36363636363636365,,,579942784.0,579944128.0,False,False,False,False,,False,162.0,0.8181818181818182,False,False,False,False,162.0,0.8181818181818182,0.18274111675126903,,
24,S3R39N2440B60_N24_B19_graph_pointer,"[2,4,6,7,0,5,12,17,10,22,23,21,18,8,19,15,13,11,14,16,20,9,3,1]",2-4-6-7-0-5-12-17-10-22-23-21-18-8-19-15-13-11-14-16-20-9-3-1,5a8a3a7f7fdfa8fc,stage3_native_combined552,False,graph_pointer_temperature_sampled,,,,,,False,,True,PASS_TEACHER_FIELDS_EXTRACTED,,0.0002318852484677,0.1731639057397842,582702336.0,579944256.0,,,,,,164.0,0.8282828282828283,0.3389219432452847,,,2.9523077955673216e-05,8.096076885522052e-05,False,False,False,False,,False,186.0,0.9393939393939394,0.5981749606476822,,,0.1492166519165039,0.15729529410600662,False,False,False,False,,False,104.0,0.5252525252525253,0.16366243225417945,,,580875968.0,582566592.0,False,False,False,False,,False,104.0,0.5252525252525253,0.696969696969697,,,579942784.0,579944128.0,False,False,False,False,,False,164.0,0.8282828282828283,False,False,False,False,164.0,0.8282828282828283,0.1725888324873096,,
24,S3R39N2440B60_N24_B20_graph_pointer,"[6,8,2,1,18,14,16,4,7,0,10,12,22,20,19,17,15,11,3,5,9,13,23,21]",6-8-2-1-18-14-16-4-7-0-10-12-22-20-19-17-15-11-3-5-9-13-23-21,cc4ae946f5789d20,stage3_native_combined552,False,graph_pointer_temperature_sampled,,,,,,False,,True,PASS_TEACHER_FIELDS_EXTRACTED,,0.0001901917951272,0.1607173234224319,584000640.0,579943424.0,,,,,,150.0,0.7575757575757576,0.2690925567002879,,,2.9523077955673216e-05,8.096076885522052e-05,False,False,False,False,,False,145.0,0.7323232323232324,0.2872735962230698,,,0.1492166519165039,0.15729529410600662,False,False,False,False,,False,154.0,0.7777777777777778,0.28000458807673556,,,580875968.0,582566592.0,False,False,False,False,,False,16.0,0.08080808080808081,0.30303030303030304,,,579942784.0,579944128.0,False,False,False,False,,False,150.0,0.7575757575757576,False,False,False,False,150.0,0.7575757575757576,0.24365482233502533,,
24,S3R39N2440B60_N24_B21_graph_pointer,"[2,4,12,14,16,8,6,1,0,5,7,18,3,19,15,13,11,10,21,23,22,20,17,9]",2-4-12-14-16-8-6-1-0-5-7-18-3-19-15-13-11-10-21-23-22-20-17-9,c80ea11fb2da604a,stage3_native_combined552,False,graph_pointer_temperature_sampled,,,,,,False,,True,PASS_TEACHER_FIELDS_EXTRACTED,,0.0002189582201026,0.1719127595424652,581934400.0,579943808.0,,,,,,157.0,0.7929292929292929,0.3172713869046359,,,2.9523077955673216e-05,8.096076885522052e-05,False,False,False,False,,False,183.0,0.9242424242424242,0.5669227622591458,,,0.1492166519165039,0.15729529410600662,False,False,False,False,,False,57.0,0.2878787878787879,0.09484701631634788,,,580875968.0,582566592.0,False,False,False,False,,False,81.0,0.4090909090909091,0.48484848484848486,,,579942784.0,579944128.0,False,False,False,False,,False,157.0,0.7929292929292929,False,False,False,False,157.0,0.7929292929292929,0.20812182741116747,,
24,S3R39N2440B60_N24_B22_diversity,"[8,3,22,17,12,7,2,21,16,11,6,1,20,15,10,5,0,19,14,9,4,23,18,13]",8-3-22-17-12-7-2-21-16-11-6-1-20-15-10-5-0-19-14-9-4-23-18-13,0600acdc2dcb4198,stage3_native_combined552,False,diversity_coverage,,,,,,False,,True,PASS_TEACHER_FIELDS_EXTRACTED,,0.000534943341222,0.1557627022266388,581765824.0,579943808.0,,,,,,187.0,0.9444444444444444,0.8464922932400859,,,2.9523077955673216e-05,8.096076885522052e-05,False,False,False,False,,False,72.0,0.36363636363636365,0.16351283598355879,,,0.1492166519165039,0.15729529410600662,False,False,False,False,,False,31.0,0.15656565656565657,0.07974077366443953,,,580875968.0,582566592.0,False,False,False,False,,False,81.0,0.4090909090909091,0.48484848484848486,,,579942784.0,579944128.0,False,False,False,False,,False,187.0,0.9444444444444444,False,False,False,False,187.0,0.9444444444444444,0.055837563451776595,,
24,S3R39N2440B60_N24_B23_graph_pointer,"[8,2,5,22,19,18,21,14,6,4,0,11,13,23,12,3,10,16,20,15,9,1,17,7]",8-2-5-22-19-18-21-14-6-4-0-11-13-23-12-3-10-16-20-15-9-1-17-7,c2aac9cb62b52be0,stage3_native_combined552,False,graph_pointer_temperature_sampled,,,,,,False,,True,PASS_TEACHER_FIELDS_EXTRACTED,,0.000382078932489,0.1633279919624328,585695104.0,579942976.0,,,,,,178.0,0.898989898989899,0.5904706152271458,,,2.9523077955673216e-05,8.096076885522052e-05,False,False,False,False,,False,166.0,0.8383838383838383,0.3524851049289677,,,0.1492166519165039,0.15729529410600662,False,False,False,False,,False,177.0,0.8939393939393939,0.4318469876408683,,,580875968.0,582566592.0,False,False,False,False,,False,4.0,0.020202020202020204,0.09090909090909091,,,579942784.0,579944128.0,False,False,False,False,,False,178.0,0.898989898989899,False,False,False,False,178.0,0.898989898989899,0.10152284263959388,,
24,S3R39N2440B60_N24_B24_hybrid_disagree,"[0,17,23,16,19,4,15,9,12,14,10,3,5,1,21,18,7,2,20,22,11,6,8,13]",0-17-23-16-19-4-15-9-12-14-10-3-5-1-21-18-7-2-20-22-11-6-8-13,246ba306ff780a9a,stage3_native_combined552,False,hybrid_gnn_surrogate_disagreement,,,,,,False,,True,PASS_TEACHER_FIELDS_EXTRACTED,,0.0002786342520266,0.1609224379062652,583029184.0,579943104.0,,,,,,170.0,0.8585858585858586,0.4172185096977653,,,2.9523077955673216e-05,8.096076885522052e-05,False,False,False,False,,False,148.0,0.7474747474747475,0.2923971209996763,,,0.1492166519165039,0.15729529410600662,False,False,False,False,,False,117.0,0.5909090909090909,0.19295156711496,,,580875968.0,582566592.0,False,False,False,False,,False,5.0,0.025252525252525252,0.15151515151515152,,,579942784.0,579944128.0,False,False,False,False,,False,170.0,0.8585858585858586,False,False,False,False,170.0,0.8585858585858586,0.14213197969543145,,
24,S3R39N2440B60_N24_B25_hybrid_disagree,"[23,20,9,8,0,11,15,10,17,21,14,5,7,3,12,16,18,22,6,2,19,1,4,13]",23-20-9-8-0-11-15-10-17-21-14-5-7-3-12-16-18-22-6-2-19-1-4-13,1d6fc56e589607e8,stage3_native_combined552,False,hybrid_gnn_surrogate_disagreement,,,,,,False,,True,PASS_TEACHER_FIELDS_EXTRACTED,,0.0003401456374376,0.1549776643514633,582068544.0,579944192.0,,,,,,176.0,0.8888888888888888,0.5202395349341337,,,2.9523077955673216e-05,8.096076885522052e-05,False,False,False,False,,False,61.0,0.30808080808080807,0.14390348939394962,,,0.1492166519165039,0.15729529410600662,False,False,False,False,,False,71.0,0.35858585858585856,0.1068677773635764,,,580875968.0,582566592.0,False,False,False,False,,False,102.0,0.5151515151515151,0.6666666666666666,,,579942784.0,579944128.0,False,False,False,False,,False,176.0,0.8888888888888888,False,False,False,False,176.0,0.8888888888888888,0.1116751269035533,,
24,S3R39N2440B60_N24_B26_uncertainty,"[6,5,4,3,2,1,0,23,22,21,20,19,18,17,16,15,14,13,12,11,10,9,8,7]",6-5-4-3-2-1-0-23-22-21-20-19-18-17-16-15-14-13-12-11-10-9-8-7,d7c971333572de00,stage3_native_combined552,False,uncertainty_calibration,,,,,,False,,True,PASS_TEACHER_FIELDS_EXTRACTED,,0.0004649620168493,0.1795306205749511,584252160.0,579944384.0,,,,,,184.0,0.9292929292929293,0.7292855723037514,,,2.9523077955673216e-05,8.096076885522052e-05,False,False,False,False,,False,194.0,0.9797979797979798,0.7572082019573232,,,0.1492166519165039,0.15729529410600662,False,False,False,False,,False,157.0,0.7929292929292929,0.30254351504028903,,,580875968.0,582566592.0,False,False,False,False,,False,120.0,0.6060606060606061,0.7575757575757576,,,579942784.0,579944128.0,False,False,False,False,,False,184.0,0.9292929292929293,False,False,False,False,184.0,0.9292929292929293,0.07106598984771573,,
24,S3R39N2440B60_N24_B27_uncertainty,"[14,15,16,17,18,19,20,21,22,23,0,1,2,3,4,5,6,7,8,9,10,11,12,13]",14-15-16-17-18-19-20-21-22-23-0-1-2-3-4-5-6-7-8-9-10-11-12-13,55ff1ca1e18b999a,stage3_native_combined552,False,uncertainty_calibration,,,,,,False,,True,PASS_TEACHER_FIELDS_EXTRACTED,,0.0004528175495579,0.1783385276794433,583169920.0,579943552.0,,,,,,183.0,0.9242424242424242,0.7089456716016315,,,2.9523077955673216e-05,8.096076885522052e-05,False,False,False,False,,False,193.0,0.9747474747474747,0.727431087382059,,,0.1492166519165039,0.15729529410600662,False,False,False,False,,False,128.0,0.6464646464646465,0.20556304304189488,,,580875968.0,582566592.0,False,False,False,False,,False,27.0,0.13636363636363635,0.36363636363636365,,,579942784.0,579944128.0,False,False,False,False,,False,183.0,0.9242424242424242,False,False,False,False,183.0,0.9242424242424242,0.07614213197969544,,
24,S3R39N2440B60_N24_B28_diversity,"[19,20,4,16,23,1,14,11,12,15,17,3,10,2,13,18,22,8,7,6,9,21,5,0]",19-20-4-16-23-1-14-11-12-15-17-3-10-2-13-18-22-8-7-6-9-21-5-0,895920409a1f0e2a,stage3_native_combined552,False,diversity_coverage,,,,,,False,,True,PASS_TEACHER_FIELDS_EXTRACTED,,0.0003291523960342,0.1738174110651016,582422400.0,579944064.0,,,,,,175.0,0.8838383838383839,0.5018277402317072,,,2.9523077955673216e-05,8.096076885522052e-05,False,False,False,False,,False,187.0,0.9444444444444444,0.6144987748578423,,,0.1492166519165039,0.15729529410600662,False,False,False,False,,False,92.0,0.46464646464646464,0.1385771227023772,,,580875968.0,582566592.0,False,False,False,False,,False,92.0,0.46464646464646464,0.6060606060606061,,,579942784.0,579944128.0,False,False,False,False,,False,175.0,0.8838383838383839,False,False,False,False,175.0,0.8838383838383839,0.11675126903553301,,
24,S3R39N2440B60_N24_B29_uncertainty,"[19,18,17,16,15,14,13,12,11,10,9,8,7,6,5,4,3,2,1,0,23,22,21,20]",19-18-17-16-15-14-13-12-11-10-9-8-7-6-5-4-3-2-1-0-23-22-21-20,2f697e9d0f89d8b9,stage3_native_combined552,False,uncertainty_calibration,,,,,,False,,True,PASS_TEACHER_FIELDS_EXTRACTED,,0.0005198504350119,0.1779865622520446,583366784.0,579944704.0,,,,,,185.0,0.9343434343434344,0.8212142628206509,,,2.9523077955673216e-05,8.096076885522052e-05,False,False,False,False,,False,192.0,0.9696969696969697,0.7186393943037114,,,0.1492166519165039,0.15729529410600662,False,False,False,False,,False,136.0,0.6868686868686869,0.22320419809021305,,,580875968.0,582566592.0,False,False,False,False,,False,186.0,0.9393939393939394,0.9090909090909091,,,579942784.0,579944128.0,False,False,False,False,,False,185.0,0.9343434343434344,False,False,False,False,185.0,0.9343434343434344,0.06598984771573602,,
24,S3R39N2440B60_N24_B30_sentinel,"[12,11,13,10,14,9,15,8,16,7,17,6,18,5,19,4,20,3,21,2,1,22,0,23]",12-11-13-10-14-9-15-8-16-7-17-6-18-5-19-4-20-3-21-2-1-22-0-23,6ade7040546e76c8,stage3_native_combined552,False,sentinel_control,,,,,,False,,True,PASS_TEACHER_FIELDS_EXTRACTED,,0.0006249901030059,0.1726419776678085,588270592.0,579944192.0,,,,,,197.0,0.9949494949494949,0.9973051818818929,,,2.9523077955673216e-05,8.096076885522052e-05,False,False,False,False,,False,184.0,0.9292929292929293,0.5851377954587668,,,0.1492166519165039,0.15729529410600662,False,False,False,False,,False,195.0,0.9848484848484849,0.6626387176325524,,,580875968.0,582566592.0,False,False,False,False,,False,102.0,0.5151515151515151,0.6666666666666666,,,579942784.0,579944128.0,False,False,False,False,,False,197.0,0.9949494949494949,False,False,False,False,197.0,0.9949494949494949,0.005076142131979711,,
40,S3R39N2440B60_N40_B01_n40_u2_near,"[0,2,4,6,7,9,11,13,15,17,19,32,34,36,38,30,28,26,24,22,20,18,16,14,12,10,8,5,3,1,21,23,25,27,29,31,33,35,37,39]",0-2-4-6-7-9-11-13-15-17-19-32-34-36-38-30-28-26-24-22-20-18-16-14-12-10-8-5-3-1-21-23-25-27-29-31-33-35-37-39,2be93a3db4bceb7f,stage3_native_combined552,False,N40_new_best_neighborhood,,,,,,False,,True,PASS_TEACHER_FIELDS_EXTRACTED,,7.611840919707902e-05,0.1559313535690307,581616832.0,579927616.0,,,,,,50.0,0.2336448598130841,0.014938815302575402,,,4.5779268475598656e-05,0.0001498124456702,False,False,False,False,,False,97.0,0.4532710280373832,0.21056251693200986,,,0.1440253555774688,0.1574980020523071,False,False,False,False,,False,4.0,0.018691588785046728,0.02858192775511704,,,581119040.0,583269440.0,False,False,False,False,,False,185.0,0.8644859813084113,0.6292134831460674,,,579924032.0,579927040.0,False,False,False,False,,False,50.0,0.2336448598130841,False,False,False,False,50.0,0.2336448598130841,0.7699530516431925,,
40,S3R39N2440B60_N40_B02_n40_u2_near,"[0,3,5,7,9,11,13,15,17,19,38,36,34,32,30,28,26,24,22,20,18,16,14,12,10,8,6,4,2,1,21,23,25,27,29,31,33,35,37,39]",0-3-5-7-9-11-13-15-17-19-38-36-34-32-30-28-26-24-22-20-18-16-14-12-10-8-6-4-2-1-21-23-25-27-29-31-33-35-37-39,57d732db8ce53de8,stage3_native_combined552,False,N40_new_best_neighborhood,,,,,,False,,True,PASS_TEACHER_FIELDS_EXTRACTED,,7.798989645380061e-05,0.1534222960472107,582003392.0,579926528.0,,,,,,54.0,0.2523364485981308,0.015860324673125672,,,4.5779268475598656e-05,0.0001498124456702,False,False,False,False,,False,42.0,0.19626168224299065,0.16618879309163612,,,0.1440253555774688,0.1574980020523071,False,False,False,False,,False,19.0,0.08878504672897196,0.05077720207253886,,,581119040.0,583269440.0,False,False,False,False,,False,69.0,0.32242990654205606,0.43820224719101125,,,579924032.0,579927040.0,False,False,False,False,,False,54.0,0.2523364485981308,False,False,False,False,54.0,0.2523364485981308,0.7511737089201878,,
40,S3R39N2440B60_N40_B03_n40_u2_near,"[0,2,4,6,8,9,11,13,15,17,19,38,36,34,32,30,28,26,24,22,20,18,16,14,12,10,7,5,3,1,21,23,25,27,29,31,33,35,37,39]",0-2-4-6-8-9-11-13-15-17-19-38-36-34-32-30-28-26-24-22-20-18-16-14-12-10-7-5-3-1-21-23-25-27-29-31-33-35-37-39,9be5805c286ff5e5,stage3_native_combined552,False,N40_new_best_neighborhood,,,,,,False,,True,PASS_TEACHER_FIELDS_EXTRACTED,,7.676980362703034e-05,0.1560160666704177,581629376.0,579927616.0,,,,,,52.0,0.24299065420560748,0.015259558106977886,,,4.5779268475598656e-05,0.0001498124456702,False,False,False,False,,False,98.0,0.45794392523364486,0.21206070329637886,,,0.1440253555774688,0.1574980020523071,False,False,False,False,,False,5.0,0.02336448598130841,0.02930217175614596,,,581119040.0,583269440.0,False,False,False,False,,False,185.0,0.8644859813084113,0.6292134831460674,,,579924032.0,579927040.0,False,False,False,False,,False,52.0,0.24299065420560748,False,False,False,False,52.0,0.24299065420560748,0.7605633802816901,,
40,S3R39N2440B60_N40_B04_n40_u2_near,"[0,2,3,5,7,9,11,13,15,17,19,22,24,26,28,30,32,34,36,38,20,18,16,14,12,10,8,6,4,1,21,23,25,27,29,31,33,35,37,39]",0-2-3-5-7-9-11-13-15-17-19-22-24-26-28-30-32-34-36-38-20-18-16-14-12-10-8-6-4-1-21-23-25-27-29-31-33-35-37-39,9b691e899f606246,stage3_native_combined552,False,N40_new_best_neighborhood,,,,,,False,,True,PASS_TEACHER_FIELDS_EXTRACTED,,6.792713247705251e-05,0.1540291607379913,582070784.0,579926528.0,,,,,,32.0,0.14953271028037382,0.0109054785928734,,,4.5779268475598656e-05,0.0001498124456702,False,False,False,False,,False,73.0,0.3411214953271028,0.17692144707146162,,,0.1440253555774688,0.1574980020523071,False,False,False,False,,False,45.0,0.2102803738317757,0.054646676220923826,,,581119040.0,583269440.0,False,False,False,False,,False,69.0,0.32242990654205606,0.43820224719101125,,,579924032.0,579927040.0,False,False,False,False,,False,32.0,0.14953271028037382,False,False,False,False,32.0,0.14953271028037382,0.8544600938967136,,
40,S3R39N2440B60_N40_B05_n40_u2_near,"[0,2,4,6,8,10,12,14,16,18,20,22,24,26,28,30,39,37,35,33,31,29,27,25,23,21,1,3,5,7,9,11,13,15,17,19,38,36,34,32]",0-2-4-6-8-10-12-14-16-18-20-22-24-26-28-30-39-37-35-33-31-29-27-25-23-21-1-3-5-7-9-11-13-15-17-19-38-36-34-32,5d9e68cb25610b72,stage3_native_combined552,False,N40_new_best_neighborhood,,,,,,False,,True,PASS_TEACHER_FIELDS_EXTRACTED,,0.0002428228326607,0.1591205149888992,590432640.0,579926016.0,,,,,,144.0,0.6728971962616822,0.09702309761984455,,,4.5779268475598656e-05,0.0001498124456702,False,False,False,False,,False,131.0,0.6121495327102804,0.26696416053600636,,,0.1440253555774688,0.1574980020523071,False,False,False,False,,False,206.0,0.9626168224299065,0.5347627971925183,,,581119040.0,583269440.0,False,False,False,False,,False,31.0,0.14485981308411214,0.34831460674157305,,,579924032.0,579927040.0,False,False,False,False,,False,144.0,0.6728971962616822,False,False,False,False,144.0,0.6728971962616822,0.32863849765258213,,
40,S3R39N2440B60_N40_B06_n40_u2_near,"[4,2,0,7,9,11,13,15,17,19,22,24,26,28,30,32,34,36,38,20,18,16,14,12,10,8,6,5,3,1,21,23,25,27,29,31,33,35,37,39]",4-2-0-7-9-11-13-15-17-19-22-24-26-28-30-32-34-36-38-20-18-16-14-12-10-8-6-5-3-1-21-23-25-27-29-31-33-35-37-39,05712ac7b315fe45,stage3_native_combined552,False,N40_new_best_neighborhood,,,,,,False,,True,PASS_TEACHER_FIELDS_EXTRACTED,,0.000113214871817,0.1534597277641296,582466304.0,579927488.0,,,,,,89.0,0.4158878504672897,0.033204896354288575,,,4.5779268475598656e-05,0.0001498124456702,False,False,False,False,,False,49.0,0.22897196261682243,0.16685078854410634,,,0.1440253555774688,0.1574980020523071,False,False,False,False,,False,88.0,0.411214953271028,0.07735641053908059,,,581119040.0,583269440.0,False,False,False,False,,False,127.0,0.5934579439252337,0.6067415730337079,,,579924032.0,579927040.0,False,False,False,False,,False,89.0,0.4158878504672897,False,False,False,False,89.0,0.4158878504672897,0.5868544600938967,,
40,S3R39N2440B60_N40_B07_n40_u2_near,"[4,2,0,6,8,10,12,14,15,17,19,22,24,26,28,30,32,34,36,38,20,18,16,13,11,9,7,5,3,1,21,23,25,27,29,31,33,35,37,39]",4-2-0-6-8-10-12-14-15-17-19-22-24-26-28-30-32-34-36-38-20-18-16-13-11-9-7-5-3-1-21-23-25-27-29-31-33-35-37-39,6651abff5496dcd0,stage3_native_combined552,False,N40_new_best_neighborhood,,,,,,False,,True,PASS_TEACHER_FIELDS_EXTRACTED,,0.0001306445738009,0.1540696173906326,582282304.0,579926528.0,,,,,,98.0,0.45794392523364486,0.04178717958724986,,,4.5779268475598656e-05,0.0001498124456702,False,False,False,False,,False,78.0,0.3644859813084112,0.1776369397679019,,,0.1440253555774688,0.1574980020523071,False,False,False,False,,False,74.0,0.34579439252336447,0.06679160695255944,,,581119040.0,583269440.0,False,False,False,False,,False,69.0,0.32242990654205606,0.43820224719101125,,,579924032.0,579927040.0,False,False,False,False,,False,98.0,0.45794392523364486,False,False,False,False,98.0,0.45794392523364486,0.5446009389671361,,
40,S3R39N2440B60_N40_B08_n40_u2_near,"[17,15,13,10,8,6,4,2,0,18,20,22,24,26,28,30,32,34,36,38,19,16,14,12,11,9,7,5,3,1,21,23,25,27,29,31,33,35,37,39]",17-15-13-10-8-6-4-2-0-18-20-22-24-26-28-30-32-34-36-38-19-16-14-12-11-9-7-5-3-1-21-23-25-27-29-31-33-35-37-39,f0613bea802663bb,stage3_native_combined552,False,N40_new_best_neighborhood,,,,,,False,,True,PASS_TEACHER_FIELDS_EXTRACTED,,0.0001928622095874,0.1534249633550644,585483904.0,579927552.0,,,,,,126.0,0.5887850467289719,0.07242277926062379,,,4.5779268475598656e-05,0.0001498124456702,False,False,False,False,,False,45.0,0.2102803738317757,0.16623596553828907,,,0.1440253555774688,0.1574980020523071,False,False,False,False,,False,168.0,0.7850467289719626,0.2506191893580274,,,581119040.0,583269440.0,False,False,False,False,,False,146.0,0.6822429906542056,0.6179775280898876,,,579924032.0,579927040.0,False,False,False,False,,False,126.0,0.5887850467289719,False,False,False,False,126.0,0.5887850467289719,0.41314553990610325,,
40,S3R39N2440B60_N40_B09_hybrid_agree,"[10,6,0,32,30,4,14,12,16,18,28,2,26,20,24,22,36,38,34,8,3,11,39,33,21,5,37,23,7,35,13,15,25,27,9,1,17,29,31,19]",10-6-0-32-30-4-14-12-16-18-28-2-26-20-24-22-36-38-34-8-3-11-39-33-21-5-37-23-7-35-13-15-25-27-9-1-17-29-31-19,55e8df5bc6f54fb1,stage3_native_combined552,False,hybrid_gnn_surrogate_agreement,,,,,,False,,True,PASS_TEACHER_FIELDS_EXTRACTED,,0.0006667709956218,0.1507769972085952,583664832.0,579926272.0,,,,,,162.0,0.7570093457943925,0.3057726915019809,,,4.5779268475598656e-05,0.0001498124456702,False,False,False,False,,False,13.0,0.06074766355140187,0.11940558500685708,,,0.1440253555774688,0.1574980020523071,False,False,False,False,,False,125.0,0.5841121495327103,0.14617278506596112,,,581119040.0,583269440.0,False,False,False,False,,False,51.0,0.2383177570093458,0.39325842696629215,,,579924032.0,579927040.0,False,False,False,False,,False,162.0,0.7570093457943925,False,False,False,False,162.0,0.7570093457943925,0.244131455399061,,
40,S3R39N2440B60_N40_B10_surrogate_top,"[14,30,20,8,2,24,32,28,26,0,34,18,16,36,12,4,10,22,38,6,19,23,29,31,37,13,7,27,35,39,9,1,21,11,5,17,25,15,3,33]",14-30-20-8-2-24-32-28-26-0-34-18-16-36-12-4-10-22-38-6-19-23-29-31-37-13-7-27-35-39-9-1-21-11-5-17-25-15-3-33,ea73009f75c06ec9,stage3_native_combined552,False,surrogate_top_predicted,,,,,,False,,True,PASS_TEACHER_FIELDS_EXTRACTED,,0.000756842054443,0.1440253555774688,585081920.0,579926080.0,,,,,,177.0,0.8271028037383178,0.3501231536389869,,,4.5779268475598656e-05,0.0001498124456702,False,False,False,False,,False,1.0,0.004672897196261682,0.0,,,0.1440253555774688,0.1574980020523071,False,False,False,False,,False,158.0,0.7383177570093458,0.2275383088964833,,,581119040.0,583269440.0,False,False,False,False,,False,37.0,0.17289719626168223,0.3595505617977528,,,579924032.0,579927040.0,False,False,False,False,,False,177.0,0.8271028037383178,False,False,False,False,177.0,0.8271028037383178,0.17370892018779338,,
40,S3R39N2440B60_N40_B11_hybrid_agree,"[28,24,0,10,32,30,26,6,2,8,38,16,4,34,36,12,14,20,22,18,5,3,9,15,35,25,37,33,23,13,11,21,39,7,31,27,1,29,17,19]",28-24-0-10-32-30-26-6-2-8-38-16-4-34-36-12-14-20-22-18-5-3-9-15-35-25-37-33-23-13-11-21-39-7-31-27-1-29-17-19,8e5b471c1c405535,stage3_native_combined552,False,hybrid_gnn_surrogate_agreement,,,,,,False,,True,PASS_TEACHER_FIELDS_EXTRACTED,,0.000611297203477,0.1557230949401855,584742592.0,579926144.0,,,,,,158.0,0.7383177570093458,0.27845772096302,,,4.5779268475598656e-05,0.0001498124456702,False,False,False,False,,False,93.0,0.43457943925233644,0.20687937662797687,,,0.1440253555774688,0.1574980020523071,False,False,False,False,,False,155.0,0.7242990654205608,0.20805497372579282,,,581119040.0,583269440.0,False,False,False,False,,False,45.0,0.2102803738317757,0.3707865168539326,,,579924032.0,579927040.0,False,False,False,False,,False,158.0,0.7383177570093458,False,False,False,False,158.0,0.7383177570093458,0.26291079812206575,,
40,S3R39N2440B60_N40_B12_surrogate_top,"[24,20,26,38,32,16,2,4,30,36,18,8,14,34,22,12,28,6,10,0,1,37,35,11,19,29,33,5,15,27,9,17,39,31,3,25,7,21,23,13]",24-20-26-38-32-16-2-4-30-36-18-8-14-34-22-12-28-6-10-0-1-37-35-11-19-29-33-5-15-27-9-17-39-31-3-25-7-21-23-13,367933903c9838b9,stage3_native_combined552,False,surrogate_top_predicted,,,,,,False,,True,PASS_TEACHER_FIELDS_EXTRACTED,,0.0006855806161638,0.1531218141317367,582761280.0,579924928.0,,,,,,168.0,0.7850467289719626,0.3150344385556646,,,4.5779268475598656e-05,0.0001498124456702,False,False,False,False,,False,37.0,0.17289719626168223,0.16087464567958407,,,0.1440253555774688,0.1574980020523071,False,False,False,False,,False,96.0,0.4485981308411215,0.0942931687061331,,,581119040.0,583269440.0,False,False,False,False,,False,10.0,0.04672897196261682,0.15730337078651685,,,579924032.0,579927040.0,False,False,False,False,,False,168.0,0.7850467289719626,False,False,False,False,168.0,0.7850467289719626,0.215962441314554,,
40,S3R39N2440B60_N40_B13_surrogate_top,"[4,20,16,32,22,30,34,36,8,10,26,28,6,0,14,2,24,18,12,38,1,25,29,31,27,33,37,21,13,5,39,19,11,3,17,23,7,15,35,9]",4-20-16-32-22-30-34-36-8-10-26-28-6-0-14-2-24-18-12-38-1-25-29-31-27-33-37-21-13-5-39-19-11-3-17-23-7-15-35-9,7f87762ecbab35eb,stage3_native_combined552,False,surrogate_top_predicted,,,,,,False,,True,PASS_TEACHER_FIELDS_EXTRACTED,,0.000712705689466,0.1485017389059066,583880320.0,579926208.0,,,,,,171.0,0.7990654205607477,0.3283906658743734,,,4.5779268475598656e-05,0.0001498124456702,False,False,False,False,,False,5.0,0.02336448598130841,0.07916669741220914,,,0.1440253555774688,0.1574980020523071,False,False,False,False,,False,130.0,0.6074766355140186,0.1585455480836365,,,581119040.0,583269440.0,False,False,False,False,,False,47.0,0.21962616822429906,0.38202247191011235,,,579924032.0,579927040.0,False,False,False,False,,False,171.0,0.7990654205607477,False,False,False,False,171.0,0.7990654205607477,0.2018779342723005,,
40,S3R39N2440B60_N40_B14_surrogate_top,"[20,6,8,24,36,38,32,0,34,28,30,26,12,14,18,22,10,4,2,16,5,21,27,25,1,35,37,19,31,7,11,39,15,13,29,33,9,3,17,23]",20-6-8-24-36-38-32-0-34-28-30-26-12-14-18-22-10-4-2-16-5-21-27-25-1-35-37-19-31-7-11-39-15-13-29-33-9-3-17-23,3d03251ef34b012e,stage3_native_combined552,False,surrogate_top_predicted,,,,,,False,,True,PASS_TEACHER_FIELDS_EXTRACTED,,0.0007329207660404,0.1494819819927215,583389952.0,579926336.0,,,,,,176.0,0.822429906542056,0.3383444512516424,,,4.5779268475598656e-05,0.0001498124456702,False,False,False,False,,False,9.0,0.04205607476635514,0.09650270332378684,,,0.1440253555774688,0.1574980020523071,False,False,False,False,,False,113.0,0.5280373831775701,0.13038988718627126,,,581119040.0,583269440.0,False,False,False,False,,False,54.0,0.2523364485981308,0.4044943820224719,,,579924032.0,579927040.0,False,False,False,False,,False,176.0,0.822429906542056,False,False,False,False,176.0,0.822429906542056,0.17840375586854462,,
40,S3R39N2440B60_N40_B15_surrogate_top,"[16,28,38,32,24,10,4,30,26,6,22,14,34,12,0,8,2,36,20,18,15,5,21,33,19,39,37,1,17,23,13,27,35,11,9,7,31,25,29,3]",16-28-38-32-24-10-4-30-26-6-22-14-34-12-0-8-2-36-20-18-15-5-21-33-19-39-37-1-17-23-13-27-35-11-9-7-31-25-29-3,f56019e173d68856,stage3_native_combined552,False,surrogate_top_predicted,,,,,,False,,True,PASS_TEACHER_FIELDS_EXTRACTED,,0.0006783864921544,0.1501979976892471,583375872.0,579926080.0,,,,,,165.0,0.7710280373831776,0.31149209400389033,,,4.5779268475598656e-05,0.0001498124456702,False,False,False,False,,False,11.0,0.0514018691588785,0.10916573815128376,,,0.1440253555774688,0.1574980020523071,False,False,False,False,,False,112.0,0.5233644859813084,0.1295814500422592,,,581119040.0,583269440.0,False,False,False,False,,False,37.0,0.17289719626168223,0.3595505617977528,,,579924032.0,579927040.0,False,False,False,False,,False,165.0,0.7710280373831776,False,False,False,False,165.0,0.7710280373831776,0.2300469483568075,,
40,S3R39N2440B60_N40_B16_surrogate_top,"[6,2,30,26,14,38,32,22,34,18,36,12,28,16,0,8,10,4,20,24,19,27,23,15,17,7,29,3,1,13,9,25,37,35,21,39,33,5,11,31]",6-2-30-26-14-38-32-22-34-18-36-12-28-16-0-8-10-4-20-24-19-27-23-15-17-7-29-3-1-13-9-25-37-35-21-39-33-5-11-31,2b92b665b6093bfa,stage3_native_combined552,False,surrogate_top_predicted,,,,,,False,,True,PASS_TEACHER_FIELDS_EXTRACTED,,0.0007221903101708,0.1534849256277084,582250112.0,579925248.0,,,,,,173.0,0.8084112149532711,0.33306083759165184,,,4.5779268475598656e-05,0.0001498124456702,False,False,False,False,,False,54.0,0.2523364485981308,0.16729642322170507,,,0.1440253555774688,0.1574980020523071,False,False,False,False,,False,71.0,0.3317757009345794,0.0649432256642046,,,581119040.0,583269440.0,False,False,False,False,,False,14.0,0.06542056074766354,0.21348314606741572,,,579924032.0,579927040.0,False,False,False,False,,False,173.0,0.8084112149532711,False,False,False,False,173.0,0.8084112149532711,0.19248826291079812,,
40,S3R39N2440B60_N40_B17_hybrid_disagree,"[19,16,13,10,7,4,1,38,35,32,29,26,23,20,17,14,11,8,5,2,39,36,33,30,27,24,21,18,15,12,9,6,3,0,37,34,31,28,25,22]",19-16-13-10-7-4-1-38-35-32-29-26-23-20-17-14-11-8-5-2-39-36-33-30-27-24-21-18-15-12-9-6-3-0-37-34-31-28-25-22,d032c614efa09504,stage3_native_combined552,False,hybrid_gnn_surrogate_disagreement,,,,,,False,,True,PASS_TEACHER_FIELDS_EXTRACTED,,0.0006556917066973,0.1520021110773086,586977024.0,579926464.0,,,,,,160.0,0.7476635514018691,0.3003173144876348,,,4.5779268475598656e-05,0.0001498124456702,False,False,False,False,,False,17.0,0.0794392523364486,0.14107223234775465,,,0.1440253555774688,0.1574980020523071,False,False,False,False,,False,183.0,0.8551401869158879,0.3363502737662147,,,581119040.0,583269440.0,False,False,False,False,,False,61.0,0.2850467289719626,0.42696629213483145,,,579924032.0,579927040.0,False,False,False,False,,False,160.0,0.7476635514018691,False,False,False,False,160.0,0.7476635514018691,0.2535211267605634,,
40,S3R39N2440B60_N40_B18_hybrid_disagree,"[22,19,16,13,10,7,4,1,38,35,32,29,26,23,20,17,14,11,8,5,2,39,36,33,30,27,24,21,18,15,12,9,6,3,0,37,34,31,28,25]",22-19-16-13-10-7-4-1-38-35-32-29-26-23-20-17-14-11-8-5-2-39-36-33-30-27-24-21-18-15-12-9-6-3-0-37-34-31-28-25,04fa25261336523f,stage3_native_combined552,False,hybrid_gnn_surrogate_disagreement,,,,,,False,,True,PASS_TEACHER_FIELDS_EXTRACTED,,0.0006658899808371,0.1504225730895996,586057792.0,579925440.0,,,,,,161.0,0.7523364485981309,0.3053388849789717,,,4.5779268475598656e-05,0.0001498124456702,False,False,False,False,,False,12.0,0.056074766355140186,0.1131374473328871,,,0.1440253555774688,0.1574980020523071,False,False,False,False,,False,179.0,0.8364485981308412,0.2835703524051005,,,581119040.0,583269440.0,False,False,False,False,,False,16.0,0.07476635514018691,0.24719101123595505,,,579924032.0,579927040.0,False,False,False,False,,False,161.0,0.7523364485981309,False,False,False,False,161.0,0.7523364485981309,0.24882629107981225,,
40,S3R39N2440B60_N40_B19_graph_pointer,"[2,8,23,3,35,26,21,25,32,29,13,30,5,34,20,16,38,36,10,4,7,0,6,18,27,17,31,24,11,14,22,15,19,9,12,33,28,39,37,1]",2-8-23-3-35-26-21-25-32-29-13-30-5-34-20-16-38-36-10-4-7-0-6-18-27-17-31-24-11-14-22-15-19-9-12-33-28-39-37-1,199e37c74020b979,stage3_native_combined552,False,graph_pointer_temperature_sampled,,,,,,False,,True,PASS_TEACHER_FIELDS_EXTRACTED,,0.0008066147593126,0.1601115763187408,584511872.0,579926208.0,,,,,,179.0,0.8364485981308412,0.3746309421746758,,,4.5779268475598656e-05,0.0001498124456702,False,False,False,False,,False,139.0,0.6495327102803738,0.2844914915664102,,,0.1440253555774688,0.1574980020523071,False,False,False,False,,False,150.0,0.7009345794392523,0.19480762870686805,,,581119040.0,583269440.0,False,False,False,False,,False,47.0,0.21962616822429906,0.38202247191011235,,,579924032.0,579927040.0,False,False,False,False,,False,179.0,0.8364485981308412,False,False,False,False,179.0,0.8364485981308412,0.16431924882629112,,
40,S3R39N2440B60_N40_B20_graph_pointer,"[10,6,20,1,27,22,28,33,14,17,12,2,32,24,29,5,7,13,31,35,18,26,8,19,25,9,0,37,11,21,15,23,38,3,30,39,4,34,16,36]",10-6-20-1-27-22-28-33-14-17-12-2-32-24-29-5-7-13-31-35-18-26-8-19-25-9-0-37-11-21-15-23-38-3-30-39-4-34-16-36,27e24af2e7d7d8cc,stage3_native_combined552,False,graph_pointer_temperature_sampled,,,,,,False,,True,PASS_TEACHER_FIELDS_EXTRACTED,,0.0011065203616453,0.1594207733869552,584426880.0,579926144.0,,,,,,189.0,0.883177570093458,0.522302705280471,,,4.5779268475598656e-05,0.0001498124456702,False,False,False,False,,False,133.0,0.6214953271028038,0.272274354949734,,,0.1440253555774688,0.1574980020523071,False,False,False,False,,False,145.0,0.677570093457944,0.189927608128468,,,581119040.0,583269440.0,False,False,False,False,,False,45.0,0.2102803738317757,0.3707865168539326,,,579924032.0,579927040.0,False,False,False,False,,False,189.0,0.883177570093458,False,False,False,False,189.0,0.883177570093458,0.11737089201877937,,
40,S3R39N2440B60_N40_B21_graph_pointer,"[4,21,12,24,22,11,8,14,18,23,20,10,16,31,30,26,39,37,27,19,0,2,5,25,6,3,13,34,32,28,17,15,9,7,1,36,38,35,29,33]",4-21-12-24-22-11-8-14-18-23-20-10-16-31-30-26-39-37-27-19-0-2-5-25-6-3-13-34-32-28-17-15-9-7-1-36-38-35-29-33,596144a9d57e815c,stage3_native_combined552,False,graph_pointer_temperature_sampled,,,,,,False,,True,PASS_TEACHER_FIELDS_EXTRACTED,,0.0009024734640661,0.1595761924982071,588982080.0,579926592.0,,,,,,180.0,0.8411214953271028,0.42183120729104295,,,4.5779268475598656e-05,0.0001498124456702,False,False,False,False,,False,134.0,0.6261682242990654,0.27502300645024047,,,0.1440253555774688,0.1574980020523071,False,False,False,False,,False,200.0,0.9345794392523364,0.451475397787822,,,581119040.0,583269440.0,False,False,False,False,,False,95.0,0.4439252336448598,0.449438202247191,,,579924032.0,579927040.0,False,False,False,False,,False,180.0,0.8411214953271028,False,False,False,False,180.0,0.8411214953271028,0.15962441314553988,,
40,S3R39N2440B60_N40_B22_graph_pointer,"[4,2,14,12,0,6,8,10,26,34,32,9,36,30,29,24,16,19,17,20,25,22,28,11,13,15,21,23,18,7,1,3,5,38,35,33,31,37,39,27]",4-2-14-12-0-6-8-10-26-34-32-9-36-30-29-24-16-19-17-20-25-22-28-11-13-15-21-23-18-7-1-3-5-38-35-33-31-37-39-27,e6598f941ef3987c,stage3_native_combined552,False,graph_pointer_temperature_sampled,,,,,,False,,True,PASS_TEACHER_FIELDS_EXTRACTED,,0.0005406145585311,0.1649311333894729,586055040.0,579926272.0,,,,,,150.0,0.7009345794392523,0.24365400032907603,,,4.5779268475598656e-05,0.0001498124456702,False,False,False,False,,False,182.0,0.8504672897196262,0.36972735907033943,,,0.1440253555774688,0.1574980020523071,False,False,False,False,,False,178.0,0.8317757009345794,0.28341233969058904,,,581119040.0,583269440.0,False,False,False,False,,False,51.0,0.2383177570093458,0.39325842696629215,,,579924032.0,579927040.0,False,False,False,False,,False,150.0,0.7009345794392523,False,False,False,False,150.0,0.7009345794392523,0.3004694835680751,,
40,S3R39N2440B60_N40_B23_graph_pointer,"[3,17,8,2,19,11,18,4,12,6,39,29,34,32,35,7,22,15,5,21,31,28,16,1,13,20,10,24,30,37,25,27,23,26,0,9,38,33,36,14]",3-17-8-2-19-11-18-4-12-6-39-29-34-32-35-7-22-15-5-21-31-28-16-1-13-20-10-24-30-37-25-27-23-26-0-9-38-33-36-14,38293769eddd5944,stage3_native_combined552,False,graph_pointer_temperature_sampled,,,,,,False,,True,PASS_TEACHER_FIELDS_EXTRACTED,,0.0009651494526679,0.1746424287557602,585990976.0,579926272.0,,,,,,183.0,0.8551401869158879,0.45269249720772475,,,4.5779268475598656e-05,0.0001498124456702,False,False,False,False,,False,202.0,0.9439252336448598,0.5414756490032658,,,0.1440253555774688,0.1574980020523071,False,False,False,False,,False,176.0,0.822429906542056,0.27973395068533424,,,581119040.0,583269440.0,False,False,False,False,,False,51.0,0.2383177570093458,0.39325842696629215,,,579924032.0,579927040.0,False,False,False,False,,False,183.0,0.8551401869158879,False,False,False,False,183.0,0.8551401869158879,0.14553990610328638,,
40,S3R39N2440B60_N40_B24_diversity,"[3,20,37,14,31,8,25,2,19,36,13,30,7,24,1,18,35,12,29,6,23,0,17,34,11,28,5,22,39,16,33,10,27,4,21,38,15,32,9,26]",3-20-37-14-31-8-25-2-19-36-13-30-7-24-1-18-35-12-29-6-23-0-17-34-11-28-5-22-39-16-33-10-27-4-21-38-15-32-9-26,8b25246ab5066fef,stage3_native_combined552,False,diversity_coverage,,,,,,False,,True,PASS_TEACHER_FIELDS_EXTRACTED,,0.0016101131914183,0.1509619206190109,584105600.0,579924416.0,,,,,,203.0,0.9485981308411215,0.7702688669046115,,,4.5779268475598656e-05,0.0001498124456702,False,False,False,False,,False,14.0,0.06542056074766354,0.12267603228598296,,,0.1440253555774688,0.1574980020523071,False,False,False,False,,False,138.0,0.6448598130841121,0.17148054238782934,,,581119040.0,583269440.0,False,False,False,False,,False,4.0,0.018691588785046728,0.06741573033707865,,,579924032.0,579927040.0,False,False,False,False,,False,203.0,0.9485981308411215,False,False,False,False,203.0,0.9485981308411215,0.05164319248826288,,
40,S3R39N2440B60_N40_B25_diversity,"[9,32,15,38,21,4,27,10,33,16,39,22,5,28,11,34,17,0,23,6,29,12,35,18,1,24,7,30,13,36,19,2,25,8,31,14,37,20,3,26]",9-32-15-38-21-4-27-10-33-16-39-22-5-28-11-34-17-0-23-6-29-12-35-18-1-24-7-30-13-36-19-2-25-8-31-14-37-20-3-26,4fc7da5367ae2426,stage3_native_combined552,False,diversity_coverage,,,,,,False,,True,PASS_TEACHER_FIELDS_EXTRACTED,,0.0016184808919206,0.1511107385158538,583522176.0,579924352.0,,,,,,204.0,0.9532710280373832,0.7743890736520169,,,4.5779268475598656e-05,0.0001498124456702,False,False,False,False,,False,15.0,0.07009345794392523,0.12530793856935188,,,0.1440253555774688,0.1574980020523071,False,False,False,False,,False,118.0,0.5514018691588785,0.13798184691140264,,,581119040.0,583269440.0,False,False,False,False,,False,3.0,0.014018691588785047,0.056179775280898875,,,579924032.0,579927040.0,False,False,False,False,,False,204.0,0.9532710280373832,False,False,False,False,204.0,0.9532710280373832,0.04694835680751175,,
40,S3R39N2440B60_N40_B26_diversity,"[4,33,22,11,0,29,18,7,36,25,14,3,32,21,10,39,28,17,6,35,24,13,2,31,20,9,38,27,16,5,34,23,12,1,30,19,8,37,26,15]",4-33-22-11-0-29-18-7-36-25-14-3-32-21-10-39-28-17-6-35-24-13-2-31-20-9-38-27-16-5-34-23-12-1-30-19-8-37-26-15,937d4e4b74447bfc,stage3_native_combined552,False,diversity_coverage,,,,,,False,,True,PASS_TEACHER_FIELDS_EXTRACTED,,0.0009517180171201,0.1489430516958236,583896832.0,579924800.0,,,,,,182.0,0.8504672897196262,0.44607893696424133,,,4.5779268475598656e-05,0.0001498124456702,False,False,False,False,,False,7.0,0.03271028037383177,0.08697149730089271,,,0.1440253555774688,0.1574980020523071,False,False,False,False,,False,131.0,0.6121495327102804,0.1594936243707052,,,581119040.0,583269440.0,False,False,False,False,,False,6.0,0.028037383177570093,0.1348314606741573,,,579924032.0,579927040.0,False,False,False,False,,False,182.0,0.8504672897196262,False,False,False,False,182.0,0.8504672897196262,0.1502347417840375,,
40,S3R39N2440B60_N40_B27_uncertainty,"[5,6,7,8,9,10,11,12,13,14,15,16,17,18,19,20,21,22,23,24,25,26,27,28,29,30,31,32,33,34,35,36,37,38,39,0,1,2,3,4]",5-6-7-8-9-10-11-12-13-14-15-16-17-18-19-20-21-22-23-24-25-26-27-28-29-30-31-32-33-34-35-36-37-38-39-0-1-2-3-4,cd739c49d4437e67,stage3_native_combined552,False,uncertainty_calibration,,,,,,False,,True,PASS_TEACHER_FIELDS_EXTRACTED,,0.0014474944910034,0.1996921449899673,582660608.0,579928448.0,,,,,,201.0,0.9392523364485982,0.6901963707009517,,,4.5779268475598656e-05,0.0001498124456702,False,False,False,False,,False,210.0,0.9813084112149533,0.9844902793135908,,,0.1440253555774688,0.1574980020523071,False,False,False,False,,False,93.0,0.43457943925233644,0.08851284312644692,,,581119040.0,583269440.0,False,False,False,False,,False,205.0,0.9579439252336449,0.7752808988764045,,,579924032.0,579927040.0,False,False,False,False,,False,201.0,0.9392523364485982,False,False,False,False,201.0,0.9392523364485982,0.06103286384976525,,
40,S3R39N2440B60_N40_B28_uncertainty,"[34,33,32,31,30,29,28,27,26,25,24,23,22,21,20,19,18,17,16,15,14,13,12,11,10,9,8,7,6,5,4,3,2,1,0,39,38,37,36,35]",34-33-32-31-30-29-28-27-26-25-24-23-22-21-20-19-18-17-16-15-14-13-12-11-10-9-8-7-6-5-4-3-2-1-0-39-38-37-36-35,2ae9e78e381bb797,stage3_native_combined552,False,uncertainty_calibration,,,,,,False,,True,PASS_TEACHER_FIELDS_EXTRACTED,,0.0014474942581728,0.1996921747922897,582660608.0,579928448.0,,,,,,200.0,0.9345794392523364,0.6901962560565272,,,4.5779268475598656e-05,0.0001498124456702,False,False,False,False,,False,211.0,0.985981308411215,0.9844908063800344,,,0.1440253555774688,0.1574980020523071,False,False,False,False,,False,93.0,0.43457943925233644,0.08851284312644692,,,581119040.0,583269440.0,False,False,False,False,,False,205.0,0.9579439252336449,0.7752808988764045,,,579924032.0,579927040.0,False,False,False,False,,False,200.0,0.9345794392523364,False,False,False,False,200.0,0.9345794392523364,0.06572769953051638,,
40,S3R39N2440B60_N40_B29_uncertainty,"[31,30,29,28,27,26,25,24,23,22,21,20,19,18,17,16,15,14,13,12,11,10,9,8,7,6,5,4,3,2,1,0,39,38,37,36,35,34,33,32]",31-30-29-28-27-26-25-24-23-22-21-20-19-18-17-16-15-14-13-12-11-10-9-8-7-6-5-4-3-2-1-0-39-38-37-36-35-34-33-32,489f719e45047f35,stage3_native_combined552,False,uncertainty_calibration,,,,,,False,,True,PASS_TEACHER_FIELDS_EXTRACTED,,0.0014238423900678,0.1987344920635223,581845120.0,579927104.0,,,,,,198.0,0.9252336448598131,0.6785502146466824,,,4.5779268475598656e-05,0.0001498124456702,False,False,False,False,,False,209.0,0.9766355140186916,0.9675537897658459,,,0.1440253555774688,0.1574980020523071,False,False,False,False,,False,11.0,0.0514018691588785,0.04168963363098519,,,581119040.0,583269440.0,False,False,False,False,,False,113.0,0.5280373831775701,0.5393258426966292,,,579924032.0,579927040.0,False,False,False,False,,False,198.0,0.9252336448598131,False,False,False,False,198.0,0.9252336448598131,0.07511737089201875,,
40,S3R39N2440B60_N40_B30_sentinel,"[19,20,21,18,17,22,23,16,24,15,14,25,26,13,27,12,11,28,29,10,30,9,8,31,32,7,6,33,5,34,4,35,36,3,2,37,38,1,0,39]",19-20-21-18-17-22-23-16-24-15-14-25-26-13-27-12-11-28-29-10-30-9-8-31-32-7-6-33-5-34-4-35-36-3-2-37-38-1-0-39,9081766457a797b5,stage3_native_combined552,False,sentinel_control,,,,,,False,,True,PASS_TEACHER_FIELDS_EXTRACTED,,0.0016625018324702,0.1820260882377624,587521984.0,579926784.0,,,,,,206.0,0.9626168224299065,0.79606472710421,,,4.5779268475598656e-05,0.0001498124456702,False,False,False,False,,False,207.0,0.9672897196261683,0.6720587320678821,,,0.1440253555774688,0.1574980020523071,False,False,False,False,,False,187.0,0.8738317757009346,0.3676404659537721,,,581119040.0,583269440.0,False,False,False,False,,False,105.0,0.49065420560747663,0.48314606741573035,,,579924032.0,579927040.0,False,False,False,False,,False,206.0,0.9626168224299065,False,False,False,False,206.0,0.9626168224299065,0.03755868544600938,,
24,S3R44CNS_N24_B01_reward_balanced,"[22,18,16,14,12,10,8,6,4,2,0,23,21,19,17,15,13,9,7,5,3,1,11,20]",22-18-16-14-12-10-8-6-4-2-0-23-21-19-17-15-13-9-7-5-3-1-11-20,27f393f0ce2b144d,stage3_native_combined552,False,reward_balanced_local_search,,,,,,False,,True,PASS_TEACHER_FIELDS_EXTRACTED,,8.221834741561906e-05,0.1547531485557556,587291584.0,579944384.0,,,,,,99.0,0.5,0.08825554242677645,,,2.9523077955673216e-05,8.096076885522052e-05,False,False,False,False,,False,60.0,0.30303030303030304,0.13829534207763067,,,0.1492166519165039,0.15729529410600662,False,False,False,False,,False,191.0,0.9646464646464646,0.5749089553522783,,,580875968.0,582566592.0,False,False,False,False,,False,120.0,0.6060606060606061,0.7575757575757576,,,579942784.0,579944128.0,False,False,False,False,,False,99.0,0.5,False,False,False,False,99.0,0.5,0.5025380710659899,,
24,S3R44CNS_N24_B02_reward_balanced,"[22,12,10,8,6,4,2,0,23,21,19,17,15,13,9,7,5,3,1,11,14,16,18,20]",22-12-10-8-6-4-2-0-23-21-19-17-15-13-9-7-5-3-1-11-14-16-18-20,5e49df6c5764087a,stage3_native_combined552,False,reward_balanced_local_search,,,,,,False,,True,PASS_TEACHER_FIELDS_EXTRACTED,,9.935419961948357e-05,0.1561643928289413,583612288.0,579944320.0,,,,,,120.0,0.6060606060606061,0.11695515714924548,,,2.9523077955673216e-05,8.096076885522052e-05,False,False,False,False,,False,86.0,0.43434343434343436,0.1735466069536251,,,0.1492166519165039,0.15729529410600662,False,False,False,False,,False,144.0,0.7272727272727273,0.2452040260373355,,,580875968.0,582566592.0,False,False,False,False,,False,113.0,0.5707070707070707,0.7272727272727273,,,579942784.0,579944128.0,False,False,False,False,,False,120.0,0.6060606060606061,False,False,False,False,120.0,0.6060606060606061,0.3959390862944162,,
24,S3R44CNS_N24_B03_constr_surrogate,"[22,16,14,12,10,8,6,4,2,0,23,21,19,17,15,13,9,7,5,3,1,11,18,20]",22-16-14-12-10-8-6-4-2-0-23-21-19-17-15-13-9-7-5-3-1-11-18-20,07cf5c27c902a338,stage3_native_combined552,False,constrained_surrogate_top,,,,,,False,,True,PASS_TEACHER_FIELDS_EXTRACTED,,0.0001122188934914,0.1531748324632644,588100800.0,579943360.0,,,,,,126.0,0.6363636363636364,0.13850131390024994,,,2.9523077955673216e-05,8.096076885522052e-05,False,False,False,False,,False,30.0,0.15151515151515152,0.09887081459391149,,,0.1492166519165039,0.15729529410600662,False,False,False,False,,False,194.0,0.9797979797979798,0.647423508158174,,,580875968.0,582566592.0,False,False,False,False,,False,12.0,0.06060606060606061,0.2727272727272727,,,579942784.0,579944128.0,False,False,False,False,,False,126.0,0.6363636363636364,False,False,False,False,126.0,0.6363636363636364,0.36548223350253806,,
24,S3R44CNS_N24_B04_constr_surrogate,"[22,13,9,7,5,3,1,11,15,17,19,21,23,0,2,4,6,8,10,12,14,16,18,20]",22-13-9-7-5-3-1-11-15-17-19-21-23-0-2-4-6-8-10-12-14-16-18-20,f5438f0035e62bba,stage3_native_combined552,False,constrained_surrogate_top,,,,,,False,,True,PASS_TEACHER_FIELDS_EXTRACTED,,5.257469592834241e-05,0.1561311483383178,582559488.0,579943552.0,,,,,,43.0,0.21717171717171718,0.038607508204111934,,,2.9523077955673216e-05,8.096076885522052e-05,False,False,False,False,,False,80.0,0.40404040404040403,0.1727161976709067,,,0.1492166519165039,0.15729529410600662,False,False,False,False,,False,95.0,0.4797979797979798,0.15086169816190176,,,580875968.0,582566592.0,False,False,False,False,,False,27.0,0.13636363636363635,0.36363636363636365,,,579942784.0,579944128.0,False,False,False,False,,False,43.0,0.21717171717171718,False,False,False,False,43.0,0.21717171717171718,0.7868020304568528,,
24,S3R44CNS_N24_B05_peeq_guarded,"[20,22,19,17,15,13,9,7,5,3,1,11,21,23,0,2,4,6,8,10,12,14,16,18]",20-22-19-17-15-13-9-7-5-3-1-11-21-23-0-2-4-6-8-10-12-14-16-18,d9d5f9a5686b82cc,stage3_native_combined552,False,PEEQ_guarded_candidates,,,,,,False,,True,PASS_TEACHER_FIELDS_EXTRACTED,,6.712235335726291e-05,0.1560048609972,582841408.0,579943616.0,,,,,,66.0,0.3333333333333333,0.06297234039088376,,,2.9523077955673216e-05,8.096076885522052e-05,False,False,False,False,,False,76.0,0.3838383838383838,0.16956168459559165,,,0.1492166519165039,0.15729529410600662,False,False,False,False,,False,110.0,0.5555555555555556,0.17612479568720787,,,580875968.0,582566592.0,False,False,False,False,,False,57.0,0.2878787878787879,0.3939393939393939,,,579942784.0,579944128.0,False,False,False,False,,False,66.0,0.3333333333333333,False,False,False,False,66.0,0.3333333333333333,0.6700507614213198,,
24,S3R44CNS_N24_B06_peeq_guarded,"[20,22,11,5,3,1,7,9,13,15,17,19,21,23,0,2,4,6,8,10,12,14,16,18]",20-22-11-5-3-1-7-9-13-15-17-19-21-23-0-2-4-6-8-10-12-14-16-18,06f645fb52070d94,stage3_native_combined552,False,PEEQ_guarded_candidates,,,,,,False,,True,PASS_TEACHER_FIELDS_EXTRACTED,,4.9224905524170026e-05,0.1578666418790817,582979392.0,579943552.0,,,,,,33.0,0.16666666666666666,0.03299718355512307,,,2.9523077955673216e-05,8.096076885522052e-05,False,False,False,False,,False,113.0,0.5707070707070707,0.21606683771137525,,,0.1492166519165039,0.15729529410600662,False,False,False,False,,False,115.0,0.5808080808080808,0.18848966248960514,,,580875968.0,582566592.0,False,False,False,False,,False,27.0,0.13636363636363635,0.36363636363636365,,,579942784.0,579944128.0,False,False,False,False,,False,33.0,0.16666666666666666,False,False,False,False,33.0,0.16666666666666666,0.8375634517766497,,
24,S3R44CNS_N24_B07_surfacet_guarded,"[22,19,17,15,13,9,7,5,3,1,11,21,23,0,2,4,6,8,10,12,14,16,18,20]",22-19-17-15-13-9-7-5-3-1-11-21-23-0-2-4-6-8-10-12-14-16-18-20,becba9e1bda98c89,stage3_native_combined552,False,SurfaceT_guarded_candidates,,,,,,False,,True,PASS_TEACHER_FIELDS_EXTRACTED,,5.1857334256055765e-05,0.1529116183519363,581497728.0,579944512.0,,,,,,39.0,0.19696969696969696,0.037406050385361045,,,2.9523077955673216e-05,8.096076885522052e-05,False,False,False,False,,False,27.0,0.13636363636363635,0.0922960276956937,,,0.1492166519165039,0.15729529410600662,False,False,False,False,,False,18.0,0.09090909090909091,0.055716456857740945,,,580875968.0,582566592.0,False,False,False,False,,False,154.0,0.7777777777777778,0.8181818181818182,,,579942784.0,579944128.0,False,False,False,False,,False,39.0,0.19696969696969696,False,False,False,False,39.0,0.19696969696969696,0.8071065989847716,,
24,S3R44CNS_N24_B08_surfacet_guarded,"[22,11,5,3,1,7,9,13,15,17,19,21,23,0,2,4,6,8,10,12,14,16,18,20]",22-11-5-3-1-7-9-13-15-17-19-21-23-0-2-4-6-8-10-12-14-16-18-20,bdb39323d541aaf9,stage3_native_combined552,False,SurfaceT_guarded_candidates,,,,,,False,,True,PASS_TEACHER_FIELDS_EXTRACTED,,5.260491616354557e-05,0.1565234214067459,582976896.0,579943616.0,,,,,,44.0,0.2222222222222222,0.03865812191721093,,,2.9523077955673216e-05,8.096076885522052e-05,False,False,False,False,,False,91.0,0.4595959595959596,0.18251472943583189,,,0.1492166519165039,0.15729529410600662,False,False,False,False,,False,114.0,0.5757575757575758,0.18826599374874545,,,580875968.0,582566592.0,False,False,False,False,,False,57.0,0.2878787878787879,0.3939393939393939,,,579942784.0,579944128.0,False,False,False,False,,False,44.0,0.2222222222222222,False,False,False,False,44.0,0.2222222222222222,0.7817258883248731,,
24,S3R44CNS_N24_B09_u2_guarded,"[20,22,11,7,5,3,1,9,13,15,17,19,21,23,0,2,4,6,8,10,12,14,16,18]",20-22-11-7-5-3-1-9-13-15-17-19-21-23-0-2-4-6-8-10-12-14-16-18,22a6b4960952d7f0,stage3_native_combined552,False,U2_guarded_local_search,,,,,,False,,True,PASS_TEACHER_FIELDS_EXTRACTED,,5.306650928105228e-05,0.1572708636522293,582796480.0,579944384.0,,,,,,46.0,0.23232323232323232,0.03943121125489782,,,2.9523077955673216e-05,8.096076885522052e-05,False,False,False,False,,False,100.0,0.5050505050505051,0.20118498027452295,,,0.1492166519165039,0.15729529410600662,False,False,False,False,,False,108.0,0.5454545454545454,0.17209875835173344,,,580875968.0,582566592.0,False,False,False,False,,False,120.0,0.6060606060606061,0.7575757575757576,,,579942784.0,579944128.0,False,False,False,False,,False,46.0,0.23232323232323232,False,False,False,False,46.0,0.23232323232323232,0.7715736040609137,,
24,S3R44CNS_N24_B10_u2_guarded,"[20,16,14,12,10,8,6,4,2,0,23,21,19,17,15,13,9,7,5,3,1,11,22,18]",20-16-14-12-10-8-6-4-2-0-23-21-19-17-15-13-9-7-5-3-1-11-22-18,1e362efc7d9e4c81,stage3_native_combined552,False,U2_guarded_local_search,,,,,,False,,True,PASS_TEACHER_FIELDS_EXTRACTED,,0.0001133658831804,0.1534914821386337,582309440.0,579943488.0,,,,,,128.0,0.6464646464646465,0.14042232499285967,,,2.9523077955673216e-05,8.096076885522052e-05,False,False,False,False,,False,35.0,0.17676767676767677,0.10678036065296691,,,0.1492166519165039,0.15729529410600662,False,False,False,False,,False,86.0,0.43434343434343436,0.12845467840449631,,,580875968.0,582566592.0,False,False,False,False,,False,18.0,0.09090909090909091,0.3333333333333333,,,579942784.0,579944128.0,False,False,False,False,,False,128.0,0.6464646464646465,False,False,False,False,128.0,0.6464646464646465,0.35532994923857864,,
24,S3R44CNS_N24_B11_hybrid_agree,"[22,11,1,3,5,7,9,13,15,17,19,21,23,0,2,4,6,8,10,12,14,16,18,20]",22-11-1-3-5-7-9-13-15-17-19-21-23-0-2-4-6-8-10-12-14-16-18-20,ef5b52a6c4974983,stage3_native_combined552,False,hybrid_agreement,,,,,,False,,True,PASS_TEACHER_FIELDS_EXTRACTED,,4.1137876905850135e-05,0.1561603546142578,583126336.0,579943616.0,,,,,,17.0,0.08585858585858586,0.019452797035319897,,,2.9523077955673216e-05,8.096076885522052e-05,False,False,False,False,,False,84.0,0.42424242424242425,0.17344573697800278,,,0.1492166519165039,0.15729529410600662,False,False,False,False,,False,125.0,0.6313131313131313,0.2016574427207295,,,580875968.0,582566592.0,False,False,False,False,,False,57.0,0.2878787878787879,0.3939393939393939,,,579942784.0,579944128.0,False,False,False,False,,False,18.0,0.09090909090909091,False,False,False,False,18.0,0.09090909090909091,0.9137055837563451,,
24,S3R44CNS_N24_B12_hybrid_agree,"[22,11,1,3,5,7,9,13,15,17,19,21,23,0,2,4,6,8,14,16,10,12,18,20]",22-11-1-3-5-7-9-13-15-17-19-21-23-0-2-4-6-8-14-16-10-12-18-20,ab0e387202f74240,stage3_native_combined552,False,hybrid_agreement,,,,,,False,,True,PASS_TEACHER_FIELDS_EXTRACTED,,9.841837027124713e-05,0.1562879681587219,583137728.0,579943488.0,,,,,,119.0,0.601010101010101,0.11538780342672049,,,2.9523077955673216e-05,8.096076885522052e-05,False,False,False,False,,False,88.0,0.4444444444444444,0.17663337709328417,,,0.1492166519165039,0.15729529410600662,False,False,False,False,,False,127.0,0.6414141414141414,0.2026782897943968,,,580875968.0,582566592.0,False,False,False,False,,False,18.0,0.09090909090909091,0.3333333333333333,,,579942784.0,579944128.0,False,False,False,False,,False,119.0,0.601010101010101,False,False,False,False,119.0,0.601010101010101,0.4010152284263959,,
24,S3R44CNS_N24_B13_hybrid_disagree,"[22,11,3,1,5,7,9,13,15,17,19,21,23,0,2,4,10,8,6,12,14,16,18,20]",22-11-3-1-5-7-9-13-15-17-19-21-23-0-2-4-10-8-6-12-14-16-18-20,c1332fba36b90abd,stage3_native_combined552,False,hybrid_disagreement,,,,,,False,,True,PASS_TEACHER_FIELDS_EXTRACTED,,6.410576179405325e-05,0.1573743671178817,583107520.0,579944384.0,,,,,,61.0,0.30808080808080807,0.057920066677899514,,,2.9523077955673216e-05,8.096076885522052e-05,False,False,False,False,,False,103.0,0.5202020202020202,0.20377037824751823,,,0.1492166519165039,0.15729529410600662,False,False,False,False,,False,121.0,0.6111111111111112,0.19997132452040262,,,580875968.0,582566592.0,False,False,False,False,,False,120.0,0.6060606060606061,0.7575757575757576,,,579942784.0,579944128.0,False,False,False,False,,False,61.0,0.30808080808080807,False,False,False,False,61.0,0.30808080808080807,0.6954314720812182,,
24,S3R44CNS_N24_B14_hybrid_disagree,"[22,11,1,3,5,7,9,17,19,13,15,21,23,0,2,4,6,8,10,12,14,16,18,20]",22-11-1-3-5-7-9-17-19-13-15-21-23-0-2-4-6-8-10-12-14-16-18-20,d63892d73d8f6895,stage3_native_combined552,False,hybrid_disagreement,,,,,,False,,True,PASS_TEACHER_FIELDS_EXTRACTED,,3.166340729876538e-05,0.1589813828468322,583410432.0,579943552.0,,,,,,3.0,0.015151515151515152,0.0035846847180490537,,,2.9523077955673216e-05,8.096076885522052e-05,False,False,False,False,,False,127.0,0.6414141414141414,0.24391178976463623,,,0.1492166519165039,0.15729529410600662,False,False,False,False,,False,139.0,0.702020202020202,0.2271155335072979,,,580875968.0,582566592.0,False,False,False,False,,False,27.0,0.13636363636363635,0.36363636363636365,,,579942784.0,579944128.0,False,False,False,False,,False,3.0,0.015151515151515152,False,False,False,False,3.0,0.015151515151515152,0.9898477157360406,,
24,S3R44CNS_N24_B15_uncertainty,"[22,14,12,10,8,6,4,2,0,23,21,19,17,15,13,9,7,5,3,1,11,16,18,20]",22-14-12-10-8-6-4-2-0-23-21-19-17-15-13-9-7-5-3-1-11-16-18-20,fdc5cd1a38164304,stage3_native_combined552,False,uncertainty_calibration,,,,,,False,,True,PASS_TEACHER_FIELDS_EXTRACTED,,0.0001223413189563,0.1578767299652099,584749312.0,579943424.0,,,,,,132.0,0.6666666666666666,0.15545464119575633,,,2.9523077955673216e-05,8.096076885522052e-05,False,False,False,False,,False,114.0,0.5757575757575758,0.21631882654346773,,,0.1492166519165039,0.15729529410600662,False,False,False,False,,False,163.0,0.8232323232323232,0.34709374014280386,,,580875968.0,582566592.0,False,False,False,False,,False,16.0,0.08080808080808081,0.30303030303030304,,,579942784.0,579944128.0,False,False,False,False,,False,132.0,0.6666666666666666,False,False,False,False,132.0,0.6666666666666666,0.3350253807106599,,
24,S3R44CNS_N24_B16_uncertainty,"[22,17,15,13,9,7,5,3,1,11,19,21,23,0,2,4,6,8,10,12,14,16,18,20]",22-17-15-13-9-7-5-3-1-11-19-21-23-0-2-4-6-8-10-12-14-16-18-20,e72abd003436348f,stage3_native_combined552,False,uncertainty_calibration,,,,,,False,,True,PASS_TEACHER_FIELDS_EXTRACTED,,4.176994571025716e-05,0.1528085321187973,581864512.0,579943616.0,,,,,,21.0,0.10606060606060606,0.020511403922725373,,,2.9523077955673216e-05,8.096076885522052e-05,False,False,False,False,,False,25.0,0.12626262626262627,0.08972105171279837,,,0.1492166519165039,0.15729529410600662,False,False,False,False,,False,39.0,0.19696969696969696,0.08858429157227654,,,580875968.0,582566592.0,False,False,False,False,,False,57.0,0.2878787878787879,0.3939393939393939,,,579942784.0,579944128.0,False,False,False,False,,False,21.0,0.10606060606060606,False,False,False,False,21.0,0.10606060606060606,0.8984771573604061,,
40,S3R44CNS_N40_B01_reward_balanced,"[0,3,5,7,9,11,13,15,17,19,24,26,28,30,32,34,36,38,22,20,18,16,14,12,10,8,6,4,2,1,21,23,25,27,29,31,33,35,37,39]",0-3-5-7-9-11-13-15-17-19-24-26-28-30-32-34-36-38-22-20-18-16-14-12-10-8-6-4-2-1-21-23-25-27-29-31-33-35-37-39,a1e9edd6ef516a17,stage3_native_combined552,False,reward_balanced_local_search,,,,,,False,,True,PASS_TEACHER_FIELDS_EXTRACTED,,5.7689914683578536e-05,0.1536730527877807,582304448.0,579927552.0,,,,,,16.0,0.07476635514018691,0.005864732474422221,,,4.5779268475598656e-05,0.0001498124456702,False,False,False,False,,False,63.0,0.29439252336448596,0.17062353014345735,,,0.1440253555774688,0.1574980020523071,False,False,False,False,,False,82.0,0.38317757009345793,0.06806305809723294,,,581119040.0,583269440.0,False,False,False,False,,False,146.0,0.6822429906542056,0.6179775280898876,,,579924032.0,579927040.0,False,False,False,False,,False,16.0,0.07476635514018691,False,False,False,False,16.0,0.07476635514018691,0.9295774647887324,,
40,S3R44CNS_N40_B02_reward_balanced,"[0,3,5,7,9,11,13,15,17,19,21,1,2,4,6,8,10,12,14,16,18,20,22,24,26,28,30,32,34,36,38,23,25,27,29,31,33,35,37,39]",0-3-5-7-9-11-13-15-17-19-21-1-2-4-6-8-10-12-14-16-18-20-22-24-26-28-30-32-34-36-38-23-25-27-29-31-33-35-37-39,f0204b8923e1e79d,stage3_native_combined552,False,reward_balanced_local_search,,,,,,False,,True,PASS_TEACHER_FIELDS_EXTRACTED,,0.0001113880189222,0.1612332165241241,583227008.0,579929472.0,,,,,,87.0,0.40654205607476634,0.032305364682283434,,,4.5779268475598656e-05,0.0001498124456702,False,False,False,False,,False,150.0,0.7009345794392523,0.30432816421703784,,,0.1440253555774688,0.1574980020523071,False,False,False,False,,False,105.0,0.49065420560747663,0.12103406460147724,,,581119040.0,583269440.0,False,False,False,False,,False,213.0,0.9953271028037384,0.9550561797752809,,,579924032.0,579927040.0,False,False,False,False,,False,87.0,0.40654205607476634,False,False,False,False,87.0,0.40654205607476634,0.596244131455399,,
40,S3R44CNS_N40_B03_constr_surrogate,"[0,2,4,6,8,9,11,13,15,17,19,22,24,26,28,30,32,34,36,38,20,18,16,14,12,10,7,5,3,1,21,23,25,27,29,31,33,35,37,39]",0-2-4-6-8-9-11-13-15-17-19-22-24-26-28-30-32-34-36-38-20-18-16-14-12-10-7-5-3-1-21-23-25-27-29-31-33-35-37-39,dfe0bd5bc70aa06b,stage3_native_combined552,False,constrained_surrogate_top,,,,,,False,,True,PASS_TEACHER_FIELDS_EXTRACTED,,8.460062599624507e-05,0.1540468335151672,582112768.0,579926528.0,,,,,,66.0,0.308411214953271,0.019115409204242144,,,4.5779268475598656e-05,0.0001498124456702,False,False,False,False,,False,74.0,0.34579439252336447,0.17723399747219024,,,0.1440253555774688,0.1574980020523071,False,False,False,False,,False,53.0,0.24766355140186916,0.05705728879579613,,,581119040.0,583269440.0,False,False,False,False,,False,69.0,0.32242990654205606,0.43820224719101125,,,579924032.0,579927040.0,False,False,False,False,,False,66.0,0.308411214953271,False,False,False,False,66.0,0.308411214953271,0.6948356807511737,,
40,S3R44CNS_N40_B04_constr_surrogate,"[0,2,4,6,8,10,12,14,15,17,19,22,24,26,28,30,32,34,36,38,20,18,16,13,11,9,7,5,3,1,21,23,25,27,29,31,33,35,37,39]",0-2-4-6-8-10-12-14-15-17-19-22-24-26-28-30-32-34-36-38-20-18-16-13-11-9-7-5-3-1-21-23-25-27-29-31-33-35-37-39,df273e7f87400b11,stage3_native_combined552,False,constrained_surrogate_top,,,,,,False,,True,PASS_TEACHER_FIELDS_EXTRACTED,,0.00011603438179,0.1540671288967132,582302528.0,579926528.0,,,,,,92.0,0.42990654205607476,0.03459320656112957,,,4.5779268475598656e-05,0.0001498124456702,False,False,False,False,,False,77.0,0.3598130841121495,0.17759292971990676,,,0.1440253555774688,0.1574980020523071,False,False,False,False,,False,80.0,0.37383177570093457,0.06795281666850403,,,581119040.0,583269440.0,False,False,False,False,,False,69.0,0.32242990654205606,0.43820224719101125,,,579924032.0,579927040.0,False,False,False,False,,False,92.0,0.42990654205607476,False,False,False,False,92.0,0.42990654205607476,0.5727699530516432,,
40,S3R44CNS_N40_B05_peeq_guarded,"[0,2,4,6,8,11,13,15,17,19,32,34,36,38,30,28,26,24,22,20,18,16,14,12,10,9,7,5,3,1,21,23,25,27,29,31,33,35,37,39]",0-2-4-6-8-11-13-15-17-19-32-34-36-38-30-28-26-24-22-20-18-16-14-12-10-9-7-5-3-1-21-23-25-27-29-31-33-35-37-39,087c34237d82f774,stage3_native_combined552,False,PEEQ_guarded_candidates,,,,,,False,,True,PASS_TEACHER_FIELDS_EXTRACTED,,5.861056888534222e-05,0.1551127731800079,581921728.0,579927552.0,,,,,,17.0,0.0794392523364486,0.0063180572143661596,,,4.5779268475598656e-05,0.0001498124456702,False,False,False,False,,False,88.0,0.411214953271028,0.19608558294075756,,,0.1440253555774688,0.1574980020523071,False,False,False,False,,False,13.0,0.06074766355140187,0.046088266637268956,,,581119040.0,583269440.0,False,False,False,False,,False,146.0,0.6822429906542056,0.6179775280898876,,,579924032.0,579927040.0,False,False,False,False,,False,17.0,0.0794392523364486,False,False,False,False,17.0,0.0794392523364486,0.9248826291079812,,
40,S3R44CNS_N40_B06_peeq_guarded,"[0,2,4,6,8,10,12,14,16,18,20,22,24,26,28,30,38,36,35,33,31,29,27,25,23,21,1,3,5,7,9,11,13,15,17,19,32,34,37,39]",0-2-4-6-8-10-12-14-16-18-20-22-24-26-28-30-38-36-35-33-31-29-27-25-23-21-1-3-5-7-9-11-13-15-17-19-32-34-37-39,95c326e80ea13aa5,stage3_native_combined552,False,PEEQ_guarded_candidates,,,,,,False,,True,PASS_TEACHER_FIELDS_EXTRACTED,,0.0002057177935057,0.1589284688234329,590467712.0,579927360.0,,,,,,135.0,0.6308411214953271,0.07875279353246081,,,4.5779268475598656e-05,0.0001498124456702,False,False,False,False,,False,126.0,0.5887850467289719,0.2635677443769925,,,0.1440253555774688,0.1574980020523071,False,False,False,False,,False,207.0,0.9672897196261683,0.5367765406239665,,,581119040.0,583269440.0,False,False,False,False,,False,121.0,0.5654205607476636,0.5842696629213483,,,579924032.0,579927040.0,False,False,False,False,,False,135.0,0.6308411214953271,False,False,False,False,135.0,0.6308411214953271,0.37089201877934275,,
40,S3R44CNS_N40_B07_surfacet_guarded,"[0,3,5,7,9,11,13,15,17,19,32,34,36,38,30,28,26,24,22,20,18,16,14,12,10,8,6,4,2,1,21,23,25,27,29,31,33,35,37,39]",0-3-5-7-9-11-13-15-17-19-32-34-36-38-30-28-26-24-22-20-18-16-14-12-10-8-6-4-2-1-21-23-25-27-29-31-33-35-37-39,04aa032631bc52ca,stage3_native_combined552,False,SurfaceT_guarded_candidates,,,,,,False,,True,PASS_TEACHER_FIELDS_EXTRACTED,,7.249316331581213e-05,0.1534713059663772,582016448.0,579927552.0,,,,,,40.0,0.18691588785046728,0.01315376545083966,,,4.5779268475598656e-05,0.0001498124456702,False,False,False,False,,False,51.0,0.2383177570093458,0.16705555385723075,,,0.1440253555774688,0.1574980020523071,False,False,False,False,,False,38.0,0.17757009345794392,0.05152684378789549,,,581119040.0,583269440.0,False,False,False,False,,False,146.0,0.6822429906542056,0.6179775280898876,,,579924032.0,579927040.0,False,False,False,False,,False,40.0,0.18691588785046728,False,False,False,False,40.0,0.18691588785046728,0.8169014084507042,,
40,S3R44CNS_N40_B08_surfacet_guarded,"[0,3,5,7,9,11,13,15,17,19,36,38,34,32,30,28,26,24,22,20,18,16,14,12,10,8,6,4,2,1,21,23,25,27,29,31,33,35,37,39]",0-3-5-7-9-11-13-15-17-19-36-38-34-32-30-28-26-24-22-20-18-16-14-12-10-8-6-4-2-1-21-23-25-27-29-31-33-35-37-39,0b49f63af998a626,stage3_native_combined552,False,SurfaceT_guarded_candidates,,,,,,False,,True,PASS_TEACHER_FIELDS_EXTRACTED,,7.398942761938088e-05,0.1534235626459121,582003712.0,579927552.0,,,,,,43.0,0.20093457943925233,0.013890517235606739,,,4.5779268475598656e-05,0.0001498124456702,False,False,False,False,,False,44.0,0.205607476635514,0.16621119341546425,,,0.1440253555774688,0.1574980020523071,False,False,False,False,,False,21.0,0.09813084112149532,0.05079557564399368,,,581119040.0,583269440.0,False,False,False,False,,False,146.0,0.6822429906542056,0.6179775280898876,,,579924032.0,579927040.0,False,False,False,False,,False,43.0,0.20093457943925233,False,False,False,False,43.0,0.20093457943925233,0.8028169014084507,,
40,S3R44CNS_N40_B09_u2_guarded,"[0,2,4,6,8,10,12,14,16,18,20,22,24,26,28,30,38,35,33,31,29,27,25,23,21,1,3,5,7,9,11,13,15,17,19,32,34,36,37,39]",0-2-4-6-8-10-12-14-16-18-20-22-24-26-28-30-38-35-33-31-29-27-25-23-21-1-3-5-7-9-11-13-15-17-19-32-34-36-37-39,b6a2782f36a193eb,stage3_native_combined552,False,U2_guarded_local_search,,,,,,False,,True,PASS_TEACHER_FIELDS_EXTRACTED,,0.0001972049140022,0.1585531830787658,589710080.0,579927296.0,,,,,,130.0,0.6074766355140186,0.07456110149466266,,,4.5779268475598656e-05,0.0001498124456702,False,False,False,False,,False,124.0,0.5794392523364486,0.2569306601928856,,,0.1440253555774688,0.1574980020523071,False,False,False,False,,False,205.0,0.9579439252336449,0.4932752728475361,,,581119040.0,583269440.0,False,False,False,False,,False,117.0,0.5467289719626168,0.5730337078651685,,,579924032.0,579927040.0,False,False,False,False,,False,130.0,0.6074766355140186,False,False,False,False,130.0,0.6074766355140186,0.3943661971830986,,
40,S3R44CNS_N40_B10_u2_guarded,"[0,2,4,6,8,10,12,14,16,18,20,22,24,26,28,30,38,36,33,31,29,27,25,23,21,1,3,5,7,9,11,13,15,17,19,32,34,35,37,39]",0-2-4-6-8-10-12-14-16-18-20-22-24-26-28-30-38-36-33-31-29-27-25-23-21-1-3-5-7-9-11-13-15-17-19-32-34-35-37-39,b9c546662110237e,stage3_native_combined552,False,U2_guarded_local_search,,,,,,False,,True,PASS_TEACHER_FIELDS_EXTRACTED,,0.0001929459795064,0.1585217863321304,589708480.0,579927232.0,,,,,,127.0,0.5934579439252337,0.07246402707839625,,,4.5779268475598656e-05,0.0001498124456702,False,False,False,False,,False,122.0,0.5700934579439252,0.25637539569513296,,,0.1440253555774688,0.1574980020523071,False,False,False,False,,False,204.0,0.9532710280373832,0.49318340499026203,,,581119040.0,583269440.0,False,False,False,False,,False,115.0,0.5373831775700935,0.5617977528089888,,,579924032.0,579927040.0,False,False,False,False,,False,127.0,0.5934579439252337,False,False,False,False,127.0,0.5934579439252337,0.4084507042253521,,
40,S3R44CNS_N40_B11_hybrid_agree,"[0,2,4,6,8,10,12,14,16,18,20,38,36,34,33,31,29,27,25,23,21,1,3,5,7,9,11,13,15,17,19,22,24,26,28,30,32,35,37,39]",0-2-4-6-8-10-12-14-16-18-20-38-36-34-33-31-29-27-25-23-21-1-3-5-7-9-11-13-15-17-19-22-24-26-28-30-32-35-37-39,8dfc3e85e48b24b8,stage3_native_combined552,False,hybrid_agreement,,,,,,False,,True,PASS_TEACHER_FIELDS_EXTRACTED,,0.0002118816822473,0.159995436668396,588094016.0,579927552.0,,,,,,139.0,0.6495327102803738,0.0817878562688023,,,4.5779268475598656e-05,0.0001498124456702,False,False,False,False,,False,138.0,0.6448598130841121,0.2824375136378455,,,0.1440253555774688,0.1574980020523071,False,False,False,False,,False,192.0,0.897196261682243,0.40048506228640723,,,581119040.0,583269440.0,False,False,False,False,,False,146.0,0.6822429906542056,0.6179775280898876,,,579924032.0,579927040.0,False,False,False,False,,False,139.0,0.6495327102803738,False,False,False,False,139.0,0.6495327102803738,0.352112676056338,,
40,S3R44CNS_N40_B12_hybrid_agree,"[0,2,4,6,8,10,11,13,15,17,19,22,24,26,28,30,32,34,36,38,20,18,16,14,12,9,7,5,3,1,21,23,25,27,29,31,33,35,37,39]",0-2-4-6-8-10-11-13-15-17-19-22-24-26-28-30-32-34-36-38-20-18-16-14-12-9-7-5-3-1-21-23-25-27-29-31-33-35-37-39,10d97dc93331e61c,stage3_native_combined552,False,hybrid_agreement,,,,,,False,,True,PASS_TEACHER_FIELDS_EXTRACTED,,9.455671170144342e-05,0.1537016928195953,582178496.0,579926592.0,,,,,,76.0,0.35514018691588783,0.024017727528019377,,,4.5779268475598656e-05,0.0001498124456702,False,False,False,False,,False,64.0,0.29906542056074764,0.17113004099522883,,,0.1440253555774688,0.1574980020523071,False,False,False,False,,False,66.0,0.308411214953271,0.06083122037261603,,,581119040.0,583269440.0,False,False,False,False,,False,95.0,0.4439252336448598,0.449438202247191,,,579924032.0,579927040.0,False,False,False,False,,False,76.0,0.35514018691588783,False,False,False,False,76.0,0.35514018691588783,0.647887323943662,,
40,S3R44CNS_N40_B13_hybrid_disagree,"[0,2,4,6,8,10,12,14,16,18,20,38,36,34,32,30,28,26,24,23,21,1,3,5,7,9,11,13,15,17,19,22,25,27,29,31,33,35,37,39]",0-2-4-6-8-10-12-14-16-18-20-38-36-34-32-30-28-26-24-23-21-1-3-5-7-9-11-13-15-17-19-22-25-27-29-31-33-35-37-39,f135cbfebb299cef,stage3_native_combined552,False,hybrid_disagreement,,,,,,False,,True,PASS_TEACHER_FIELDS_EXTRACTED,,0.0001436858278793,0.1631214767694473,588100800.0,579927616.0,,,,,,102.0,0.4766355140186916,0.04820861675910889,,,4.5779268475598656e-05,0.0001498124456702,False,False,False,False,,False,169.0,0.7897196261682243,0.33772283051546126,,,0.1440253555774688,0.1574980020523071,False,False,False,False,,False,193.0,0.9018691588785047,0.4008745820012494,,,581119040.0,583269440.0,False,False,False,False,,False,185.0,0.8644859813084113,0.6292134831460674,,,579924032.0,579927040.0,False,False,False,False,,False,102.0,0.4766355140186916,False,False,False,False,102.0,0.4766355140186916,0.5258215962441315,,
40,S3R44CNS_N40_B14_hybrid_disagree,"[0,2,4,6,8,10,12,14,16,18,20,38,36,34,32,30,27,25,23,21,1,3,5,7,9,11,13,15,17,19,22,24,26,28,29,31,33,35,37,39]",0-2-4-6-8-10-12-14-16-18-20-38-36-34-32-30-27-25-23-21-1-3-5-7-9-11-13-15-17-19-22-24-26-28-29-31-33-35-37-39,8653ef26da9a1483,stage3_native_combined552,False,hybrid_disagreement,,,,,,False,,True,PASS_TEACHER_FIELDS_EXTRACTED,,0.0001575493377004,0.1639321446418762,587675520.0,579927808.0,,,,,,109.0,0.5093457943925234,0.05503492784563948,,,4.5779268475598656e-05,0.0001498124456702,False,False,False,False,,False,174.0,0.8130841121495327,0.3520598283660843,,,0.1440253555774688,0.1574980020523071,False,False,False,False,,False,189.0,0.883177570093458,0.37645610553779446,,,581119040.0,583269440.0,False,False,False,False,,False,197.0,0.9205607476635514,0.6629213483146067,,,579924032.0,579927040.0,False,False,False,False,,False,109.0,0.5093457943925234,False,False,False,False,109.0,0.5093457943925234,0.49295774647887325,,
40,S3R44CNS_N40_B15_uncertainty,"[0,2,4,6,8,10,12,14,16,18,20,38,35,33,31,29,27,25,23,21,1,3,5,7,9,11,13,15,17,19,22,24,26,28,30,32,34,36,37,39]",0-2-4-6-8-10-12-14-16-18-20-38-35-33-31-29-27-25-23-21-1-3-5-7-9-11-13-15-17-19-22-24-26-28-30-32-34-36-37-39,e249716940a38589,stage3_native_combined552,False,uncertainty_calibration,,,,,,False,,True,PASS_TEACHER_FIELDS_EXTRACTED,,0.0001939518444942,0.1578126698732376,587682048.0,579927808.0,,,,,,128.0,0.5981308411214953,0.07295930911060729,,,4.5779268475598656e-05,0.0001498124456702,False,False,False,False,,False,114.0,0.5327102803738317,0.2438343767492031,,,0.1440253555774688,0.1574980020523071,False,False,False,False,,False,190.0,0.8878504672897196,0.3768309263954728,,,581119040.0,583269440.0,False,False,False,False,,False,197.0,0.9205607476635514,0.6629213483146067,,,579924032.0,579927040.0,False,False,False,False,,False,128.0,0.5981308411214953,False,False,False,False,128.0,0.5981308411214953,0.403755868544601,,
40,S3R44CNS_N40_B16_uncertainty,"[0,2,4,6,8,10,12,14,16,18,20,38,36,34,31,29,27,25,23,21,1,3,5,7,9,11,13,15,17,19,22,24,26,28,30,32,33,35,37,39]",0-2-4-6-8-10-12-14-16-18-20-38-36-34-31-29-27-25-23-21-1-3-5-7-9-11-13-15-17-19-22-24-26-28-30-32-33-35-37-39,adaf4ec3380eb108,stage3_native_combined552,False,uncertainty_calibration,,,,,,False,,True,PASS_TEACHER_FIELDS_EXTRACTED,,0.0001753604881287,0.1576092392206192,587673600.0,579926720.0,,,,,,122.0,0.5700934579439252,0.06380503405983345,,,4.5779268475598656e-05,0.0001498124456702,False,False,False,False,,False,110.0,0.514018691588785,0.2402366212089442,,,0.1440253555774688,0.1574980020523071,False,False,False,False,,False,188.0,0.8785046728971962,0.3763458641090655,,,581119040.0,583269440.0,False,False,False,False,,False,102.0,0.4766355140186916,0.47191011235955055,,,579924032.0,579927040.0,False,False,False,False,,False,122.0,0.5700934579439252,False,False,False,False,122.0,0.5700934579439252,0.431924882629108,,
24,S3R49SCN_N24_B01_strict_guard,"[22,23,21,19,11,1,3,5,7,9,13,15,17,0,2,4,6,8,10,12,14,16,18,20]",22-23-21-19-11-1-3-5-7-9-13-15-17-0-2-4-6-8-10-12-14-16-18-20,dfa52b5d51149bcf,stage3_native_combined552,False,strict_penalty_guard_top,,,,,,False,,True,PASS_TEACHER_FIELDS_EXTRACTED,,3.737566112249624e-05,0.1608438491821289,582616640.0,579943616.0,,,,,,7.0,0.03535353535353535,0.013151730581169557,,,2.9523077955673216e-05,8.096076885522052e-05,False,False,False,False,,False,147.0,0.7424242424242424,0.29043406472130334,,,0.1492166519165039,0.15729529410600662,False,False,False,False,,False,97.0,0.4898989898989899,0.15598313881799672,,,580875968.0,582566592.0,False,False,False,False,,False,57.0,0.2878787878787879,0.3939393939393939,,,579942784.0,579944128.0,False,False,False,False,,False,7.0,0.03535353535353535,False,False,False,False,7.0,0.03535353535353535,0.9695431472081218,,
24,S3R49SCN_N24_B02_strict_guard,"[22,17,9,7,15,13,5,3,1,11,19,21,23,0,2,4,6,8,10,12,14,16,18,20]",22-17-9-7-15-13-5-3-1-11-19-21-23-0-2-4-6-8-10-12-14-16-18-20,035b59d26fca2650,stage3_native_combined552,False,strict_penalty_guard_top,,,,,,False,,True,PASS_TEACHER_FIELDS_EXTRACTED,,7.155505159062159e-05,0.1542517393827438,581955392.0,579944384.0,,,,,,77.0,0.3888888888888889,0.07039635000329586,,,2.9523077955673216e-05,8.096076885522052e-05,False,False,False,False,,False,50.0,0.25252525252525254,0.12577071547334207,,,0.1492166519165039,0.15729529410600662,False,False,False,False,,False,61.0,0.30808080808080807,0.09672812777793709,,,580875968.0,582566592.0,False,False,False,False,,False,120.0,0.6060606060606061,0.7575757575757576,,,579942784.0,579944128.0,False,False,False,False,,False,77.0,0.3888888888888889,False,False,False,False,77.0,0.3888888888888889,0.6142131979695431,,
24,S3R49SCN_N24_B03_strict_guard,"[22,17,15,13,9,7,5,3,1,11,19,21,23,0,2,4,6,8,18,16,14,12,10,20]",22-17-15-13-9-7-5-3-1-11-19-21-23-0-2-4-6-8-18-16-14-12-10-20,184ebe2a9c435006,stage3_native_combined552,False,strict_penalty_guard_local_search,,,,,,False,,True,PASS_TEACHER_FIELDS_EXTRACTED,,7.330715288844658e-05,0.1600374281406402,581865344.0,579944576.0,,,,,,79.0,0.398989898989899,0.07333081930217177,,,2.9523077955673216e-05,8.096076885522052e-05,False,False,False,False,,False,139.0,0.702020202020202,0.27029059113899967,,,0.1492166519165039,0.15729529410600662,False,False,False,False,,False,40.0,0.20202020202020202,0.08865884781922978,,,580875968.0,582566592.0,False,False,False,False,,False,163.0,0.8232323232323232,0.8484848484848485,,,579942784.0,579944128.0,False,False,False,False,,False,79.0,0.398989898989899,False,False,False,False,79.0,0.398989898989899,0.6040609137055837,,
24,S3R49SCN_N24_B04_strict_guard,"[22,17,15,13,9,7,5,3,1,11,19,21,23,0,2,4,6,8,14,16,10,12,18,20]",22-17-15-13-9-7-5-3-1-11-19-21-23-0-2-4-6-8-14-16-10-12-18-20,f5ce42c91ade39b8,stage3_native_combined552,False,strict_penalty_guard_local_search,,,,,,False,,True,PASS_TEACHER_FIELDS_EXTRACTED,,6.822838622611016e-05,0.1598436385393142,581867008.0,579943552.0,,,,,,70.0,0.35353535353535354,0.0648247558312518,,,2.9523077955673216e-05,8.096076885522052e-05,False,False,False,False,,False,137.0,0.6919191919191919,0.2654499489508575,,,0.1492166519165039,0.15729529410600662,False,False,False,False,,False,41.0,0.20707070707070707,0.08880796031313623,,,580875968.0,582566592.0,False,False,False,False,,False,27.0,0.13636363636363635,0.36363636363636365,,,579942784.0,579944128.0,False,False,False,False,,False,70.0,0.35353535353535354,False,False,False,False,70.0,0.35353535353535354,0.649746192893401,,
24,S3R49SCN_N24_B05_two_stage,"[22,17,15,13,9,7,5,3,1,11,19,21,23,0,2,4,6,12,14,8,10,16,18,20]",22-17-15-13-9-7-5-3-1-11-19-21-23-0-2-4-6-12-14-8-10-16-18-20,64b969aa739ec4ad,stage3_native_combined552,False,two_stage_guarded_top,,,,,,False,,True,PASS_TEACHER_FIELDS_EXTRACTED,,9.631485067984612e-05,0.1584233194589615,581878656.0,579944384.0,,,,,,116.0,0.5858585858585859,0.11186476873220091,,,2.9523077955673216e-05,8.096076885522052e-05,False,False,False,False,,False,120.0,0.6060606060606061,0.22997200579016025,,,0.1492166519165039,0.15729529410600662,False,False,False,False,,False,43.0,0.21717171717171718,0.08985174777048147,,,580875968.0,582566592.0,False,False,False,False,,False,120.0,0.6060606060606061,0.7575757575757576,,,579942784.0,579944128.0,False,False,False,False,,False,116.0,0.5858585858585859,False,False,False,False,116.0,0.5858585858585859,0.41624365482233505,,
24,S3R49SCN_N24_B06_two_stage,"[22,17,15,13,9,3,5,7,1,11,19,21,23,0,2,4,6,8,10,14,12,16,18,20]",22-17-15-13-9-3-5-7-1-11-19-21-23-0-2-4-6-8-10-14-12-16-18-20,8cc6847a7550c326,stage3_native_combined552,False,two_stage_guarded_top,,,,,,False,,True,PASS_TEACHER_FIELDS_EXTRACTED,,4.07822008128278e-05,0.1586619615554809,581970688.0,579943616.0,,,,,,16.0,0.08080808080808081,0.018857100555547977,,,2.9523077955673216e-05,8.096076885522052e-05,False,False,False,False,,False,121.0,0.6111111111111112,0.2359330119141947,,,0.1492166519165039,0.15729529410600662,False,False,False,False,,False,64.0,0.32323232323232326,0.09809881570269263,,,580875968.0,582566592.0,False,False,False,False,,False,57.0,0.2878787878787879,0.3939393939393939,,,579942784.0,579944128.0,False,False,False,False,,False,16.0,0.08080808080808081,False,False,False,False,16.0,0.08080808080808081,0.9238578680203046,,
24,S3R49SCN_N24_B07_two_stage,"[18,17,15,13,9,7,5,3,1,11,19,21,23,0,2,4,6,8,10,12,14,16,22,20]",18-17-15-13-9-7-5-3-1-11-19-21-23-0-2-4-6-8-10-12-14-16-22-20,f65a516852ba4deb,stage3_native_combined552,False,two_stage_guarded_local_search,,,,,,False,,True,PASS_TEACHER_FIELDS_EXTRACTED,,5.806214721815195e-05,0.1539869755506515,583663808.0,579943616.0,,,,,,53.0,0.2676767676767677,0.04779804836238505,,,2.9523077955673216e-05,8.096076885522052e-05,False,False,False,False,,False,43.0,0.21717171717171718,0.11915721832617505,,,0.1492166519165039,0.15729529410600662,False,False,False,False,,False,145.0,0.7323232323232324,0.24982077825251628,,,580875968.0,582566592.0,False,False,False,False,,False,57.0,0.2878787878787879,0.3939393939393939,,,579942784.0,579944128.0,False,False,False,False,,False,53.0,0.2676767676767677,False,False,False,False,53.0,0.2676767676767677,0.7360406091370558,,
24,S3R49SCN_N24_B08_two_stage,"[22,17,15,13,9,7,5,3,1,11,19,21,23,0,2,12,10,8,6,4,14,16,18,20]",22-17-15-13-9-7-5-3-1-11-19-21-23-0-2-12-10-8-6-4-14-16-18-20,4aca82a4b5a13c0f,stage3_native_combined552,False,two_stage_guarded_local_search,,,,,,False,,True,PASS_TEACHER_FIELDS_EXTRACTED,,9.06418699742062e-05,0.1556643545627594,581956096.0,579944320.0,,,,,,110.0,0.5555555555555556,0.1023634986090174,,,2.9523077955673216e-05,8.096076885522052e-05,False,False,False,False,,False,70.0,0.35353535353535354,0.16105622403109945,,,0.1492166519165039,0.15729529410600662,False,False,False,False,,False,62.0,0.31313131313131315,0.09679121383305135,,,580875968.0,582566592.0,False,False,False,False,,False,113.0,0.5707070707070707,0.7272727272727273,,,579942784.0,579944128.0,False,False,False,False,,False,110.0,0.5555555555555556,False,False,False,False,110.0,0.5555555555555556,0.4467005076142132,,
24,S3R49SCN_N24_B09_median_guard,"[22,21,19,11,1,3,5,7,9,13,15,17,23,0,2,4,6,8,10,12,14,16,18,20]",22-21-19-11-1-3-5-7-9-13-15-17-23-0-2-4-6-8-10-12-14-16-18-20,22fe0ffd756973ac,stage3_native_combined552,False,no_penalty_worse_than_median,,,,,,False,,True,PASS_TEACHER_FIELDS_EXTRACTED,,2.9523077955673216e-05,0.1587531119585037,582666368.0,579943552.0,,,,,,1.0,0.005050505050505051,0.0,,,2.9523077955673216e-05,8.096076885522052e-05,False,False,False,False,,False,123.0,0.6212121212121212,0.23820984453740657,,,0.1492166519165039,0.15729529410600662,False,False,False,False,,False,103.0,0.5202020202020202,0.1604393083474321,,,580875968.0,582566592.0,False,False,False,False,,False,27.0,0.13636363636363635,0.36363636363636365,,,579942784.0,579944128.0,False,False,False,False,,False,1.0,0.005050505050505051,False,False,False,False,1.0,0.005050505050505051,1.0,,
24,S3R49SCN_N24_B10_median_guard,"[22,13,9,17,15,7,5,3,1,11,19,21,23,0,2,4,6,8,10,12,14,16,18,20]",22-13-9-17-15-7-5-3-1-11-19-21-23-0-2-4-6-8-10-12-14-16-18-20,14753eeb4f27414a,stage3_native_combined552,False,no_penalty_worse_than_median,,,,,,False,,True,PASS_TEACHER_FIELDS_EXTRACTED,,6.728811672473967e-05,0.154089018702507,581911360.0,579944384.0,,,,,,67.0,0.3383838383838384,0.06324996561343377,,,2.9523077955673216e-05,8.096076885522052e-05,False,False,False,False,,False,46.0,0.23232323232323232,0.12170613933381842,,,0.1492166519165039,0.15729529410600662,False,False,False,False,,False,54.0,0.2727272727272727,0.09278238178533536,,,580875968.0,582566592.0,False,False,False,False,,False,120.0,0.6060606060606061,0.7575757575757576,,,579942784.0,579944128.0,False,False,False,False,,False,67.0,0.3383838383838384,False,False,False,False,67.0,0.3383838383838384,0.6649746192893401,,
24,S3R49SCN_N24_B11_peeq_repair,"[22,11,1,3,5,7,9,17,21,15,13,19,23,0,2,4,6,8,10,12,14,16,18,20]",22-11-1-3-5-7-9-17-21-15-13-19-23-0-2-4-6-8-10-12-14-16-18-20,57e8ac43b0b0a708,stage3_native_combined552,False,PEEQ_repair_candidates,,,,,,False,,True,PASS_TEACHER_FIELDS_EXTRACTED,,2.9894891213189112e-05,0.1571119129657745,583489600.0,579944384.0,,,,,,2.0,0.010101010101010102,0.0006227234637916557,,,2.9523077955673216e-05,8.096076885522052e-05,False,False,False,False,,False,97.0,0.4898989898989899,0.19721457425984287,,,0.1492166519165039,0.15729529410600662,False,False,False,False,,False,143.0,0.7222222222222222,0.23420984715969376,,,580875968.0,582566592.0,False,False,False,False,,False,120.0,0.6060606060606061,0.7575757575757576,,,579942784.0,579944128.0,False,False,False,False,,False,2.0,0.010101010101010102,False,False,False,False,2.0,0.010101010101010102,0.9949238578680203,,
24,S3R49SCN_N24_B12_peeq_repair,"[22,11,1,3,5,7,9,15,21,13,17,19,23,0,2,4,6,8,10,12,14,16,18,20]",22-11-1-3-5-7-9-15-21-13-17-19-23-0-2-4-6-8-10-12-14-16-18-20,d146adbb95cdb54c,stage3_native_combined552,False,PEEQ_repair_candidates,,,,,,False,,True,PASS_TEACHER_FIELDS_EXTRACTED,,3.772677086999465e-05,0.1601821333169937,583289408.0,579943552.0,,,,,,8.0,0.04040404040404041,0.013739779215029465,,,2.9523077955673216e-05,8.096076885522052e-05,False,False,False,False,,False,141.0,0.7121212121212122,0.27390516063450604,,,0.1492166519165039,0.15729529410600662,False,False,False,False,,False,133.0,0.6717171717171717,0.21627046712356265,,,580875968.0,582566592.0,False,False,False,False,,False,27.0,0.13636363636363635,0.36363636363636365,,,579942784.0,579944128.0,False,False,False,False,,False,8.0,0.04040404040404041,False,False,False,False,8.0,0.04040404040404041,0.9644670050761421,,
24,S3R49SCN_N24_B13_surfacet_repair,"[22,17,15,21,19,11,1,3,5,7,9,13,23,0,2,4,6,8,10,12,14,16,18,20]",22-17-15-21-19-11-1-3-5-7-9-13-23-0-2-4-6-8-10-12-14-16-18-20,8e649f33c3ac7060,stage3_native_combined552,False,SurfaceT_repair_candidates,,,,,,False,,True,PASS_TEACHER_FIELDS_EXTRACTED,,4.335154699219856e-05,0.1574961096048355,582160896.0,579943616.0,,,,,,22.0,0.1111111111111111,0.023160314925006573,,,2.9523077955673216e-05,8.096076885522052e-05,False,False,False,False,,False,107.0,0.5404040404040404,0.20681136607351924,,,0.1492166519165039,0.15729529410600662,False,False,False,False,,False,79.0,0.398989898989899,0.11514352077538496,,,580875968.0,582566592.0,False,False,False,False,,False,57.0,0.2878787878787879,0.3939393939393939,,,579942784.0,579944128.0,False,False,False,False,,False,22.0,0.1111111111111111,False,False,False,False,22.0,0.1111111111111111,0.8934010152284264,,
24,S3R49SCN_N24_B14_surfacet_repair,"[22,17,15,13,9,7,5,3,1,11,19,21,23,0,2,4,10,12,6,8,14,16,18,20]",22-17-15-13-9-7-5-3-1-11-19-21-23-0-2-4-10-12-6-8-14-16-18-20,b9d7fd903feb98cd,stage3_native_combined552,False,SurfaceT_repair_candidates,,,,,,False,,True,PASS_TEACHER_FIELDS_EXTRACTED,,9.57650804593868e-05,0.1556143164634704,581893504.0,579944384.0,,,,,,115.0,0.5808080808080808,0.11094399786388594,,,2.9523077955673216e-05,8.096076885522052e-05,False,False,False,False,,False,69.0,0.3484848484848485,0.1598063296468013,,,0.1492166519165039,0.15729529410600662,False,False,False,False,,False,48.0,0.24242424242424243,0.09118229002380064,,,580875968.0,582566592.0,False,False,False,False,,False,120.0,0.6060606060606061,0.7575757575757576,,,579942784.0,579944128.0,False,False,False,False,,False,115.0,0.5808080808080808,False,False,False,False,115.0,0.5808080808080808,0.42131979695431476,,
24,S3R49SCN_N24_B15_mises_repair,"[22,17,15,13,9,7,5,3,1,11,19,21,23,0,2,4,6,14,16,12,8,10,18,20]",22-17-15-13-9-7-5-3-1-11-19-21-23-0-2-4-6-14-16-12-8-10-18-20,1a3f0931f2f092a5,stage3_native_combined552,False,Mises_repair_candidates,,,,,,False,,True,PASS_TEACHER_FIELDS_EXTRACTED,,8.137980603351025e-05,0.1623269319534301,581893952.0,579943488.0,,,,,,97.0,0.4898989898989899,0.0868511293687587,,,2.9523077955673216e-05,8.096076885522052e-05,False,False,False,False,,False,160.0,0.8080808080808081,0.3274797729643883,,,0.1492166519165039,0.15729529410600662,False,False,False,False,,False,49.0,0.2474747474747475,0.091222435695237,,,580875968.0,582566592.0,False,False,False,False,,False,18.0,0.09090909090909091,0.3333333333333333,,,579942784.0,579944128.0,False,False,False,False,,False,97.0,0.4898989898989899,False,False,False,False,97.0,0.4898989898989899,0.5126903553299492,,
24,S3R49SCN_N24_B16_mises_repair,"[22,0,2,13,9,7,5,3,1,11,19,21,23,17,15,4,6,8,10,12,14,16,18,20]",22-0-2-13-9-7-5-3-1-11-19-21-23-17-15-4-6-8-10-12-14-16-18-20,856e8f037128ce92,stage3_native_combined552,False,Mises_repair_candidates,,,,,,False,,True,PASS_TEACHER_FIELDS_EXTRACTED,,7.775182257319102e-05,0.1623154729604721,583680896.0,579943552.0,,,,,,87.0,0.4393939393939394,0.08077487904330537,,,2.9523077955673216e-05,8.096076885522052e-05,False,False,False,False,,False,159.0,0.803030303030303,0.3271935404505356,,,0.1492166519165039,0.15729529410600662,False,False,False,False,,False,146.0,0.7373737373737373,0.2513520488630172,,,580875968.0,582566592.0,False,False,False,False,,False,27.0,0.13636363636363635,0.36363636363636365,,,579942784.0,579944128.0,False,False,False,False,,False,87.0,0.4393939393939394,False,False,False,False,87.0,0.4393939393939394,0.5634517766497462,,
40,S3R49SCN_N40_B01_strict_guard,"[0,3,5,7,9,11,13,15,17,19,38,36,34,32,30,28,26,24,22,20,18,16,14,12,10,8,6,4,2,1,21,23,25,37,35,33,31,29,27,39]",0-3-5-7-9-11-13-15-17-19-38-36-34-32-30-28-26-24-22-20-18-16-14-12-10-8-6-4-2-1-21-23-25-37-35-33-31-29-27-39,639c978fa09f6475,stage3_native_combined552,False,strict_penalty_guard_top,,,,,,False,,True,PASS_TEACHER_FIELDS_EXTRACTED,,9.20418733585393e-05,0.1626397371292114,583327808.0,579927552.0,,,,,,73.0,0.3411214953271028,0.022779435848457062,,,4.5779268475598656e-05,0.0001498124456702,False,False,False,False,,False,163.0,0.7616822429906542,0.3292030649967804,,,0.1440253555774688,0.1574980020523071,False,False,False,False,,False,109.0,0.5093457943925234,0.12682173960974535,,,581119040.0,583269440.0,False,False,False,False,,False,146.0,0.6822429906542056,0.6179775280898876,,,579924032.0,579927040.0,False,False,False,False,,False,73.0,0.3411214953271028,False,False,False,False,73.0,0.3411214953271028,0.6619718309859155,,
40,S3R49SCN_N40_B02_strict_guard,"[0,3,5,7,9,11,13,15,27,25,23,21,1,2,4,6,8,10,12,14,16,18,20,22,24,26,28,30,32,34,36,38,19,17,29,31,33,35,37,39]",0-3-5-7-9-11-13-15-27-25-23-21-1-2-4-6-8-10-12-14-16-18-20-22-24-26-28-30-32-34-36-38-19-17-29-31-33-35-37-39,17d80e1281ddc592,stage3_native_combined552,False,strict_penalty_guard_top,,,,,,False,,True,PASS_TEACHER_FIELDS_EXTRACTED,,0.0001350528254988,0.1617587953805923,583631424.0,579927808.0,,,,,,99.0,0.46261682242990654,0.043957776919809365,,,4.5779268475598656e-05,0.0001498124456702,False,False,False,False,,False,156.0,0.7289719626168224,0.31362324447344514,,,0.1440253555774688,0.1574980020523071,False,False,False,False,,False,123.0,0.5747663551401869,0.14425458420607798,,,581119040.0,583269440.0,False,False,False,False,,False,197.0,0.9205607476635514,0.6629213483146067,,,579924032.0,579927040.0,False,False,False,False,,False,99.0,0.46261682242990654,False,False,False,False,99.0,0.46261682242990654,0.539906103286385,,
40,S3R49SCN_N40_B03_strict_guard,"[0,3,5,7,9,11,13,15,17,19,26,28,30,32,34,36,38,24,22,20,18,16,14,12,10,8,6,4,2,1,21,23,25,27,29,31,33,35,37,39]",0-3-5-7-9-11-13-15-17-19-26-28-30-32-34-36-38-24-22-20-18-16-14-12-10-8-6-4-2-1-21-23-25-27-29-31-33-35-37-39,fbf534a3f9f14416,stage3_native_combined552,False,strict_penalty_guard_local_search,,,,,,False,,True,PASS_TEACHER_FIELDS_EXTRACTED,,7.565500527562108e-05,0.1536527276039123,582171072.0,579927552.0,,,,,,47.0,0.21962616822429906,0.01471063792416178,,,4.5779268475598656e-05,0.0001498124456702,False,False,False,False,,False,60.0,0.2803738317757009,0.1702640708292973,,,0.1440253555774688,0.1574980020523071,False,False,False,False,,False,62.0,0.2897196261682243,0.06040495351486422,,,581119040.0,583269440.0,False,False,False,False,,False,146.0,0.6822429906542056,0.6179775280898876,,,579924032.0,579927040.0,False,False,False,False,,False,47.0,0.21962616822429906,False,False,False,False,47.0,0.21962616822429906,0.784037558685446,,
40,S3R49SCN_N40_B04_strict_guard,"[0,3,5,7,9,11,13,15,17,19,38,36,24,26,28,30,32,34,22,20,18,16,14,12,10,8,6,4,2,1,21,23,25,27,29,31,33,35,37,39]",0-3-5-7-9-11-13-15-17-19-38-36-24-26-28-30-32-34-22-20-18-16-14-12-10-8-6-4-2-1-21-23-25-27-29-31-33-35-37-39,03a6abceaacd7696,stage3_native_combined552,False,strict_penalty_guard_local_search,,,,,,False,,True,PASS_TEACHER_FIELDS_EXTRACTED,,6.170961933094077e-05,0.1561200469732284,582142720.0,579927552.0,,,,,,24.0,0.11214953271028037,0.007844011513638146,,,4.5779268475598656e-05,0.0001498124456702,False,False,False,False,,False,101.0,0.4719626168224299,0.2138996381161806,,,0.1440253555774688,0.1574980020523071,False,False,False,False,,False,56.0,0.2616822429906542,0.058777055083967224,,,581119040.0,583269440.0,False,False,False,False,,False,146.0,0.6822429906542056,0.6179775280898876,,,579924032.0,579927040.0,False,False,False,False,,False,24.0,0.11214953271028037,False,False,False,False,24.0,0.11214953271028037,0.892018779342723,,
40,S3R49SCN_N40_B05_two_stage,"[4,3,5,7,9,11,13,15,17,19,38,36,34,32,30,28,26,24,22,20,18,16,14,12,10,8,6,0,2,1,21,23,25,27,29,31,33,35,37,39]",4-3-5-7-9-11-13-15-17-19-38-36-34-32-30-28-26-24-22-20-18-16-14-12-10-8-6-0-2-1-21-23-25-27-29-31-33-35-37-39,5d21bb524b4ca698,stage3_native_combined552,False,two_stage_guarded_top,,,,,,False,,True,PASS_TEACHER_FIELDS_EXTRACTED,,7.624770114489365e-05,0.165346473455429,581980672.0,579927552.0,,,,,,51.0,0.2383177570093458,0.015002477900875213,,,4.5779268475598656e-05,0.0001498124456702,False,False,False,False,,False,184.0,0.8598130841121495,0.3770728205539045,,,0.1440253555774688,0.1574980020523071,False,False,False,False,,False,15.0,0.07009345794392523,0.049472678499246685,,,581119040.0,583269440.0,False,False,False,False,,False,146.0,0.6822429906542056,0.6179775280898876,,,579924032.0,579927040.0,False,False,False,False,,False,51.0,0.2383177570093458,False,False,False,False,51.0,0.2383177570093458,0.7652582159624413,,
40,S3R49SCN_N40_B06_two_stage,"[0,3,5,7,9,11,13,25,23,21,1,2,4,6,8,10,12,14,16,18,20,22,24,26,28,30,32,34,36,38,19,17,15,27,29,31,33,35,37,39]",0-3-5-7-9-11-13-25-23-21-1-2-4-6-8-10-12-14-16-18-20-22-24-26-28-30-32-34-36-38-19-17-15-27-29-31-33-35-37-39,fa4c6263c9a05196,stage3_native_combined552,False,two_stage_guarded_top,,,,,,False,,True,PASS_TEACHER_FIELDS_EXTRACTED,,0.0001710270134935,0.1634214222431183,583243904.0,579928704.0,,,,,,119.0,0.5560747663551402,0.06167125651524354,,,4.5779268475598656e-05,0.0001498124456702,False,False,False,False,,False,172.0,0.8037383177570093,0.3430274907315379,,,0.1440253555774688,0.1574980020523071,False,False,False,False,,False,106.0,0.4953271028037383,0.1220041891742917,,,581119040.0,583269440.0,False,False,False,False,,False,209.0,0.9766355140186916,0.8202247191011236,,,579924032.0,579927040.0,False,False,False,False,,False,119.0,0.5560747663551402,False,False,False,False,119.0,0.5560747663551402,0.4460093896713615,,
40,S3R49SCN_N40_B07_two_stage,"[0,3,5,7,9,11,13,15,17,19,28,30,32,34,36,38,26,24,22,20,18,16,14,12,10,8,6,4,2,1,21,23,25,27,29,31,33,35,37,39]",0-3-5-7-9-11-13-15-17-19-28-30-32-34-36-38-26-24-22-20-18-16-14-12-10-8-6-4-2-1-21-23-25-27-29-31-33-35-37-39,88ecfec4d0ca04fb,stage3_native_combined552,False,two_stage_guarded_local_search,,,,,,False,,True,PASS_TEACHER_FIELDS_EXTRACTED,,8.362594235222787e-05,0.1534932404756546,582097408.0,579927488.0,,,,,,65.0,0.3037383177570093,0.018635480683191277,,,4.5779268475598656e-05,0.0001498124456702,False,False,False,False,,False,55.0,0.2570093457943925,0.1674434747593165,,,0.1440253555774688,0.1574980020523071,False,False,False,False,,False,52.0,0.24299065420560748,0.056175357365964795,,,581119040.0,583269440.0,False,False,False,False,,False,127.0,0.5934579439252337,0.6067415730337079,,,579924032.0,579927040.0,False,False,False,False,,False,65.0,0.3037383177570093,False,False,False,False,65.0,0.3037383177570093,0.6995305164319249,,
40,S3R49SCN_N40_B08_two_stage,"[6,8,10,12,14,16,18,20,22,24,26,28,30,32,34,36,38,19,17,15,13,11,9,7,5,3,0,4,2,1,21,23,25,27,29,31,33,35,37,39]",6-8-10-12-14-16-18-20-22-24-26-28-30-32-34-36-38-19-17-15-13-11-9-7-5-3-0-4-2-1-21-23-25-27-29-31-33-35-37-39,a6ed54476640a64b,stage3_native_combined552,False,two_stage_guarded_local_search,,,,,,False,,True,PASS_TEACHER_FIELDS_EXTRACTED,,0.0001350777693005,0.1704887300729751,583832576.0,579927680.0,,,,,,100.0,0.4672897196261682,0.04397005910175912,,,4.5779268475598656e-05,0.0001498124456702,False,False,False,False,,False,196.0,0.9158878504672897,0.46801576350317897,,,0.1440253555774688,0.1574980020523071,False,False,False,False,,False,129.0,0.602803738317757,0.15580421122257745,,,581119040.0,583269440.0,False,False,False,False,,False,191.0,0.8925233644859814,0.6404494382022472,,,579924032.0,579927040.0,False,False,False,False,,False,100.0,0.4672897196261682,False,False,False,False,100.0,0.4672897196261682,0.5352112676056338,,
40,S3R49SCN_N40_B09_median_guard,"[0,3,5,7,9,11,13,15,17,19,34,36,38,32,30,28,26,24,22,20,18,16,14,12,10,8,6,4,2,1,21,23,25,27,29,31,33,35,37,39]",0-3-5-7-9-11-13-15-17-19-34-36-38-32-30-28-26-24-22-20-18-16-14-12-10-8-6-4-2-1-21-23-25-27-29-31-33-35-37-39,5c30998d8daf1442,stage3_native_combined552,False,no_penalty_worse_than_median,,,,,,False,,True,PASS_TEACHER_FIELDS_EXTRACTED,,6.958780068089254e-05,0.1534324586391449,582006400.0,579926528.0,,,,,,36.0,0.16822429906542055,0.011723181895803838,,,4.5779268475598656e-05,0.0001498124456702,False,False,False,False,,False,47.0,0.21962616822429906,0.16636852274871614,,,0.1440253555774688,0.1574980020523071,False,False,False,False,,False,26.0,0.12149532710280374,0.05094991364421416,,,581119040.0,583269440.0,False,False,False,False,,False,69.0,0.32242990654205606,0.43820224719101125,,,579924032.0,579927040.0,False,False,False,False,,False,36.0,0.16822429906542055,False,False,False,False,36.0,0.16822429906542055,0.8356807511737089,,
40,S3R49SCN_N40_B10_median_guard,"[8,10,12,14,16,18,20,22,24,26,28,30,32,34,36,38,19,17,15,13,11,9,7,5,3,0,6,4,2,1,21,23,25,27,29,31,33,35,37,39]",8-10-12-14-16-18-20-22-24-26-28-30-32-34-36-38-19-17-15-13-11-9-7-5-3-0-6-4-2-1-21-23-25-27-29-31-33-35-37-39,c9760af84cbcd87a,stage3_native_combined552,False,no_penalty_worse_than_median,,,,,,False,,True,PASS_TEACHER_FIELDS_EXTRACTED,,0.0001548743575767,0.16898013651371,584292096.0,579927744.0,,,,,,107.0,0.5,0.05371778329059537,,,4.5779268475598656e-05,0.0001498124456702,False,False,False,False,,False,190.0,0.8878504672897196,0.44133566015599135,,,0.1440253555774688,0.1574980020523071,False,False,False,False,,False,141.0,0.6588785046728972,0.18218865983169807,,,581119040.0,583269440.0,False,False,False,False,,False,193.0,0.9018691588785047,0.651685393258427,,,579924032.0,579927040.0,False,False,False,False,,False,107.0,0.5,False,False,False,False,107.0,0.5,0.5023474178403755,,
40,S3R49SCN_N40_B11_peeq_repair,"[4,2,0,6,8,10,12,14,16,18,20,22,24,26,28,30,38,36,34,32,19,17,15,13,11,9,7,5,3,1,21,23,25,27,29,31,33,35,37,39]",4-2-0-6-8-10-12-14-16-18-20-22-24-26-28-30-38-36-34-32-19-17-15-13-11-9-7-5-3-1-21-23-25-27-29-31-33-35-37-39,a4fe84126b153400,stage3_native_combined552,False,PEEQ_repair_candidates,,,,,,False,,True,PASS_TEACHER_FIELDS_EXTRACTED,,6.942368781892583e-05,0.1578780859708786,582174016.0,579926528.0,,,,,,35.0,0.16355140186915887,0.011642373683198067,,,4.5779268475598656e-05,0.0001498124456702,False,False,False,False,,False,117.0,0.5467289719626168,0.24499128759169775,,,0.1440253555774688,0.1574980020523071,False,False,False,False,,False,63.0,0.29439252336448596,0.06057399037224856,,,581119040.0,583269440.0,False,False,False,False,,False,69.0,0.32242990654205606,0.43820224719101125,,,579924032.0,579927040.0,False,False,False,False,,False,35.0,0.16355140186915887,False,False,False,False,35.0,0.16355140186915887,0.8403755868544601,,
40,S3R49SCN_N40_B12_peeq_repair,"[6,4,2,0,8,10,12,14,16,18,20,22,24,26,28,30,38,36,34,32,19,17,15,13,11,9,7,5,3,1,21,23,25,27,29,31,33,35,37,39]",6-4-2-0-8-10-12-14-16-18-20-22-24-26-28-30-38-36-34-32-19-17-15-13-11-9-7-5-3-1-21-23-25-27-29-31-33-35-37-39,841a9c8ffbc5d554,stage3_native_combined552,False,PEEQ_repair_candidates,,,,,,False,,True,PASS_TEACHER_FIELDS_EXTRACTED,,8.030997742025647e-05,0.1578798592090606,582139584.0,579926528.0,,,,,,58.0,0.27102803738317754,0.017002718960527678,,,4.5779268475598656e-05,0.0001498124456702,False,False,False,False,,False,118.0,0.5514018691588785,0.24502264804505822,,,0.1440253555774688,0.1574980020523071,False,False,False,False,,False,54.0,0.2523364485981308,0.05859699408370999,,,581119040.0,583269440.0,False,False,False,False,,False,69.0,0.32242990654205606,0.43820224719101125,,,579924032.0,579927040.0,False,False,False,False,,False,58.0,0.27102803738317754,False,False,False,False,58.0,0.27102803738317754,0.7323943661971831,,
40,S3R49SCN_N40_B13_surfacet_repair,"[0,2,4,6,8,10,12,14,16,18,20,22,24,26,28,30,32,34,36,38,19,17,15,13,11,9,7,5,3,1,21,23,25,27,29,31,33,35,37,39]",0-2-4-6-8-10-12-14-16-18-20-22-24-26-28-30-32-34-36-38-19-17-15-13-11-9-7-5-3-1-21-23-25-27-29-31-33-35-37-39,f1ed7cdc044a80cd,stage3_native_combined552,False,SurfaceT_repair_candidates,,,,,,False,,True,PASS_TEACHER_FIELDS_EXTRACTED,,6.795796980441082e-05,0.1543461829423904,582209664.0,579927552.0,,,,,,33.0,0.1542056074766355,0.010920662712359839,,,4.5779268475598656e-05,0.0001498124456702,False,False,False,False,,False,80.0,0.37383177570093457,0.1825281163594049,,,0.1440253555774688,0.1574980020523071,False,False,False,False,,False,68.0,0.3177570093457944,0.06262080623231543,,,581119040.0,583269440.0,False,False,False,False,,False,146.0,0.6822429906542056,0.6179775280898876,,,579924032.0,579927040.0,False,False,False,False,,False,33.0,0.1542056074766355,False,False,False,False,33.0,0.1542056074766355,0.8497652582159625,,
40,S3R49SCN_N40_B14_surfacet_repair,"[0,3,5,7,9,11,13,23,21,1,2,4,6,8,10,12,14,16,18,20,22,24,26,28,30,32,34,36,38,19,17,15,25,27,29,31,33,35,37,39]",0-3-5-7-9-11-13-23-21-1-2-4-6-8-10-12-14-16-18-20-22-24-26-28-30-32-34-36-38-19-17-15-25-27-29-31-33-35-37-39,c8ea0378fda3e9cc,stage3_native_combined552,False,SurfaceT_repair_candidates,,,,,,False,,True,PASS_TEACHER_FIELDS_EXTRACTED,,0.0002000463537115,0.1607121378183365,582997632.0,579928832.0,,,,,,132.0,0.616822429906542,0.07596020977529314,,,4.5779268475598656e-05,0.0001498124456702,False,False,False,False,,False,147.0,0.6869158878504673,0.2951126709935321,,,0.1440253555774688,0.1574980020523071,False,False,False,False,,False,100.0,0.4672897196261682,0.1078638885826627,,,581119040.0,583269440.0,False,False,False,False,,False,210.0,0.9813084112149533,0.8426966292134831,,,579924032.0,579927040.0,False,False,False,False,,False,132.0,0.616822429906542,False,False,False,False,132.0,0.616822429906542,0.38497652582159625,,
40,S3R49SCN_N40_B15_mises_repair,"[0,3,5,7,9,11,13,15,17,19,30,32,34,36,38,28,26,24,22,20,18,16,14,12,10,8,6,4,2,1,21,23,25,27,29,31,33,35,37,39]",0-3-5-7-9-11-13-15-17-19-30-32-34-36-38-28-26-24-22-20-18-16-14-12-10-8-6-4-2-1-21-23-25-27-29-31-33-35-37-39,fbedad14ea467afb,stage3_native_combined552,False,Mises_repair_candidates,,,,,,False,,True,PASS_TEACHER_FIELDS_EXTRACTED,,7.93164326751139e-05,0.1535343378782272,582040640.0,579927552.0,,,,,,57.0,0.26635514018691586,0.016513503343685215,,,4.5779268475598656e-05,0.0001498124456702,False,False,False,False,,False,58.0,0.27102803738317754,0.16817029938428188,,,0.1440253555774688,0.1574980020523071,False,False,False,False,,False,44.0,0.205607476635514,0.05291588578987984,,,581119040.0,583269440.0,False,False,False,False,,False,146.0,0.6822429906542056,0.6179775280898876,,,579924032.0,579927040.0,False,False,False,False,,False,57.0,0.26635514018691586,False,False,False,False,57.0,0.26635514018691586,0.7370892018779343,,
40,S3R49SCN_N40_B16_mises_repair,"[0,8,10,12,14,16,18,20,22,24,26,28,30,32,34,36,38,19,17,15,13,11,9,7,5,3,6,4,2,1,21,23,25,27,29,31,33,35,37,39]",0-8-10-12-14-16-18-20-22-24-26-28-30-32-34-36-38-19-17-15-13-11-9-7-5-3-6-4-2-1-21-23-25-27-29-31-33-35-37-39,1a203774ce136c65,stage3_native_combined552,False,Mises_repair_candidates,,,,,,False,,True,PASS_TEACHER_FIELDS_EXTRACTED,,0.0001741511841828,0.1656653136014938,583729408.0,579927488.0,,,,,,120.0,0.5607476635514018,0.063209579875474,,,4.5779268475598656e-05,0.0001498124456702,False,False,False,False,,False,186.0,0.8691588785046729,0.3827116408948753,,,0.1440253555774688,0.1574980020523071,False,False,False,False,,False,126.0,0.5887850467289719,0.14988057178554368,,,581119040.0,583269440.0,False,False,False,False,,False,127.0,0.5934579439252337,0.6067415730337079,,,579924032.0,579927040.0,False,False,False,False,,False,120.0,0.5607476635514018,False,False,False,False,120.0,0.5607476635514018,0.44131455399061037,,
24,S3R54CAL64_N24_B01_n24_u2ret_top,"[22,21,19,9,7,5,3,1,11,13,15,17,23,0,2,4,6,8,10,12,14,16,18,20]",22-21-19-9-7-5-3-1-11-13-15-17-23-0-2-4-6-8-10-12-14-16-18-20,3f15ea0b5ac9b57f,stage3_native_combined552,False,N24_u2_retention_top,,,,,,False,,True,PASS_TEACHER_FIELDS_EXTRACTED,,3.827916589216329e-05,0.1594891101121902,582395136.0,579943552.0,,,,,,11.0,0.05555555555555555,0.01466494617621943,,,2.9523077955673216e-05,8.096076885522052e-05,False,False,False,False,,False,133.0,0.6717171717171717,0.2565942350761744,,,0.1492166519165039,0.15729529410600662,False,False,False,False,,False,90.0,0.45454545454545453,0.13613397184067905,,,580875968.0,582566592.0,False,False,False,False,,False,27.0,0.13636363636363635,0.36363636363636365,,,579942784.0,579944128.0,False,False,False,False,,False,11.0,0.05555555555555555,False,False,False,False,11.0,0.05555555555555555,0.949238578680203,,
24,S3R54CAL64_N24_B02_n24_u2ret_top,"[22,21,19,13,9,7,5,3,1,11,15,17,23,0,2,4,6,8,10,12,14,16,18,20]",22-21-19-13-9-7-5-3-1-11-15-17-23-0-2-4-6-8-10-12-14-16-18-20,44fe201c939925b0,stage3_native_combined552,False,N24_u2_retention_top,,,,,,False,,True,PASS_TEACHER_FIELDS_EXTRACTED,,3.386501202840009e-05,0.1574332565069198,582002752.0,579943616.0,,,,,,6.0,0.030303030303030304,0.007271995203688755,,,2.9523077955673216e-05,8.096076885522052e-05,False,False,False,False,,False,106.0,0.5353535353535354,0.205241367707537,,,0.1492166519165039,0.15729529410600662,False,False,False,False,,False,68.0,0.3434343434343434,0.10097209875835174,,,580875968.0,582566592.0,False,False,False,False,,False,57.0,0.2878787878787879,0.3939393939393939,,,579942784.0,579944128.0,False,False,False,False,,False,6.0,0.030303030303030304,False,False,False,False,6.0,0.030303030303030304,0.9746192893401016,,
24,S3R54CAL64_N24_B03_n24_u2ret_top,"[22,21,19,11,5,3,1,7,9,13,15,17,23,0,2,4,6,8,10,12,14,16,18,20]",22-21-19-11-5-3-1-7-9-13-15-17-23-0-2-4-6-8-10-12-14-16-18-20,3486081ff7cca159,stage3_native_combined552,False,N24_u2_retention_top,,,,,,False,,True,PASS_TEACHER_FIELDS_EXTRACTED,,5.342099871086248e-05,0.1587450951337814,582636416.0,579943552.0,,,,,,47.0,0.23737373737373738,0.040024920277227385,,,2.9523077955673216e-05,8.096076885522052e-05,False,False,False,False,,False,122.0,0.6161616161616161,0.23800959344188793,,,0.1492166519165039,0.15729529410600662,False,False,False,False,,False,100.0,0.5050505050505051,0.1577552834571158,,,580875968.0,582566592.0,False,False,False,False,,False,27.0,0.13636363636363635,0.36363636363636365,,,579942784.0,579944128.0,False,False,False,False,,False,47.0,0.23737373737373738,False,False,False,False,47.0,0.23737373737373738,0.766497461928934,,
24,S3R54CAL64_N24_B04_n24_u2ret_top,"[22,21,17,11,1,3,5,7,9,13,15,19,23,0,2,4,6,8,10,12,14,16,18,20]",22-21-17-11-1-3-5-7-9-13-15-19-23-0-2-4-6-8-10-12-14-16-18-20,f763096911138bb1,stage3_native_combined552,False,N24_u2_retention_top,,,,,,False,,True,PASS_TEACHER_FIELDS_EXTRACTED,,3.356376646479475e-05,0.1568998396396637,582660032.0,579943552.0,,,,,,5.0,0.025252525252525252,0.00676746052928392,,,2.9523077955673216e-05,8.096076885522052e-05,False,False,False,False,,False,94.0,0.47474747474747475,0.19191722557690394,,,0.1492166519165039,0.15729529410600662,False,False,False,False,,False,102.0,0.5151515151515151,0.15987153385140365,,,580875968.0,582566592.0,False,False,False,False,,False,27.0,0.13636363636363635,0.36363636363636365,,,579942784.0,579944128.0,False,False,False,False,,False,5.0,0.025252525252525252,False,False,False,False,5.0,0.025252525252525252,0.9796954314720813,,
24,S3R54CAL64_N24_B05_n24_u2ret_repair,"[22,21,19,11,7,5,3,1,9,13,15,17,23,0,2,4,6,8,10,12,14,16,18,20]",22-21-19-11-7-5-3-1-9-13-15-17-23-0-2-4-6-8-10-12-14-16-18-20,1d74bffa8267ba94,stage3_native_combined552,False,N24_u2_retention_local_repair,,,,,,False,,True,PASS_TEACHER_FIELDS_EXTRACTED,,5.23158641954069e-05,0.1588590741157531,582379520.0,579944384.0,,,,,,42.0,0.21212121212121213,0.0381740094247794,,,2.9523077955673216e-05,8.096076885522052e-05,False,False,False,False,,False,125.0,0.6313131313131313,0.24085665780921406,,,0.1492166519165039,0.15729529410600662,False,False,False,False,,False,89.0,0.4494949494949495,0.1347346084363261,,,580875968.0,582566592.0,False,False,False,False,,False,120.0,0.6060606060606061,0.7575757575757576,,,579942784.0,579944128.0,False,False,False,False,,False,42.0,0.21212121212121213,False,False,False,False,42.0,0.21212121212121213,0.7918781725888324,,
24,S3R54CAL64_N24_B06_n24_u2ret_repair,"[22,21,19,15,13,9,7,5,3,1,11,17,23,0,2,4,6,8,10,12,14,16,18,20]",22-21-19-15-13-9-7-5-3-1-11-17-23-0-2-4-6-8-10-12-14-16-18-20,dba4df19fba81697,stage3_native_combined552,False,N24_u2_retention_local_repair,,,,,,False,,True,PASS_TEACHER_FIELDS_EXTRACTED,,4.610596806742251e-05,0.1529955714941024,581577856.0,579944512.0,,,,,,29.0,0.14646464646464646,0.027773498016335326,,,2.9523077955673216e-05,8.096076885522052e-05,False,False,False,False,,False,28.0,0.1414141414141414,0.09439308098965535,,,0.1492166519165039,0.15729529410600662,False,False,False,False,,False,20.0,0.10101010101010101,0.06289679694892897,,,580875968.0,582566592.0,False,False,False,False,,False,154.0,0.7777777777777778,0.8181818181818182,,,579942784.0,579944128.0,False,False,False,False,,False,29.0,0.14646464646464646,False,False,False,False,29.0,0.14646464646464646,0.8578680203045685,,
24,S3R54CAL64_N24_B07_n24_u2ret_repair,"[22,21,19,11,1,3,5,7,9,13,15,17,23,6,4,2,0,8,10,12,14,16,18,20]",22-21-19-11-1-3-5-7-9-13-15-17-23-6-4-2-0-8-10-12-14-16-18-20,b876eff94f252d69,stage3_native_combined552,False,N24_u2_retention_local_repair,,,,,,False,,True,PASS_TEACHER_FIELDS_EXTRACTED,,9.015049431582156e-05,0.1592183411121368,581862912.0,579944320.0,,,,,,109.0,0.5505050505050505,0.10154052862118929,,,2.9523077955673216e-05,8.096076885522052e-05,False,False,False,False,,False,130.0,0.6565656565656566,0.2498307357143359,,,0.1492166519165039,0.15729529410600662,False,False,False,False,,False,36.0,0.18181818181818182,0.08844091417428956,,,580875968.0,582566592.0,False,False,False,False,,False,113.0,0.5707070707070707,0.7272727272727273,,,579942784.0,579944128.0,False,False,False,False,,False,109.0,0.5505050505050505,False,False,False,False,109.0,0.5505050505050505,0.4517766497461929,,
24,S3R54CAL64_N24_B08_n24_u2ret_repair,"[22,21,19,11,1,3,5,7,23,17,15,13,9,0,2,4,6,8,10,12,14,16,18,20]",22-21-19-11-1-3-5-7-23-17-15-13-9-0-2-4-6-8-10-12-14-16-18-20,d1ed11eee042f1de,stage3_native_combined552,False,N24_u2_retention_local_repair,,,,,,False,,True,PASS_TEACHER_FIELDS_EXTRACTED,,3.7965415458529606e-05,0.1582574993371963,583471872.0,579943552.0,,,,,,9.0,0.045454545454545456,0.014139467988314443,,,2.9523077955673216e-05,8.096076885522052e-05,False,False,False,False,,False,118.0,0.5959595959595959,0.2258300091527395,,,0.1492166519165039,0.15729529410600662,False,False,False,False,,False,142.0,0.7171717171717171,0.23262122558999798,,,580875968.0,582566592.0,False,False,False,False,,False,27.0,0.13636363636363635,0.36363636363636365,,,579942784.0,579944128.0,False,False,False,False,,False,9.0,0.045454545454545456,False,False,False,False,9.0,0.045454545454545456,0.9593908629441624,,
24,S3R54CAL64_N24_B09_penalty_repair,"[22,17,13,15,9,7,5,3,1,11,21,19,23,0,2,4,6,8,10,12,14,16,18,20]",22-17-13-15-9-7-5-3-1-11-21-19-23-0-2-4-6-8-10-12-14-16-18-20,7e3ca6ba29b7babb,stage3_native_combined552,False,penalty_repair_top,,,,,,False,,True,PASS_TEACHER_FIELDS_EXTRACTED,,4.8556980800640304e-05,0.1524872630834579,581862976.0,579943616.0,,,,,,32.0,0.16161616161616163,0.0318785241502181,,,2.9523077955673216e-05,8.096076885522052e-05,False,False,False,False,,False,19.0,0.09595959595959595,0.0816961193347631,,,0.1492166519165039,0.15729529410600662,False,False,False,False,,False,37.0,0.18686868686868688,0.08844664927020904,,,580875968.0,582566592.0,False,False,False,False,,False,57.0,0.2878787878787879,0.3939393939393939,,,579942784.0,579944128.0,False,False,False,False,,False,32.0,0.16161616161616163,False,False,False,False,32.0,0.16161616161616163,0.8426395939086294,,
24,S3R54CAL64_N24_B10_penalty_repair,"[22,17,15,13,9,7,5,3,1,11,19,21,23,0,8,4,6,2,10,12,14,16,18,20]",22-17-15-13-9-7-5-3-1-11-19-21-23-0-8-4-6-2-10-12-14-16-18-20,082e390df9d4974a,stage3_native_combined552,False,penalty_repair_top,,,,,,False,,True,PASS_TEACHER_FIELDS_EXTRACTED,,6.516764369735029e-05,0.1524514555931091,580972224.0,579944448.0,,,,,,64.0,0.32323232323232326,0.059698536820079785,,,2.9523077955673216e-05,8.096076885522052e-05,False,False,False,False,,False,18.0,0.09090909090909091,0.08080168925570927,,,0.1492166519165039,0.15729529410600662,False,False,False,False,,False,2.0,0.010101010101010102,0.008625584262896797,,,580875968.0,582566592.0,False,False,False,False,,False,145.0,0.7323232323232324,0.7878787878787878,,,579942784.0,579944128.0,False,False,False,False,,False,64.0,0.32323232323232326,False,False,False,False,64.0,0.32323232323232326,0.6802030456852792,,
24,S3R54CAL64_N24_B11_penalty_repair,"[22,17,15,13,9,7,5,3,1,11,19,21,23,0,2,10,6,8,4,12,14,16,18,20]",22-17-15-13-9-7-5-3-1-11-19-21-23-0-2-10-6-8-4-12-14-16-18-20,212196dd9597574f,stage3_native_combined552,False,penalty_repair_top,,,,,,False,,True,PASS_TEACHER_FIELDS_EXTRACTED,,8.067023327384959e-05,0.1522239595651626,581904768.0,579944384.0,,,,,,95.0,0.4797979797979798,0.08566271664334855,,,2.9523077955673216e-05,8.096076885522052e-05,False,False,False,False,,False,15.0,0.07575757575757576,0.07511909915295147,,,0.1492166519165039,0.15729529410600662,False,False,False,False,,False,53.0,0.2676767676767677,0.092191666905629,,,580875968.0,582566592.0,False,False,False,False,,False,120.0,0.6060606060606061,0.7575757575757576,,,579942784.0,579944128.0,False,False,False,False,,False,95.0,0.4797979797979798,False,False,False,False,95.0,0.4797979797979798,0.5228426395939086,,
24,S3R54CAL64_N24_B12_penalty_repair,"[22,17,13,15,5,7,9,3,1,11,19,21,23,0,2,4,6,8,10,12,14,16,18,20]",22-17-13-15-5-7-9-3-1-11-19-21-23-0-2-4-6-8-10-12-14-16-18-20,3416e3949102c76b,stage3_native_combined552,False,penalty_repair_local_search,,,,,,False,,True,PASS_TEACHER_FIELDS_EXTRACTED,,7.648990981579118e-05,0.1547069251537323,581938112.0,579943552.0,,,,,,86.0,0.43434343434343436,0.07866139151319138,,,2.9523077955673216e-05,8.096076885522052e-05,False,False,False,False,,False,59.0,0.29797979797979796,0.13714073445997546,,,0.1492166519165039,0.15729529410600662,False,False,False,False,,False,58.0,0.29292929292929293,0.09517965187967768,,,580875968.0,582566592.0,False,False,False,False,,False,27.0,0.13636363636363635,0.36363636363636365,,,579942784.0,579944128.0,False,False,False,False,,False,86.0,0.43434343434343436,False,False,False,False,86.0,0.43434343434343436,0.5685279187817258,,
24,S3R54CAL64_N24_B13_penalty_repair,"[22,17,15,13,9,7,5,3,1,11,19,21,23,0,2,4,6,8,18,12,14,16,10,20]",22-17-15-13-9-7-5-3-1-11-19-21-23-0-2-4-6-8-18-12-14-16-10-20,7281f8d24ae69812,stage3_native_combined552,False,penalty_repair_local_search,,,,,,False,,True,PASS_TEACHER_FIELDS_EXTRACTED,,6.85549239278771e-05,0.1568982601165771,581861760.0,579944576.0,,,,,,72.0,0.36363636363636365,0.06537165050106916,,,2.9523077955673216e-05,8.096076885522052e-05,False,False,False,False,,False,93.0,0.4696969696969697,0.19187777090009034,,,0.1492166519165039,0.15729529410600662,False,False,False,False,,False,35.0,0.17676767676767677,0.08833768244773894,,,580875968.0,582566592.0,False,False,False,False,,False,163.0,0.8232323232323232,0.8484848484848485,,,579942784.0,579944128.0,False,False,False,False,,False,72.0,0.36363636363636365,False,False,False,False,72.0,0.36363636363636365,0.6395939086294415,,
24,S3R54CAL64_N24_B14_penalty_repair,"[22,17,15,13,9,7,5,3,1,11,19,21,23,0,2,12,6,8,10,4,14,16,18,20]",22-17-15-13-9-7-5-3-1-11-19-21-23-0-2-12-6-8-10-4-14-16-18-20,ad23a4a53f90afac,stage3_native_combined552,False,penalty_repair_local_search,,,,,,False,,True,PASS_TEACHER_FIELDS_EXTRACTED,,9.317355693383432e-05,0.1518133282661438,581927936.0,579943488.0,,,,,,113.0,0.5707070707070707,0.10660364024159054,,,2.9523077955673216e-05,8.096076885522052e-05,False,False,False,False,,False,12.0,0.06060606060606061,0.06486199982357069,,,0.1492166519165039,0.15729529410600662,False,False,False,False,,False,56.0,0.2828282828282828,0.09426777162848049,,,580875968.0,582566592.0,False,False,False,False,,False,18.0,0.09090909090909091,0.3333333333333333,,,579942784.0,579944128.0,False,False,False,False,,False,113.0,0.5707070707070707,False,False,False,False,113.0,0.5707070707070707,0.4314720812182741,,
24,S3R54CAL64_N24_B15_two_stage_repair,"[22,17,15,13,5,7,9,3,1,11,19,21,23,0,6,4,2,8,10,12,14,16,18,20]",22-17-15-13-5-7-9-3-1-11-19-21-23-0-6-4-2-8-10-12-14-16-18-20,968b5f6169005455,stage3_native_combined552,False,two_stage_penalty_repair,,,,,,False,,True,PASS_TEACHER_FIELDS_EXTRACTED,,7.469321303688048e-05,0.1526153534650802,581062208.0,579944384.0,,,,,,83.0,0.41919191919191917,0.07565223242881218,,,2.9523077955673216e-05,8.096076885522052e-05,False,False,False,False,,False,21.0,0.10606060606060606,0.0848956702958753,,,0.1492166519165039,0.15729529410600662,False,False,False,False,,False,6.0,0.030303030303030304,0.016689129125684626,,,580875968.0,582566592.0,False,False,False,False,,False,120.0,0.6060606060606061,0.7575757575757576,,,579942784.0,579944128.0,False,False,False,False,,False,83.0,0.41919191919191917,False,False,False,False,83.0,0.41919191919191917,0.583756345177665,,
24,S3R54CAL64_N24_B16_two_stage_repair,"[22,23,17,13,9,7,5,3,1,11,19,21,15,0,2,4,6,8,10,12,14,16,18,20]",22-23-17-13-9-7-5-3-1-11-19-21-15-0-2-4-6-8-10-12-14-16-18-20,28d32aa72b33704d,stage3_native_combined552,False,two_stage_penalty_repair,,,,,,False,,True,PASS_TEACHER_FIELDS_EXTRACTED,,4.948670630255947e-05,0.1542716473340988,582011648.0,579944384.0,,,,,,34.0,0.1717171717171717,0.03343565497658672,,,2.9523077955673216e-05,8.096076885522052e-05,False,False,False,False,,False,51.0,0.25757575757575757,0.126267993286749,,,0.1492166519165039,0.15729529410600662,False,False,False,False,,False,69.0,0.3484848484848485,0.10176927709115935,,,580875968.0,582566592.0,False,False,False,False,,False,120.0,0.6060606060606061,0.7575757575757576,,,579942784.0,579944128.0,False,False,False,False,,False,34.0,0.1717171717171717,False,False,False,False,34.0,0.1717171717171717,0.8324873096446701,,
24,S3R54CAL64_N24_B17_two_stage_repair,"[22,17,15,13,7,9,1,3,5,11,19,21,23,4,2,0,6,8,10,12,18,16,14,20]",22-17-15-13-7-9-1-3-5-11-19-21-23-4-2-0-6-8-10-12-18-16-14-20,6b19d57d44b9b343,stage3_native_combined552,False,two_stage_penalty_repair,,,,,,False,,True,PASS_TEACHER_FIELDS_EXTRACTED,,9.987347061723996e-05,0.1600515097379684,581655296.0,579944384.0,,,,,,121.0,0.6111111111111112,0.11782484704822813,,,2.9523077955673216e-05,8.096076885522052e-05,False,False,False,False,,False,140.0,0.7070707070707071,0.27064233330492,,,0.1492166519165039,0.15729529410600662,False,False,False,False,,False,24.0,0.12121212121212122,0.06983626301149887,,,580875968.0,582566592.0,False,False,False,False,,False,120.0,0.6060606060606061,0.7575757575757576,,,579942784.0,579944128.0,False,False,False,False,,False,121.0,0.6111111111111112,False,False,False,False,121.0,0.6111111111111112,0.3908629441624365,,
24,S3R54CAL64_N24_B18_two_stage_repair,"[23,17,15,13,9,7,5,3,1,11,19,21,22,0,2,4,6,8,10,12,14,16,18,20]",23-17-15-13-9-7-5-3-1-11-19-21-22-0-2-4-6-8-10-12-14-16-18-20,29d254cc5d45a140,stage3_native_combined552,False,two_stage_penalty_repair,,,,,,False,,True,PASS_TEACHER_FIELDS_EXTRACTED,,5.0446637033019215e-05,0.1521572768688202,581864384.0,579944448.0,,,,,,37.0,0.18686868686868688,0.03504337438246722,,,2.9523077955673216e-05,8.096076885522052e-05,False,False,False,False,,False,14.0,0.0707070707070707,0.07345344180639898,,,0.1492166519165039,0.15729529410600662,False,False,False,False,,False,38.0,0.1919191919191919,0.0885728213804376,,,580875968.0,582566592.0,False,False,False,False,,False,145.0,0.7323232323232324,0.7878787878787878,,,579942784.0,579944128.0,False,False,False,False,,False,37.0,0.18686868686868688,False,False,False,False,37.0,0.18686868686868688,0.817258883248731,,
24,S3R54CAL64_N24_B19_two_stage_repair,"[14,17,15,13,9,7,5,3,1,11,19,21,23,0,2,4,6,8,10,12,22,16,18,20]",14-17-15-13-9-7-5-3-1-11-19-21-23-0-2-4-6-8-10-12-22-16-18-20,f01bf979f3af0790,stage3_native_combined552,False,two_stage_penalty_repair,,,,,,False,,True,PASS_TEACHER_FIELDS_EXTRACTED,,6.479929743363755e-05,0.1539067775011062,582573696.0,579943616.0,,,,,,63.0,0.3181818181818182,0.05908161997653742,,,2.9523077955673216e-05,8.096076885522052e-05,False,False,False,False,,False,41.0,0.20707070707070707,0.11715396294312412,,,0.1492166519165039,0.15729529410600662,False,False,False,False,,False,96.0,0.48484848484848486,0.15213488945602616,,,580875968.0,582566592.0,False,False,False,False,,False,57.0,0.2878787878787879,0.3939393939393939,,,579942784.0,579944128.0,False,False,False,False,,False,63.0,0.3181818181818182,False,False,False,False,63.0,0.3181818181818182,0.6852791878172588,,
24,S3R54CAL64_N24_B20_median_guard,"[22,17,15,13,9,7,5,3,1,11,19,21,23,0,2,4,6,14,10,12,8,16,18,20]",22-17-15-13-9-7-5-3-1-11-19-21-23-0-2-4-6-14-10-12-8-16-18-20,774d279f3ac63e56,stage3_native_combined552,False,median_guard_repair,,,,,,False,,True,PASS_TEACHER_FIELDS_EXTRACTED,,6.590890006918926e-05,0.1517210751771927,581883520.0,579943552.0,,,,,,65.0,0.3282828282828283,0.06094001416414535,,,2.9523077955673216e-05,8.096076885522052e-05,False,False,False,False,,False,11.0,0.05555555555555555,0.06255762336937738,,,0.1492166519165039,0.15729529410600662,False,False,False,False,,False,45.0,0.22727272727272727,0.09028761506036188,,,580875968.0,582566592.0,False,False,False,False,,False,27.0,0.13636363636363635,0.36363636363636365,,,579942784.0,579944128.0,False,False,False,False,,False,65.0,0.3282828282828283,False,False,False,False,65.0,0.3282828282828283,0.6751269035532995,,
24,S3R54CAL64_N24_B21_median_guard,"[22,17,15,13,9,7,5,3,1,11,19,21,23,0,2,4,14,16,10,12,6,8,18,20]",22-17-15-13-9-7-5-3-1-11-19-21-23-0-2-4-14-16-10-12-6-8-18-20,4c4456ae05ceac23,stage3_native_combined552,False,median_guard_repair,,,,,,False,,True,PASS_TEACHER_FIELDS_EXTRACTED,,9.798179462450209e-05,0.1573436856269836,581945664.0,579944512.0,,,,,,117.0,0.5909090909090909,0.1146566140636394,,,2.9523077955673216e-05,8.096076885522052e-05,False,False,False,False,,False,102.0,0.5151515151515151,0.20300398976113804,,,0.1492166519165039,0.15729529410600662,False,False,False,False,,False,60.0,0.30303030303030304,0.09585639319817624,,,580875968.0,582566592.0,False,False,False,False,,False,154.0,0.7777777777777778,0.8181818181818182,,,579942784.0,579944128.0,False,False,False,False,,False,117.0,0.5909090909090909,False,False,False,False,117.0,0.5909090909090909,0.41116751269035534,,
24,S3R54CAL64_N24_B22_median_guard,"[22,21,15,13,9,1,5,3,7,11,19,17,23,0,2,4,6,8,10,12,14,16,18,20]",22-21-15-13-9-1-5-3-7-11-19-17-23-0-2-4-6-8-10-12-14-16-18-20,77421dd2f642edf3,stage3_native_combined552,False,no_penalty_worse_than_median,,,,,,False,,True,PASS_TEACHER_FIELDS_EXTRACTED,,4.008693713331013e-05,0.1542789340019226,582290048.0,579944448.0,,,,,,15.0,0.07575757575757576,0.01769265308627164,,,2.9523077955673216e-05,8.096076885522052e-05,False,False,False,False,,False,52.0,0.26262626262626265,0.126450005899591,,,0.1492166519165039,0.15729529410600662,False,False,False,False,,False,85.0,0.4292929292929293,0.1267169443408941,,,580875968.0,582566592.0,False,False,False,False,,False,145.0,0.7323232323232324,0.7878787878787878,,,579942784.0,579944128.0,False,False,False,False,,False,15.0,0.07575757575757576,False,False,False,False,15.0,0.07575757575757576,0.9289340101522843,,
24,S3R54CAL64_N24_B23_median_guard,"[22,17,9,13,15,7,5,3,1,11,19,21,23,0,2,4,6,8,10,12,18,16,14,20]",22-17-9-13-15-7-5-3-1-11-19-21-23-0-2-4-6-8-10-12-18-16-14-20,7871058cbd06a509,stage3_native_combined552,False,no_penalty_worse_than_median,,,,,,False,,True,PASS_TEACHER_FIELDS_EXTRACTED,,6.063666432964965e-05,0.1637037992477417,581895936.0,579943552.0,,,,,,59.0,0.29797979797979796,0.052109923156667216,,,2.9523077955673216e-05,8.096076885522052e-05,False,False,False,False,,False,167.0,0.8434343434343434,0.3618723402988213,,,0.1492166519165039,0.15729529410600662,False,False,False,False,,False,50.0,0.25252525252525254,0.09140022366874086,,,580875968.0,582566592.0,False,False,False,False,,False,27.0,0.13636363636363635,0.36363636363636365,,,579942784.0,579944128.0,False,False,False,False,,False,59.0,0.29797979797979796,False,False,False,False,59.0,0.29797979797979796,0.7055837563451777,,
24,S3R54CAL64_N24_B24_peeq_repair,"[22,21,19,11,3,1,5,7,9,13,15,17,23,0,2,4,6,8,10,12,14,16,18,20]",22-21-19-11-3-1-5-7-9-13-15-17-23-0-2-4-6-8-10-12-14-16-18-20,4d70d2f3c19899de,stage3_native_combined552,False,PEEQ_repair_candidates,,,,,,False,,True,PASS_TEACHER_FIELDS_EXTRACTED,,3.964457823713019e-05,0.1587646901607513,582724224.0,579943552.0,,,,,,13.0,0.06565656565656566,0.01695177777184999,,,2.9523077955673216e-05,8.096076885522052e-05,False,False,False,False,,False,124.0,0.6262626262626263,0.23849905476271815,,,0.1492166519165039,0.15729529410600662,False,False,False,False,,False,105.0,0.5303030303030303,0.16562383505864137,,,580875968.0,582566592.0,False,False,False,False,,False,27.0,0.13636363636363635,0.36363636363636365,,,579942784.0,579944128.0,False,False,False,False,,False,13.0,0.06565656565656566,False,False,False,False,13.0,0.06565656565656566,0.9390862944162437,,
24,S3R54CAL64_N24_B25_peeq_repair,"[22,21,17,15,13,9,7,5,3,1,11,19,23,0,2,4,6,8,10,12,14,16,18,20]",22-21-17-15-13-9-7-5-3-1-11-19-23-0-2-4-6-8-10-12-14-16-18-20,ed1fae456a1d580c,stage3_native_combined552,False,PEEQ_repair_candidates,,,,,,False,,True,PASS_TEACHER_FIELDS_EXTRACTED,,5.010639870306477e-05,0.1528097093105316,581532736.0,579944512.0,,,,,,36.0,0.18181818181818182,0.0344735335092303,,,2.9523077955673216e-05,8.096076885522052e-05,False,False,False,False,,False,26.0,0.13131313131313133,0.08975045661344075,,,0.1492166519165039,0.15729529410600662,False,False,False,False,,False,19.0,0.09595959595959595,0.0588535543256961,,,580875968.0,582566592.0,False,False,False,False,,False,154.0,0.7777777777777778,0.8181818181818182,,,579942784.0,579944128.0,False,False,False,False,,False,36.0,0.18181818181818182,False,False,False,False,36.0,0.18181818181818182,0.8223350253807107,,
24,S3R54CAL64_N24_B26_peeq_repair,"[22,21,19,11,1,3,5,7,9,13,15,17,23,16,14,12,10,8,6,4,2,0,18,20]",22-21-19-11-1-3-5-7-9-13-15-17-23-16-14-12-10-8-6-4-2-0-18-20,22b7833bce807c36,stage3_native_combined552,False,PEEQ_repair_candidates,,,,,,False,,True,PASS_TEACHER_FIELDS_EXTRACTED,,0.0001247750460606,0.1524152755737304,585725440.0,579943552.0,,,,,,133.0,0.6717171717171717,0.1595307168645981,,,2.9523077955673216e-05,8.096076885522052e-05,False,False,False,False,,False,16.0,0.08080808080808081,0.07989795382834929,,,0.1492166519165039,0.15729529410600662,False,False,False,False,,False,178.0,0.898989898989899,0.4345654231067015,,,580875968.0,582566592.0,False,False,False,False,,False,27.0,0.13636363636363635,0.36363636363636365,,,579942784.0,579944128.0,False,False,False,False,,False,133.0,0.6717171717171717,False,False,False,False,133.0,0.6717171717171717,0.3299492385786802,,
24,S3R54CAL64_N24_B27_surfacet_repair,"[22,17,15,19,9,7,5,3,1,11,13,21,23,0,2,4,6,12,10,8,14,16,18,20]",22-17-15-19-9-7-5-3-1-11-13-21-23-0-2-4-6-12-10-8-14-16-18-20,cfa5668f1b40d8b4,stage3_native_combined552,False,SurfaceT_repair_candidates,,,,,,False,,True,PASS_TEACHER_FIELDS_EXTRACTED,,0.0001000396232484,0.1550983041524887,581992512.0,579943552.0,,,,,,122.0,0.6161616161616161,0.11810312422071345,,,2.9523077955673216e-05,8.096076885522052e-05,False,False,False,False,,False,63.0,0.3181818181818182,0.1469169333889671,,,0.1492166519165039,0.15729529410600662,False,False,False,False,,False,67.0,0.3383838383838384,0.10005448341123506,,,580875968.0,582566592.0,False,False,False,False,,False,27.0,0.13636363636363635,0.36363636363636365,,,579942784.0,579944128.0,False,False,False,False,,False,122.0,0.6161616161616161,False,False,False,False,122.0,0.6161616161616161,0.3857868020304569,,
24,S3R54CAL64_N24_B28_surfacet_repair,"[22,21,23,13,9,7,5,3,1,11,19,17,15,0,2,4,6,8,10,12,14,16,18,20]",22-21-23-13-9-7-5-3-1-11-19-17-15-0-2-4-6-8-10-12-14-16-18-20,f078f22980d8b45b,stage3_native_combined552,False,SurfaceT_repair_candidates,,,,,,False,,True,PASS_TEACHER_FIELDS_EXTRACTED,,4.585263968692743e-05,0.1616981476545334,582086720.0,579944384.0,,,,,,28.0,0.1414141414141414,0.027349216408862304,,,2.9523077955673216e-05,8.096076885522052e-05,False,False,False,False,,False,151.0,0.7626262626262627,0.31177346166773473,,,0.1492166519165039,0.15729529410600662,False,False,False,False,,False,73.0,0.3686868686868687,0.10849654460470852,,,580875968.0,582566592.0,False,False,False,False,,False,120.0,0.6060606060606061,0.7575757575757576,,,579942784.0,579944128.0,False,False,False,False,,False,28.0,0.1414141414141414,False,False,False,False,28.0,0.1414141414141414,0.8629441624365483,,
24,S3R54CAL64_N24_B29_mises_repair,"[22,16,14,12,10,8,6,4,2,0,23,21,19,11,1,3,5,7,9,13,15,17,18,20]",22-16-14-12-10-8-6-4-2-0-23-21-19-11-1-3-5-7-9-13-15-17-18-20,7c608d559c22f827,stage3_native_combined552,False,Mises_repair_candidates,,,,,,False,,True,PASS_TEACHER_FIELDS_EXTRACTED,,9.80179215730459e-05,0.1689051240682602,582624256.0,579943552.0,,,,,,118.0,0.5959595959595959,0.11471712050895479,,,2.9523077955673216e-05,8.096076885522052e-05,False,False,False,False,,False,181.0,0.9141414141414141,0.49179547439968474,,,0.1492166519165039,0.15729529410600662,False,False,False,False,,False,99.0,0.5,0.15666561523241476,,,580875968.0,582566592.0,False,False,False,False,,False,27.0,0.13636363636363635,0.36363636363636365,,,579942784.0,579944128.0,False,False,False,False,,False,118.0,0.5959595959595959,False,False,False,False,118.0,0.5959595959595959,0.40609137055837563,,
24,S3R54CAL64_N24_B30_mises_repair,"[22,19,21,13,9,7,5,3,1,11,17,15,23,0,2,4,6,8,10,12,14,16,18,20]",22-19-21-13-9-7-5-3-1-11-17-15-23-0-2-4-6-8-10-12-14-16-18-20,3aee6ce37d24d546,stage3_native_combined552,False,Mises_repair_candidates,,,,,,False,,True,PASS_TEACHER_FIELDS_EXTRACTED,,4.534141999101848e-05,0.1563042402267456,582024128.0,579943552.0,,,,,,26.0,0.13131313131313133,0.02649301106018312,,,2.9523077955673216e-05,8.096076885522052e-05,False,False,False,False,,False,89.0,0.4494949494949495,0.17703983470723725,,,0.1492166519165039,0.15729529410600662,False,False,False,False,,False,70.0,0.35353535353535354,0.10288762079545781,,,580875968.0,582566592.0,False,False,False,False,,False,27.0,0.13636363636363635,0.36363636363636365,,,579942784.0,579944128.0,False,False,False,False,,False,26.0,0.13131313131313133,False,False,False,False,26.0,0.13131313131313133,0.8730964467005076,,
24,S3R54CAL64_N24_B31_uncertainty,"[22,17,15,13,9,7,5,3,23,21,19,11,1,0,2,4,6,8,10,12,14,16,18,20]",22-17-15-13-9-7-5-3-23-21-19-11-1-0-2-4-6-8-10-12-14-16-18-20,e5870b80ed6ab269,stage3_native_combined552,False,uncertainty_calibration,,,,,,False,,True,PASS_TEACHER_FIELDS_EXTRACTED,,3.905796711478615e-05,0.1588879376649856,582282304.0,579944512.0,,,,,,12.0,0.06060606060606061,0.01596930470877162,,,2.9523077955673216e-05,8.096076885522052e-05,False,False,False,False,,False,126.0,0.6363636363636364,0.24157763619586833,,,0.1492166519165039,0.15729529410600662,False,False,False,False,,False,84.0,0.42424242424242425,0.1260229977346371,,,580875968.0,582566592.0,False,False,False,False,,False,154.0,0.7777777777777778,0.8181818181818182,,,579942784.0,579944128.0,False,False,False,False,,False,12.0,0.06060606060606061,False,False,False,False,12.0,0.06060606060606061,0.9441624365482233,,
24,S3R54CAL64_N24_B32_sentinel,"[23,22,21,20,19,18,17,16,15,14,13,12,11,10,9,8,7,6,5,4,3,2,1,0]",23-22-21-20-19-18-17-16-15-14-13-12-11-10-9-8-7-6-5-4-3-2-1-0,518f34c1f5ea8fe7,stage3_native_combined552,False,sentinel_control,,,,,,False,,True,PASS_TEACHER_FIELDS_EXTRACTED,,0.0005523721131339,0.1892505139112472,587159872.0,579944256.0,,,,,,191.0,0.9646464646464646,0.87568249825624,,,2.9523077955673216e-05,8.096076885522052e-05,False,False,False,False,,False,198.0,1.0,1.0,,,0.1492166519165039,0.15729529410600662,False,False,False,False,,False,188.0,0.9494949494949495,0.5631061279499899,,,580875968.0,582566592.0,False,False,False,False,,False,104.0,0.5252525252525253,0.696969696969697,,,579942784.0,579944128.0,False,False,False,False,,False,191.0,0.9646464646464646,False,False,False,False,191.0,0.9646464646464646,0.035532994923857864,,
40,S3R54CAL64_N40_B01_n40_strict_top,"[21,3,5,7,9,11,13,15,17,19,34,36,38,32,30,28,26,24,22,20,18,16,14,12,10,8,6,4,2,1,0,23,25,27,29,31,33,35,37,39]",21-3-5-7-9-11-13-15-17-19-34-36-38-32-30-28-26-24-22-20-18-16-14-12-10-8-6-4-2-1-0-23-25-27-29-31-33-35-37-39,c9e56eeb7dd667c4,stage3_native_combined552,False,N40_strict_reward_retention_top,,,,,,False,,True,PASS_TEACHER_FIELDS_EXTRACTED,,0.0001091796702894,0.1592772305011749,582801856.0,579926592.0,,,,,,85.0,0.397196261682243,0.031217986741953804,,,4.5779268475598656e-05,0.0001498124456702,False,False,False,False,,False,132.0,0.616822429906542,0.26973573942678447,,,0.1440253555774688,0.1574980020523071,False,False,False,False,,False,97.0,0.4532710280373832,0.0966229375666042,,,581119040.0,583269440.0,False,False,False,False,,False,95.0,0.4439252336448598,0.449438202247191,,,579924032.0,579927040.0,False,False,False,False,,False,85.0,0.397196261682243,False,False,False,False,85.0,0.397196261682243,0.6056338028169015,,
40,S3R54CAL64_N40_B02_n40_strict_top,"[0,3,5,7,9,11,13,15,17,19,34,36,38,20,22,24,26,28,30,32,18,16,14,12,10,8,6,4,2,1,21,23,25,27,29,31,33,35,37,39]",0-3-5-7-9-11-13-15-17-19-34-36-38-20-22-24-26-28-30-32-18-16-14-12-10-8-6-4-2-1-21-23-25-27-29-31-33-35-37-39,d696218949f01a21,stage3_native_combined552,False,N40_strict_reward_retention_top,,,,,,False,,True,PASS_TEACHER_FIELDS_EXTRACTED,,0.0001624859019102,0.1590698212385177,583536192.0,579927488.0,,,,,,113.0,0.5280373831775701,0.057465663166607,,,4.5779268475598656e-05,0.0001498124456702,False,False,False,False,,False,128.0,0.5981308411214953,0.2660676205163779,,,0.1440253555774688,0.1574980020523071,False,False,False,False,,False,119.0,0.5560747663551402,0.13878660934112372,,,581119040.0,583269440.0,False,False,False,False,,False,127.0,0.5934579439252337,0.6067415730337079,,,579924032.0,579927040.0,False,False,False,False,,False,113.0,0.5280373831775701,False,False,False,False,113.0,0.5280373831775701,0.4741784037558685,,
40,S3R54CAL64_N40_B03_n40_strict_top,"[0,3,5,7,9,11,13,15,17,19,34,36,38,32,30,28,26,10,12,14,16,18,20,22,24,8,6,4,2,1,21,23,25,27,29,31,33,35,37,39]",0-3-5-7-9-11-13-15-17-19-34-36-38-32-30-28-26-10-12-14-16-18-20-22-24-8-6-4-2-1-21-23-25-27-29-31-33-35-37-39,44a141ef6ec7b0b6,stage3_native_combined552,False,N40_strict_reward_retention_top,,,,,,False,,True,PASS_TEACHER_FIELDS_EXTRACTED,,0.0001575087012497,0.1614710390567779,583459264.0,579927488.0,,,,,,108.0,0.5046728971962616,0.05501491869517828,,,4.5779268475598656e-05,0.0001498124456702,False,False,False,False,,False,154.0,0.719626168224299,0.3085341544325764,,,0.1440253555774688,0.1574980020523071,False,False,False,False,,False,115.0,0.5373831775700935,0.13436960276338514,,,581119040.0,583269440.0,False,False,False,False,,False,127.0,0.5934579439252337,0.6067415730337079,,,579924032.0,579927040.0,False,False,False,False,,False,108.0,0.5046728971962616,False,False,False,False,108.0,0.5046728971962616,0.4976525821596244,,
40,S3R54CAL64_N40_B04_n40_strict_top,"[0,3,5,7,9,11,13,15,17,19,34,36,38,32,30,28,26,24,22,20,18,16,4,6,8,10,12,14,2,1,21,23,25,27,29,31,33,35,37,39]",0-3-5-7-9-11-13-15-17-19-34-36-38-32-30-28-26-24-22-20-18-16-4-6-8-10-12-14-2-1-21-23-25-27-29-31-33-35-37-39,0a8ab98fe4342e6f,stage3_native_combined552,False,N40_strict_reward_retention_top,,,,,,False,,True,PASS_TEACHER_FIELDS_EXTRACTED,,7.561578968307003e-05,0.1583257168531417,584132672.0,579927424.0,,,,,,46.0,0.21495327102803738,0.014691328395936206,,,4.5779268475598656e-05,0.0001498124456702,False,False,False,False,,False,121.0,0.5654205607476636,0.2529078255663064,,,0.1440253555774688,0.1574980020523071,False,False,False,False,,False,139.0,0.6495327102803738,0.17303494653290707,,,581119040.0,583269440.0,False,False,False,False,,False,123.0,0.5747663551401869,0.5955056179775281,,,579924032.0,579927040.0,False,False,False,False,,False,46.0,0.21495327102803738,False,False,False,False,46.0,0.21495327102803738,0.7887323943661972,,
40,S3R54CAL64_N40_B05_n40_strict_repair,"[0,3,5,7,9,11,13,15,17,19,31,29,27,25,23,21,1,2,4,6,8,10,12,14,16,18,20,22,24,26,28,30,32,38,36,34,33,35,37,39]",0-3-5-7-9-11-13-15-17-19-31-29-27-25-23-21-1-2-4-6-8-10-12-14-16-18-20-22-24-26-28-30-32-38-36-34-33-35-37-39,0dda4fe610a699b2,stage3_native_combined552,False,N40_strict_reward_local_repair,,,,,,False,,True,PASS_TEACHER_FIELDS_EXTRACTED,,0.0001593298284205,0.1725027710199356,584444736.0,579927936.0,,,,,,110.0,0.514018691588785,0.055911631054201064,,,4.5779268475598656e-05,0.0001498124456702,False,False,False,False,,False,199.0,0.9299065420560748,0.5036349137244952,,,0.1440253555774688,0.1574980020523071,False,False,False,False,,False,146.0,0.6822429906542056,0.19095285341564694,,,581119040.0,583269440.0,False,False,False,False,,False,203.0,0.9485981308411215,0.6853932584269663,,,579924032.0,579927040.0,False,False,False,False,,False,110.0,0.514018691588785,False,False,False,False,110.0,0.514018691588785,0.4882629107981221,,
40,S3R54CAL64_N40_B06_n40_strict_repair,"[0,3,5,7,9,13,11,15,17,19,18,36,38,32,30,28,26,24,22,20,34,16,14,12,10,8,6,4,2,1,21,23,25,27,29,31,33,35,37,39]",0-3-5-7-9-13-11-15-17-19-18-36-38-32-30-28-26-24-22-20-34-16-14-12-10-8-6-4-2-1-21-23-25-27-29-31-33-35-37-39,dff48f520bcc9f6a,stage3_native_combined552,False,N40_strict_reward_local_repair,,,,,,False,,True,PASS_TEACHER_FIELDS_EXTRACTED,,0.0001693256995167,0.1538861095905304,582303360.0,579927488.0,,,,,,118.0,0.5514018691588785,0.06083353947162567,,,4.5779268475598656e-05,0.0001498124456702,False,False,False,False,,False,69.0,0.32242990654205606,0.17439152814482237,,,0.1440253555774688,0.1574980020523071,False,False,False,False,,False,81.0,0.37850467289719625,0.06800058795428655,,,581119040.0,583269440.0,False,False,False,False,,False,127.0,0.5934579439252337,0.6067415730337079,,,579924032.0,579927040.0,False,False,False,False,,False,118.0,0.5514018691588785,False,False,False,False,118.0,0.5514018691588785,0.45070422535211263,,
40,S3R54CAL64_N40_B07_n40_strict_repair,"[0,3,5,7,9,11,13,15,17,19,34,36,38,32,30,28,26,24,22,8,10,12,14,16,18,20,6,4,2,1,21,23,25,27,29,31,33,35,37,39]",0-3-5-7-9-11-13-15-17-19-34-36-38-32-30-28-26-24-22-8-10-12-14-16-18-20-6-4-2-1-21-23-25-27-29-31-33-35-37-39,1484194e08c174f0,stage3_native_combined552,False,N40_strict_reward_local_repair,,,,,,False,,True,PASS_TEACHER_FIELDS_EXTRACTED,,9.396403129358076e-05,0.1613422632217407,584067200.0,579927488.0,,,,,,75.0,0.35046728971962615,0.023725895164413688,,,4.5779268475598656e-05,0.0001498124456702,False,False,False,False,,False,151.0,0.705607476635514,0.3062567003321581,,,0.1440253555774688,0.1574980020523071,False,False,False,False,,False,137.0,0.6401869158878505,0.16927571381325102,,,581119040.0,583269440.0,False,False,False,False,,False,127.0,0.5934579439252337,0.6067415730337079,,,579924032.0,579927040.0,False,False,False,False,,False,75.0,0.35046728971962615,False,False,False,False,75.0,0.35046728971962615,0.6525821596244131,,
40,S3R54CAL64_N40_B08_n40_strict_repair,"[0,3,5,7,9,11,13,15,17,19,34,36,38,32,16,18,20,22,24,26,28,30,14,12,10,8,6,4,2,1,21,23,25,27,29,31,33,35,37,39]",0-3-5-7-9-11-13-15-17-19-34-36-38-32-16-18-20-22-24-26-28-30-14-12-10-8-6-4-2-1-21-23-25-27-29-31-33-35-37-39,2d6feddc0b7ac7db,stage3_native_combined552,False,N40_strict_reward_local_repair,,,,,,False,,True,PASS_TEACHER_FIELDS_EXTRACTED,,0.0002362437535339,0.1608708649873733,583332864.0,579927744.0,,,,,,143.0,0.6682242990654206,0.09378359756812725,,,4.5779268475598656e-05,0.0001498124456702,False,False,False,False,,False,148.0,0.6915887850467289,0.29791982686921514,,,0.1440253555774688,0.1574980020523071,False,False,False,False,,False,110.0,0.514018691588785,0.1271120420387315,,,581119040.0,583269440.0,False,False,False,False,,False,193.0,0.9018691588785047,0.651685393258427,,,579924032.0,579927040.0,False,False,False,False,,False,143.0,0.6682242990654206,False,False,False,False,143.0,0.6682242990654206,0.33333333333333337,,
40,S3R54CAL64_N40_B09_penalty_repair,"[0,3,5,7,9,11,13,15,17,19,22,24,26,28,30,32,38,36,34,20,18,16,14,12,10,8,6,4,2,1,21,23,25,27,29,31,33,35,37,39]",0-3-5-7-9-11-13-15-17-19-22-24-26-28-30-32-38-36-34-20-18-16-14-12-10-8-6-4-2-1-21-23-25-27-29-31-33-35-37-39,e20eae4e5e79434d,stage3_native_combined552,False,penalty_repair_top,,,,,,False,,True,PASS_TEACHER_FIELDS_EXTRACTED,,8.124319720081985e-05,0.1553911864757537,582449600.0,579927552.0,,,,,,61.0,0.2850467289719626,0.017462230917920582,,,4.5779268475598656e-05,0.0001498124456702,False,False,False,False,,False,90.0,0.4205607476635514,0.20100943765172916,,,0.1440253555774688,0.1574980020523071,False,False,False,False,,False,86.0,0.40186915887850466,0.07639731010913901,,,581119040.0,583269440.0,False,False,False,False,,False,146.0,0.6822429906542056,0.6179775280898876,,,579924032.0,579927040.0,False,False,False,False,,False,61.0,0.2850467289719626,False,False,False,False,61.0,0.2850467289719626,0.7183098591549295,,
40,S3R54CAL64_N40_B10_penalty_repair,"[0,3,5,7,9,11,13,15,17,19,34,38,36,32,30,28,26,24,22,20,18,16,14,12,10,8,6,4,2,1,21,23,25,27,29,31,33,35,37,39]",0-3-5-7-9-11-13-15-17-19-34-38-36-32-30-28-26-24-22-20-18-16-14-12-10-8-6-4-2-1-21-23-25-27-29-31-33-35-37-39,11777ccc10473cce,stage3_native_combined552,False,penalty_repair_top,,,,,,False,,True,PASS_TEACHER_FIELDS_EXTRACTED,,7.6060947321821e-05,0.1534289419651031,582007808.0,579927552.0,,,,,,49.0,0.22897196261682243,0.014910521411548642,,,4.5779268475598656e-05,0.0001498124456702,False,False,False,False,,False,46.0,0.21495327102803738,0.16630632890843527,,,0.1440253555774688,0.1574980020523071,False,False,False,False,,False,27.0,0.1261682242990654,0.05103075735861537,,,581119040.0,583269440.0,False,False,False,False,,False,146.0,0.6822429906542056,0.6179775280898876,,,579924032.0,579927040.0,False,False,False,False,,False,49.0,0.22897196261682243,False,False,False,False,49.0,0.22897196261682243,0.7746478873239436,,
40,S3R54CAL64_N40_B11_penalty_repair,"[0,2,5,7,9,11,13,15,17,19,34,36,38,32,30,28,26,24,22,20,18,16,14,12,10,8,6,4,3,1,21,23,25,27,29,31,33,35,37,39]",0-2-5-7-9-11-13-15-17-19-34-36-38-32-30-28-26-24-22-20-18-16-14-12-10-8-6-4-3-1-21-23-25-27-29-31-33-35-37-39,9511c31fe43af472,stage3_native_combined552,False,penalty_repair_top,,,,,,False,,True,PASS_TEACHER_FIELDS_EXTRACTED,,6.26145993010141e-05,0.1527572870254516,582009600.0,579926528.0,,,,,,26.0,0.12149532710280374,0.008289618353646104,,,4.5779268475598656e-05,0.0001498124456702,False,False,False,False,,False,24.0,0.11214953271028037,0.1544278324814187,,,0.1440253555774688,0.1574980020523071,False,False,False,False,,False,31.0,0.14485981308411214,0.051133649358762356,,,581119040.0,583269440.0,False,False,False,False,,False,69.0,0.32242990654205606,0.43820224719101125,,,579924032.0,579927040.0,False,False,False,False,,False,26.0,0.12149532710280374,False,False,False,False,26.0,0.12149532710280374,0.8826291079812206,,
40,S3R54CAL64_N40_B12_penalty_repair,"[0,3,5,7,9,11,13,15,17,19,24,26,28,30,32,38,36,34,22,20,18,16,14,12,10,8,6,4,2,1,21,23,25,27,29,31,33,35,37,39]",0-3-5-7-9-11-13-15-17-19-24-26-28-30-32-38-36-34-22-20-18-16-14-12-10-8-6-4-2-1-21-23-25-27-29-31-33-35-37-39,3a8b37da73564a99,stage3_native_combined552,False,penalty_repair_local_search,,,,,,False,,True,PASS_TEACHER_FIELDS_EXTRACTED,,5.201993008085992e-05,0.1536578088998794,582291392.0,579927552.0,,,,,,5.0,0.02336448598130841,0.0030728652450221017,,,4.5779268475598656e-05,0.0001498124456702,False,False,False,False,,False,61.0,0.2850467289719626,0.1703539356578373,,,0.1440253555774688,0.1574980020523071,False,False,False,False,,False,77.0,0.3598130841121495,0.06731341638187631,,,581119040.0,583269440.0,False,False,False,False,,False,146.0,0.6822429906542056,0.6179775280898876,,,579924032.0,579927040.0,False,False,False,False,,False,5.0,0.02336448598130841,False,False,False,False,5.0,0.02336448598130841,0.9812206572769953,,
40,S3R54CAL64_N40_B13_penalty_repair,"[0,3,5,7,9,11,13,15,17,19,32,38,36,34,30,28,26,24,22,20,18,16,14,12,10,8,6,4,2,1,21,23,25,27,29,31,33,35,37,39]",0-3-5-7-9-11-13-15-17-19-32-38-36-34-30-28-26-24-22-20-18-16-14-12-10-8-6-4-2-1-21-23-25-27-29-31-33-35-37-39,7e27767d6ecc1c1c,stage3_native_combined552,False,penalty_repair_local_search,,,,,,False,,True,PASS_TEACHER_FIELDS_EXTRACTED,,7.475083111785352e-05,0.1534562110900879,582014272.0,579927552.0,,,,,,44.0,0.205607476635514,0.0142654278614164,,,4.5779268475598656e-05,0.0001498124456702,False,False,False,False,,False,48.0,0.22429906542056074,0.16678859470382695,,,0.1440253555774688,0.1574980020523071,False,False,False,False,,False,34.0,0.1588785046728972,0.051401903502002716,,,581119040.0,583269440.0,False,False,False,False,,False,146.0,0.6822429906542056,0.6179775280898876,,,579924032.0,579927040.0,False,False,False,False,,False,44.0,0.205607476635514,False,False,False,False,44.0,0.205607476635514,0.7981220657276995,,
40,S3R54CAL64_N40_B14_penalty_repair,"[0,3,5,7,9,11,13,15,17,19,38,36,34,32,30,28,26,24,22,20,18,16,14,12,10,8,6,4,2,1,21,23,25,27,29,31,33,35,37,39]",0-3-5-7-9-11-13-15-17-19-38-36-34-32-30-28-26-24-22-20-18-16-14-12-10-8-6-4-2-1-21-23-25-27-29-31-33-35-37-39,794b6cdf46f75221,stage3_native_combined552,False,penalty_repair_local_search,,,,,,False,,True,PASS_TEACHER_FIELDS_EXTRACTED,,7.798989645380061e-05,0.1534222960472107,582003392.0,579926528.0,,,,,,54.0,0.2523364485981308,0.015860324673125672,,,4.5779268475598656e-05,0.0001498124456702,False,False,False,False,,False,42.0,0.19626168224299065,0.16618879309163612,,,0.1440253555774688,0.1574980020523071,False,False,False,False,,False,19.0,0.08878504672897196,0.05077720207253886,,,581119040.0,583269440.0,False,False,False,False,,False,69.0,0.32242990654205606,0.43820224719101125,,,579924032.0,579927040.0,False,False,False,False,,False,55.0,0.2570093457943925,False,False,False,False,55.0,0.2570093457943925,0.7464788732394366,,
40,S3R54CAL64_N40_B15_two_stage_repair,"[0,2,4,6,8,10,12,14,16,18,20,22,24,26,28,30,32,38,36,34,19,17,15,13,11,9,7,5,3,1,21,23,25,27,29,31,33,35,37,39]",0-2-4-6-8-10-12-14-16-18-20-22-24-26-28-30-32-38-36-34-19-17-15-13-11-9-7-5-3-1-21-23-25-27-29-31-33-35-37-39,857f02f48883c96c,stage3_native_combined552,False,two_stage_penalty_repair,,,,,,False,,True,PASS_TEACHER_FIELDS_EXTRACTED,,6.592716817976907e-05,0.1567461341619491,582151488.0,579926528.0,,,,,,29.0,0.13551401869158877,0.009920707879584571,,,4.5779268475598656e-05,0.0001498124456702,False,False,False,False,,False,106.0,0.4953271028037383,0.2249722499517738,,,0.1440253555774688,0.1574980020523071,False,False,False,False,,False,58.0,0.27102803738317754,0.05928049094182927,,,581119040.0,583269440.0,False,False,False,False,,False,69.0,0.32242990654205606,0.43820224719101125,,,579924032.0,579927040.0,False,False,False,False,,False,29.0,0.13551401869158877,False,False,False,False,29.0,0.13551401869158877,0.8685446009389671,,
40,S3R54CAL64_N40_B16_two_stage_repair,"[21,23,5,7,9,11,13,15,17,19,34,36,38,32,30,28,26,24,22,20,18,16,14,12,10,8,6,4,2,1,0,3,25,27,29,31,33,35,37,39]",21-23-5-7-9-11-13-15-17-19-34-36-38-32-30-28-26-24-22-20-18-16-14-12-10-8-6-4-2-1-0-3-25-27-29-31-33-35-37-39,4cae344dba6cc65d,stage3_native_combined552,False,two_stage_penalty_repair,,,,,,False,,True,PASS_TEACHER_FIELDS_EXTRACTED,,0.000125179749375,0.1606610417366027,583773440.0,579927680.0,,,,,,97.0,0.4532710280373832,0.03909633202802013,,,4.5779268475598656e-05,0.0001498124456702,False,False,False,False,,False,144.0,0.6728971962616822,0.29420901557692153,,,0.1440253555774688,0.1574980020523071,False,False,False,False,,False,127.0,0.5934579439252337,0.15240877521772683,,,581119040.0,583269440.0,False,False,False,False,,False,191.0,0.8925233644859814,0.6404494382022472,,,579924032.0,579927040.0,False,False,False,False,,False,97.0,0.4532710280373832,False,False,False,False,97.0,0.4532710280373832,0.5492957746478873,,
40,S3R54CAL64_N40_B17_two_stage_repair,"[0,3,5,7,9,11,13,15,17,19,34,36,38,32,30,28,26,12,14,16,18,20,22,24,10,8,6,4,2,1,21,23,25,27,29,31,33,35,37,39]",0-3-5-7-9-11-13-15-17-19-34-36-38-32-30-28-26-12-14-16-18-20-22-24-10-8-6-4-2-1-21-23-25-27-29-31-33-35-37-39,bcf3f2b6d63dfc56,stage3_native_combined552,False,two_stage_penalty_repair,,,,,,False,,True,PASS_TEACHER_FIELDS_EXTRACTED,,0.0001644424960431,0.1605370342731475,583591296.0,579927488.0,,,,,,116.0,0.5420560747663551,0.05842907866481857,,,4.5779268475598656e-05,0.0001498124456702,False,False,False,False,,False,141.0,0.6588785046728972,0.2920158921073907,,,0.1440253555774688,0.1574980020523071,False,False,False,False,,False,121.0,0.5654205607476636,0.14195053834564364,,,581119040.0,583269440.0,False,False,False,False,,False,127.0,0.5934579439252337,0.6067415730337079,,,579924032.0,579927040.0,False,False,False,False,,False,116.0,0.5420560747663551,False,False,False,False,116.0,0.5420560747663551,0.460093896713615,,
40,S3R54CAL64_N40_B18_two_stage_repair,"[0,3,5,7,9,11,13,15,17,19,34,36,38,32,30,28,26,24,22,20,18,16,14,12,10,8,6,4,2,1,21,35,33,31,29,27,25,23,37,39]",0-3-5-7-9-11-13-15-17-19-34-36-38-32-30-28-26-24-22-20-18-16-14-12-10-8-6-4-2-1-21-35-33-31-29-27-25-23-37-39,dcc63a708a9cbedb,stage3_native_combined552,False,two_stage_penalty_repair,,,,,,False,,True,PASS_TEACHER_FIELDS_EXTRACTED,,0.0001058120724337,0.1622970104217529,583447552.0,579926336.0,,,,,,82.0,0.38317757009345793,0.02955980126987704,,,4.5779268475598656e-05,0.0001498124456702,False,False,False,False,,False,160.0,0.7476635514018691,0.3231418009017061,,,0.1440253555774688,0.1574980020523071,False,False,False,False,,False,114.0,0.5327102803738317,0.13369713004813877,,,581119040.0,583269440.0,False,False,False,False,,False,54.0,0.2523364485981308,0.4044943820224719,,,579924032.0,579927040.0,False,False,False,False,,False,82.0,0.38317757009345793,False,False,False,False,82.0,0.38317757009345793,0.619718309859155,,
40,S3R54CAL64_N40_B19_two_stage_repair,"[0,3,5,7,9,11,13,15,17,19,34,36,38,32,30,28,26,24,22,20,18,16,14,12,10,8,6,4,2,1,21,23,37,35,33,31,29,27,25,39]",0-3-5-7-9-11-13-15-17-19-34-36-38-32-30-28-26-24-22-20-18-16-14-12-10-8-6-4-2-1-21-23-37-35-33-31-29-27-25-39,d552f2e388f20f60,stage3_native_combined552,False,two_stage_penalty_repair,,,,,,False,,True,PASS_TEACHER_FIELDS_EXTRACTED,,9.800339103094302e-05,0.1614513993263244,583637120.0,579927488.0,,,,,,80.0,0.37383177570093457,0.025714852254895514,,,4.5779268475598656e-05,0.0001498124456702,False,False,False,False,,False,152.0,0.7102803738317757,0.3081868176466065,,,0.1440253555774688,0.1574980020523071,False,False,False,False,,False,124.0,0.5794392523364486,0.14458163377797376,,,581119040.0,583269440.0,False,False,False,False,,False,127.0,0.5934579439252337,0.6067415730337079,,,579924032.0,579927040.0,False,False,False,False,,False,80.0,0.37383177570093457,False,False,False,False,80.0,0.37383177570093457,0.6291079812206573,,
40,S3R54CAL64_N40_B20_median_guard,"[0,3,5,7,9,11,13,15,17,19,32,36,38,34,30,28,26,24,22,20,18,16,14,12,10,8,6,4,2,1,21,23,25,27,29,31,33,35,37,39]",0-3-5-7-9-11-13-15-17-19-32-36-38-34-30-28-26-24-22-20-18-16-14-12-10-8-6-4-2-1-21-23-25-27-29-31-33-35-37-39,9bee7dd6ed4f87d6,stage3_native_combined552,False,median_guard_repair,,,,,,False,,True,PASS_TEACHER_FIELDS_EXTRACTED,,7.712033402640373e-05,0.1534606963396072,582015488.0,579927552.0,,,,,,53.0,0.24766355140186916,0.015432157223816731,,,4.5779268475598656e-05,0.0001498124456702,False,False,False,False,,False,50.0,0.2336448598130841,0.16686791820350547,,,0.1440253555774688,0.1574980020523071,False,False,False,False,,False,36.0,0.16822429906542055,0.05147172307353103,,,581119040.0,583269440.0,False,False,False,False,,False,146.0,0.6822429906542056,0.6179775280898876,,,579924032.0,579927040.0,False,False,False,False,,False,53.0,0.24766355140186916,False,False,False,False,53.0,0.24766355140186916,0.755868544600939,,
40,S3R54CAL64_N40_B21_median_guard,"[0,3,5,7,9,11,13,15,33,35,34,36,38,32,30,28,26,24,22,20,18,16,14,12,10,8,6,4,2,1,21,23,25,27,29,31,17,19,37,39]",0-3-5-7-9-11-13-15-33-35-34-36-38-32-30-28-26-24-22-20-18-16-14-12-10-8-6-4-2-1-21-23-25-27-29-31-17-19-37-39,6fa55e0d9635569f,stage3_native_combined552,False,median_guard_repair,,,,,,False,,True,PASS_TEACHER_FIELDS_EXTRACTED,,0.000113812845484,0.1606870144605636,583616768.0,579925888.0,,,,,,90.0,0.4205607476635514,0.03349933508770966,,,4.5779268475598656e-05,0.0001498124456702,False,False,False,False,,False,145.0,0.677570093457944,0.29466835398204005,,,0.1440253555774688,0.1574980020523071,False,False,False,False,,False,122.0,0.5700934579439252,0.14341307463344724,,,581119040.0,583269440.0,False,False,False,False,,False,28.0,0.1308411214953271,0.3258426966292135,,,579924032.0,579927040.0,False,False,False,False,,False,90.0,0.4205607476635514,False,False,False,False,90.0,0.4205607476635514,0.5821596244131455,,
40,S3R54CAL64_N40_B22_median_guard,"[0,3,5,7,9,11,13,15,17,19,30,32,38,36,34,28,26,24,22,20,18,16,14,12,10,8,6,4,2,1,21,23,25,27,29,31,33,35,37,39]",0-3-5-7-9-11-13-15-17-19-30-32-38-36-34-28-26-24-22-20-18-16-14-12-10-8-6-4-2-1-21-23-25-27-29-31-33-35-37-39,bb192ef74ede230e,stage3_native_combined552,False,no_penalty_worse_than_median,,,,,,False,,True,PASS_TEACHER_FIELDS_EXTRACTED,,8.270690887002274e-05,0.1535167694091797,582035264.0,579927552.0,,,,,,63.0,0.29439252336448596,0.01818295397607117,,,4.5779268475598656e-05,0.0001498124456702,False,False,False,False,,False,57.0,0.26635514018691586,0.16785959371610443,,,0.1440253555774688,0.1574980020523071,False,False,False,False,,False,42.0,0.19626168224299065,0.05260720978943887,,,581119040.0,583269440.0,False,False,False,False,,False,146.0,0.6822429906542056,0.6179775280898876,,,579924032.0,579927040.0,False,False,False,False,,False,63.0,0.29439252336448596,False,False,False,False,63.0,0.29439252336448596,0.7089201877934272,,
40,S3R54CAL64_N40_B23_median_guard,"[0,3,5,7,9,11,13,15,17,19,34,36,38,32,30,28,10,12,14,16,18,20,22,24,26,8,6,4,2,1,21,23,25,27,29,31,33,35,37,39]",0-3-5-7-9-11-13-15-17-19-34-36-38-32-30-28-10-12-14-16-18-20-22-24-26-8-6-4-2-1-21-23-25-27-29-31-33-35-37-39,e93e6d3b1dd6fa34,stage3_native_combined552,False,no_penalty_worse_than_median,,,,,,False,,True,PASS_TEACHER_FIELDS_EXTRACTED,,0.0001642787638047,0.1633699685335159,583301184.0,579927488.0,,,,,,115.0,0.5373831775700935,0.058348457869029084,,,4.5779268475598656e-05,0.0001498124456702,False,False,False,False,,False,171.0,0.7990654205607477,0.3421175105176117,,,0.1440253555774688,0.1574980020523071,False,False,False,False,,False,108.0,0.5046728971962616,0.12529305846470437,,,581119040.0,583269440.0,False,False,False,False,,False,127.0,0.5934579439252337,0.6067415730337079,,,579924032.0,579927040.0,False,False,False,False,,False,115.0,0.5373831775700935,False,False,False,False,115.0,0.5373831775700935,0.46478873239436624,,
40,S3R54CAL64_N40_B24_peeq_repair,"[0,2,4,6,8,10,12,14,16,18,20,22,24,26,28,30,38,36,34,32,25,23,21,1,3,5,7,9,11,13,15,17,19,27,29,31,33,35,37,39]",0-2-4-6-8-10-12-14-16-18-20-22-24-26-28-30-38-36-34-32-25-23-21-1-3-5-7-9-11-13-15-17-19-27-29-31-33-35-37-39,004f27d4188b8bed,stage3_native_combined552,False,PEEQ_repair_candidates,,,,,,False,,True,PASS_TEACHER_FIELDS_EXTRACTED,,0.0001068835699697,0.1567571014165878,588630144.0,579926336.0,,,,,,84.0,0.3925233644859813,0.03008740038464484,,,4.5779268475598656e-05,0.0001498124456702,False,False,False,False,,False,107.0,0.5,0.22516621040281667,,,0.1440253555774688,0.1574980020523071,False,False,False,False,,False,198.0,0.9252336448598131,0.4312681439018116,,,581119040.0,583269440.0,False,False,False,False,,False,54.0,0.2523364485981308,0.4044943820224719,,,579924032.0,579927040.0,False,False,False,False,,False,84.0,0.3925233644859813,False,False,False,False,84.0,0.3925233644859813,0.6103286384976525,,
40,S3R54CAL64_N40_B25_peeq_repair,"[0,2,4,6,8,10,12,14,16,18,20,22,24,26,28,30,34,36,38,32,19,17,15,13,11,9,7,5,3,1,21,23,25,27,29,31,33,35,37,39]",0-2-4-6-8-10-12-14-16-18-20-22-24-26-28-30-34-36-38-32-19-17-15-13-11-9-7-5-3-1-21-23-25-27-29-31-33-35-37-39,756d257d4fc4a97e,stage3_native_combined552,False,PEEQ_repair_candidates,,,,,,False,,True,PASS_TEACHER_FIELDS_EXTRACTED,,6.054474761185702e-05,0.1532502472400665,582142144.0,579926592.0,,,,,,21.0,0.09813084112149532,0.0072704354976811415,,,4.5779268475598656e-05,0.0001498124456702,False,False,False,False,,False,40.0,0.18691588785046728,0.16314603851590828,,,0.1440253555774688,0.1574980020523071,False,False,False,False,,False,55.0,0.2570093457943925,0.058743982655348546,,,581119040.0,583269440.0,False,False,False,False,,False,95.0,0.4439252336448598,0.449438202247191,,,579924032.0,579927040.0,False,False,False,False,,False,21.0,0.09813084112149532,False,False,False,False,21.0,0.09813084112149532,0.9061032863849765,,
40,S3R54CAL64_N40_B26_peeq_repair,"[0,2,4,6,8,10,12,14,16,18,20,22,24,26,28,30,38,36,34,32,19,17,15,13,11,9,7,5,3,1,21,23,25,27,29,31,33,35,39,37]",0-2-4-6-8-10-12-14-16-18-20-22-24-26-28-30-38-36-34-32-19-17-15-13-11-9-7-5-3-1-21-23-25-27-29-31-33-35-39-37,4e0729e51fe550aa,stage3_native_combined552,False,PEEQ_repair_candidates,,,,,,False,,True,PASS_TEACHER_FIELDS_EXTRACTED,,5.909591800445924e-05,0.1578762680292129,582176256.0,579927552.0,,,,,,18.0,0.08411214953271028,0.006557040279651969,,,4.5779268475598656e-05,0.0001498124456702,False,False,False,False,,False,115.0,0.5373831775700935,0.2449591365386707,,,0.1440253555774688,0.1574980020523071,False,False,False,False,,False,65.0,0.3037383177570093,0.06070260537243229,,,581119040.0,583269440.0,False,False,False,False,,False,146.0,0.6822429906542056,0.6179775280898876,,,579924032.0,579927040.0,False,False,False,False,,False,18.0,0.08411214953271028,False,False,False,False,18.0,0.08411214953271028,0.92018779342723,,
40,S3R54CAL64_N40_B27_surfacet_repair,"[4,3,5,7,9,11,13,15,17,19,34,36,38,32,30,28,26,24,22,20,18,16,14,12,10,8,6,0,2,1,21,23,25,27,29,31,33,35,37,39]",4-3-5-7-9-11-13-15-17-19-34-36-38-32-30-28-26-24-22-20-18-16-14-12-10-8-6-0-2-1-21-23-25-27-29-31-33-35-37-39,1a11dac530abf492,stage3_native_combined552,False,SurfaceT_repair_candidates,,,,,,False,,True,PASS_TEACHER_FIELDS_EXTRACTED,,6.181524258863647e-05,0.1653539836406707,582010112.0,579927552.0,,,,,,25.0,0.11682242990654206,0.007896019787466917,,,4.5779268475598656e-05,0.0001498124456702,False,False,False,False,,False,185.0,0.8644859813084113,0.3772056412975531,,,0.1440253555774688,0.1574980020523071,False,False,False,False,,False,32.0,0.14953271028037382,0.051163047073090065,,,581119040.0,583269440.0,False,False,False,False,,False,146.0,0.6822429906542056,0.6179775280898876,,,579924032.0,579927040.0,False,False,False,False,,False,25.0,0.11682242990654206,False,False,False,False,25.0,0.11682242990654206,0.8873239436619719,,
40,S3R54CAL64_N40_B28_surfacet_repair,"[0,4,6,8,10,12,14,16,18,20,22,24,26,28,30,32,38,36,34,19,17,15,13,11,9,7,5,3,2,1,21,23,25,27,29,31,33,35,37,39]",0-4-6-8-10-12-14-16-18-20-22-24-26-28-30-32-38-36-34-19-17-15-13-11-9-7-5-3-2-1-21-23-25-27-29-31-33-35-37-39,43b56139384651bd,stage3_native_combined552,False,SurfaceT_repair_candidates,,,,,,False,,True,PASS_TEACHER_FIELDS_EXTRACTED,,9.79098167590564e-05,0.1620165407657623,582643968.0,579927488.0,,,,,,79.0,0.3691588785046729,0.02566877683115098,,,4.5779268475598656e-05,0.0001498124456702,False,False,False,False,,False,158.0,0.7383177570093458,0.3181815786061631,,,0.1440253555774688,0.1574980020523071,False,False,False,False,,False,91.0,0.4252336448598131,0.08755741741079631,,,581119040.0,583269440.0,False,False,False,False,,False,127.0,0.5934579439252337,0.6067415730337079,,,579924032.0,579927040.0,False,False,False,False,,False,79.0,0.3691588785046729,False,False,False,False,79.0,0.3691588785046729,0.6338028169014085,,
40,S3R54CAL64_N40_B29_mises_repair,"[0,3,5,7,9,11,13,15,17,31,29,27,25,23,21,1,2,4,6,8,10,12,14,16,18,20,22,24,26,28,30,32,38,36,34,19,33,35,37,39]",0-3-5-7-9-11-13-15-17-31-29-27-25-23-21-1-2-4-6-8-10-12-14-16-18-20-22-24-26-28-30-32-38-36-34-19-33-35-37-39,9aa7de7099d97a4a,stage3_native_combined552,False,Mises_repair_candidates,,,,,,False,,True,PASS_TEACHER_FIELDS_EXTRACTED,,7.512102820328437e-05,0.1708219796419143,584285056.0,579927616.0,,,,,,45.0,0.2102803738317757,0.014447710739351952,,,4.5779268475598656e-05,0.0001498124456702,False,False,False,False,,False,197.0,0.9205607476635514,0.47390942046936346,,,0.1440253555774688,0.1574980020523071,False,False,False,False,,False,140.0,0.6542056074766355,0.18178444125969206,,,581119040.0,583269440.0,False,False,False,False,,False,185.0,0.8644859813084113,0.6292134831460674,,,579924032.0,579927040.0,False,False,False,False,,False,45.0,0.2102803738317757,False,False,False,False,45.0,0.2102803738317757,0.7934272300469484,,
40,S3R54CAL64_N40_B30_mises_repair,"[0,3,5,7,9,11,13,15,17,19,34,36,38,32,30,28,26,24,22,20,6,8,10,12,14,16,18,4,2,1,21,23,25,27,29,31,33,35,37,39]",0-3-5-7-9-11-13-15-17-19-34-36-38-32-30-28-26-24-22-20-6-8-10-12-14-16-18-4-2-1-21-23-25-27-29-31-33-35-37-39,c13a0c998197d081,stage3_native_combined552,False,Mises_repair_candidates,,,,,,False,,True,PASS_TEACHER_FIELDS_EXTRACTED,,9.046977720572612e-05,0.1577862650156021,584389376.0,579926464.0,,,,,,71.0,0.3317757009345794,0.02200534490500006,,,4.5779268475598656e-05,0.0001498124456702,False,False,False,False,,False,112.0,0.5233644859813084,0.24336739588066086,,,0.1440253555774688,0.1574980020523071,False,False,False,False,,False,144.0,0.6728971962616822,0.18777422555396317,,,581119040.0,583269440.0,False,False,False,False,,False,61.0,0.2850467289719626,0.42696629213483145,,,579924032.0,579927040.0,False,False,False,False,,False,71.0,0.3317757009345794,False,False,False,False,71.0,0.3317757009345794,0.6713615023474178,,
40,S3R54CAL64_N40_B31_uncertainty,"[0,3,5,7,9,11,13,15,17,19,28,30,32,38,36,34,26,24,22,20,18,16,14,12,10,8,6,4,2,1,21,23,25,27,29,31,33,35,37,39]",0-3-5-7-9-11-13-15-17-19-28-30-32-38-36-34-26-24-22-20-18-16-14-12-10-8-6-4-2-1-21-23-25-27-29-31-33-35-37-39,c4fe9646ff35430c,stage3_native_combined552,False,uncertainty_calibration,,,,,,False,,True,PASS_TEACHER_FIELDS_EXTRACTED,,8.985026943264529e-05,0.1534765511751175,582080192.0,579927552.0,,,,,,70.0,0.32710280373831774,0.021700302903793614,,,4.5779268475598656e-05,0.0001498124456702,False,False,False,False,,False,52.0,0.24299065420560748,0.16714831755120854,,,0.1440253555774688,0.1574980020523071,False,False,False,False,,False,47.0,0.21962616822429906,0.055186859221695514,,,581119040.0,583269440.0,False,False,False,False,,False,146.0,0.6822429906542056,0.6179775280898876,,,579924032.0,579927040.0,False,False,False,False,,False,70.0,0.32710280373831774,False,False,False,False,70.0,0.32710280373831774,0.676056338028169,,
40,S3R54CAL64_N40_B32_diversity,"[37,34,31,28,25,22,19,16,13,10,7,4,1,38,35,32,29,26,23,20,17,14,11,8,5,2,39,36,33,30,27,24,21,18,15,12,9,6,3,0]",37-34-31-28-25-22-19-16-13-10-7-4-1-38-35-32-29-26-23-20-17-14-11-8-5-2-39-36-33-30-27-24-21-18-15-12-9-6-3-0,725d33d93597de65,stage3_native_combined552,False,diversity_coverage,,,,,,False,,True,PASS_TEACHER_FIELDS_EXTRACTED,,0.0005840099597662,0.1480723470449447,583950720.0,579927104.0,,,,,,156.0,0.7289719626168224,0.2650216418843732,,,4.5779268475598656e-05,0.0001498124456702,False,False,False,False,,False,4.0,0.018691588785046728,0.07157272410074604,,,0.1440253555774688,0.1574980020523071,False,False,False,False,,False,133.0,0.6214953271028038,0.16258773380369676,,,581119040.0,583269440.0,False,False,False,False,,False,113.0,0.5280373831775701,0.5393258426966292,,,579924032.0,579927040.0,False,False,False,False,,False,156.0,0.7289719626168224,False,False,False,False,156.0,0.7289719626168224,0.2723004694835681,,
24,S3R59N40PR40_N24_B01_n24_diversity,"[1,6,11,16,21,2,7,12,17,22,3,8,13,18,23,4,9,14,19,0,5,10,15,20]",1-6-11-16-21-2-7-12-17-22-3-8-13-18-23-4-9-14-19-0-5-10-15-20,e0e1ba69329bec9f,stage3_native_combined552,False,N24_diversity_coverage,,,,,,False,,True,PASS_TEACHER_FIELDS_EXTRACTED,,0.0005571060927422,0.1560344099998474,582798720.0,579942912.0,,,,,,195.0,0.9848484848484849,0.8836111025209054,,,2.9523077955673216e-05,8.096076885522052e-05,False,False,False,False,,False,78.0,0.3939393939393939,0.17029978482312605,,,0.1492166519165039,0.15729529410600662,False,False,False,False,,False,109.0,0.5505050505050505,0.1722994867089152,,,580875968.0,582566592.0,False,False,False,False,,False,3.0,0.015151515151515152,0.06060606060606061,,,579942784.0,579944128.0,False,False,False,False,,False,195.0,0.9848484848484849,False,False,False,False,195.0,0.9848484848484849,0.015228426395939132,,
24,S3R59N40PR40_N24_B02_n24_penalty,"[22,17,15,13,9,5,7,3,1,11,19,21,23,0,2,4,6,10,8,12,14,16,18,20]",22-17-15-13-9-5-7-3-1-11-19-21-23-0-2-4-6-10-8-12-14-16-18-20,f957b5762108e291,stage3_native_combined552,False,N24_penalty_repair_diagnostic,,,,,,False,,True,PASS_TEACHER_FIELDS_EXTRACTED,,5.120022228766175e-05,0.1552595496177673,581886656.0,579943616.0,,,,,,38.0,0.1919191919191919,0.03630550049160214,,,2.9523077955673216e-05,8.096076885522052e-05,False,False,False,False,,False,64.0,0.32323232323232326,0.15094466034920317,,,0.1492166519165039,0.15729529410600662,False,False,False,False,,False,46.0,0.23232323232323232,0.09056863476041636,,,580875968.0,582566592.0,False,False,False,False,,False,57.0,0.2878787878787879,0.3939393939393939,,,579942784.0,579944128.0,False,False,False,False,,False,38.0,0.1919191919191919,False,False,False,False,38.0,0.1919191919191919,0.8121827411167513,,
24,S3R59N40PR40_N24_B03_n24_penalty,"[22,17,15,13,9,7,3,5,1,11,19,21,23,0,2,4,6,8,12,10,14,16,18,20]",22-17-15-13-9-7-3-5-1-11-19-21-23-0-2-4-6-8-12-10-14-16-18-20,c813a3795568c13e,stage3_native_combined552,False,N24_penalty_repair_diagnostic,,,,,,False,,True,PASS_TEACHER_FIELDS_EXTRACTED,,4.353990880190395e-05,0.1583101451396942,581887232.0,579943616.0,,,,,,23.0,0.11616161616161616,0.023475788664080524,,,2.9523077955673216e-05,8.096076885522052e-05,False,False,False,False,,False,119.0,0.601010101010101,0.22714504097517105,,,0.1492166519165039,0.15729529410600662,False,False,False,False,,False,47.0,0.23737373737373738,0.09062025062369168,,,580875968.0,582566592.0,False,False,False,False,,False,57.0,0.2878787878787879,0.3939393939393939,,,579942784.0,579944128.0,False,False,False,False,,False,23.0,0.11616161616161616,False,False,False,False,23.0,0.11616161616161616,0.8883248730964467,,
24,S3R59N40PR40_N24_B04_n24_sentinel,"[0,1,2,3,4,5,6,7,8,9,10,11,12,13,14,15,16,17,18,19,20,21,22,23]",0-1-2-3-4-5-6-7-8-9-10-11-12-13-14-15-16-17-18-19-20-21-22-23,1285a2fd4be5bc11,stage3_native_combined552,False,N24_sentinel_control,,,,,,False,,True,PASS_TEACHER_FIELDS_EXTRACTED,,0.0005523721708868,0.1892502903938293,587159872.0,579944256.0,,,,,,192.0,0.9696969696969697,0.8756825949824466,,,2.9523077955673216e-05,8.096076885522052e-05,False,False,False,False,,False,196.0,0.98989898989899,0.9999944167910172,,,0.1492166519165039,0.15729529410600662,False,False,False,False,,False,188.0,0.9494949494949495,0.5631061279499899,,,580875968.0,582566592.0,False,False,False,False,,False,104.0,0.5252525252525253,0.696969696969697,,,579942784.0,579944128.0,False,False,False,False,,False,193.0,0.9747474747474747,False,False,False,False,193.0,0.9747474747474747,0.025380710659898442,,
24,S3R59N40PR40_N24_B05_n24_maint,"[22,21,19,11,1,3,5,7,9,13,15,17,23,0,10,12,6,8,2,4,14,16,18,20]",22-21-19-11-1-3-5-7-9-13-15-17-23-0-10-12-6-8-2-4-14-16-18-20,ca3ea4f9584d6dd0,stage3_native_combined552,False,N24_u2_reward_maintenance,,,,,,False,,True,PASS_TEACHER_FIELDS_EXTRACTED,,0.0001478826186485,0.1537696421146392,581987584.0,579944256.0,,,,,,140.0,0.7070707070707071,0.19823193945653053,,,2.9523077955673216e-05,8.096076885522052e-05,False,False,False,False,,False,37.0,0.18686868686868688,0.1137284781251714,,,0.1492166519165039,0.15729529410600662,False,False,False,False,,False,66.0,0.3333333333333333,0.09961288102543515,,,580875968.0,582566592.0,False,False,False,False,,False,104.0,0.5252525252525253,0.696969696969697,,,579942784.0,579944128.0,False,False,False,False,,False,140.0,0.7070707070707071,False,False,False,False,140.0,0.7070707070707071,0.29441624365482233,,
24,S3R59N40PR40_N24_B06_n24_maint,"[22,21,19,11,1,3,5,7,9,13,15,17,23,0,2,4,14,16,10,12,6,8,18,20]",22-21-19-11-1-3-5-7-9-13-15-17-23-0-2-4-14-16-10-12-6-8-18-20,3a1f8675972559a5,stage3_native_combined552,False,N24_u2_reward_maintenance,,,,,,False,,True,PASS_TEACHER_FIELDS_EXTRACTED,,0.0001314417468165,0.1638735681772232,583407360.0,579943360.0,,,,,,135.0,0.6818181818181818,0.1706962977115882,,,2.9523077955673216e-05,8.096076885522052e-05,False,False,False,False,,False,170.0,0.8585858585858586,0.3661129736282712,,,0.1492166519165039,0.15729529410600662,False,False,False,False,,False,138.0,0.696969696969697,0.2268402489031629,,,580875968.0,582566592.0,False,False,False,False,,False,12.0,0.06060606060606061,0.2727272727272727,,,579942784.0,579944128.0,False,False,False,False,,False,135.0,0.6818181818181818,False,False,False,False,135.0,0.6818181818181818,0.31979695431472077,,
24,S3R59N40PR40_N24_B07_n24_maint,"[22,21,19,11,1,3,5,7,15,13,9,17,23,0,2,4,10,8,6,12,14,16,18,20]",22-21-19-11-1-3-5-7-15-13-9-17-23-0-2-4-10-8-6-12-14-16-18-20,23cf60e76bb66347,stage3_native_combined552,False,N24_u2_reward_maintenance,,,,,,False,,True,PASS_TEACHER_FIELDS_EXTRACTED,,9.493010861660878e-05,0.162030279636383,582790336.0,579943552.0,,,,,,114.0,0.5757575757575758,0.10954556317229616,,,2.9523077955673216e-05,8.096076885522052e-05,False,False,False,False,,False,154.0,0.7777777777777778,0.32006973800233435,,,0.1492166519165039,0.15729529410600662,False,False,False,False,,False,107.0,0.5404040404040404,0.17154818914346343,,,580875968.0,582566592.0,False,False,False,False,,False,27.0,0.13636363636363635,0.36363636363636365,,,579942784.0,579944128.0,False,False,False,False,,False,114.0,0.5757575757575758,False,False,False,False,114.0,0.5757575757575758,0.42639593908629436,,
24,S3R59N40PR40_N24_B08_n24_uncertainty,"[22,20,15,13,9,7,5,3,1,11,19,21,23,0,4,2,6,8,10,12,14,16,18,17]",22-20-15-13-9-7-5-3-1-11-19-21-23-0-4-2-6-8-10-12-14-16-18-17,173735b4864ea3a7,stage3_native_combined552,False,N24_uncertainty_calibration,,,,,,False,,True,PASS_TEACHER_FIELDS_EXTRACTED,,8.273991306850803e-05,0.1774685978889465,581879872.0,579943488.0,,,,,,101.0,0.51010101010101,0.08912907547971739,,,2.9523077955673216e-05,8.096076885522052e-05,False,False,False,False,,False,191.0,0.9646464646464646,0.7057012380207601,,,0.1492166519165039,0.15729529410600662,False,False,False,False,,False,44.0,0.2222222222222222,0.08996071459295157,,,580875968.0,582566592.0,False,False,False,False,,False,18.0,0.09090909090909091,0.3333333333333333,,,579942784.0,579944128.0,False,False,False,False,,False,101.0,0.51010101010101,False,False,False,False,101.0,0.51010101010101,0.4923857868020305,,
24,S3R59N40PR40_N24_B09_n24_diversity,"[21,14,7,0,17,10,3,20,13,6,23,16,9,2,19,12,5,22,15,8,1,18,11,4]",21-14-7-0-17-10-3-20-13-6-23-16-9-2-19-12-5-22-15-8-1-18-11-4,c8e65c9c58288448,stage3_native_combined552,False,N24_diversity_coverage,,,,,,False,,True,PASS_TEACHER_FIELDS_EXTRACTED,,0.0003836987480099,0.1492166519165039,581968448.0,579943936.0,,,,,,179.0,0.9040404040404041,0.5931835285283483,,,2.9523077955673216e-05,8.096076885522052e-05,False,False,False,False,,False,1.0,0.005050505050505051,0.0,,,0.1492166519165039,0.15729529410600662,False,False,False,False,,False,63.0,0.3181818181818182,0.09789808734551085,,,580875968.0,582566592.0,False,False,False,False,,False,85.0,0.4292929292929293,0.5454545454545454,,,579942784.0,579944128.0,False,False,False,False,,False,179.0,0.9040404040404041,False,False,False,False,179.0,0.9040404040404041,0.09644670050761417,,
24,S3R59N40PR40_N24_B10_n24_penalty,"[22,14,12,10,8,6,4,2,0,23,21,19,11,1,3,5,7,9,13,15,17,16,18,20]",22-14-12-10-8-6-4-2-0-23-21-19-11-1-3-5-7-9-13-15-17-16-18-20,fcbafd8c402f16e8,stage3_native_combined552,False,N24_penalty_repair_diagnostic,,,,,,False,,True,PASS_TEACHER_FIELDS_EXTRACTED,,0.0001191965059206,0.1768487840890884,582971264.0,579943552.0,,,,,,131.0,0.6616161616161617,0.15018761849825468,,,2.9523077955673216e-05,8.096076885522052e-05,False,False,False,False,,False,190.0,0.9595959595959596,0.6902189995112834,,,0.1492166519165039,0.15729529410600662,False,False,False,False,,False,113.0,0.5707070707070707,0.18776130530783128,,,580875968.0,582566592.0,False,False,False,False,,False,27.0,0.13636363636363635,0.36363636363636365,,,579942784.0,579944128.0,False,False,False,False,,False,131.0,0.6616161616161617,False,False,False,False,131.0,0.6616161616161617,0.3401015228426396,,
24,S3R59N40PR40_N24_B11_n24_penalty,"[12,10,8,6,4,2,0,23,21,19,11,1,3,5,7,9,13,15,17,22,14,16,18,20]",12-10-8-6-4-2-0-23-21-19-11-1-3-5-7-9-13-15-17-22-14-16-18-20,5cede58a8d3359de,stage3_native_combined552,False,N24_penalty_repair_diagnostic,,,,,,False,,True,PASS_TEACHER_FIELDS_EXTRACTED,,0.0001428459177077,0.1672333478927612,583388352.0,579943744.0,,,,,,137.0,0.6919191919191919,0.18979632885756323,,,2.9523077955673216e-05,8.096076885522052e-05,False,False,False,False,,False,180.0,0.9090909090909091,0.4500364211332648,,,0.1492166519165039,0.15729529410600662,False,False,False,False,,False,137.0,0.6919191919191919,0.22513692541507757,,,580875968.0,582566592.0,False,False,False,False,,False,76.0,0.3838383838383838,0.45454545454545453,,,579942784.0,579944128.0,False,False,False,False,,False,137.0,0.6919191919191919,False,False,False,False,137.0,0.6919191919191919,0.30964467005076146,,
24,S3R59N40PR40_N24_B12_n24_maint,"[10,8,6,4,2,0,23,17,15,13,9,7,5,3,1,11,19,21,22,12,14,16,18,20]",10-8-6-4-2-0-23-17-15-13-9-7-5-3-1-11-19-21-22-12-14-16-18-20,b00cd524dca86995,stage3_native_combined552,False,N24_u2_reward_maintenance,,,,,,False,,True,PASS_TEACHER_FIELDS_EXTRACTED,,0.0001125989701904,0.1554912030696869,582126336.0,579944832.0,,,,,,127.0,0.6414141414141414,0.1391378772118679,,,2.9523077955673216e-05,8.096076885522052e-05,False,False,False,False,,False,67.0,0.3383838383838384,0.1567310981390422,,,0.1492166519165039,0.15729529410600662,False,False,False,False,,False,77.0,0.3888888888888889,0.11204656897886617,,,580875968.0,582566592.0,False,False,False,False,,False,193.0,0.9747474747474747,0.9696969696969697,,,579942784.0,579944128.0,False,False,False,False,,False,127.0,0.6414141414141414,False,False,False,False,127.0,0.6414141414141414,0.36040609137055835,,
24,S3R59N40PR40_N24_B13_n24_maint,"[14,12,10,8,6,4,2,0,23,17,15,13,9,7,5,3,1,11,19,21,22,16,18,20]",14-12-10-8-6-4-2-0-23-17-15-13-9-7-5-3-1-11-19-21-22-16-18-20,44dcaacdbad42f7f,stage3_native_combined552,False,N24_u2_reward_maintenance,,,,,,False,,True,PASS_TEACHER_FIELDS_EXTRACTED,,9.104845275942353e-05,0.1580812186002731,581617920.0,579943872.0,,,,,,112.0,0.5656565656565656,0.10304445507092562,,,2.9523077955673216e-05,8.096076885522052e-05,False,False,False,False,,False,116.0,0.5858585858585859,0.22142671833492292,,,0.1492166519165039,0.15729529410600662,False,False,False,False,,False,22.0,0.1111111111111111,0.06648696699452299,,,580875968.0,582566592.0,False,False,False,False,,False,83.0,0.41919191919191917,0.5151515151515151,,,579942784.0,579944128.0,False,False,False,False,,False,112.0,0.5656565656565656,False,False,False,False,112.0,0.5656565656565656,0.4365482233502538,,
24,S3R59N40PR40_N24_B14_n24_maint,"[20,18,16,14,12,10,8,6,4,2,0,23,17,15,13,9,7,5,3,1,11,19,21,22]",20-18-16-14-12-10-8-6-4-2-0-23-17-15-13-9-7-5-3-1-11-19-21-22,a50a84f9178306d9,stage3_native_combined552,False,N24_u2_reward_maintenance,,,,,,False,,True,PASS_TEACHER_FIELDS_EXTRACTED,,0.000118070066037,0.157501682639122,582982400.0,579944640.0,,,,,,130.0,0.6565656565656566,0.14830102480669308,,,2.9523077955673216e-05,8.096076885522052e-05,False,False,False,False,,False,108.0,0.5454545454545454,0.2069505740841586,,,0.1492166519165039,0.15729529410600662,False,False,False,False,,False,116.0,0.5858585858585859,0.18875921199782067,,,580875968.0,582566592.0,False,False,False,False,,False,172.0,0.8686868686868687,0.8787878787878788,,,579942784.0,579944128.0,False,False,False,False,,False,130.0,0.6565656565656566,False,False,False,False,130.0,0.6565656565656566,0.3451776649746193,,
24,S3R59N40PR40_N24_B15_n24_maint,"[8,6,4,2,0,23,17,15,13,9,7,5,3,1,11,19,21,22,10,12,14,16,18,20]",8-6-4-2-0-23-17-15-13-9-7-5-3-1-11-19-21-22-10-12-14-16-18-20,8a0e6e8eb4faa391,stage3_native_combined552,False,N24_u2_reward_maintenance,,,,,,False,,True,PASS_TEACHER_FIELDS_EXTRACTED,,0.0001111758224396,0.1559894531965255,582886080.0,579944576.0,,,,,,125.0,0.6313131313131313,0.13675434870945136,,,2.9523077955673216e-05,8.096076885522052e-05,False,False,False,False,,False,75.0,0.3787878787878788,0.16917681538970428,,,0.1492166519165039,0.15729529410600662,False,False,False,False,,False,111.0,0.5606060606060606,0.1801278926390044,,,580875968.0,582566592.0,False,False,False,False,,False,163.0,0.8232323232323232,0.8484848484848485,,,579942784.0,579944128.0,False,False,False,False,,False,125.0,0.6313131313131313,False,False,False,False,125.0,0.6313131313131313,0.37055837563451777,,
24,S3R59N40PR40_N24_B16_n24_uncertainty,"[22,17,15,13,9,20,18,16,14,12,10,8,6,4,2,0,23,21,19,11,1,3,5,7]",22-17-15-13-9-20-18-16-14-12-10-8-6-4-2-0-23-21-19-11-1-3-5-7,6ed85c81881004c9,stage3_native_combined552,False,N24_uncertainty_calibration,,,,,,False,,True,PASS_TEACHER_FIELDS_EXTRACTED,,0.0001070608966529,0.1637184023857116,582191552.0,579943680.0,,,,,,123.0,0.6212121212121212,0.12986255346723927,,,2.9523077955673216e-05,8.096076885522052e-05,False,False,False,False,,False,168.0,0.8484848484848485,0.3622371099523662,,,0.1492166519165039,0.15729529410600662,False,False,False,False,,False,80.0,0.40404040404040403,0.11789063172081553,,,580875968.0,582566592.0,False,False,False,False,,False,73.0,0.3686868686868687,0.42424242424242425,,,579942784.0,579944128.0,False,False,False,False,,False,123.0,0.6212121212121212,False,False,False,False,123.0,0.6212121212121212,0.3807106598984772,,
40,S3R59N40PR40_N40_B01_n40_mises_repair,"[0,2,5,7,9,11,13,15,17,19,34,36,39,37,35,33,31,29,27,25,23,21,1,3,4,6,8,10,12,14,16,18,20,22,24,26,28,30,32,38]",0-2-5-7-9-11-13-15-17-19-34-36-39-37-35-33-31-29-27-25-23-21-1-3-4-6-8-10-12-14-16-18-20-22-24-26-28-30-32-38,00587a1d85d9349a,stage3_native_combined552,False,N40_Mises_repair_candidates,,,,,,False,,True,PASS_TEACHER_FIELDS_EXTRACTED,,0.0002089603531203,0.1649283170700073,589684288.0,579926976.0,,,,,,137.0,0.6401869158878505,0.08034941090652517,,,4.5779268475598656e-05,0.0001498124456702,False,False,False,False,,False,181.0,0.8457943925233645,0.36967755129147173,,,0.1440253555774688,0.1574980020523071,False,False,False,False,,False,203.0,0.9485981308411215,0.49179436298827767,,,581119040.0,583269440.0,False,False,False,False,,False,110.0,0.514018691588785,0.5168539325842697,,,579924032.0,579927040.0,False,False,False,False,,False,137.0,0.6401869158878505,False,False,False,False,137.0,0.6401869158878505,0.3615023474178404,,
40,S3R59N40PR40_N40_B02_n40_peeq_repair,"[0,3,5,7,9,11,13,15,17,19,24,26,28,30,32,38,36,34,22,20,18,16,14,12,10,8,6,4,2,1,21,23,25,27,29,31,33,35,39,37]",0-3-5-7-9-11-13-15-17-19-24-26-28-30-32-38-36-34-22-20-18-16-14-12-10-8-6-4-2-1-21-23-25-27-29-31-33-35-39-37,4ec242b7e2c0d850,stage3_native_combined552,False,N40_PEEQ_repair_candidates,,,,,,False,,True,PASS_TEACHER_FIELDS_EXTRACTED,,5.727253301301971e-05,0.1554671972990036,582288320.0,579926528.0,,,,,,14.0,0.06542056074766354,0.005659216182962322,,,4.5779268475598656e-05,0.0001498124456702,False,False,False,False,,False,91.0,0.4252336448598131,0.2023537206147295,,,0.1440253555774688,0.1574980020523071,False,False,False,False,,False,75.0,0.35046728971962615,0.06713703009591004,,,581119040.0,583269440.0,False,False,False,False,,False,69.0,0.32242990654205606,0.43820224719101125,,,579924032.0,579927040.0,False,False,False,False,,False,14.0,0.06542056074766354,False,False,False,False,14.0,0.06542056074766354,0.9389671361502347,,
40,S3R59N40PR40_N40_B03_n40_surface_repair,"[0,2,5,7,9,11,13,15,17,19,32,38,36,34,30,28,26,24,22,20,18,16,14,12,10,8,6,4,3,1,21,23,25,27,29,31,33,35,37,39]",0-2-5-7-9-11-13-15-17-19-32-38-36-34-30-28-26-24-22-20-18-16-14-12-10-8-6-4-3-1-21-23-25-27-29-31-33-35-37-39,4f226a89090b6292,stage3_native_combined552,False,N40_SurfaceT_repair_candidates,,,,,,False,,True,PASS_TEACHER_FIELDS_EXTRACTED,,6.958981612115167e-05,0.1523378044366836,582016128.0,579927488.0,,,,,,37.0,0.17289719626168223,0.011724174286790151,,,4.5779268475598656e-05,0.0001498124456702,False,False,False,False,,False,19.0,0.08878504672897196,0.14700910876226922,,,0.1440253555774688,0.1574980020523071,False,False,False,False,,False,37.0,0.17289719626168223,0.05150847021644067,,,581119040.0,583269440.0,False,False,False,False,,False,127.0,0.5934579439252337,0.6067415730337079,,,579924032.0,579927040.0,False,False,False,False,,False,37.0,0.17289719626168223,False,False,False,False,37.0,0.17289719626168223,0.8309859154929577,,
40,S3R59N40PR40_N40_B04_n40_median,"[0,2,5,7,9,11,13,15,17,19,32,36,38,34,30,28,26,24,22,20,18,16,14,12,10,8,6,4,3,1,21,23,25,27,29,31,33,35,37,39]",0-2-5-7-9-11-13-15-17-19-32-36-38-34-30-28-26-24-22-20-18-16-14-12-10-8-6-4-3-1-21-23-25-27-29-31-33-35-37-39,b6cb5add6c320264,stage3_native_combined552,False,N40_median_guard_repair,,,,,,False,,True,PASS_TEACHER_FIELDS_EXTRACTED,,7.110601291060448e-05,0.1523234695196151,582018816.0,579927488.0,,,,,,39.0,0.1822429906542056,0.012470740710932704,,,4.5779268475598656e-05,0.0001498124456702,False,False,False,False,,False,18.0,0.08411214953271028,0.1467555898031617,,,0.1440253555774688,0.1574980020523071,False,False,False,False,,False,39.0,0.1822429906542056,0.05166280821666115,,,581119040.0,583269440.0,False,False,False,False,,False,127.0,0.5934579439252337,0.6067415730337079,,,579924032.0,579927040.0,False,False,False,False,,False,39.0,0.1822429906542056,False,False,False,False,39.0,0.1822429906542056,0.8215962441314554,,
40,S3R59N40PR40_N40_B05_n40_median,"[19,17,15,13,11,9,7,5,2,0,34,36,38,32,30,28,26,24,22,20,18,16,14,12,10,8,6,4,3,1,21,23,25,27,29,31,33,35,37,39]",19-17-15-13-11-9-7-5-2-0-34-36-38-32-30-28-26-24-22-20-18-16-14-12-10-8-6-4-3-1-21-23-25-27-29-31-33-35-37-39,de2b5140e851a898,stage3_native_combined552,False,N40_median_guard_repair,,,,,,False,,True,PASS_TEACHER_FIELDS_EXTRACTED,,9.501385829935316e-05,0.1601337045431137,582205376.0,579926528.0,,,,,,77.0,0.3598130841121495,0.024242823836944805,,,4.5779268475598656e-05,0.0001498124456702,False,False,False,False,,False,140.0,0.6542056074766355,0.28488283840037576,,,0.1440253555774688,0.1574980020523071,False,False,False,False,,False,67.0,0.3130841121495327,0.06237460037482086,,,581119040.0,583269440.0,False,False,False,False,,False,69.0,0.32242990654205606,0.43820224719101125,,,579924032.0,579927040.0,False,False,False,False,,False,77.0,0.3598130841121495,False,False,False,False,77.0,0.3598130841121495,0.6431924882629108,,
40,S3R59N40PR40_N40_B06_n40_no_median,"[0,2,5,7,9,11,13,15,17,19,28,30,32,38,36,34,26,24,22,20,18,16,14,12,10,8,6,4,3,1,21,23,25,27,29,31,33,35,37,39]",0-2-5-7-9-11-13-15-17-19-28-30-32-38-36-34-26-24-22-20-18-16-14-12-10-8-6-4-3-1-21-23-25-27-29-31-33-35-37-39,239f1dde3c799579,stage3_native_combined552,False,N40_no_penalty_worse_than_median,,,,,,False,,True,PASS_TEACHER_FIELDS_EXTRACTED,,8.251216149801621e-05,0.1516209989786148,582085952.0,579927552.0,,,,,,62.0,0.2897196261682243,0.018087061510039405,,,4.5779268475598656e-05,0.0001498124456702,False,False,False,False,,False,16.0,0.07476635514018691,0.13433210667403295,,,0.1440253555774688,0.1574980020523071,False,False,False,False,,False,48.0,0.22429906542056074,0.05551758350788226,,,581119040.0,583269440.0,False,False,False,False,,False,146.0,0.6822429906542056,0.6179775280898876,,,579924032.0,579927040.0,False,False,False,False,,False,62.0,0.2897196261682243,False,False,False,False,62.0,0.2897196261682243,0.7136150234741784,,
40,S3R59N40PR40_N40_B07_n40_no_median,"[0,2,5,7,9,11,13,15,17,19,26,28,30,32,38,36,34,24,22,20,18,16,14,12,10,8,6,4,3,1,21,23,25,27,29,31,33,35,37,39]",0-2-5-7-9-11-13-15-17-19-26-28-30-32-38-36-34-24-22-20-18-16-14-12-10-8-6-4-3-1-21-23-25-27-29-31-33-35-37-39,84e9f4f966bcf19c,stage3_native_combined552,False,N40_no_penalty_worse_than_median,,,,,,False,,True,PASS_TEACHER_FIELDS_EXTRACTED,,7.809461021679454e-05,0.153184562921524,582160640.0,579926528.0,,,,,,56.0,0.2616822429906542,0.01591188511708697,,,4.5779268475598656e-05,0.0001498124456702,False,False,False,False,,False,39.0,0.1822429906542056,0.16198438407542573,,,0.1440253555774688,0.1574980020523071,False,False,False,False,,False,60.0,0.2803738317757009,0.059805975085437106,,,581119040.0,583269440.0,False,False,False,False,,False,69.0,0.32242990654205606,0.43820224719101125,,,579924032.0,579927040.0,False,False,False,False,,False,56.0,0.2616822429906542,False,False,False,False,56.0,0.2616822429906542,0.7417840375586855,,
40,S3R59N40PR40_N40_B08_n40_penalty_repair,"[0,2,5,7,9,11,13,15,17,19,34,36,38,32,30,28,26,24,22,20,18,16,14,12,10,8,6,4,3,1,21,23,25,27,29,31,33,35,39,37]",0-2-5-7-9-11-13-15-17-19-34-36-38-32-30-28-26-24-22-20-18-16-14-12-10-8-6-4-3-1-21-23-25-27-29-31-33-35-39-37,c837f4079b3a3e5b,stage3_native_combined552,False,N40_penalty_repair_local_search,,,,,,False,,True,PASS_TEACHER_FIELDS_EXTRACTED,,6.476157250290271e-05,0.1527572870254516,582009088.0,579926528.0,,,,,,28.0,0.1308411214953271,0.009346775391053061,,,4.5779268475598656e-05,0.0001498124456702,False,False,False,False,,False,24.0,0.11214953271028037,0.1544278324814187,,,0.1440253555774688,0.1574980020523071,False,False,False,False,,False,29.0,0.13551401869158877,0.05110425164443465,,,581119040.0,583269440.0,False,False,False,False,,False,69.0,0.32242990654205606,0.43820224719101125,,,579924032.0,579927040.0,False,False,False,False,,False,28.0,0.1308411214953271,False,False,False,False,28.0,0.1308411214953271,0.8732394366197183,,
40,S3R59N40PR40_N40_B09_n40_penalty_repair,"[0,2,5,7,9,11,13,15,17,19,38,36,34,32,30,28,26,24,22,20,18,16,14,12,10,8,6,4,3,1,21,23,25,27,29,31,33,35,37,39]",0-2-5-7-9-11-13-15-17-19-38-36-34-32-30-28-26-24-22-20-18-16-14-12-10-8-6-4-3-1-21-23-25-27-29-31-33-35-37-39,d23075235a46d076,stage3_native_combined552,False,N40_penalty_repair_local_search,,,,,,False,,True,PASS_TEACHER_FIELDS_EXTRACTED,,7.3961019552371e-05,0.1534765660762787,582004416.0,579927552.0,,,,,,42.0,0.19626168224299065,0.01387652926969631,,,4.5779268475598656e-05,0.0001498124456702,False,False,False,False,,False,53.0,0.24766355140186916,0.16714858108443006,,,0.1440253555774688,0.1574980020523071,False,False,False,False,,False,22.0,0.102803738317757,0.05083599750119428,,,581119040.0,583269440.0,False,False,False,False,,False,146.0,0.6822429906542056,0.6179775280898876,,,579924032.0,579927040.0,False,False,False,False,,False,42.0,0.19626168224299065,False,False,False,False,42.0,0.19626168224299065,0.8075117370892019,,
40,S3R59N40PR40_N40_B10_n40_penalty_repair,"[36,34,19,17,15,13,11,9,7,5,2,0,38,32,30,28,26,24,22,20,18,16,14,12,10,8,6,4,3,1,21,23,25,27,29,31,33,35,37,39]",36-34-19-17-15-13-11-9-7-5-2-0-38-32-30-28-26-24-22-20-18-16-14-12-10-8-6-4-3-1-21-23-25-27-29-31-33-35-37-39,3832a9ba497d7f22,stage3_native_combined552,False,N40_penalty_repair_local_search,,,,,,False,,True,PASS_TEACHER_FIELDS_EXTRACTED,,0.0001235023337358,0.1647430956363678,582165248.0,579927488.0,,,,,,96.0,0.4485981308411215,0.03827038238594875,,,4.5779268475598656e-05,0.0001498124456702,False,False,False,False,,False,180.0,0.8411214953271028,0.3664018333479168,,,0.1440253555774688,0.1574980020523071,False,False,False,False,,False,61.0,0.2850467289719626,0.060070554514386504,,,581119040.0,583269440.0,False,False,False,False,,False,127.0,0.5934579439252337,0.6067415730337079,,,579924032.0,579927040.0,False,False,False,False,,False,96.0,0.4485981308411215,False,False,False,False,96.0,0.4485981308411215,0.5539906103286385,,
40,S3R59N40PR40_N40_B11_n40_penalty_repair,"[0,2,5,7,9,11,13,15,17,19,22,24,26,28,30,32,38,36,34,20,18,16,14,12,10,8,6,4,3,1,21,23,25,27,29,31,33,35,37,39]",0-2-5-7-9-11-13-15-17-19-22-24-26-28-30-32-38-36-34-20-18-16-14-12-10-8-6-4-3-1-21-23-25-27-29-31-33-35-37-39,5505d4051bd3897c,stage3_native_combined552,False,N40_penalty_repair_local_search,,,,,,False,,True,PASS_TEACHER_FIELDS_EXTRACTED,,8.56483711686451e-05,0.1562725901603698,582451072.0,579927552.0,,,,,,67.0,0.3130841121495327,0.019631312794206615,,,4.5779268475598656e-05,0.0001498124456702,False,False,False,False,,False,103.0,0.48130841121495327,0.21659742770493123,,,0.1440253555774688,0.1574980020523071,False,False,False,False,,False,87.0,0.40654205607476634,0.07648182853783118,,,581119040.0,583269440.0,False,False,False,False,,False,146.0,0.6822429906542056,0.6179775280898876,,,579924032.0,579927040.0,False,False,False,False,,False,67.0,0.3130841121495327,False,False,False,False,67.0,0.3130841121495327,0.6901408450704225,,
40,S3R59N40PR40_N40_B12_n40_penalty_top,"[0,2,5,7,9,21,1,3,4,6,8,10,12,14,16,18,20,22,24,26,28,30,32,38,36,34,19,17,15,13,11,23,25,27,29,31,33,35,37,39]",0-2-5-7-9-21-1-3-4-6-8-10-12-14-16-18-20-22-24-26-28-30-32-38-36-34-19-17-15-13-11-23-25-27-29-31-33-35-37-39,8effde4fb1895f8e,stage3_native_combined552,False,N40_penalty_repair_top,,,,,,False,,True,PASS_TEACHER_FIELDS_EXTRACTED,,0.0001891053861982,0.1626538634300232,584486144.0,579927296.0,,,,,,125.0,0.5841121495327103,0.07057294141416431,,,4.5779268475598656e-05,0.0001498124456702,False,False,False,False,,False,164.0,0.7663551401869159,0.32945289449078663,,,0.1440253555774688,0.1574980020523071,False,False,False,False,,False,149.0,0.6962616822429907,0.19333039356190057,,,581119040.0,583269440.0,False,False,False,False,,False,117.0,0.5467289719626168,0.5730337078651685,,,579924032.0,579927040.0,False,False,False,False,,False,125.0,0.5841121495327103,False,False,False,False,125.0,0.5841121495327103,0.4178403755868545,,
40,S3R59N40PR40_N40_B13_n40_penalty_top,"[25,23,21,1,3,4,6,8,10,12,14,16,18,20,22,24,26,28,30,32,38,36,34,19,17,15,13,11,9,7,5,2,0,27,29,31,33,35,37,39]",25-23-21-1-3-4-6-8-10-12-14-16-18-20-22-24-26-28-30-32-38-36-34-19-17-15-13-11-9-7-5-2-0-27-29-31-33-35-37-39,599db4efe4625099,stage3_native_combined552,False,N40_penalty_repair_top,,,,,,False,,True,PASS_TEACHER_FIELDS_EXTRACTED,,0.0001532133671844,0.1574422419071197,583485440.0,579927488.0,,,,,,106.0,0.4953271028037383,0.05289992134395316,,,4.5779268475598656e-05,0.0001498124456702,False,False,False,False,,False,108.0,0.5046728971962616,0.23728320439531286,,,0.1440253555774688,0.1574980020523071,False,False,False,False,,False,116.0,0.5420560747663551,0.13587256090838937,,,581119040.0,583269440.0,False,False,False,False,,False,127.0,0.5934579439252337,0.6067415730337079,,,579924032.0,579927040.0,False,False,False,False,,False,106.0,0.4953271028037383,False,False,False,False,106.0,0.4953271028037383,0.5070422535211268,,
40,S3R59N40PR40_N40_B14_n40_penalty_top,"[0,2,3,7,9,11,13,15,17,19,34,36,38,32,30,28,26,24,22,20,18,16,14,12,10,8,6,4,5,1,21,23,25,27,29,31,33,35,37,39]",0-2-3-7-9-11-13-15-17-19-34-36-38-32-30-28-26-24-22-20-18-16-14-12-10-8-6-4-5-1-21-23-25-27-29-31-33-35-37-39,4c0745929566fc08,stage3_native_combined552,False,N40_penalty_repair_top,,,,,,False,,True,PASS_TEACHER_FIELDS_EXTRACTED,,5.191683794691926e-05,0.1703883707523346,582015232.0,579927424.0,,,,,,4.0,0.018691588785046728,0.0030221032817145006,,,4.5779268475598656e-05,0.0001498124456702,False,False,False,False,,False,195.0,0.9112149532710281,0.4662408672562093,,,0.1440253555774688,0.1574980020523071,False,False,False,False,,False,35.0,0.16355140186915887,0.05145702421636718,,,581119040.0,583269440.0,False,False,False,False,,False,123.0,0.5747663551401869,0.5955056179775281,,,579924032.0,579927040.0,False,False,False,False,,False,4.0,0.018691588785046728,False,False,False,False,4.0,0.018691588785046728,0.9859154929577465,,
40,S3R59N40PR40_N40_B15_n40_penalty_top,"[0,2,5,7,9,11,13,15,17,19,33,31,29,27,25,23,21,1,3,4,6,8,10,12,14,16,18,20,22,24,26,28,30,32,38,36,34,35,37,39]",0-2-5-7-9-11-13-15-17-19-33-31-29-27-25-23-21-1-3-4-6-8-10-12-14-16-18-20-22-24-26-28-30-32-38-36-34-35-37-39,5c68de5d40a2a69f,stage3_native_combined552,False,N40_penalty_repair_top,,,,,,False,,True,PASS_TEACHER_FIELDS_EXTRACTED,,0.0001742487111187,0.1756399422883987,587064192.0,579928576.0,,,,,,121.0,0.5654205607476636,0.063257601567842,,,4.5779268475598656e-05,0.0001498124456702,False,False,False,False,,False,203.0,0.9485981308411215,0.5591170899185895,,,0.1440253555774688,0.1574980020523071,False,False,False,False,,False,184.0,0.8598130841121495,0.3413552346305075,,,581119040.0,583269440.0,False,False,False,False,,False,208.0,0.9719626168224299,0.797752808988764,,,579924032.0,579927040.0,False,False,False,False,,False,121.0,0.5654205607476636,False,False,False,False,121.0,0.5654205607476636,0.43661971830985913,,
40,S3R59N40PR40_N40_B16_n40_two_stage,"[0,2,5,7,9,11,13,15,17,19,24,26,28,30,32,38,36,34,22,20,18,16,14,12,10,8,6,4,3,1,21,23,25,27,29,31,33,35,37,39]",0-2-5-7-9-11-13-15-17-19-24-26-28-30-32-38-36-34-22-20-18-16-14-12-10-8-6-4-3-1-21-23-25-27-29-31-33-35-37-39,2ef7cc7850d02d4b,stage3_native_combined552,False,N40_two_stage_penalty_repair,,,,,,False,,True,PASS_TEACHER_FIELDS_EXTRACTED,,5.533727926376741e-05,0.1533247381448745,582295040.0,579927552.0,,,,,,11.0,0.0514018691588785,0.004706308564743988,,,4.5779268475598656e-05,0.0001498124456702,False,False,False,False,,False,41.0,0.19158878504672897,0.16446344109031064,,,0.1440253555774688,0.1574980020523071,False,False,False,False,,False,79.0,0.3691588785046729,0.06752287509646125,,,581119040.0,583269440.0,False,False,False,False,,False,146.0,0.6822429906542056,0.6179775280898876,,,579924032.0,579927040.0,False,False,False,False,,False,11.0,0.0514018691588785,False,False,False,False,11.0,0.0514018691588785,0.9530516431924883,,
40,S3R59N40PR40_N40_B17_n40_two_stage,"[0,2,4,7,9,11,13,15,17,19,34,36,38,32,30,28,26,24,22,20,18,16,14,12,10,8,6,5,3,1,21,23,25,27,29,31,33,35,37,39]",0-2-4-7-9-11-13-15-17-19-34-36-38-32-30-28-26-24-22-20-18-16-14-12-10-8-6-5-3-1-21-23-25-27-29-31-33-35-37-39,d48ea0f533c23728,stage3_native_combined552,False,N40_two_stage_penalty_repair,,,,,,False,,True,PASS_TEACHER_FIELDS_EXTRACTED,,5.130235695105512e-05,0.1530022919178009,582005440.0,579927552.0,,,,,,3.0,0.014018691588785047,0.0027195364361855576,,,4.5779268475598656e-05,0.0001498124456702,False,False,False,False,,False,33.0,0.1542056074766355,0.15876084570973326,,,0.1440253555774688,0.1574980020523071,False,False,False,False,,False,24.0,0.11214953271028037,0.050894792929849705,,,581119040.0,583269440.0,False,False,False,False,,False,146.0,0.6822429906542056,0.6179775280898876,,,579924032.0,579927040.0,False,False,False,False,,False,3.0,0.014018691588785047,False,False,False,False,3.0,0.014018691588785047,0.9906103286384976,,
40,S3R59N40PR40_N40_B18_n40_two_stage,"[0,2,5,7,9,11,13,15,17,19,34,36,38,35,33,31,29,27,25,23,21,1,3,4,6,8,10,12,14,16,18,20,22,24,26,28,30,32,37,39]",0-2-5-7-9-11-13-15-17-19-34-36-38-35-33-31-29-27-25-23-21-1-3-4-6-8-10-12-14-16-18-20-22-24-26-28-30-32-37-39,ea308832741b0399,stage3_native_combined552,False,N40_two_stage_penalty_repair,,,,,,False,,True,PASS_TEACHER_FIELDS_EXTRACTED,,0.0002040392319031,0.1640890538692474,588950400.0,579927296.0,,,,,,134.0,0.6261682242990654,0.0779262796247191,,,4.5779268475598656e-05,0.0001498124456702,False,False,False,False,,False,175.0,0.8177570093457944,0.35483483318874226,,,0.1440253555774688,0.1574980020523071,False,False,False,False,,False,199.0,0.9299065420560748,0.4496564142137949,,,581119040.0,583269440.0,False,False,False,False,,False,117.0,0.5467289719626168,0.5730337078651685,,,579924032.0,579927040.0,False,False,False,False,,False,134.0,0.6261682242990654,False,False,False,False,134.0,0.6261682242990654,0.3755868544600939,,
40,S3R59N40PR40_N40_B19_n40_u2ret_repair,"[0,3,5,7,9,11,13,15,17,19,24,26,28,30,34,36,38,32,22,20,18,16,14,12,10,8,6,4,2,1,21,23,25,27,29,31,33,35,37,39]",0-3-5-7-9-11-13-15-17-19-24-26-28-30-34-36-38-32-22-20-18-16-14-12-10-8-6-4-2-1-21-23-25-27-29-31-33-35-37-39,d6a7df55f77df95f,stage3_native_combined552,False,N40_u2_reward_retention_local_repair,,,,,,False,,True,PASS_TEACHER_FIELDS_EXTRACTED,,5.447568582894746e-05,0.1536350399255752,582269312.0,579927872.0,,,,,,10.0,0.04672897196261682,0.004282065000733825,,,4.5779268475598656e-05,0.0001498124456702,False,False,False,False,,False,59.0,0.2757009345794392,0.16995125689534715,,,0.1440253555774688,0.1574980020523071,False,False,False,False,,False,73.0,0.3411214953271028,0.06604563995149378,,,581119040.0,583269440.0,False,False,False,False,,False,202.0,0.9439252336448598,0.6741573033707865,,,579924032.0,579927040.0,False,False,False,False,,False,10.0,0.04672897196261682,False,False,False,False,10.0,0.04672897196261682,0.9577464788732395,,
40,S3R59N40PR40_N40_B20_n40_u2ret_repair,"[0,3,5,7,9,11,13,15,17,19,24,26,34,36,38,32,30,28,22,20,18,16,14,12,10,8,6,4,2,1,21,23,25,27,29,31,33,35,37,39]",0-3-5-7-9-11-13-15-17-19-24-26-34-36-38-32-30-28-22-20-18-16-14-12-10-8-6-4-2-1-21-23-25-27-29-31-33-35-37-39,338a4d92a6b93af9,stage3_native_combined552,False,N40_u2_reward_retention_local_repair,,,,,,False,,True,PASS_TEACHER_FIELDS_EXTRACTED,,7.352428656304255e-05,0.1558193564414978,582150656.0,579927552.0,,,,,,41.0,0.19158878504672897,0.01366148450214625,,,4.5779268475598656e-05,0.0001498124456702,False,False,False,False,,False,96.0,0.4485981308411215,0.20858180123902917,,,0.1440253555774688,0.1574980020523071,False,False,False,False,,False,57.0,0.26635514018691586,0.05923271965604674,,,581119040.0,583269440.0,False,False,False,False,,False,146.0,0.6822429906542056,0.6179775280898876,,,579924032.0,579927040.0,False,False,False,False,,False,41.0,0.19158878504672897,False,False,False,False,41.0,0.19158878504672897,0.812206572769953,,
40,S3R59N40PR40_N40_B21_n40_u2ret_repair,"[0,3,5,7,9,11,13,15,17,19,24,34,36,38,32,30,28,26,22,20,18,16,14,12,10,8,6,4,2,1,21,23,25,27,29,31,33,35,37,39]",0-3-5-7-9-11-13-15-17-19-24-34-36-38-32-30-28-26-22-20-18-16-14-12-10-8-6-4-2-1-21-23-25-27-29-31-33-35-37-39,d97f5f24b924530b,stage3_native_combined552,False,N40_u2_reward_retention_local_repair,,,,,,False,,True,PASS_TEACHER_FIELDS_EXTRACTED,,7.584344893984962e-05,0.155017614364624,582094720.0,579927488.0,,,,,,48.0,0.22429906542056074,0.014803426481382111,,,4.5779268475598656e-05,0.0001498124456702,False,False,False,False,,False,86.0,0.40186915887850466,0.1944026597880991,,,0.1440253555774688,0.1574980020523071,False,False,False,False,,False,50.0,0.2336448598130841,0.056021019365744315,,,581119040.0,583269440.0,False,False,False,False,,False,127.0,0.5934579439252337,0.6067415730337079,,,579924032.0,579927040.0,False,False,False,False,,False,48.0,0.22429906542056074,False,False,False,False,48.0,0.22429906542056074,0.7793427230046949,,
40,S3R59N40PR40_N40_B22_n40_u2ret_top,"[4,3,5,7,9,11,13,15,17,19,24,26,28,30,32,38,36,34,22,20,18,16,14,12,10,8,6,0,2,1,21,23,25,27,29,31,33,35,37,39]",4-3-5-7-9-11-13-15-17-19-24-26-28-30-32-38-36-34-22-20-18-16-14-12-10-8-6-0-2-1-21-23-25-27-29-31-33-35-37-39,2111f63fa8a24a1f,stage3_native_combined552,False,N40_u2_reward_retention_top,,,,,,False,,True,PASS_TEACHER_FIELDS_EXTRACTED,,6.851953367004171e-05,0.1649787276983261,582289664.0,579927552.0,,,,,,34.0,0.1588785046728972,0.01119717347270977,,,4.5779268475598656e-05,0.0001498124456702,False,False,False,False,,False,183.0,0.8551401869158879,0.37056908417989115,,,0.1440253555774688,0.1574980020523071,False,False,False,False,,False,76.0,0.35514018691588783,0.06721419909602029,,,581119040.0,583269440.0,False,False,False,False,,False,146.0,0.6822429906542056,0.6179775280898876,,,579924032.0,579927040.0,False,False,False,False,,False,34.0,0.1588785046728972,False,False,False,False,34.0,0.1588785046728972,0.8450704225352113,,
40,S3R59N40PR40_N40_B23_n40_u2ret_top,"[0,3,5,7,9,11,13,15,17,19,22,26,28,30,32,38,36,34,24,20,18,16,14,12,10,8,6,4,2,1,21,23,25,27,29,31,33,35,37,39]",0-3-5-7-9-11-13-15-17-19-22-26-28-30-32-38-36-34-24-20-18-16-14-12-10-8-6-4-2-1-21-23-25-27-29-31-33-35-37-39,43beaa0f788be14e,stage3_native_combined552,False,N40_u2_reward_retention_top,,,,,,False,,True,PASS_TEACHER_FIELDS_EXTRACTED,,9.117159152083332e-05,0.1538078635931015,582321152.0,579927808.0,,,,,,72.0,0.3364485981308411,0.022350914165722956,,,4.5779268475598656e-05,0.0001498124456702,False,False,False,False,,False,67.0,0.3130841121495327,0.17300771519859476,,,0.1440253555774688,0.1574980020523071,False,False,False,False,,False,83.0,0.3878504672897196,0.06902215852717451,,,581119040.0,583269440.0,False,False,False,False,,False,197.0,0.9205607476635514,0.6629213483146067,,,579924032.0,579927040.0,False,False,False,False,,False,72.0,0.3364485981308411,False,False,False,False,72.0,0.3364485981308411,0.6666666666666667,,
40,S3R59N40PR40_N40_B24_n40_u2ret_top,"[0,3,5,7,9,11,13,15,17,19,24,26,28,30,32,36,38,34,22,20,18,16,14,12,10,8,6,4,2,1,21,23,25,27,29,31,33,35,37,39]",0-3-5-7-9-11-13-15-17-19-24-26-28-30-32-36-38-34-22-20-18-16-14-12-10-8-6-4-2-1-21-23-25-27-29-31-33-35-37-39,780b3d41ea73762d,stage3_native_combined552,False,N40_u2_reward_retention_top,,,,,,False,,True,PASS_TEACHER_FIELDS_EXTRACTED,,5.292977675708244e-05,0.1536608040332794,582292864.0,579926528.0,,,,,,7.0,0.03271028037383177,0.0035208684226508964,,,4.5779268475598656e-05,0.0001498124456702,False,False,False,False,,False,62.0,0.2897196261682243,0.1704069058353643,,,0.1440253555774688,0.1574980020523071,False,False,False,False,,False,78.0,0.3644859813084112,0.06739793481056848,,,581119040.0,583269440.0,False,False,False,False,,False,69.0,0.32242990654205606,0.43820224719101125,,,579924032.0,579927040.0,False,False,False,False,,False,7.0,0.03271028037383177,False,False,False,False,7.0,0.03271028037383177,0.971830985915493,,
12,S3R64VNR_N12_B01_n12_diversity,"[0,5,10,3,8,1,6,11,4,9,2,7]",0-5-10-3-8-1-6-11-4-9-2-7,9e779fb1f98b42cb,stage3_native_combined552,False,N12_diversity_coverage,,,,,,False,,True,PASS_TEACHER_FIELDS_EXTRACTED,,6.379491514962865e-05,0.1535141170024871,581880128.0,579938432.0,,,,,,71.0,0.8255813953488372,0.30646399913606687,,,2.20100214392005e-05,3.9525062220491236e-05,False,False,False,False,,False,61.0,0.7093023255813954,0.3768723143947153,,,0.1403219699859619,0.14851062744855875,False,False,False,False,,False,53.0,0.6162790697674418,0.21771482250568575,,,580752832.0,581293664.0,False,False,False,False,,False,12.0,0.13953488372093023,0.2413793103448276,,,579937984.0,579939520.0,False,False,False,False,,False,72.0,0.8372093023255814,False,False,False,False,72.0,0.8372093023255814,0.16470588235294115,,
12,S3R64VNR_N12_B02_n12_penalty,"[1,11,7,9,5,3,2,0,4,6,8,10]",1-11-7-9-5-3-2-0-4-6-8-10,1e2231ce84496ca8,stage3_native_combined552,False,N12_penalty_aware_repair,,,,,,False,,True,PASS_TEACHER_FIELDS_EXTRACTED,,4.408235781738768e-05,0.1478625386953354,581030976.0,579938560.0,,,,,,57.0,0.6627906976744186,0.16188569303570025,,,2.20100214392005e-05,3.9525062220491236e-05,False,False,False,False,,False,34.0,0.3953488372093023,0.2154184286905026,,,0.1403219699859619,0.14851062744855875,False,False,False,False,,False,23.0,0.26744186046511625,0.053717986749728074,,,580752832.0,581293664.0,False,False,False,False,,False,17.0,0.19767441860465115,0.3103448275862069,,,579937984.0,579939520.0,False,False,False,False,,False,57.0,0.6627906976744186,False,False,False,False,57.0,0.6627906976744186,0.3411764705882353,,
12,S3R64VNR_N12_B03_n12_anchor_local,"[1,3,5,7,9,11,0,2,4,6,8,10]",1-3-5-7-9-11-0-2-4-6-8-10,8aadf6f90209956f,stage3_native_combined552,False,N12_recovery_anchor_local_search,,,,,,False,,True,PASS_TEACHER_FIELDS_EXTRACTED,,3.5103737900499254e-05,0.1520085632801056,583759616.0,579938560.0,,,,,,34.0,0.3953488372093023,0.0960335746715544,,,2.20100214392005e-05,3.9525062220491236e-05,False,False,False,False,,False,57.0,0.6627906976744186,0.33386176311077803,,,0.1403219699859619,0.14851062744855875,False,False,False,False,,False,81.0,0.9418604651162791,0.5807005834074953,,,580752832.0,581293664.0,False,False,False,False,,False,17.0,0.19767441860465115,0.3103448275862069,,,579937984.0,579939520.0,False,False,False,False,,False,34.0,0.3953488372093023,False,False,False,False,34.0,0.3953488372093023,0.611764705882353,,
12,S3R64VNR_N12_B04_n12_anchor_local,"[1,5,7,9,11,3,0,2,4,6,8,10]",1-5-7-9-11-3-0-2-4-6-8-10,1290c1124ec55cac,stage3_native_combined552,False,N12_recovery_anchor_local_search,,,,,,False,,True,PASS_TEACHER_FIELDS_EXTRACTED,,4.209233884466812e-05,0.1484188884496688,582993408.0,579939520.0,,,,,,54.0,0.627906976744186,0.14729024672530122,,,2.20100214392005e-05,3.9525062220491236e-05,False,False,False,False,,False,38.0,0.4418604651162791,0.23131218876351547,,,0.1403219699859619,0.14851062744855875,False,False,False,False,,False,68.0,0.7906976744186046,0.43272273311579157,,,580752832.0,581293664.0,False,False,False,False,,False,32.0,0.37209302325581395,0.8275862068965517,,,579937984.0,579939520.0,False,False,False,False,,False,55.0,0.6395348837209303,False,False,False,False,55.0,0.6395348837209303,0.3647058823529412,,
12,S3R64VNR_N12_B05_n12_anchor_local,"[11,5,9,7,3,1,0,2,4,6,8,10]",11-5-9-7-3-1-0-2-4-6-8-10,2ba6511276b95246,stage3_native_combined552,False,N12_recovery_anchor_local_search,,,,,,False,,True,PASS_TEACHER_FIELDS_EXTRACTED,,3.254793091400643e-05,0.1469618827104568,581045120.0,579939520.0,,,,,,20.0,0.23255813953488372,0.07728845507095065,,,2.20100214392005e-05,3.9525062220491236e-05,False,False,False,False,,False,24.0,0.27906976744186046,0.1896885527977115,,,0.1403219699859619,0.14851062744855875,False,False,False,False,,False,24.0,0.27906976744186046,0.05644961930188866,,,580752832.0,581293664.0,False,False,False,False,,False,32.0,0.37209302325581395,0.8275862068965517,,,579937984.0,579939520.0,False,False,False,False,,False,20.0,0.23255813953488372,False,False,False,False,20.0,0.23255813953488372,0.7764705882352941,,
12,S3R64VNR_N12_B06_n12_anchor_top,"[1,11,9,7,5,3,0,2,4,6,8,10]",1-11-9-7-5-3-0-2-4-6-8-10,cea9436fc85171ab,stage3_native_combined552,False,N12_recovery_anchor_top,,,,,,False,,True,PASS_TEACHER_FIELDS_EXTRACTED,,2.3353248252533376e-05,0.1469611227512359,582776448.0,579939520.0,,,,,,2.0,0.023255813953488372,0.009851662273297916,,,2.20100214392005e-05,3.9525062220491236e-05,False,False,False,False,,False,22.0,0.2558139534883721,0.18966684233693037,,,0.1403219699859619,0.14851062744855875,False,False,False,False,,False,62.0,0.7209302325581395,0.3908212202116088,,,580752832.0,581293664.0,False,False,False,False,,False,32.0,0.37209302325581395,0.8275862068965517,,,579937984.0,579939520.0,False,False,False,False,,False,3.0,0.03488372093023256,False,False,False,False,3.0,0.03488372093023256,0.9764705882352941,,
12,S3R64VNR_N12_B07_n12_anchor_top,"[1,11,9,7,5,3,4,2,0,6,8,10]",1-11-9-7-5-3-4-2-0-6-8-10,278b20a302510f0d,stage3_native_combined552,False,N12_recovery_anchor_top,,,,,,False,,True,PASS_TEACHER_FIELDS_EXTRACTED,,4.7157466724456754e-05,0.1438055485486984,581349824.0,579939648.0,,,,,,62.0,0.7209302325581395,0.1844395418014836,,,2.20100214392005e-05,3.9525062220491236e-05,False,False,False,False,,False,6.0,0.06976744186046512,0.0995186237440925,,,0.1403219699859619,0.14851062744855875,False,False,False,False,,False,42.0,0.4883720930232558,0.11529714229209928,,,580752832.0,581293664.0,False,False,False,False,,False,75.0,0.872093023255814,0.896551724137931,,,579937984.0,579939520.0,False,False,False,False,,False,62.0,0.7209302325581395,False,False,False,False,62.0,0.7209302325581395,0.2823529411764706,,
12,S3R64VNR_N12_B08_n12_anchor_top,"[1,7,11,9,3,5,0,2,4,6,8,10]",1-7-11-9-3-5-0-2-4-6-8-10,1060a2785b03891f,stage3_native_combined552,False,N12_recovery_anchor_top,,,,,,False,,True,PASS_TEACHER_FIELDS_EXTRACTED,,3.971927708334988e-05,0.1505984514951706,582831104.0,579939520.0,,,,,,48.0,0.5581395348837209,0.1298854400358213,,,2.20100214392005e-05,3.9525062220491236e-05,False,False,False,False,,False,53.0,0.6162790697674418,0.293577790283761,,,0.1403219699859619,0.14851062744855875,False,False,False,False,,False,65.0,0.7558139534883721,0.4013769405715416,,,580752832.0,581293664.0,False,False,False,False,,False,32.0,0.37209302325581395,0.8275862068965517,,,579937984.0,579939520.0,False,False,False,False,,False,48.0,0.5581395348837209,False,False,False,False,48.0,0.5581395348837209,0.44705882352941173,,
12,S3R64VNR_N12_B09_n12_anchor_top,"[1,7,9,11,5,3,0,2,4,8,6,10]",1-7-9-11-5-3-0-2-4-8-6-10,f2a9674773c2199d,stage3_native_combined552,False,N12_recovery_anchor_top,,,,,,False,,True,PASS_TEACHER_FIELDS_EXTRACTED,,3.798802094934217e-05,0.1497074365615844,582938496.0,579939776.0,,,,,,44.0,0.5116279069767442,0.11718784453554996,,,2.20100214392005e-05,3.9525062220491236e-05,False,False,False,False,,False,47.0,0.5465116279069767,0.2681233392561727,,,0.1403219699859619,0.14851062744855875,False,False,False,False,,False,66.0,0.7674418604651163,0.4221175714426975,,,580752832.0,581293664.0,False,False,False,False,,False,81.0,0.9418604651162791,0.9655172413793104,,,579937984.0,579939520.0,False,False,False,False,,False,44.0,0.5116279069767442,False,False,False,False,44.0,0.5116279069767442,0.49411764705882355,,
12,S3R64VNR_N12_B10_n12_u2_safe,"[3,5,7,9,11,1,0,2,4,6,8,10]",3-5-7-9-11-1-0-2-4-6-8-10,f5f1bd4e7fe9e016,stage3_native_combined552,False,N12_u2_safe_exploitation,,,,,,False,,True,PASS_TEACHER_FIELDS_EXTRACTED,,4.140971304877894e-05,0.1501847505569458,581708160.0,579939520.0,,,,,,53.0,0.6162790697674418,0.14228364714480668,,,2.20100214392005e-05,3.9525062220491236e-05,False,False,False,False,,False,51.0,0.5930232558139535,0.2817592114079542,,,0.1403219699859619,0.14851062744855875,False,False,False,False,,False,47.0,0.5465116279069767,0.18450262038959755,,,580752832.0,581293664.0,False,False,False,False,,False,32.0,0.37209302325581395,0.8275862068965517,,,579937984.0,579939520.0,False,False,False,False,,False,53.0,0.6162790697674418,False,False,False,False,53.0,0.6162790697674418,0.388235294117647,,
12,S3R64VNR_N12_B11_n12_u2_safe,"[1,11,9,7,5,3,4,6,0,2,8,10]",1-11-9-7-5-3-4-6-0-2-8-10,3fe2634252d0c710,stage3_native_combined552,False,N12_u2_safe_exploitation,,,,,,False,,True,PASS_TEACHER_FIELDS_EXTRACTED,,4.911627866022173e-05,0.1459944397211074,580957120.0,579939520.0,,,,,,65.0,0.7558139534883721,0.1988061055541677,,,2.20100214392005e-05,3.9525062220491236e-05,False,False,False,False,,False,16.0,0.18604651162790697,0.16205071052803952,,,0.1403219699859619,0.14851062744855875,False,False,False,False,,False,9.0,0.10465116279069768,0.0394541679026995,,,580752832.0,581293664.0,False,False,False,False,,False,32.0,0.37209302325581395,0.8275862068965517,,,579937984.0,579939520.0,False,False,False,False,,False,65.0,0.7558139534883721,False,False,False,False,65.0,0.7558139534883721,0.24705882352941178,,
12,S3R64VNR_N12_B12_n12_uncertainty,"[1,11,9,7,5,3,2,0,4,6,8,10]",1-11-9-7-5-3-2-0-4-6-8-10,d17554c9d2e0795a,stage3_native_combined552,False,N12_uncertainty_calibration,,,,,,False,,True,PASS_TEACHER_FIELDS_EXTRACTED,,3.746341781152296e-05,0.1469832807779312,581021440.0,579938496.0,,,,,,39.0,0.45348837209302323,0.11334023451912717,,,2.20100214392005e-05,3.9525062220491236e-05,False,False,False,False,,False,25.0,0.29069767441860467,0.19029985126205984,,,0.1403219699859619,0.14851062744855875,False,False,False,False,,False,21.0,0.2441860465116279,0.05187629783447048,,,580752832.0,581293664.0,False,False,False,False,,False,15.0,0.1744186046511628,0.27586206896551724,,,579937984.0,579939520.0,False,False,False,False,,False,40.0,0.46511627906976744,False,False,False,False,40.0,0.46511627906976744,0.5411764705882354,,
16,S3R64VNR_N16_B01_n16_diversity,"[2,5,8,11,14,1,4,7,10,13,0,3,6,9,12,15]",2-5-8-11-14-1-4-7-10-13-0-3-6-9-12-15,289336c5cfa2eb67,stage3_native_combined552,False,N16_diversity_coverage,,,,,,False,,True,PASS_TEACHER_FIELDS_EXTRACTED,,0.0001097982292321,0.1503731906414032,582193408.0,579948096.0,,,,,,72.0,0.8372093023255814,0.3223778746499504,,,2.926077831943985e-05,4.9522939889357076e-05,False,False,False,False,,False,26.0,0.3023255813953488,0.1350050534117562,,,0.1457871496677398,0.15198192000389094,False,False,False,False,,False,60.0,0.6976744186046512,0.18784164320026503,,,580887040.0,581493984.0,False,False,False,False,,False,31.0,0.36046511627906974,0.7,,,579946752.0,579948288.0,False,False,False,False,,False,72.0,0.8372093023255814,False,False,False,False,72.0,0.8372093023255814,0.16470588235294115,,
16,S3R64VNR_N16_B02_n16_penalty,"[0,2,4,6,8,12,14,10,7,5,3,1,9,11,13,15]",0-2-4-6-8-12-14-10-7-5-3-1-9-11-13-15,4b32b0c92d424de1,stage3_native_combined552,False,N16_penalty_aware_repair,,,,,,False,,True,PASS_TEACHER_FIELDS_EXTRACTED,,4.95423319080146e-05,0.1477783918380737,581524160.0,579948288.0,,,,,,48.0,0.5581395348837209,0.08118364892842674,,,2.926077831943985e-05,4.9522939889357076e-05,False,False,False,False,,False,3.0,0.03488372093023256,0.05861869902721896,,,0.1457871496677398,0.15198192000389094,False,False,False,False,,False,42.0,0.4883720930232558,0.09161099147847533,,,580887040.0,581493984.0,False,False,False,False,,False,40.0,0.46511627906976744,0.8,,,579946752.0,579948288.0,False,False,False,False,,False,48.0,0.5581395348837209,False,False,False,False,48.0,0.5581395348837209,0.44705882352941173,,
16,S3R64VNR_N16_B03_n16_anchor_local,"[8,6,4,2,10,12,14,0,1,3,5,7,9,11,13,15]",8-6-4-2-10-12-14-0-1-3-5-7-9-11-13-15,a439d1e72258bb37,stage3_native_combined552,False,N16_recovery_anchor_local_search,,,,,,False,,True,PASS_TEACHER_FIELDS_EXTRACTED,,4.0733349123911466e-05,0.1522163301706314,581438784.0,579948416.0,,,,,,19.0,0.22093023255813954,0.04592277196266764,,,2.926077831943985e-05,4.9522939889357076e-05,False,False,False,False,,False,47.0,0.5465116279069767,0.18926386880781726,,,0.1457871496677398,0.15198192000389094,False,False,False,False,,False,33.0,0.38372093023255816,0.07933484254504629,,,580887040.0,581493984.0,False,False,False,False,,False,74.0,0.8604651162790697,0.8666666666666667,,,579946752.0,579948288.0,False,False,False,False,,False,20.0,0.23255813953488372,False,False,False,False,20.0,0.23255813953488372,0.7764705882352941,,
16,S3R64VNR_N16_B04_n16_anchor_local,"[8,14,6,2,4,12,10,0,1,3,5,7,9,11,13,15]",8-14-6-2-4-12-10-0-1-3-5-7-9-11-13-15,e45c2c966e98a3bf,stage3_native_combined552,False,N16_recovery_anchor_local_search,,,,,,False,,True,PASS_TEACHER_FIELDS_EXTRACTED,,4.630857847587322e-05,0.1499058455228805,581288448.0,579948352.0,,,,,,39.0,0.45348837209302323,0.06823947765429163,,,2.926077831943985e-05,4.9522939889357076e-05,False,False,False,False,,False,22.0,0.2558139534883721,0.1212472276421621,,,0.1457871496677398,0.15198192000389094,False,False,False,False,,False,26.0,0.3023255813953488,0.05771814551009515,,,580887040.0,581493984.0,False,False,False,False,,False,53.0,0.6162790697674418,0.8333333333333334,,,579946752.0,579948288.0,False,False,False,False,,False,39.0,0.45348837209302323,False,False,False,False,39.0,0.45348837209302323,0.5529411764705883,,
16,S3R64VNR_N16_B05_n16_anchor_local,"[8,6,4,2,10,12,14,0,1,3,5,7,13,11,9,15]",8-6-4-2-10-12-14-0-1-3-5-7-13-11-9-15,17cd5faa31c1285f,stage3_native_combined552,False,N16_recovery_anchor_local_search,,,,,,False,,True,PASS_TEACHER_FIELDS_EXTRACTED,,4.535047560239036e-05,0.155251070857048,581443840.0,579948288.0,,,,,,34.0,0.3953488372093023,0.0644043529446162,,,2.926077831943985e-05,4.9522939889357076e-05,False,False,False,False,,False,65.0,0.7558139534883721,0.27860134547088006,,,0.1457871496677398,0.15198192000389094,False,False,False,False,,False,35.0,0.4069767441860465,0.08006184087018939,,,580887040.0,581493984.0,False,False,False,False,,False,40.0,0.46511627906976744,0.8,,,579946752.0,579948288.0,False,False,False,False,,False,34.0,0.3953488372093023,False,False,False,False,34.0,0.3953488372093023,0.611764705882353,,
16,S3R64VNR_N16_B06_n16_anchor_top,"[8,6,4,2,14,12,10,0,1,3,5,7,9,11,13,15]",8-6-4-2-14-12-10-0-1-3-5-7-9-11-13-15,d1119557bb11b290,stage3_native_combined552,False,N16_recovery_anchor_top,,,,,,False,,True,PASS_TEACHER_FIELDS_EXTRACTED,,3.5666283110913355e-05,0.152036964893341,581560832.0,579948352.0,,,,,,7.0,0.08139534883720931,0.025640158675678842,,,2.926077831943985e-05,4.9522939889357076e-05,False,False,False,False,,False,43.0,0.5,0.1839836676539533,,,0.1457871496677398,0.15198192000389094,False,False,False,False,,False,45.0,0.5232558139534884,0.096884029963374,,,580887040.0,581493984.0,False,False,False,False,,False,53.0,0.6162790697674418,0.8333333333333334,,,579946752.0,579948288.0,False,False,False,False,,False,7.0,0.08139534883720931,False,False,False,False,7.0,0.08139534883720931,0.9294117647058824,,
16,S3R64VNR_N16_B07_n16_anchor_top,"[8,6,4,0,10,12,14,2,1,3,5,7,9,11,13,15]",8-6-4-0-10-12-14-2-1-3-5-7-9-11-13-15,c4d40c7d24c0d513,stage3_native_combined552,False,N16_recovery_anchor_top,,,,,,False,,True,PASS_TEACHER_FIELDS_EXTRACTED,,5.006112223782111e-05,0.1521210968494415,582240320.0,579948352.0,,,,,,51.0,0.5930232558139535,0.08326027939061185,,,2.926077831943985e-05,4.9522939889357076e-05,False,False,False,False,,False,46.0,0.5348837209302325,0.18646036581086253,,,0.1457871496677398,0.15198192000389094,False,False,False,False,,False,62.0,0.7209302325581395,0.19458708335633962,,,580887040.0,581493984.0,False,False,False,False,,False,53.0,0.6162790697674418,0.8333333333333334,,,579946752.0,579948288.0,False,False,False,False,,False,51.0,0.5930232558139535,False,False,False,False,51.0,0.5930232558139535,0.4117647058823529,,
16,S3R64VNR_N16_B08_n16_anchor_top,"[10,6,4,2,14,12,8,0,1,3,5,7,9,11,13,15]",10-6-4-2-14-12-8-0-1-3-5-7-9-11-13-15,2755bf302a015d7b,stage3_native_combined552,False,N16_recovery_anchor_top,,,,,,False,,True,PASS_TEACHER_FIELDS_EXTRACTED,,4.59382431472477e-05,0.1480086147785186,581497536.0,579948352.0,,,,,,36.0,0.4186046511627907,0.06675708760100377,,,2.926077831943985e-05,4.9522939889357076e-05,False,False,False,False,,False,5.0,0.05813953488372093,0.06539606114628131,,,0.1457871496677398,0.15198192000389094,False,False,False,False,,False,40.0,0.46511627906976744,0.087782747133418,,,580887040.0,581493984.0,False,False,False,False,,False,53.0,0.6162790697674418,0.8333333333333334,,,579946752.0,579948288.0,False,False,False,False,,False,36.0,0.4186046511627907,False,False,False,False,36.0,0.4186046511627907,0.5882352941176471,,
16,S3R64VNR_N16_B09_n16_anchor_top,"[10,2,4,6,8,12,14,0,1,3,5,7,9,11,13,15]",10-2-4-6-8-12-14-0-1-3-5-7-9-11-13-15,a426c037afc0c261,stage3_native_combined552,False,N16_recovery_anchor_top,,,,,,False,,True,PASS_TEACHER_FIELDS_EXTRACTED,,4.151515349803958e-05,0.1512656509876251,581532864.0,579947520.0,,,,,,24.0,0.27906976744186046,0.0490522034217882,,,2.926077831943985e-05,4.9522939889357076e-05,False,False,False,False,,False,31.0,0.36046511627906974,0.16127753056612304,,,0.1457871496677398,0.15198192000389094,False,False,False,False,,False,43.0,0.5,0.09286253289897484,,,580887040.0,581493984.0,False,False,False,False,,False,13.0,0.1511627906976744,0.4,,,579946752.0,579948288.0,False,False,False,False,,False,24.0,0.27906976744186046,False,False,False,False,24.0,0.27906976744186046,0.7294117647058824,,
16,S3R64VNR_N16_B10_n16_u2_safe,"[8,6,4,2,10,14,12,0,1,3,5,7,9,11,13,15]",8-6-4-2-10-14-12-0-1-3-5-7-9-11-13-15,a611be7825eb9f66,stage3_native_combined552,False,N16_u2_safe_exploitation,,,,,,False,,True,PASS_TEACHER_FIELDS_EXTRACTED,,3.850526627502404e-05,0.1514567881822586,581473600.0,579947520.0,,,,,,13.0,0.1511627906976744,0.037004130942513085,,,2.926077831943985e-05,4.9522939889357076e-05,False,False,False,False,,False,35.0,0.4069767441860465,0.16690427644969885,,,0.1457871496677398,0.15198192000389094,False,False,False,False,,False,38.0,0.4418604651162791,0.08434100822704434,,,580887040.0,581493984.0,False,False,False,False,,False,13.0,0.1511627906976744,0.4,,,579946752.0,579948288.0,False,False,False,False,,False,13.0,0.1511627906976744,False,False,False,False,13.0,0.1511627906976744,0.8588235294117648,,
16,S3R64VNR_N16_B11_n16_u2_safe,"[8,6,4,0,14,12,10,2,1,3,5,7,9,11,13,15]",8-6-4-0-14-12-10-2-1-3-5-7-9-11-13-15,1a1c91e76f40c3f4,stage3_native_combined552,False,N16_u2_safe_exploitation,,,,,,False,,True,PASS_TEACHER_FIELDS_EXTRACTED,,4.810629525309196e-05,0.1519916504621505,582392896.0,579948352.0,,,,,,44.0,0.5116279069767442,0.07543543565016647,,,2.926077831943985e-05,4.9522939889357076e-05,False,False,False,False,,False,41.0,0.47674418604651164,0.18264968977666615,,,0.1457871496677398,0.15198192000389094,False,False,False,False,,False,63.0,0.7325581395348837,0.21652586825686046,,,580887040.0,581493984.0,False,False,False,False,,False,53.0,0.6162790697674418,0.8333333333333334,,,579946752.0,579948288.0,False,False,False,False,,False,44.0,0.5116279069767442,False,False,False,False,44.0,0.5116279069767442,0.49411764705882355,,
16,S3R64VNR_N16_B12_n16_uncertainty,"[8,6,4,14,12,10,2,0,1,3,5,7,9,11,13,15]",8-6-4-14-12-10-2-0-1-3-5-7-9-11-13-15,cce57c2f3625e437,stage3_native_combined552,False,N16_uncertainty_calibration,,,,,,False,,True,PASS_TEACHER_FIELDS_EXTRACTED,,3.8775639040977694e-05,0.1497028917074203,581026496.0,579947520.0,,,,,,14.0,0.16279069767441862,0.03808638766486566,,,2.926077831943985e-05,4.9522939889357076e-05,False,False,False,False,,False,19.0,0.22093023255813954,0.11527262103622997,,,0.1457871496677398,0.15198192000389094,False,False,False,False,,False,20.0,0.23255813953488372,0.020052270259326745,,,580887040.0,581493984.0,False,False,False,False,,False,13.0,0.1511627906976744,0.4,,,579946752.0,579948288.0,False,False,False,False,,False,14.0,0.16279069767441862,False,False,False,False,14.0,0.16279069767441862,0.8470588235294118,,
24,S3R64VNR_N24_B01_n24_diversity,"[3,8,13,18,23,4,9,14,19,0,5,10,15,20,1,6,11,16,21,2,7,12,17,22]",3-8-13-18-23-4-9-14-19-0-5-10-15-20-1-6-11-16-21-2-7-12-17-22,12793ccf8df402ed,stage3_native_combined552,False,N24_frozen_diversity_coverage,,,,,,False,,True,PASS_TEACHER_FIELDS_EXTRACTED,,0.0005476717965393,0.1511800736188888,581922240.0,579943744.0,,,,,,189.0,0.9545454545454546,0.8678102737684363,,,2.9523077955673216e-05,8.096076885522052e-05,False,False,False,False,,False,7.0,0.03535353535353535,0.04904402434725642,,,0.1492166519165039,0.15729529410600662,False,False,False,False,,False,55.0,0.2777777777777778,0.09375734809164683,,,580875968.0,582566592.0,False,False,False,False,,False,76.0,0.3838383838383838,0.45454545454545453,,,579942784.0,579944128.0,False,False,False,False,,False,189.0,0.9545454545454546,False,False,False,False,189.0,0.9545454545454546,0.045685279187817285,,
24,S3R64VNR_N24_B02_n24_penalty_diag,"[22,17,21,13,9,7,5,3,1,11,19,15,23,0,2,4,6,8,10,12,14,16,18,20]",22-17-21-13-9-7-5-3-1-11-19-15-23-0-2-4-6-8-10-12-14-16-18-20,7b1e8363fa479c04,stage3_native_combined552,False,N24_frozen_penalty_diagnostic,,,,,,False,,True,PASS_TEACHER_FIELDS_EXTRACTED,,5.817346982439631e-05,0.1540863960981369,581985280.0,579944384.0,,,,,,54.0,0.2727272727272727,0.04798449464303129,,,2.9523077955673216e-05,8.096076885522052e-05,False,False,False,False,,False,45.0,0.22727272727272727,0.12164062968175353,,,0.1492166519165039,0.15729529410600662,False,False,False,False,,False,65.0,0.3282828282828283,0.0994064175723339,,,580875968.0,582566592.0,False,False,False,False,,False,120.0,0.6060606060606061,0.7575757575757576,,,579942784.0,579944128.0,False,False,False,False,,False,54.0,0.2727272727272727,False,False,False,False,54.0,0.2727272727272727,0.7309644670050761,,
24,S3R64VNR_N24_B03_n24_penalty_diag,"[22,17,15,13,9,7,5,3,1,11,19,21,23,0,2,4,6,8,10,12,20,16,18,14]",22-17-15-13-9-7-5-3-1-11-19-21-23-0-2-4-6-8-10-12-20-16-18-14,d549611332654032,stage3_native_combined552,False,N24_frozen_penalty_diagnostic,,,,,,False,,True,PASS_TEACHER_FIELDS_EXTRACTED,,7.998157980182441e-05,0.1573197245597839,584387200.0,579944384.0,,,,,,90.0,0.45454545454545453,0.08450934013838803,,,2.9523077955673216e-05,8.096076885522052e-05,False,False,False,False,,False,101.0,0.51010101010101,0.20240546975817592,,,0.1492166519165039,0.15729529410600662,False,False,False,False,,False,159.0,0.803030303030303,0.31464456743039027,,,580875968.0,582566592.0,False,False,False,False,,False,120.0,0.6060606060606061,0.7575757575757576,,,579942784.0,579944128.0,False,False,False,False,,False,90.0,0.45454545454545453,False,False,False,False,90.0,0.45454545454545453,0.5482233502538071,,
24,S3R64VNR_N24_B04_n24_frozen_ref,"[22,23,15,13,9,7,5,3,1,11,19,21,17,0,2,4,6,8,10,12,14,16,18,20]",22-23-15-13-9-7-5-3-1-11-19-21-17-0-2-4-6-8-10-12-14-16-18-20,f71a3d4cd71aa3bc,stage3_native_combined552,False,N24_frozen_reference_maintenance,,,,,,False,,True,PASS_TEACHER_FIELDS_EXTRACTED,,4.555185842036735e-05,0.1563369333744049,581939200.0,579943552.0,,,,,,27.0,0.13636363636363635,0.026845459352410582,,,2.9523077955673216e-05,8.096076885522052e-05,False,False,False,False,,False,90.0,0.45454545454545453,0.17785647207446387,,,0.1492166519165039,0.15729529410600662,False,False,False,False,,False,59.0,0.29797979797979796,0.09527714851030883,,,580875968.0,582566592.0,False,False,False,False,,False,27.0,0.13636363636363635,0.36363636363636365,,,579942784.0,579944128.0,False,False,False,False,,False,27.0,0.13636363636363635,False,False,False,False,27.0,0.13636363636363635,0.868020304568528,,
24,S3R64VNR_N24_B05_n24_frozen_ref,"[22,17,15,13,9,7,5,3,1,11,19,21,23,0,2,4,12,8,10,6,14,16,18,20]",22-17-15-13-9-7-5-3-1-11-19-21-23-0-2-4-12-8-10-6-14-16-18-20,503e5a1dc092b7f5,stage3_native_combined552,False,N24_frozen_reference_maintenance,,,,,,False,,True,PASS_TEACHER_FIELDS_EXTRACTED,,8.479232792524272e-05,0.1526632010936737,581897600.0,579943552.0,,,,,,105.0,0.5303030303030303,0.092566518504913,,,2.9523077955673216e-05,8.096076885522052e-05,False,False,False,False,,False,24.0,0.12121212121212122,0.08609084923214139,,,0.1492166519165039,0.15729529410600662,False,False,False,False,,False,51.0,0.25757575757575757,0.09154933616264732,,,580875968.0,582566592.0,False,False,False,False,,False,27.0,0.13636363636363635,0.36363636363636365,,,579942784.0,579944128.0,False,False,False,False,,False,105.0,0.5303030303030303,False,False,False,False,105.0,0.5303030303030303,0.47208121827411165,,
24,S3R64VNR_N24_B06_n24_frozen_ref,"[22,18,16,14,12,10,8,6,4,2,0,23,21,19,11,1,3,5,7,9,13,15,17,20]",22-18-16-14-12-10-8-6-4-2-0-23-21-19-11-1-3-5-7-9-13-15-17-20,d83123af51daf0e5,stage3_native_combined552,False,N24_frozen_reference_maintenance,,,,,,False,,True,PASS_TEACHER_FIELDS_EXTRACTED,,5.291443812893704e-05,0.1540330648422241,584860160.0,579944576.0,,,,,,45.0,0.22727272727272727,0.0391765181457261,,,2.9523077955673216e-05,8.096076885522052e-05,False,False,False,False,,False,44.0,0.2222222222222222,0.12030847601844193,,,0.1492166519165039,0.15729529410600662,False,False,False,False,,False,165.0,0.8333333333333334,0.35702692627534194,,,580875968.0,582566592.0,False,False,False,False,,False,163.0,0.8232323232323232,0.8484848484848485,,,579942784.0,579944128.0,False,False,False,False,,False,45.0,0.22727272727272727,False,False,False,False,45.0,0.22727272727272727,0.7766497461928934,,
24,S3R64VNR_N24_B07_n24_uncertainty,"[22,17,15,13,3,7,5,9,1,11,19,21,23,0,2,4,6,8,10,12,14,16,18,20]",22-17-15-13-3-7-5-9-1-11-19-21-23-0-2-4-6-8-10-12-14-16-18-20,c5685341435dbba9,stage3_native_combined552,False,N24_frozen_uncertainty_calibration,,,,,,False,,True,PASS_TEACHER_FIELDS_EXTRACTED,,4.171763998783717e-05,0.1558772623538971,582083072.0,579944448.0,,,,,,20.0,0.10101010101010101,0.020423800804807744,,,2.9523077955673216e-05,8.096076885522052e-05,False,False,False,False,,False,73.0,0.3686868686868687,0.16637441669424174,,,0.1492166519165039,0.15729529410600662,False,False,False,False,,False,72.0,0.36363636363636365,0.1081696441372982,,,580875968.0,582566592.0,False,False,False,False,,False,145.0,0.7323232323232324,0.7878787878787878,,,579942784.0,579944128.0,False,False,False,False,,False,20.0,0.10101010101010101,False,False,False,False,20.0,0.10101010101010101,0.9035532994923858,,
24,S3R64VNR_N24_B08_n24_uncertainty,"[22,17,15,13,9,7,5,3,1,11,19,21,23,0,2,4,6,8,10,18,14,16,12,20]",22-17-15-13-9-7-5-3-1-11-19-21-23-0-2-4-6-8-10-18-14-16-12-20,252e5d5500b0b1c5,stage3_native_combined552,False,N24_frozen_uncertainty_calibration,,,,,,False,,True,PASS_TEACHER_FIELDS_EXTRACTED,,6.466203285526717e-05,0.1559343636035919,581858048.0,579943552.0,,,,,,62.0,0.31313131313131315,0.05885172533999384,,,2.9523077955673216e-05,8.096076885522052e-05,False,False,False,False,,False,74.0,0.37373737373737376,0.16780074048239624,,,0.1492166519165039,0.15729529410600662,False,False,False,False,,False,34.0,0.1717171717171717,0.08800504688440915,,,580875968.0,582566592.0,False,False,False,False,,False,27.0,0.13636363636363635,0.36363636363636365,,,579942784.0,579944128.0,False,False,False,False,,False,62.0,0.31313131313131315,False,False,False,False,62.0,0.31313131313131315,0.6903553299492386,,
40,S3R64VNR_N40_B01_n40_median_anchor,"[0,2,4,7,9,11,13,15,17,19,34,36,38,32,30,28,26,24,22,20,18,16,14,12,10,8,6,5,3,1,21,23,25,27,29,31,33,39,37,35]",0-2-4-7-9-11-13-15-17-19-34-36-38-32-30-28-26-24-22-20-18-16-14-12-10-8-6-5-3-1-21-23-25-27-29-31-33-39-37-35,9b68daae308ba36c,stage3_native_combined552,False,N40_followup_median_guard,,,,,,False,,True,PASS_TEACHER_FIELDS_EXTRACTED,,5.6084589232341386e-05,0.1540600657463073,581998016.0,579927744.0,,,,,,12.0,0.056074766355140186,0.005074279618927337,,,4.5779268475598656e-05,0.0001498124456702,False,False,False,False,,False,76.0,0.35514018691588783,0.17746801497290343,,,0.1440253555774688,0.1574980020523071,False,False,False,False,,False,17.0,0.0794392523364486,0.0504685260720979,,,581119040.0,583269440.0,False,False,False,False,,False,193.0,0.9018691588785047,0.651685393258427,,,579924032.0,579927040.0,False,False,False,False,,False,12.0,0.056074766355140186,False,False,False,False,12.0,0.056074766355140186,0.9483568075117371,,
40,S3R64VNR_N40_B02_n40_median_anchor,"[0,2,4,7,9,11,13,15,17,19,34,36,38,32,30,28,26,24,22,20,18,16,14,12,10,8,6,5,1,3,21,23,25,27,29,31,33,35,37,39]",0-2-4-7-9-11-13-15-17-19-34-36-38-32-30-28-26-24-22-20-18-16-14-12-10-8-6-5-1-3-21-23-25-27-29-31-33-35-37-39,a187fc41fdc14966,stage3_native_combined552,False,N40_followup_median_guard,,,,,,False,,True,PASS_TEACHER_FIELDS_EXTRACTED,,5.432275065686554e-05,0.1546436995267868,582622080.0,579927552.0,,,,,,9.0,0.04205607476635514,0.004206760617199261,,,4.5779268475598656e-05,0.0001498124456702,False,False,False,False,,False,83.0,0.3878504672897196,0.18778982066037347,,,0.1440253555774688,0.1574980020523071,False,False,False,False,,False,89.0,0.4158878504672897,0.08630066512328667,,,581119040.0,583269440.0,False,False,False,False,,False,146.0,0.6822429906542056,0.6179775280898876,,,579924032.0,579927040.0,False,False,False,False,,False,9.0,0.04205607476635514,False,False,False,False,9.0,0.04205607476635514,0.9624413145539906,,
40,S3R64VNR_N40_B03_n40_penalty_anchor,"[0,2,4,7,9,11,13,15,17,19,34,36,38,32,30,28,26,24,22,20,18,16,14,12,10,8,6,5,3,1,21,23,25,27,29,31,33,35,39,37]",0-2-4-7-9-11-13-15-17-19-34-36-38-32-30-28-26-24-22-20-18-16-14-12-10-8-6-5-3-1-21-23-25-27-29-31-33-35-39-37,520a2adf7b065203,stage3_native_combined552,False,N40_followup_penalty_repair,,,,,,False,,True,PASS_TEACHER_FIELDS_EXTRACTED,,4.985593659512233e-05,0.1530022621154785,582002560.0,579926528.0,,,,,,2.0,0.009345794392523364,0.00200732751947531,,,4.5779268475598656e-05,0.0001498124456702,False,False,False,False,,False,32.0,0.14953271028037382,0.1587603186432897,,,0.1440253555774688,0.1574980020523071,False,False,False,False,,False,18.0,0.08411214953271028,0.05072943078675633,,,581119040.0,583269440.0,False,False,False,False,,False,69.0,0.32242990654205606,0.43820224719101125,,,579924032.0,579927040.0,False,False,False,False,,False,2.0,0.009345794392523364,False,False,False,False,2.0,0.009345794392523364,0.9953051643192489,,
40,S3R64VNR_N40_B04_n40_penalty_anchor,"[0,2,4,7,9,11,13,15,17,19,34,38,36,32,30,28,26,24,22,20,18,16,14,12,10,8,6,5,3,1,21,23,25,27,29,31,33,35,37,39]",0-2-4-7-9-11-13-15-17-19-34-38-36-32-30-28-26-24-22-20-18-16-14-12-10-8-6-5-3-1-21-23-25-27-29-31-33-35-37-39,7ce8fea890686db6,stage3_native_combined552,False,N40_followup_penalty_repair,,,,,,False,,True,PASS_TEACHER_FIELDS_EXTRACTED,,5.747088107455056e-05,0.1530022174119949,582004608.0,579927552.0,,,,,,15.0,0.07009345794392523,0.005756881607439402,,,4.5779268475598656e-05,0.0001498124456702,False,False,False,False,,False,30.0,0.14018691588785046,0.15875952804362514,,,0.1440253555774688,0.1574980020523071,False,False,False,False,,False,23.0,0.10747663551401869,0.050847021644067174,,,581119040.0,583269440.0,False,False,False,False,,False,146.0,0.6822429906542056,0.6179775280898876,,,579924032.0,579927040.0,False,False,False,False,,False,15.0,0.07009345794392523,False,False,False,False,15.0,0.07009345794392523,0.9342723004694835,,
40,S3R64VNR_N40_B05_n40_penalty_anchor,"[0,2,4,7,9,11,13,15,17,19,28,30,32,38,36,34,26,24,22,20,18,16,14,12,10,8,6,5,3,1,21,23,25,27,29,31,33,35,37,39]",0-2-4-7-9-11-13-15-17-19-28-30-32-38-36-34-26-24-22-20-18-16-14-12-10-8-6-5-3-1-21-23-25-27-29-31-33-35-37-39,ffa538795c04a1d8,stage3_native_combined552,False,N40_followup_penalty_repair,,,,,,False,,True,PASS_TEACHER_FIELDS_EXTRACTED,,8.35328528410173e-05,0.1529130041599273,582078528.0,579927552.0,,,,,,64.0,0.29906542056074764,0.018589643952766112,,,4.5779268475598656e-05,0.0001498124456702,False,False,False,False,,False,26.0,0.12149532710280374,0.15718175464635464,,,0.1440253555774688,0.1574980020523071,False,False,False,False,,False,46.0,0.21495327102803738,0.05509131665013045,,,581119040.0,583269440.0,False,False,False,False,,False,146.0,0.6822429906542056,0.6179775280898876,,,579924032.0,579927040.0,False,False,False,False,,False,64.0,0.29906542056074764,False,False,False,False,64.0,0.29906542056074764,0.704225352112676,,
40,S3R64VNR_N40_B06_n40_penalty_anchor,"[0,2,4,7,9,11,13,15,17,19,38,36,34,32,30,28,26,24,22,20,18,16,14,12,10,8,6,5,3,1,21,23,25,27,29,31,33,35,37,39]",0-2-4-7-9-11-13-15-17-19-38-36-34-32-30-28-26-24-22-20-18-16-14-12-10-8-6-5-3-1-21-23-25-27-29-31-33-35-37-39,af289d6500456245,stage3_native_combined552,False,N40_followup_penalty_repair,,,,,,False,,True,PASS_TEACHER_FIELDS_EXTRACTED,,6.130760903033661e-05,0.1530033946037292,581996352.0,579926528.0,,,,,,22.0,0.102803738317757,0.007646063994768358,,,4.5779268475598656e-05,0.0001498124456702,False,False,False,False,,False,34.0,0.1588785046728972,0.1587803471681251,,,0.1440253555774688,0.1574980020523071,False,False,False,False,,False,16.0,0.07476635514018691,0.050372983500532834,,,581119040.0,583269440.0,False,False,False,False,,False,69.0,0.32242990654205606,0.43820224719101125,,,579924032.0,579927040.0,False,False,False,False,,False,22.0,0.102803738317757,False,False,False,False,22.0,0.102803738317757,0.9014084507042254,,
40,S3R64VNR_N40_B07_n40_penalty_anchor,"[0,2,4,7,9,11,13,15,17,21,34,36,38,32,30,28,26,24,22,20,18,16,14,12,10,8,6,5,3,1,19,23,25,27,29,31,33,35,37,39]",0-2-4-7-9-11-13-15-17-21-34-36-38-32-30-28-26-24-22-20-18-16-14-12-10-8-6-5-3-1-19-23-25-27-29-31-33-35-37-39,b1662aa1e4d829a4,stage3_native_combined552,False,N40_followup_penalty_repair,,,,,,False,,True,PASS_TEACHER_FIELDS_EXTRACTED,,0.0001220961112267,0.1557970941066742,581830016.0,579927488.0,,,,,,94.0,0.4392523364485981,0.03757796665372283,,,4.5779268475598656e-05,0.0001498124456702,False,False,False,False,,False,95.0,0.4439252336448598,0.20818808260607086,,,0.1440253555774688,0.1574980020523071,False,False,False,False,,False,10.0,0.04672897196261682,0.04082240105831771,,,581119040.0,583269440.0,False,False,False,False,,False,127.0,0.5934579439252337,0.6067415730337079,,,579924032.0,579927040.0,False,False,False,False,,False,94.0,0.4392523364485981,False,False,False,False,94.0,0.4392523364485981,0.5633802816901409,,
40,S3R64VNR_N40_B08_n40_twostage_anchor,"[0,2,4,7,9,11,13,15,17,19,18,20,22,24,26,28,30,32,38,36,34,16,14,12,10,8,6,5,3,1,21,23,25,27,29,31,33,35,37,39]",0-2-4-7-9-11-13-15-17-19-18-20-22-24-26-28-30-32-38-36-34-16-14-12-10-8-6-5-3-1-21-23-25-27-29-31-33-35-37-39,18a9955104c55198,stage3_native_combined552,False,N40_followup_two_stage_repair,,,,,,False,,True,PASS_TEACHER_FIELDS_EXTRACTED,,0.0001824724781727,0.1579823493957519,584379968.0,579926400.0,,,,,,124.0,0.5794392523364486,0.06730693632781196,,,4.5779268475598656e-05,0.0001498124456702,False,False,False,False,,False,120.0,0.5607476635514018,0.24683522954270698,,,0.1440253555774688,0.1574980020523071,False,False,False,False,,False,143.0,0.6682242990654206,0.18723404255319148,,,581119040.0,583269440.0,False,False,False,False,,False,59.0,0.2757009345794392,0.4157303370786517,,,579924032.0,579927040.0,False,False,False,False,,False,124.0,0.5794392523364486,False,False,False,False,124.0,0.5794392523364486,0.4225352112676056,,
40,S3R64VNR_N40_B09_n40_twostage_anchor,"[0,2,4,7,9,11,13,15,17,19,32,38,36,34,30,28,26,24,22,20,18,16,14,12,10,8,6,5,3,1,21,23,25,27,29,31,33,35,37,39]",0-2-4-7-9-11-13-15-17-19-32-38-36-34-30-28-26-24-22-20-18-16-14-12-10-8-6-5-3-1-21-23-25-27-29-31-33-35-37-39,e3f5a4e0efaed659,stage3_native_combined552,False,N40_followup_two_stage_repair,,,,,,False,,True,PASS_TEACHER_FIELDS_EXTRACTED,,6.141205449239351e-05,0.153000921010971,582007808.0,579926528.0,,,,,,23.0,0.10747663551401869,0.0076974923289187544,,,4.5779268475598656e-05,0.0001498124456702,False,False,False,False,,False,29.0,0.13551401869158877,0.158736600653352,,,0.1440253555774688,0.1574980020523071,False,False,False,False,,False,27.0,0.1261682242990654,0.05103075735861537,,,581119040.0,583269440.0,False,False,False,False,,False,69.0,0.32242990654205606,0.43820224719101125,,,579924032.0,579927040.0,False,False,False,False,,False,23.0,0.10747663551401869,False,False,False,False,23.0,0.10747663551401869,0.8967136150234741,,
40,S3R64VNR_N40_B10_n40_twostage_anchor,"[0,2,4,7,9,11,13,15,17,19,30,32,38,36,34,28,26,24,22,20,18,16,14,12,10,8,6,5,3,1,21,23,25,27,29,31,33,35,37,39]",0-2-4-7-9-11-13-15-17-19-30-32-38-36-34-28-26-24-22-20-18-16-14-12-10-8-6-5-3-1-21-23-25-27-29-31-33-35-37-39,d36104e8a0eb26b9,stage3_native_combined552,False,N40_followup_two_stage_repair,,,,,,False,,True,PASS_TEACHER_FIELDS_EXTRACTED,,6.99615939083742e-05,0.1530580669641494,582033408.0,579927552.0,,,,,,38.0,0.17757009345794392,0.011907235493035366,,,4.5779268475598656e-05,0.0001498124456702,False,False,False,False,,False,35.0,0.16355140186915887,0.15974725055789976,,,0.1440253555774688,0.1574980020523071,False,False,False,False,,False,40.0,0.18691588785046728,0.05250064307500092,,,581119040.0,583269440.0,False,False,False,False,,False,146.0,0.6822429906542056,0.6179775280898876,,,579924032.0,579927040.0,False,False,False,False,,False,38.0,0.17757009345794392,False,False,False,False,38.0,0.17757009345794392,0.8262910798122065,,
40,S3R64VNR_N40_B11_n40_twostage_anchor,"[0,2,4,7,9,11,13,15,17,19,26,28,30,32,38,36,34,24,22,20,18,16,14,12,10,8,6,5,3,1,21,23,25,27,29,31,33,35,37,39]",0-2-4-7-9-11-13-15-17-19-26-28-30-32-38-36-34-24-22-20-18-16-14-12-10-8-6-5-3-1-21-23-25-27-29-31-33-35-37-39,d77d6198e5ef70fc,stage3_native_combined552,False,N40_followup_two_stage_repair,,,,,,False,,True,PASS_TEACHER_FIELDS_EXTRACTED,,8.085075614872039e-05,0.1531791687011718,582157568.0,579927552.0,,,,,,59.0,0.2757009345794392,0.01726899524100138,,,4.5779268475598656e-05,0.0001498124456702,False,False,False,False,,False,38.0,0.17757009345794392,0.16188898504923319,,,0.1440253555774688,0.1574980020523071,False,False,False,False,,False,59.0,0.2757009345794392,0.05962958879947084,,,581119040.0,583269440.0,False,False,False,False,,False,146.0,0.6822429906542056,0.6179775280898876,,,579924032.0,579927040.0,False,False,False,False,,False,59.0,0.2757009345794392,False,False,False,False,59.0,0.2757009345794392,0.727699530516432,,
40,S3R64VNR_N40_B12_n40_u2ret_anchor,"[0,2,6,7,9,11,13,15,17,19,34,36,38,32,30,28,26,24,22,20,18,16,14,12,10,8,4,5,3,1,21,23,25,27,29,31,33,35,37,39]",0-2-6-7-9-11-13-15-17-19-34-36-38-32-30-28-26-24-22-20-18-16-14-12-10-8-4-5-3-1-21-23-25-27-29-31-33-35-37-39,d515702c8928ef8e,stage3_native_combined552,False,N40_followup_u2_reward_retention,,,,,,False,,True,PASS_TEACHER_FIELDS_EXTRACTED,,5.356389920052607e-05,0.1525734812021255,582035776.0,579926528.0,,,,,,8.0,0.037383177570093455,0.003833106601997723,,,4.5779268475598656e-05,0.0001498124456702,False,False,False,False,,False,22.0,0.102803738317757,0.15117715019390815,,,0.1440253555774688,0.1574980020523071,False,False,False,False,,False,43.0,0.20093457943925233,0.05263660750376658,,,581119040.0,583269440.0,False,False,False,False,,False,69.0,0.32242990654205606,0.43820224719101125,,,579924032.0,579927040.0,False,False,False,False,,False,8.0,0.037383177570093455,False,False,False,False,8.0,0.037383177570093455,0.9671361502347418,,
40,S3R64VNR_N40_B13_n40_u2ret_anchor,"[0,2,4,7,9,11,13,15,17,19,22,24,26,28,30,32,38,36,34,20,18,16,14,12,10,8,6,5,3,1,21,23,25,27,29,31,33,35,37,39]",0-2-4-7-9-11-13-15-17-19-22-24-26-28-30-32-38-36-34-20-18-16-14-12-10-8-6-5-3-1-21-23-25-27-29-31-33-35-37-39,87bdfcf1fc6af4d6,stage3_native_combined552,False,N40_followup_u2_reward_retention,,,,,,False,,True,PASS_TEACHER_FIELDS_EXTRACTED,,9.231305921275634e-05,0.1562604457139969,582445952.0,579927552.0,,,,,,74.0,0.34579439252336447,0.022912966175700353,,,4.5779268475598656e-05,0.0001498124456702,False,False,False,False,,False,102.0,0.4766355140186916,0.21638264812938984,,,0.1440253555774688,0.1574980020523071,False,False,False,False,,False,85.0,0.397196261682243,0.07618785139455407,,,581119040.0,583269440.0,False,False,False,False,,False,146.0,0.6822429906542056,0.6179775280898876,,,579924032.0,579927040.0,False,False,False,False,,False,74.0,0.34579439252336447,False,False,False,False,74.0,0.34579439252336447,0.6572769953051643,,
40,S3R64VNR_N40_B14_n40_u2ret_anchor,"[0,2,4,7,9,11,13,15,17,19,32,36,38,34,30,28,26,24,22,20,18,16,14,12,10,8,6,5,3,1,21,23,25,27,29,31,33,35,37,39]",0-2-4-7-9-11-13-15-17-19-32-36-38-34-30-28-26-24-22-20-18-16-14-12-10-8-6-5-3-1-21-23-25-27-29-31-33-35-37-39,b2d0852871ae73a9,stage3_native_combined552,False,N40_followup_u2_reward_retention,,,,,,False,,True,PASS_TEACHER_FIELDS_EXTRACTED,,6.342684173432644e-05,0.1530008018016815,582009344.0,579926528.0,,,,,,27.0,0.1261682242990654,0.00868956177338761,,,4.5779268475598656e-05,0.0001498124456702,False,False,False,False,,False,27.0,0.1261682242990654,0.15873449238758028,,,0.1440253555774688,0.1574980020523071,False,False,False,False,,False,30.0,0.14018691588785046,0.0511189505015985,,,581119040.0,583269440.0,False,False,False,False,,False,69.0,0.32242990654205606,0.43820224719101125,,,579924032.0,579927040.0,False,False,False,False,,False,27.0,0.1261682242990654,False,False,False,False,27.0,0.1261682242990654,0.8779342723004695,,
40,S3R64VNR_N40_B15_n40_u2ret_anchor,"[0,2,4,6,9,11,13,15,17,19,34,36,38,32,30,28,26,24,22,20,18,16,14,12,10,8,7,5,3,1,21,23,25,27,29,31,33,35,37,39]",0-2-4-6-9-11-13-15-17-19-34-36-38-32-30-28-26-24-22-20-18-16-14-12-10-8-7-5-3-1-21-23-25-27-29-31-33-35-37-39,d9c22149ede815b6,stage3_native_combined552,False,N40_followup_u2_reward_retention,,,,,,False,,True,PASS_TEACHER_FIELDS_EXTRACTED,,4.5779268475598656e-05,0.1553586423397064,581956288.0,579927552.0,,,,,,1.0,0.004672897196261682,0.0,,,4.5779268475598656e-05,0.0001498124456702,False,False,False,False,,False,89.0,0.4158878504672897,0.20043388109591959,,,0.1440253555774688,0.1574980020523071,False,False,False,False,,False,14.0,0.06542056074766354,0.04807261235438945,,,581119040.0,583269440.0,False,False,False,False,,False,146.0,0.6822429906542056,0.6179775280898876,,,579924032.0,579927040.0,False,False,False,False,,False,1.0,0.004672897196261682,False,False,False,False,1.0,0.004672897196261682,1.0,,
40,S3R64VNR_N40_B16_n40_u2ret_anchor,"[0,2,4,7,9,11,13,15,17,19,39,37,35,33,31,29,27,25,23,21,1,3,5,6,8,10,12,14,16,18,20,22,24,26,28,30,32,38,36,34]",0-2-4-7-9-11-13-15-17-19-39-37-35-33-31-29-27-25-23-21-1-3-5-6-8-10-12-14-16-18-20-22-24-26-28-30-32-38-36-34,e9c2b38a026519d5,stage3_native_combined552,False,N40_followup_u2_reward_retention,,,,,,False,,True,PASS_TEACHER_FIELDS_EXTRACTED,,0.0002276034210808,0.1646121740341186,588338816.0,579926336.0,,,,,,142.0,0.6635514018691588,0.0895291484439857,,,4.5779268475598656e-05,0.0001498124456702,False,False,False,False,,False,179.0,0.8364485981308412,0.3640864304635974,,,0.1440253555774688,0.1574980020523071,False,False,False,False,,False,195.0,0.9112149532710281,0.4145408444493441,,,581119040.0,583269440.0,False,False,False,False,,False,54.0,0.2523364485981308,0.4044943820224719,,,579924032.0,579927040.0,False,False,False,False,,False,142.0,0.6635514018691588,False,False,False,False,142.0,0.6635514018691588,0.3380281690140845,,
12,S3R69SNR_N12_B01_n12_run66_local,"[11,1,3,7,9,5,0,2,4,6,8,10]",11-1-3-7-9-5-0-2-4-6-8-10,3582924229f679af,stage3_native_combined552,False,N12_local_search_around_Run66_best,,,,,,False,,True,PASS_TEACHER_FIELDS_EXTRACTED,,2.7269628844806e-05,0.1481368690729141,583111104.0,579939520.0,,,,,,11.0,0.12790697674418605,0.038575671164272025,,,2.20100214392005e-05,3.9525062220491236e-05,False,False,False,False,,False,36.0,0.4186046511627907,0.22325547933717554,,,0.1403219699859619,0.14851062744855875,False,False,False,False,,False,74.0,0.8604651162790697,0.4554533768416889,,,580752832.0,581293664.0,False,False,False,False,,False,32.0,0.37209302325581395,0.8275862068965517,,,579937984.0,579939520.0,False,False,False,False,,False,11.0,0.12790697674418605,False,False,False,False,11.0,0.12790697674418605,0.8823529411764706,,
12,S3R69SNR_N12_B02_n12_run66_local,"[9,5,7,11,3,1,0,2,4,6,8,10]",9-5-7-11-3-1-0-2-4-6-8-10,088eeef59bedd808,stage3_native_combined552,False,N12_local_search_around_Run66_best,,,,,,False,,True,PASS_TEACHER_FIELDS_EXTRACTED,,3.780453721446975e-05,0.1452908664941787,581116416.0,579939520.0,,,,,,43.0,0.5,0.11584211515413499,,,2.20100214392005e-05,3.9525062220491236e-05,False,False,False,False,,False,13.0,0.1511627906976744,0.14195108079781965,,,0.1403219699859619,0.14851062744855875,False,False,False,False,,False,29.0,0.3372093023255814,0.07021902501730445,,,580752832.0,581293664.0,False,False,False,False,,False,32.0,0.37209302325581395,0.8275862068965517,,,579937984.0,579939520.0,False,False,False,False,,False,43.0,0.5,False,False,False,False,43.0,0.5,0.5058823529411764,,
12,S3R69SNR_N12_B03_n12_run66_local,"[11,9,5,7,3,1,0,2,6,4,8,10]",11-9-5-7-3-1-0-2-6-4-8-10,8c492058b6c06042,stage3_native_combined552,False,N12_local_search_around_Run66_best,,,,,,False,,True,PASS_TEACHER_FIELDS_EXTRACTED,,2.8717314307868943e-05,0.1526945084333419,580993088.0,579939776.0,,,,,,15.0,0.1744186046511628,0.04919346714518401,,,2.20100214392005e-05,3.9525062220491236e-05,False,False,False,False,,False,59.0,0.686046511627907,0.35345779528993554,,,0.1403219699859619,0.14851062744855875,False,False,False,False,,False,16.0,0.18604651162790697,0.046400672401858994,,,580752832.0,581293664.0,False,False,False,False,,False,81.0,0.9418604651162791,0.9655172413793104,,,579937984.0,579939520.0,False,False,False,False,,False,15.0,0.1744186046511628,False,False,False,False,15.0,0.1744186046511628,0.8352941176470589,,
12,S3R69SNR_N12_B04_n12_diversity,"[9,7,11,5,3,1,0,2,4,6,8,10]",9-7-11-5-3-1-0-2-4-6-8-10,aba4f532c2397564,stage3_native_combined552,False,N12_recovery_diversity,,,,,,False,,True,PASS_TEACHER_FIELDS_EXTRACTED,,2.8240926894795848e-05,0.1448713839054107,580975168.0,579939584.0,,,,,,14.0,0.16279069767441862,0.045699486934052576,,,2.20100214392005e-05,3.9525062220491236e-05,False,False,False,False,,False,9.0,0.10465116279069768,0.12996733214195338,,,0.1403219699859619,0.14851062744855875,False,False,False,False,,False,12.0,0.13953488372093023,0.04293978048056957,,,580752832.0,581293664.0,False,False,False,False,,False,55.0,0.6395348837209303,0.8620689655172413,,,579937984.0,579939520.0,False,False,False,False,,False,14.0,0.16279069767441862,False,False,False,False,14.0,0.16279069767441862,0.8470588235294118,,
12,S3R69SNR_N12_B05_n12_penalty,"[9,5,11,7,3,1,0,2,4,6,8,10]",9-5-11-7-3-1-0-2-4-6-8-10,06c2e9c5250404cf,stage3_native_combined552,False,N12_recovery_penalty_aware,,,,,,False,,True,PASS_TEACHER_FIELDS_EXTRACTED,,3.951015060010832e-05,0.1438886523246765,581077632.0,579939584.0,,,,,,46.0,0.5348837209302325,0.12835163839871255,,,2.20100214392005e-05,3.9525062220491236e-05,False,False,False,False,,False,7.0,0.08139534883720931,0.10189272648480482,,,0.1403219699859619,0.14851062744855875,False,False,False,False,,False,27.0,0.313953488372093,0.06272866607337091,,,580752832.0,581293664.0,False,False,False,False,,False,55.0,0.6395348837209303,0.8620689655172413,,,579937984.0,579939520.0,False,False,False,False,,False,46.0,0.5348837209302325,False,False,False,False,46.0,0.5348837209302325,0.47058823529411764,,
12,S3R69SNR_N12_B06_n12_penalty,"[11,3,7,9,5,1,0,2,4,6,8,10]",11-3-7-9-5-1-0-2-4-6-8-10,ad7ec603e615b48e,stage3_native_combined552,False,N12_recovery_penalty_aware,,,,,,False,,True,PASS_TEACHER_FIELDS_EXTRACTED,,3.3854955745482584e-05,0.1467602103948593,581397376.0,579939584.0,,,,,,29.0,0.3372093023255814,0.08687460023623944,,,2.20100214392005e-05,3.9525062220491236e-05,False,False,False,False,,False,21.0,0.2441860465116279,0.18392719247983708,,,0.1403219699859619,0.14851062744855875,False,False,False,False,,False,43.0,0.5,0.12448086621180658,,,580752832.0,581293664.0,False,False,False,False,,False,55.0,0.6395348837209303,0.8620689655172413,,,579937984.0,579939520.0,False,False,False,False,,False,29.0,0.3372093023255814,False,False,False,False,29.0,0.3372093023255814,0.6705882352941177,,
12,S3R69SNR_N12_B07_n12_reward_bal,"[11,7,3,5,9,1,0,2,4,6,8,10]",11-7-3-5-9-1-0-2-4-6-8-10,3a8c9ea96c2a4836,stage3_native_combined552,False,N12_recovery_reward_balanced,,,,,,False,,True,PASS_TEACHER_FIELDS_EXTRACTED,,3.42248022207059e-05,0.1485162526369094,581308096.0,579939520.0,,,,,,30.0,0.3488372093023256,0.08958717456151594,,,2.20100214392005e-05,3.9525062220491236e-05,False,False,False,False,,False,43.0,0.5,0.23409368191535504,,,0.1403219699859619,0.14851062744855875,False,False,False,False,,False,40.0,0.46511627906976744,0.10723820824681103,,,580752832.0,581293664.0,False,False,False,False,,False,32.0,0.37209302325581395,0.8275862068965517,,,579937984.0,579939520.0,False,False,False,False,,False,30.0,0.3488372093023256,False,False,False,False,30.0,0.3488372093023256,0.6588235294117647,,
12,S3R69SNR_N12_B08_n12_reward_bal,"[11,7,9,1,5,3,2,0,4,6,10,8]",11-7-9-1-5-3-2-0-4-6-10-8,8b64d4a9fc3067de,stage3_native_combined552,False,N12_recovery_reward_balanced,,,,,,False,,True,PASS_TEACHER_FIELDS_EXTRACTED,,4.585568694892572e-05,0.1547912508249282,581781312.0,579939712.0,,,,,,61.0,0.7093023255813954,0.1748918655822157,,,2.20100214392005e-05,3.9525062220491236e-05,False,False,False,False,,False,71.0,0.8255813953488372,0.41335738228034635,,,0.1403219699859619,0.14851062744855875,False,False,False,False,,False,49.0,0.5697674418604651,0.19863047562543262,,,580752832.0,581293664.0,False,False,False,False,,False,76.0,0.8837209302325582,0.9310344827586207,,,579937984.0,579939520.0,False,False,False,False,,False,61.0,0.7093023255813954,False,False,False,False,61.0,0.7093023255813954,0.2941176470588235,,
12,S3R69SNR_N12_B09_n12_recovery_top,"[11,5,9,7,3,1,0,2,4,6,10,8]",11-5-9-7-3-1-0-2-4-6-10-8,2bcf9d01fc5a7645,stage3_native_combined552,False,N12_recovery_surrogate_top,,,,,,False,,True,PASS_TEACHER_FIELDS_EXTRACTED,,3.0538531063939445e-05,0.1553616970777511,581836736.0,579939712.0,,,,,,19.0,0.22093023255813954,0.06255086310332396,,,2.20100214392005e-05,3.9525062220491236e-05,False,False,False,False,,False,72.0,0.8372093023255814,0.42965385011608664,,,0.1403219699859619,0.14851062744855875,False,False,False,False,,False,51.0,0.5930232558139535,0.2093345199248492,,,580752832.0,581293664.0,False,False,False,False,,False,76.0,0.8837209302325582,0.9310344827586207,,,579937984.0,579939520.0,False,False,False,False,,False,19.0,0.22093023255813954,False,False,False,False,19.0,0.22093023255813954,0.788235294117647,,
12,S3R69SNR_N12_B10_n12_recovery_top,"[5,11,9,7,3,1,0,2,4,6,8,10]",5-11-9-7-3-1-0-2-4-6-8-10,47704a40c7483365,stage3_native_combined552,False,N12_recovery_surrogate_top,,,,,,False,,True,PASS_TEACHER_FIELDS_EXTRACTED,,3.37775782099925e-05,0.1460967510938644,581126592.0,579939584.0,,,,,,27.0,0.313953488372093,0.08630708822737997,,,2.20100214392005e-05,3.9525062220491236e-05,False,False,False,False,,False,18.0,0.20930232558139536,0.16497353452261265,,,0.1403219699859619,0.14851062744855875,False,False,False,False,,False,30.0,0.3488372093023256,0.07218431721546524,,,580752832.0,581293664.0,False,False,False,False,,False,55.0,0.6395348837209303,0.8620689655172413,,,579937984.0,579939520.0,False,False,False,False,,False,27.0,0.313953488372093,False,False,False,False,27.0,0.313953488372093,0.6941176470588235,,
12,S3R69SNR_N12_B11_n12_recovery_top,"[11,7,9,5,3,1,0,2,6,4,8,10]",11-7-9-5-3-1-0-2-6-4-8-10,b277a2943a46d29a,stage3_native_combined552,False,N12_recovery_surrogate_top,,,,,,False,,True,PASS_TEACHER_FIELDS_EXTRACTED,,3.338143415021477e-05,0.1538974791765213,580981824.0,579939840.0,,,,,,24.0,0.27906976744186046,0.08340163886487074,,,2.20100214392005e-05,3.9525062220491236e-05,False,False,False,False,,False,66.0,0.7674418604651163,0.3878241776205176,,,0.1403219699859619,0.14851062744855875,False,False,False,False,,False,14.0,0.16279069767441862,0.04422525462276278,,,580752832.0,581293664.0,False,False,False,False,,False,85.0,0.9883720930232558,1.0,,,579937984.0,579939520.0,False,False,False,False,,False,24.0,0.27906976744186046,False,False,False,False,24.0,0.27906976744186046,0.7294117647058824,,
12,S3R69SNR_N12_B12_n12_recovery_top,"[11,5,9,7,3,1,0,4,2,6,8,10]",11-5-9-7-3-1-0-4-2-6-8-10,bbd8e4e8b7d45038,stage3_native_combined552,False,N12_recovery_surrogate_top,,,,,,False,,True,PASS_TEACHER_FIELDS_EXTRACTED,,3.4878033147833776e-05,0.147205114364624,580948992.0,579939520.0,,,,,,32.0,0.37209302325581395,0.09437818261515157,,,2.20100214392005e-05,3.9525062220491236e-05,False,False,False,False,,False,27.0,0.313953488372093,0.19663717733359798,,,0.1403219699859619,0.14851062744855875,False,False,False,False,,False,6.0,0.06976744186046512,0.037884406209828934,,,580752832.0,581293664.0,False,False,False,False,,False,32.0,0.37209302325581395,0.8275862068965517,,,579937984.0,579939520.0,False,False,False,False,,False,32.0,0.37209302325581395,False,False,False,False,32.0,0.37209302325581395,0.6352941176470588,,
12,S3R69SNR_N12_B13_n12_u2_safe,"[7,11,9,1,5,3,2,0,4,6,8,10]",7-11-9-1-5-3-2-0-4-6-8-10,fc3ffeccefe451e9,stage3_native_combined552,False,N12_recovery_u2_safe,,,,,,False,,True,PASS_TEACHER_FIELDS_EXTRACTED,,5.511432618732215e-05,0.1478563249111175,580840256.0,579939712.0,,,,,,67.0,0.7790697674418605,0.24279773671403443,,,2.20100214392005e-05,3.9525062220491236e-05,False,False,False,False,,False,33.0,0.38372093023255816,0.21524091374646717,,,0.1403219699859619,0.14851062744855875,False,False,False,False,,False,3.0,0.03488372093023256,0.016884208444576287,,,580752832.0,581293664.0,False,False,False,False,,False,76.0,0.8837209302325582,0.9310344827586207,,,579937984.0,579939520.0,False,False,False,False,,False,67.0,0.7790697674418605,False,False,False,False,67.0,0.7790697674418605,0.22352941176470587,,
12,S3R69SNR_N12_B14_n12_u2_safe,"[7,11,9,3,5,1,0,2,4,6,8,10]",7-11-9-3-5-1-0-2-4-6-8-10,4349b7a3063212de,stage3_native_combined552,False,N12_recovery_u2_safe,,,,,,False,,True,PASS_TEACHER_FIELDS_EXTRACTED,,3.27797893078241e-05,0.1477580964565277,581153088.0,579939520.0,,,,,,21.0,0.2441860465116279,0.07898897993275966,,,2.20100214392005e-05,3.9525062220491236e-05,False,False,False,False,,False,32.0,0.37209302325581395,0.21243473026668205,,,0.1403219699859619,0.14851062744855875,False,False,False,False,,False,33.0,0.38372093023255816,0.07730149312765747,,,580752832.0,581293664.0,False,False,False,False,,False,32.0,0.37209302325581395,0.8275862068965517,,,579937984.0,579939520.0,False,False,False,False,,False,21.0,0.2441860465116279,False,False,False,False,21.0,0.2441860465116279,0.7647058823529411,,
12,S3R69SNR_N12_B15_n12_u2_safe,"[9,11,1,7,5,3,2,0,4,6,8,10]",9-11-1-7-5-3-2-0-4-6-8-10,0cdd294bdb18b2f4,stage3_native_combined552,False,N12_recovery_u2_safe,,,,,,False,,True,PASS_TEACHER_FIELDS_EXTRACTED,,4.401078331284225e-05,0.1430467814207077,580873152.0,579939456.0,,,,,,56.0,0.6511627906976745,0.16136074234296457,,,2.20100214392005e-05,3.9525062220491236e-05,False,False,False,False,,False,4.0,0.046511627906976744,0.07784221858773112,,,0.1403219699859619,0.14851062744855875,False,False,False,False,,False,4.0,0.046511627906976744,0.023237417185800455,,,580752832.0,581293664.0,False,False,False,False,,False,25.0,0.29069767441860467,0.7931034482758621,,,579937984.0,579939520.0,False,False,False,False,,False,56.0,0.6511627906976745,False,False,False,False,56.0,0.6511627906976745,0.3529411764705882,,
12,S3R69SNR_N12_B16_n12_uncertainty,"[11,9,5,7,3,1,0,2,4,6,8,10]",11-9-5-7-3-1-0-2-4-6-8-10,2bda5fb0f837e0b2,stage3_native_combined552,False,N12_recovery_uncertainty,,,,,,False,,True,PASS_TEACHER_FIELDS_EXTRACTED,,2.20100214392005e-05,0.1474265903234481,580977664.0,579939520.0,,,,,,1.0,0.011627906976744186,0.0,,,2.20100214392005e-05,3.9525062220491236e-05,False,False,False,False,,False,29.0,0.3372093023255814,0.20296428671770894,,,0.1403219699859619,0.14851062744855875,False,False,False,False,,False,13.0,0.1511627906976744,0.04342183328389202,,,580752832.0,581293664.0,False,False,False,False,,False,32.0,0.37209302325581395,0.8275862068965517,,,579937984.0,579939520.0,False,False,False,False,,False,1.0,0.011627906976744186,False,False,False,False,1.0,0.011627906976744186,1.0,,
16,S3R69SNR_N16_B01_n16_run66_local,"[6,8,4,14,12,10,2,0,1,3,5,7,9,11,13,15]",6-8-4-14-12-10-2-0-1-3-5-7-9-11-13-15,e8b7ff535aff75a0,stage3_native_combined552,False,N16_local_search_around_Run66_best,,,,,,False,,True,PASS_TEACHER_FIELDS_EXTRACTED,,4.112158649149933e-05,0.1500573009252548,581035776.0,579948352.0,,,,,,22.0,0.2558139534883721,0.04747682086792039,,,2.926077831943985e-05,4.9522939889357076e-05,False,False,False,False,,False,23.0,0.26744186046511625,0.12570581072165588,,,0.1457871496677398,0.15198192000389094,False,False,False,False,,False,22.0,0.2558139534883721,0.0213866342738299,,,580887040.0,581493984.0,False,False,False,False,,False,53.0,0.6162790697674418,0.8333333333333334,,,579946752.0,579948288.0,False,False,False,False,,False,22.0,0.2558139534883721,False,False,False,False,22.0,0.2558139534883721,0.7529411764705882,,
16,S3R69SNR_N16_B02_n16_run66_local,"[14,6,4,8,12,10,2,0,1,3,5,7,9,11,13,15]",14-6-4-8-12-10-2-0-1-3-5-7-9-11-13-15,cb223dd51a1ad19f,stage3_native_combined552,False,N16_local_search_around_Run66_best,,,,,,False,,True,PASS_TEACHER_FIELDS_EXTRACTED,,3.836012751889939e-05,0.1496169120073318,580987648.0,579947584.0,,,,,,11.0,0.12790697674418605,0.03642316490499169,,,2.926077831943985e-05,4.9522939889357076e-05,False,False,False,False,,False,15.0,0.1744186046511628,0.11274152851668309,,,0.1457871496677398,0.15198192000389094,False,False,False,False,,False,14.0,0.16279069767441862,0.014466346419303186,,,580887040.0,581493984.0,False,False,False,False,,False,21.0,0.2441860465116279,0.43333333333333335,,,579946752.0,579948288.0,False,False,False,False,,False,11.0,0.12790697674418605,False,False,False,False,11.0,0.12790697674418605,0.8823529411764706,,
16,S3R69SNR_N16_B03_n16_run66_local,"[14,4,6,8,12,10,2,0,1,3,5,7,9,11,13,15]",14-4-6-8-12-10-2-0-1-3-5-7-9-11-13-15,3875686765b6f898,stage3_native_combined552,False,N16_local_search_around_Run66_best,,,,,,False,,True,PASS_TEACHER_FIELDS_EXTRACTED,,3.600601939979242e-05,0.1519828289747238,580995072.0,579947520.0,,,,,,9.0,0.10465116279069768,0.027000065917703042,,,2.926077831943985e-05,4.9522939889357076e-05,False,False,False,False,,False,40.0,0.46511627906976744,0.1823900005614907,,,0.1457871496677398,0.15198192000389094,False,False,False,False,,False,16.0,0.18604651162790697,0.015533837630905711,,,580887040.0,581493984.0,False,False,False,False,,False,13.0,0.1511627906976744,0.4,,,579946752.0,579948288.0,False,False,False,False,,False,9.0,0.10465116279069768,False,False,False,False,9.0,0.10465116279069768,0.9058823529411765,,
16,S3R69SNR_N16_B04_n16_diversity,"[8,6,4,14,12,10,2,0,1,3,5,7,9,11,15,13]",8-6-4-14-12-10-2-0-1-3-5-7-9-11-15-13,5aea454c9e63e54c,stage3_native_combined552,False,N16_recovery_diversity,,,,,,False,,True,PASS_TEACHER_FIELDS_EXTRACTED,,3.5760519494942855e-05,0.151949256658554,581025536.0,579948416.0,,,,,,8.0,0.09302325581395349,0.026017371076293216,,,2.926077831943985e-05,4.9522939889357076e-05,False,False,False,False,,False,38.0,0.4418604651162791,0.18140169008548576,,,0.1457871496677398,0.15198192000389094,False,False,False,False,,False,19.0,0.22093023255813954,0.019914232602654004,,,580887040.0,581493984.0,False,False,False,False,,False,74.0,0.8604651162790697,0.8666666666666667,,,579946752.0,579948288.0,False,False,False,False,,False,8.0,0.09302325581395349,False,False,False,False,8.0,0.09302325581395349,0.9176470588235294,,
16,S3R69SNR_N16_B05_n16_penalty,"[8,10,6,14,12,4,2,0,1,3,5,7,9,11,13,15]",8-10-6-14-12-4-2-0-1-3-5-7-9-11-13-15,cc4d67e1e5ec43e9,stage3_native_combined552,False,N16_recovery_penalty_aware,,,,,,False,,True,PASS_TEACHER_FIELDS_EXTRACTED,,4.457548811842571e-05,0.1477939337491989,580909184.0,579947584.0,,,,,,33.0,0.38372093023255816,0.06130220835064616,,,2.926077831943985e-05,4.9522939889357076e-05,False,False,False,False,,False,4.0,0.046511627906976744,0.05907622580328345,,,0.1457871496677398,0.15198192000389094,False,False,False,False,,False,7.0,0.08139534883720931,0.003184068613917877,,,580887040.0,581493984.0,False,False,False,False,,False,21.0,0.2441860465116279,0.43333333333333335,,,579946752.0,579948288.0,False,False,False,False,,False,33.0,0.38372093023255816,False,False,False,False,33.0,0.38372093023255816,0.6235294117647059,,
16,S3R69SNR_N16_B06_n16_penalty,"[12,14,4,6,8,10,2,0,1,3,5,7,9,11,13,15]",12-14-4-6-8-10-2-0-1-3-5-7-9-11-13-15,5fe14c9fb0609eea,stage3_native_combined552,False,N16_recovery_penalty_aware,,,,,,False,,True,PASS_TEACHER_FIELDS_EXTRACTED,,4.097092369192978e-05,0.152086853981018,580944192.0,579947584.0,,,,,,21.0,0.2441860465116279,0.04687374301328707,,,2.926077831943985e-05,4.9522939889357076e-05,False,False,False,False,,False,44.0,0.5116279069767442,0.18545231544519122,,,0.1457871496677398,0.15198192000389094,False,False,False,False,,False,11.0,0.12790697674418605,0.008217841827250475,,,580887040.0,581493984.0,False,False,False,False,,False,21.0,0.2441860465116279,0.43333333333333335,,,579946752.0,579948288.0,False,False,False,False,,False,21.0,0.2441860465116279,False,False,False,False,21.0,0.2441860465116279,0.7647058823529411,,
16,S3R69SNR_N16_B07_n16_reward_bal,"[8,4,6,14,12,10,2,0,1,3,5,7,9,11,13,15]",8-4-6-14-12-10-2-0-1-3-5-7-9-11-13-15,8bea2ff6edbe5fae,stage3_native_combined552,False,N16_recovery_reward_balanced,,,,,,False,,True,PASS_TEACHER_FIELDS_EXTRACTED,,4.880316419075825e-05,0.1498794257640838,581036736.0,579948352.0,,,,,,45.0,0.5232558139534884,0.07822488483794943,,,2.926077831943985e-05,4.9522939889357076e-05,False,False,False,False,,False,21.0,0.2441860465116279,0.12046947598927533,,,0.1457871496677398,0.15198192000389094,False,False,False,False,,False,23.0,0.26744186046511625,0.021524671930502642,,,580887040.0,581493984.0,False,False,False,False,,False,53.0,0.6162790697674418,0.8333333333333334,,,579946752.0,579948288.0,False,False,False,False,,False,45.0,0.5232558139534884,False,False,False,False,45.0,0.5232558139534884,0.48235294117647054,,
16,S3R69SNR_N16_B08_n16_reward_bal,"[8,6,14,10,12,4,2,0,1,3,5,7,9,11,13,15]",8-6-14-10-12-4-2-0-1-3-5-7-9-11-13-15,9f2affc6293807d3,stage3_native_combined552,False,N16_recovery_reward_balanced,,,,,,False,,True,PASS_TEACHER_FIELDS_EXTRACTED,,4.283226871848456e-05,0.1502377092838287,580893440.0,579947584.0,,,,,,28.0,0.32558139534883723,0.05432439419296901,,,2.926077831943985e-05,4.9522939889357076e-05,False,False,False,False,,False,25.0,0.29069767441860467,0.13101671837055606,,,0.1457871496677398,0.15198192000389094,False,False,False,False,,False,2.0,0.023255813953488372,0.0009202510444849355,,,580887040.0,581493984.0,False,False,False,False,,False,21.0,0.2441860465116279,0.43333333333333335,,,579946752.0,579948288.0,False,False,False,False,,False,28.0,0.32558139534883723,False,False,False,False,28.0,0.32558139534883723,0.6823529411764706,,
16,S3R69SNR_N16_B09_n16_recovery_top,"[8,6,4,14,12,10,2,0,1,3,7,5,9,11,13,15]",8-6-4-14-12-10-2-0-1-3-7-5-9-11-13-15,fddaa8419eb1b748,stage3_native_combined552,False,N16_recovery_surrogate_top,,,,,,False,,True,PASS_TEACHER_FIELDS_EXTRACTED,,3.467050373728853e-05,0.1563535183668136,581031872.0,579948352.0,,,,,,4.0,0.046511627906976744,0.021654221270761942,,,2.926077831943985e-05,4.9522939889357076e-05,False,False,False,False,,False,67.0,0.7790697674418605,0.311055478740577,,,0.1457871496677398,0.15198192000389094,False,False,False,False,,False,21.0,0.2441860465116279,0.02082528113669409,,,580887040.0,581493984.0,False,False,False,False,,False,53.0,0.6162790697674418,0.8333333333333334,,,579946752.0,579948288.0,False,False,False,False,,False,4.0,0.046511627906976744,False,False,False,False,4.0,0.046511627906976744,0.9647058823529412,,
16,S3R69SNR_N16_B10_n16_recovery_top,"[2,6,4,14,12,10,8,0,1,3,5,7,9,11,13,15]",2-6-4-14-12-10-8-0-1-3-5-7-9-11-13-15,6eb261be32d96110,stage3_native_combined552,False,N16_recovery_surrogate_top,,,,,,False,,True,PASS_TEACHER_FIELDS_EXTRACTED,,4.1541328755556606e-05,0.1533360928297042,581906560.0,579948352.0,,,,,,25.0,0.29069767441860467,0.04915697857659046,,,2.926077831943985e-05,4.9522939889357076e-05,False,False,False,False,,False,56.0,0.6511627906976745,0.22222772989514053,,,0.1457871496677398,0.15198192000389094,False,False,False,False,,False,54.0,0.627906976744186,0.14659599138645021,,,580887040.0,581493984.0,False,False,False,False,,False,53.0,0.6162790697674418,0.8333333333333334,,,579946752.0,579948288.0,False,False,False,False,,False,25.0,0.29069767441860467,False,False,False,False,25.0,0.29069767441860467,0.7176470588235294,,
16,S3R69SNR_N16_B11_n16_recovery_top,"[10,6,4,2,12,8,14,0,1,3,5,7,9,11,13,15]",10-6-4-2-12-8-14-0-1-3-5-7-9-11-13-15,882426842e8b3d2a,stage3_native_combined552,False,N16_recovery_surrogate_top,,,,,,False,,True,PASS_TEACHER_FIELDS_EXTRACTED,,4.920626224702573e-05,0.1488713473081588,581384960.0,579948352.0,,,,,,46.0,0.5348837209302325,0.07983841858134988,,,2.926077831943985e-05,4.9522939889357076e-05,False,False,False,False,,False,10.0,0.11627906976744186,0.0907934031920708,,,0.1457871496677398,0.15198192000389094,False,False,False,False,,False,31.0,0.36046511627906974,0.07159553126092798,,,580887040.0,581493984.0,False,False,False,False,,False,53.0,0.6162790697674418,0.8333333333333334,,,579946752.0,579948288.0,False,False,False,False,,False,46.0,0.5348837209302325,False,False,False,False,46.0,0.5348837209302325,0.47058823529411764,,
16,S3R69SNR_N16_B12_n16_recovery_top,"[4,6,8,12,14,10,2,0,1,3,5,7,9,11,13,15]",4-6-8-12-14-10-2-0-1-3-5-7-9-11-13-15,bb779f485a46041c,stage3_native_combined552,False,N16_recovery_surrogate_top,,,,,,False,,True,PASS_TEACHER_FIELDS_EXTRACTED,,4.297713803680381e-05,0.1483918279409408,581084032.0,579948352.0,,,,,,30.0,0.3488372093023256,0.05490428171625793,,,2.926077831943985e-05,4.9522939889357076e-05,False,False,False,False,,False,7.0,0.08139534883720931,0.07667718875896617,,,0.1457871496677398,0.15198192000389094,False,False,False,False,,False,24.0,0.27906976744186046,0.028325327149246314,,,580887040.0,581493984.0,False,False,False,False,,False,53.0,0.6162790697674418,0.8333333333333334,,,579946752.0,579948288.0,False,False,False,False,,False,30.0,0.3488372093023256,False,False,False,False,30.0,0.3488372093023256,0.6588235294117647,,
16,S3R69SNR_N16_B13_n16_u2_safe,"[8,2,4,6,14,12,10,0,1,3,5,7,9,11,13,15]",8-2-4-6-14-12-10-0-1-3-5-7-9-11-13-15,3b3ae5288880f748,stage3_native_combined552,False,N16_recovery_u2_safe,,,,,,False,,True,PASS_TEACHER_FIELDS_EXTRACTED,,4.4194025122124e-05,0.1527805924415588,581709952.0,579948352.0,,,,,,32.0,0.37209302325581395,0.05977527611462707,,,2.926077831943985e-05,4.9522939889357076e-05,False,False,False,False,,False,53.0,0.6162790697674418,0.2058747666306382,,,0.1457871496677398,0.15198192000389094,False,False,False,False,,False,48.0,0.5581395348837209,0.11832587929987301,,,580887040.0,581493984.0,False,False,False,False,,False,53.0,0.6162790697674418,0.8333333333333334,,,579946752.0,579948288.0,False,False,False,False,,False,32.0,0.37209302325581395,False,False,False,False,32.0,0.37209302325581395,0.6352941176470588,,
16,S3R69SNR_N16_B14_n16_u2_safe,"[8,6,2,4,14,12,10,0,1,3,5,7,9,11,13,15]",8-6-2-4-14-12-10-0-1-3-5-7-9-11-13-15,2560f6743bb87472,stage3_native_combined552,False,N16_recovery_u2_safe,,,,,,False,,True,PASS_TEACHER_FIELDS_EXTRACTED,,3.8387926906580105e-05,0.1514498889446258,581611584.0,579948352.0,,,,,,12.0,0.13953488372093023,0.03653444117976226,,,2.926077831943985e-05,4.9522939889357076e-05,False,False,False,False,,False,33.0,0.38372093023255816,0.16670117491823272,,,0.1457871496677398,0.15198192000389094,False,False,False,False,,False,46.0,0.5348837209302325,0.10418162074613954,,,580887040.0,581493984.0,False,False,False,False,,False,53.0,0.6162790697674418,0.8333333333333334,,,579946752.0,579948288.0,False,False,False,False,,False,12.0,0.13953488372093023,False,False,False,False,12.0,0.13953488372093023,0.8705882352941177,,
16,S3R69SNR_N16_B15_n16_u2_safe,"[8,6,4,2,12,14,10,0,1,3,5,7,9,11,13,15]",8-6-4-2-12-14-10-0-1-3-5-7-9-11-13-15,e65f19f9bc0a9b62,stage3_native_combined552,False,N16_recovery_u2_safe,,,,,,False,,True,PASS_TEACHER_FIELDS_EXTRACTED,,3.8903703170944937e-05,0.148825317621231,581538432.0,579948352.0,,,,,,16.0,0.18604651162790697,0.03859900684476132,,,2.926077831943985e-05,4.9522939889357076e-05,False,False,False,False,,False,9.0,0.10465116279069768,0.08943836943247283,,,0.1457871496677398,0.15198192000389094,False,False,False,False,,False,44.0,0.5116279069767442,0.09366315130767673,,,580887040.0,581493984.0,False,False,False,False,,False,53.0,0.6162790697674418,0.8333333333333334,,,579946752.0,579948288.0,False,False,False,False,,False,16.0,0.18604651162790697,False,False,False,False,16.0,0.18604651162790697,0.8235294117647058,,
16,S3R69SNR_N16_B16_n16_uncertainty,"[8,6,4,12,14,10,2,0,1,3,5,7,9,11,13,15]",8-6-4-12-14-10-2-0-1-3-5-7-9-11-13-15,cac603eae21fc23f,stage3_native_combined552,False,N16_recovery_uncertainty,,,,,,False,,True,PASS_TEACHER_FIELDS_EXTRACTED,,4.192923461232567e-05,0.1472253948450088,581024192.0,579948352.0,,,,,,26.0,0.3023255813953488,0.05070970049977492,,,2.926077831943985e-05,4.9522939889357076e-05,False,False,False,False,,False,2.0,0.023255813953488372,0.042339431350804965,,,0.1457871496677398,0.15198192000389094,False,False,False,False,,False,18.0,0.20930232558139536,0.019720979883312166,,,580887040.0,581493984.0,False,False,False,False,,False,53.0,0.6162790697674418,0.8333333333333334,,,579946752.0,579948288.0,False,False,False,False,,False,26.0,0.3023255813953488,False,False,False,False,26.0,0.3023255813953488,0.7058823529411764,,
24,S3R69SNR_N24_B01_n24_anchor_ref,"[22,17,15,13,9,7,5,3,1,11,19,21,23,0,2,4,6,8,16,12,14,10,18,20]",22-17-15-13-9-7-5-3-1-11-19-21-23-0-2-4-6-8-16-12-14-10-18-20,00675d2f78e22071,stage3_native_combined552,False,N24_frozen_top_density_reference,,,,,,False,,True,PASS_TEACHER_FIELDS_EXTRACTED,,5.2054501793463714e-05,0.1573824286460876,581868672.0,579943616.0,,,,,,40.0,0.20202020202020202,0.03773627220870929,,,2.9523077955673216e-05,8.096076885522052e-05,False,False,False,False,,False,104.0,0.5252525252525253,0.20397174598483417,,,0.1492166519165039,0.15729529410600662,False,False,False,False,,False,42.0,0.21212121212121213,0.0889570728070427,,,580875968.0,582566592.0,False,False,False,False,,False,57.0,0.2878787878787879,0.3939393939393939,,,579942784.0,579944128.0,False,False,False,False,,False,40.0,0.20202020202020202,False,False,False,False,40.0,0.20202020202020202,0.8020304568527918,,
24,S3R69SNR_N24_B02_n24_anchor_ref,"[22,17,19,21,9,7,5,3,1,11,15,13,23,0,2,4,6,8,10,12,14,16,18,20]",22-17-19-21-9-7-5-3-1-11-15-13-23-0-2-4-6-8-10-12-14-16-18-20,fb07af83facabb20,stage3_native_combined552,False,N24_frozen_top_density_reference,,,,,,False,,True,PASS_TEACHER_FIELDS_EXTRACTED,,5.223163771006512e-05,0.1590837091207504,582154880.0,579943552.0,,,,,,41.0,0.20707070707070707,0.03803294450136744,,,2.9523077955673216e-05,8.096076885522052e-05,False,False,False,False,,False,129.0,0.6515151515151515,0.24646778283699192,,,0.1492166519165039,0.15729529410600662,False,False,False,False,,False,78.0,0.3939393939393939,0.11460442175895391,,,580875968.0,582566592.0,False,False,False,False,,False,27.0,0.13636363636363635,0.36363636363636365,,,579942784.0,579944128.0,False,False,False,False,,False,41.0,0.20707070707070707,False,False,False,False,41.0,0.20707070707070707,0.7969543147208122,,
24,S3R69SNR_N24_B03_n24_uncertainty,"[22,17,15,13,9,7,5,3,1,11,19,21,23,0,6,4,2,10,8,12,14,16,18,20]",22-17-15-13-9-7-5-3-1-11-19-21-23-0-6-4-2-10-8-12-14-16-18-20,078633e14ca02b45,stage3_native_combined552,False,N24_uncertainty_anchor,,,,,,False,,True,PASS_TEACHER_FIELDS_EXTRACTED,,7.800453818163078e-05,0.152449369430542,581069440.0,579943488.0,,,,,,88.0,0.4444444444444444,0.08119813436263752,,,2.9523077955673216e-05,8.096076885522052e-05,False,False,False,False,,False,17.0,0.08585858585858586,0.08074957930520325,,,0.1492166519165039,0.15729529410600662,False,False,False,False,,False,7.0,0.03535353535353535,0.017337194964585783,,,580875968.0,582566592.0,False,False,False,False,,False,18.0,0.09090909090909091,0.3333333333333333,,,579942784.0,579944128.0,False,False,False,False,,False,88.0,0.4444444444444444,False,False,False,False,88.0,0.4444444444444444,0.5583756345177665,,
24,S3R69SNR_N24_B04_n24_uncertainty,"[22,17,15,13,9,5,7,3,1,11,19,21,23,0,6,4,2,8,10,12,14,16,18,20]",22-17-15-13-9-5-7-3-1-11-19-21-23-0-6-4-2-8-10-12-14-16-18-20,03078ca2a17672da,stage3_native_combined552,False,N24_uncertainty_anchor,,,,,,False,,True,PASS_TEACHER_FIELDS_EXTRACTED,,5.831045632476162e-05,0.1526206135749817,581044032.0,579943552.0,,,,,,55.0,0.2777777777777778,0.048213923546589245,,,2.9523077955673216e-05,8.096076885522052e-05,False,False,False,False,,False,22.0,0.1111111111111111,0.08502706181394006,,,0.1492166519165039,0.15729529410600662,False,False,False,False,,False,5.0,0.025252525252525252,0.01506036188455252,,,580875968.0,582566592.0,False,False,False,False,,False,27.0,0.13636363636363635,0.36363636363636365,,,579942784.0,579944128.0,False,False,False,False,,False,55.0,0.2777777777777778,False,False,False,False,55.0,0.2777777777777778,0.7258883248730965,,
40,S3R69SNR_N40_B01_n40_anchor_ref,"[0,2,4,7,9,11,13,15,17,19,34,38,36,32,30,28,26,24,22,20,18,16,14,12,10,8,6,5,3,1,21,23,25,27,29,31,33,35,39,37]",0-2-4-7-9-11-13-15-17-19-34-38-36-32-30-28-26-24-22-20-18-16-14-12-10-8-6-5-3-1-21-23-25-27-29-31-33-35-39-37,98dc290342f4d5f2,stage3_native_combined552,False,N40_frozen_u2_reward_reference,,,,,,False,,True,PASS_TEACHER_FIELDS_EXTRACTED,,5.276091178529896e-05,0.1530022174119949,582005760.0,579927488.0,,,,,,6.0,0.028037383177570093,0.0034377202989875908,,,4.5779268475598656e-05,0.0001498124456702,False,False,False,False,,False,30.0,0.14018691588785046,0.15875952804362514,,,0.1440253555774688,0.1574980020523071,False,False,False,False,,False,25.0,0.11682242990654206,0.05091316650130452,,,581119040.0,583269440.0,False,False,False,False,,False,127.0,0.5934579439252337,0.6067415730337079,,,579924032.0,579927040.0,False,False,False,False,,False,6.0,0.028037383177570093,False,False,False,False,6.0,0.028037383177570093,0.9765258215962441,,
40,S3R69SNR_N40_B02_n40_anchor_ref,"[0,2,4,7,9,11,13,15,17,21,34,36,38,32,30,28,26,24,22,20,18,16,14,12,10,8,6,5,3,1,19,23,25,27,29,31,33,35,39,37]",0-2-4-7-9-11-13-15-17-21-34-36-38-32-30-28-26-24-22-20-18-16-14-12-10-8-6-5-3-1-19-23-25-27-29-31-33-35-39-37,df79a1d21e244f9f,stage3_native_combined552,False,N40_frozen_u2_reward_reference,,,,,,False,,True,PASS_TEACHER_FIELDS_EXTRACTED,,0.0001171559779322,0.155797079205513,581827520.0,579926464.0,,,,,,93.0,0.43457943925233644,0.03514547393634049,,,4.5779268475598656e-05,0.0001498124456702,False,False,False,False,,False,94.0,0.4392523364485981,0.20818781907284933,,,0.1440253555774688,0.1574980020523071,False,False,False,False,,False,9.0,0.04205607476635514,0.040679087200970125,,,581119040.0,583269440.0,False,False,False,False,,False,61.0,0.2850467289719626,0.42696629213483145,,,579924032.0,579927040.0,False,False,False,False,,False,93.0,0.43457943925233644,False,False,False,False,93.0,0.43457943925233644,0.568075117370892,,
40,S3R69SNR_N40_B03_n40_sentinel,"[39,38,37,36,35,34,33,32,31,30,29,28,27,26,25,24,23,22,21,20,19,18,17,16,15,14,13,12,11,10,9,8,7,6,5,4,3,2,1,0]",39-38-37-36-35-34-33-32-31-30-29-28-27-26-25-24-23-22-21-20-19-18-17-16-15-14-13-12-11-10-9-8-7-6-5-4-3-2-1-0,7bfd40e7a6537db1,stage3_native_combined552,False,N40_sentinel_control,,,,,,False,,True,PASS_TEACHER_FIELDS_EXTRACTED,,0.0014464138075709,0.2005163431167602,585363712.0,579929728.0,,,,,,199.0,0.9299065420560748,0.6896642485045166,,,4.5779268475598656e-05,0.0001498124456702,False,False,False,False,,False,213.0,0.9953271028037384,0.9990665653293586,,,0.1440253555774688,0.1574980020523071,False,False,False,False,,False,166.0,0.7757009345794392,0.24371807591959724,,,581119040.0,583269440.0,False,False,False,False,,False,214.0,1.0,1.0,,,579924032.0,579927040.0,False,False,False,False,,False,199.0,0.9299065420560748,False,False,False,False,199.0,0.9299065420560748,0.07042253521126762,,
40,S3R69SNR_N40_B04_n40_uncertainty,"[0,2,4,7,9,11,13,15,17,19,20,22,24,26,28,30,32,38,36,34,18,16,14,12,10,8,6,5,3,1,21,23,25,27,29,31,33,35,39,37]",0-2-4-7-9-11-13-15-17-19-20-22-24-26-28-30-32-38-36-34-18-16-14-12-10-8-6-5-3-1-21-23-25-27-29-31-33-35-39-37,7fe0a8bda43590a7,stage3_native_combined552,False,N40_uncertainty_anchor,,,,,,False,,True,PASS_TEACHER_FIELDS_EXTRACTED,,0.000152768292537,0.159089058637619,584628864.0,579927424.0,,,,,,105.0,0.49065420560747663,0.05268076919279616,,,4.5779268475598656e-05,0.0001498124456702,False,False,False,False,,False,129.0,0.602803738317757,0.26640784190536715,,,0.1440253555774688,0.1574980020523071,False,False,False,False,,False,153.0,0.7149532710280374,0.20152500643075,,,581119040.0,583269440.0,False,False,False,False,,False,123.0,0.5747663551401869,0.5955056179775281,,,579924032.0,579927040.0,False,False,False,False,,False,105.0,0.49065420560747663,False,False,False,False,105.0,0.49065420560747663,0.511737089201878,,
12,S3R74FSD_N12_B01_n12_penalty,"[11,7,9,5,3,1,0,2,4,6,8,10]",11-7-9-5-3-1-0-2-4-6-8-10,7e02169f5069d99d,stage3_native_combined552,False,N12_final_diag_penalty_aware,,,,,,False,,True,PASS_TEACHER_FIELDS_EXTRACTED,,2.7831204988615355e-05,0.1452231556177139,580966464.0,579939520.0,,,,,,12.0,0.13953488372093023,0.04269445323043951,,,2.20100214392005e-05,3.9525062220491236e-05,False,False,False,False,,False,12.0,0.13953488372093023,0.14001672131175466,,,0.1403219699859619,0.14851062744855875,False,False,False,False,,False,10.0,0.11627906976744186,0.041258775833086125,,,580752832.0,581293664.0,False,False,False,False,,False,32.0,0.37209302325581395,0.8275862068965517,,,579937984.0,579939520.0,False,False,False,False,,False,12.0,0.13953488372093023,False,False,False,False,12.0,0.13953488372093023,0.8705882352941177,,
12,S3R74FSD_N12_B02_n12_penalty,"[9,11,7,5,3,1,0,2,4,6,8,10]",9-11-7-5-3-1-0-2-4-6-8-10,386d1b07eed1cd5a,stage3_native_combined552,False,N12_final_diag_penalty_aware,,,,,,False,,True,PASS_TEACHER_FIELDS_EXTRACTED,,2.502332336007385e-05,0.1451048254966735,580956480.0,579939584.0,,,,,,5.0,0.05813953488372093,0.022100536229071967,,,2.20100214392005e-05,3.9525062220491236e-05,False,False,False,False,,False,10.0,0.11627906976744186,0.13663627485954036,,,0.1403219699859619,0.14851062744855875,False,False,False,False,,False,8.0,0.09302325581395349,0.0393305646197963,,,580752832.0,581293664.0,False,False,False,False,,False,55.0,0.6395348837209303,0.8620689655172413,,,579937984.0,579939520.0,False,False,False,False,,False,5.0,0.05813953488372093,False,False,False,False,5.0,0.05813953488372093,0.9529411764705882,,
12,S3R74FSD_N12_B03_n12_reward_bal,"[11,9,7,5,3,1,0,2,4,8,6,10]",11-9-7-5-3-1-0-2-4-8-6-10,8adb88c0b0a312f1,stage3_native_combined552,False,N12_final_diag_reward_balanced,,,,,,False,,True,PASS_TEACHER_FIELDS_EXTRACTED,,3.3495862226118334e-05,0.1519414186477661,580952448.0,579939840.0,,,,,,25.0,0.29069767441860467,0.08424089158615022,,,2.20100214392005e-05,3.9525062220491236e-05,False,False,False,False,,False,56.0,0.6511627906976745,0.33194358004646995,,,0.1403219699859619,0.14851062744855875,False,False,False,False,,False,7.0,0.08139534883720931,0.03855186393750618,,,580752832.0,581293664.0,False,False,False,False,,False,85.0,0.9883720930232558,1.0,,,579937984.0,579939520.0,False,False,False,False,,False,25.0,0.29069767441860467,False,False,False,False,25.0,0.29069767441860467,0.7176470588235294,,
12,S3R74FSD_N12_B04_n12_reward_bal,"[11,7,5,9,3,1,0,2,4,6,8,10]",11-7-5-9-3-1-0-2-4-6-8-10,b951ef56dcaf8d0c,stage3_native_combined552,False,N12_final_diag_reward_balanced,,,,,,False,,True,PASS_TEACHER_FIELDS_EXTRACTED,,2.704449070733972e-05,0.1459793299436569,581018560.0,579939584.0,,,,,,8.0,0.09302325581395349,0.0369244348480063,,,2.20100214392005e-05,3.9525062220491236e-05,False,False,False,False,,False,15.0,0.1744186046511628,0.16161905548427538,,,0.1403219699859619,0.14851062744855875,False,False,False,False,,False,20.0,0.23255813953488372,0.05132008306140611,,,580752832.0,581293664.0,False,False,False,False,,False,55.0,0.6395348837209303,0.8620689655172413,,,579937984.0,579939520.0,False,False,False,False,,False,8.0,0.09302325581395349,False,False,False,False,8.0,0.09302325581395349,0.9176470588235294,,
12,S3R74FSD_N12_B05_n12_final_top,"[9,11,5,7,3,1,0,2,4,6,8,10]",9-11-5-7-3-1-0-2-4-6-8-10,c75d73d24181c03b,stage3_native_combined552,False,N12_final_diag_surrogate_top,,,,,,False,,True,PASS_TEACHER_FIELDS_EXTRACTED,,2.811319745887885e-05,0.1472236961126327,580991104.0,579939584.0,,,,,,13.0,0.1511627906976744,0.04476267771276341,,,2.20100214392005e-05,3.9525062220491236e-05,False,False,False,False,,False,28.0,0.32558139534883723,0.19716801938446096,,,0.1403219699859619,0.14851062744855875,False,False,False,False,,False,15.0,0.1744186046511628,0.04601750222485909,,,580752832.0,581293664.0,False,False,False,False,,False,55.0,0.6395348837209303,0.8620689655172413,,,579937984.0,579939520.0,False,False,False,False,,False,13.0,0.1511627906976744,False,False,False,False,13.0,0.1511627906976744,0.8588235294117648,,
12,S3R74FSD_N12_B06_n12_final_top,"[11,9,5,3,7,1,0,2,6,4,8,10]",11-9-5-3-7-1-0-2-6-4-8-10,1c50cb6f081481e7,stage3_native_combined552,False,N12_final_diag_surrogate_top,,,,,,False,,True,PASS_TEACHER_FIELDS_EXTRACTED,,2.8934185138496105e-05,0.1512420028448104,581187008.0,579939776.0,,,,,,16.0,0.18604651162790697,0.050784068344520636,,,2.20100214392005e-05,3.9525062220491236e-05,False,False,False,False,,False,55.0,0.6395348837209303,0.3119627193075797,,,0.1403219699859619,0.14851062744855875,False,False,False,False,,False,36.0,0.4186046511627907,0.08385246712152675,,,580752832.0,581293664.0,False,False,False,False,,False,81.0,0.9418604651162791,0.9655172413793104,,,579937984.0,579939520.0,False,False,False,False,,False,16.0,0.18604651162790697,False,False,False,False,16.0,0.18604651162790697,0.8235294117647058,,
12,S3R74FSD_N12_B07_n12_final_top,"[11,9,3,5,7,1,0,2,4,8,6,10]",11-9-3-5-7-1-0-2-4-8-6-10,b7c7f0804a7f58d9,stage3_native_combined552,False,N12_final_diag_surrogate_top,,,,,,False,,True,PASS_TEACHER_FIELDS_EXTRACTED,,3.5088440199615434e-05,0.154764711856842,581279232.0,579939712.0,,,,,,33.0,0.38372093023255816,0.09592137635838092,,,2.20100214392005e-05,3.9525062220491236e-05,False,False,False,False,,False,70.0,0.813953488372093,0.41259921893424656,,,0.1403219699859619,0.14851062744855875,False,False,False,False,,False,39.0,0.45348837209302323,0.10166370018787699,,,580752832.0,581293664.0,False,False,False,False,,False,76.0,0.8837209302325582,0.9310344827586207,,,579937984.0,579939520.0,False,False,False,False,,False,33.0,0.38372093023255816,False,False,False,False,33.0,0.38372093023255816,0.6235294117647059,,
12,S3R74FSD_N12_B08_n12_final_top,"[11,9,6,4,2,0,1,3,7,5,8,10]",11-9-6-4-2-0-1-3-7-5-8-10,bda90c8cf3c364ec,stage3_native_combined552,False,N12_final_diag_surrogate_top,,,,,,False,,True,PASS_TEACHER_FIELDS_EXTRACTED,,2.6060608433908783e-05,0.1501481384038925,581001856.0,579939584.0,,,,,,7.0,0.08139534883720931,0.029708322291054193,,,2.20100214392005e-05,3.9525062220491236e-05,False,False,False,False,,False,49.0,0.5697674418604651,0.2807132780326749,,,0.1403219699859619,0.14851062744855875,False,False,False,False,,False,17.0,0.19767441860465115,0.04809403737763275,,,580752832.0,581293664.0,False,False,False,False,,False,55.0,0.6395348837209303,0.8620689655172413,,,579937984.0,579939520.0,False,False,False,False,,False,7.0,0.08139534883720931,False,False,False,False,7.0,0.08139534883720931,0.9294117647058824,,
12,S3R74FSD_N12_B09_n12_u2_safe,"[11,9,5,3,7,1,0,2,4,6,8,10]",11-9-5-3-7-1-0-2-4-6-8-10,ed513bfc31893b88,stage3_native_combined552,False,N12_final_diag_u2_safe,,,,,,False,,True,PASS_TEACHER_FIELDS_EXTRACTED,,2.4175786620617146e-05,0.1465401947498321,581169408.0,579939584.0,,,,,,4.0,0.046511627906976744,0.015884426158560488,,,2.20100214392005e-05,3.9525062220491236e-05,False,False,False,False,,False,20.0,0.23255813953488372,0.17764180123604825,,,0.1403219699859619,0.14851062744855875,False,False,False,False,,False,35.0,0.4069767441860465,0.08045337684168892,,,580752832.0,581293664.0,False,False,False,False,,False,55.0,0.6395348837209303,0.8620689655172413,,,579937984.0,579939520.0,False,False,False,False,,False,4.0,0.046511627906976744,False,False,False,False,4.0,0.046511627906976744,0.9647058823529412,,
12,S3R74FSD_N12_B10_n12_u2_safe,"[11,5,7,9,3,1,0,2,4,6,8,10]",11-5-7-9-3-1-0-2-4-6-8-10,58a3781209136d95,stage3_native_combined552,False,N12_final_diag_u2_safe,,,,,,False,,True,PASS_TEACHER_FIELDS_EXTRACTED,,3.326550358906388e-05,0.1476702839136123,581078080.0,579939520.0,,,,,,23.0,0.26744186046511625,0.08255136642817137,,,2.20100214392005e-05,3.9525062220491236e-05,False,False,False,False,,False,31.0,0.36046511627906974,0.20992610780818788,,,0.1403219699859619,0.14851062744855875,False,False,False,False,,False,28.0,0.32558139534883723,0.06281518837140314,,,580752832.0,581293664.0,False,False,False,False,,False,32.0,0.37209302325581395,0.8275862068965517,,,579937984.0,579939520.0,False,False,False,False,,False,23.0,0.26744186046511625,False,False,False,False,23.0,0.26744186046511625,0.7411764705882353,,
12,S3R74FSD_N12_B11_n12_u2_safe,"[11,9,5,7,3,1,0,6,2,4,8,10]",11-9-5-7-3-1-0-6-2-4-8-10,456759ca2d4a49d6,stage3_native_combined552,False,N12_final_diag_u2_safe,,,,,,False,,True,PASS_TEACHER_FIELDS_EXTRACTED,,3.356847309987643e-05,0.1537109613418579,580913536.0,579939520.0,,,,,,26.0,0.3023255813953488,0.0847734433477242,,,2.20100214392005e-05,3.9525062220491236e-05,False,False,False,False,,False,63.0,0.7325581395348837,0.3824957494323364,,,0.1403219699859619,0.14851062744855875,False,False,False,False,,False,5.0,0.05813953488372093,0.03103678433699199,,,580752832.0,581293664.0,False,False,False,False,,False,32.0,0.37209302325581395,0.8275862068965517,,,579937984.0,579939520.0,False,False,False,False,,False,26.0,0.3023255813953488,False,False,False,False,26.0,0.3023255813953488,0.7058823529411764,,
12,S3R74FSD_N12_B12_n12_run71_local,"[11,9,7,5,3,1,0,2,4,10,8,6]",11-9-7-5-3-1-0-2-4-10-8-6,ec4ebefb3a22cb53,stage3_native_combined552,False,N12_local_search_around_Run71_best,,,,,,False,,True,PASS_TEACHER_FIELDS_EXTRACTED,,3.698998170875712e-05,0.1539746969938278,583311936.0,579939712.0,,,,,,38.0,0.4418604651162791,0.10986790017757056,,,2.20100214392005e-05,3.9525062220491236e-05,False,False,False,False,,False,68.0,0.7906976744186046,0.390030130714002,,,0.1403219699859619,0.14851062744855875,False,False,False,False,,False,79.0,0.9186046511627907,0.4942400870167112,,,580752832.0,581293664.0,False,False,False,False,,False,76.0,0.8837209302325582,0.9310344827586207,,,579937984.0,579939520.0,False,False,False,False,,False,38.0,0.4418604651162791,False,False,False,False,38.0,0.4418604651162791,0.5647058823529412,,
12,S3R74FSD_N12_B13_n12_run71_local,"[11,9,5,7,3,1,0,2,8,6,4,10]",11-9-5-7-3-1-0-2-8-6-4-10,6dee960c4fb162c7,stage3_native_combined552,False,N12_local_search_around_Run71_best,,,,,,False,,True,PASS_TEACHER_FIELDS_EXTRACTED,,3.953997384087416e-05,0.1531052887439727,581007104.0,579939456.0,,,,,,47.0,0.5465116279069767,0.12857037174516156,,,2.20100214392005e-05,3.9525062220491236e-05,False,False,False,False,,False,60.0,0.6976744186046512,0.3651929378850933,,,0.1403219699859619,0.14851062744855875,False,False,False,False,,False,18.0,0.20930232558139536,0.04910758429743894,,,580752832.0,581293664.0,False,False,False,False,,False,25.0,0.29069767441860467,0.7931034482758621,,,579937984.0,579939520.0,False,False,False,False,,False,47.0,0.5465116279069767,False,False,False,False,47.0,0.5465116279069767,0.45882352941176474,,
12,S3R74FSD_N12_B14_n12_run71_local,"[5,9,11,7,3,1,0,2,4,6,8,10]",5-9-11-7-3-1-0-2-4-6-8-10,6f99d8eacf831b53,stage3_native_combined552,False,N12_local_search_around_Run71_best,,,,,,False,,True,PASS_TEACHER_FIELDS_EXTRACTED,,3.756570663426828e-05,0.1448495686054229,581167168.0,579939520.0,,,,,,41.0,0.47674418604651164,0.11409045400999615,,,2.20100214392005e-05,3.9525062220491236e-05,False,False,False,False,,False,8.0,0.09302325581395349,0.1293441142089417,,,0.1403219699859619,0.14851062744855875,False,False,False,False,,False,34.0,0.3953488372093023,0.08002076535152773,,,580752832.0,581293664.0,False,False,False,False,,False,32.0,0.37209302325581395,0.8275862068965517,,,579937984.0,579939520.0,False,False,False,False,,False,41.0,0.47674418604651164,False,False,False,False,41.0,0.47674418604651164,0.5294117647058824,,
16,S3R74FSD_N16_B01_n16_penalty,"[14,6,10,12,8,4,2,0,1,3,5,7,9,11,13,15]",14-6-10-12-8-4-2-0-1-3-5-7-9-11-13-15,5e0129a21f85cd34,stage3_native_combined552,False,N16_final_diag_penalty_aware,,,,,,False,,True,PASS_TEACHER_FIELDS_EXTRACTED,,3.502699360069528e-05,0.1457871496677398,580903872.0,579948416.0,,,,,,6.0,0.06976744186046512,0.023081190254718865,,,2.926077831943985e-05,4.9522939889357076e-05,False,False,False,False,,False,1.0,0.011627906976744186,0.0,,,0.1457871496677398,0.15198192000389094,False,False,False,False,,False,5.0,0.05813953488372093,0.0024202602469953803,,,580887040.0,581493984.0,False,False,False,False,,False,74.0,0.8604651162790697,0.8666666666666667,,,579946752.0,579948288.0,False,False,False,False,,False,6.0,0.06976744186046512,False,False,False,False,6.0,0.06976744186046512,0.9411764705882353,,
16,S3R74FSD_N16_B02_n16_penalty,"[14,6,2,8,12,10,4,0,1,3,5,7,9,11,13,15]",14-6-2-8-12-10-4-0-1-3-5-7-9-11-13-15,f2f8d60a7967d749,stage3_native_combined552,False,N16_final_diag_penalty_aware,,,,,,False,,True,PASS_TEACHER_FIELDS_EXTRACTED,,5.006714764022036e-05,0.150148332118988,581103680.0,579947456.0,,,,,,52.0,0.6046511627906976,0.08328439806332087,,,2.926077831943985e-05,4.9522939889357076e-05,False,False,False,False,,False,24.0,0.27906976744186046,0.12838561041002883,,,0.1457871496677398,0.15198192000389094,False,False,False,False,,False,25.0,0.29069767441860467,0.031150497855815067,,,580887040.0,581493984.0,False,False,False,False,,False,11.0,0.12790697674418605,0.36666666666666664,,,579946752.0,579948288.0,False,False,False,False,,False,52.0,0.6046511627906976,False,False,False,False,52.0,0.6046511627906976,0.4,,
16,S3R74FSD_N16_B03_n16_reward_bal,"[14,12,10,8,6,4,2,0,1,3,5,7,9,11,13,15]",14-12-10-8-6-4-2-0-1-3-5-7-9-11-13-15,543b47f89dc534e4,stage3_native_combined552,False,N16_final_diag_reward_balanced,,,,,,False,,True,PASS_TEACHER_FIELDS_EXTRACTED,,3.4737099667836446e-05,0.1495949774980545,580887040.0,579948672.0,,,,,,5.0,0.05813953488372093,0.021920793583482097,,,2.926077831943985e-05,4.9522939889357076e-05,False,False,False,False,,False,14.0,0.16279069767441862,0.11209581479246064,,,0.1457871496677398,0.15198192000389094,False,False,False,False,,False,1.0,0.011627906976744186,0.0,,,580887040.0,581493984.0,False,False,False,False,,False,86.0,1.0,1.0,,,579946752.0,579948288.0,False,False,False,False,,False,5.0,0.05813953488372093,False,False,False,False,5.0,0.05813953488372093,0.9529411764705882,,
16,S3R74FSD_N16_B04_n16_reward_bal,"[14,6,0,8,12,10,4,2,1,3,5,7,9,11,13,15]",14-6-0-8-12-10-4-2-1-3-5-7-9-11-13-15,b674fc00f675c220,stage3_native_combined552,False,N16_final_diag_reward_balanced,,,,,,False,,True,PASS_TEACHER_FIELDS_EXTRACTED,,6.018633121129824e-05,0.1496336758136749,581811456.0,579948352.0,,,,,,63.0,0.7325581395348837,0.1237897884856539,,,2.926077831943985e-05,4.9522939889357076e-05,False,False,False,False,,False,16.0,0.18604651162790697,0.11323502575836333,,,0.1457871496677398,0.15198192000389094,False,False,False,False,,False,52.0,0.6046511627906976,0.1329210608654041,,,580887040.0,581493984.0,False,False,False,False,,False,53.0,0.6162790697674418,0.8333333333333334,,,579946752.0,579948288.0,False,False,False,False,,False,63.0,0.7325581395348837,False,False,False,False,63.0,0.7325581395348837,0.2705882352941177,,
16,S3R74FSD_N16_B05_n16_final_top,"[14,8,4,6,12,10,2,0,1,3,5,7,9,11,13,15]",14-8-4-6-12-10-2-0-1-3-5-7-9-11-13-15,e198f4b34b0fa657,stage3_native_combined552,False,N16_final_diag_surrogate_top,,,,,,False,,True,PASS_TEACHER_FIELDS_EXTRACTED,,5.0498146265454125e-05,0.1496848165988922,580976192.0,579947520.0,,,,,,54.0,0.627906976744186,0.0850096130931657,,,2.926077831943985e-05,4.9522939889357076e-05,False,False,False,False,,False,18.0,0.20930232558139536,0.11474052134364748,,,0.1457871496677398,0.15198192000389094,False,False,False,False,,False,13.0,0.1511627906976744,0.012819097049675151,,,580887040.0,581493984.0,False,False,False,False,,False,13.0,0.1511627906976744,0.4,,,579946752.0,579948288.0,False,False,False,False,,False,54.0,0.627906976744186,False,False,False,False,54.0,0.627906976744186,0.3764705882352941,,
16,S3R74FSD_N16_B06_n16_final_top,"[14,6,4,8,10,12,2,0,1,3,5,7,9,11,13,15]",14-6-4-8-10-12-2-0-1-3-5-7-9-11-13-15,b459805c4b47a188,stage3_native_combined552,False,N16_final_diag_surrogate_top,,,,,,False,,True,PASS_TEACHER_FIELDS_EXTRACTED,,3.7295596030162415e-05,0.150720402598381,580990080.0,579947520.0,,,,,,10.0,0.11627906976744186,0.032162024343079174,,,2.926077831943985e-05,4.9522939889357076e-05,False,False,False,False,,False,30.0,0.3488372093023256,0.14522636828141866,,,0.1457871496677398,0.15198192000389094,False,False,False,False,,False,15.0,0.1744186046511628,0.014816041816207461,,,580887040.0,581493984.0,False,False,False,False,,False,13.0,0.1511627906976744,0.4,,,579946752.0,579948288.0,False,False,False,False,,False,10.0,0.11627906976744186,False,False,False,False,10.0,0.11627906976744186,0.8941176470588236,,
16,S3R74FSD_N16_B07_n16_final_top,"[12,10,4,8,14,6,2,0,1,3,5,7,9,11,13,15]",12-10-4-8-14-6-2-0-1-3-5-7-9-11-13-15,27fd6ded94108562,stage3_native_combined552,False,N16_final_diag_surrogate_top,,,,,,False,,True,PASS_TEACHER_FIELDS_EXTRACTED,,5.240075438450731e-05,0.1481634676456451,580912128.0,579947520.0,,,,,,59.0,0.686046511627907,0.09262543349425177,,,2.926077831943985e-05,4.9522939889357076e-05,False,False,False,False,,False,6.0,0.06976744186046512,0.06995465966675628,,,0.1457871496677398,0.15198192000389094,False,False,False,False,,False,8.0,0.09302325581395349,0.003607384094380947,,,580887040.0,581493984.0,False,False,False,False,,False,13.0,0.1511627906976744,0.4,,,579946752.0,579948288.0,False,False,False,False,,False,59.0,0.686046511627907,False,False,False,False,59.0,0.686046511627907,0.3176470588235294,,
16,S3R74FSD_N16_B08_n16_final_top,"[14,8,6,4,12,10,0,2,1,3,5,7,9,11,13,15]",14-8-6-4-12-10-0-2-1-3-5-7-9-11-13-15,52c626e38596eaa9,stage3_native_combined552,False,N16_final_diag_surrogate_top,,,,,,False,,True,PASS_TEACHER_FIELDS_EXTRACTED,,4.582889278026414e-05,0.1497713178396225,580964096.0,579947456.0,,,,,,35.0,0.4069767441860465,0.06631937646784933,,,2.926077831943985e-05,4.9522939889357076e-05,False,False,False,False,,False,20.0,0.23255813953488372,0.11728696711071328,,,0.1457871496677398,0.15198192000389094,False,False,False,False,,False,12.0,0.13953488372093023,0.011079822575598624,,,580887040.0,581493984.0,False,False,False,False,,False,11.0,0.12790697674418605,0.36666666666666664,,,579946752.0,579948288.0,False,False,False,False,,False,35.0,0.4069767441860465,False,False,False,False,35.0,0.4069767441860465,0.6,,
16,S3R74FSD_N16_B09_n16_u2_safe,"[8,6,10,12,14,4,2,0,1,3,7,5,9,11,13,15]",8-6-10-12-14-4-2-0-1-3-7-5-9-11-13-15,540180bfecc4992f,stage3_native_combined552,False,N16_final_diag_u2_safe,,,,,,False,,True,PASS_TEACHER_FIELDS_EXTRACTED,,4.127822376176482e-05,0.1516896486282348,580917440.0,579948416.0,,,,,,23.0,0.26744186046511625,0.0481038135242179,,,2.926077831943985e-05,4.9522939889357076e-05,False,False,False,False,,False,36.0,0.4186046511627907,0.17375928213478545,,,0.1457871496677398,0.15198192000389094,False,False,False,False,,False,10.0,0.11627906976744186,0.004371192461303444,,,580887040.0,581493984.0,False,False,False,False,,False,74.0,0.8604651162790697,0.8666666666666667,,,579946752.0,579948288.0,False,False,False,False,,False,23.0,0.26744186046511625,False,False,False,False,23.0,0.26744186046511625,0.7411764705882353,,
16,S3R74FSD_N16_B10_n16_u2_safe,"[8,6,10,14,12,4,2,0,1,3,7,5,9,11,13,15]",8-6-10-14-12-4-2-0-1-3-7-5-9-11-13-15,b7083558d9854aeb,stage3_native_combined552,False,N16_final_diag_u2_safe,,,,,,False,,True,PASS_TEACHER_FIELDS_EXTRACTED,,3.889254548994359e-05,0.1521060764789581,580914432.0,579948416.0,,,,,,15.0,0.1744186046511628,0.03855434452373584,,,2.926077831943985e-05,4.9522939889357076e-05,False,False,False,False,,False,45.0,0.5232558139534884,0.18601819228231778,,,0.1457871496677398,0.15198192000389094,False,False,False,False,,False,9.0,0.10465116279069768,0.003938674470395524,,,580887040.0,581493984.0,False,False,False,False,,False,74.0,0.8604651162790697,0.8666666666666667,,,579946752.0,579948288.0,False,False,False,False,,False,15.0,0.1744186046511628,False,False,False,False,15.0,0.1744186046511628,0.8352941176470589,,
16,S3R74FSD_N16_B11_n16_u2_safe,"[12,6,4,8,14,10,2,0,1,3,7,5,9,11,13,15]",12-6-4-8-14-10-2-0-1-3-7-5-9-11-13-15,6ec02903e0677b28,stage3_native_combined552,False,N16_final_diag_u2_safe,,,,,,False,,True,PASS_TEACHER_FIELDS_EXTRACTED,,5.168353936824133e-05,0.1520113199949264,580997312.0,579948352.0,,,,,,56.0,0.6511627906976745,0.08975454237476997,,,2.926077831943985e-05,4.9522939889357076e-05,False,False,False,False,,False,42.0,0.4883720930232558,0.1832287265402375,,,0.1457871496677398,0.15198192000389094,False,False,False,False,,False,17.0,0.19767441860465115,0.015855925496475437,,,580887040.0,581493984.0,False,False,False,False,,False,53.0,0.6162790697674418,0.8333333333333334,,,579946752.0,579948288.0,False,False,False,False,,False,56.0,0.6511627906976745,False,False,False,False,56.0,0.6511627906976745,0.3529411764705882,,
16,S3R74FSD_N16_B12_n16_run71_local,"[15,13,11,9,7,5,3,1,0,2,10,12,8,4,6,14]",15-13-11-9-7-5-3-1-0-2-10-12-8-4-6-14,e3e2590642bd2c5b,stage3_native_combined552,False,N16_local_search_around_Run71_best,,,,,,False,,True,PASS_TEACHER_FIELDS_EXTRACTED,,5.227775727689732e-05,0.1617272645235061,582024768.0,579948416.0,,,,,,57.0,0.6627906976744186,0.09213309675289649,,,2.926077831943985e-05,4.9522939889357076e-05,False,False,False,False,,False,74.0,0.8604651162790697,0.4692491998764714,,,0.1457871496677398,0.15198192000389094,False,False,False,False,,False,57.0,0.6627906976744186,0.163593028178087,,,580887040.0,581493984.0,False,False,False,False,,False,74.0,0.8604651162790697,0.8666666666666667,,,579946752.0,579948288.0,False,False,False,False,,False,57.0,0.6627906976744186,False,False,False,False,57.0,0.6627906976744186,0.3411764705882353,,
16,S3R74FSD_N16_B13_n16_run71_local,"[14,12,8,4,6,10,2,0,1,3,5,7,9,11,13,15]",14-12-8-4-6-10-2-0-1-3-5-7-9-11-13-15,cb0a72a06b7d08c9,stage3_native_combined552,False,N16_local_search_around_Run71_best,,,,,,False,,True,PASS_TEACHER_FIELDS_EXTRACTED,,2.926077831943985e-05,0.1494684070348739,580903232.0,579948416.0,,,,,,1.0,0.011627906976744186,0.0,,,2.926077831943985e-05,4.9522939889357076e-05,False,False,False,False,,False,13.0,0.1511627906976744,0.1083698009517257,,,0.1457871496677398,0.15198192000389094,False,False,False,False,,False,4.0,0.046511627906976744,0.0023282351425468867,,,580887040.0,581493984.0,False,False,False,False,,False,74.0,0.8604651162790697,0.8666666666666667,,,579946752.0,579948288.0,False,False,False,False,,False,1.0,0.011627906976744186,False,False,False,False,1.0,0.011627906976744186,1.0,,
16,S3R74FSD_N16_B14_n16_run71_local,"[14,10,4,8,12,6,2,0,1,3,5,7,9,11,13,15]",14-10-4-8-12-6-2-0-1-3-5-7-9-11-13-15,61430aece28016e5,stage3_native_combined552,False,N16_local_search_around_Run71_best,,,,,,False,,True,PASS_TEACHER_FIELDS_EXTRACTED,,5.502241992871859e-05,0.1484406590461731,580908480.0,579947584.0,,,,,,60.0,0.6976744186046512,0.10311951986783703,,,2.926077831943985e-05,4.9522939889357076e-05,False,False,False,False,,False,8.0,0.09302325581395349,0.07811469139095309,,,0.1457871496677398,0.15198192000389094,False,False,False,False,,False,6.0,0.06976744186046512,0.003082840999024534,,,580887040.0,581493984.0,False,False,False,False,,False,21.0,0.2441860465116279,0.43333333333333335,,,579946752.0,579948288.0,False,False,False,False,,False,60.0,0.6976744186046512,False,False,False,False,60.0,0.6976744186046512,0.3058823529411765,,
24,S3R74FSD_N24_B01_n24_anchor_ref,"[22,17,15,1,9,7,5,3,13,11,19,21,23,0,2,4,6,8,10,12,14,16,18,20]",22-17-15-1-9-7-5-3-13-11-19-21-23-0-2-4-6-8-10-12-14-16-18-20,d7ba002519eefbc4,stage3_native_combined552,False,N24_anchor_top_density_reference,,,,,,False,,True,PASS_TEACHER_FIELDS_EXTRACTED,,4.495266580306634e-05,0.1542437821626663,582444480.0,579944384.0,,,,,,25.0,0.12626262626262627,0.025841914442212958,,,2.9523077955673216e-05,8.096076885522052e-05,False,False,False,False,,False,48.0,0.24242424242424243,0.1255719532335522,,,0.1492166519165039,0.15729529410600662,False,False,False,False,,False,93.0,0.4696969696969697,0.14055573079459754,,,580875968.0,582566592.0,False,False,False,False,,False,120.0,0.6060606060606061,0.7575757575757576,,,579942784.0,579944128.0,False,False,False,False,,False,25.0,0.12626262626262627,False,False,False,False,25.0,0.12626262626262627,0.8781725888324873,,
24,S3R74FSD_N24_B02_n24_anchor_ref,"[22,17,15,13,11,1,3,5,7,9,19,21,23,0,2,4,6,8,10,12,14,16,18,20]",22-17-15-13-11-1-3-5-7-9-19-21-23-0-2-4-6-8-10-12-14-16-18-20,3b4b69afba173369,stage3_native_combined552,False,N24_anchor_top_density_reference,,,,,,False,,True,PASS_TEACHER_FIELDS_EXTRACTED,,4.6763470891164616e-05,0.1578554660081863,582119488.0,579944448.0,,,,,,30.0,0.15151515151515152,0.028874702525795222,,,2.9523077955673216e-05,8.096076885522052e-05,False,False,False,False,,False,112.0,0.5656565656565656,0.21578767726223214,,,0.1492166519165039,0.15729529410600662,False,False,False,False,,False,76.0,0.3838383838383838,0.11143291371548189,,,580875968.0,582566592.0,False,False,False,False,,False,145.0,0.7323232323232324,0.7878787878787878,,,579942784.0,579944128.0,False,False,False,False,,False,30.0,0.15151515151515152,False,False,False,False,30.0,0.15151515151515152,0.8527918781725888,,
40,S3R74FSD_N40_B01_n40_anchor_ref,"[0,2,4,7,9,11,13,15,17,19,32,36,38,34,30,28,26,24,22,20,18,16,14,12,10,8,6,5,3,1,21,23,25,27,29,31,33,35,39,37]",0-2-4-7-9-11-13-15-17-19-32-36-38-34-30-28-26-24-22-20-18-16-14-12-10-8-6-5-3-1-21-23-25-27-29-31-33-35-39-37,8fa9a86e354e7e40,stage3_native_combined552,False,N40_anchor_u2_reward_reference,,,,,,False,,True,PASS_TEACHER_FIELDS_EXTRACTED,,5.995848368911538e-05,0.1530008167028427,582012928.0,579927488.0,,,,,,20.0,0.09345794392523364,0.006981762573790458,,,4.5779268475598656e-05,0.0001498124456702,False,False,False,False,,False,28.0,0.1308411214953271,0.15873475592080227,,,0.1440253555774688,0.1574980020523071,False,False,False,False,,False,33.0,0.1542056074766355,0.051324734501892476,,,581119040.0,583269440.0,False,False,False,False,,False,127.0,0.5934579439252337,0.6067415730337079,,,579924032.0,579927040.0,False,False,False,False,,False,20.0,0.09345794392523364,False,False,False,False,20.0,0.09345794392523364,0.9107981220657277,,
40,S3R74FSD_N40_B02_n40_anchor_ref,"[0,2,4,7,9,11,13,15,17,19,30,32,38,36,34,28,26,24,22,20,18,16,14,12,10,8,6,5,3,1,21,23,25,27,29,31,33,35,39,37]",0-2-4-7-9-11-13-15-17-19-30-32-38-36-34-28-26-24-22-20-18-16-14-12-10-8-6-5-3-1-21-23-25-27-29-31-33-35-39-37,8dcfe2b90c080e0c,stage3_native_combined552,False,N40_anchor_u2_reward_reference,,,,,,False,,True,PASS_TEACHER_FIELDS_EXTRACTED,,6.69350556563586e-05,0.1530580669641494,582034624.0,579927552.0,,,,,,31.0,0.14485981308411214,0.010416985773437035,,,4.5779268475598656e-05,0.0001498124456702,False,False,False,False,,False,35.0,0.16355140186915887,0.15974725055789976,,,0.1440253555774688,0.1574980020523071,False,False,False,False,,False,41.0,0.19158878504672897,0.05257046264652923,,,581119040.0,583269440.0,False,False,False,False,,False,146.0,0.6822429906542056,0.6179775280898876,,,579924032.0,579927040.0,False,False,False,False,,False,31.0,0.14485981308411214,False,False,False,False,31.0,0.14485981308411214,0.8591549295774648,,
12,PPOV01_N12_B01_deterministic,"[11,1,3,9,7,5,0,2,4,6,8,10]","11,1,3,9,7,5,0,2,4,6,8,10",757671dac07a2c40,stage3_ppo_policy_only_batch32,True,PPO_checkpoint_inference,E:\Projects\RL-LAM-ScanOpt\outputs\stage3_ppo_rl_lam_fea_addendum_v01\ppo_training\checkpoints\maskable_ppo_lam_scan_order_final.zip,deterministic,deterministic,0.8529129529657291,757671dac07a2c40,False,,True,PASS_TEACHER_FIELDS_EXTRACTED,E:\Projects\RL-LAM-ScanOpt\outputs\stage3_ppo_rl_lam_fea_addendum_v01\stageG_odb_teacher_metrics\tables\stageG_ppo_batch32_teacher_metrics.csv,2.7248898732068483e-05,0.1507376283407211,583265024.0,579939520.0,step_final_cooling,1200.0,AC YIELD;HFL;NT11;PEEQ;RF;S;U,WARNING_SUCCESS_WITH_WARNINGS,PASS_ODB_FINAL_FRAME_EXTRACTED,9.0,0.10465116279069768,0.038423629775915076,8.0,0.10256410256410256,2.20100214392005e-05,3.9525062220491236e-05,False,True,True,True,2.0,False,54.0,0.627906976744186,0.29755378447387065,48.0,0.6153846153846154,0.1403219699859619,0.14851062744855875,False,False,False,False,7.0,False,77.0,0.8953488372093024,0.48517996637990707,72.0,0.9230769230769231,580752832.0,581293664.0,False,False,False,False,6.0,False,32.0,0.37209302325581395,0.8275862068965517,27.0,0.34615384615384615,579937984.0,579939520.0,False,False,False,False,6.0,False,9.0,0.10465116279069768,False,True,True,False,9.0,0.10465116279069768,0.9058823529411765,8.0,0.10256410256410256
12,PPOV01_N12_B02_surrogate_top,"[11,1,3,7,9,5,0,2,4,6,8,10]","11,1,3,7,9,5,0,2,4,6,8,10",04c3f1a84377b4b9,stage3_ppo_policy_only_batch32,True,PPO_checkpoint_inference,E:\Projects\RL-LAM-ScanOpt\outputs\stage3_ppo_rl_lam_fea_addendum_v01\ppo_training\checkpoints\maskable_ppo_lam_scan_order_final.zip,stochastic,surrogate_top,0.8737226982126863,04c3f1a84377b4b9,True,recovery_anchor,True,PASS_TEACHER_FIELDS_EXTRACTED,E:\Projects\RL-LAM-ScanOpt\outputs\stage3_ppo_rl_lam_fea_addendum_v01\stageG_odb_teacher_metrics\tables\stageG_ppo_batch32_teacher_metrics.csv,2.7269628844805997e-05,0.1481368690729141,583111104.0,579939520.0,step_final_cooling,1200.0,AC YIELD;HFL;NT11;PEEQ;RF;S;U,WARNING_SUCCESS_WITH_WARNINGS,PASS_ODB_FINAL_FRAME_EXTRACTED,10.0,0.11627906976744186,0.038575671164272005,8.0,0.10256410256410256,2.20100214392005e-05,3.9525062220491236e-05,False,True,True,True,3.0,False,36.0,0.4186046511627907,0.22325547933717554,35.0,0.44871794871794873,0.1403219699859619,0.14851062744855875,False,True,False,False,2.0,False,74.0,0.8604651162790697,0.4554533768416889,70.0,0.8974358974358975,580752832.0,581293664.0,False,False,False,False,5.0,False,32.0,0.37209302325581395,0.8275862068965517,27.0,0.34615384615384615,579937984.0,579939520.0,False,False,False,False,6.0,False,10.0,0.11627906976744186,False,True,True,False,10.0,0.11627906976744186,0.8941176470588236,8.0,0.10256410256410256
12,PPOV01_N12_B03_surrogate_top,"[11,3,1,9,7,5,0,2,4,6,8,10]","11,3,1,9,7,5,0,2,4,6,8,10",6e4c9be2abad539c,stage3_ppo_policy_only_batch32,True,PPO_checkpoint_inference,E:\Projects\RL-LAM-ScanOpt\outputs\stage3_ppo_rl_lam_fea_addendum_v01\ppo_training\checkpoints\maskable_ppo_lam_scan_order_final.zip,stochastic,surrogate_top,0.8505970487716251,6e4c9be2abad539c,False,,True,PASS_TEACHER_FIELDS_EXTRACTED,E:\Projects\RL-LAM-ScanOpt\outputs\stage3_ppo_rl_lam_fea_addendum_v01\stageG_odb_teacher_metrics\tables\stageG_ppo_batch32_teacher_metrics.csv,3.424449278099928e-05,0.1501961797475814,582941568.0,579939456.0,step_final_cooling,1200.0,AC YIELD;HFL;NT11;PEEQ;RF;S;U,WARNING_SUCCESS_WITH_WARNINGS,PASS_ODB_FINAL_FRAME_EXTRACTED,31.0,0.36046511627906974,0.08973159153417977,26.0,0.3333333333333333,2.20100214392005e-05,3.9525062220491236e-05,False,True,False,False,6.0,False,52.0,0.6046511627906976,0.28208571971028745,47.0,0.6025641025641025,0.1403219699859619,0.14851062744855875,False,False,False,False,6.0,False,67.0,0.7790697674418605,0.42271086720063283,66.0,0.8461538461538461,580752832.0,581293664.0,False,False,False,False,2.0,False,25.0,0.29069767441860467,0.7931034482758621,24.0,0.3076923076923077,579937984.0,579939520.0,False,True,False,False,2.0,False,31.0,0.36046511627906974,False,False,False,False,31.0,0.36046511627906974,0.6470588235294117,26.0,0.3333333333333333
12,PPOV01_N12_B04_surrogate_top,"[11,3,1,7,9,5,0,2,4,6,8,10]","11,3,1,7,9,5,0,2,4,6,8,10",e1823c6311146374,stage3_ppo_policy_only_batch32,True,PPO_checkpoint_inference,E:\Projects\RL-LAM-ScanOpt\outputs\stage3_ppo_rl_lam_fea_addendum_v01\ppo_training\checkpoints\maskable_ppo_lam_scan_order_final.zip,stochastic,surrogate_top,0.8187143232220564,e1823c6311146374,False,,True,PASS_TEACHER_FIELDS_EXTRACTED,E:\Projects\RL-LAM-ScanOpt\outputs\stage3_ppo_rl_lam_fea_addendum_v01\stageG_odb_teacher_metrics\tables\stageG_ppo_batch32_teacher_metrics.csv,3.631846584539744e-05,0.148762047290802,583000576.0,579939456.0,step_final_cooling,1200.0,AC YIELD;HFL;NT11;PEEQ;RF;S;U,WARNING_SUCCESS_WITH_WARNINGS,PASS_ODB_FINAL_FRAME_EXTRACTED,36.0,0.4186046511627907,0.10494278445525496,30.0,0.38461538461538464,2.20100214392005e-05,3.9525062220491236e-05,False,True,False,False,7.0,False,44.0,0.5116279069767442,0.2411155260444657,42.0,0.5384615384615384,0.1403219699859619,0.14851062744855875,False,False,False,False,3.0,False,70.0,0.813953488372093,0.43410708988430735,68.0,0.8717948717948718,580752832.0,581293664.0,False,False,False,False,3.0,False,25.0,0.29069767441860467,0.7931034482758621,24.0,0.3076923076923077,579937984.0,579939520.0,False,True,False,False,2.0,False,36.0,0.4186046511627907,False,False,False,False,36.0,0.4186046511627907,0.5882352941176471,30.0,0.38461538461538464
12,PPOV01_N12_B05_diverse_tophalf,"[11,3,1,5,9,7,0,2,4,6,8,10]","11,3,1,5,9,7,0,2,4,6,8,10",ec1f61e368e0b0b1,stage3_ppo_policy_only_batch32,True,PPO_checkpoint_inference,E:\Projects\RL-LAM-ScanOpt\outputs\stage3_ppo_rl_lam_fea_addendum_v01\ppo_training\checkpoints\maskable_ppo_lam_scan_order_final.zip,stochastic,diverse_tophalf,0.8129213804549555,ec1f61e368e0b0b1,False,,True,PASS_TEACHER_FIELDS_EXTRACTED,E:\Projects\RL-LAM-ScanOpt\outputs\stage3_ppo_rl_lam_fea_addendum_v01\stageG_odb_teacher_metrics\tables\stageG_ppo_batch32_teacher_metrics.csv,3.3783958315325435e-05,0.1501507312059402,583326784.0,579939520.0,step_final_cooling,1200.0,AC YIELD;HFL;NT11;PEEQ;RF;S;U,WARNING_SUCCESS_WITH_WARNINGS,PASS_ODB_FINAL_FRAME_EXTRACTED,28.0,0.32558139534883723,0.08635388199473501,24.0,0.3076923076923077,2.20100214392005e-05,3.9525062220491236e-05,False,True,False,False,5.0,False,50.0,0.5813953488372093,0.28078734901651553,46.0,0.5897435897435898,0.1403219699859619,0.14851062744855875,False,False,False,False,5.0,False,80.0,0.9302325581395349,0.49710768318006526,73.0,0.9358974358974359,580752832.0,581293664.0,False,False,False,False,8.0,False,32.0,0.37209302325581395,0.8275862068965517,27.0,0.34615384615384615,579937984.0,579939520.0,False,False,False,False,6.0,False,28.0,0.32558139534883723,False,False,False,False,28.0,0.32558139534883723,0.6823529411764706,24.0,0.3076923076923077
12,PPOV01_N12_B06_diverse_tophalf,"[11,1,3,9,7,5,0,2,4,6,10,8]","11,1,3,9,7,5,0,2,4,6,10,8",2021a19d651a7f1f,stage3_ppo_policy_only_batch32,True,PPO_checkpoint_inference,E:\Projects\RL-LAM-ScanOpt\outputs\stage3_ppo_rl_lam_fea_addendum_v01\ppo_training\checkpoints\maskable_ppo_lam_scan_order_final.zip,stochastic,diverse_tophalf,0.7882549240365492,2021a19d651a7f1f,False,,True,PASS_TEACHER_FIELDS_EXTRACTED,E:\Projects\RL-LAM-ScanOpt\outputs\stage3_ppo_rl_lam_fea_addendum_v01\stageG_odb_teacher_metrics\tables\stageG_ppo_batch32_teacher_metrics.csv,3.0258700462582052e-05,0.1538493782281875,583283072.0,579938560.0,step_final_cooling,1200.0,AC YIELD;HFL;NT11;PEEQ;RF;S;U,WARNING_SUCCESS_WITH_WARNINGS,PASS_ODB_FINAL_FRAME_EXTRACTED,18.0,0.20930232558139536,0.06049849447060839,15.0,0.19230769230769232,2.20100214392005e-05,3.9525062220491236e-05,False,True,False,True,4.0,False,65.0,0.7558139534883721,0.3864500331616641,58.0,0.7435897435897436,0.1403219699859619,0.14851062744855875,False,False,False,False,8.0,False,78.0,0.9069767441860465,0.4886655789577771,72.0,0.9230769230769231,580752832.0,581293664.0,False,False,False,False,7.0,False,17.0,0.19767441860465115,0.3103448275862069,17.0,0.21794871794871795,579937984.0,579939520.0,False,True,False,True,1.0,True,18.0,0.20930232558139536,False,False,True,False,18.0,0.20930232558139536,0.8,15.0,0.19230769230769232
12,PPOV01_N12_B07_novelty_tophalf,"[11,1,3,9,7,5,0,4,2,6,8,10]","11,1,3,9,7,5,0,4,2,6,8,10",8d75176c787926a3,stage3_ppo_policy_only_batch32,True,PPO_checkpoint_inference,E:\Projects\RL-LAM-ScanOpt\outputs\stage3_ppo_rl_lam_fea_addendum_v01\ppo_training\checkpoints\maskable_ppo_lam_scan_order_final.zip,stochastic,novelty_tophalf,0.7370404978212047,8d75176c787926a3,False,,True,PASS_TEACHER_FIELDS_EXTRACTED,E:\Projects\RL-LAM-ScanOpt\outputs\stage3_ppo_rl_lam_fea_addendum_v01\stageG_odb_teacher_metrics\tables\stageG_ppo_batch32_teacher_metrics.csv,4.105954440092319e-05,0.1460365504026413,581601088.0,579939456.0,step_final_cooling,1200.0,AC YIELD;HFL;NT11;PEEQ;RF;S;U,WARNING_SUCCESS_WITH_WARNINGS,PASS_ODB_FINAL_FRAME_EXTRACTED,52.0,0.6046511627906976,0.1397153964047752,45.0,0.5769230769230769,2.20100214392005e-05,3.9525062220491236e-05,False,False,False,False,8.0,False,17.0,0.19767441860465115,0.16325372547250144,17.0,0.21794871794871795,0.1403219699859619,0.14851062744855875,False,True,False,True,1.0,True,46.0,0.5348837209302325,0.1638237911598932,46.0,0.5897435897435898,580752832.0,581293664.0,False,False,False,False,1.0,True,25.0,0.29069767441860467,0.7931034482758621,24.0,0.3076923076923077,579937984.0,579939520.0,False,True,False,False,2.0,False,52.0,0.6046511627906976,False,False,False,False,52.0,0.6046511627906976,0.4,45.0,0.5769230769230769
12,PPOV01_N12_B08_stochastic_highreward,"[11,1,3,7,5,9,0,2,4,6,8,10]","11,1,3,7,5,9,0,2,4,6,8,10",6e50be45727802e0,stage3_ppo_policy_only_batch32,True,PPO_checkpoint_inference,E:\Projects\RL-LAM-ScanOpt\outputs\stage3_ppo_rl_lam_fea_addendum_v01\ppo_training\checkpoints\maskable_ppo_lam_scan_order_final.zip,stochastic,stochastic_highreward,0.7536801236535111,6e50be45727802e0,False,,True,PASS_TEACHER_FIELDS_EXTRACTED,E:\Projects\RL-LAM-ScanOpt\outputs\stage3_ppo_rl_lam_fea_addendum_v01\stageG_odb_teacher_metrics\tables\stageG_ppo_batch32_teacher_metrics.csv,2.5148123313556425e-05,0.1490274965763092,583065856.0,579939456.0,step_final_cooling,1200.0,AC YIELD;HFL;NT11;PEEQ;RF;S;U,WARNING_SUCCESS_WITH_WARNINGS,PASS_ODB_FINAL_FRAME_EXTRACTED,6.0,0.06976744186046512,0.023015859673504235,6.0,0.07692307692307693,2.20100214392005e-05,3.9525062220491236e-05,False,True,True,True,1.0,True,45.0,0.5232558139534884,0.248698862286717,42.0,0.5384615384615384,0.1403219699859619,0.14851062744855875,False,False,False,False,4.0,False,72.0,0.8372093023255814,0.4467146247404331,69.0,0.8846153846153846,580752832.0,581293664.0,False,False,False,False,4.0,False,25.0,0.29069767441860467,0.7931034482758621,24.0,0.3076923076923077,579937984.0,579939520.0,False,True,False,False,2.0,False,6.0,0.06976744186046512,False,True,True,True,6.0,0.06976744186046512,0.9411764705882353,6.0,0.07692307692307693
16,PPOV01_N16_B01_deterministic,"[11,1,3,15,13,9,7,5,0,2,4,6,8,10,12,14]","11,1,3,15,13,9,7,5,0,2,4,6,8,10,12,14",4e65ff2075680484,stage3_ppo_policy_only_batch32,True,PPO_checkpoint_inference,E:\Projects\RL-LAM-ScanOpt\outputs\stage3_ppo_rl_lam_fea_addendum_v01\ppo_training\checkpoints\maskable_ppo_lam_scan_order_final.zip,deterministic,deterministic,0.9084376021752424,4e65ff2075680484,False,,True,PASS_TEACHER_FIELDS_EXTRACTED,E:\Projects\RL-LAM-ScanOpt\outputs\stage3_ppo_rl_lam_fea_addendum_v01\stageG_odb_teacher_metrics\tables\stageG_ppo_batch32_teacher_metrics.csv,3.2194235018323525e-05,0.1535855084657669,584222272.0,579948288.0,step_final_cooling,1200.0,AC YIELD;HFL;NT11;PEEQ;RF;S;U,WARNING_SUCCESS_WITH_WARNINGS,PASS_ODB_FINAL_FRAME_EXTRACTED,3.0,0.03488372093023256,0.011742133942000903,2.0,0.02564102564102564,2.926077831943985e-05,4.9522939889357076e-05,False,True,True,True,2.0,False,57.0,0.6627906976744186,0.22957009152290303,55.0,0.7051282051282052,0.1457871496677398,0.15198192000389094,False,False,False,False,3.0,False,80.0,0.9302325581395349,0.47957042681243445,73.0,0.9358974358974359,580887040.0,581493984.0,False,False,False,False,8.0,False,40.0,0.46511627906976744,0.8,37.0,0.47435897435897434,579946752.0,579948288.0,False,False,False,False,4.0,False,3.0,0.03488372093023256,False,True,True,False,3.0,0.03488372093023256,0.9764705882352941,2.0,0.02564102564102564
16,PPOV01_N16_B02_surrogate_top,"[11,1,3,15,13,9,7,5,0,2,4,6,8,10,14,12]","11,1,3,15,13,9,7,5,0,2,4,6,8,10,14,12",688b49e0c3b543ca,stage3_ppo_policy_only_batch32,True,PPO_checkpoint_inference,E:\Projects\RL-LAM-ScanOpt\outputs\stage3_ppo_rl_lam_fea_addendum_v01\ppo_training\checkpoints\maskable_ppo_lam_scan_order_final.zip,stochastic,surrogate_top,0.9350656517719896,688b49e0c3b543ca,False,,True,PASS_TEACHER_FIELDS_EXTRACTED,E:\Projects\RL-LAM-ScanOpt\outputs\stage3_ppo_rl_lam_fea_addendum_v01\stageG_odb_teacher_metrics\tables\stageG_ppo_batch32_teacher_metrics.csv,2.952120985355577e-05,0.1539182811975479,584204864.0,579948480.0,step_final_cooling,1200.0,AC YIELD;HFL;NT11;PEEQ;RF;S;U,WARNING_SUCCESS_WITH_WARNINGS,PASS_ODB_FINAL_FRAME_EXTRACTED,2.0,0.023255813953488372,0.0010424636427984915,2.0,0.02564102564102564,2.926077831943985e-05,4.9522939889357076e-05,False,True,True,True,1.0,True,60.0,0.6976744186046512,0.23936634076840058,56.0,0.717948717948718,0.1457871496677398,0.15198192000389094,False,False,False,False,5.0,False,79.0,0.9186046511627907,0.4770673439714354,73.0,0.9358974358974359,580887040.0,581493984.0,False,False,False,False,7.0,False,84.0,0.9767441860465116,0.9,77.0,0.9871794871794872,579946752.0,579948288.0,False,False,False,False,8.0,False,2.0,0.023255813953488372,False,True,True,True,2.0,0.023255813953488372,0.9882352941176471,2.0,0.02564102564102564
16,PPOV01_N16_B03_surrogate_top,"[11,3,1,9,15,13,7,5,0,2,4,6,8,10,12,14]","11,3,1,9,15,13,7,5,0,2,4,6,8,10,12,14",126863e4c1372da1,stage3_ppo_policy_only_batch32,True,PPO_checkpoint_inference,E:\Projects\RL-LAM-ScanOpt\outputs\stage3_ppo_rl_lam_fea_addendum_v01\ppo_training\checkpoints\maskable_ppo_lam_scan_order_final.zip,stochastic,surrogate_top,0.922934951521696,126863e4c1372da1,False,,True,PASS_TEACHER_FIELDS_EXTRACTED,E:\Projects\RL-LAM-ScanOpt\outputs\stage3_ppo_rl_lam_fea_addendum_v01\stageG_odb_teacher_metrics\tables\stageG_ppo_batch32_teacher_metrics.csv,4.810211476069526e-05,0.1522892415523529,583755072.0,579948224.0,step_final_cooling,1200.0,AC YIELD;HFL;NT11;PEEQ;RF;S;U,WARNING_SUCCESS_WITH_WARNINGS,PASS_ODB_FINAL_FRAME_EXTRACTED,43.0,0.5,0.07541870184199939,36.0,0.46153846153846156,2.926077831943985e-05,4.9522939889357076e-05,False,True,False,False,8.0,False,50.0,0.5813953488372093,0.1914102528109616,50.0,0.6410256410256411,0.1457871496677398,0.15198192000389094,False,False,False,False,1.0,True,73.0,0.8488372093023255,0.4123921005650341,71.0,0.9102564102564102,580887040.0,581493984.0,False,False,False,False,3.0,False,36.0,0.4186046511627907,0.7666666666666667,36.0,0.46153846153846156,579946752.0,579948288.0,False,True,False,False,1.0,True,43.0,0.5,False,False,False,False,43.0,0.5,0.5058823529411764,36.0,0.46153846153846156
16,PPOV01_N16_B04_surrogate_top,"[15,11,3,1,13,9,7,5,0,2,4,6,8,10,12,14]","15,11,3,1,13,9,7,5,0,2,4,6,8,10,12,14",2241e69d0c7b020f,stage3_ppo_policy_only_batch32,True,PPO_checkpoint_inference,E:\Projects\RL-LAM-ScanOpt\outputs\stage3_ppo_rl_lam_fea_addendum_v01\ppo_training\checkpoints\maskable_ppo_lam_scan_order_final.zip,stochastic,surrogate_top,0.9131284243933824,2241e69d0c7b020f,False,,True,PASS_TEACHER_FIELDS_EXTRACTED,E:\Projects\RL-LAM-ScanOpt\outputs\stage3_ppo_rl_lam_fea_addendum_v01\stageG_odb_teacher_metrics\tables\stageG_ppo_batch32_teacher_metrics.csv,4.657452063838719e-05,0.1545572429895401,582887424.0,579948224.0,step_final_cooling,1200.0,AC YIELD;HFL;NT11;PEEQ;RF;S;U,WARNING_SUCCESS_WITH_WARNINGS,PASS_ODB_FINAL_FRAME_EXTRACTED,40.0,0.46511627906976744,0.06930399941602508,35.0,0.44871794871794873,2.926077831943985e-05,4.9522939889357076e-05,False,True,False,False,6.0,False,63.0,0.7325581395348837,0.2581762623001458,57.0,0.7307692307692307,0.1457871496677398,0.15198192000389094,False,False,False,False,7.0,False,68.0,0.7906976744186046,0.28763366646421146,68.0,0.8717948717948718,580887040.0,581493984.0,False,False,False,False,1.0,True,36.0,0.4186046511627907,0.7666666666666667,36.0,0.46153846153846156,579946752.0,579948288.0,False,True,False,False,1.0,True,40.0,0.46511627906976744,False,False,False,False,40.0,0.46511627906976744,0.5411764705882354,35.0,0.44871794871794873
16,PPOV01_N16_B05_diverse_tophalf,"[11,3,1,15,13,5,9,7,0,2,4,6,8,10,12,14]","11,3,1,15,13,5,9,7,0,2,4,6,8,10,12,14",f0a3e7f21b353202,stage3_ppo_policy_only_batch32,True,PPO_checkpoint_inference,E:\Projects\RL-LAM-ScanOpt\outputs\stage3_ppo_rl_lam_fea_addendum_v01\ppo_training\checkpoints\maskable_ppo_lam_scan_order_final.zip,stochastic,diverse_tophalf,0.8355004799605253,f0a3e7f21b353202,False,,True,PASS_TEACHER_FIELDS_EXTRACTED,E:\Projects\RL-LAM-ScanOpt\outputs\stage3_ppo_rl_lam_fea_addendum_v01\stageG_odb_teacher_metrics\tables\stageG_ppo_batch32_teacher_metrics.csv,4.611615463545604e-05,0.1549895852804184,583533120.0,579948288.0,step_final_cooling,1200.0,AC YIELD;HFL;NT11;PEEQ;RF;S;U,WARNING_SUCCESS_WITH_WARNINGS,PASS_ODB_FINAL_FRAME_EXTRACTED,38.0,0.4418604651162791,0.06746923737473592,34.0,0.4358974358974359,2.926077831943985e-05,4.9522939889357076e-05,False,True,False,False,5.0,False,64.0,0.7441860465116279,0.27090366582911163,57.0,0.7307692307692307,0.1457871496677398,0.15198192000389094,False,False,False,False,8.0,False,72.0,0.8372093023255814,0.38047779434229656,71.0,0.9102564102564102,580887040.0,581493984.0,False,False,False,False,2.0,False,40.0,0.46511627906976744,0.8,37.0,0.47435897435897434,579946752.0,579948288.0,False,False,False,False,4.0,False,38.0,0.4418604651162791,False,False,False,False,38.0,0.4418604651162791,0.5647058823529412,34.0,0.4358974358974359
16,PPOV01_N16_B06_diverse_tophalf,"[11,3,1,15,13,9,7,5,0,2,4,6,8,12,14,10]","11,3,1,15,13,9,7,5,0,2,4,6,8,12,14,10",450d44b1ee439317,stage3_ppo_policy_only_batch32,True,PPO_checkpoint_inference,E:\Projects\RL-LAM-ScanOpt\outputs\stage3_ppo_rl_lam_fea_addendum_v01\ppo_training\checkpoints\maskable_ppo_lam_scan_order_final.zip,stochastic,diverse_tophalf,0.8819670057696751,450d44b1ee439317,False,,True,PASS_TEACHER_FIELDS_EXTRACTED,E:\Projects\RL-LAM-ScanOpt\outputs\stage3_ppo_rl_lam_fea_addendum_v01\stageG_odb_teacher_metrics\tables\stageG_ppo_batch32_teacher_metrics.csv,4.7976209089029e-05,0.1540152728557586,584101568.0,579948224.0,step_final_cooling,1200.0,AC YIELD;HFL;NT11;PEEQ;RF;S;U,WARNING_SUCCESS_WITH_WARNINGS,PASS_ODB_FINAL_FRAME_EXTRACTED,42.0,0.4883720930232558,0.07491472260776512,36.0,0.46153846153846156,2.926077831943985e-05,4.9522939889357076e-05,False,True,False,False,7.0,False,61.0,0.7093023255813954,0.24222160614270233,56.0,0.717948717948718,0.1457871496677398,0.15198192000389094,False,False,False,False,6.0,False,77.0,0.8953488372093024,0.46221449211344856,73.0,0.9358974358974359,580887040.0,581493984.0,False,False,False,False,5.0,False,36.0,0.4186046511627907,0.7666666666666667,36.0,0.46153846153846156,579946752.0,579948288.0,False,True,False,False,1.0,True,42.0,0.4883720930232558,False,False,False,False,42.0,0.4883720930232558,0.5176470588235293,36.0,0.46153846153846156
16,PPOV01_N16_B07_novelty_tophalf,"[11,3,1,15,13,9,7,5,0,2,4,6,8,10,14,12]","11,3,1,15,13,9,7,5,0,2,4,6,8,10,14,12",a0c36473fb84cafc,stage3_ppo_policy_only_batch32,True,PPO_checkpoint_inference,E:\Projects\RL-LAM-ScanOpt\outputs\stage3_ppo_rl_lam_fea_addendum_v01\ppo_training\checkpoints\maskable_ppo_lam_scan_order_final.zip,stochastic,novelty_tophalf,0.8917884200541297,a0c36473fb84cafc,False,,True,PASS_TEACHER_FIELDS_EXTRACTED,E:\Projects\RL-LAM-ScanOpt\outputs\stage3_ppo_rl_lam_fea_addendum_v01\stageG_odb_teacher_metrics\tables\stageG_ppo_batch32_teacher_metrics.csv,4.0435319306197925e-05,0.1535876095294952,584079808.0,579948416.0,step_final_cooling,1200.0,AC YIELD;HFL;NT11;PEEQ;RF;S;U,WARNING_SUCCESS_WITH_WARNINGS,PASS_ODB_FINAL_FRAME_EXTRACTED,18.0,0.20930232558139536,0.04472980871230357,15.0,0.19230769230769232,2.926077831943985e-05,4.9522939889357076e-05,False,True,False,True,4.0,False,58.0,0.6744186046511628,0.2296319431771927,55.0,0.7051282051282052,0.1457871496677398,0.15198192000389094,False,False,False,False,4.0,False,75.0,0.872093023255814,0.45908563856219975,72.0,0.9230769230769231,580887040.0,581493984.0,False,False,False,False,4.0,False,74.0,0.8604651162790697,0.8666666666666667,68.0,0.8717948717948718,579946752.0,579948288.0,False,False,False,False,7.0,False,18.0,0.20930232558139536,False,False,True,False,18.0,0.20930232558139536,0.8,15.0,0.19230769230769232
16,PPOV01_N16_B08_stochastic_highreward,"[11,1,3,13,15,9,7,5,0,2,4,6,8,10,12,14]","11,1,3,13,15,9,7,5,0,2,4,6,8,10,12,14",0850e3362b7cf8ec,stage3_ppo_policy_only_batch32,True,PPO_checkpoint_inference,E:\Projects\RL-LAM-ScanOpt\outputs\stage3_ppo_rl_lam_fea_addendum_v01\ppo_training\checkpoints\maskable_ppo_lam_scan_order_final.zip,stochastic,stochastic_highreward,0.9037961437731936,0850e3362b7cf8ec,False,,True,PASS_TEACHER_FIELDS_EXTRACTED,E:\Projects\RL-LAM-ScanOpt\outputs\stage3_ppo_rl_lam_fea_addendum_v01\stageG_odb_teacher_metrics\tables\stageG_ppo_batch32_teacher_metrics.csv,3.906633264705306e-05,0.1532397419214248,584203136.0,579948288.0,step_final_cooling,1200.0,AC YIELD;HFL;NT11;PEEQ;RF;S;U,WARNING_SUCCESS_WITH_WARNINGS,PASS_ODB_FINAL_FRAME_EXTRACTED,17.0,0.19767441860465115,0.03924998529353328,15.0,0.19230769230769232,2.926077831943985e-05,4.9522939889357076e-05,False,True,False,True,3.0,False,54.0,0.627906976744186,0.21939132708207548,53.0,0.6794871794871795,0.1457871496677398,0.15198192000389094,False,False,False,False,2.0,False,78.0,0.9069767441860465,0.4768188761894245,73.0,0.9358974358974359,580887040.0,581493984.0,False,False,False,False,6.0,False,40.0,0.46511627906976744,0.8,37.0,0.47435897435897434,579946752.0,579948288.0,False,False,False,False,4.0,False,17.0,0.19767441860465115,False,False,True,False,17.0,0.19767441860465115,0.8117647058823529,15.0,0.19230769230769232
24,PPOV01_N24_B01_deterministic,"[11,1,3,15,23,21,19,17,13,9,7,5,0,2,6,8,4,10,16,18,20,22,14,12]","11,1,3,15,23,21,19,17,13,9,7,5,0,2,6,8,4,10,16,18,20,22,14,12",df821abc1c971d88,stage3_ppo_policy_only_batch32,True,PPO_checkpoint_inference,E:\Projects\RL-LAM-ScanOpt\outputs\stage3_ppo_rl_lam_fea_addendum_v01\ppo_training\checkpoints\maskable_ppo_lam_scan_order_final.zip,deterministic,deterministic,0.8505618707512,df821abc1c971d88,False,,True,PASS_TEACHER_FIELDS_EXTRACTED,E:\Projects\RL-LAM-ScanOpt\outputs\stage3_ppo_rl_lam_fea_addendum_v01\stageG_odb_teacher_metrics\tables\stageG_ppo_batch32_teacher_metrics.csv,0.0001435850494999,0.1531748324632644,585510336.0,579944384.0,step_final_cooling,1200.0,AC YIELD;HFL;NT11;PEEQ;RF;S;U,WARNING_SUCCESS_WITH_WARNINGS,PASS_ODB_FINAL_FRAME_EXTRACTED,138.0,0.696969696969697,0.19103424789496504,136.0,0.7157894736842105,2.9523077955673216e-05,8.096076885522052e-05,False,False,False,False,3.0,False,30.0,0.15151515151515152,0.09887081459391149,28.0,0.14736842105263157,0.1492166519165039,0.15729529410600662,False,True,False,True,3.0,False,173.0,0.8737373737373737,0.4152897657213317,170.0,0.8947368421052632,580875968.0,582566592.0,False,False,False,False,4.0,False,120.0,0.6060606060606061,0.7575757575757576,115.0,0.6052631578947368,579942784.0,579944128.0,False,False,False,False,6.0,False,138.0,0.696969696969697,False,False,False,False,138.0,0.696969696969697,0.30456852791878175,136.0,0.7157894736842105
24,PPOV01_N24_B02_surrogate_top,"[11,3,1,15,23,21,13,17,19,22,9,7,5,0,2,4,6,8,10,12,16,20,18,14]","11,3,1,15,23,21,13,17,19,22,9,7,5,0,2,4,6,8,10,12,16,20,18,14",439833e86223ed31,stage3_ppo_policy_only_batch32,True,PPO_checkpoint_inference,E:\Projects\RL-LAM-ScanOpt\outputs\stage3_ppo_rl_lam_fea_addendum_v01\ppo_training\checkpoints\maskable_ppo_lam_scan_order_final.zip,stochastic,surrogate_top,1.0091418759102673,439833e86223ed31,False,,True,PASS_TEACHER_FIELDS_EXTRACTED,E:\Projects\RL-LAM-ScanOpt\outputs\stage3_ppo_rl_lam_fea_addendum_v01\stageG_odb_teacher_metrics\tables\stageG_ppo_batch32_teacher_metrics.csv,0.0001335984698016,0.1572492122650146,585545088.0,579943488.0,step_final_cooling,1200.0,AC YIELD;HFL;NT11;PEEQ;RF;S;U,WARNING_SUCCESS_WITH_WARNINGS,PASS_ODB_FINAL_FRAME_EXTRACTED,136.0,0.6868686868686869,0.1743084389695237,135.0,0.7105263157894737,2.9523077955673216e-05,8.096076885522052e-05,False,False,False,False,2.0,False,99.0,0.5,0.2006441534310483,95.0,0.5,0.1492166519165039,0.15729529410600662,False,True,False,False,5.0,False,175.0,0.8838383838383839,0.4184039228056089,170.0,0.8947368421052632,580875968.0,582566592.0,False,False,False,False,6.0,False,18.0,0.09090909090909091,0.3333333333333333,18.0,0.09473684210526316,579942784.0,579944128.0,False,True,True,True,1.0,True,136.0,0.6868686868686869,False,False,False,False,136.0,0.6868686868686869,0.31472081218274117,135.0,0.7105263157894737
24,PPOV01_N24_B03_surrogate_top,"[11,1,3,15,21,23,19,17,13,22,9,7,5,0,2,6,8,4,10,12,16,18,20,14]","11,1,3,15,21,23,19,17,13,22,9,7,5,0,2,6,8,4,10,12,16,18,20,14",6c63f73cf47f85c7,stage3_ppo_policy_only_batch32,True,PPO_checkpoint_inference,E:\Projects\RL-LAM-ScanOpt\outputs\stage3_ppo_rl_lam_fea_addendum_v01\ppo_training\checkpoints\maskable_ppo_lam_scan_order_final.zip,stochastic,surrogate_top,0.9761133439198456,6c63f73cf47f85c7,False,,True,PASS_TEACHER_FIELDS_EXTRACTED,E:\Projects\RL-LAM-ScanOpt\outputs\stage3_ppo_rl_lam_fea_addendum_v01\stageG_odb_teacher_metrics\tables\stageG_ppo_batch32_teacher_metrics.csv,0.0001460576495446,0.1596533060073852,585735488.0,579943552.0,step_final_cooling,1200.0,AC YIELD;HFL;NT11;PEEQ;RF;S;U,WARNING_SUCCESS_WITH_WARNINGS,PASS_ODB_FINAL_FRAME_EXTRACTED,139.0,0.702020202020202,0.1951754290747167,136.0,0.7157894736842105,2.9523077955673216e-05,8.096076885522052e-05,False,False,False,False,4.0,False,136.0,0.6868686868686869,0.26069566039498493,130.0,0.6842105263157895,0.1492166519165039,0.15729529410600662,False,False,False,False,7.0,False,179.0,0.9040404040404041,0.4354658331660597,172.0,0.9052631578947369,580875968.0,582566592.0,False,False,False,False,8.0,False,27.0,0.13636363636363635,0.36363636363636365,26.0,0.1368421052631579,579942784.0,579944128.0,False,True,False,True,2.0,False,139.0,0.702020202020202,False,False,False,False,139.0,0.702020202020202,0.29949238578680204,136.0,0.7157894736842105
24,PPOV01_N24_B04_surrogate_top,"[11,3,1,15,23,21,13,17,22,19,9,7,5,0,2,6,8,4,10,12,16,18,20,14]","11,3,1,15,23,21,13,17,22,19,9,7,5,0,2,6,8,4,10,12,16,18,20,14",30e6b90605fe207b,stage3_ppo_policy_only_batch32,True,PPO_checkpoint_inference,E:\Projects\RL-LAM-ScanOpt\outputs\stage3_ppo_rl_lam_fea_addendum_v01\ppo_training\checkpoints\maskable_ppo_lam_scan_order_final.zip,stochastic,surrogate_top,0.953713022597192,30e6b90605fe207b,False,,True,PASS_TEACHER_FIELDS_EXTRACTED,E:\Projects\RL-LAM-ScanOpt\outputs\stage3_ppo_rl_lam_fea_addendum_v01\stageG_odb_teacher_metrics\tables\stageG_ppo_batch32_teacher_metrics.csv,0.0001760356522026,0.1579391360282898,585611968.0,579944256.0,step_final_cooling,1200.0,AC YIELD;HFL;NT11;PEEQ;RF;S;U,WARNING_SUCCESS_WITH_WARNINGS,PASS_ODB_FINAL_FRAME_EXTRACTED,144.0,0.7272727272727273,0.24538344418818295,139.0,0.7315789473684211,2.9523077955673216e-05,8.096076885522052e-05,False,False,False,False,6.0,False,115.0,0.5808080808080808,0.21787765849148424,110.0,0.5789473684210527,0.1492166519165039,0.15729529410600662,False,False,False,False,6.0,False,176.0,0.8888888888888888,0.42439709804146475,170.0,0.8947368421052632,580875968.0,582566592.0,False,False,False,False,7.0,False,104.0,0.5252525252525253,0.696969696969697,101.0,0.531578947368421,579942784.0,579944128.0,False,False,False,False,4.0,False,144.0,0.7272727272727273,False,False,False,False,144.0,0.7272727272727273,0.2741116751269036,139.0,0.7315789473684211
24,PPOV01_N24_B05_diverse_tophalf,"[11,3,1,15,21,23,19,13,9,7,17,5,0,2,6,8,10,4,12,16,18,20,22,14]","11,3,1,15,21,23,19,13,9,7,17,5,0,2,6,8,10,4,12,16,18,20,22,14",a8f881f2ef3f71e2,stage3_ppo_policy_only_batch32,True,PPO_checkpoint_inference,E:\Projects\RL-LAM-ScanOpt\outputs\stage3_ppo_rl_lam_fea_addendum_v01\ppo_training\checkpoints\maskable_ppo_lam_scan_order_final.zip,stochastic,diverse_tophalf,0.8320582604183068,a8f881f2ef3f71e2,False,,True,PASS_TEACHER_FIELDS_EXTRACTED,E:\Projects\RL-LAM-ScanOpt\outputs\stage3_ppo_rl_lam_fea_addendum_v01\stageG_odb_teacher_metrics\tables\stageG_ppo_batch32_teacher_metrics.csv,0.0001951592737441,0.1526614278554916,584139200.0,579944640.0,step_final_cooling,1200.0,AC YIELD;HFL;NT11;PEEQ;RF;S;U,WARNING_SUCCESS_WITH_WARNINGS,PASS_ODB_FINAL_FRAME_EXTRACTED,152.0,0.7676767676767676,0.27741223177398994,145.0,0.7631578947368421,2.9523077955673216e-05,8.096076885522052e-05,False,False,False,False,8.0,False,23.0,0.11616161616161616,0.08604655577420998,22.0,0.11578947368421053,0.1492166519165039,0.15729529410600662,False,True,False,True,2.0,False,155.0,0.7828282828282829,0.29242107074240814,155.0,0.8157894736842105,580875968.0,582566592.0,False,False,False,False,1.0,True,172.0,0.8686868686868687,0.8787878787878788,165.0,0.868421052631579,579942784.0,579944128.0,False,False,False,False,8.0,False,152.0,0.7676767676767676,False,False,False,False,152.0,0.7676767676767676,0.23350253807106602,145.0,0.7631578947368421
24,PPOV01_N24_B06_diverse_tophalf,"[11,1,3,15,23,19,13,21,17,9,7,5,0,6,2,4,8,10,12,16,22,20,18,14]","11,1,3,15,23,19,13,21,17,9,7,5,0,6,2,4,8,10,12,16,22,20,18,14",323fc92635a0ad11,stage3_ppo_policy_only_batch32,True,PPO_checkpoint_inference,E:\Projects\RL-LAM-ScanOpt\outputs\stage3_ppo_rl_lam_fea_addendum_v01\ppo_training\checkpoints\maskable_ppo_lam_scan_order_final.zip,stochastic,diverse_tophalf,0.8246623968805307,323fc92635a0ad11,False,,True,PASS_TEACHER_FIELDS_EXTRACTED,E:\Projects\RL-LAM-ScanOpt\outputs\stage3_ppo_rl_lam_fea_addendum_v01\stageG_odb_teacher_metrics\tables\stageG_ppo_batch32_teacher_metrics.csv,0.0001617728407836,0.156264066696167,585511232.0,579944384.0,step_final_cooling,1200.0,AC YIELD;HFL;NT11;PEEQ;RF;S;U,WARNING_SUCCESS_WITH_WARNINGS,PASS_ODB_FINAL_FRAME_EXTRACTED,143.0,0.7222222222222222,0.22149568023488403,139.0,0.7315789473684211,2.9523077955673216e-05,8.096076885522052e-05,False,False,False,False,5.0,False,87.0,0.4393939393939394,0.1760363459460508,84.0,0.4421052631578947,0.1492166519165039,0.15729529410600662,False,True,False,False,4.0,False,174.0,0.8787878787878788,0.4153700570642044,170.0,0.8947368421052632,580875968.0,582566592.0,False,False,False,False,5.0,False,120.0,0.6060606060606061,0.7575757575757576,115.0,0.6052631578947368,579942784.0,579944128.0,False,False,False,False,6.0,False,143.0,0.7222222222222222,False,False,False,False,143.0,0.7222222222222222,0.2791878172588832,139.0,0.7315789473684211
24,PPOV01_N24_B07_novelty_tophalf,"[11,3,1,15,23,21,19,13,7,17,9,5,0,2,6,8,4,10,16,18,22,20,14,12]","11,3,1,15,23,21,19,13,7,17,9,5,0,2,6,8,4,10,16,18,22,20,14,12",6e9031851c4fd19e,stage3_ppo_policy_only_batch32,True,PPO_checkpoint_inference,E:\Projects\RL-LAM-ScanOpt\outputs\stage3_ppo_rl_lam_fea_addendum_v01\ppo_training\checkpoints\maskable_ppo_lam_scan_order_final.zip,stochastic,novelty_tophalf,0.8327216689462228,6e9031851c4fd19e,False,,True,PASS_TEACHER_FIELDS_EXTRACTED,E:\Projects\RL-LAM-ScanOpt\outputs\stage3_ppo_rl_lam_fea_addendum_v01\stageG_odb_teacher_metrics\tables\stageG_ppo_batch32_teacher_metrics.csv,0.0001893580988507,0.1512520015239715,584889728.0,579944320.0,step_final_cooling,1200.0,AC YIELD;HFL;NT11;PEEQ;RF;S;U,WARNING_SUCCESS_WITH_WARNINGS,PASS_ODB_FINAL_FRAME_EXTRACTED,149.0,0.7525252525252525,0.26769625836353456,143.0,0.7526315789473684,2.9523077955673216e-05,8.096076885522052e-05,False,False,False,False,7.0,False,9.0,0.045454545454545456,0.050840700997941454,9.0,0.04736842105263158,0.1492166519165039,0.15729529410600662,False,True,True,True,1.0,True,166.0,0.8383838383838383,0.35967654059014137,165.0,0.868421052631579,580875968.0,582566592.0,False,False,False,False,2.0,False,113.0,0.5707070707070707,0.7272727272727273,109.0,0.5736842105263158,579942784.0,579944128.0,False,False,False,False,5.0,False,149.0,0.7525252525252525,False,False,False,False,149.0,0.7525252525252525,0.24873096446700504,143.0,0.7526315789473684
24,PPOV01_N24_B08_stochastic_highreward,"[11,1,3,15,21,23,19,17,9,22,13,7,5,0,2,6,4,8,10,12,16,18,20,14]","11,1,3,15,21,23,19,17,9,22,13,7,5,0,2,6,4,8,10,12,16,18,20,14",f61d232781754d8e,stage3_ppo_policy_only_batch32,True,PPO_checkpoint_inference,E:\Projects\RL-LAM-ScanOpt\outputs\stage3_ppo_rl_lam_fea_addendum_v01\ppo_training\checkpoints\maskable_ppo_lam_scan_order_final.zip,stochastic,stochastic_highreward,0.9434726121127124,f61d232781754d8e,False,,True,PASS_TEACHER_FIELDS_EXTRACTED,E:\Projects\RL-LAM-ScanOpt\outputs\stage3_ppo_rl_lam_fea_addendum_v01\stageG_odb_teacher_metrics\tables\stageG_ppo_batch32_teacher_metrics.csv,0.0001286480594444,0.1618060618638992,585438848.0,579943552.0,step_final_cooling,1200.0,AC YIELD;HFL;NT11;PEEQ;RF;S;U,WARNING_SUCCESS_WITH_WARNINGS,PASS_ODB_FINAL_FRAME_EXTRACTED,134.0,0.6767676767676768,0.16601735030468803,134.0,0.7052631578947368,2.9523077955673216e-05,8.096076885522052e-05,False,False,False,False,1.0,True,152.0,0.7676767676767676,0.3144690349646599,145.0,0.7631578947368421,0.1492166519165039,0.15729529410600662,False,False,False,False,8.0,False,172.0,0.8686868686868687,0.40888366357927336,170.0,0.8947368421052632,580875968.0,582566592.0,False,False,False,False,3.0,False,27.0,0.13636363636363635,0.36363636363636365,26.0,0.1368421052631579,579942784.0,579944128.0,False,True,False,True,2.0,False,134.0,0.6767676767676768,False,False,False,True,134.0,0.6767676767676768,0.3248730964467005,134.0,0.7052631578947368
40,PPOV01_N40_B01_deterministic,"[11,1,3,15,21,23,37,31,29,25,39,35,27,33,17,19,13,5,0,7,9,20,24,36,32,30,38,34,22,26,28,18,6,4,8,16,14,12,10,2]","11,1,3,15,21,23,37,31,29,25,39,35,27,33,17,19,13,5,0,7,9,20,24,36,32,30,38,34,22,26,28,18,6,4,8,16,14,12,10,2",5015aabd66c74efa,stage3_ppo_policy_only_batch32,True,PPO_checkpoint_inference,E:\Projects\RL-LAM-ScanOpt\outputs\stage3_ppo_rl_lam_fea_addendum_v01\ppo_training\checkpoints\maskable_ppo_lam_scan_order_final.zip,deterministic,deterministic,0.7291352256805205,5015aabd66c74efa,False,,True,PASS_TEACHER_FIELDS_EXTRACTED,E:\Projects\RL-LAM-ScanOpt\outputs\stage3_ppo_rl_lam_fea_addendum_v01\stageG_odb_teacher_metrics\tables\stageG_ppo_batch32_teacher_metrics.csv,0.0005421275095613,0.1637966185808181,583024832.0,579926912.0,step_final_cooling,1200.0,AC YIELD;HFL;NT11;PEEQ;RF;S;U,WARNING_SUCCESS_WITH_WARNINGS,PASS_ODB_FINAL_FRAME_EXTRACTED,151.0,0.705607476635514,0.24439896856036145,148.0,0.7184466019417476,4.5779268475598656e-05,0.0001498124456702,False,False,False,False,4.0,False,173.0,0.8084112149532711,0.3496629937163137,166.0,0.8058252427184466,0.1440253555774688,0.1574980020523071,False,False,False,False,8.0,False,101.0,0.4719626168224299,0.10942564215632235,99.0,0.48058252427184467,581119040.0,583269440.0,False,True,False,False,3.0,False,108.0,0.5046728971962616,0.5056179775280899,101.0,0.49029126213592233,579924032.0,579927040.0,False,True,False,False,8.0,False,151.0,0.705607476635514,False,False,False,False,151.0,0.705607476635514,0.295774647887324,148.0,0.7184466019417476
40,PPOV01_N40_B02_surrogate_top,"[11,3,1,15,23,21,29,31,37,39,27,17,33,35,19,25,13,9,0,7,5,20,22,32,36,34,24,26,30,38,28,6,2,18,4,8,10,16,14,12]","11,3,1,15,23,21,29,31,37,39,27,17,33,35,19,25,13,9,0,7,5,20,22,32,36,34,24,26,30,38,28,6,2,18,4,8,10,16,14,12",b3be48f2d4e40a36,stage3_ppo_policy_only_batch32,True,PPO_checkpoint_inference,E:\Projects\RL-LAM-ScanOpt\outputs\stage3_ppo_rl_lam_fea_addendum_v01\ppo_training\checkpoints\maskable_ppo_lam_scan_order_final.zip,stochastic,surrogate_top,0.7925207039136701,b3be48f2d4e40a36,False,,True,PASS_TEACHER_FIELDS_EXTRACTED,E:\Projects\RL-LAM-ScanOpt\outputs\stage3_ppo_rl_lam_fea_addendum_v01\stageG_odb_teacher_metrics\tables\stageG_ppo_batch32_teacher_metrics.csv,0.0005475423565712,0.162598118185997,589503488.0,579926592.0,step_final_cooling,1200.0,AC YIELD;HFL;NT11;PEEQ;RF;S;U,WARNING_SUCCESS_WITH_WARNINGS,PASS_ODB_FINAL_FRAME_EXTRACTED,152.0,0.7102803738317757,0.24706520753249311,148.0,0.7184466019417476,4.5779268475598656e-05,0.0001498124456702,False,False,False,False,5.0,False,162.0,0.7570093457943925,0.3284670167090617,156.0,0.7572815533980582,0.1440253555774688,0.1574980020523071,False,False,False,False,7.0,False,202.0,0.9439252336448598,0.4814132951163047,195.0,0.9466019417475728,581119040.0,583269440.0,False,False,False,False,8.0,False,95.0,0.4439252336448598,0.449438202247191,91.0,0.441747572815534,579924032.0,579927040.0,False,True,False,False,5.0,False,152.0,0.7102803738317757,False,False,False,False,152.0,0.7102803738317757,0.29107981220657275,148.0,0.7184466019417476
40,PPOV01_N40_B03_surrogate_top,"[11,1,3,15,37,29,21,23,31,35,33,27,39,25,13,17,19,9,7,5,0,6,20,30,36,22,24,26,32,34,38,28,18,14,16,4,2,8,12,10]","11,1,3,15,37,29,21,23,31,35,33,27,39,25,13,17,19,9,7,5,0,6,20,30,36,22,24,26,32,34,38,28,18,14,16,4,2,8,12,10",b63f604e997672fc,stage3_ppo_policy_only_batch32,True,PPO_checkpoint_inference,E:\Projects\RL-LAM-ScanOpt\outputs\stage3_ppo_rl_lam_fea_addendum_v01\ppo_training\checkpoints\maskable_ppo_lam_scan_order_final.zip,stochastic,surrogate_top,0.79162402756793,b63f604e997672fc,False,,True,PASS_TEACHER_FIELDS_EXTRACTED,E:\Projects\RL-LAM-ScanOpt\outputs\stage3_ppo_rl_lam_fea_addendum_v01\stageG_odb_teacher_metrics\tables\stageG_ppo_batch32_teacher_metrics.csv,0.0005280987975311,0.1539924144744873,586021120.0,579925568.0,step_final_cooling,1200.0,AC YIELD;HFL;NT11;PEEQ;RF;S;U,WARNING_SUCCESS_WITH_WARNINGS,PASS_ODB_FINAL_FRAME_EXTRACTED,148.0,0.6915887850467289,0.2374913128730731,147.0,0.7135922330097088,4.5779268475598656e-05,0.0001498124456702,False,False,False,False,2.0,False,72.0,0.3364485981308411,0.17627157414718153,70.0,0.33980582524271846,0.1440253555774688,0.1574980020523071,False,True,False,False,3.0,False,177.0,0.8271028037383178,0.2814647411163782,171.0,0.8300970873786407,581119040.0,583269440.0,False,False,False,False,7.0,False,18.0,0.08411214953271028,0.2696629213483146,17.0,0.0825242718446602,579924032.0,579927040.0,False,True,True,True,2.0,False,148.0,0.6915887850467289,False,False,False,False,148.0,0.6915887850467289,0.3098591549295775,147.0,0.7135922330097088
40,PPOV01_N40_B04_surrogate_top,"[11,1,3,15,21,17,37,39,29,31,35,13,23,27,25,33,19,9,0,5,7,20,24,32,26,34,22,38,36,30,28,8,6,4,16,18,12,14,10,2]","11,1,3,15,21,17,37,39,29,31,35,13,23,27,25,33,19,9,0,5,7,20,24,32,26,34,22,38,36,30,28,8,6,4,16,18,12,14,10,2",e93f64804bdaeb41,stage3_ppo_policy_only_batch32,True,PPO_checkpoint_inference,E:\Projects\RL-LAM-ScanOpt\outputs\stage3_ppo_rl_lam_fea_addendum_v01\ppo_training\checkpoints\maskable_ppo_lam_scan_order_final.zip,stochastic,surrogate_top,0.7800979200243813,e93f64804bdaeb41,False,,True,PASS_TEACHER_FIELDS_EXTRACTED,E:\Projects\RL-LAM-ScanOpt\outputs\stage3_ppo_rl_lam_fea_addendum_v01\stageG_odb_teacher_metrics\tables\stageG_ppo_batch32_teacher_metrics.csv,0.0005660728279508,0.154437705874443,582664128.0,579926848.0,step_final_cooling,1200.0,AC YIELD;HFL;NT11;PEEQ;RF;S;U,WARNING_SUCCESS_WITH_WARNINGS,PASS_ODB_FINAL_FRAME_EXTRACTED,155.0,0.7242990654205608,0.2561895031725971,149.0,0.7233009708737864,4.5779268475598656e-05,0.0001498124456702,False,False,False,False,7.0,False,81.0,0.37850467289719625,0.18414673740601128,78.0,0.3786407766990291,0.1440253555774688,0.1574980020523071,False,True,False,False,4.0,False,95.0,0.4439252336448598,0.08871495241244994,95.0,0.46116504854368934,581119040.0,583269440.0,False,True,False,False,1.0,True,107.0,0.5,0.4943820224719101,101.0,0.49029126213592233,579924032.0,579927040.0,False,True,False,False,7.0,False,155.0,0.7242990654205608,False,False,False,False,155.0,0.7242990654205608,0.27699530516431925,149.0,0.7233009708737864
40,PPOV01_N40_B05_diverse_tophalf,"[11,3,1,21,15,27,39,35,25,37,31,29,19,23,33,17,7,13,5,0,9,30,20,24,32,38,28,34,36,26,22,16,6,8,12,4,2,14,18,10]","11,3,1,21,15,27,39,35,25,37,31,29,19,23,33,17,7,13,5,0,9,30,20,24,32,38,28,34,36,26,22,16,6,8,12,4,2,14,18,10",88295961bef21668,stage3_ppo_policy_only_batch32,True,PPO_checkpoint_inference,E:\Projects\RL-LAM-ScanOpt\outputs\stage3_ppo_rl_lam_fea_addendum_v01\ppo_training\checkpoints\maskable_ppo_lam_scan_order_final.zip,stochastic,diverse_tophalf,0.6872466171957923,88295961bef21668,False,,True,PASS_TEACHER_FIELDS_EXTRACTED,E:\Projects\RL-LAM-ScanOpt\outputs\stage3_ppo_rl_lam_fea_addendum_v01\stageG_odb_teacher_metrics\tables\stageG_ppo_batch32_teacher_metrics.csv,0.0007052463110994,0.1539645344018936,582896768.0,579925504.0,step_final_cooling,1200.0,AC YIELD;HFL;NT11;PEEQ;RF;S;U,WARNING_SUCCESS_WITH_WARNINGS,PASS_ODB_FINAL_FRAME_EXTRACTED,170.0,0.794392523364486,0.3247177116297672,163.0,0.7912621359223301,4.5779268475598656e-05,0.0001498124456702,False,False,False,False,8.0,False,71.0,0.3317757009345794,0.1757785034897078,70.0,0.33980582524271846,0.1440253555774688,0.1574980020523071,False,True,False,False,2.0,False,98.0,0.45794392523364486,0.10207253886010363,97.0,0.470873786407767,581119040.0,583269440.0,False,True,False,False,2.0,False,17.0,0.0794392523364486,0.25842696629213485,17.0,0.0825242718446602,579924032.0,579927040.0,False,True,True,True,1.0,True,170.0,0.794392523364486,False,False,False,False,170.0,0.794392523364486,0.20657276995305163,163.0,0.7912621359223301
40,PPOV01_N40_B06_diverse_tophalf,"[11,1,15,3,39,21,23,17,27,37,31,35,33,29,25,19,13,7,5,0,6,9,20,22,24,30,32,36,34,26,38,28,14,18,4,2,8,10,12,16]","11,1,15,3,39,21,23,17,27,37,31,35,33,29,25,19,13,7,5,0,6,9,20,22,24,30,32,36,34,26,38,28,14,18,4,2,8,10,12,16",d8b811f462e44e1f,stage3_ppo_policy_only_batch32,True,PPO_checkpoint_inference,E:\Projects\RL-LAM-ScanOpt\outputs\stage3_ppo_rl_lam_fea_addendum_v01\ppo_training\checkpoints\maskable_ppo_lam_scan_order_final.zip,stochastic,diverse_tophalf,0.7738833867775003,d8b811f462e44e1f,False,,True,PASS_TEACHER_FIELDS_EXTRACTED,E:\Projects\RL-LAM-ScanOpt\outputs\stage3_ppo_rl_lam_fea_addendum_v01\stageG_odb_teacher_metrics\tables\stageG_ppo_batch32_teacher_metrics.csv,0.0005497977463164,0.1537813395261764,585889088.0,579926528.0,step_final_cooling,1200.0,AC YIELD;HFL;NT11;PEEQ;RF;S;U,WARNING_SUCCESS_WITH_WARNINGS,PASS_ODB_FINAL_FRAME_EXTRACTED,153.0,0.7149532710280374,0.24817574824121566,148.0,0.7184466019417476,4.5779268475598656e-05,0.0001498124456702,False,False,False,False,6.0,False,65.0,0.3037383177570093,0.17253862606427933,65.0,0.3155339805825243,0.1440253555774688,0.1574980020523071,False,True,False,False,1.0,True,170.0,0.794392523364486,0.27388380553411973,165.0,0.8009708737864077,581119040.0,583269440.0,False,False,False,False,6.0,False,69.0,0.32242990654205606,0.43820224719101125,66.0,0.32038834951456313,579924032.0,579927040.0,False,True,False,False,4.0,False,153.0,0.7149532710280374,False,False,False,False,153.0,0.7149532710280374,0.2863849765258216,148.0,0.7184466019417476
40,PPOV01_N40_B07_novelty_tophalf,"[11,1,3,27,15,21,37,39,33,31,35,23,25,29,17,19,9,5,0,7,13,28,36,38,22,24,20,32,30,34,26,18,6,16,14,12,4,8,10,2]","11,1,3,27,15,21,37,39,33,31,35,23,25,29,17,19,9,5,0,7,13,28,36,38,22,24,20,32,30,34,26,18,6,16,14,12,4,8,10,2",a5ecd0c8859debb5,stage3_ppo_policy_only_batch32,True,PPO_checkpoint_inference,E:\Projects\RL-LAM-ScanOpt\outputs\stage3_ppo_rl_lam_fea_addendum_v01\ppo_training\checkpoints\maskable_ppo_lam_scan_order_final.zip,stochastic,novelty_tophalf,0.7694586120361706,a5ecd0c8859debb5,False,,True,PASS_TEACHER_FIELDS_EXTRACTED,E:\Projects\RL-LAM-ScanOpt\outputs\stage3_ppo_rl_lam_fea_addendum_v01\stageG_odb_teacher_metrics\tables\stageG_ppo_batch32_teacher_metrics.csv,0.000474216584962,0.154445469379425,583564800.0,579925696.0,step_final_cooling,1200.0,AC YIELD;HFL;NT11;PEEQ;RF;S;U,WARNING_SUCCESS_WITH_WARNINGS,PASS_ODB_FINAL_FRAME_EXTRACTED,147.0,0.6869158878504673,0.21096002680095338,147.0,0.7135922330097088,4.5779268475598656e-05,0.0001498124456702,False,False,False,False,1.0,True,82.0,0.38317757009345793,0.1842840382144258,78.0,0.3786407766990291,0.1440253555774688,0.1574980020523071,False,True,False,False,5.0,False,120.0,0.5607476635514018,0.1404292066291846,117.0,0.5679611650485437,581119040.0,583269440.0,False,False,False,False,4.0,False,25.0,0.11682242990654206,0.29213483146067415,23.0,0.11165048543689321,579924032.0,579927040.0,False,True,False,True,3.0,False,147.0,0.6869158878504673,False,False,False,True,147.0,0.6869158878504673,0.3145539906103286,147.0,0.7135922330097088
40,PPOV01_N40_B08_stochastic_highreward,"[11,3,1,15,21,29,35,23,37,39,31,33,19,17,25,27,32,13,9,0,7,5,20,22,38,36,34,26,24,30,28,6,18,10,16,14,4,2,8,12]","11,3,1,15,21,29,35,23,37,39,31,33,19,17,25,27,32,13,9,0,7,5,20,22,38,36,34,26,24,30,28,6,18,10,16,14,4,2,8,12",2ea5741bff7be54f,stage3_ppo_policy_only_batch32,True,PPO_checkpoint_inference,E:\Projects\RL-LAM-ScanOpt\outputs\stage3_ppo_rl_lam_fea_addendum_v01\ppo_training\checkpoints\maskable_ppo_lam_scan_order_final.zip,stochastic,stochastic_highreward,0.7760609826258655,2ea5741bff7be54f,False,,True,PASS_TEACHER_FIELDS_EXTRACTED,E:\Projects\RL-LAM-ScanOpt\outputs\stage3_ppo_rl_lam_fea_addendum_v01\stageG_odb_teacher_metrics\tables\stageG_ppo_batch32_teacher_metrics.csv,0.0005359142433007,0.1599127948284149,584465408.0,579926720.0,step_final_cooling,1200.0,AC YIELD;HFL;NT11;PEEQ;RF;S;U,WARNING_SUCCESS_WITH_WARNINGS,PASS_ODB_FINAL_FRAME_EXTRACTED,149.0,0.6962616822429907,0.2413395926226932,147.0,0.7135922330097088,4.5779268475598656e-05,0.0001498124456702,False,False,False,False,3.0,False,136.0,0.6355140186915887,0.28097595839126754,131.0,0.6359223300970874,0.1440253555774688,0.1574980020523071,False,False,False,False,6.0,False,148.0,0.6915887850467289,0.19213978613162827,144.0,0.6990291262135923,581119040.0,583269440.0,False,False,False,False,5.0,False,102.0,0.4766355140186916,0.47191011235955055,97.0,0.470873786407767,579924032.0,579927040.0,False,True,False,False,6.0,False,149.0,0.6962616822429907,False,False,False,False,149.0,0.6962616822429907,0.30516431924882625,147.0,0.7135922330097088
