run_id,batch_name,selected_batch,n,handoff_strategy_name,original_run23_candidate_id,original_run23_strategy_name,candidate_family,candidate_source,generation_method,selection_bucket,priority_role,model_prediction_mean,model_prediction_std,predicted_gap_vs_combined108_best,novelty_distance_to_combined108,nearest_existing_teacher_strategy,source_order_json,order_hash,job_name,case_dir,scan_order_json,cae_path,inp_path,jnl_path,generation_log_path,teacher_validated,teacher_validation_status,solver_status,scan_order
run_25_shortlist64_active_learning_cae_inp_generation,stage3_run24_shortlist64_active_learning_calibration_v01,shortlist64,12,S3R24L64_N12_B01_top_region,R23_N12_C00266,N12_R23_N12_C00266_known_best_mutation,known_best_mutation,combined108_known_best_mutation,reverse_segment_065,top_region_local_search,top_region_local_search,0.372220476714909,0.19028975427993852,-0.1003562342621569,0.015151515151515152,S3R19B28_N12_B01_surrogate_top,E:\Projects\RL-LAM-ScanOpt\outputs\stage3_run_24_run23_shortlist64_active_learning_handoff_package\scan_orders\scan_order_S3R24L64_N12_B01_top_region.json,59a4564dddea3d39,J2D_S3R24L64_N12_B01_top_region,E:\Projects\RL-LAM-ScanOpt\cae_model\stage3_run24_shortlist64_active_learning_calibration_v01\N12S3R24L64_N12_B01_top_region,E:\Projects\RL-LAM-ScanOpt\cae_model\stage3_run24_shortlist64_active_learning_calibration_v01\N12S3R24L64_N12_B01_top_region\scan_order_S3R24L64_N12_B01_top_region.json,E:\Projects\RL-LAM-ScanOpt\cae_model\stage3_run24_shortlist64_active_learning_calibration_v01\N12S3R24L64_N12_B01_top_region\J2D_S3R24L64_N12_B01_top_region.cae,E:\Projects\RL-LAM-ScanOpt\cae_model\stage3_run24_shortlist64_active_learning_calibration_v01\N12S3R24L64_N12_B01_top_region\J2D_S3R24L64_N12_B01_top_region.inp,E:\Projects\RL-LAM-ScanOpt\cae_model\stage3_run24_shortlist64_active_learning_calibration_v01\N12S3R24L64_N12_B01_top_region\J2D_S3R24L64_N12_B01_top_region.jnl,E:\Projects\RL-LAM-ScanOpt\cae_model\stage3_run24_shortlist64_active_learning_calibration_v01\N12S3R24L64_N12_B01_top_region\J2D_S3R24L64_N12_B01_top_region.generation_log.json,False,NOT_RUN,NOT_SUBMITTED,"[1,11,9,5,7,3,2,0,4,6,8,10]"
run_25_shortlist64_active_learning_cae_inp_generation,stage3_run24_shortlist64_active_learning_calibration_v01,shortlist64,12,S3R24L64_N12_B02_top_region,R23_N12_C00085,N12_R23_N12_C00085_known_best_mutation,known_best_mutation,combined108_known_best_mutation,reverse_segment_065,top_region_local_search,top_region_local_search,0.37037410254112363,0.2029207162875177,-0.0751416955828732,0.06060606060606061,N12_A02_odd_even_interlaced,E:\Projects\RL-LAM-ScanOpt\outputs\stage3_run_24_run23_shortlist64_active_learning_handoff_package\scan_orders\scan_order_S3R24L64_N12_B02_top_region.json,1cde2b67a4c422fe,J2D_S3R24L64_N12_B02_top_region,E:\Projects\RL-LAM-ScanOpt\cae_model\stage3_run24_shortlist64_active_learning_calibration_v01\N12S3R24L64_N12_B02_top_region,E:\Projects\RL-LAM-ScanOpt\cae_model\stage3_run24_shortlist64_active_learning_calibration_v01\N12S3R24L64_N12_B02_top_region\scan_order_S3R24L64_N12_B02_top_region.json,E:\Projects\RL-LAM-ScanOpt\cae_model\stage3_run24_shortlist64_active_learning_calibration_v01\N12S3R24L64_N12_B02_top_region\J2D_S3R24L64_N12_B02_top_region.cae,E:\Projects\RL-LAM-ScanOpt\cae_model\stage3_run24_shortlist64_active_learning_calibration_v01\N12S3R24L64_N12_B02_top_region\J2D_S3R24L64_N12_B02_top_region.inp,E:\Projects\RL-LAM-ScanOpt\cae_model\stage3_run24_shortlist64_active_learning_calibration_v01\N12S3R24L64_N12_B02_top_region\J2D_S3R24L64_N12_B02_top_region.jnl,E:\Projects\RL-LAM-ScanOpt\cae_model\stage3_run24_shortlist64_active_learning_calibration_v01\N12S3R24L64_N12_B02_top_region\J2D_S3R24L64_N12_B02_top_region.generation_log.json,False,NOT_RUN,NOT_SUBMITTED,"[0,4,6,8,10,2,1,3,5,7,9,11]"
run_25_shortlist64_active_learning_cae_inp_generation,stage3_run24_shortlist64_active_learning_calibration_v01,shortlist64,12,S3R24L64_N12_B03_model_disagreement,R23_N12_C00245,N12_R23_N12_C00245_known_best_mutation,known_best_mutation,combined108_known_best_mutation,reverse_segment_025,model_disagreement,top_region_local_search,0.3659641691394811,0.2076529646918829,-0.07004918305417285,0.015151515151515152,S3R19B28_N12_B02_u2_primary_top,E:\Projects\RL-LAM-ScanOpt\outputs\stage3_run_24_run23_shortlist64_active_learning_handoff_package\scan_orders\scan_order_S3R24L64_N12_B03_model_disagreement.json,06159883e6ddc52e,J2D_S3R24L64_N12_B03_model_disagreement,E:\Projects\RL-LAM-ScanOpt\cae_model\stage3_run24_shortlist64_active_learning_calibration_v01\N12S3R24L64_N12_B03_model_disagreement,E:\Projects\RL-LAM-ScanOpt\cae_model\stage3_run24_shortlist64_active_learning_calibration_v01\N12S3R24L64_N12_B03_model_disagreement\scan_order_S3R24L64_N12_B03_model_disagreement.json,E:\Projects\RL-LAM-ScanOpt\cae_model\stage3_run24_shortlist64_active_learning_calibration_v01\N12S3R24L64_N12_B03_model_disagreement\J2D_S3R24L64_N12_B03_model_disagreement.cae,E:\Projects\RL-LAM-ScanOpt\cae_model\stage3_run24_shortlist64_active_learning_calibration_v01\N12S3R24L64_N12_B03_model_disagreement\J2D_S3R24L64_N12_B03_model_disagreement.inp,E:\Projects\RL-LAM-ScanOpt\cae_model\stage3_run24_shortlist64_active_learning_calibration_v01\N12S3R24L64_N12_B03_model_disagreement\J2D_S3R24L64_N12_B03_model_disagreement.jnl,E:\Projects\RL-LAM-ScanOpt\cae_model\stage3_run24_shortlist64_active_learning_calibration_v01\N12S3R24L64_N12_B03_model_disagreement\J2D_S3R24L64_N12_B03_model_disagreement.generation_log.json,False,NOT_RUN,NOT_SUBMITTED,"[1,5,7,9,11,3,2,0,4,6,8,10]"
run_25_shortlist64_active_learning_cae_inp_generation,stage3_run24_shortlist64_active_learning_calibration_v01,shortlist64,12,S3R24L64_N12_B04_uncertainty_calibration,R23_N12_C00090,N12_R23_N12_C00090_known_best_mutation,known_best_mutation,combined108_known_best_mutation,reverse_segment_081,uncertainty_calibration,model_disagreement,0.2871231661522504,0.11580610196092232,-0.3418395724476885,0.045454545454545456,S3B20_N12_B04_surrogate_top,E:\Projects\RL-LAM-ScanOpt\outputs\stage3_run_24_run23_shortlist64_active_learning_handoff_package\scan_orders\scan_order_S3R24L64_N12_B04_uncertainty_calibration.json,6e7afc0358f50959,J2D_S3R24L64_N12_B04_uncertainty_calibration,E:\Projects\RL-LAM-ScanOpt\cae_model\stage3_run24_shortlist64_active_learning_calibration_v01\N12S3R24L64_N12_B04_uncertainty_calibration,E:\Projects\RL-LAM-ScanOpt\cae_model\stage3_run24_shortlist64_active_learning_calibration_v01\N12S3R24L64_N12_B04_uncertainty_calibration\scan_order_S3R24L64_N12_B04_uncertainty_calibration.json,E:\Projects\RL-LAM-ScanOpt\cae_model\stage3_run24_shortlist64_active_learning_calibration_v01\N12S3R24L64_N12_B04_uncertainty_calibration\J2D_S3R24L64_N12_B04_uncertainty_calibration.cae,E:\Projects\RL-LAM-ScanOpt\cae_model\stage3_run24_shortlist64_active_learning_calibration_v01\N12S3R24L64_N12_B04_uncertainty_calibration\J2D_S3R24L64_N12_B04_uncertainty_calibration.inp,E:\Projects\RL-LAM-ScanOpt\cae_model\stage3_run24_shortlist64_active_learning_calibration_v01\N12S3R24L64_N12_B04_uncertainty_calibration\J2D_S3R24L64_N12_B04_uncertainty_calibration.jnl,E:\Projects\RL-LAM-ScanOpt\cae_model\stage3_run24_shortlist64_active_learning_calibration_v01\N12S3R24L64_N12_B04_uncertainty_calibration\J2D_S3R24L64_N12_B04_uncertainty_calibration.generation_log.json,False,NOT_RUN,NOT_SUBMITTED,"[0,10,8,6,4,3,1,2,5,7,9,11]"
run_25_shortlist64_active_learning_cae_inp_generation,stage3_run24_shortlist64_active_learning_calibration_v01,shortlist64,12,S3R24L64_N12_B05_diversity_coverage,R23_N12_C00355,N12_R23_N12_C00355_combined108_seed_mutation,combined108_seed_mutation,combined108_known_best_mutation,swap_early_late_blocks_035,diversity_coverage,top_region_local_search,0.2372119828923856,0.09537229929568461,-0.4516714214347818,0.48484848484848486,S3B20_N12_B03_method_c_inspired,E:\Projects\RL-LAM-ScanOpt\outputs\stage3_run_24_run23_shortlist64_active_learning_handoff_package\scan_orders\scan_order_S3R24L64_N12_B05_diversity_coverage.json,3a2cff7d7a0ab264,J2D_S3R24L64_N12_B05_diversity_coverage,E:\Projects\RL-LAM-ScanOpt\cae_model\stage3_run24_shortlist64_active_learning_calibration_v01\N12S3R24L64_N12_B05_diversity_coverage,E:\Projects\RL-LAM-ScanOpt\cae_model\stage3_run24_shortlist64_active_learning_calibration_v01\N12S3R24L64_N12_B05_diversity_coverage\scan_order_S3R24L64_N12_B05_diversity_coverage.json,E:\Projects\RL-LAM-ScanOpt\cae_model\stage3_run24_shortlist64_active_learning_calibration_v01\N12S3R24L64_N12_B05_diversity_coverage\J2D_S3R24L64_N12_B05_diversity_coverage.cae,E:\Projects\RL-LAM-ScanOpt\cae_model\stage3_run24_shortlist64_active_learning_calibration_v01\N12S3R24L64_N12_B05_diversity_coverage\J2D_S3R24L64_N12_B05_diversity_coverage.inp,E:\Projects\RL-LAM-ScanOpt\cae_model\stage3_run24_shortlist64_active_learning_calibration_v01\N12S3R24L64_N12_B05_diversity_coverage\J2D_S3R24L64_N12_B05_diversity_coverage.jnl,E:\Projects\RL-LAM-ScanOpt\cae_model\stage3_run24_shortlist64_active_learning_calibration_v01\N12S3R24L64_N12_B05_diversity_coverage\J2D_S3R24L64_N12_B05_diversity_coverage.generation_log.json,False,NOT_RUN,NOT_SUBMITTED,"[8,11,6,9,1,4,7,10,2,5,0,3]"
run_25_shortlist64_active_learning_cae_inp_generation,stage3_run24_shortlist64_active_learning_calibration_v01,shortlist64,12,S3R24L64_N12_B06_tradeoff_probe,R23_N12_C00047,N12_R23_N12_C00047_teacher_best_local_search,teacher_best_local_search,combined108_known_best_mutation,biased_random_perturbation_151,tradeoff_probe,model_disagreement,0.1981379462487175,0.10229555422965146,-0.45008187565239477,0.3181818181818182,N12_A13_graph_pointer_policy_anti_odd_even_novelty,E:\Projects\RL-LAM-ScanOpt\outputs\stage3_run_24_run23_shortlist64_active_learning_handoff_package\scan_orders\scan_order_S3R24L64_N12_B06_tradeoff_probe.json,d46806645d6af179,J2D_S3R24L64_N12_B06_tradeoff_probe,E:\Projects\RL-LAM-ScanOpt\cae_model\stage3_run24_shortlist64_active_learning_calibration_v01\N12S3R24L64_N12_B06_tradeoff_probe,E:\Projects\RL-LAM-ScanOpt\cae_model\stage3_run24_shortlist64_active_learning_calibration_v01\N12S3R24L64_N12_B06_tradeoff_probe\scan_order_S3R24L64_N12_B06_tradeoff_probe.json,E:\Projects\RL-LAM-ScanOpt\cae_model\stage3_run24_shortlist64_active_learning_calibration_v01\N12S3R24L64_N12_B06_tradeoff_probe\J2D_S3R24L64_N12_B06_tradeoff_probe.cae,E:\Projects\RL-LAM-ScanOpt\cae_model\stage3_run24_shortlist64_active_learning_calibration_v01\N12S3R24L64_N12_B06_tradeoff_probe\J2D_S3R24L64_N12_B06_tradeoff_probe.inp,E:\Projects\RL-LAM-ScanOpt\cae_model\stage3_run24_shortlist64_active_learning_calibration_v01\N12S3R24L64_N12_B06_tradeoff_probe\J2D_S3R24L64_N12_B06_tradeoff_probe.jnl,E:\Projects\RL-LAM-ScanOpt\cae_model\stage3_run24_shortlist64_active_learning_calibration_v01\N12S3R24L64_N12_B06_tradeoff_probe\J2D_S3R24L64_N12_B06_tradeoff_probe.generation_log.json,False,NOT_RUN,NOT_SUBMITTED,"[10,3,6,7,8,5,0,9,4,11,2,1]"
run_25_shortlist64_active_learning_cae_inp_generation,stage3_run24_shortlist64_active_learning_calibration_v01,shortlist64,12,S3R24L64_N12_B07_sentinel_control,R23_N12_C00720,N12_R23_N12_C00720_negative_control_low_adjacent,negative_control_low_adjacent,geometry_first_random_sweep,low_adjacent_seeded,sentinel_control,sentinel,0.20821525756415382,0.07012865257965505,-0.5334248363839673,0.4696969696969697,N12_A15_graph_pointer_policy_balanced_dispersion_proxy,E:\Projects\RL-LAM-ScanOpt\outputs\stage3_run_24_run23_shortlist64_active_learning_handoff_package\scan_orders\scan_order_S3R24L64_N12_B07_sentinel_control.json,0e14ff64f93518f8,J2D_S3R24L64_N12_B07_sentinel_control,E:\Projects\RL-LAM-ScanOpt\cae_model\stage3_run24_shortlist64_active_learning_calibration_v01\N12S3R24L64_N12_B07_sentinel_control,E:\Projects\RL-LAM-ScanOpt\cae_model\stage3_run24_shortlist64_active_learning_calibration_v01\N12S3R24L64_N12_B07_sentinel_control\scan_order_S3R24L64_N12_B07_sentinel_control.json,E:\Projects\RL-LAM-ScanOpt\cae_model\stage3_run24_shortlist64_active_learning_calibration_v01\N12S3R24L64_N12_B07_sentinel_control\J2D_S3R24L64_N12_B07_sentinel_control.cae,E:\Projects\RL-LAM-ScanOpt\cae_model\stage3_run24_shortlist64_active_learning_calibration_v01\N12S3R24L64_N12_B07_sentinel_control\J2D_S3R24L64_N12_B07_sentinel_control.inp,E:\Projects\RL-LAM-ScanOpt\cae_model\stage3_run24_shortlist64_active_learning_calibration_v01\N12S3R24L64_N12_B07_sentinel_control\J2D_S3R24L64_N12_B07_sentinel_control.jnl,E:\Projects\RL-LAM-ScanOpt\cae_model\stage3_run24_shortlist64_active_learning_calibration_v01\N12S3R24L64_N12_B07_sentinel_control\J2D_S3R24L64_N12_B07_sentinel_control.generation_log.json,False,NOT_RUN,NOT_SUBMITTED,"[7,11,8,6,9,0,2,10,3,1,4,5]"
run_25_shortlist64_active_learning_cae_inp_generation,stage3_run24_shortlist64_active_learning_calibration_v01,shortlist64,12,S3R24L64_N12_B08_exploitation_reference,R23_N12_C00144,N12_R23_N12_C00144_known_best_mutation,known_best_mutation,combined108_known_best_mutation,parity_preserving_swap_028,exploitation_reference,diversity,0.36728543909600647,0.20698348582316406,-0.07004918305417285,0.015151515151515152,S3R19B28_N12_B01_surrogate_top,E:\Projects\RL-LAM-ScanOpt\outputs\stage3_run_24_run23_shortlist64_active_learning_handoff_package\scan_orders\scan_order_S3R24L64_N12_B08_exploitation_reference.json,aa8720987a6b16ec,J2D_S3R24L64_N12_B08_exploitation_reference,E:\Projects\RL-LAM-ScanOpt\cae_model\stage3_run24_shortlist64_active_learning_calibration_v01\N12S3R24L64_N12_B08_exploitation_reference,E:\Projects\RL-LAM-ScanOpt\cae_model\stage3_run24_shortlist64_active_learning_calibration_v01\N12S3R24L64_N12_B08_exploitation_reference\scan_order_S3R24L64_N12_B08_exploitation_reference.json,E:\Projects\RL-LAM-ScanOpt\cae_model\stage3_run24_shortlist64_active_learning_calibration_v01\N12S3R24L64_N12_B08_exploitation_reference\J2D_S3R24L64_N12_B08_exploitation_reference.cae,E:\Projects\RL-LAM-ScanOpt\cae_model\stage3_run24_shortlist64_active_learning_calibration_v01\N12S3R24L64_N12_B08_exploitation_reference\J2D_S3R24L64_N12_B08_exploitation_reference.inp,E:\Projects\RL-LAM-ScanOpt\cae_model\stage3_run24_shortlist64_active_learning_calibration_v01\N12S3R24L64_N12_B08_exploitation_reference\J2D_S3R24L64_N12_B08_exploitation_reference.jnl,E:\Projects\RL-LAM-ScanOpt\cae_model\stage3_run24_shortlist64_active_learning_calibration_v01\N12S3R24L64_N12_B08_exploitation_reference\J2D_S3R24L64_N12_B08_exploitation_reference.generation_log.json,False,NOT_RUN,NOT_SUBMITTED,"[1,9,11,7,5,3,2,0,4,6,8,10]"
run_25_shortlist64_active_learning_cae_inp_generation,stage3_run24_shortlist64_active_learning_calibration_v01,shortlist64,16,S3R24L64_N16_B01_top_region,R23_N16_C00233,N16_R23_N16_C00233_known_best_mutation,known_best_mutation,combined108_known_best_mutation,rotate_sequence_210,top_region_local_search,top_region_local_search,0.37798266502178,0.17503007569480147,-0.13561372989477039,0.15,N16_A03_greedy_maximin_distance,E:\Projects\RL-LAM-ScanOpt\outputs\stage3_run_24_run23_shortlist64_active_learning_handoff_package\scan_orders\scan_order_S3R24L64_N16_B01_top_region.json,e58393cf80938931,J2D_S3R24L64_N16_B01_top_region,E:\Projects\RL-LAM-ScanOpt\cae_model\stage3_run24_shortlist64_active_learning_calibration_v01\N16S3R24L64_N16_B01_top_region,E:\Projects\RL-LAM-ScanOpt\cae_model\stage3_run24_shortlist64_active_learning_calibration_v01\N16S3R24L64_N16_B01_top_region\scan_order_S3R24L64_N16_B01_top_region.json,E:\Projects\RL-LAM-ScanOpt\cae_model\stage3_run24_shortlist64_active_learning_calibration_v01\N16S3R24L64_N16_B01_top_region\J2D_S3R24L64_N16_B01_top_region.cae,E:\Projects\RL-LAM-ScanOpt\cae_model\stage3_run24_shortlist64_active_learning_calibration_v01\N16S3R24L64_N16_B01_top_region\J2D_S3R24L64_N16_B01_top_region.inp,E:\Projects\RL-LAM-ScanOpt\cae_model\stage3_run24_shortlist64_active_learning_calibration_v01\N16S3R24L64_N16_B01_top_region\J2D_S3R24L64_N16_B01_top_region.jnl,E:\Projects\RL-LAM-ScanOpt\cae_model\stage3_run24_shortlist64_active_learning_calibration_v01\N16S3R24L64_N16_B01_top_region\J2D_S3R24L64_N16_B01_top_region.generation_log.json,False,NOT_RUN,NOT_SUBMITTED,"[0,1,3,5,7,9,11,13,15,2,4,6,8,10,12,14]"
run_25_shortlist64_active_learning_cae_inp_generation,stage3_run24_shortlist64_active_learning_calibration_v01,shortlist64,16,S3R24L64_N16_B02_top_region,R23_N16_C00240,N16_R23_N16_C00240_known_best_mutation,known_best_mutation,combined108_known_best_mutation,reverse_segment_225,top_region_local_search,top_region_local_search,0.37474099653085885,0.19492001141784307,-0.09137151492079831,0.05,S3R19B28_N16_B02_u2_primary_top,E:\Projects\RL-LAM-ScanOpt\outputs\stage3_run_24_run23_shortlist64_active_learning_handoff_package\scan_orders\scan_order_S3R24L64_N16_B02_top_region.json,d8810e347c863a0b,J2D_S3R24L64_N16_B02_top_region,E:\Projects\RL-LAM-ScanOpt\cae_model\stage3_run24_shortlist64_active_learning_calibration_v01\N16S3R24L64_N16_B02_top_region,E:\Projects\RL-LAM-ScanOpt\cae_model\stage3_run24_shortlist64_active_learning_calibration_v01\N16S3R24L64_N16_B02_top_region\scan_order_S3R24L64_N16_B02_top_region.json,E:\Projects\RL-LAM-ScanOpt\cae_model\stage3_run24_shortlist64_active_learning_calibration_v01\N16S3R24L64_N16_B02_top_region\J2D_S3R24L64_N16_B02_top_region.cae,E:\Projects\RL-LAM-ScanOpt\cae_model\stage3_run24_shortlist64_active_learning_calibration_v01\N16S3R24L64_N16_B02_top_region\J2D_S3R24L64_N16_B02_top_region.inp,E:\Projects\RL-LAM-ScanOpt\cae_model\stage3_run24_shortlist64_active_learning_calibration_v01\N16S3R24L64_N16_B02_top_region\J2D_S3R24L64_N16_B02_top_region.jnl,E:\Projects\RL-LAM-ScanOpt\cae_model\stage3_run24_shortlist64_active_learning_calibration_v01\N16S3R24L64_N16_B02_top_region\J2D_S3R24L64_N16_B02_top_region.generation_log.json,False,NOT_RUN,NOT_SUBMITTED,"[8,6,4,2,10,12,14,0,1,3,5,7,9,11,13,15]"
run_25_shortlist64_active_learning_cae_inp_generation,stage3_run24_shortlist64_active_learning_calibration_v01,shortlist64,16,S3R24L64_N16_B03_model_disagreement,R23_N16_C00314,N16_R23_N16_C00314_teacher_best_local_search,teacher_best_local_search,combined108_known_best_mutation,swap_two_positions_088,model_disagreement,diversity,0.34757959019267376,0.21324742064329458,-0.0839790620897255,0.025,S3R19B28_N16_B04_method_c_inspired,E:\Projects\RL-LAM-ScanOpt\outputs\stage3_run_24_run23_shortlist64_active_learning_handoff_package\scan_orders\scan_order_S3R24L64_N16_B03_model_disagreement.json,7b1f9abab4fd9007,J2D_S3R24L64_N16_B03_model_disagreement,E:\Projects\RL-LAM-ScanOpt\cae_model\stage3_run24_shortlist64_active_learning_calibration_v01\N16S3R24L64_N16_B03_model_disagreement,E:\Projects\RL-LAM-ScanOpt\cae_model\stage3_run24_shortlist64_active_learning_calibration_v01\N16S3R24L64_N16_B03_model_disagreement\scan_order_S3R24L64_N16_B03_model_disagreement.json,E:\Projects\RL-LAM-ScanOpt\cae_model\stage3_run24_shortlist64_active_learning_calibration_v01\N16S3R24L64_N16_B03_model_disagreement\J2D_S3R24L64_N16_B03_model_disagreement.cae,E:\Projects\RL-LAM-ScanOpt\cae_model\stage3_run24_shortlist64_active_learning_calibration_v01\N16S3R24L64_N16_B03_model_disagreement\J2D_S3R24L64_N16_B03_model_disagreement.inp,E:\Projects\RL-LAM-ScanOpt\cae_model\stage3_run24_shortlist64_active_learning_calibration_v01\N16S3R24L64_N16_B03_model_disagreement\J2D_S3R24L64_N16_B03_model_disagreement.jnl,E:\Projects\RL-LAM-ScanOpt\cae_model\stage3_run24_shortlist64_active_learning_calibration_v01\N16S3R24L64_N16_B03_model_disagreement\J2D_S3R24L64_N16_B03_model_disagreement.generation_log.json,False,NOT_RUN,NOT_SUBMITTED,"[0,2,4,6,8,14,12,10,9,5,3,1,7,11,13,15]"
run_25_shortlist64_active_learning_cae_inp_generation,stage3_run24_shortlist64_active_learning_calibration_v01,shortlist64,16,S3R24L64_N16_B04_uncertainty_calibration,R23_N16_C00645,N16_R23_N16_C00645_known_best_mutation,known_best_mutation,combined108_known_best_mutation,swap_early_late_blocks_059,uncertainty_calibration,tradeoff,0.26013803104523736,0.11244830873789441,-0.3904538731144654,0.225,S3B20_N16_B04_surrogate_top,E:\Projects\RL-LAM-ScanOpt\outputs\stage3_run_24_run23_shortlist64_active_learning_handoff_package\scan_orders\scan_order_S3R24L64_N16_B04_uncertainty_calibration.json,6f7864c0c7e0a04d,J2D_S3R24L64_N16_B04_uncertainty_calibration,E:\Projects\RL-LAM-ScanOpt\cae_model\stage3_run24_shortlist64_active_learning_calibration_v01\N16S3R24L64_N16_B04_uncertainty_calibration,E:\Projects\RL-LAM-ScanOpt\cae_model\stage3_run24_shortlist64_active_learning_calibration_v01\N16S3R24L64_N16_B04_uncertainty_calibration\scan_order_S3R24L64_N16_B04_uncertainty_calibration.json,E:\Projects\RL-LAM-ScanOpt\cae_model\stage3_run24_shortlist64_active_learning_calibration_v01\N16S3R24L64_N16_B04_uncertainty_calibration\J2D_S3R24L64_N16_B04_uncertainty_calibration.cae,E:\Projects\RL-LAM-ScanOpt\cae_model\stage3_run24_shortlist64_active_learning_calibration_v01\N16S3R24L64_N16_B04_uncertainty_calibration\J2D_S3R24L64_N16_B04_uncertainty_calibration.inp,E:\Projects\RL-LAM-ScanOpt\cae_model\stage3_run24_shortlist64_active_learning_calibration_v01\N16S3R24L64_N16_B04_uncertainty_calibration\J2D_S3R24L64_N16_B04_uncertainty_calibration.jnl,E:\Projects\RL-LAM-ScanOpt\cae_model\stage3_run24_shortlist64_active_learning_calibration_v01\N16S3R24L64_N16_B04_uncertainty_calibration\J2D_S3R24L64_N16_B04_uncertainty_calibration.generation_log.json,False,NOT_RUN,NOT_SUBMITTED,"[0,2,3,5,8,14,12,10,7,1,4,6,9,11,13,15]"
run_25_shortlist64_active_learning_cae_inp_generation,stage3_run24_shortlist64_active_learning_calibration_v01,shortlist64,16,S3R24L64_N16_B05_diversity_coverage,R23_N16_C00607,N16_R23_N16_C00607_known_best_mutation,known_best_mutation,combined108_known_best_mutation,swap_early_late_blocks_203,diversity_coverage,diversity,0.29228945675673634,0.1313556133269714,-0.3016795524329371,0.43333333333333335,S3R19B28_N16_B01_surrogate_top,E:\Projects\RL-LAM-ScanOpt\outputs\stage3_run_24_run23_shortlist64_active_learning_handoff_package\scan_orders\scan_order_S3R24L64_N16_B05_diversity_coverage.json,fdcb8720ecd084d8,J2D_S3R24L64_N16_B05_diversity_coverage,E:\Projects\RL-LAM-ScanOpt\cae_model\stage3_run24_shortlist64_active_learning_calibration_v01\N16S3R24L64_N16_B05_diversity_coverage,E:\Projects\RL-LAM-ScanOpt\cae_model\stage3_run24_shortlist64_active_learning_calibration_v01\N16S3R24L64_N16_B05_diversity_coverage\scan_order_S3R24L64_N16_B05_diversity_coverage.json,E:\Projects\RL-LAM-ScanOpt\cae_model\stage3_run24_shortlist64_active_learning_calibration_v01\N16S3R24L64_N16_B05_diversity_coverage\J2D_S3R24L64_N16_B05_diversity_coverage.cae,E:\Projects\RL-LAM-ScanOpt\cae_model\stage3_run24_shortlist64_active_learning_calibration_v01\N16S3R24L64_N16_B05_diversity_coverage\J2D_S3R24L64_N16_B05_diversity_coverage.inp,E:\Projects\RL-LAM-ScanOpt\cae_model\stage3_run24_shortlist64_active_learning_calibration_v01\N16S3R24L64_N16_B05_diversity_coverage\J2D_S3R24L64_N16_B05_diversity_coverage.jnl,E:\Projects\RL-LAM-ScanOpt\cae_model\stage3_run24_shortlist64_active_learning_calibration_v01\N16S3R24L64_N16_B05_diversity_coverage\J2D_S3R24L64_N16_B05_diversity_coverage.generation_log.json,False,NOT_RUN,NOT_SUBMITTED,"[13,15,4,6,10,12,14,8,7,5,3,1,9,11,0,2]"
run_25_shortlist64_active_learning_cae_inp_generation,stage3_run24_shortlist64_active_learning_calibration_v01,shortlist64,16,S3R24L64_N16_B06_tradeoff_probe,R23_N16_C00612,N16_R23_N16_C00612_known_best_mutation,known_best_mutation,combined108_known_best_mutation,biased_random_perturbation_223,tradeoff_probe,diversity,0.21927255702569898,0.10453229260982072,-0.437872816273077,0.3416666666666667,N16_A12_graph_pointer_policy_diverse_02,E:\Projects\RL-LAM-ScanOpt\outputs\stage3_run_24_run23_shortlist64_active_learning_handoff_package\scan_orders\scan_order_S3R24L64_N16_B06_tradeoff_probe.json,f57a092a90bfb679,J2D_S3R24L64_N16_B06_tradeoff_probe,E:\Projects\RL-LAM-ScanOpt\cae_model\stage3_run24_shortlist64_active_learning_calibration_v01\N16S3R24L64_N16_B06_tradeoff_probe,E:\Projects\RL-LAM-ScanOpt\cae_model\stage3_run24_shortlist64_active_learning_calibration_v01\N16S3R24L64_N16_B06_tradeoff_probe\scan_order_S3R24L64_N16_B06_tradeoff_probe.json,E:\Projects\RL-LAM-ScanOpt\cae_model\stage3_run24_shortlist64_active_learning_calibration_v01\N16S3R24L64_N16_B06_tradeoff_probe\J2D_S3R24L64_N16_B06_tradeoff_probe.cae,E:\Projects\RL-LAM-ScanOpt\cae_model\stage3_run24_shortlist64_active_learning_calibration_v01\N16S3R24L64_N16_B06_tradeoff_probe\J2D_S3R24L64_N16_B06_tradeoff_probe.inp,E:\Projects\RL-LAM-ScanOpt\cae_model\stage3_run24_shortlist64_active_learning_calibration_v01\N16S3R24L64_N16_B06_tradeoff_probe\J2D_S3R24L64_N16_B06_tradeoff_probe.jnl,E:\Projects\RL-LAM-ScanOpt\cae_model\stage3_run24_shortlist64_active_learning_calibration_v01\N16S3R24L64_N16_B06_tradeoff_probe\J2D_S3R24L64_N16_B06_tradeoff_probe.generation_log.json,False,NOT_RUN,NOT_SUBMITTED,"[12,13,4,11,2,9,14,5,10,1,8,7,6,15,0,3]"
run_25_shortlist64_active_learning_cae_inp_generation,stage3_run24_shortlist64_active_learning_calibration_v01,shortlist64,16,S3R24L64_N16_B07_sentinel_control,R23_N16_C00467,N16_R23_N16_C00467_combined108_seed_mutation,combined108_seed_mutation,combined108_known_best_mutation,biased_random_perturbation_167,sentinel_control,uncertainty,0.1687779900978938,0.05788328580949478,-0.5817120824823299,0.4666666666666667,N16_A03_greedy_maximin_distance,E:\Projects\RL-LAM-ScanOpt\outputs\stage3_run_24_run23_shortlist64_active_learning_handoff_package\scan_orders\scan_order_S3R24L64_N16_B07_sentinel_control.json,8dc607f674b89d63,J2D_S3R24L64_N16_B07_sentinel_control,E:\Projects\RL-LAM-ScanOpt\cae_model\stage3_run24_shortlist64_active_learning_calibration_v01\N16S3R24L64_N16_B07_sentinel_control,E:\Projects\RL-LAM-ScanOpt\cae_model\stage3_run24_shortlist64_active_learning_calibration_v01\N16S3R24L64_N16_B07_sentinel_control\scan_order_S3R24L64_N16_B07_sentinel_control.json,E:\Projects\RL-LAM-ScanOpt\cae_model\stage3_run24_shortlist64_active_learning_calibration_v01\N16S3R24L64_N16_B07_sentinel_control\J2D_S3R24L64_N16_B07_sentinel_control.cae,E:\Projects\RL-LAM-ScanOpt\cae_model\stage3_run24_shortlist64_active_learning_calibration_v01\N16S3R24L64_N16_B07_sentinel_control\J2D_S3R24L64_N16_B07_sentinel_control.inp,E:\Projects\RL-LAM-ScanOpt\cae_model\stage3_run24_shortlist64_active_learning_calibration_v01\N16S3R24L64_N16_B07_sentinel_control\J2D_S3R24L64_N16_B07_sentinel_control.jnl,E:\Projects\RL-LAM-ScanOpt\cae_model\stage3_run24_shortlist64_active_learning_calibration_v01\N16S3R24L64_N16_B07_sentinel_control\J2D_S3R24L64_N16_B07_sentinel_control.generation_log.json,False,NOT_RUN,NOT_SUBMITTED,"[6,13,3,14,5,2,7,11,10,0,9,15,4,1,8,12]"
run_25_shortlist64_active_learning_cae_inp_generation,stage3_run24_shortlist64_active_learning_calibration_v01,shortlist64,16,S3R24L64_N16_B08_exploitation_reference,R23_N16_C00213,N16_R23_N16_C00213_known_best_mutation,known_best_mutation,combined108_known_best_mutation,swap_two_positions_168,exploitation_reference,diversity,0.36265465424836474,0.20567591075898,-0.0817695052223123,0.008333333333333333,S3R19B28_N16_B02_u2_primary_top,E:\Projects\RL-LAM-ScanOpt\outputs\stage3_run_24_run23_shortlist64_active_learning_handoff_package\scan_orders\scan_order_S3R24L64_N16_B08_exploitation_reference.json,24ca4a939f4b0812,J2D_S3R24L64_N16_B08_exploitation_reference,E:\Projects\RL-LAM-ScanOpt\cae_model\stage3_run24_shortlist64_active_learning_calibration_v01\N16S3R24L64_N16_B08_exploitation_reference,E:\Projects\RL-LAM-ScanOpt\cae_model\stage3_run24_shortlist64_active_learning_calibration_v01\N16S3R24L64_N16_B08_exploitation_reference\scan_order_S3R24L64_N16_B08_exploitation_reference.json,E:\Projects\RL-LAM-ScanOpt\cae_model\stage3_run24_shortlist64_active_learning_calibration_v01\N16S3R24L64_N16_B08_exploitation_reference\J2D_S3R24L64_N16_B08_exploitation_reference.cae,E:\Projects\RL-LAM-ScanOpt\cae_model\stage3_run24_shortlist64_active_learning_calibration_v01\N16S3R24L64_N16_B08_exploitation_reference\J2D_S3R24L64_N16_B08_exploitation_reference.inp,E:\Projects\RL-LAM-ScanOpt\cae_model\stage3_run24_shortlist64_active_learning_calibration_v01\N16S3R24L64_N16_B08_exploitation_reference\J2D_S3R24L64_N16_B08_exploitation_reference.jnl,E:\Projects\RL-LAM-ScanOpt\cae_model\stage3_run24_shortlist64_active_learning_calibration_v01\N16S3R24L64_N16_B08_exploitation_reference\J2D_S3R24L64_N16_B08_exploitation_reference.generation_log.json,False,NOT_RUN,NOT_SUBMITTED,"[2,4,6,8,10,14,12,0,1,3,5,7,9,11,13,15]"
run_25_shortlist64_active_learning_cae_inp_generation,stage3_run24_shortlist64_active_learning_calibration_v01,shortlist64,24,S3R24L64_N24_B01_top_region,R23_N24_C00969,N24_R23_N24_C00969_known_best_mutation,known_best_mutation,combined108_known_best_mutation,reverse_segment_305,top_region_local_search,top_region_local_search,0.3920854695341226,0.17620035988593433,-0.13053742708678273,0.07608695652173914,S3B20_N24_B04_surrogate_top,E:\Projects\RL-LAM-ScanOpt\outputs\stage3_run_24_run23_shortlist64_active_learning_handoff_package\scan_orders\scan_order_S3R24L64_N24_B01_top_region.json,d5d7a577aae2fbbb,J2D_S3R24L64_N24_B01_top_region,E:\Projects\RL-LAM-ScanOpt\cae_model\stage3_run24_shortlist64_active_learning_calibration_v01\N24S3R24L64_N24_B01_top_region,E:\Projects\RL-LAM-ScanOpt\cae_model\stage3_run24_shortlist64_active_learning_calibration_v01\N24S3R24L64_N24_B01_top_region\scan_order_S3R24L64_N24_B01_top_region.json,E:\Projects\RL-LAM-ScanOpt\cae_model\stage3_run24_shortlist64_active_learning_calibration_v01\N24S3R24L64_N24_B01_top_region\J2D_S3R24L64_N24_B01_top_region.cae,E:\Projects\RL-LAM-ScanOpt\cae_model\stage3_run24_shortlist64_active_learning_calibration_v01\N24S3R24L64_N24_B01_top_region\J2D_S3R24L64_N24_B01_top_region.inp,E:\Projects\RL-LAM-ScanOpt\cae_model\stage3_run24_shortlist64_active_learning_calibration_v01\N24S3R24L64_N24_B01_top_region\J2D_S3R24L64_N24_B01_top_region.jnl,E:\Projects\RL-LAM-ScanOpt\cae_model\stage3_run24_shortlist64_active_learning_calibration_v01\N24S3R24L64_N24_B01_top_region\J2D_S3R24L64_N24_B01_top_region.generation_log.json,False,NOT_RUN,NOT_SUBMITTED,"[0,2,4,6,8,22,20,18,16,14,12,10,11,9,7,5,3,1,13,15,17,23,21,19]"
run_25_shortlist64_active_learning_cae_inp_generation,stage3_run24_shortlist64_active_learning_calibration_v01,shortlist64,24,S3R24L64_N24_B02_top_region,R23_N24_C01780,N24_R23_N24_C01780_known_best_mutation,known_best_mutation,combined108_known_best_mutation,reverse_segment_225,top_region_local_search,top_region_local_search,0.3805375029632013,0.18350226197198266,-0.12206353333121422,0.10144927536231885,S3B20_N24_B01_surrogate_top,E:\Projects\RL-LAM-ScanOpt\outputs\stage3_run_24_run23_shortlist64_active_learning_handoff_package\scan_orders\scan_order_S3R24L64_N24_B02_top_region.json,dfa42d2d41100d6a,J2D_S3R24L64_N24_B02_top_region,E:\Projects\RL-LAM-ScanOpt\cae_model\stage3_run24_shortlist64_active_learning_calibration_v01\N24S3R24L64_N24_B02_top_region,E:\Projects\RL-LAM-ScanOpt\cae_model\stage3_run24_shortlist64_active_learning_calibration_v01\N24S3R24L64_N24_B02_top_region\scan_order_S3R24L64_N24_B02_top_region.json,E:\Projects\RL-LAM-ScanOpt\cae_model\stage3_run24_shortlist64_active_learning_calibration_v01\N24S3R24L64_N24_B02_top_region\J2D_S3R24L64_N24_B02_top_region.cae,E:\Projects\RL-LAM-ScanOpt\cae_model\stage3_run24_shortlist64_active_learning_calibration_v01\N24S3R24L64_N24_B02_top_region\J2D_S3R24L64_N24_B02_top_region.inp,E:\Projects\RL-LAM-ScanOpt\cae_model\stage3_run24_shortlist64_active_learning_calibration_v01\N24S3R24L64_N24_B02_top_region\J2D_S3R24L64_N24_B02_top_region.jnl,E:\Projects\RL-LAM-ScanOpt\cae_model\stage3_run24_shortlist64_active_learning_calibration_v01\N24S3R24L64_N24_B02_top_region\J2D_S3R24L64_N24_B02_top_region.generation_log.json,False,NOT_RUN,NOT_SUBMITTED,"[0,2,4,6,8,10,12,22,20,18,16,14,1,3,5,7,23,21,19,17,15,13,11,9]"
run_25_shortlist64_active_learning_cae_inp_generation,stage3_run24_shortlist64_active_learning_calibration_v01,shortlist64,24,S3R24L64_N24_B03_top_region,R23_N24_C00074,N24_R23_N24_C00074_known_best_mutation,known_best_mutation,combined108_known_best_mutation,parity_preserving_swap_100,top_region_local_search,top_region_local_search,0.3801547663734524,0.18543009497494378,-0.11928277422843603,0.0036231884057971015,N24_A04_method_c_u2_first_engineering,E:\Projects\RL-LAM-ScanOpt\outputs\stage3_run_24_run23_shortlist64_active_learning_handoff_package\scan_orders\scan_order_S3R24L64_N24_B03_top_region.json,61876ec3bbab3171,J2D_S3R24L64_N24_B03_top_region,E:\Projects\RL-LAM-ScanOpt\cae_model\stage3_run24_shortlist64_active_learning_calibration_v01\N24S3R24L64_N24_B03_top_region,E:\Projects\RL-LAM-ScanOpt\cae_model\stage3_run24_shortlist64_active_learning_calibration_v01\N24S3R24L64_N24_B03_top_region\scan_order_S3R24L64_N24_B03_top_region.json,E:\Projects\RL-LAM-ScanOpt\cae_model\stage3_run24_shortlist64_active_learning_calibration_v01\N24S3R24L64_N24_B03_top_region\J2D_S3R24L64_N24_B03_top_region.cae,E:\Projects\RL-LAM-ScanOpt\cae_model\stage3_run24_shortlist64_active_learning_calibration_v01\N24S3R24L64_N24_B03_top_region\J2D_S3R24L64_N24_B03_top_region.inp,E:\Projects\RL-LAM-ScanOpt\cae_model\stage3_run24_shortlist64_active_learning_calibration_v01\N24S3R24L64_N24_B03_top_region\J2D_S3R24L64_N24_B03_top_region.jnl,E:\Projects\RL-LAM-ScanOpt\cae_model\stage3_run24_shortlist64_active_learning_calibration_v01\N24S3R24L64_N24_B03_top_region\J2D_S3R24L64_N24_B03_top_region.generation_log.json,False,NOT_RUN,NOT_SUBMITTED,"[2,0,4,6,8,10,12,14,16,18,20,22,11,9,7,5,3,1,13,15,17,19,21,23]"
run_25_shortlist64_active_learning_cae_inp_generation,stage3_run24_shortlist64_active_learning_calibration_v01,shortlist64,24,S3R24L64_N24_B04_top_region,R23_N24_C00426,N24_R23_N24_C00426_teacher_best_local_search,teacher_best_local_search,combined108_known_best_mutation,reverse_segment_289,top_region_local_search,tradeoff,0.3787174393874958,0.1868337601746997,-0.11635662125590684,0.10144927536231885,S3R19B28_N24_B10_known_best_mutation,E:\Projects\RL-LAM-ScanOpt\outputs\stage3_run_24_run23_shortlist64_active_learning_handoff_package\scan_orders\scan_order_S3R24L64_N24_B04_top_region.json,ddb347cb94c3ba51,J2D_S3R24L64_N24_B04_top_region,E:\Projects\RL-LAM-ScanOpt\cae_model\stage3_run24_shortlist64_active_learning_calibration_v01\N24S3R24L64_N24_B04_top_region,E:\Projects\RL-LAM-ScanOpt\cae_model\stage3_run24_shortlist64_active_learning_calibration_v01\N24S3R24L64_N24_B04_top_region\scan_order_S3R24L64_N24_B04_top_region.json,E:\Projects\RL-LAM-ScanOpt\cae_model\stage3_run24_shortlist64_active_learning_calibration_v01\N24S3R24L64_N24_B04_top_region\J2D_S3R24L64_N24_B04_top_region.cae,E:\Projects\RL-LAM-ScanOpt\cae_model\stage3_run24_shortlist64_active_learning_calibration_v01\N24S3R24L64_N24_B04_top_region\J2D_S3R24L64_N24_B04_top_region.inp,E:\Projects\RL-LAM-ScanOpt\cae_model\stage3_run24_shortlist64_active_learning_calibration_v01\N24S3R24L64_N24_B04_top_region\J2D_S3R24L64_N24_B04_top_region.jnl,E:\Projects\RL-LAM-ScanOpt\cae_model\stage3_run24_shortlist64_active_learning_calibration_v01\N24S3R24L64_N24_B04_top_region\J2D_S3R24L64_N24_B04_top_region.generation_log.json,False,NOT_RUN,NOT_SUBMITTED,"[0,2,4,6,8,10,12,14,16,18,20,22,23,21,19,3,5,7,9,11,17,15,13,1]"
run_25_shortlist64_active_learning_cae_inp_generation,stage3_run24_shortlist64_active_learning_calibration_v01,shortlist64,24,S3R24L64_N24_B05_top_region,R23_N24_C01777,N24_R23_N24_C01777_known_best_mutation,known_best_mutation,combined108_known_best_mutation,parity_preserving_swap_220,top_region_local_search,top_region_local_search,0.3766245872808189,0.17273266607709384,-0.14897055318047392,0.010869565217391304,S3B20_N24_B01_surrogate_top,E:\Projects\RL-LAM-ScanOpt\outputs\stage3_run_24_run23_shortlist64_active_learning_handoff_package\scan_orders\scan_order_S3R24L64_N24_B05_top_region.json,30f88e82766f163e,J2D_S3R24L64_N24_B05_top_region,E:\Projects\RL-LAM-ScanOpt\cae_model\stage3_run24_shortlist64_active_learning_calibration_v01\N24S3R24L64_N24_B05_top_region,E:\Projects\RL-LAM-ScanOpt\cae_model\stage3_run24_shortlist64_active_learning_calibration_v01\N24S3R24L64_N24_B05_top_region\scan_order_S3R24L64_N24_B05_top_region.json,E:\Projects\RL-LAM-ScanOpt\cae_model\stage3_run24_shortlist64_active_learning_calibration_v01\N24S3R24L64_N24_B05_top_region\J2D_S3R24L64_N24_B05_top_region.cae,E:\Projects\RL-LAM-ScanOpt\cae_model\stage3_run24_shortlist64_active_learning_calibration_v01\N24S3R24L64_N24_B05_top_region\J2D_S3R24L64_N24_B05_top_region.inp,E:\Projects\RL-LAM-ScanOpt\cae_model\stage3_run24_shortlist64_active_learning_calibration_v01\N24S3R24L64_N24_B05_top_region\J2D_S3R24L64_N24_B05_top_region.jnl,E:\Projects\RL-LAM-ScanOpt\cae_model\stage3_run24_shortlist64_active_learning_calibration_v01\N24S3R24L64_N24_B05_top_region\J2D_S3R24L64_N24_B05_top_region.generation_log.json,False,NOT_RUN,NOT_SUBMITTED,"[0,2,4,6,8,10,12,18,20,22,16,14,1,3,5,7,9,11,13,15,17,19,21,23]"
run_25_shortlist64_active_learning_cae_inp_generation,stage3_run24_shortlist64_active_learning_calibration_v01,shortlist64,24,S3R24L64_N24_B06_model_disagreement,R23_N24_C00672,N24_R23_N24_C00672_known_best_mutation,known_best_mutation,combined108_known_best_mutation,parity_preserving_swap_188,model_disagreement,diversity,0.32504306080674883,0.2050863314989003,-0.13466668346835542,0.018115942028985508,S3R19B28_N24_B06_uncertainty_calibration,E:\Projects\RL-LAM-ScanOpt\outputs\stage3_run_24_run23_shortlist64_active_learning_handoff_package\scan_orders\scan_order_S3R24L64_N24_B06_model_disagreement.json,5e8f606e284ef168,J2D_S3R24L64_N24_B06_model_disagreement,E:\Projects\RL-LAM-ScanOpt\cae_model\stage3_run24_shortlist64_active_learning_calibration_v01\N24S3R24L64_N24_B06_model_disagreement,E:\Projects\RL-LAM-ScanOpt\cae_model\stage3_run24_shortlist64_active_learning_calibration_v01\N24S3R24L64_N24_B06_model_disagreement\scan_order_S3R24L64_N24_B06_model_disagreement.json,E:\Projects\RL-LAM-ScanOpt\cae_model\stage3_run24_shortlist64_active_learning_calibration_v01\N24S3R24L64_N24_B06_model_disagreement\J2D_S3R24L64_N24_B06_model_disagreement.cae,E:\Projects\RL-LAM-ScanOpt\cae_model\stage3_run24_shortlist64_active_learning_calibration_v01\N24S3R24L64_N24_B06_model_disagreement\J2D_S3R24L64_N24_B06_model_disagreement.inp,E:\Projects\RL-LAM-ScanOpt\cae_model\stage3_run24_shortlist64_active_learning_calibration_v01\N24S3R24L64_N24_B06_model_disagreement\J2D_S3R24L64_N24_B06_model_disagreement.jnl,E:\Projects\RL-LAM-ScanOpt\cae_model\stage3_run24_shortlist64_active_learning_calibration_v01\N24S3R24L64_N24_B06_model_disagreement\J2D_S3R24L64_N24_B06_model_disagreement.generation_log.json,False,NOT_RUN,NOT_SUBMITTED,"[11,21,7,17,9,13,23,3,19,5,15,1,0,2,4,6,8,10,12,14,16,18,20,22]"
run_25_shortlist64_active_learning_cae_inp_generation,stage3_run24_shortlist64_active_learning_calibration_v01,shortlist64,24,S3R24L64_N24_B07_model_disagreement,R23_N24_C00715,N24_R23_N24_C00715_known_best_mutation,known_best_mutation,combined108_known_best_mutation,parity_preserving_swap_268,model_disagreement,diversity,0.3355552716514409,0.20497721926939994,-0.12456162024905015,0.05434782608695652,S3R19B28_N24_B06_uncertainty_calibration,E:\Projects\RL-LAM-ScanOpt\outputs\stage3_run_24_run23_shortlist64_active_learning_handoff_package\scan_orders\scan_order_S3R24L64_N24_B07_model_disagreement.json,c892039c42dfb0f4,J2D_S3R24L64_N24_B07_model_disagreement,E:\Projects\RL-LAM-ScanOpt\cae_model\stage3_run24_shortlist64_active_learning_calibration_v01\N24S3R24L64_N24_B07_model_disagreement,E:\Projects\RL-LAM-ScanOpt\cae_model\stage3_run24_shortlist64_active_learning_calibration_v01\N24S3R24L64_N24_B07_model_disagreement\scan_order_S3R24L64_N24_B07_model_disagreement.json,E:\Projects\RL-LAM-ScanOpt\cae_model\stage3_run24_shortlist64_active_learning_calibration_v01\N24S3R24L64_N24_B07_model_disagreement\J2D_S3R24L64_N24_B07_model_disagreement.cae,E:\Projects\RL-LAM-ScanOpt\cae_model\stage3_run24_shortlist64_active_learning_calibration_v01\N24S3R24L64_N24_B07_model_disagreement\J2D_S3R24L64_N24_B07_model_disagreement.inp,E:\Projects\RL-LAM-ScanOpt\cae_model\stage3_run24_shortlist64_active_learning_calibration_v01\N24S3R24L64_N24_B07_model_disagreement\J2D_S3R24L64_N24_B07_model_disagreement.jnl,E:\Projects\RL-LAM-ScanOpt\cae_model\stage3_run24_shortlist64_active_learning_calibration_v01\N24S3R24L64_N24_B07_model_disagreement\J2D_S3R24L64_N24_B07_model_disagreement.generation_log.json,False,NOT_RUN,NOT_SUBMITTED,"[11,5,7,17,3,13,23,9,19,21,15,1,0,2,4,6,8,10,12,14,16,18,20,22]"
run_25_shortlist64_active_learning_cae_inp_generation,stage3_run24_shortlist64_active_learning_calibration_v01,shortlist64,24,S3R24L64_N24_B08_model_disagreement,R23_N24_C00615,N24_R23_N24_C00615_known_best_mutation,known_best_mutation,combined108_known_best_mutation,swap_two_positions_104,model_disagreement,tradeoff,0.34105295868714863,0.2025170998138193,-0.12282792466552306,0.018115942028985508,S3R19B28_N24_B06_uncertainty_calibration,E:\Projects\RL-LAM-ScanOpt\outputs\stage3_run_24_run23_shortlist64_active_learning_handoff_package\scan_orders\scan_order_S3R24L64_N24_B08_model_disagreement.json,7045906b4126d893,J2D_S3R24L64_N24_B08_model_disagreement,E:\Projects\RL-LAM-ScanOpt\cae_model\stage3_run24_shortlist64_active_learning_calibration_v01\N24S3R24L64_N24_B08_model_disagreement,E:\Projects\RL-LAM-ScanOpt\cae_model\stage3_run24_shortlist64_active_learning_calibration_v01\N24S3R24L64_N24_B08_model_disagreement\scan_order_S3R24L64_N24_B08_model_disagreement.json,E:\Projects\RL-LAM-ScanOpt\cae_model\stage3_run24_shortlist64_active_learning_calibration_v01\N24S3R24L64_N24_B08_model_disagreement\J2D_S3R24L64_N24_B08_model_disagreement.cae,E:\Projects\RL-LAM-ScanOpt\cae_model\stage3_run24_shortlist64_active_learning_calibration_v01\N24S3R24L64_N24_B08_model_disagreement\J2D_S3R24L64_N24_B08_model_disagreement.inp,E:\Projects\RL-LAM-ScanOpt\cae_model\stage3_run24_shortlist64_active_learning_calibration_v01\N24S3R24L64_N24_B08_model_disagreement\J2D_S3R24L64_N24_B08_model_disagreement.jnl,E:\Projects\RL-LAM-ScanOpt\cae_model\stage3_run24_shortlist64_active_learning_calibration_v01\N24S3R24L64_N24_B08_model_disagreement\J2D_S3R24L64_N24_B08_model_disagreement.generation_log.json,False,NOT_RUN,NOT_SUBMITTED,"[11,21,7,17,3,13,5,9,19,23,15,1,0,2,4,6,8,10,12,14,16,18,20,22]"
run_25_shortlist64_active_learning_cae_inp_generation,stage3_run24_shortlist64_active_learning_calibration_v01,shortlist64,24,S3R24L64_N24_B09_model_disagreement,R23_N24_C00561,N24_R23_N24_C00561_known_best_mutation,known_best_mutation,combined108_known_best_mutation,seed_crossover_037,model_disagreement,uncertainty,0.3067116854267594,0.2021490078064733,-0.15958051081851765,0.036231884057971016,S3R19B28_N24_B06_uncertainty_calibration,E:\Projects\RL-LAM-ScanOpt\outputs\stage3_run_24_run23_shortlist64_active_learning_handoff_package\scan_orders\scan_order_S3R24L64_N24_B09_model_disagreement.json,245a8b26b41f99ed,J2D_S3R24L64_N24_B09_model_disagreement,E:\Projects\RL-LAM-ScanOpt\cae_model\stage3_run24_shortlist64_active_learning_calibration_v01\N24S3R24L64_N24_B09_model_disagreement,E:\Projects\RL-LAM-ScanOpt\cae_model\stage3_run24_shortlist64_active_learning_calibration_v01\N24S3R24L64_N24_B09_model_disagreement\scan_order_S3R24L64_N24_B09_model_disagreement.json,E:\Projects\RL-LAM-ScanOpt\cae_model\stage3_run24_shortlist64_active_learning_calibration_v01\N24S3R24L64_N24_B09_model_disagreement\J2D_S3R24L64_N24_B09_model_disagreement.cae,E:\Projects\RL-LAM-ScanOpt\cae_model\stage3_run24_shortlist64_active_learning_calibration_v01\N24S3R24L64_N24_B09_model_disagreement\J2D_S3R24L64_N24_B09_model_disagreement.inp,E:\Projects\RL-LAM-ScanOpt\cae_model\stage3_run24_shortlist64_active_learning_calibration_v01\N24S3R24L64_N24_B09_model_disagreement\J2D_S3R24L64_N24_B09_model_disagreement.jnl,E:\Projects\RL-LAM-ScanOpt\cae_model\stage3_run24_shortlist64_active_learning_calibration_v01\N24S3R24L64_N24_B09_model_disagreement\J2D_S3R24L64_N24_B09_model_disagreement.generation_log.json,False,NOT_RUN,NOT_SUBMITTED,"[11,21,7,17,3,13,23,9,19,5,15,1,0,2,4,6,8,10,12,22,20,18,16,14]"
run_25_shortlist64_active_learning_cae_inp_generation,stage3_run24_shortlist64_active_learning_calibration_v01,shortlist64,24,S3R24L64_N24_B10_uncertainty_calibration,R23_N24_C00144,N24_R23_N24_C00144_known_best_mutation,known_best_mutation,combined108_known_best_mutation,swap_two_positions_272,uncertainty_calibration,uncertainty,0.29892494052393614,0.12801314421556284,-0.32893492464479623,0.08333333333333333,N24_A04_method_c_u2_first_engineering,E:\Projects\RL-LAM-ScanOpt\outputs\stage3_run_24_run23_shortlist64_active_learning_handoff_package\scan_orders\scan_order_S3R24L64_N24_B10_uncertainty_calibration.json,1ee1ce45fe1ba3e6,J2D_S3R24L64_N24_B10_uncertainty_calibration,E:\Projects\RL-LAM-ScanOpt\cae_model\stage3_run24_shortlist64_active_learning_calibration_v01\N24S3R24L64_N24_B10_uncertainty_calibration,E:\Projects\RL-LAM-ScanOpt\cae_model\stage3_run24_shortlist64_active_learning_calibration_v01\N24S3R24L64_N24_B10_uncertainty_calibration\scan_order_S3R24L64_N24_B10_uncertainty_calibration.json,E:\Projects\RL-LAM-ScanOpt\cae_model\stage3_run24_shortlist64_active_learning_calibration_v01\N24S3R24L64_N24_B10_uncertainty_calibration\J2D_S3R24L64_N24_B10_uncertainty_calibration.cae,E:\Projects\RL-LAM-ScanOpt\cae_model\stage3_run24_shortlist64_active_learning_calibration_v01\N24S3R24L64_N24_B10_uncertainty_calibration\J2D_S3R24L64_N24_B10_uncertainty_calibration.inp,E:\Projects\RL-LAM-ScanOpt\cae_model\stage3_run24_shortlist64_active_learning_calibration_v01\N24S3R24L64_N24_B10_uncertainty_calibration\J2D_S3R24L64_N24_B10_uncertainty_calibration.jnl,E:\Projects\RL-LAM-ScanOpt\cae_model\stage3_run24_shortlist64_active_learning_calibration_v01\N24S3R24L64_N24_B10_uncertainty_calibration\J2D_S3R24L64_N24_B10_uncertainty_calibration.generation_log.json,False,NOT_RUN,NOT_SUBMITTED,"[0,2,4,6,8,10,13,14,16,18,20,22,11,9,7,5,3,1,12,15,17,19,21,23]"
run_25_shortlist64_active_learning_cae_inp_generation,stage3_run24_shortlist64_active_learning_calibration_v01,shortlist64,24,S3R24L64_N24_B11_uncertainty_calibration,R23_N24_C00594,N24_R23_N24_C00594_known_best_mutation,known_best_mutation,combined108_known_best_mutation,parity_preserving_swap_076,uncertainty_calibration,model_disagreement,0.2843446629604241,0.1389057604386645,-0.30633142146288905,0.05434782608695652,S3R19B28_N24_B06_uncertainty_calibration,E:\Projects\RL-LAM-ScanOpt\outputs\stage3_run_24_run23_shortlist64_active_learning_handoff_package\scan_orders\scan_order_S3R24L64_N24_B11_uncertainty_calibration.json,e54c35986492c68a,J2D_S3R24L64_N24_B11_uncertainty_calibration,E:\Projects\RL-LAM-ScanOpt\cae_model\stage3_run24_shortlist64_active_learning_calibration_v01\N24S3R24L64_N24_B11_uncertainty_calibration,E:\Projects\RL-LAM-ScanOpt\cae_model\stage3_run24_shortlist64_active_learning_calibration_v01\N24S3R24L64_N24_B11_uncertainty_calibration\scan_order_S3R24L64_N24_B11_uncertainty_calibration.json,E:\Projects\RL-LAM-ScanOpt\cae_model\stage3_run24_shortlist64_active_learning_calibration_v01\N24S3R24L64_N24_B11_uncertainty_calibration\J2D_S3R24L64_N24_B11_uncertainty_calibration.cae,E:\Projects\RL-LAM-ScanOpt\cae_model\stage3_run24_shortlist64_active_learning_calibration_v01\N24S3R24L64_N24_B11_uncertainty_calibration\J2D_S3R24L64_N24_B11_uncertainty_calibration.inp,E:\Projects\RL-LAM-ScanOpt\cae_model\stage3_run24_shortlist64_active_learning_calibration_v01\N24S3R24L64_N24_B11_uncertainty_calibration\J2D_S3R24L64_N24_B11_uncertainty_calibration.jnl,E:\Projects\RL-LAM-ScanOpt\cae_model\stage3_run24_shortlist64_active_learning_calibration_v01\N24S3R24L64_N24_B11_uncertainty_calibration\J2D_S3R24L64_N24_B11_uncertainty_calibration.generation_log.json,False,NOT_RUN,NOT_SUBMITTED,"[11,21,7,17,3,13,23,9,19,5,15,1,0,2,20,6,8,10,12,14,16,18,4,22]"
run_25_shortlist64_active_learning_cae_inp_generation,stage3_run24_shortlist64_active_learning_calibration_v01,shortlist64,24,S3R24L64_N24_B12_uncertainty_calibration,R23_N24_C00591,N24_R23_N24_C00591_known_best_mutation,known_best_mutation,combined108_known_best_mutation,swap_two_positions_072,uncertainty_calibration,uncertainty,0.2842413826806876,0.13896046311515806,-0.30633142146288905,0.05434782608695652,S3R19B28_N24_B06_uncertainty_calibration,E:\Projects\RL-LAM-ScanOpt\outputs\stage3_run_24_run23_shortlist64_active_learning_handoff_package\scan_orders\scan_order_S3R24L64_N24_B12_uncertainty_calibration.json,97c3cadc95217af2,J2D_S3R24L64_N24_B12_uncertainty_calibration,E:\Projects\RL-LAM-ScanOpt\cae_model\stage3_run24_shortlist64_active_learning_calibration_v01\N24S3R24L64_N24_B12_uncertainty_calibration,E:\Projects\RL-LAM-ScanOpt\cae_model\stage3_run24_shortlist64_active_learning_calibration_v01\N24S3R24L64_N24_B12_uncertainty_calibration\scan_order_S3R24L64_N24_B12_uncertainty_calibration.json,E:\Projects\RL-LAM-ScanOpt\cae_model\stage3_run24_shortlist64_active_learning_calibration_v01\N24S3R24L64_N24_B12_uncertainty_calibration\J2D_S3R24L64_N24_B12_uncertainty_calibration.cae,E:\Projects\RL-LAM-ScanOpt\cae_model\stage3_run24_shortlist64_active_learning_calibration_v01\N24S3R24L64_N24_B12_uncertainty_calibration\J2D_S3R24L64_N24_B12_uncertainty_calibration.inp,E:\Projects\RL-LAM-ScanOpt\cae_model\stage3_run24_shortlist64_active_learning_calibration_v01\N24S3R24L64_N24_B12_uncertainty_calibration\J2D_S3R24L64_N24_B12_uncertainty_calibration.jnl,E:\Projects\RL-LAM-ScanOpt\cae_model\stage3_run24_shortlist64_active_learning_calibration_v01\N24S3R24L64_N24_B12_uncertainty_calibration\J2D_S3R24L64_N24_B12_uncertainty_calibration.generation_log.json,False,NOT_RUN,NOT_SUBMITTED,"[11,21,7,17,3,13,23,9,19,5,15,1,0,18,4,6,8,10,12,14,16,2,20,22]"
run_25_shortlist64_active_learning_cae_inp_generation,stage3_run24_shortlist64_active_learning_calibration_v01,shortlist64,24,S3R24L64_N24_B13_uncertainty_calibration,R23_N24_C00158,N24_R23_N24_C00158_known_best_mutation,known_best_mutation,combined108_known_best_mutation,swap_two_positions_312,uncertainty_calibration,uncertainty,0.2913050545469146,0.12458167186449647,-0.34001673559995793,0.07608695652173914,N24_A04_method_c_u2_first_engineering,E:\Projects\RL-LAM-ScanOpt\outputs\stage3_run_24_run23_shortlist64_active_learning_handoff_package\scan_orders\scan_order_S3R24L64_N24_B13_uncertainty_calibration.json,429442f9a7ee440f,J2D_S3R24L64_N24_B13_uncertainty_calibration,E:\Projects\RL-LAM-ScanOpt\cae_model\stage3_run24_shortlist64_active_learning_calibration_v01\N24S3R24L64_N24_B13_uncertainty_calibration,E:\Projects\RL-LAM-ScanOpt\cae_model\stage3_run24_shortlist64_active_learning_calibration_v01\N24S3R24L64_N24_B13_uncertainty_calibration\scan_order_S3R24L64_N24_B13_uncertainty_calibration.json,E:\Projects\RL-LAM-ScanOpt\cae_model\stage3_run24_shortlist64_active_learning_calibration_v01\N24S3R24L64_N24_B13_uncertainty_calibration\J2D_S3R24L64_N24_B13_uncertainty_calibration.cae,E:\Projects\RL-LAM-ScanOpt\cae_model\stage3_run24_shortlist64_active_learning_calibration_v01\N24S3R24L64_N24_B13_uncertainty_calibration\J2D_S3R24L64_N24_B13_uncertainty_calibration.inp,E:\Projects\RL-LAM-ScanOpt\cae_model\stage3_run24_shortlist64_active_learning_calibration_v01\N24S3R24L64_N24_B13_uncertainty_calibration\J2D_S3R24L64_N24_B13_uncertainty_calibration.jnl,E:\Projects\RL-LAM-ScanOpt\cae_model\stage3_run24_shortlist64_active_learning_calibration_v01\N24S3R24L64_N24_B13_uncertainty_calibration\J2D_S3R24L64_N24_B13_uncertainty_calibration.generation_log.json,False,NOT_RUN,NOT_SUBMITTED,"[0,2,4,6,8,10,12,14,16,18,19,22,11,9,7,5,3,1,13,15,17,20,21,23]"
run_25_shortlist64_active_learning_cae_inp_generation,stage3_run24_shortlist64_active_learning_calibration_v01,shortlist64,24,S3R24L64_N24_B14_diversity_coverage,R23_N24_C00612,N24_R23_N24_C00612_known_best_mutation,known_best_mutation,combined108_known_best_mutation,swap_early_late_blocks_099,diversity_coverage,tradeoff,0.27802577880396384,0.13777696843664336,-0.3158246269285444,0.40217391304347827,N24_A08_block_interleaved_quarters,E:\Projects\RL-LAM-ScanOpt\outputs\stage3_run_24_run23_shortlist64_active_learning_handoff_package\scan_orders\scan_order_S3R24L64_N24_B14_diversity_coverage.json,fdb98a247a7f0f60,J2D_S3R24L64_N24_B14_diversity_coverage,E:\Projects\RL-LAM-ScanOpt\cae_model\stage3_run24_shortlist64_active_learning_calibration_v01\N24S3R24L64_N24_B14_diversity_coverage,E:\Projects\RL-LAM-ScanOpt\cae_model\stage3_run24_shortlist64_active_learning_calibration_v01\N24S3R24L64_N24_B14_diversity_coverage\scan_order_S3R24L64_N24_B14_diversity_coverage.json,E:\Projects\RL-LAM-ScanOpt\cae_model\stage3_run24_shortlist64_active_learning_calibration_v01\N24S3R24L64_N24_B14_diversity_coverage\J2D_S3R24L64_N24_B14_diversity_coverage.cae,E:\Projects\RL-LAM-ScanOpt\cae_model\stage3_run24_shortlist64_active_learning_calibration_v01\N24S3R24L64_N24_B14_diversity_coverage\J2D_S3R24L64_N24_B14_diversity_coverage.inp,E:\Projects\RL-LAM-ScanOpt\cae_model\stage3_run24_shortlist64_active_learning_calibration_v01\N24S3R24L64_N24_B14_diversity_coverage\J2D_S3R24L64_N24_B14_diversity_coverage.jnl,E:\Projects\RL-LAM-ScanOpt\cae_model\stage3_run24_shortlist64_active_learning_calibration_v01\N24S3R24L64_N24_B14_diversity_coverage\J2D_S3R24L64_N24_B14_diversity_coverage.generation_log.json,False,NOT_RUN,NOT_SUBMITTED,"[12,14,16,18,3,13,23,9,19,5,15,1,0,2,4,6,8,10,11,21,7,17,20,22]"
run_25_shortlist64_active_learning_cae_inp_generation,stage3_run24_shortlist64_active_learning_calibration_v01,shortlist64,24,S3R24L64_N24_B15_diversity_coverage,R23_N24_C00073,N24_R23_N24_C00073_known_best_mutation,known_best_mutation,combined108_known_best_mutation,swap_early_late_blocks_099,diversity_coverage,tradeoff,0.2946503031352131,0.11471941407099984,-0.3707642372753345,0.391304347826087,S3R19B28_N24_B08_known_best_mutation,E:\Projects\RL-LAM-ScanOpt\outputs\stage3_run_24_run23_shortlist64_active_learning_handoff_package\scan_orders\scan_order_S3R24L64_N24_B15_diversity_coverage.json,61435e6dddaa6fd2,J2D_S3R24L64_N24_B15_diversity_coverage,E:\Projects\RL-LAM-ScanOpt\cae_model\stage3_run24_shortlist64_active_learning_calibration_v01\N24S3R24L64_N24_B15_diversity_coverage,E:\Projects\RL-LAM-ScanOpt\cae_model\stage3_run24_shortlist64_active_learning_calibration_v01\N24S3R24L64_N24_B15_diversity_coverage\scan_order_S3R24L64_N24_B15_diversity_coverage.json,E:\Projects\RL-LAM-ScanOpt\cae_model\stage3_run24_shortlist64_active_learning_calibration_v01\N24S3R24L64_N24_B15_diversity_coverage\J2D_S3R24L64_N24_B15_diversity_coverage.cae,E:\Projects\RL-LAM-ScanOpt\cae_model\stage3_run24_shortlist64_active_learning_calibration_v01\N24S3R24L64_N24_B15_diversity_coverage\J2D_S3R24L64_N24_B15_diversity_coverage.inp,E:\Projects\RL-LAM-ScanOpt\cae_model\stage3_run24_shortlist64_active_learning_calibration_v01\N24S3R24L64_N24_B15_diversity_coverage\J2D_S3R24L64_N24_B15_diversity_coverage.jnl,E:\Projects\RL-LAM-ScanOpt\cae_model\stage3_run24_shortlist64_active_learning_calibration_v01\N24S3R24L64_N24_B15_diversity_coverage\J2D_S3R24L64_N24_B15_diversity_coverage.generation_log.json,False,NOT_RUN,NOT_SUBMITTED,"[0,2,4,15,17,19,21,14,16,18,20,22,11,9,7,5,3,1,13,6,8,10,12,23]"
run_25_shortlist64_active_learning_cae_inp_generation,stage3_run24_shortlist64_active_learning_calibration_v01,shortlist64,24,S3R24L64_N24_B16_diversity_coverage,R23_N24_C00043,N24_R23_N24_C00043_known_best_mutation,known_best_mutation,combined108_known_best_mutation,swap_early_late_blocks_051,diversity_coverage,model_disagreement,0.28855703229407276,0.10538932489134008,-0.40239439798805154,0.391304347826087,S3R19B28_N24_B08_known_best_mutation,E:\Projects\RL-LAM-ScanOpt\outputs\stage3_run_24_run23_shortlist64_active_learning_handoff_package\scan_orders\scan_order_S3R24L64_N24_B16_diversity_coverage.json,01f2cb7f75d2ba0f,J2D_S3R24L64_N24_B16_diversity_coverage,E:\Projects\RL-LAM-ScanOpt\cae_model\stage3_run24_shortlist64_active_learning_calibration_v01\N24S3R24L64_N24_B16_diversity_coverage,E:\Projects\RL-LAM-ScanOpt\cae_model\stage3_run24_shortlist64_active_learning_calibration_v01\N24S3R24L64_N24_B16_diversity_coverage\scan_order_S3R24L64_N24_B16_diversity_coverage.json,E:\Projects\RL-LAM-ScanOpt\cae_model\stage3_run24_shortlist64_active_learning_calibration_v01\N24S3R24L64_N24_B16_diversity_coverage\J2D_S3R24L64_N24_B16_diversity_coverage.cae,E:\Projects\RL-LAM-ScanOpt\cae_model\stage3_run24_shortlist64_active_learning_calibration_v01\N24S3R24L64_N24_B16_diversity_coverage\J2D_S3R24L64_N24_B16_diversity_coverage.inp,E:\Projects\RL-LAM-ScanOpt\cae_model\stage3_run24_shortlist64_active_learning_calibration_v01\N24S3R24L64_N24_B16_diversity_coverage\J2D_S3R24L64_N24_B16_diversity_coverage.jnl,E:\Projects\RL-LAM-ScanOpt\cae_model\stage3_run24_shortlist64_active_learning_calibration_v01\N24S3R24L64_N24_B16_diversity_coverage\J2D_S3R24L64_N24_B16_diversity_coverage.generation_log.json,False,NOT_RUN,NOT_SUBMITTED,"[0,2,15,17,19,21,12,14,16,18,20,22,11,9,7,5,3,1,13,4,6,8,10,23]"
run_25_shortlist64_active_learning_cae_inp_generation,stage3_run24_shortlist64_active_learning_calibration_v01,shortlist64,24,S3R24L64_N24_B17_diversity_coverage,R23_N24_C00333,N24_R23_N24_C00333_teacher_best_local_search,teacher_best_local_search,combined108_known_best_mutation,swap_early_late_blocks_131,diversity_coverage,model_disagreement,0.29868828326280406,0.11814128903213836,-0.33914484746968543,0.38768115942028986,N24_A14_graph_pointer_policy_u2first_proxy,E:\Projects\RL-LAM-ScanOpt\outputs\stage3_run_24_run23_shortlist64_active_learning_handoff_package\scan_orders\scan_order_S3R24L64_N24_B17_diversity_coverage.json,6644531cea779794,J2D_S3R24L64_N24_B17_diversity_coverage,E:\Projects\RL-LAM-ScanOpt\cae_model\stage3_run24_shortlist64_active_learning_calibration_v01\N24S3R24L64_N24_B17_diversity_coverage,E:\Projects\RL-LAM-ScanOpt\cae_model\stage3_run24_shortlist64_active_learning_calibration_v01\N24S3R24L64_N24_B17_diversity_coverage\scan_order_S3R24L64_N24_B17_diversity_coverage.json,E:\Projects\RL-LAM-ScanOpt\cae_model\stage3_run24_shortlist64_active_learning_calibration_v01\N24S3R24L64_N24_B17_diversity_coverage\J2D_S3R24L64_N24_B17_diversity_coverage.cae,E:\Projects\RL-LAM-ScanOpt\cae_model\stage3_run24_shortlist64_active_learning_calibration_v01\N24S3R24L64_N24_B17_diversity_coverage\J2D_S3R24L64_N24_B17_diversity_coverage.inp,E:\Projects\RL-LAM-ScanOpt\cae_model\stage3_run24_shortlist64_active_learning_calibration_v01\N24S3R24L64_N24_B17_diversity_coverage\J2D_S3R24L64_N24_B17_diversity_coverage.jnl,E:\Projects\RL-LAM-ScanOpt\cae_model\stage3_run24_shortlist64_active_learning_calibration_v01\N24S3R24L64_N24_B17_diversity_coverage\J2D_S3R24L64_N24_B17_diversity_coverage.generation_log.json,False,NOT_RUN,NOT_SUBMITTED,"[0,2,17,15,13,1,12,14,16,18,20,22,11,9,7,5,3,19,21,23,4,6,8,10]"
run_25_shortlist64_active_learning_cae_inp_generation,stage3_run24_shortlist64_active_learning_calibration_v01,shortlist64,24,S3R24L64_N24_B18_tradeoff_probe,R23_N24_C01690,N24_R23_N24_C01690_known_best_mutation,known_best_mutation,combined108_known_best_mutation,biased_random_perturbation_039,tradeoff_probe,tradeoff,0.21217225598159292,0.10230765965467152,-0.4566361541450171,0.33695652173913043,S3R19B28_N24_B03_geometry_signal_top,E:\Projects\RL-LAM-ScanOpt\outputs\stage3_run_24_run23_shortlist64_active_learning_handoff_package\scan_orders\scan_order_S3R24L64_N24_B18_tradeoff_probe.json,5847234d7bb5fec7,J2D_S3R24L64_N24_B18_tradeoff_probe,E:\Projects\RL-LAM-ScanOpt\cae_model\stage3_run24_shortlist64_active_learning_calibration_v01\N24S3R24L64_N24_B18_tradeoff_probe,E:\Projects\RL-LAM-ScanOpt\cae_model\stage3_run24_shortlist64_active_learning_calibration_v01\N24S3R24L64_N24_B18_tradeoff_probe\scan_order_S3R24L64_N24_B18_tradeoff_probe.json,E:\Projects\RL-LAM-ScanOpt\cae_model\stage3_run24_shortlist64_active_learning_calibration_v01\N24S3R24L64_N24_B18_tradeoff_probe\J2D_S3R24L64_N24_B18_tradeoff_probe.cae,E:\Projects\RL-LAM-ScanOpt\cae_model\stage3_run24_shortlist64_active_learning_calibration_v01\N24S3R24L64_N24_B18_tradeoff_probe\J2D_S3R24L64_N24_B18_tradeoff_probe.inp,E:\Projects\RL-LAM-ScanOpt\cae_model\stage3_run24_shortlist64_active_learning_calibration_v01\N24S3R24L64_N24_B18_tradeoff_probe\J2D_S3R24L64_N24_B18_tradeoff_probe.jnl,E:\Projects\RL-LAM-ScanOpt\cae_model\stage3_run24_shortlist64_active_learning_calibration_v01\N24S3R24L64_N24_B18_tradeoff_probe\J2D_S3R24L64_N24_B18_tradeoff_probe.generation_log.json,False,NOT_RUN,NOT_SUBMITTED,"[17,4,15,6,1,18,23,14,5,22,3,2,11,16,13,8,21,10,7,12,9,20,19,0]"
run_25_shortlist64_active_learning_cae_inp_generation,stage3_run24_shortlist64_active_learning_calibration_v01,shortlist64,24,S3R24L64_N24_B19_tradeoff_probe,R23_N24_C01410,N24_R23_N24_C01410_known_best_mutation,known_best_mutation,combined108_known_best_mutation,reverse_segment_057,tradeoff_probe,uncertainty,0.34743025428888413,0.16264940662768954,-0.19785887248514622,0.021739130434782608,S3R19B28_N24_B05_diversity_top,E:\Projects\RL-LAM-ScanOpt\outputs\stage3_run_24_run23_shortlist64_active_learning_handoff_package\scan_orders\scan_order_S3R24L64_N24_B19_tradeoff_probe.json,8347904d193448a1,J2D_S3R24L64_N24_B19_tradeoff_probe,E:\Projects\RL-LAM-ScanOpt\cae_model\stage3_run24_shortlist64_active_learning_calibration_v01\N24S3R24L64_N24_B19_tradeoff_probe,E:\Projects\RL-LAM-ScanOpt\cae_model\stage3_run24_shortlist64_active_learning_calibration_v01\N24S3R24L64_N24_B19_tradeoff_probe\scan_order_S3R24L64_N24_B19_tradeoff_probe.json,E:\Projects\RL-LAM-ScanOpt\cae_model\stage3_run24_shortlist64_active_learning_calibration_v01\N24S3R24L64_N24_B19_tradeoff_probe\J2D_S3R24L64_N24_B19_tradeoff_probe.cae,E:\Projects\RL-LAM-ScanOpt\cae_model\stage3_run24_shortlist64_active_learning_calibration_v01\N24S3R24L64_N24_B19_tradeoff_probe\J2D_S3R24L64_N24_B19_tradeoff_probe.inp,E:\Projects\RL-LAM-ScanOpt\cae_model\stage3_run24_shortlist64_active_learning_calibration_v01\N24S3R24L64_N24_B19_tradeoff_probe\J2D_S3R24L64_N24_B19_tradeoff_probe.jnl,E:\Projects\RL-LAM-ScanOpt\cae_model\stage3_run24_shortlist64_active_learning_calibration_v01\N24S3R24L64_N24_B19_tradeoff_probe\J2D_S3R24L64_N24_B19_tradeoff_probe.generation_log.json,False,NOT_RUN,NOT_SUBMITTED,"[17,19,21,23,8,10,12,22,20,18,16,14,7,5,3,1,9,11,13,15,0,2,4,6]"
run_25_shortlist64_active_learning_cae_inp_generation,stage3_run24_shortlist64_active_learning_calibration_v01,shortlist64,24,S3R24L64_N24_B20_tradeoff_probe,R23_N24_C01393,N24_R23_N24_C01393_known_best_mutation,known_best_mutation,combined108_known_best_mutation,parity_preserving_swap_036,tradeoff_probe,model_disagreement,0.3465024455265672,0.16299189577362086,-0.19785887248514622,0.0036231884057971015,S3R19B28_N24_B05_diversity_top,E:\Projects\RL-LAM-ScanOpt\outputs\stage3_run_24_run23_shortlist64_active_learning_handoff_package\scan_orders\scan_order_S3R24L64_N24_B20_tradeoff_probe.json,82d8cc4867e4c247,J2D_S3R24L64_N24_B20_tradeoff_probe,E:\Projects\RL-LAM-ScanOpt\cae_model\stage3_run24_shortlist64_active_learning_calibration_v01\N24S3R24L64_N24_B20_tradeoff_probe,E:\Projects\RL-LAM-ScanOpt\cae_model\stage3_run24_shortlist64_active_learning_calibration_v01\N24S3R24L64_N24_B20_tradeoff_probe\scan_order_S3R24L64_N24_B20_tradeoff_probe.json,E:\Projects\RL-LAM-ScanOpt\cae_model\stage3_run24_shortlist64_active_learning_calibration_v01\N24S3R24L64_N24_B20_tradeoff_probe\J2D_S3R24L64_N24_B20_tradeoff_probe.cae,E:\Projects\RL-LAM-ScanOpt\cae_model\stage3_run24_shortlist64_active_learning_calibration_v01\N24S3R24L64_N24_B20_tradeoff_probe\J2D_S3R24L64_N24_B20_tradeoff_probe.inp,E:\Projects\RL-LAM-ScanOpt\cae_model\stage3_run24_shortlist64_active_learning_calibration_v01\N24S3R24L64_N24_B20_tradeoff_probe\J2D_S3R24L64_N24_B20_tradeoff_probe.jnl,E:\Projects\RL-LAM-ScanOpt\cae_model\stage3_run24_shortlist64_active_learning_calibration_v01\N24S3R24L64_N24_B20_tradeoff_probe\J2D_S3R24L64_N24_B20_tradeoff_probe.generation_log.json,False,NOT_RUN,NOT_SUBMITTED,"[17,19,21,23,8,10,12,22,20,18,16,14,3,1,5,7,9,11,13,15,0,2,4,6]"
run_25_shortlist64_active_learning_cae_inp_generation,stage3_run24_shortlist64_active_learning_calibration_v01,shortlist64,24,S3R24L64_N24_B21_sentinel_control,R23_N24_C02042,N24_R23_N24_C02042_known_best_mutation,known_best_mutation,combined108_known_best_mutation,biased_random_perturbation_343,sentinel_control,diversity,0.19091482041010527,0.09326059867490213,-0.4939175810826472,0.463768115942029,N24_A05_center_out,E:\Projects\RL-LAM-ScanOpt\outputs\stage3_run_24_run23_shortlist64_active_learning_handoff_package\scan_orders\scan_order_S3R24L64_N24_B21_sentinel_control.json,2b407e089be11262,J2D_S3R24L64_N24_B21_sentinel_control,E:\Projects\RL-LAM-ScanOpt\cae_model\stage3_run24_shortlist64_active_learning_calibration_v01\N24S3R24L64_N24_B21_sentinel_control,E:\Projects\RL-LAM-ScanOpt\cae_model\stage3_run24_shortlist64_active_learning_calibration_v01\N24S3R24L64_N24_B21_sentinel_control\scan_order_S3R24L64_N24_B21_sentinel_control.json,E:\Projects\RL-LAM-ScanOpt\cae_model\stage3_run24_shortlist64_active_learning_calibration_v01\N24S3R24L64_N24_B21_sentinel_control\J2D_S3R24L64_N24_B21_sentinel_control.cae,E:\Projects\RL-LAM-ScanOpt\cae_model\stage3_run24_shortlist64_active_learning_calibration_v01\N24S3R24L64_N24_B21_sentinel_control\J2D_S3R24L64_N24_B21_sentinel_control.inp,E:\Projects\RL-LAM-ScanOpt\cae_model\stage3_run24_shortlist64_active_learning_calibration_v01\N24S3R24L64_N24_B21_sentinel_control\J2D_S3R24L64_N24_B21_sentinel_control.jnl,E:\Projects\RL-LAM-ScanOpt\cae_model\stage3_run24_shortlist64_active_learning_calibration_v01\N24S3R24L64_N24_B21_sentinel_control\J2D_S3R24L64_N24_B21_sentinel_control.generation_log.json,False,NOT_RUN,NOT_SUBMITTED,"[18,13,14,21,12,5,10,15,2,23,16,1,6,3,4,11,22,19,0,7,20,17,8,9]"
run_25_shortlist64_active_learning_cae_inp_generation,stage3_run24_shortlist64_active_learning_calibration_v01,shortlist64,24,S3R24L64_N24_B22_sentinel_control,R23_N24_C02825,N24_R23_N24_C02825_known_best_mutation,known_best_mutation,combined108_known_best_mutation,biased_random_perturbation_367,sentinel_control,uncertainty,0.18852853029238706,0.06735177938041437,-0.5572180195107627,0.4492753623188406,S3R19B28_N24_B10_known_best_mutation,E:\Projects\RL-LAM-ScanOpt\outputs\stage3_run_24_run23_shortlist64_active_learning_handoff_package\scan_orders\scan_order_S3R24L64_N24_B22_sentinel_control.json,0c3c572ce8b1aad9,J2D_S3R24L64_N24_B22_sentinel_control,E:\Projects\RL-LAM-ScanOpt\cae_model\stage3_run24_shortlist64_active_learning_calibration_v01\N24S3R24L64_N24_B22_sentinel_control,E:\Projects\RL-LAM-ScanOpt\cae_model\stage3_run24_shortlist64_active_learning_calibration_v01\N24S3R24L64_N24_B22_sentinel_control\scan_order_S3R24L64_N24_B22_sentinel_control.json,E:\Projects\RL-LAM-ScanOpt\cae_model\stage3_run24_shortlist64_active_learning_calibration_v01\N24S3R24L64_N24_B22_sentinel_control\J2D_S3R24L64_N24_B22_sentinel_control.cae,E:\Projects\RL-LAM-ScanOpt\cae_model\stage3_run24_shortlist64_active_learning_calibration_v01\N24S3R24L64_N24_B22_sentinel_control\J2D_S3R24L64_N24_B22_sentinel_control.inp,E:\Projects\RL-LAM-ScanOpt\cae_model\stage3_run24_shortlist64_active_learning_calibration_v01\N24S3R24L64_N24_B22_sentinel_control\J2D_S3R24L64_N24_B22_sentinel_control.jnl,E:\Projects\RL-LAM-ScanOpt\cae_model\stage3_run24_shortlist64_active_learning_calibration_v01\N24S3R24L64_N24_B22_sentinel_control\J2D_S3R24L64_N24_B22_sentinel_control.generation_log.json,False,NOT_RUN,NOT_SUBMITTED,"[21,7,16,0,14,4,19,5,12,20,8,15,23,10,3,11,1,2,6,17,13,22,18,9]"
run_25_shortlist64_active_learning_cae_inp_generation,stage3_run24_shortlist64_active_learning_calibration_v01,shortlist64,24,S3R24L64_N24_B23_exploitation_reference,R23_N24_C00189,N24_R23_N24_C00189_known_best_mutation,known_best_mutation,combined108_known_best_mutation,reverse_segment_401,exploitation_reference,model_disagreement,0.37589087845906716,0.19277175724617454,-0.10757099701534112,0.018115942028985508,N24_A02_odd_even_interlaced,E:\Projects\RL-LAM-ScanOpt\outputs\stage3_run_24_run23_shortlist64_active_learning_handoff_package\scan_orders\scan_order_S3R24L64_N24_B23_exploitation_reference.json,9682d973aa5c8db4,J2D_S3R24L64_N24_B23_exploitation_reference,E:\Projects\RL-LAM-ScanOpt\cae_model\stage3_run24_shortlist64_active_learning_calibration_v01\N24S3R24L64_N24_B23_exploitation_reference,E:\Projects\RL-LAM-ScanOpt\cae_model\stage3_run24_shortlist64_active_learning_calibration_v01\N24S3R24L64_N24_B23_exploitation_reference\scan_order_S3R24L64_N24_B23_exploitation_reference.json,E:\Projects\RL-LAM-ScanOpt\cae_model\stage3_run24_shortlist64_active_learning_calibration_v01\N24S3R24L64_N24_B23_exploitation_reference\J2D_S3R24L64_N24_B23_exploitation_reference.cae,E:\Projects\RL-LAM-ScanOpt\cae_model\stage3_run24_shortlist64_active_learning_calibration_v01\N24S3R24L64_N24_B23_exploitation_reference\J2D_S3R24L64_N24_B23_exploitation_reference.inp,E:\Projects\RL-LAM-ScanOpt\cae_model\stage3_run24_shortlist64_active_learning_calibration_v01\N24S3R24L64_N24_B23_exploitation_reference\J2D_S3R24L64_N24_B23_exploitation_reference.jnl,E:\Projects\RL-LAM-ScanOpt\cae_model\stage3_run24_shortlist64_active_learning_calibration_v01\N24S3R24L64_N24_B23_exploitation_reference\J2D_S3R24L64_N24_B23_exploitation_reference.generation_log.json,False,NOT_RUN,NOT_SUBMITTED,"[0,2,4,6,8,10,12,14,16,18,20,22,11,1,3,5,7,9,13,15,17,19,21,23]"
run_25_shortlist64_active_learning_cae_inp_generation,stage3_run24_shortlist64_active_learning_calibration_v01,shortlist64,24,S3R24L64_N24_B24_exploitation_reference,R23_N24_C00938,N24_R23_N24_C00938_known_best_mutation,known_best_mutation,combined108_known_best_mutation,seed_crossover_229,exploitation_reference,tradeoff,0.3769782666654044,0.19230665691992116,-0.10757099701534112,0.021739130434782608,N24_A04_method_c_u2_first_engineering,E:\Projects\RL-LAM-ScanOpt\outputs\stage3_run_24_run23_shortlist64_active_learning_handoff_package\scan_orders\scan_order_S3R24L64_N24_B24_exploitation_reference.json,88e73e9ad94ac53f,J2D_S3R24L64_N24_B24_exploitation_reference,E:\Projects\RL-LAM-ScanOpt\cae_model\stage3_run24_shortlist64_active_learning_calibration_v01\N24S3R24L64_N24_B24_exploitation_reference,E:\Projects\RL-LAM-ScanOpt\cae_model\stage3_run24_shortlist64_active_learning_calibration_v01\N24S3R24L64_N24_B24_exploitation_reference\scan_order_S3R24L64_N24_B24_exploitation_reference.json,E:\Projects\RL-LAM-ScanOpt\cae_model\stage3_run24_shortlist64_active_learning_calibration_v01\N24S3R24L64_N24_B24_exploitation_reference\J2D_S3R24L64_N24_B24_exploitation_reference.cae,E:\Projects\RL-LAM-ScanOpt\cae_model\stage3_run24_shortlist64_active_learning_calibration_v01\N24S3R24L64_N24_B24_exploitation_reference\J2D_S3R24L64_N24_B24_exploitation_reference.inp,E:\Projects\RL-LAM-ScanOpt\cae_model\stage3_run24_shortlist64_active_learning_calibration_v01\N24S3R24L64_N24_B24_exploitation_reference\J2D_S3R24L64_N24_B24_exploitation_reference.jnl,E:\Projects\RL-LAM-ScanOpt\cae_model\stage3_run24_shortlist64_active_learning_calibration_v01\N24S3R24L64_N24_B24_exploitation_reference\J2D_S3R24L64_N24_B24_exploitation_reference.generation_log.json,False,NOT_RUN,NOT_SUBMITTED,"[0,2,4,6,8,10,12,14,16,18,20,22,11,9,1,3,5,7,13,15,17,19,21,23]"
run_25_shortlist64_active_learning_cae_inp_generation,stage3_run24_shortlist64_active_learning_calibration_v01,shortlist64,40,S3R24L64_N40_B01_top_region,R23_N40_C00183,N40_R23_N40_C00183_known_best_mutation,known_best_mutation,combined108_known_best_mutation,reverse_segment_265,top_region_local_search,top_region_local_search,0.41350914500743485,0.16905994704106325,-0.16320908733621375,0.1,N40_A04_method_c_u2_first_engineering,E:\Projects\RL-LAM-ScanOpt\outputs\stage3_run_24_run23_shortlist64_active_learning_handoff_package\scan_orders\scan_order_S3R24L64_N40_B01_top_region.json,cc574ee97e23d3a0,J2D_S3R24L64_N40_B01_top_region,E:\Projects\RL-LAM-ScanOpt\cae_model\stage3_run24_shortlist64_active_learning_calibration_v01\N40S3R24L64_N40_B01_top_region,E:\Projects\RL-LAM-ScanOpt\cae_model\stage3_run24_shortlist64_active_learning_calibration_v01\N40S3R24L64_N40_B01_top_region\scan_order_S3R24L64_N40_B01_top_region.json,E:\Projects\RL-LAM-ScanOpt\cae_model\stage3_run24_shortlist64_active_learning_calibration_v01\N40S3R24L64_N40_B01_top_region\J2D_S3R24L64_N40_B01_top_region.cae,E:\Projects\RL-LAM-ScanOpt\cae_model\stage3_run24_shortlist64_active_learning_calibration_v01\N40S3R24L64_N40_B01_top_region\J2D_S3R24L64_N40_B01_top_region.inp,E:\Projects\RL-LAM-ScanOpt\cae_model\stage3_run24_shortlist64_active_learning_calibration_v01\N40S3R24L64_N40_B01_top_region\J2D_S3R24L64_N40_B01_top_region.jnl,E:\Projects\RL-LAM-ScanOpt\cae_model\stage3_run24_shortlist64_active_learning_calibration_v01\N40S3R24L64_N40_B01_top_region\J2D_S3R24L64_N40_B01_top_region.generation_log.json,False,NOT_RUN,NOT_SUBMITTED,"[0,2,4,6,8,10,12,38,36,34,32,30,28,26,24,22,20,18,16,14,19,17,15,13,11,9,7,5,3,1,21,23,25,27,29,31,33,35,37,39]"
run_25_shortlist64_active_learning_cae_inp_generation,stage3_run24_shortlist64_active_learning_calibration_v01,shortlist64,40,S3R24L64_N40_B02_top_region,R23_N40_C01594,N40_R23_N40_C01594_known_best_mutation,known_best_mutation,combined108_known_best_mutation,rotate_sequence_010,top_region_local_search,top_region_local_search,0.4035874953957818,0.16129606547769776,-0.18449140723453183,0.18461538461538463,S3B20_N40_B01_surrogate_top,E:\Projects\RL-LAM-ScanOpt\outputs\stage3_run_24_run23_shortlist64_active_learning_handoff_package\scan_orders\scan_order_S3R24L64_N40_B02_top_region.json,198304997aa51f7f,J2D_S3R24L64_N40_B02_top_region,E:\Projects\RL-LAM-ScanOpt\cae_model\stage3_run24_shortlist64_active_learning_calibration_v01\N40S3R24L64_N40_B02_top_region,E:\Projects\RL-LAM-ScanOpt\cae_model\stage3_run24_shortlist64_active_learning_calibration_v01\N40S3R24L64_N40_B02_top_region\scan_order_S3R24L64_N40_B02_top_region.json,E:\Projects\RL-LAM-ScanOpt\cae_model\stage3_run24_shortlist64_active_learning_calibration_v01\N40S3R24L64_N40_B02_top_region\J2D_S3R24L64_N40_B02_top_region.cae,E:\Projects\RL-LAM-ScanOpt\cae_model\stage3_run24_shortlist64_active_learning_calibration_v01\N40S3R24L64_N40_B02_top_region\J2D_S3R24L64_N40_B02_top_region.inp,E:\Projects\RL-LAM-ScanOpt\cae_model\stage3_run24_shortlist64_active_learning_calibration_v01\N40S3R24L64_N40_B02_top_region\J2D_S3R24L64_N40_B02_top_region.jnl,E:\Projects\RL-LAM-ScanOpt\cae_model\stage3_run24_shortlist64_active_learning_calibration_v01\N40S3R24L64_N40_B02_top_region\J2D_S3R24L64_N40_B02_top_region.generation_log.json,False,NOT_RUN,NOT_SUBMITTED,"[33,35,37,39,0,2,4,6,8,10,12,14,16,18,20,22,24,26,28,38,36,34,32,30,9,7,5,3,1,11,13,15,17,19,21,23,25,27,29,31]"
run_25_shortlist64_active_learning_cae_inp_generation,stage3_run24_shortlist64_active_learning_calibration_v01,shortlist64,40,S3R24L64_N40_B03_top_region,R23_N40_C00915,N40_R23_N40_C00915_teacher_best_local_search,teacher_best_local_search,combined108_known_best_mutation,rotate_sequence_034,top_region_local_search,tradeoff,0.4018586871520193,0.16141983818306088,-0.18429185556805738,0.2282051282051282,S3B20_N40_B05_surrogate_top,E:\Projects\RL-LAM-ScanOpt\outputs\stage3_run_24_run23_shortlist64_active_learning_handoff_package\scan_orders\scan_order_S3R24L64_N40_B03_top_region.json,c1c108e2813bd09b,J2D_S3R24L64_N40_B03_top_region,E:\Projects\RL-LAM-ScanOpt\cae_model\stage3_run24_shortlist64_active_learning_calibration_v01\N40S3R24L64_N40_B03_top_region,E:\Projects\RL-LAM-ScanOpt\cae_model\stage3_run24_shortlist64_active_learning_calibration_v01\N40S3R24L64_N40_B03_top_region\scan_order_S3R24L64_N40_B03_top_region.json,E:\Projects\RL-LAM-ScanOpt\cae_model\stage3_run24_shortlist64_active_learning_calibration_v01\N40S3R24L64_N40_B03_top_region\J2D_S3R24L64_N40_B03_top_region.cae,E:\Projects\RL-LAM-ScanOpt\cae_model\stage3_run24_shortlist64_active_learning_calibration_v01\N40S3R24L64_N40_B03_top_region\J2D_S3R24L64_N40_B03_top_region.inp,E:\Projects\RL-LAM-ScanOpt\cae_model\stage3_run24_shortlist64_active_learning_calibration_v01\N40S3R24L64_N40_B03_top_region\J2D_S3R24L64_N40_B03_top_region.jnl,E:\Projects\RL-LAM-ScanOpt\cae_model\stage3_run24_shortlist64_active_learning_calibration_v01\N40S3R24L64_N40_B03_top_region\J2D_S3R24L64_N40_B03_top_region.generation_log.json,False,NOT_RUN,NOT_SUBMITTED,"[31,33,35,37,39,0,2,4,6,8,10,12,14,16,18,20,22,24,26,28,30,38,36,34,32,19,17,15,13,11,9,7,5,3,1,21,23,25,27,29]"
run_25_shortlist64_active_learning_cae_inp_generation,stage3_run24_shortlist64_active_learning_calibration_v01,shortlist64,40,S3R24L64_N40_B04_top_region,R23_N40_C02219,N40_R23_N40_C02219_known_best_mutation,known_best_mutation,combined108_known_best_mutation,rotate_sequence_050,top_region_local_search,top_region_local_search,0.40184290442565096,0.1623054645473721,-0.18425419790076658,0.22435897435897437,S3B20_N40_B04_surrogate_top,E:\Projects\RL-LAM-ScanOpt\outputs\stage3_run_24_run23_shortlist64_active_learning_handoff_package\scan_orders\scan_order_S3R24L64_N40_B04_top_region.json,baa132a2934e1658,J2D_S3R24L64_N40_B04_top_region,E:\Projects\RL-LAM-ScanOpt\cae_model\stage3_run24_shortlist64_active_learning_calibration_v01\N40S3R24L64_N40_B04_top_region,E:\Projects\RL-LAM-ScanOpt\cae_model\stage3_run24_shortlist64_active_learning_calibration_v01\N40S3R24L64_N40_B04_top_region\scan_order_S3R24L64_N40_B04_top_region.json,E:\Projects\RL-LAM-ScanOpt\cae_model\stage3_run24_shortlist64_active_learning_calibration_v01\N40S3R24L64_N40_B04_top_region\J2D_S3R24L64_N40_B04_top_region.cae,E:\Projects\RL-LAM-ScanOpt\cae_model\stage3_run24_shortlist64_active_learning_calibration_v01\N40S3R24L64_N40_B04_top_region\J2D_S3R24L64_N40_B04_top_region.inp,E:\Projects\RL-LAM-ScanOpt\cae_model\stage3_run24_shortlist64_active_learning_calibration_v01\N40S3R24L64_N40_B04_top_region\J2D_S3R24L64_N40_B04_top_region.jnl,E:\Projects\RL-LAM-ScanOpt\cae_model\stage3_run24_shortlist64_active_learning_calibration_v01\N40S3R24L64_N40_B04_top_region\J2D_S3R24L64_N40_B04_top_region.generation_log.json,False,NOT_RUN,NOT_SUBMITTED,"[31,33,35,37,39,0,2,10,8,6,4,12,14,16,18,20,22,24,26,28,30,32,34,36,38,19,17,15,13,11,9,7,5,3,1,21,23,25,27,29]"
run_25_shortlist64_active_learning_cae_inp_generation,stage3_run24_shortlist64_active_learning_calibration_v01,shortlist64,40,S3R24L64_N40_B05_top_region,R23_N40_C01036,N40_R23_N40_C01036_teacher_best_local_search,teacher_best_local_search,combined108_known_best_mutation,rotate_sequence_202,top_region_local_search,uncertainty,0.39709319500177637,0.16228193238538233,-0.18449140723453183,0.191025641025641,S3B20_N40_B05_surrogate_top,E:\Projects\RL-LAM-ScanOpt\outputs\stage3_run_24_run23_shortlist64_active_learning_handoff_package\scan_orders\scan_order_S3R24L64_N40_B05_top_region.json,742ef66aad688f36,J2D_S3R24L64_N40_B05_top_region,E:\Projects\RL-LAM-ScanOpt\cae_model\stage3_run24_shortlist64_active_learning_calibration_v01\N40S3R24L64_N40_B05_top_region,E:\Projects\RL-LAM-ScanOpt\cae_model\stage3_run24_shortlist64_active_learning_calibration_v01\N40S3R24L64_N40_B05_top_region\scan_order_S3R24L64_N40_B05_top_region.json,E:\Projects\RL-LAM-ScanOpt\cae_model\stage3_run24_shortlist64_active_learning_calibration_v01\N40S3R24L64_N40_B05_top_region\J2D_S3R24L64_N40_B05_top_region.cae,E:\Projects\RL-LAM-ScanOpt\cae_model\stage3_run24_shortlist64_active_learning_calibration_v01\N40S3R24L64_N40_B05_top_region\J2D_S3R24L64_N40_B05_top_region.inp,E:\Projects\RL-LAM-ScanOpt\cae_model\stage3_run24_shortlist64_active_learning_calibration_v01\N40S3R24L64_N40_B05_top_region\J2D_S3R24L64_N40_B05_top_region.jnl,E:\Projects\RL-LAM-ScanOpt\cae_model\stage3_run24_shortlist64_active_learning_calibration_v01\N40S3R24L64_N40_B05_top_region\J2D_S3R24L64_N40_B05_top_region.generation_log.json,False,NOT_RUN,NOT_SUBMITTED,"[33,35,37,39,0,2,4,6,8,10,12,14,16,18,20,22,24,26,28,30,38,36,34,32,19,17,15,13,11,9,7,5,3,1,21,23,25,27,29,31]"
run_25_shortlist64_active_learning_cae_inp_generation,stage3_run24_shortlist64_active_learning_calibration_v01,shortlist64,40,S3R24L64_N40_B06_model_disagreement,R23_N40_C01282,N40_R23_N40_C01282_known_best_mutation,known_best_mutation,combined108_known_best_mutation,rotate_sequence_058,model_disagreement,diversity,0.3390288261923235,0.20398176615537722,-0.15108454691166806,0.18461538461538463,S3R19B28_N40_B04_method_c_inspired,E:\Projects\RL-LAM-ScanOpt\outputs\stage3_run_24_run23_shortlist64_active_learning_handoff_package\scan_orders\scan_order_S3R24L64_N40_B06_model_disagreement.json,04fb04483e06ab57,J2D_S3R24L64_N40_B06_model_disagreement,E:\Projects\RL-LAM-ScanOpt\cae_model\stage3_run24_shortlist64_active_learning_calibration_v01\N40S3R24L64_N40_B06_model_disagreement,E:\Projects\RL-LAM-ScanOpt\cae_model\stage3_run24_shortlist64_active_learning_calibration_v01\N40S3R24L64_N40_B06_model_disagreement\scan_order_S3R24L64_N40_B06_model_disagreement.json,E:\Projects\RL-LAM-ScanOpt\cae_model\stage3_run24_shortlist64_active_learning_calibration_v01\N40S3R24L64_N40_B06_model_disagreement\J2D_S3R24L64_N40_B06_model_disagreement.cae,E:\Projects\RL-LAM-ScanOpt\cae_model\stage3_run24_shortlist64_active_learning_calibration_v01\N40S3R24L64_N40_B06_model_disagreement\J2D_S3R24L64_N40_B06_model_disagreement.inp,E:\Projects\RL-LAM-ScanOpt\cae_model\stage3_run24_shortlist64_active_learning_calibration_v01\N40S3R24L64_N40_B06_model_disagreement\J2D_S3R24L64_N40_B06_model_disagreement.jnl,E:\Projects\RL-LAM-ScanOpt\cae_model\stage3_run24_shortlist64_active_learning_calibration_v01\N40S3R24L64_N40_B06_model_disagreement\J2D_S3R24L64_N40_B06_model_disagreement.generation_log.json,False,NOT_RUN,NOT_SUBMITTED,"[8,10,12,14,16,18,20,22,24,26,28,30,32,34,36,38,19,1,21,23,25,27,29,31,33,35,37,39,17,15,13,11,9,7,5,3,0,2,4,6]"
run_25_shortlist64_active_learning_cae_inp_generation,stage3_run24_shortlist64_active_learning_calibration_v01,shortlist64,40,S3R24L64_N40_B07_model_disagreement,R23_N40_C01497,N40_R23_N40_C01497_known_best_mutation,known_best_mutation,combined108_known_best_mutation,rotate_sequence_378,model_disagreement,diversity,0.3381358948323289,0.20324673709438026,-0.15311163248130932,0.26153846153846155,S3R19B28_N40_B04_method_c_inspired,E:\Projects\RL-LAM-ScanOpt\outputs\stage3_run_24_run23_shortlist64_active_learning_handoff_package\scan_orders\scan_order_S3R24L64_N40_B07_model_disagreement.json,42b2cce7b6cd3830,J2D_S3R24L64_N40_B07_model_disagreement,E:\Projects\RL-LAM-ScanOpt\cae_model\stage3_run24_shortlist64_active_learning_calibration_v01\N40S3R24L64_N40_B07_model_disagreement,E:\Projects\RL-LAM-ScanOpt\cae_model\stage3_run24_shortlist64_active_learning_calibration_v01\N40S3R24L64_N40_B07_model_disagreement\scan_order_S3R24L64_N40_B07_model_disagreement.json,E:\Projects\RL-LAM-ScanOpt\cae_model\stage3_run24_shortlist64_active_learning_calibration_v01\N40S3R24L64_N40_B07_model_disagreement\J2D_S3R24L64_N40_B07_model_disagreement.cae,E:\Projects\RL-LAM-ScanOpt\cae_model\stage3_run24_shortlist64_active_learning_calibration_v01\N40S3R24L64_N40_B07_model_disagreement\J2D_S3R24L64_N40_B07_model_disagreement.inp,E:\Projects\RL-LAM-ScanOpt\cae_model\stage3_run24_shortlist64_active_learning_calibration_v01\N40S3R24L64_N40_B07_model_disagreement\J2D_S3R24L64_N40_B07_model_disagreement.jnl,E:\Projects\RL-LAM-ScanOpt\cae_model\stage3_run24_shortlist64_active_learning_calibration_v01\N40S3R24L64_N40_B07_model_disagreement\J2D_S3R24L64_N40_B07_model_disagreement.generation_log.json,False,NOT_RUN,NOT_SUBMITTED,"[12,14,16,18,20,22,24,26,28,30,32,34,36,38,19,1,21,23,25,27,29,31,33,35,37,39,17,15,13,11,9,7,5,3,0,2,4,6,8,10]"
run_25_shortlist64_active_learning_cae_inp_generation,stage3_run24_shortlist64_active_learning_calibration_v01,shortlist64,40,S3R24L64_N40_B08_model_disagreement,R23_N40_C00279,N40_R23_N40_C00279_known_best_mutation,known_best_mutation,combined108_known_best_mutation,seed_crossover_453,model_disagreement,diversity,0.38106828459097775,0.19957946784036382,-0.11462813249182247,0.014102564102564103,N40_A04_method_c_u2_first_engineering,E:\Projects\RL-LAM-ScanOpt\outputs\stage3_run_24_run23_shortlist64_active_learning_handoff_package\scan_orders\scan_order_S3R24L64_N40_B08_model_disagreement.json,8a1c069e8cc3aab3,J2D_S3R24L64_N40_B08_model_disagreement,E:\Projects\RL-LAM-ScanOpt\cae_model\stage3_run24_shortlist64_active_learning_calibration_v01\N40S3R24L64_N40_B08_model_disagreement,E:\Projects\RL-LAM-ScanOpt\cae_model\stage3_run24_shortlist64_active_learning_calibration_v01\N40S3R24L64_N40_B08_model_disagreement\scan_order_S3R24L64_N40_B08_model_disagreement.json,E:\Projects\RL-LAM-ScanOpt\cae_model\stage3_run24_shortlist64_active_learning_calibration_v01\N40S3R24L64_N40_B08_model_disagreement\J2D_S3R24L64_N40_B08_model_disagreement.cae,E:\Projects\RL-LAM-ScanOpt\cae_model\stage3_run24_shortlist64_active_learning_calibration_v01\N40S3R24L64_N40_B08_model_disagreement\J2D_S3R24L64_N40_B08_model_disagreement.inp,E:\Projects\RL-LAM-ScanOpt\cae_model\stage3_run24_shortlist64_active_learning_calibration_v01\N40S3R24L64_N40_B08_model_disagreement\J2D_S3R24L64_N40_B08_model_disagreement.jnl,E:\Projects\RL-LAM-ScanOpt\cae_model\stage3_run24_shortlist64_active_learning_calibration_v01\N40S3R24L64_N40_B08_model_disagreement\J2D_S3R24L64_N40_B08_model_disagreement.generation_log.json,False,NOT_RUN,NOT_SUBMITTED,"[0,2,4,6,8,10,12,14,16,18,20,22,24,26,28,30,32,34,36,38,19,17,15,9,7,5,3,1,11,13,21,23,25,27,29,31,33,35,37,39]"
run_25_shortlist64_active_learning_cae_inp_generation,stage3_run24_shortlist64_active_learning_calibration_v01,shortlist64,40,S3R24L64_N40_B09_model_disagreement,R23_N40_C01312,N40_R23_N40_C01312_known_best_mutation,known_best_mutation,combined108_known_best_mutation,rotate_sequence_098,model_disagreement,diversity,0.3434721732914741,0.19957568255726452,-0.1539090703008612,0.29615384615384616,S3R19B28_N40_B04_method_c_inspired,E:\Projects\RL-LAM-ScanOpt\outputs\stage3_run_24_run23_shortlist64_active_learning_handoff_package\scan_orders\scan_order_S3R24L64_N40_B09_model_disagreement.json,9416203917957318,J2D_S3R24L64_N40_B09_model_disagreement,E:\Projects\RL-LAM-ScanOpt\cae_model\stage3_run24_shortlist64_active_learning_calibration_v01\N40S3R24L64_N40_B09_model_disagreement,E:\Projects\RL-LAM-ScanOpt\cae_model\stage3_run24_shortlist64_active_learning_calibration_v01\N40S3R24L64_N40_B09_model_disagreement\scan_order_S3R24L64_N40_B09_model_disagreement.json,E:\Projects\RL-LAM-ScanOpt\cae_model\stage3_run24_shortlist64_active_learning_calibration_v01\N40S3R24L64_N40_B09_model_disagreement\J2D_S3R24L64_N40_B09_model_disagreement.cae,E:\Projects\RL-LAM-ScanOpt\cae_model\stage3_run24_shortlist64_active_learning_calibration_v01\N40S3R24L64_N40_B09_model_disagreement\J2D_S3R24L64_N40_B09_model_disagreement.inp,E:\Projects\RL-LAM-ScanOpt\cae_model\stage3_run24_shortlist64_active_learning_calibration_v01\N40S3R24L64_N40_B09_model_disagreement\J2D_S3R24L64_N40_B09_model_disagreement.jnl,E:\Projects\RL-LAM-ScanOpt\cae_model\stage3_run24_shortlist64_active_learning_calibration_v01\N40S3R24L64_N40_B09_model_disagreement\J2D_S3R24L64_N40_B09_model_disagreement.generation_log.json,False,NOT_RUN,NOT_SUBMITTED,"[14,16,18,20,22,24,26,28,30,32,34,36,38,19,1,21,23,25,27,29,31,33,35,37,39,17,15,13,11,9,7,5,3,0,2,4,6,8,10,12]"
run_25_shortlist64_active_learning_cae_inp_generation,stage3_run24_shortlist64_active_learning_calibration_v01,shortlist64,40,S3R24L64_N40_B10_uncertainty_calibration,R23_N40_C02575,N40_R23_N40_C02575_geometry_signal_center_bias,geometry_signal_center_bias,geometry_first_random_sweep,center_bias_seeded,uncertainty_calibration,calibration,0.10699662716934237,0.08055114414052805,-0.6367429612335441,0.011538461538461539,N40_A05_center_out,E:\Projects\RL-LAM-ScanOpt\outputs\stage3_run_24_run23_shortlist64_active_learning_handoff_package\scan_orders\scan_order_S3R24L64_N40_B10_uncertainty_calibration.json,6cf61e7e1a0eea3f,J2D_S3R24L64_N40_B10_uncertainty_calibration,E:\Projects\RL-LAM-ScanOpt\cae_model\stage3_run24_shortlist64_active_learning_calibration_v01\N40S3R24L64_N40_B10_uncertainty_calibration,E:\Projects\RL-LAM-ScanOpt\cae_model\stage3_run24_shortlist64_active_learning_calibration_v01\N40S3R24L64_N40_B10_uncertainty_calibration\scan_order_S3R24L64_N40_B10_uncertainty_calibration.json,E:\Projects\RL-LAM-ScanOpt\cae_model\stage3_run24_shortlist64_active_learning_calibration_v01\N40S3R24L64_N40_B10_uncertainty_calibration\J2D_S3R24L64_N40_B10_uncertainty_calibration.cae,E:\Projects\RL-LAM-ScanOpt\cae_model\stage3_run24_shortlist64_active_learning_calibration_v01\N40S3R24L64_N40_B10_uncertainty_calibration\J2D_S3R24L64_N40_B10_uncertainty_calibration.inp,E:\Projects\RL-LAM-ScanOpt\cae_model\stage3_run24_shortlist64_active_learning_calibration_v01\N40S3R24L64_N40_B10_uncertainty_calibration\J2D_S3R24L64_N40_B10_uncertainty_calibration.jnl,E:\Projects\RL-LAM-ScanOpt\cae_model\stage3_run24_shortlist64_active_learning_calibration_v01\N40S3R24L64_N40_B10_uncertainty_calibration\J2D_S3R24L64_N40_B10_uncertainty_calibration.generation_log.json,False,NOT_RUN,NOT_SUBMITTED,"[19,20,18,21,17,22,23,16,15,24,25,14,13,26,27,12,28,11,29,10,9,30,31,8,7,32,6,33,34,5,4,35,36,3,2,37,38,1,0,39]"
run_25_shortlist64_active_learning_cae_inp_generation,stage3_run24_shortlist64_active_learning_calibration_v01,shortlist64,40,S3R24L64_N40_B11_uncertainty_calibration,R23_N40_C02294,N40_R23_N40_C02294_known_best_mutation,known_best_mutation,combined108_known_best_mutation,seed_crossover_173,uncertainty_calibration,diversity,0.27473669278731466,0.12123135700203708,-0.3885734340590863,0.13205128205128205,N40_A10_graph_pointer_policy_zero_shot_or_proxy_best,E:\Projects\RL-LAM-ScanOpt\outputs\stage3_run_24_run23_shortlist64_active_learning_handoff_package\scan_orders\scan_order_S3R24L64_N40_B11_uncertainty_calibration.json,88607ff800752d0d,J2D_S3R24L64_N40_B11_uncertainty_calibration,E:\Projects\RL-LAM-ScanOpt\cae_model\stage3_run24_shortlist64_active_learning_calibration_v01\N40S3R24L64_N40_B11_uncertainty_calibration,E:\Projects\RL-LAM-ScanOpt\cae_model\stage3_run24_shortlist64_active_learning_calibration_v01\N40S3R24L64_N40_B11_uncertainty_calibration\scan_order_S3R24L64_N40_B11_uncertainty_calibration.json,E:\Projects\RL-LAM-ScanOpt\cae_model\stage3_run24_shortlist64_active_learning_calibration_v01\N40S3R24L64_N40_B11_uncertainty_calibration\J2D_S3R24L64_N40_B11_uncertainty_calibration.cae,E:\Projects\RL-LAM-ScanOpt\cae_model\stage3_run24_shortlist64_active_learning_calibration_v01\N40S3R24L64_N40_B11_uncertainty_calibration\J2D_S3R24L64_N40_B11_uncertainty_calibration.inp,E:\Projects\RL-LAM-ScanOpt\cae_model\stage3_run24_shortlist64_active_learning_calibration_v01\N40S3R24L64_N40_B11_uncertainty_calibration\J2D_S3R24L64_N40_B11_uncertainty_calibration.jnl,E:\Projects\RL-LAM-ScanOpt\cae_model\stage3_run24_shortlist64_active_learning_calibration_v01\N40S3R24L64_N40_B11_uncertainty_calibration\J2D_S3R24L64_N40_B11_uncertainty_calibration.generation_log.json,False,NOT_RUN,NOT_SUBMITTED,"[0,2,10,8,6,4,12,14,16,18,20,22,24,26,28,30,39,19,29,9,34,21,11,31,36,1,3,5,7,13,15,17,23,25,27,32,33,35,37,38]"
run_25_shortlist64_active_learning_cae_inp_generation,stage3_run24_shortlist64_active_learning_calibration_v01,shortlist64,40,S3R24L64_N40_B12_uncertainty_calibration,R23_N40_C02985,N40_R23_N40_C02985_diversity_random,diversity_random,geometry_first_random_sweep,random_seeded,uncertainty_calibration,diversity,0.14146472349426126,0.09316557707695901,-0.574742904943008,0.3923076923076923,S3R19B28_N40_B08_known_best_mutation,E:\Projects\RL-LAM-ScanOpt\outputs\stage3_run_24_run23_shortlist64_active_learning_handoff_package\scan_orders\scan_order_S3R24L64_N40_B12_uncertainty_calibration.json,b001209498d8d80c,J2D_S3R24L64_N40_B12_uncertainty_calibration,E:\Projects\RL-LAM-ScanOpt\cae_model\stage3_run24_shortlist64_active_learning_calibration_v01\N40S3R24L64_N40_B12_uncertainty_calibration,E:\Projects\RL-LAM-ScanOpt\cae_model\stage3_run24_shortlist64_active_learning_calibration_v01\N40S3R24L64_N40_B12_uncertainty_calibration\scan_order_S3R24L64_N40_B12_uncertainty_calibration.json,E:\Projects\RL-LAM-ScanOpt\cae_model\stage3_run24_shortlist64_active_learning_calibration_v01\N40S3R24L64_N40_B12_uncertainty_calibration\J2D_S3R24L64_N40_B12_uncertainty_calibration.cae,E:\Projects\RL-LAM-ScanOpt\cae_model\stage3_run24_shortlist64_active_learning_calibration_v01\N40S3R24L64_N40_B12_uncertainty_calibration\J2D_S3R24L64_N40_B12_uncertainty_calibration.inp,E:\Projects\RL-LAM-ScanOpt\cae_model\stage3_run24_shortlist64_active_learning_calibration_v01\N40S3R24L64_N40_B12_uncertainty_calibration\J2D_S3R24L64_N40_B12_uncertainty_calibration.jnl,E:\Projects\RL-LAM-ScanOpt\cae_model\stage3_run24_shortlist64_active_learning_calibration_v01\N40S3R24L64_N40_B12_uncertainty_calibration\J2D_S3R24L64_N40_B12_uncertainty_calibration.generation_log.json,False,NOT_RUN,NOT_SUBMITTED,"[25,29,21,5,30,20,32,16,34,36,22,2,14,18,27,39,13,23,6,37,9,3,8,26,4,0,24,35,10,12,33,1,11,28,17,7,15,19,31,38]"
run_25_shortlist64_active_learning_cae_inp_generation,stage3_run24_shortlist64_active_learning_calibration_v01,shortlist64,40,S3R24L64_N40_B13_uncertainty_calibration,R23_N40_C02057,N40_R23_N40_C02057_known_best_mutation,known_best_mutation,combined108_known_best_mutation,swap_early_late_blocks_283,uncertainty_calibration,diversity,0.2101907357021761,0.09614439657058654,-0.49921829845678806,0.3525641025641026,S3R19B28_N40_B08_known_best_mutation,E:\Projects\RL-LAM-ScanOpt\outputs\stage3_run_24_run23_shortlist64_active_learning_handoff_package\scan_orders\scan_order_S3R24L64_N40_B13_uncertainty_calibration.json,b85ba16e4db50b3e,J2D_S3R24L64_N40_B13_uncertainty_calibration,E:\Projects\RL-LAM-ScanOpt\cae_model\stage3_run24_shortlist64_active_learning_calibration_v01\N40S3R24L64_N40_B13_uncertainty_calibration,E:\Projects\RL-LAM-ScanOpt\cae_model\stage3_run24_shortlist64_active_learning_calibration_v01\N40S3R24L64_N40_B13_uncertainty_calibration\scan_order_S3R24L64_N40_B13_uncertainty_calibration.json,E:\Projects\RL-LAM-ScanOpt\cae_model\stage3_run24_shortlist64_active_learning_calibration_v01\N40S3R24L64_N40_B13_uncertainty_calibration\J2D_S3R24L64_N40_B13_uncertainty_calibration.cae,E:\Projects\RL-LAM-ScanOpt\cae_model\stage3_run24_shortlist64_active_learning_calibration_v01\N40S3R24L64_N40_B13_uncertainty_calibration\J2D_S3R24L64_N40_B13_uncertainty_calibration.inp,E:\Projects\RL-LAM-ScanOpt\cae_model\stage3_run24_shortlist64_active_learning_calibration_v01\N40S3R24L64_N40_B13_uncertainty_calibration\J2D_S3R24L64_N40_B13_uncertainty_calibration.jnl,E:\Projects\RL-LAM-ScanOpt\cae_model\stage3_run24_shortlist64_active_learning_calibration_v01\N40S3R24L64_N40_B13_uncertainty_calibration\J2D_S3R24L64_N40_B13_uncertainty_calibration.generation_log.json,False,NOT_RUN,NOT_SUBMITTED,"[22,23,25,27,28,30,24,34,4,2,6,26,21,16,11,31,36,1,3,5,7,8,10,12,13,15,17,18,20,0,39,19,29,9,14,32,33,35,37,38]"
run_25_shortlist64_active_learning_cae_inp_generation,stage3_run24_shortlist64_active_learning_calibration_v01,shortlist64,40,S3R24L64_N40_B14_diversity_coverage,R23_N40_C02932,N40_R23_N40_C02932_geometry_signal_parity_switch,geometry_signal_parity_switch,geometry_first_random_sweep,parity_balanced_seeded,diversity_coverage,calibration,0.23498923305365524,0.10452705680185766,-0.48273132936606483,0.4564102564102564,N40_A12_graph_pointer_policy_diverse_02,E:\Projects\RL-LAM-ScanOpt\outputs\stage3_run_24_run23_shortlist64_active_learning_handoff_package\scan_orders\scan_order_S3R24L64_N40_B14_diversity_coverage.json,2988e56a2f6858d2,J2D_S3R24L64_N40_B14_diversity_coverage,E:\Projects\RL-LAM-ScanOpt\cae_model\stage3_run24_shortlist64_active_learning_calibration_v01\N40S3R24L64_N40_B14_diversity_coverage,E:\Projects\RL-LAM-ScanOpt\cae_model\stage3_run24_shortlist64_active_learning_calibration_v01\N40S3R24L64_N40_B14_diversity_coverage\scan_order_S3R24L64_N40_B14_diversity_coverage.json,E:\Projects\RL-LAM-ScanOpt\cae_model\stage3_run24_shortlist64_active_learning_calibration_v01\N40S3R24L64_N40_B14_diversity_coverage\J2D_S3R24L64_N40_B14_diversity_coverage.cae,E:\Projects\RL-LAM-ScanOpt\cae_model\stage3_run24_shortlist64_active_learning_calibration_v01\N40S3R24L64_N40_B14_diversity_coverage\J2D_S3R24L64_N40_B14_diversity_coverage.inp,E:\Projects\RL-LAM-ScanOpt\cae_model\stage3_run24_shortlist64_active_learning_calibration_v01\N40S3R24L64_N40_B14_diversity_coverage\J2D_S3R24L64_N40_B14_diversity_coverage.jnl,E:\Projects\RL-LAM-ScanOpt\cae_model\stage3_run24_shortlist64_active_learning_calibration_v01\N40S3R24L64_N40_B14_diversity_coverage\J2D_S3R24L64_N40_B14_diversity_coverage.generation_log.json,False,NOT_RUN,NOT_SUBMITTED,"[0,37,28,15,24,19,34,27,4,7,36,9,10,35,26,33,12,29,2,25,18,23,20,39,32,3,16,17,22,31,30,13,8,21,38,11,6,1,14,5]"
run_25_shortlist64_active_learning_cae_inp_generation,stage3_run24_shortlist64_active_learning_calibration_v01,shortlist64,40,S3R24L64_N40_B15_diversity_coverage,R23_N40_C00221,N40_R23_N40_C00221_known_best_mutation,known_best_mutation,combined108_known_best_mutation,biased_random_perturbation_335,diversity_coverage,top_region_local_search,0.2249363213844116,0.08786957267904065,-0.5829945806839405,0.4551282051282051,S3B20_N40_B03_method_c_inspired,E:\Projects\RL-LAM-ScanOpt\outputs\stage3_run_24_run23_shortlist64_active_learning_handoff_package\scan_orders\scan_order_S3R24L64_N40_B15_diversity_coverage.json,14e65401d5dd06f8,J2D_S3R24L64_N40_B15_diversity_coverage,E:\Projects\RL-LAM-ScanOpt\cae_model\stage3_run24_shortlist64_active_learning_calibration_v01\N40S3R24L64_N40_B15_diversity_coverage,E:\Projects\RL-LAM-ScanOpt\cae_model\stage3_run24_shortlist64_active_learning_calibration_v01\N40S3R24L64_N40_B15_diversity_coverage\scan_order_S3R24L64_N40_B15_diversity_coverage.json,E:\Projects\RL-LAM-ScanOpt\cae_model\stage3_run24_shortlist64_active_learning_calibration_v01\N40S3R24L64_N40_B15_diversity_coverage\J2D_S3R24L64_N40_B15_diversity_coverage.cae,E:\Projects\RL-LAM-ScanOpt\cae_model\stage3_run24_shortlist64_active_learning_calibration_v01\N40S3R24L64_N40_B15_diversity_coverage\J2D_S3R24L64_N40_B15_diversity_coverage.inp,E:\Projects\RL-LAM-ScanOpt\cae_model\stage3_run24_shortlist64_active_learning_calibration_v01\N40S3R24L64_N40_B15_diversity_coverage\J2D_S3R24L64_N40_B15_diversity_coverage.jnl,E:\Projects\RL-LAM-ScanOpt\cae_model\stage3_run24_shortlist64_active_learning_calibration_v01\N40S3R24L64_N40_B15_diversity_coverage\J2D_S3R24L64_N40_B15_diversity_coverage.generation_log.json,False,NOT_RUN,NOT_SUBMITTED,"[15,32,5,34,29,8,13,2,23,4,31,26,21,10,7,20,11,38,37,24,19,16,39,0,25,18,3,6,35,12,33,14,9,28,17,30,27,36,1,22]"
run_25_shortlist64_active_learning_cae_inp_generation,stage3_run24_shortlist64_active_learning_calibration_v01,shortlist64,40,S3R24L64_N40_B16_diversity_coverage,R23_N40_C02059,N40_R23_N40_C02059_known_best_mutation,known_best_mutation,combined108_known_best_mutation,biased_random_perturbation_287,diversity_coverage,uncertainty,0.22511409710994773,0.10164661535936967,-0.4905846712374928,0.45256410256410257,S3R19B28_N40_B03_geometry_signal_top,E:\Projects\RL-LAM-ScanOpt\outputs\stage3_run_24_run23_shortlist64_active_learning_handoff_package\scan_orders\scan_order_S3R24L64_N40_B16_diversity_coverage.json,f25e144b16dbcb4d,J2D_S3R24L64_N40_B16_diversity_coverage,E:\Projects\RL-LAM-ScanOpt\cae_model\stage3_run24_shortlist64_active_learning_calibration_v01\N40S3R24L64_N40_B16_diversity_coverage,E:\Projects\RL-LAM-ScanOpt\cae_model\stage3_run24_shortlist64_active_learning_calibration_v01\N40S3R24L64_N40_B16_diversity_coverage\scan_order_S3R24L64_N40_B16_diversity_coverage.json,E:\Projects\RL-LAM-ScanOpt\cae_model\stage3_run24_shortlist64_active_learning_calibration_v01\N40S3R24L64_N40_B16_diversity_coverage\J2D_S3R24L64_N40_B16_diversity_coverage.cae,E:\Projects\RL-LAM-ScanOpt\cae_model\stage3_run24_shortlist64_active_learning_calibration_v01\N40S3R24L64_N40_B16_diversity_coverage\J2D_S3R24L64_N40_B16_diversity_coverage.inp,E:\Projects\RL-LAM-ScanOpt\cae_model\stage3_run24_shortlist64_active_learning_calibration_v01\N40S3R24L64_N40_B16_diversity_coverage\J2D_S3R24L64_N40_B16_diversity_coverage.jnl,E:\Projects\RL-LAM-ScanOpt\cae_model\stage3_run24_shortlist64_active_learning_calibration_v01\N40S3R24L64_N40_B16_diversity_coverage\J2D_S3R24L64_N40_B16_diversity_coverage.generation_log.json,False,NOT_RUN,NOT_SUBMITTED,"[9,36,33,8,7,16,23,12,5,2,21,18,37,34,25,6,15,26,3,32,1,24,35,28,19,4,39,14,31,30,29,20,11,38,13,22,17,0,27,10]"
run_25_shortlist64_active_learning_cae_inp_generation,stage3_run24_shortlist64_active_learning_calibration_v01,shortlist64,40,S3R24L64_N40_B17_diversity_coverage,R23_N40_C02669,N40_R23_N40_C02669_geometry_signal_parity_switch,geometry_signal_parity_switch,geometry_first_random_sweep,parity_balanced_seeded,diversity_coverage,calibration,0.23288933415621474,0.11689361593143972,-0.4425729531688313,0.4282051282051282,S3R19B28_N40_B03_geometry_signal_top,E:\Projects\RL-LAM-ScanOpt\outputs\stage3_run_24_run23_shortlist64_active_learning_handoff_package\scan_orders\scan_order_S3R24L64_N40_B17_diversity_coverage.json,f44b5129283f065b,J2D_S3R24L64_N40_B17_diversity_coverage,E:\Projects\RL-LAM-ScanOpt\cae_model\stage3_run24_shortlist64_active_learning_calibration_v01\N40S3R24L64_N40_B17_diversity_coverage,E:\Projects\RL-LAM-ScanOpt\cae_model\stage3_run24_shortlist64_active_learning_calibration_v01\N40S3R24L64_N40_B17_diversity_coverage\scan_order_S3R24L64_N40_B17_diversity_coverage.json,E:\Projects\RL-LAM-ScanOpt\cae_model\stage3_run24_shortlist64_active_learning_calibration_v01\N40S3R24L64_N40_B17_diversity_coverage\J2D_S3R24L64_N40_B17_diversity_coverage.cae,E:\Projects\RL-LAM-ScanOpt\cae_model\stage3_run24_shortlist64_active_learning_calibration_v01\N40S3R24L64_N40_B17_diversity_coverage\J2D_S3R24L64_N40_B17_diversity_coverage.inp,E:\Projects\RL-LAM-ScanOpt\cae_model\stage3_run24_shortlist64_active_learning_calibration_v01\N40S3R24L64_N40_B17_diversity_coverage\J2D_S3R24L64_N40_B17_diversity_coverage.jnl,E:\Projects\RL-LAM-ScanOpt\cae_model\stage3_run24_shortlist64_active_learning_calibration_v01\N40S3R24L64_N40_B17_diversity_coverage\J2D_S3R24L64_N40_B17_diversity_coverage.generation_log.json,False,NOT_RUN,NOT_SUBMITTED,"[8,37,6,5,2,17,26,15,24,23,22,27,32,33,12,7,30,31,28,39,38,1,18,9,34,11,14,29,16,25,36,21,20,35,10,13,4,19,0,3]"
run_25_shortlist64_active_learning_cae_inp_generation,stage3_run24_shortlist64_active_learning_calibration_v01,shortlist64,40,S3R24L64_N40_B18_tradeoff_probe,R23_N40_C02523,N40_R23_N40_C02523_geometry_signal_parity_switch,geometry_signal_parity_switch,geometry_first_random_sweep,parity_balanced_seeded,tradeoff_probe,calibration,0.21077415363469704,0.10319605499691632,-0.48108653472395824,0.4166666666666667,N40_A07_regular_jump_coprime,E:\Projects\RL-LAM-ScanOpt\outputs\stage3_run_24_run23_shortlist64_active_learning_handoff_package\scan_orders\scan_order_S3R24L64_N40_B18_tradeoff_probe.json,6f26a42605f7b8eb,J2D_S3R24L64_N40_B18_tradeoff_probe,E:\Projects\RL-LAM-ScanOpt\cae_model\stage3_run24_shortlist64_active_learning_calibration_v01\N40S3R24L64_N40_B18_tradeoff_probe,E:\Projects\RL-LAM-ScanOpt\cae_model\stage3_run24_shortlist64_active_learning_calibration_v01\N40S3R24L64_N40_B18_tradeoff_probe\scan_order_S3R24L64_N40_B18_tradeoff_probe.json,E:\Projects\RL-LAM-ScanOpt\cae_model\stage3_run24_shortlist64_active_learning_calibration_v01\N40S3R24L64_N40_B18_tradeoff_probe\J2D_S3R24L64_N40_B18_tradeoff_probe.cae,E:\Projects\RL-LAM-ScanOpt\cae_model\stage3_run24_shortlist64_active_learning_calibration_v01\N40S3R24L64_N40_B18_tradeoff_probe\J2D_S3R24L64_N40_B18_tradeoff_probe.inp,E:\Projects\RL-LAM-ScanOpt\cae_model\stage3_run24_shortlist64_active_learning_calibration_v01\N40S3R24L64_N40_B18_tradeoff_probe\J2D_S3R24L64_N40_B18_tradeoff_probe.jnl,E:\Projects\RL-LAM-ScanOpt\cae_model\stage3_run24_shortlist64_active_learning_calibration_v01\N40S3R24L64_N40_B18_tradeoff_probe\J2D_S3R24L64_N40_B18_tradeoff_probe.generation_log.json,False,NOT_RUN,NOT_SUBMITTED,"[35,36,5,26,39,22,37,34,11,18,23,8,27,28,33,4,31,14,9,30,25,0,3,6,17,38,19,10,15,32,13,24,21,12,1,16,7,20,29,2]"
run_25_shortlist64_active_learning_cae_inp_generation,stage3_run24_shortlist64_active_learning_calibration_v01,shortlist64,40,S3R24L64_N40_B19_tradeoff_probe,R23_N40_C00538,N40_R23_N40_C00538_known_best_mutation,known_best_mutation,combined108_known_best_mutation,biased_random_perturbation_407,tradeoff_probe,uncertainty,0.21402611644419983,0.10177122955378692,-0.48292713916622343,0.38461538461538464,N40_A13_graph_pointer_policy_anti_odd_even_novelty,E:\Projects\RL-LAM-ScanOpt\outputs\stage3_run_24_run23_shortlist64_active_learning_handoff_package\scan_orders\scan_order_S3R24L64_N40_B19_tradeoff_probe.json,17709b55cd2df96c,J2D_S3R24L64_N40_B19_tradeoff_probe,E:\Projects\RL-LAM-ScanOpt\cae_model\stage3_run24_shortlist64_active_learning_calibration_v01\N40S3R24L64_N40_B19_tradeoff_probe,E:\Projects\RL-LAM-ScanOpt\cae_model\stage3_run24_shortlist64_active_learning_calibration_v01\N40S3R24L64_N40_B19_tradeoff_probe\scan_order_S3R24L64_N40_B19_tradeoff_probe.json,E:\Projects\RL-LAM-ScanOpt\cae_model\stage3_run24_shortlist64_active_learning_calibration_v01\N40S3R24L64_N40_B19_tradeoff_probe\J2D_S3R24L64_N40_B19_tradeoff_probe.cae,E:\Projects\RL-LAM-ScanOpt\cae_model\stage3_run24_shortlist64_active_learning_calibration_v01\N40S3R24L64_N40_B19_tradeoff_probe\J2D_S3R24L64_N40_B19_tradeoff_probe.inp,E:\Projects\RL-LAM-ScanOpt\cae_model\stage3_run24_shortlist64_active_learning_calibration_v01\N40S3R24L64_N40_B19_tradeoff_probe\J2D_S3R24L64_N40_B19_tradeoff_probe.jnl,E:\Projects\RL-LAM-ScanOpt\cae_model\stage3_run24_shortlist64_active_learning_calibration_v01\N40S3R24L64_N40_B19_tradeoff_probe\J2D_S3R24L64_N40_B19_tradeoff_probe.generation_log.json,False,NOT_RUN,NOT_SUBMITTED,"[29,30,13,20,1,2,27,38,7,22,35,32,19,6,9,14,11,28,3,16,23,24,5,34,21,12,33,26,31,10,37,18,15,8,39,36,17,4,25,0]"
run_25_shortlist64_active_learning_cae_inp_generation,stage3_run24_shortlist64_active_learning_calibration_v01,shortlist64,40,S3R24L64_N40_B20_tradeoff_probe,R23_N40_C02217,N40_R23_N40_C02217_known_best_mutation,known_best_mutation,combined108_known_best_mutation,biased_random_perturbation_047,tradeoff_probe,uncertainty,0.2204649967312097,0.09645238881358674,-0.4941696020693872,0.3782051282051282,S3B20_N40_B02_diversity_top,E:\Projects\RL-LAM-ScanOpt\outputs\stage3_run_24_run23_shortlist64_active_learning_handoff_package\scan_orders\scan_order_S3R24L64_N40_B20_tradeoff_probe.json,487a79ff3d38abb8,J2D_S3R24L64_N40_B20_tradeoff_probe,E:\Projects\RL-LAM-ScanOpt\cae_model\stage3_run24_shortlist64_active_learning_calibration_v01\N40S3R24L64_N40_B20_tradeoff_probe,E:\Projects\RL-LAM-ScanOpt\cae_model\stage3_run24_shortlist64_active_learning_calibration_v01\N40S3R24L64_N40_B20_tradeoff_probe\scan_order_S3R24L64_N40_B20_tradeoff_probe.json,E:\Projects\RL-LAM-ScanOpt\cae_model\stage3_run24_shortlist64_active_learning_calibration_v01\N40S3R24L64_N40_B20_tradeoff_probe\J2D_S3R24L64_N40_B20_tradeoff_probe.cae,E:\Projects\RL-LAM-ScanOpt\cae_model\stage3_run24_shortlist64_active_learning_calibration_v01\N40S3R24L64_N40_B20_tradeoff_probe\J2D_S3R24L64_N40_B20_tradeoff_probe.inp,E:\Projects\RL-LAM-ScanOpt\cae_model\stage3_run24_shortlist64_active_learning_calibration_v01\N40S3R24L64_N40_B20_tradeoff_probe\J2D_S3R24L64_N40_B20_tradeoff_probe.jnl,E:\Projects\RL-LAM-ScanOpt\cae_model\stage3_run24_shortlist64_active_learning_calibration_v01\N40S3R24L64_N40_B20_tradeoff_probe\J2D_S3R24L64_N40_B20_tradeoff_probe.generation_log.json,False,NOT_RUN,NOT_SUBMITTED,"[25,10,33,16,29,34,1,6,13,0,31,20,19,26,27,18,23,32,5,36,35,22,37,8,17,12,7,14,39,28,15,24,9,30,3,38,21,4,11,2]"
run_25_shortlist64_active_learning_cae_inp_generation,stage3_run24_shortlist64_active_learning_calibration_v01,shortlist64,40,S3R24L64_N40_B21_sentinel_control,R23_N40_C00064,N40_R23_N40_C00064_known_best_mutation,known_best_mutation,combined108_known_best_mutation,biased_random_perturbation_079,sentinel_control,tradeoff,0.19841481426748717,0.07457122876097484,-0.5765601801320039,0.4717948717948718,N40_A10_graph_pointer_policy_zero_shot_or_proxy_best,E:\Projects\RL-LAM-ScanOpt\outputs\stage3_run_24_run23_shortlist64_active_learning_handoff_package\scan_orders\scan_order_S3R24L64_N40_B21_sentinel_control.json,06aac074db1c5325,J2D_S3R24L64_N40_B21_sentinel_control,E:\Projects\RL-LAM-ScanOpt\cae_model\stage3_run24_shortlist64_active_learning_calibration_v01\N40S3R24L64_N40_B21_sentinel_control,E:\Projects\RL-LAM-ScanOpt\cae_model\stage3_run24_shortlist64_active_learning_calibration_v01\N40S3R24L64_N40_B21_sentinel_control\scan_order_S3R24L64_N40_B21_sentinel_control.json,E:\Projects\RL-LAM-ScanOpt\cae_model\stage3_run24_shortlist64_active_learning_calibration_v01\N40S3R24L64_N40_B21_sentinel_control\J2D_S3R24L64_N40_B21_sentinel_control.cae,E:\Projects\RL-LAM-ScanOpt\cae_model\stage3_run24_shortlist64_active_learning_calibration_v01\N40S3R24L64_N40_B21_sentinel_control\J2D_S3R24L64_N40_B21_sentinel_control.inp,E:\Projects\RL-LAM-ScanOpt\cae_model\stage3_run24_shortlist64_active_learning_calibration_v01\N40S3R24L64_N40_B21_sentinel_control\J2D_S3R24L64_N40_B21_sentinel_control.jnl,E:\Projects\RL-LAM-ScanOpt\cae_model\stage3_run24_shortlist64_active_learning_calibration_v01\N40S3R24L64_N40_B21_sentinel_control\J2D_S3R24L64_N40_B21_sentinel_control.generation_log.json,False,NOT_RUN,NOT_SUBMITTED,"[37,28,17,24,29,18,39,32,7,34,33,14,9,8,11,16,5,12,13,30,31,10,19,4,1,22,23,20,3,38,35,0,25,2,27,36,15,6,21,26]"
run_25_shortlist64_active_learning_cae_inp_generation,stage3_run24_shortlist64_active_learning_calibration_v01,shortlist64,40,S3R24L64_N40_B22_sentinel_control,R23_N40_C02282,N40_R23_N40_C02282_known_best_mutation,known_best_mutation,combined108_known_best_mutation,biased_random_perturbation_151,sentinel_control,model_disagreement,0.20575963921710927,0.07477855863013833,-0.5989530732209238,0.46282051282051284,S3R19B28_N40_B03_geometry_signal_top,E:\Projects\RL-LAM-ScanOpt\outputs\stage3_run_24_run23_shortlist64_active_learning_handoff_package\scan_orders\scan_order_S3R24L64_N40_B22_sentinel_control.json,8229fb93c4d72263,J2D_S3R24L64_N40_B22_sentinel_control,E:\Projects\RL-LAM-ScanOpt\cae_model\stage3_run24_shortlist64_active_learning_calibration_v01\N40S3R24L64_N40_B22_sentinel_control,E:\Projects\RL-LAM-ScanOpt\cae_model\stage3_run24_shortlist64_active_learning_calibration_v01\N40S3R24L64_N40_B22_sentinel_control\scan_order_S3R24L64_N40_B22_sentinel_control.json,E:\Projects\RL-LAM-ScanOpt\cae_model\stage3_run24_shortlist64_active_learning_calibration_v01\N40S3R24L64_N40_B22_sentinel_control\J2D_S3R24L64_N40_B22_sentinel_control.cae,E:\Projects\RL-LAM-ScanOpt\cae_model\stage3_run24_shortlist64_active_learning_calibration_v01\N40S3R24L64_N40_B22_sentinel_control\J2D_S3R24L64_N40_B22_sentinel_control.inp,E:\Projects\RL-LAM-ScanOpt\cae_model\stage3_run24_shortlist64_active_learning_calibration_v01\N40S3R24L64_N40_B22_sentinel_control\J2D_S3R24L64_N40_B22_sentinel_control.jnl,E:\Projects\RL-LAM-ScanOpt\cae_model\stage3_run24_shortlist64_active_learning_calibration_v01\N40S3R24L64_N40_B22_sentinel_control\J2D_S3R24L64_N40_B22_sentinel_control.generation_log.json,False,NOT_RUN,NOT_SUBMITTED,"[22,5,8,31,32,3,18,35,6,17,12,37,16,33,30,19,10,23,36,29,26,1,24,15,2,21,0,7,28,11,4,13,34,39,14,9,20,27,38,25]"
run_25_shortlist64_active_learning_cae_inp_generation,stage3_run24_shortlist64_active_learning_calibration_v01,shortlist64,40,S3R24L64_N40_B23_exploitation_reference,R23_N40_C00126,N40_R23_N40_C00126_known_best_mutation,known_best_mutation,combined108_known_best_mutation,reverse_segment_177,exploitation_reference,uncertainty,0.3971860173037732,0.19343872564174938,-0.11462813249182247,0.046153846153846156,N40_A04_method_c_u2_first_engineering,E:\Projects\RL-LAM-ScanOpt\outputs\stage3_run_24_run23_shortlist64_active_learning_handoff_package\scan_orders\scan_order_S3R24L64_N40_B23_exploitation_reference.json,31eb3c72613d8e65,J2D_S3R24L64_N40_B23_exploitation_reference,E:\Projects\RL-LAM-ScanOpt\cae_model\stage3_run24_shortlist64_active_learning_calibration_v01\N40S3R24L64_N40_B23_exploitation_reference,E:\Projects\RL-LAM-ScanOpt\cae_model\stage3_run24_shortlist64_active_learning_calibration_v01\N40S3R24L64_N40_B23_exploitation_reference\scan_order_S3R24L64_N40_B23_exploitation_reference.json,E:\Projects\RL-LAM-ScanOpt\cae_model\stage3_run24_shortlist64_active_learning_calibration_v01\N40S3R24L64_N40_B23_exploitation_reference\J2D_S3R24L64_N40_B23_exploitation_reference.cae,E:\Projects\RL-LAM-ScanOpt\cae_model\stage3_run24_shortlist64_active_learning_calibration_v01\N40S3R24L64_N40_B23_exploitation_reference\J2D_S3R24L64_N40_B23_exploitation_reference.inp,E:\Projects\RL-LAM-ScanOpt\cae_model\stage3_run24_shortlist64_active_learning_calibration_v01\N40S3R24L64_N40_B23_exploitation_reference\J2D_S3R24L64_N40_B23_exploitation_reference.jnl,E:\Projects\RL-LAM-ScanOpt\cae_model\stage3_run24_shortlist64_active_learning_calibration_v01\N40S3R24L64_N40_B23_exploitation_reference\J2D_S3R24L64_N40_B23_exploitation_reference.generation_log.json,False,NOT_RUN,NOT_SUBMITTED,"[0,2,4,6,8,10,12,14,16,18,20,38,36,34,32,30,28,26,24,22,19,17,15,13,11,9,7,5,3,1,21,23,25,27,29,31,33,35,37,39]"
run_25_shortlist64_active_learning_cae_inp_generation,stage3_run24_shortlist64_active_learning_calibration_v01,shortlist64,40,S3R24L64_N40_B24_exploitation_reference,R23_N40_C00283,N40_R23_N40_C00283_known_best_mutation,known_best_mutation,combined108_known_best_mutation,parity_preserving_swap_460,exploitation_reference,top_region_local_search,0.39035091929180626,0.1958173240338408,-0.11462813249182247,0.02435897435897436,N40_A04_method_c_u2_first_engineering,E:\Projects\RL-LAM-ScanOpt\outputs\stage3_run_24_run23_shortlist64_active_learning_handoff_package\scan_orders\scan_order_S3R24L64_N40_B24_exploitation_reference.json,06477238e66665b0,J2D_S3R24L64_N40_B24_exploitation_reference,E:\Projects\RL-LAM-ScanOpt\cae_model\stage3_run24_shortlist64_active_learning_calibration_v01\N40S3R24L64_N40_B24_exploitation_reference,E:\Projects\RL-LAM-ScanOpt\cae_model\stage3_run24_shortlist64_active_learning_calibration_v01\N40S3R24L64_N40_B24_exploitation_reference\scan_order_S3R24L64_N40_B24_exploitation_reference.json,E:\Projects\RL-LAM-ScanOpt\cae_model\stage3_run24_shortlist64_active_learning_calibration_v01\N40S3R24L64_N40_B24_exploitation_reference\J2D_S3R24L64_N40_B24_exploitation_reference.cae,E:\Projects\RL-LAM-ScanOpt\cae_model\stage3_run24_shortlist64_active_learning_calibration_v01\N40S3R24L64_N40_B24_exploitation_reference\J2D_S3R24L64_N40_B24_exploitation_reference.inp,E:\Projects\RL-LAM-ScanOpt\cae_model\stage3_run24_shortlist64_active_learning_calibration_v01\N40S3R24L64_N40_B24_exploitation_reference\J2D_S3R24L64_N40_B24_exploitation_reference.jnl,E:\Projects\RL-LAM-ScanOpt\cae_model\stage3_run24_shortlist64_active_learning_calibration_v01\N40S3R24L64_N40_B24_exploitation_reference\J2D_S3R24L64_N40_B24_exploitation_reference.generation_log.json,False,NOT_RUN,NOT_SUBMITTED,"[0,2,4,6,8,10,12,14,16,18,20,22,24,26,28,30,32,34,36,38,21,17,15,13,11,9,7,5,3,1,19,23,25,27,29,31,33,35,37,39]"
