n,strategy_name,dataset_source,legacy_source_category,order_json,order_hash,u2_range,peeq_max,surface_t_proxy,mises_max,peeq_metric_source,mises_metric_source,metric_semantic_warning,legacy_compatibility_status,target_u2_score_combined172_plus_N32_rank,target_peeq_score_combined172_plus_N32_rank,target_surfaceT_score_combined172_plus_N32_rank,target_mises_score_combined172_plus_N32_rank,target_reward_combined172_plus_N32_mapped_u2_primary,reward_rank_combined172_plus_N32_within_n,teacher_validation_status,source_file,source_row_index
12,N12_A01_raster_left_to_right,probe60_run08,,"[0,1,2,3,4,5,6,7,8,9,10,11]",,0.0001314298706347472,0.172713503241539,585930688.0,579938304.0,native_stage3_peeq_max,native_stage3_mises_max,False,NATIVE_STAGE3,0.06451612903225812,0.032258064516129004,0.0,0.8064516129032258,0.08870967741935487,32.0,PASS_ODB_EXTRACTED,,
12,N12_A02_odd_even_interlaced,probe60_run08,,"[0,2,4,6,8,10,1,3,5,7,9,11]",,4.044348497700412e-05,0.14851008355617523,585297728.0,579939584.0,native_stage3_peeq_max,native_stage3_mises_max,False,NATIVE_STAGE3,0.7096774193548387,0.5806451612903225,0.09677419354838712,0.17741935483870963,0.5959677419354839,13.0,PASS_ODB_EXTRACTED,,
12,N12_A03_greedy_maximin_distance,probe60_run08,,"[0,11,5,8,2,1,3,4,6,7,9,10]",,8.175894481610158e-05,0.16098161041736603,585035712.0,579939584.0,native_stage3_peeq_max,native_stage3_mises_max,False,NATIVE_STAGE3,0.29032258064516125,0.22580645161290325,0.12903225806451613,0.17741935483870963,0.25564516129032255,26.0,PASS_ODB_EXTRACTED,,
12,N12_A04_method_c_u2_first_engineering,probe60_run08,,"[0,2,4,6,8,10,5,3,1,7,9,11]",,4.4116221033618785e-05,0.1464761346578598,581743296.0,579939584.0,native_stage3_peeq_max,native_stage3_mises_max,False,NATIVE_STAGE3,0.6451612903225806,0.8064516129032258,0.6129032258064516,0.17741935483870963,0.6508064516129033,9.0,PASS_ODB_EXTRACTED,,
12,N12_A05_center_out,probe60_run08,,"[5,6,4,7,3,8,2,9,1,10,0,11]",,0.0001583552163992863,0.16032162308692932,580972800.0,579938048.0,native_stage3_peeq_max,native_stage3_mises_max,False,NATIVE_STAGE3,0.0,0.25806451612903225,0.935483870967742,0.9516129032258065,0.19274193548387097,29.0,PASS_ODB_EXTRACTED,,
12,N12_A06_edge_in_alternating,probe60_run08,,"[0,11,1,10,2,9,3,8,4,7,5,6]",,0.00010128901044481609,0.17532625794410706,580798976.0,579937984.0,native_stage3_peeq_max,native_stage3_mises_max,False,NATIVE_STAGE3,0.16129032258064513,0.0,0.967741935483871,1.0,0.25161290322580643,27.0,PASS_ODB_EXTRACTED,,
12,N12_A07_regular_jump_coprime,probe60_run08,,"[0,5,10,3,8,1,6,11,4,9,2,7]",,6.379491514962865e-05,0.15351411700248718,581880128.0,579938432.0,native_stage3_peeq_max,native_stage3_mises_max,False,NATIVE_STAGE3,0.4516129032258065,0.4516129032258065,0.5483870967741935,0.6451612903225806,0.47096774193548385,19.0,PASS_ODB_EXTRACTED,,
12,N12_A08_block_interleaved_quarters,probe60_run08,,"[0,3,6,9,1,4,7,10,2,5,8,11]",,3.6826456380367745e-05,0.14324450492858887,582462656.0,579939584.0,native_stage3_peeq_max,native_stage3_mises_max,False,NATIVE_STAGE3,0.9032258064516129,0.9032258064516129,0.4193548387096774,0.17741935483870963,0.8185483870967744,5.0,PASS_ODB_EXTRACTED,,
12,N12_A09_center_edge_alternating,probe60_run08,,"[5,0,6,11,4,1,7,10,3,2,8,9]",,0.00010808459228428546,0.1680927276611328,580752832.0,579938304.0,native_stage3_peeq_max,native_stage3_mises_max,False,NATIVE_STAGE3,0.12903225806451613,0.06451612903225812,1.0,0.8064516129032258,0.2370967741935484,28.0,PASS_ODB_EXTRACTED,,
12,N12_A10_graph_pointer_policy_zero_shot_or_proxy_best,probe60_run08,,"[0,11,2,5,4,8,6,1,10,3,7,9]",,5.570924804487731e-05,0.15651747584342957,583114560.0,579938304.0,native_stage3_peeq_max,native_stage3_mises_max,False,NATIVE_STAGE3,0.4838709677419355,0.3870967741935484,0.16129032258064513,0.8064516129032258,0.4483870967741936,20.0,PASS_ODB_EXTRACTED,,
12,N12_A11_graph_pointer_policy_diverse_01,probe60_run08,,"[0,5,11,10,1,3,8,2,9,6,4,7]",,7.328880428758566e-05,0.1638757288455963,582071168.0,579939392.0,native_stage3_peeq_max,native_stage3_mises_max,False,NATIVE_STAGE3,0.4193548387096774,0.09677419354838712,0.4838709677419355,0.4838709677419355,0.36451612903225805,22.0,PASS_ODB_EXTRACTED,,
12,N12_A12_graph_pointer_policy_diverse_02,probe60_run08,,"[4,7,3,8,2,9,1,10,0,11,5,6]",,0.00013954683527117595,0.16334585845470428,581337984.0,579938048.0,native_stage3_peeq_max,native_stage3_mises_max,False,NATIVE_STAGE3,0.032258064516129004,0.16129032258064513,0.6451612903225806,0.9516129032258065,0.16532258064516125,31.0,PASS_ODB_EXTRACTED,,
12,N12_A13_graph_pointer_policy_anti_odd_even_novelty,probe60_run08,,"[1,10,3,8,5,6,7,4,9,2,11,0]",,7.77201084929402e-05,0.14032196998596191,581967424.0,579939328.0,native_stage3_peeq_max,native_stage3_mises_max,False,NATIVE_STAGE3,0.3870967741935484,1.0,0.5161290322580645,0.532258064516129,0.5298387096774193,15.0,PASS_ODB_EXTRACTED,,
12,N12_A14_graph_pointer_policy_u2first_proxy,probe60_run08,,"[0,5,2,6,4,7,8,3,10,1,9,11]",,0.00010109988033946138,0.15888875722885132,581829312.0,579938368.0,native_stage3_peeq_max,native_stage3_mises_max,False,NATIVE_STAGE3,0.19354838709677424,0.32258064516129037,0.5806451612903225,0.6935483870967742,0.2830645161290323,24.0,PASS_ODB_EXTRACTED,,
12,N12_A15_graph_pointer_policy_balanced_dispersion_proxy,probe60_run08,,"[0,5,11,6,4,8,7,2,3,1,9,10]",,9.216308080794988e-05,0.1593673974275589,581069312.0,579938240.0,native_stage3_peeq_max,native_stage3_mises_max,False,NATIVE_STAGE3,0.22580645161290325,0.29032258064516125,0.8064516129032258,0.9032258064516129,0.33064516129032256,23.0,PASS_ODB_EXTRACTED,,
16,N16_A01_raster_left_to_right,probe60_run08,,"[0,1,2,3,4,5,6,7,8,9,10,11,12,13,14,15]",,0.00024349282352886803,0.17520761489868164,587841664.0,579948288.0,native_stage3_peeq_max,native_stage3_mises_max,False,NATIVE_STAGE3,0.06451612903225812,0.032258064516129004,0.0,0.30645161290322576,0.06370967741935488,32.0,PASS_ODB_EXTRACTED,,
16,N16_A02_odd_even_interlaced,probe60_run08,,"[0,2,4,6,8,10,12,14,1,3,5,7,9,11,13,15]",,4.9715717977960594e-05,0.15370793640613556,585719808.0,579947520.0,native_stage3_peeq_max,native_stage3_mises_max,False,NATIVE_STAGE3,0.7419354838709677,0.5483870967741935,0.06451612903225812,0.7419354838709677,0.6354838709677421,13.0,PASS_ODB_EXTRACTED,,
16,N16_A03_greedy_maximin_distance,probe60_run08,,"[0,15,7,11,3,5,9,13,1,2,4,6,8,10,12,14]",,4.607185064742225e-05,0.1532730907201767,582927360.0,579948160.0,native_stage3_peeq_max,native_stage3_mises_max,False,NATIVE_STAGE3,0.8709677419354839,0.5806451612903225,0.29032258064516125,0.5,0.7362903225806452,7.0,PASS_ODB_EXTRACTED,,
16,N16_A04_method_c_u2_first_engineering,probe60_run08,,"[0,2,4,6,8,10,12,14,7,5,3,1,9,11,13,15]",,5.043179316999158e-05,0.15182757377624512,581727104.0,579948352.0,native_stage3_peeq_max,native_stage3_mises_max,False,NATIVE_STAGE3,0.7096774193548387,0.7741935483870968,0.6451612903225806,0.11290322580645162,0.6862903225806452,10.0,PASS_ODB_EXTRACTED,,
16,N16_A05_center_out,probe60_run08,,"[7,8,6,9,5,10,4,11,3,12,2,13,1,14,0,15]",,0.00027908391211894923,0.16641919314861298,582182080.0,579946816.0,native_stage3_peeq_max,native_stage3_mises_max,False,NATIVE_STAGE3,0.0,0.19354838709677424,0.4838709677419355,0.9516129032258065,0.13467741935483873,31.0,PASS_ODB_EXTRACTED,,
16,N16_A06_edge_in_alternating,probe60_run08,,"[0,15,1,14,2,13,3,12,4,11,5,10,6,9,7,8]",,0.00020532089024527522,0.1797565519809723,581764096.0,579947776.0,native_stage3_peeq_max,native_stage3_mises_max,False,NATIVE_STAGE3,0.16129032258064513,0.0,0.6129032258064516,0.7096774193548387,0.20161290322580644,29.0,PASS_ODB_EXTRACTED,,
16,N16_A07_regular_jump_coprime,probe60_run08,,"[0,5,10,15,4,9,14,3,8,13,2,7,12,1,6,11]",,0.0002763091160886688,0.16533087193965912,581433216.0,579946752.0,native_stage3_peeq_max,native_stage3_mises_max,False,NATIVE_STAGE3,0.032258064516129004,0.22580645161290325,0.8387096774193549,1.0,0.2,30.0,PASS_ODB_EXTRACTED,,
16,N16_A08_block_interleaved_quarters,probe60_run08,,"[0,4,8,12,1,5,9,13,2,6,10,14,3,7,11,15]",,0.00016068820355030766,0.1505546271800995,582573376.0,579948160.0,native_stage3_peeq_max,native_stage3_mises_max,False,NATIVE_STAGE3,0.32258064516129037,0.8387096774193549,0.3870967741935484,0.5,0.44112903225806455,19.0,PASS_ODB_EXTRACTED,,
16,N16_A09_center_edge_alternating,probe60_run08,,"[7,0,8,15,6,1,9,14,5,2,10,13,4,3,11,12]",,0.00021473178685482708,0.17430327832698822,580899648.0,579946944.0,native_stage3_peeq_max,native_stage3_mises_max,False,NATIVE_STAGE3,0.12903225806451613,0.09677419354838712,1.0,0.8870967741935484,0.24758064516129036,27.0,PASS_ODB_EXTRACTED,,
16,N16_A10_graph_pointer_policy_zero_shot_or_proxy_best,probe60_run08,,"[0,15,2,7,4,11,6,3,8,5,10,9,12,13,14,1]",,0.0001204781697197177,0.1701684147119522,581290304.0,579948096.0,native_stage3_peeq_max,native_stage3_mises_max,False,NATIVE_STAGE3,0.3870967741935484,0.12903225806451613,0.967741935483871,0.5483870967741935,0.40161290322580645,21.0,PASS_ODB_EXTRACTED,,
16,N16_A11_graph_pointer_policy_diverse_01,probe60_run08,,"[0,5,15,10,1,14,4,2,9,13,3,12,8,11,7,6]",,0.00018299555517842236,0.17434175312519073,582880128.0,579946944.0,native_stage3_peeq_max,native_stage3_mises_max,False,NATIVE_STAGE3,0.19354838709677424,0.06451612903225812,0.32258064516129037,0.8870967741935484,0.21532258064516135,28.0,PASS_ODB_EXTRACTED,,
16,N16_A12_graph_pointer_policy_diverse_02,probe60_run08,,"[9,5,10,4,11,3,12,2,13,1,14,0,15,7,8,6]",,0.00023973382963049517,0.16137175261974335,581517248.0,579946816.0,native_stage3_peeq_max,native_stage3_mises_max,False,NATIVE_STAGE3,0.09677419354838712,0.3548387096774194,0.7096774193548387,0.9516129032258065,0.25241935483870975,26.0,PASS_ODB_EXTRACTED,,
16,N16_A13_graph_pointer_policy_anti_odd_even_novelty,probe60_run08,,"[1,14,3,12,5,10,7,8,9,6,11,4,13,2,15,0]",,0.00011749031591534731,0.15198101103305817,581337280.0,579948288.0,native_stage3_peeq_max,native_stage3_mises_max,False,NATIVE_STAGE3,0.4193548387096774,0.7419354838709677,0.8709677419354839,0.30645161290322576,0.5233870967741936,15.0,PASS_ODB_EXTRACTED,,
16,N16_A14_graph_pointer_policy_u2first_proxy,probe60_run08,,"[0,7,2,8,4,6,9,5,10,12,14,11,1,3,13,15]",,0.00015728273911008728,0.1641508787870407,582433856.0,579947264.0,native_stage3_peeq_max,native_stage3_mises_max,False,NATIVE_STAGE3,0.3548387096774194,0.29032258064516125,0.4193548387096774,0.7741935483870968,0.3693548387096774,23.0,PASS_ODB_EXTRACTED,,
16,N16_A15_graph_pointer_policy_balanced_dispersion_proxy,probe60_run08,,"[0,7,15,8,6,11,9,3,5,10,4,13,1,2,12,14]",,0.0001736121434987581,0.16458375751972198,582198912.0,579947904.0,native_stage3_peeq_max,native_stage3_mises_max,False,NATIVE_STAGE3,0.25806451612903225,0.25806451612903225,0.4516129032258065,0.6612903225806452,0.29758064516129035,24.0,PASS_ODB_EXTRACTED,,
24,N24_A01_raster_left_to_right,probe60_run08,,"[0,1,2,3,4,5,6,7,8,9,10,11,12,13,14,15,16,17,18,19,20,21,22,23]",,0.0005523721708868834,0.18925029039382935,587159872.0,579944256.0,native_stage3_peeq_max,native_stage3_mises_max,False,NATIVE_STAGE3,0.05660377358490565,0.0,0.07547169811320753,0.5754716981132075,0.0731132075471698,53.0,PASS_ODB_EXTRACTED,,
24,N24_A02_odd_even_interlaced,probe60_run08,,"[0,2,4,6,8,10,12,14,16,18,20,22,1,3,5,7,9,11,13,15,17,19,21,23]",,8.360300034837564e-05,0.15498611330986023,586226112.0,579943936.0,native_stage3_peeq_max,native_stage3_mises_max,False,NATIVE_STAGE3,0.5094339622641509,0.6981132075471699,0.16981132075471694,0.7358490566037736,0.5245283018867926,29.0,PASS_ODB_EXTRACTED,,
24,N24_A03_greedy_maximin_distance,probe60_run08,,"[0,23,11,17,5,8,14,20,2,1,3,4,6,7,9,10,12,13,15,16,18,19,21,22]",,0.0002935029126547306,0.16460579633712769,584637632.0,579944576.0,native_stage3_peeq_max,native_stage3_mises_max,False,NATIVE_STAGE3,0.18867924528301883,0.2264150943396226,0.3207547169811321,0.3679245283018868,0.2183962264150943,47.0,PASS_ODB_EXTRACTED,,
24,N24_A04_method_c_u2_first_engineering,probe60_run08,,"[0,2,4,6,8,10,12,14,16,18,20,22,11,9,7,5,3,1,13,15,17,19,21,23]",,5.621172385872342e-05,0.15437763929367065,581727232.0,579944640.0,native_stage3_peeq_max,native_stage3_mises_max,False,NATIVE_STAGE3,0.9245283018867925,0.7358490566037736,0.7547169811320755,0.2264150943396226,0.8349056603773586,2.0,PASS_ODB_EXTRACTED,,
24,N24_A05_center_out,probe60_run08,,"[11,12,10,13,9,14,8,15,7,16,6,17,5,18,4,19,3,20,2,21,1,22,0,23]",,0.0006265991143266092,0.17296180129051208,588072192.0,579944128.0,native_stage3_peeq_max,native_stage3_mises_max,False,NATIVE_STAGE3,0.0,0.07547169811320753,0.037735849056603765,0.6226415094339622,0.049999999999999996,54.0,PASS_ODB_EXTRACTED,,
24,N24_A06_edge_in_alternating,probe60_run08,,"[0,23,1,22,2,21,3,20,4,19,5,18,6,17,7,16,8,15,9,14,10,13,11,12]",,0.000525546938433763,0.18484757840633392,590591168.0,579942784.0,native_stage3_peeq_max,native_stage3_mises_max,False,NATIVE_STAGE3,0.09433962264150941,0.018867924528301883,0.0,1.0,0.1150943396226415,52.0,PASS_ODB_EXTRACTED,,
24,N24_A07_regular_jump_coprime,probe60_run08,,"[0,11,22,9,20,7,18,5,16,3,14,1,12,23,10,21,8,19,6,17,4,15,2,13]",,0.00023713416885584593,0.1627264767885208,583243392.0,579943104.0,native_stage3_peeq_max,native_stage3_mises_max,False,NATIVE_STAGE3,0.26415094339622647,0.3207547169811321,0.49056603773584906,0.9811320754716981,0.33396226415094343,41.0,PASS_ODB_EXTRACTED,,
24,N24_A08_block_interleaved_quarters,probe60_run08,,"[0,6,12,18,1,7,13,19,2,8,14,20,3,9,15,21,4,10,16,22,5,11,17,23]",,0.0006247397857350734,0.15462736785411835,584995648.0,579943744.0,native_stage3_peeq_max,native_stage3_mises_max,False,NATIVE_STAGE3,0.018867924528301883,0.7169811320754718,0.26415094339622647,0.8018867924528301,0.22216981132075472,46.0,PASS_ODB_EXTRACTED,,
24,N24_A09_center_edge_alternating,probe60_run08,,"[11,0,12,23,10,1,13,22,9,2,14,21,8,3,15,20,7,4,16,19,6,5,17,18]",,0.0005546370016418223,0.17539091408252716,581775744.0,579943744.0,native_stage3_peeq_max,native_stage3_mises_max,False,NATIVE_STAGE3,0.037735849056603765,0.05660377358490565,0.7169811320754718,0.8018867924528301,0.14764150943396226,51.0,PASS_ODB_EXTRACTED,,
24,N24_A10_graph_pointer_policy_zero_shot_or_proxy_best,probe60_run08,,"[0,23,2,11,4,17,6,5,8,10,14,12,20,16,1,18,3,22,7,9,13,15,19,21]",,0.00018885933013734757,0.15415936708450317,583863616.0,579943360.0,native_stage3_peeq_max,native_stage3_mises_max,False,NATIVE_STAGE3,0.3584905660377359,0.8301886792452831,0.41509433962264153,0.8962264150943396,0.4853773584905661,31.0,PASS_ODB_EXTRACTED,,
24,N24_A11_graph_pointer_policy_diverse_01,probe60_run08,,"[0,11,23,22,1,9,20,2,7,21,18,3,5,16,4,19,14,12,6,17,10,8,15,13]",,0.0002307547981672542,0.16373257339000702,589194880.0,579943936.0,native_stage3_peeq_max,native_stage3_mises_max,False,NATIVE_STAGE3,0.30188679245283023,0.28301886792452835,0.018867924528301883,0.7358490566037736,0.2915094339622642,42.0,PASS_ODB_EXTRACTED,,
24,N24_A12_graph_pointer_policy_diverse_02,probe60_run08,,"[9,14,8,15,7,16,6,17,5,18,4,19,3,20,2,21,1,22,0,23,11,12,10,13]",,0.0005429062013035946,0.16415530443191528,583079232.0,579943936.0,native_stage3_peeq_max,native_stage3_mises_max,False,NATIVE_STAGE3,0.07547169811320753,0.26415094339622647,0.5283018867924528,0.7358490566037736,0.19150943396226416,48.0,PASS_ODB_EXTRACTED,,
24,N24_A13_graph_pointer_policy_anti_odd_even_novelty,probe60_run08,,"[1,22,3,20,5,18,7,16,9,14,11,12,13,10,15,8,17,6,19,4,21,2,23,0]",,0.0002316626496394747,0.16216421127319336,581204672.0,579944256.0,native_stage3_peeq_max,native_stage3_mises_max,False,NATIVE_STAGE3,0.28301886792452835,0.4339622641509434,0.9245283018867925,0.5754716981132075,0.3919811320754718,38.0,PASS_ODB_EXTRACTED,,
24,N24_A14_graph_pointer_policy_u2first_proxy,probe60_run08,,"[0,11,2,12,4,10,6,13,8,9,14,15,16,7,18,20,22,17,1,5,3,19,21,23]",,0.00037357585802055837,0.1622905135154724,583235840.0,579944640.0,native_stage3_peeq_max,native_stage3_mises_max,False,NATIVE_STAGE3,0.16981132075471694,0.41509433962264153,0.5094339622641509,0.2264150943396226,0.25566037735849056,43.0,PASS_ODB_EXTRACTED,,
24,N24_A15_graph_pointer_policy_balanced_dispersion_proxy,probe60_run08,,"[0,11,23,12,10,17,13,5,9,8,14,20,15,2,7,1,16,3,6,4,18,19,21,22]",,0.000441046652440491,0.1661432981491089,583990144.0,579944128.0,native_stage3_peeq_max,native_stage3_mises_max,False,NATIVE_STAGE3,0.1132075471698113,0.13207547169811318,0.37735849056603776,0.6226415094339622,0.16886792452830185,49.0,PASS_ODB_EXTRACTED,,
40,N40_A01_raster_left_to_right,probe60_run08,,"[0,1,2,3,4,5,6,7,8,9,10,11,12,13,14,15,16,17,18,19,20,21,22,23,24,25,26,27,28,29,30,31,32,33,34,35,36,37,38,39]",,0.0015270577277988195,0.20001305639743805,585953088.0,579928512.0,native_stage3_peeq_max,native_stage3_mises_max,False,NATIVE_STAGE3,0.16981132075471694,0.018867924528301883,0.339622641509434,0.037735849056603765,0.14999999999999997,48.0,PASS_ODB_EXTRACTED,,
40,N40_A02_odd_even_interlaced,probe60_run08,,"[0,2,4,6,8,10,12,14,16,18,20,22,24,26,28,30,32,34,36,38,1,3,5,7,9,11,13,15,17,19,21,23,25,27,29,31,33,35,37,39]",,0.00015956887364154682,0.15780819952487946,587307392.0,579927744.0,native_stage3_peeq_max,native_stage3_mises_max,False,NATIVE_STAGE3,0.7735849056603774,0.7169811320754718,0.24528301886792447,0.05660377358490565,0.6735849056603775,17.0,PASS_ODB_EXTRACTED,,
40,N40_A03_greedy_maximin_distance,probe60_run08,,"[0,39,19,29,9,14,24,34,4,2,6,11,16,21,26,31,36,1,3,5,7,8,10,12,13,15,17,18,20,22,23,25,27,28,30,32,33,35,37,38]",,0.0006838651936504903,0.16065658628940582,585288896.0,579926656.0,native_stage3_peeq_max,native_stage3_mises_max,False,NATIVE_STAGE3,0.49056603773584906,0.5471698113207547,0.4339622641509434,0.3113207547169812,0.48726415094339626,31.0,PASS_ODB_EXTRACTED,,
40,N40_A04_method_c_u2_first_engineering,probe60_run08,,"[0,2,4,6,8,10,12,14,16,18,20,22,24,26,28,30,32,34,36,38,19,17,15,13,11,9,7,5,3,1,21,23,25,27,29,31,33,35,37,39]",,0.0001108189990191022,0.15395095944404602,582221504.0,579926528.0,native_stage3_peeq_max,native_stage3_mises_max,False,NATIVE_STAGE3,0.9056603773584906,0.9056603773584906,0.8867924528301887,0.34905660377358494,0.8759433962264151,2.0,PASS_ODB_EXTRACTED,,
40,N40_A05_center_out,probe60_run08,,"[19,20,18,21,17,22,16,23,15,24,14,25,13,26,12,27,11,28,10,29,9,30,8,31,7,32,6,33,5,34,4,35,3,36,2,37,1,38,0,39]",,0.001834161696024239,0.17962194979190826,588607232.0,579925632.0,native_stage3_peeq_max,native_stage3_mises_max,False,NATIVE_STAGE3,0.05660377358490565,0.05660377358490565,0.15094339622641506,0.7924528301886793,0.10283018867924527,54.0,PASS_ODB_EXTRACTED,,
40,N40_A06_edge_in_alternating,probe60_run08,,"[0,39,1,38,2,37,3,36,4,35,5,34,6,33,7,32,8,31,9,30,10,29,11,28,12,27,13,26,14,25,15,24,16,23,17,22,18,21,19,20]",,0.0016398808220401406,0.20056912302970886,595556480.0,579926400.0,native_stage3_peeq_max,native_stage3_mises_max,False,NATIVE_STAGE3,0.15094339622641506,0.0,0.05660377358490565,0.4339622641509434,0.12547169811320752,51.0,PASS_ODB_EXTRACTED,,
40,N40_A07_regular_jump_coprime,probe60_run08,,"[0,13,26,39,12,25,38,11,24,37,10,23,36,9,22,35,8,21,34,7,20,33,6,19,32,5,18,31,4,17,30,3,16,29,2,15,28,1,14,27]",,0.002076672622933984,0.1631038337945938,595582528.0,579924032.0,native_stage3_peeq_max,native_stage3_mises_max,False,NATIVE_STAGE3,0.0,0.37735849056603776,0.037735849056603765,1.0,0.12924528301886795,50.0,PASS_ODB_EXTRACTED,,
40,N40_A08_block_interleaved_quarters,probe60_run08,,"[0,10,20,30,1,11,21,31,2,12,22,32,3,13,23,33,4,14,24,34,5,15,25,35,6,16,26,36,7,17,27,37,8,18,28,38,9,19,29,39]",,0.0020561176352202892,0.1575537621974945,594139136.0,579924416.0,native_stage3_peeq_max,native_stage3_mises_max,False,NATIVE_STAGE3,0.018867924528301883,0.7547169811320755,0.07547169811320753,0.9622641509433962,0.2188679245283019,46.0,PASS_ODB_EXTRACTED,,
40,N40_A09_center_edge_alternating,probe60_run08,,"[19,0,20,39,18,1,21,38,17,2,22,37,16,3,23,36,15,4,24,35,14,5,25,34,13,6,26,33,12,7,27,32,11,8,28,31,10,9,29,30]",,0.0018988421652466059,0.177616149187088,588119552.0,579924096.0,native_stage3_peeq_max,native_stage3_mises_max,False,NATIVE_STAGE3,0.037735849056603765,0.09433962264150941,0.18867924528301883,0.9811320754716981,0.11132075471698112,53.0,PASS_ODB_EXTRACTED,,
40,N40_A10_graph_pointer_policy_zero_shot_or_proxy_best,probe60_run08,,"[0,39,2,19,4,29,6,9,8,14,10,24,12,34,16,18,20,11,22,21,26,28,31,30,36,32,1,3,5,38,7,13,15,17,23,25,27,33,35,37]",,0.0007608353594150685,0.15650783479213715,585921600.0,579925632.0,native_stage3_peeq_max,native_stage3_mises_max,False,NATIVE_STAGE3,0.4528301886792453,0.7924528301886793,0.39622641509433965,0.7924528301886793,0.5320754716981132,24.0,PASS_ODB_EXTRACTED,,
40,N40_A11_graph_pointer_policy_diverse_01,probe60_run08,,"[0,13,39,26,1,38,12,2,25,37,3,11,36,24,4,35,10,5,23,34,6,9,33,22,7,32,8,21,31,30,20,29,19,28,27,18,14,17,15,16]",,0.001706571551039815,0.1783028244972229,591114368.0,579925952.0,native_stage3_peeq_max,native_stage3_mises_max,False,NATIVE_STAGE3,0.13207547169811318,0.07547169811320753,0.1132075471698113,0.6886792452830188,0.14669811320754714,49.0,PASS_ODB_EXTRACTED,,
40,N40_A12_graph_pointer_policy_diverse_02,probe60_run08,,"[15,24,14,25,13,26,12,27,11,28,10,29,9,30,8,31,7,32,6,33,5,34,4,35,3,36,2,37,1,38,0,39,19,20,18,21,17,22,16,23]",,0.0017555009108036757,0.17297148704528809,584625472.0,579924800.0,native_stage3_peeq_max,native_stage3_mises_max,False,NATIVE_STAGE3,0.07547169811320753,0.13207547169811318,0.6037735849056604,0.9245283018867925,0.18207547169811317,47.0,PASS_ODB_EXTRACTED,,
40,N40_A13_graph_pointer_policy_anti_odd_even_novelty,probe60_run08,,"[1,38,3,36,5,34,7,32,9,30,11,28,13,26,15,24,17,22,19,20,21,18,23,16,25,14,27,12,29,10,31,8,33,6,35,4,37,2,39,0]",,0.0006711278786042385,0.1731724888086319,581541824.0,579925760.0,native_stage3_peeq_max,native_stage3_mises_max,False,NATIVE_STAGE3,0.5283018867924528,0.1132075471698113,0.9811320754716981,0.7358490566037736,0.5009433962264151,29.0,PASS_ODB_EXTRACTED,,
40,N40_A14_graph_pointer_policy_u2first_proxy,probe60_run08,,"[0,19,2,20,4,18,6,21,8,17,10,22,12,16,14,23,15,24,25,13,26,28,30,27,32,11,34,36,38,29,1,9,3,5,7,31,33,35,37,39]",,0.0011768606042323881,0.1633206307888031,585949184.0,579927232.0,native_stage3_peeq_max,native_stage3_mises_max,False,NATIVE_STAGE3,0.24528301886792447,0.3584905660377359,0.3584905660377359,0.18867924528301883,0.27641509433962264,43.0,PASS_ODB_EXTRACTED,,
40,N40_A15_graph_pointer_policy_balanced_dispersion_proxy,probe60_run08,,"[0,19,39,20,18,29,21,9,17,14,22,24,16,34,23,4,15,2,6,11,25,13,26,12,31,27,36,1,28,3,10,5,7,8,30,32,33,35,37,38]",,0.001238039828649562,0.16922278702259064,585095872.0,579926784.0,native_stage3_peeq_max,native_stage3_mises_max,False,NATIVE_STAGE3,0.2075471698113207,0.18867924528301883,0.5283018867924528,0.26415094339622647,0.23867924528301881,45.0,PASS_ODB_EXTRACTED,,
12,S3B20_N12_B01_surrogate_top,batch20_run14,,"[0,2,4,10,8,6,1,3,5,7,9,11]",,3.767202088056365e-05,0.1479470580816269,585915072.0,579939584.0,native_stage3_peeq_max,native_stage3_mises_max,False,NATIVE_STAGE3,0.8387096774193549,0.6774193548387097,0.032258064516129004,0.17741935483870963,0.692741935483871,7.0,PASS_TEACHER_FIELDS_EXTRACTED,,
12,S3B20_N12_B02_diversity_top,batch20_run14,,"[1,11,9,7,5,3,0,2,4,6,8,10]",,2.3353248252533376e-05,0.14696112275123596,582776448.0,579939520.0,native_stage3_peeq_max,native_stage3_mises_max,False,NATIVE_STAGE3,1.0,0.7741935483870968,0.32258064516129037,0.3870967741935484,0.8564516129032259,1.0,PASS_TEACHER_FIELDS_EXTRACTED,,
12,S3B20_N12_B03_method_c_inspired,batch20_run14,,"[0,5,11,6,8,4,2,7,1,3,9,10]",,7.903753157734172e-05,0.15747925639152527,581229056.0,579938368.0,native_stage3_peeq_max,native_stage3_mises_max,False,NATIVE_STAGE3,0.3548387096774194,0.3548387096774194,0.7096774193548387,0.6935483870967742,0.40725806451612906,21.0,PASS_TEACHER_FIELDS_EXTRACTED,,
12,S3B20_N12_B04_surrogate_top,batch20_run14,,"[0,10,8,6,4,2,1,3,5,7,9,11]",,3.2932137401076034e-05,0.14267149567604065,582234944.0,579939584.0,native_stage3_peeq_max,native_stage3_mises_max,False,NATIVE_STAGE3,0.935483870967742,0.935483870967742,0.4516129032258065,0.17741935483870963,0.8491935483870969,2.0,PASS_TEACHER_FIELDS_EXTRACTED,,
12,S3B20_N12_B05_surrogate_top,batch20_run14,,"[0,2,4,6,10,8,1,3,5,7,9,11]",,3.931116134481272e-05,0.14962293207645416,585543936.0,579939584.0,native_stage3_peeq_max,native_stage3_mises_max,False,NATIVE_STAGE3,0.8064516129032258,0.5161290322580645,0.06451612903225812,0.17741935483870963,0.642741935483871,10.0,PASS_TEACHER_FIELDS_EXTRACTED,,
16,S3B20_N16_B01_surrogate_top,batch20_run14,,"[0,2,4,6,8,10,14,12,7,5,3,1,9,11,13,15]",,5.233794854575535e-05,0.15044885873794556,581672320.0,579948352.0,native_stage3_peeq_max,native_stage3_mises_max,False,NATIVE_STAGE3,0.6451612903225806,0.9032258064516129,0.6774193548387097,0.11290322580645162,0.6733870967741936,11.0,PASS_TEACHER_FIELDS_EXTRACTED,,
16,S3B20_N16_B02_diversity_top,batch20_run14,,"[1,9,11,13,15,0,2,4,6,8,10,12,14,7,5,3]",,7.41247381483845e-05,0.16351349651813507,581958912.0,579947200.0,native_stage3_peeq_max,native_stage3_mises_max,False,NATIVE_STAGE3,0.5161290322580645,0.32258064516129037,0.5161290322580645,0.8064516129032258,0.4919354838709678,17.0,PASS_TEACHER_FIELDS_EXTRACTED,,
16,S3B20_N16_B03_method_c_inspired,batch20_run14,,"[0,15,7,11,3,5,9,13,1,2,4,12,10,8,6,14]",,6.606194119740394e-05,0.15563784539699554,582991360.0,579948032.0,native_stage3_peeq_max,native_stage3_mises_max,False,NATIVE_STAGE3,0.5806451612903225,0.5161290322580645,0.25806451612903225,0.5967741935483871,0.536290322580645,14.0,PASS_TEACHER_FIELDS_EXTRACTED,,
16,S3B20_N16_B04_surrogate_top,batch20_run14,,"[0,2,4,6,8,14,12,10,7,5,3,1,9,11,13,15]",,4.716870898846537e-05,0.1489115208387375,581447424.0,579948288.0,native_stage3_peeq_max,native_stage3_mises_max,False,NATIVE_STAGE3,0.8387096774193549,1.0,0.7741935483870968,0.30645161290322576,0.8379032258064516,2.0,PASS_TEACHER_FIELDS_EXTRACTED,,
16,S3B20_N16_B05_surrogate_top,batch20_run14,,"[0,2,4,6,8,14,12,10,7,1,3,5,9,11,13,15]",,4.960947671861504e-05,0.15050330758094788,585404352.0,579948288.0,native_stage3_peeq_max,native_stage3_mises_max,False,NATIVE_STAGE3,0.7741935483870968,0.8709677419354839,0.09677419354838712,0.30645161290322576,0.7024193548387097,9.0,PASS_TEACHER_FIELDS_EXTRACTED,,
24,S3B20_N24_B01_surrogate_top,batch20_run14,,"[0,2,4,6,8,10,12,22,20,18,16,14,1,3,5,7,9,11,13,15,17,19,21,23]",,7.634673784195911e-05,0.16024285554885864,586730944.0,579944704.0,native_stage3_peeq_max,native_stage3_mises_max,False,NATIVE_STAGE3,0.6603773584905661,0.5283018867924528,0.1132075471698113,0.09433962264150941,0.5509433962264152,24.0,PASS_TEACHER_FIELDS_EXTRACTED,,
24,S3B20_N24_B02_diversity_top,batch20_run14,,"[3,5,7,9,11,13,15,17,19,21,23,0,2,4,6,8,10,12,14,16,18,20,22,1]",,7.592932161060162e-05,0.15607720613479614,581836224.0,579944512.0,native_stage3_peeq_max,native_stage3_mises_max,False,NATIVE_STAGE3,0.679245283018868,0.6603773584905661,0.6981132075471699,0.42452830188679247,0.6646226415094341,16.0,PASS_TEACHER_FIELDS_EXTRACTED,,
24,S3B20_N24_B03_method_c_inspired,batch20_run14,,"[0,23,11,17,5,8,14,20,2,1,3,4,6,7,9,12,10,13,15,16,18,19,21,22]",,0.00025369730428792536,0.1650789976119995,584643072.0,579944576.0,native_stage3_peeq_max,native_stage3_mises_max,False,NATIVE_STAGE3,0.24528301886792447,0.18867924528301883,0.30188679245283023,0.3679245283018868,0.24575471698113202,44.0,PASS_TEACHER_FIELDS_EXTRACTED,,
24,S3B20_N24_B04_surrogate_top,batch20_run14,,"[0,2,4,6,8,10,12,14,16,18,20,22,11,9,7,5,3,1,13,15,17,23,21,19]",,5.741682798543479e-05,0.1594105213880539,581725376.0,579944832.0,native_stage3_peeq_max,native_stage3_mises_max,False,NATIVE_STAGE3,0.9056603773584906,0.5471698113207547,0.7735849056603774,0.028301886792452824,0.7768867924528301,6.0,PASS_TEACHER_FIELDS_EXTRACTED,,
24,S3B20_N24_B05_surrogate_top,batch20_run14,,"[0,4,8,2,6,10,12,14,16,18,20,22,11,9,7,5,3,1,13,15,17,19,21,23]",,9.08282927412074e-05,0.15368027985095978,581741824.0,579944640.0,native_stage3_peeq_max,native_stage3_mises_max,False,NATIVE_STAGE3,0.4339622641509434,0.9056603773584906,0.7358490566037736,0.2264150943396226,0.5481132075471699,25.0,PASS_TEACHER_FIELDS_EXTRACTED,,
40,S3B20_N40_B01_surrogate_top,batch20_run14,,"[0,2,4,6,8,10,12,14,16,18,20,22,24,26,28,38,36,34,32,30,9,7,5,3,1,11,13,15,17,19,21,23,25,27,29,31,33,35,37,39]",,0.00011389043356757611,0.16068832576274872,582971072.0,579927616.0,native_stage3_peeq_max,native_stage3_mises_max,False,NATIVE_STAGE3,0.8679245283018868,0.5283018867924528,0.8113207547169812,0.07547169811320753,0.7547169811320754,8.0,PASS_TEACHER_FIELDS_EXTRACTED,,
40,S3B20_N40_B02_diversity_top,batch20_run14,,"[1,21,23,25,27,29,31,33,35,37,39,0,2,4,6,8,10,12,14,16,18,20,22,24,26,28,30,32,34,36,38,19,17,15,13,11,9,7,5,3]",,8.922922461351845e-05,0.15504635870456696,585152448.0,579926080.0,native_stage3_peeq_max,native_stage3_mises_max,False,NATIVE_STAGE3,0.9433962264150944,0.8113207547169812,0.5094339622641509,0.5377358490566038,0.8533018867924528,3.0,PASS_TEACHER_FIELDS_EXTRACTED,,
40,S3B20_N40_B03_method_c_inspired,batch20_run14,,"[0,39,19,29,9,14,24,34,4,2,6,26,21,16,11,31,36,1,3,5,7,8,10,12,13,15,17,18,20,22,23,25,27,28,30,32,33,35,37,38]",,0.0006816700476974802,0.16214661300182343,585965568.0,579926656.0,native_stage3_peeq_max,native_stage3_mises_max,False,NATIVE_STAGE3,0.5094339622641509,0.4528301886792453,0.3207547169811321,0.3113207547169812,0.4693396226415095,32.0,PASS_TEACHER_FIELDS_EXTRACTED,,
40,S3B20_N40_B04_surrogate_top,batch20_run14,,"[0,2,10,8,6,4,12,14,16,18,20,22,24,26,28,30,32,34,36,38,19,17,15,13,11,9,7,5,3,1,21,23,25,27,29,31,33,35,37,39]",,0.00018071313115797238,0.15405847132205963,582236352.0,579926464.0,native_stage3_peeq_max,native_stage3_mises_max,False,NATIVE_STAGE3,0.7169811320754718,0.8867924528301887,0.8679245283018868,0.39622641509433965,0.7500000000000001,9.0,PASS_TEACHER_FIELDS_EXTRACTED,,
40,S3B20_N40_B05_surrogate_top,batch20_run14,,"[0,2,4,6,8,10,12,14,16,18,20,22,24,26,28,30,32,34,36,38,19,17,15,13,11,9,7,5,3,1,21,23,35,33,31,29,27,25,37,39]",,0.00011205847840756178,0.1585296392440796,582652032.0,579927296.0,native_stage3_peeq_max,native_stage3_mises_max,False,NATIVE_STAGE3,0.8867924528301887,0.679245283018868,0.8301886792452831,0.16981132075471694,0.8037735849056604,4.0,PASS_TEACHER_FIELDS_EXTRACTED,,
12,S3R19B28_N12_B01_surrogate_top,batch28_run20,,"[1,11,9,7,5,3,2,0,4,6,8,10]",,3.746341781152296e-05,0.1469832807779312,581021440.0,579938496.0,native_stage3_peeq_max,native_stage3_mises_max,False,NATIVE_STAGE3,0.8709677419354839,0.7419354838709677,0.8709677419354839,0.6129032258064516,0.8322580645161292,4.0,PASS_TEACHER_FIELDS_EXTRACTED,,
12,S3R19B28_N12_B02_u2_primary_top,batch28_run20,,"[1,5,7,9,11,3,0,2,4,6,8,10]",,4.209233884466812e-05,0.14841888844966888,582993408.0,579939520.0,native_stage3_peeq_max,native_stage3_mises_max,False,NATIVE_STAGE3,0.6774193548387097,0.6451612903225806,0.25806451612903225,0.3870967741935484,0.614516129032258,12.0,PASS_TEACHER_FIELDS_EXTRACTED,,
12,S3R19B28_N12_B03_geometry_signal_top,batch28_run20,,"[1,6,5,10,3,8,7,2,9,0,11,4]",,8.043792149692308e-05,0.14243283867835999,581134528.0,579939328.0,native_stage3_peeq_max,native_stage3_mises_max,False,NATIVE_STAGE3,0.32258064516129037,0.967741935483871,0.7419354838709677,0.532258064516129,0.5040322580645162,17.0,PASS_TEACHER_FIELDS_EXTRACTED,,
12,S3R19B28_N12_B04_method_c_inspired,batch28_run20,,"[1,9,11,7,5,3,0,2,4,6,8,10]",,2.9964902523715864e-05,0.14532160758972168,582802304.0,579939584.0,native_stage3_peeq_max,native_stage3_mises_max,False,NATIVE_STAGE3,0.967741935483871,0.8387096774193549,0.29032258064516125,0.17741935483870963,0.8346774193548387,3.0,PASS_TEACHER_FIELDS_EXTRACTED,,
16,S3R19B28_N16_B01_surrogate_top,batch28_run20,,"[0,2,4,6,10,12,14,8,7,5,3,1,9,11,13,15]",,5.09631609020289e-05,0.14906533062458038,581331328.0,579948288.0,native_stage3_peeq_max,native_stage3_mises_max,False,NATIVE_STAGE3,0.6774193548387097,0.967741935483871,0.9032258064516129,0.30645161290322576,0.739516129032258,6.0,PASS_TEACHER_FIELDS_EXTRACTED,,
16,S3R19B28_N16_B02_u2_primary_top,batch28_run20,,"[2,4,6,8,10,12,14,0,1,3,5,7,9,11,13,15]",,4.3677982830558904e-05,0.1526079922914505,581782208.0,579948352.0,native_stage3_peeq_max,native_stage3_mises_max,False,NATIVE_STAGE3,0.9032258064516129,0.6129032258064516,0.5806451612903225,0.11290322580645162,0.7733870967741936,5.0,PASS_TEACHER_FIELDS_EXTRACTED,,
16,S3R19B28_N16_B03_geometry_signal_top,batch28_run20,,"[1,10,3,12,5,14,7,0,9,2,11,4,13,6,15,8]",,0.00010790423175421893,0.16054724156856537,584084224.0,579948032.0,native_stage3_peeq_max,native_stage3_mises_max,False,NATIVE_STAGE3,0.4516129032258065,0.3870967741935484,0.19354838709677424,0.5967741935483871,0.42016129032258065,20.0,PASS_TEACHER_FIELDS_EXTRACTED,,
16,S3R19B28_N16_B04_method_c_inspired,batch28_run20,,"[0,2,4,6,8,14,12,10,9,1,3,5,7,11,13,15]",,4.279385166228167e-05,0.15260666608810425,585915328.0,579948288.0,native_stage3_peeq_max,native_stage3_mises_max,False,NATIVE_STAGE3,0.967741935483871,0.6451612903225806,0.032258064516129004,0.30645161290322576,0.7766129032258065,4.0,PASS_TEACHER_FIELDS_EXTRACTED,,
24,S3R19B28_N24_B01_surrogate_top,batch28_run20,,"[2,4,6,8,10,12,14,16,18,20,22,11,9,7,5,3,1,13,15,17,19,21,23,0]",,8.261122002295451e-05,0.15338687598705292,582211520.0,579944448.0,native_stage3_peeq_max,native_stage3_mises_max,False,NATIVE_STAGE3,0.5283018867924528,0.9433962264150944,0.6415094339622642,0.4716981132075472,0.6198113207547171,21.0,PASS_TEACHER_FIELDS_EXTRACTED,,
24,S3R19B28_N24_B02_u2_primary_top,batch28_run20,,"[3,5,7,9,11,13,15,17,19,21,23,2,0,4,6,8,10,12,14,16,18,20,22,1]",,8.019191227504052e-05,0.15613804757595062,582353856.0,579944512.0,native_stage3_peeq_max,native_stage3_mises_max,False,NATIVE_STAGE3,0.6226415094339622,0.6415094339622642,0.6226415094339622,0.42452830188679247,0.6165094339622642,22.0,PASS_TEACHER_FIELDS_EXTRACTED,,
24,S3R19B28_N24_B03_geometry_signal_top,batch28_run20,,"[2,15,4,17,6,19,8,21,10,23,12,1,14,3,16,5,18,7,20,9,22,11,0,13]",,0.00023064971628627973,0.16196227073669434,583032192.0,579943168.0,native_stage3_peeq_max,native_stage3_mises_max,False,NATIVE_STAGE3,0.3207547169811321,0.4528301886792453,0.5660377358490566,0.9528301886792453,0.4033018867924529,37.0,PASS_TEACHER_FIELDS_EXTRACTED,,
24,S3R19B28_N24_B04_method_c_inspired,batch28_run20,,"[3,5,7,9,11,13,15,17,19,21,23,0,2,4,6,8,10,12,22,20,18,16,14,1]",,8.025430179259274e-05,0.16120918095111847,584544768.0,579944384.0,native_stage3_peeq_max,native_stage3_mises_max,False,NATIVE_STAGE3,0.5849056603773585,0.4716981132075472,0.339622641509434,0.5283018867924528,0.5349056603773585,28.0,PASS_TEACHER_FIELDS_EXTRACTED,,
24,S3R19B28_N24_B05_diversity_top,batch28_run20,,"[17,19,21,23,8,10,12,22,20,18,16,14,1,3,5,7,9,11,13,15,0,2,4,6]",,5.907966442464385e-05,0.16586512327194214,585390656.0,579944768.0,native_stage3_peeq_max,native_stage3_mises_max,False,NATIVE_STAGE3,0.8867924528301887,0.15094339622641506,0.2075471698113207,0.05660377358490565,0.6301886792452831,20.0,PASS_TEACHER_FIELDS_EXTRACTED,,
24,S3R19B28_N24_B06_uncertainty_calibration,batch28_run20,,"[11,21,7,17,3,13,23,9,19,5,15,1,0,2,4,6,8,10,12,14,16,18,20,22]",,7.285496940312441e-05,0.15382911264896393,580991360.0,579944640.0,native_stage3_peeq_max,native_stage3_mises_max,False,NATIVE_STAGE3,0.7547169811320755,0.8679245283018868,0.9811320754716981,0.2264150943396226,0.7735849056603774,7.0,PASS_TEACHER_FIELDS_EXTRACTED,,
24,S3R19B28_N24_B07_control_sentinel,batch28_run20,,"[20,13,6,23,16,9,2,19,12,5,22,15,8,1,18,11,4,21,14,7,0,17,10,3]",,0.00038794981196588196,0.14928853511810303,582449344.0,579944000.0,native_stage3_peeq_max,native_stage3_mises_max,False,NATIVE_STAGE3,0.15094339622641506,1.0,0.5849056603773585,0.679245283018868,0.390566037735849,39.0,PASS_TEACHER_FIELDS_EXTRACTED,,
24,S3R19B28_N24_B08_known_best_mutation,batch28_run20,,"[16,18,20,22,11,13,15,17,19,21,23,0,2,4,6,8,10,12,14,3,5,7,9,1]",,4.156047452852363e-05,0.16277655959129333,581362240.0,579944896.0,native_stage3_peeq_max,native_stage3_mises_max,False,NATIVE_STAGE3,0.9811320754716981,0.30188679245283023,0.8679245283018868,0.0,0.7849056603773584,5.0,PASS_TEACHER_FIELDS_EXTRACTED,,
24,S3R19B28_N24_B09_known_best_mutation,batch28_run20,,"[2,4,6,8,10,12,22,20,18,16,14,1,3,5,7,9,11,13,15,17,19,21,23,0]",,6.838659828645177e-05,0.15901342034339905,583970176.0,579944576.0,native_stage3_peeq_max,native_stage3_mises_max,False,NATIVE_STAGE3,0.8113207547169812,0.5660377358490566,0.39622641509433965,0.3679245283018868,0.6985849056603773,12.0,PASS_TEACHER_FIELDS_EXTRACTED,,
24,S3R19B28_N24_B10_known_best_mutation,batch28_run20,,"[0,2,4,6,8,10,12,14,16,18,20,22,11,9,7,5,3,19,21,23,17,15,13,1]",,4.000997159891995e-05,0.1574321687221527,582112512.0,579944704.0,native_stage3_peeq_max,native_stage3_mises_max,False,NATIVE_STAGE3,1.0,0.5849056603773585,0.6603773584905661,0.09433962264150941,0.8377358490566038,1.0,PASS_TEACHER_FIELDS_EXTRACTED,,
40,S3R19B28_N40_B01_surrogate_top,batch28_run20,,"[1,21,23,25,27,29,31,33,35,37,39,0,2,4,6,8,10,12,14,16,18,20,22,24,26,28,30,38,36,34,32,19,17,15,13,11,9,7,5,3]",,8.087984315352514e-05,0.16146886348724365,585938752.0,579927040.0,native_stage3_peeq_max,native_stage3_mises_max,False,NATIVE_STAGE3,0.9811320754716981,0.49056603773584906,0.37735849056603776,0.21698113207547165,0.7844339622641509,5.0,PASS_TEACHER_FIELDS_EXTRACTED,,
40,S3R19B28_N40_B02_u2_primary_top,batch28_run20,,"[0,2,4,6,8,10,12,14,16,18,20,22,24,26,28,30,32,34,36,1,21,23,25,27,29,31,33,35,37,39,38,19,17,15,13,11,9,7,5,3]",,0.00013814787780574989,0.16916553676128387,583121664.0,579926336.0,native_stage3_peeq_max,native_stage3_mises_max,False,NATIVE_STAGE3,0.8301886792452831,0.2075471698113207,0.7735849056603774,0.4528301886792453,0.6811320754716981,14.0,PASS_TEACHER_FIELDS_EXTRACTED,,
40,S3R19B28_N40_B03_geometry_signal_top,batch28_run20,,"[2,23,4,25,6,27,8,29,10,31,12,33,14,35,16,37,18,39,20,1,22,3,24,5,26,7,28,9,30,11,32,13,34,15,36,17,38,19,0,21]",,0.0007239246517656284,0.15773770213127136,585212224.0,579926080.0,native_stage3_peeq_max,native_stage3_mises_max,False,NATIVE_STAGE3,0.4716981132075472,0.7358490566037736,0.49056603773584906,0.5377358490566038,0.5297169811320755,26.0,PASS_TEACHER_FIELDS_EXTRACTED,,
40,S3R19B28_N40_B04_method_c_inspired,batch28_run20,,"[0,2,4,6,8,10,12,14,16,18,20,22,24,26,28,30,32,34,36,38,19,1,21,23,25,27,29,31,33,35,37,39,17,15,13,11,9,7,5,3]",,0.00014915617248334456,0.15665197372436523,583935936.0,579926208.0,native_stage3_peeq_max,native_stage3_mises_max,False,NATIVE_STAGE3,0.8113207547169812,0.7735849056603774,0.7169811320754718,0.4811320754716981,0.7778301886792452,7.0,PASS_TEACHER_FIELDS_EXTRACTED,,
40,S3R19B28_N40_B05_diversity_top,batch28_run20,,"[2,35,28,21,14,7,0,33,26,19,12,5,38,31,24,17,10,3,36,29,22,15,8,1,34,27,20,13,6,39,32,25,18,11,4,37,30,23,16,9]",,0.0009652040533865147,0.14422382414340973,585249728.0,579926016.0,native_stage3_peeq_max,native_stage3_mises_max,False,NATIVE_STAGE3,0.41509433962264153,1.0,0.4716981132075472,0.6226415094339622,0.5481132075471699,23.0,PASS_TEACHER_FIELDS_EXTRACTED,,
40,S3R19B28_N40_B06_uncertainty_calibration,batch28_run20,,"[19,37,15,33,11,29,7,25,3,21,39,17,35,13,31,9,27,5,23,1,0,2,4,6,8,10,12,14,16,18,20,22,24,26,28,30,32,34,36,38]",,0.0002895531576996291,0.15241271257400513,581119040.0,579926528.0,native_stage3_peeq_max,native_stage3_mises_max,False,NATIVE_STAGE3,0.5660377358490566,0.9622641509433962,1.0,0.34905660377358494,0.6778301886792453,16.0,PASS_TEACHER_FIELDS_EXTRACTED,,
40,S3R19B28_N40_B07_control_sentinel,batch28_run20,,"[28,5,22,39,16,33,10,27,4,21,38,15,32,9,26,3,20,37,14,31,8,25,2,19,36,13,30,7,24,1,18,35,12,29,6,23,0,17,34,11]",,0.0017519929679110646,0.1497652232646942,589166208.0,579925568.0,native_stage3_peeq_max,native_stage3_mises_max,False,NATIVE_STAGE3,0.09433962264150941,0.9811320754716981,0.13207547169811318,0.8490566037735849,0.3132075471698113,41.0,PASS_TEACHER_FIELDS_EXTRACTED,,
40,S3R19B28_N40_B08_known_best_mutation,batch28_run20,,"[1,21,23,25,27,28,30,32,34,36,38,0,2,4,6,8,10,12,14,16,18,20,22,24,26,29,31,33,35,37,39,19,17,15,13,11,9,7,5,3]",,0.00021076443340461992,0.1547115296125412,585281536.0,579926016.0,native_stage3_peeq_max,native_stage3_mises_max,False,NATIVE_STAGE3,0.6226415094339622,0.8301886792452831,0.4528301886792453,0.6226415094339622,0.6471698113207548,18.0,PASS_TEACHER_FIELDS_EXTRACTED,,
40,S3R19B28_N40_B09_known_best_mutation,batch28_run20,,"[1,11,13,15,17,19,21,23,25,27,29,31,33,35,37,39,0,2,4,6,8,10,12,14,16,18,20,22,24,26,28,38,36,34,32,30,9,7,5,3]",,0.0001639029087527888,0.1643984466791153,587828288.0,579925824.0,native_stage3_peeq_max,native_stage3_mises_max,False,NATIVE_STAGE3,0.7358490566037736,0.30188679245283023,0.2075471698113207,0.7169811320754718,0.5952830188679246,22.0,PASS_TEACHER_FIELDS_EXTRACTED,,
40,S3R19B28_N40_B10_known_best_mutation,batch28_run20,,"[4,6,8,10,12,14,16,18,20,22,24,26,28,38,36,34,32,30,9,7,5,3,1,11,13,15,17,19,21,23,25,27,29,31,33,35,37,39,0,2]",,0.00015046871885715518,0.1597595065832138,584999872.0,579926208.0,native_stage3_peeq_max,native_stage3_mises_max,False,NATIVE_STAGE3,0.7924528301886793,0.6037735849056604,0.5660377358490566,0.4811320754716981,0.7165094339622641,13.0,PASS_TEACHER_FIELDS_EXTRACTED,,
12,S3R24L64_N12_B01_top_region,shortlist64_run27,,"[1,11,9,5,7,3,2,0,4,6,8,10]",59a4564dddea3d39,3.981756117354962e-05,0.14761199057102203,581054144.0,579938560.0,native_stage3_peeq_max,native_stage3_mises_max,False,NATIVE_STAGE3,0.7419354838709677,0.7096774193548387,0.8387096774193549,0.5806451612903225,0.7370967741935485,6.0,PASS_TEACHER_FIELDS_EXTRACTED,,
12,S3R24L64_N12_B02_top_region,shortlist64_run27,,"[0,4,6,8,10,2,1,3,5,7,9,11]",1cde2b67a4c422fe,4.7434456064365804e-05,0.14851117134094238,583104000.0,579939584.0,native_stage3_peeq_max,native_stage3_mises_max,False,NATIVE_STAGE3,0.5483870967741935,0.5483870967741935,0.19354838709677424,0.17741935483870963,0.4943548387096774,18.0,PASS_TEACHER_FIELDS_EXTRACTED,,
12,S3R24L64_N12_B03_model_disagreement,shortlist64_run27,,"[1,5,7,9,11,3,2,0,4,6,8,10]",06159883e6ddc52e,4.803386900675832e-05,0.14844942092895508,581267264.0,579939776.0,native_stage3_peeq_max,native_stage3_mises_max,False,NATIVE_STAGE3,0.5161290322580645,0.6129032258064516,0.6774193548387097,0.0,0.5258064516129033,16.0,PASS_TEACHER_FIELDS_EXTRACTED,,
12,S3R24L64_N12_B04_uncertainty_calibration,shortlist64_run27,,"[0,10,8,6,4,3,1,2,5,7,9,11]",6e7afc0358f50959,4.548148990579648e-05,0.1537710577249527,581128832.0,579939520.0,native_stage3_peeq_max,native_stage3_mises_max,False,NATIVE_STAGE3,0.5806451612903225,0.4193548387096774,0.7741935483870968,0.3870967741935484,0.5580645161290323,14.0,PASS_TEACHER_FIELDS_EXTRACTED,,
12,S3R24L64_N12_B05_diversity_coverage,shortlist64_run27,,"[8,11,6,9,1,4,7,10,2,5,0,3]",3a2cff7d7a0ab264,3.9774539800419006e-05,0.15218588709831238,583000640.0,579939584.0,native_stage3_peeq_max,native_stage3_mises_max,False,NATIVE_STAGE3,0.7741935483870968,0.4838709677419355,0.22580645161290325,0.17741935483870963,0.6314516129032258,11.0,PASS_TEACHER_FIELDS_EXTRACTED,,
12,S3R24L64_N12_B06_tradeoff_probe,shortlist64_run27,,"[10,3,6,7,8,5,0,9,4,11,2,1]",d46806645d6af179,0.00011556239610399643,0.16311047971248627,582663488.0,579938304.0,native_stage3_peeq_max,native_stage3_mises_max,False,NATIVE_STAGE3,0.09677419354838712,0.19354838709677424,0.3870967741935484,0.8064516129032258,0.18064516129032263,30.0,PASS_TEACHER_FIELDS_EXTRACTED,,
12,S3R24L64_N12_B07_sentinel_control,shortlist64_run27,,"[7,11,8,6,9,0,2,10,3,1,4,5]",0e14ff64f93518f8,8.973477179097245e-05,0.16364413499832153,582725376.0,579938304.0,native_stage3_peeq_max,native_stage3_mises_max,False,NATIVE_STAGE3,0.25806451612903225,0.12903225806451613,0.3548387096774194,0.8064516129032258,0.26935483870967747,25.0,PASS_TEACHER_FIELDS_EXTRACTED,,
12,S3R24L64_N12_B08_exploitation_reference,shortlist64_run27,,"[1,9,11,7,5,3,2,0,4,6,8,10]",aa8720987a6b16ec,4.4157836555314134e-05,0.1451154500246048,581017728.0,579939456.0,native_stage3_peeq_max,native_stage3_mises_max,False,NATIVE_STAGE3,0.6129032258064516,0.8709677419354839,0.9032258064516129,0.4516129032258065,0.685483870967742,8.0,PASS_TEACHER_FIELDS_EXTRACTED,,
16,S3R24L64_N16_B01_top_region,shortlist64_run27,,"[0,1,3,5,7,9,11,13,15,2,4,6,8,10,12,14]",e58393cf80938931,5.932159001531545e-05,0.15644168853759766,585075776.0,579948416.0,native_stage3_peeq_max,native_stage3_mises_max,False,NATIVE_STAGE3,0.6129032258064516,0.4838709677419355,0.12903225806451613,0.016129032258064502,0.5088709677419356,16.0,PASS_TEACHER_FIELDS_EXTRACTED,,
16,S3R24L64_N16_B02_top_region,shortlist64_run27,,"[8,6,4,2,10,12,14,0,1,3,5,7,9,11,13,15]",d8810e347c863a0b,4.0733349123911466e-05,0.1522163301706314,581438784.0,579948416.0,native_stage3_peeq_max,native_stage3_mises_max,False,NATIVE_STAGE3,1.0,0.7096774193548387,0.8064516129032258,0.016129032258064502,0.8733870967741937,1.0,PASS_TEACHER_FIELDS_EXTRACTED,,
16,S3R24L64_N16_B03_model_disagreement,shortlist64_run27,,"[0,2,4,6,8,14,12,10,9,5,3,1,7,11,13,15]",7b1f9abab4fd9007,7.121505268514738e-05,0.14964671432971954,581315072.0,579948224.0,native_stage3_peeq_max,native_stage3_mises_max,False,NATIVE_STAGE3,0.5483870967741935,0.935483870967742,0.935483870967742,0.4516129032258065,0.6596774193548388,12.0,PASS_TEACHER_FIELDS_EXTRACTED,,
16,S3R24L64_N16_B04_uncertainty_calibration,shortlist64_run27,,"[0,2,3,5,8,14,12,10,7,1,4,6,9,11,13,15]",6f7864c0c7e0a04d,4.950354787069955e-05,0.15129896998405457,584900928.0,579948288.0,native_stage3_peeq_max,native_stage3_mises_max,False,NATIVE_STAGE3,0.8064516129032258,0.8064516129032258,0.16129032258064513,0.30645161290322576,0.7169354838709676,8.0,PASS_TEACHER_FIELDS_EXTRACTED,,
16,S3R24L64_N16_B05_diversity_coverage,shortlist64_run27,,"[13,15,4,6,10,12,14,8,7,5,3,1,9,11,0,2]",fdcb8720ecd084d8,8.254494787252042e-05,0.15683269500732422,583419776.0,579948288.0,native_stage3_peeq_max,native_stage3_mises_max,False,NATIVE_STAGE3,0.4838709677419355,0.4516129032258065,0.22580645161290325,0.30645161290322576,0.442741935483871,18.0,PASS_TEACHER_FIELDS_EXTRACTED,,
16,S3R24L64_N16_B06_tradeoff_probe,shortlist64_run27,,"[12,13,4,11,2,9,14,5,10,1,8,7,6,15,0,3]",f57a092a90bfb679,0.00017390073617207236,0.16976995766162872,582733120.0,579947136.0,native_stage3_peeq_max,native_stage3_mises_max,False,NATIVE_STAGE3,0.22580645161290325,0.16129032258064513,0.3548387096774194,0.8387096774193549,0.2564516129032258,25.0,PASS_TEACHER_FIELDS_EXTRACTED,,
16,S3R24L64_N16_B07_sentinel_control,shortlist64_run27,,"[6,13,3,14,5,2,7,11,10,0,9,15,4,1,8,12]",8dc607f674b89d63,0.00016095799151116807,0.157854363322258,581490432.0,579947904.0,native_stage3_peeq_max,native_stage3_mises_max,False,NATIVE_STAGE3,0.29032258064516125,0.4193548387096774,0.7419354838709677,0.6612903225806452,0.3798387096774194,22.0,PASS_TEACHER_FIELDS_EXTRACTED,,
16,S3R24L64_N16_B08_exploitation_reference,shortlist64_run27,,"[2,4,6,8,10,14,12,0,1,3,5,7,9,11,13,15]",24ca4a939f4b0812,4.2947722249664366e-05,0.15227410197257996,581874176.0,579948352.0,native_stage3_peeq_max,native_stage3_mises_max,False,NATIVE_STAGE3,0.935483870967742,0.6774193548387097,0.5483870967741935,0.11290322580645162,0.8040322580645162,3.0,PASS_TEACHER_FIELDS_EXTRACTED,,
24,S3R24L64_N24_B01_top_region,shortlist64_run27,,"[0,2,4,6,8,22,20,18,16,14,12,10,11,9,7,5,3,1,13,15,17,23,21,19]",d5d7a577aae2fbbb,7.369223112618783e-05,0.15675918757915497,581899200.0,579943680.0,native_stage3_peeq_max,native_stage3_mises_max,False,NATIVE_STAGE3,0.7358490566037736,0.6226415094339622,0.679245283018868,0.839622641509434,0.7127358490566038,10.0,PASS_TEACHER_FIELDS_EXTRACTED,,
24,S3R24L64_N24_B02_top_region,shortlist64_run27,,"[0,2,4,6,8,10,12,22,20,18,16,14,1,3,5,7,23,21,19,17,15,13,11,9]",dfa42d2d41100d6a,8.462275673082331e-05,0.16258181631565094,586835584.0,579944448.0,native_stage3_peeq_max,native_stage3_mises_max,False,NATIVE_STAGE3,0.49056603773584906,0.3584905660377359,0.09433962264150941,0.4716981132075472,0.4235849056603774,35.0,PASS_TEACHER_FIELDS_EXTRACTED,,
24,S3R24L64_N24_B03_top_region,shortlist64_run27,,"[2,0,4,6,8,10,12,14,16,18,20,22,11,9,7,5,3,1,13,15,17,19,21,23]",61876ec3bbab3171,6.807913905504392e-05,0.15435466170310974,581713792.0,579944640.0,native_stage3_peeq_max,native_stage3_mises_max,False,NATIVE_STAGE3,0.8301886792452831,0.7735849056603774,0.7924528301886793,0.2264150943396226,0.7849056603773585,4.0,PASS_TEACHER_FIELDS_EXTRACTED,,
24,S3R24L64_N24_B04_top_region,shortlist64_run27,,"[0,2,4,6,8,10,12,14,16,18,20,22,23,21,19,3,5,7,9,11,17,15,13,1]",ddb347cb94c3ba51,8.125130443659145e-05,0.1610715538263321,583307264.0,579944448.0,native_stage3_peeq_max,native_stage3_mises_max,False,NATIVE_STAGE3,0.5471698113207547,0.49056603773584906,0.4528301886792453,0.4716981132075472,0.5226415094339624,30.0,PASS_TEACHER_FIELDS_EXTRACTED,,
24,S3R24L64_N24_B05_top_region,shortlist64_run27,,"[0,2,4,6,8,10,12,18,20,22,16,14,1,3,5,7,9,11,13,15,17,19,21,23]",30f88e82766f163e,6.770852269255556e-05,0.15724237263202667,586670400.0,579943872.0,native_stage3_peeq_max,native_stage3_mises_max,False,NATIVE_STAGE3,0.8490566037735849,0.6037735849056604,0.13207547169811318,0.7735849056603774,0.7245283018867925,9.0,PASS_TEACHER_FIELDS_EXTRACTED,,
24,S3R24L64_N24_B06_model_disagreement,shortlist64_run27,,"[11,21,7,17,9,13,23,3,19,5,15,1,0,2,4,6,8,10,12,14,16,18,20,22]",5e8f606e284ef168,8.061707694650977e-05,0.1534445732831955,580875968.0,579944640.0,native_stage3_peeq_max,native_stage3_mises_max,False,NATIVE_STAGE3,0.5660377358490566,0.9245283018867925,1.0,0.2264150943396226,0.6641509433962264,17.5,PASS_TEACHER_FIELDS_EXTRACTED,,
24,S3R24L64_N24_B07_model_disagreement,shortlist64_run27,,"[11,5,7,17,3,13,23,9,19,21,15,1,0,2,4,6,8,10,12,14,16,18,20,22]",c892039c42dfb0f4,7.37363538974023e-05,0.15380693972110748,581218368.0,579944576.0,native_stage3_peeq_max,native_stage3_mises_max,False,NATIVE_STAGE3,0.6981132075471699,0.8867924528301887,0.9056603773584906,0.3679245283018868,0.7400943396226416,8.0,PASS_TEACHER_FIELDS_EXTRACTED,,
24,S3R24L64_N24_B08_model_disagreement,shortlist64_run27,,"[11,21,7,17,3,13,5,9,19,23,15,1,0,2,4,6,8,10,12,14,16,18,20,22]",7045906b4126d893,8.019874189812981e-05,0.1531224399805069,581032512.0,579944640.0,native_stage3_peeq_max,native_stage3_mises_max,False,NATIVE_STAGE3,0.6037735849056604,0.9622641509433962,0.9622641509433962,0.2264150943396226,0.6924528301886793,13.0,PASS_TEACHER_FIELDS_EXTRACTED,,
24,S3R24L64_N24_B09_model_disagreement,shortlist64_run27,,"[11,21,7,17,3,13,23,9,19,5,15,1,0,2,4,6,8,10,12,22,20,18,16,14]",245a8b26b41f99ed,6.930613835720578e-05,0.16270247101783752,587378304.0,579943680.0,native_stage3_peeq_max,native_stage3_mises_max,False,NATIVE_STAGE3,0.7924528301886793,0.339622641509434,0.05660377358490565,0.839622641509434,0.6306603773584906,19.0,PASS_TEACHER_FIELDS_EXTRACTED,,
24,S3R24L64_N24_B10_uncertainty_calibration,shortlist64_run27,,"[0,2,4,6,8,10,13,14,16,18,20,22,11,9,7,5,3,1,12,15,17,19,21,23]",1ee1ce45fe1ba3e6,7.942568845464848e-05,0.15425004065036774,581681088.0,579944640.0,native_stage3_peeq_max,native_stage3_mises_max,False,NATIVE_STAGE3,0.6415094339622642,0.8113207547169812,0.8113207547169812,0.2264150943396226,0.6716981132075472,15.0,PASS_TEACHER_FIELDS_EXTRACTED,,
24,S3R24L64_N24_B11_uncertainty_calibration,shortlist64_run27,,"[11,21,7,17,3,13,23,9,19,5,15,1,0,2,20,6,8,10,12,14,16,18,4,22]",e54c35986492c68a,0.00011707830981322331,0.15435701608657837,581163200.0,579943360.0,native_stage3_peeq_max,native_stage3_mises_max,False,NATIVE_STAGE3,0.39622641509433965,0.7547169811320755,0.9433962264150944,0.8962264150943396,0.5476415094339623,26.0,PASS_TEACHER_FIELDS_EXTRACTED,,
24,S3R24L64_N24_B12_uncertainty_calibration,shortlist64_run27,,"[11,21,7,17,3,13,23,9,19,5,15,1,0,18,4,6,8,10,12,14,16,2,20,22]",97c3cadc95217af2,0.00011106191414000932,0.15534788370132446,581244224.0,579943488.0,native_stage3_peeq_max,native_stage3_mises_max,False,NATIVE_STAGE3,0.41509433962264153,0.679245283018868,0.8867924528301887,0.8679245283018868,0.5377358490566038,27.0,PASS_TEACHER_FIELDS_EXTRACTED,,
24,S3R24L64_N24_B13_uncertainty_calibration,shortlist64_run27,,"[0,2,4,6,8,10,12,14,16,18,19,22,11,9,7,5,3,1,13,15,17,20,21,23]",429442f9a7ee440f,7.370208913926035e-05,0.1641812026500702,581645440.0,579944640.0,native_stage3_peeq_max,native_stage3_mises_max,False,NATIVE_STAGE3,0.7169811320754718,0.24528301886792447,0.8301886792452831,0.2264150943396226,0.6094339622641509,23.0,PASS_TEACHER_FIELDS_EXTRACTED,,
24,S3R24L64_N24_B14_diversity_coverage,shortlist64_run27,,"[12,14,16,18,3,13,23,9,19,5,15,1,0,2,4,6,8,10,11,21,7,17,20,22]",fdb98a247a7f0f60,0.00020871601464023115,0.1766754388809204,581457152.0,579944384.0,native_stage3_peeq_max,native_stage3_mises_max,False,NATIVE_STAGE3,0.339622641509434,0.037735849056603765,0.8490566037735849,0.5283018867924528,0.339622641509434,40.0,PASS_TEACHER_FIELDS_EXTRACTED,,
24,S3R24L64_N24_B15_diversity_coverage,shortlist64_run27,,"[0,2,4,15,17,19,21,14,16,18,20,22,11,9,7,5,3,1,13,6,8,10,12,23]",61435e6dddaa6fd2,8.884969702194212e-05,0.16084113717079163,583299520.0,579944384.0,native_stage3_peeq_max,native_stage3_mises_max,False,NATIVE_STAGE3,0.4528301886792453,0.5094339622641509,0.4716981132075472,0.5283018867924528,0.469811320754717,32.0,PASS_TEACHER_FIELDS_EXTRACTED,,
24,S3R24L64_N24_B16_diversity_coverage,shortlist64_run27,,"[0,2,15,17,19,21,12,14,16,18,20,22,11,9,7,5,3,1,13,4,6,8,10,23]",01f2cb7f75d2ba0f,8.727337626623921e-05,0.1625741869211197,583067200.0,579944704.0,native_stage3_peeq_max,native_stage3_mises_max,False,NATIVE_STAGE3,0.4716981132075472,0.37735849056603776,0.5471698113207547,0.09433962264150941,0.4415094339622641,33.0,PASS_TEACHER_FIELDS_EXTRACTED,,
24,S3R24L64_N24_B17_diversity_coverage,shortlist64_run27,,"[0,2,17,15,13,1,12,14,16,18,20,22,11,9,7,5,3,19,21,23,4,6,8,10]",6644531cea779794,0.00018645457521415665,0.16230599582195282,584355136.0,579943296.0,native_stage3_peeq_max,native_stage3_mises_max,False,NATIVE_STAGE3,0.37735849056603776,0.39622641509433965,0.3584905660377359,0.9245283018867925,0.4066037735849057,36.0,PASS_TEACHER_FIELDS_EXTRACTED,,
24,S3R24L64_N24_B18_tradeoff_probe,shortlist64_run27,,"[17,4,15,6,1,18,23,14,5,22,3,2,11,16,13,8,21,10,7,12,9,20,19,0]",5847234d7bb5fec7,0.00028991260455768497,0.16930793225765228,583853568.0,579943168.0,native_stage3_peeq_max,native_stage3_mises_max,False,NATIVE_STAGE3,0.2075471698113207,0.09433962264150941,0.4339622641509434,0.9528301886792453,0.24481132075471695,45.0,PASS_TEACHER_FIELDS_EXTRACTED,,
24,S3R24L64_N24_B19_tradeoff_probe,shortlist64_run27,,"[17,19,21,23,8,10,12,22,20,18,16,14,7,5,3,1,9,11,13,15,0,2,4,6]",8347904d193448a1,5.9768303799501155e-05,0.16470889747142792,585381696.0,579944000.0,native_stage3_peeq_max,native_stage3_mises_max,False,NATIVE_STAGE3,0.8679245283018868,0.2075471698113207,0.24528301886792447,0.679245283018868,0.6641509433962264,17.5,PASS_TEACHER_FIELDS_EXTRACTED,,
24,S3R24L64_N24_B20_tradeoff_probe,shortlist64_run27,,"[17,19,21,23,8,10,12,22,20,18,16,14,3,1,5,7,9,11,13,15,0,2,4,6]",82d8cc4867e4c247,5.346994021238061e-05,0.16539084911346436,585390080.0,579944832.0,native_stage3_peeq_max,native_stage3_mises_max,False,NATIVE_STAGE3,0.9622641509433962,0.16981132075471694,0.2264150943396226,0.028301886792452824,0.6834905660377358,14.0,PASS_TEACHER_FIELDS_EXTRACTED,,
24,S3R24L64_N24_B21_sentinel_control,shortlist64_run27,,"[18,13,14,21,12,5,10,15,2,23,16,1,6,3,4,11,22,19,0,7,20,17,8,9]",2b407e089be11262,0.0004048996659093973,0.1666337102651596,584805888.0,579944128.0,native_stage3_peeq_max,native_stage3_mises_max,False,NATIVE_STAGE3,0.13207547169811318,0.1132075471698113,0.28301886792452835,0.6226415094339622,0.16792452830188676,50.0,PASS_TEACHER_FIELDS_EXTRACTED,,
24,S3R24L64_N24_B22_sentinel_control,shortlist64_run27,,"[21,7,16,0,14,4,19,5,12,20,8,15,23,10,3,11,1,2,6,17,13,22,18,9]",0c3c572ce8b1aad9,0.00028374255430207995,0.15257473289966583,582417280.0,579944000.0,native_stage3_peeq_max,native_stage3_mises_max,False,NATIVE_STAGE3,0.2264150943396226,0.9811320754716981,0.6037735849056604,0.679245283018868,0.43773584905660373,34.0,PASS_TEACHER_FIELDS_EXTRACTED,,
24,S3R24L64_N24_B23_exploitation_reference,shortlist64_run27,,"[0,2,4,6,8,10,12,14,16,18,20,22,11,1,3,5,7,9,13,15,17,19,21,23]",9682d973aa5c8db4,5.36375810042955e-05,0.15432971715927124,586287680.0,579944640.0,native_stage3_peeq_max,native_stage3_mises_max,False,NATIVE_STAGE3,0.9433962264150944,0.7924528301886793,0.15094339622641506,0.2264150943396226,0.7981132075471697,3.0,PASS_TEACHER_FIELDS_EXTRACTED,,
24,S3R24L64_N24_B24_exploitation_reference,shortlist64_run27,,"[0,2,4,6,8,10,12,14,16,18,20,22,11,9,1,3,5,7,13,15,17,19,21,23]",88e73e9ad94ac53f,7.06063701727544e-05,0.15387560427188873,586210112.0,579944640.0,native_stage3_peeq_max,native_stage3_mises_max,False,NATIVE_STAGE3,0.7735849056603774,0.8490566037735849,0.18867924528301883,0.2264150943396226,0.7028301886792454,11.0,PASS_TEACHER_FIELDS_EXTRACTED,,
40,S3R24L64_N40_B01_top_region,shortlist64_run27,,"[0,2,4,6,8,10,12,38,36,34,32,30,28,26,24,22,20,18,16,14,19,17,15,13,11,9,7,5,3,1,21,23,25,27,29,31,33,35,37,39]",cc574ee97e23d3a0,0.0001945985031852615,0.162837952375412,581591424.0,579927552.0,native_stage3_peeq_max,native_stage3_mises_max,False,NATIVE_STAGE3,0.6981132075471699,0.4339622641509434,0.9622641509433962,0.10377358490566035,0.6419811320754717,19.0,PASS_TEACHER_FIELDS_EXTRACTED,,
40,S3R24L64_N40_B02_top_region,shortlist64_run27,,"[33,35,37,39,0,2,4,6,8,10,12,14,16,18,20,22,24,26,28,38,36,34,32,30,9,7,5,3,1,11,13,15,17,19,21,23,25,27,29,31]",198304997aa51f7f,0.00012272537605895195,0.1667737364768982,598535360.0,579927040.0,native_stage3_peeq_max,native_stage3_mises_max,False,NATIVE_STAGE3,0.8490566037735849,0.26415094339622647,0.0,0.21698113207547165,0.6155660377358491,20.0,PASS_TEACHER_FIELDS_EXTRACTED,,
40,S3R24L64_N40_B03_top_region,shortlist64_run27,,"[31,33,35,37,39,0,2,4,6,8,10,12,14,16,18,20,22,24,26,28,30,38,36,34,32,19,17,15,13,11,9,7,5,3,1,21,23,25,27,29]",c1c108e2813bd09b,0.00010593635033728788,0.15905819833278656,592258240.0,579925632.0,native_stage3_peeq_max,native_stage3_mises_max,False,NATIVE_STAGE3,0.9245283018867925,0.6415094339622642,0.09433962264150941,0.7924528301886793,0.7783018867924529,6.0,PASS_TEACHER_FIELDS_EXTRACTED,,
40,S3R24L64_N40_B04_top_region,shortlist64_run27,,"[31,33,35,37,39,0,2,10,8,6,4,12,14,16,18,20,22,24,26,28,30,32,34,36,38,19,17,15,13,11,9,7,5,3,1,21,23,25,27,29]",baa132a2934e1658,0.00016035931412261561,0.15993769466876984,581768896.0,579925632.0,native_stage3_peeq_max,native_stage3_mises_max,False,NATIVE_STAGE3,0.7547169811320755,0.5849056603773585,0.9433962264150944,0.7924528301886793,0.7415094339622642,10.0,PASS_TEACHER_FIELDS_EXTRACTED,,
40,S3R24L64_N40_B05_top_region,shortlist64_run27,,"[33,35,37,39,0,2,4,6,8,10,12,14,16,18,20,22,24,26,28,30,38,36,34,32,19,17,15,13,11,9,7,5,3,1,21,23,25,27,29,31]",742ef66aad688f36,8.880928180587944e-05,0.16414318978786469,595921664.0,579925632.0,native_stage3_peeq_max,native_stage3_mises_max,False,NATIVE_STAGE3,0.9622641509433962,0.339622641509434,0.018867924528301883,0.7924528301886793,0.7349056603773585,11.0,PASS_TEACHER_FIELDS_EXTRACTED,,
40,S3R24L64_N40_B06_model_disagreement,shortlist64_run27,,"[8,10,12,14,16,18,20,22,24,26,28,30,32,34,36,38,19,1,21,23,25,27,29,31,33,35,37,39,17,15,13,11,9,7,5,3,0,2,4,6]",04fb04483e06ab57,0.00020166151443845592,0.16115786135196686,583783872.0,579927360.0,native_stage3_peeq_max,native_stage3_mises_max,False,NATIVE_STAGE3,0.6603773584905661,0.5094339622641509,0.7358490566037736,0.15094339622641506,0.6122641509433963,21.0,PASS_TEACHER_FIELDS_EXTRACTED,,
40,S3R24L64_N40_B07_model_disagreement,shortlist64_run27,,"[12,14,16,18,20,22,24,26,28,30,32,34,36,38,19,1,21,23,25,27,29,31,33,35,37,39,17,15,13,11,9,7,5,3,0,2,4,6,8,10]",42b2cce7b6cd3830,0.00021651915267284494,0.16294272243976593,584747776.0,579928896.0,native_stage3_peeq_max,native_stage3_mises_max,False,NATIVE_STAGE3,0.6037735849056604,0.39622641509433965,0.5849056603773585,0.018867924528301883,0.5311320754716982,25.0,PASS_TEACHER_FIELDS_EXTRACTED,,
40,S3R24L64_N40_B08_model_disagreement,shortlist64_run27,,"[0,2,4,6,8,10,12,14,16,18,20,22,24,26,28,30,32,34,36,38,19,17,15,9,7,5,3,1,11,13,21,23,25,27,29,31,33,35,37,39]",8a1c069e8cc3aab3,0.00019893523085556808,0.15381239354610443,582634112.0,579927424.0,native_stage3_peeq_max,native_stage3_mises_max,False,NATIVE_STAGE3,0.679245283018868,0.9245283018867925,0.8490566037735849,0.13207547169811318,0.7179245283018869,12.0,PASS_TEACHER_FIELDS_EXTRACTED,,
40,S3R24L64_N40_B09_model_disagreement,shortlist64_run27,,"[14,16,18,20,22,24,26,28,30,32,34,36,38,19,1,21,23,25,27,29,31,33,35,37,39,17,15,13,11,9,7,5,3,0,2,4,6,8,10,12]",9416203917957318,0.00020833183407376055,0.16438280045986176,585395200.0,579929024.0,native_stage3_peeq_max,native_stage3_mises_max,False,NATIVE_STAGE3,0.6415094339622642,0.3207547169811321,0.41509433962264153,0.0,0.5226415094339624,27.0,PASS_TEACHER_FIELDS_EXTRACTED,,
40,S3R24L64_N40_B10_uncertainty_calibration,shortlist64_run27,,"[19,20,18,21,17,22,23,16,15,24,25,14,13,26,27,12,28,11,29,10,9,30,31,8,7,32,6,33,34,5,4,35,36,3,2,37,38,1,0,39]",6cf61e7e1a0eea3f,0.0017309115501120687,0.18236134946346283,588479616.0,579926720.0,native_stage3_peeq_max,native_stage3_mises_max,False,NATIVE_STAGE3,0.1132075471698113,0.037735849056603765,0.16981132075471694,0.28301886792452835,0.1122641509433962,52.0,PASS_TEACHER_FIELDS_EXTRACTED,,
40,S3R24L64_N40_B11_uncertainty_calibration,shortlist64_run27,,"[0,2,10,8,6,4,12,14,16,18,20,22,24,26,28,30,39,19,29,9,34,21,11,31,36,1,3,5,7,13,15,17,23,25,27,32,33,35,37,38]",88607ff800752d0d,0.0005545657074890187,0.16292472183704376,586222784.0,579926080.0,native_stage3_peeq_max,native_stage3_mises_max,False,NATIVE_STAGE3,0.5471698113207547,0.41509433962264153,0.30188679245283023,0.5377358490566038,0.49575471698113216,30.0,PASS_TEACHER_FIELDS_EXTRACTED,,
40,S3R24L64_N40_B12_uncertainty_calibration,shortlist64_run27,,"[25,29,21,5,30,20,32,16,34,36,22,2,14,18,27,39,13,23,6,37,9,3,8,26,4,0,24,35,10,12,33,1,11,28,17,7,15,19,31,38]",b001209498d8d80c,0.0010631986892377654,0.16056868433952332,584326272.0,579925952.0,native_stage3_peeq_max,native_stage3_mises_max,False,NATIVE_STAGE3,0.3584905660377359,0.5660377358490566,0.6603773584905661,0.6886792452830188,0.44669811320754726,34.0,PASS_TEACHER_FIELDS_EXTRACTED,,
40,S3R24L64_N40_B13_uncertainty_calibration,shortlist64_run27,,"[22,23,25,27,28,30,24,34,4,2,6,26,21,16,11,31,36,1,3,5,7,8,10,12,13,15,17,18,20,0,39,19,29,9,14,32,33,35,37,38]",b85ba16e4db50b3e,0.0009516127437336763,0.17189238965511322,586396288.0,579926912.0,native_stage3_peeq_max,native_stage3_mises_max,False,NATIVE_STAGE3,0.4339622641509434,0.15094339622641506,0.26415094339622647,0.24528301886792447,0.35094339622641507,39.0,PASS_TEACHER_FIELDS_EXTRACTED,,
40,S3R24L64_N40_B14_diversity_coverage,shortlist64_run27,,"[0,37,28,15,24,19,34,27,4,7,36,9,10,35,26,33,12,29,2,25,18,23,20,39,32,3,16,17,22,31,30,13,8,21,38,11,6,1,14,5]",2988e56a2f6858d2,0.0011485806799669263,0.16892114281654358,583967360.0,579925056.0,native_stage3_peeq_max,native_stage3_mises_max,False,NATIVE_STAGE3,0.30188679245283023,0.24528301886792447,0.6981132075471699,0.8867924528301887,0.359433962264151,38.0,PASS_TEACHER_FIELDS_EXTRACTED,,
40,S3R24L64_N40_B15_diversity_coverage,shortlist64_run27,,"[15,32,5,34,29,8,13,2,23,4,31,26,21,10,7,20,11,38,37,24,19,16,39,0,25,18,3,6,35,12,33,14,9,28,17,30,27,36,1,22]",14e65401d5dd06f8,0.001018685414749143,0.1579287350177765,583294976.0,579926016.0,native_stage3_peeq_max,native_stage3_mises_max,False,NATIVE_STAGE3,0.39622641509433965,0.6981132075471699,0.7547169811320755,0.6226415094339622,0.5037735849056605,28.0,PASS_TEACHER_FIELDS_EXTRACTED,,
40,S3R24L64_N40_B16_diversity_coverage,shortlist64_run27,,"[9,36,33,8,7,16,23,12,5,2,21,18,37,34,25,6,15,26,3,32,1,24,35,28,19,4,39,14,31,30,29,20,11,38,13,22,17,0,27,10]",f25e144b16dbcb4d,0.0011747723910957575,0.16910290718078613,586287488.0,579926080.0,native_stage3_peeq_max,native_stage3_mises_max,False,NATIVE_STAGE3,0.26415094339622647,0.2264150943396226,0.28301886792452835,0.5377358490566038,0.2721698113207548,44.0,PASS_TEACHER_FIELDS_EXTRACTED,,
40,S3R24L64_N40_B17_diversity_coverage,shortlist64_run27,,"[8,37,6,5,2,17,26,15,24,23,22,27,32,33,12,7,30,31,28,39,38,1,18,9,34,11,14,29,16,25,36,21,20,35,10,13,4,19,0,3]",f44b5129283f065b,0.001036680686127056,0.16928334534168243,584457024.0,579925184.0,native_stage3_peeq_max,native_stage3_mises_max,False,NATIVE_STAGE3,0.37735849056603776,0.16981132075471694,0.6415094339622642,0.8679245283018868,0.3867924528301887,37.0,PASS_TEACHER_FIELDS_EXTRACTED,,
40,S3R24L64_N40_B18_tradeoff_probe,shortlist64_run27,,"[35,36,5,26,39,22,37,34,11,18,23,8,27,28,33,4,31,14,9,30,25,0,3,6,17,38,19,10,15,32,13,24,21,12,1,16,7,20,29,2]",6f26a42605f7b8eb,0.0011591740185394883,0.16599196195602417,584591488.0,579926464.0,native_stage3_peeq_max,native_stage3_mises_max,False,NATIVE_STAGE3,0.28301886792452835,0.28301886792452835,0.6226415094339622,0.39622641509433965,0.3226415094339623,40.0,PASS_TEACHER_FIELDS_EXTRACTED,,
40,S3R24L64_N40_B19_tradeoff_probe,shortlist64_run27,,"[29,30,13,20,1,2,27,38,7,22,35,32,19,6,9,14,11,28,3,16,23,24,5,34,21,12,33,26,31,10,37,18,15,8,39,36,17,4,25,0]",17709b55cd2df96c,0.0010814771626144193,0.15909770131111145,583097088.0,579926016.0,native_stage3_peeq_max,native_stage3_mises_max,False,NATIVE_STAGE3,0.339622641509434,0.6226415094339622,0.7924528301886793,0.6226415094339622,0.4556603773584906,33.0,PASS_TEACHER_FIELDS_EXTRACTED,,
40,S3R24L64_N40_B20_tradeoff_probe,shortlist64_run27,,"[25,10,33,16,29,34,1,6,13,0,31,20,19,26,27,18,23,32,5,36,35,22,37,8,17,12,7,14,39,28,15,24,9,30,3,38,21,4,11,2]",487a79ff3d38abb8,0.0013657823437824845,0.15467514097690582,584047232.0,579924800.0,native_stage3_peeq_max,native_stage3_mises_max,False,NATIVE_STAGE3,0.18867924528301883,0.8490566037735849,0.679245283018868,0.9245283018867925,0.4066037735849057,36.0,PASS_TEACHER_FIELDS_EXTRACTED,,
40,S3R24L64_N40_B21_sentinel_control,shortlist64_run27,,"[37,28,17,24,29,18,39,32,7,34,33,14,9,8,11,16,5,12,13,30,31,10,19,4,1,22,23,20,3,38,35,0,25,2,27,36,15,6,21,26]",06aac074db1c5325,0.001222780323587358,0.1619139313697815,587438016.0,579924800.0,native_stage3_peeq_max,native_stage3_mises_max,False,NATIVE_STAGE3,0.2264150943396226,0.4716981132075472,0.2264150943396226,0.9245283018867925,0.31037735849056597,42.0,PASS_TEACHER_FIELDS_EXTRACTED,,
40,S3R24L64_N40_B22_sentinel_control,shortlist64_run27,,"[22,5,8,31,32,3,18,35,6,17,12,37,16,33,30,19,10,23,36,29,26,1,24,15,2,21,0,7,28,11,4,13,34,39,14,9,20,27,38,25]",8229fb93c4d72263,0.0011096128518488513,0.15867161750793457,585093632.0,579926016.0,native_stage3_peeq_max,native_stage3_mises_max,False,NATIVE_STAGE3,0.3207547169811321,0.6603773584905661,0.5471698113207547,0.6226415094339622,0.4264150943396227,35.0,PASS_TEACHER_FIELDS_EXTRACTED,,
40,S3R24L64_N40_B23_exploitation_reference,shortlist64_run27,,"[0,2,4,6,8,10,12,14,16,18,20,38,36,34,32,30,28,26,24,22,19,17,15,13,11,9,7,5,3,1,21,23,25,27,29,31,33,35,37,39]",31eb3c72613d8e65,5.95808796788333e-05,0.15407612919807434,581783552.0,579927552.0,native_stage3_peeq_max,native_stage3_mises_max,False,NATIVE_STAGE3,1.0,0.8679245283018868,0.9245283018867925,0.10377358490566035,0.9212264150943397,1.0,PASS_TEACHER_FIELDS_EXTRACTED,,
40,S3R24L64_N40_B24_exploitation_reference,shortlist64_run27,,"[0,2,4,6,8,10,12,14,16,18,20,22,24,26,28,30,32,34,36,38,21,17,15,13,11,9,7,5,3,1,19,23,25,27,29,31,33,35,37,39]",06477238e66665b0,0.0002177569813284208,0.15378627181053162,582096064.0,579926464.0,native_stage3_peeq_max,native_stage3_mises_max,False,NATIVE_STAGE3,0.5849056603773585,0.9433962264150944,0.9056603773584906,0.39622641509433965,0.679245283018868,15.0,PASS_TEACHER_FIELDS_EXTRACTED,,
32,COPT_A01_V01,stage2_n32_legacy,stage2_n32_full32_baseline_reference_legacy,"[0,24,4,6,8,10,12,14,16,18,20,22,2,26,28,30,1,3,5,17,9,11,13,15,7,19,21,23,25,27,29,31]",de71bd73a968abf6,0.00011304519,0.1443412087857723,0.002177361454833,1.9332770133333328,peeq_guard,mises_P95_top_band,True,LEGACY_COMPATIBLE_WITH_WARNINGS,0.7794561933534743,0.6435045317220545,0.9516616314199395,0.8610271903323263,0.7735649546827795,33.0,LEGACY_TEACHER_LABEL_COMPATIBLE,D:\Projects\RL-LAM-ScanOpt\rl-training\v01\outputs\surface_tensile_gradient_full_field_label_backfill_v03\canonical_full_field_surface_gradient_teacher_labels_v03.csv,1
32,COPT_A02_V01,stage2_n32_legacy,stage2_n32_full32_baseline_reference_legacy,"[0,2,4,6,8,10,12,14,16,18,20,22,24,26,28,30,1,3,21,7,31,11,13,15,17,19,5,23,25,27,29,9]",d1069ad7773652e4,0.0001687691,0.1438829528540373,0.0039987366210559,1.9332791466666663,peeq_guard,mises_P95_top_band,True,LEGACY_COMPATIBLE_WITH_WARNINGS,0.6706948640483383,0.6948640483383686,0.8006042296072508,0.47432024169184295,0.6787009063444108,90.0,LEGACY_TEACHER_LABEL_COMPATIBLE,D:\Projects\RL-LAM-ScanOpt\rl-training\v01\outputs\surface_tensile_gradient_full_field_label_backfill_v03\canonical_full_field_surface_gradient_teacher_labels_v03.csv,2
32,COPT_A03_V01,stage2_n32_legacy,stage2_n32_full32_baseline_reference_legacy,"[0,31,15,21,7,11,19,27,3,5,9,13,17,23,29,25,1,24,30,6,8,10,12,14,16,18,20,22,2,26,28,4]",150f7b087bb79624,0.00027607675,0.1414811417460441,0.005588990165498,1.9332808746666663,peeq_guard,mises_P95_top_band,True,LEGACY_COMPATIBLE_WITH_WARNINGS,0.5558912386706949,0.9335347432024169,0.661631419939577,0.29607250755287007,0.6290030211480362,122.0,LEGACY_TEACHER_LABEL_COMPATIBLE,D:\Projects\RL-LAM-ScanOpt\rl-training\v01\outputs\surface_tensile_gradient_full_field_label_backfill_v03\canonical_full_field_surface_gradient_teacher_labels_v03.csv,3
32,COPT_A04_V01,stage2_n32_legacy,stage2_n32_full32_baseline_reference_legacy,"[0,31,15,23,7,11,19,27,3,5,9,13,17,21,25,1,29,2,4,6,8,10,18,14,20,12,22,24,26,16,28,30]",8bf8de5b0cc00f27,0.00031909993,0.1411441011726856,0.0023355938251504,1.93327712,peeq_guard,mises_P95_top_band,True,LEGACY_COMPATIBLE_WITH_WARNINGS,0.5347432024169184,0.9546827794561934,0.9395770392749244,0.8489425981873112,0.6749244712990937,92.0,LEGACY_TEACHER_LABEL_COMPATIBLE,D:\Projects\RL-LAM-ScanOpt\rl-training\v01\outputs\surface_tensile_gradient_full_field_label_backfill_v03\canonical_full_field_surface_gradient_teacher_labels_v03.csv,4
32,COPT_A05_V01,stage2_n32_legacy,stage2_n32_full32_baseline_reference_legacy,"[0,31,15,23,7,11,19,27,3,5,9,13,17,21,25,29,1,2,4,6,10,12,14,16,18,20,8,22,24,26,30,28]",d908ed957326253d,0.00021312087,0.1437160982191563,0.0022388221177822,1.933277568,peeq_guard,mises_P95_top_band,True,LEGACY_COMPATIBLE_WITH_WARNINGS,0.5981873111782477,0.7069486404833837,0.945619335347432,0.770392749244713,0.6632930513595167,99.0,LEGACY_TEACHER_LABEL_COMPATIBLE,D:\Projects\RL-LAM-ScanOpt\rl-training\v01\outputs\surface_tensile_gradient_full_field_label_backfill_v03\canonical_full_field_surface_gradient_teacher_labels_v03.csv,5
32,COPT_A06_V01,stage2_n32_legacy,stage2_n32_full32_baseline_reference_legacy,"[0,31,15,23,5,9,13,7,11,19,27,3,17,21,25,29,1,2,4,6,8,10,12,14,16,18,20,22,24,26,28,30]",eae79a314fb36b48,0.00014985347,0.1455014341324567,0.0011476153648877,1.933277226666667,peeq_guard,mises_P95_top_band,True,LEGACY_COMPATIBLE_WITH_WARNINGS,0.7039274924471299,0.44712990936555896,0.9969788519637462,0.824773413897281,0.6879154078549848,85.0,LEGACY_TEACHER_LABEL_COMPATIBLE,D:\Projects\RL-LAM-ScanOpt\rl-training\v01\outputs\surface_tensile_gradient_full_field_label_backfill_v03\canonical_full_field_surface_gradient_teacher_labels_v03.csv,6
32,COPT_A07_V01,stage2_n32_legacy,stage2_n32_full32_baseline_reference_legacy,"[0,31,15,23,7,11,19,9,27,3,5,13,17,21,25,29,1,2,4,6,8,10,12,14,16,18,22,24,20,26,28,30]",d17e626b91781f52,0.0001806351,0.1436414587497711,0.0011856388038683,1.9332772906666669,peeq_guard,mises_P95_top_band,True,LEGACY_COMPATIBLE_WITH_WARNINGS,0.6555891238670695,0.7250755287009063,0.9939577039274925,0.8141993957703928,0.7112537764350453,73.0,LEGACY_TEACHER_LABEL_COMPATIBLE,D:\Projects\RL-LAM-ScanOpt\rl-training\v01\outputs\surface_tensile_gradient_full_field_label_backfill_v03\canonical_full_field_surface_gradient_teacher_labels_v03.csv,7
32,COPT_A08_V01,stage2_n32_legacy,stage2_n32_full32_baseline_reference_legacy,"[0,31,15,23,7,11,19,27,3,5,9,13,21,25,29,1,17,10,8,6,4,2,12,14,16,18,20,22,24,26,28,30]",cf77394dcfd46559,0.00023296151,0.1441057754307985,0.0013786797638481,1.9332767573333336,peeq_guard,mises_P95_top_band,True,LEGACY_COMPATIBLE_WITH_WARNINGS,0.5770392749244713,0.6676737160120846,0.9879154078549849,0.9063444108761329,0.6527190332326283,107.0,LEGACY_TEACHER_LABEL_COMPATIBLE,D:\Projects\RL-LAM-ScanOpt\rl-training\v01\outputs\surface_tensile_gradient_full_field_label_backfill_v03\canonical_full_field_surface_gradient_teacher_labels_v03.csv,8
32,GNNU_A01_V01,stage2_n32_legacy,stage2_n32_gnn_rl_legacy,"[0,18,20,22,24,2,4,6,26,28,30,14,12,9,7,5,21,23,25,3,8,10,16,1,17,19,27,31,29,15,13,11]",388a3699304822af,0.00036397835,0.1457993406057358,0.0069751548480718,1.9332792746666665,peeq_guard,mises_P95_top_band,True,LEGACY_COMPATIBLE_WITH_WARNINGS,0.5196374622356495,0.40181268882175225,0.5015105740181269,0.4607250755287009,0.49131419939577037,196.5,LEGACY_TEACHER_LABEL_COMPATIBLE,D:\Projects\RL-LAM-ScanOpt\rl-training\v01\outputs\surface_tensile_gradient_full_field_label_backfill_v03\canonical_full_field_surface_gradient_teacher_labels_v03.csv,10
32,GNNU_A02_V01,stage2_n32_legacy,stage2_n32_gnn_rl_legacy,"[0,2,21,23,25,4,6,8,10,12,14,16,18,20,22,24,26,1,3,5,28,30,7,9,11,13,15,17,19,27,29,31]",d9d0766ae342957e,8.327191e-05,0.1476096954941749,0.0054133643322144,1.9332779733333332,peeq_guard,mises_P95_top_band,True,LEGACY_COMPATIBLE_WITH_WARNINGS,0.9093655589123867,0.22960725075528698,0.6858006042296072,0.6948640483383686,0.7403323262839879,53.0,LEGACY_TEACHER_LABEL_COMPATIBLE,D:\Projects\RL-LAM-ScanOpt\rl-training\v01\outputs\surface_tensile_gradient_full_field_label_backfill_v03\canonical_full_field_surface_gradient_teacher_labels_v03.csv,11
32,GNNU_A03_V01,stage2_n32_legacy,stage2_n32_gnn_rl_legacy,"[21,6,8,10,23,25,0,24,4,12,14,16,18,20,22,2,26,28,30,1,3,5,17,9,11,13,15,7,19,27,29,31]",b00d4bfd5cecd1db,0.00027789903,0.144601993560791,0.0133180833646341,1.933282112,peeq_guard,mises_P95_top_band,True,LEGACY_COMPATIBLE_WITH_WARNINGS,0.552870090634441,0.5861027190332326,0.09667673716012082,0.22960725075528698,0.49773413897280966,193.0,LEGACY_TEACHER_LABEL_COMPATIBLE,D:\Projects\RL-LAM-ScanOpt\rl-training\v01\outputs\surface_tensile_gradient_full_field_label_backfill_v03\canonical_full_field_surface_gradient_teacher_labels_v03.csv,12
32,GNNU_A04_V01,stage2_n32_legacy,stage2_n32_gnn_rl_legacy,"[21,23,25,0,2,4,6,8,10,12,14,16,18,20,22,24,28,30,1,26,3,5,7,9,11,13,15,17,19,27,29,31]",054c48ab099bf14a,6.962782e-05,0.1436463065445423,0.0064550441761141,1.9332788053333332,peeq_guard,mises_P95_top_band,True,LEGACY_COMPATIBLE_WITH_WARNINGS,0.9546827794561934,0.7160120845921449,0.5619335347432024,0.5377643504531722,0.8468277945619336,6.0,LEGACY_TEACHER_LABEL_COMPATIBLE,D:\Projects\RL-LAM-ScanOpt\rl-training\v01\outputs\surface_tensile_gradient_full_field_label_backfill_v03\canonical_full_field_surface_gradient_teacher_labels_v03.csv,13
32,LHYB_BEAM_V01,stage2_n32_legacy,stage2_n32_full32_baseline_reference_legacy,"[0,2,4,6,8,10,12,14,16,18,20,22,24,26,28,30,1,3,5,7,9,11,13,15,17,19,21,23,25,27,31,29]",139ecd672777dd34,0.00010524642,0.1475193657726049,0.002492819928199,1.9332781866666664,peeq_guard,mises_P95_top_band,True,LEGACY_COMPATIBLE_WITH_WARNINGS,0.8036253776435045,0.2416918429003021,0.9244712990936556,0.661631419939577,0.6962235649546827,81.0,LEGACY_TEACHER_LABEL_COMPATIBLE,D:\Projects\RL-LAM-ScanOpt\rl-training\v01\outputs\surface_tensile_gradient_full_field_label_backfill_v03\canonical_full_field_surface_gradient_teacher_labels_v03.csv,19
32,LHYB_MAXH_V01,stage2_n32_legacy,stage2_n32_full32_baseline_reference_legacy,"[0,4,8,12,16,20,24,28,26,22,18,14,10,6,1,3,9,5,7,2,11,13,15,17,19,21,23,25,27,29,31,30]",a9e34dfc108c0a75,0.00014930507,0.1462439289689064,0.0010144115886554,1.9332769706666668,peeq_guard,mises_P95_top_band,True,LEGACY_COMPATIBLE_WITH_WARNINGS,0.7069486404833837,0.3595166163141994,1.0,0.8670694864048338,0.6747734138972811,93.0,LEGACY_TEACHER_LABEL_COMPATIBLE,D:\Projects\RL-LAM-ScanOpt\rl-training\v01\outputs\surface_tensile_gradient_full_field_label_backfill_v03\canonical_full_field_surface_gradient_teacher_labels_v03.csv,20
32,LHYB_N06_V01,stage2_n32_legacy,stage2_n32_full32_baseline_reference_legacy,"[0,2,4,6,8,10,12,14,1,3,5,7,9,11,13,15,20,18,16,22,24,26,28,30,17,19,21,23,25,27,29,31]",d26c50f6900ad3df,0.000100507816,0.1511004354059696,0.0030697517932725,1.933279765333333,peeq_guard,mises_P95_top_band,True,LEGACY_COMPATIBLE_WITH_WARNINGS,0.8368580060422961,0.09667673716012082,0.8640483383685801,0.404833836858006,0.6699395770392749,96.0,LEGACY_TEACHER_LABEL_COMPATIBLE,D:\Projects\RL-LAM-ScanOpt\rl-training\v01\outputs\surface_tensile_gradient_full_field_label_backfill_v03\canonical_full_field_surface_gradient_teacher_labels_v03.csv,21
32,LHYB_N07_V01,stage2_n32_legacy,stage2_n32_full32_baseline_reference_legacy,"[0,2,4,6,8,10,12,14,1,3,5,7,9,15,13,11,16,18,20,22,24,26,28,30,17,19,21,23,25,27,29,31]",d90f38c12fde994e,0.00016195785,0.1505396004021168,0.003238474658688,1.9332798933333333,peeq_guard,mises_P95_top_band,True,LEGACY_COMPATIBLE_WITH_WARNINGS,0.676737160120846,0.1238670694864048,0.8368580060422961,0.38519637462235645,0.5675981873111783,165.0,LEGACY_TEACHER_LABEL_COMPATIBLE,D:\Projects\RL-LAM-ScanOpt\rl-training\v01\outputs\surface_tensile_gradient_full_field_label_backfill_v03\canonical_full_field_surface_gradient_teacher_labels_v03.csv,22
32,LHYB_N08_V01,stage2_n32_legacy,stage2_n32_full32_baseline_reference_legacy,"[0,2,4,6,8,10,12,14,1,3,5,7,9,11,13,15,22,18,20,16,24,26,28,30,17,19,21,23,25,27,29,31]",4b97b6ff7179528e,0.0001197616,0.1534410969913006,0.002855917375535,1.9332796373333332,peeq_guard,mises_P95_top_band,True,LEGACY_COMPATIBLE_WITH_WARNINGS,0.7552870090634441,0.051359516616314216,0.8761329305135952,0.4108761329305136,0.6093655589123868,141.0,LEGACY_TEACHER_LABEL_COMPATIBLE,D:\Projects\RL-LAM-ScanOpt\rl-training\v01\outputs\surface_tensile_gradient_full_field_label_backfill_v03\canonical_full_field_surface_gradient_teacher_labels_v03.csv,23
32,LHYB_N09_V01,stage2_n32_legacy,stage2_n32_full32_baseline_reference_legacy,"[0,2,4,6,8,10,12,14,1,3,5,7,15,11,13,9,16,18,20,22,24,26,28,30,17,19,21,23,25,27,29,31]",570d20649781d3d2,0.00018464979,0.1509570279717445,0.003694282143205,1.9332795946666663,peeq_guard,mises_P95_top_band,True,LEGACY_COMPATIBLE_WITH_WARNINGS,0.6404833836858006,0.10876132930513593,0.8217522658610272,0.41389728096676737,0.5409365558912387,178.5,LEGACY_TEACHER_LABEL_COMPATIBLE,D:\Projects\RL-LAM-ScanOpt\rl-training\v01\outputs\surface_tensile_gradient_full_field_label_backfill_v03\canonical_full_field_surface_gradient_teacher_labels_v03.csv,24
32,LHYB_N10_V01,stage2_n32_legacy,stage2_n32_full32_baseline_reference_legacy,"[0,2,4,6,8,10,12,14,16,18,20,22,24,26,28,30,1,3,5,7,9,11,13,15,17,19,21,23,25,31,27,29]",4535f9b835bb05c4,9.382871e-05,0.1479674944281578,0.0024928862256131,1.933278016,peeq_guard,mises_P95_top_band,True,LEGACY_COMPATIBLE_WITH_WARNINGS,0.8670694864048338,0.21450151057401812,0.9214501510574018,0.6858006042296072,0.7329305135951663,60.0,LEGACY_TEACHER_LABEL_COMPATIBLE,D:\Projects\RL-LAM-ScanOpt\rl-training\v01\outputs\surface_tensile_gradient_full_field_label_backfill_v03\canonical_full_field_surface_gradient_teacher_labels_v03.csv,25
32,LHYB_N11_V01,stage2_n32_legacy,stage2_n32_full32_baseline_reference_legacy,"[0,8,4,6,2,10,12,14,1,3,5,7,9,11,13,15,16,18,20,22,24,26,28,30,17,19,21,23,25,27,29,31]",501b6749bdd63899,0.00018009426,0.1528380643576384,0.0031911226183592,1.9332795306666668,peeq_guard,mises_P95_top_band,True,LEGACY_COMPATIBLE_WITH_WARNINGS,0.6586102719033233,0.05740181268882172,0.8459214501510575,0.4335347432024169,0.5458459214501511,174.0,LEGACY_TEACHER_LABEL_COMPATIBLE,D:\Projects\RL-LAM-ScanOpt\rl-training\v01\outputs\surface_tensile_gradient_full_field_label_backfill_v03\canonical_full_field_surface_gradient_teacher_labels_v03.csv,26
32,LHYB_N12_V01,stage2_n32_legacy,stage2_n32_full32_baseline_reference_legacy,"[0,2,4,12,8,10,6,14,1,3,5,7,9,11,13,15,16,18,20,22,24,26,28,30,17,19,21,23,25,27,29,31]",21ff3d54f4a6a2a2,0.00019075078,0.1525802120566368,0.0031964658421306,1.9332795733333328,peeq_guard,mises_P95_top_band,True,LEGACY_COMPATIBLE_WITH_WARNINGS,0.6344410876132931,0.06042296072507558,0.8429003021148036,0.41993957703927487,0.5297583081570998,185.0,LEGACY_TEACHER_LABEL_COMPATIBLE,D:\Projects\RL-LAM-ScanOpt\rl-training\v01\outputs\surface_tensile_gradient_full_field_label_backfill_v03\canonical_full_field_surface_gradient_teacher_labels_v03.csv,27
32,LHYB_N13_V01,stage2_n32_legacy,stage2_n32_full32_baseline_reference_legacy,"[0,2,4,6,8,10,12,14,1,3,5,7,9,11,13,15,16,18,20,22,24,26,28,30,17,29,21,23,25,27,19,31]",1a8d921e3eb274bd,0.00018272015,0.1566921968758106,0.0031199638199662,1.9332795306666668,peeq_guard,mises_P95_top_band,True,LEGACY_COMPATIBLE_WITH_WARNINGS,0.649546827794562,0.01812688821752262,0.8580060422960725,0.4335347432024169,0.5333081570996979,183.0,LEGACY_TEACHER_LABEL_COMPATIBLE,D:\Projects\RL-LAM-ScanOpt\rl-training\v01\outputs\surface_tensile_gradient_full_field_label_backfill_v03\canonical_full_field_surface_gradient_teacher_labels_v03.csv,28
32,LHYB_N14_V01,stage2_n32_legacy,stage2_n32_full32_baseline_reference_legacy,"[0,6,16,22,28,12,10,8,4,1,11,13,17,19,23,25,31,29,27,2,14,18,20,24,26,30,21,3,5,7,9,15]",2438428686464ea0,0.0005028265,0.1424879087507724,0.0170823763768943,1.9332859733333332,peeq_guard,mises_P95_top_band,True,LEGACY_COMPATIBLE_WITH_WARNINGS,0.4380664652567976,0.8489425981873112,0.033232628398791486,0.17220543806646527,0.46646525679758316,201.0,LEGACY_TEACHER_LABEL_COMPATIBLE,D:\Projects\RL-LAM-ScanOpt\rl-training\v01\outputs\surface_tensile_gradient_full_field_label_backfill_v03\canonical_full_field_surface_gradient_teacher_labels_v03.csv,29
32,LHYB_N15_V01,stage2_n32_legacy,stage2_n32_full32_baseline_reference_legacy,"[1,3,5,7,9,11,13,15,17,19,21,23,25,27,31,29,24,22,20,18,16,14,12,10,8,6,0,2,4,26,28,30]",2754975f55c127ee,8.962015e-05,0.1451372765004634,0.0037587813351085,1.933277184,peeq_guard,mises_P95_top_band,True,LEGACY_COMPATIBLE_WITH_WARNINGS,0.879154078549849,0.5045317220543807,0.8157099697885196,0.8353474320241692,0.7956948640483383,21.0,LEGACY_TEACHER_LABEL_COMPATIBLE,D:\Projects\RL-LAM-ScanOpt\rl-training\v01\outputs\surface_tensile_gradient_full_field_label_backfill_v03\canonical_full_field_surface_gradient_teacher_labels_v03.csv,30
32,LHYB_PARH_V01,stage2_n32_legacy,stage2_n32_full32_baseline_reference_legacy,"[0,2,4,6,8,1,3,5,7,9,11,13,15,17,19,21,23,25,27,31,29,10,12,14,16,18,20,22,24,26,28,30]",f53bf3257a4c0035,0.00011807042,0.1494225899875164,0.0063245046969325,1.9332805333333332,peeq_guard,mises_P95_top_band,True,LEGACY_COMPATIBLE_WITH_WARNINGS,0.7643504531722054,0.1570996978851964,0.5800604229607251,0.31722054380664655,0.6021148036253777,147.0,LEGACY_TEACHER_LABEL_COMPATIBLE,D:\Projects\RL-LAM-ScanOpt\rl-training\v01\outputs\surface_tensile_gradient_full_field_label_backfill_v03\canonical_full_field_surface_gradient_teacher_labels_v03.csv,31
32,LHYB_PIMG_V01,stage2_n32_legacy,stage2_n32_full32_baseline_reference_legacy,"[0,2,4,6,8,1,3,5,7,9,11,13,15,17,10,12,14,16,18,20,22,24,26,19,21,23,25,27,31,29,28,30]",d575ddf82b4726dc,0.0001932829,0.1659872452914715,0.0021355838814491,1.933280384,peeq_guard,mises_P95_top_band,True,LEGACY_COMPATIBLE_WITH_WARNINGS,0.6223564954682779,0.0060422960725075026,0.9546827794561934,0.3308157099697885,0.517749244712991,189.0,LEGACY_TEACHER_LABEL_COMPATIBLE,D:\Projects\RL-LAM-ScanOpt\rl-training\v01\outputs\surface_tensile_gradient_full_field_label_backfill_v03\canonical_full_field_surface_gradient_teacher_labels_v03.csv,32
32,LHYB_PWLS_V01,stage2_n32_legacy,stage2_n32_full32_baseline_reference_legacy,"[2,0,4,6,8,10,12,14,1,3,5,7,9,11,13,15,16,18,20,22,24,26,28,30,17,19,21,23,25,27,29,31]",57126e2e23941d36,0.00013788322,0.1523811543732881,0.0031464417962556,1.9332797013333327,peeq_guard,mises_P95_top_band,True,LEGACY_COMPATIBLE_WITH_WARNINGS,0.7341389728096677,0.06646525679758308,0.851963746223565,0.40785498489425986,0.5960725075528701,150.0,LEGACY_TEACHER_LABEL_COMPATIBLE,D:\Projects\RL-LAM-ScanOpt\rl-training\v01\outputs\surface_tensile_gradient_full_field_label_backfill_v03\canonical_full_field_surface_gradient_teacher_labels_v03.csv,33
32,R20_001_V01,stage2_n32_legacy,stage2_n32_full32_baseline_reference_legacy,"[25,18,26,11,6,19,8,24,9,13,21,23,1,15,3,5,22,12,4,10,28,31,27,20,29,7,17,0,2,16,30,14]",a26952f529c7041a,0.0006996677,0.1446594668924808,0.0096344622528991,1.9332811306666668,peeq_guard,mises_P95_top_band,True,LEGACY_COMPATIBLE_WITH_WARNINGS,0.19939577039274925,0.5740181268882175,0.2537764350453172,0.28851963746223563,0.284214501510574,254.0,LEGACY_TEACHER_LABEL_COMPATIBLE,D:\Projects\RL-LAM-ScanOpt\rl-training\v01\outputs\surface_tensile_gradient_full_field_label_backfill_v03\canonical_full_field_surface_gradient_teacher_labels_v03.csv,58
32,R20_002_V01,stage2_n32_legacy,stage2_n32_full32_baseline_reference_legacy,"[20,30,7,13,15,6,14,0,26,17,2,29,22,18,12,25,3,19,4,10,28,16,9,21,24,8,27,23,1,11,5,31]",787d67d6f0aa0ac5,0.00076177897,0.141919806972146,0.0075541771219128,1.933276736,peeq_guard,mises_P95_top_band,True,LEGACY_COMPATIBLE_WITH_WARNINGS,0.06646525679758308,0.9063444108761329,0.43504531722054385,0.9199395770392749,0.3139728096676737,241.0,LEGACY_TEACHER_LABEL_COMPATIBLE,D:\Projects\RL-LAM-ScanOpt\rl-training\v01\outputs\surface_tensile_gradient_full_field_label_backfill_v03\canonical_full_field_surface_gradient_teacher_labels_v03.csv,59
32,R20_003_V01,stage2_n32_legacy,stage2_n32_full32_baseline_reference_legacy,"[15,28,12,27,13,21,9,22,14,6,7,1,20,0,11,29,17,31,2,4,10,25,8,5,19,26,24,3,30,16,18,23]",bf3f93db255fe946,0.0006344148,0.1459808041155338,0.014713720272464,1.9332835413333331,peeq_guard,mises_P95_top_band,True,LEGACY_COMPATIBLE_WITH_WARNINGS,0.32326283987915405,0.3867069486404834,0.06646525679758308,0.18731117824773413,0.30347432024169185,246.0,LEGACY_TEACHER_LABEL_COMPATIBLE,D:\Projects\RL-LAM-ScanOpt\rl-training\v01\outputs\surface_tensile_gradient_full_field_label_backfill_v03\canonical_full_field_surface_gradient_teacher_labels_v03.csv,60
32,R20_004_V01,stage2_n32_legacy,stage2_n32_full32_baseline_reference_legacy,"[26,4,22,30,19,20,17,1,27,11,14,28,21,8,18,23,31,7,5,13,2,3,10,6,0,9,12,29,24,16,15,25]",501f5d3080829955,0.00060761883,0.1437250269949436,0.0126134724886619,1.933283456,peeq_guard,mises_P95_top_band,True,LEGACY_COMPATIBLE_WITH_WARNINGS,0.35649546827794565,0.7039274924471299,0.12688821752265866,0.1963746223564955,0.3950151057401813,217.0,LEGACY_TEACHER_LABEL_COMPATIBLE,D:\Projects\RL-LAM-ScanOpt\rl-training\v01\outputs\surface_tensile_gradient_full_field_label_backfill_v03\canonical_full_field_surface_gradient_teacher_labels_v03.csv,61
32,R20_005_V01,stage2_n32_legacy,stage2_n32_full32_baseline_reference_legacy,"[31,18,20,8,12,13,11,29,7,27,14,25,17,5,24,10,16,26,23,30,19,3,2,21,4,9,1,6,0,22,15,28]",ee20d9e609f44374,0.00072076544,0.1452385801821947,0.0082372788816543,1.933283136,peeq_guard,mises_P95_top_band,True,LEGACY_COMPATIBLE_WITH_WARNINGS,0.14803625377643503,0.4833836858006042,0.3413897280966768,0.202416918429003,0.23716012084592147,271.0,LEGACY_TEACHER_LABEL_COMPATIBLE,D:\Projects\RL-LAM-ScanOpt\rl-training\v01\outputs\surface_tensile_gradient_full_field_label_backfill_v03\canonical_full_field_surface_gradient_teacher_labels_v03.csv,62
32,R20_006_V01,stage2_n32_legacy,stage2_n32_full32_baseline_reference_legacy,"[21,26,17,5,24,1,16,20,22,18,6,4,30,8,10,11,15,28,31,13,2,3,25,9,14,12,29,27,7,19,23,0]",336c0730ab19553f,0.0005134348,0.1453380124270916,0.0071287389738898,1.933277824,peeq_guard,mises_P95_top_band,True,LEGACY_COMPATIBLE_WITH_WARNINGS,0.43504531722054385,0.45921450151057397,0.4894259818731118,0.7280966767371602,0.45996978851963743,203.0,LEGACY_TEACHER_LABEL_COMPATIBLE,D:\Projects\RL-LAM-ScanOpt\rl-training\v01\outputs\surface_tensile_gradient_full_field_label_backfill_v03\canonical_full_field_surface_gradient_teacher_labels_v03.csv,63
32,R20_007_V01,stage2_n32_legacy,stage2_n32_full32_baseline_reference_legacy,"[23,19,24,18,14,17,16,2,5,12,21,15,13,3,29,30,6,31,26,8,22,4,10,0,28,25,20,7,11,1,27,9]",66228532edabb4d8,0.0006840942,0.1448824440687895,0.0106767510444708,1.933277610666667,peeq_guard,mises_P95_top_band,True,LEGACY_COMPATIBLE_WITH_WARNINGS,0.23867069486404835,0.5438066465256798,0.18731117824773413,0.7673716012084593,0.3209969788519638,237.0,LEGACY_TEACHER_LABEL_COMPATIBLE,D:\Projects\RL-LAM-ScanOpt\rl-training\v01\outputs\surface_tensile_gradient_full_field_label_backfill_v03\canonical_full_field_surface_gradient_teacher_labels_v03.csv,64
32,R20_008_V01,stage2_n32_legacy,stage2_n32_full32_baseline_reference_legacy,"[7,23,8,3,15,18,11,22,26,29,2,9,19,24,5,16,6,1,14,30,25,0,27,13,28,4,10,20,12,21,31,17]",96958f6fecdd9449,0.0006451962,0.1449226759374142,0.0067906782148798,1.9332766506666663,peeq_guard,mises_P95_top_band,True,LEGACY_COMPATIBLE_WITH_WARNINGS,0.3141993957703928,0.5377643504531722,0.5256797583081572,0.93202416918429,0.41095166163142,214.0,LEGACY_TEACHER_LABEL_COMPATIBLE,D:\Projects\RL-LAM-ScanOpt\rl-training\v01\outputs\surface_tensile_gradient_full_field_label_backfill_v03\canonical_full_field_surface_gradient_teacher_labels_v03.csv,65
32,R20_009_V01,stage2_n32_legacy,stage2_n32_full32_baseline_reference_legacy,"[25,22,28,23,17,11,24,9,21,10,3,5,29,26,18,20,13,1,14,2,27,4,16,30,0,31,15,6,7,8,19,12]",1ab241d7885271be,0.00071829226,0.146822293177247,0.0165126506610046,1.933287338666667,peeq_guard,mises_P95_top_band,True,LEGACY_COMPATIBLE_WITH_WARNINGS,0.16918429003021151,0.2990936555891238,0.03625377643504535,0.16918429003021151,0.18187311178247736,291.0,LEGACY_TEACHER_LABEL_COMPATIBLE,D:\Projects\RL-LAM-ScanOpt\rl-training\v01\outputs\surface_tensile_gradient_full_field_label_backfill_v03\canonical_full_field_surface_gradient_teacher_labels_v03.csv,66
32,R20_010_V01,stage2_n32_legacy,stage2_n32_full32_baseline_reference_legacy,"[31,11,28,23,18,2,17,30,10,24,25,13,6,4,19,3,16,1,5,8,12,21,9,20,7,29,14,0,27,22,26,15]",2a7c726c439a7e7b,0.0006305663,0.1442990606278181,0.0133569611518775,1.9332935893333327,peeq_guard,mises_P95_top_band,True,LEGACY_COMPATIBLE_WITH_WARNINGS,0.32930513595166166,0.6555891238670695,0.09365558912386707,0.14803625377643503,0.36193353474320245,222.0,LEGACY_TEACHER_LABEL_COMPATIBLE,D:\Projects\RL-LAM-ScanOpt\rl-training\v01\outputs\surface_tensile_gradient_full_field_label_backfill_v03\canonical_full_field_surface_gradient_teacher_labels_v03.csv,67
32,R20_011_V01,stage2_n32_legacy,stage2_n32_full32_baseline_reference_legacy,"[8,29,30,24,25,14,13,10,15,19,23,17,6,2,9,16,18,1,22,11,26,0,4,21,31,12,28,7,5,3,20,27]",2c6f87fcaef0b828,0.00064207515,0.1464453610032797,0.0084922529282865,1.93327936,peeq_guard,mises_P95_top_band,True,LEGACY_COMPATIBLE_WITH_WARNINGS,0.31722054380664655,0.34441087613293053,0.31117824773413894,0.45317220543806647,0.3288519637462236,232.0,LEGACY_TEACHER_LABEL_COMPATIBLE,D:\Projects\RL-LAM-ScanOpt\rl-training\v01\outputs\surface_tensile_gradient_full_field_label_backfill_v03\canonical_full_field_surface_gradient_teacher_labels_v03.csv,68
32,R20_012_V01,stage2_n32_legacy,stage2_n32_full32_baseline_reference_legacy,"[27,9,18,11,28,2,25,0,17,10,20,8,19,13,21,5,7,23,6,1,16,31,22,29,15,4,26,24,30,12,3,14]",3632718778e30566,0.0007211436,0.145639628842473,0.012618901026573,1.933282368,peeq_guard,mises_P95_top_band,True,LEGACY_COMPATIBLE_WITH_WARNINGS,0.14501510574018128,0.42900302114803623,0.1238670694864048,0.22054380664652573,0.20347432024169188,284.0,LEGACY_TEACHER_LABEL_COMPATIBLE,D:\Projects\RL-LAM-ScanOpt\rl-training\v01\outputs\surface_tensile_gradient_full_field_label_backfill_v03\canonical_full_field_surface_gradient_teacher_labels_v03.csv,69
32,R20_013_V01,stage2_n32_legacy,stage2_n32_full32_baseline_reference_legacy,"[13,26,25,20,31,15,2,14,30,6,18,29,7,28,0,3,23,1,5,19,4,24,9,8,11,22,16,10,17,27,21,12]",a05d82434f4b2ffc,0.0006968568,0.1548140106350184,0.0218040148181232,1.9333288533333333,peeq_guard,mises_P95_top_band,True,LEGACY_COMPATIBLE_WITH_WARNINGS,0.21450151057401812,0.030211480362537735,0.012084592145015116,0.12688821752265866,0.1530211480362538,300.0,LEGACY_TEACHER_LABEL_COMPATIBLE,D:\Projects\RL-LAM-ScanOpt\rl-training\v01\outputs\surface_tensile_gradient_full_field_label_backfill_v03\canonical_full_field_surface_gradient_teacher_labels_v03.csv,70
32,R20_014_V01,stage2_n32_legacy,stage2_n32_full32_baseline_reference_legacy,"[21,10,28,27,9,22,18,24,0,1,6,30,13,2,31,17,8,20,25,11,3,15,5,19,26,4,7,29,23,14,12,16]",f83b7323e802cad5,0.00052063057,0.1419541910290718,0.0090462469215553,1.93328352,peeq_guard,mises_P95_top_band,True,LEGACY_COMPATIBLE_WITH_WARNINGS,0.4259818731117825,0.9003021148036254,0.2809667673716012,0.19033232628398788,0.4945619335347432,195.0,LEGACY_TEACHER_LABEL_COMPATIBLE,D:\Projects\RL-LAM-ScanOpt\rl-training\v01\outputs\surface_tensile_gradient_full_field_label_backfill_v03\canonical_full_field_surface_gradient_teacher_labels_v03.csv,71
32,R20_015_V01,stage2_n32_legacy,stage2_n32_full32_baseline_reference_legacy,"[30,31,12,22,10,6,18,2,16,29,17,0,19,13,27,14,15,4,11,5,26,28,3,24,25,8,23,1,7,9,20,21]",0ae8bdae96f2a81e,0.00067036925,0.1496518369019031,0.0155158273564192,1.9332888746666663,peeq_guard,mises_P95_top_band,True,LEGACY_COMPATIBLE_WITH_WARNINGS,0.2688821752265861,0.15407854984894265,0.0453172205438066,0.16616314199395765,0.218429003021148,278.0,LEGACY_TEACHER_LABEL_COMPATIBLE,D:\Projects\RL-LAM-ScanOpt\rl-training\v01\outputs\surface_tensile_gradient_full_field_label_backfill_v03\canonical_full_field_surface_gradient_teacher_labels_v03.csv,72
32,R20_016_V01,stage2_n32_legacy,stage2_n32_full32_baseline_reference_legacy,"[3,29,21,23,14,10,7,0,15,1,20,19,12,31,4,11,27,13,22,5,16,18,9,8,24,25,28,17,2,30,26,6]",e35223563d60697c,0.0006006685,0.1506801857054234,0.0077132610152084,1.93327744,peeq_guard,mises_P95_top_band,True,LEGACY_COMPATIBLE_WITH_WARNINGS,0.36253776435045315,0.1178247734138973,0.41389728096676737,0.7960725075528701,0.34040785498489423,229.0,LEGACY_TEACHER_LABEL_COMPATIBLE,D:\Projects\RL-LAM-ScanOpt\rl-training\v01\outputs\surface_tensile_gradient_full_field_label_backfill_v03\canonical_full_field_surface_gradient_teacher_labels_v03.csv,73
32,R20_017_V01,stage2_n32_legacy,stage2_n32_full32_baseline_reference_legacy,"[6,27,1,14,16,20,22,17,10,7,8,2,25,29,4,5,24,13,18,15,11,0,30,31,3,28,19,9,23,21,26,12]",119494066bbb4143,0.00054330716,0.139444812387228,0.0058085135109679,1.933276330666667,peeq_guard,mises_P95_top_band,True,LEGACY_COMPATIBLE_WITH_WARNINGS,0.4108761329305136,0.9909365558912386,0.6465256797583081,0.9818731117824774,0.5790030211480364,157.0,LEGACY_TEACHER_LABEL_COMPATIBLE,D:\Projects\RL-LAM-ScanOpt\rl-training\v01\outputs\surface_tensile_gradient_full_field_label_backfill_v03\canonical_full_field_surface_gradient_teacher_labels_v03.csv,74
32,R20_018_V01,stage2_n32_legacy,stage2_n32_full32_baseline_reference_legacy,"[12,22,11,6,24,15,23,10,27,1,17,14,28,30,18,16,0,29,2,21,4,20,31,7,13,19,5,3,9,25,8,26]",ae2c08732620b6bb,0.00069569837,0.1469347178190946,0.0086370019949498,1.9332786986666668,peeq_guard,mises_P95_top_band,True,LEGACY_COMPATIBLE_WITH_WARNINGS,0.21752265861027187,0.2809667673716012,0.30513595166163143,0.5679758308157099,0.2564954682779456,265.0,LEGACY_TEACHER_LABEL_COMPATIBLE,D:\Projects\RL-LAM-ScanOpt\rl-training\v01\outputs\surface_tensile_gradient_full_field_label_backfill_v03\canonical_full_field_surface_gradient_teacher_labels_v03.csv,75
32,R20_019_V01,stage2_n32_legacy,stage2_n32_full32_baseline_reference_legacy,"[14,9,23,18,28,21,0,1,16,24,30,12,27,3,25,6,8,11,13,5,2,17,22,26,19,7,31,4,15,20,10,29]",7659035d32d98b6e,0.0005497157,0.1448082838952541,0.0122150400419875,1.9332784640000005,peeq_guard,mises_P95_top_band,True,LEGACY_COMPATIBLE_WITH_WARNINGS,0.40785498489425986,0.5498489425981873,0.13293051359516617,0.6223564954682779,0.4194864048338369,213.0,LEGACY_TEACHER_LABEL_COMPATIBLE,D:\Projects\RL-LAM-ScanOpt\rl-training\v01\outputs\surface_tensile_gradient_full_field_label_backfill_v03\canonical_full_field_surface_gradient_teacher_labels_v03.csv,76
32,R20_020_V01,stage2_n32_legacy,stage2_n32_full32_baseline_reference_legacy,"[10,17,18,14,0,9,5,28,12,6,22,3,8,30,29,15,13,1,31,19,2,23,16,24,25,4,27,11,26,20,7,21]",ca3f167fe0b74d6c,0.00069836644,0.1478977063298225,0.0076792751187651,1.9332784213333327,peeq_guard,mises_P95_top_band,True,LEGACY_COMPATIBLE_WITH_WARNINGS,0.202416918429003,0.21752265861027187,0.42296072507552873,0.6344410876132931,0.24909365558912389,267.0,LEGACY_TEACHER_LABEL_COMPATIBLE,D:\Projects\RL-LAM-ScanOpt\rl-training\v01\outputs\surface_tensile_gradient_full_field_label_backfill_v03\canonical_full_field_surface_gradient_teacher_labels_v03.csv,77
32,RL20_A01_V01,stage2_n32_legacy,stage2_n32_gnn_rl_legacy,"[1,3,5,7,9,11,13,15,17,19,21,23,29,25,31,27,26,0,4,6,8,14,10,16,18,20,12,22,24,28,2,30]",bc4ee19b650fec8a,0.00019190836,0.1442159919440746,0.0037684739857852,1.933277824,peeq_guard,mises_P95_top_band,True,LEGACY_COMPATIBLE_WITH_WARNINGS,0.6283987915407855,0.661631419939577,0.8126888217522659,0.7280966767371602,0.6584592145015106,103.0,LEGACY_TEACHER_LABEL_COMPATIBLE,D:\Projects\RL-LAM-ScanOpt\rl-training\v01\outputs\surface_tensile_gradient_full_field_label_backfill_v03\canonical_full_field_surface_gradient_teacher_labels_v03.csv,78
32,RL20_A02_V01,stage2_n32_legacy,stage2_n32_gnn_rl_legacy,"[1,3,5,7,9,11,13,15,17,19,21,23,25,31,29,27,28,4,6,2,8,10,12,14,16,18,20,22,24,26,0,30]",d63678e07ff7be32,9.16258e-05,0.1467174778878688,0.0056934082230942,1.9332794666666664,peeq_guard,mises_P95_top_band,True,LEGACY_COMPATIBLE_WITH_WARNINGS,0.8700906344410876,0.3081570996978852,0.6525679758308157,0.4395770392749244,0.7144259818731118,70.0,LEGACY_TEACHER_LABEL_COMPATIBLE,D:\Projects\RL-LAM-ScanOpt\rl-training\v01\outputs\surface_tensile_gradient_full_field_label_backfill_v03\canonical_full_field_surface_gradient_teacher_labels_v03.csv,79
32,RL20_A03_V01,stage2_n32_legacy,stage2_n32_gnn_rl_legacy,"[1,3,5,7,9,11,13,15,17,19,21,23,27,29,31,25,28,2,4,6,8,10,12,14,16,18,22,24,26,0,30,20]",435cd5fa9d908af7,5.92723e-05,0.1446038552373647,0.0049889664326511,1.9332800426666663,peeq_guard,mises_P95_top_band,True,LEGACY_COMPATIBLE_WITH_WARNINGS,0.9909365558912386,0.5830815709969788,0.7311178247734139,0.3716012084592145,0.852416918429003,3.0,LEGACY_TEACHER_LABEL_COMPATIBLE,D:\Projects\RL-LAM-ScanOpt\rl-training\v01\outputs\surface_tensile_gradient_full_field_label_backfill_v03\canonical_full_field_surface_gradient_teacher_labels_v03.csv,80
32,RL20_A04_V01,stage2_n32_legacy,stage2_n32_gnn_rl_legacy,"[1,3,5,7,9,11,13,15,17,19,21,23,29,25,31,27,26,6,0,8,4,10,14,16,18,20,12,22,24,28,2,30]",a0a51bb2f7e79789,0.00019322826,0.1436456923186779,0.0068784426468337,1.9332775466666667,peeq_guard,mises_P95_top_band,True,LEGACY_COMPATIBLE_WITH_WARNINGS,0.6253776435045317,0.7190332326283988,0.5105740181268883,0.7764350453172205,0.6401812688821752,112.0,LEGACY_TEACHER_LABEL_COMPATIBLE,D:\Projects\RL-LAM-ScanOpt\rl-training\v01\outputs\surface_tensile_gradient_full_field_label_backfill_v03\canonical_full_field_surface_gradient_teacher_labels_v03.csv,81
32,RL20_A05_V01,stage2_n32_legacy,stage2_n32_gnn_rl_legacy,"[1,3,7,9,5,11,13,15,17,19,21,23,25,27,29,31,0,24,4,6,10,12,14,16,18,22,8,2,26,28,30,20]",6eadd0dbd7aaa7ff,0.00020777684,0.1426985010504722,0.0044203149336684,1.9332771413333327,peeq_guard,mises_P95_top_band,True,LEGACY_COMPATIBLE_WITH_WARNINGS,0.6042296072507554,0.8368580060422961,0.7583081570996979,0.8444108761329305,0.6781722054380666,91.0,LEGACY_TEACHER_LABEL_COMPATIBLE,D:\Projects\RL-LAM-ScanOpt\rl-training\v01\outputs\surface_tensile_gradient_full_field_label_backfill_v03\canonical_full_field_surface_gradient_teacher_labels_v03.csv,82
32,RL20_A06_V01,stage2_n32_legacy,stage2_n32_gnn_rl_legacy,"[1,3,5,7,9,11,13,15,17,19,21,23,25,27,29,31,0,26,4,6,8,10,14,16,18,20,22,12,24,28,30,2]",acff958cf0039bbb,0.00011071401,0.144227252677083,0.0053594634444235,1.9332783573333328,peeq_guard,mises_P95_top_band,True,LEGACY_COMPATIBLE_WITH_WARNINGS,0.7945619335347431,0.6586102719033233,0.6918429003021148,0.6435045317220545,0.7495468277945619,48.0,LEGACY_TEACHER_LABEL_COMPATIBLE,D:\Projects\RL-LAM-ScanOpt\rl-training\v01\outputs\surface_tensile_gradient_full_field_label_backfill_v03\canonical_full_field_surface_gradient_teacher_labels_v03.csv,83
32,RL20_A07_V01,stage2_n32_legacy,stage2_n32_gnn_rl_legacy,"[1,3,5,7,9,11,13,15,17,19,21,23,25,27,29,31,28,2,4,6,8,10,12,14,16,18,20,22,24,26,0,30]",123ebaedfb842686,9.814634e-05,0.1467600135505199,0.005264071493833,1.9332800426666663,peeq_guard,mises_P95_top_band,True,LEGACY_COMPATIBLE_WITH_WARNINGS,0.851963746223565,0.30513595166163143,0.7039274924471299,0.3716012084592145,0.7037764350453172,77.0,LEGACY_TEACHER_LABEL_COMPATIBLE,D:\Projects\RL-LAM-ScanOpt\rl-training\v01\outputs\surface_tensile_gradient_full_field_label_backfill_v03\canonical_full_field_surface_gradient_teacher_labels_v03.csv,84
32,RL20_A08_V01,stage2_n32_legacy,stage2_n32_gnn_rl_legacy,"[1,3,5,7,9,11,13,15,17,19,21,23,25,27,29,31,0,26,4,6,8,10,12,14,16,18,20,22,24,28,2,30]",b3f5b3ad520fa0ff,7.818476e-05,0.1453816436976194,0.0041801248003116,1.9332778453333332,peeq_guard,mises_P95_top_band,True,LEGACY_COMPATIBLE_WITH_WARNINGS,0.9244712990936556,0.4501510574018127,0.7764350453172205,0.7205438066465257,0.8046072507552869,17.0,LEGACY_TEACHER_LABEL_COMPATIBLE,D:\Projects\RL-LAM-ScanOpt\rl-training\v01\outputs\surface_tensile_gradient_full_field_label_backfill_v03\canonical_full_field_surface_gradient_teacher_labels_v03.csv,85
32,RL20_A09_V01,stage2_n32_legacy,stage2_n32_gnn_rl_legacy,"[1,3,5,7,9,11,13,15,17,19,21,23,25,27,29,31,4,24,0,6,10,12,14,16,18,22,8,2,26,28,30,20]",7b08e91b6c237a8a,0.00021868263,0.1426624622941017,0.0061001968994291,1.9332779733333332,peeq_guard,mises_P95_top_band,True,LEGACY_COMPATIBLE_WITH_WARNINGS,0.5891238670694864,0.8398791540785498,0.607250755287009,0.6948640483383686,0.6463746223564955,110.0,LEGACY_TEACHER_LABEL_COMPATIBLE,D:\Projects\RL-LAM-ScanOpt\rl-training\v01\outputs\surface_tensile_gradient_full_field_label_backfill_v03\canonical_full_field_surface_gradient_teacher_labels_v03.csv,86
32,RL20_A10_V01,stage2_n32_legacy,stage2_n32_gnn_rl_legacy,"[1,3,5,7,9,11,13,15,17,19,21,23,25,27,29,31,0,24,4,6,10,12,14,16,18,22,8,2,26,28,30,20]",97325bb9d333eea1,0.00019140293,0.1427520199120044,0.0044110063865949,1.9332773546666664,peeq_guard,mises_P95_top_band,True,LEGACY_COMPATIBLE_WITH_WARNINGS,0.6314199395770392,0.8308157099697885,0.7613293051359517,0.8066465256797584,0.6930513595166163,82.0,LEGACY_TEACHER_LABEL_COMPATIBLE,D:\Projects\RL-LAM-ScanOpt\rl-training\v01\outputs\surface_tensile_gradient_full_field_label_backfill_v03\canonical_full_field_surface_gradient_teacher_labels_v03.csv,87
32,RL20_A11_V01,stage2_n32_legacy,stage2_n32_gnn_rl_legacy,"[1,3,5,7,9,11,13,15,17,19,21,23,25,27,29,31,28,4,6,2,8,10,12,14,16,18,20,22,24,26,0,30]",e85454343e3b59f2,0.00010101545,0.1466953812539577,0.0056904322486372,1.9332795733333328,peeq_guard,mises_P95_top_band,True,LEGACY_COMPATIBLE_WITH_WARNINGS,0.824773413897281,0.31117824773413894,0.6555891238670695,0.41993957703927487,0.6848942598187312,86.0,LEGACY_TEACHER_LABEL_COMPATIBLE,D:\Projects\RL-LAM-ScanOpt\rl-training\v01\outputs\surface_tensile_gradient_full_field_label_backfill_v03\canonical_full_field_surface_gradient_teacher_labels_v03.csv,88
32,RL20_A12_V01,stage2_n32_legacy,stage2_n32_gnn_rl_legacy,"[1,3,5,7,9,11,13,15,17,19,21,23,25,27,29,31,0,26,4,6,8,10,12,14,16,18,20,22,24,2,28,30]",b28238408a67e793,7.80725e-05,0.1452458722144365,0.0033981755106187,1.9332775466666667,peeq_guard,mises_P95_top_band,True,LEGACY_COMPATIBLE_WITH_WARNINGS,0.9274924471299093,0.48036253776435045,0.8308157099697885,0.7764350453172205,0.8208459214501511,10.0,LEGACY_TEACHER_LABEL_COMPATIBLE,D:\Projects\RL-LAM-ScanOpt\rl-training\v01\outputs\surface_tensile_gradient_full_field_label_backfill_v03\canonical_full_field_surface_gradient_teacher_labels_v03.csv,89
32,RL20_A13_V01,stage2_n32_legacy,stage2_n32_gnn_rl_legacy,"[1,3,5,7,9,11,13,15,17,19,21,23,25,27,29,31,4,0,24,6,10,12,14,16,18,22,8,2,26,28,30,20]",e7b7b8a57d51f333,0.00020274305,0.1431130811572075,0.0062368281959343,1.9332775253333332,peeq_guard,mises_P95_top_band,True,LEGACY_COMPATIBLE_WITH_WARNINGS,0.607250755287009,0.7915407854984894,0.595166163141994,0.7854984894259819,0.6518126888217523,108.0,LEGACY_TEACHER_LABEL_COMPATIBLE,D:\Projects\RL-LAM-ScanOpt\rl-training\v01\outputs\surface_tensile_gradient_full_field_label_backfill_v03\canonical_full_field_surface_gradient_teacher_labels_v03.csv,90
32,RL20_A14_V01,stage2_n32_legacy,stage2_n32_gnn_rl_legacy,"[1,3,5,7,9,11,13,15,17,19,21,23,25,27,29,31,30,2,4,6,8,10,12,14,16,18,20,22,24,26,28,0]",b01854d7dd351eff,0.00011135873,0.1468889059126377,0.0057335652994692,1.933281152,peeq_guard,mises_P95_top_band,True,LEGACY_COMPATIBLE_WITH_WARNINGS,0.7915407854984894,0.2870090634441088,0.649546827794562,0.28247734138972813,0.6509818731117825,109.0,LEGACY_TEACHER_LABEL_COMPATIBLE,D:\Projects\RL-LAM-ScanOpt\rl-training\v01\outputs\surface_tensile_gradient_full_field_label_backfill_v03\canonical_full_field_surface_gradient_teacher_labels_v03.csv,91
32,RL20_A15_V01,stage2_n32_legacy,stage2_n32_gnn_rl_legacy,"[1,3,5,7,9,11,13,15,17,19,21,23,25,27,29,31,0,24,4,6,8,10,12,14,16,18,20,22,2,26,28,30]",8c10c86abce25016,6.209749e-05,0.1447494466602802,0.0033929840362046,1.933277184,peeq_guard,mises_P95_top_band,True,LEGACY_COMPATIBLE_WITH_WARNINGS,0.9848942598187311,0.5649546827794563,0.8338368580060422,0.8353474320241692,0.8783232628398793,1.0,LEGACY_TEACHER_LABEL_COMPATIBLE,D:\Projects\RL-LAM-ScanOpt\rl-training\v01\outputs\surface_tensile_gradient_full_field_label_backfill_v03\canonical_full_field_surface_gradient_teacher_labels_v03.csv,92
32,RL20_A16_V01,stage2_n32_legacy,stage2_n32_gnn_rl_legacy,"[1,3,5,7,9,11,13,15,17,19,21,23,27,29,31,25,28,2,4,6,8,10,14,16,18,22,24,26,0,30,12,20]",5797b3708022aab4,0.00015562683,0.1435246416926384,0.004982728954125,1.9332797866666669,peeq_guard,mises_P95_top_band,True,LEGACY_COMPATIBLE_WITH_WARNINGS,0.6918429003021148,0.7462235649546828,0.7371601208459215,0.40181268882175225,0.6927492447129909,83.0,LEGACY_TEACHER_LABEL_COMPATIBLE,D:\Projects\RL-LAM-ScanOpt\rl-training\v01\outputs\surface_tensile_gradient_full_field_label_backfill_v03\canonical_full_field_surface_gradient_teacher_labels_v03.csv,93
32,RL20_A17_V01,stage2_n32_legacy,stage2_n32_gnn_rl_legacy,"[1,3,5,7,9,11,13,15,17,19,21,23,29,25,31,27,26,6,0,8,4,14,10,16,18,20,12,22,24,28,2,30]",d463c28bd94ef496,0.000228659,0.1443679258227348,0.0071527416347841,1.9332775253333332,peeq_guard,mises_P95_top_band,True,LEGACY_COMPATIBLE_WITH_WARNINGS,0.5800604229607251,0.6374622356495468,0.48036253776435045,0.7854984894259819,0.591842900302115,152.0,LEGACY_TEACHER_LABEL_COMPATIBLE,D:\Projects\RL-LAM-ScanOpt\rl-training\v01\outputs\surface_tensile_gradient_full_field_label_backfill_v03\canonical_full_field_surface_gradient_teacher_labels_v03.csv,94
32,RL20_A18_V01,stage2_n32_legacy,stage2_n32_gnn_rl_legacy,"[1,3,5,7,9,11,13,15,17,19,21,23,29,25,31,27,0,26,4,6,8,14,10,16,18,20,12,22,24,28,2,30]",ad0dfa26fda9b48c,0.00018995393,0.1449585227668285,0.0040603929469682,1.9332778453333332,peeq_guard,mises_P95_top_band,True,LEGACY_COMPATIBLE_WITH_WARNINGS,0.6374622356495468,0.5256797583081572,0.7885196374622356,0.7205438066465257,0.6343655589123868,115.0,LEGACY_TEACHER_LABEL_COMPATIBLE,D:\Projects\RL-LAM-ScanOpt\rl-training\v01\outputs\surface_tensile_gradient_full_field_label_backfill_v03\canonical_full_field_surface_gradient_teacher_labels_v03.csv,95
32,RL20_A19_V01,stage2_n32_legacy,stage2_n32_gnn_rl_legacy,"[1,3,5,7,9,13,11,15,17,19,21,23,25,27,29,31,30,2,4,6,8,10,28,14,16,18,20,22,24,26,12,0]",74f7fd9223ac2d99,8.8331086e-05,0.145116763561964,0.0068119323086563,1.9332801706666665,peeq_guard,mises_P95_top_band,True,LEGACY_COMPATIBLE_WITH_WARNINGS,0.8821752265861027,0.5105740181268883,0.5166163141993958,0.3595166163141994,0.745166163141994,50.0,LEGACY_TEACHER_LABEL_COMPATIBLE,D:\Projects\RL-LAM-ScanOpt\rl-training\v01\outputs\surface_tensile_gradient_full_field_label_backfill_v03\canonical_full_field_surface_gradient_teacher_labels_v03.csv,96
32,RL20_A20_V01,stage2_n32_legacy,stage2_n32_gnn_rl_legacy,"[1,3,5,7,9,11,13,15,17,19,21,25,23,27,29,31,2,26,0,6,8,10,12,14,16,18,20,22,24,28,4,30]",99424eacb814303a,9.629112e-05,0.1444332153350115,0.0063697282517795,1.93328192,peeq_guard,mises_P95_top_band,True,LEGACY_COMPATIBLE_WITH_WARNINGS,0.8549848942598187,0.6223564954682779,0.5770392749244713,0.24018126888217528,0.7499244712990937,47.0,LEGACY_TEACHER_LABEL_COMPATIBLE,D:\Projects\RL-LAM-ScanOpt\rl-training\v01\outputs\surface_tensile_gradient_full_field_label_backfill_v03\canonical_full_field_surface_gradient_teacher_labels_v03.csv,97
32,RLS_A01_V01,stage2_n32_legacy,stage2_n32_gnn_rl_legacy,"[1,3,5,7,9,11,13,15,17,19,21,23,25,27,29,31,0,24,4,6,10,14,16,12,18,22,8,2,26,28,30,20]",7755a3f0fd182e00,0.00025763284,0.1424545582383871,0.0054239714006094,1.9335673619335674,peeq_guard,mises_P95_top_band_missing_conservative_rank_fill,True,LEGACY_COMPATIBLE_WITH_WARNINGS,0.5589123867069486,0.8580060422960725,0.6827794561933535,0.05891238670694865,0.6061178247734139,143.0,LEGACY_TEACHER_LABEL_COMPATIBLE,D:\Projects\RL-LAM-ScanOpt\rl-training\v01\outputs\surface_tensile_gradient_full_field_label_backfill_v03\canonical_full_field_surface_gradient_teacher_labels_v03.csv,98
32,RLS_A02_V01,stage2_n32_legacy,stage2_n32_gnn_rl_legacy,"[1,3,5,7,9,11,13,15,17,19,21,23,25,27,29,31,0,24,4,6,10,12,14,16,18,22,26,2,8,28,30,20]",12aae4c7d36a8475,0.00020806359,0.1427622082829475,0.0061856716284972,1.9335673619335674,peeq_guard,mises_P95_top_band_missing_conservative_rank_fill,True,LEGACY_COMPATIBLE_WITH_WARNINGS,0.6012084592145015,0.8277945619335347,0.6042296072507554,0.05891238670694865,0.619712990936556,129.0,LEGACY_TEACHER_LABEL_COMPATIBLE,D:\Projects\RL-LAM-ScanOpt\rl-training\v01\outputs\surface_tensile_gradient_full_field_label_backfill_v03\canonical_full_field_surface_gradient_teacher_labels_v03.csv,99
32,RLS_A03_V01,stage2_n32_legacy,stage2_n32_gnn_rl_legacy,"[0,2,4,6,8,10,16,18,20,22,24,26,28,30,14,12,3,7,5,9,1,11,17,19,21,23,25,27,31,29,15,13]",b920d17d6fc55bec,0.00016275814,0.1451293483376503,0.0041639221780338,1.9335673619335674,peeq_guard,mises_P95_top_band_missing_conservative_rank_fill,True,LEGACY_COMPATIBLE_WITH_WARNINGS,0.6737160120845922,0.5075528700906344,0.7794561933534743,0.05891238670694865,0.6203172205438068,128.0,LEGACY_TEACHER_LABEL_COMPATIBLE,D:\Projects\RL-LAM-ScanOpt\rl-training\v01\outputs\surface_tensile_gradient_full_field_label_backfill_v03\canonical_full_field_surface_gradient_teacher_labels_v03.csv,100
32,RLS_A04_V01,stage2_n32_legacy,stage2_n32_gnn_rl_legacy,"[0,2,4,6,8,18,16,10,20,22,24,26,28,30,14,12,9,7,5,3,1,11,17,19,21,23,29,25,27,31,15,13]",7bcdc29a387e4650,0.00019760156,0.1431314518302679,0.0019298196401841,1.9335673619335674,peeq_guard,mises_P95_top_band_missing_conservative_rank_fill,True,LEGACY_COMPATIBLE_WITH_WARNINGS,0.6163141993957704,0.7824773413897281,0.9758308157099698,0.05891238670694865,0.6576283987915408,104.0,LEGACY_TEACHER_LABEL_COMPATIBLE,D:\Projects\RL-LAM-ScanOpt\rl-training\v01\outputs\surface_tensile_gradient_full_field_label_backfill_v03\canonical_full_field_surface_gradient_teacher_labels_v03.csv,101
32,RLS_A05_V01,stage2_n32_legacy,stage2_n32_gnn_rl_legacy,"[0,2,4,6,8,16,18,20,22,24,26,28,30,14,12,10,7,5,3,1,17,19,21,23,15,29,31,27,25,13,11,9]",8b8aadd4a744f424,0.00017532233,0.1449282352626323,0.0027841314437836,1.9335673619335674,peeq_guard,mises_P95_top_band_missing_conservative_rank_fill,True,LEGACY_COMPATIBLE_WITH_WARNINGS,0.661631419939577,0.5347432024169184,0.8882175226586103,0.05891238670694865,0.6287764350453171,123.0,LEGACY_TEACHER_LABEL_COMPATIBLE,D:\Projects\RL-LAM-ScanOpt\rl-training\v01\outputs\surface_tensile_gradient_full_field_label_backfill_v03\canonical_full_field_surface_gradient_teacher_labels_v03.csv,102
32,RLS_A06_V01,stage2_n32_legacy,stage2_n32_gnn_rl_legacy,"[0,2,4,6,8,10,16,18,12,14,30,28,26,24,22,20,9,7,5,3,1,11,17,19,21,23,25,27,31,29,15,13]",a40dfc2e23456932,0.0001551179,0.1457486383616924,0.0041158539024338,1.9335673619335674,peeq_guard,mises_P95_top_band_missing_conservative_rank_fill,True,LEGACY_COMPATIBLE_WITH_WARNINGS,0.6948640483383686,0.41389728096676737,0.7854984894259819,0.05891238670694865,0.6159365558912386,135.0,LEGACY_TEACHER_LABEL_COMPATIBLE,D:\Projects\RL-LAM-ScanOpt\rl-training\v01\outputs\surface_tensile_gradient_full_field_label_backfill_v03\canonical_full_field_surface_gradient_teacher_labels_v03.csv,103
32,RLS_A07_V01,stage2_n32_legacy,stage2_n32_gnn_rl_legacy,"[1,3,5,7,9,11,13,15,17,19,21,23,25,27,29,31,4,24,0,6,10,12,14,22,18,16,8,2,26,28,30,20]",0118b172fd599b24,0.00024710683,0.142223002910614,0.0066467100851785,1.9335673619335674,peeq_guard,mises_P95_top_band_missing_conservative_rank_fill,True,LEGACY_COMPATIBLE_WITH_WARNINGS,0.5679758308157099,0.879154078549849,0.5347432024169184,0.05891238670694865,0.6014350453172206,148.0,LEGACY_TEACHER_LABEL_COMPATIBLE,D:\Projects\RL-LAM-ScanOpt\rl-training\v01\outputs\surface_tensile_gradient_full_field_label_backfill_v03\canonical_full_field_surface_gradient_teacher_labels_v03.csv,104
32,RLS_A08_V01,stage2_n32_legacy,stage2_n32_gnn_rl_legacy,"[1,3,5,7,9,11,13,15,19,17,21,23,25,27,29,31,28,4,6,2,8,10,12,14,16,18,20,22,24,26,0,30]",375411ab7024a909,9.0153415e-05,0.1457490326464176,0.0077873447382108,1.9335673619335674,peeq_guard,mises_P95_top_band_missing_conservative_rank_fill,True,LEGACY_COMPATIBLE_WITH_WARNINGS,0.8731117824773413,0.4108761329305136,0.3987915407854985,0.05891238670694865,0.6925226586102718,84.0,LEGACY_TEACHER_LABEL_COMPATIBLE,D:\Projects\RL-LAM-ScanOpt\rl-training\v01\outputs\surface_tensile_gradient_full_field_label_backfill_v03\canonical_full_field_surface_gradient_teacher_labels_v03.csv,105
32,RLS_A09_V01,stage2_n32_legacy,stage2_n32_gnn_rl_legacy,"[1,3,5,7,9,11,13,15,17,21,19,23,25,27,29,31,0,24,4,6,8,10,12,14,16,18,20,22,2,26,28,30]",5a4185e90b45d24b,5.883643e-05,0.1447752064466476,0.0043792587631771,1.9335673619335674,peeq_guard,mises_P95_top_band_missing_conservative_rank_fill,True,LEGACY_COMPATIBLE_WITH_WARNINGS,0.9939577039274925,0.5619335347432024,0.770392749244713,0.05891238670694865,0.8384441087613294,7.0,LEGACY_TEACHER_LABEL_COMPATIBLE,D:\Projects\RL-LAM-ScanOpt\rl-training\v01\outputs\surface_tensile_gradient_full_field_label_backfill_v03\canonical_full_field_surface_gradient_teacher_labels_v03.csv,106
32,RLS_A10_V01,stage2_n32_legacy,stage2_n32_gnn_rl_legacy,"[1,3,5,7,9,11,13,15,17,19,21,23,27,29,31,25,28,2,4,6,8,14,10,16,18,22,24,26,0,30,12,20]",bd5c7f2f2c690391,0.00022676573,0.1439244318008423,0.0082576784416379,1.9335673619335674,peeq_guard,mises_P95_top_band_missing_conservative_rank_fill,True,LEGACY_COMPATIBLE_WITH_WARNINGS,0.5830815709969788,0.6888217522658611,0.3383685800604229,0.05891238670694865,0.5535498489425982,172.0,LEGACY_TEACHER_LABEL_COMPATIBLE,D:\Projects\RL-LAM-ScanOpt\rl-training\v01\outputs\surface_tensile_gradient_full_field_label_backfill_v03\canonical_full_field_surface_gradient_teacher_labels_v03.csv,107
32,RLS_A11_V01,stage2_n32_legacy,stage2_n32_gnn_rl_legacy,"[1,3,5,7,9,11,13,15,17,19,21,23,29,25,31,27,26,8,0,6,4,10,14,16,20,18,12,22,24,28,2,30]",40cdb8cf37c7cffa,0.00021849926,0.1425092224776745,0.007208409390953,1.9335673619335674,peeq_guard,mises_P95_top_band_missing_conservative_rank_fill,True,LEGACY_COMPATIBLE_WITH_WARNINGS,0.595166163141994,0.8459214501510575,0.4501510574018127,0.05891238670694865,0.6040030211480363,146.0,LEGACY_TEACHER_LABEL_COMPATIBLE,D:\Projects\RL-LAM-ScanOpt\rl-training\v01\outputs\surface_tensile_gradient_full_field_label_backfill_v03\canonical_full_field_surface_gradient_teacher_labels_v03.csv,108
32,RLS_A12_V01,stage2_n32_legacy,stage2_n32_gnn_rl_legacy,"[1,3,5,7,9,11,13,15,17,19,21,23,25,31,29,27,28,4,12,10,8,2,6,14,16,18,20,22,24,26,0,30]",d4824fca00b8bd7b,0.000117906166,0.1460958389937878,0.0052132443303024,1.9335673619335674,peeq_guard,mises_P95_top_band_missing_conservative_rank_fill,True,LEGACY_COMPATIBLE_WITH_WARNINGS,0.7673716012084593,0.36858006042296076,0.7069486404833837,0.05891238670694865,0.6461480362537765,111.0,LEGACY_TEACHER_LABEL_COMPATIBLE,D:\Projects\RL-LAM-ScanOpt\rl-training\v01\outputs\surface_tensile_gradient_full_field_label_backfill_v03\canonical_full_field_surface_gradient_teacher_labels_v03.csv,109
32,RLS_A13_V01,stage2_n32_legacy,stage2_n32_gnn_rl_legacy,"[1,3,5,7,9,11,13,15,17,19,21,23,25,27,29,31,28,2,4,6,8,10,12,18,16,14,20,22,24,26,0,30]",81b4fd18301e0b5c,5.990034e-05,0.1457977781444788,0.0081562037162863,1.9335673619335674,peeq_guard,mises_P95_top_band_missing_conservative_rank_fill,True,LEGACY_COMPATIBLE_WITH_WARNINGS,0.9879154078549849,0.404833836858006,0.3534743202416919,0.05891238670694865,0.7614048338368581,42.0,LEGACY_TEACHER_LABEL_COMPATIBLE,D:\Projects\RL-LAM-ScanOpt\rl-training\v01\outputs\surface_tensile_gradient_full_field_label_backfill_v03\canonical_full_field_surface_gradient_teacher_labels_v03.csv,110
32,RLS_A14_V01,stage2_n32_legacy,stage2_n32_gnn_rl_legacy,"[1,3,5,7,9,11,13,15,17,19,21,23,29,27,25,31,0,24,4,6,8,10,12,14,16,18,20,22,2,26,28,30]",c01c5a04a0820ab0,5.850877e-05,0.1457552488148212,0.0043946006688479,1.9335673619335674,peeq_guard,mises_P95_top_band_missing_conservative_rank_fill,True,LEGACY_COMPATIBLE_WITH_WARNINGS,0.9969788519637462,0.40785498489425986,0.7673716012084593,0.05891238670694865,0.8092900302114804,14.0,LEGACY_TEACHER_LABEL_COMPATIBLE,D:\Projects\RL-LAM-ScanOpt\rl-training\v01\outputs\surface_tensile_gradient_full_field_label_backfill_v03\canonical_full_field_surface_gradient_teacher_labels_v03.csv,111
32,RLS_A15_V01,stage2_n32_legacy,stage2_n32_gnn_rl_legacy,"[0,2,4,6,8,18,16,10,20,22,24,26,28,30,14,12,9,7,5,3,1,17,19,21,23,25,27,29,31,15,13,11]",ad5a540712132ca9,0.00012950775,0.1443453050404787,0.0025503316198306,1.9335673619335674,peeq_guard,mises_P95_top_band_missing_conservative_rank_fill,True,LEGACY_COMPATIBLE_WITH_WARNINGS,0.743202416918429,0.6404833836858006,0.8972809667673716,0.05891238670694865,0.7038519637462236,76.0,LEGACY_TEACHER_LABEL_COMPATIBLE,D:\Projects\RL-LAM-ScanOpt\rl-training\v01\outputs\surface_tensile_gradient_full_field_label_backfill_v03\canonical_full_field_surface_gradient_teacher_labels_v03.csv,112
32,RLS_A16_V01,stage2_n32_legacy,stage2_n32_gnn_rl_legacy,"[1,3,5,7,9,11,13,15,17,19,21,23,27,29,31,25,28,2,4,6,8,10,14,16,18,22,24,26,12,30,0,20]",71039e1b39f39205,0.00014286548,0.1436203718185424,0.0079326386607109,1.9335673619335674,peeq_guard,mises_P95_top_band_missing_conservative_rank_fill,True,LEGACY_COMPATIBLE_WITH_WARNINGS,0.7250755287009063,0.7280966767371602,0.37462235649546827,0.05891238670694865,0.6573262839879155,105.0,LEGACY_TEACHER_LABEL_COMPATIBLE,D:\Projects\RL-LAM-ScanOpt\rl-training\v01\outputs\surface_tensile_gradient_full_field_label_backfill_v03\canonical_full_field_surface_gradient_teacher_labels_v03.csv,113
32,RLS_A17_V01,stage2_n32_legacy,stage2_n32_gnn_rl_legacy,"[1,3,5,7,9,11,13,15,17,19,21,23,25,27,29,31,28,4,6,0,8,10,12,14,16,18,20,22,24,26,2,30]",97ea731b5c99af5d,0.00011156347,0.1461125077307224,0.0077783229010215,1.9335673619335674,peeq_guard,mises_P95_top_band_missing_conservative_rank_fill,True,LEGACY_COMPATIBLE_WITH_WARNINGS,0.7885196374622356,0.3655589123867069,0.404833836858006,0.05891238670694865,0.6290785498489426,120.5,LEGACY_TEACHER_LABEL_COMPATIBLE,D:\Projects\RL-LAM-ScanOpt\rl-training\v01\outputs\surface_tensile_gradient_full_field_label_backfill_v03\canonical_full_field_surface_gradient_teacher_labels_v03.csv,114
32,RLS_A18_V01,stage2_n32_legacy,stage2_n32_gnn_rl_legacy,"[0,2,4,6,8,11,16,18,20,22,24,26,28,30,14,12,9,7,5,3,1,10,17,19,21,23,25,27,29,31,15,13]",b27f25135b02ff79,0.00015989004,0.1438854636996984,0.0022366202577338,1.9335673619335674,peeq_guard,mises_P95_top_band_missing_conservative_rank_fill,True,LEGACY_COMPATIBLE_WITH_WARNINGS,0.6858006042296072,0.6918429003021148,0.9486404833836858,0.05891238670694865,0.6819486404833837,87.0,LEGACY_TEACHER_LABEL_COMPATIBLE,D:\Projects\RL-LAM-ScanOpt\rl-training\v01\outputs\surface_tensile_gradient_full_field_label_backfill_v03\canonical_full_field_surface_gradient_teacher_labels_v03.csv,115
32,RLS_A19_V01,stage2_n32_legacy,stage2_n32_gnn_rl_legacy,"[0,2,4,6,8,10,16,18,20,22,24,26,28,30,14,12,9,23,21,19,17,1,3,5,7,25,27,31,29,15,13,11]",4ee41d5ec1dc313a,0.00018367238,0.1429765915870667,0.0040330024776656,1.9335673619335674,peeq_guard,mises_P95_top_band_missing_conservative_rank_fill,True,LEGACY_COMPATIBLE_WITH_WARNINGS,0.6435045317220545,0.8096676737160121,0.7945619335347431,0.05891238670694865,0.6626132930513595,101.0,LEGACY_TEACHER_LABEL_COMPATIBLE,D:\Projects\RL-LAM-ScanOpt\rl-training\v01\outputs\surface_tensile_gradient_full_field_label_backfill_v03\canonical_full_field_surface_gradient_teacher_labels_v03.csv,116
32,RLS_A20_V01,stage2_n32_legacy,stage2_n32_gnn_rl_legacy,"[15,18,21,24,26,28,30,23,19,4,2,14,12,10,8,6,0,5,9,16,20,22,25,27,29,31,17,13,11,7,3,1]",880e3d14dc1c410a,0.0004523149,0.1405118896067142,0.0043610068361112,1.9335673619335674,peeq_guard,mises_P95_top_band_missing_conservative_rank_fill,True,LEGACY_COMPATIBLE_WITH_WARNINGS,0.4773413897280967,0.972809667673716,0.7734138972809668,0.05891238670694865,0.5851208459214502,155.0,LEGACY_TEACHER_LABEL_COMPATIBLE,D:\Projects\RL-LAM-ScanOpt\rl-training\v01\outputs\surface_tensile_gradient_full_field_label_backfill_v03\canonical_full_field_surface_gradient_teacher_labels_v03.csv,117
32,RLS_A21_V01,stage2_n32_legacy,stage2_n32_gnn_rl_legacy,"[1,3,5,7,9,11,13,15,31,29,27,25,23,21,19,17,4,0,24,6,10,12,14,16,18,22,8,2,26,28,30,20]",70a7cea435adadf0,0.00018249797,0.1475396301597357,0.0065560615015858,1.9335673619335674,peeq_guard,mises_P95_top_band_missing_conservative_rank_fill,True,LEGACY_COMPATIBLE_WITH_WARNINGS,0.6525679758308157,0.23867069486404835,0.540785498489426,0.05891238670694865,0.5289274924471299,186.0,LEGACY_TEACHER_LABEL_COMPATIBLE,D:\Projects\RL-LAM-ScanOpt\rl-training\v01\outputs\surface_tensile_gradient_full_field_label_backfill_v03\canonical_full_field_surface_gradient_teacher_labels_v03.csv,118
32,RLS_A22_V01,stage2_n32_legacy,stage2_n32_gnn_rl_legacy,"[1,3,5,7,9,11,13,15,17,19,21,23,25,27,29,31,30,2,12,10,8,6,4,14,16,18,20,22,24,26,28,0]",6e925eb175dc926a,0.00010094131,0.1459802730381488,0.0078020518733944,1.9335673619335674,peeq_guard,mises_P95_top_band_missing_conservative_rank_fill,True,LEGACY_COMPATIBLE_WITH_WARNINGS,0.8308157099697885,0.38972809667673713,0.3927492447129909,0.05891238670694865,0.6601963746223565,102.0,LEGACY_TEACHER_LABEL_COMPATIBLE,D:\Projects\RL-LAM-ScanOpt\rl-training\v01\outputs\surface_tensile_gradient_full_field_label_backfill_v03\canonical_full_field_surface_gradient_teacher_labels_v03.csv,119
32,RLS_A23_V01,stage2_n32_legacy,stage2_n32_gnn_rl_legacy,"[1,3,5,7,9,11,13,15,17,19,21,23,25,27,29,31,30,14,6,4,8,10,12,2,16,18,20,22,24,26,28,0]",2cf42a1422e6fc7f,0.00011717366,0.1460323629528284,0.0070454490168229,1.9335673619335674,peeq_guard,mises_P95_top_band_missing_conservative_rank_fill,True,LEGACY_COMPATIBLE_WITH_WARNINGS,0.7734138972809668,0.377643504531722,0.49848942598187307,0.05891238670694865,0.6310422960725076,117.0,LEGACY_TEACHER_LABEL_COMPATIBLE,D:\Projects\RL-LAM-ScanOpt\rl-training\v01\outputs\surface_tensile_gradient_full_field_label_backfill_v03\canonical_full_field_surface_gradient_teacher_labels_v03.csv,120
32,RLS_A24_V01,stage2_n32_legacy,stage2_n32_gnn_rl_legacy,"[15,17,19,13,11,21,23,25,27,29,31,9,7,5,3,1,12,16,18,28,26,24,22,8,10,20,14,30,6,4,0,2]",d9f74fc817bf8564,0.0002485176,0.1432056517899036,0.0032172231011562,1.9335673619335674,peeq_guard,mises_P95_top_band_missing_conservative_rank_fill,True,LEGACY_COMPATIBLE_WITH_WARNINGS,0.5649546827794563,0.7794561933534743,0.8398791540785498,0.05891238670694865,0.6100453172205439,140.0,LEGACY_TEACHER_LABEL_COMPATIBLE,D:\Projects\RL-LAM-ScanOpt\rl-training\v01\outputs\surface_tensile_gradient_full_field_label_backfill_v03\canonical_full_field_surface_gradient_teacher_labels_v03.csv,121
32,RLS_A25_V01,stage2_n32_legacy,stage2_n32_gnn_rl_legacy,"[1,3,5,7,9,11,13,15,17,19,21,23,25,27,29,31,0,4,6,8,24,10,12,14,16,18,20,22,2,26,28,30]",86e187bdb526f886,7.687115e-05,0.1445257851481437,0.0047377139195686,1.9335673619335674,peeq_guard,mises_P95_top_band_missing_conservative_rank_fill,True,LEGACY_COMPATIBLE_WITH_WARNINGS,0.9365558912386707,0.6042296072507554,0.7522658610271904,0.05891238670694865,0.8077794561933535,15.0,LEGACY_TEACHER_LABEL_COMPATIBLE,D:\Projects\RL-LAM-ScanOpt\rl-training\v01\outputs\surface_tensile_gradient_full_field_label_backfill_v03\canonical_full_field_surface_gradient_teacher_labels_v03.csv,122
32,RLS_A26_V01,stage2_n32_legacy,stage2_n32_gnn_rl_legacy,"[15,19,24,28,31,26,22,13,11,8,6,3,0,17,20,14,10,16,18,12,1,5,2,9,21,23,25,29,27,30,4,7]",52da9894a6a015a3,0.00033517458,0.144370531141758,0.0058484750683481,1.9335673619335674,peeq_guard,mises_P95_top_band_missing_conservative_rank_fill,True,LEGACY_COMPATIBLE_WITH_WARNINGS,0.5287009063444108,0.6344410876132931,0.6404833836858006,0.05891238670694865,0.5375377643504531,182.0,LEGACY_TEACHER_LABEL_COMPATIBLE,D:\Projects\RL-LAM-ScanOpt\rl-training\v01\outputs\surface_tensile_gradient_full_field_label_backfill_v03\canonical_full_field_surface_gradient_teacher_labels_v03.csv,123
32,RLS_A27_V01,stage2_n32_legacy,stage2_n32_gnn_rl_legacy,"[0,16,24,11,6,18,21,14,9,26,31,7,2,4,29,19,23,12,10,17,27,30,15,5,1,3,20,25,28,13,8,22]",d8519c60d33e4bcf,0.00048123044,0.1421650378406047,0.0062158429980008,1.9335673619335674,peeq_guard,mises_P95_top_band_missing_conservative_rank_fill,True,LEGACY_COMPATIBLE_WITH_WARNINGS,0.45921450151057397,0.8912386706948641,0.6012084592145015,0.05891238670694865,0.5398036253776435,181.0,LEGACY_TEACHER_LABEL_COMPATIBLE,D:\Projects\RL-LAM-ScanOpt\rl-training\v01\outputs\surface_tensile_gradient_full_field_label_backfill_v03\canonical_full_field_surface_gradient_teacher_labels_v03.csv,124
32,RLS_A28_V01,stage2_n32_legacy,stage2_n32_gnn_rl_legacy,"[0,2,4,6,8,10,16,18,20,22,24,26,28,30,14,13,9,7,5,3,1,17,19,21,23,25,27,31,29,15,12,11]",b2d5b9a3b81e1048,0.00023977221,0.1452113473415374,0.0026532299081282,1.9335673619335674,peeq_guard,mises_P95_top_band_missing_conservative_rank_fill,True,LEGACY_COMPATIBLE_WITH_WARNINGS,0.5740181268882175,0.49244712990936557,0.8912386706948641,0.05891238670694865,0.5636706948640483,166.0,LEGACY_TEACHER_LABEL_COMPATIBLE,D:\Projects\RL-LAM-ScanOpt\rl-training\v01\outputs\surface_tensile_gradient_full_field_label_backfill_v03\canonical_full_field_surface_gradient_teacher_labels_v03.csv,125
32,RLS_A29_V01,stage2_n32_legacy,stage2_n32_gnn_rl_legacy,"[15,19,24,28,31,26,22,13,11,8,6,3,0,10,16,18,12,7,17,20,14,5,2,9,21,23,25,29,27,30,4,1]",d5ca7bb78c97e948,0.0004027712,0.1452304119616747,0.0031338677845687,1.9335673619335674,peeq_guard,mises_P95_top_band_missing_conservative_rank_fill,True,LEGACY_COMPATIBLE_WITH_WARNINGS,0.5045317220543807,0.4894259818731118,0.8549848942598187,0.05891238670694865,0.5142749244712992,190.0,LEGACY_TEACHER_LABEL_COMPATIBLE,D:\Projects\RL-LAM-ScanOpt\rl-training\v01\outputs\surface_tensile_gradient_full_field_label_backfill_v03\canonical_full_field_surface_gradient_teacher_labels_v03.csv,126
32,RLS_A30_V01,stage2_n32_legacy,stage2_n32_gnn_rl_legacy,"[1,3,5,7,9,11,13,15,17,23,21,19,25,27,29,31,0,24,4,6,8,10,12,14,16,18,28,30,20,22,2,26]",fb8b19e909062505,0.00010465909,0.1446591891348362,0.0059291158007937,1.9335673619335674,peeq_guard,mises_P95_top_band_missing_conservative_rank_fill,True,LEGACY_COMPATIBLE_WITH_WARNINGS,0.8066465256797584,0.5770392749244713,0.6253776435045317,0.05891238670694865,0.7052114803625379,75.0,LEGACY_TEACHER_LABEL_COMPATIBLE,D:\Projects\RL-LAM-ScanOpt\rl-training\v01\outputs\surface_tensile_gradient_full_field_label_backfill_v03\canonical_full_field_surface_gradient_teacher_labels_v03.csv,127
32,RLS_A31_V01,stage2_n32_legacy,stage2_n32_gnn_rl_legacy,"[1,3,5,7,9,11,13,15,17,19,21,23,27,29,31,25,28,20,4,6,8,10,12,14,16,18,22,24,26,0,30,2]",d1f0b57e8972038d,8.705557e-05,0.1446902602910995,0.0083349772252495,1.9335673619335674,peeq_guard,mises_P95_top_band_missing_conservative_rank_fill,True,LEGACY_COMPATIBLE_WITH_WARNINGS,0.9003021148036254,0.5709969788519638,0.3323262839879154,0.05891238670694865,0.7355740181268882,58.0,LEGACY_TEACHER_LABEL_COMPATIBLE,D:\Projects\RL-LAM-ScanOpt\rl-training\v01\outputs\surface_tensile_gradient_full_field_label_backfill_v03\canonical_full_field_surface_gradient_teacher_labels_v03.csv,128
32,RLS_A32_V01,stage2_n32_legacy,stage2_n32_gnn_rl_legacy,"[1,3,5,7,9,11,13,15,17,19,21,23,25,27,29,31,28,4,6,2,22,8,10,12,14,16,18,20,24,26,0,30]",21c4f9987a9f4947,9.49097e-05,0.1449318590760231,0.0077804823776241,1.9335673619335674,peeq_guard,mises_P95_top_band_missing_conservative_rank_fill,True,LEGACY_COMPATIBLE_WITH_WARNINGS,0.8580060422960725,0.5317220543806647,0.40181268882175225,0.05891238670694865,0.7071752265861027,74.0,LEGACY_TEACHER_LABEL_COMPATIBLE,D:\Projects\RL-LAM-ScanOpt\rl-training\v01\outputs\surface_tensile_gradient_full_field_label_backfill_v03\canonical_full_field_surface_gradient_teacher_labels_v03.csv,129
32,RLS_A33_V01,stage2_n32_legacy,stage2_n32_gnn_rl_legacy,"[0,2,4,6,8,10,12,16,18,20,22,24,26,28,30,14,11,9,5,3,1,17,19,7,21,23,25,27,29,31,15,13]",b5e8120c13e771c5,0.00018332379,0.1432252445816993,0.0022999537064689,1.9335673619335674,peeq_guard,mises_P95_top_band_missing_conservative_rank_fill,True,LEGACY_COMPATIBLE_WITH_WARNINGS,0.6465256797583081,0.770392749244713,0.9425981873111783,0.05891238670694865,0.6715256797583082,95.0,LEGACY_TEACHER_LABEL_COMPATIBLE,D:\Projects\RL-LAM-ScanOpt\rl-training\v01\outputs\surface_tensile_gradient_full_field_label_backfill_v03\canonical_full_field_surface_gradient_teacher_labels_v03.csv,130
32,RLS_A34_V01,stage2_n32_legacy,stage2_n32_gnn_rl_legacy,"[0,16,21,13,10,18,23,8,5,2,25,27,30,15,12,20,22,7,4,11,14,24,28,31,26,17,9,6,1,3,19,29]",32f25e917aaa171e,0.0004960675,0.1419340454041958,0.0056667371621238,1.9335673619335674,peeq_guard,mises_P95_top_band_missing_conservative_rank_fill,True,LEGACY_COMPATIBLE_WITH_WARNINGS,0.44712990936555896,0.9033232628398792,0.6586102719033233,0.05891238670694865,0.540105740181269,180.0,LEGACY_TEACHER_LABEL_COMPATIBLE,D:\Projects\RL-LAM-ScanOpt\rl-training\v01\outputs\surface_tensile_gradient_full_field_label_backfill_v03\canonical_full_field_surface_gradient_teacher_labels_v03.csv,131
32,RLS_A35_V01,stage2_n32_legacy,stage2_n32_gnn_rl_legacy,"[0,23,21,13,10,18,16,8,5,2,25,27,30,15,12,19,22,7,4,17,14,24,28,31,26,11,9,6,1,3,20,29]",a8a35ccbc052654f,0.00043894886,0.1421673193573951,0.004753185684249,1.9335673619335674,peeq_guard,mises_P95_top_band_missing_conservative_rank_fill,True,LEGACY_COMPATIBLE_WITH_WARNINGS,0.49244712990936557,0.8882175226586103,0.7492447129909365,0.05891238670694865,0.5756042296072508,161.0,LEGACY_TEACHER_LABEL_COMPATIBLE,D:\Projects\RL-LAM-ScanOpt\rl-training\v01\outputs\surface_tensile_gradient_full_field_label_backfill_v03\canonical_full_field_surface_gradient_teacher_labels_v03.csv,132
32,RLS_A36_V01,stage2_n32_legacy,stage2_n32_gnn_rl_legacy,"[1,3,9,5,11,13,15,17,19,21,23,25,27,31,29,7,0,24,4,6,10,12,14,16,18,22,8,2,26,28,30,20]",7d3ec69b7f5358c2,0.00022616415,0.1429600872099399,0.0050835318845571,1.9335673619335674,peeq_guard,mises_P95_top_band_missing_conservative_rank_fill,True,LEGACY_COMPATIBLE_WITH_WARNINGS,0.5861027190332326,0.8126888217522659,0.7220543806646526,0.05891238670694865,0.6186555891238671,131.0,LEGACY_TEACHER_LABEL_COMPATIBLE,D:\Projects\RL-LAM-ScanOpt\rl-training\v01\outputs\surface_tensile_gradient_full_field_label_backfill_v03\canonical_full_field_surface_gradient_teacher_labels_v03.csv,133
32,RLS_A37_V01,stage2_n32_legacy,stage2_n32_gnn_rl_legacy,"[1,3,5,7,9,11,13,15,17,19,21,23,25,27,29,31,4,24,6,10,12,14,16,18,22,0,8,2,26,28,30,20]",ae492664840e3f13,0.00021854504,0.1430410453677177,0.0039954939158625,1.9335673619335674,peeq_guard,mises_P95_top_band_missing_conservative_rank_fill,True,LEGACY_COMPATIBLE_WITH_WARNINGS,0.5921450151057401,0.8066465256797584,0.8036253776435045,0.05891238670694865,0.6295317220543806,119.0,LEGACY_TEACHER_LABEL_COMPATIBLE,D:\Projects\RL-LAM-ScanOpt\rl-training\v01\outputs\surface_tensile_gradient_full_field_label_backfill_v03\canonical_full_field_surface_gradient_teacher_labels_v03.csv,134
32,RLS_A38_V01,stage2_n32_legacy,stage2_n32_gnn_rl_legacy,"[1,3,5,7,9,11,13,15,17,19,21,23,25,27,29,31,4,0,24,6,16,18,10,12,14,22,8,2,26,28,30,20]",e61bc5490ebe74c6,0.00025391026,0.1418934766948223,0.0055720817575888,1.9335673619335674,peeq_guard,mises_P95_top_band_missing_conservative_rank_fill,True,LEGACY_COMPATIBLE_WITH_WARNINGS,0.5619335347432024,0.9093655589123867,0.6706948640483383,0.05891238670694865,0.61714501510574,133.0,LEGACY_TEACHER_LABEL_COMPATIBLE,D:\Projects\RL-LAM-ScanOpt\rl-training\v01\outputs\surface_tensile_gradient_full_field_label_backfill_v03\canonical_full_field_surface_gradient_teacher_labels_v03.csv,135
32,RLS_A39_V01,stage2_n32_legacy,stage2_n32_gnn_rl_legacy,"[1,3,5,7,9,11,13,15,17,19,21,23,25,31,29,27,6,8,26,10,2,4,12,14,16,18,20,22,24,0,28,30]",817da57dd5dd8552,0.00013462573,0.1452964170277118,0.0059949644685476,1.9335673619335674,peeq_guard,mises_P95_top_band_missing_conservative_rank_fill,True,LEGACY_COMPATIBLE_WITH_WARNINGS,0.7401812688821752,0.46827794561933533,0.6163141993957704,0.05891238670694865,0.6393504531722053,113.0,LEGACY_TEACHER_LABEL_COMPATIBLE,D:\Projects\RL-LAM-ScanOpt\rl-training\v01\outputs\surface_tensile_gradient_full_field_label_backfill_v03\canonical_full_field_surface_gradient_teacher_labels_v03.csv,136
32,RLS_A40_V01,stage2_n32_legacy,stage2_n32_gnn_rl_legacy,"[0,2,4,6,8,16,18,20,22,24,28,30,14,12,10,7,5,3,1,9,17,19,21,23,25,27,29,31,26,15,13,11]",59a94ec90fa6e2cf,0.00019809399,0.1465666843950748,0.0024906912974072,1.9335673619335674,peeq_guard,mises_P95_top_band_missing_conservative_rank_fill,True,LEGACY_COMPATIBLE_WITH_WARNINGS,0.6132930513595166,0.3262839879154078,0.9305135951661632,0.05891238670694865,0.5598942598187311,168.0,LEGACY_TEACHER_LABEL_COMPATIBLE,D:\Projects\RL-LAM-ScanOpt\rl-training\v01\outputs\surface_tensile_gradient_full_field_label_backfill_v03\canonical_full_field_surface_gradient_teacher_labels_v03.csv,137
32,RLU2M_A01_V01,stage2_n32_legacy,stage2_n32_gnn_rl_legacy,"[21,23,25,0,2,4,6,8,10,12,14,16,18,20,22,24,26,1,30,28,5,3,7,9,11,13,15,17,19,27,29,31]",5ed8e6a6bb55ba1c,6.828656e-05,0.1464307011663914,0.0058504565657641,1.9332784640000005,peeq_guard,mises_P95_top_band,True,LEGACY_COMPATIBLE_WITH_WARNINGS,0.9577039274924471,0.35045317220543803,0.6344410876132931,0.6223564954682779,0.7871601208459215,27.0,LEGACY_TEACHER_LABEL_COMPATIBLE,D:\Projects\RL-LAM-ScanOpt\rl-training\v01\outputs\surface_tensile_gradient_full_field_label_backfill_v03\canonical_full_field_surface_gradient_teacher_labels_v03.csv,138
32,RLU2M_A02_V01,stage2_n32_legacy,stage2_n32_gnn_rl_legacy,"[21,23,25,0,2,4,6,8,10,12,14,16,18,20,22,24,1,30,26,28,3,5,7,9,11,13,15,17,19,27,29,31]",91ce11a655e329ee,8.126629e-05,0.1462219028174877,0.0077451404507159,1.933278890666667,peeq_guard,mises_P95_top_band,True,LEGACY_COMPATIBLE_WITH_WARNINGS,0.918429003021148,0.36253776435045315,0.40785498489425986,0.5105740181268883,0.7358006042296072,57.0,LEGACY_TEACHER_LABEL_COMPATIBLE,D:\Projects\RL-LAM-ScanOpt\rl-training\v01\outputs\surface_tensile_gradient_full_field_label_backfill_v03\canonical_full_field_surface_gradient_teacher_labels_v03.csv,139
32,RLU2M_A03_V01,stage2_n32_legacy,stage2_n32_gnn_rl_legacy,"[23,21,25,0,2,4,6,8,10,12,14,16,18,20,22,24,26,1,30,28,3,5,7,9,11,13,15,17,19,27,29,31]",84702cc4faf3fc9b,6.500305e-05,0.1464772418141365,0.0071742185234021,1.9332789333333331,peeq_guard,mises_P95_top_band,True,LEGACY_COMPATIBLE_WITH_WARNINGS,0.9697885196374623,0.3383685800604229,0.47432024169184295,0.5015105740181269,0.7705438066465258,35.0,LEGACY_TEACHER_LABEL_COMPATIBLE,D:\Projects\RL-LAM-ScanOpt\rl-training\v01\outputs\surface_tensile_gradient_full_field_label_backfill_v03\canonical_full_field_surface_gradient_teacher_labels_v03.csv,140
32,RLU2M_A04_V01,stage2_n32_legacy,stage2_n32_gnn_rl_legacy,"[21,23,25,0,2,4,6,8,10,12,14,16,18,20,22,24,1,26,30,28,3,5,7,9,11,13,15,17,19,27,29,31]",b45f63ce8ad59579,7.928272e-05,0.1476554371416569,0.0075515806323012,1.9332789973333333,peeq_guard,mises_P95_top_band,True,LEGACY_COMPATIBLE_WITH_WARNINGS,0.9214501510574018,0.22658610271903323,0.4380664652567976,0.4939577039274925,0.7127643504531722,72.0,LEGACY_TEACHER_LABEL_COMPATIBLE,D:\Projects\RL-LAM-ScanOpt\rl-training\v01\outputs\surface_tensile_gradient_full_field_label_backfill_v03\canonical_full_field_surface_gradient_teacher_labels_v03.csv,141
32,RLU2M_A05_V01,stage2_n32_legacy,stage2_n32_gnn_rl_legacy,"[21,23,25,0,2,4,6,8,10,12,14,16,18,20,22,26,24,1,30,28,3,5,7,9,11,13,15,17,19,27,29,31]",2974bca71c4d6ef9,8.392177e-05,0.1469052079319954,0.0077339722629349,1.933278528,peeq_guard,mises_P95_top_band,True,LEGACY_COMPATIBLE_WITH_WARNINGS,0.9033232628398792,0.28398791540785495,0.4108761329305136,0.6057401812688822,0.7153323262839879,69.0,LEGACY_TEACHER_LABEL_COMPATIBLE,D:\Projects\RL-LAM-ScanOpt\rl-training\v01\outputs\surface_tensile_gradient_full_field_label_backfill_v03\canonical_full_field_surface_gradient_teacher_labels_v03.csv,142
32,RLU2M_A06_V01,stage2_n32_legacy,stage2_n32_gnn_rl_legacy,"[21,23,25,0,2,4,6,8,10,12,14,16,18,20,22,24,26,1,5,3,28,30,7,9,11,13,15,17,19,27,29,31]",42004ddf695f2aa2,8.7841014e-05,0.1468575692176819,0.0055565544773222,1.9332779093333328,peeq_guard,mises_P95_top_band,True,LEGACY_COMPATIBLE_WITH_WARNINGS,0.8851963746223565,0.29607250755287007,0.6737160120845922,0.7129909365558913,0.7376132930513595,56.0,LEGACY_TEACHER_LABEL_COMPATIBLE,D:\Projects\RL-LAM-ScanOpt\rl-training\v01\outputs\surface_tensile_gradient_full_field_label_backfill_v03\canonical_full_field_surface_gradient_teacher_labels_v03.csv,143
32,RLU2M_A07_V01,stage2_n32_legacy,stage2_n32_gnn_rl_legacy,"[25,23,21,0,2,4,6,8,10,12,14,16,18,20,22,24,26,1,30,28,3,5,7,9,11,13,15,17,19,27,29,31]",303f75dd5967066f,6.2943494e-05,0.1468197579681873,0.0071699607791957,1.93327904,peeq_guard,mises_P95_top_band,True,LEGACY_COMPATIBLE_WITH_WARNINGS,0.9788519637462235,0.3021148036253777,0.4773413897280967,0.48489425981873113,0.7686555891238671,38.0,LEGACY_TEACHER_LABEL_COMPATIBLE,D:\Projects\RL-LAM-ScanOpt\rl-training\v01\outputs\surface_tensile_gradient_full_field_label_backfill_v03\canonical_full_field_surface_gradient_teacher_labels_v03.csv,144
32,RLU2M_A10_V01,stage2_n32_legacy,stage2_n32_gnn_rl_legacy,"[21,23,25,0,2,4,6,8,10,12,14,16,18,20,22,24,26,1,30,28,7,5,3,9,11,13,15,17,19,27,29,31]",359eb8eabbf54747,8.299693e-05,0.1445815429091453,0.0058438060075852,1.9332785706666669,peeq_guard,mises_P95_top_band,True,LEGACY_COMPATIBLE_WITH_WARNINGS,0.9123867069486404,0.5921450151057401,0.6435045317220545,0.5981873111782477,0.8057401812688821,16.0,LEGACY_TEACHER_LABEL_COMPATIBLE,D:\Projects\RL-LAM-ScanOpt\rl-training\v01\outputs\surface_tensile_gradient_full_field_label_backfill_v03\canonical_full_field_surface_gradient_teacher_labels_v03.csv,147
32,RLU2M_A11_V01,stage2_n32_legacy,stage2_n32_gnn_rl_legacy,"[21,23,25,0,2,4,6,8,10,12,14,16,18,20,22,30,1,24,26,28,3,5,7,9,11,13,15,17,19,27,29,31]",ade7a4e3b0623d1b,8.723675e-05,0.1455287929624319,0.0079802097439205,1.933280448,peeq_guard,mises_P95_top_band,True,LEGACY_COMPATIBLE_WITH_WARNINGS,0.8942598187311178,0.4441087613293051,0.3655589123867069,0.324773413897281,0.7228851963746225,63.0,LEGACY_TEACHER_LABEL_COMPATIBLE,D:\Projects\RL-LAM-ScanOpt\rl-training\v01\outputs\surface_tensile_gradient_full_field_label_backfill_v03\canonical_full_field_surface_gradient_teacher_labels_v03.csv,148
32,RLU2M_A12_V01,stage2_n32_legacy,stage2_n32_gnn_rl_legacy,"[21,23,25,0,2,4,6,8,10,12,14,16,18,20,22,24,26,5,30,28,3,1,7,9,11,13,15,17,19,27,29,31]",675161a5968bab04,0.00010047078,0.1450555454194545,0.0062208207234475,1.933278506666667,peeq_guard,mises_P95_top_band,True,LEGACY_COMPATIBLE_WITH_WARNINGS,0.8398791540785498,0.5135951661631419,0.5981873111782477,0.6132930513595166,0.7391238670694864,55.0,LEGACY_TEACHER_LABEL_COMPATIBLE,D:\Projects\RL-LAM-ScanOpt\rl-training\v01\outputs\surface_tensile_gradient_full_field_label_backfill_v03\canonical_full_field_surface_gradient_teacher_labels_v03.csv,149
32,RLU2M_A13_V01,stage2_n32_legacy,stage2_n32_gnn_rl_legacy,"[21,23,25,0,2,4,6,8,10,12,14,16,18,20,22,24,26,1,30,28,3,5,7,11,9,13,15,17,19,27,29,31]",f81c3c5d7e45c4f3,8.205398e-05,0.1451736418157816,0.0071821812799577,1.9332788266666667,peeq_guard,mises_P95_top_band,True,LEGACY_COMPATIBLE_WITH_WARNINGS,0.9154078549848943,0.49848942598187307,0.4561933534743202,0.5317220543806647,0.7669184290030212,40.0,LEGACY_TEACHER_LABEL_COMPATIBLE,D:\Projects\RL-LAM-ScanOpt\rl-training\v01\outputs\surface_tensile_gradient_full_field_label_backfill_v03\canonical_full_field_surface_gradient_teacher_labels_v03.csv,150
32,RLU2M_A14_V01,stage2_n32_legacy,stage2_n32_gnn_rl_legacy,"[21,23,25,0,2,4,6,8,10,12,14,16,18,20,22,24,26,1,30,28,3,5,9,7,11,13,15,17,19,27,29,31]",39c71a79f510337e,7.6939046e-05,0.1449329294264316,0.0071786411620533,1.9332788693333327,peeq_guard,mises_P95_top_band,True,LEGACY_COMPATIBLE_WITH_WARNINGS,0.9335347432024169,0.5287009063444108,0.4652567975830816,0.5166163141993958,0.7848942598187312,29.0,LEGACY_TEACHER_LABEL_COMPATIBLE,D:\Projects\RL-LAM-ScanOpt\rl-training\v01\outputs\surface_tensile_gradient_full_field_label_backfill_v03\canonical_full_field_surface_gradient_teacher_labels_v03.csv,151
32,RLU2M_A15_V01,stage2_n32_legacy,stage2_n32_gnn_rl_legacy,"[21,23,25,0,2,4,6,8,10,12,14,18,16,20,22,24,26,1,30,28,3,5,7,9,11,13,15,17,19,27,29,31]",e43cff4aab5ecdd5,6.5921595e-05,0.1474430538713932,0.0071812860051928,1.9332788266666667,peeq_guard,mises_P95_top_band,True,LEGACY_COMPATIBLE_WITH_WARNINGS,0.9637462235649547,0.24773413897280971,0.45921450151057397,0.5317220543806647,0.7484894259818732,49.0,LEGACY_TEACHER_LABEL_COMPATIBLE,D:\Projects\RL-LAM-ScanOpt\rl-training\v01\outputs\surface_tensile_gradient_full_field_label_backfill_v03\canonical_full_field_surface_gradient_teacher_labels_v03.csv,152
32,RLU2M_A16_V01,stage2_n32_legacy,stage2_n32_gnn_rl_legacy,"[21,23,25,0,2,4,8,6,10,12,14,16,18,20,22,24,26,1,30,28,3,5,7,9,11,13,15,17,19,27,29,31]",7c4fbd23968a26f5,6.5275686e-05,0.14645722463727,0.0071492307712743,1.9332787413333328,peeq_guard,mises_P95_top_band,True,LEGACY_COMPATIBLE_WITH_WARNINGS,0.9667673716012084,0.3413897280966768,0.4833836858006042,0.552870090634441,0.7726586102719033,34.0,LEGACY_TEACHER_LABEL_COMPATIBLE,D:\Projects\RL-LAM-ScanOpt\rl-training\v01\outputs\surface_tensile_gradient_full_field_label_backfill_v03\canonical_full_field_surface_gradient_teacher_labels_v03.csv,153
32,RLU2M_A18_V01,stage2_n32_legacy,stage2_n32_gnn_rl_legacy,"[21,23,25,0,2,4,6,8,10,12,14,16,18,20,22,24,26,1,30,28,3,7,5,9,11,13,15,17,19,27,29,31]",91655ae5e0a1c23b,7.485699e-05,0.1464424955844879,0.007174462552637,1.933278848,peeq_guard,mises_P95_top_band,True,LEGACY_COMPATIBLE_WITH_WARNINGS,0.945619335347432,0.3474320241691843,0.4712990936555891,0.5226586102719033,0.7574018126888218,43.0,LEGACY_TEACHER_LABEL_COMPATIBLE,D:\Projects\RL-LAM-ScanOpt\rl-training\v01\outputs\surface_tensile_gradient_full_field_label_backfill_v03\canonical_full_field_surface_gradient_teacher_labels_v03.csv,155
32,RLU2M_A20_V01,stage2_n32_legacy,stage2_n32_gnn_rl_legacy,"[21,23,25,0,2,4,6,8,10,12,14,16,18,20,22,24,26,1,28,30,3,5,7,11,9,13,15,17,19,27,29,31]",52e37ad106d4256d,8.770453e-05,0.145159655958414,0.0071795555592014,1.933278848,peeq_guard,mises_P95_top_band,True,LEGACY_COMPATIBLE_WITH_WARNINGS,0.8882175226586103,0.5015105740181269,0.46223564954682783,0.5226586102719033,0.75,45.5,LEGACY_TEACHER_LABEL_COMPATIBLE,D:\Projects\RL-LAM-ScanOpt\rl-training\v01\outputs\surface_tensile_gradient_full_field_label_backfill_v03\canonical_full_field_surface_gradient_teacher_labels_v03.csv,157
32,RLU2M_A21_V01,stage2_n32_legacy,stage2_n32_gnn_rl_legacy,"[21,23,25,0,2,4,6,8,10,12,14,16,18,20,22,24,26,1,3,28,30,9,7,5,11,13,15,17,19,27,29,31]",9291cc727181502f,0.000100509606,0.145556636378169,0.0054053426970411,1.9332784640000005,peeq_guard,mises_P95_top_band,True,LEGACY_COMPATIBLE_WITH_WARNINGS,0.8338368580060422,0.44108761329305135,0.6888217522658611,0.6223564954682779,0.7302114803625377,62.0,LEGACY_TEACHER_LABEL_COMPATIBLE,D:\Projects\RL-LAM-ScanOpt\rl-training\v01\outputs\surface_tensile_gradient_full_field_label_backfill_v03\canonical_full_field_surface_gradient_teacher_labels_v03.csv,158
32,RLU2M_A22_V01,stage2_n32_legacy,stage2_n32_gnn_rl_legacy,"[21,23,25,0,2,4,6,8,10,12,14,16,18,20,22,24,26,28,30,1,3,9,7,5,11,13,15,19,17,27,29,31]",d6f297858c5bf9b8,0.00013544121,0.1444901497662067,0.0067923991117655,1.933278784,peeq_guard,mises_P95_top_band,True,LEGACY_COMPATIBLE_WITH_WARNINGS,0.7371601208459215,0.6102719033232629,0.5226586102719033,0.5422960725075529,0.6805891238670695,88.0,LEGACY_TEACHER_LABEL_COMPATIBLE,D:\Projects\RL-LAM-ScanOpt\rl-training\v01\outputs\surface_tensile_gradient_full_field_label_backfill_v03\canonical_full_field_surface_gradient_teacher_labels_v03.csv,159
32,RLU2M_A23_V01,stage2_n32_legacy,stage2_n32_gnn_rl_legacy,"[21,23,25,0,2,6,4,8,10,12,16,14,18,20,22,24,26,1,30,28,3,5,7,9,11,13,15,17,19,27,29,31]",e012a23db85505c9,7.213061e-05,0.146885572373867,0.0071468241116191,1.933278848,peeq_guard,mises_P95_top_band,True,LEGACY_COMPATIBLE_WITH_WARNINGS,0.9486404833836858,0.2930513595166163,0.48640483383685795,0.5226586102719033,0.75,45.5,LEGACY_TEACHER_LABEL_COMPATIBLE,D:\Projects\RL-LAM-ScanOpt\rl-training\v01\outputs\surface_tensile_gradient_full_field_label_backfill_v03\canonical_full_field_surface_gradient_teacher_labels_v03.csv,160
32,RLU2M_A24_V01,stage2_n32_legacy,stage2_n32_gnn_rl_legacy,"[23,21,25,0,2,4,6,8,10,12,14,16,18,20,22,24,26,1,30,28,3,5,11,9,7,13,15,17,19,27,29,31]",ef28207e47662bde,0.00010101382,0.1437953336536884,0.007190128462457,1.9332786346666664,peeq_guard,mises_P95_top_band,True,LEGACY_COMPATIBLE_WITH_WARNINGS,0.8277945619335347,0.7009063444108761,0.45317220543806647,0.5906344410876133,0.7530966767371601,44.0,LEGACY_TEACHER_LABEL_COMPATIBLE,D:\Projects\RL-LAM-ScanOpt\rl-training\v01\outputs\surface_tensile_gradient_full_field_label_backfill_v03\canonical_full_field_surface_gradient_teacher_labels_v03.csv,161
32,RLU2M_A25_V01,stage2_n32_legacy,stage2_n32_gnn_rl_legacy,"[21,23,25,0,2,4,6,8,10,12,14,16,18,20,22,26,24,28,30,1,3,5,7,13,11,9,15,17,19,27,29,31]",3a34c4a40dcfb7c6,0.00012088659,0.1432070937752723,0.0077948559985173,1.9332779946666665,peeq_guard,mises_P95_top_band,True,LEGACY_COMPATIBLE_WITH_WARNINGS,0.7522658610271904,0.7764350453172205,0.39577039274924475,0.6888217522658611,0.7182779456193354,67.0,LEGACY_TEACHER_LABEL_COMPATIBLE,D:\Projects\RL-LAM-ScanOpt\rl-training\v01\outputs\surface_tensile_gradient_full_field_label_backfill_v03\canonical_full_field_surface_gradient_teacher_labels_v03.csv,162
32,RLU2M_A26_V01,stage2_n32_legacy,stage2_n32_gnn_rl_legacy,"[0,2,4,6,8,10,12,14,16,18,20,22,24,26,28,30,7,5,3,1,9,15,13,11,17,19,21,23,25,27,29,31]",d256b0f3cabe63f0,0.000103277445,0.1458583253622055,0.0028153742206509,1.933277696,peeq_guard,mises_P95_top_band,True,LEGACY_COMPATIBLE_WITH_WARNINGS,0.8126888217522659,0.3987915407854985,0.8821752265861027,0.7462235649546828,0.733534743202417,59.0,LEGACY_TEACHER_LABEL_COMPATIBLE,D:\Projects\RL-LAM-ScanOpt\rl-training\v01\outputs\surface_tensile_gradient_full_field_label_backfill_v03\canonical_full_field_surface_gradient_teacher_labels_v03.csv,163
32,RLU2M_A27_V01,stage2_n32_legacy,stage2_n32_gnn_rl_legacy,"[21,23,25,0,2,4,6,8,10,12,14,16,18,20,22,26,24,1,30,28,3,5,7,11,13,15,17,9,19,27,29,31]",6d8219b2a4638a27,0.00015298523,0.1448470882326364,0.0079242212283289,1.9332785706666664,peeq_guard,mises_P95_top_band,True,LEGACY_COMPATIBLE_WITH_WARNINGS,0.6978851963746224,0.5468277945619335,0.3806646525679759,0.6012084592145015,0.6311178247734139,116.0,LEGACY_TEACHER_LABEL_COMPATIBLE,D:\Projects\RL-LAM-ScanOpt\rl-training\v01\outputs\surface_tensile_gradient_full_field_label_backfill_v03\canonical_full_field_surface_gradient_teacher_labels_v03.csv,164
32,RLU2M_A28_V01,stage2_n32_legacy,stage2_n32_gnn_rl_legacy,"[1,3,5,7,9,11,13,15,17,19,21,23,29,27,25,31,0,2,4,8,6,10,12,14,16,18,22,20,26,24,30,28]",d44218bcd3f23cd2,4.7092337e-05,0.1455592040717601,0.0023838541073803,1.9332782933333328,peeq_guard,mises_P95_top_band,True,LEGACY_COMPATIBLE_WITH_WARNINGS,1.0,0.4380664652567976,0.9365558912386707,0.6510574018126889,0.8638217522658611,2.0,LEGACY_TEACHER_LABEL_COMPATIBLE,D:\Projects\RL-LAM-ScanOpt\rl-training\v01\outputs\surface_tensile_gradient_full_field_label_backfill_v03\canonical_full_field_surface_gradient_teacher_labels_v03.csv,165
32,RLU2M_A29_V01,stage2_n32_legacy,stage2_n32_gnn_rl_legacy,"[0,2,4,6,8,10,12,14,18,16,20,22,24,28,26,30,3,1,5,7,9,11,13,23,21,19,15,17,29,27,25,31]",2768e819f5d4e70d,6.319039e-05,0.1463521050661802,0.0028189535706706,1.9332780373333336,peeq_guard,mises_P95_top_band,True,LEGACY_COMPATIBLE_WITH_WARNINGS,0.9758308157099698,0.3534743202416919,0.879154078549849,0.6827794561933535,0.8270392749244713,8.0,LEGACY_TEACHER_LABEL_COMPATIBLE,D:\Projects\RL-LAM-ScanOpt\rl-training\v01\outputs\surface_tensile_gradient_full_field_label_backfill_v03\canonical_full_field_surface_gradient_teacher_labels_v03.csv,166
32,RLU2M_A30_V01,stage2_n32_legacy,stage2_n32_gnn_rl_legacy,"[21,23,25,0,2,4,6,8,10,12,14,16,18,20,22,24,26,1,30,28,15,7,3,5,9,11,13,17,19,27,29,31]",f853fea9d6aeab89,0.00017254293,0.1453176195919513,0.0078570096739342,1.9332784426666665,peeq_guard,mises_P95_top_band,True,LEGACY_COMPATIBLE_WITH_WARNINGS,0.6646525679758308,0.46223564954682783,0.38972809667673713,0.6283987915407855,0.5948640483383686,151.0,LEGACY_TEACHER_LABEL_COMPATIBLE,D:\Projects\RL-LAM-ScanOpt\rl-training\v01\outputs\surface_tensile_gradient_full_field_label_backfill_v03\canonical_full_field_surface_gradient_teacher_labels_v03.csv,167
32,RLU2M_A31_V01,stage2_n32_legacy,stage2_n32_gnn_rl_legacy,"[21,23,25,0,2,4,6,8,20,10,12,14,16,18,26,24,22,1,30,28,3,5,7,9,11,13,15,17,19,27,29,31]",4537d4a3f469f13e,0.00015107918,0.1452053667604923,0.0093052861866525,1.9332784213333327,peeq_guard,mises_P95_top_band,True,LEGACY_COMPATIBLE_WITH_WARNINGS,0.7009063444108761,0.4954682779456193,0.26586102719033233,0.6344410876132931,0.6129909365558912,138.0,LEGACY_TEACHER_LABEL_COMPATIBLE,D:\Projects\RL-LAM-ScanOpt\rl-training\v01\outputs\surface_tensile_gradient_full_field_label_backfill_v03\canonical_full_field_surface_gradient_teacher_labels_v03.csv,168
32,RLU2M_A32_V01,stage2_n32_legacy,stage2_n32_gnn_rl_legacy,"[21,23,25,0,2,4,6,8,16,12,14,10,18,20,22,24,26,1,30,28,3,5,19,7,9,11,13,15,17,27,29,31]",627f4e1f2e9cf191,0.00015975624,0.1450103992223739,0.008133613698773,1.933278528,peeq_guard,mises_P95_top_band,True,LEGACY_COMPATIBLE_WITH_WARNINGS,0.6888217522658611,0.5196374622356495,0.35649546827794565,0.6057401812688822,0.6175981873111782,132.0,LEGACY_TEACHER_LABEL_COMPATIBLE,D:\Projects\RL-LAM-ScanOpt\rl-training\v01\outputs\surface_tensile_gradient_full_field_label_backfill_v03\canonical_full_field_surface_gradient_teacher_labels_v03.csv,169
32,RLU2M_A33_V01,stage2_n32_legacy,stage2_n32_gnn_rl_legacy,"[6,8,0,4,10,12,14,16,18,20,22,24,26,1,21,23,27,29,31,25,28,2,30,3,5,7,9,11,13,15,17,19]",f515f76d5fa8d2c6,0.0001236612,0.1450170534849167,0.0180933465473267,1.9332802773333333,peeq_guard,mises_P95_top_band,True,LEGACY_COMPATIBLE_WITH_WARNINGS,0.7462235649546828,0.5166163141993958,0.024169184290030232,0.34592145015105735,0.6080815709969789,142.0,LEGACY_TEACHER_LABEL_COMPATIBLE,D:\Projects\RL-LAM-ScanOpt\rl-training\v01\outputs\surface_tensile_gradient_full_field_label_backfill_v03\canonical_full_field_surface_gradient_teacher_labels_v03.csv,170
32,RLU2M_A34_V01,stage2_n32_legacy,stage2_n32_gnn_rl_legacy,"[25,0,2,4,6,8,10,12,14,16,18,20,22,24,26,1,3,28,30,5,7,9,11,31,13,15,17,19,21,23,27,29]",cb10dfeb6c3741e6,6.693073e-05,0.1470251552760601,0.002998445473763,1.933279552,peeq_guard,mises_P95_top_band,True,LEGACY_COMPATIBLE_WITH_WARNINGS,0.9607250755287009,0.27794561933534745,0.8731117824773413,0.4274924471299094,0.7887462235649547,26.0,LEGACY_TEACHER_LABEL_COMPATIBLE,D:\Projects\RL-LAM-ScanOpt\rl-training\v01\outputs\surface_tensile_gradient_full_field_label_backfill_v03\canonical_full_field_surface_gradient_teacher_labels_v03.csv,171
32,RLU2M_A35_V01,stage2_n32_legacy,stage2_n32_gnn_rl_legacy,"[21,23,25,0,2,4,18,6,8,10,12,14,16,20,22,24,26,1,30,28,13,15,17,3,5,7,9,11,19,27,29,31]",2801582d1baa76c6,0.00024513167,0.1445314554870128,0.0083617791260012,1.933279552,peeq_guard,mises_P95_top_band,True,LEGACY_COMPATIBLE_WITH_WARNINGS,0.5709969788519638,0.6012084592145015,0.32930513595166166,0.4274924471299094,0.5456948640483383,175.0,LEGACY_TEACHER_LABEL_COMPATIBLE,D:\Projects\RL-LAM-ScanOpt\rl-training\v01\outputs\surface_tensile_gradient_full_field_label_backfill_v03\canonical_full_field_surface_gradient_teacher_labels_v03.csv,172
32,RLU2M_A36_V01,stage2_n32_legacy,stage2_n32_gnn_rl_legacy,"[18,15,20,31,25,12,23,26,28,30,29,9,6,0,4,24,22,10,8,3,14,2,5,16,11,21,17,7,27,13,1,19]",ae813f925f6445a0,0.0005535034,0.1470977385342121,0.0102927982819291,1.9332793173333336,peeq_guard,mises_P95_top_band,True,LEGACY_COMPATIBLE_WITH_WARNINGS,0.40181268882175225,0.2688821752265861,0.21450151057401812,0.4561933534743202,0.359214501510574,223.0,LEGACY_TEACHER_LABEL_COMPATIBLE,D:\Projects\RL-LAM-ScanOpt\rl-training\v01\outputs\surface_tensile_gradient_full_field_label_backfill_v03\canonical_full_field_surface_gradient_teacher_labels_v03.csv,173
32,RLU2M_A37_V01,stage2_n32_legacy,stage2_n32_gnn_rl_legacy,"[25,30,27,18,17,14,7,5,1,28,16,22,19,8,11,13,31,23,29,2,9,20,3,4,12,26,24,0,21,15,10,6]",9e9a36a6b93273f3,0.0006864436,0.1453052128106356,0.005848736632299,1.9332775253333332,peeq_guard,mises_P95_top_band,True,LEGACY_COMPATIBLE_WITH_WARNINGS,0.2356495468277946,0.4652567975830816,0.6374622356495468,0.7854984894259819,0.3492447129909366,226.0,LEGACY_TEACHER_LABEL_COMPATIBLE,D:\Projects\RL-LAM-ScanOpt\rl-training\v01\outputs\surface_tensile_gradient_full_field_label_backfill_v03\canonical_full_field_surface_gradient_teacher_labels_v03.csv,174
32,RLU2M_A38_V01,stage2_n32_legacy,stage2_n32_gnn_rl_legacy,"[30,26,24,4,12,9,16,18,20,27,6,19,10,2,3,22,21,17,13,29,0,7,5,15,14,28,25,23,11,8,1,31]",bf443078d822b202,0.00053302577,0.1425912859290838,0.0055869931794178,1.933276288,peeq_guard,mises_P95_top_band,True,LEGACY_COMPATIBLE_WITH_WARNINGS,0.41993957703927487,0.8429003021148036,0.6646525679758308,0.9894259818731118,0.557477341389728,171.0,LEGACY_TEACHER_LABEL_COMPATIBLE,D:\Projects\RL-LAM-ScanOpt\rl-training\v01\outputs\surface_tensile_gradient_full_field_label_backfill_v03\canonical_full_field_surface_gradient_teacher_labels_v03.csv,175
32,RLU2M_A39_V01,stage2_n32_legacy,stage2_n32_gnn_rl_legacy,"[25,30,11,2,7,9,16,22,14,4,0,5,26,18,23,1,12,13,29,19,21,27,8,10,31,20,3,17,6,15,28,24]",99a8e5af489f990b,0.0004904706,0.142100101262331,0.0059501001900334,1.9332768213333331,peeq_guard,mises_P95_top_band,True,LEGACY_COMPATIBLE_WITH_WARNINGS,0.45317220543806647,0.8942598187311178,0.6223564954682779,0.8897280966767371,0.5801359516616313,156.0,LEGACY_TEACHER_LABEL_COMPATIBLE,D:\Projects\RL-LAM-ScanOpt\rl-training\v01\outputs\surface_tensile_gradient_full_field_label_backfill_v03\canonical_full_field_surface_gradient_teacher_labels_v03.csv,176
32,RLU2M_A40_V01,stage2_n32_legacy,stage2_n32_gnn_rl_legacy,"[8,0,13,18,19,21,31,29,11,25,17,10,15,2,9,27,6,4,23,14,28,3,1,5,12,20,22,16,7,26,24,30]",6a21054f3876a839,0.00055579736,0.1415063659846782,0.0050197176769468,1.9332769066666664,peeq_guard,mises_P95_top_band,True,LEGACY_COMPATIBLE_WITH_WARNINGS,0.3987915407854985,0.9274924471299093,0.7280966767371602,0.877643504531722,0.561404833836858,167.0,LEGACY_TEACHER_LABEL_COMPATIBLE,D:\Projects\RL-LAM-ScanOpt\rl-training\v01\outputs\surface_tensile_gradient_full_field_label_backfill_v03\canonical_full_field_surface_gradient_teacher_labels_v03.csv,177
32,RLU2_A01_V01,stage2_n32_legacy,stage2_n32_gnn_rl_legacy,"[21,23,25,0,2,4,6,8,10,12,14,16,18,20,22,24,26,1,30,28,3,5,7,9,11,13,15,17,19,27,29,31]",7e21697e8af0fbeb,6.2689614e-05,0.1465085811913013,0.0071765300717627,1.933278890666667,peeq_guard,mises_P95_top_band,True,LEGACY_COMPATIBLE_WITH_WARNINGS,0.9818731117824774,0.32930513595166166,0.46827794561933533,0.5105740181268883,0.7764350453172206,32.0,LEGACY_TEACHER_LABEL_COMPATIBLE,D:\Projects\RL-LAM-ScanOpt\rl-training\v01\outputs\surface_tensile_gradient_full_field_label_backfill_v03\canonical_full_field_surface_gradient_teacher_labels_v03.csv,178
32,RLU2_A02_V01,stage2_n32_legacy,stage2_n32_gnn_rl_legacy,"[23,21,25,0,2,4,6,8,10,12,14,16,18,20,22,24,28,30,1,26,3,5,7,9,11,13,15,17,19,27,29,31]",4a8c4454f5f46d8c,7.1907634e-05,0.1436078546196222,0.0064514622389312,1.9332787413333328,peeq_guard,mises_P95_top_band,True,LEGACY_COMPATIBLE_WITH_WARNINGS,0.9516616314199395,0.7311178247734139,0.5649546827794563,0.552870090634441,0.8489425981873112,4.0,LEGACY_TEACHER_LABEL_COMPATIBLE,D:\Projects\RL-LAM-ScanOpt\rl-training\v01\outputs\surface_tensile_gradient_full_field_label_backfill_v03\canonical_full_field_surface_gradient_teacher_labels_v03.csv,179
32,RLU2_A03_V01,stage2_n32_legacy,stage2_n32_gnn_rl_legacy,"[21,23,25,0,2,4,6,8,10,12,14,16,18,20,22,24,28,30,3,26,1,5,7,9,11,13,15,17,19,27,29,31]",f3e9b21e34c4833e,7.585464e-05,0.144919486194849,0.0067932480120083,1.9332795733333328,peeq_guard,mises_P95_top_band,True,LEGACY_COMPATIBLE_WITH_WARNINGS,0.9395770392749244,0.540785498489426,0.5196374622356495,0.41993957703927487,0.7918429003021148,23.0,LEGACY_TEACHER_LABEL_COMPATIBLE,D:\Projects\RL-LAM-ScanOpt\rl-training\v01\outputs\surface_tensile_gradient_full_field_label_backfill_v03\canonical_full_field_surface_gradient_teacher_labels_v03.csv,180
32,RLU2_A04_V01,stage2_n32_legacy,stage2_n32_gnn_rl_legacy,"[21,23,25,0,4,2,6,8,10,12,14,16,18,20,22,24,28,30,1,26,3,5,7,9,11,13,15,17,19,27,29,31]",2d1683c6528a2bca,7.5410426e-05,0.1434144146740436,0.0065055293570914,1.9332786346666664,peeq_guard,mises_P95_top_band,True,LEGACY_COMPATIBLE_WITH_WARNINGS,0.9425981873111783,0.7552870090634441,0.5498489425981873,0.5906344410876133,0.8482628398791543,5.0,LEGACY_TEACHER_LABEL_COMPATIBLE,D:\Projects\RL-LAM-ScanOpt\rl-training\v01\outputs\surface_tensile_gradient_full_field_label_backfill_v03\canonical_full_field_surface_gradient_teacher_labels_v03.csv,181
32,RLU2_A05_V01,stage2_n32_legacy,stage2_n32_gnn_rl_legacy,"[21,23,25,0,2,4,6,8,10,12,14,16,18,22,24,20,28,30,1,26,3,5,7,9,11,13,15,17,19,27,29,31]",480882ee0692b125,0.00010262672,0.1460043346881867,0.0068813078401182,1.9332811733333333,peeq_guard,mises_P95_top_band,True,LEGACY_COMPATIBLE_WITH_WARNINGS,0.8187311178247734,0.38368580060422963,0.5075528700906344,0.27794561933534745,0.6735649546827794,94.0,LEGACY_TEACHER_LABEL_COMPATIBLE,D:\Projects\RL-LAM-ScanOpt\rl-training\v01\outputs\surface_tensile_gradient_full_field_label_backfill_v03\canonical_full_field_surface_gradient_teacher_labels_v03.csv,182
32,RLU2_A06_V01,stage2_n32_legacy,stage2_n32_gnn_rl_legacy,"[21,23,25,0,2,4,6,8,10,12,14,16,18,20,22,24,28,30,1,26,3,9,7,5,11,13,15,17,19,27,29,31]",12b022f38e699185,0.00010029843,0.1440748085081577,0.0064627470317,1.933278506666667,peeq_guard,mises_P95_top_band,True,LEGACY_COMPATIBLE_WITH_WARNINGS,0.8429003021148036,0.6737160120845922,0.5589123867069486,0.6132930513595166,0.7691842900302116,36.0,LEGACY_TEACHER_LABEL_COMPATIBLE,D:\Projects\RL-LAM-ScanOpt\rl-training\v01\outputs\surface_tensile_gradient_full_field_label_backfill_v03\canonical_full_field_surface_gradient_teacher_labels_v03.csv,183
32,RLU2_A07_V01,stage2_n32_legacy,stage2_n32_gnn_rl_legacy,"[21,23,25,0,2,4,6,8,10,12,14,16,18,20,22,24,28,30,1,26,9,7,5,3,11,13,15,17,19,27,29,31]",8d692ed83154db5a,0.00010670486,0.1414372634887695,0.0062470918644855,1.93327872,peeq_guard,mises_P95_top_band,True,LEGACY_COMPATIBLE_WITH_WARNINGS,0.8006042296072508,0.9365558912386707,0.5921450151057401,0.5619335347432024,0.7950151057401813,22.0,LEGACY_TEACHER_LABEL_COMPATIBLE,D:\Projects\RL-LAM-ScanOpt\rl-training\v01\outputs\surface_tensile_gradient_full_field_label_backfill_v03\canonical_full_field_surface_gradient_teacher_labels_v03.csv,184
32,RLU2_A08_V01,stage2_n32_legacy,stage2_n32_gnn_rl_legacy,"[0,2,4,6,8,10,12,14,16,18,20,22,24,26,28,30,1,3,5,7,9,11,13,15,19,17,21,23,25,27,29,31]",6eee5930a846509c,8.7065084e-05,0.1471535865962505,0.0024936903645686,1.933277952,peeq_guard,mises_P95_top_band,True,LEGACY_COMPATIBLE_WITH_WARNINGS,0.8972809667673716,0.2628398791540786,0.918429003021148,0.702416918429003,0.7627643504531723,41.0,LEGACY_TEACHER_LABEL_COMPATIBLE,D:\Projects\RL-LAM-ScanOpt\rl-training\v01\outputs\surface_tensile_gradient_full_field_label_backfill_v03\canonical_full_field_surface_gradient_teacher_labels_v03.csv,185
32,RLU2_A09_V01,stage2_n32_legacy,stage2_n32_gnn_rl_legacy,"[0,2,4,6,8,10,12,14,16,18,20,22,24,26,28,30,17,19,21,23,9,11,13,15,1,3,5,7,25,27,29,31]",83b5bc8157a85cda,0.00012285949,0.1446040915697813,0.0040037030340207,1.933278144,peeq_guard,mises_P95_top_band,True,LEGACY_COMPATIBLE_WITH_WARNINGS,0.7492447129909365,0.5800604229607251,0.797583081570997,0.6661631419939578,0.7160876132930515,68.0,LEGACY_TEACHER_LABEL_COMPATIBLE,D:\Projects\RL-LAM-ScanOpt\rl-training\v01\outputs\surface_tensile_gradient_full_field_label_backfill_v03\canonical_full_field_surface_gradient_teacher_labels_v03.csv,186
32,RLU2_A10_V01,stage2_n32_legacy,stage2_n32_gnn_rl_legacy,"[0,2,4,6,8,10,12,14,16,18,20,26,24,22,28,30,1,3,5,7,9,11,13,15,17,19,21,23,25,27,29,31]",d90439b7a2e89cff,7.79679e-05,0.1452705431729555,0.0025187697739283,1.933278101333333,peeq_guard,mises_P95_top_band,True,LEGACY_COMPATIBLE_WITH_WARNINGS,0.9305135951661632,0.4712990936555891,0.9063444108761329,0.6722054380664653,0.8233383685800604,9.0,LEGACY_TEACHER_LABEL_COMPATIBLE,D:\Projects\RL-LAM-ScanOpt\rl-training\v01\outputs\surface_tensile_gradient_full_field_label_backfill_v03\canonical_full_field_surface_gradient_teacher_labels_v03.csv,187
32,RLU2_A11_V01,stage2_n32_legacy,stage2_n32_gnn_rl_legacy,"[0,2,4,6,8,10,12,14,16,18,20,22,24,26,28,30,1,3,5,7,9,15,13,11,17,19,21,23,25,27,29,31]",83d1d6d56a01d102,6.468859e-05,0.1471103022992611,0.0025022320437241,1.9332779306666668,peeq_guard,mises_P95_top_band,True,LEGACY_COMPATIBLE_WITH_WARNINGS,0.972809667673716,0.26586102719033233,0.9123867069486404,0.7084592145015105,0.8121601208459215,13.0,LEGACY_TEACHER_LABEL_COMPATIBLE,D:\Projects\RL-LAM-ScanOpt\rl-training\v01\outputs\surface_tensile_gradient_full_field_label_backfill_v03\canonical_full_field_surface_gradient_teacher_labels_v03.csv,188
32,RLU2_A12_V01,stage2_n32_legacy,stage2_n32_gnn_rl_legacy,"[0,2,4,6,8,10,12,14,16,18,20,22,28,26,24,30,1,3,5,7,9,11,13,15,17,19,21,23,25,27,29,31]",6d4e4d210d785d87,8.330394e-05,0.1460504853725433,0.0024984280767343,1.933278058666667,peeq_guard,mises_P95_top_band,True,LEGACY_COMPATIBLE_WITH_WARNINGS,0.9063444108761329,0.37462235649546827,0.9154078549848943,0.6797583081570997,0.7895770392749244,24.0,LEGACY_TEACHER_LABEL_COMPATIBLE,D:\Projects\RL-LAM-ScanOpt\rl-training\v01\outputs\surface_tensile_gradient_full_field_label_backfill_v03\canonical_full_field_surface_gradient_teacher_labels_v03.csv,189
32,RLU2_A13_V01,stage2_n32_legacy,stage2_n32_gnn_rl_legacy,"[0,2,4,6,8,10,12,14,16,18,20,22,24,26,28,30,1,7,5,3,9,11,13,15,17,19,21,23,25,27,29,31]",0a03b519ac853e01,9.39961e-05,0.1472375173866749,0.0018358274105096,1.9332779733333332,peeq_guard,mises_P95_top_band,True,LEGACY_COMPATIBLE_WITH_WARNINGS,0.8640483383685801,0.2537764350453172,0.9788519637462235,0.6948640483383686,0.7450151057401813,51.0,LEGACY_TEACHER_LABEL_COMPATIBLE,D:\Projects\RL-LAM-ScanOpt\rl-training\v01\outputs\surface_tensile_gradient_full_field_label_backfill_v03\canonical_full_field_surface_gradient_teacher_labels_v03.csv,190
32,RLU2_A14_V01,stage2_n32_legacy,stage2_n32_gnn_rl_legacy,"[0,2,4,6,8,10,12,14,16,18,20,22,24,26,28,30,1,3,5,7,9,11,13,15,17,19,21,23,25,31,29,27]",bddb9ffe18582781,0.000101320264,0.1475419221818447,0.0025146804134678,1.933278976,peeq_guard,mises_P95_top_band,True,LEGACY_COMPATIBLE_WITH_WARNINGS,0.8217522658610272,0.2356495468277946,0.9093655589123867,0.49848942598187307,0.697129909365559,80.0,LEGACY_TEACHER_LABEL_COMPATIBLE,D:\Projects\RL-LAM-ScanOpt\rl-training\v01\outputs\surface_tensile_gradient_full_field_label_backfill_v03\canonical_full_field_surface_gradient_teacher_labels_v03.csv,191
32,RLU2_A15_V01,stage2_n32_legacy,stage2_n32_gnn_rl_legacy,"[21,23,25,0,2,4,6,12,10,8,14,16,18,20,24,22,28,30,1,26,3,5,7,9,11,13,15,17,19,27,29,31]",66e513f14e246ed2,0.00011784535,0.1432244691252708,0.0064330845948461,1.933278656,peeq_guard,mises_P95_top_band,True,LEGACY_COMPATIBLE_WITH_WARNINGS,0.770392749244713,0.7734138972809668,0.5679758308157099,0.5830815709969788,0.7413897280966768,52.0,LEGACY_TEACHER_LABEL_COMPATIBLE,D:\Projects\RL-LAM-ScanOpt\rl-training\v01\outputs\surface_tensile_gradient_full_field_label_backfill_v03\canonical_full_field_surface_gradient_teacher_labels_v03.csv,192
32,RLU2_A16_V01,stage2_n32_legacy,stage2_n32_gnn_rl_legacy,"[21,23,25,0,2,4,6,8,10,12,14,16,18,20,22,24,28,30,1,26,3,9,11,5,7,13,15,17,19,27,29,31]",664dac3422d3369f,0.00014481484,0.1430773657560348,0.0063994437237283,1.9332786773333333,peeq_guard,mises_P95_top_band,True,LEGACY_COMPATIBLE_WITH_WARNINGS,0.7220543806646526,0.7945619335347431,0.5740181268882175,0.5755287009063443,0.7144259818731117,71.0,LEGACY_TEACHER_LABEL_COMPATIBLE,D:\Projects\RL-LAM-ScanOpt\rl-training\v01\outputs\surface_tensile_gradient_full_field_label_backfill_v03\canonical_full_field_surface_gradient_teacher_labels_v03.csv,193
32,RLU2_A17_V01,stage2_n32_legacy,stage2_n32_gnn_rl_legacy,"[21,23,25,0,2,4,6,12,14,8,10,16,18,20,22,24,28,30,1,26,3,5,7,9,11,13,15,17,19,27,29,31]",15de0594d13c50b1,8.9998255e-05,0.1465027970075607,0.0064108016633411,1.933278656,peeq_guard,mises_P95_top_band,True,LEGACY_COMPATIBLE_WITH_WARNINGS,0.8761329305135952,0.3323262839879154,0.5709969788519638,0.5830815709969788,0.7222054380664654,64.0,LEGACY_TEACHER_LABEL_COMPATIBLE,D:\Projects\RL-LAM-ScanOpt\rl-training\v01\outputs\surface_tensile_gradient_full_field_label_backfill_v03\canonical_full_field_surface_gradient_teacher_labels_v03.csv,194
32,RLU2_A18_V01,stage2_n32_legacy,stage2_n32_gnn_rl_legacy,"[0,25,23,21,2,4,6,8,10,12,14,16,18,20,22,24,28,30,1,26,3,9,7,5,11,13,15,17,19,27,29,31]",b968d49446369f1c,9.41509e-05,0.1445170909166336,0.0065179983499835,1.9332782933333328,peeq_guard,mises_P95_top_band,True,LEGACY_COMPATIBLE_WITH_WARNINGS,0.8610271903323263,0.607250755287009,0.5468277945619335,0.6510574018126889,0.7683534743202418,39.0,LEGACY_TEACHER_LABEL_COMPATIBLE,D:\Projects\RL-LAM-ScanOpt\rl-training\v01\outputs\surface_tensile_gradient_full_field_label_backfill_v03\canonical_full_field_surface_gradient_teacher_labels_v03.csv,195
32,RLU2_A19_V01,stage2_n32_legacy,stage2_n32_gnn_rl_legacy,"[30,9,2,12,20,19,11,28,22,23,31,4,6,0,25,5,7,27,17,18,14,13,10,29,1,8,15,16,24,26,21,3]",171659fc097023b0,0.00058913784,0.1450012764334678,0.0100157285054433,1.933282752,peeq_guard,mises_P95_top_band,True,LEGACY_COMPATIBLE_WITH_WARNINGS,0.3716012084592145,0.5226586102719033,0.2356495468277946,0.21450151057401812,0.3803625377643505,218.0,LEGACY_TEACHER_LABEL_COMPATIBLE,D:\Projects\RL-LAM-ScanOpt\rl-training\v01\outputs\surface_tensile_gradient_full_field_label_backfill_v03\canonical_full_field_surface_gradient_teacher_labels_v03.csv,196
32,RLU2_A20_V01,stage2_n32_legacy,stage2_n32_gnn_rl_legacy,"[23,16,25,28,0,29,14,11,13,5,26,9,24,17,19,31,20,22,27,2,21,15,18,4,3,10,8,12,6,1,7,30]",c4f5227c43b5f44d,0.00040192236,0.1506895261257886,0.0088981328210817,1.9332800853333332,peeq_guard,mises_P95_top_band,True,LEGACY_COMPATIBLE_WITH_WARNINGS,0.5075528700906344,0.11480362537764355,0.2870090634441088,0.3655589123867069,0.39984894259818726,216.0,LEGACY_TEACHER_LABEL_COMPATIBLE,D:\Projects\RL-LAM-ScanOpt\rl-training\v01\outputs\surface_tensile_gradient_full_field_label_backfill_v03\canonical_full_field_surface_gradient_teacher_labels_v03.csv,197
32,RLV2C_A01_V01,stage2_n32_legacy,stage2_n32_gnn_rl_legacy,"[27,8,3,22,2,26,21,7,4,6,30,20,13,31,17,25,18,16,0,29,23,9,15,24,12,14,19,28,11,5,10,1]",524121283f4300c8,0.00067311525,0.1466528998315334,0.0092127272414564,1.933280192,peeq_guard,mises_P95_top_band,True,LEGACY_COMPATIBLE_WITH_WARNINGS,0.26586102719033233,0.3141993957703928,0.2749244712990937,0.35649546827794565,0.28096676737160126,256.0,LEGACY_TEACHER_LABEL_COMPATIBLE,D:\Projects\RL-LAM-ScanOpt\rl-training\v01\outputs\surface_tensile_gradient_full_field_label_backfill_v03\canonical_full_field_surface_gradient_teacher_labels_v03.csv,198
32,RLV2C_A02_V01,stage2_n32_legacy,stage2_n32_gnn_rl_legacy,"[12,27,25,15,17,4,23,3,7,13,9,11,31,18,21,6,19,22,2,14,10,29,26,0,24,20,5,8,28,16,1,30]",0ec56f680fafa22b,0.0005427128,0.1411128261685371,0.005870093985837,1.933276565333333,peeq_guard,mises_P95_top_band,True,LEGACY_COMPATIBLE_WITH_WARNINGS,0.41389728096676737,0.9607250755287009,0.6314199395770392,0.9486404833836858,0.5717522658610272,164.0,LEGACY_TEACHER_LABEL_COMPATIBLE,D:\Projects\RL-LAM-ScanOpt\rl-training\v01\outputs\surface_tensile_gradient_full_field_label_backfill_v03\canonical_full_field_surface_gradient_teacher_labels_v03.csv,199
32,RLV2C_A03_V01,stage2_n32_legacy,stage2_n32_gnn_rl_legacy,"[15,27,9,26,25,21,4,3,22,31,6,30,2,23,11,29,10,14,1,19,16,7,5,12,18,8,28,0,20,17,24,13]",26b3bcdf8b3ac93d,0.0006741633,0.1432789742946625,0.0109104263209852,1.933291712,peeq_guard,mises_P95_top_band,True,LEGACY_COMPATIBLE_WITH_WARNINGS,0.2628398791540786,0.7643504531722054,0.17220543806646527,0.1570996978851964,0.34879154078549857,227.0,LEGACY_TEACHER_LABEL_COMPATIBLE,D:\Projects\RL-LAM-ScanOpt\rl-training\v01\outputs\surface_tensile_gradient_full_field_label_backfill_v03\canonical_full_field_surface_gradient_teacher_labels_v03.csv,200
32,RLV2C_A04_V01,stage2_n32_legacy,stage2_n32_gnn_rl_legacy,"[7,19,15,28,26,24,17,9,11,22,5,25,29,6,0,8,12,2,30,1,3,31,21,14,27,18,4,10,13,16,23,20]",10a80b45b222ab3d,0.0004912414,0.1424585458636284,0.0071242686849704,1.93327872,peeq_guard,mises_P95_top_band,True,LEGACY_COMPATIBLE_WITH_WARNINGS,0.4501510574018127,0.8549848942598187,0.49244712990936557,0.5619335347432024,0.5409365558912387,178.5,LEGACY_TEACHER_LABEL_COMPATIBLE,D:\Projects\RL-LAM-ScanOpt\rl-training\v01\outputs\surface_tensile_gradient_full_field_label_backfill_v03\canonical_full_field_surface_gradient_teacher_labels_v03.csv,201
32,RLV2C_A05_V01,stage2_n32_legacy,stage2_n32_gnn_rl_legacy,"[5,25,13,30,10,24,18,14,29,4,6,9,11,26,19,28,1,23,27,17,12,0,31,2,22,16,20,8,21,7,15,3]",e8961dead9eeac3c,0.00069829146,0.1478935173898935,0.0084211163937687,1.933278912,peeq_guard,mises_P95_top_band,True,LEGACY_COMPATIBLE_WITH_WARNINGS,0.20543806646525675,0.22054380664652573,0.3202416918429003,0.5045317220543807,0.23489425981873113,272.0,LEGACY_TEACHER_LABEL_COMPATIBLE,D:\Projects\RL-LAM-ScanOpt\rl-training\v01\outputs\surface_tensile_gradient_full_field_label_backfill_v03\canonical_full_field_surface_gradient_teacher_labels_v03.csv,202
32,RLV2C_A06_V01,stage2_n32_legacy,stage2_n32_gnn_rl_legacy,"[8,5,14,24,26,13,9,27,22,10,25,4,28,23,18,3,19,17,31,2,0,11,1,30,21,29,16,6,12,20,7,15]",9dff134c55d920f1,0.0008419555,0.1502986850589514,0.0074555506839302,1.9332799146666664,peeq_guard,mises_P95_top_band,True,LEGACY_COMPATIBLE_WITH_WARNINGS,0.01812688821752262,0.13293051359516617,0.4441087613293051,0.37915407854984895,0.1017371601208459,318.0,LEGACY_TEACHER_LABEL_COMPATIBLE,D:\Projects\RL-LAM-ScanOpt\rl-training\v01\outputs\surface_tensile_gradient_full_field_label_backfill_v03\canonical_full_field_surface_gradient_teacher_labels_v03.csv,203
32,RLV2C_A07_V01,stage2_n32_legacy,stage2_n32_gnn_rl_legacy,"[24,27,13,11,20,23,7,9,14,25,16,31,3,1,21,19,17,12,4,6,29,22,8,18,0,26,30,10,15,28,5,2]",93fd5301ef5dfd91,0.0005163754,0.1424800495058298,0.0105842060825792,1.933278784,peeq_guard,mises_P95_top_band,True,LEGACY_COMPATIBLE_WITH_WARNINGS,0.42900302114803623,0.851963746223565,0.19335347432024175,0.5422960725075529,0.49569486404833846,194.0,LEGACY_TEACHER_LABEL_COMPATIBLE,D:\Projects\RL-LAM-ScanOpt\rl-training\v01\outputs\surface_tensile_gradient_full_field_label_backfill_v03\canonical_full_field_surface_gradient_teacher_labels_v03.csv,204
32,RLV2C_A08_V01,stage2_n32_legacy,stage2_n32_gnn_rl_legacy,"[13,3,26,1,27,24,9,6,16,31,0,30,15,7,17,28,4,20,29,19,14,11,22,12,21,25,23,8,18,2,10,5]",a8aa56625bfda565,0.00058572605,0.1466319613158702,0.0152933072551668,1.9333088853333331,peeq_guard,mises_P95_top_band,True,LEGACY_COMPATIBLE_WITH_WARNINGS,0.37462235649546827,0.31722054380664655,0.05438066465256797,0.13595166163141992,0.31918429003021154,238.0,LEGACY_TEACHER_LABEL_COMPATIBLE,D:\Projects\RL-LAM-ScanOpt\rl-training\v01\outputs\surface_tensile_gradient_full_field_label_backfill_v03\canonical_full_field_surface_gradient_teacher_labels_v03.csv,205
32,RLV2C_A09_V01,stage2_n32_legacy,stage2_n32_gnn_rl_legacy,"[19,22,14,10,20,26,18,27,23,25,2,9,3,17,15,11,16,1,21,13,7,28,0,6,12,4,24,29,31,5,30,8]",f7da411745b93bfd,0.00072688,0.1504765918850899,0.0118473013530306,1.9332792746666665,peeq_guard,mises_P95_top_band,True,LEGACY_COMPATIBLE_WITH_WARNINGS,0.12990936555891242,0.12688821752265866,0.14803625377643503,0.4607250755287009,0.14765861027190336,303.0,LEGACY_TEACHER_LABEL_COMPATIBLE,D:\Projects\RL-LAM-ScanOpt\rl-training\v01\outputs\surface_tensile_gradient_full_field_label_backfill_v03\canonical_full_field_surface_gradient_teacher_labels_v03.csv,206
32,RLV2C_A10_V01,stage2_n32_legacy,stage2_n32_gnn_rl_legacy,"[15,31,24,21,14,16,6,7,8,18,9,13,20,30,12,10,2,25,26,11,19,29,1,27,17,28,0,22,4,23,5,3]",f5dab97e8a7a4237,0.0007983241,0.1493418911099434,0.0134682631141916,1.933280384,peeq_guard,mises_P95_top_band,True,LEGACY_COMPATIBLE_WITH_WARNINGS,0.03625377643504535,0.1631419939577039,0.09063444108761332,0.3308157099697885,0.08179758308157101,323.0,LEGACY_TEACHER_LABEL_COMPATIBLE,D:\Projects\RL-LAM-ScanOpt\rl-training\v01\outputs\surface_tensile_gradient_full_field_label_backfill_v03\canonical_full_field_surface_gradient_teacher_labels_v03.csv,207
32,RLV2C_A11_V01,stage2_n32_legacy,stage2_n32_gnn_rl_legacy,"[29,5,4,28,6,19,18,17,0,12,23,22,30,1,8,25,16,26,15,9,31,3,24,14,2,21,7,20,10,13,11,27]",d72b65ba118fc4c7,0.0007202135,0.1490304562449456,0.0106699875879415,1.933279381333333,peeq_guard,mises_P95_top_band,True,LEGACY_COMPATIBLE_WITH_WARNINGS,0.15407854984894265,0.17824773413897277,0.19033232628398788,0.4486404833836858,0.17726586102719036,292.0,LEGACY_TEACHER_LABEL_COMPATIBLE,D:\Projects\RL-LAM-ScanOpt\rl-training\v01\outputs\surface_tensile_gradient_full_field_label_backfill_v03\canonical_full_field_surface_gradient_teacher_labels_v03.csv,208
32,RLV2C_A12_V01,stage2_n32_legacy,stage2_n32_gnn_rl_legacy,"[19,4,0,17,18,5,25,26,6,1,29,9,20,10,12,28,21,27,2,22,11,13,14,23,31,15,3,30,24,7,8,16]",70e25ce670ca2a14,0.0008703173,0.1520199895650149,0.0139797745204777,1.9332832853333333,peeq_guard,mises_P95_top_band,True,LEGACY_COMPATIBLE_WITH_WARNINGS,0.015105740181268867,0.07250755287009059,0.08157099697885195,0.19939577039274925,0.04244712990936554,328.0,LEGACY_TEACHER_LABEL_COMPATIBLE,D:\Projects\RL-LAM-ScanOpt\rl-training\v01\outputs\surface_tensile_gradient_full_field_label_backfill_v03\canonical_full_field_surface_gradient_teacher_labels_v03.csv,209
32,RLV2C_A13_V01,stage2_n32_legacy,stage2_n32_gnn_rl_legacy,"[16,5,17,15,4,3,6,2,28,27,24,25,23,22,26,21,13,19,7,20,9,29,11,10,14,18,8,30,0,1,12,31]",b5f5fad7eb6ba011,0.00067421456,0.1516869018226862,0.0079484930033695,1.933277226666667,peeq_guard,mises_P95_top_band,True,LEGACY_COMPATIBLE_WITH_WARNINGS,0.2598187311178247,0.08761329305135956,0.3716012084592145,0.824773413897281,0.2648036253776435,262.0,LEGACY_TEACHER_LABEL_COMPATIBLE,D:\Projects\RL-LAM-ScanOpt\rl-training\v01\outputs\surface_tensile_gradient_full_field_label_backfill_v03\canonical_full_field_surface_gradient_teacher_labels_v03.csv,210
32,RLV2C_A14_V01,stage2_n32_legacy,stage2_n32_gnn_rl_legacy,"[5,2,16,4,6,17,15,3,24,28,26,27,25,23,22,7,9,21,19,29,13,14,20,8,11,10,12,18,30,0,1,31]",970c3df641ce0277,0.0006261355,0.1517385996133089,0.0089243182064849,1.9332811306666668,peeq_guard,mises_P95_top_band,True,LEGACY_COMPATIBLE_WITH_WARNINGS,0.3323262839879154,0.0845921450151057,0.28398791540785495,0.28851963746223563,0.27575528700906343,258.0,LEGACY_TEACHER_LABEL_COMPATIBLE,D:\Projects\RL-LAM-ScanOpt\rl-training\v01\outputs\surface_tensile_gradient_full_field_label_backfill_v03\canonical_full_field_surface_gradient_teacher_labels_v03.csv,211
32,RLV2C_A15_V01,stage2_n32_legacy,stage2_n32_gnn_rl_legacy,"[16,19,27,28,7,18,17,1,2,6,25,26,24,13,20,3,0,29,30,8,23,31,5,12,4,10,15,14,9,11,21,22]",d6d5b8231fd7919d,0.00062476966,0.1500914429873228,0.0151230587685545,1.9332818986666664,peeq_guard,mises_P95_top_band,True,LEGACY_COMPATIBLE_WITH_WARNINGS,0.33534743202416917,0.14199395770392753,0.05740181268882172,0.24622356495468278,0.2644259818731118,264.0,LEGACY_TEACHER_LABEL_COMPATIBLE,D:\Projects\RL-LAM-ScanOpt\rl-training\v01\outputs\surface_tensile_gradient_full_field_label_backfill_v03\canonical_full_field_surface_gradient_teacher_labels_v03.csv,212
32,RLV2C_A16_V01,stage2_n32_legacy,stage2_n32_gnn_rl_legacy,"[22,28,8,27,17,19,7,6,20,29,24,18,26,25,3,2,23,5,9,30,1,14,0,13,31,4,10,12,15,21,16,11]",9726e1dcfe238309,0.00073416345,0.1491513116657734,0.0155572710671599,1.933278272,peeq_guard,mises_P95_top_band,True,LEGACY_COMPATIBLE_WITH_WARNINGS,0.11178247734138969,0.17220543806646527,0.04229607250755285,0.6555891238670695,0.1441087613293051,305.0,LEGACY_TEACHER_LABEL_COMPATIBLE,D:\Projects\RL-LAM-ScanOpt\rl-training\v01\outputs\surface_tensile_gradient_full_field_label_backfill_v03\canonical_full_field_surface_gradient_teacher_labels_v03.csv,213
32,RLV2C_A17_V01,stage2_n32_legacy,stage2_n32_gnn_rl_legacy,"[5,6,22,21,17,12,18,4,0,31,30,1,13,16,8,7,23,29,26,10,24,11,2,3,25,15,14,9,19,20,27,28]",a32803bb6f271409,0.0007154166,0.148335563391447,0.0062551812277157,1.933281472,peeq_guard,mises_P95_top_band,True,LEGACY_COMPATIBLE_WITH_WARNINGS,0.17522658610271902,0.19939577039274925,0.5891238670694864,0.2688821752265861,0.22613293051359518,275.0,LEGACY_TEACHER_LABEL_COMPATIBLE,D:\Projects\RL-LAM-ScanOpt\rl-training\v01\outputs\surface_tensile_gradient_full_field_label_backfill_v03\canonical_full_field_surface_gradient_teacher_labels_v03.csv,214
32,RLV2C_A18_V01,stage2_n32_legacy,stage2_n32_gnn_rl_legacy,"[12,17,5,22,18,4,0,25,6,30,13,31,2,21,29,1,7,8,9,14,16,10,24,11,26,3,20,28,15,23,19,27]",825104c875d3da4a,0.0006907138,0.1539179053157568,0.007642916189363,1.9332816853333332,peeq_guard,mises_P95_top_band,True,LEGACY_COMPATIBLE_WITH_WARNINGS,0.22356495468277948,0.04229607250755285,0.4259818731117825,0.2628398791540786,0.20951661631419943,282.0,LEGACY_TEACHER_LABEL_COMPATIBLE,D:\Projects\RL-LAM-ScanOpt\rl-training\v01\outputs\surface_tensile_gradient_full_field_label_backfill_v03\canonical_full_field_surface_gradient_teacher_labels_v03.csv,215
32,RLV2C_A19_V01,stage2_n32_legacy,stage2_n32_gnn_rl_legacy,"[12,15,11,23,22,14,28,16,7,10,2,8,24,27,5,6,21,17,13,18,19,25,26,1,3,9,4,29,20,0,30,31]",5cdfc681a5ffe4b7,0.00074211776,0.1501061858981847,0.0118717479622053,1.933276288,peeq_guard,mises_P95_top_band,True,LEGACY_COMPATIBLE_WITH_WARNINGS,0.09969788519637457,0.13897280966767367,0.14501510574018128,0.9894259818731118,0.15657099697885193,299.0,LEGACY_TEACHER_LABEL_COMPATIBLE,D:\Projects\RL-LAM-ScanOpt\rl-training\v01\outputs\surface_tensile_gradient_full_field_label_backfill_v03\canonical_full_field_surface_gradient_teacher_labels_v03.csv,216
32,RLV2C_A20_V01,stage2_n32_legacy,stage2_n32_gnn_rl_legacy,"[11,12,15,5,2,23,16,22,14,7,6,28,27,17,8,10,13,18,29,25,24,21,3,26,19,4,1,20,9,30,31,0]",6c31e92f7f9337a7,0.0007206368,0.1452470554411412,0.0092378099603976,1.933279232,peeq_guard,mises_P95_top_band,True,LEGACY_COMPATIBLE_WITH_WARNINGS,0.15105740181268879,0.4773413897280967,0.27190332326283984,0.46978851963746227,0.24433534743202415,268.0,LEGACY_TEACHER_LABEL_COMPATIBLE,D:\Projects\RL-LAM-ScanOpt\rl-training\v01\outputs\surface_tensile_gradient_full_field_label_backfill_v03\canonical_full_field_surface_gradient_teacher_labels_v03.csv,217
32,RLV2C_A21_V01,stage2_n32_legacy,stage2_n32_gnn_rl_legacy,"[18,23,20,9,21,24,4,11,17,14,16,3,19,13,8,22,25,15,7,6,2,26,30,29,1,31,27,28,5,0,10,12]",03a1a9673a5dd043,0.00067604234,0.1518818025290966,0.0144886394378295,1.933278506666667,peeq_guard,mises_P95_top_band,True,LEGACY_COMPATIBLE_WITH_WARNINGS,0.2537764350453172,0.07552870090634445,0.06948640483383683,0.6132930513595166,0.21767371601208457,279.0,LEGACY_TEACHER_LABEL_COMPATIBLE,D:\Projects\RL-LAM-ScanOpt\rl-training\v01\outputs\surface_tensile_gradient_full_field_label_backfill_v03\canonical_full_field_surface_gradient_teacher_labels_v03.csv,218
32,RLV2C_A22_V01,stage2_n32_legacy,stage2_n32_gnn_rl_legacy,"[6,21,9,4,20,23,13,24,14,22,25,16,17,19,15,8,3,7,26,11,30,2,31,5,29,10,1,12,28,27,18,0]",fd1f1d8fe758e273,0.0007052069,0.1475995276123285,0.0109372042607635,1.933276544,peeq_guard,mises_P95_top_band,True,LEGACY_COMPATIBLE_WITH_WARNINGS,0.19033232628398788,0.23262839879154074,0.16918429003021151,0.9546827794561934,0.2348942598187311,273.0,LEGACY_TEACHER_LABEL_COMPATIBLE,D:\Projects\RL-LAM-ScanOpt\rl-training\v01\outputs\surface_tensile_gradient_full_field_label_backfill_v03\canonical_full_field_surface_gradient_teacher_labels_v03.csv,219
32,RLV2C_A23_V01,stage2_n32_legacy,stage2_n32_gnn_rl_legacy,"[12,20,24,19,21,14,2,18,23,25,13,8,11,7,29,30,5,9,17,1,3,6,16,22,0,31,28,27,26,4,10,15]",3717437d507e973a,0.00076081627,0.1452520167827606,0.0133073246982253,1.9332843093333327,peeq_guard,mises_P95_top_band,True,LEGACY_COMPATIBLE_WITH_WARNINGS,0.07250755287009059,0.47432024169184295,0.09969788519637457,0.17824773413897277,0.16087613293051356,297.0,LEGACY_TEACHER_LABEL_COMPATIBLE,D:\Projects\RL-LAM-ScanOpt\rl-training\v01\outputs\surface_tensile_gradient_full_field_label_backfill_v03\canonical_full_field_surface_gradient_teacher_labels_v03.csv,220
32,RLV2C_A24_V01,stage2_n32_legacy,stage2_n32_gnn_rl_legacy,"[1,31,16,6,20,21,17,12,18,7,0,22,13,24,8,2,28,25,23,27,11,14,26,29,3,4,19,5,9,10,30,15]",f18e4ab76611372e,0.0006969743,0.1453571911156177,0.0101800612178714,1.9332815573333333,peeq_guard,mises_P95_top_band,True,LEGACY_COMPATIBLE_WITH_WARNINGS,0.21148036253776437,0.4561933534743202,0.22658610271903323,0.26586102719033233,0.26465256797583087,263.0,LEGACY_TEACHER_LABEL_COMPATIBLE,D:\Projects\RL-LAM-ScanOpt\rl-training\v01\outputs\surface_tensile_gradient_full_field_label_backfill_v03\canonical_full_field_surface_gradient_teacher_labels_v03.csv,221
32,RLV2C_A25_V01,stage2_n32_legacy,stage2_n32_gnn_rl_legacy,"[19,5,2,20,18,23,29,26,30,7,9,3,1,27,4,10,8,0,28,6,21,31,15,25,16,14,11,22,24,17,13,12]",8da31a0de404c297,0.000567025,0.1528401981294155,0.014857565976059,1.9332802773333333,peeq_guard,mises_P95_top_band,True,LEGACY_COMPATIBLE_WITH_WARNINGS,0.3867069486404834,0.05438066465256797,0.06344410876132933,0.34592145015105735,0.2858761329305136,252.5,LEGACY_TEACHER_LABEL_COMPATIBLE,D:\Projects\RL-LAM-ScanOpt\rl-training\v01\outputs\surface_tensile_gradient_full_field_label_backfill_v03\canonical_full_field_surface_gradient_teacher_labels_v03.csv,222
32,RLV2C_A26_V01,stage2_n32_legacy,stage2_n32_gnn_rl_legacy,"[24,8,5,21,9,18,6,7,26,14,22,19,17,2,10,20,27,23,31,3,1,28,25,4,12,16,15,0,29,11,30,13]",8d4b81ca81250065,0.00065717835,0.1484544240683317,0.0081941610096153,1.9332769066666664,peeq_guard,mises_P95_top_band,True,LEGACY_COMPATIBLE_WITH_WARNINGS,0.29607250755287007,0.1963746223564955,0.3474320241691843,0.877643504531722,0.3103474320241692,242.0,LEGACY_TEACHER_LABEL_COMPATIBLE,D:\Projects\RL-LAM-ScanOpt\rl-training\v01\outputs\surface_tensile_gradient_full_field_label_backfill_v03\canonical_full_field_surface_gradient_teacher_labels_v03.csv,223
32,RLV2C_A27_V01,stage2_n32_legacy,stage2_n32_gnn_rl_legacy,"[16,4,5,9,10,21,15,28,26,20,29,14,13,17,25,3,6,23,8,24,22,18,19,7,1,30,27,11,12,2,0,31]",b54e36034d55a13e,0.00064540544,0.1428987088799476,0.0076202772410632,1.9332778666666663,peeq_guard,mises_P95_top_band,True,LEGACY_COMPATIBLE_WITH_WARNINGS,0.31117824773413894,0.8187311178247734,0.42900302114803623,0.7160120845921449,0.44471299093655586,207.0,LEGACY_TEACHER_LABEL_COMPATIBLE,D:\Projects\RL-LAM-ScanOpt\rl-training\v01\outputs\surface_tensile_gradient_full_field_label_backfill_v03\canonical_full_field_surface_gradient_teacher_labels_v03.csv,224
32,RLV2C_A28_V01,stage2_n32_legacy,stage2_n32_gnn_rl_legacy,"[10,15,4,16,9,5,20,21,29,23,14,26,3,25,7,28,17,19,24,22,13,6,8,12,27,11,1,18,0,30,31,2]",39fb5b36540a264e,0.0006667693,0.1458603304624558,0.0051015473392127,1.933276394666667,peeq_guard,mises_P95_top_band,True,LEGACY_COMPATIBLE_WITH_WARNINGS,0.27190332326283984,0.39577039274924475,0.7190332326283988,0.972809667673716,0.37643504531722055,220.0,LEGACY_TEACHER_LABEL_COMPATIBLE,D:\Projects\RL-LAM-ScanOpt\rl-training\v01\outputs\surface_tensile_gradient_full_field_label_backfill_v03\canonical_full_field_surface_gradient_teacher_labels_v03.csv,225
32,RLV2C_A29_V01,stage2_n32_legacy,stage2_n32_gnn_rl_legacy,"[24,6,16,2,15,7,5,14,10,17,1,31,29,13,3,23,30,12,9,25,0,28,4,26,18,8,27,22,11,19,21,20]",c6017638fae3770f,0.0007224233,0.1550857455283403,0.0125293599531827,1.933292224,peeq_guard,mises_P95_top_band,True,LEGACY_COMPATIBLE_WITH_WARNINGS,0.13897280966767367,0.024169184290030232,0.12990936555891242,0.15407854984894265,0.11586102719033232,313.0,LEGACY_TEACHER_LABEL_COMPATIBLE,D:\Projects\RL-LAM-ScanOpt\rl-training\v01\outputs\surface_tensile_gradient_full_field_label_backfill_v03\canonical_full_field_surface_gradient_teacher_labels_v03.csv,226
32,RLV2C_A30_V01,stage2_n32_legacy,stage2_n32_gnn_rl_legacy,"[25,24,16,15,23,5,2,31,29,1,6,30,14,7,4,10,28,18,17,12,3,9,11,19,0,22,8,13,26,20,27,21]",afbf22d517b93b3c,0.00075315783,0.1498742948472499,0.0108000096013502,1.9332925653333333,peeq_guard,mises_P95_top_band,True,LEGACY_COMPATIBLE_WITH_WARNINGS,0.08157099697885195,0.14803625377643503,0.18429003021148038,0.15105740181268879,0.10861027190332324,315.0,LEGACY_TEACHER_LABEL_COMPATIBLE,D:\Projects\RL-LAM-ScanOpt\rl-training\v01\outputs\surface_tensile_gradient_full_field_label_backfill_v03\canonical_full_field_surface_gradient_teacher_labels_v03.csv,227
32,RLV2O_A001_V01,stage2_n32_legacy,stage2_n32_gnn_rl_legacy,"[23,14,22,20,26,21,25,15,3,10,27,11,9,18,2,19,17,13,28,1,31,24,7,12,16,29,4,6,0,8,30,5]",1c594f7701982dc8,0.0006646583,0.1471934697031975,0.0096452893113513,1.9332798506666669,peeq_guard,mises_P95_top_band,True,LEGACY_COMPATIBLE_WITH_WARNINGS,0.27794561933534745,0.25679758308157097,0.25075528700906347,0.38972809667673713,0.2765861027190332,257.0,LEGACY_TEACHER_LABEL_COMPATIBLE,D:\Projects\RL-LAM-ScanOpt\rl-training\v01\outputs\surface_tensile_gradient_full_field_label_backfill_v03\canonical_full_field_surface_gradient_teacher_labels_v03.csv,228
32,RLV2O_A002_V01,stage2_n32_legacy,stage2_n32_gnn_rl_legacy,"[13,5,14,25,18,10,6,30,24,11,4,19,26,23,29,1,27,17,9,0,22,12,8,31,2,28,21,20,16,7,15,3]",68b01e1c410eb392,0.00072878884,0.1486884564906358,0.0105501956197168,1.9332788266666667,peeq_guard,mises_P95_top_band,True,LEGACY_COMPATIBLE_WITH_WARNINGS,0.12084592145015105,0.18429003021148038,0.19939577039274925,0.5317220543806647,0.16193353474320243,296.0,LEGACY_TEACHER_LABEL_COMPATIBLE,D:\Projects\RL-LAM-ScanOpt\rl-training\v01\outputs\surface_tensile_gradient_full_field_label_backfill_v03\canonical_full_field_surface_gradient_teacher_labels_v03.csv,229
32,RLV2O_A003_V01,stage2_n32_legacy,stage2_n32_gnn_rl_legacy,"[18,25,23,6,17,4,11,15,21,27,3,13,29,9,7,31,26,19,12,14,2,22,20,5,8,10,0,28,24,16,30,1]",3635c740478b3d09,0.00046519205,0.1400572697818279,0.0068194085935304,1.9332776533333331,peeq_guard,mises_P95_top_band,True,LEGACY_COMPATIBLE_WITH_WARNINGS,0.4712990936555891,0.9788519637462235,0.5135951661631419,0.7583081570996979,0.5913897280966768,153.0,LEGACY_TEACHER_LABEL_COMPATIBLE,D:\Projects\RL-LAM-ScanOpt\rl-training\v01\outputs\surface_tensile_gradient_full_field_label_backfill_v03\canonical_full_field_surface_gradient_teacher_labels_v03.csv,230
32,RLV2O_A004_V01,stage2_n32_legacy,stage2_n32_gnn_rl_legacy,"[11,5,12,19,25,21,9,27,4,23,1,17,13,31,20,14,7,3,30,16,18,6,8,0,29,24,10,15,22,2,28,26]",e4aa1ca74f9dc9a9,0.00065577094,0.1409714266657829,0.007699374842114,1.9332809173333327,peeq_guard,mises_P95_top_band,True,LEGACY_COMPATIBLE_WITH_WARNINGS,0.3021148036253777,0.9667673716012084,0.41993957703927487,0.2930513595166163,0.4463746223564955,206.0,LEGACY_TEACHER_LABEL_COMPATIBLE,D:\Projects\RL-LAM-ScanOpt\rl-training\v01\outputs\surface_tensile_gradient_full_field_label_backfill_v03\canonical_full_field_surface_gradient_teacher_labels_v03.csv,231
32,RLV2O_A005_V01,stage2_n32_legacy,stage2_n32_gnn_rl_legacy,"[8,26,29,1,6,16,11,15,18,22,27,10,21,9,2,4,30,7,3,31,25,28,14,19,0,23,5,20,12,24,17,13]",57b272d50a8def38,0.0006401302,0.1429135612398386,0.0053204741265345,1.933277632,peeq_guard,mises_P95_top_band,True,LEGACY_COMPATIBLE_WITH_WARNINGS,0.3202416918429003,0.8157099697885196,0.6948640483383686,0.7643504531722054,0.4790030211480362,199.0,LEGACY_TEACHER_LABEL_COMPATIBLE,D:\Projects\RL-LAM-ScanOpt\rl-training\v01\outputs\surface_tensile_gradient_full_field_label_backfill_v03\canonical_full_field_surface_gradient_teacher_labels_v03.csv,232
32,RLV2O_A006_V01,stage2_n32_legacy,stage2_n32_gnn_rl_legacy,"[13,25,5,28,14,6,18,10,30,24,19,29,4,1,26,11,23,9,0,17,22,27,21,12,8,31,2,16,20,7,15,3]",d3f4b99f8f5bcbde,0.0008253935,0.146012701690197,0.0088339959301112,1.933279381333333,peeq_guard,mises_P95_top_band,True,LEGACY_COMPATIBLE_WITH_WARNINGS,0.027190332326283984,0.3806646525679759,0.29607250755287007,0.4486404833836858,0.14584592145015107,304.0,LEGACY_TEACHER_LABEL_COMPATIBLE,D:\Projects\RL-LAM-ScanOpt\rl-training\v01\outputs\surface_tensile_gradient_full_field_label_backfill_v03\canonical_full_field_surface_gradient_teacher_labels_v03.csv,233
32,RLV2O_A007_V01,stage2_n32_legacy,stage2_n32_gnn_rl_legacy,"[14,8,22,15,2,9,20,25,11,23,10,19,26,18,21,3,27,17,13,4,28,24,31,6,1,16,12,7,29,0,30,5]",752123c189ea40f5,0.00078008004,0.1436419531702995,0.0054408578767986,1.933276736,peeq_guard,mises_P95_top_band,True,LEGACY_COMPATIBLE_WITH_WARNINGS,0.04229607250755285,0.7220543806646526,0.6797583081570997,0.9199395770392749,0.2858761329305136,252.5,LEGACY_TEACHER_LABEL_COMPATIBLE,D:\Projects\RL-LAM-ScanOpt\rl-training\v01\outputs\surface_tensile_gradient_full_field_label_backfill_v03\canonical_full_field_surface_gradient_teacher_labels_v03.csv,234
32,RLV2O_A008_V01,stage2_n32_legacy,stage2_n32_gnn_rl_legacy,"[4,17,13,25,23,27,9,6,15,24,19,11,21,2,7,12,3,31,18,28,26,29,0,22,10,16,20,14,5,8,30,1]",fa6242741c15c81e,0.00053718966,0.1387118270993232,0.0051920066454213,1.9332776533333331,peeq_guard,mises_P95_top_band,True,LEGACY_COMPATIBLE_WITH_WARNINGS,0.4169184290030211,0.9939577039274925,0.7099697885196374,0.7583081570996979,0.578700906344411,160.0,LEGACY_TEACHER_LABEL_COMPATIBLE,D:\Projects\RL-LAM-ScanOpt\rl-training\v01\outputs\surface_tensile_gradient_full_field_label_backfill_v03\canonical_full_field_surface_gradient_teacher_labels_v03.csv,235
32,RLV2O_A009_V01,stage2_n32_legacy,stage2_n32_gnn_rl_legacy,"[10,8,27,1,11,9,21,14,3,7,20,17,13,23,31,25,19,16,4,0,29,6,30,18,12,15,2,5,24,22,28,26]",06e85f34d96ab33f,0.0005616235,0.143564910814166,0.0076067598055975,1.933279829333333,peeq_guard,mises_P95_top_band,True,LEGACY_COMPATIBLE_WITH_WARNINGS,0.38972809667673713,0.743202416918429,0.43202416918429,0.39728096676737157,0.4650302114803626,202.0,LEGACY_TEACHER_LABEL_COMPATIBLE,D:\Projects\RL-LAM-ScanOpt\rl-training\v01\outputs\surface_tensile_gradient_full_field_label_backfill_v03\canonical_full_field_surface_gradient_teacher_labels_v03.csv,236
32,RLV2O_A010_V01,stage2_n32_legacy,stage2_n32_gnn_rl_legacy,"[4,22,1,26,16,29,19,25,11,9,21,14,30,3,18,0,12,23,5,10,20,6,28,8,13,2,31,17,15,27,24,7]",b5d77730572dae43,0.00052120956,0.1430451047420501,0.0102795605247917,1.9332790186666668,peeq_guard,mises_P95_top_band,True,LEGACY_COMPATIBLE_WITH_WARNINGS,0.42296072507552873,0.8036253776435045,0.21752265861027187,0.4894259818731118,0.4818731117824774,198.0,LEGACY_TEACHER_LABEL_COMPATIBLE,D:\Projects\RL-LAM-ScanOpt\rl-training\v01\outputs\surface_tensile_gradient_full_field_label_backfill_v03\canonical_full_field_surface_gradient_teacher_labels_v03.csv,237
32,RLV2O_A011_V01,stage2_n32_legacy,stage2_n32_gnn_rl_legacy,"[24,6,16,2,15,5,10,14,31,1,29,23,7,17,13,25,30,0,28,3,26,12,4,18,22,8,27,11,19,9,21,20]",567865881ab4c5b2,0.00080677355,0.1522888009250164,0.0149525072955939,1.9332893013333328,peeq_guard,mises_P95_top_band,True,LEGACY_COMPATIBLE_WITH_WARNINGS,0.033232628398791486,0.06948640483383683,0.06042296072507558,0.1631419939577039,0.04969788519637459,326.0,LEGACY_TEACHER_LABEL_COMPATIBLE,D:\Projects\RL-LAM-ScanOpt\rl-training\v01\outputs\surface_tensile_gradient_full_field_label_backfill_v03\canonical_full_field_surface_gradient_teacher_labels_v03.csv,238
32,RLV2O_A012_V01,stage2_n32_legacy,stage2_n32_gnn_rl_legacy,"[15,16,4,9,21,14,10,20,24,5,26,23,17,25,29,13,3,28,8,22,27,6,19,7,1,30,12,18,11,2,0,31]",fff31e934d775be1,0.0007191872,0.1448082283884287,0.0060758459842522,1.9332764586666664,peeq_guard,mises_P95_top_band,True,LEGACY_COMPATIBLE_WITH_WARNINGS,0.1631419939577039,0.552870090634441,0.6102719033232629,0.9637462235649547,0.32583081570996975,236.0,LEGACY_TEACHER_LABEL_COMPATIBLE,D:\Projects\RL-LAM-ScanOpt\rl-training\v01\outputs\surface_tensile_gradient_full_field_label_backfill_v03\canonical_full_field_surface_gradient_teacher_labels_v03.csv,239
32,RLV2O_A013_V01,stage2_n32_legacy,stage2_n32_gnn_rl_legacy,"[19,12,20,24,18,14,2,23,13,21,1,25,17,29,7,8,11,6,0,30,28,31,3,9,5,16,27,10,22,4,26,15]",9277c851adeac606,0.0007494852,0.1490691785514354,0.0100029544732474,1.9332777813333333,peeq_guard,mises_P95_top_band,True,LEGACY_COMPATIBLE_WITH_WARNINGS,0.08761329305135956,0.17522658610271902,0.23867069486404835,0.7356495468277946,0.1526435045317221,302.0,LEGACY_TEACHER_LABEL_COMPATIBLE,D:\Projects\RL-LAM-ScanOpt\rl-training\v01\outputs\surface_tensile_gradient_full_field_label_backfill_v03\canonical_full_field_surface_gradient_teacher_labels_v03.csv,240
32,RLV2O_A014_V01,stage2_n32_legacy,stage2_n32_gnn_rl_legacy,"[18,20,24,9,21,17,22,23,4,14,8,25,13,19,16,7,11,30,15,3,6,2,31,29,26,1,5,0,27,28,12,10]",c2c5f8f7e6374953,0.00067461486,0.1501469406485557,0.0174556026943497,1.9332803413333333,peeq_guard,mises_P95_top_band,True,LEGACY_COMPATIBLE_WITH_WARNINGS,0.25679758308157097,0.13595166163141992,0.027190332326283984,0.33987915407854985,0.21382175226586103,281.0,LEGACY_TEACHER_LABEL_COMPATIBLE,D:\Projects\RL-LAM-ScanOpt\rl-training\v01\outputs\surface_tensile_gradient_full_field_label_backfill_v03\canonical_full_field_surface_gradient_teacher_labels_v03.csv,241
32,RLV2O_A015_V01,stage2_n32_legacy,stage2_n32_gnn_rl_legacy,"[14,9,13,26,25,6,17,10,29,18,2,30,5,23,27,3,7,31,4,16,1,0,22,8,19,11,15,20,28,24,12,21]",e56c09f00abd362f,0.0006562466,0.1380848805606365,0.0116094583217167,1.9332783146666663,peeq_guard,mises_P95_top_band,True,LEGACY_COMPATIBLE_WITH_WARNINGS,0.2990936555891238,1.0,0.15407854984894265,0.6465256797583081,0.44214501510574017,208.0,LEGACY_TEACHER_LABEL_COMPATIBLE,D:\Projects\RL-LAM-ScanOpt\rl-training\v01\outputs\surface_tensile_gradient_full_field_label_backfill_v03\canonical_full_field_surface_gradient_teacher_labels_v03.csv,242
32,RLV2O_A016_V01,stage2_n32_legacy,stage2_n32_gnn_rl_legacy,"[24,16,6,15,5,2,10,31,1,25,7,14,17,23,3,28,13,29,0,12,30,4,26,18,11,27,8,22,9,19,21,20]",48aa31524663b0fa,0.0007581831,0.1539807567000389,0.0104478516289073,1.9332806826666664,peeq_guard,mises_P95_top_band,True,LEGACY_COMPATIBLE_WITH_WARNINGS,0.07552870090634445,0.0392749244712991,0.202416918429003,0.3036253776435045,0.09237160120845925,322.0,LEGACY_TEACHER_LABEL_COMPATIBLE,D:\Projects\RL-LAM-ScanOpt\rl-training\v01\outputs\surface_tensile_gradient_full_field_label_backfill_v03\canonical_full_field_surface_gradient_teacher_labels_v03.csv,243
32,RLV2O_A017_V01,stage2_n32_legacy,stage2_n32_gnn_rl_legacy,"[5,15,9,14,16,20,10,4,7,21,17,29,26,3,27,6,25,22,13,24,12,8,28,23,1,18,30,19,11,2,31,0]",c54776d8df9446f3,0.00075241236,0.1464890557527543,0.0120469306882928,1.9332803413333333,peeq_guard,mises_P95_top_band,True,LEGACY_COMPATIBLE_WITH_WARNINGS,0.0845921450151057,0.33534743202416917,0.13897280966767367,0.33987915407854985,0.15294561933534742,301.0,LEGACY_TEACHER_LABEL_COMPATIBLE,D:\Projects\RL-LAM-ScanOpt\rl-training\v01\outputs\surface_tensile_gradient_full_field_label_backfill_v03\canonical_full_field_surface_gradient_teacher_labels_v03.csv,244
32,RLV2O_A018_V01,stage2_n32_legacy,stage2_n32_gnn_rl_legacy,"[20,18,12,21,2,24,19,23,13,25,14,7,29,17,1,11,8,0,30,9,6,31,3,28,5,27,16,22,10,4,15,26]",9da0b66b2fcdcb28,0.00076114177,0.1499040953069925,0.0071088695897717,1.933277269333333,peeq_guard,mises_P95_top_band,True,LEGACY_COMPATIBLE_WITH_WARNINGS,0.06948640483383683,0.14501510574018128,0.4954682779456193,0.8187311178247734,0.1646525679758308,295.0,LEGACY_TEACHER_LABEL_COMPATIBLE,D:\Projects\RL-LAM-ScanOpt\rl-training\v01\outputs\surface_tensile_gradient_full_field_label_backfill_v03\canonical_full_field_surface_gradient_teacher_labels_v03.csv,245
32,RLV2O_A019_V01,stage2_n32_legacy,stage2_n32_gnn_rl_legacy,"[18,9,14,13,3,21,4,22,7,26,20,29,25,15,24,12,19,17,11,23,16,6,1,2,10,30,5,31,0,27,8,28]",a87d681e9d41cf54,0.0007081393,0.1415338318794965,0.0055834769034917,1.933276437333333,peeq_guard,mises_P95_top_band,True,LEGACY_COMPATIBLE_WITH_WARNINGS,0.18429003021148038,0.9244712990936556,0.6676737160120846,0.9667673716012084,0.4197885196374623,212.0,LEGACY_TEACHER_LABEL_COMPATIBLE,D:\Projects\RL-LAM-ScanOpt\rl-training\v01\outputs\surface_tensile_gradient_full_field_label_backfill_v03\canonical_full_field_surface_gradient_teacher_labels_v03.csv,246
32,RLV2O_A020_V01,stage2_n32_legacy,stage2_n32_gnn_rl_legacy,"[16,6,3,5,15,2,17,4,24,27,28,25,22,23,9,7,26,29,19,13,21,18,11,14,20,8,10,12,30,0,1,31]",7f75f8f49af5f750,0.0004979273,0.1443812112510204,0.0080572700486295,1.9332773973333333,peeq_guard,mises_P95_top_band,True,LEGACY_COMPATIBLE_WITH_WARNINGS,0.4441087613293051,0.6314199395770392,0.36253776435045315,0.8021148036253777,0.49131419939577037,196.5,LEGACY_TEACHER_LABEL_COMPATIBLE,D:\Projects\RL-LAM-ScanOpt\rl-training\v01\outputs\surface_tensile_gradient_full_field_label_backfill_v03\canonical_full_field_surface_gradient_teacher_labels_v03.csv,247
32,RLV2O_A021_V01,stage2_n32_legacy,stage2_n32_gnn_rl_legacy,"[21,22,12,5,4,6,13,0,17,31,1,16,18,2,29,30,26,7,23,25,24,3,8,15,11,10,14,9,19,20,27,28]",69759d5096865d48,0.0007018716,0.1487709838151931,0.0116981079643423,1.933284032,peeq_guard,mises_P95_top_band,True,LEGACY_COMPATIBLE_WITH_WARNINGS,0.19335347432024175,0.18126888217522663,0.15105740181268879,0.18126888217522663,0.18610271903323267,288.0,LEGACY_TEACHER_LABEL_COMPATIBLE,D:\Projects\RL-LAM-ScanOpt\rl-training\v01\outputs\surface_tensile_gradient_full_field_label_backfill_v03\canonical_full_field_surface_gradient_teacher_labels_v03.csv,248
32,RLV2O_A022_V01,stage2_n32_legacy,stage2_n32_gnn_rl_legacy,"[22,26,28,17,7,6,27,19,18,2,1,23,25,20,5,0,29,30,24,8,13,12,31,3,15,4,14,9,10,11,21,16]",100e9aeca62ced0b,0.00064836425,0.1567300161719322,0.0144468349419056,1.9332806826666664,peeq_guard,mises_P95_top_band,True,LEGACY_COMPATIBLE_WITH_WARNINGS,0.30513595166163143,0.015105740181268867,0.07250755287009059,0.3036253776435045,0.22379154078549848,276.0,LEGACY_TEACHER_LABEL_COMPATIBLE,D:\Projects\RL-LAM-ScanOpt\rl-training\v01\outputs\surface_tensile_gradient_full_field_label_backfill_v03\canonical_full_field_surface_gradient_teacher_labels_v03.csv,249
32,RLV2O_A023_V01,stage2_n32_legacy,stage2_n32_gnn_rl_legacy,"[11,12,5,23,14,15,17,6,26,27,13,22,24,16,10,7,8,18,3,21,20,9,2,25,28,29,19,30,4,1,0,31]",94e017247c973817,0.00075657206,0.1515961339324712,0.0188296643853898,1.9332828373333333,peeq_guard,mises_P95_top_band,True,LEGACY_COMPATIBLE_WITH_WARNINGS,0.0785498489425982,0.09063444108761332,0.01812688821752262,0.20845921450151061,0.08141993957703929,324.0,LEGACY_TEACHER_LABEL_COMPATIBLE,D:\Projects\RL-LAM-ScanOpt\rl-training\v01\outputs\surface_tensile_gradient_full_field_label_backfill_v03\canonical_full_field_surface_gradient_teacher_labels_v03.csv,250
32,RLV2O_A024_V01,stage2_n32_legacy,stage2_n32_gnn_rl_legacy,"[19,18,23,26,2,27,9,29,5,20,3,6,1,8,28,7,10,30,15,4,0,25,24,31,22,14,21,13,11,17,16,12]",046c7a62f3032dc1,0.0006318814,0.1541823010891676,0.0132577304131397,1.933278890666667,peeq_guard,mises_P95_top_band,True,LEGACY_COMPATIBLE_WITH_WARNINGS,0.3262839879154078,0.03625377643504535,0.10574018126888218,0.5105740181268883,0.2554380664652568,266.0,LEGACY_TEACHER_LABEL_COMPATIBLE,D:\Projects\RL-LAM-ScanOpt\rl-training\v01\outputs\surface_tensile_gradient_full_field_label_backfill_v03\canonical_full_field_surface_gradient_teacher_labels_v03.csv,251
32,RLV2O_A025_V01,stage2_n32_legacy,stage2_n32_gnn_rl_legacy,"[5,4,17,18,19,6,0,28,12,8,29,23,15,21,22,16,30,1,25,9,26,31,24,2,3,14,10,7,13,20,27,11]",b3c1d3eadf91f322,0.0006804988,0.146287499666214,0.0079506443738314,1.9332775466666667,peeq_guard,mises_P95_top_band,True,LEGACY_COMPATIBLE_WITH_WARNINGS,0.2416918429003021,0.35649546827794565,0.36858006042296076,0.7764350453172205,0.3040785498489426,245.0,LEGACY_TEACHER_LABEL_COMPATIBLE,D:\Projects\RL-LAM-ScanOpt\rl-training\v01\outputs\surface_tensile_gradient_full_field_label_backfill_v03\canonical_full_field_surface_gradient_teacher_labels_v03.csv,252
32,RLV2O_A026_V01,stage2_n32_legacy,stage2_n32_gnn_rl_legacy,"[21,28,7,2,27,17,13,18,6,26,25,8,30,19,29,20,0,24,3,31,1,12,23,15,5,14,4,10,11,9,22,16]",8ba42e4830549b39,0.00070062076,0.1486334329843521,0.0130828096365185,1.9332805973333336,peeq_guard,mises_P95_top_band,True,LEGACY_COMPATIBLE_WITH_WARNINGS,0.1963746223564955,0.19033232628398788,0.10876132930513593,0.3096676737160121,0.19206948640483384,285.0,LEGACY_TEACHER_LABEL_COMPATIBLE,D:\Projects\RL-LAM-ScanOpt\rl-training\v01\outputs\surface_tensile_gradient_full_field_label_backfill_v03\canonical_full_field_surface_gradient_teacher_labels_v03.csv,253
32,RLV2O_A027_V01,stage2_n32_legacy,stage2_n32_gnn_rl_legacy,"[22,5,21,6,4,18,12,30,17,1,31,0,16,13,8,7,23,29,24,26,11,10,2,25,19,3,14,15,9,20,27,28]",961b307bf1f7ae1a,0.0007294863,0.1534932165592909,0.007705950456265,1.9332819413333333,peeq_guard,mises_P95_top_band,True,LEGACY_COMPATIBLE_WITH_WARNINGS,0.1178247734138973,0.048338368580060465,0.4169184290030211,0.2356495468277946,0.13972809667673722,306.0,LEGACY_TEACHER_LABEL_COMPATIBLE,D:\Projects\RL-LAM-ScanOpt\rl-training\v01\outputs\surface_tensile_gradient_full_field_label_backfill_v03\canonical_full_field_surface_gradient_teacher_labels_v03.csv,254
32,RLV2O_A028_V01,stage2_n32_legacy,stage2_n32_gnn_rl_legacy,"[23,12,11,24,27,5,15,6,14,22,7,17,26,18,8,25,10,13,20,3,28,2,16,21,9,29,19,4,30,0,1,31]",594551c66bfdd60f,0.0007643661,0.1471675253659486,0.0138714969396354,1.9332801493333327,peeq_guard,mises_P95_top_band,True,LEGACY_COMPATIBLE_WITH_WARNINGS,0.05438066465256797,0.2598187311178247,0.0845921450151057,0.36253776435045315,0.11389728096676736,314.0,LEGACY_TEACHER_LABEL_COMPATIBLE,D:\Projects\RL-LAM-ScanOpt\rl-training\v01\outputs\surface_tensile_gradient_full_field_label_backfill_v03\canonical_full_field_surface_gradient_teacher_labels_v03.csv,255
32,RLV2O_A029_V01,stage2_n32_legacy,stage2_n32_gnn_rl_legacy,"[16,17,5,2,6,15,4,24,3,27,22,25,23,14,28,9,7,26,13,29,21,20,19,11,10,30,8,18,0,12,1,31]",f06378174ca67126,0.0007473957,0.1509716568887233,0.0088424505734121,1.9332790826666664,peeq_guard,mises_P95_top_band,True,LEGACY_COMPATIBLE_WITH_WARNINGS,0.09063444108761332,0.10574018126888218,0.2930513595166163,0.48036253776435045,0.13338368580060425,307.0,LEGACY_TEACHER_LABEL_COMPATIBLE,D:\Projects\RL-LAM-ScanOpt\rl-training\v01\outputs\surface_tensile_gradient_full_field_label_backfill_v03\canonical_full_field_surface_gradient_teacher_labels_v03.csv,256
32,RLV2O_A030_V01,stage2_n32_legacy,stage2_n32_gnn_rl_legacy,"[5,4,18,17,23,26,25,28,19,29,12,0,16,22,30,1,6,9,8,15,2,21,14,13,20,3,31,7,10,27,24,11]",b1ca5419f3bf5d6f,0.0007184037,0.1481804496794939,0.0096560205034601,1.933281856,peeq_guard,mises_P95_top_band,True,LEGACY_COMPATIBLE_WITH_WARNINGS,0.16616314199395765,0.20543806646525675,0.24773413897280971,0.2537764350453172,0.18655589123867067,287.0,LEGACY_TEACHER_LABEL_COMPATIBLE,D:\Projects\RL-LAM-ScanOpt\rl-training\v01\outputs\surface_tensile_gradient_full_field_label_backfill_v03\canonical_full_field_surface_gradient_teacher_labels_v03.csv,257
32,RLV2O_A031_V01,stage2_n32_legacy,stage2_n32_gnn_rl_legacy,"[15,25,11,27,23,21,17,7,4,31,6,13,18,12,3,9,2,28,19,8,29,20,26,24,0,5,16,14,10,22,30,1]",e2d24823e35dc094,0.00061750883,0.1405770300328731,0.0093087308995107,1.9332786986666664,peeq_guard,mises_P95_top_band,True,LEGACY_COMPATIBLE_WITH_WARNINGS,0.34441087613293053,0.9697885196374623,0.2628398791540786,0.5709969788519638,0.4726586102719034,200.0,LEGACY_TEACHER_LABEL_COMPATIBLE,D:\Projects\RL-LAM-ScanOpt\rl-training\v01\outputs\surface_tensile_gradient_full_field_label_backfill_v03\canonical_full_field_surface_gradient_teacher_labels_v03.csv,258
32,RLV2O_A032_V01,stage2_n32_legacy,stage2_n32_gnn_rl_legacy,"[15,23,25,13,17,4,27,6,11,3,18,21,7,9,31,19,26,29,10,2,20,14,22,12,16,8,24,0,28,5,1,30]",35462a932b674fd3,0.0005734781,0.1411997234821319,0.0031490367689711,1.9332765013333333,peeq_guard,mises_P95_top_band,True,LEGACY_COMPATIBLE_WITH_WARNINGS,0.38368580060422963,0.9486404833836858,0.8489425981873112,0.9607250755287009,0.5720543806646526,163.0,LEGACY_TEACHER_LABEL_COMPATIBLE,D:\Projects\RL-LAM-ScanOpt\rl-training\v01\outputs\surface_tensile_gradient_full_field_label_backfill_v03\canonical_full_field_surface_gradient_teacher_labels_v03.csv,259
32,RLV2O_A033_V01,stage2_n32_legacy,stage2_n32_gnn_rl_legacy,"[18,25,23,27,15,17,4,13,6,11,31,12,9,7,21,2,19,28,3,0,24,5,29,20,26,22,8,16,14,10,30,1]",7d35ff5f9e31d2c7,0.0003933902,0.1422804065048695,0.0049863081169009,1.93327744,peeq_guard,mises_P95_top_band,True,LEGACY_COMPATIBLE_WITH_WARNINGS,0.5135951661631419,0.8700906344410876,0.7341389728096677,0.7960725075528701,0.6210725075528701,126.0,LEGACY_TEACHER_LABEL_COMPATIBLE,D:\Projects\RL-LAM-ScanOpt\rl-training\v01\outputs\surface_tensile_gradient_full_field_label_backfill_v03\canonical_full_field_surface_gradient_teacher_labels_v03.csv,260
32,RLV2O_A034_V01,stage2_n32_legacy,stage2_n32_gnn_rl_legacy,"[20,23,27,7,17,21,25,9,15,11,19,12,31,4,26,13,28,2,18,6,29,0,22,8,24,16,3,10,5,14,30,1]",4da423f05412634b,0.0005499133,0.1435921151190996,0.0099113163554812,1.933279104,peeq_guard,mises_P95_top_band,True,LEGACY_COMPATIBLE_WITH_WARNINGS,0.404833836858006,0.7341389728096677,0.2416918429003021,0.4773413897280967,0.45800604229607256,204.0,LEGACY_TEACHER_LABEL_COMPATIBLE,D:\Projects\RL-LAM-ScanOpt\rl-training\v01\outputs\surface_tensile_gradient_full_field_label_backfill_v03\canonical_full_field_surface_gradient_teacher_labels_v03.csv,261
32,RLV2O_A035_V01,stage2_n32_legacy,stage2_n32_gnn_rl_legacy,"[17,25,23,27,6,31,11,9,15,4,21,13,0,12,7,18,3,14,10,19,24,29,2,28,8,26,22,16,20,5,1,30]",85ceb33f4d8cdaf9,0.0005140626,0.1440811213850975,0.0039731146328487,1.933276416,peeq_guard,mises_P95_top_band,True,LEGACY_COMPATIBLE_WITH_WARNINGS,0.43202416918429,0.6706948640483383,0.8066465256797584,0.9697885196374623,0.5441087613293051,176.0,LEGACY_TEACHER_LABEL_COMPATIBLE,D:\Projects\RL-LAM-ScanOpt\rl-training\v01\outputs\surface_tensile_gradient_full_field_label_backfill_v03\canonical_full_field_surface_gradient_teacher_labels_v03.csv,262
32,RLV2O_A036_V01,stage2_n32_legacy,stage2_n32_gnn_rl_legacy,"[25,23,15,6,17,11,18,14,4,27,13,9,21,3,29,2,31,19,12,0,7,26,20,5,8,24,22,28,10,16,1,30]",4f83da10ed78cd78,0.00060929114,0.1398084655404091,0.0050799172646587,1.9332770773333332,peeq_guard,mises_P95_top_band,True,LEGACY_COMPATIBLE_WITH_WARNINGS,0.3534743202416919,0.9818731117824774,0.7250755287009063,0.8564954682779456,0.5414652567975832,177.0,LEGACY_TEACHER_LABEL_COMPATIBLE,D:\Projects\RL-LAM-ScanOpt\rl-training\v01\outputs\surface_tensile_gradient_full_field_label_backfill_v03\canonical_full_field_surface_gradient_teacher_labels_v03.csv,263
32,RLV2O_A037_V01,stage2_n32_legacy,stage2_n32_gnn_rl_legacy,"[21,3,10,14,4,15,26,25,2,16,31,9,22,30,1,23,27,11,28,12,7,6,18,8,0,17,5,29,19,20,13,24]",c07479acec3512ca,0.0007928767,0.1470481577515602,0.0128016292261242,1.9332901546666663,peeq_guard,mises_P95_top_band,True,LEGACY_COMPATIBLE_WITH_WARNINGS,0.0392749244712991,0.2749244712990937,0.1178247734138973,0.16012084592145015,0.1003021148036254,319.0,LEGACY_TEACHER_LABEL_COMPATIBLE,D:\Projects\RL-LAM-ScanOpt\rl-training\v01\outputs\surface_tensile_gradient_full_field_label_backfill_v03\canonical_full_field_surface_gradient_teacher_labels_v03.csv,264
32,RLV2O_A038_V01,stage2_n32_legacy,stage2_n32_gnn_rl_legacy,"[20,28,14,26,19,16,8,22,25,11,1,30,3,18,4,2,21,31,29,23,0,27,5,9,7,17,24,15,13,10,6,12]",65a02fc3fbd2ff19,0.0005941474,0.1505846691131592,0.0103452249788128,1.9332822613333331,peeq_guard,mises_P95_top_band,True,LEGACY_COMPATIBLE_WITH_WARNINGS,0.36858006042296076,0.12084592145015105,0.20845921450151061,0.22356495468277948,0.29577039274924477,248.0,LEGACY_TEACHER_LABEL_COMPATIBLE,D:\Projects\RL-LAM-ScanOpt\rl-training\v01\outputs\surface_tensile_gradient_full_field_label_backfill_v03\canonical_full_field_surface_gradient_teacher_labels_v03.csv,265
32,RLV2O_A039_V01,stage2_n32_legacy,stage2_n32_gnn_rl_legacy,"[30,26,17,13,18,1,31,25,8,7,9,11,0,2,14,23,15,22,27,16,5,3,21,6,10,20,19,24,12,28,29,4]",93383aad1a8919e2,0.0006979878,0.1456606364995241,0.0069094783770598,1.9332794453333333,peeq_guard,mises_P95_top_band,True,LEGACY_COMPATIBLE_WITH_WARNINGS,0.20845921450151061,0.4259818731117825,0.5045317220543807,0.4441087613293051,0.2933534743202417,250.0,LEGACY_TEACHER_LABEL_COMPATIBLE,D:\Projects\RL-LAM-ScanOpt\rl-training\v01\outputs\surface_tensile_gradient_full_field_label_backfill_v03\canonical_full_field_surface_gradient_teacher_labels_v03.csv,266
32,RLV2O_A040_V01,stage2_n32_legacy,stage2_n32_gnn_rl_legacy,"[15,10,26,1,11,3,25,16,14,19,22,18,21,9,30,0,12,5,20,29,2,8,6,28,31,17,13,27,4,23,7,24]",9187d42a6aec15f9,0.00072014437,0.1443061783909797,0.0108389657713895,1.9332798933333333,peeq_guard,mises_P95_top_band,True,LEGACY_COMPATIBLE_WITH_WARNINGS,0.1570996978851964,0.6525679758308157,0.18126888217522663,0.38519637462235645,0.2700151057401813,260.0,LEGACY_TEACHER_LABEL_COMPATIBLE,D:\Projects\RL-LAM-ScanOpt\rl-training\v01\outputs\surface_tensile_gradient_full_field_label_backfill_v03\canonical_full_field_surface_gradient_teacher_labels_v03.csv,267
32,RLV2O_A041_V01,stage2_n32_legacy,stage2_n32_gnn_rl_legacy,"[23,22,26,20,25,27,21,16,4,12,1,11,3,5,10,30,0,31,14,9,18,19,6,29,7,8,2,28,13,24,17,15]",7798e7c53ae42734,0.00059450907,0.1434741815924644,0.0088737882541447,1.933280512,peeq_guard,mises_P95_top_band,True,LEGACY_COMPATIBLE_WITH_WARNINGS,0.3655589123867069,0.7522658610271904,0.29003021148036257,0.3202416918429003,0.43308157099697886,210.0,LEGACY_TEACHER_LABEL_COMPATIBLE,D:\Projects\RL-LAM-ScanOpt\rl-training\v01\outputs\surface_tensile_gradient_full_field_label_backfill_v03\canonical_full_field_surface_gradient_teacher_labels_v03.csv,268
32,RLV2O_A042_V01,stage2_n32_legacy,stage2_n32_gnn_rl_legacy,"[7,22,1,26,21,16,25,19,29,11,6,14,9,3,30,0,28,12,23,5,18,4,20,8,10,13,2,31,15,27,17,24]",54cc3461644e90f3,0.00048779516,0.1427855207026005,0.0105727086462925,1.9332794666666664,peeq_guard,mises_P95_top_band,True,LEGACY_COMPATIBLE_WITH_WARNINGS,0.4561933534743202,0.8217522658610272,0.1963746223564955,0.4395770392749244,0.5024924471299094,192.0,LEGACY_TEACHER_LABEL_COMPATIBLE,D:\Projects\RL-LAM-ScanOpt\rl-training\v01\outputs\surface_tensile_gradient_full_field_label_backfill_v03\canonical_full_field_surface_gradient_teacher_labels_v03.csv,269
32,RLV2O_A043_V01,stage2_n32_legacy,stage2_n32_gnn_rl_legacy,"[10,5,25,13,18,14,26,24,30,6,19,11,9,27,1,23,4,17,29,0,12,28,7,22,8,2,21,31,16,20,3,15]",3e74faa26893d86f,0.0006888291,0.1514182284474374,0.0137860465543789,1.9332838826666665,peeq_guard,mises_P95_top_band,True,LEGACY_COMPATIBLE_WITH_WARNINGS,0.22960725075528698,0.09365558912386707,0.08761329305135956,0.18429003021148038,0.18595166163141993,289.0,LEGACY_TEACHER_LABEL_COMPATIBLE,D:\Projects\RL-LAM-ScanOpt\rl-training\v01\outputs\surface_tensile_gradient_full_field_label_backfill_v03\canonical_full_field_surface_gradient_teacher_labels_v03.csv,270
32,RLV2O_A044_V01,stage2_n32_legacy,stage2_n32_gnn_rl_legacy,"[10,25,13,5,18,6,14,24,30,26,19,11,1,4,17,9,0,29,23,27,12,8,22,31,2,21,28,16,7,20,15,3]",febc06f16f2a7372,0.00073641643,0.147067624181509,0.0113841557573387,1.9332802346666669,peeq_guard,mises_P95_top_band,True,LEGACY_COMPATIBLE_WITH_WARNINGS,0.10876132930513593,0.27190332326283984,0.1631419939577039,0.35196374622356497,0.15898791540785495,298.0,LEGACY_TEACHER_LABEL_COMPATIBLE,D:\Projects\RL-LAM-ScanOpt\rl-training\v01\outputs\surface_tensile_gradient_full_field_label_backfill_v03\canonical_full_field_surface_gradient_teacher_labels_v03.csv,271
32,RLV2O_A045_V01,stage2_n32_legacy,stage2_n32_gnn_rl_legacy,"[13,25,5,24,14,18,10,30,6,4,19,29,26,23,9,1,27,11,17,12,8,28,0,31,22,21,2,16,20,7,15,3]",7c98a98d9d8ef764,0.000762449,0.1468886823952198,0.0064645504957276,1.9332777813333333,peeq_guard,mises_P95_top_band,True,LEGACY_COMPATIBLE_WITH_WARNINGS,0.06042296072507558,0.29003021148036257,0.5558912386706949,0.7356495468277946,0.18965256797583085,286.0,LEGACY_TEACHER_LABEL_COMPATIBLE,D:\Projects\RL-LAM-ScanOpt\rl-training\v01\outputs\surface_tensile_gradient_full_field_label_backfill_v03\canonical_full_field_surface_gradient_teacher_labels_v03.csv,272
32,RLV2O_A046_V01,stage2_n32_legacy,stage2_n32_gnn_rl_legacy,"[25,13,5,14,18,10,6,30,24,4,19,26,29,1,11,22,17,27,9,12,23,0,8,31,2,16,28,21,7,20,15,3]",4e9c287eb287e7ac,0.00073941,0.1447799932211637,0.0092604115898877,1.93327776,peeq_guard,mises_P95_top_band,True,LEGACY_COMPATIBLE_WITH_WARNINGS,0.10271903323262843,0.5589123867069486,0.2688821752265861,0.7401812688821752,0.2424471299093656,269.0,LEGACY_TEACHER_LABEL_COMPATIBLE,D:\Projects\RL-LAM-ScanOpt\rl-training\v01\outputs\surface_tensile_gradient_full_field_label_backfill_v03\canonical_full_field_surface_gradient_teacher_labels_v03.csv,273
32,RLV2O_A047_V01,stage2_n32_legacy,stage2_n32_gnn_rl_legacy,"[13,25,5,18,10,14,6,19,24,26,30,11,27,1,17,4,23,9,0,29,12,31,8,22,2,21,16,7,28,20,15,3]",9b33cd40abe03ef5,0.0007637329,0.1486527414619922,0.0128557629891357,1.9332814293333327,peeq_guard,mises_P95_top_band,True,LEGACY_COMPATIBLE_WITH_WARNINGS,0.05740181268882172,0.18731117824773413,0.11178247734138969,0.27190332326283984,0.09954682779456192,321.0,LEGACY_TEACHER_LABEL_COMPATIBLE,D:\Projects\RL-LAM-ScanOpt\rl-training\v01\outputs\surface_tensile_gradient_full_field_label_backfill_v03\canonical_full_field_surface_gradient_teacher_labels_v03.csv,274
32,RLV2O_A048_V01,stage2_n32_legacy,stage2_n32_gnn_rl_legacy,"[25,5,13,18,10,26,14,19,24,6,4,30,11,17,23,9,1,29,27,0,12,8,22,2,21,31,16,28,7,20,15,3]",c46d1c9559171104,0.0008330655,0.1485836774110794,0.0114749304753555,1.933278592,peeq_guard,mises_P95_top_band,True,LEGACY_COMPATIBLE_WITH_WARNINGS,0.024169184290030232,0.19335347432024175,0.16012084592145015,0.595166163141994,0.10015105740181274,320.0,LEGACY_TEACHER_LABEL_COMPATIBLE,D:\Projects\RL-LAM-ScanOpt\rl-training\v01\outputs\surface_tensile_gradient_full_field_label_backfill_v03\canonical_full_field_surface_gradient_teacher_labels_v03.csv,275
32,RLV2O_A049_V01,stage2_n32_legacy,stage2_n32_gnn_rl_legacy,"[27,14,11,20,9,31,19,17,7,13,16,23,4,1,29,25,3,21,12,10,0,28,15,8,18,30,6,22,24,5,2,26]",27e7222fdfdf9fa9,0.0005565579,0.143230173587799,0.0091419340488257,1.933280448,peeq_guard,mises_P95_top_band,True,LEGACY_COMPATIBLE_WITH_WARNINGS,0.39577039274924475,0.7673716012084593,0.27794561933534745,0.324773413897281,0.4547583081570998,205.0,LEGACY_TEACHER_LABEL_COMPATIBLE,D:\Projects\RL-LAM-ScanOpt\rl-training\v01\outputs\surface_tensile_gradient_full_field_label_backfill_v03\canonical_full_field_surface_gradient_teacher_labels_v03.csv,276
32,RLV2O_A050_V01,stage2_n32_legacy,stage2_n32_gnn_rl_legacy,"[9,18,20,11,27,3,16,14,23,19,7,13,25,31,21,4,17,1,6,30,15,12,10,8,29,0,24,22,28,26,5,2]",2a7e3c3980b9b455,0.00044847376,0.1414064984023571,0.0060721504274359,1.9332805973333336,peeq_guard,mises_P95_top_band,True,LEGACY_COMPATIBLE_WITH_WARNINGS,0.4833836858006042,0.9395770392749244,0.6132930513595166,0.3096676737160121,0.5789274924471299,159.0,LEGACY_TEACHER_LABEL_COMPATIBLE,D:\Projects\RL-LAM-ScanOpt\rl-training\v01\outputs\surface_tensile_gradient_full_field_label_backfill_v03\canonical_full_field_surface_gradient_teacher_labels_v03.csv,277
32,RLV2O_A051_V01,stage2_n32_legacy,stage2_n32_gnn_rl_legacy,"[20,6,27,9,7,24,1,3,31,21,16,19,30,15,11,13,26,28,4,29,12,10,22,17,23,25,18,14,2,8,5,0]",0c76db361891b03c,0.00047927164,0.1435661450028419,0.004980784308455,1.9332786773333333,peeq_guard,mises_P95_top_band,True,LEGACY_COMPATIBLE_WITH_WARNINGS,0.46223564954682783,0.7401812688821752,0.7401812688821752,0.5755287009063443,0.5512839879154079,173.0,LEGACY_TEACHER_LABEL_COMPATIBLE,D:\Projects\RL-LAM-ScanOpt\rl-training\v01\outputs\surface_tensile_gradient_full_field_label_backfill_v03\canonical_full_field_surface_gradient_teacher_labels_v03.csv,278
32,RLV2O_A052_V01,stage2_n32_legacy,stage2_n32_gnn_rl_legacy,"[13,7,25,9,14,23,27,8,11,1,31,20,3,17,21,19,4,6,12,16,0,29,10,30,18,24,15,5,22,28,2,26]",c9b360a3110d7586,0.00062264135,0.1430596543848515,0.0083058424317827,1.9332817706666667,peeq_guard,mises_P95_top_band,True,LEGACY_COMPATIBLE_WITH_WARNINGS,0.3413897280966768,0.797583081570997,0.33534743202416917,0.25679758308157097,0.42779456193353477,211.0,LEGACY_TEACHER_LABEL_COMPATIBLE,D:\Projects\RL-LAM-ScanOpt\rl-training\v01\outputs\surface_tensile_gradient_full_field_label_backfill_v03\canonical_full_field_surface_gradient_teacher_labels_v03.csv,279
32,RLV2O_A053_V01,stage2_n32_legacy,stage2_n32_gnn_rl_legacy,"[5,20,15,13,17,8,21,19,16,29,25,27,7,4,14,30,0,6,28,1,22,11,31,9,23,3,24,12,18,26,2,10]",b1a029701891462d,0.00066317647,0.1473785769939422,0.0065954107366632,1.933277312,peeq_guard,mises_P95_top_band,True,LEGACY_COMPATIBLE_WITH_WARNINGS,0.2809667673716012,0.25075528700906347,0.5377643504531722,0.8096676737160121,0.3270392749244713,235.0,LEGACY_TEACHER_LABEL_COMPATIBLE,D:\Projects\RL-LAM-ScanOpt\rl-training\v01\outputs\surface_tensile_gradient_full_field_label_backfill_v03\canonical_full_field_surface_gradient_teacher_labels_v03.csv,280
32,RLV2O_A054_V01,stage2_n32_legacy,stage2_n32_gnn_rl_legacy,"[31,19,3,6,4,11,7,9,15,1,25,16,30,13,12,20,22,28,27,0,29,17,14,23,24,21,18,10,8,26,5,2]",31e558b038af6902,0.00049846555,0.1423494753986597,0.0079318175379105,1.9332821546666663,peeq_guard,mises_P95_top_band,True,LEGACY_COMPATIBLE_WITH_WARNINGS,0.44108761329305135,0.8640483383685801,0.377643504531722,0.22658610271903323,0.5086102719033233,191.0,LEGACY_TEACHER_LABEL_COMPATIBLE,D:\Projects\RL-LAM-ScanOpt\rl-training\v01\outputs\surface_tensile_gradient_full_field_label_backfill_v03\canonical_full_field_surface_gradient_teacher_labels_v03.csv,281
32,RLV2O_A055_V01,stage2_n32_legacy,stage2_n32_gnn_rl_legacy,"[5,10,21,22,14,18,9,25,20,2,15,26,19,11,3,23,27,28,6,13,17,1,31,16,12,29,24,4,7,0,30,8]",cffe9f8887d8ebae,0.0007148222,0.1445707877725362,0.0100892905931819,1.933277824,peeq_guard,mises_P95_top_band,True,LEGACY_COMPATIBLE_WITH_WARNINGS,0.17824773413897277,0.595166163141994,0.22960725075528698,0.7280966767371602,0.2942598187311178,249.0,LEGACY_TEACHER_LABEL_COMPATIBLE,D:\Projects\RL-LAM-ScanOpt\rl-training\v01\outputs\surface_tensile_gradient_full_field_label_backfill_v03\canonical_full_field_surface_gradient_teacher_labels_v03.csv,282
32,RLV2O_A056_V01,stage2_n32_legacy,stage2_n32_gnn_rl_legacy,"[20,10,22,14,15,26,21,9,25,18,11,3,27,13,23,2,28,19,17,24,1,31,16,7,12,4,6,30,29,5,0,8]",ea7c4b75050cf8c1,0.0006605661,0.1492341239005327,0.0074164443321611,1.9332767573333336,peeq_guard,mises_P95_top_band,True,LEGACY_COMPATIBLE_WITH_WARNINGS,0.2870090634441088,0.16616314199395765,0.44712990936555896,0.9063444108761329,0.3098187311178248,243.0,LEGACY_TEACHER_LABEL_COMPATIBLE,D:\Projects\RL-LAM-ScanOpt\rl-training\v01\outputs\surface_tensile_gradient_full_field_label_backfill_v03\canonical_full_field_surface_gradient_teacher_labels_v03.csv,283
32,RLV2O_A057_V01,stage2_n32_legacy,stage2_n32_gnn_rl_legacy,"[22,14,26,25,15,20,9,10,2,11,19,3,23,27,18,13,21,1,17,12,16,28,0,4,31,6,29,24,7,30,8,5]",68d006d7e086e28e,0.00077975506,0.1518363356590271,0.0078730984030788,1.933278208,peeq_guard,mises_P95_top_band,True,LEGACY_COMPATIBLE_WITH_WARNINGS,0.0453172205438066,0.0785498489425982,0.3867069486404834,0.6586102719033233,0.11676737160120843,312.0,LEGACY_TEACHER_LABEL_COMPATIBLE,D:\Projects\RL-LAM-ScanOpt\rl-training\v01\outputs\surface_tensile_gradient_full_field_label_backfill_v03\canonical_full_field_surface_gradient_teacher_labels_v03.csv,284
32,RLV2O_A058_V01,stage2_n32_legacy,stage2_n32_gnn_rl_legacy,"[27,26,22,13,19,14,25,20,10,9,3,11,15,23,21,2,18,16,1,6,17,12,24,28,7,4,29,31,5,0,30,8]",20bd4b07ae8adac8,0.0006483352,0.1474896289408207,0.0120334478754513,1.9332768213333331,peeq_guard,mises_P95_top_band,True,LEGACY_COMPATIBLE_WITH_WARNINGS,0.3081570996978852,0.24471299093655585,0.14199395770392753,0.8897280966767371,0.30793051359516616,244.0,LEGACY_TEACHER_LABEL_COMPATIBLE,D:\Projects\RL-LAM-ScanOpt\rl-training\v01\outputs\surface_tensile_gradient_full_field_label_backfill_v03\canonical_full_field_surface_gradient_teacher_labels_v03.csv,285
32,RLV2O_A059_V01,stage2_n32_legacy,stage2_n32_gnn_rl_legacy,"[9,2,15,21,14,26,22,20,10,11,25,18,23,27,19,3,28,17,13,1,31,12,30,16,0,24,7,6,29,4,5,8]",f919b444359b96cd,0.0007212984,0.1518182343244553,0.0084627417889253,1.9332770986666663,peeq_guard,mises_P95_top_band,True,LEGACY_COMPATIBLE_WITH_WARNINGS,0.14199395770392753,0.08157099697885195,0.3141993957703928,0.851963746223565,0.18262839879154083,290.0,LEGACY_TEACHER_LABEL_COMPATIBLE,D:\Projects\RL-LAM-ScanOpt\rl-training\v01\outputs\surface_tensile_gradient_full_field_label_backfill_v03\canonical_full_field_surface_gradient_teacher_labels_v03.csv,286
32,RLV2O_A060_V01,stage2_n32_legacy,stage2_n32_gnn_rl_legacy,"[25,22,14,10,20,18,11,9,15,21,23,17,2,13,26,3,27,19,28,16,31,24,4,7,1,30,5,29,0,12,6,8]",a3372d058a3507f9,0.0006243095,0.1456907639652491,0.0085127515052436,1.9332768,peeq_guard,mises_P95_top_band,True,LEGACY_COMPATIBLE_WITH_WARNINGS,0.3383685800604229,0.41993957703927487,0.3081570996978852,0.8942598187311178,0.3794561933534743,219.0,LEGACY_TEACHER_LABEL_COMPATIBLE,D:\Projects\RL-LAM-ScanOpt\rl-training\v01\outputs\surface_tensile_gradient_full_field_label_backfill_v03\canonical_full_field_surface_gradient_teacher_labels_v03.csv,287
32,RLV2O_A061_V01,stage2_n32_legacy,stage2_n32_gnn_rl_legacy,"[18,21,30,23,9,14,24,4,20,13,8,16,25,17,19,22,15,3,11,26,7,29,2,6,31,1,27,12,0,5,28,10]",3bc2748cd5a1b282,0.00066655636,0.1444846156984567,0.013290158963986,1.9332765866666664,peeq_guard,mises_P95_top_band,True,LEGACY_COMPATIBLE_WITH_WARNINGS,0.2749244712990937,0.6132930513595166,0.10271903323262843,0.9410876132930514,0.3586858006042296,224.0,LEGACY_TEACHER_LABEL_COMPATIBLE,D:\Projects\RL-LAM-ScanOpt\rl-training\v01\outputs\surface_tensile_gradient_full_field_label_backfill_v03\canonical_full_field_surface_gradient_teacher_labels_v03.csv,288
32,RLV2O_A062_V01,stage2_n32_legacy,stage2_n32_gnn_rl_legacy,"[18,9,19,21,4,14,3,20,7,29,24,2,17,13,25,23,8,26,15,6,11,16,30,1,31,12,10,22,0,27,5,28]",b258ad0929470857,0.00072706764,0.1436606276035309,0.0097088442601628,1.9332776533333331,peeq_guard,mises_P95_top_band,True,LEGACY_COMPATIBLE_WITH_WARNINGS,0.12688821752265866,0.7129909365558913,0.24471299093655585,0.7583081570996979,0.28746223564954687,251.0,LEGACY_TEACHER_LABEL_COMPATIBLE,D:\Projects\RL-LAM-ScanOpt\rl-training\v01\outputs\surface_tensile_gradient_full_field_label_backfill_v03\canonical_full_field_surface_gradient_teacher_labels_v03.csv,289
32,RLV2O_A063_V01,stage2_n32_legacy,stage2_n32_gnn_rl_legacy,"[18,17,4,9,21,14,25,20,24,23,19,7,15,6,8,13,3,26,11,16,2,30,22,29,1,31,10,0,5,27,12,28]",0371a54a848f8c18,0.00071987987,0.1459525357186794,0.0104066525064693,1.933277674666667,peeq_guard,mises_P95_top_band,True,LEGACY_COMPATIBLE_WITH_WARNINGS,0.16012084592145015,0.3927492447129909,0.20543806646525675,0.7507552870090635,0.24070996978851963,270.0,LEGACY_TEACHER_LABEL_COMPATIBLE,D:\Projects\RL-LAM-ScanOpt\rl-training\v01\outputs\surface_tensile_gradient_full_field_label_backfill_v03\canonical_full_field_surface_gradient_teacher_labels_v03.csv,290
32,RLV2O_A064_V01,stage2_n32_legacy,stage2_n32_gnn_rl_legacy,"[24,12,20,18,14,29,21,23,13,2,17,19,1,11,30,7,25,0,28,8,31,6,9,5,3,16,10,26,22,27,4,15]",0ff2fd5ddddc777a,0.0006892832,0.1510580842941999,0.0059226129450417,1.9332779306666668,peeq_guard,mises_P95_top_band,True,LEGACY_COMPATIBLE_WITH_WARNINGS,0.22658610271903323,0.10271903323262843,0.6283987915407855,0.7084592145015105,0.26608761329305136,261.0,LEGACY_TEACHER_LABEL_COMPATIBLE,D:\Projects\RL-LAM-ScanOpt\rl-training\v01\outputs\surface_tensile_gradient_full_field_label_backfill_v03\canonical_full_field_surface_gradient_teacher_labels_v03.csv,291
32,RLV2O_A065_V01,stage2_n32_legacy,stage2_n32_gnn_rl_legacy,"[12,20,24,19,21,18,25,13,23,30,14,8,11,2,7,29,5,1,17,6,28,9,31,3,26,0,4,27,22,16,10,15]",f8c7d66fe3e2b95b,0.0007247472,0.1443107236176729,0.0084416454914167,1.933278144,peeq_guard,mises_P95_top_band,True,LEGACY_COMPATIBLE_WITH_WARNINGS,0.13293051359516617,0.649546827794562,0.31722054380664655,0.6661631419939578,0.28134441087613293,255.0,LEGACY_TEACHER_LABEL_COMPATIBLE,D:\Projects\RL-LAM-ScanOpt\rl-training\v01\outputs\surface_tensile_gradient_full_field_label_backfill_v03\canonical_full_field_surface_gradient_teacher_labels_v03.csv,292
32,RLV2O_A066_V01,stage2_n32_legacy,stage2_n32_gnn_rl_legacy,"[20,12,19,21,24,13,23,18,2,14,29,7,17,25,9,11,1,6,8,30,5,31,0,3,28,16,27,22,10,4,26,15]",79a519dc8bec104e,0.00072371727,0.1492110988497734,0.0109067015373596,1.9332784,peeq_guard,mises_P95_top_band,True,LEGACY_COMPATIBLE_WITH_WARNINGS,0.13595166163141992,0.16918429003021151,0.17522658610271902,0.6404833836858006,0.1717522658610272,293.0,LEGACY_TEACHER_LABEL_COMPATIBLE,D:\Projects\RL-LAM-ScanOpt\rl-training\v01\outputs\surface_tensile_gradient_full_field_label_backfill_v03\canonical_full_field_surface_gradient_teacher_labels_v03.csv,293
32,RLV2O_A067_V01,stage2_n32_legacy,stage2_n32_gnn_rl_legacy,"[5,18,9,19,29,23,2,10,20,7,1,27,26,30,21,6,8,28,0,15,4,31,3,22,16,17,25,11,24,12,14,13]",9dad3a5fd4b86e1b,0.00073289336,0.1550116173177957,0.0065480010453109,1.933277717333333,peeq_guard,mises_P95_top_band,True,LEGACY_COMPATIBLE_WITH_WARNINGS,0.11480362537764355,0.027190332326283984,0.5438066465256798,0.743202416918429,0.17160120845921456,294.0,LEGACY_TEACHER_LABEL_COMPATIBLE,D:\Projects\RL-LAM-ScanOpt\rl-training\v01\outputs\surface_tensile_gradient_full_field_label_backfill_v03\canonical_full_field_surface_gradient_teacher_labels_v03.csv,294
32,RLV2O_A068_V01,stage2_n32_legacy,stage2_n32_gnn_rl_legacy,"[5,26,8,25,9,23,27,14,4,3,6,2,0,22,10,7,20,31,16,21,28,13,30,1,19,15,18,24,12,29,11,17]",cf4165006f44a889,0.00068813487,0.1503470675647258,0.0108535931684355,1.9332798506666664,peeq_guard,mises_P95_top_band,True,LEGACY_COMPATIBLE_WITH_WARNINGS,0.23262839879154074,0.12990936555891242,0.17824773413897277,0.3927492447129909,0.2146525679758308,280.0,LEGACY_TEACHER_LABEL_COMPATIBLE,D:\Projects\RL-LAM-ScanOpt\rl-training\v01\outputs\surface_tensile_gradient_full_field_label_backfill_v03\canonical_full_field_surface_gradient_teacher_labels_v03.csv,295
32,RLV2O_A069_V01,stage2_n32_legacy,stage2_n32_gnn_rl_legacy,"[30,10,11,25,13,9,29,4,5,8,22,17,28,16,26,12,27,1,20,2,31,7,6,18,24,3,0,23,15,19,14,21]",3753f7fde09f12eb,0.00066254137,0.1457261516153813,0.0128390601683799,1.9332800426666663,peeq_guard,mises_P95_top_band,True,LEGACY_COMPATIBLE_WITH_WARNINGS,0.28398791540785495,0.4169184290030211,0.11480362537764355,0.3716012084592145,0.29803625377643506,247.0,LEGACY_TEACHER_LABEL_COMPATIBLE,D:\Projects\RL-LAM-ScanOpt\rl-training\v01\outputs\surface_tensile_gradient_full_field_label_backfill_v03\canonical_full_field_surface_gradient_teacher_labels_v03.csv,296
32,RLV2O_A070_V01,stage2_n32_legacy,stage2_n32_gnn_rl_legacy,"[5,9,20,8,4,12,16,3,27,17,21,13,22,26,23,30,14,18,25,19,11,6,15,24,10,28,0,7,31,2,1,29]",5c96782e8b3018e4,0.0007447954,0.1435752706229687,0.0052738969624644,1.9332762666666667,peeq_guard,mises_P95_top_band,True,LEGACY_COMPATIBLE_WITH_WARNINGS,0.09365558912386707,0.7371601208459215,0.7009063444108761,0.9939577039274925,0.32809667673716014,234.0,LEGACY_TEACHER_LABEL_COMPATIBLE,D:\Projects\RL-LAM-ScanOpt\rl-training\v01\outputs\surface_tensile_gradient_full_field_label_backfill_v03\canonical_full_field_surface_gradient_teacher_labels_v03.csv,297
32,RLV2O_A071_V01,stage2_n32_legacy,stage2_n32_gnn_rl_legacy,"[15,4,9,16,10,21,14,20,26,23,5,24,29,25,17,8,28,6,13,3,19,22,7,27,11,12,1,30,0,18,2,31]",513a165eef16069f,0.00071463943,0.1422324991226196,0.0059804661056848,1.9332761813333328,peeq_guard,mises_P95_top_band,True,LEGACY_COMPATIBLE_WITH_WARNINGS,0.18126888217522663,0.8761329305135952,0.6193353474320242,0.9969788519637462,0.4048338368580061,215.0,LEGACY_TEACHER_LABEL_COMPATIBLE,D:\Projects\RL-LAM-ScanOpt\rl-training\v01\outputs\surface_tensile_gradient_full_field_label_backfill_v03\canonical_full_field_surface_gradient_teacher_labels_v03.csv,298
32,RLV2O_A072_V01,stage2_n32_legacy,stage2_n32_gnn_rl_legacy,"[9,4,15,10,21,26,5,16,20,14,29,17,23,3,25,28,19,13,24,7,22,8,6,27,11,18,12,1,30,2,0,31]",2aa65d8c9bdf564a,0.0006938858,0.1456003364920616,0.0044617537402811,1.9332757333333328,peeq_guard,mises_P95_top_band,True,LEGACY_COMPATIBLE_WITH_WARNINGS,0.22054380664652573,0.43202416918429,0.7552870090634441,1.0,0.3552870090634442,225.0,LEGACY_TEACHER_LABEL_COMPATIBLE,D:\Projects\RL-LAM-ScanOpt\rl-training\v01\outputs\surface_tensile_gradient_full_field_label_backfill_v03\canonical_full_field_surface_gradient_teacher_labels_v03.csv,299
32,RLV2O_A073_V01,stage2_n32_legacy,stage2_n32_gnn_rl_legacy,"[24,5,1,6,2,16,25,15,31,10,7,29,23,14,17,13,30,3,28,0,12,18,26,4,8,19,22,27,11,9,20,21]",208d1c5d64c62cf1,0.0008185918,0.1493784518539905,0.0181651709219368,1.9332979626666664,peeq_guard,mises_P95_top_band,True,LEGACY_COMPATIBLE_WITH_WARNINGS,0.030211480362537735,0.16012084592145015,0.02114803625377648,0.13897280966767367,0.0607250755287009,325.0,LEGACY_TEACHER_LABEL_COMPATIBLE,D:\Projects\RL-LAM-ScanOpt\rl-training\v01\outputs\surface_tensile_gradient_full_field_label_backfill_v03\canonical_full_field_surface_gradient_teacher_labels_v03.csv,300
32,RLV2O_A074_V01,stage2_n32_legacy,stage2_n32_gnn_rl_legacy,"[31,24,2,16,23,5,15,6,3,29,1,13,17,14,7,10,4,30,25,8,0,28,26,18,12,22,11,9,19,21,20,27]",af3fbf64c7e10c15,0.00065750844,0.154798182323575,0.0194664333391796,1.9332951253333333,peeq_guard,mises_P95_top_band,True,LEGACY_COMPATIBLE_WITH_WARNINGS,0.2930513595166163,0.033232628398791486,0.015105740181268867,0.14199395770392753,0.20574018126888216,283.0,LEGACY_TEACHER_LABEL_COMPATIBLE,D:\Projects\RL-LAM-ScanOpt\rl-training\v01\outputs\surface_tensile_gradient_full_field_label_backfill_v03\canonical_full_field_surface_gradient_teacher_labels_v03.csv,301
32,RLV2O_A075_V01,stage2_n32_legacy,stage2_n32_gnn_rl_legacy,"[6,24,16,7,2,15,14,5,29,10,17,31,13,3,23,1,28,0,30,25,12,8,26,4,18,27,9,22,21,11,19,20]",dc2e342444bf1b27,0.00074433116,0.1554543922841549,0.0100774433666132,1.9332817066666668,peeq_guard,mises_P95_top_band,True,LEGACY_COMPATIBLE_WITH_WARNINGS,0.09667673716012082,0.02114803625377648,0.23262839879154074,0.2598187311178247,0.10332326283987914,317.0,LEGACY_TEACHER_LABEL_COMPATIBLE,D:\Projects\RL-LAM-ScanOpt\rl-training\v01\outputs\surface_tensile_gradient_full_field_label_backfill_v03\canonical_full_field_surface_gradient_teacher_labels_v03.csv,302
32,RLV2O_A076_V01,stage2_n32_legacy,stage2_n32_gnn_rl_legacy,"[5,17,4,28,6,19,18,23,12,1,22,29,0,30,8,26,16,25,9,15,21,31,14,13,20,2,24,3,7,11,10,27]",b0d89bce4dd79ea1,0.0007622939,0.147991222217679,0.0126792227956277,1.933279232,peeq_guard,mises_P95_top_band,True,LEGACY_COMPATIBLE_WITH_WARNINGS,0.06344410876132933,0.21148036253776437,0.12084592145015105,0.46978851963746227,0.11910876132930516,311.0,LEGACY_TEACHER_LABEL_COMPATIBLE,D:\Projects\RL-LAM-ScanOpt\rl-training\v01\outputs\surface_tensile_gradient_full_field_label_backfill_v03\canonical_full_field_surface_gradient_teacher_labels_v03.csv,303
32,RLV2O_A077_V01,stage2_n32_legacy,stage2_n32_gnn_rl_legacy,"[4,16,17,6,15,2,25,5,24,28,21,3,14,20,26,22,10,23,8,27,11,7,29,12,19,13,9,18,30,0,31,1]",6c5d8e3d4d3e8776,0.0007757889,0.1510923215001821,0.0102973392912212,1.933276330666667,peeq_guard,mises_P95_top_band,True,LEGACY_COMPATIBLE_WITH_WARNINGS,0.051359516616314216,0.09969788519637457,0.21148036253776437,0.9818731117824774,0.12356495468277948,310.0,LEGACY_TEACHER_LABEL_COMPATIBLE,D:\Projects\RL-LAM-ScanOpt\rl-training\v01\outputs\surface_tensile_gradient_full_field_label_backfill_v03\canonical_full_field_surface_gradient_teacher_labels_v03.csv,304
32,RLV2O_A078_V01,stage2_n32_legacy,stage2_n32_gnn_rl_legacy,"[3,17,26,4,18,27,19,7,1,29,8,28,2,0,15,13,6,30,5,10,25,20,23,24,11,31,9,12,21,16,22,14]",404df5418221f1b8,0.00067825394,0.1536831273138523,0.0093535085310107,1.9332787626666663,peeq_guard,mises_P95_top_band,True,LEGACY_COMPATIBLE_WITH_WARNINGS,0.24773413897280971,0.0453172205438066,0.25679758308157097,0.5468277945619335,0.22311178247734142,277.0,LEGACY_TEACHER_LABEL_COMPATIBLE,D:\Projects\RL-LAM-ScanOpt\rl-training\v01\outputs\surface_tensile_gradient_full_field_label_backfill_v03\canonical_full_field_surface_gradient_teacher_labels_v03.csv,305
32,RLV2O_A079_V01,stage2_n32_legacy,stage2_n32_gnn_rl_legacy,"[18,22,5,17,4,12,6,16,13,7,30,25,0,31,21,1,29,2,10,8,14,26,24,9,3,11,20,28,23,15,19,27]",37895623df53f024,0.000705716,0.1427404614537954,0.0075138304285106,1.933285504,peeq_guard,mises_P95_top_band,True,LEGACY_COMPATIBLE_WITH_WARNINGS,0.18731117824773413,0.8338368580060422,0.44108761329305135,0.17522658610271902,0.3413897280966767,228.0,LEGACY_TEACHER_LABEL_COMPATIBLE,D:\Projects\RL-LAM-ScanOpt\rl-training\v01\outputs\surface_tensile_gradient_full_field_label_backfill_v03\canonical_full_field_surface_gradient_teacher_labels_v03.csv,306
32,RLV2O_A080_V01,stage2_n32_legacy,stage2_n32_gnn_rl_legacy,"[18,10,5,11,15,23,12,24,27,7,14,6,17,22,26,8,19,21,3,28,13,9,30,25,4,16,29,20,2,1,31,0]",fc2c37dde7c01c58,0.00073758484,0.1421822786331177,0.0120993686330635,1.93328192,peeq_guard,mises_P95_top_band,True,LEGACY_COMPATIBLE_WITH_WARNINGS,0.10574018126888218,0.8851963746223565,0.13595166163141992,0.24018126888217528,0.27137462235649545,259.0,LEGACY_TEACHER_LABEL_COMPATIBLE,D:\Projects\RL-LAM-ScanOpt\rl-training\v01\outputs\surface_tensile_gradient_full_field_label_backfill_v03\canonical_full_field_surface_gradient_teacher_labels_v03.csv,307
32,UPB_A01_V01,stage2_n32_legacy,stage2_n32_full32_baseline_reference_legacy,"[0,24,4,6,8,10,12,14,16,18,20,22,2,30,28,26,1,3,5,17,9,11,7,15,13,19,21,23,25,27,29,31]",5618ee8f458df53c,0.00011865829,0.1439963182806968,0.0017954512921209,1.933277184,peeq_guard,mises_P95_top_band,True,LEGACY_COMPATIBLE_WITH_WARNINGS,0.7583081570996979,0.6797583081570997,0.9818731117824774,0.8353474320241692,0.7688066465256799,37.0,LEGACY_TEACHER_LABEL_COMPATIBLE,D:\Projects\RL-LAM-ScanOpt\rl-training\v01\outputs\surface_tensile_gradient_full_field_label_backfill_v03\canonical_full_field_surface_gradient_teacher_labels_v03.csv,308
32,UPB_A02_V01,stage2_n32_legacy,stage2_n32_full32_baseline_reference_legacy,"[0,24,4,6,8,10,12,14,16,18,20,22,2,30,28,26,1,3,5,17,9,11,13,15,7,19,21,23,25,27,29,31]",d5d468282e222a4a,0.00011609031,0.1441573201119899,0.0021256369629117,1.9332769706666668,peeq_guard,mises_P95_top_band,True,LEGACY_COMPATIBLE_WITH_WARNINGS,0.7764350453172205,0.6646525679758308,0.9577039274924471,0.8670694864048338,0.7767371601208459,31.0,LEGACY_TEACHER_LABEL_COMPATIBLE,D:\Projects\RL-LAM-ScanOpt\rl-training\v01\outputs\surface_tensile_gradient_full_field_label_backfill_v03\canonical_full_field_surface_gradient_teacher_labels_v03.csv,309
32,UPB_A03_V01,stage2_n32_legacy,stage2_n32_full32_baseline_reference_legacy,"[0,2,4,6,8,10,18,20,22,12,14,16,24,26,28,30,1,3,19,21,23,5,7,9,11,13,15,17,25,27,29,31]",54f0d2131cd994e8,0.00013868864,0.1460871216654777,0.00646808630348,1.9332805546666665,peeq_guard,mises_P95_top_band,True,LEGACY_COMPATIBLE_WITH_WARNINGS,0.7311178247734139,0.3716012084592145,0.552870090634441,0.3141993957703928,0.6205438066465258,127.0,LEGACY_TEACHER_LABEL_COMPATIBLE,D:\Projects\RL-LAM-ScanOpt\rl-training\v01\outputs\surface_tensile_gradient_full_field_label_backfill_v03\canonical_full_field_surface_gradient_teacher_labels_v03.csv,310
32,UPB_A04_V01,stage2_n32_legacy,stage2_n32_full32_baseline_reference_legacy,"[0,15,31,21,7,11,19,27,3,5,9,13,17,23,29,25,1,24,30,8,6,10,14,12,16,18,20,22,2,26,28,4]",f0bc0a458cf62f9d,0.0002935028,0.1413495863229036,0.0063016509901693,1.933280704,peeq_guard,mises_P95_top_band,True,LEGACY_COMPATIBLE_WITH_WARNINGS,0.5438066465256798,0.9425981873111783,0.5861027190332326,0.2990936555891238,0.615558912386707,136.0,LEGACY_TEACHER_LABEL_COMPATIBLE,D:\Projects\RL-LAM-ScanOpt\rl-training\v01\outputs\surface_tensile_gradient_full_field_label_backfill_v03\canonical_full_field_surface_gradient_teacher_labels_v03.csv,311
32,UPB_A05_V01,stage2_n32_legacy,stage2_n32_full32_baseline_reference_legacy,"[0,13,15,21,3,11,19,27,7,5,9,31,17,23,29,25,1,24,30,6,8,10,12,14,16,2,20,22,18,26,28,4]",1fa2cb1a5b5a1cbc,0.00032174116,0.1419695790112018,0.0052849438564422,1.933279829333333,peeq_guard,mises_P95_top_band,True,LEGACY_COMPATIBLE_WITH_WARNINGS,0.5317220543806647,0.8972809667673716,0.6978851963746224,0.39728096676737157,0.6147280966767372,137.0,LEGACY_TEACHER_LABEL_COMPATIBLE,D:\Projects\RL-LAM-ScanOpt\rl-training\v01\outputs\surface_tensile_gradient_full_field_label_backfill_v03\canonical_full_field_surface_gradient_teacher_labels_v03.csv,312
32,UPB_A06_V01,stage2_n32_legacy,stage2_n32_full32_baseline_reference_legacy,"[0,31,15,23,7,11,19,9,27,3,5,13,17,21,25,29,1,8,10,12,14,16,2,4,6,18,22,24,20,26,28,30]",cee31e581c56a7eb,0.00027989366,0.1421831168234348,0.0030983056763632,1.9332770773333332,peeq_guard,mises_P95_top_band,True,LEGACY_COMPATIBLE_WITH_WARNINGS,0.5498489425981873,0.8821752265861027,0.8610271903323263,0.8564954682779456,0.6627643504531722,100.0,LEGACY_TEACHER_LABEL_COMPATIBLE,D:\Projects\RL-LAM-ScanOpt\rl-training\v01\outputs\surface_tensile_gradient_full_field_label_backfill_v03\canonical_full_field_surface_gradient_teacher_labels_v03.csv,313
32,UPB_A07_V01,stage2_n32_legacy,stage2_n32_full32_baseline_reference_legacy,"[0,31,15,23,7,11,19,25,3,5,9,13,17,21,27,29,1,18,16,6,8,10,12,14,4,2,20,22,24,26,28,30]",c9635718421758b0,0.0002851401,0.1411132269352674,0.0025910535534523,1.9332769066666664,peeq_guard,mises_P95_top_band,True,LEGACY_COMPATIBLE_WITH_WARNINGS,0.5468277945619335,0.9577039274924471,0.8942598187311178,0.877643504531722,0.6802870090634442,89.0,LEGACY_TEACHER_LABEL_COMPATIBLE,D:\Projects\RL-LAM-ScanOpt\rl-training\v01\outputs\surface_tensile_gradient_full_field_label_backfill_v03\canonical_full_field_surface_gradient_teacher_labels_v03.csv,314
32,UPB_A08_V01,stage2_n32_legacy,stage2_n32_full32_baseline_reference_legacy,"[0,31,15,23,5,9,13,7,11,19,27,3,17,21,25,29,1,2,4,6,12,14,16,18,8,22,20,10,24,26,28,30]",e324a9d97757d852,0.0003006134,0.1422417965531349,0.0015374628996223,1.9332769066666664,peeq_guard,mises_P95_top_band,True,LEGACY_COMPATIBLE_WITH_WARNINGS,0.540785498489426,0.8731117824773413,0.9848942598187311,0.877643504531722,0.6685045317220545,97.0,LEGACY_TEACHER_LABEL_COMPATIBLE,D:\Projects\RL-LAM-ScanOpt\rl-training\v01\outputs\surface_tensile_gradient_full_field_label_backfill_v03\canonical_full_field_surface_gradient_teacher_labels_v03.csv,315
32,V02_M00_NDK_R24_V01,stage2_n32_legacy,stage2_n32_full32_baseline_reference_legacy,"[9,16,22,13,6,18,20,11,4,24,27,15,8,17,29,31,2,0,5,19,25,14,10,21,23,12,7,28,30,26,3,1]",dea04b57887edb41,0.00044851744,0.1411943071335554,0.0083644233677274,1.933277504,peeq_guard,mises_P95_top_band,True,LEGACY_COMPATIBLE_WITH_WARNINGS,0.48036253776435045,0.9516616314199395,0.3262839879154078,0.7915407854984894,0.574773413897281,162.0,LEGACY_TEACHER_LABEL_COMPATIBLE,D:\Projects\RL-LAM-ScanOpt\rl-training\v01\outputs\surface_tensile_gradient_full_field_label_backfill_v03\canonical_full_field_surface_gradient_teacher_labels_v03.csv,316
32,V02_M00_PGJ_V01,stage2_n32_legacy,stage2_n32_full32_baseline_reference_legacy,"[22,14,8,18,24,12,10,16,20,6,2,0,4,26,30,28,23,15,13,17,21,11,9,19,25,7,3,1,5,31,29,27]",8637e4eaf909c953,0.00033529042,0.1417086443305015,0.0037153528684166,1.9332765866666664,peeq_guard,mises_P95_top_band,True,LEGACY_COMPATIBLE_WITH_WARNINGS,0.5256797583081572,0.918429003021148,0.8187311178247734,0.9410876132930514,0.6543051359516618,106.0,LEGACY_TEACHER_LABEL_COMPATIBLE,D:\Projects\RL-LAM-ScanOpt\rl-training\v01\outputs\surface_tensile_gradient_full_field_label_backfill_v03\canonical_full_field_surface_gradient_teacher_labels_v03.csv,317
32,V02_M00_PGN_R24_V01,stage2_n32_legacy,stage2_n32_full32_baseline_reference_legacy,"[22,0,30,10,18,4,26,14,2,28,8,20,6,24,12,16,31,1,29,9,21,3,27,11,19,5,23,13,25,7,17,15]",f374d31245025de2,0.00039711004,0.1418234439194202,0.0051258827943548,1.9332818986666664,peeq_guard,mises_P95_top_band,True,LEGACY_COMPATIBLE_WITH_WARNINGS,0.5105740181268883,0.9123867069486404,0.7160120845921449,0.24622356495468278,0.5982628398791541,149.0,LEGACY_TEACHER_LABEL_COMPATIBLE,D:\Projects\RL-LAM-ScanOpt\rl-training\v01\outputs\surface_tensile_gradient_full_field_label_backfill_v03\canonical_full_field_surface_gradient_teacher_labels_v03.csv,318
32,V02_M00_PGR_R24_V01,stage2_n32_legacy,stage2_n32_full32_baseline_reference_legacy,"[22,12,0,16,28,8,4,20,24,14,10,18,30,6,2,26,21,13,9,23,31,15,11,19,29,7,1,17,25,5,3,27]",50510bd8fbd9d254,0.00044112475,0.1394649448990822,0.0041221454005576,1.933277952,peeq_guard,mises_P95_top_band,True,LEGACY_COMPATIBLE_WITH_WARNINGS,0.4894259818731118,0.9879154078549849,0.7824773413897281,0.702416918429003,0.6290785498489426,120.5,LEGACY_TEACHER_LABEL_COMPATIBLE,D:\Projects\RL-LAM-ScanOpt\rl-training\v01\outputs\surface_tensile_gradient_full_field_label_backfill_v03\canonical_full_field_surface_gradient_teacher_labels_v03.csv,319
32,block_interleaved_quarters,stage2_n32_legacy,stage2_n32_full32_baseline_reference_legacy,"[0,8,16,24,1,9,17,25,2,10,18,26,3,11,19,27,4,12,20,28,5,13,21,29,6,14,22,30,7,15,23,31]",d0457724ace26b46,0.0012124717,0.1524441365152598,0.0257923104797804,1.9332950826666664,peeq_guard,mises_P95_top_band,True,LEGACY_COMPATIBLE_WITH_WARNINGS,0.0,0.06344410876132933,0.009063444108761365,0.14501510574018128,0.02084592145015107,329.0,LEGACY_TEACHER_LABEL_COMPATIBLE,D:\Projects\RL-LAM-ScanOpt\rl-training\v01\outputs\surface_tensile_gradient_full_field_label_backfill_v03\canonical_full_field_surface_gradient_teacher_labels_v03.csv,340
32,center_edge_alternating,stage2_n32_legacy,stage2_n32_full32_baseline_reference_legacy,"[15,0,16,31,14,1,17,30,13,2,18,29,12,3,19,28,11,4,20,27,10,5,21,26,9,6,22,25,8,7,23,24]",82c787487200c574,0.001107246,0.1625977306067944,0.0140886374497443,1.933314048,peeq_guard,mises_P95_top_band,True,LEGACY_COMPATIBLE_WITH_WARNINGS,0.0060422960725075026,0.009063444108761365,0.07552870090634445,0.13293051359516617,0.019939577039274903,330.0,LEGACY_TEACHER_LABEL_COMPATIBLE,D:\Projects\RL-LAM-ScanOpt\rl-training\v01\outputs\surface_tensile_gradient_full_field_label_backfill_v03\canonical_full_field_surface_gradient_teacher_labels_v03.csv,341
32,center_out,stage2_n32_legacy,stage2_n32_full32_baseline_reference_legacy,"[15,16,14,17,13,18,12,19,11,20,10,21,9,22,8,23,7,24,6,25,5,26,4,27,3,28,2,29,1,30,0,31]",8482db0b29cdcc86,0.0011355641,0.1598427277058363,0.0378783366454407,1.933316608,peeq_guard,mises_P95_top_band,True,LEGACY_COMPATIBLE_WITH_WARNINGS,0.0030211480362537513,0.012084592145015116,0.0030211480362537513,0.12990936555891242,0.011178247734138958,332.0,LEGACY_TEACHER_LABEL_COMPATIBLE,D:\Projects\RL-LAM-ScanOpt\rl-training\v01\outputs\surface_tensile_gradient_full_field_label_backfill_v03\canonical_full_field_surface_gradient_teacher_labels_v03.csv,342
32,edge_in,stage2_n32_legacy,stage2_n32_full32_baseline_reference_legacy,"[0,31,1,30,2,29,3,28,4,27,5,26,6,25,7,24,8,23,9,22,10,21,11,20,12,19,13,18,14,17,15,16]",050ae09d1fad9549,0.0010115247,0.1776147001981735,0.0542577414436596,1.93356736,peeq_guard,mises_P95_top_band,True,LEGACY_COMPATIBLE_WITH_WARNINGS,0.009063444108761365,0.0,0.0,0.12084592145015105,0.01193353474320244,331.0,LEGACY_TEACHER_LABEL_COMPATIBLE,D:\Projects\RL-LAM-ScanOpt\rl-training\v01\outputs\surface_tensile_gradient_full_field_label_backfill_v03\canonical_full_field_surface_gradient_teacher_labels_v03.csv,343
32,greedy_maximin_distance,stage2_n32_legacy,stage2_n32_full32_baseline_reference_legacy,"[0,31,15,23,7,11,19,27,3,5,9,13,17,21,25,29,1,2,4,6,8,10,12,14,16,18,20,22,24,26,28,30]",18c47f43485b26b1,0.00014875257,0.1445925150811672,0.0012922420049048,1.9332772906666669,peeq_guard,mises_P95_top_band,True,LEGACY_COMPATIBLE_WITH_WARNINGS,0.7129909365558913,0.5891238670694864,0.9909365558912386,0.8141993957703928,0.7210725075528701,65.0,LEGACY_TEACHER_LABEL_COMPATIBLE,D:\Projects\RL-LAM-ScanOpt\rl-training\v01\outputs\surface_tensile_gradient_full_field_label_backfill_v03\canonical_full_field_surface_gradient_teacher_labels_v03.csv,344
32,mc_cand_001,stage2_n32_legacy,stage2_n32_full32_baseline_reference_legacy,"[0,2,4,6,8,16,18,20,22,24,26,28,30,14,12,10,7,5,3,1,17,19,21,23,25,27,31,29,15,13,11,9]",908ce5bf884c4f79,0.00010686228,0.1443176885694265,0.0030121057396448,1.9332767573333336,peeq_guard,mises_P95_top_band,True,LEGACY_COMPATIBLE_WITH_WARNINGS,0.797583081570997,0.6465256797583081,0.8670694864048338,0.9063444108761329,0.7797583081570996,30.0,LEGACY_TEACHER_LABEL_COMPATIBLE,D:\Projects\RL-LAM-ScanOpt\rl-training\v01\outputs\surface_tensile_gradient_full_field_label_backfill_v03\canonical_full_field_surface_gradient_teacher_labels_v03.csv,345
32,mc_cand_002,stage2_n32_legacy,stage2_n32_full32_baseline_reference_legacy,"[0,2,4,6,8,16,18,20,22,24,26,28,30,14,12,10,7,5,3,1,17,19,21,23,25,27,29,31,15,13,11,9]",4a9f0144bdbe09f2,0.00011210514,0.1433698392659425,0.00300936855346,1.9332766506666663,peeq_guard,mises_P95_top_band,True,LEGACY_COMPATIBLE_WITH_WARNINGS,0.7854984894259819,0.7613293051359517,0.8700906344410876,0.93202416918429,0.7964501510574018,20.0,LEGACY_TEACHER_LABEL_COMPATIBLE,D:\Projects\RL-LAM-ScanOpt\rl-training\v01\outputs\surface_tensile_gradient_full_field_label_backfill_v03\canonical_full_field_surface_gradient_teacher_labels_v03.csv,346
32,mc_cand_004,stage2_n32_legacy,stage2_n32_full32_baseline_reference_legacy,"[0,2,4,6,8,10,16,18,20,22,24,26,28,30,14,12,9,7,5,3,1,17,19,21,23,25,27,29,31,15,13,11]",5379f18904dcd019,0.00010346287,0.1444104240834713,0.0025494507037405,1.9332765866666664,peeq_guard,mises_P95_top_band,True,LEGACY_COMPATIBLE_WITH_WARNINGS,0.8096676737160121,0.6283987915407855,0.9033232628398792,0.9410876132930514,0.7893504531722055,25.0,LEGACY_TEACHER_LABEL_COMPATIBLE,D:\Projects\RL-LAM-ScanOpt\rl-training\v01\outputs\surface_tensile_gradient_full_field_label_backfill_v03\canonical_full_field_surface_gradient_teacher_labels_v03.csv,347
32,mc_cand_006,stage2_n32_legacy,stage2_n32_full32_baseline_reference_legacy,"[0,2,4,6,8,10,12,16,18,20,22,24,26,28,30,14,11,9,7,5,3,1,17,19,21,23,25,27,31,29,15,13]",e673723a622f701f,0.000112298,0.1434040361642837,0.0019465335636367,1.9332766933333332,peeq_guard,mises_P95_top_band,True,LEGACY_COMPATIBLE_WITH_WARNINGS,0.7824773413897281,0.7583081570996979,0.9697885196374623,0.9259818731117825,0.8035498489425983,18.0,LEGACY_TEACHER_LABEL_COMPATIBLE,D:\Projects\RL-LAM-ScanOpt\rl-training\v01\outputs\surface_tensile_gradient_full_field_label_backfill_v03\canonical_full_field_surface_gradient_teacher_labels_v03.csv,348
32,mc_cand_066,stage2_n32_legacy,stage2_n32_full32_baseline_reference_legacy,"[15,19,24,28,31,26,22,13,11,8,6,3,0,17,20,14,10,16,18,12,7,5,2,9,21,23,25,29,27,30,4,1]",80e948a929edaec4,0.0003043265,0.143516653329134,0.0054822483555365,1.933276330666667,peeq_guard,mises_P95_top_band,True,LEGACY_COMPATIBLE_WITH_WARNINGS,0.5377643504531722,0.7492447129909365,0.676737160120846,0.9818731117824774,0.6161631419939577,134.0,LEGACY_TEACHER_LABEL_COMPATIBLE,D:\Projects\RL-LAM-ScanOpt\rl-training\v01\outputs\surface_tensile_gradient_full_field_label_backfill_v03\canonical_full_field_surface_gradient_teacher_labels_v03.csv,349
32,mc_cand_067,stage2_n32_legacy,stage2_n32_full32_baseline_reference_legacy,"[0,4,8,11,16,19,21,24,27,30,31,28,26,23,20,18,15,13,10,7,5,2,1,3,6,9,12,17,22,25,29,14]",d8bf8dd88ff09131,0.00035443765,0.1415026983618736,0.0102680408986536,1.9332819626666664,peeq_guard,mises_P95_top_band,True,LEGACY_COMPATIBLE_WITH_WARNINGS,0.5226586102719033,0.9305135951661632,0.22356495468277948,0.23262839879154074,0.5598187311178249,169.0,LEGACY_TEACHER_LABEL_COMPATIBLE,D:\Projects\RL-LAM-ScanOpt\rl-training\v01\outputs\surface_tensile_gradient_full_field_label_backfill_v03\canonical_full_field_surface_gradient_teacher_labels_v03.csv,350
32,mc_cand_121,stage2_n32_legacy,stage2_n32_full32_baseline_reference_legacy,"[15,25,31,10,3,18,22,13,7,20,27,5,0,16,29,11,24,9,2,19,14,26,21,6,4,17,30,12,8,23,28,1]",c670331dd0aa0ace,0.0004260851,0.1383099024742841,0.0084149137121997,1.933278656,peeq_guard,mises_P95_top_band,True,LEGACY_COMPATIBLE_WITH_WARNINGS,0.5015105740181269,0.9969788519637462,0.32326283987915405,0.5830815709969788,0.5868580060422961,154.0,LEGACY_TEACHER_LABEL_COMPATIBLE,D:\Projects\RL-LAM-ScanOpt\rl-training\v01\outputs\surface_tensile_gradient_full_field_label_backfill_v03\canonical_full_field_surface_gradient_teacher_labels_v03.csv,351
32,mc_cand_129,stage2_n32_legacy,stage2_n32_full32_baseline_reference_legacy,"[0,16,29,10,4,20,25,14,7,18,31,12,2,22,27,9,5,17,24,15,1,19,30,11,3,21,26,13,6,28,23,8]",27669b56081f6202,0.00047835472,0.1410029552131891,0.0093472014235437,1.9332834986666665,peeq_guard,mises_P95_top_band,True,LEGACY_COMPATIBLE_WITH_WARNINGS,0.4652567975830816,0.9637462235649547,0.2598187311178247,0.19335347432024175,0.5308157099697886,184.0,LEGACY_TEACHER_LABEL_COMPATIBLE,D:\Projects\RL-LAM-ScanOpt\rl-training\v01\outputs\surface_tensile_gradient_full_field_label_backfill_v03\canonical_full_field_surface_gradient_teacher_labels_v03.csv,352
32,mc_extra_001,stage2_n32_legacy,stage2_n32_full32_baseline_reference_legacy,"[0,2,4,6,8,10,16,18,20,22,24,26,28,30,14,12,9,7,5,3,1,17,19,21,23,25,27,31,29,15,13,11]",d6c25dcc9a273810,9.920205e-05,0.1444120454788207,0.0025494734603096,1.9332765866666664,peeq_guard,mises_P95_top_band,True,LEGACY_COMPATIBLE_WITH_WARNINGS,0.8489425981873112,0.6253776435045317,0.9003021148036254,0.9410876132930514,0.8139728096676737,12.0,LEGACY_TEACHER_LABEL_COMPATIBLE,D:\Projects\RL-LAM-ScanOpt\rl-training\v01\outputs\surface_tensile_gradient_full_field_label_backfill_v03\canonical_full_field_surface_gradient_teacher_labels_v03.csv,353
32,mc_extra_002,stage2_n32_legacy,stage2_n32_full32_baseline_reference_legacy,"[0,3,6,8,10,16,18,20,22,24,26,28,30,14,12,9,5,2,7,17,19,21,23,25,27,31,29,15,13,11,4,1]",311953fa3e525a5d,0.00019686203,0.1439299654960632,0.0080954791236666,1.9332769706666668,peeq_guard,mises_P95_top_band,True,LEGACY_COMPATIBLE_WITH_WARNINGS,0.6193353474320242,0.6858006042296072,0.3595166163141994,0.8670694864048338,0.6190332326283989,130.0,LEGACY_TEACHER_LABEL_COMPATIBLE,D:\Projects\RL-LAM-ScanOpt\rl-training\v01\outputs\surface_tensile_gradient_full_field_label_backfill_v03\canonical_full_field_surface_gradient_teacher_labels_v03.csv,354
32,mc_extra_003,stage2_n32_legacy,stage2_n32_full32_baseline_reference_legacy,"[0,2,4,6,8,10,12,16,18,20,22,24,26,28,30,14,11,9,7,5,3,1,17,19,21,23,25,27,29,31,15,13]",f9552f050dfbc3ed,0.00011865109,0.1430490700900554,0.0019440464425299,1.933276544,peeq_guard,mises_P95_top_band,True,LEGACY_COMPATIBLE_WITH_WARNINGS,0.7613293051359517,0.8006042296072508,0.972809667673716,0.9546827794561934,0.8,19.0,LEGACY_TEACHER_LABEL_COMPATIBLE,D:\Projects\RL-LAM-ScanOpt\rl-training\v01\outputs\surface_tensile_gradient_full_field_label_backfill_v03\canonical_full_field_surface_gradient_teacher_labels_v03.csv,355
32,mc_extra_004,stage2_n32_legacy,stage2_n32_full32_baseline_reference_legacy,"[0,2,5,7,16,18,20,22,24,26,28,30,14,12,10,8,4,1,6,17,19,21,23,25,27,31,29,15,13,11,9,3]",43f12d4098b11f85,0.00016177451,0.1447088097035885,0.0079044437017727,1.93327808,peeq_guard,mises_P95_top_band,True,LEGACY_COMPATIBLE_WITH_WARNINGS,0.6797583081570997,0.5679758308157099,0.38368580060422963,0.676737160120846,0.6276435045317221,124.0,LEGACY_TEACHER_LABEL_COMPATIBLE,D:\Projects\RL-LAM-ScanOpt\rl-training\v01\outputs\surface_tensile_gradient_full_field_label_backfill_v03\canonical_full_field_surface_gradient_teacher_labels_v03.csv,356
32,mc_extra_005,stage2_n32_legacy,stage2_n32_full32_baseline_reference_legacy,"[15,17,19,21,23,25,27,29,31,13,11,9,7,5,3,1,14,16,18,20,22,24,26,28,30,12,10,8,6,4,2,0]",596767c3a2355a62,0.000102626764,0.1444668757915496,0.0024509448044378,1.9332773973333333,peeq_guard,mises_P95_top_band,True,LEGACY_COMPATIBLE_WITH_WARNINGS,0.8157099697885196,0.6163141993957704,0.9335347432024169,0.8021148036253777,0.7869335347432024,28.0,LEGACY_TEACHER_LABEL_COMPATIBLE,D:\Projects\RL-LAM-ScanOpt\rl-training\v01\outputs\surface_tensile_gradient_full_field_label_backfill_v03\canonical_full_field_surface_gradient_teacher_labels_v03.csv,357
32,mc_extra_006,stage2_n32_legacy,stage2_n32_full32_baseline_reference_legacy,"[0,2,4,6,8,16,18,20,22,24,26,28,30,14,12,10,7,5,3,1,9,17,19,21,23,25,27,29,31,15,13,11]",dedab78dccbff89b,0.00014552535,0.14536416888237,0.0021066606445781,1.9332767573333336,peeq_guard,mises_P95_top_band,True,LEGACY_COMPATIBLE_WITH_WARNINGS,0.7190332326283988,0.45317220543806647,0.9607250755287009,0.9063444108761329,0.6993957703927492,79.0,LEGACY_TEACHER_LABEL_COMPATIBLE,D:\Projects\RL-LAM-ScanOpt\rl-training\v01\outputs\surface_tensile_gradient_full_field_label_backfill_v03\canonical_full_field_surface_gradient_teacher_labels_v03.csv,358
32,mc_extra_007,stage2_n32_legacy,stage2_n32_full32_baseline_reference_legacy,"[0,2,5,7,9,16,18,20,22,24,26,28,30,14,12,10,4,1,6,8,17,19,21,23,25,31,29,27,15,13,11,3]",001043ed94ad90c5,0.00017036253,0.1455800656974315,0.008743437235798,1.93327872,peeq_guard,mises_P95_top_band,True,LEGACY_COMPATIBLE_WITH_WARNINGS,0.6676737160120846,0.43504531722054385,0.2990936555891238,0.5619335347432024,0.5790030211480363,158.0,LEGACY_TEACHER_LABEL_COMPATIBLE,D:\Projects\RL-LAM-ScanOpt\rl-training\v01\outputs\surface_tensile_gradient_full_field_label_backfill_v03\canonical_full_field_surface_gradient_teacher_labels_v03.csv,359
32,mc_extra_008,stage2_n32_legacy,stage2_n32_full32_baseline_reference_legacy,"[0,2,4,6,8,10,16,18,20,22,24,26,28,30,14,12,9,7,5,3,1,11,17,19,21,23,25,27,31,29,15,13]",eb4aaa238b15f251,0.00014634302,0.1444640205800533,0.0019502132756954,1.9332766933333332,peeq_guard,mises_P95_top_band,True,LEGACY_COMPATIBLE_WITH_WARNINGS,0.7160120845921449,0.6193353474320242,0.9667673716012084,0.9259818731117825,0.7322507552870091,61.0,LEGACY_TEACHER_LABEL_COMPATIBLE,D:\Projects\RL-LAM-ScanOpt\rl-training\v01\outputs\surface_tensile_gradient_full_field_label_backfill_v03\canonical_full_field_surface_gradient_teacher_labels_v03.csv,360
32,mc_extra_009,stage2_n32_legacy,stage2_n32_full32_baseline_reference_legacy,"[0,2,5,7,9,16,18,20,22,24,26,28,30,14,12,10,8,4,1,6,17,19,21,23,25,27,31,29,15,13,11,3]",f0d2f87fd6bf2501,0.00016125743,0.1440342311561107,0.0082230692313685,1.9332789973333333,peeq_guard,mises_P95_top_band,True,LEGACY_COMPATIBLE_WITH_WARNINGS,0.6827794561933535,0.676737160120846,0.34441087613293053,0.4939577039274925,0.6382930513595165,114.0,LEGACY_TEACHER_LABEL_COMPATIBLE,D:\Projects\RL-LAM-ScanOpt\rl-training\v01\outputs\surface_tensile_gradient_full_field_label_backfill_v03\canonical_full_field_surface_gradient_teacher_labels_v03.csv,361
32,mc_extra_010,stage2_n32_legacy,stage2_n32_full32_baseline_reference_legacy,"[0,2,4,6,8,10,16,18,20,22,24,26,28,30,14,12,9,7,5,3,1,11,17,19,21,23,25,27,29,31,15,13]",1dcc4e88038811a1,0.00014918426,0.1439650724828243,0.0019567391213983,1.9332767573333336,peeq_guard,mises_P95_top_band,True,LEGACY_COMPATIBLE_WITH_WARNINGS,0.7099697885196374,0.6827794561933535,0.9637462235649547,0.9063444108761329,0.7397280966767372,54.0,LEGACY_TEACHER_LABEL_COMPATIBLE,D:\Projects\RL-LAM-ScanOpt\rl-training\v01\outputs\surface_tensile_gradient_full_field_label_backfill_v03\canonical_full_field_surface_gradient_teacher_labels_v03.csv,362
32,mc_extra_011,stage2_n32_legacy,stage2_n32_full32_baseline_reference_legacy,"[0,2,16,21,25,14,11,18,23,9,6,4,1,20,27,30,28,13,8,17,22,15,10,19,24,12,5,3,26,31,29,7]",83cf222ba9b11ddd,0.0004426237,0.1423431624472141,0.0049380603389591,1.933277184,peeq_guard,mises_P95_top_band,True,LEGACY_COMPATIBLE_WITH_WARNINGS,0.48640483383685795,0.8670694864048338,0.7462235649546828,0.8353474320241692,0.6059667673716013,144.0,LEGACY_TEACHER_LABEL_COMPATIBLE,D:\Projects\RL-LAM-ScanOpt\rl-training\v01\outputs\surface_tensile_gradient_full_field_label_backfill_v03\canonical_full_field_surface_gradient_teacher_labels_v03.csv,363
32,mc_extra_012,stage2_n32_legacy,stage2_n32_full32_baseline_reference_legacy,"[15,18,21,24,26,28,30,23,19,14,12,10,8,6,4,2,0,5,9,16,20,22,25,27,29,31,17,13,11,7,3,1]",f6049b6f8e70480c,0.00042749508,0.1431142368912696,0.0049718648556633,1.9332763733333331,peeq_guard,mises_P95_top_band,True,LEGACY_COMPATIBLE_WITH_WARNINGS,0.49848942598187307,0.7885196374622356,0.743202416918429,0.9758308157099698,0.6048338368580061,145.0,LEGACY_TEACHER_LABEL_COMPATIBLE,D:\Projects\RL-LAM-ScanOpt\rl-training\v01\outputs\surface_tensile_gradient_full_field_label_backfill_v03\canonical_full_field_surface_gradient_teacher_labels_v03.csv,364
32,mc_extra_013,stage2_n32_legacy,stage2_n32_full32_baseline_reference_legacy,"[0,16,24,11,6,18,21,14,9,26,31,29,4,2,7,19,23,12,10,17,27,30,15,5,1,3,20,25,28,13,8,22]",db0645c08bc2b0dc,0.000461618,0.1423730579018593,0.0063042393699696,1.9332799146666664,peeq_guard,mises_P95_top_band,True,LEGACY_COMPATIBLE_WITH_WARNINGS,0.47432024169184295,0.8610271903323263,0.5830815709969788,0.37915407854984895,0.5577794561933535,170.0,LEGACY_TEACHER_LABEL_COMPATIBLE,D:\Projects\RL-LAM-ScanOpt\rl-training\v01\outputs\surface_tensile_gradient_full_field_label_backfill_v03\canonical_full_field_surface_gradient_teacher_labels_v03.csv,365
32,mc_extra_014,stage2_n32_legacy,stage2_n32_full32_baseline_reference_legacy,"[0,16,21,13,10,18,23,8,5,2,25,27,30,15,12,20,22,7,4,17,14,24,28,31,26,11,9,6,1,3,19,29]",03651d1820470469,0.0003802412,0.1427627517282962,0.0044105328945984,1.9332767573333336,peeq_guard,mises_P95_top_band,True,LEGACY_COMPATIBLE_WITH_WARNINGS,0.5166163141993958,0.824773413897281,0.7643504531722054,0.9063444108761329,0.6225075528700906,125.0,LEGACY_TEACHER_LABEL_COMPATIBLE,D:\Projects\RL-LAM-ScanOpt\rl-training\v01\outputs\surface_tensile_gradient_full_field_label_backfill_v03\canonical_full_field_surface_gradient_teacher_labels_v03.csv,366
32,mc_extra_015,stage2_n32_legacy,stage2_n32_full32_baseline_reference_legacy,"[0,16,24,12,7,18,21,14,10,26,30,5,2,28,23,8,19,15,11,17,31,13,4,25,29,6,1,20,22,9,3,27]",ae49fcb0f129ef5e,0.00042926817,0.1416633751988411,0.0034413320703179,1.933277226666667,peeq_guard,mises_P95_top_band,True,LEGACY_COMPATIBLE_WITH_WARNINGS,0.4954682779456193,0.9214501510574018,0.8277945619335347,0.824773413897281,0.6303625377643506,118.0,LEGACY_TEACHER_LABEL_COMPATIBLE,D:\Projects\RL-LAM-ScanOpt\rl-training\v01\outputs\surface_tensile_gradient_full_field_label_backfill_v03\canonical_full_field_surface_gradient_teacher_labels_v03.csv,367
32,mc_extra_016,stage2_n32_legacy,stage2_n32_full32_baseline_reference_legacy,"[15,17,19,13,11,9,7,5,3,1,21,23,25,27,29,31,18,14,16,12,10,8,6,4,0,2,20,22,24,26,28,30]",ebec9a88b777c305,0.0001394581,0.1452319404482841,0.0028081292781652,1.9332771413333327,peeq_guard,mises_P95_top_band,True,LEGACY_COMPATIBLE_WITH_WARNINGS,0.7280966767371602,0.48640483383685795,0.8851963746223565,0.8444108761329305,0.7012839879154079,78.0,LEGACY_TEACHER_LABEL_COMPATIBLE,D:\Projects\RL-LAM-ScanOpt\rl-training\v01\outputs\surface_tensile_gradient_full_field_label_backfill_v03\canonical_full_field_surface_gradient_teacher_labels_v03.csv,368
32,mc_extra_017,stage2_n32_legacy,stage2_n32_full32_baseline_reference_legacy,"[0,2,4,6,8,10,12,14,16,18,20,22,24,26,28,30,23,21,19,17,15,13,11,9,7,5,3,1,25,27,29,31]",4dce58511d6ee06a,8.741542e-05,0.1447886592149734,0.0037821588269437,1.933276544,peeq_guard,mises_P95_top_band,True,LEGACY_COMPATIBLE_WITH_WARNINGS,0.8912386706948641,0.5558912386706949,0.8096676737160121,0.9546827794561934,0.8191842900302115,11.0,LEGACY_TEACHER_LABEL_COMPATIBLE,D:\Projects\RL-LAM-ScanOpt\rl-training\v01\outputs\surface_tensile_gradient_full_field_label_backfill_v03\canonical_full_field_surface_gradient_teacher_labels_v03.csv,369
32,mc_extra_018,stage2_n32_legacy,stage2_n32_full32_baseline_reference_legacy,"[15,17,19,13,11,21,23,25,27,29,31,9,7,5,3,1,12,16,18,14,20,10,8,22,24,26,28,30,6,4,0,2]",51b2c82b9ea2975c,0.00020002494,0.1438285504281521,0.0035327448995969,1.9332767573333336,peeq_guard,mises_P95_top_band,True,LEGACY_COMPATIBLE_WITH_WARNINGS,0.6102719033232629,0.6978851963746224,0.824773413897281,0.9063444108761329,0.66404833836858,98.0,LEGACY_TEACHER_LABEL_COMPATIBLE,D:\Projects\RL-LAM-ScanOpt\rl-training\v01\outputs\surface_tensile_gradient_full_field_label_backfill_v03\canonical_full_field_surface_gradient_teacher_labels_v03.csv,370
32,mc_extra_019,stage2_n32_legacy,stage2_n32_full32_baseline_reference_legacy,"[29,10,0,24,19,13,28,21,20,15,6,25,4,17,31,23,9,11,30,22,12,1,3,16,18,27,7,2,26,8,14,5]",e92cbe3236645a64,0.0006134778,0.1436629052460193,0.0067375913298659,1.9332803626666664,peeq_guard,mises_P95_top_band,True,LEGACY_COMPATIBLE_WITH_WARNINGS,0.35045317220543803,0.7099697885196374,0.5287009063444108,0.33534743202416917,0.43942598187311177,209.0,LEGACY_TEACHER_LABEL_COMPATIBLE,D:\Projects\RL-LAM-ScanOpt\rl-training\v01\outputs\surface_tensile_gradient_full_field_label_backfill_v03\canonical_full_field_surface_gradient_teacher_labels_v03.csv,371
32,mc_extra_020,stage2_n32_legacy,stage2_n32_full32_baseline_reference_legacy,"[12,5,8,27,28,10,21,25,31,17,7,22,6,16,18,4,1,15,26,19,24,29,30,2,3,20,9,13,23,11,0,14]",598f44264c390103,0.0006799606,0.1445656586438417,0.0102781967817248,1.9332812373333332,peeq_guard,mises_P95_top_band,True,LEGACY_COMPATIBLE_WITH_WARNINGS,0.24471299093655585,0.5981873111782477,0.22054380664652573,0.2749244712990937,0.31450151057401815,240.0,LEGACY_TEACHER_LABEL_COMPATIBLE,D:\Projects\RL-LAM-ScanOpt\rl-training\v01\outputs\surface_tensile_gradient_full_field_label_backfill_v03\canonical_full_field_surface_gradient_teacher_labels_v03.csv,372
32,multi_lag_regular_jump,stage2_n32_legacy,stage2_n32_full32_baseline_reference_legacy,"[25,31,21,15,26,30,22,11,2,6,16,10,20,29,24,14,5,1,9,19,28,23,13,4,0,8,18,12,3,7,17,27]",a0f0d96c3943c0fe,0.0008417092,0.1456845681369304,0.031837159927914,1.933381248,peeq_guard,mises_P95_top_band,True,LEGACY_COMPATIBLE_WITH_WARNINGS,0.02114803625377648,0.42296072507552873,0.0060422960725075026,0.1238670694864048,0.10513595166163145,316.0,LEGACY_TEACHER_LABEL_COMPATIBLE,D:\Projects\RL-LAM-ScanOpt\rl-training\v01\outputs\surface_tensile_gradient_full_field_label_backfill_v03\canonical_full_field_surface_gradient_teacher_labels_v03.csv,373
32,odd_even_interlaced,stage2_n32_legacy,stage2_n32_full32_baseline_reference_legacy,"[0,2,4,6,8,10,12,14,16,18,20,22,24,26,28,30,1,3,5,7,9,11,13,15,17,19,21,23,25,27,29,31]",321c934d38c074c8,9.97175e-05,0.1477259957790374,0.0024927834115148,1.933278101333333,peeq_guard,mises_P95_top_band,True,LEGACY_COMPATIBLE_WITH_WARNINGS,0.8459214501510575,0.22356495468277948,0.9274924471299093,0.6722054380664653,0.7209214501510575,66.0,LEGACY_TEACHER_LABEL_COMPATIBLE,D:\Projects\RL-LAM-ScanOpt\rl-training\v01\outputs\surface_tensile_gradient_full_field_label_backfill_v03\canonical_full_field_surface_gradient_teacher_labels_v03.csv,374
32,random_scan_1,stage2_n32_legacy,stage2_n32_full32_baseline_reference_legacy,"[26,5,10,15,25,11,22,6,19,12,16,9,28,14,24,20,30,1,13,18,2,17,21,3,29,4,27,31,8,23,0,7]",b55f9283022d5643,0.00071723614,0.1413015330582857,0.0171569991259676,1.93327904,peeq_guard,mises_P95_top_band,True,LEGACY_COMPATIBLE_WITH_WARNINGS,0.17220543806646527,0.945619335347432,0.030211480362537735,0.48489425981873113,0.32832326283987917,233.0,LEGACY_TEACHER_LABEL_COMPATIBLE,D:\Projects\RL-LAM-ScanOpt\rl-training\v01\outputs\surface_tensile_gradient_full_field_label_backfill_v03\canonical_full_field_surface_gradient_teacher_labels_v03.csv,375
32,random_scan_10,stage2_n32_legacy,stage2_n32_full32_baseline_reference_legacy,"[18,2,20,3,4,24,0,21,23,9,19,25,30,15,27,29,11,6,14,5,7,26,16,31,1,13,28,17,12,22,10,8]",908552fb795334e8,0.0006025259,0.1465681681036949,0.0152965263892255,1.9332787413333328,peeq_guard,mises_P95_top_band,True,LEGACY_COMPATIBLE_WITH_WARNINGS,0.3595166163141994,0.32326283987915405,0.051359516616314216,0.552870090634441,0.3311178247734139,231.0,LEGACY_TEACHER_LABEL_COMPATIBLE,D:\Projects\RL-LAM-ScanOpt\rl-training\v01\outputs\surface_tensile_gradient_full_field_label_backfill_v03\canonical_full_field_surface_gradient_teacher_labels_v03.csv,376
32,random_scan_2,stage2_n32_legacy,stage2_n32_full32_baseline_reference_legacy,"[3,4,6,21,14,26,18,20,11,12,8,13,1,7,30,17,24,5,23,2,9,27,28,10,15,0,29,22,25,19,16,31]",2072f2e64fabd88e,0.0006166319,0.1417673003673553,0.0051399914076749,1.933276864,peeq_guard,mises_P95_top_band,True,LEGACY_COMPATIBLE_WITH_WARNINGS,0.3474320241691843,0.9154078549848943,0.7129909365558913,0.8851963746223565,0.5244712990936555,187.0,LEGACY_TEACHER_LABEL_COMPATIBLE,D:\Projects\RL-LAM-ScanOpt\rl-training\v01\outputs\surface_tensile_gradient_full_field_label_backfill_v03\canonical_full_field_surface_gradient_teacher_labels_v03.csv,377
32,random_scan_3,stage2_n32_legacy,stage2_n32_full32_baseline_reference_legacy,"[25,27,7,12,23,29,4,3,17,19,2,8,14,0,24,5,20,10,6,16,18,28,15,26,13,9,31,11,1,21,22,30]",2fcece603957a8f0,0.0005592959,0.1465758661925792,0.011519115655602,1.933277674666667,peeq_guard,mises_P95_top_band,True,LEGACY_COMPATIBLE_WITH_WARNINGS,0.3927492447129909,0.3202416918429003,0.1570996978851964,0.7507552870090635,0.372583081570997,221.0,LEGACY_TEACHER_LABEL_COMPATIBLE,D:\Projects\RL-LAM-ScanOpt\rl-training\v01\outputs\surface_tensile_gradient_full_field_label_backfill_v03\canonical_full_field_surface_gradient_teacher_labels_v03.csv,378
32,random_scan_4,stage2_n32_legacy,stage2_n32_full32_baseline_reference_legacy,"[27,20,28,31,25,26,10,7,12,29,11,30,9,19,8,22,3,16,17,23,24,13,14,5,18,4,2,15,1,6,21,0]",78266fbbb247b855,0.00072853727,0.1497082493454218,0.0154948301858005,1.93328288,peeq_guard,mises_P95_top_band,True,LEGACY_COMPATIBLE_WITH_WARNINGS,0.1238670694864048,0.15105740181268879,0.048338368580060465,0.20543806646525675,0.12583081570996976,308.0,LEGACY_TEACHER_LABEL_COMPATIBLE,D:\Projects\RL-LAM-ScanOpt\rl-training\v01\outputs\surface_tensile_gradient_full_field_label_backfill_v03\canonical_full_field_surface_gradient_teacher_labels_v03.csv,379
32,random_scan_5,stage2_n32_legacy,stage2_n32_full32_baseline_reference_legacy,"[18,5,26,14,22,29,6,30,1,17,7,2,10,25,20,0,24,31,27,16,12,3,8,15,21,9,28,23,19,13,4,11]",b3d3dc88510f2ce7,0.00067789137,0.1431190068274736,0.016227573163817,1.9332818773333336,peeq_guard,mises_P95_top_band,True,LEGACY_COMPATIBLE_WITH_WARNINGS,0.25075528700906347,0.7854984894259819,0.0392749244712991,0.25075528700906347,0.33655589123867075,230.0,LEGACY_TEACHER_LABEL_COMPATIBLE,D:\Projects\RL-LAM-ScanOpt\rl-training\v01\outputs\surface_tensile_gradient_full_field_label_backfill_v03\canonical_full_field_surface_gradient_teacher_labels_v03.csv,380
32,random_scan_6,stage2_n32_legacy,stage2_n32_full32_baseline_reference_legacy,"[10,6,15,8,29,22,20,12,25,9,13,1,27,4,3,19,26,28,5,30,17,2,14,23,0,11,16,18,24,21,31,7]",62db0b9e59413285,0.0005811581,0.1396432185173035,0.0067127391610545,1.9332792533333332,peeq_guard,mises_P95_top_band,True,LEGACY_COMPATIBLE_WITH_WARNINGS,0.377643504531722,0.9848942598187311,0.5317220543806647,0.4652567975830816,0.5188821752265861,188.0,LEGACY_TEACHER_LABEL_COMPATIBLE,D:\Projects\RL-LAM-ScanOpt\rl-training\v01\outputs\surface_tensile_gradient_full_field_label_backfill_v03\canonical_full_field_surface_gradient_teacher_labels_v03.csv,381
32,random_scan_7,stage2_n32_legacy,stage2_n32_full32_baseline_reference_legacy,"[29,22,9,25,19,24,20,31,4,23,0,7,18,6,5,11,21,28,10,13,15,14,12,8,16,26,3,1,17,2,27,30]",c9f61fdfb2e8f49b,0.00065784436,0.1508154118806124,0.0140772568402678,1.933281152,peeq_guard,mises_P95_top_band,True,LEGACY_COMPATIBLE_WITH_WARNINGS,0.29003021148036257,0.11178247734138969,0.0785498489425982,0.28247734138972813,0.23285498489425985,274.0,LEGACY_TEACHER_LABEL_COMPATIBLE,D:\Projects\RL-LAM-ScanOpt\rl-training\v01\outputs\surface_tensile_gradient_full_field_label_backfill_v03\canonical_full_field_surface_gradient_teacher_labels_v03.csv,382
32,random_scan_8,stage2_n32_legacy,stage2_n32_full32_baseline_reference_legacy,"[13,5,2,23,4,9,24,14,18,22,0,29,27,17,16,21,3,7,12,15,25,20,30,26,31,11,1,10,8,19,28,6]",4b98d5ed7788f8a2,0.0007770566,0.1482218640297651,0.0081838872602534,1.9332802346666669,peeq_guard,mises_P95_top_band,True,LEGACY_COMPATIBLE_WITH_WARNINGS,0.048338368580060465,0.202416918429003,0.35045317220543803,0.35196374622356497,0.12454682779456196,309.0,LEGACY_TEACHER_LABEL_COMPATIBLE,D:\Projects\RL-LAM-ScanOpt\rl-training\v01\outputs\surface_tensile_gradient_full_field_label_backfill_v03\canonical_full_field_surface_gradient_teacher_labels_v03.csv,383
32,random_scan_9,stage2_n32_legacy,stage2_n32_full32_baseline_reference_legacy,"[27,28,25,21,10,29,22,0,15,12,26,20,19,3,24,6,11,31,13,30,5,23,7,1,2,14,16,18,9,17,4,8]",b976a24383a88649,0.0005743296,0.1481255953758955,0.0111881695473638,1.933282432,peeq_guard,mises_P95_top_band,True,LEGACY_COMPATIBLE_WITH_WARNINGS,0.3806646525679759,0.20845921450151061,0.16616314199395765,0.21752265861027187,0.3166163141993958,239.0,LEGACY_TEACHER_LABEL_COMPATIBLE,D:\Projects\RL-LAM-ScanOpt\rl-training\v01\outputs\surface_tensile_gradient_full_field_label_backfill_v03\canonical_full_field_surface_gradient_teacher_labels_v03.csv,384
32,raster_left_to_right,stage2_n32_legacy,stage2_n32_full32_baseline_reference_legacy,"[0,1,2,3,4,5,6,7,8,9,10,11,12,13,14,15,16,17,18,19,20,21,22,23,24,25,26,27,28,29,30,31]",151a09527c51a18d,0.0009858571,0.1772946535050868,0.008671507102713,1.933282816,peeq_guard,mises_P95_top_band,True,LEGACY_COMPATIBLE_WITH_WARNINGS,0.012084592145015116,0.0030211480362537513,0.3021148036253777,0.21148036253776437,0.049244712990936565,327.0,LEGACY_TEACHER_LABEL_COMPATIBLE,D:\Projects\RL-LAM-ScanOpt\rl-training\v01\outputs\surface_tensile_gradient_full_field_label_backfill_v03\canonical_full_field_surface_gradient_teacher_labels_v03.csv,385
32,windowed_max_dispersion,stage2_n32_legacy,stage2_n32_full32_baseline_reference_legacy,"[14,18,10,22,7,25,4,28,16,1,31,12,19,3,26,6,23,9,29,15,0,30,11,20,2,27,5,24,8,21,13,17]",ce274d94f3b45e2a,0.00047719746,0.1404798489809036,0.0040414614465321,1.9332784213333327,peeq_guard,mises_P95_top_band,True,LEGACY_COMPATIBLE_WITH_WARNINGS,0.46827794561933533,0.9758308157099698,0.7915407854984894,0.6344410876132931,0.6104229607250755,139.0,LEGACY_TEACHER_LABEL_COMPATIBLE,D:\Projects\RL-LAM-ScanOpt\rl-training\v01\outputs\surface_tensile_gradient_full_field_label_backfill_v03\canonical_full_field_surface_gradient_teacher_labels_v03.csv,386
