n,strategy_name,order_hash,order_compact,dataset_source,candidate_source,ppo_checkpoint,ppo_seed,predicted_reward,conservative_reward,teacher_metrics_extracted,teacher_validation_status,stageM_metric_source_file,u2_range,peeq_max,surface_t_proxy,mises_max,ppo_generation_mode,selection_tag,selected_by,final_step_name,final_frame_time,extracted_field_names,completion_status,odb_extraction_status,is_ppo_v01,is_ppo_v02K2
24,N24_A01_raster_left_to_right,nan,nan,stage3_native_combined552,nan,,,,,True,PASS_ODB_EXTRACTED,,0.0005523721708868,0.1892502903938293,587159872.0,579944256.0,,,,,,,,,False,False
24,N24_A02_odd_even_interlaced,nan,nan,stage3_native_combined552,nan,,,,,True,PASS_ODB_EXTRACTED,,8.360300034837564e-05,0.1549861133098602,586226112.0,579943936.0,,,,,,,,,False,False
24,N24_A03_greedy_maximin_distance,nan,nan,stage3_native_combined552,nan,,,,,True,PASS_ODB_EXTRACTED,,0.0002935029126547,0.1646057963371276,584637632.0,579944576.0,,,,,,,,,False,False
24,N24_A04_method_c_u2_first_engineering,nan,nan,stage3_native_combined552,nan,,,,,True,PASS_ODB_EXTRACTED,,5.621172385872342e-05,0.1543776392936706,581727232.0,579944640.0,,,,,,,,,False,False
24,N24_A05_center_out,nan,nan,stage3_native_combined552,nan,,,,,True,PASS_ODB_EXTRACTED,,0.0006265991143266,0.172961801290512,588072192.0,579944128.0,,,,,,,,,False,False
24,N24_A06_edge_in_alternating,nan,nan,stage3_native_combined552,nan,,,,,True,PASS_ODB_EXTRACTED,,0.0005255469384337,0.1848475784063339,590591168.0,579942784.0,,,,,,,,,False,False
24,N24_A07_regular_jump_coprime,nan,nan,stage3_native_combined552,nan,,,,,True,PASS_ODB_EXTRACTED,,0.0002371341688558,0.1627264767885208,583243392.0,579943104.0,,,,,,,,,False,False
24,N24_A08_block_interleaved_quarters,nan,nan,stage3_native_combined552,nan,,,,,True,PASS_ODB_EXTRACTED,,0.000624739785735,0.1546273678541183,584995648.0,579943744.0,,,,,,,,,False,False
24,N24_A09_center_edge_alternating,nan,nan,stage3_native_combined552,nan,,,,,True,PASS_ODB_EXTRACTED,,0.0005546370016418,0.1753909140825271,581775744.0,579943744.0,,,,,,,,,False,False
24,N24_A10_graph_pointer_policy_zero_shot_or_proxy_best,nan,nan,stage3_native_combined552,nan,,,,,True,PASS_ODB_EXTRACTED,,0.0001888593301373,0.1541593670845031,583863616.0,579943360.0,,,,,,,,,False,False
24,N24_A11_graph_pointer_policy_diverse_01,nan,nan,stage3_native_combined552,nan,,,,,True,PASS_ODB_EXTRACTED,,0.0002307547981672,0.163732573390007,589194880.0,579943936.0,,,,,,,,,False,False
24,N24_A12_graph_pointer_policy_diverse_02,nan,nan,stage3_native_combined552,nan,,,,,True,PASS_ODB_EXTRACTED,,0.0005429062013035,0.1641553044319152,583079232.0,579943936.0,,,,,,,,,False,False
24,N24_A13_graph_pointer_policy_anti_odd_even_novelty,nan,nan,stage3_native_combined552,nan,,,,,True,PASS_ODB_EXTRACTED,,0.0002316626496394,0.1621642112731933,581204672.0,579944256.0,,,,,,,,,False,False
24,N24_A14_graph_pointer_policy_u2first_proxy,nan,nan,stage3_native_combined552,nan,,,,,True,PASS_ODB_EXTRACTED,,0.0003735758580205,0.1622905135154724,583235840.0,579944640.0,,,,,,,,,False,False
24,N24_A15_graph_pointer_policy_balanced_dispersion_proxy,nan,nan,stage3_native_combined552,nan,,,,,True,PASS_ODB_EXTRACTED,,0.0004410466524404,0.1661432981491089,583990144.0,579944128.0,,,,,,,,,False,False
40,N40_A01_raster_left_to_right,nan,nan,stage3_native_combined552,nan,,,,,True,PASS_ODB_EXTRACTED,,0.0015270577277988,0.200013056397438,585953088.0,579928512.0,,,,,,,,,False,False
40,N40_A02_odd_even_interlaced,nan,nan,stage3_native_combined552,nan,,,,,True,PASS_ODB_EXTRACTED,,0.0001595688736415,0.1578081995248794,587307392.0,579927744.0,,,,,,,,,False,False
40,N40_A03_greedy_maximin_distance,nan,nan,stage3_native_combined552,nan,,,,,True,PASS_ODB_EXTRACTED,,0.0006838651936504,0.1606565862894058,585288896.0,579926656.0,,,,,,,,,False,False
40,N40_A04_method_c_u2_first_engineering,nan,nan,stage3_native_combined552,nan,,,,,True,PASS_ODB_EXTRACTED,,0.0001108189990191,0.153950959444046,582221504.0,579926528.0,,,,,,,,,False,False
40,N40_A05_center_out,nan,nan,stage3_native_combined552,nan,,,,,True,PASS_ODB_EXTRACTED,,0.0018341616960242,0.1796219497919082,588607232.0,579925632.0,,,,,,,,,False,False
40,N40_A06_edge_in_alternating,nan,nan,stage3_native_combined552,nan,,,,,True,PASS_ODB_EXTRACTED,,0.0016398808220401,0.2005691230297088,595556480.0,579926400.0,,,,,,,,,False,False
40,N40_A07_regular_jump_coprime,nan,nan,stage3_native_combined552,nan,,,,,True,PASS_ODB_EXTRACTED,,0.0020766726229339,0.1631038337945938,595582528.0,579924032.0,,,,,,,,,False,False
40,N40_A08_block_interleaved_quarters,nan,nan,stage3_native_combined552,nan,,,,,True,PASS_ODB_EXTRACTED,,0.0020561176352202,0.1575537621974945,594139136.0,579924416.0,,,,,,,,,False,False
40,N40_A09_center_edge_alternating,nan,nan,stage3_native_combined552,nan,,,,,True,PASS_ODB_EXTRACTED,,0.0018988421652466,0.177616149187088,588119552.0,579924096.0,,,,,,,,,False,False
40,N40_A10_graph_pointer_policy_zero_shot_or_proxy_best,nan,nan,stage3_native_combined552,nan,,,,,True,PASS_ODB_EXTRACTED,,0.000760835359415,0.1565078347921371,585921600.0,579925632.0,,,,,,,,,False,False
40,N40_A11_graph_pointer_policy_diverse_01,nan,nan,stage3_native_combined552,nan,,,,,True,PASS_ODB_EXTRACTED,,0.0017065715510398,0.1783028244972229,591114368.0,579925952.0,,,,,,,,,False,False
40,N40_A12_graph_pointer_policy_diverse_02,nan,nan,stage3_native_combined552,nan,,,,,True,PASS_ODB_EXTRACTED,,0.0017555009108036,0.172971487045288,584625472.0,579924800.0,,,,,,,,,False,False
40,N40_A13_graph_pointer_policy_anti_odd_even_novelty,nan,nan,stage3_native_combined552,nan,,,,,True,PASS_ODB_EXTRACTED,,0.0006711278786042,0.1731724888086319,581541824.0,579925760.0,,,,,,,,,False,False
40,N40_A14_graph_pointer_policy_u2first_proxy,nan,nan,stage3_native_combined552,nan,,,,,True,PASS_ODB_EXTRACTED,,0.0011768606042323,0.1633206307888031,585949184.0,579927232.0,,,,,,,,,False,False
40,N40_A15_graph_pointer_policy_balanced_dispersion_proxy,nan,nan,stage3_native_combined552,nan,,,,,True,PASS_ODB_EXTRACTED,,0.0012380398286495,0.1692227870225906,585095872.0,579926784.0,,,,,,,,,False,False
24,S3B20_N24_B01_surrogate_top,nan,nan,stage3_native_combined552,nan,,,,,True,PASS_TEACHER_FIELDS_EXTRACTED,,7.634673784195911e-05,0.1602428555488586,586730944.0,579944704.0,,,,,,,,,False,False
24,S3B20_N24_B02_diversity_top,nan,nan,stage3_native_combined552,nan,,,,,True,PASS_TEACHER_FIELDS_EXTRACTED,,7.592932161060162e-05,0.1560772061347961,581836224.0,579944512.0,,,,,,,,,False,False
24,S3B20_N24_B03_method_c_inspired,nan,nan,stage3_native_combined552,nan,,,,,True,PASS_TEACHER_FIELDS_EXTRACTED,,0.0002536973042879,0.1650789976119995,584643072.0,579944576.0,,,,,,,,,False,False
24,S3B20_N24_B04_surrogate_top,nan,nan,stage3_native_combined552,nan,,,,,True,PASS_TEACHER_FIELDS_EXTRACTED,,5.741682798543479e-05,0.1594105213880539,581725376.0,579944832.0,,,,,,,,,False,False
24,S3B20_N24_B05_surrogate_top,nan,nan,stage3_native_combined552,nan,,,,,True,PASS_TEACHER_FIELDS_EXTRACTED,,9.08282927412074e-05,0.1536802798509597,581741824.0,579944640.0,,,,,,,,,False,False
40,S3B20_N40_B01_surrogate_top,nan,nan,stage3_native_combined552,nan,,,,,True,PASS_TEACHER_FIELDS_EXTRACTED,,0.0001138904335675,0.1606883257627487,582971072.0,579927616.0,,,,,,,,,False,False
40,S3B20_N40_B02_diversity_top,nan,nan,stage3_native_combined552,nan,,,,,True,PASS_TEACHER_FIELDS_EXTRACTED,,8.922922461351845e-05,0.1550463587045669,585152448.0,579926080.0,,,,,,,,,False,False
40,S3B20_N40_B03_method_c_inspired,nan,nan,stage3_native_combined552,nan,,,,,True,PASS_TEACHER_FIELDS_EXTRACTED,,0.0006816700476974,0.1621466130018234,585965568.0,579926656.0,,,,,,,,,False,False
40,S3B20_N40_B04_surrogate_top,nan,nan,stage3_native_combined552,nan,,,,,True,PASS_TEACHER_FIELDS_EXTRACTED,,0.0001807131311579,0.1540584713220596,582236352.0,579926464.0,,,,,,,,,False,False
40,S3B20_N40_B05_surrogate_top,nan,nan,stage3_native_combined552,nan,,,,,True,PASS_TEACHER_FIELDS_EXTRACTED,,0.0001120584784075,0.1585296392440796,582652032.0,579927296.0,,,,,,,,,False,False
24,S3R19B28_N24_B01_surrogate_top,nan,nan,stage3_native_combined552,combined80_known_best_mutation,,,,,True,PASS_TEACHER_FIELDS_EXTRACTED,,8.261122002295451e-05,0.1533868759870529,582211520.0,579944448.0,,,,,,,,,False,False
24,S3R19B28_N24_B02_u2_primary_top,nan,nan,stage3_native_combined552,combined80_known_best_mutation,,,,,True,PASS_TEACHER_FIELDS_EXTRACTED,,8.019191227504052e-05,0.1561380475759506,582353856.0,579944512.0,,,,,,,,,False,False
24,S3R19B28_N24_B03_geometry_signal_top,nan,nan,stage3_native_combined552,regular_jump_sweep,,,,,True,PASS_TEACHER_FIELDS_EXTRACTED,,0.0002306497162862,0.1619622707366943,583032192.0,579943168.0,,,,,,,,,False,False
24,S3R19B28_N24_B04_method_c_inspired,nan,nan,stage3_native_combined552,combined80_known_best_mutation,,,,,True,PASS_TEACHER_FIELDS_EXTRACTED,,8.025430179259274e-05,0.1612091809511184,584544768.0,579944384.0,,,,,,,,,False,False
24,S3R19B28_N24_B05_diversity_top,nan,nan,stage3_native_combined552,combined80_known_best_mutation,,,,,True,PASS_TEACHER_FIELDS_EXTRACTED,,5.907966442464385e-05,0.1658651232719421,585390656.0,579944768.0,,,,,,,,,False,False
24,S3R19B28_N24_B06_uncertainty_calibration,nan,nan,stage3_native_combined552,regular_jump_sweep,,,,,True,PASS_TEACHER_FIELDS_EXTRACTED,,7.285496940312441e-05,0.1538291126489639,580991360.0,579944640.0,,,,,,,,,False,False
24,S3R19B28_N24_B07_control_sentinel,nan,nan,stage3_native_combined552,regular_jump_sweep,,,,,True,PASS_TEACHER_FIELDS_EXTRACTED,,0.0003879498119658,0.149288535118103,582449344.0,579944000.0,,,,,,,,,False,False
24,S3R19B28_N24_B08_known_best_mutation,nan,nan,stage3_native_combined552,combined80_known_best_mutation,,,,,True,PASS_TEACHER_FIELDS_EXTRACTED,,4.156047452852363e-05,0.1627765595912933,581362240.0,579944896.0,,,,,,,,,False,False
24,S3R19B28_N24_B09_known_best_mutation,nan,nan,stage3_native_combined552,combined80_known_best_mutation,,,,,True,PASS_TEACHER_FIELDS_EXTRACTED,,6.838659828645177e-05,0.159013420343399,583970176.0,579944576.0,,,,,,,,,False,False
24,S3R19B28_N24_B10_known_best_mutation,nan,nan,stage3_native_combined552,combined80_known_best_mutation,,,,,True,PASS_TEACHER_FIELDS_EXTRACTED,,4.000997159891995e-05,0.1574321687221527,582112512.0,579944704.0,,,,,,,,,False,False
40,S3R19B28_N40_B01_surrogate_top,nan,nan,stage3_native_combined552,combined80_known_best_mutation,,,,,True,PASS_TEACHER_FIELDS_EXTRACTED,,8.087984315352514e-05,0.1614688634872436,585938752.0,579927040.0,,,,,,,,,False,False
40,S3R19B28_N40_B02_u2_primary_top,nan,nan,stage3_native_combined552,combined80_known_best_mutation,,,,,True,PASS_TEACHER_FIELDS_EXTRACTED,,0.0001381478778057,0.1691655367612838,583121664.0,579926336.0,,,,,,,,,False,False
40,S3R19B28_N40_B03_geometry_signal_top,nan,nan,stage3_native_combined552,regular_jump_sweep,,,,,True,PASS_TEACHER_FIELDS_EXTRACTED,,0.0007239246517656,0.1577377021312713,585212224.0,579926080.0,,,,,,,,,False,False
40,S3R19B28_N40_B04_method_c_inspired,nan,nan,stage3_native_combined552,combined80_known_best_mutation,,,,,True,PASS_TEACHER_FIELDS_EXTRACTED,,0.0001491561724833,0.1566519737243652,583935936.0,579926208.0,,,,,,,,,False,False
40,S3R19B28_N40_B05_diversity_top,nan,nan,stage3_native_combined552,regular_jump_sweep,,,,,True,PASS_TEACHER_FIELDS_EXTRACTED,,0.0009652040533865,0.1442238241434097,585249728.0,579926016.0,,,,,,,,,False,False
40,S3R19B28_N40_B06_uncertainty_calibration,nan,nan,stage3_native_combined552,regular_jump_sweep,,,,,True,PASS_TEACHER_FIELDS_EXTRACTED,,0.0002895531576996,0.1524127125740051,581119040.0,579926528.0,,,,,,,,,False,False
40,S3R19B28_N40_B07_control_sentinel,nan,nan,stage3_native_combined552,regular_jump_sweep,,,,,True,PASS_TEACHER_FIELDS_EXTRACTED,,0.001751992967911,0.1497652232646942,589166208.0,579925568.0,,,,,,,,,False,False
40,S3R19B28_N40_B08_known_best_mutation,nan,nan,stage3_native_combined552,combined80_known_best_mutation,,,,,True,PASS_TEACHER_FIELDS_EXTRACTED,,0.0002107644334046,0.1547115296125412,585281536.0,579926016.0,,,,,,,,,False,False
40,S3R19B28_N40_B09_known_best_mutation,nan,nan,stage3_native_combined552,combined80_known_best_mutation,,,,,True,PASS_TEACHER_FIELDS_EXTRACTED,,0.0001639029087527,0.1643984466791153,587828288.0,579925824.0,,,,,,,,,False,False
40,S3R19B28_N40_B10_known_best_mutation,nan,nan,stage3_native_combined552,combined80_known_best_mutation,,,,,True,PASS_TEACHER_FIELDS_EXTRACTED,,0.0001504687188571,0.1597595065832138,584999872.0,579926208.0,,,,,,,,,False,False
24,S3R24L64_N24_B01_top_region,d5d7a577aae2fbbb,0-2-4-6-8-22-20-18-16-14-12-10-11-9-7-5-3-1-13-15-17-23-21-19,stage3_native_combined552,combined108_known_best_mutation,,,,,True,PASS_TEACHER_FIELDS_EXTRACTED,,7.369223112618783e-05,0.1567591875791549,581899200.0,579943680.0,,,,,,,,,False,False
24,S3R24L64_N24_B02_top_region,dfa42d2d41100d6a,0-2-4-6-8-10-12-22-20-18-16-14-1-3-5-7-23-21-19-17-15-13-11-9,stage3_native_combined552,combined108_known_best_mutation,,,,,True,PASS_TEACHER_FIELDS_EXTRACTED,,8.462275673082331e-05,0.1625818163156509,586835584.0,579944448.0,,,,,,,,,False,False
24,S3R24L64_N24_B03_top_region,61876ec3bbab3171,2-0-4-6-8-10-12-14-16-18-20-22-11-9-7-5-3-1-13-15-17-19-21-23,stage3_native_combined552,combined108_known_best_mutation,,,,,True,PASS_TEACHER_FIELDS_EXTRACTED,,6.807913905504392e-05,0.1543546617031097,581713792.0,579944640.0,,,,,,,,,False,False
24,S3R24L64_N24_B04_top_region,ddb347cb94c3ba51,0-2-4-6-8-10-12-14-16-18-20-22-23-21-19-3-5-7-9-11-17-15-13-1,stage3_native_combined552,combined108_known_best_mutation,,,,,True,PASS_TEACHER_FIELDS_EXTRACTED,,8.125130443659145e-05,0.1610715538263321,583307264.0,579944448.0,,,,,,,,,False,False
24,S3R24L64_N24_B05_top_region,30f88e82766f163e,0-2-4-6-8-10-12-18-20-22-16-14-1-3-5-7-9-11-13-15-17-19-21-23,stage3_native_combined552,combined108_known_best_mutation,,,,,True,PASS_TEACHER_FIELDS_EXTRACTED,,6.770852269255556e-05,0.1572423726320266,586670400.0,579943872.0,,,,,,,,,False,False
24,S3R24L64_N24_B06_model_disagreement,5e8f606e284ef168,11-21-7-17-9-13-23-3-19-5-15-1-0-2-4-6-8-10-12-14-16-18-20-22,stage3_native_combined552,combined108_known_best_mutation,,,,,True,PASS_TEACHER_FIELDS_EXTRACTED,,8.061707694650977e-05,0.1534445732831955,580875968.0,579944640.0,,,,,,,,,False,False
24,S3R24L64_N24_B07_model_disagreement,c892039c42dfb0f4,11-5-7-17-3-13-23-9-19-21-15-1-0-2-4-6-8-10-12-14-16-18-20-22,stage3_native_combined552,combined108_known_best_mutation,,,,,True,PASS_TEACHER_FIELDS_EXTRACTED,,7.37363538974023e-05,0.1538069397211074,581218368.0,579944576.0,,,,,,,,,False,False
24,S3R24L64_N24_B08_model_disagreement,7045906b4126d893,11-21-7-17-3-13-5-9-19-23-15-1-0-2-4-6-8-10-12-14-16-18-20-22,stage3_native_combined552,combined108_known_best_mutation,,,,,True,PASS_TEACHER_FIELDS_EXTRACTED,,8.019874189812981e-05,0.1531224399805069,581032512.0,579944640.0,,,,,,,,,False,False
24,S3R24L64_N24_B09_model_disagreement,245a8b26b41f99ed,11-21-7-17-3-13-23-9-19-5-15-1-0-2-4-6-8-10-12-22-20-18-16-14,stage3_native_combined552,combined108_known_best_mutation,,,,,True,PASS_TEACHER_FIELDS_EXTRACTED,,6.930613835720578e-05,0.1627024710178375,587378304.0,579943680.0,,,,,,,,,False,False
24,S3R24L64_N24_B10_uncertainty_calibration,1ee1ce45fe1ba3e6,0-2-4-6-8-10-13-14-16-18-20-22-11-9-7-5-3-1-12-15-17-19-21-23,stage3_native_combined552,combined108_known_best_mutation,,,,,True,PASS_TEACHER_FIELDS_EXTRACTED,,7.942568845464848e-05,0.1542500406503677,581681088.0,579944640.0,,,,,,,,,False,False
24,S3R24L64_N24_B11_uncertainty_calibration,e54c35986492c68a,11-21-7-17-3-13-23-9-19-5-15-1-0-2-20-6-8-10-12-14-16-18-4-22,stage3_native_combined552,combined108_known_best_mutation,,,,,True,PASS_TEACHER_FIELDS_EXTRACTED,,0.0001170783098132,0.1543570160865783,581163200.0,579943360.0,,,,,,,,,False,False
24,S3R24L64_N24_B12_uncertainty_calibration,97c3cadc95217af2,11-21-7-17-3-13-23-9-19-5-15-1-0-18-4-6-8-10-12-14-16-2-20-22,stage3_native_combined552,combined108_known_best_mutation,,,,,True,PASS_TEACHER_FIELDS_EXTRACTED,,0.00011106191414,0.1553478837013244,581244224.0,579943488.0,,,,,,,,,False,False
24,S3R24L64_N24_B13_uncertainty_calibration,429442f9a7ee440f,0-2-4-6-8-10-12-14-16-18-19-22-11-9-7-5-3-1-13-15-17-20-21-23,stage3_native_combined552,combined108_known_best_mutation,,,,,True,PASS_TEACHER_FIELDS_EXTRACTED,,7.370208913926035e-05,0.1641812026500702,581645440.0,579944640.0,,,,,,,,,False,False
24,S3R24L64_N24_B14_diversity_coverage,fdb98a247a7f0f60,12-14-16-18-3-13-23-9-19-5-15-1-0-2-4-6-8-10-11-21-7-17-20-22,stage3_native_combined552,combined108_known_best_mutation,,,,,True,PASS_TEACHER_FIELDS_EXTRACTED,,0.0002087160146402,0.1766754388809204,581457152.0,579944384.0,,,,,,,,,False,False
24,S3R24L64_N24_B15_diversity_coverage,61435e6dddaa6fd2,0-2-4-15-17-19-21-14-16-18-20-22-11-9-7-5-3-1-13-6-8-10-12-23,stage3_native_combined552,combined108_known_best_mutation,,,,,True,PASS_TEACHER_FIELDS_EXTRACTED,,8.884969702194212e-05,0.1608411371707916,583299520.0,579944384.0,,,,,,,,,False,False
24,S3R24L64_N24_B16_diversity_coverage,01f2cb7f75d2ba0f,0-2-15-17-19-21-12-14-16-18-20-22-11-9-7-5-3-1-13-4-6-8-10-23,stage3_native_combined552,combined108_known_best_mutation,,,,,True,PASS_TEACHER_FIELDS_EXTRACTED,,8.727337626623921e-05,0.1625741869211197,583067200.0,579944704.0,,,,,,,,,False,False
24,S3R24L64_N24_B17_diversity_coverage,6644531cea779794,0-2-17-15-13-1-12-14-16-18-20-22-11-9-7-5-3-19-21-23-4-6-8-10,stage3_native_combined552,combined108_known_best_mutation,,,,,True,PASS_TEACHER_FIELDS_EXTRACTED,,0.0001864545752141,0.1623059958219528,584355136.0,579943296.0,,,,,,,,,False,False
24,S3R24L64_N24_B18_tradeoff_probe,5847234d7bb5fec7,17-4-15-6-1-18-23-14-5-22-3-2-11-16-13-8-21-10-7-12-9-20-19-0,stage3_native_combined552,combined108_known_best_mutation,,,,,True,PASS_TEACHER_FIELDS_EXTRACTED,,0.0002899126045576,0.1693079322576522,583853568.0,579943168.0,,,,,,,,,False,False
24,S3R24L64_N24_B19_tradeoff_probe,8347904d193448a1,17-19-21-23-8-10-12-22-20-18-16-14-7-5-3-1-9-11-13-15-0-2-4-6,stage3_native_combined552,combined108_known_best_mutation,,,,,True,PASS_TEACHER_FIELDS_EXTRACTED,,5.976830379950116e-05,0.1647088974714279,585381696.0,579944000.0,,,,,,,,,False,False
24,S3R24L64_N24_B20_tradeoff_probe,82d8cc4867e4c247,17-19-21-23-8-10-12-22-20-18-16-14-3-1-5-7-9-11-13-15-0-2-4-6,stage3_native_combined552,combined108_known_best_mutation,,,,,True,PASS_TEACHER_FIELDS_EXTRACTED,,5.346994021238061e-05,0.1653908491134643,585390080.0,579944832.0,,,,,,,,,False,False
24,S3R24L64_N24_B21_sentinel_control,2b407e089be11262,18-13-14-21-12-5-10-15-2-23-16-1-6-3-4-11-22-19-0-7-20-17-8-9,stage3_native_combined552,combined108_known_best_mutation,,,,,True,PASS_TEACHER_FIELDS_EXTRACTED,,0.0004048996659093,0.1666337102651596,584805888.0,579944128.0,,,,,,,,,False,False
24,S3R24L64_N24_B22_sentinel_control,0c3c572ce8b1aad9,21-7-16-0-14-4-19-5-12-20-8-15-23-10-3-11-1-2-6-17-13-22-18-9,stage3_native_combined552,combined108_known_best_mutation,,,,,True,PASS_TEACHER_FIELDS_EXTRACTED,,0.000283742554302,0.1525747328996658,582417280.0,579944000.0,,,,,,,,,False,False
24,S3R24L64_N24_B23_exploitation_reference,9682d973aa5c8db4,0-2-4-6-8-10-12-14-16-18-20-22-11-1-3-5-7-9-13-15-17-19-21-23,stage3_native_combined552,combined108_known_best_mutation,,,,,True,PASS_TEACHER_FIELDS_EXTRACTED,,5.36375810042955e-05,0.1543297171592712,586287680.0,579944640.0,,,,,,,,,False,False
24,S3R24L64_N24_B24_exploitation_reference,88e73e9ad94ac53f,0-2-4-6-8-10-12-14-16-18-20-22-11-9-1-3-5-7-13-15-17-19-21-23,stage3_native_combined552,combined108_known_best_mutation,,,,,True,PASS_TEACHER_FIELDS_EXTRACTED,,7.06063701727544e-05,0.1538756042718887,586210112.0,579944640.0,,,,,,,,,False,False
40,S3R24L64_N40_B01_top_region,cc574ee97e23d3a0,0-2-4-6-8-10-12-38-36-34-32-30-28-26-24-22-20-18-16-14-19-17-15-13-11-9-7-5-3-1-21-23-25-27-29-31-33-35-37-39,stage3_native_combined552,combined108_known_best_mutation,,,,,True,PASS_TEACHER_FIELDS_EXTRACTED,,0.0001945985031852,0.162837952375412,581591424.0,579927552.0,,,,,,,,,False,False
40,S3R24L64_N40_B02_top_region,198304997aa51f7f,33-35-37-39-0-2-4-6-8-10-12-14-16-18-20-22-24-26-28-38-36-34-32-30-9-7-5-3-1-11-13-15-17-19-21-23-25-27-29-31,stage3_native_combined552,combined108_known_best_mutation,,,,,True,PASS_TEACHER_FIELDS_EXTRACTED,,0.0001227253760589,0.1667737364768982,598535360.0,579927040.0,,,,,,,,,False,False
40,S3R24L64_N40_B03_top_region,c1c108e2813bd09b,31-33-35-37-39-0-2-4-6-8-10-12-14-16-18-20-22-24-26-28-30-38-36-34-32-19-17-15-13-11-9-7-5-3-1-21-23-25-27-29,stage3_native_combined552,combined108_known_best_mutation,,,,,True,PASS_TEACHER_FIELDS_EXTRACTED,,0.0001059363503372,0.1590581983327865,592258240.0,579925632.0,,,,,,,,,False,False
40,S3R24L64_N40_B04_top_region,baa132a2934e1658,31-33-35-37-39-0-2-10-8-6-4-12-14-16-18-20-22-24-26-28-30-32-34-36-38-19-17-15-13-11-9-7-5-3-1-21-23-25-27-29,stage3_native_combined552,combined108_known_best_mutation,,,,,True,PASS_TEACHER_FIELDS_EXTRACTED,,0.0001603593141226,0.1599376946687698,581768896.0,579925632.0,,,,,,,,,False,False
40,S3R24L64_N40_B05_top_region,742ef66aad688f36,33-35-37-39-0-2-4-6-8-10-12-14-16-18-20-22-24-26-28-30-38-36-34-32-19-17-15-13-11-9-7-5-3-1-21-23-25-27-29-31,stage3_native_combined552,combined108_known_best_mutation,,,,,True,PASS_TEACHER_FIELDS_EXTRACTED,,8.880928180587944e-05,0.1641431897878646,595921664.0,579925632.0,,,,,,,,,False,False
40,S3R24L64_N40_B06_model_disagreement,04fb04483e06ab57,8-10-12-14-16-18-20-22-24-26-28-30-32-34-36-38-19-1-21-23-25-27-29-31-33-35-37-39-17-15-13-11-9-7-5-3-0-2-4-6,stage3_native_combined552,combined108_known_best_mutation,,,,,True,PASS_TEACHER_FIELDS_EXTRACTED,,0.0002016615144384,0.1611578613519668,583783872.0,579927360.0,,,,,,,,,False,False
40,S3R24L64_N40_B07_model_disagreement,42b2cce7b6cd3830,12-14-16-18-20-22-24-26-28-30-32-34-36-38-19-1-21-23-25-27-29-31-33-35-37-39-17-15-13-11-9-7-5-3-0-2-4-6-8-10,stage3_native_combined552,combined108_known_best_mutation,,,,,True,PASS_TEACHER_FIELDS_EXTRACTED,,0.0002165191526728,0.1629427224397659,584747776.0,579928896.0,,,,,,,,,False,False
40,S3R24L64_N40_B08_model_disagreement,8a1c069e8cc3aab3,0-2-4-6-8-10-12-14-16-18-20-22-24-26-28-30-32-34-36-38-19-17-15-9-7-5-3-1-11-13-21-23-25-27-29-31-33-35-37-39,stage3_native_combined552,combined108_known_best_mutation,,,,,True,PASS_TEACHER_FIELDS_EXTRACTED,,0.0001989352308555,0.1538123935461044,582634112.0,579927424.0,,,,,,,,,False,False
40,S3R24L64_N40_B09_model_disagreement,9416203917957318,14-16-18-20-22-24-26-28-30-32-34-36-38-19-1-21-23-25-27-29-31-33-35-37-39-17-15-13-11-9-7-5-3-0-2-4-6-8-10-12,stage3_native_combined552,combined108_known_best_mutation,,,,,True,PASS_TEACHER_FIELDS_EXTRACTED,,0.0002083318340737,0.1643828004598617,585395200.0,579929024.0,,,,,,,,,False,False
40,S3R24L64_N40_B10_uncertainty_calibration,6cf61e7e1a0eea3f,19-20-18-21-17-22-23-16-15-24-25-14-13-26-27-12-28-11-29-10-9-30-31-8-7-32-6-33-34-5-4-35-36-3-2-37-38-1-0-39,stage3_native_combined552,geometry_first_random_sweep,,,,,True,PASS_TEACHER_FIELDS_EXTRACTED,,0.001730911550112,0.1823613494634628,588479616.0,579926720.0,,,,,,,,,False,False
40,S3R24L64_N40_B11_uncertainty_calibration,88607ff800752d0d,0-2-10-8-6-4-12-14-16-18-20-22-24-26-28-30-39-19-29-9-34-21-11-31-36-1-3-5-7-13-15-17-23-25-27-32-33-35-37-38,stage3_native_combined552,combined108_known_best_mutation,,,,,True,PASS_TEACHER_FIELDS_EXTRACTED,,0.000554565707489,0.1629247218370437,586222784.0,579926080.0,,,,,,,,,False,False
40,S3R24L64_N40_B12_uncertainty_calibration,b001209498d8d80c,25-29-21-5-30-20-32-16-34-36-22-2-14-18-27-39-13-23-6-37-9-3-8-26-4-0-24-35-10-12-33-1-11-28-17-7-15-19-31-38,stage3_native_combined552,geometry_first_random_sweep,,,,,True,PASS_TEACHER_FIELDS_EXTRACTED,,0.0010631986892377,0.1605686843395233,584326272.0,579925952.0,,,,,,,,,False,False
40,S3R24L64_N40_B13_uncertainty_calibration,b85ba16e4db50b3e,22-23-25-27-28-30-24-34-4-2-6-26-21-16-11-31-36-1-3-5-7-8-10-12-13-15-17-18-20-0-39-19-29-9-14-32-33-35-37-38,stage3_native_combined552,combined108_known_best_mutation,,,,,True,PASS_TEACHER_FIELDS_EXTRACTED,,0.0009516127437336,0.1718923896551132,586396288.0,579926912.0,,,,,,,,,False,False
40,S3R24L64_N40_B14_diversity_coverage,2988e56a2f6858d2,0-37-28-15-24-19-34-27-4-7-36-9-10-35-26-33-12-29-2-25-18-23-20-39-32-3-16-17-22-31-30-13-8-21-38-11-6-1-14-5,stage3_native_combined552,geometry_first_random_sweep,,,,,True,PASS_TEACHER_FIELDS_EXTRACTED,,0.0011485806799669,0.1689211428165435,583967360.0,579925056.0,,,,,,,,,False,False
40,S3R24L64_N40_B15_diversity_coverage,14e65401d5dd06f8,15-32-5-34-29-8-13-2-23-4-31-26-21-10-7-20-11-38-37-24-19-16-39-0-25-18-3-6-35-12-33-14-9-28-17-30-27-36-1-22,stage3_native_combined552,combined108_known_best_mutation,,,,,True,PASS_TEACHER_FIELDS_EXTRACTED,,0.0010186854147491,0.1579287350177765,583294976.0,579926016.0,,,,,,,,,False,False
40,S3R24L64_N40_B16_diversity_coverage,f25e144b16dbcb4d,9-36-33-8-7-16-23-12-5-2-21-18-37-34-25-6-15-26-3-32-1-24-35-28-19-4-39-14-31-30-29-20-11-38-13-22-17-0-27-10,stage3_native_combined552,combined108_known_best_mutation,,,,,True,PASS_TEACHER_FIELDS_EXTRACTED,,0.0011747723910957,0.1691029071807861,586287488.0,579926080.0,,,,,,,,,False,False
40,S3R24L64_N40_B17_diversity_coverage,f44b5129283f065b,8-37-6-5-2-17-26-15-24-23-22-27-32-33-12-7-30-31-28-39-38-1-18-9-34-11-14-29-16-25-36-21-20-35-10-13-4-19-0-3,stage3_native_combined552,geometry_first_random_sweep,,,,,True,PASS_TEACHER_FIELDS_EXTRACTED,,0.001036680686127,0.1692833453416824,584457024.0,579925184.0,,,,,,,,,False,False
40,S3R24L64_N40_B18_tradeoff_probe,6f26a42605f7b8eb,35-36-5-26-39-22-37-34-11-18-23-8-27-28-33-4-31-14-9-30-25-0-3-6-17-38-19-10-15-32-13-24-21-12-1-16-7-20-29-2,stage3_native_combined552,geometry_first_random_sweep,,,,,True,PASS_TEACHER_FIELDS_EXTRACTED,,0.0011591740185394,0.1659919619560241,584591488.0,579926464.0,,,,,,,,,False,False
40,S3R24L64_N40_B19_tradeoff_probe,17709b55cd2df96c,29-30-13-20-1-2-27-38-7-22-35-32-19-6-9-14-11-28-3-16-23-24-5-34-21-12-33-26-31-10-37-18-15-8-39-36-17-4-25-0,stage3_native_combined552,combined108_known_best_mutation,,,,,True,PASS_TEACHER_FIELDS_EXTRACTED,,0.0010814771626144,0.1590977013111114,583097088.0,579926016.0,,,,,,,,,False,False
40,S3R24L64_N40_B20_tradeoff_probe,487a79ff3d38abb8,25-10-33-16-29-34-1-6-13-0-31-20-19-26-27-18-23-32-5-36-35-22-37-8-17-12-7-14-39-28-15-24-9-30-3-38-21-4-11-2,stage3_native_combined552,combined108_known_best_mutation,,,,,True,PASS_TEACHER_FIELDS_EXTRACTED,,0.0013657823437824,0.1546751409769058,584047232.0,579924800.0,,,,,,,,,False,False
40,S3R24L64_N40_B21_sentinel_control,06aac074db1c5325,37-28-17-24-29-18-39-32-7-34-33-14-9-8-11-16-5-12-13-30-31-10-19-4-1-22-23-20-3-38-35-0-25-2-27-36-15-6-21-26,stage3_native_combined552,combined108_known_best_mutation,,,,,True,PASS_TEACHER_FIELDS_EXTRACTED,,0.0012227803235873,0.1619139313697815,587438016.0,579924800.0,,,,,,,,,False,False
40,S3R24L64_N40_B22_sentinel_control,8229fb93c4d72263,22-5-8-31-32-3-18-35-6-17-12-37-16-33-30-19-10-23-36-29-26-1-24-15-2-21-0-7-28-11-4-13-34-39-14-9-20-27-38-25,stage3_native_combined552,combined108_known_best_mutation,,,,,True,PASS_TEACHER_FIELDS_EXTRACTED,,0.0011096128518488,0.1586716175079345,585093632.0,579926016.0,,,,,,,,,False,False
40,S3R24L64_N40_B23_exploitation_reference,31eb3c72613d8e65,0-2-4-6-8-10-12-14-16-18-20-38-36-34-32-30-28-26-24-22-19-17-15-13-11-9-7-5-3-1-21-23-25-27-29-31-33-35-37-39,stage3_native_combined552,combined108_known_best_mutation,,,,,True,PASS_TEACHER_FIELDS_EXTRACTED,,5.95808796788333e-05,0.1540761291980743,581783552.0,579927552.0,,,,,,,,,False,False
40,S3R24L64_N40_B24_exploitation_reference,06477238e66665b0,0-2-4-6-8-10-12-14-16-18-20-22-24-26-28-30-32-34-36-38-21-17-15-13-11-9-7-5-3-1-19-23-25-27-29-31-33-35-37-39,stage3_native_combined552,combined108_known_best_mutation,,,,,True,PASS_TEACHER_FIELDS_EXTRACTED,,0.0002177569813284,0.1537862718105316,582096064.0,579926464.0,,,,,,,,,False,False
24,S3R34N32INF_N24_B01_graph_pointer,fd4d2251d26e8fe6,0-2-4-6-8-10-12-14-16-18-20-22-21-19-17-15-13-11-9-7-5-3-1-23,stage3_native_combined552,graph_pointer_greedy,,,,,True,PASS_TEACHER_FIELDS_EXTRACTED,,8.404852360399673e-05,0.1512167304754257,581126080.0,579944640.0,,,,,,,,,False,False
24,S3R34N32INF_N24_B02_surrogate_top,d32aa3c0deee7cee,16-12-0-2-4-8-14-20-18-10-6-22-15-17-21-11-5-1-7-13-9-3-23-19,stage3_native_combined552,surrogate_top_predicted,,,,,True,PASS_TEACHER_FIELDS_EXTRACTED,,0.0002424270824121,0.1497802585363388,583834816.0,579944128.0,,,,,,,,,False,False
24,S3R34N32INF_N24_B03_hybrid_agree,3ed2ee05e4bdb6d7,22-18-12-16-10-20-2-4-14-6-0-8-17-13-7-11-1-3-15-9-5-21-19-23,stage3_native_combined552,hybrid_gnn_surrogate_agreement,,,,,True,PASS_TEACHER_FIELDS_EXTRACTED,,0.0002418987551209,0.1546439528465271,582266176.0,579944320.0,,,,,,,,,False,False
24,S3R34N32INF_N24_B04_hybrid_disagree,c86e84008b3b4d7a,20-2-0-22-14-10-18-6-16-12-8-4-3-17-19-23-15-13-11-1-9-5-7-21,stage3_native_combined552,hybrid_gnn_surrogate_disagreement,,,,,True,PASS_TEACHER_FIELDS_EXTRACTED,,0.0001531527886982,0.1598571240901947,583702528.0,579944128.0,,,,,,,,,False,False
24,S3R34N32INF_N24_B05_uncertainty,738249755687c0ee,18-20-14-4-2-0-22-16-8-6-12-10-7-9-21-1-15-19-11-13-23-17-3-5,stage3_native_combined552,uncertainty_calibration,,,,,True,PASS_TEACHER_FIELDS_EXTRACTED,,0.0002087068096443,0.1554678678512573,583412992.0,579943296.0,,,,,,,,,False,False
24,S3R34N32INF_N24_B06_diversity,9f02dd3082df3ba3,18-22-20-14-4-8-6-10-16-12-0-2-7-9-17-23-15-21-11-3-13-19-1-5,stage3_native_combined552,diversity_coverage,,,,,True,PASS_TEACHER_FIELDS_EXTRACTED,,0.000223823039505,0.1539438366889953,583285568.0,579944128.0,,,,,,,,,False,False
24,S3R34N32INF_N24_B07_sentinel,cd2eef365a3f8007,20-18-14-12-4-8-22-10-16-6-2-0-1-5-15-13-21-17-23-19-11-9-7-3,stage3_native_combined552,sentinel_control,,,,,True,PASS_TEACHER_FIELDS_EXTRACTED,,0.0001576931415456,0.1516375094652176,582095296.0,579944256.0,,,,,,,,,False,False
24,S3R34N32INF_N24_B08_n24_calibration,a3d01febcc3c76d5,22-20-18-16-14-12-10-8-6-4-2-0-11-9-7-5-3-1-13-15-17-19-21-23,stage3_native_combined552,N24_calibration_neighborhood,,,,,True,PASS_TEACHER_FIELDS_EXTRACTED,,5.9892929130000994e-05,0.1561369895935058,581614144.0,579944768.0,,,,,,,,,False,False
24,S3R34N32INF_N24_B09_n24_calibration,74287c57c37ad8ad,21-19-17-15-13-1-3-5-7-9-11-22-20-18-16-14-12-10-8-6-4-2-0-23,stage3_native_combined552,N24_calibration_neighborhood,,,,,True,PASS_TEACHER_FIELDS_EXTRACTED,,6.351935553539079e-05,0.1581111848354339,584158592.0,579944832.0,,,,,,,,,False,False
24,S3R34N32INF_N24_B10_n24_calibration,3d047ed7bdb52c04,20-22-11-1-3-5-7-9-13-15-17-19-21-23-0-2-4-6-8-10-12-14-16-18,stage3_native_combined552,N24_calibration_neighborhood,,,,,True,PASS_TEACHER_FIELDS_EXTRACTED,,3.273940910730744e-05,0.1578422635793686,583110016.0,579944384.0,,,,,,,,,False,False
24,S3R34N32INF_N24_B11_n24_calibration,e610e670cf7e8ddf,22-11-1-3-5-7-9-13-15-17-19-21-23-0-2-4-6-8-10-12-14-16-18-20,stage3_native_combined552,N24_calibration_neighborhood,,,,,True,PASS_TEACHER_FIELDS_EXTRACTED,,4.1137876905850135e-05,0.1561603546142578,583126336.0,579943616.0,,,,,,,,,False,False
24,S3R34N32INF_N24_B12_n24_calibration,bbf7e8cd5047024f,19-21-23-0-2-4-6-8-10-12-14-16-18-20-22-11-1-3-5-7-9-13-15-17,stage3_native_combined552,N24_calibration_neighborhood,,,,,True,PASS_TEACHER_FIELDS_EXTRACTED,,5.430529381555971e-05,0.1596519500017166,585878784.0,579943488.0,,,,,,,,,False,False
40,S3R34N32INF_N40_B01_graph_pointer,95f7f97002b46e8c,0-2-4-6-8-10-12-14-16-18-20-22-24-26-28-30-32-34-36-38-37-35-33-31-29-27-25-23-21-19-17-15-13-11-9-7-5-3-1-39,stage3_native_combined552,graph_pointer_greedy,,,,,True,PASS_TEACHER_FIELDS_EXTRACTED,,0.0002823198738042,0.156105950474739,582261824.0,579926528.0,,,,,,,,,False,False
40,S3R34N32INF_N40_B02_surrogate_top,28bd415a5dd9405d,38-28-18-34-24-26-14-20-4-0-10-12-30-36-32-22-16-2-6-8-35-39-17-1-33-7-3-23-5-27-15-9-25-29-37-13-11-21-19-31,stage3_native_combined552,surrogate_top_predicted,,,,,True,PASS_TEACHER_FIELDS_EXTRACTED,,0.0006737644011991,0.1560283899307251,584050560.0,579926080.0,,,,,,,,,False,False
40,S3R34N32INF_N40_B03_hybrid_agree,47979034a3c4fcc9,10-16-14-24-28-32-12-6-20-26-38-4-36-30-22-18-34-8-2-0-39-21-19-9-31-13-3-1-11-17-7-15-25-29-23-5-33-27-35-37,stage3_native_combined552,hybrid_gnn_surrogate_agreement,,,,,True,PASS_TEACHER_FIELDS_EXTRACTED,,0.0007187606411207,0.1526638865470886,583502784.0,579925376.0,,,,,,,,,False,False
40,S3R34N32INF_N40_B04_hybrid_disagree,6ef39869b256faf6,20-30-38-12-18-14-28-26-6-36-0-4-2-10-16-24-34-32-22-8-31-15-35-33-29-13-7-9-5-23-3-17-21-19-25-11-39-37-27-1,stage3_native_combined552,hybrid_gnn_surrogate_disagreement,,,,,True,PASS_TEACHER_FIELDS_EXTRACTED,,0.0007251808672208,0.1524647027254104,582093376.0,579926464.0,,,,,,,,,False,False
40,S3R34N32INF_N40_B05_uncertainty,786d848187a4a6d0,28-38-22-12-2-34-16-10-4-18-36-20-0-32-30-26-24-14-8-6-17-29-11-37-35-31-19-5-9-25-15-13-3-23-7-21-33-39-27-1,stage3_native_combined552,uncertainty_calibration,,,,,True,PASS_TEACHER_FIELDS_EXTRACTED,,0.0007050070043987,0.1488805264234542,583357120.0,579926464.0,,,,,,,,,False,False
40,S3R34N32INF_N40_B06_diversity,56bfd1e62ace1007,38-34-32-20-28-12-10-26-24-16-6-2-0-30-8-14-36-18-4-22-21-29-19-27-31-25-39-11-9-7-1-13-33-35-23-15-3-17-5-37,stage3_native_combined552,diversity_coverage,,,,,True,PASS_TEACHER_FIELDS_EXTRACTED,,0.0006026536907484,0.1472502499818802,585624640.0,579925120.0,,,,,,,,,False,False
40,S3R34N32INF_N40_B07_sentinel,01903efea4d8a963,6-34-28-22-10-20-26-30-16-18-36-12-14-24-38-0-4-2-8-32-35-33-7-23-39-19-5-11-31-29-1-15-17-37-3-9-13-21-27-25,stage3_native_combined552,sentinel_control,,,,,True,PASS_TEACHER_FIELDS_EXTRACTED,,0.0006454233700878,0.1492619067430496,583033216.0,579926080.0,,,,,,,,,False,False
40,S3R34N32INF_N40_B08_n40_best_near,9d1784d70d5b84be,0-2-4-6-8-10-12-14-16-18-20-22-24-26-28-30-38-36-34-32-19-17-15-13-11-9-7-5-3-1-21-23-25-27-29-31-33-35-37-39,stage3_native_combined552,N40_new_best_neighborhood,,,,,True,PASS_TEACHER_FIELDS_EXTRACTED,,5.696606240235269e-05,0.1578764021396637,582174208.0,579926528.0,,,,,,,,,False,False
40,S3R34N32INF_N40_B09_n40_best_near,0aa79fbe62a33062,3-5-7-9-30-32-34-36-38-28-26-24-22-20-18-16-14-12-10-8-6-4-2-0-1-11-13-15-17-19-21-23-25-27-29-31-33-35-37-39,stage3_native_combined552,N40_new_best_neighborhood,,,,,True,PASS_TEACHER_FIELDS_EXTRACTED,,9.528287046123296e-05,0.162568524479866,581909696.0,579928064.0,,,,,,,,,False,False
40,S3R34N32INF_N40_B10_n40_best_near,4d055832f3b55fd0,4-2-0-6-8-10-12-14-16-18-20-38-36-34-32-30-28-26-24-22-19-17-15-13-11-9-7-5-3-1-21-23-25-27-29-31-33-35-37-39,stage3_native_combined552,N40_new_best_neighborhood,,,,,True,PASS_TEACHER_FIELDS_EXTRACTED,,6.680645856249612e-05,0.1554957032203674,581764736.0,579927616.0,,,,,,,,,False,False
40,S3R34N32INF_N40_B11_n40_best_near,b6ff798caa72e455,16-14-12-10-8-6-4-2-0-18-20-22-24-26-28-30-32-34-36-38-19-17-15-13-11-9-7-5-3-1-21-23-25-27-29-31-33-35-37-39,stage3_native_combined552,N40_new_best_neighborhood,,,,,True,PASS_TEACHER_FIELDS_EXTRACTED,,0.0001003126781142,0.1535033136606216,582332992.0,579927552.0,,,,,,,,,False,False
40,S3R34N32INF_N40_B12_n40_best_near,6fce9d27a14e11c7,9-11-13-15-17-19-22-24-26-28-30-32-34-36-38-20-18-16-14-12-10-8-6-4-2-0-7-5-3-1-21-23-25-27-29-31-33-35-37-39,stage3_native_combined552,N40_new_best_neighborhood,,,,,True,PASS_TEACHER_FIELDS_EXTRACTED,,0.0001675558778515,0.1616613566875457,584678912.0,579927808.0,,,,,,,,,False,False
24,S3R39N2440B60_N24_B01_n24_u2_near,20f0cfa79dbd908a,23-21-19-17-15-13-1-3-5-7-9-11-0-2-4-6-8-10-12-14-16-18-20-22,stage3_native_combined552,N24_calibration_neighborhood,,,,,True,PASS_TEACHER_FIELDS_EXTRACTED,,6.897021739860065e-05,0.1602467745542526,582333952.0,579944704.0,,,,,,,,,False,False
24,S3R39N2440B60_N24_B02_n24_u2_near,8f5a56f5e692f4e9,22-20-18-16-14-12-10-8-6-4-2-0-11-17-15-13-1-3-5-7-9-19-21-23,stage3_native_combined552,N24_calibration_neighborhood,,,,,True,PASS_TEACHER_FIELDS_EXTRACTED,,8.142532624333398e-05,0.1593355387449264,583416192.0,579944448.0,,,,,,,,,False,False
24,S3R39N2440B60_N24_B03_n24_u2_near,99dd3ff3d40a7fda,22-11-1-3-5-7-9-13-15-17-19-21-23-0-2-4-6-8-10-18-16-14-12-20,stage3_native_combined552,N24_calibration_neighborhood,,,,,True,PASS_TEACHER_FIELDS_EXTRACTED,,4.4721904259859e-05,0.1561453342437744,583116032.0,579944320.0,,,,,,,,,False,False
24,S3R39N2440B60_N24_B04_n24_u2_near,522de358bb7a8a67,22-11-1-9-7-5-3-13-15-17-19-21-23-0-2-4-6-8-10-12-14-16-18-20,stage3_native_combined552,N24_calibration_neighborhood,,,,,True,PASS_TEACHER_FIELDS_EXTRACTED,,4.713229418484843e-05,0.1570424288511276,582759168.0,579943616.0,,,,,,,,,False,False
24,S3R39N2440B60_N24_B05_n24_u2_near,46b6e477e4e536e0,20-22-11-1-3-5-7-9-13-15-17-19-21-23-4-2-0-6-8-10-12-14-16-18,stage3_native_combined552,N24_calibration_neighborhood,,,,,True,PASS_TEACHER_FIELDS_EXTRACTED,,6.92875792083214e-05,0.1577739268541336,582638016.0,579944384.0,,,,,,,,,False,False
24,S3R39N2440B60_N24_B06_n24_u2_near,e1c4d764f48828dd,22-20-18-16-14-12-10-8-6-4-2-0-11-15-13-1-3-5-7-9-17-19-21-23,stage3_native_combined552,N24_calibration_neighborhood,,,,,True,PASS_TEACHER_FIELDS_EXTRACTED,,8.698377223481657e-05,0.1596149206161499,583114752.0,579943744.0,,,,,,,,,False,False
24,S3R39N2440B60_N24_B07_n24_u2_near,effa6d39473b8bb7,23-22-20-18-16-14-12-10-8-6-4-2-0-11-9-7-5-3-1-13-15-17-19-21,stage3_native_combined552,N24_calibration_neighborhood,,,,,True,PASS_TEACHER_FIELDS_EXTRACTED,,5.00061778438976e-05,0.1556139588356018,581409152.0,579944832.0,,,,,,,,,False,False
24,S3R39N2440B60_N24_B08_n24_u2_near,e74bdb4d6daa213a,20-22-11-1-3-5-7-23-21-19-17-15-13-9-0-2-4-6-8-10-12-14-16-18,stage3_native_combined552,N24_calibration_neighborhood,,,,,True,PASS_TEACHER_FIELDS_EXTRACTED,,3.7988751273587695e-05,0.1621344983577728,592035328.0,579944576.0,,,,,,,,,False,False
24,S3R39N2440B60_N24_B09_hybrid_agree,43dd1861f2bc5bf9,2-18-20-16-12-6-4-10-0-8-22-14-7-1-9-15-17-13-11-3-19-21-23-5,stage3_native_combined552,hybrid_gnn_surrogate_agreement,,,,,True,PASS_TEACHER_FIELDS_EXTRACTED,,0.000202524353881,0.1511734724044799,583692736.0,579944512.0,,,,,,,,,False,False
24,S3R39N2440B60_N24_B10_surrogate_top,6d184d82a7abad45,2-4-16-12-10-8-18-22-6-20-14-0-13-17-19-23-15-11-5-9-21-1-3-7,stage3_native_combined552,surrogate_top_predicted,,,,,True,PASS_TEACHER_FIELDS_EXTRACTED,,0.0001885180240606,0.1577580869197845,582958208.0,579944256.0,,,,,,,,,False,False
24,S3R39N2440B60_N24_B11_hybrid_agree,9b849ad6165f9a07,14-12-0-4-8-18-22-10-6-20-16-2-1-5-9-19-23-11-3-21-7-17-15-13,stage3_native_combined552,hybrid_gnn_surrogate_agreement,,,,,True,PASS_TEACHER_FIELDS_EXTRACTED,,0.0001821464500153,0.1570386588573455,582195008.0,579944128.0,,,,,,,,,False,False
24,S3R39N2440B60_N24_B12_surrogate_top,efb35261339af161,4-10-0-18-20-22-12-8-16-14-6-2-1-11-3-15-13-23-7-5-17-19-9-21,stage3_native_combined552,surrogate_top_predicted,,,,,True,PASS_TEACHER_FIELDS_EXTRACTED,,0.0002064426553261,0.1496064215898513,583212096.0,579944320.0,,,,,,,,,False,False
24,S3R39N2440B60_N24_B13_surrogate_top,494e288b2a39a7f0,4-0-22-16-10-18-8-12-2-6-20-14-13-3-1-7-19-15-23-17-21-9-11-5,stage3_native_combined552,surrogate_top_predicted,,,,,True,PASS_TEACHER_FIELDS_EXTRACTED,,0.0002815967886817,0.1499830037355423,581689600.0,579944064.0,,,,,,,,,False,False
24,S3R39N2440B60_N24_B14_surrogate_top,f3c4bea6a8cb326e,6-8-0-12-10-20-18-2-22-16-14-4-3-11-23-13-15-19-5-21-1-7-9-17,stage3_native_combined552,surrogate_top_predicted,,,,,True,PASS_TEACHER_FIELDS_EXTRACTED,,0.0002263255041725,0.1560091227293014,582624064.0,579944064.0,,,,,,,,,False,False
24,S3R39N2440B60_N24_B15_surrogate_top,e7d4c44a39b62ccd,4-16-22-14-0-12-20-2-18-8-10-6-7-11-13-21-9-15-3-17-23-19-1-5,stage3_native_combined552,surrogate_top_predicted,,,,,True,PASS_TEACHER_FIELDS_EXTRACTED,,0.0002380475223162,0.1531964242458343,581450688.0,579943296.0,,,,,,,,,False,False
24,S3R39N2440B60_N24_B16_surrogate_top,01778e1f6d29a067,6-18-2-14-8-10-0-16-4-12-22-20-21-7-19-13-17-23-15-11-1-9-3-5,stage3_native_combined552,surrogate_top_predicted,,,,,True,PASS_TEACHER_FIELDS_EXTRACTED,,0.0001946740942457,0.1556887030601501,585390848.0,579944512.0,,,,,,,,,False,False
24,S3R39N2440B60_N24_B17_diversity,5ccfdae24095dd12,2-7-12-17-22-3-8-13-18-23-4-9-14-19-0-5-10-15-20-1-6-11-16-21,stage3_native_combined552,diversity_coverage,,,,,True,PASS_TEACHER_FIELDS_EXTRACTED,,0.0005505187583594,0.1519718170166015,581337792.0,579942848.0,,,,,,,,,False,False
24,S3R39N2440B60_N24_B18_graph_pointer,0ad102f2eaec54c2,2-7-0-3-10-12-17-20-8-11-16-18-1-5-14-9-4-6-23-21-13-15-19-22,stage3_native_combined552,graph_pointer_temperature_sampled,,,,,True,PASS_TEACHER_FIELDS_EXTRACTED,,0.0002313458730895,0.1603628247976303,585924800.0,579943552.0,,,,,,,,,False,False
24,S3R39N2440B60_N24_B19_graph_pointer,5a8a3a7f7fdfa8fc,2-4-6-7-0-5-12-17-10-22-23-21-18-8-19-15-13-11-14-16-20-9-3-1,stage3_native_combined552,graph_pointer_temperature_sampled,,,,,True,PASS_TEACHER_FIELDS_EXTRACTED,,0.0002318852484677,0.1731639057397842,582702336.0,579944256.0,,,,,,,,,False,False
24,S3R39N2440B60_N24_B20_graph_pointer,cc4ae946f5789d20,6-8-2-1-18-14-16-4-7-0-10-12-22-20-19-17-15-11-3-5-9-13-23-21,stage3_native_combined552,graph_pointer_temperature_sampled,,,,,True,PASS_TEACHER_FIELDS_EXTRACTED,,0.0001901917951272,0.1607173234224319,584000640.0,579943424.0,,,,,,,,,False,False
24,S3R39N2440B60_N24_B21_graph_pointer,c80ea11fb2da604a,2-4-12-14-16-8-6-1-0-5-7-18-3-19-15-13-11-10-21-23-22-20-17-9,stage3_native_combined552,graph_pointer_temperature_sampled,,,,,True,PASS_TEACHER_FIELDS_EXTRACTED,,0.0002189582201026,0.1719127595424652,581934400.0,579943808.0,,,,,,,,,False,False
24,S3R39N2440B60_N24_B22_diversity,0600acdc2dcb4198,8-3-22-17-12-7-2-21-16-11-6-1-20-15-10-5-0-19-14-9-4-23-18-13,stage3_native_combined552,diversity_coverage,,,,,True,PASS_TEACHER_FIELDS_EXTRACTED,,0.000534943341222,0.1557627022266388,581765824.0,579943808.0,,,,,,,,,False,False
24,S3R39N2440B60_N24_B23_graph_pointer,c2aac9cb62b52be0,8-2-5-22-19-18-21-14-6-4-0-11-13-23-12-3-10-16-20-15-9-1-17-7,stage3_native_combined552,graph_pointer_temperature_sampled,,,,,True,PASS_TEACHER_FIELDS_EXTRACTED,,0.000382078932489,0.1633279919624328,585695104.0,579942976.0,,,,,,,,,False,False
24,S3R39N2440B60_N24_B24_hybrid_disagree,246ba306ff780a9a,0-17-23-16-19-4-15-9-12-14-10-3-5-1-21-18-7-2-20-22-11-6-8-13,stage3_native_combined552,hybrid_gnn_surrogate_disagreement,,,,,True,PASS_TEACHER_FIELDS_EXTRACTED,,0.0002786342520266,0.1609224379062652,583029184.0,579943104.0,,,,,,,,,False,False
24,S3R39N2440B60_N24_B25_hybrid_disagree,1d6fc56e589607e8,23-20-9-8-0-11-15-10-17-21-14-5-7-3-12-16-18-22-6-2-19-1-4-13,stage3_native_combined552,hybrid_gnn_surrogate_disagreement,,,,,True,PASS_TEACHER_FIELDS_EXTRACTED,,0.0003401456374376,0.1549776643514633,582068544.0,579944192.0,,,,,,,,,False,False
24,S3R39N2440B60_N24_B26_uncertainty,d7c971333572de00,6-5-4-3-2-1-0-23-22-21-20-19-18-17-16-15-14-13-12-11-10-9-8-7,stage3_native_combined552,uncertainty_calibration,,,,,True,PASS_TEACHER_FIELDS_EXTRACTED,,0.0004649620168493,0.1795306205749511,584252160.0,579944384.0,,,,,,,,,False,False
24,S3R39N2440B60_N24_B27_uncertainty,55ff1ca1e18b999a,14-15-16-17-18-19-20-21-22-23-0-1-2-3-4-5-6-7-8-9-10-11-12-13,stage3_native_combined552,uncertainty_calibration,,,,,True,PASS_TEACHER_FIELDS_EXTRACTED,,0.0004528175495579,0.1783385276794433,583169920.0,579943552.0,,,,,,,,,False,False
24,S3R39N2440B60_N24_B28_diversity,895920409a1f0e2a,19-20-4-16-23-1-14-11-12-15-17-3-10-2-13-18-22-8-7-6-9-21-5-0,stage3_native_combined552,diversity_coverage,,,,,True,PASS_TEACHER_FIELDS_EXTRACTED,,0.0003291523960342,0.1738174110651016,582422400.0,579944064.0,,,,,,,,,False,False
24,S3R39N2440B60_N24_B29_uncertainty,2f697e9d0f89d8b9,19-18-17-16-15-14-13-12-11-10-9-8-7-6-5-4-3-2-1-0-23-22-21-20,stage3_native_combined552,uncertainty_calibration,,,,,True,PASS_TEACHER_FIELDS_EXTRACTED,,0.0005198504350119,0.1779865622520446,583366784.0,579944704.0,,,,,,,,,False,False
24,S3R39N2440B60_N24_B30_sentinel,6ade7040546e76c8,12-11-13-10-14-9-15-8-16-7-17-6-18-5-19-4-20-3-21-2-1-22-0-23,stage3_native_combined552,sentinel_control,,,,,True,PASS_TEACHER_FIELDS_EXTRACTED,,0.0006249901030059,0.1726419776678085,588270592.0,579944192.0,,,,,,,,,False,False
40,S3R39N2440B60_N40_B01_n40_u2_near,2be93a3db4bceb7f,0-2-4-6-7-9-11-13-15-17-19-32-34-36-38-30-28-26-24-22-20-18-16-14-12-10-8-5-3-1-21-23-25-27-29-31-33-35-37-39,stage3_native_combined552,N40_new_best_neighborhood,,,,,True,PASS_TEACHER_FIELDS_EXTRACTED,,7.611840919707902e-05,0.1559313535690307,581616832.0,579927616.0,,,,,,,,,False,False
40,S3R39N2440B60_N40_B02_n40_u2_near,57d732db8ce53de8,0-3-5-7-9-11-13-15-17-19-38-36-34-32-30-28-26-24-22-20-18-16-14-12-10-8-6-4-2-1-21-23-25-27-29-31-33-35-37-39,stage3_native_combined552,N40_new_best_neighborhood,,,,,True,PASS_TEACHER_FIELDS_EXTRACTED,,7.798989645380061e-05,0.1534222960472107,582003392.0,579926528.0,,,,,,,,,False,False
40,S3R39N2440B60_N40_B03_n40_u2_near,9be5805c286ff5e5,0-2-4-6-8-9-11-13-15-17-19-38-36-34-32-30-28-26-24-22-20-18-16-14-12-10-7-5-3-1-21-23-25-27-29-31-33-35-37-39,stage3_native_combined552,N40_new_best_neighborhood,,,,,True,PASS_TEACHER_FIELDS_EXTRACTED,,7.676980362703034e-05,0.1560160666704177,581629376.0,579927616.0,,,,,,,,,False,False
40,S3R39N2440B60_N40_B04_n40_u2_near,9b691e899f606246,0-2-3-5-7-9-11-13-15-17-19-22-24-26-28-30-32-34-36-38-20-18-16-14-12-10-8-6-4-1-21-23-25-27-29-31-33-35-37-39,stage3_native_combined552,N40_new_best_neighborhood,,,,,True,PASS_TEACHER_FIELDS_EXTRACTED,,6.792713247705251e-05,0.1540291607379913,582070784.0,579926528.0,,,,,,,,,False,False
40,S3R39N2440B60_N40_B05_n40_u2_near,5d9e68cb25610b72,0-2-4-6-8-10-12-14-16-18-20-22-24-26-28-30-39-37-35-33-31-29-27-25-23-21-1-3-5-7-9-11-13-15-17-19-38-36-34-32,stage3_native_combined552,N40_new_best_neighborhood,,,,,True,PASS_TEACHER_FIELDS_EXTRACTED,,0.0002428228326607,0.1591205149888992,590432640.0,579926016.0,,,,,,,,,False,False
40,S3R39N2440B60_N40_B06_n40_u2_near,05712ac7b315fe45,4-2-0-7-9-11-13-15-17-19-22-24-26-28-30-32-34-36-38-20-18-16-14-12-10-8-6-5-3-1-21-23-25-27-29-31-33-35-37-39,stage3_native_combined552,N40_new_best_neighborhood,,,,,True,PASS_TEACHER_FIELDS_EXTRACTED,,0.000113214871817,0.1534597277641296,582466304.0,579927488.0,,,,,,,,,False,False
40,S3R39N2440B60_N40_B07_n40_u2_near,6651abff5496dcd0,4-2-0-6-8-10-12-14-15-17-19-22-24-26-28-30-32-34-36-38-20-18-16-13-11-9-7-5-3-1-21-23-25-27-29-31-33-35-37-39,stage3_native_combined552,N40_new_best_neighborhood,,,,,True,PASS_TEACHER_FIELDS_EXTRACTED,,0.0001306445738009,0.1540696173906326,582282304.0,579926528.0,,,,,,,,,False,False
40,S3R39N2440B60_N40_B08_n40_u2_near,f0613bea802663bb,17-15-13-10-8-6-4-2-0-18-20-22-24-26-28-30-32-34-36-38-19-16-14-12-11-9-7-5-3-1-21-23-25-27-29-31-33-35-37-39,stage3_native_combined552,N40_new_best_neighborhood,,,,,True,PASS_TEACHER_FIELDS_EXTRACTED,,0.0001928622095874,0.1534249633550644,585483904.0,579927552.0,,,,,,,,,False,False
40,S3R39N2440B60_N40_B09_hybrid_agree,55e8df5bc6f54fb1,10-6-0-32-30-4-14-12-16-18-28-2-26-20-24-22-36-38-34-8-3-11-39-33-21-5-37-23-7-35-13-15-25-27-9-1-17-29-31-19,stage3_native_combined552,hybrid_gnn_surrogate_agreement,,,,,True,PASS_TEACHER_FIELDS_EXTRACTED,,0.0006667709956218,0.1507769972085952,583664832.0,579926272.0,,,,,,,,,False,False
40,S3R39N2440B60_N40_B10_surrogate_top,ea73009f75c06ec9,14-30-20-8-2-24-32-28-26-0-34-18-16-36-12-4-10-22-38-6-19-23-29-31-37-13-7-27-35-39-9-1-21-11-5-17-25-15-3-33,stage3_native_combined552,surrogate_top_predicted,,,,,True,PASS_TEACHER_FIELDS_EXTRACTED,,0.000756842054443,0.1440253555774688,585081920.0,579926080.0,,,,,,,,,False,False
40,S3R39N2440B60_N40_B11_hybrid_agree,8e5b471c1c405535,28-24-0-10-32-30-26-6-2-8-38-16-4-34-36-12-14-20-22-18-5-3-9-15-35-25-37-33-23-13-11-21-39-7-31-27-1-29-17-19,stage3_native_combined552,hybrid_gnn_surrogate_agreement,,,,,True,PASS_TEACHER_FIELDS_EXTRACTED,,0.000611297203477,0.1557230949401855,584742592.0,579926144.0,,,,,,,,,False,False
40,S3R39N2440B60_N40_B12_surrogate_top,367933903c9838b9,24-20-26-38-32-16-2-4-30-36-18-8-14-34-22-12-28-6-10-0-1-37-35-11-19-29-33-5-15-27-9-17-39-31-3-25-7-21-23-13,stage3_native_combined552,surrogate_top_predicted,,,,,True,PASS_TEACHER_FIELDS_EXTRACTED,,0.0006855806161638,0.1531218141317367,582761280.0,579924928.0,,,,,,,,,False,False
40,S3R39N2440B60_N40_B13_surrogate_top,7f87762ecbab35eb,4-20-16-32-22-30-34-36-8-10-26-28-6-0-14-2-24-18-12-38-1-25-29-31-27-33-37-21-13-5-39-19-11-3-17-23-7-15-35-9,stage3_native_combined552,surrogate_top_predicted,,,,,True,PASS_TEACHER_FIELDS_EXTRACTED,,0.000712705689466,0.1485017389059066,583880320.0,579926208.0,,,,,,,,,False,False
40,S3R39N2440B60_N40_B14_surrogate_top,3d03251ef34b012e,20-6-8-24-36-38-32-0-34-28-30-26-12-14-18-22-10-4-2-16-5-21-27-25-1-35-37-19-31-7-11-39-15-13-29-33-9-3-17-23,stage3_native_combined552,surrogate_top_predicted,,,,,True,PASS_TEACHER_FIELDS_EXTRACTED,,0.0007329207660404,0.1494819819927215,583389952.0,579926336.0,,,,,,,,,False,False
40,S3R39N2440B60_N40_B15_surrogate_top,f56019e173d68856,16-28-38-32-24-10-4-30-26-6-22-14-34-12-0-8-2-36-20-18-15-5-21-33-19-39-37-1-17-23-13-27-35-11-9-7-31-25-29-3,stage3_native_combined552,surrogate_top_predicted,,,,,True,PASS_TEACHER_FIELDS_EXTRACTED,,0.0006783864921544,0.1501979976892471,583375872.0,579926080.0,,,,,,,,,False,False
40,S3R39N2440B60_N40_B16_surrogate_top,2b92b665b6093bfa,6-2-30-26-14-38-32-22-34-18-36-12-28-16-0-8-10-4-20-24-19-27-23-15-17-7-29-3-1-13-9-25-37-35-21-39-33-5-11-31,stage3_native_combined552,surrogate_top_predicted,,,,,True,PASS_TEACHER_FIELDS_EXTRACTED,,0.0007221903101708,0.1534849256277084,582250112.0,579925248.0,,,,,,,,,False,False
40,S3R39N2440B60_N40_B17_hybrid_disagree,d032c614efa09504,19-16-13-10-7-4-1-38-35-32-29-26-23-20-17-14-11-8-5-2-39-36-33-30-27-24-21-18-15-12-9-6-3-0-37-34-31-28-25-22,stage3_native_combined552,hybrid_gnn_surrogate_disagreement,,,,,True,PASS_TEACHER_FIELDS_EXTRACTED,,0.0006556917066973,0.1520021110773086,586977024.0,579926464.0,,,,,,,,,False,False
40,S3R39N2440B60_N40_B18_hybrid_disagree,04fa25261336523f,22-19-16-13-10-7-4-1-38-35-32-29-26-23-20-17-14-11-8-5-2-39-36-33-30-27-24-21-18-15-12-9-6-3-0-37-34-31-28-25,stage3_native_combined552,hybrid_gnn_surrogate_disagreement,,,,,True,PASS_TEACHER_FIELDS_EXTRACTED,,0.0006658899808371,0.1504225730895996,586057792.0,579925440.0,,,,,,,,,False,False
40,S3R39N2440B60_N40_B19_graph_pointer,199e37c74020b979,2-8-23-3-35-26-21-25-32-29-13-30-5-34-20-16-38-36-10-4-7-0-6-18-27-17-31-24-11-14-22-15-19-9-12-33-28-39-37-1,stage3_native_combined552,graph_pointer_temperature_sampled,,,,,True,PASS_TEACHER_FIELDS_EXTRACTED,,0.0008066147593126,0.1601115763187408,584511872.0,579926208.0,,,,,,,,,False,False
40,S3R39N2440B60_N40_B20_graph_pointer,27e24af2e7d7d8cc,10-6-20-1-27-22-28-33-14-17-12-2-32-24-29-5-7-13-31-35-18-26-8-19-25-9-0-37-11-21-15-23-38-3-30-39-4-34-16-36,stage3_native_combined552,graph_pointer_temperature_sampled,,,,,True,PASS_TEACHER_FIELDS_EXTRACTED,,0.0011065203616453,0.1594207733869552,584426880.0,579926144.0,,,,,,,,,False,False
40,S3R39N2440B60_N40_B21_graph_pointer,596144a9d57e815c,4-21-12-24-22-11-8-14-18-23-20-10-16-31-30-26-39-37-27-19-0-2-5-25-6-3-13-34-32-28-17-15-9-7-1-36-38-35-29-33,stage3_native_combined552,graph_pointer_temperature_sampled,,,,,True,PASS_TEACHER_FIELDS_EXTRACTED,,0.0009024734640661,0.1595761924982071,588982080.0,579926592.0,,,,,,,,,False,False
40,S3R39N2440B60_N40_B22_graph_pointer,e6598f941ef3987c,4-2-14-12-0-6-8-10-26-34-32-9-36-30-29-24-16-19-17-20-25-22-28-11-13-15-21-23-18-7-1-3-5-38-35-33-31-37-39-27,stage3_native_combined552,graph_pointer_temperature_sampled,,,,,True,PASS_TEACHER_FIELDS_EXTRACTED,,0.0005406145585311,0.1649311333894729,586055040.0,579926272.0,,,,,,,,,False,False
40,S3R39N2440B60_N40_B23_graph_pointer,38293769eddd5944,3-17-8-2-19-11-18-4-12-6-39-29-34-32-35-7-22-15-5-21-31-28-16-1-13-20-10-24-30-37-25-27-23-26-0-9-38-33-36-14,stage3_native_combined552,graph_pointer_temperature_sampled,,,,,True,PASS_TEACHER_FIELDS_EXTRACTED,,0.0009651494526679,0.1746424287557602,585990976.0,579926272.0,,,,,,,,,False,False
40,S3R39N2440B60_N40_B24_diversity,8b25246ab5066fef,3-20-37-14-31-8-25-2-19-36-13-30-7-24-1-18-35-12-29-6-23-0-17-34-11-28-5-22-39-16-33-10-27-4-21-38-15-32-9-26,stage3_native_combined552,diversity_coverage,,,,,True,PASS_TEACHER_FIELDS_EXTRACTED,,0.0016101131914183,0.1509619206190109,584105600.0,579924416.0,,,,,,,,,False,False
40,S3R39N2440B60_N40_B25_diversity,4fc7da5367ae2426,9-32-15-38-21-4-27-10-33-16-39-22-5-28-11-34-17-0-23-6-29-12-35-18-1-24-7-30-13-36-19-2-25-8-31-14-37-20-3-26,stage3_native_combined552,diversity_coverage,,,,,True,PASS_TEACHER_FIELDS_EXTRACTED,,0.0016184808919206,0.1511107385158538,583522176.0,579924352.0,,,,,,,,,False,False
40,S3R39N2440B60_N40_B26_diversity,937d4e4b74447bfc,4-33-22-11-0-29-18-7-36-25-14-3-32-21-10-39-28-17-6-35-24-13-2-31-20-9-38-27-16-5-34-23-12-1-30-19-8-37-26-15,stage3_native_combined552,diversity_coverage,,,,,True,PASS_TEACHER_FIELDS_EXTRACTED,,0.0009517180171201,0.1489430516958236,583896832.0,579924800.0,,,,,,,,,False,False
40,S3R39N2440B60_N40_B27_uncertainty,cd739c49d4437e67,5-6-7-8-9-10-11-12-13-14-15-16-17-18-19-20-21-22-23-24-25-26-27-28-29-30-31-32-33-34-35-36-37-38-39-0-1-2-3-4,stage3_native_combined552,uncertainty_calibration,,,,,True,PASS_TEACHER_FIELDS_EXTRACTED,,0.0014474944910034,0.1996921449899673,582660608.0,579928448.0,,,,,,,,,False,False
40,S3R39N2440B60_N40_B28_uncertainty,2ae9e78e381bb797,34-33-32-31-30-29-28-27-26-25-24-23-22-21-20-19-18-17-16-15-14-13-12-11-10-9-8-7-6-5-4-3-2-1-0-39-38-37-36-35,stage3_native_combined552,uncertainty_calibration,,,,,True,PASS_TEACHER_FIELDS_EXTRACTED,,0.0014474942581728,0.1996921747922897,582660608.0,579928448.0,,,,,,,,,False,False
40,S3R39N2440B60_N40_B29_uncertainty,489f719e45047f35,31-30-29-28-27-26-25-24-23-22-21-20-19-18-17-16-15-14-13-12-11-10-9-8-7-6-5-4-3-2-1-0-39-38-37-36-35-34-33-32,stage3_native_combined552,uncertainty_calibration,,,,,True,PASS_TEACHER_FIELDS_EXTRACTED,,0.0014238423900678,0.1987344920635223,581845120.0,579927104.0,,,,,,,,,False,False
40,S3R39N2440B60_N40_B30_sentinel,9081766457a797b5,19-20-21-18-17-22-23-16-24-15-14-25-26-13-27-12-11-28-29-10-30-9-8-31-32-7-6-33-5-34-4-35-36-3-2-37-38-1-0-39,stage3_native_combined552,sentinel_control,,,,,True,PASS_TEACHER_FIELDS_EXTRACTED,,0.0016625018324702,0.1820260882377624,587521984.0,579926784.0,,,,,,,,,False,False
24,S3R44CNS_N24_B01_reward_balanced,27f393f0ce2b144d,22-18-16-14-12-10-8-6-4-2-0-23-21-19-17-15-13-9-7-5-3-1-11-20,stage3_native_combined552,reward_balanced_local_search,,,,,True,PASS_TEACHER_FIELDS_EXTRACTED,,8.221834741561906e-05,0.1547531485557556,587291584.0,579944384.0,,,,,,,,,False,False
24,S3R44CNS_N24_B02_reward_balanced,5e49df6c5764087a,22-12-10-8-6-4-2-0-23-21-19-17-15-13-9-7-5-3-1-11-14-16-18-20,stage3_native_combined552,reward_balanced_local_search,,,,,True,PASS_TEACHER_FIELDS_EXTRACTED,,9.935419961948357e-05,0.1561643928289413,583612288.0,579944320.0,,,,,,,,,False,False
24,S3R44CNS_N24_B03_constr_surrogate,07cf5c27c902a338,22-16-14-12-10-8-6-4-2-0-23-21-19-17-15-13-9-7-5-3-1-11-18-20,stage3_native_combined552,constrained_surrogate_top,,,,,True,PASS_TEACHER_FIELDS_EXTRACTED,,0.0001122188934914,0.1531748324632644,588100800.0,579943360.0,,,,,,,,,False,False
24,S3R44CNS_N24_B04_constr_surrogate,f5438f0035e62bba,22-13-9-7-5-3-1-11-15-17-19-21-23-0-2-4-6-8-10-12-14-16-18-20,stage3_native_combined552,constrained_surrogate_top,,,,,True,PASS_TEACHER_FIELDS_EXTRACTED,,5.257469592834241e-05,0.1561311483383178,582559488.0,579943552.0,,,,,,,,,False,False
24,S3R44CNS_N24_B05_peeq_guarded,d9d5f9a5686b82cc,20-22-19-17-15-13-9-7-5-3-1-11-21-23-0-2-4-6-8-10-12-14-16-18,stage3_native_combined552,PEEQ_guarded_candidates,,,,,True,PASS_TEACHER_FIELDS_EXTRACTED,,6.712235335726291e-05,0.1560048609972,582841408.0,579943616.0,,,,,,,,,False,False
24,S3R44CNS_N24_B06_peeq_guarded,06f645fb52070d94,20-22-11-5-3-1-7-9-13-15-17-19-21-23-0-2-4-6-8-10-12-14-16-18,stage3_native_combined552,PEEQ_guarded_candidates,,,,,True,PASS_TEACHER_FIELDS_EXTRACTED,,4.9224905524170026e-05,0.1578666418790817,582979392.0,579943552.0,,,,,,,,,False,False
24,S3R44CNS_N24_B07_surfacet_guarded,becba9e1bda98c89,22-19-17-15-13-9-7-5-3-1-11-21-23-0-2-4-6-8-10-12-14-16-18-20,stage3_native_combined552,SurfaceT_guarded_candidates,,,,,True,PASS_TEACHER_FIELDS_EXTRACTED,,5.1857334256055765e-05,0.1529116183519363,581497728.0,579944512.0,,,,,,,,,False,False
24,S3R44CNS_N24_B08_surfacet_guarded,bdb39323d541aaf9,22-11-5-3-1-7-9-13-15-17-19-21-23-0-2-4-6-8-10-12-14-16-18-20,stage3_native_combined552,SurfaceT_guarded_candidates,,,,,True,PASS_TEACHER_FIELDS_EXTRACTED,,5.260491616354557e-05,0.1565234214067459,582976896.0,579943616.0,,,,,,,,,False,False
24,S3R44CNS_N24_B09_u2_guarded,22a6b4960952d7f0,20-22-11-7-5-3-1-9-13-15-17-19-21-23-0-2-4-6-8-10-12-14-16-18,stage3_native_combined552,U2_guarded_local_search,,,,,True,PASS_TEACHER_FIELDS_EXTRACTED,,5.306650928105228e-05,0.1572708636522293,582796480.0,579944384.0,,,,,,,,,False,False
24,S3R44CNS_N24_B10_u2_guarded,1e362efc7d9e4c81,20-16-14-12-10-8-6-4-2-0-23-21-19-17-15-13-9-7-5-3-1-11-22-18,stage3_native_combined552,U2_guarded_local_search,,,,,True,PASS_TEACHER_FIELDS_EXTRACTED,,0.0001133658831804,0.1534914821386337,582309440.0,579943488.0,,,,,,,,,False,False
24,S3R44CNS_N24_B11_hybrid_agree,ef5b52a6c4974983,22-11-1-3-5-7-9-13-15-17-19-21-23-0-2-4-6-8-10-12-14-16-18-20,stage3_native_combined552,hybrid_agreement,,,,,True,PASS_TEACHER_FIELDS_EXTRACTED,,4.1137876905850135e-05,0.1561603546142578,583126336.0,579943616.0,,,,,,,,,False,False
24,S3R44CNS_N24_B12_hybrid_agree,ab0e387202f74240,22-11-1-3-5-7-9-13-15-17-19-21-23-0-2-4-6-8-14-16-10-12-18-20,stage3_native_combined552,hybrid_agreement,,,,,True,PASS_TEACHER_FIELDS_EXTRACTED,,9.841837027124713e-05,0.1562879681587219,583137728.0,579943488.0,,,,,,,,,False,False
24,S3R44CNS_N24_B13_hybrid_disagree,c1332fba36b90abd,22-11-3-1-5-7-9-13-15-17-19-21-23-0-2-4-10-8-6-12-14-16-18-20,stage3_native_combined552,hybrid_disagreement,,,,,True,PASS_TEACHER_FIELDS_EXTRACTED,,6.410576179405325e-05,0.1573743671178817,583107520.0,579944384.0,,,,,,,,,False,False
24,S3R44CNS_N24_B14_hybrid_disagree,d63892d73d8f6895,22-11-1-3-5-7-9-17-19-13-15-21-23-0-2-4-6-8-10-12-14-16-18-20,stage3_native_combined552,hybrid_disagreement,,,,,True,PASS_TEACHER_FIELDS_EXTRACTED,,3.166340729876538e-05,0.1589813828468322,583410432.0,579943552.0,,,,,,,,,False,False
24,S3R44CNS_N24_B15_uncertainty,fdc5cd1a38164304,22-14-12-10-8-6-4-2-0-23-21-19-17-15-13-9-7-5-3-1-11-16-18-20,stage3_native_combined552,uncertainty_calibration,,,,,True,PASS_TEACHER_FIELDS_EXTRACTED,,0.0001223413189563,0.1578767299652099,584749312.0,579943424.0,,,,,,,,,False,False
24,S3R44CNS_N24_B16_uncertainty,e72abd003436348f,22-17-15-13-9-7-5-3-1-11-19-21-23-0-2-4-6-8-10-12-14-16-18-20,stage3_native_combined552,uncertainty_calibration,,,,,True,PASS_TEACHER_FIELDS_EXTRACTED,,4.176994571025716e-05,0.1528085321187973,581864512.0,579943616.0,,,,,,,,,False,False
40,S3R44CNS_N40_B01_reward_balanced,a1e9edd6ef516a17,0-3-5-7-9-11-13-15-17-19-24-26-28-30-32-34-36-38-22-20-18-16-14-12-10-8-6-4-2-1-21-23-25-27-29-31-33-35-37-39,stage3_native_combined552,reward_balanced_local_search,,,,,True,PASS_TEACHER_FIELDS_EXTRACTED,,5.7689914683578536e-05,0.1536730527877807,582304448.0,579927552.0,,,,,,,,,False,False
40,S3R44CNS_N40_B02_reward_balanced,f0204b8923e1e79d,0-3-5-7-9-11-13-15-17-19-21-1-2-4-6-8-10-12-14-16-18-20-22-24-26-28-30-32-34-36-38-23-25-27-29-31-33-35-37-39,stage3_native_combined552,reward_balanced_local_search,,,,,True,PASS_TEACHER_FIELDS_EXTRACTED,,0.0001113880189222,0.1612332165241241,583227008.0,579929472.0,,,,,,,,,False,False
40,S3R44CNS_N40_B03_constr_surrogate,dfe0bd5bc70aa06b,0-2-4-6-8-9-11-13-15-17-19-22-24-26-28-30-32-34-36-38-20-18-16-14-12-10-7-5-3-1-21-23-25-27-29-31-33-35-37-39,stage3_native_combined552,constrained_surrogate_top,,,,,True,PASS_TEACHER_FIELDS_EXTRACTED,,8.460062599624507e-05,0.1540468335151672,582112768.0,579926528.0,,,,,,,,,False,False
40,S3R44CNS_N40_B04_constr_surrogate,df273e7f87400b11,0-2-4-6-8-10-12-14-15-17-19-22-24-26-28-30-32-34-36-38-20-18-16-13-11-9-7-5-3-1-21-23-25-27-29-31-33-35-37-39,stage3_native_combined552,constrained_surrogate_top,,,,,True,PASS_TEACHER_FIELDS_EXTRACTED,,0.00011603438179,0.1540671288967132,582302528.0,579926528.0,,,,,,,,,False,False
40,S3R44CNS_N40_B05_peeq_guarded,087c34237d82f774,0-2-4-6-8-11-13-15-17-19-32-34-36-38-30-28-26-24-22-20-18-16-14-12-10-9-7-5-3-1-21-23-25-27-29-31-33-35-37-39,stage3_native_combined552,PEEQ_guarded_candidates,,,,,True,PASS_TEACHER_FIELDS_EXTRACTED,,5.861056888534222e-05,0.1551127731800079,581921728.0,579927552.0,,,,,,,,,False,False
40,S3R44CNS_N40_B06_peeq_guarded,95c326e80ea13aa5,0-2-4-6-8-10-12-14-16-18-20-22-24-26-28-30-38-36-35-33-31-29-27-25-23-21-1-3-5-7-9-11-13-15-17-19-32-34-37-39,stage3_native_combined552,PEEQ_guarded_candidates,,,,,True,PASS_TEACHER_FIELDS_EXTRACTED,,0.0002057177935057,0.1589284688234329,590467712.0,579927360.0,,,,,,,,,False,False
40,S3R44CNS_N40_B07_surfacet_guarded,04aa032631bc52ca,0-3-5-7-9-11-13-15-17-19-32-34-36-38-30-28-26-24-22-20-18-16-14-12-10-8-6-4-2-1-21-23-25-27-29-31-33-35-37-39,stage3_native_combined552,SurfaceT_guarded_candidates,,,,,True,PASS_TEACHER_FIELDS_EXTRACTED,,7.249316331581213e-05,0.1534713059663772,582016448.0,579927552.0,,,,,,,,,False,False
40,S3R44CNS_N40_B08_surfacet_guarded,0b49f63af998a626,0-3-5-7-9-11-13-15-17-19-36-38-34-32-30-28-26-24-22-20-18-16-14-12-10-8-6-4-2-1-21-23-25-27-29-31-33-35-37-39,stage3_native_combined552,SurfaceT_guarded_candidates,,,,,True,PASS_TEACHER_FIELDS_EXTRACTED,,7.398942761938088e-05,0.1534235626459121,582003712.0,579927552.0,,,,,,,,,False,False
40,S3R44CNS_N40_B09_u2_guarded,b6a2782f36a193eb,0-2-4-6-8-10-12-14-16-18-20-22-24-26-28-30-38-35-33-31-29-27-25-23-21-1-3-5-7-9-11-13-15-17-19-32-34-36-37-39,stage3_native_combined552,U2_guarded_local_search,,,,,True,PASS_TEACHER_FIELDS_EXTRACTED,,0.0001972049140022,0.1585531830787658,589710080.0,579927296.0,,,,,,,,,False,False
40,S3R44CNS_N40_B10_u2_guarded,b9c546662110237e,0-2-4-6-8-10-12-14-16-18-20-22-24-26-28-30-38-36-33-31-29-27-25-23-21-1-3-5-7-9-11-13-15-17-19-32-34-35-37-39,stage3_native_combined552,U2_guarded_local_search,,,,,True,PASS_TEACHER_FIELDS_EXTRACTED,,0.0001929459795064,0.1585217863321304,589708480.0,579927232.0,,,,,,,,,False,False
40,S3R44CNS_N40_B11_hybrid_agree,8dfc3e85e48b24b8,0-2-4-6-8-10-12-14-16-18-20-38-36-34-33-31-29-27-25-23-21-1-3-5-7-9-11-13-15-17-19-22-24-26-28-30-32-35-37-39,stage3_native_combined552,hybrid_agreement,,,,,True,PASS_TEACHER_FIELDS_EXTRACTED,,0.0002118816822473,0.159995436668396,588094016.0,579927552.0,,,,,,,,,False,False
40,S3R44CNS_N40_B12_hybrid_agree,10d97dc93331e61c,0-2-4-6-8-10-11-13-15-17-19-22-24-26-28-30-32-34-36-38-20-18-16-14-12-9-7-5-3-1-21-23-25-27-29-31-33-35-37-39,stage3_native_combined552,hybrid_agreement,,,,,True,PASS_TEACHER_FIELDS_EXTRACTED,,9.455671170144342e-05,0.1537016928195953,582178496.0,579926592.0,,,,,,,,,False,False
40,S3R44CNS_N40_B13_hybrid_disagree,f135cbfebb299cef,0-2-4-6-8-10-12-14-16-18-20-38-36-34-32-30-28-26-24-23-21-1-3-5-7-9-11-13-15-17-19-22-25-27-29-31-33-35-37-39,stage3_native_combined552,hybrid_disagreement,,,,,True,PASS_TEACHER_FIELDS_EXTRACTED,,0.0001436858278793,0.1631214767694473,588100800.0,579927616.0,,,,,,,,,False,False
40,S3R44CNS_N40_B14_hybrid_disagree,8653ef26da9a1483,0-2-4-6-8-10-12-14-16-18-20-38-36-34-32-30-27-25-23-21-1-3-5-7-9-11-13-15-17-19-22-24-26-28-29-31-33-35-37-39,stage3_native_combined552,hybrid_disagreement,,,,,True,PASS_TEACHER_FIELDS_EXTRACTED,,0.0001575493377004,0.1639321446418762,587675520.0,579927808.0,,,,,,,,,False,False
40,S3R44CNS_N40_B15_uncertainty,e249716940a38589,0-2-4-6-8-10-12-14-16-18-20-38-35-33-31-29-27-25-23-21-1-3-5-7-9-11-13-15-17-19-22-24-26-28-30-32-34-36-37-39,stage3_native_combined552,uncertainty_calibration,,,,,True,PASS_TEACHER_FIELDS_EXTRACTED,,0.0001939518444942,0.1578126698732376,587682048.0,579927808.0,,,,,,,,,False,False
40,S3R44CNS_N40_B16_uncertainty,adaf4ec3380eb108,0-2-4-6-8-10-12-14-16-18-20-38-36-34-31-29-27-25-23-21-1-3-5-7-9-11-13-15-17-19-22-24-26-28-30-32-33-35-37-39,stage3_native_combined552,uncertainty_calibration,,,,,True,PASS_TEACHER_FIELDS_EXTRACTED,,0.0001753604881287,0.1576092392206192,587673600.0,579926720.0,,,,,,,,,False,False
24,S3R49SCN_N24_B01_strict_guard,dfa52b5d51149bcf,22-23-21-19-11-1-3-5-7-9-13-15-17-0-2-4-6-8-10-12-14-16-18-20,stage3_native_combined552,strict_penalty_guard_top,,,,,True,PASS_TEACHER_FIELDS_EXTRACTED,,3.737566112249624e-05,0.1608438491821289,582616640.0,579943616.0,,,,,,,,,False,False
24,S3R49SCN_N24_B02_strict_guard,035b59d26fca2650,22-17-9-7-15-13-5-3-1-11-19-21-23-0-2-4-6-8-10-12-14-16-18-20,stage3_native_combined552,strict_penalty_guard_top,,,,,True,PASS_TEACHER_FIELDS_EXTRACTED,,7.155505159062159e-05,0.1542517393827438,581955392.0,579944384.0,,,,,,,,,False,False
24,S3R49SCN_N24_B03_strict_guard,184ebe2a9c435006,22-17-15-13-9-7-5-3-1-11-19-21-23-0-2-4-6-8-18-16-14-12-10-20,stage3_native_combined552,strict_penalty_guard_local_search,,,,,True,PASS_TEACHER_FIELDS_EXTRACTED,,7.330715288844658e-05,0.1600374281406402,581865344.0,579944576.0,,,,,,,,,False,False
24,S3R49SCN_N24_B04_strict_guard,f5ce42c91ade39b8,22-17-15-13-9-7-5-3-1-11-19-21-23-0-2-4-6-8-14-16-10-12-18-20,stage3_native_combined552,strict_penalty_guard_local_search,,,,,True,PASS_TEACHER_FIELDS_EXTRACTED,,6.822838622611016e-05,0.1598436385393142,581867008.0,579943552.0,,,,,,,,,False,False
24,S3R49SCN_N24_B05_two_stage,64b969aa739ec4ad,22-17-15-13-9-7-5-3-1-11-19-21-23-0-2-4-6-12-14-8-10-16-18-20,stage3_native_combined552,two_stage_guarded_top,,,,,True,PASS_TEACHER_FIELDS_EXTRACTED,,9.631485067984612e-05,0.1584233194589615,581878656.0,579944384.0,,,,,,,,,False,False
24,S3R49SCN_N24_B06_two_stage,8cc6847a7550c326,22-17-15-13-9-3-5-7-1-11-19-21-23-0-2-4-6-8-10-14-12-16-18-20,stage3_native_combined552,two_stage_guarded_top,,,,,True,PASS_TEACHER_FIELDS_EXTRACTED,,4.07822008128278e-05,0.1586619615554809,581970688.0,579943616.0,,,,,,,,,False,False
24,S3R49SCN_N24_B07_two_stage,f65a516852ba4deb,18-17-15-13-9-7-5-3-1-11-19-21-23-0-2-4-6-8-10-12-14-16-22-20,stage3_native_combined552,two_stage_guarded_local_search,,,,,True,PASS_TEACHER_FIELDS_EXTRACTED,,5.806214721815195e-05,0.1539869755506515,583663808.0,579943616.0,,,,,,,,,False,False
24,S3R49SCN_N24_B08_two_stage,4aca82a4b5a13c0f,22-17-15-13-9-7-5-3-1-11-19-21-23-0-2-12-10-8-6-4-14-16-18-20,stage3_native_combined552,two_stage_guarded_local_search,,,,,True,PASS_TEACHER_FIELDS_EXTRACTED,,9.06418699742062e-05,0.1556643545627594,581956096.0,579944320.0,,,,,,,,,False,False
24,S3R49SCN_N24_B09_median_guard,22fe0ffd756973ac,22-21-19-11-1-3-5-7-9-13-15-17-23-0-2-4-6-8-10-12-14-16-18-20,stage3_native_combined552,no_penalty_worse_than_median,,,,,True,PASS_TEACHER_FIELDS_EXTRACTED,,2.9523077955673216e-05,0.1587531119585037,582666368.0,579943552.0,,,,,,,,,False,False
24,S3R49SCN_N24_B10_median_guard,14753eeb4f27414a,22-13-9-17-15-7-5-3-1-11-19-21-23-0-2-4-6-8-10-12-14-16-18-20,stage3_native_combined552,no_penalty_worse_than_median,,,,,True,PASS_TEACHER_FIELDS_EXTRACTED,,6.728811672473967e-05,0.154089018702507,581911360.0,579944384.0,,,,,,,,,False,False
24,S3R49SCN_N24_B11_peeq_repair,57e8ac43b0b0a708,22-11-1-3-5-7-9-17-21-15-13-19-23-0-2-4-6-8-10-12-14-16-18-20,stage3_native_combined552,PEEQ_repair_candidates,,,,,True,PASS_TEACHER_FIELDS_EXTRACTED,,2.9894891213189112e-05,0.1571119129657745,583489600.0,579944384.0,,,,,,,,,False,False
24,S3R49SCN_N24_B12_peeq_repair,d146adbb95cdb54c,22-11-1-3-5-7-9-15-21-13-17-19-23-0-2-4-6-8-10-12-14-16-18-20,stage3_native_combined552,PEEQ_repair_candidates,,,,,True,PASS_TEACHER_FIELDS_EXTRACTED,,3.772677086999465e-05,0.1601821333169937,583289408.0,579943552.0,,,,,,,,,False,False
24,S3R49SCN_N24_B13_surfacet_repair,8e649f33c3ac7060,22-17-15-21-19-11-1-3-5-7-9-13-23-0-2-4-6-8-10-12-14-16-18-20,stage3_native_combined552,SurfaceT_repair_candidates,,,,,True,PASS_TEACHER_FIELDS_EXTRACTED,,4.335154699219856e-05,0.1574961096048355,582160896.0,579943616.0,,,,,,,,,False,False
24,S3R49SCN_N24_B14_surfacet_repair,b9d7fd903feb98cd,22-17-15-13-9-7-5-3-1-11-19-21-23-0-2-4-10-12-6-8-14-16-18-20,stage3_native_combined552,SurfaceT_repair_candidates,,,,,True,PASS_TEACHER_FIELDS_EXTRACTED,,9.57650804593868e-05,0.1556143164634704,581893504.0,579944384.0,,,,,,,,,False,False
24,S3R49SCN_N24_B15_mises_repair,1a3f0931f2f092a5,22-17-15-13-9-7-5-3-1-11-19-21-23-0-2-4-6-14-16-12-8-10-18-20,stage3_native_combined552,Mises_repair_candidates,,,,,True,PASS_TEACHER_FIELDS_EXTRACTED,,8.137980603351025e-05,0.1623269319534301,581893952.0,579943488.0,,,,,,,,,False,False
24,S3R49SCN_N24_B16_mises_repair,856e8f037128ce92,22-0-2-13-9-7-5-3-1-11-19-21-23-17-15-4-6-8-10-12-14-16-18-20,stage3_native_combined552,Mises_repair_candidates,,,,,True,PASS_TEACHER_FIELDS_EXTRACTED,,7.775182257319102e-05,0.1623154729604721,583680896.0,579943552.0,,,,,,,,,False,False
40,S3R49SCN_N40_B01_strict_guard,639c978fa09f6475,0-3-5-7-9-11-13-15-17-19-38-36-34-32-30-28-26-24-22-20-18-16-14-12-10-8-6-4-2-1-21-23-25-37-35-33-31-29-27-39,stage3_native_combined552,strict_penalty_guard_top,,,,,True,PASS_TEACHER_FIELDS_EXTRACTED,,9.20418733585393e-05,0.1626397371292114,583327808.0,579927552.0,,,,,,,,,False,False
40,S3R49SCN_N40_B02_strict_guard,17d80e1281ddc592,0-3-5-7-9-11-13-15-27-25-23-21-1-2-4-6-8-10-12-14-16-18-20-22-24-26-28-30-32-34-36-38-19-17-29-31-33-35-37-39,stage3_native_combined552,strict_penalty_guard_top,,,,,True,PASS_TEACHER_FIELDS_EXTRACTED,,0.0001350528254988,0.1617587953805923,583631424.0,579927808.0,,,,,,,,,False,False
40,S3R49SCN_N40_B03_strict_guard,fbf534a3f9f14416,0-3-5-7-9-11-13-15-17-19-26-28-30-32-34-36-38-24-22-20-18-16-14-12-10-8-6-4-2-1-21-23-25-27-29-31-33-35-37-39,stage3_native_combined552,strict_penalty_guard_local_search,,,,,True,PASS_TEACHER_FIELDS_EXTRACTED,,7.565500527562108e-05,0.1536527276039123,582171072.0,579927552.0,,,,,,,,,False,False
40,S3R49SCN_N40_B04_strict_guard,03a6abceaacd7696,0-3-5-7-9-11-13-15-17-19-38-36-24-26-28-30-32-34-22-20-18-16-14-12-10-8-6-4-2-1-21-23-25-27-29-31-33-35-37-39,stage3_native_combined552,strict_penalty_guard_local_search,,,,,True,PASS_TEACHER_FIELDS_EXTRACTED,,6.170961933094077e-05,0.1561200469732284,582142720.0,579927552.0,,,,,,,,,False,False
40,S3R49SCN_N40_B05_two_stage,5d21bb524b4ca698,4-3-5-7-9-11-13-15-17-19-38-36-34-32-30-28-26-24-22-20-18-16-14-12-10-8-6-0-2-1-21-23-25-27-29-31-33-35-37-39,stage3_native_combined552,two_stage_guarded_top,,,,,True,PASS_TEACHER_FIELDS_EXTRACTED,,7.624770114489365e-05,0.165346473455429,581980672.0,579927552.0,,,,,,,,,False,False
40,S3R49SCN_N40_B06_two_stage,fa4c6263c9a05196,0-3-5-7-9-11-13-25-23-21-1-2-4-6-8-10-12-14-16-18-20-22-24-26-28-30-32-34-36-38-19-17-15-27-29-31-33-35-37-39,stage3_native_combined552,two_stage_guarded_top,,,,,True,PASS_TEACHER_FIELDS_EXTRACTED,,0.0001710270134935,0.1634214222431183,583243904.0,579928704.0,,,,,,,,,False,False
40,S3R49SCN_N40_B07_two_stage,88ecfec4d0ca04fb,0-3-5-7-9-11-13-15-17-19-28-30-32-34-36-38-26-24-22-20-18-16-14-12-10-8-6-4-2-1-21-23-25-27-29-31-33-35-37-39,stage3_native_combined552,two_stage_guarded_local_search,,,,,True,PASS_TEACHER_FIELDS_EXTRACTED,,8.362594235222787e-05,0.1534932404756546,582097408.0,579927488.0,,,,,,,,,False,False
40,S3R49SCN_N40_B08_two_stage,a6ed54476640a64b,6-8-10-12-14-16-18-20-22-24-26-28-30-32-34-36-38-19-17-15-13-11-9-7-5-3-0-4-2-1-21-23-25-27-29-31-33-35-37-39,stage3_native_combined552,two_stage_guarded_local_search,,,,,True,PASS_TEACHER_FIELDS_EXTRACTED,,0.0001350777693005,0.1704887300729751,583832576.0,579927680.0,,,,,,,,,False,False
40,S3R49SCN_N40_B09_median_guard,5c30998d8daf1442,0-3-5-7-9-11-13-15-17-19-34-36-38-32-30-28-26-24-22-20-18-16-14-12-10-8-6-4-2-1-21-23-25-27-29-31-33-35-37-39,stage3_native_combined552,no_penalty_worse_than_median,,,,,True,PASS_TEACHER_FIELDS_EXTRACTED,,6.958780068089254e-05,0.1534324586391449,582006400.0,579926528.0,,,,,,,,,False,False
40,S3R49SCN_N40_B10_median_guard,c9760af84cbcd87a,8-10-12-14-16-18-20-22-24-26-28-30-32-34-36-38-19-17-15-13-11-9-7-5-3-0-6-4-2-1-21-23-25-27-29-31-33-35-37-39,stage3_native_combined552,no_penalty_worse_than_median,,,,,True,PASS_TEACHER_FIELDS_EXTRACTED,,0.0001548743575767,0.16898013651371,584292096.0,579927744.0,,,,,,,,,False,False
40,S3R49SCN_N40_B11_peeq_repair,a4fe84126b153400,4-2-0-6-8-10-12-14-16-18-20-22-24-26-28-30-38-36-34-32-19-17-15-13-11-9-7-5-3-1-21-23-25-27-29-31-33-35-37-39,stage3_native_combined552,PEEQ_repair_candidates,,,,,True,PASS_TEACHER_FIELDS_EXTRACTED,,6.942368781892583e-05,0.1578780859708786,582174016.0,579926528.0,,,,,,,,,False,False
40,S3R49SCN_N40_B12_peeq_repair,841a9c8ffbc5d554,6-4-2-0-8-10-12-14-16-18-20-22-24-26-28-30-38-36-34-32-19-17-15-13-11-9-7-5-3-1-21-23-25-27-29-31-33-35-37-39,stage3_native_combined552,PEEQ_repair_candidates,,,,,True,PASS_TEACHER_FIELDS_EXTRACTED,,8.030997742025647e-05,0.1578798592090606,582139584.0,579926528.0,,,,,,,,,False,False
40,S3R49SCN_N40_B13_surfacet_repair,f1ed7cdc044a80cd,0-2-4-6-8-10-12-14-16-18-20-22-24-26-28-30-32-34-36-38-19-17-15-13-11-9-7-5-3-1-21-23-25-27-29-31-33-35-37-39,stage3_native_combined552,SurfaceT_repair_candidates,,,,,True,PASS_TEACHER_FIELDS_EXTRACTED,,6.795796980441082e-05,0.1543461829423904,582209664.0,579927552.0,,,,,,,,,False,False
40,S3R49SCN_N40_B14_surfacet_repair,c8ea0378fda3e9cc,0-3-5-7-9-11-13-23-21-1-2-4-6-8-10-12-14-16-18-20-22-24-26-28-30-32-34-36-38-19-17-15-25-27-29-31-33-35-37-39,stage3_native_combined552,SurfaceT_repair_candidates,,,,,True,PASS_TEACHER_FIELDS_EXTRACTED,,0.0002000463537115,0.1607121378183365,582997632.0,579928832.0,,,,,,,,,False,False
40,S3R49SCN_N40_B15_mises_repair,fbedad14ea467afb,0-3-5-7-9-11-13-15-17-19-30-32-34-36-38-28-26-24-22-20-18-16-14-12-10-8-6-4-2-1-21-23-25-27-29-31-33-35-37-39,stage3_native_combined552,Mises_repair_candidates,,,,,True,PASS_TEACHER_FIELDS_EXTRACTED,,7.93164326751139e-05,0.1535343378782272,582040640.0,579927552.0,,,,,,,,,False,False
40,S3R49SCN_N40_B16_mises_repair,1a203774ce136c65,0-8-10-12-14-16-18-20-22-24-26-28-30-32-34-36-38-19-17-15-13-11-9-7-5-3-6-4-2-1-21-23-25-27-29-31-33-35-37-39,stage3_native_combined552,Mises_repair_candidates,,,,,True,PASS_TEACHER_FIELDS_EXTRACTED,,0.0001741511841828,0.1656653136014938,583729408.0,579927488.0,,,,,,,,,False,False
24,S3R54CAL64_N24_B01_n24_u2ret_top,3f15ea0b5ac9b57f,22-21-19-9-7-5-3-1-11-13-15-17-23-0-2-4-6-8-10-12-14-16-18-20,stage3_native_combined552,N24_u2_retention_top,,,,,True,PASS_TEACHER_FIELDS_EXTRACTED,,3.827916589216329e-05,0.1594891101121902,582395136.0,579943552.0,,,,,,,,,False,False
24,S3R54CAL64_N24_B02_n24_u2ret_top,44fe201c939925b0,22-21-19-13-9-7-5-3-1-11-15-17-23-0-2-4-6-8-10-12-14-16-18-20,stage3_native_combined552,N24_u2_retention_top,,,,,True,PASS_TEACHER_FIELDS_EXTRACTED,,3.386501202840009e-05,0.1574332565069198,582002752.0,579943616.0,,,,,,,,,False,False
24,S3R54CAL64_N24_B03_n24_u2ret_top,3486081ff7cca159,22-21-19-11-5-3-1-7-9-13-15-17-23-0-2-4-6-8-10-12-14-16-18-20,stage3_native_combined552,N24_u2_retention_top,,,,,True,PASS_TEACHER_FIELDS_EXTRACTED,,5.342099871086248e-05,0.1587450951337814,582636416.0,579943552.0,,,,,,,,,False,False
24,S3R54CAL64_N24_B04_n24_u2ret_top,f763096911138bb1,22-21-17-11-1-3-5-7-9-13-15-19-23-0-2-4-6-8-10-12-14-16-18-20,stage3_native_combined552,N24_u2_retention_top,,,,,True,PASS_TEACHER_FIELDS_EXTRACTED,,3.356376646479475e-05,0.1568998396396637,582660032.0,579943552.0,,,,,,,,,False,False
24,S3R54CAL64_N24_B05_n24_u2ret_repair,1d74bffa8267ba94,22-21-19-11-7-5-3-1-9-13-15-17-23-0-2-4-6-8-10-12-14-16-18-20,stage3_native_combined552,N24_u2_retention_local_repair,,,,,True,PASS_TEACHER_FIELDS_EXTRACTED,,5.23158641954069e-05,0.1588590741157531,582379520.0,579944384.0,,,,,,,,,False,False
24,S3R54CAL64_N24_B06_n24_u2ret_repair,dba4df19fba81697,22-21-19-15-13-9-7-5-3-1-11-17-23-0-2-4-6-8-10-12-14-16-18-20,stage3_native_combined552,N24_u2_retention_local_repair,,,,,True,PASS_TEACHER_FIELDS_EXTRACTED,,4.610596806742251e-05,0.1529955714941024,581577856.0,579944512.0,,,,,,,,,False,False
24,S3R54CAL64_N24_B07_n24_u2ret_repair,b876eff94f252d69,22-21-19-11-1-3-5-7-9-13-15-17-23-6-4-2-0-8-10-12-14-16-18-20,stage3_native_combined552,N24_u2_retention_local_repair,,,,,True,PASS_TEACHER_FIELDS_EXTRACTED,,9.015049431582156e-05,0.1592183411121368,581862912.0,579944320.0,,,,,,,,,False,False
24,S3R54CAL64_N24_B08_n24_u2ret_repair,d1ed11eee042f1de,22-21-19-11-1-3-5-7-23-17-15-13-9-0-2-4-6-8-10-12-14-16-18-20,stage3_native_combined552,N24_u2_retention_local_repair,,,,,True,PASS_TEACHER_FIELDS_EXTRACTED,,3.7965415458529606e-05,0.1582574993371963,583471872.0,579943552.0,,,,,,,,,False,False
24,S3R54CAL64_N24_B09_penalty_repair,7e3ca6ba29b7babb,22-17-13-15-9-7-5-3-1-11-21-19-23-0-2-4-6-8-10-12-14-16-18-20,stage3_native_combined552,penalty_repair_top,,,,,True,PASS_TEACHER_FIELDS_EXTRACTED,,4.8556980800640304e-05,0.1524872630834579,581862976.0,579943616.0,,,,,,,,,False,False
24,S3R54CAL64_N24_B10_penalty_repair,082e390df9d4974a,22-17-15-13-9-7-5-3-1-11-19-21-23-0-8-4-6-2-10-12-14-16-18-20,stage3_native_combined552,penalty_repair_top,,,,,True,PASS_TEACHER_FIELDS_EXTRACTED,,6.516764369735029e-05,0.1524514555931091,580972224.0,579944448.0,,,,,,,,,False,False
24,S3R54CAL64_N24_B11_penalty_repair,212196dd9597574f,22-17-15-13-9-7-5-3-1-11-19-21-23-0-2-10-6-8-4-12-14-16-18-20,stage3_native_combined552,penalty_repair_top,,,,,True,PASS_TEACHER_FIELDS_EXTRACTED,,8.067023327384959e-05,0.1522239595651626,581904768.0,579944384.0,,,,,,,,,False,False
24,S3R54CAL64_N24_B12_penalty_repair,3416e3949102c76b,22-17-13-15-5-7-9-3-1-11-19-21-23-0-2-4-6-8-10-12-14-16-18-20,stage3_native_combined552,penalty_repair_local_search,,,,,True,PASS_TEACHER_FIELDS_EXTRACTED,,7.648990981579118e-05,0.1547069251537323,581938112.0,579943552.0,,,,,,,,,False,False
24,S3R54CAL64_N24_B13_penalty_repair,7281f8d24ae69812,22-17-15-13-9-7-5-3-1-11-19-21-23-0-2-4-6-8-18-12-14-16-10-20,stage3_native_combined552,penalty_repair_local_search,,,,,True,PASS_TEACHER_FIELDS_EXTRACTED,,6.85549239278771e-05,0.1568982601165771,581861760.0,579944576.0,,,,,,,,,False,False
24,S3R54CAL64_N24_B14_penalty_repair,ad23a4a53f90afac,22-17-15-13-9-7-5-3-1-11-19-21-23-0-2-12-6-8-10-4-14-16-18-20,stage3_native_combined552,penalty_repair_local_search,,,,,True,PASS_TEACHER_FIELDS_EXTRACTED,,9.317355693383432e-05,0.1518133282661438,581927936.0,579943488.0,,,,,,,,,False,False
24,S3R54CAL64_N24_B15_two_stage_repair,968b5f6169005455,22-17-15-13-5-7-9-3-1-11-19-21-23-0-6-4-2-8-10-12-14-16-18-20,stage3_native_combined552,two_stage_penalty_repair,,,,,True,PASS_TEACHER_FIELDS_EXTRACTED,,7.469321303688048e-05,0.1526153534650802,581062208.0,579944384.0,,,,,,,,,False,False
24,S3R54CAL64_N24_B16_two_stage_repair,28d32aa72b33704d,22-23-17-13-9-7-5-3-1-11-19-21-15-0-2-4-6-8-10-12-14-16-18-20,stage3_native_combined552,two_stage_penalty_repair,,,,,True,PASS_TEACHER_FIELDS_EXTRACTED,,4.948670630255947e-05,0.1542716473340988,582011648.0,579944384.0,,,,,,,,,False,False
24,S3R54CAL64_N24_B17_two_stage_repair,6b19d57d44b9b343,22-17-15-13-7-9-1-3-5-11-19-21-23-4-2-0-6-8-10-12-18-16-14-20,stage3_native_combined552,two_stage_penalty_repair,,,,,True,PASS_TEACHER_FIELDS_EXTRACTED,,9.987347061723996e-05,0.1600515097379684,581655296.0,579944384.0,,,,,,,,,False,False
24,S3R54CAL64_N24_B18_two_stage_repair,29d254cc5d45a140,23-17-15-13-9-7-5-3-1-11-19-21-22-0-2-4-6-8-10-12-14-16-18-20,stage3_native_combined552,two_stage_penalty_repair,,,,,True,PASS_TEACHER_FIELDS_EXTRACTED,,5.0446637033019215e-05,0.1521572768688202,581864384.0,579944448.0,,,,,,,,,False,False
24,S3R54CAL64_N24_B19_two_stage_repair,f01bf979f3af0790,14-17-15-13-9-7-5-3-1-11-19-21-23-0-2-4-6-8-10-12-22-16-18-20,stage3_native_combined552,two_stage_penalty_repair,,,,,True,PASS_TEACHER_FIELDS_EXTRACTED,,6.479929743363755e-05,0.1539067775011062,582573696.0,579943616.0,,,,,,,,,False,False
24,S3R54CAL64_N24_B20_median_guard,774d279f3ac63e56,22-17-15-13-9-7-5-3-1-11-19-21-23-0-2-4-6-14-10-12-8-16-18-20,stage3_native_combined552,median_guard_repair,,,,,True,PASS_TEACHER_FIELDS_EXTRACTED,,6.590890006918926e-05,0.1517210751771927,581883520.0,579943552.0,,,,,,,,,False,False
24,S3R54CAL64_N24_B21_median_guard,4c4456ae05ceac23,22-17-15-13-9-7-5-3-1-11-19-21-23-0-2-4-14-16-10-12-6-8-18-20,stage3_native_combined552,median_guard_repair,,,,,True,PASS_TEACHER_FIELDS_EXTRACTED,,9.798179462450209e-05,0.1573436856269836,581945664.0,579944512.0,,,,,,,,,False,False
24,S3R54CAL64_N24_B22_median_guard,77421dd2f642edf3,22-21-15-13-9-1-5-3-7-11-19-17-23-0-2-4-6-8-10-12-14-16-18-20,stage3_native_combined552,no_penalty_worse_than_median,,,,,True,PASS_TEACHER_FIELDS_EXTRACTED,,4.008693713331013e-05,0.1542789340019226,582290048.0,579944448.0,,,,,,,,,False,False
24,S3R54CAL64_N24_B23_median_guard,7871058cbd06a509,22-17-9-13-15-7-5-3-1-11-19-21-23-0-2-4-6-8-10-12-18-16-14-20,stage3_native_combined552,no_penalty_worse_than_median,,,,,True,PASS_TEACHER_FIELDS_EXTRACTED,,6.063666432964965e-05,0.1637037992477417,581895936.0,579943552.0,,,,,,,,,False,False
24,S3R54CAL64_N24_B24_peeq_repair,4d70d2f3c19899de,22-21-19-11-3-1-5-7-9-13-15-17-23-0-2-4-6-8-10-12-14-16-18-20,stage3_native_combined552,PEEQ_repair_candidates,,,,,True,PASS_TEACHER_FIELDS_EXTRACTED,,3.964457823713019e-05,0.1587646901607513,582724224.0,579943552.0,,,,,,,,,False,False
24,S3R54CAL64_N24_B25_peeq_repair,ed1fae456a1d580c,22-21-17-15-13-9-7-5-3-1-11-19-23-0-2-4-6-8-10-12-14-16-18-20,stage3_native_combined552,PEEQ_repair_candidates,,,,,True,PASS_TEACHER_FIELDS_EXTRACTED,,5.010639870306477e-05,0.1528097093105316,581532736.0,579944512.0,,,,,,,,,False,False
24,S3R54CAL64_N24_B26_peeq_repair,22b7833bce807c36,22-21-19-11-1-3-5-7-9-13-15-17-23-16-14-12-10-8-6-4-2-0-18-20,stage3_native_combined552,PEEQ_repair_candidates,,,,,True,PASS_TEACHER_FIELDS_EXTRACTED,,0.0001247750460606,0.1524152755737304,585725440.0,579943552.0,,,,,,,,,False,False
24,S3R54CAL64_N24_B27_surfacet_repair,cfa5668f1b40d8b4,22-17-15-19-9-7-5-3-1-11-13-21-23-0-2-4-6-12-10-8-14-16-18-20,stage3_native_combined552,SurfaceT_repair_candidates,,,,,True,PASS_TEACHER_FIELDS_EXTRACTED,,0.0001000396232484,0.1550983041524887,581992512.0,579943552.0,,,,,,,,,False,False
24,S3R54CAL64_N24_B28_surfacet_repair,f078f22980d8b45b,22-21-23-13-9-7-5-3-1-11-19-17-15-0-2-4-6-8-10-12-14-16-18-20,stage3_native_combined552,SurfaceT_repair_candidates,,,,,True,PASS_TEACHER_FIELDS_EXTRACTED,,4.585263968692743e-05,0.1616981476545334,582086720.0,579944384.0,,,,,,,,,False,False
24,S3R54CAL64_N24_B29_mises_repair,7c608d559c22f827,22-16-14-12-10-8-6-4-2-0-23-21-19-11-1-3-5-7-9-13-15-17-18-20,stage3_native_combined552,Mises_repair_candidates,,,,,True,PASS_TEACHER_FIELDS_EXTRACTED,,9.80179215730459e-05,0.1689051240682602,582624256.0,579943552.0,,,,,,,,,False,False
24,S3R54CAL64_N24_B30_mises_repair,3aee6ce37d24d546,22-19-21-13-9-7-5-3-1-11-17-15-23-0-2-4-6-8-10-12-14-16-18-20,stage3_native_combined552,Mises_repair_candidates,,,,,True,PASS_TEACHER_FIELDS_EXTRACTED,,4.534141999101848e-05,0.1563042402267456,582024128.0,579943552.0,,,,,,,,,False,False
24,S3R54CAL64_N24_B31_uncertainty,e5870b80ed6ab269,22-17-15-13-9-7-5-3-23-21-19-11-1-0-2-4-6-8-10-12-14-16-18-20,stage3_native_combined552,uncertainty_calibration,,,,,True,PASS_TEACHER_FIELDS_EXTRACTED,,3.905796711478615e-05,0.1588879376649856,582282304.0,579944512.0,,,,,,,,,False,False
24,S3R54CAL64_N24_B32_sentinel,518f34c1f5ea8fe7,23-22-21-20-19-18-17-16-15-14-13-12-11-10-9-8-7-6-5-4-3-2-1-0,stage3_native_combined552,sentinel_control,,,,,True,PASS_TEACHER_FIELDS_EXTRACTED,,0.0005523721131339,0.1892505139112472,587159872.0,579944256.0,,,,,,,,,False,False
40,S3R54CAL64_N40_B01_n40_strict_top,c9e56eeb7dd667c4,21-3-5-7-9-11-13-15-17-19-34-36-38-32-30-28-26-24-22-20-18-16-14-12-10-8-6-4-2-1-0-23-25-27-29-31-33-35-37-39,stage3_native_combined552,N40_strict_reward_retention_top,,,,,True,PASS_TEACHER_FIELDS_EXTRACTED,,0.0001091796702894,0.1592772305011749,582801856.0,579926592.0,,,,,,,,,False,False
40,S3R54CAL64_N40_B02_n40_strict_top,d696218949f01a21,0-3-5-7-9-11-13-15-17-19-34-36-38-20-22-24-26-28-30-32-18-16-14-12-10-8-6-4-2-1-21-23-25-27-29-31-33-35-37-39,stage3_native_combined552,N40_strict_reward_retention_top,,,,,True,PASS_TEACHER_FIELDS_EXTRACTED,,0.0001624859019102,0.1590698212385177,583536192.0,579927488.0,,,,,,,,,False,False
40,S3R54CAL64_N40_B03_n40_strict_top,44a141ef6ec7b0b6,0-3-5-7-9-11-13-15-17-19-34-36-38-32-30-28-26-10-12-14-16-18-20-22-24-8-6-4-2-1-21-23-25-27-29-31-33-35-37-39,stage3_native_combined552,N40_strict_reward_retention_top,,,,,True,PASS_TEACHER_FIELDS_EXTRACTED,,0.0001575087012497,0.1614710390567779,583459264.0,579927488.0,,,,,,,,,False,False
40,S3R54CAL64_N40_B04_n40_strict_top,0a8ab98fe4342e6f,0-3-5-7-9-11-13-15-17-19-34-36-38-32-30-28-26-24-22-20-18-16-4-6-8-10-12-14-2-1-21-23-25-27-29-31-33-35-37-39,stage3_native_combined552,N40_strict_reward_retention_top,,,,,True,PASS_TEACHER_FIELDS_EXTRACTED,,7.561578968307003e-05,0.1583257168531417,584132672.0,579927424.0,,,,,,,,,False,False
40,S3R54CAL64_N40_B05_n40_strict_repair,0dda4fe610a699b2,0-3-5-7-9-11-13-15-17-19-31-29-27-25-23-21-1-2-4-6-8-10-12-14-16-18-20-22-24-26-28-30-32-38-36-34-33-35-37-39,stage3_native_combined552,N40_strict_reward_local_repair,,,,,True,PASS_TEACHER_FIELDS_EXTRACTED,,0.0001593298284205,0.1725027710199356,584444736.0,579927936.0,,,,,,,,,False,False
40,S3R54CAL64_N40_B06_n40_strict_repair,dff48f520bcc9f6a,0-3-5-7-9-13-11-15-17-19-18-36-38-32-30-28-26-24-22-20-34-16-14-12-10-8-6-4-2-1-21-23-25-27-29-31-33-35-37-39,stage3_native_combined552,N40_strict_reward_local_repair,,,,,True,PASS_TEACHER_FIELDS_EXTRACTED,,0.0001693256995167,0.1538861095905304,582303360.0,579927488.0,,,,,,,,,False,False
40,S3R54CAL64_N40_B07_n40_strict_repair,1484194e08c174f0,0-3-5-7-9-11-13-15-17-19-34-36-38-32-30-28-26-24-22-8-10-12-14-16-18-20-6-4-2-1-21-23-25-27-29-31-33-35-37-39,stage3_native_combined552,N40_strict_reward_local_repair,,,,,True,PASS_TEACHER_FIELDS_EXTRACTED,,9.396403129358076e-05,0.1613422632217407,584067200.0,579927488.0,,,,,,,,,False,False
40,S3R54CAL64_N40_B08_n40_strict_repair,2d6feddc0b7ac7db,0-3-5-7-9-11-13-15-17-19-34-36-38-32-16-18-20-22-24-26-28-30-14-12-10-8-6-4-2-1-21-23-25-27-29-31-33-35-37-39,stage3_native_combined552,N40_strict_reward_local_repair,,,,,True,PASS_TEACHER_FIELDS_EXTRACTED,,0.0002362437535339,0.1608708649873733,583332864.0,579927744.0,,,,,,,,,False,False
40,S3R54CAL64_N40_B09_penalty_repair,e20eae4e5e79434d,0-3-5-7-9-11-13-15-17-19-22-24-26-28-30-32-38-36-34-20-18-16-14-12-10-8-6-4-2-1-21-23-25-27-29-31-33-35-37-39,stage3_native_combined552,penalty_repair_top,,,,,True,PASS_TEACHER_FIELDS_EXTRACTED,,8.124319720081985e-05,0.1553911864757537,582449600.0,579927552.0,,,,,,,,,False,False
40,S3R54CAL64_N40_B10_penalty_repair,11777ccc10473cce,0-3-5-7-9-11-13-15-17-19-34-38-36-32-30-28-26-24-22-20-18-16-14-12-10-8-6-4-2-1-21-23-25-27-29-31-33-35-37-39,stage3_native_combined552,penalty_repair_top,,,,,True,PASS_TEACHER_FIELDS_EXTRACTED,,7.6060947321821e-05,0.1534289419651031,582007808.0,579927552.0,,,,,,,,,False,False
40,S3R54CAL64_N40_B11_penalty_repair,9511c31fe43af472,0-2-5-7-9-11-13-15-17-19-34-36-38-32-30-28-26-24-22-20-18-16-14-12-10-8-6-4-3-1-21-23-25-27-29-31-33-35-37-39,stage3_native_combined552,penalty_repair_top,,,,,True,PASS_TEACHER_FIELDS_EXTRACTED,,6.26145993010141e-05,0.1527572870254516,582009600.0,579926528.0,,,,,,,,,False,False
40,S3R54CAL64_N40_B12_penalty_repair,3a8b37da73564a99,0-3-5-7-9-11-13-15-17-19-24-26-28-30-32-38-36-34-22-20-18-16-14-12-10-8-6-4-2-1-21-23-25-27-29-31-33-35-37-39,stage3_native_combined552,penalty_repair_local_search,,,,,True,PASS_TEACHER_FIELDS_EXTRACTED,,5.201993008085992e-05,0.1536578088998794,582291392.0,579927552.0,,,,,,,,,False,False
40,S3R54CAL64_N40_B13_penalty_repair,7e27767d6ecc1c1c,0-3-5-7-9-11-13-15-17-19-32-38-36-34-30-28-26-24-22-20-18-16-14-12-10-8-6-4-2-1-21-23-25-27-29-31-33-35-37-39,stage3_native_combined552,penalty_repair_local_search,,,,,True,PASS_TEACHER_FIELDS_EXTRACTED,,7.475083111785352e-05,0.1534562110900879,582014272.0,579927552.0,,,,,,,,,False,False
40,S3R54CAL64_N40_B14_penalty_repair,794b6cdf46f75221,0-3-5-7-9-11-13-15-17-19-38-36-34-32-30-28-26-24-22-20-18-16-14-12-10-8-6-4-2-1-21-23-25-27-29-31-33-35-37-39,stage3_native_combined552,penalty_repair_local_search,,,,,True,PASS_TEACHER_FIELDS_EXTRACTED,,7.798989645380061e-05,0.1534222960472107,582003392.0,579926528.0,,,,,,,,,False,False
40,S3R54CAL64_N40_B15_two_stage_repair,857f02f48883c96c,0-2-4-6-8-10-12-14-16-18-20-22-24-26-28-30-32-38-36-34-19-17-15-13-11-9-7-5-3-1-21-23-25-27-29-31-33-35-37-39,stage3_native_combined552,two_stage_penalty_repair,,,,,True,PASS_TEACHER_FIELDS_EXTRACTED,,6.592716817976907e-05,0.1567461341619491,582151488.0,579926528.0,,,,,,,,,False,False
40,S3R54CAL64_N40_B16_two_stage_repair,4cae344dba6cc65d,21-23-5-7-9-11-13-15-17-19-34-36-38-32-30-28-26-24-22-20-18-16-14-12-10-8-6-4-2-1-0-3-25-27-29-31-33-35-37-39,stage3_native_combined552,two_stage_penalty_repair,,,,,True,PASS_TEACHER_FIELDS_EXTRACTED,,0.000125179749375,0.1606610417366027,583773440.0,579927680.0,,,,,,,,,False,False
40,S3R54CAL64_N40_B17_two_stage_repair,bcf3f2b6d63dfc56,0-3-5-7-9-11-13-15-17-19-34-36-38-32-30-28-26-12-14-16-18-20-22-24-10-8-6-4-2-1-21-23-25-27-29-31-33-35-37-39,stage3_native_combined552,two_stage_penalty_repair,,,,,True,PASS_TEACHER_FIELDS_EXTRACTED,,0.0001644424960431,0.1605370342731475,583591296.0,579927488.0,,,,,,,,,False,False
40,S3R54CAL64_N40_B18_two_stage_repair,dcc63a708a9cbedb,0-3-5-7-9-11-13-15-17-19-34-36-38-32-30-28-26-24-22-20-18-16-14-12-10-8-6-4-2-1-21-35-33-31-29-27-25-23-37-39,stage3_native_combined552,two_stage_penalty_repair,,,,,True,PASS_TEACHER_FIELDS_EXTRACTED,,0.0001058120724337,0.1622970104217529,583447552.0,579926336.0,,,,,,,,,False,False
40,S3R54CAL64_N40_B19_two_stage_repair,d552f2e388f20f60,0-3-5-7-9-11-13-15-17-19-34-36-38-32-30-28-26-24-22-20-18-16-14-12-10-8-6-4-2-1-21-23-37-35-33-31-29-27-25-39,stage3_native_combined552,two_stage_penalty_repair,,,,,True,PASS_TEACHER_FIELDS_EXTRACTED,,9.800339103094302e-05,0.1614513993263244,583637120.0,579927488.0,,,,,,,,,False,False
40,S3R54CAL64_N40_B20_median_guard,9bee7dd6ed4f87d6,0-3-5-7-9-11-13-15-17-19-32-36-38-34-30-28-26-24-22-20-18-16-14-12-10-8-6-4-2-1-21-23-25-27-29-31-33-35-37-39,stage3_native_combined552,median_guard_repair,,,,,True,PASS_TEACHER_FIELDS_EXTRACTED,,7.712033402640373e-05,0.1534606963396072,582015488.0,579927552.0,,,,,,,,,False,False
40,S3R54CAL64_N40_B21_median_guard,6fa55e0d9635569f,0-3-5-7-9-11-13-15-33-35-34-36-38-32-30-28-26-24-22-20-18-16-14-12-10-8-6-4-2-1-21-23-25-27-29-31-17-19-37-39,stage3_native_combined552,median_guard_repair,,,,,True,PASS_TEACHER_FIELDS_EXTRACTED,,0.000113812845484,0.1606870144605636,583616768.0,579925888.0,,,,,,,,,False,False
40,S3R54CAL64_N40_B22_median_guard,bb192ef74ede230e,0-3-5-7-9-11-13-15-17-19-30-32-38-36-34-28-26-24-22-20-18-16-14-12-10-8-6-4-2-1-21-23-25-27-29-31-33-35-37-39,stage3_native_combined552,no_penalty_worse_than_median,,,,,True,PASS_TEACHER_FIELDS_EXTRACTED,,8.270690887002274e-05,0.1535167694091797,582035264.0,579927552.0,,,,,,,,,False,False
40,S3R54CAL64_N40_B23_median_guard,e93e6d3b1dd6fa34,0-3-5-7-9-11-13-15-17-19-34-36-38-32-30-28-10-12-14-16-18-20-22-24-26-8-6-4-2-1-21-23-25-27-29-31-33-35-37-39,stage3_native_combined552,no_penalty_worse_than_median,,,,,True,PASS_TEACHER_FIELDS_EXTRACTED,,0.0001642787638047,0.1633699685335159,583301184.0,579927488.0,,,,,,,,,False,False
40,S3R54CAL64_N40_B24_peeq_repair,004f27d4188b8bed,0-2-4-6-8-10-12-14-16-18-20-22-24-26-28-30-38-36-34-32-25-23-21-1-3-5-7-9-11-13-15-17-19-27-29-31-33-35-37-39,stage3_native_combined552,PEEQ_repair_candidates,,,,,True,PASS_TEACHER_FIELDS_EXTRACTED,,0.0001068835699697,0.1567571014165878,588630144.0,579926336.0,,,,,,,,,False,False
40,S3R54CAL64_N40_B25_peeq_repair,756d257d4fc4a97e,0-2-4-6-8-10-12-14-16-18-20-22-24-26-28-30-34-36-38-32-19-17-15-13-11-9-7-5-3-1-21-23-25-27-29-31-33-35-37-39,stage3_native_combined552,PEEQ_repair_candidates,,,,,True,PASS_TEACHER_FIELDS_EXTRACTED,,6.054474761185702e-05,0.1532502472400665,582142144.0,579926592.0,,,,,,,,,False,False
40,S3R54CAL64_N40_B26_peeq_repair,4e0729e51fe550aa,0-2-4-6-8-10-12-14-16-18-20-22-24-26-28-30-38-36-34-32-19-17-15-13-11-9-7-5-3-1-21-23-25-27-29-31-33-35-39-37,stage3_native_combined552,PEEQ_repair_candidates,,,,,True,PASS_TEACHER_FIELDS_EXTRACTED,,5.909591800445924e-05,0.1578762680292129,582176256.0,579927552.0,,,,,,,,,False,False
40,S3R54CAL64_N40_B27_surfacet_repair,1a11dac530abf492,4-3-5-7-9-11-13-15-17-19-34-36-38-32-30-28-26-24-22-20-18-16-14-12-10-8-6-0-2-1-21-23-25-27-29-31-33-35-37-39,stage3_native_combined552,SurfaceT_repair_candidates,,,,,True,PASS_TEACHER_FIELDS_EXTRACTED,,6.181524258863647e-05,0.1653539836406707,582010112.0,579927552.0,,,,,,,,,False,False
40,S3R54CAL64_N40_B28_surfacet_repair,43b56139384651bd,0-4-6-8-10-12-14-16-18-20-22-24-26-28-30-32-38-36-34-19-17-15-13-11-9-7-5-3-2-1-21-23-25-27-29-31-33-35-37-39,stage3_native_combined552,SurfaceT_repair_candidates,,,,,True,PASS_TEACHER_FIELDS_EXTRACTED,,9.79098167590564e-05,0.1620165407657623,582643968.0,579927488.0,,,,,,,,,False,False
40,S3R54CAL64_N40_B29_mises_repair,9aa7de7099d97a4a,0-3-5-7-9-11-13-15-17-31-29-27-25-23-21-1-2-4-6-8-10-12-14-16-18-20-22-24-26-28-30-32-38-36-34-19-33-35-37-39,stage3_native_combined552,Mises_repair_candidates,,,,,True,PASS_TEACHER_FIELDS_EXTRACTED,,7.512102820328437e-05,0.1708219796419143,584285056.0,579927616.0,,,,,,,,,False,False
40,S3R54CAL64_N40_B30_mises_repair,c13a0c998197d081,0-3-5-7-9-11-13-15-17-19-34-36-38-32-30-28-26-24-22-20-6-8-10-12-14-16-18-4-2-1-21-23-25-27-29-31-33-35-37-39,stage3_native_combined552,Mises_repair_candidates,,,,,True,PASS_TEACHER_FIELDS_EXTRACTED,,9.046977720572612e-05,0.1577862650156021,584389376.0,579926464.0,,,,,,,,,False,False
40,S3R54CAL64_N40_B31_uncertainty,c4fe9646ff35430c,0-3-5-7-9-11-13-15-17-19-28-30-32-38-36-34-26-24-22-20-18-16-14-12-10-8-6-4-2-1-21-23-25-27-29-31-33-35-37-39,stage3_native_combined552,uncertainty_calibration,,,,,True,PASS_TEACHER_FIELDS_EXTRACTED,,8.985026943264529e-05,0.1534765511751175,582080192.0,579927552.0,,,,,,,,,False,False
40,S3R54CAL64_N40_B32_diversity,725d33d93597de65,37-34-31-28-25-22-19-16-13-10-7-4-1-38-35-32-29-26-23-20-17-14-11-8-5-2-39-36-33-30-27-24-21-18-15-12-9-6-3-0,stage3_native_combined552,diversity_coverage,,,,,True,PASS_TEACHER_FIELDS_EXTRACTED,,0.0005840099597662,0.1480723470449447,583950720.0,579927104.0,,,,,,,,,False,False
24,S3R59N40PR40_N24_B01_n24_diversity,e0e1ba69329bec9f,1-6-11-16-21-2-7-12-17-22-3-8-13-18-23-4-9-14-19-0-5-10-15-20,stage3_native_combined552,N24_diversity_coverage,,,,,True,PASS_TEACHER_FIELDS_EXTRACTED,,0.0005571060927422,0.1560344099998474,582798720.0,579942912.0,,,,,,,,,False,False
24,S3R59N40PR40_N24_B02_n24_penalty,f957b5762108e291,22-17-15-13-9-5-7-3-1-11-19-21-23-0-2-4-6-10-8-12-14-16-18-20,stage3_native_combined552,N24_penalty_repair_diagnostic,,,,,True,PASS_TEACHER_FIELDS_EXTRACTED,,5.120022228766175e-05,0.1552595496177673,581886656.0,579943616.0,,,,,,,,,False,False
24,S3R59N40PR40_N24_B03_n24_penalty,c813a3795568c13e,22-17-15-13-9-7-3-5-1-11-19-21-23-0-2-4-6-8-12-10-14-16-18-20,stage3_native_combined552,N24_penalty_repair_diagnostic,,,,,True,PASS_TEACHER_FIELDS_EXTRACTED,,4.353990880190395e-05,0.1583101451396942,581887232.0,579943616.0,,,,,,,,,False,False
24,S3R59N40PR40_N24_B04_n24_sentinel,1285a2fd4be5bc11,0-1-2-3-4-5-6-7-8-9-10-11-12-13-14-15-16-17-18-19-20-21-22-23,stage3_native_combined552,N24_sentinel_control,,,,,True,PASS_TEACHER_FIELDS_EXTRACTED,,0.0005523721708868,0.1892502903938293,587159872.0,579944256.0,,,,,,,,,False,False
24,S3R59N40PR40_N24_B05_n24_maint,ca3ea4f9584d6dd0,22-21-19-11-1-3-5-7-9-13-15-17-23-0-10-12-6-8-2-4-14-16-18-20,stage3_native_combined552,N24_u2_reward_maintenance,,,,,True,PASS_TEACHER_FIELDS_EXTRACTED,,0.0001478826186485,0.1537696421146392,581987584.0,579944256.0,,,,,,,,,False,False
24,S3R59N40PR40_N24_B06_n24_maint,3a1f8675972559a5,22-21-19-11-1-3-5-7-9-13-15-17-23-0-2-4-14-16-10-12-6-8-18-20,stage3_native_combined552,N24_u2_reward_maintenance,,,,,True,PASS_TEACHER_FIELDS_EXTRACTED,,0.0001314417468165,0.1638735681772232,583407360.0,579943360.0,,,,,,,,,False,False
24,S3R59N40PR40_N24_B07_n24_maint,23cf60e76bb66347,22-21-19-11-1-3-5-7-15-13-9-17-23-0-2-4-10-8-6-12-14-16-18-20,stage3_native_combined552,N24_u2_reward_maintenance,,,,,True,PASS_TEACHER_FIELDS_EXTRACTED,,9.493010861660878e-05,0.162030279636383,582790336.0,579943552.0,,,,,,,,,False,False
24,S3R59N40PR40_N24_B08_n24_uncertainty,173735b4864ea3a7,22-20-15-13-9-7-5-3-1-11-19-21-23-0-4-2-6-8-10-12-14-16-18-17,stage3_native_combined552,N24_uncertainty_calibration,,,,,True,PASS_TEACHER_FIELDS_EXTRACTED,,8.273991306850803e-05,0.1774685978889465,581879872.0,579943488.0,,,,,,,,,False,False
24,S3R59N40PR40_N24_B09_n24_diversity,c8e65c9c58288448,21-14-7-0-17-10-3-20-13-6-23-16-9-2-19-12-5-22-15-8-1-18-11-4,stage3_native_combined552,N24_diversity_coverage,,,,,True,PASS_TEACHER_FIELDS_EXTRACTED,,0.0003836987480099,0.1492166519165039,581968448.0,579943936.0,,,,,,,,,False,False
24,S3R59N40PR40_N24_B10_n24_penalty,fcbafd8c402f16e8,22-14-12-10-8-6-4-2-0-23-21-19-11-1-3-5-7-9-13-15-17-16-18-20,stage3_native_combined552,N24_penalty_repair_diagnostic,,,,,True,PASS_TEACHER_FIELDS_EXTRACTED,,0.0001191965059206,0.1768487840890884,582971264.0,579943552.0,,,,,,,,,False,False
24,S3R59N40PR40_N24_B11_n24_penalty,5cede58a8d3359de,12-10-8-6-4-2-0-23-21-19-11-1-3-5-7-9-13-15-17-22-14-16-18-20,stage3_native_combined552,N24_penalty_repair_diagnostic,,,,,True,PASS_TEACHER_FIELDS_EXTRACTED,,0.0001428459177077,0.1672333478927612,583388352.0,579943744.0,,,,,,,,,False,False
24,S3R59N40PR40_N24_B12_n24_maint,b00cd524dca86995,10-8-6-4-2-0-23-17-15-13-9-7-5-3-1-11-19-21-22-12-14-16-18-20,stage3_native_combined552,N24_u2_reward_maintenance,,,,,True,PASS_TEACHER_FIELDS_EXTRACTED,,0.0001125989701904,0.1554912030696869,582126336.0,579944832.0,,,,,,,,,False,False
24,S3R59N40PR40_N24_B13_n24_maint,44dcaacdbad42f7f,14-12-10-8-6-4-2-0-23-17-15-13-9-7-5-3-1-11-19-21-22-16-18-20,stage3_native_combined552,N24_u2_reward_maintenance,,,,,True,PASS_TEACHER_FIELDS_EXTRACTED,,9.104845275942353e-05,0.1580812186002731,581617920.0,579943872.0,,,,,,,,,False,False
24,S3R59N40PR40_N24_B14_n24_maint,a50a84f9178306d9,20-18-16-14-12-10-8-6-4-2-0-23-17-15-13-9-7-5-3-1-11-19-21-22,stage3_native_combined552,N24_u2_reward_maintenance,,,,,True,PASS_TEACHER_FIELDS_EXTRACTED,,0.000118070066037,0.157501682639122,582982400.0,579944640.0,,,,,,,,,False,False
24,S3R59N40PR40_N24_B15_n24_maint,8a0e6e8eb4faa391,8-6-4-2-0-23-17-15-13-9-7-5-3-1-11-19-21-22-10-12-14-16-18-20,stage3_native_combined552,N24_u2_reward_maintenance,,,,,True,PASS_TEACHER_FIELDS_EXTRACTED,,0.0001111758224396,0.1559894531965255,582886080.0,579944576.0,,,,,,,,,False,False
24,S3R59N40PR40_N24_B16_n24_uncertainty,6ed85c81881004c9,22-17-15-13-9-20-18-16-14-12-10-8-6-4-2-0-23-21-19-11-1-3-5-7,stage3_native_combined552,N24_uncertainty_calibration,,,,,True,PASS_TEACHER_FIELDS_EXTRACTED,,0.0001070608966529,0.1637184023857116,582191552.0,579943680.0,,,,,,,,,False,False
40,S3R59N40PR40_N40_B01_n40_mises_repair,00587a1d85d9349a,0-2-5-7-9-11-13-15-17-19-34-36-39-37-35-33-31-29-27-25-23-21-1-3-4-6-8-10-12-14-16-18-20-22-24-26-28-30-32-38,stage3_native_combined552,N40_Mises_repair_candidates,,,,,True,PASS_TEACHER_FIELDS_EXTRACTED,,0.0002089603531203,0.1649283170700073,589684288.0,579926976.0,,,,,,,,,False,False
40,S3R59N40PR40_N40_B02_n40_peeq_repair,4ec242b7e2c0d850,0-3-5-7-9-11-13-15-17-19-24-26-28-30-32-38-36-34-22-20-18-16-14-12-10-8-6-4-2-1-21-23-25-27-29-31-33-35-39-37,stage3_native_combined552,N40_PEEQ_repair_candidates,,,,,True,PASS_TEACHER_FIELDS_EXTRACTED,,5.727253301301971e-05,0.1554671972990036,582288320.0,579926528.0,,,,,,,,,False,False
40,S3R59N40PR40_N40_B03_n40_surface_repair,4f226a89090b6292,0-2-5-7-9-11-13-15-17-19-32-38-36-34-30-28-26-24-22-20-18-16-14-12-10-8-6-4-3-1-21-23-25-27-29-31-33-35-37-39,stage3_native_combined552,N40_SurfaceT_repair_candidates,,,,,True,PASS_TEACHER_FIELDS_EXTRACTED,,6.958981612115167e-05,0.1523378044366836,582016128.0,579927488.0,,,,,,,,,False,False
40,S3R59N40PR40_N40_B04_n40_median,b6cb5add6c320264,0-2-5-7-9-11-13-15-17-19-32-36-38-34-30-28-26-24-22-20-18-16-14-12-10-8-6-4-3-1-21-23-25-27-29-31-33-35-37-39,stage3_native_combined552,N40_median_guard_repair,,,,,True,PASS_TEACHER_FIELDS_EXTRACTED,,7.110601291060448e-05,0.1523234695196151,582018816.0,579927488.0,,,,,,,,,False,False
40,S3R59N40PR40_N40_B05_n40_median,de2b5140e851a898,19-17-15-13-11-9-7-5-2-0-34-36-38-32-30-28-26-24-22-20-18-16-14-12-10-8-6-4-3-1-21-23-25-27-29-31-33-35-37-39,stage3_native_combined552,N40_median_guard_repair,,,,,True,PASS_TEACHER_FIELDS_EXTRACTED,,9.501385829935316e-05,0.1601337045431137,582205376.0,579926528.0,,,,,,,,,False,False
40,S3R59N40PR40_N40_B06_n40_no_median,239f1dde3c799579,0-2-5-7-9-11-13-15-17-19-28-30-32-38-36-34-26-24-22-20-18-16-14-12-10-8-6-4-3-1-21-23-25-27-29-31-33-35-37-39,stage3_native_combined552,N40_no_penalty_worse_than_median,,,,,True,PASS_TEACHER_FIELDS_EXTRACTED,,8.251216149801621e-05,0.1516209989786148,582085952.0,579927552.0,,,,,,,,,False,False
40,S3R59N40PR40_N40_B07_n40_no_median,84e9f4f966bcf19c,0-2-5-7-9-11-13-15-17-19-26-28-30-32-38-36-34-24-22-20-18-16-14-12-10-8-6-4-3-1-21-23-25-27-29-31-33-35-37-39,stage3_native_combined552,N40_no_penalty_worse_than_median,,,,,True,PASS_TEACHER_FIELDS_EXTRACTED,,7.809461021679454e-05,0.153184562921524,582160640.0,579926528.0,,,,,,,,,False,False
40,S3R59N40PR40_N40_B08_n40_penalty_repair,c837f4079b3a3e5b,0-2-5-7-9-11-13-15-17-19-34-36-38-32-30-28-26-24-22-20-18-16-14-12-10-8-6-4-3-1-21-23-25-27-29-31-33-35-39-37,stage3_native_combined552,N40_penalty_repair_local_search,,,,,True,PASS_TEACHER_FIELDS_EXTRACTED,,6.476157250290271e-05,0.1527572870254516,582009088.0,579926528.0,,,,,,,,,False,False
40,S3R59N40PR40_N40_B09_n40_penalty_repair,d23075235a46d076,0-2-5-7-9-11-13-15-17-19-38-36-34-32-30-28-26-24-22-20-18-16-14-12-10-8-6-4-3-1-21-23-25-27-29-31-33-35-37-39,stage3_native_combined552,N40_penalty_repair_local_search,,,,,True,PASS_TEACHER_FIELDS_EXTRACTED,,7.3961019552371e-05,0.1534765660762787,582004416.0,579927552.0,,,,,,,,,False,False
40,S3R59N40PR40_N40_B10_n40_penalty_repair,3832a9ba497d7f22,36-34-19-17-15-13-11-9-7-5-2-0-38-32-30-28-26-24-22-20-18-16-14-12-10-8-6-4-3-1-21-23-25-27-29-31-33-35-37-39,stage3_native_combined552,N40_penalty_repair_local_search,,,,,True,PASS_TEACHER_FIELDS_EXTRACTED,,0.0001235023337358,0.1647430956363678,582165248.0,579927488.0,,,,,,,,,False,False
40,S3R59N40PR40_N40_B11_n40_penalty_repair,5505d4051bd3897c,0-2-5-7-9-11-13-15-17-19-22-24-26-28-30-32-38-36-34-20-18-16-14-12-10-8-6-4-3-1-21-23-25-27-29-31-33-35-37-39,stage3_native_combined552,N40_penalty_repair_local_search,,,,,True,PASS_TEACHER_FIELDS_EXTRACTED,,8.56483711686451e-05,0.1562725901603698,582451072.0,579927552.0,,,,,,,,,False,False
40,S3R59N40PR40_N40_B12_n40_penalty_top,8effde4fb1895f8e,0-2-5-7-9-21-1-3-4-6-8-10-12-14-16-18-20-22-24-26-28-30-32-38-36-34-19-17-15-13-11-23-25-27-29-31-33-35-37-39,stage3_native_combined552,N40_penalty_repair_top,,,,,True,PASS_TEACHER_FIELDS_EXTRACTED,,0.0001891053861982,0.1626538634300232,584486144.0,579927296.0,,,,,,,,,False,False
40,S3R59N40PR40_N40_B13_n40_penalty_top,599db4efe4625099,25-23-21-1-3-4-6-8-10-12-14-16-18-20-22-24-26-28-30-32-38-36-34-19-17-15-13-11-9-7-5-2-0-27-29-31-33-35-37-39,stage3_native_combined552,N40_penalty_repair_top,,,,,True,PASS_TEACHER_FIELDS_EXTRACTED,,0.0001532133671844,0.1574422419071197,583485440.0,579927488.0,,,,,,,,,False,False
40,S3R59N40PR40_N40_B14_n40_penalty_top,4c0745929566fc08,0-2-3-7-9-11-13-15-17-19-34-36-38-32-30-28-26-24-22-20-18-16-14-12-10-8-6-4-5-1-21-23-25-27-29-31-33-35-37-39,stage3_native_combined552,N40_penalty_repair_top,,,,,True,PASS_TEACHER_FIELDS_EXTRACTED,,5.191683794691926e-05,0.1703883707523346,582015232.0,579927424.0,,,,,,,,,False,False
40,S3R59N40PR40_N40_B15_n40_penalty_top,5c68de5d40a2a69f,0-2-5-7-9-11-13-15-17-19-33-31-29-27-25-23-21-1-3-4-6-8-10-12-14-16-18-20-22-24-26-28-30-32-38-36-34-35-37-39,stage3_native_combined552,N40_penalty_repair_top,,,,,True,PASS_TEACHER_FIELDS_EXTRACTED,,0.0001742487111187,0.1756399422883987,587064192.0,579928576.0,,,,,,,,,False,False
40,S3R59N40PR40_N40_B16_n40_two_stage,2ef7cc7850d02d4b,0-2-5-7-9-11-13-15-17-19-24-26-28-30-32-38-36-34-22-20-18-16-14-12-10-8-6-4-3-1-21-23-25-27-29-31-33-35-37-39,stage3_native_combined552,N40_two_stage_penalty_repair,,,,,True,PASS_TEACHER_FIELDS_EXTRACTED,,5.533727926376741e-05,0.1533247381448745,582295040.0,579927552.0,,,,,,,,,False,False
40,S3R59N40PR40_N40_B17_n40_two_stage,d48ea0f533c23728,0-2-4-7-9-11-13-15-17-19-34-36-38-32-30-28-26-24-22-20-18-16-14-12-10-8-6-5-3-1-21-23-25-27-29-31-33-35-37-39,stage3_native_combined552,N40_two_stage_penalty_repair,,,,,True,PASS_TEACHER_FIELDS_EXTRACTED,,5.130235695105512e-05,0.1530022919178009,582005440.0,579927552.0,,,,,,,,,False,False
40,S3R59N40PR40_N40_B18_n40_two_stage,ea308832741b0399,0-2-5-7-9-11-13-15-17-19-34-36-38-35-33-31-29-27-25-23-21-1-3-4-6-8-10-12-14-16-18-20-22-24-26-28-30-32-37-39,stage3_native_combined552,N40_two_stage_penalty_repair,,,,,True,PASS_TEACHER_FIELDS_EXTRACTED,,0.0002040392319031,0.1640890538692474,588950400.0,579927296.0,,,,,,,,,False,False
40,S3R59N40PR40_N40_B19_n40_u2ret_repair,d6a7df55f77df95f,0-3-5-7-9-11-13-15-17-19-24-26-28-30-34-36-38-32-22-20-18-16-14-12-10-8-6-4-2-1-21-23-25-27-29-31-33-35-37-39,stage3_native_combined552,N40_u2_reward_retention_local_repair,,,,,True,PASS_TEACHER_FIELDS_EXTRACTED,,5.447568582894746e-05,0.1536350399255752,582269312.0,579927872.0,,,,,,,,,False,False
40,S3R59N40PR40_N40_B20_n40_u2ret_repair,338a4d92a6b93af9,0-3-5-7-9-11-13-15-17-19-24-26-34-36-38-32-30-28-22-20-18-16-14-12-10-8-6-4-2-1-21-23-25-27-29-31-33-35-37-39,stage3_native_combined552,N40_u2_reward_retention_local_repair,,,,,True,PASS_TEACHER_FIELDS_EXTRACTED,,7.352428656304255e-05,0.1558193564414978,582150656.0,579927552.0,,,,,,,,,False,False
40,S3R59N40PR40_N40_B21_n40_u2ret_repair,d97f5f24b924530b,0-3-5-7-9-11-13-15-17-19-24-34-36-38-32-30-28-26-22-20-18-16-14-12-10-8-6-4-2-1-21-23-25-27-29-31-33-35-37-39,stage3_native_combined552,N40_u2_reward_retention_local_repair,,,,,True,PASS_TEACHER_FIELDS_EXTRACTED,,7.584344893984962e-05,0.155017614364624,582094720.0,579927488.0,,,,,,,,,False,False
40,S3R59N40PR40_N40_B22_n40_u2ret_top,2111f63fa8a24a1f,4-3-5-7-9-11-13-15-17-19-24-26-28-30-32-38-36-34-22-20-18-16-14-12-10-8-6-0-2-1-21-23-25-27-29-31-33-35-37-39,stage3_native_combined552,N40_u2_reward_retention_top,,,,,True,PASS_TEACHER_FIELDS_EXTRACTED,,6.851953367004171e-05,0.1649787276983261,582289664.0,579927552.0,,,,,,,,,False,False
40,S3R59N40PR40_N40_B23_n40_u2ret_top,43beaa0f788be14e,0-3-5-7-9-11-13-15-17-19-22-26-28-30-32-38-36-34-24-20-18-16-14-12-10-8-6-4-2-1-21-23-25-27-29-31-33-35-37-39,stage3_native_combined552,N40_u2_reward_retention_top,,,,,True,PASS_TEACHER_FIELDS_EXTRACTED,,9.117159152083332e-05,0.1538078635931015,582321152.0,579927808.0,,,,,,,,,False,False
40,S3R59N40PR40_N40_B24_n40_u2ret_top,780b3d41ea73762d,0-3-5-7-9-11-13-15-17-19-24-26-28-30-32-36-38-34-22-20-18-16-14-12-10-8-6-4-2-1-21-23-25-27-29-31-33-35-37-39,stage3_native_combined552,N40_u2_reward_retention_top,,,,,True,PASS_TEACHER_FIELDS_EXTRACTED,,5.292977675708244e-05,0.1536608040332794,582292864.0,579926528.0,,,,,,,,,False,False
24,S3R64VNR_N24_B01_n24_diversity,12793ccf8df402ed,3-8-13-18-23-4-9-14-19-0-5-10-15-20-1-6-11-16-21-2-7-12-17-22,stage3_native_combined552,N24_frozen_diversity_coverage,,,,,True,PASS_TEACHER_FIELDS_EXTRACTED,,0.0005476717965393,0.1511800736188888,581922240.0,579943744.0,,,,,,,,,False,False
24,S3R64VNR_N24_B02_n24_penalty_diag,7b1e8363fa479c04,22-17-21-13-9-7-5-3-1-11-19-15-23-0-2-4-6-8-10-12-14-16-18-20,stage3_native_combined552,N24_frozen_penalty_diagnostic,,,,,True,PASS_TEACHER_FIELDS_EXTRACTED,,5.817346982439631e-05,0.1540863960981369,581985280.0,579944384.0,,,,,,,,,False,False
24,S3R64VNR_N24_B03_n24_penalty_diag,d549611332654032,22-17-15-13-9-7-5-3-1-11-19-21-23-0-2-4-6-8-10-12-20-16-18-14,stage3_native_combined552,N24_frozen_penalty_diagnostic,,,,,True,PASS_TEACHER_FIELDS_EXTRACTED,,7.998157980182441e-05,0.1573197245597839,584387200.0,579944384.0,,,,,,,,,False,False
24,S3R64VNR_N24_B04_n24_frozen_ref,f71a3d4cd71aa3bc,22-23-15-13-9-7-5-3-1-11-19-21-17-0-2-4-6-8-10-12-14-16-18-20,stage3_native_combined552,N24_frozen_reference_maintenance,,,,,True,PASS_TEACHER_FIELDS_EXTRACTED,,4.555185842036735e-05,0.1563369333744049,581939200.0,579943552.0,,,,,,,,,False,False
24,S3R64VNR_N24_B05_n24_frozen_ref,503e5a1dc092b7f5,22-17-15-13-9-7-5-3-1-11-19-21-23-0-2-4-12-8-10-6-14-16-18-20,stage3_native_combined552,N24_frozen_reference_maintenance,,,,,True,PASS_TEACHER_FIELDS_EXTRACTED,,8.479232792524272e-05,0.1526632010936737,581897600.0,579943552.0,,,,,,,,,False,False
24,S3R64VNR_N24_B06_n24_frozen_ref,d83123af51daf0e5,22-18-16-14-12-10-8-6-4-2-0-23-21-19-11-1-3-5-7-9-13-15-17-20,stage3_native_combined552,N24_frozen_reference_maintenance,,,,,True,PASS_TEACHER_FIELDS_EXTRACTED,,5.291443812893704e-05,0.1540330648422241,584860160.0,579944576.0,,,,,,,,,False,False
24,S3R64VNR_N24_B07_n24_uncertainty,c5685341435dbba9,22-17-15-13-3-7-5-9-1-11-19-21-23-0-2-4-6-8-10-12-14-16-18-20,stage3_native_combined552,N24_frozen_uncertainty_calibration,,,,,True,PASS_TEACHER_FIELDS_EXTRACTED,,4.171763998783717e-05,0.1558772623538971,582083072.0,579944448.0,,,,,,,,,False,False
24,S3R64VNR_N24_B08_n24_uncertainty,252e5d5500b0b1c5,22-17-15-13-9-7-5-3-1-11-19-21-23-0-2-4-6-8-10-18-14-16-12-20,stage3_native_combined552,N24_frozen_uncertainty_calibration,,,,,True,PASS_TEACHER_FIELDS_EXTRACTED,,6.466203285526717e-05,0.1559343636035919,581858048.0,579943552.0,,,,,,,,,False,False
40,S3R64VNR_N40_B01_n40_median_anchor,9b68daae308ba36c,0-2-4-7-9-11-13-15-17-19-34-36-38-32-30-28-26-24-22-20-18-16-14-12-10-8-6-5-3-1-21-23-25-27-29-31-33-39-37-35,stage3_native_combined552,N40_followup_median_guard,,,,,True,PASS_TEACHER_FIELDS_EXTRACTED,,5.6084589232341386e-05,0.1540600657463073,581998016.0,579927744.0,,,,,,,,,False,False
40,S3R64VNR_N40_B02_n40_median_anchor,a187fc41fdc14966,0-2-4-7-9-11-13-15-17-19-34-36-38-32-30-28-26-24-22-20-18-16-14-12-10-8-6-5-1-3-21-23-25-27-29-31-33-35-37-39,stage3_native_combined552,N40_followup_median_guard,,,,,True,PASS_TEACHER_FIELDS_EXTRACTED,,5.432275065686554e-05,0.1546436995267868,582622080.0,579927552.0,,,,,,,,,False,False
40,S3R64VNR_N40_B03_n40_penalty_anchor,520a2adf7b065203,0-2-4-7-9-11-13-15-17-19-34-36-38-32-30-28-26-24-22-20-18-16-14-12-10-8-6-5-3-1-21-23-25-27-29-31-33-35-39-37,stage3_native_combined552,N40_followup_penalty_repair,,,,,True,PASS_TEACHER_FIELDS_EXTRACTED,,4.985593659512233e-05,0.1530022621154785,582002560.0,579926528.0,,,,,,,,,False,False
40,S3R64VNR_N40_B04_n40_penalty_anchor,7ce8fea890686db6,0-2-4-7-9-11-13-15-17-19-34-38-36-32-30-28-26-24-22-20-18-16-14-12-10-8-6-5-3-1-21-23-25-27-29-31-33-35-37-39,stage3_native_combined552,N40_followup_penalty_repair,,,,,True,PASS_TEACHER_FIELDS_EXTRACTED,,5.747088107455056e-05,0.1530022174119949,582004608.0,579927552.0,,,,,,,,,False,False
40,S3R64VNR_N40_B05_n40_penalty_anchor,ffa538795c04a1d8,0-2-4-7-9-11-13-15-17-19-28-30-32-38-36-34-26-24-22-20-18-16-14-12-10-8-6-5-3-1-21-23-25-27-29-31-33-35-37-39,stage3_native_combined552,N40_followup_penalty_repair,,,,,True,PASS_TEACHER_FIELDS_EXTRACTED,,8.35328528410173e-05,0.1529130041599273,582078528.0,579927552.0,,,,,,,,,False,False
40,S3R64VNR_N40_B06_n40_penalty_anchor,af289d6500456245,0-2-4-7-9-11-13-15-17-19-38-36-34-32-30-28-26-24-22-20-18-16-14-12-10-8-6-5-3-1-21-23-25-27-29-31-33-35-37-39,stage3_native_combined552,N40_followup_penalty_repair,,,,,True,PASS_TEACHER_FIELDS_EXTRACTED,,6.130760903033661e-05,0.1530033946037292,581996352.0,579926528.0,,,,,,,,,False,False
40,S3R64VNR_N40_B07_n40_penalty_anchor,b1662aa1e4d829a4,0-2-4-7-9-11-13-15-17-21-34-36-38-32-30-28-26-24-22-20-18-16-14-12-10-8-6-5-3-1-19-23-25-27-29-31-33-35-37-39,stage3_native_combined552,N40_followup_penalty_repair,,,,,True,PASS_TEACHER_FIELDS_EXTRACTED,,0.0001220961112267,0.1557970941066742,581830016.0,579927488.0,,,,,,,,,False,False
40,S3R64VNR_N40_B08_n40_twostage_anchor,18a9955104c55198,0-2-4-7-9-11-13-15-17-19-18-20-22-24-26-28-30-32-38-36-34-16-14-12-10-8-6-5-3-1-21-23-25-27-29-31-33-35-37-39,stage3_native_combined552,N40_followup_two_stage_repair,,,,,True,PASS_TEACHER_FIELDS_EXTRACTED,,0.0001824724781727,0.1579823493957519,584379968.0,579926400.0,,,,,,,,,False,False
40,S3R64VNR_N40_B09_n40_twostage_anchor,e3f5a4e0efaed659,0-2-4-7-9-11-13-15-17-19-32-38-36-34-30-28-26-24-22-20-18-16-14-12-10-8-6-5-3-1-21-23-25-27-29-31-33-35-37-39,stage3_native_combined552,N40_followup_two_stage_repair,,,,,True,PASS_TEACHER_FIELDS_EXTRACTED,,6.141205449239351e-05,0.153000921010971,582007808.0,579926528.0,,,,,,,,,False,False
40,S3R64VNR_N40_B10_n40_twostage_anchor,d36104e8a0eb26b9,0-2-4-7-9-11-13-15-17-19-30-32-38-36-34-28-26-24-22-20-18-16-14-12-10-8-6-5-3-1-21-23-25-27-29-31-33-35-37-39,stage3_native_combined552,N40_followup_two_stage_repair,,,,,True,PASS_TEACHER_FIELDS_EXTRACTED,,6.99615939083742e-05,0.1530580669641494,582033408.0,579927552.0,,,,,,,,,False,False
40,S3R64VNR_N40_B11_n40_twostage_anchor,d77d6198e5ef70fc,0-2-4-7-9-11-13-15-17-19-26-28-30-32-38-36-34-24-22-20-18-16-14-12-10-8-6-5-3-1-21-23-25-27-29-31-33-35-37-39,stage3_native_combined552,N40_followup_two_stage_repair,,,,,True,PASS_TEACHER_FIELDS_EXTRACTED,,8.085075614872039e-05,0.1531791687011718,582157568.0,579927552.0,,,,,,,,,False,False
40,S3R64VNR_N40_B12_n40_u2ret_anchor,d515702c8928ef8e,0-2-6-7-9-11-13-15-17-19-34-36-38-32-30-28-26-24-22-20-18-16-14-12-10-8-4-5-3-1-21-23-25-27-29-31-33-35-37-39,stage3_native_combined552,N40_followup_u2_reward_retention,,,,,True,PASS_TEACHER_FIELDS_EXTRACTED,,5.356389920052607e-05,0.1525734812021255,582035776.0,579926528.0,,,,,,,,,False,False
40,S3R64VNR_N40_B13_n40_u2ret_anchor,87bdfcf1fc6af4d6,0-2-4-7-9-11-13-15-17-19-22-24-26-28-30-32-38-36-34-20-18-16-14-12-10-8-6-5-3-1-21-23-25-27-29-31-33-35-37-39,stage3_native_combined552,N40_followup_u2_reward_retention,,,,,True,PASS_TEACHER_FIELDS_EXTRACTED,,9.231305921275634e-05,0.1562604457139969,582445952.0,579927552.0,,,,,,,,,False,False
40,S3R64VNR_N40_B14_n40_u2ret_anchor,b2d0852871ae73a9,0-2-4-7-9-11-13-15-17-19-32-36-38-34-30-28-26-24-22-20-18-16-14-12-10-8-6-5-3-1-21-23-25-27-29-31-33-35-37-39,stage3_native_combined552,N40_followup_u2_reward_retention,,,,,True,PASS_TEACHER_FIELDS_EXTRACTED,,6.342684173432644e-05,0.1530008018016815,582009344.0,579926528.0,,,,,,,,,False,False
40,S3R64VNR_N40_B15_n40_u2ret_anchor,d9c22149ede815b6,0-2-4-6-9-11-13-15-17-19-34-36-38-32-30-28-26-24-22-20-18-16-14-12-10-8-7-5-3-1-21-23-25-27-29-31-33-35-37-39,stage3_native_combined552,N40_followup_u2_reward_retention,,,,,True,PASS_TEACHER_FIELDS_EXTRACTED,,4.5779268475598656e-05,0.1553586423397064,581956288.0,579927552.0,,,,,,,,,False,False
40,S3R64VNR_N40_B16_n40_u2ret_anchor,e9c2b38a026519d5,0-2-4-7-9-11-13-15-17-19-39-37-35-33-31-29-27-25-23-21-1-3-5-6-8-10-12-14-16-18-20-22-24-26-28-30-32-38-36-34,stage3_native_combined552,N40_followup_u2_reward_retention,,,,,True,PASS_TEACHER_FIELDS_EXTRACTED,,0.0002276034210808,0.1646121740341186,588338816.0,579926336.0,,,,,,,,,False,False
24,S3R69SNR_N24_B01_n24_anchor_ref,00675d2f78e22071,22-17-15-13-9-7-5-3-1-11-19-21-23-0-2-4-6-8-16-12-14-10-18-20,stage3_native_combined552,N24_frozen_top_density_reference,,,,,True,PASS_TEACHER_FIELDS_EXTRACTED,,5.2054501793463714e-05,0.1573824286460876,581868672.0,579943616.0,,,,,,,,,False,False
24,S3R69SNR_N24_B02_n24_anchor_ref,fb07af83facabb20,22-17-19-21-9-7-5-3-1-11-15-13-23-0-2-4-6-8-10-12-14-16-18-20,stage3_native_combined552,N24_frozen_top_density_reference,,,,,True,PASS_TEACHER_FIELDS_EXTRACTED,,5.223163771006512e-05,0.1590837091207504,582154880.0,579943552.0,,,,,,,,,False,False
24,S3R69SNR_N24_B03_n24_uncertainty,078633e14ca02b45,22-17-15-13-9-7-5-3-1-11-19-21-23-0-6-4-2-10-8-12-14-16-18-20,stage3_native_combined552,N24_uncertainty_anchor,,,,,True,PASS_TEACHER_FIELDS_EXTRACTED,,7.800453818163078e-05,0.152449369430542,581069440.0,579943488.0,,,,,,,,,False,False
24,S3R69SNR_N24_B04_n24_uncertainty,03078ca2a17672da,22-17-15-13-9-5-7-3-1-11-19-21-23-0-6-4-2-8-10-12-14-16-18-20,stage3_native_combined552,N24_uncertainty_anchor,,,,,True,PASS_TEACHER_FIELDS_EXTRACTED,,5.831045632476162e-05,0.1526206135749817,581044032.0,579943552.0,,,,,,,,,False,False
40,S3R69SNR_N40_B01_n40_anchor_ref,98dc290342f4d5f2,0-2-4-7-9-11-13-15-17-19-34-38-36-32-30-28-26-24-22-20-18-16-14-12-10-8-6-5-3-1-21-23-25-27-29-31-33-35-39-37,stage3_native_combined552,N40_frozen_u2_reward_reference,,,,,True,PASS_TEACHER_FIELDS_EXTRACTED,,5.276091178529896e-05,0.1530022174119949,582005760.0,579927488.0,,,,,,,,,False,False
40,S3R69SNR_N40_B02_n40_anchor_ref,df79a1d21e244f9f,0-2-4-7-9-11-13-15-17-21-34-36-38-32-30-28-26-24-22-20-18-16-14-12-10-8-6-5-3-1-19-23-25-27-29-31-33-35-39-37,stage3_native_combined552,N40_frozen_u2_reward_reference,,,,,True,PASS_TEACHER_FIELDS_EXTRACTED,,0.0001171559779322,0.155797079205513,581827520.0,579926464.0,,,,,,,,,False,False
40,S3R69SNR_N40_B03_n40_sentinel,7bfd40e7a6537db1,39-38-37-36-35-34-33-32-31-30-29-28-27-26-25-24-23-22-21-20-19-18-17-16-15-14-13-12-11-10-9-8-7-6-5-4-3-2-1-0,stage3_native_combined552,N40_sentinel_control,,,,,True,PASS_TEACHER_FIELDS_EXTRACTED,,0.0014464138075709,0.2005163431167602,585363712.0,579929728.0,,,,,,,,,False,False
40,S3R69SNR_N40_B04_n40_uncertainty,7fe0a8bda43590a7,0-2-4-7-9-11-13-15-17-19-20-22-24-26-28-30-32-38-36-34-18-16-14-12-10-8-6-5-3-1-21-23-25-27-29-31-33-35-39-37,stage3_native_combined552,N40_uncertainty_anchor,,,,,True,PASS_TEACHER_FIELDS_EXTRACTED,,0.000152768292537,0.159089058637619,584628864.0,579927424.0,,,,,,,,,False,False
24,S3R74FSD_N24_B01_n24_anchor_ref,d7ba002519eefbc4,22-17-15-1-9-7-5-3-13-11-19-21-23-0-2-4-6-8-10-12-14-16-18-20,stage3_native_combined552,N24_anchor_top_density_reference,,,,,True,PASS_TEACHER_FIELDS_EXTRACTED,,4.495266580306634e-05,0.1542437821626663,582444480.0,579944384.0,,,,,,,,,False,False
24,S3R74FSD_N24_B02_n24_anchor_ref,3b4b69afba173369,22-17-15-13-11-1-3-5-7-9-19-21-23-0-2-4-6-8-10-12-14-16-18-20,stage3_native_combined552,N24_anchor_top_density_reference,,,,,True,PASS_TEACHER_FIELDS_EXTRACTED,,4.6763470891164616e-05,0.1578554660081863,582119488.0,579944448.0,,,,,,,,,False,False
40,S3R74FSD_N40_B01_n40_anchor_ref,8fa9a86e354e7e40,0-2-4-7-9-11-13-15-17-19-32-36-38-34-30-28-26-24-22-20-18-16-14-12-10-8-6-5-3-1-21-23-25-27-29-31-33-35-39-37,stage3_native_combined552,N40_anchor_u2_reward_reference,,,,,True,PASS_TEACHER_FIELDS_EXTRACTED,,5.995848368911538e-05,0.1530008167028427,582012928.0,579927488.0,,,,,,,,,False,False
40,S3R74FSD_N40_B02_n40_anchor_ref,8dcfe2b90c080e0c,0-2-4-7-9-11-13-15-17-19-30-32-38-36-34-28-26-24-22-20-18-16-14-12-10-8-6-5-3-1-21-23-25-27-29-31-33-35-39-37,stage3_native_combined552,N40_anchor_u2_reward_reference,,,,,True,PASS_TEACHER_FIELDS_EXTRACTED,,6.69350556563586e-05,0.1530580669641494,582034624.0,579927552.0,,,,,,,,,False,False
24,PPOV02_N24_B01_deterministic,ff37fba1e29bb951,"21,17,3,7,9,13,5,1,11,15,19,23,0,2,18,20,22,4,8,10,12,14,6,16",ppo_v02K2_targeted_batch32,PPO_v02_checkpoint_inference,E:\Projects\RL-LAM-ScanOpt\outputs\stage3_ppo_rl_lam_fea_addendum_v02_targeted_N24_N40\ppo_training_v02\checkpoints\N24_seed20260624_maskable_ppo_v02.zip,20260624,0.6618605894466809,0.6379732442250574,True,PASS_TEACHER_FIELDS_EXTRACTED,E:\Projects\RL-LAM-ScanOpt\outputs\stage3_ppo_rl_lam_fea_addendum_v02_targeted_N24_N40\stageM_ODB_teacher_metric_extraction\stageM_v02K2_teacher_metrics.csv,0.0001373703046283,0.1570048183202743,582478464.0,579943296.0,deterministic,deterministic,,step_final_cooling,1200.0,AC YIELD;HFL;NT11;PEEQ;RF;S;U,WARNING_SUCCESS_WITH_WARNINGS,PASS_ODB_FINAL_FRAME_EXTRACTED,False,True
24,PPOV02_N24_B02_conservative_top,0ff174d17e9a1393,"21,17,3,7,9,13,1,5,11,15,19,23,0,2,18,20,22,4,8,10,12,14,6,16",ppo_v02K2_targeted_batch32,PPO_v02_checkpoint_inference,E:\Projects\RL-LAM-ScanOpt\outputs\stage3_ppo_rl_lam_fea_addendum_v02_targeted_N24_N40\ppo_training_v02\checkpoints\N24_seed20260624_maskable_ppo_v02.zip,20260624,0.6781519342470662,0.6500268544277213,True,PASS_TEACHER_FIELDS_EXTRACTED,E:\Projects\RL-LAM-ScanOpt\outputs\stage3_ppo_rl_lam_fea_addendum_v02_targeted_N24_N40\stageM_ODB_teacher_metric_extraction\stageM_v02K2_teacher_metrics.csv,0.0001405746613727,0.1568506360054016,582553984.0,579944192.0,stochastic,conservative_top,,step_final_cooling,1200.0,AC YIELD;HFL;NT11;PEEQ;RF;S;U,WARNING_SUCCESS_WITH_WARNINGS,PASS_ODB_FINAL_FRAME_EXTRACTED,False,True
24,PPOV02_N24_B03_conservative_top,c8f6c3a9e447340c,"21,17,3,7,9,13,1,5,11,15,19,23,0,2,18,20,22,4,8,10,12,14,16,6",ppo_v02K2_targeted_batch32,PPO_v02_checkpoint_inference,E:\Projects\RL-LAM-ScanOpt\outputs\stage3_ppo_rl_lam_fea_addendum_v02_targeted_N24_N40\ppo_training_v02\checkpoints\N24_seed20260624_maskable_ppo_v02.zip,20260624,0.6781519342470662,0.6500016411241781,True,PASS_TEACHER_FIELDS_EXTRACTED,E:\Projects\RL-LAM-ScanOpt\outputs\stage3_ppo_rl_lam_fea_addendum_v02_targeted_N24_N40\stageM_ODB_teacher_metric_extraction\stageM_v02K2_teacher_metrics.csv,0.0001253161628937,0.1559049040079116,582563008.0,579944192.0,stochastic,conservative_top,,step_final_cooling,1200.0,AC YIELD;HFL;NT11;PEEQ;RF;S;U,WARNING_SUCCESS_WITH_WARNINGS,PASS_ODB_FINAL_FRAME_EXTRACTED,False,True
24,PPOV02_N24_B04_conservative_top,25710a3b8b1e15d8,"21,17,3,7,9,13,1,5,11,15,19,23,0,2,18,20,22,4,8,10,12,6,14,16",ppo_v02K2_targeted_batch32,PPO_v02_checkpoint_inference,E:\Projects\RL-LAM-ScanOpt\outputs\stage3_ppo_rl_lam_fea_addendum_v02_targeted_N24_N40\ppo_training_v02\checkpoints\N24_seed20260624_maskable_ppo_v02.zip,20260624,0.6781519342470662,0.6482882321571113,True,PASS_TEACHER_FIELDS_EXTRACTED,E:\Projects\RL-LAM-ScanOpt\outputs\stage3_ppo_rl_lam_fea_addendum_v02_targeted_N24_N40\stageM_ODB_teacher_metric_extraction\stageM_v02K2_teacher_metrics.csv,0.0001418486497186,0.1580588072538375,582541824.0,579944256.0,stochastic,conservative_top,,step_final_cooling,1200.0,AC YIELD;HFL;NT11;PEEQ;RF;S;U,WARNING_SUCCESS_WITH_WARNINGS,PASS_ODB_FINAL_FRAME_EXTRACTED,False,True
24,PPOV02_N24_B05_conservative_top,c24bc45fe2056c79,"21,17,7,3,9,13,5,1,11,15,23,19,0,2,18,20,22,4,8,10,12,14,6,16",ppo_v02K2_targeted_batch32,PPO_v02_checkpoint_inference,E:\Projects\RL-LAM-ScanOpt\outputs\stage3_ppo_rl_lam_fea_addendum_v02_targeted_N24_N40\ppo_training_v02\checkpoints\N24_seed20260624_maskable_ppo_v02.zip,20260624,0.6584063149708338,0.6390767891815406,True,PASS_TEACHER_FIELDS_EXTRACTED,E:\Projects\RL-LAM-ScanOpt\outputs\stage3_ppo_rl_lam_fea_addendum_v02_targeted_N24_N40\stageM_ODB_teacher_metric_extraction\stageM_v02K2_teacher_metrics.csv,0.0001512951259883,0.1581601947546005,582413952.0,579944192.0,stochastic,conservative_top,,step_final_cooling,1200.0,AC YIELD;HFL;NT11;PEEQ;RF;S;U,WARNING_SUCCESS_WITH_WARNINGS,PASS_ODB_FINAL_FRAME_EXTRACTED,False,True
24,PPOV02_N24_B06_conservative_top,5a3e5b67b567e659,"21,17,7,3,9,13,5,1,11,15,19,23,0,2,18,20,22,4,8,10,12,14,16,6",ppo_v02K2_targeted_batch32,PPO_v02_checkpoint_inference,E:\Projects\RL-LAM-ScanOpt\outputs\stage3_ppo_rl_lam_fea_addendum_v02_targeted_N24_N40\ppo_training_v02\checkpoints\N24_seed20260624_maskable_ppo_v02.zip,20260624,0.6549937951091864,0.639070100039858,True,PASS_TEACHER_FIELDS_EXTRACTED,E:\Projects\RL-LAM-ScanOpt\outputs\stage3_ppo_rl_lam_fea_addendum_v02_targeted_N24_N40\stageM_ODB_teacher_metric_extraction\stageM_v02K2_teacher_metrics.csv,0.0001312723863975,0.1560669243335724,582418432.0,579944192.0,stochastic,conservative_top,,step_final_cooling,1200.0,AC YIELD;HFL;NT11;PEEQ;RF;S;U,WARNING_SUCCESS_WITH_WARNINGS,PASS_ODB_FINAL_FRAME_EXTRACTED,False,True
24,PPOV02_N24_B07_conservative_top,d8c8080ed994dc75,"21,17,7,3,9,13,5,1,11,15,19,23,0,2,18,20,22,4,8,10,12,14,6,16",ppo_v02K2_targeted_batch32,PPO_v02_checkpoint_inference,E:\Projects\RL-LAM-ScanOpt\outputs\stage3_ppo_rl_lam_fea_addendum_v02_targeted_N24_N40\ppo_training_v02\checkpoints\N24_seed20260624_maskable_ppo_v02.zip,20260624,0.6549937951091864,0.6387758045139915,True,PASS_TEACHER_FIELDS_EXTRACTED,E:\Projects\RL-LAM-ScanOpt\outputs\stage3_ppo_rl_lam_fea_addendum_v02_targeted_N24_N40\stageM_ODB_teacher_metric_extraction\stageM_v02K2_teacher_metrics.csv,0.0001466702935886,0.1569990962743759,582414528.0,579943296.0,stochastic,conservative_top,,step_final_cooling,1200.0,AC YIELD;HFL;NT11;PEEQ;RF;S;U,WARNING_SUCCESS_WITH_WARNINGS,PASS_ODB_FINAL_FRAME_EXTRACTED,False,True
24,PPOV02_N24_B08_conservative_top,2016af1b67bc04b5,"21,17,3,7,9,13,5,1,11,15,19,23,0,2,18,20,22,4,8,10,12,14,16,6",ppo_v02K2_targeted_batch32,PPO_v02_checkpoint_inference,E:\Projects\RL-LAM-ScanOpt\outputs\stage3_ppo_rl_lam_fea_addendum_v02_targeted_N24_N40\ppo_training_v02\checkpoints\N24_seed20260624_maskable_ppo_v02.zip,20260624,0.6618605894466809,0.6379882652362484,True,PASS_TEACHER_FIELDS_EXTRACTED,E:\Projects\RL-LAM-ScanOpt\outputs\stage3_ppo_rl_lam_fea_addendum_v02_targeted_N24_N40\stageM_ODB_teacher_metric_extraction\stageM_v02K2_teacher_metrics.csv,0.0001219500038587,0.1558585613965988,582482496.0,579944192.0,stochastic,conservative_top,,step_final_cooling,1200.0,AC YIELD;HFL;NT11;PEEQ;RF;S;U,WARNING_SUCCESS_WITH_WARNINGS,PASS_ODB_FINAL_FRAME_EXTRACTED,False,True
24,PPOV02_N24_B09_diverse_tophalf,ff6181ae5f5a3b35,"21,3,17,7,13,9,5,11,1,15,23,19,20,0,2,18,22,4,8,10,12,14,6,16",ppo_v02K2_targeted_batch32,PPO_v02_checkpoint_inference,E:\Projects\RL-LAM-ScanOpt\outputs\stage3_ppo_rl_lam_fea_addendum_v02_targeted_N24_N40\ppo_training_v02\checkpoints\N24_seed20260624_maskable_ppo_v02.zip,20260624,0.6600199010313651,0.6308376114450673,True,PASS_TEACHER_FIELDS_EXTRACTED,E:\Projects\RL-LAM-ScanOpt\outputs\stage3_ppo_rl_lam_fea_addendum_v02_targeted_N24_N40\stageM_ODB_teacher_metric_extraction\stageM_v02K2_teacher_metrics.csv,0.0001511850073256,0.1584213674068451,582500800.0,579944128.0,stochastic,diverse_tophalf,,step_final_cooling,1200.0,AC YIELD;HFL;NT11;PEEQ;RF;S;U,WARNING_SUCCESS_WITH_WARNINGS,PASS_ODB_FINAL_FRAME_EXTRACTED,False,True
24,PPOV02_N24_B10_diverse_tophalf,47760e25947f63f9,"21,3,17,9,7,13,5,1,11,15,19,23,0,2,18,20,22,8,10,12,4,6,14,16",ppo_v02K2_targeted_batch32,PPO_v02_checkpoint_inference,E:\Projects\RL-LAM-ScanOpt\outputs\stage3_ppo_rl_lam_fea_addendum_v02_targeted_N24_N40\ppo_training_v02\checkpoints\N24_seed20260624_maskable_ppo_v02.zip,20260624,0.6716951640917757,0.6356392439556197,True,PASS_TEACHER_FIELDS_EXTRACTED,E:\Projects\RL-LAM-ScanOpt\outputs\stage3_ppo_rl_lam_fea_addendum_v02_targeted_N24_N40\stageM_ODB_teacher_metric_extraction\stageM_v02K2_teacher_metrics.csv,0.0001572077326272,0.1567660719156265,582435264.0,579943296.0,stochastic,diverse_tophalf,,step_final_cooling,1200.0,AC YIELD;HFL;NT11;PEEQ;RF;S;U,WARNING_SUCCESS_WITH_WARNINGS,PASS_ODB_FINAL_FRAME_EXTRACTED,False,True
24,PPOV02_N24_B11_diverse_tophalf,0c749c8bf0d90074,"21,17,3,9,7,13,15,1,5,11,19,23,18,0,2,22,20,4,8,10,12,14,6,16",ppo_v02K2_targeted_batch32,PPO_v02_checkpoint_inference,E:\Projects\RL-LAM-ScanOpt\outputs\stage3_ppo_rl_lam_fea_addendum_v02_targeted_N24_N40\ppo_training_v02\checkpoints\N24_seed20260624_maskable_ppo_v02.zip,20260624,0.6554263196367985,0.6303504529920838,True,PASS_TEACHER_FIELDS_EXTRACTED,E:\Projects\RL-LAM-ScanOpt\outputs\stage3_ppo_rl_lam_fea_addendum_v02_targeted_N24_N40\stageM_ODB_teacher_metric_extraction\stageM_v02K2_teacher_metrics.csv,0.0001355442798285,0.1595543026924133,582466368.0,579943296.0,stochastic,diverse_tophalf,,step_final_cooling,1200.0,AC YIELD;HFL;NT11;PEEQ;RF;S;U,WARNING_SUCCESS_WITH_WARNINGS,PASS_ODB_FINAL_FRAME_EXTRACTED,False,True
24,PPOV02_N24_B12_diverse_tophalf,3995ed2b0c2db6cc,"21,3,17,7,9,13,5,1,11,23,15,19,0,2,18,22,20,4,8,10,12,6,14,16",ppo_v02K2_targeted_batch32,PPO_v02_checkpoint_inference,E:\Projects\RL-LAM-ScanOpt\outputs\stage3_ppo_rl_lam_fea_addendum_v02_targeted_N24_N40\ppo_training_v02\checkpoints\N24_seed20260624_maskable_ppo_v02.zip,20260624,0.657739953686204,0.6320727907972225,True,PASS_TEACHER_FIELDS_EXTRACTED,E:\Projects\RL-LAM-ScanOpt\outputs\stage3_ppo_rl_lam_fea_addendum_v02_targeted_N24_N40\stageM_ODB_teacher_metric_extraction\stageM_v02K2_teacher_metrics.csv,0.0001403370131356,0.1574152559041977,582492352.0,579944192.0,stochastic,diverse_tophalf,,step_final_cooling,1200.0,AC YIELD;HFL;NT11;PEEQ;RF;S;U,WARNING_SUCCESS_WITH_WARNINGS,PASS_ODB_FINAL_FRAME_EXTRACTED,False,True
24,PPOV02_N24_B13_diverse_tophalf,12d8d508bf9c0aa0,"21,3,7,17,9,13,5,11,1,19,15,23,0,2,18,4,20,22,8,10,12,14,6,16",ppo_v02K2_targeted_batch32,PPO_v02_checkpoint_inference,E:\Projects\RL-LAM-ScanOpt\outputs\stage3_ppo_rl_lam_fea_addendum_v02_targeted_N24_N40\ppo_training_v02\checkpoints\N24_seed20260624_maskable_ppo_v02.zip,20260624,0.6580546524284444,0.6318415479184212,True,PASS_TEACHER_FIELDS_EXTRACTED,E:\Projects\RL-LAM-ScanOpt\outputs\stage3_ppo_rl_lam_fea_addendum_v02_targeted_N24_N40\stageM_ODB_teacher_metric_extraction\stageM_v02K2_teacher_metrics.csv,0.0001307263842136,0.1622798889875412,582223488.0,579944192.0,stochastic,diverse_tophalf,,step_final_cooling,1200.0,AC YIELD;HFL;NT11;PEEQ;RF;S;U,WARNING_SUCCESS_WITH_WARNINGS,PASS_ODB_FINAL_FRAME_EXTRACTED,False,True
24,PPOV02_N24_B14_novelty_tophalf,e9785cdd94f93113,"21,17,7,3,13,9,5,1,11,15,19,23,0,2,18,20,22,4,8,10,12,6,14,16",ppo_v02K2_targeted_batch32,PPO_v02_checkpoint_inference,E:\Projects\RL-LAM-ScanOpt\outputs\stage3_ppo_rl_lam_fea_addendum_v02_targeted_N24_N40\ppo_training_v02\checkpoints\N24_seed20260624_maskable_ppo_v02.zip,20260624,0.6600199010313651,0.6366791768547079,True,PASS_TEACHER_FIELDS_EXTRACTED,E:\Projects\RL-LAM-ScanOpt\outputs\stage3_ppo_rl_lam_fea_addendum_v02_targeted_N24_N40\stageM_ODB_teacher_metric_extraction\stageM_v02K2_teacher_metrics.csv,0.0001495309904839,0.1570644378662109,582398400.0,579943360.0,stochastic,novelty_tophalf,,step_final_cooling,1200.0,AC YIELD;HFL;NT11;PEEQ;RF;S;U,WARNING_SUCCESS_WITH_WARNINGS,PASS_ODB_FINAL_FRAME_EXTRACTED,False,True
24,PPOV02_N24_B15_novelty_tophalf,0b587b2305dd8692,"21,9,17,3,7,13,5,1,11,15,19,23,0,2,18,20,22,4,8,10,12,6,14,16",ppo_v02K2_targeted_batch32,PPO_v02_checkpoint_inference,E:\Projects\RL-LAM-ScanOpt\outputs\stage3_ppo_rl_lam_fea_addendum_v02_targeted_N24_N40\ppo_training_v02\checkpoints\N24_seed20260624_maskable_ppo_v02.zip,20260624,0.6604327123822783,0.6300114696241449,True,PASS_TEACHER_FIELDS_EXTRACTED,E:\Projects\RL-LAM-ScanOpt\outputs\stage3_ppo_rl_lam_fea_addendum_v02_targeted_N24_N40\stageM_ODB_teacher_metric_extraction\stageM_v02K2_teacher_metrics.csv,0.0001557411108024,0.1584829539060592,582389120.0,579943360.0,stochastic,novelty_tophalf,,step_final_cooling,1200.0,AC YIELD;HFL;NT11;PEEQ;RF;S;U,WARNING_SUCCESS_WITH_WARNINGS,PASS_ODB_FINAL_FRAME_EXTRACTED,False,True
24,PPOV02_N24_B16_novelty_tophalf,c13cf1f80061e36e,"21,3,17,7,9,13,5,1,11,15,19,23,0,2,18,20,22,4,8,6,12,10,14,16",ppo_v02K2_targeted_batch32,PPO_v02_checkpoint_inference,E:\Projects\RL-LAM-ScanOpt\outputs\stage3_ppo_rl_lam_fea_addendum_v02_targeted_N24_N40\ppo_training_v02\checkpoints\N24_seed20260624_maskable_ppo_v02.zip,20260624,0.6549937951091864,0.6298483452884668,True,PASS_TEACHER_FIELDS_EXTRACTED,E:\Projects\RL-LAM-ScanOpt\outputs\stage3_ppo_rl_lam_fea_addendum_v02_targeted_N24_N40\stageM_ODB_teacher_metric_extraction\stageM_v02K2_teacher_metrics.csv,9.453498660150216e-05,0.1568864583969116,582455296.0,579944256.0,stochastic,novelty_tophalf,,step_final_cooling,1200.0,AC YIELD;HFL;NT11;PEEQ;RF;S;U,WARNING_SUCCESS_WITH_WARNINGS,PASS_ODB_FINAL_FRAME_EXTRACTED,False,True
40,PPOV02K2_N40_B01_deterministic,bcf2d41b8aa56c9f,"37,35,29,20,24,26,30,25,23,19,17,13,11,9,7,5,3,1,0,2,4,6,8,10,14,16,18,12,15,21,22,28,34,38,36,32,27,31,33,39",ppo_v02K2_targeted_batch32,PPO_v02K2_checkpoint_inference,E:\Projects\RL-LAM-ScanOpt\outputs\stage3_ppo_rl_lam_fea_addendum_v02_targeted_N24_N40\stageK2_n40_completion\checkpoints\N40_seed20260624_maskable_ppo_v02_K2.zip,20260624,0.5696744620500784,0.6336436014802016,True,PASS_TEACHER_FIELDS_EXTRACTED,E:\Projects\RL-LAM-ScanOpt\outputs\stage3_ppo_rl_lam_fea_addendum_v02_targeted_N24_N40\stageM_ODB_teacher_metric_extraction\stageM_v02K2_teacher_metrics.csv,0.0004353335541509,0.164111778140068,581628416.0,579926976.0,deterministic,deterministic,,step_final_cooling,1200.0,AC YIELD;HFL;NT11;PEEQ;RF;S;U,WARNING_SUCCESS_WITH_WARNINGS,PASS_ODB_FINAL_FRAME_EXTRACTED,False,True
40,PPOV02K2_N40_B02_top_reward,dbc3f8d62a762a03,"37,35,29,24,20,30,26,25,23,19,17,13,11,9,7,5,3,1,0,2,4,6,8,10,14,18,16,12,15,21,22,28,38,36,34,32,27,31,33,39",ppo_v02K2_targeted_batch32,PPO_v02K2_checkpoint_inference,E:\Projects\RL-LAM-ScanOpt\outputs\stage3_ppo_rl_lam_fea_addendum_v02_targeted_N24_N40\stageK2_n40_completion\checkpoints\N40_seed20260624_maskable_ppo_v02_K2.zip,20260624,0.5665774256651016,0.6367197231137901,True,PASS_TEACHER_FIELDS_EXTRACTED,E:\Projects\RL-LAM-ScanOpt\outputs\stage3_ppo_rl_lam_fea_addendum_v02_targeted_N24_N40\stageM_ODB_teacher_metric_extraction\stageM_v02K2_teacher_metrics.csv,0.0005173283552721,0.1693619191646576,581617024.0,579926912.0,stochastic,top_reward,,step_final_cooling,1200.0,AC YIELD;HFL;NT11;PEEQ;RF;S;U,WARNING_SUCCESS_WITH_WARNINGS,PASS_ODB_FINAL_FRAME_EXTRACTED,False,True
40,PPOV02K2_N40_B03_top_reward,fc208f8b833e1113,"37,35,29,20,24,26,30,25,23,19,17,13,11,9,7,5,3,1,0,2,4,6,8,10,14,16,18,12,15,21,22,28,38,36,34,32,31,27,33,39",ppo_v02K2_targeted_batch32,PPO_v02K2_checkpoint_inference,E:\Projects\RL-LAM-ScanOpt\outputs\stage3_ppo_rl_lam_fea_addendum_v02_targeted_N24_N40\stageK2_n40_completion\checkpoints\N40_seed20260624_maskable_ppo_v02_K2.zip,20260624,0.5682436228482004,0.634096997497623,True,PASS_TEACHER_FIELDS_EXTRACTED,E:\Projects\RL-LAM-ScanOpt\outputs\stage3_ppo_rl_lam_fea_addendum_v02_targeted_N24_N40\stageM_ODB_teacher_metric_extraction\stageM_v02K2_teacher_metrics.csv,0.0004007218865353,0.1655736118555069,581264000.0,579926912.0,stochastic,top_reward,,step_final_cooling,1200.0,AC YIELD;HFL;NT11;PEEQ;RF;S;U,WARNING_SUCCESS_WITH_WARNINGS,PASS_ODB_FINAL_FRAME_EXTRACTED,False,True
40,PPOV02K2_N40_B04_top_reward,8f5c87772dc094d8,"37,35,29,24,20,30,26,25,23,19,13,11,9,7,5,3,1,0,2,4,6,8,10,14,16,18,12,15,17,21,22,28,34,38,36,32,27,31,33,39",ppo_v02K2_targeted_batch32,PPO_v02K2_checkpoint_inference,E:\Projects\RL-LAM-ScanOpt\outputs\stage3_ppo_rl_lam_fea_addendum_v02_targeted_N24_N40\stageK2_n40_completion\checkpoints\N40_seed20260624_maskable_ppo_v02_K2.zip,20260624,0.5689349667449142,0.6338050270249607,True,PASS_TEACHER_FIELDS_EXTRACTED,E:\Projects\RL-LAM-ScanOpt\outputs\stage3_ppo_rl_lam_fea_addendum_v02_targeted_N24_N40\stageM_ODB_teacher_metric_extraction\stageM_v02K2_teacher_metrics.csv,0.0004919110515402,0.1662325114011764,581498368.0,579926912.0,stochastic,top_reward,,step_final_cooling,1200.0,AC YIELD;HFL;NT11;PEEQ;RF;S;U,WARNING_SUCCESS_WITH_WARNINGS,PASS_ODB_FINAL_FRAME_EXTRACTED,False,True
40,PPOV02K2_N40_B05_top_reward,92f11a995b28f49a,"37,35,29,20,24,26,30,25,23,19,17,13,11,9,7,5,3,1,0,2,4,6,8,10,14,16,18,12,15,21,22,28,32,36,38,34,31,27,33,39",ppo_v02K2_targeted_batch32,PPO_v02K2_checkpoint_inference,E:\Projects\RL-LAM-ScanOpt\outputs\stage3_ppo_rl_lam_fea_addendum_v02_targeted_N24_N40\stageK2_n40_completion\checkpoints\N40_seed20260624_maskable_ppo_v02_K2.zip,20260624,0.5698171459311425,0.6335732086201543,True,PASS_TEACHER_FIELDS_EXTRACTED,E:\Projects\RL-LAM-ScanOpt\outputs\stage3_ppo_rl_lam_fea_addendum_v02_targeted_N24_N40\stageM_ODB_teacher_metric_extraction\stageM_v02K2_teacher_metrics.csv,0.0004395487351303,0.1641117632389068,581364544.0,579926912.0,stochastic,top_reward,,step_final_cooling,1200.0,AC YIELD;HFL;NT11;PEEQ;RF;S;U,WARNING_SUCCESS_WITH_WARNINGS,PASS_ODB_FINAL_FRAME_EXTRACTED,False,True
40,PPOV02K2_N40_B06_top_reward,f0ff15c3d24ff363,"37,35,29,20,24,30,26,25,23,19,17,13,11,9,7,5,3,1,0,2,4,6,8,10,14,16,18,12,15,21,22,28,34,38,36,32,27,31,33,39",ppo_v02K2_targeted_batch32,PPO_v02K2_checkpoint_inference,E:\Projects\RL-LAM-ScanOpt\outputs\stage3_ppo_rl_lam_fea_addendum_v02_targeted_N24_N40\stageK2_n40_completion\checkpoints\N40_seed20260624_maskable_ppo_v02_K2.zip,20260624,0.568003599374022,0.6328728053149492,True,PASS_TEACHER_FIELDS_EXTRACTED,E:\Projects\RL-LAM-ScanOpt\outputs\stage3_ppo_rl_lam_fea_addendum_v02_targeted_N24_N40\stageM_ODB_teacher_metric_extraction\stageM_v02K2_teacher_metrics.csv,0.0004298408098293,0.1647935509681701,581621824.0,579926976.0,stochastic,top_reward,,step_final_cooling,1200.0,AC YIELD;HFL;NT11;PEEQ;RF;S;U,WARNING_SUCCESS_WITH_WARNINGS,PASS_ODB_FINAL_FRAME_EXTRACTED,False,True
40,PPOV02K2_N40_B07_top_reward,bc7edd1e01172812,"37,35,29,20,24,30,26,25,23,19,17,13,11,9,7,5,3,1,0,2,4,6,8,10,14,18,16,12,15,21,22,28,32,36,38,34,27,31,33,39",ppo_v02K2_targeted_batch32,PPO_v02K2_checkpoint_inference,E:\Projects\RL-LAM-ScanOpt\outputs\stage3_ppo_rl_lam_fea_addendum_v02_targeted_N24_N40\stageK2_n40_completion\checkpoints\N40_seed20260624_maskable_ppo_v02_K2.zip,20260624,0.5675647691705791,0.6325345448912482,True,PASS_TEACHER_FIELDS_EXTRACTED,E:\Projects\RL-LAM-ScanOpt\outputs\stage3_ppo_rl_lam_fea_addendum_v02_targeted_N24_N40\stageM_ODB_teacher_metric_extraction\stageM_v02K2_teacher_metrics.csv,0.0004893169293609,0.1696994602680206,581827264.0,579928064.0,stochastic,top_reward,,step_final_cooling,1200.0,AC YIELD;HFL;NT11;PEEQ;RF;S;U,WARNING_SUCCESS_WITH_WARNINGS,PASS_ODB_FINAL_FRAME_EXTRACTED,False,True
40,PPOV02K2_N40_B08_top_reward,7a048ec0093acf89,"37,35,29,26,24,20,30,25,23,19,17,13,11,9,7,5,1,3,6,4,2,0,8,10,14,16,18,12,15,21,22,28,38,36,34,32,27,31,33,39",ppo_v02K2_targeted_batch32,PPO_v02K2_checkpoint_inference,E:\Projects\RL-LAM-ScanOpt\outputs\stage3_ppo_rl_lam_fea_addendum_v02_targeted_N24_N40\stageK2_n40_completion\checkpoints\N40_seed20260624_maskable_ppo_v02_K2.zip,20260624,0.5529480731611894,0.6316184553717522,True,PASS_TEACHER_FIELDS_EXTRACTED,E:\Projects\RL-LAM-ScanOpt\outputs\stage3_ppo_rl_lam_fea_addendum_v02_targeted_N24_N40\stageM_ODB_teacher_metric_extraction\stageM_v02K2_teacher_metrics.csv,0.0004496898109209,0.1644185185432434,581624960.0,579926912.0,stochastic,top_reward,,step_final_cooling,1200.0,AC YIELD;HFL;NT11;PEEQ;RF;S;U,WARNING_SUCCESS_WITH_WARNINGS,PASS_ODB_FINAL_FRAME_EXTRACTED,False,True
40,PPOV02K2_N40_B09_diverse_tophalf,0e5e6502c9b3a638,"37,35,29,24,20,30,26,18,23,25,19,17,13,9,11,7,5,3,1,0,2,4,6,8,10,12,16,14,15,21,22,28,34,38,36,32,31,27,33,39",ppo_v02K2_targeted_batch32,PPO_v02K2_checkpoint_inference,E:\Projects\RL-LAM-ScanOpt\outputs\stage3_ppo_rl_lam_fea_addendum_v02_targeted_N24_N40\stageK2_n40_completion\checkpoints\N40_seed20260624_maskable_ppo_v02_K2.zip,20260624,0.5268061424100156,0.5948969612261887,True,PASS_TEACHER_FIELDS_EXTRACTED,E:\Projects\RL-LAM-ScanOpt\outputs\stage3_ppo_rl_lam_fea_addendum_v02_targeted_N24_N40\stageM_ODB_teacher_metric_extraction\stageM_v02K2_teacher_metrics.csv,0.0004904430095393,0.1743402332067489,581630976.0,579926912.0,stochastic,diverse_tophalf,,step_final_cooling,1200.0,AC YIELD;HFL;NT11;PEEQ;RF;S;U,WARNING_SUCCESS_WITH_WARNINGS,PASS_ODB_FINAL_FRAME_EXTRACTED,False,True
40,PPOV02K2_N40_B10_diverse_tophalf,827cc7b310141cd0,"37,35,29,24,20,30,26,23,25,19,17,11,13,7,5,9,3,1,6,4,0,2,8,10,12,16,18,14,15,21,22,28,32,34,38,36,39,33,31,27",ppo_v02K2_targeted_batch32,PPO_v02K2_checkpoint_inference,E:\Projects\RL-LAM-ScanOpt\outputs\stage3_ppo_rl_lam_fea_addendum_v02_targeted_N24_N40\stageK2_n40_completion\checkpoints\N40_seed20260624_maskable_ppo_v02_K2.zip,20260624,0.503350058685446,0.5937529263305197,True,PASS_TEACHER_FIELDS_EXTRACTED,E:\Projects\RL-LAM-ScanOpt\outputs\stage3_ppo_rl_lam_fea_addendum_v02_targeted_N24_N40\stageM_ODB_teacher_metric_extraction\stageM_v02K2_teacher_metrics.csv,0.0004211943544305,0.172539547085762,581657472.0,579927040.0,stochastic,diverse_tophalf,,step_final_cooling,1200.0,AC YIELD;HFL;NT11;PEEQ;RF;S;U,WARNING_SUCCESS_WITH_WARNINGS,PASS_ODB_FINAL_FRAME_EXTRACTED,False,True
40,PPOV02K2_N40_B11_diverse_tophalf,124447de22500cae,"37,29,35,30,20,24,26,25,19,23,17,13,11,9,7,5,1,3,8,4,2,0,6,10,12,14,16,18,15,21,22,28,32,34,38,36,39,33,27,31",ppo_v02K2_targeted_batch32,PPO_v02K2_checkpoint_inference,E:\Projects\RL-LAM-ScanOpt\outputs\stage3_ppo_rl_lam_fea_addendum_v02_targeted_N24_N40\stageK2_n40_completion\checkpoints\N40_seed20260624_maskable_ppo_v02_K2.zip,20260624,0.5133053305946793,0.5951203842664727,True,PASS_TEACHER_FIELDS_EXTRACTED,E:\Projects\RL-LAM-ScanOpt\outputs\stage3_ppo_rl_lam_fea_addendum_v02_targeted_N24_N40\stageM_ODB_teacher_metric_extraction\stageM_v02K2_teacher_metrics.csv,0.0005065298391855,0.1749878078699112,581670208.0,579928064.0,stochastic,diverse_tophalf,,step_final_cooling,1200.0,AC YIELD;HFL;NT11;PEEQ;RF;S;U,WARNING_SUCCESS_WITH_WARNINGS,PASS_ODB_FINAL_FRAME_EXTRACTED,False,True
40,PPOV02K2_N40_B12_diverse_tophalf,c1b4f84f892876e1,"37,35,29,24,20,26,30,25,23,19,17,13,11,9,5,3,1,7,2,0,4,6,10,8,16,18,14,12,15,21,22,32,28,34,38,36,39,33,31,27",ppo_v02K2_targeted_batch32,PPO_v02K2_checkpoint_inference,E:\Projects\RL-LAM-ScanOpt\outputs\stage3_ppo_rl_lam_fea_addendum_v02_targeted_N24_N40\stageK2_n40_completion\checkpoints\N40_seed20260624_maskable_ppo_v02_K2.zip,20260624,0.5159256748826292,0.6109263579477696,True,PASS_TEACHER_FIELDS_EXTRACTED,E:\Projects\RL-LAM-ScanOpt\outputs\stage3_ppo_rl_lam_fea_addendum_v02_targeted_N24_N40\stageM_ODB_teacher_metric_extraction\stageM_v02K2_teacher_metrics.csv,0.0004638751418042,0.1679124683141708,581730368.0,579926976.0,stochastic,diverse_tophalf,,step_final_cooling,1200.0,AC YIELD;HFL;NT11;PEEQ;RF;S;U,WARNING_SUCCESS_WITH_WARNINGS,PASS_ODB_FINAL_FRAME_EXTRACTED,False,True
40,PPOV02K2_N40_B13_diverse_tophalf,757185fc9ab5c312,"37,35,29,20,24,26,30,25,23,19,13,11,9,7,3,5,1,0,4,8,2,6,10,14,18,12,16,17,15,21,22,28,32,34,36,38,33,27,31,39",ppo_v02K2_targeted_batch32,PPO_v02K2_checkpoint_inference,E:\Projects\RL-LAM-ScanOpt\outputs\stage3_ppo_rl_lam_fea_addendum_v02_targeted_N24_N40\stageK2_n40_completion\checkpoints\N40_seed20260624_maskable_ppo_v02_K2.zip,20260624,0.521806660798122,0.5962632570117495,True,PASS_TEACHER_FIELDS_EXTRACTED,E:\Projects\RL-LAM-ScanOpt\outputs\stage3_ppo_rl_lam_fea_addendum_v02_targeted_N24_N40\stageM_ODB_teacher_metric_extraction\stageM_v02K2_teacher_metrics.csv,0.0005955657265985,0.1699908524751663,581530240.0,579928192.0,stochastic,diverse_tophalf,,step_final_cooling,1200.0,AC YIELD;HFL;NT11;PEEQ;RF;S;U,WARNING_SUCCESS_WITH_WARNINGS,PASS_ODB_FINAL_FRAME_EXTRACTED,False,True
40,PPOV02K2_N40_B14_novelty_tophalf,2529844c8f77a738,"37,35,29,24,20,30,26,25,23,19,17,13,11,9,7,5,3,1,8,2,0,4,6,10,12,14,16,18,15,21,22,28,32,34,36,38,39,33,31,27",ppo_v02K2_targeted_batch32,PPO_v02K2_checkpoint_inference,E:\Projects\RL-LAM-ScanOpt\outputs\stage3_ppo_rl_lam_fea_addendum_v02_targeted_N24_N40\stageK2_n40_completion\checkpoints\N40_seed20260624_maskable_ppo_v02_K2.zip,20260624,0.5594120598591549,0.6070969128420265,True,PASS_TEACHER_FIELDS_EXTRACTED,E:\Projects\RL-LAM-ScanOpt\outputs\stage3_ppo_rl_lam_fea_addendum_v02_targeted_N24_N40\stageM_ODB_teacher_metric_extraction\stageM_v02K2_teacher_metrics.csv,0.0004210928584598,0.1750432401895523,581153472.0,579927040.0,stochastic,novelty_tophalf,,step_final_cooling,1200.0,AC YIELD;HFL;NT11;PEEQ;RF;S;U,WARNING_SUCCESS_WITH_WARNINGS,PASS_ODB_FINAL_FRAME_EXTRACTED,False,True
40,PPOV02K2_N40_B15_novelty_tophalf,ca785a8ce6fc7d21,"37,35,29,20,30,24,26,25,23,19,17,13,11,9,7,5,3,1,6,2,0,4,8,10,12,14,16,18,15,21,22,28,32,34,36,38,39,33,27,31",ppo_v02K2_targeted_batch32,PPO_v02K2_checkpoint_inference,E:\Projects\RL-LAM-ScanOpt\outputs\stage3_ppo_rl_lam_fea_addendum_v02_targeted_N24_N40\stageK2_n40_completion\checkpoints\N40_seed20260624_maskable_ppo_v02_K2.zip,20260624,0.5351550176056338,0.6016773708922626,True,PASS_TEACHER_FIELDS_EXTRACTED,E:\Projects\RL-LAM-ScanOpt\outputs\stage3_ppo_rl_lam_fea_addendum_v02_targeted_N24_N40\stageM_ODB_teacher_metric_extraction\stageM_v02K2_teacher_metrics.csv,0.0004489098432713,0.1755711436271667,581614272.0,579928064.0,stochastic,novelty_tophalf,,step_final_cooling,1200.0,AC YIELD;HFL;NT11;PEEQ;RF;S;U,WARNING_SUCCESS_WITH_WARNINGS,PASS_ODB_FINAL_FRAME_EXTRACTED,False,True
40,PPOV02K2_N40_B16_novelty_tophalf,4ecd67bdb89f1edd,"37,35,29,24,20,30,26,25,23,19,17,13,11,9,7,5,3,1,2,0,4,6,8,10,18,12,14,16,15,21,22,28,34,38,36,32,39,33,27,31",ppo_v02K2_targeted_batch32,PPO_v02K2_checkpoint_inference,E:\Projects\RL-LAM-ScanOpt\outputs\stage3_ppo_rl_lam_fea_addendum_v02_targeted_N24_N40\stageK2_n40_completion\checkpoints\N40_seed20260624_maskable_ppo_v02_K2.zip,20260624,0.5150760954616588,0.599704752909095,True,PASS_TEACHER_FIELDS_EXTRACTED,E:\Projects\RL-LAM-ScanOpt\outputs\stage3_ppo_rl_lam_fea_addendum_v02_targeted_N24_N40\stageM_ODB_teacher_metric_extraction\stageM_v02K2_teacher_metrics.csv,0.0005535386426345,0.176300048828125,581688576.0,579927936.0,stochastic,novelty_tophalf,,step_final_cooling,1200.0,AC YIELD;HFL;NT11;PEEQ;RF;S;U,WARNING_SUCCESS_WITH_WARNINGS,PASS_ODB_FINAL_FRAME_EXTRACTED,False,True
