run_id,batch_name,final_expansion_batch,n,handoff_strategy_name,selected_by_bucket,global_candidate_index,order_hash,order_compact,scan_order_json,candidate_source,ppo_checkpoint,ppo_version_source,ppo_generation_mode,predicted_quality_score,min_hamming_to_combined552_sameN,min_hamming_to_conventional_baseline,nearest_conventional_baseline,job_name,odb_path,completion_status,odb_extraction_status,teacher_validation_status,final_step_name,final_frame_time,extracted_field_names,missing_required_fields,notes
stageV_final_expansion_224_odb_teacher_metric_extraction,stage3_ppo_final_expansion_224_to_320_batch224_v01,final_expansion_batch01,12,PPOFINAL_N12_B001_quality,quality,1,686c7b277df8777a,"11,1,3,5,9,7,0,2,4,6,8,10",E:\Projects\RL-LAM-ScanOpt\cae_model\stage3_ppo_final_expansion_224_to_320_batch224_v01\final_expansion_batch01\N12\PPOFINAL_N12_B001_quality\scan_order_PPOFINAL_N12_B001_quality.json,PPO_final_expansion_checkpoint_inference,E:\Projects\RL-LAM-ScanOpt\outputs\stage3_ppo_rl_lam_fea_addendum_v01\ppo_training\checkpoints\maskable_ppo_lam_scan_order_final.zip,v01,stochastic,0.85737566877453,2,5.0,odd_even,J2D_PPOFINAL_N12_B001_quality,E:\Projects\RL-LAM-ScanOpt\cae_model\stage3_ppo_final_expansion_224_to_320_batch224_v01\final_expansion_batch01\N12\PPOFINAL_N12_B001_quality\J2D_PPOFINAL_N12_B001_quality.odb,WARNING_SUCCESS_WITH_WARNINGS,PASS_ODB_FINAL_FRAME_EXTRACTED,PASS_TEACHER_FIELDS_EXTRACTED,step_final_cooling,1200.0,AC YIELD;HFL;NT11;PEEQ;RF;S;U,,final_frame_required_fields_and_metrics_extracted
stageV_final_expansion_224_odb_teacher_metric_extraction,stage3_ppo_final_expansion_224_to_320_batch224_v01,final_expansion_batch01,12,PPOFINAL_N12_B002_quality,quality,2,cc123ba504b254bf,"11,1,3,7,9,5,0,4,2,6,8,10",E:\Projects\RL-LAM-ScanOpt\cae_model\stage3_ppo_final_expansion_224_to_320_batch224_v01\final_expansion_batch01\N12\PPOFINAL_N12_B002_quality\scan_order_PPOFINAL_N12_B002_quality.json,PPO_final_expansion_checkpoint_inference,E:\Projects\RL-LAM-ScanOpt\outputs\stage3_ppo_rl_lam_fea_addendum_v01\ppo_training\checkpoints\maskable_ppo_lam_scan_order_final.zip,v01,stochastic,0.716327881474389,2,6.0,odd_even,J2D_PPOFINAL_N12_B002_quality,E:\Projects\RL-LAM-ScanOpt\cae_model\stage3_ppo_final_expansion_224_to_320_batch224_v01\final_expansion_batch01\N12\PPOFINAL_N12_B002_quality\J2D_PPOFINAL_N12_B002_quality.odb,WARNING_SUCCESS_WITH_WARNINGS,PASS_ODB_FINAL_FRAME_EXTRACTED,PASS_TEACHER_FIELDS_EXTRACTED,step_final_cooling,1200.0,AC YIELD;HFL;NT11;PEEQ;RF;S;U,,final_frame_required_fields_and_metrics_extracted
stageV_final_expansion_224_odb_teacher_metric_extraction,stage3_ppo_final_expansion_224_to_320_batch224_v01,final_expansion_batch01,12,PPOFINAL_N12_B003_quality,quality,3,27e98181a3a86fe0,"11,1,3,5,7,9,0,2,4,6,8,10",E:\Projects\RL-LAM-ScanOpt\cae_model\stage3_ppo_final_expansion_224_to_320_batch224_v01\final_expansion_batch01\N12\PPOFINAL_N12_B003_quality\scan_order_PPOFINAL_N12_B003_quality.json,PPO_final_expansion_checkpoint_inference,E:\Projects\RL-LAM-ScanOpt\outputs\stage3_ppo_rl_lam_fea_addendum_v01\ppo_training\checkpoints\maskable_ppo_lam_scan_order_final.zip,v01,stochastic,0.8510001818485698,3,6.0,odd_even,J2D_PPOFINAL_N12_B003_quality,E:\Projects\RL-LAM-ScanOpt\cae_model\stage3_ppo_final_expansion_224_to_320_batch224_v01\final_expansion_batch01\N12\PPOFINAL_N12_B003_quality\J2D_PPOFINAL_N12_B003_quality.odb,WARNING_SUCCESS_WITH_WARNINGS,PASS_ODB_FINAL_FRAME_EXTRACTED,PASS_TEACHER_FIELDS_EXTRACTED,step_final_cooling,1200.0,AC YIELD;HFL;NT11;PEEQ;RF;S;U,,final_frame_required_fields_and_metrics_extracted
stageV_final_expansion_224_odb_teacher_metric_extraction,stage3_ppo_final_expansion_224_to_320_batch224_v01,final_expansion_batch01,12,PPOFINAL_N12_B004_quality,quality,4,828a8c6213d9c794,"11,3,1,9,7,5,0,4,2,6,8,10",E:\Projects\RL-LAM-ScanOpt\cae_model\stage3_ppo_final_expansion_224_to_320_batch224_v01\final_expansion_batch01\N12\PPOFINAL_N12_B004_quality\scan_order_PPOFINAL_N12_B004_quality.json,PPO_final_expansion_checkpoint_inference,E:\Projects\RL-LAM-ScanOpt\outputs\stage3_ppo_rl_lam_fea_addendum_v01\ppo_training\checkpoints\maskable_ppo_lam_scan_order_final.zip,v01,stochastic,0.7122092001358132,5,5.0,odd_even,J2D_PPOFINAL_N12_B004_quality,E:\Projects\RL-LAM-ScanOpt\cae_model\stage3_ppo_final_expansion_224_to_320_batch224_v01\final_expansion_batch01\N12\PPOFINAL_N12_B004_quality\J2D_PPOFINAL_N12_B004_quality.odb,WARNING_SUCCESS_WITH_WARNINGS,PASS_ODB_FINAL_FRAME_EXTRACTED,PASS_TEACHER_FIELDS_EXTRACTED,step_final_cooling,1200.0,AC YIELD;HFL;NT11;PEEQ;RF;S;U,,final_frame_required_fields_and_metrics_extracted
stageV_final_expansion_224_odb_teacher_metric_extraction,stage3_ppo_final_expansion_224_to_320_batch224_v01,final_expansion_batch01,12,PPOFINAL_N12_B005_quality,quality,5,81db742fcb6d72ea,"11,3,1,5,7,9,0,2,4,6,8,10",E:\Projects\RL-LAM-ScanOpt\cae_model\stage3_ppo_final_expansion_224_to_320_batch224_v01\final_expansion_batch01\N12\PPOFINAL_N12_B005_quality\scan_order_PPOFINAL_N12_B005_quality.json,PPO_final_expansion_checkpoint_inference,E:\Projects\RL-LAM-ScanOpt\outputs\stage3_ppo_rl_lam_fea_addendum_v01\ppo_training\checkpoints\maskable_ppo_lam_scan_order_final.zip,v01,stochastic,0.8466730989428595,4,5.0,odd_even,J2D_PPOFINAL_N12_B005_quality,E:\Projects\RL-LAM-ScanOpt\cae_model\stage3_ppo_final_expansion_224_to_320_batch224_v01\final_expansion_batch01\N12\PPOFINAL_N12_B005_quality\J2D_PPOFINAL_N12_B005_quality.odb,WARNING_SUCCESS_WITH_WARNINGS,PASS_ODB_FINAL_FRAME_EXTRACTED,PASS_TEACHER_FIELDS_EXTRACTED,step_final_cooling,1200.0,AC YIELD;HFL;NT11;PEEQ;RF;S;U,,final_frame_required_fields_and_metrics_extracted
stageV_final_expansion_224_odb_teacher_metric_extraction,stage3_ppo_final_expansion_224_to_320_batch224_v01,final_expansion_batch01,12,PPOFINAL_N12_B006_quality,quality,6,53949277fd9b496e,"3,11,1,9,7,5,0,2,4,6,8,10",E:\Projects\RL-LAM-ScanOpt\cae_model\stage3_ppo_final_expansion_224_to_320_batch224_v01\final_expansion_batch01\N12\PPOFINAL_N12_B006_quality\scan_order_PPOFINAL_N12_B006_quality.json,PPO_final_expansion_checkpoint_inference,E:\Projects\RL-LAM-ScanOpt\outputs\stage3_ppo_rl_lam_fea_addendum_v01\ppo_training\checkpoints\maskable_ppo_lam_scan_order_final.zip,v01,stochastic,0.7101136064897512,4,3.0,odd_even,J2D_PPOFINAL_N12_B006_quality,E:\Projects\RL-LAM-ScanOpt\cae_model\stage3_ppo_final_expansion_224_to_320_batch224_v01\final_expansion_batch01\N12\PPOFINAL_N12_B006_quality\J2D_PPOFINAL_N12_B006_quality.odb,WARNING_SUCCESS_WITH_WARNINGS,PASS_ODB_FINAL_FRAME_EXTRACTED,PASS_TEACHER_FIELDS_EXTRACTED,step_final_cooling,1200.0,AC YIELD;HFL;NT11;PEEQ;RF;S;U,,final_frame_required_fields_and_metrics_extracted
stageV_final_expansion_224_odb_teacher_metric_extraction,stage3_ppo_final_expansion_224_to_320_batch224_v01,final_expansion_batch01,12,PPOFINAL_N12_B007_quality,quality,7,0640bd5f828e220b,"1,11,3,9,7,5,0,2,4,6,8,10",E:\Projects\RL-LAM-ScanOpt\cae_model\stage3_ppo_final_expansion_224_to_320_batch224_v01\final_expansion_batch01\N12\PPOFINAL_N12_B007_quality\scan_order_PPOFINAL_N12_B007_quality.json,PPO_final_expansion_checkpoint_inference,E:\Projects\RL-LAM-ScanOpt\outputs\stage3_ppo_rl_lam_fea_addendum_v01\ppo_training\checkpoints\maskable_ppo_lam_scan_order_final.zip,v01,stochastic,0.7101136064897512,3,4.0,odd_even,J2D_PPOFINAL_N12_B007_quality,E:\Projects\RL-LAM-ScanOpt\cae_model\stage3_ppo_final_expansion_224_to_320_batch224_v01\final_expansion_batch01\N12\PPOFINAL_N12_B007_quality\J2D_PPOFINAL_N12_B007_quality.odb,WARNING_SUCCESS_WITH_WARNINGS,PASS_ODB_FINAL_FRAME_EXTRACTED,PASS_TEACHER_FIELDS_EXTRACTED,step_final_cooling,1200.0,AC YIELD;HFL;NT11;PEEQ;RF;S;U,,final_frame_required_fields_and_metrics_extracted
stageV_final_expansion_224_odb_teacher_metric_extraction,stage3_ppo_final_expansion_224_to_320_batch224_v01,final_expansion_batch01,12,PPOFINAL_N12_B008_quality,quality,8,a98151af53853134,"11,1,3,9,7,5,0,2,4,8,6,10",E:\Projects\RL-LAM-ScanOpt\cae_model\stage3_ppo_final_expansion_224_to_320_batch224_v01\final_expansion_batch01\N12\PPOFINAL_N12_B008_quality\scan_order_PPOFINAL_N12_B008_quality.json,PPO_final_expansion_checkpoint_inference,E:\Projects\RL-LAM-ScanOpt\outputs\stage3_ppo_rl_lam_fea_addendum_v01\ppo_training\checkpoints\maskable_ppo_lam_scan_order_final.zip,v01,stochastic,0.679327198722953,3,8.0,odd_even,J2D_PPOFINAL_N12_B008_quality,E:\Projects\RL-LAM-ScanOpt\cae_model\stage3_ppo_final_expansion_224_to_320_batch224_v01\final_expansion_batch01\N12\PPOFINAL_N12_B008_quality\J2D_PPOFINAL_N12_B008_quality.odb,WARNING_SUCCESS_WITH_WARNINGS,PASS_ODB_FINAL_FRAME_EXTRACTED,PASS_TEACHER_FIELDS_EXTRACTED,step_final_cooling,1200.0,AC YIELD;HFL;NT11;PEEQ;RF;S;U,,final_frame_required_fields_and_metrics_extracted
stageV_final_expansion_224_odb_teacher_metric_extraction,stage3_ppo_final_expansion_224_to_320_batch224_v01,final_expansion_batch01,12,PPOFINAL_N12_B009_quality,quality,9,4848e2f9defa673a,"11,3,1,9,7,5,0,2,4,6,10,8",E:\Projects\RL-LAM-ScanOpt\cae_model\stage3_ppo_final_expansion_224_to_320_batch224_v01\final_expansion_batch01\N12\PPOFINAL_N12_B009_quality\scan_order_PPOFINAL_N12_B009_quality.json,PPO_final_expansion_checkpoint_inference,E:\Projects\RL-LAM-ScanOpt\outputs\stage3_ppo_rl_lam_fea_addendum_v01\ppo_training\checkpoints\maskable_ppo_lam_scan_order_final.zip,v01,stochastic,0.7636411363514938,5,7.0,odd_even,J2D_PPOFINAL_N12_B009_quality,E:\Projects\RL-LAM-ScanOpt\cae_model\stage3_ppo_final_expansion_224_to_320_batch224_v01\final_expansion_batch01\N12\PPOFINAL_N12_B009_quality\J2D_PPOFINAL_N12_B009_quality.odb,WARNING_SUCCESS_WITH_WARNINGS,PASS_ODB_FINAL_FRAME_EXTRACTED,PASS_TEACHER_FIELDS_EXTRACTED,step_final_cooling,1200.0,AC YIELD;HFL;NT11;PEEQ;RF;S;U,,final_frame_required_fields_and_metrics_extracted
stageV_final_expansion_224_odb_teacher_metric_extraction,stage3_ppo_final_expansion_224_to_320_batch224_v01,final_expansion_batch01,12,PPOFINAL_N12_B010_quality,quality,10,2552cedaec804bdc,"11,1,3,9,7,5,0,2,6,4,8,10",E:\Projects\RL-LAM-ScanOpt\cae_model\stage3_ppo_final_expansion_224_to_320_batch224_v01\final_expansion_batch01\N12\PPOFINAL_N12_B010_quality\scan_order_PPOFINAL_N12_B010_quality.json,PPO_final_expansion_checkpoint_inference,E:\Projects\RL-LAM-ScanOpt\outputs\stage3_ppo_rl_lam_fea_addendum_v01\ppo_training\checkpoints\maskable_ppo_lam_scan_order_final.zip,v01,stochastic,0.6784860971334526,4,5.0,odd_even,J2D_PPOFINAL_N12_B010_quality,E:\Projects\RL-LAM-ScanOpt\cae_model\stage3_ppo_final_expansion_224_to_320_batch224_v01\final_expansion_batch01\N12\PPOFINAL_N12_B010_quality\J2D_PPOFINAL_N12_B010_quality.odb,WARNING_SUCCESS_WITH_WARNINGS,PASS_ODB_FINAL_FRAME_EXTRACTED,PASS_TEACHER_FIELDS_EXTRACTED,step_final_cooling,1200.0,AC YIELD;HFL;NT11;PEEQ;RF;S;U,,final_frame_required_fields_and_metrics_extracted
stageV_final_expansion_224_odb_teacher_metric_extraction,stage3_ppo_final_expansion_224_to_320_batch224_v01,final_expansion_batch01,12,PPOFINAL_N12_B011_quality,quality,11,472a17ad0a36f2df,"11,1,3,9,5,7,0,2,4,6,8,10",E:\Projects\RL-LAM-ScanOpt\cae_model\stage3_ppo_final_expansion_224_to_320_batch224_v01\final_expansion_batch01\N12\PPOFINAL_N12_B011_quality\scan_order_PPOFINAL_N12_B011_quality.json,PPO_final_expansion_checkpoint_inference,E:\Projects\RL-LAM-ScanOpt\outputs\stage3_ppo_rl_lam_fea_addendum_v01\ppo_training\checkpoints\maskable_ppo_lam_scan_order_final.zip,v01,stochastic,0.7531506548508535,3,6.0,odd_even,J2D_PPOFINAL_N12_B011_quality,E:\Projects\RL-LAM-ScanOpt\cae_model\stage3_ppo_final_expansion_224_to_320_batch224_v01\final_expansion_batch01\N12\PPOFINAL_N12_B011_quality\J2D_PPOFINAL_N12_B011_quality.odb,WARNING_SUCCESS_WITH_WARNINGS,PASS_ODB_FINAL_FRAME_EXTRACTED,PASS_TEACHER_FIELDS_EXTRACTED,step_final_cooling,1200.0,AC YIELD;HFL;NT11;PEEQ;RF;S;U,,final_frame_required_fields_and_metrics_extracted
stageV_final_expansion_224_odb_teacher_metric_extraction,stage3_ppo_final_expansion_224_to_320_batch224_v01,final_expansion_batch01,12,PPOFINAL_N12_B012_diversity,diversity,12,481320830eebac7d,"11,1,3,7,9,5,4,0,2,6,8,10",E:\Projects\RL-LAM-ScanOpt\cae_model\stage3_ppo_final_expansion_224_to_320_batch224_v01\final_expansion_batch01\N12\PPOFINAL_N12_B012_diversity\scan_order_PPOFINAL_N12_B012_diversity.json,PPO_final_expansion_checkpoint_inference,E:\Projects\RL-LAM-ScanOpt\outputs\stage3_ppo_rl_lam_fea_addendum_v01\ppo_training\checkpoints\maskable_ppo_lam_scan_order_final.zip,v01,stochastic,0.7017385423343372,3,7.0,odd_even,J2D_PPOFINAL_N12_B012_diversity,E:\Projects\RL-LAM-ScanOpt\cae_model\stage3_ppo_final_expansion_224_to_320_batch224_v01\final_expansion_batch01\N12\PPOFINAL_N12_B012_diversity\J2D_PPOFINAL_N12_B012_diversity.odb,WARNING_SUCCESS_WITH_WARNINGS,PASS_ODB_FINAL_FRAME_EXTRACTED,PASS_TEACHER_FIELDS_EXTRACTED,step_final_cooling,1200.0,AC YIELD;HFL;NT11;PEEQ;RF;S;U,,final_frame_required_fields_and_metrics_extracted
stageV_final_expansion_224_odb_teacher_metric_extraction,stage3_ppo_final_expansion_224_to_320_batch224_v01,final_expansion_batch01,12,PPOFINAL_N12_B013_diversity,diversity,13,005af0c248f4d57d,"11,3,1,7,5,9,0,2,4,8,6,10",E:\Projects\RL-LAM-ScanOpt\cae_model\stage3_ppo_final_expansion_224_to_320_batch224_v01\final_expansion_batch01\N12\PPOFINAL_N12_B013_diversity\scan_order_PPOFINAL_N12_B013_diversity.json,PPO_final_expansion_checkpoint_inference,E:\Projects\RL-LAM-ScanOpt\outputs\stage3_ppo_rl_lam_fea_addendum_v01\ppo_training\checkpoints\maskable_ppo_lam_scan_order_final.zip,v01,stochastic,0.6739092919977485,5,6.0,odd_even,J2D_PPOFINAL_N12_B013_diversity,E:\Projects\RL-LAM-ScanOpt\cae_model\stage3_ppo_final_expansion_224_to_320_batch224_v01\final_expansion_batch01\N12\PPOFINAL_N12_B013_diversity\J2D_PPOFINAL_N12_B013_diversity.odb,WARNING_SUCCESS_WITH_WARNINGS,PASS_ODB_FINAL_FRAME_EXTRACTED,PASS_TEACHER_FIELDS_EXTRACTED,step_final_cooling,1200.0,AC YIELD;HFL;NT11;PEEQ;RF;S;U,,final_frame_required_fields_and_metrics_extracted
stageV_final_expansion_224_odb_teacher_metric_extraction,stage3_ppo_final_expansion_224_to_320_batch224_v01,final_expansion_batch01,12,PPOFINAL_N12_B014_diversity,diversity,14,9e1157dda1e792d5,"1,11,3,7,9,5,0,2,4,6,8,10",E:\Projects\RL-LAM-ScanOpt\cae_model\stage3_ppo_final_expansion_224_to_320_batch224_v01\final_expansion_batch01\N12\PPOFINAL_N12_B014_diversity\scan_order_PPOFINAL_N12_B014_diversity.json,PPO_final_expansion_checkpoint_inference,E:\Projects\RL-LAM-ScanOpt\outputs\stage3_ppo_rl_lam_fea_addendum_v01\ppo_training\checkpoints\maskable_ppo_lam_scan_order_final.zip,v01,stochastic,0.7175525424814981,2,3.0,odd_even,J2D_PPOFINAL_N12_B014_diversity,E:\Projects\RL-LAM-ScanOpt\cae_model\stage3_ppo_final_expansion_224_to_320_batch224_v01\final_expansion_batch01\N12\PPOFINAL_N12_B014_diversity\J2D_PPOFINAL_N12_B014_diversity.odb,WARNING_SUCCESS_WITH_WARNINGS,PASS_ODB_FINAL_FRAME_EXTRACTED,PASS_TEACHER_FIELDS_EXTRACTED,step_final_cooling,1200.0,AC YIELD;HFL;NT11;PEEQ;RF;S;U,,final_frame_required_fields_and_metrics_extracted
stageV_final_expansion_224_odb_teacher_metric_extraction,stage3_ppo_final_expansion_224_to_320_batch224_v01,final_expansion_batch01,12,PPOFINAL_N12_B015_diversity,diversity,15,237922b59aa4d7b3,"11,1,3,7,9,4,0,2,5,6,8,10",E:\Projects\RL-LAM-ScanOpt\cae_model\stage3_ppo_final_expansion_224_to_320_batch224_v01\final_expansion_batch01\N12\PPOFINAL_N12_B015_diversity\scan_order_PPOFINAL_N12_B015_diversity.json,PPO_final_expansion_checkpoint_inference,E:\Projects\RL-LAM-ScanOpt\outputs\stage3_ppo_rl_lam_fea_addendum_v01\ppo_training\checkpoints\maskable_ppo_lam_scan_order_final.zip,v01,stochastic,0.7021914904404882,2,5.0,odd_even,J2D_PPOFINAL_N12_B015_diversity,E:\Projects\RL-LAM-ScanOpt\cae_model\stage3_ppo_final_expansion_224_to_320_batch224_v01\final_expansion_batch01\N12\PPOFINAL_N12_B015_diversity\J2D_PPOFINAL_N12_B015_diversity.odb,WARNING_SUCCESS_WITH_WARNINGS,PASS_ODB_FINAL_FRAME_EXTRACTED,PASS_TEACHER_FIELDS_EXTRACTED,step_final_cooling,1200.0,AC YIELD;HFL;NT11;PEEQ;RF;S;U,,final_frame_required_fields_and_metrics_extracted
stageV_final_expansion_224_odb_teacher_metric_extraction,stage3_ppo_final_expansion_224_to_320_batch224_v01,final_expansion_batch01,12,PPOFINAL_N12_B016_diversity,diversity,16,f6a591afae75c006,"11,3,1,9,7,5,4,0,2,6,8,10",E:\Projects\RL-LAM-ScanOpt\cae_model\stage3_ppo_final_expansion_224_to_320_batch224_v01\final_expansion_batch01\N12\PPOFINAL_N12_B016_diversity\scan_order_PPOFINAL_N12_B016_diversity.json,PPO_final_expansion_checkpoint_inference,E:\Projects\RL-LAM-ScanOpt\outputs\stage3_ppo_rl_lam_fea_addendum_v01\ppo_training\checkpoints\maskable_ppo_lam_scan_order_final.zip,v01,stochastic,0.6992665888246384,6,8.0,odd_even,J2D_PPOFINAL_N12_B016_diversity,E:\Projects\RL-LAM-ScanOpt\cae_model\stage3_ppo_final_expansion_224_to_320_batch224_v01\final_expansion_batch01\N12\PPOFINAL_N12_B016_diversity\J2D_PPOFINAL_N12_B016_diversity.odb,WARNING_SUCCESS_WITH_WARNINGS,PASS_ODB_FINAL_FRAME_EXTRACTED,PASS_TEACHER_FIELDS_EXTRACTED,step_final_cooling,1200.0,AC YIELD;HFL;NT11;PEEQ;RF;S;U,,final_frame_required_fields_and_metrics_extracted
stageV_final_expansion_224_odb_teacher_metric_extraction,stage3_ppo_final_expansion_224_to_320_batch224_v01,final_expansion_batch02,12,PPOFINAL_N12_B033_diversity,diversity,33,3ae31ba5ab2dcb44,"11,1,3,9,7,5,0,6,2,4,8,10",E:\Projects\RL-LAM-ScanOpt\cae_model\stage3_ppo_final_expansion_224_to_320_batch224_v01\final_expansion_batch02\N12\PPOFINAL_N12_B033_diversity\scan_order_PPOFINAL_N12_B033_diversity.json,PPO_final_expansion_checkpoint_inference,E:\Projects\RL-LAM-ScanOpt\outputs\stage3_ppo_rl_lam_fea_addendum_v01\ppo_training\checkpoints\maskable_ppo_lam_scan_order_final.zip,v01,stochastic,0.6784860971334526,5,9.0,odd_even,J2D_PPOFINAL_N12_B033_diversity,E:\Projects\RL-LAM-ScanOpt\cae_model\stage3_ppo_final_expansion_224_to_320_batch224_v01\final_expansion_batch02\N12\PPOFINAL_N12_B033_diversity\J2D_PPOFINAL_N12_B033_diversity.odb,WARNING_SUCCESS_WITH_WARNINGS,PASS_ODB_FINAL_FRAME_EXTRACTED,PASS_TEACHER_FIELDS_EXTRACTED,step_final_cooling,1200.0,AC YIELD;HFL;NT11;PEEQ;RF;S;U,,final_frame_required_fields_and_metrics_extracted
stageV_final_expansion_224_odb_teacher_metric_extraction,stage3_ppo_final_expansion_224_to_320_batch224_v01,final_expansion_batch02,12,PPOFINAL_N12_B034_diversity,diversity,34,428e5ef4ec1af069,"11,1,3,7,9,0,2,4,5,6,10,8",E:\Projects\RL-LAM-ScanOpt\cae_model\stage3_ppo_final_expansion_224_to_320_batch224_v01\final_expansion_batch02\N12\PPOFINAL_N12_B034_diversity\scan_order_PPOFINAL_N12_B034_diversity.json,PPO_final_expansion_checkpoint_inference,E:\Projects\RL-LAM-ScanOpt\outputs\stage3_ppo_rl_lam_fea_addendum_v01\ppo_training\checkpoints\maskable_ppo_lam_scan_order_final.zip,v01,stochastic,0.5749651614139011,6,8.0,odd_even,J2D_PPOFINAL_N12_B034_diversity,E:\Projects\RL-LAM-ScanOpt\cae_model\stage3_ppo_final_expansion_224_to_320_batch224_v01\final_expansion_batch02\N12\PPOFINAL_N12_B034_diversity\J2D_PPOFINAL_N12_B034_diversity.odb,WARNING_SUCCESS_WITH_WARNINGS,PASS_ODB_FINAL_FRAME_EXTRACTED,PASS_TEACHER_FIELDS_EXTRACTED,step_final_cooling,1200.0,AC YIELD;HFL;NT11;PEEQ;RF;S;U,,final_frame_required_fields_and_metrics_extracted
stageV_final_expansion_224_odb_teacher_metric_extraction,stage3_ppo_final_expansion_224_to_320_batch224_v01,final_expansion_batch02,12,PPOFINAL_N12_B035_diversity,diversity,35,9d16225c8842df9d,"11,3,1,9,5,7,0,2,4,6,8,10",E:\Projects\RL-LAM-ScanOpt\cae_model\stage3_ppo_final_expansion_224_to_320_batch224_v01\final_expansion_batch02\N12\PPOFINAL_N12_B035_diversity\scan_order_PPOFINAL_N12_B035_diversity.json,PPO_final_expansion_checkpoint_inference,E:\Projects\RL-LAM-ScanOpt\outputs\stage3_ppo_rl_lam_fea_addendum_v01\ppo_training\checkpoints\maskable_ppo_lam_scan_order_final.zip,v01,stochastic,0.7350055444925802,2,5.0,odd_even,J2D_PPOFINAL_N12_B035_diversity,E:\Projects\RL-LAM-ScanOpt\cae_model\stage3_ppo_final_expansion_224_to_320_batch224_v01\final_expansion_batch02\N12\PPOFINAL_N12_B035_diversity\J2D_PPOFINAL_N12_B035_diversity.odb,WARNING_SUCCESS_WITH_WARNINGS,PASS_ODB_FINAL_FRAME_EXTRACTED,PASS_TEACHER_FIELDS_EXTRACTED,step_final_cooling,1200.0,AC YIELD;HFL;NT11;PEEQ;RF;S;U,,final_frame_required_fields_and_metrics_extracted
stageV_final_expansion_224_odb_teacher_metric_extraction,stage3_ppo_final_expansion_224_to_320_batch224_v01,final_expansion_batch02,12,PPOFINAL_N12_B036_efficiency,efficiency,36,f73b4f03f3ad3bc4,"11,3,1,7,9,4,0,2,5,6,8,10",E:\Projects\RL-LAM-ScanOpt\cae_model\stage3_ppo_final_expansion_224_to_320_batch224_v01\final_expansion_batch02\N12\PPOFINAL_N12_B036_efficiency\scan_order_PPOFINAL_N12_B036_efficiency.json,PPO_final_expansion_checkpoint_inference,E:\Projects\RL-LAM-ScanOpt\outputs\stage3_ppo_rl_lam_fea_addendum_v01\ppo_training\checkpoints\maskable_ppo_lam_scan_order_final.zip,v01,stochastic,0.6799541525506227,4,4.0,odd_even,J2D_PPOFINAL_N12_B036_efficiency,E:\Projects\RL-LAM-ScanOpt\cae_model\stage3_ppo_final_expansion_224_to_320_batch224_v01\final_expansion_batch02\N12\PPOFINAL_N12_B036_efficiency\J2D_PPOFINAL_N12_B036_efficiency.odb,WARNING_SUCCESS_WITH_WARNINGS,PASS_ODB_FINAL_FRAME_EXTRACTED,PASS_TEACHER_FIELDS_EXTRACTED,step_final_cooling,1200.0,AC YIELD;HFL;NT11;PEEQ;RF;S;U,,final_frame_required_fields_and_metrics_extracted
stageV_final_expansion_224_odb_teacher_metric_extraction,stage3_ppo_final_expansion_224_to_320_batch224_v01,final_expansion_batch02,12,PPOFINAL_N12_B037_efficiency,efficiency,37,b8d668f55850ae91,"11,3,1,9,7,5,2,0,4,6,8,10",E:\Projects\RL-LAM-ScanOpt\cae_model\stage3_ppo_final_expansion_224_to_320_batch224_v01\final_expansion_batch02\N12\PPOFINAL_N12_B037_efficiency\scan_order_PPOFINAL_N12_B037_efficiency.json,PPO_final_expansion_checkpoint_inference,E:\Projects\RL-LAM-ScanOpt\outputs\stage3_ppo_rl_lam_fea_addendum_v01\ppo_training\checkpoints\maskable_ppo_lam_scan_order_final.zip,v01,stochastic,0.6445933750336242,5,7.0,odd_even,J2D_PPOFINAL_N12_B037_efficiency,E:\Projects\RL-LAM-ScanOpt\cae_model\stage3_ppo_final_expansion_224_to_320_batch224_v01\final_expansion_batch02\N12\PPOFINAL_N12_B037_efficiency\J2D_PPOFINAL_N12_B037_efficiency.odb,WARNING_SUCCESS_WITH_WARNINGS,PASS_ODB_FINAL_FRAME_EXTRACTED,PASS_TEACHER_FIELDS_EXTRACTED,step_final_cooling,1200.0,AC YIELD;HFL;NT11;PEEQ;RF;S;U,,final_frame_required_fields_and_metrics_extracted
stageV_final_expansion_224_odb_teacher_metric_extraction,stage3_ppo_final_expansion_224_to_320_batch224_v01,final_expansion_batch02,12,PPOFINAL_N12_B038_efficiency,efficiency,38,0281cd940a2fe6d9,"11,1,3,9,7,5,2,0,4,6,8,10",E:\Projects\RL-LAM-ScanOpt\cae_model\stage3_ppo_final_expansion_224_to_320_batch224_v01\final_expansion_batch02\N12\PPOFINAL_N12_B038_efficiency\scan_order_PPOFINAL_N12_B038_efficiency.json,PPO_final_expansion_checkpoint_inference,E:\Projects\RL-LAM-ScanOpt\outputs\stage3_ppo_rl_lam_fea_addendum_v01\ppo_training\checkpoints\maskable_ppo_lam_scan_order_final.zip,v01,stochastic,0.6702023966013158,4,8.0,odd_even,J2D_PPOFINAL_N12_B038_efficiency,E:\Projects\RL-LAM-ScanOpt\cae_model\stage3_ppo_final_expansion_224_to_320_batch224_v01\final_expansion_batch02\N12\PPOFINAL_N12_B038_efficiency\J2D_PPOFINAL_N12_B038_efficiency.odb,WARNING_SUCCESS_WITH_WARNINGS,PASS_ODB_FINAL_FRAME_EXTRACTED,PASS_TEACHER_FIELDS_EXTRACTED,step_final_cooling,1200.0,AC YIELD;HFL;NT11;PEEQ;RF;S;U,,final_frame_required_fields_and_metrics_extracted
stageV_final_expansion_224_odb_teacher_metric_extraction,stage3_ppo_final_expansion_224_to_320_batch224_v01,final_expansion_batch02,12,PPOFINAL_N12_B039_efficiency,efficiency,39,caf58a70972ef4f4,"11,1,3,9,7,6,5,0,2,4,8,10",E:\Projects\RL-LAM-ScanOpt\cae_model\stage3_ppo_final_expansion_224_to_320_batch224_v01\final_expansion_batch02\N12\PPOFINAL_N12_B039_efficiency\scan_order_PPOFINAL_N12_B039_efficiency.json,PPO_final_expansion_checkpoint_inference,E:\Projects\RL-LAM-ScanOpt\outputs\stage3_ppo_rl_lam_fea_addendum_v01\ppo_training\checkpoints\maskable_ppo_lam_scan_order_final.zip,v01,stochastic,0.4780140278316179,7,10.0,odd_even,J2D_PPOFINAL_N12_B039_efficiency,E:\Projects\RL-LAM-ScanOpt\cae_model\stage3_ppo_final_expansion_224_to_320_batch224_v01\final_expansion_batch02\N12\PPOFINAL_N12_B039_efficiency\J2D_PPOFINAL_N12_B039_efficiency.odb,WARNING_SUCCESS_WITH_WARNINGS,PASS_ODB_FINAL_FRAME_EXTRACTED,PASS_TEACHER_FIELDS_EXTRACTED,step_final_cooling,1200.0,AC YIELD;HFL;NT11;PEEQ;RF;S;U,,final_frame_required_fields_and_metrics_extracted
stageV_final_expansion_224_odb_teacher_metric_extraction,stage3_ppo_final_expansion_224_to_320_batch224_v01,final_expansion_batch02,12,PPOFINAL_N12_B040_efficiency,efficiency,40,60da2971c89ac202,"11,1,3,9,8,7,5,0,2,4,6,10",E:\Projects\RL-LAM-ScanOpt\cae_model\stage3_ppo_final_expansion_224_to_320_batch224_v01\final_expansion_batch02\N12\PPOFINAL_N12_B040_efficiency\scan_order_PPOFINAL_N12_B040_efficiency.json,PPO_final_expansion_checkpoint_inference,E:\Projects\RL-LAM-ScanOpt\outputs\stage3_ppo_rl_lam_fea_addendum_v01\ppo_training\checkpoints\maskable_ppo_lam_scan_order_final.zip,v01,stochastic,0.4170408023206977,8,11.0,raster,J2D_PPOFINAL_N12_B040_efficiency,E:\Projects\RL-LAM-ScanOpt\cae_model\stage3_ppo_final_expansion_224_to_320_batch224_v01\final_expansion_batch02\N12\PPOFINAL_N12_B040_efficiency\J2D_PPOFINAL_N12_B040_efficiency.odb,WARNING_SUCCESS_WITH_WARNINGS,PASS_ODB_FINAL_FRAME_EXTRACTED,PASS_TEACHER_FIELDS_EXTRACTED,step_final_cooling,1200.0,AC YIELD;HFL;NT11;PEEQ;RF;S;U,,final_frame_required_fields_and_metrics_extracted
stageV_final_expansion_224_odb_teacher_metric_extraction,stage3_ppo_final_expansion_224_to_320_batch224_v01,final_expansion_batch02,12,PPOFINAL_N12_B041_efficiency,efficiency,41,42cd3f72e6aaa2fc,"11,3,1,9,7,0,2,4,5,6,8,10",E:\Projects\RL-LAM-ScanOpt\cae_model\stage3_ppo_final_expansion_224_to_320_batch224_v01\final_expansion_batch02\N12\PPOFINAL_N12_B041_efficiency\scan_order_PPOFINAL_N12_B041_efficiency.json,PPO_final_expansion_checkpoint_inference,E:\Projects\RL-LAM-ScanOpt\outputs\stage3_ppo_rl_lam_fea_addendum_v01\ppo_training\checkpoints\maskable_ppo_lam_scan_order_final.zip,v01,stochastic,0.6506879289201846,6,8.0,odd_even,J2D_PPOFINAL_N12_B041_efficiency,E:\Projects\RL-LAM-ScanOpt\cae_model\stage3_ppo_final_expansion_224_to_320_batch224_v01\final_expansion_batch02\N12\PPOFINAL_N12_B041_efficiency\J2D_PPOFINAL_N12_B041_efficiency.odb,WARNING_SUCCESS_WITH_WARNINGS,PASS_ODB_FINAL_FRAME_EXTRACTED,PASS_TEACHER_FIELDS_EXTRACTED,step_final_cooling,1200.0,AC YIELD;HFL;NT11;PEEQ;RF;S;U,,final_frame_required_fields_and_metrics_extracted
stageV_final_expansion_224_odb_teacher_metric_extraction,stage3_ppo_final_expansion_224_to_320_batch224_v01,final_expansion_batch02,12,PPOFINAL_N12_B042_novelty,novelty,42,5623c97f5dcbd1a3,"11,3,1,7,9,0,2,4,5,6,8,10",E:\Projects\RL-LAM-ScanOpt\cae_model\stage3_ppo_final_expansion_224_to_320_batch224_v01\final_expansion_batch02\N12\PPOFINAL_N12_B042_novelty\scan_order_PPOFINAL_N12_B042_novelty.json,PPO_final_expansion_checkpoint_inference,E:\Projects\RL-LAM-ScanOpt\outputs\stage3_ppo_rl_lam_fea_addendum_v01\ppo_training\checkpoints\maskable_ppo_lam_scan_order_final.zip,v01,stochastic,0.6585155488327996,6,6.0,odd_even,J2D_PPOFINAL_N12_B042_novelty,E:\Projects\RL-LAM-ScanOpt\cae_model\stage3_ppo_final_expansion_224_to_320_batch224_v01\final_expansion_batch02\N12\PPOFINAL_N12_B042_novelty\J2D_PPOFINAL_N12_B042_novelty.odb,WARNING_SUCCESS_WITH_WARNINGS,PASS_ODB_FINAL_FRAME_EXTRACTED,PASS_TEACHER_FIELDS_EXTRACTED,step_final_cooling,1200.0,AC YIELD;HFL;NT11;PEEQ;RF;S;U,,final_frame_required_fields_and_metrics_extracted
stageV_final_expansion_224_odb_teacher_metric_extraction,stage3_ppo_final_expansion_224_to_320_batch224_v01,final_expansion_batch02,12,PPOFINAL_N12_B043_novelty,novelty,43,667cc0b2be39f4b7,"11,1,3,9,7,0,2,4,5,6,8,10",E:\Projects\RL-LAM-ScanOpt\cae_model\stage3_ppo_final_expansion_224_to_320_batch224_v01\final_expansion_batch02\N12\PPOFINAL_N12_B043_novelty\scan_order_PPOFINAL_N12_B043_novelty.json,PPO_final_expansion_checkpoint_inference,E:\Projects\RL-LAM-ScanOpt\outputs\stage3_ppo_rl_lam_fea_addendum_v01\ppo_training\checkpoints\maskable_ppo_lam_scan_order_final.zip,v01,stochastic,0.6398432542189428,6,9.0,odd_even,J2D_PPOFINAL_N12_B043_novelty,E:\Projects\RL-LAM-ScanOpt\cae_model\stage3_ppo_final_expansion_224_to_320_batch224_v01\final_expansion_batch02\N12\PPOFINAL_N12_B043_novelty\J2D_PPOFINAL_N12_B043_novelty.odb,WARNING_SUCCESS_WITH_WARNINGS,PASS_ODB_FINAL_FRAME_EXTRACTED,PASS_TEACHER_FIELDS_EXTRACTED,step_final_cooling,1200.0,AC YIELD;HFL;NT11;PEEQ;RF;S;U,,final_frame_required_fields_and_metrics_extracted
stageV_final_expansion_224_odb_teacher_metric_extraction,stage3_ppo_final_expansion_224_to_320_batch224_v01,final_expansion_batch02,12,PPOFINAL_N12_B044_novelty,novelty,44,7490c177c3657ed7,"11,1,3,9,5,0,7,4,2,6,8,10",E:\Projects\RL-LAM-ScanOpt\cae_model\stage3_ppo_final_expansion_224_to_320_batch224_v01\final_expansion_batch02\N12\PPOFINAL_N12_B044_novelty\scan_order_PPOFINAL_N12_B044_novelty.json,PPO_final_expansion_checkpoint_inference,E:\Projects\RL-LAM-ScanOpt\outputs\stage3_ppo_rl_lam_fea_addendum_v01\ppo_training\checkpoints\maskable_ppo_lam_scan_order_final.zip,v01,stochastic,0.5530251329330956,6,9.0,odd_even,J2D_PPOFINAL_N12_B044_novelty,E:\Projects\RL-LAM-ScanOpt\cae_model\stage3_ppo_final_expansion_224_to_320_batch224_v01\final_expansion_batch02\N12\PPOFINAL_N12_B044_novelty\J2D_PPOFINAL_N12_B044_novelty.odb,WARNING_SUCCESS_WITH_WARNINGS,PASS_ODB_FINAL_FRAME_EXTRACTED,PASS_TEACHER_FIELDS_EXTRACTED,step_final_cooling,1200.0,AC YIELD;HFL;NT11;PEEQ;RF;S;U,,final_frame_required_fields_and_metrics_extracted
stageV_final_expansion_224_odb_teacher_metric_extraction,stage3_ppo_final_expansion_224_to_320_batch224_v01,final_expansion_batch02,12,PPOFINAL_N12_B045_baseline_proximity,baseline_proximity,45,d9d48697cbdeabff,"11,3,1,7,5,9,0,2,4,6,8,10",E:\Projects\RL-LAM-ScanOpt\cae_model\stage3_ppo_final_expansion_224_to_320_batch224_v01\final_expansion_batch02\N12\PPOFINAL_N12_B045_baseline_proximity\scan_order_PPOFINAL_N12_B045_baseline_proximity.json,PPO_final_expansion_checkpoint_inference,E:\Projects\RL-LAM-ScanOpt\outputs\stage3_ppo_rl_lam_fea_addendum_v01\ppo_training\checkpoints\maskable_ppo_lam_scan_order_final.zip,v01,stochastic,0.734168139160716,3,4.0,odd_even,J2D_PPOFINAL_N12_B045_baseline_proximity,E:\Projects\RL-LAM-ScanOpt\cae_model\stage3_ppo_final_expansion_224_to_320_batch224_v01\final_expansion_batch02\N12\PPOFINAL_N12_B045_baseline_proximity\J2D_PPOFINAL_N12_B045_baseline_proximity.odb,WARNING_SUCCESS_WITH_WARNINGS,PASS_ODB_FINAL_FRAME_EXTRACTED,PASS_TEACHER_FIELDS_EXTRACTED,step_final_cooling,1200.0,AC YIELD;HFL;NT11;PEEQ;RF;S;U,,final_frame_required_fields_and_metrics_extracted
stageV_final_expansion_224_odb_teacher_metric_extraction,stage3_ppo_final_expansion_224_to_320_batch224_v01,final_expansion_batch02,12,PPOFINAL_N12_B046_baseline_proximity,baseline_proximity,46,5f7d2403c1cdd71e,"3,11,1,7,9,5,0,2,4,6,8,10",E:\Projects\RL-LAM-ScanOpt\cae_model\stage3_ppo_final_expansion_224_to_320_batch224_v01\final_expansion_batch02\N12\PPOFINAL_N12_B046_baseline_proximity\scan_order_PPOFINAL_N12_B046_baseline_proximity.json,PPO_final_expansion_checkpoint_inference,E:\Projects\RL-LAM-ScanOpt\outputs\stage3_ppo_rl_lam_fea_addendum_v01\ppo_training\checkpoints\maskable_ppo_lam_scan_order_final.zip,v01,stochastic,0.7175525424814981,3,4.0,odd_even,J2D_PPOFINAL_N12_B046_baseline_proximity,E:\Projects\RL-LAM-ScanOpt\cae_model\stage3_ppo_final_expansion_224_to_320_batch224_v01\final_expansion_batch02\N12\PPOFINAL_N12_B046_baseline_proximity\J2D_PPOFINAL_N12_B046_baseline_proximity.odb,WARNING_SUCCESS_WITH_WARNINGS,PASS_ODB_FINAL_FRAME_EXTRACTED,PASS_TEACHER_FIELDS_EXTRACTED,step_final_cooling,1200.0,AC YIELD;HFL;NT11;PEEQ;RF;S;U,,final_frame_required_fields_and_metrics_extracted
stageV_final_expansion_224_odb_teacher_metric_extraction,stage3_ppo_final_expansion_224_to_320_batch224_v01,final_expansion_batch02,12,PPOFINAL_N12_B047_baseline_proximity,baseline_proximity,47,a78982ae1aba990c,"11,1,3,9,7,5,0,2,4,10,6,8",E:\Projects\RL-LAM-ScanOpt\cae_model\stage3_ppo_final_expansion_224_to_320_batch224_v01\final_expansion_batch02\N12\PPOFINAL_N12_B047_baseline_proximity\scan_order_PPOFINAL_N12_B047_baseline_proximity.json,PPO_final_expansion_checkpoint_inference,E:\Projects\RL-LAM-ScanOpt\outputs\stage3_ppo_rl_lam_fea_addendum_v01\ppo_training\checkpoints\maskable_ppo_lam_scan_order_final.zip,v01,stochastic,0.6753767838058995,5,4.0,odd_even,J2D_PPOFINAL_N12_B047_baseline_proximity,E:\Projects\RL-LAM-ScanOpt\cae_model\stage3_ppo_final_expansion_224_to_320_batch224_v01\final_expansion_batch02\N12\PPOFINAL_N12_B047_baseline_proximity\J2D_PPOFINAL_N12_B047_baseline_proximity.odb,WARNING_SUCCESS_WITH_WARNINGS,PASS_ODB_FINAL_FRAME_EXTRACTED,PASS_TEACHER_FIELDS_EXTRACTED,step_final_cooling,1200.0,AC YIELD;HFL;NT11;PEEQ;RF;S;U,,final_frame_required_fields_and_metrics_extracted
stageV_final_expansion_224_odb_teacher_metric_extraction,stage3_ppo_final_expansion_224_to_320_batch224_v01,final_expansion_batch02,12,PPOFINAL_N12_B048_baseline_proximity,baseline_proximity,48,81374eb04629101e,"11,1,3,7,9,5,0,2,6,4,8,10",E:\Projects\RL-LAM-ScanOpt\cae_model\stage3_ppo_final_expansion_224_to_320_batch224_v01\final_expansion_batch02\N12\PPOFINAL_N12_B048_baseline_proximity\scan_order_PPOFINAL_N12_B048_baseline_proximity.json,PPO_final_expansion_checkpoint_inference,E:\Projects\RL-LAM-ScanOpt\outputs\stage3_ppo_rl_lam_fea_addendum_v01\ppo_training\checkpoints\maskable_ppo_lam_scan_order_final.zip,v01,stochastic,0.6637800912299493,2,5.0,odd_even,J2D_PPOFINAL_N12_B048_baseline_proximity,E:\Projects\RL-LAM-ScanOpt\cae_model\stage3_ppo_final_expansion_224_to_320_batch224_v01\final_expansion_batch02\N12\PPOFINAL_N12_B048_baseline_proximity\J2D_PPOFINAL_N12_B048_baseline_proximity.odb,WARNING_SUCCESS_WITH_WARNINGS,PASS_ODB_FINAL_FRAME_EXTRACTED,PASS_TEACHER_FIELDS_EXTRACTED,step_final_cooling,1200.0,AC YIELD;HFL;NT11;PEEQ;RF;S;U,,final_frame_required_fields_and_metrics_extracted
stageV_final_expansion_224_odb_teacher_metric_extraction,stage3_ppo_final_expansion_224_to_320_batch224_v01,final_expansion_batch01,16,PPOFINAL_N16_B017_quality,quality,17,939f0390b5bbea6c,"11,1,3,15,13,9,7,5,0,2,4,6,8,12,14,10",E:\Projects\RL-LAM-ScanOpt\cae_model\stage3_ppo_final_expansion_224_to_320_batch224_v01\final_expansion_batch01\N16\PPOFINAL_N16_B017_quality\scan_order_PPOFINAL_N16_B017_quality.json,PPO_final_expansion_checkpoint_inference,E:\Projects\RL-LAM-ScanOpt\outputs\stage3_ppo_rl_lam_fea_addendum_v01\ppo_training\checkpoints\maskable_ppo_lam_scan_order_final.zip,v01,stochastic,0.864852382423214,9,10.0,odd_even,J2D_PPOFINAL_N16_B017_quality,E:\Projects\RL-LAM-ScanOpt\cae_model\stage3_ppo_final_expansion_224_to_320_batch224_v01\final_expansion_batch01\N16\PPOFINAL_N16_B017_quality\J2D_PPOFINAL_N16_B017_quality.odb,WARNING_SUCCESS_WITH_WARNINGS,PASS_ODB_FINAL_FRAME_EXTRACTED,PASS_TEACHER_FIELDS_EXTRACTED,step_final_cooling,1200.0,AC YIELD;HFL;NT11;PEEQ;RF;S;U,,final_frame_required_fields_and_metrics_extracted
stageV_final_expansion_224_odb_teacher_metric_extraction,stage3_ppo_final_expansion_224_to_320_batch224_v01,final_expansion_batch01,16,PPOFINAL_N16_B018_quality,quality,18,68083be28a1aa0cd,"11,1,3,13,15,9,7,5,0,2,4,6,8,10,14,12",E:\Projects\RL-LAM-ScanOpt\cae_model\stage3_ppo_final_expansion_224_to_320_batch224_v01\final_expansion_batch01\N16\PPOFINAL_N16_B018_quality\scan_order_PPOFINAL_N16_B018_quality.json,PPO_final_expansion_checkpoint_inference,E:\Projects\RL-LAM-ScanOpt\outputs\stage3_ppo_rl_lam_fea_addendum_v01\ppo_training\checkpoints\maskable_ppo_lam_scan_order_final.zip,v01,stochastic,0.9259326743817458,8,10.0,odd_even,J2D_PPOFINAL_N16_B018_quality,E:\Projects\RL-LAM-ScanOpt\cae_model\stage3_ppo_final_expansion_224_to_320_batch224_v01\final_expansion_batch01\N16\PPOFINAL_N16_B018_quality\J2D_PPOFINAL_N16_B018_quality.odb,WARNING_SUCCESS_WITH_WARNINGS,PASS_ODB_FINAL_FRAME_EXTRACTED,PASS_TEACHER_FIELDS_EXTRACTED,step_final_cooling,1200.0,AC YIELD;HFL;NT11;PEEQ;RF;S;U,,final_frame_required_fields_and_metrics_extracted
stageV_final_expansion_224_odb_teacher_metric_extraction,stage3_ppo_final_expansion_224_to_320_batch224_v01,final_expansion_batch01,16,PPOFINAL_N16_B019_quality,quality,19,77a09d02d881a290,"11,15,3,1,13,9,7,5,0,2,4,6,8,10,12,14",E:\Projects\RL-LAM-ScanOpt\cae_model\stage3_ppo_final_expansion_224_to_320_batch224_v01\final_expansion_batch01\N16\PPOFINAL_N16_B019_quality\scan_order_PPOFINAL_N16_B019_quality.json,PPO_final_expansion_checkpoint_inference,E:\Projects\RL-LAM-ScanOpt\outputs\stage3_ppo_rl_lam_fea_addendum_v01\ppo_training\checkpoints\maskable_ppo_lam_scan_order_final.zip,v01,stochastic,0.8585311742138704,7,7.0,odd_even,J2D_PPOFINAL_N16_B019_quality,E:\Projects\RL-LAM-ScanOpt\cae_model\stage3_ppo_final_expansion_224_to_320_batch224_v01\final_expansion_batch01\N16\PPOFINAL_N16_B019_quality\J2D_PPOFINAL_N16_B019_quality.odb,WARNING_SUCCESS_WITH_WARNINGS,PASS_ODB_FINAL_FRAME_EXTRACTED,PASS_TEACHER_FIELDS_EXTRACTED,step_final_cooling,1200.0,AC YIELD;HFL;NT11;PEEQ;RF;S;U,,final_frame_required_fields_and_metrics_extracted
stageV_final_expansion_224_odb_teacher_metric_extraction,stage3_ppo_final_expansion_224_to_320_batch224_v01,final_expansion_batch01,16,PPOFINAL_N16_B020_quality,quality,20,d3f9b9321fe2cf06,"11,1,3,15,13,9,7,5,4,0,2,6,8,10,14,12",E:\Projects\RL-LAM-ScanOpt\cae_model\stage3_ppo_final_expansion_224_to_320_batch224_v01\final_expansion_batch01\N16\PPOFINAL_N16_B020_quality\scan_order_PPOFINAL_N16_B020_quality.json,PPO_final_expansion_checkpoint_inference,E:\Projects\RL-LAM-ScanOpt\outputs\stage3_ppo_rl_lam_fea_addendum_v01\ppo_training\checkpoints\maskable_ppo_lam_scan_order_final.zip,v01,stochastic,0.9104711888437276,10,13.0,odd_even,J2D_PPOFINAL_N16_B020_quality,E:\Projects\RL-LAM-ScanOpt\cae_model\stage3_ppo_final_expansion_224_to_320_batch224_v01\final_expansion_batch01\N16\PPOFINAL_N16_B020_quality\J2D_PPOFINAL_N16_B020_quality.odb,WARNING_SUCCESS_WITH_WARNINGS,PASS_ODB_FINAL_FRAME_EXTRACTED,PASS_TEACHER_FIELDS_EXTRACTED,step_final_cooling,1200.0,AC YIELD;HFL;NT11;PEEQ;RF;S;U,,final_frame_required_fields_and_metrics_extracted
stageV_final_expansion_224_odb_teacher_metric_extraction,stage3_ppo_final_expansion_224_to_320_batch224_v01,final_expansion_batch01,16,PPOFINAL_N16_B021_quality,quality,21,0a75862e3605280c,"11,3,1,15,13,9,7,5,0,2,4,6,10,8,12,14",E:\Projects\RL-LAM-ScanOpt\cae_model\stage3_ppo_final_expansion_224_to_320_batch224_v01\final_expansion_batch01\N16\PPOFINAL_N16_B021_quality\scan_order_PPOFINAL_N16_B021_quality.json,PPO_final_expansion_checkpoint_inference,E:\Projects\RL-LAM-ScanOpt\outputs\stage3_ppo_rl_lam_fea_addendum_v01\ppo_training\checkpoints\maskable_ppo_lam_scan_order_final.zip,v01,stochastic,0.8535071729128095,10,8.0,odd_even,J2D_PPOFINAL_N16_B021_quality,E:\Projects\RL-LAM-ScanOpt\cae_model\stage3_ppo_final_expansion_224_to_320_batch224_v01\final_expansion_batch01\N16\PPOFINAL_N16_B021_quality\J2D_PPOFINAL_N16_B021_quality.odb,WARNING_SUCCESS_WITH_WARNINGS,PASS_ODB_FINAL_FRAME_EXTRACTED,PASS_TEACHER_FIELDS_EXTRACTED,step_final_cooling,1200.0,AC YIELD;HFL;NT11;PEEQ;RF;S;U,,final_frame_required_fields_and_metrics_extracted
stageV_final_expansion_224_odb_teacher_metric_extraction,stage3_ppo_final_expansion_224_to_320_batch224_v01,final_expansion_batch01,16,PPOFINAL_N16_B022_quality,quality,22,f5ea60be6ba4eb8a,"11,3,1,15,13,9,7,5,0,2,4,6,8,12,10,14",E:\Projects\RL-LAM-ScanOpt\cae_model\stage3_ppo_final_expansion_224_to_320_batch224_v01\final_expansion_batch01\N16\PPOFINAL_N16_B022_quality\scan_order_PPOFINAL_N16_B022_quality.json,PPO_final_expansion_checkpoint_inference,E:\Projects\RL-LAM-ScanOpt\outputs\stage3_ppo_rl_lam_fea_addendum_v01\ppo_training\checkpoints\maskable_ppo_lam_scan_order_final.zip,v01,stochastic,0.8468048897315781,10,8.0,odd_even,J2D_PPOFINAL_N16_B022_quality,E:\Projects\RL-LAM-ScanOpt\cae_model\stage3_ppo_final_expansion_224_to_320_batch224_v01\final_expansion_batch01\N16\PPOFINAL_N16_B022_quality\J2D_PPOFINAL_N16_B022_quality.odb,WARNING_SUCCESS_WITH_WARNINGS,PASS_ODB_FINAL_FRAME_EXTRACTED,PASS_TEACHER_FIELDS_EXTRACTED,step_final_cooling,1200.0,AC YIELD;HFL;NT11;PEEQ;RF;S;U,,final_frame_required_fields_and_metrics_extracted
stageV_final_expansion_224_odb_teacher_metric_extraction,stage3_ppo_final_expansion_224_to_320_batch224_v01,final_expansion_batch01,16,PPOFINAL_N16_B023_quality,quality,23,112c7158ed9beae3,"11,3,1,15,13,9,7,5,0,2,4,6,8,10,12,14",E:\Projects\RL-LAM-ScanOpt\cae_model\stage3_ppo_final_expansion_224_to_320_batch224_v01\final_expansion_batch01\N16\PPOFINAL_N16_B023_quality\scan_order_PPOFINAL_N16_B023_quality.json,PPO_final_expansion_checkpoint_inference,E:\Projects\RL-LAM-ScanOpt\outputs\stage3_ppo_rl_lam_fea_addendum_v01\ppo_training\checkpoints\maskable_ppo_lam_scan_order_final.zip,v01,stochastic,0.8954529465010871,8,7.0,odd_even,J2D_PPOFINAL_N16_B023_quality,E:\Projects\RL-LAM-ScanOpt\cae_model\stage3_ppo_final_expansion_224_to_320_batch224_v01\final_expansion_batch01\N16\PPOFINAL_N16_B023_quality\J2D_PPOFINAL_N16_B023_quality.odb,WARNING_SUCCESS_WITH_WARNINGS,PASS_ODB_FINAL_FRAME_EXTRACTED,PASS_TEACHER_FIELDS_EXTRACTED,step_final_cooling,1200.0,AC YIELD;HFL;NT11;PEEQ;RF;S;U,,final_frame_required_fields_and_metrics_extracted
stageV_final_expansion_224_odb_teacher_metric_extraction,stage3_ppo_final_expansion_224_to_320_batch224_v01,final_expansion_batch01,16,PPOFINAL_N16_B024_quality,quality,24,33b8727ceadf88f5,"11,1,3,13,15,7,9,5,0,2,4,6,8,10,12,14",E:\Projects\RL-LAM-ScanOpt\cae_model\stage3_ppo_final_expansion_224_to_320_batch224_v01\final_expansion_batch01\N16\PPOFINAL_N16_B024_quality\scan_order_PPOFINAL_N16_B024_quality.json,PPO_final_expansion_checkpoint_inference,E:\Projects\RL-LAM-ScanOpt\outputs\stage3_ppo_rl_lam_fea_addendum_v01\ppo_training\checkpoints\maskable_ppo_lam_scan_order_final.zip,v01,stochastic,0.8454182280384789,7,7.0,odd_even,J2D_PPOFINAL_N16_B024_quality,E:\Projects\RL-LAM-ScanOpt\cae_model\stage3_ppo_final_expansion_224_to_320_batch224_v01\final_expansion_batch01\N16\PPOFINAL_N16_B024_quality\J2D_PPOFINAL_N16_B024_quality.odb,WARNING_SUCCESS_WITH_WARNINGS,PASS_ODB_FINAL_FRAME_EXTRACTED,PASS_TEACHER_FIELDS_EXTRACTED,step_final_cooling,1200.0,AC YIELD;HFL;NT11;PEEQ;RF;S;U,,final_frame_required_fields_and_metrics_extracted
stageV_final_expansion_224_odb_teacher_metric_extraction,stage3_ppo_final_expansion_224_to_320_batch224_v01,final_expansion_batch01,16,PPOFINAL_N16_B025_quality,quality,25,ac75b5c13ac7b4df,"11,3,1,13,15,9,7,5,0,2,4,6,8,10,12,14",E:\Projects\RL-LAM-ScanOpt\cae_model\stage3_ppo_final_expansion_224_to_320_batch224_v01\final_expansion_batch01\N16\PPOFINAL_N16_B025_quality\scan_order_PPOFINAL_N16_B025_quality.json,PPO_final_expansion_checkpoint_inference,E:\Projects\RL-LAM-ScanOpt\outputs\stage3_ppo_rl_lam_fea_addendum_v01\ppo_training\checkpoints\maskable_ppo_lam_scan_order_final.zip,v01,stochastic,0.8948397232401708,8,7.0,odd_even,J2D_PPOFINAL_N16_B025_quality,E:\Projects\RL-LAM-ScanOpt\cae_model\stage3_ppo_final_expansion_224_to_320_batch224_v01\final_expansion_batch01\N16\PPOFINAL_N16_B025_quality\J2D_PPOFINAL_N16_B025_quality.odb,WARNING_SUCCESS_WITH_WARNINGS,PASS_ODB_FINAL_FRAME_EXTRACTED,PASS_TEACHER_FIELDS_EXTRACTED,step_final_cooling,1200.0,AC YIELD;HFL;NT11;PEEQ;RF;S;U,,final_frame_required_fields_and_metrics_extracted
stageV_final_expansion_224_odb_teacher_metric_extraction,stage3_ppo_final_expansion_224_to_320_batch224_v01,final_expansion_batch01,16,PPOFINAL_N16_B026_quality,quality,26,ba1ed7eee00034ea,"11,1,3,15,13,5,7,9,0,2,4,6,8,10,12,14",E:\Projects\RL-LAM-ScanOpt\cae_model\stage3_ppo_final_expansion_224_to_320_batch224_v01\final_expansion_batch01\N16\PPOFINAL_N16_B026_quality\scan_order_PPOFINAL_N16_B026_quality.json,PPO_final_expansion_checkpoint_inference,E:\Projects\RL-LAM-ScanOpt\outputs\stage3_ppo_rl_lam_fea_addendum_v01\ppo_training\checkpoints\maskable_ppo_lam_scan_order_final.zip,v01,stochastic,0.8387433322998044,7,7.0,odd_even,J2D_PPOFINAL_N16_B026_quality,E:\Projects\RL-LAM-ScanOpt\cae_model\stage3_ppo_final_expansion_224_to_320_batch224_v01\final_expansion_batch01\N16\PPOFINAL_N16_B026_quality\J2D_PPOFINAL_N16_B026_quality.odb,WARNING_SUCCESS_WITH_WARNINGS,PASS_ODB_FINAL_FRAME_EXTRACTED,PASS_TEACHER_FIELDS_EXTRACTED,step_final_cooling,1200.0,AC YIELD;HFL;NT11;PEEQ;RF;S;U,,final_frame_required_fields_and_metrics_extracted
stageV_final_expansion_224_odb_teacher_metric_extraction,stage3_ppo_final_expansion_224_to_320_batch224_v01,final_expansion_batch01,16,PPOFINAL_N16_B027_quality,quality,27,a1735e9fea830cda,"11,3,1,15,13,7,9,5,0,2,4,6,8,10,12,14",E:\Projects\RL-LAM-ScanOpt\cae_model\stage3_ppo_final_expansion_224_to_320_batch224_v01\final_expansion_batch01\N16\PPOFINAL_N16_B027_quality\scan_order_PPOFINAL_N16_B027_quality.json,PPO_final_expansion_checkpoint_inference,E:\Projects\RL-LAM-ScanOpt\outputs\stage3_ppo_rl_lam_fea_addendum_v01\ppo_training\checkpoints\maskable_ppo_lam_scan_order_final.zip,v01,stochastic,0.8375850872583123,8,9.0,odd_even,J2D_PPOFINAL_N16_B027_quality,E:\Projects\RL-LAM-ScanOpt\cae_model\stage3_ppo_final_expansion_224_to_320_batch224_v01\final_expansion_batch01\N16\PPOFINAL_N16_B027_quality\J2D_PPOFINAL_N16_B027_quality.odb,WARNING_SUCCESS_WITH_WARNINGS,PASS_ODB_FINAL_FRAME_EXTRACTED,PASS_TEACHER_FIELDS_EXTRACTED,step_final_cooling,1200.0,AC YIELD;HFL;NT11;PEEQ;RF;S;U,,final_frame_required_fields_and_metrics_extracted
stageV_final_expansion_224_odb_teacher_metric_extraction,stage3_ppo_final_expansion_224_to_320_batch224_v01,final_expansion_batch01,16,PPOFINAL_N16_B028_diversity,diversity,28,7b2ba7418d0d9ac8,"11,1,3,15,13,9,7,5,6,0,2,4,8,10,12,14",E:\Projects\RL-LAM-ScanOpt\cae_model\stage3_ppo_final_expansion_224_to_320_batch224_v01\final_expansion_batch01\N16\PPOFINAL_N16_B028_diversity\scan_order_PPOFINAL_N16_B028_diversity.json,PPO_final_expansion_checkpoint_inference,E:\Projects\RL-LAM-ScanOpt\outputs\stage3_ppo_rl_lam_fea_addendum_v01\ppo_training\checkpoints\maskable_ppo_lam_scan_order_final.zip,v01,stochastic,0.8174050697567683,9,12.0,odd_even,J2D_PPOFINAL_N16_B028_diversity,E:\Projects\RL-LAM-ScanOpt\cae_model\stage3_ppo_final_expansion_224_to_320_batch224_v01\final_expansion_batch01\N16\PPOFINAL_N16_B028_diversity\J2D_PPOFINAL_N16_B028_diversity.odb,WARNING_SUCCESS_WITH_WARNINGS,PASS_ODB_FINAL_FRAME_EXTRACTED,PASS_TEACHER_FIELDS_EXTRACTED,step_final_cooling,1200.0,AC YIELD;HFL;NT11;PEEQ;RF;S;U,,final_frame_required_fields_and_metrics_extracted
stageV_final_expansion_224_odb_teacher_metric_extraction,stage3_ppo_final_expansion_224_to_320_batch224_v01,final_expansion_batch01,16,PPOFINAL_N16_B029_diversity,diversity,29,cac6c09a30024fea,"11,3,1,15,13,9,7,5,4,0,2,6,8,10,12,14",E:\Projects\RL-LAM-ScanOpt\cae_model\stage3_ppo_final_expansion_224_to_320_batch224_v01\final_expansion_batch01\N16\PPOFINAL_N16_B029_diversity\scan_order_PPOFINAL_N16_B029_diversity.json,PPO_final_expansion_checkpoint_inference,E:\Projects\RL-LAM-ScanOpt\outputs\stage3_ppo_rl_lam_fea_addendum_v01\ppo_training\checkpoints\maskable_ppo_lam_scan_order_final.zip,v01,stochastic,0.8588726208362754,10,10.0,odd_even,J2D_PPOFINAL_N16_B029_diversity,E:\Projects\RL-LAM-ScanOpt\cae_model\stage3_ppo_final_expansion_224_to_320_batch224_v01\final_expansion_batch01\N16\PPOFINAL_N16_B029_diversity\J2D_PPOFINAL_N16_B029_diversity.odb,WARNING_SUCCESS_WITH_WARNINGS,PASS_ODB_FINAL_FRAME_EXTRACTED,PASS_TEACHER_FIELDS_EXTRACTED,step_final_cooling,1200.0,AC YIELD;HFL;NT11;PEEQ;RF;S;U,,final_frame_required_fields_and_metrics_extracted
stageV_final_expansion_224_odb_teacher_metric_extraction,stage3_ppo_final_expansion_224_to_320_batch224_v01,final_expansion_batch01,16,PPOFINAL_N16_B030_diversity,diversity,30,d3449887e51567b6,"11,3,1,15,13,7,5,9,0,2,4,6,8,10,12,14",E:\Projects\RL-LAM-ScanOpt\cae_model\stage3_ppo_final_expansion_224_to_320_batch224_v01\final_expansion_batch01\N16\PPOFINAL_N16_B030_diversity\scan_order_PPOFINAL_N16_B030_diversity.json,PPO_final_expansion_checkpoint_inference,E:\Projects\RL-LAM-ScanOpt\outputs\stage3_ppo_rl_lam_fea_addendum_v01\ppo_training\checkpoints\maskable_ppo_lam_scan_order_final.zip,v01,stochastic,0.8331291621796413,9,7.0,odd_even,J2D_PPOFINAL_N16_B030_diversity,E:\Projects\RL-LAM-ScanOpt\cae_model\stage3_ppo_final_expansion_224_to_320_batch224_v01\final_expansion_batch01\N16\PPOFINAL_N16_B030_diversity\J2D_PPOFINAL_N16_B030_diversity.odb,WARNING_SUCCESS_WITH_WARNINGS,PASS_ODB_FINAL_FRAME_EXTRACTED,PASS_TEACHER_FIELDS_EXTRACTED,step_final_cooling,1200.0,AC YIELD;HFL;NT11;PEEQ;RF;S;U,,final_frame_required_fields_and_metrics_extracted
stageV_final_expansion_224_odb_teacher_metric_extraction,stage3_ppo_final_expansion_224_to_320_batch224_v01,final_expansion_batch01,16,PPOFINAL_N16_B031_diversity,diversity,31,2e7ec5f10475f5b7,"11,1,3,15,13,5,9,7,0,2,4,6,8,10,12,14",E:\Projects\RL-LAM-ScanOpt\cae_model\stage3_ppo_final_expansion_224_to_320_batch224_v01\final_expansion_batch01\N16\PPOFINAL_N16_B031_diversity\scan_order_PPOFINAL_N16_B031_diversity.json,PPO_final_expansion_checkpoint_inference,E:\Projects\RL-LAM-ScanOpt\outputs\stage3_ppo_rl_lam_fea_addendum_v01\ppo_training\checkpoints\maskable_ppo_lam_scan_order_final.zip,v01,stochastic,0.8296578227146384,7,8.0,odd_even,J2D_PPOFINAL_N16_B031_diversity,E:\Projects\RL-LAM-ScanOpt\cae_model\stage3_ppo_final_expansion_224_to_320_batch224_v01\final_expansion_batch01\N16\PPOFINAL_N16_B031_diversity\J2D_PPOFINAL_N16_B031_diversity.odb,WARNING_SUCCESS_WITH_WARNINGS,PASS_ODB_FINAL_FRAME_EXTRACTED,PASS_TEACHER_FIELDS_EXTRACTED,step_final_cooling,1200.0,AC YIELD;HFL;NT11;PEEQ;RF;S;U,,final_frame_required_fields_and_metrics_extracted
stageV_final_expansion_224_odb_teacher_metric_extraction,stage3_ppo_final_expansion_224_to_320_batch224_v01,final_expansion_batch01,16,PPOFINAL_N16_B032_diversity,diversity,32,f785e57b5b7c8171,"11,15,1,3,9,13,7,5,0,2,4,6,8,10,12,14",E:\Projects\RL-LAM-ScanOpt\cae_model\stage3_ppo_final_expansion_224_to_320_batch224_v01\final_expansion_batch01\N16\PPOFINAL_N16_B032_diversity\scan_order_PPOFINAL_N16_B032_diversity.json,PPO_final_expansion_checkpoint_inference,E:\Projects\RL-LAM-ScanOpt\outputs\stage3_ppo_rl_lam_fea_addendum_v01\ppo_training\checkpoints\maskable_ppo_lam_scan_order_final.zip,v01,stochastic,0.8157013855206566,8,7.0,odd_even,J2D_PPOFINAL_N16_B032_diversity,E:\Projects\RL-LAM-ScanOpt\cae_model\stage3_ppo_final_expansion_224_to_320_batch224_v01\final_expansion_batch01\N16\PPOFINAL_N16_B032_diversity\J2D_PPOFINAL_N16_B032_diversity.odb,WARNING_SUCCESS_WITH_WARNINGS,PASS_ODB_FINAL_FRAME_EXTRACTED,PASS_TEACHER_FIELDS_EXTRACTED,step_final_cooling,1200.0,AC YIELD;HFL;NT11;PEEQ;RF;S;U,,final_frame_required_fields_and_metrics_extracted
stageV_final_expansion_224_odb_teacher_metric_extraction,stage3_ppo_final_expansion_224_to_320_batch224_v01,final_expansion_batch02,16,PPOFINAL_N16_B049_diversity,diversity,49,073d57ec3eee3249,"11,3,1,15,9,7,13,5,0,2,4,6,8,10,12,14",E:\Projects\RL-LAM-ScanOpt\cae_model\stage3_ppo_final_expansion_224_to_320_batch224_v01\final_expansion_batch02\N16\PPOFINAL_N16_B049_diversity\scan_order_PPOFINAL_N16_B049_diversity.json,PPO_final_expansion_checkpoint_inference,E:\Projects\RL-LAM-ScanOpt\outputs\stage3_ppo_rl_lam_fea_addendum_v01\ppo_training\checkpoints\maskable_ppo_lam_scan_order_final.zip,v01,stochastic,0.8150226748347584,9,5.0,odd_even,J2D_PPOFINAL_N16_B049_diversity,E:\Projects\RL-LAM-ScanOpt\cae_model\stage3_ppo_final_expansion_224_to_320_batch224_v01\final_expansion_batch02\N16\PPOFINAL_N16_B049_diversity\J2D_PPOFINAL_N16_B049_diversity.odb,WARNING_SUCCESS_WITH_WARNINGS,PASS_ODB_FINAL_FRAME_EXTRACTED,PASS_TEACHER_FIELDS_EXTRACTED,step_final_cooling,1200.0,AC YIELD;HFL;NT11;PEEQ;RF;S;U,,final_frame_required_fields_and_metrics_extracted
stageV_final_expansion_224_odb_teacher_metric_extraction,stage3_ppo_final_expansion_224_to_320_batch224_v01,final_expansion_batch02,16,PPOFINAL_N16_B050_diversity,diversity,50,58eb1df23533c9da,"11,3,15,1,9,13,7,5,0,2,4,6,8,10,12,14",E:\Projects\RL-LAM-ScanOpt\cae_model\stage3_ppo_final_expansion_224_to_320_batch224_v01\final_expansion_batch02\N16\PPOFINAL_N16_B050_diversity\scan_order_PPOFINAL_N16_B050_diversity.json,PPO_final_expansion_checkpoint_inference,E:\Projects\RL-LAM-ScanOpt\outputs\stage3_ppo_rl_lam_fea_addendum_v01\ppo_training\checkpoints\maskable_ppo_lam_scan_order_final.zip,v01,stochastic,0.8127098341871903,9,6.0,odd_even,J2D_PPOFINAL_N16_B050_diversity,E:\Projects\RL-LAM-ScanOpt\cae_model\stage3_ppo_final_expansion_224_to_320_batch224_v01\final_expansion_batch02\N16\PPOFINAL_N16_B050_diversity\J2D_PPOFINAL_N16_B050_diversity.odb,WARNING_SUCCESS_WITH_WARNINGS,PASS_ODB_FINAL_FRAME_EXTRACTED,PASS_TEACHER_FIELDS_EXTRACTED,step_final_cooling,1200.0,AC YIELD;HFL;NT11;PEEQ;RF;S;U,,final_frame_required_fields_and_metrics_extracted
stageV_final_expansion_224_odb_teacher_metric_extraction,stage3_ppo_final_expansion_224_to_320_batch224_v01,final_expansion_batch02,16,PPOFINAL_N16_B051_diversity,diversity,51,aeaf0c90fb86acd2,"11,3,1,15,7,13,9,5,0,2,4,6,8,10,12,14",E:\Projects\RL-LAM-ScanOpt\cae_model\stage3_ppo_final_expansion_224_to_320_batch224_v01\final_expansion_batch02\N16\PPOFINAL_N16_B051_diversity\scan_order_PPOFINAL_N16_B051_diversity.json,PPO_final_expansion_checkpoint_inference,E:\Projects\RL-LAM-ScanOpt\outputs\stage3_ppo_rl_lam_fea_addendum_v01\ppo_training\checkpoints\maskable_ppo_lam_scan_order_final.zip,v01,stochastic,0.8106013832860884,8,7.0,odd_even,J2D_PPOFINAL_N16_B051_diversity,E:\Projects\RL-LAM-ScanOpt\cae_model\stage3_ppo_final_expansion_224_to_320_batch224_v01\final_expansion_batch02\N16\PPOFINAL_N16_B051_diversity\J2D_PPOFINAL_N16_B051_diversity.odb,WARNING_SUCCESS_WITH_WARNINGS,PASS_ODB_FINAL_FRAME_EXTRACTED,PASS_TEACHER_FIELDS_EXTRACTED,step_final_cooling,1200.0,AC YIELD;HFL;NT11;PEEQ;RF;S;U,,final_frame_required_fields_and_metrics_extracted
stageV_final_expansion_224_odb_teacher_metric_extraction,stage3_ppo_final_expansion_224_to_320_batch224_v01,final_expansion_batch02,16,PPOFINAL_N16_B052_efficiency,efficiency,52,436b3a81f5c90541,"11,1,3,15,13,9,7,5,4,0,2,6,8,10,12,14",E:\Projects\RL-LAM-ScanOpt\cae_model\stage3_ppo_final_expansion_224_to_320_batch224_v01\final_expansion_batch02\N16\PPOFINAL_N16_B052_efficiency\scan_order_PPOFINAL_N16_B052_efficiency.json,PPO_final_expansion_checkpoint_inference,E:\Projects\RL-LAM-ScanOpt\outputs\stage3_ppo_rl_lam_fea_addendum_v01\ppo_training\checkpoints\maskable_ppo_lam_scan_order_final.zip,v01,stochastic,0.8853237620998888,8,11.0,odd_even,J2D_PPOFINAL_N16_B052_efficiency,E:\Projects\RL-LAM-ScanOpt\cae_model\stage3_ppo_final_expansion_224_to_320_batch224_v01\final_expansion_batch02\N16\PPOFINAL_N16_B052_efficiency\J2D_PPOFINAL_N16_B052_efficiency.odb,WARNING_SUCCESS_WITH_WARNINGS,PASS_ODB_FINAL_FRAME_EXTRACTED,PASS_TEACHER_FIELDS_EXTRACTED,step_final_cooling,1200.0,AC YIELD;HFL;NT11;PEEQ;RF;S;U,,final_frame_required_fields_and_metrics_extracted
stageV_final_expansion_224_odb_teacher_metric_extraction,stage3_ppo_final_expansion_224_to_320_batch224_v01,final_expansion_batch02,16,PPOFINAL_N16_B053_efficiency,efficiency,53,8515e741ab7b471c,"11,1,3,15,13,9,7,6,5,0,2,4,8,10,12,14",E:\Projects\RL-LAM-ScanOpt\cae_model\stage3_ppo_final_expansion_224_to_320_batch224_v01\final_expansion_batch02\N16\PPOFINAL_N16_B053_efficiency\scan_order_PPOFINAL_N16_B053_efficiency.json,PPO_final_expansion_checkpoint_inference,E:\Projects\RL-LAM-ScanOpt\outputs\stage3_ppo_rl_lam_fea_addendum_v01\ppo_training\checkpoints\maskable_ppo_lam_scan_order_final.zip,v01,stochastic,0.7128827737396948,9,12.0,odd_even,J2D_PPOFINAL_N16_B053_efficiency,E:\Projects\RL-LAM-ScanOpt\cae_model\stage3_ppo_final_expansion_224_to_320_batch224_v01\final_expansion_batch02\N16\PPOFINAL_N16_B053_efficiency\J2D_PPOFINAL_N16_B053_efficiency.odb,WARNING_SUCCESS_WITH_WARNINGS,PASS_ODB_FINAL_FRAME_EXTRACTED,PASS_TEACHER_FIELDS_EXTRACTED,step_final_cooling,1200.0,AC YIELD;HFL;NT11;PEEQ;RF;S;U,,final_frame_required_fields_and_metrics_extracted
stageV_final_expansion_224_odb_teacher_metric_extraction,stage3_ppo_final_expansion_224_to_320_batch224_v01,final_expansion_batch02,16,PPOFINAL_N16_B054_efficiency,efficiency,54,6721460107841a59,"11,1,3,15,13,9,7,0,2,4,5,6,8,10,12,14",E:\Projects\RL-LAM-ScanOpt\cae_model\stage3_ppo_final_expansion_224_to_320_batch224_v01\final_expansion_batch02\N16\PPOFINAL_N16_B054_efficiency\scan_order_PPOFINAL_N16_B054_efficiency.json,PPO_final_expansion_checkpoint_inference,E:\Projects\RL-LAM-ScanOpt\outputs\stage3_ppo_rl_lam_fea_addendum_v01\ppo_training\checkpoints\maskable_ppo_lam_scan_order_final.zip,v01,stochastic,0.6659787793634021,8,11.0,odd_even,J2D_PPOFINAL_N16_B054_efficiency,E:\Projects\RL-LAM-ScanOpt\cae_model\stage3_ppo_final_expansion_224_to_320_batch224_v01\final_expansion_batch02\N16\PPOFINAL_N16_B054_efficiency\J2D_PPOFINAL_N16_B054_efficiency.odb,WARNING_SUCCESS_WITH_WARNINGS,PASS_ODB_FINAL_FRAME_EXTRACTED,PASS_TEACHER_FIELDS_EXTRACTED,step_final_cooling,1200.0,AC YIELD;HFL;NT11;PEEQ;RF;S;U,,final_frame_required_fields_and_metrics_extracted
stageV_final_expansion_224_odb_teacher_metric_extraction,stage3_ppo_final_expansion_224_to_320_batch224_v01,final_expansion_batch02,16,PPOFINAL_N16_B055_efficiency,efficiency,55,d37150b5de1daa27,"11,1,3,15,13,9,7,8,5,0,2,4,6,10,12,14",E:\Projects\RL-LAM-ScanOpt\cae_model\stage3_ppo_final_expansion_224_to_320_batch224_v01\final_expansion_batch02\N16\PPOFINAL_N16_B055_efficiency\scan_order_PPOFINAL_N16_B055_efficiency.json,PPO_final_expansion_checkpoint_inference,E:\Projects\RL-LAM-ScanOpt\outputs\stage3_ppo_rl_lam_fea_addendum_v01\ppo_training\checkpoints\maskable_ppo_lam_scan_order_final.zip,v01,stochastic,0.6151475828613433,10,11.0,odd_even,J2D_PPOFINAL_N16_B055_efficiency,E:\Projects\RL-LAM-ScanOpt\cae_model\stage3_ppo_final_expansion_224_to_320_batch224_v01\final_expansion_batch02\N16\PPOFINAL_N16_B055_efficiency\J2D_PPOFINAL_N16_B055_efficiency.odb,WARNING_SUCCESS_WITH_WARNINGS,PASS_ODB_FINAL_FRAME_EXTRACTED,PASS_TEACHER_FIELDS_EXTRACTED,step_final_cooling,1200.0,AC YIELD;HFL;NT11;PEEQ;RF;S;U,,final_frame_required_fields_and_metrics_extracted
stageV_final_expansion_224_odb_teacher_metric_extraction,stage3_ppo_final_expansion_224_to_320_batch224_v01,final_expansion_batch02,16,PPOFINAL_N16_B056_efficiency,efficiency,56,bc8f954b3d0328f0,"11,3,1,15,13,9,7,6,5,0,2,4,8,10,12,14",E:\Projects\RL-LAM-ScanOpt\cae_model\stage3_ppo_final_expansion_224_to_320_batch224_v01\final_expansion_batch02\N16\PPOFINAL_N16_B056_efficiency\scan_order_PPOFINAL_N16_B056_efficiency.json,PPO_final_expansion_checkpoint_inference,E:\Projects\RL-LAM-ScanOpt\outputs\stage3_ppo_rl_lam_fea_addendum_v01\ppo_training\checkpoints\maskable_ppo_lam_scan_order_final.zip,v01,stochastic,0.6384233564014065,11,11.0,odd_even,J2D_PPOFINAL_N16_B056_efficiency,E:\Projects\RL-LAM-ScanOpt\cae_model\stage3_ppo_final_expansion_224_to_320_batch224_v01\final_expansion_batch02\N16\PPOFINAL_N16_B056_efficiency\J2D_PPOFINAL_N16_B056_efficiency.odb,WARNING_SUCCESS_WITH_WARNINGS,PASS_ODB_FINAL_FRAME_EXTRACTED,PASS_TEACHER_FIELDS_EXTRACTED,step_final_cooling,1200.0,AC YIELD;HFL;NT11;PEEQ;RF;S;U,,final_frame_required_fields_and_metrics_extracted
stageV_final_expansion_224_odb_teacher_metric_extraction,stage3_ppo_final_expansion_224_to_320_batch224_v01,final_expansion_batch02,16,PPOFINAL_N16_B057_efficiency,efficiency,57,f3e4673ddd5dcaac,"11,3,1,15,13,9,7,0,2,4,5,6,8,10,12,14",E:\Projects\RL-LAM-ScanOpt\cae_model\stage3_ppo_final_expansion_224_to_320_batch224_v01\final_expansion_batch02\N16\PPOFINAL_N16_B057_efficiency\scan_order_PPOFINAL_N16_B057_efficiency.json,PPO_final_expansion_checkpoint_inference,E:\Projects\RL-LAM-ScanOpt\outputs\stage3_ppo_rl_lam_fea_addendum_v01\ppo_training\checkpoints\maskable_ppo_lam_scan_order_final.zip,v01,stochastic,0.6215201728808266,10,11.0,odd_even,J2D_PPOFINAL_N16_B057_efficiency,E:\Projects\RL-LAM-ScanOpt\cae_model\stage3_ppo_final_expansion_224_to_320_batch224_v01\final_expansion_batch02\N16\PPOFINAL_N16_B057_efficiency\J2D_PPOFINAL_N16_B057_efficiency.odb,WARNING_SUCCESS_WITH_WARNINGS,PASS_ODB_FINAL_FRAME_EXTRACTED,PASS_TEACHER_FIELDS_EXTRACTED,step_final_cooling,1200.0,AC YIELD;HFL;NT11;PEEQ;RF;S;U,,final_frame_required_fields_and_metrics_extracted
stageV_final_expansion_224_odb_teacher_metric_extraction,stage3_ppo_final_expansion_224_to_320_batch224_v01,final_expansion_batch02,16,PPOFINAL_N16_B058_novelty,novelty,58,35c1c503a5e47f3c,"11,1,3,15,13,9,14,7,6,5,0,2,4,8,10,12",E:\Projects\RL-LAM-ScanOpt\cae_model\stage3_ppo_final_expansion_224_to_320_batch224_v01\final_expansion_batch02\N16\PPOFINAL_N16_B058_novelty\scan_order_PPOFINAL_N16_B058_novelty.json,PPO_final_expansion_checkpoint_inference,E:\Projects\RL-LAM-ScanOpt\outputs\stage3_ppo_rl_lam_fea_addendum_v01\ppo_training\checkpoints\maskable_ppo_lam_scan_order_final.zip,v01,stochastic,0.4292648633425429,13,14.0,raster,J2D_PPOFINAL_N16_B058_novelty,E:\Projects\RL-LAM-ScanOpt\cae_model\stage3_ppo_final_expansion_224_to_320_batch224_v01\final_expansion_batch02\N16\PPOFINAL_N16_B058_novelty\J2D_PPOFINAL_N16_B058_novelty.odb,WARNING_SUCCESS_WITH_WARNINGS,PASS_ODB_FINAL_FRAME_EXTRACTED,PASS_TEACHER_FIELDS_EXTRACTED,step_final_cooling,1200.0,AC YIELD;HFL;NT11;PEEQ;RF;S;U,,final_frame_required_fields_and_metrics_extracted
stageV_final_expansion_224_odb_teacher_metric_extraction,stage3_ppo_final_expansion_224_to_320_batch224_v01,final_expansion_batch02,16,PPOFINAL_N16_B059_novelty,novelty,59,6f8308ffda1ff9c8,"11,3,1,15,13,9,7,5,0,2,6,4,8,10,14,12",E:\Projects\RL-LAM-ScanOpt\cae_model\stage3_ppo_final_expansion_224_to_320_batch224_v01\final_expansion_batch02\N16\PPOFINAL_N16_B059_novelty\scan_order_PPOFINAL_N16_B059_novelty.json,PPO_final_expansion_checkpoint_inference,E:\Projects\RL-LAM-ScanOpt\outputs\stage3_ppo_rl_lam_fea_addendum_v01\ppo_training\checkpoints\maskable_ppo_lam_scan_order_final.zip,v01,stochastic,0.8057607021419534,12,11.0,odd_even,J2D_PPOFINAL_N16_B059_novelty,E:\Projects\RL-LAM-ScanOpt\cae_model\stage3_ppo_final_expansion_224_to_320_batch224_v01\final_expansion_batch02\N16\PPOFINAL_N16_B059_novelty\J2D_PPOFINAL_N16_B059_novelty.odb,WARNING_SUCCESS_WITH_WARNINGS,PASS_ODB_FINAL_FRAME_EXTRACTED,PASS_TEACHER_FIELDS_EXTRACTED,step_final_cooling,1200.0,AC YIELD;HFL;NT11;PEEQ;RF;S;U,,final_frame_required_fields_and_metrics_extracted
stageV_final_expansion_224_odb_teacher_metric_extraction,stage3_ppo_final_expansion_224_to_320_batch224_v01,final_expansion_batch02,16,PPOFINAL_N16_B060_novelty,novelty,60,80e5e028a54bbd32,"11,3,1,15,9,13,7,5,0,2,4,6,8,12,14,10",E:\Projects\RL-LAM-ScanOpt\cae_model\stage3_ppo_final_expansion_224_to_320_batch224_v01\final_expansion_batch02\N16\PPOFINAL_N16_B060_novelty\scan_order_PPOFINAL_N16_B060_novelty.json,PPO_final_expansion_checkpoint_inference,E:\Projects\RL-LAM-ScanOpt\outputs\stage3_ppo_rl_lam_fea_addendum_v01\ppo_training\checkpoints\maskable_ppo_lam_scan_order_final.zip,v01,stochastic,0.7789412718530523,12,9.0,odd_even,J2D_PPOFINAL_N16_B060_novelty,E:\Projects\RL-LAM-ScanOpt\cae_model\stage3_ppo_final_expansion_224_to_320_batch224_v01\final_expansion_batch02\N16\PPOFINAL_N16_B060_novelty\J2D_PPOFINAL_N16_B060_novelty.odb,WARNING_SUCCESS_WITH_WARNINGS,PASS_ODB_FINAL_FRAME_EXTRACTED,PASS_TEACHER_FIELDS_EXTRACTED,step_final_cooling,1200.0,AC YIELD;HFL;NT11;PEEQ;RF;S;U,,final_frame_required_fields_and_metrics_extracted
stageV_final_expansion_224_odb_teacher_metric_extraction,stage3_ppo_final_expansion_224_to_320_batch224_v01,final_expansion_batch02,16,PPOFINAL_N16_B061_baseline_proximity,baseline_proximity,61,67b6fe9d93abd00e,"11,3,1,15,9,13,7,5,0,2,4,6,8,10,12,14",E:\Projects\RL-LAM-ScanOpt\cae_model\stage3_ppo_final_expansion_224_to_320_batch224_v01\final_expansion_batch02\N16\PPOFINAL_N16_B061_baseline_proximity\scan_order_PPOFINAL_N16_B061_baseline_proximity.json,PPO_final_expansion_checkpoint_inference,E:\Projects\RL-LAM-ScanOpt\outputs\stage3_ppo_rl_lam_fea_addendum_v01\ppo_training\checkpoints\maskable_ppo_lam_scan_order_final.zip,v01,stochastic,0.8405526819744987,9,6.0,odd_even,J2D_PPOFINAL_N16_B061_baseline_proximity,E:\Projects\RL-LAM-ScanOpt\cae_model\stage3_ppo_final_expansion_224_to_320_batch224_v01\final_expansion_batch02\N16\PPOFINAL_N16_B061_baseline_proximity\J2D_PPOFINAL_N16_B061_baseline_proximity.odb,WARNING_SUCCESS_WITH_WARNINGS,PASS_ODB_FINAL_FRAME_EXTRACTED,PASS_TEACHER_FIELDS_EXTRACTED,step_final_cooling,1200.0,AC YIELD;HFL;NT11;PEEQ;RF;S;U,,final_frame_required_fields_and_metrics_extracted
stageV_final_expansion_224_odb_teacher_metric_extraction,stage3_ppo_final_expansion_224_to_320_batch224_v01,final_expansion_batch02,16,PPOFINAL_N16_B062_baseline_proximity,baseline_proximity,62,2dad3faa70568fa2,"11,3,1,15,13,9,5,7,0,2,4,6,8,10,12,14",E:\Projects\RL-LAM-ScanOpt\cae_model\stage3_ppo_final_expansion_224_to_320_batch224_v01\final_expansion_batch02\N16\PPOFINAL_N16_B062_baseline_proximity\scan_order_PPOFINAL_N16_B062_baseline_proximity.json,PPO_final_expansion_checkpoint_inference,E:\Projects\RL-LAM-ScanOpt\outputs\stage3_ppo_rl_lam_fea_addendum_v01\ppo_training\checkpoints\maskable_ppo_lam_scan_order_final.zip,v01,stochastic,0.8344289593530437,8,6.0,odd_even,J2D_PPOFINAL_N16_B062_baseline_proximity,E:\Projects\RL-LAM-ScanOpt\cae_model\stage3_ppo_final_expansion_224_to_320_batch224_v01\final_expansion_batch02\N16\PPOFINAL_N16_B062_baseline_proximity\J2D_PPOFINAL_N16_B062_baseline_proximity.odb,WARNING_SUCCESS_WITH_WARNINGS,PASS_ODB_FINAL_FRAME_EXTRACTED,PASS_TEACHER_FIELDS_EXTRACTED,step_final_cooling,1200.0,AC YIELD;HFL;NT11;PEEQ;RF;S;U,,final_frame_required_fields_and_metrics_extracted
stageV_final_expansion_224_odb_teacher_metric_extraction,stage3_ppo_final_expansion_224_to_320_batch224_v01,final_expansion_batch02,16,PPOFINAL_N16_B063_baseline_proximity,baseline_proximity,63,7ce60c27eaac7bb5,"11,3,1,15,7,9,13,5,0,2,4,6,8,10,12,14",E:\Projects\RL-LAM-ScanOpt\cae_model\stage3_ppo_final_expansion_224_to_320_batch224_v01\final_expansion_batch02\N16\PPOFINAL_N16_B063_baseline_proximity\scan_order_PPOFINAL_N16_B063_baseline_proximity.json,PPO_final_expansion_checkpoint_inference,E:\Projects\RL-LAM-ScanOpt\outputs\stage3_ppo_rl_lam_fea_addendum_v01\ppo_training\checkpoints\maskable_ppo_lam_scan_order_final.zip,v01,stochastic,0.8171311257358603,7,6.0,odd_even,J2D_PPOFINAL_N16_B063_baseline_proximity,E:\Projects\RL-LAM-ScanOpt\cae_model\stage3_ppo_final_expansion_224_to_320_batch224_v01\final_expansion_batch02\N16\PPOFINAL_N16_B063_baseline_proximity\J2D_PPOFINAL_N16_B063_baseline_proximity.odb,WARNING_SUCCESS_WITH_WARNINGS,PASS_ODB_FINAL_FRAME_EXTRACTED,PASS_TEACHER_FIELDS_EXTRACTED,step_final_cooling,1200.0,AC YIELD;HFL;NT11;PEEQ;RF;S;U,,final_frame_required_fields_and_metrics_extracted
stageV_final_expansion_224_odb_teacher_metric_extraction,stage3_ppo_final_expansion_224_to_320_batch224_v01,final_expansion_batch02,16,PPOFINAL_N16_B064_baseline_proximity,baseline_proximity,64,8bf65024825844af,"11,15,1,3,13,9,7,5,0,2,4,6,8,10,12,14",E:\Projects\RL-LAM-ScanOpt\cae_model\stage3_ppo_final_expansion_224_to_320_batch224_v01\final_expansion_batch02\N16\PPOFINAL_N16_B064_baseline_proximity\scan_order_PPOFINAL_N16_B064_baseline_proximity.json,PPO_final_expansion_checkpoint_inference,E:\Projects\RL-LAM-ScanOpt\outputs\stage3_ppo_rl_lam_fea_addendum_v01\ppo_training\checkpoints\maskable_ppo_lam_scan_order_final.zip,v01,stochastic,0.8314363319463542,8,6.0,odd_even,J2D_PPOFINAL_N16_B064_baseline_proximity,E:\Projects\RL-LAM-ScanOpt\cae_model\stage3_ppo_final_expansion_224_to_320_batch224_v01\final_expansion_batch02\N16\PPOFINAL_N16_B064_baseline_proximity\J2D_PPOFINAL_N16_B064_baseline_proximity.odb,WARNING_SUCCESS_WITH_WARNINGS,PASS_ODB_FINAL_FRAME_EXTRACTED,PASS_TEACHER_FIELDS_EXTRACTED,step_final_cooling,1200.0,AC YIELD;HFL;NT11;PEEQ;RF;S;U,,final_frame_required_fields_and_metrics_extracted
stageV_final_expansion_224_odb_teacher_metric_extraction,stage3_ppo_final_expansion_224_to_320_batch224_v01,final_expansion_batch03,24,PPOFINAL_N24_B065_quality,quality,65,b2bcb64cd12be13a,"11,1,3,15,21,23,19,17,13,22,9,7,5,0,2,6,8,4,10,16,12,18,20,14",E:\Projects\RL-LAM-ScanOpt\cae_model\stage3_ppo_final_expansion_224_to_320_batch224_v01\final_expansion_batch03\N24\PPOFINAL_N24_B065_quality\scan_order_PPOFINAL_N24_B065_quality.json,PPO_final_expansion_checkpoint_inference,E:\Projects\RL-LAM-ScanOpt\outputs\stage3_ppo_rl_lam_fea_addendum_v01\ppo_training\checkpoints\maskable_ppo_lam_scan_order_final.zip,v01,stochastic,0.9179201507460918,19,20.0,odd_even,J2D_PPOFINAL_N24_B065_quality,E:\Projects\RL-LAM-ScanOpt\cae_model\stage3_ppo_final_expansion_224_to_320_batch224_v01\final_expansion_batch03\N24\PPOFINAL_N24_B065_quality\J2D_PPOFINAL_N24_B065_quality.odb,WARNING_SUCCESS_WITH_WARNINGS,PASS_ODB_FINAL_FRAME_EXTRACTED,PASS_TEACHER_FIELDS_EXTRACTED,step_final_cooling,1200.0,AC YIELD;HFL;NT11;PEEQ;RF;S;U,,final_frame_required_fields_and_metrics_extracted
stageV_final_expansion_224_odb_teacher_metric_extraction,stage3_ppo_final_expansion_224_to_320_batch224_v01,final_expansion_batch03,24,PPOFINAL_N24_B066_quality,quality,66,948cc10f6aedd876,"11,1,3,15,23,21,19,17,7,9,13,22,5,0,2,6,8,4,10,12,16,14,18,20",E:\Projects\RL-LAM-ScanOpt\cae_model\stage3_ppo_final_expansion_224_to_320_batch224_v01\final_expansion_batch03\N24\PPOFINAL_N24_B066_quality\scan_order_PPOFINAL_N24_B066_quality.json,PPO_final_expansion_checkpoint_inference,E:\Projects\RL-LAM-ScanOpt\outputs\stage3_ppo_rl_lam_fea_addendum_v01\ppo_training\checkpoints\maskable_ppo_lam_scan_order_final.zip,v01,stochastic,0.90408774813973,15,21.0,odd_even,J2D_PPOFINAL_N24_B066_quality,E:\Projects\RL-LAM-ScanOpt\cae_model\stage3_ppo_final_expansion_224_to_320_batch224_v01\final_expansion_batch03\N24\PPOFINAL_N24_B066_quality\J2D_PPOFINAL_N24_B066_quality.odb,WARNING_SUCCESS_WITH_WARNINGS,PASS_ODB_FINAL_FRAME_EXTRACTED,PASS_TEACHER_FIELDS_EXTRACTED,step_final_cooling,1200.0,AC YIELD;HFL;NT11;PEEQ;RF;S;U,,final_frame_required_fields_and_metrics_extracted
stageV_final_expansion_224_odb_teacher_metric_extraction,stage3_ppo_final_expansion_224_to_320_batch224_v01,final_expansion_batch03,24,PPOFINAL_N24_B067_quality,quality,67,2ec7fbcae45178b9,"11,1,3,15,23,21,17,19,9,22,13,7,5,0,2,8,6,4,10,12,16,18,20,14",E:\Projects\RL-LAM-ScanOpt\cae_model\stage3_ppo_final_expansion_224_to_320_batch224_v01\final_expansion_batch03\N24\PPOFINAL_N24_B067_quality\scan_order_PPOFINAL_N24_B067_quality.json,PPO_final_expansion_checkpoint_inference,E:\Projects\RL-LAM-ScanOpt\outputs\stage3_ppo_rl_lam_fea_addendum_v01\ppo_training\checkpoints\maskable_ppo_lam_scan_order_final.zip,v01,stochastic,0.8917476182054584,18,21.0,odd_even,J2D_PPOFINAL_N24_B067_quality,E:\Projects\RL-LAM-ScanOpt\cae_model\stage3_ppo_final_expansion_224_to_320_batch224_v01\final_expansion_batch03\N24\PPOFINAL_N24_B067_quality\J2D_PPOFINAL_N24_B067_quality.odb,WARNING_SUCCESS_WITH_WARNINGS,PASS_ODB_FINAL_FRAME_EXTRACTED,PASS_TEACHER_FIELDS_EXTRACTED,step_final_cooling,1200.0,AC YIELD;HFL;NT11;PEEQ;RF;S;U,,final_frame_required_fields_and_metrics_extracted
stageV_final_expansion_224_odb_teacher_metric_extraction,stage3_ppo_final_expansion_224_to_320_batch224_v01,final_expansion_batch03,24,PPOFINAL_N24_B068_quality,quality,68,42bf14539f680e0b,"11,1,3,15,23,21,19,17,13,22,9,7,5,0,2,6,4,8,10,16,14,12,20,18",E:\Projects\RL-LAM-ScanOpt\cae_model\stage3_ppo_final_expansion_224_to_320_batch224_v01\final_expansion_batch03\N24\PPOFINAL_N24_B068_quality\scan_order_PPOFINAL_N24_B068_quality.json,PPO_final_expansion_checkpoint_inference,E:\Projects\RL-LAM-ScanOpt\outputs\stage3_ppo_rl_lam_fea_addendum_v01\ppo_training\checkpoints\maskable_ppo_lam_scan_order_final.zip,v01,stochastic,0.8878938867055125,18,22.0,odd_even,J2D_PPOFINAL_N24_B068_quality,E:\Projects\RL-LAM-ScanOpt\cae_model\stage3_ppo_final_expansion_224_to_320_batch224_v01\final_expansion_batch03\N24\PPOFINAL_N24_B068_quality\J2D_PPOFINAL_N24_B068_quality.odb,WARNING_SUCCESS_WITH_WARNINGS,PASS_ODB_FINAL_FRAME_EXTRACTED,PASS_TEACHER_FIELDS_EXTRACTED,step_final_cooling,1200.0,AC YIELD;HFL;NT11;PEEQ;RF;S;U,,final_frame_required_fields_and_metrics_extracted
stageV_final_expansion_224_odb_teacher_metric_extraction,stage3_ppo_final_expansion_224_to_320_batch224_v01,final_expansion_batch03,24,PPOFINAL_N24_B069_quality,quality,69,25cc194c216f9b7e,"11,1,3,15,23,21,19,17,9,13,22,7,5,0,2,6,8,4,10,16,12,18,20,14",E:\Projects\RL-LAM-ScanOpt\cae_model\stage3_ppo_final_expansion_224_to_320_batch224_v01\final_expansion_batch03\N24\PPOFINAL_N24_B069_quality\scan_order_PPOFINAL_N24_B069_quality.json,PPO_final_expansion_checkpoint_inference,E:\Projects\RL-LAM-ScanOpt\outputs\stage3_ppo_rl_lam_fea_addendum_v01\ppo_training\checkpoints\maskable_ppo_lam_scan_order_final.zip,v01,stochastic,0.8850880845885575,19,20.0,odd_even,J2D_PPOFINAL_N24_B069_quality,E:\Projects\RL-LAM-ScanOpt\cae_model\stage3_ppo_final_expansion_224_to_320_batch224_v01\final_expansion_batch03\N24\PPOFINAL_N24_B069_quality\J2D_PPOFINAL_N24_B069_quality.odb,WARNING_SUCCESS_WITH_WARNINGS,PASS_ODB_FINAL_FRAME_EXTRACTED,PASS_TEACHER_FIELDS_EXTRACTED,step_final_cooling,1200.0,AC YIELD;HFL;NT11;PEEQ;RF;S;U,,final_frame_required_fields_and_metrics_extracted
stageV_final_expansion_224_odb_teacher_metric_extraction,stage3_ppo_final_expansion_224_to_320_batch224_v01,final_expansion_batch03,24,PPOFINAL_N24_B070_quality,quality,70,48945b606a550e66,"11,3,1,15,23,21,19,17,9,13,20,7,5,0,2,4,6,8,10,16,18,22,14,12",E:\Projects\RL-LAM-ScanOpt\cae_model\stage3_ppo_final_expansion_224_to_320_batch224_v01\final_expansion_batch03\N24\PPOFINAL_N24_B070_quality\scan_order_PPOFINAL_N24_B070_quality.json,PPO_final_expansion_checkpoint_inference,E:\Projects\RL-LAM-ScanOpt\outputs\stage3_ppo_rl_lam_fea_addendum_v01\ppo_training\checkpoints\maskable_ppo_lam_scan_order_final.zip,v01,stochastic,0.8779086037301213,15,21.0,center_out,J2D_PPOFINAL_N24_B070_quality,E:\Projects\RL-LAM-ScanOpt\cae_model\stage3_ppo_final_expansion_224_to_320_batch224_v01\final_expansion_batch03\N24\PPOFINAL_N24_B070_quality\J2D_PPOFINAL_N24_B070_quality.odb,WARNING_SUCCESS_WITH_WARNINGS,PASS_ODB_FINAL_FRAME_EXTRACTED,PASS_TEACHER_FIELDS_EXTRACTED,step_final_cooling,1200.0,AC YIELD;HFL;NT11;PEEQ;RF;S;U,,final_frame_required_fields_and_metrics_extracted
stageV_final_expansion_224_odb_teacher_metric_extraction,stage3_ppo_final_expansion_224_to_320_batch224_v01,final_expansion_batch03,24,PPOFINAL_N24_B071_quality,quality,71,7be060ae29bbe24c,"11,3,1,15,23,21,19,17,13,9,7,5,0,2,6,8,10,4,16,18,20,22,14,12",E:\Projects\RL-LAM-ScanOpt\cae_model\stage3_ppo_final_expansion_224_to_320_batch224_v01\final_expansion_batch03\N24\PPOFINAL_N24_B071_quality\scan_order_PPOFINAL_N24_B071_quality.json,PPO_final_expansion_checkpoint_inference,E:\Projects\RL-LAM-ScanOpt\outputs\stage3_ppo_rl_lam_fea_addendum_v01\ppo_training\checkpoints\maskable_ppo_lam_scan_order_final.zip,v01,stochastic,0.8695306491528114,19,21.0,odd_even,J2D_PPOFINAL_N24_B071_quality,E:\Projects\RL-LAM-ScanOpt\cae_model\stage3_ppo_final_expansion_224_to_320_batch224_v01\final_expansion_batch03\N24\PPOFINAL_N24_B071_quality\J2D_PPOFINAL_N24_B071_quality.odb,WARNING_SUCCESS_WITH_WARNINGS,PASS_ODB_FINAL_FRAME_EXTRACTED,PASS_TEACHER_FIELDS_EXTRACTED,step_final_cooling,1200.0,AC YIELD;HFL;NT11;PEEQ;RF;S;U,,final_frame_required_fields_and_metrics_extracted
stageV_final_expansion_224_odb_teacher_metric_extraction,stage3_ppo_final_expansion_224_to_320_batch224_v01,final_expansion_batch03,24,PPOFINAL_N24_B072_quality,quality,72,101deebc46de29ff,"11,3,1,15,23,21,19,17,13,9,7,5,0,2,6,4,8,10,16,18,22,20,14,12",E:\Projects\RL-LAM-ScanOpt\cae_model\stage3_ppo_final_expansion_224_to_320_batch224_v01\final_expansion_batch03\N24\PPOFINAL_N24_B072_quality\scan_order_PPOFINAL_N24_B072_quality.json,PPO_final_expansion_checkpoint_inference,E:\Projects\RL-LAM-ScanOpt\outputs\stage3_ppo_rl_lam_fea_addendum_v01\ppo_training\checkpoints\maskable_ppo_lam_scan_order_final.zip,v01,stochastic,0.866769664712738,19,19.0,odd_even,J2D_PPOFINAL_N24_B072_quality,E:\Projects\RL-LAM-ScanOpt\cae_model\stage3_ppo_final_expansion_224_to_320_batch224_v01\final_expansion_batch03\N24\PPOFINAL_N24_B072_quality\J2D_PPOFINAL_N24_B072_quality.odb,WARNING_SUCCESS_WITH_WARNINGS,PASS_ODB_FINAL_FRAME_EXTRACTED,PASS_TEACHER_FIELDS_EXTRACTED,step_final_cooling,1200.0,AC YIELD;HFL;NT11;PEEQ;RF;S;U,,final_frame_required_fields_and_metrics_extracted
stageV_final_expansion_224_odb_teacher_metric_extraction,stage3_ppo_final_expansion_224_to_320_batch224_v01,final_expansion_batch03,24,PPOFINAL_N24_B073_quality,quality,73,4e0d0ddb35f92839,"11,1,3,15,23,21,19,17,13,9,7,5,0,2,6,10,8,4,16,18,20,22,14,12",E:\Projects\RL-LAM-ScanOpt\cae_model\stage3_ppo_final_expansion_224_to_320_batch224_v01\final_expansion_batch03\N24\PPOFINAL_N24_B073_quality\scan_order_PPOFINAL_N24_B073_quality.json,PPO_final_expansion_checkpoint_inference,E:\Projects\RL-LAM-ScanOpt\outputs\stage3_ppo_rl_lam_fea_addendum_v01\ppo_training\checkpoints\maskable_ppo_lam_scan_order_final.zip,v01,stochastic,0.8653545248290282,19,21.0,raster,J2D_PPOFINAL_N24_B073_quality,E:\Projects\RL-LAM-ScanOpt\cae_model\stage3_ppo_final_expansion_224_to_320_batch224_v01\final_expansion_batch03\N24\PPOFINAL_N24_B073_quality\J2D_PPOFINAL_N24_B073_quality.odb,WARNING_SUCCESS_WITH_WARNINGS,PASS_ODB_FINAL_FRAME_EXTRACTED,PASS_TEACHER_FIELDS_EXTRACTED,step_final_cooling,1200.0,AC YIELD;HFL;NT11;PEEQ;RF;S;U,,final_frame_required_fields_and_metrics_extracted
stageV_final_expansion_224_odb_teacher_metric_extraction,stage3_ppo_final_expansion_224_to_320_batch224_v01,final_expansion_batch03,24,PPOFINAL_N24_B074_quality,quality,74,9b7b033e3365b03f,"11,1,3,15,23,21,19,17,13,9,7,5,0,2,6,8,4,10,12,16,20,22,18,14",E:\Projects\RL-LAM-ScanOpt\cae_model\stage3_ppo_final_expansion_224_to_320_batch224_v01\final_expansion_batch03\N24\PPOFINAL_N24_B074_quality\scan_order_PPOFINAL_N24_B074_quality.json,PPO_final_expansion_checkpoint_inference,E:\Projects\RL-LAM-ScanOpt\outputs\stage3_ppo_rl_lam_fea_addendum_v01\ppo_training\checkpoints\maskable_ppo_lam_scan_order_final.zip,v01,stochastic,0.8620850439456353,17,20.0,odd_even,J2D_PPOFINAL_N24_B074_quality,E:\Projects\RL-LAM-ScanOpt\cae_model\stage3_ppo_final_expansion_224_to_320_batch224_v01\final_expansion_batch03\N24\PPOFINAL_N24_B074_quality\J2D_PPOFINAL_N24_B074_quality.odb,WARNING_SUCCESS_WITH_WARNINGS,PASS_ODB_FINAL_FRAME_EXTRACTED,PASS_TEACHER_FIELDS_EXTRACTED,step_final_cooling,1200.0,AC YIELD;HFL;NT11;PEEQ;RF;S;U,,final_frame_required_fields_and_metrics_extracted
stageV_final_expansion_224_odb_teacher_metric_extraction,stage3_ppo_final_expansion_224_to_320_batch224_v01,final_expansion_batch03,24,PPOFINAL_N24_B075_quality,quality,75,41c9546f5a8feab2,"11,3,1,15,23,21,19,17,13,9,7,5,0,2,6,4,8,10,12,16,18,20,22,14",E:\Projects\RL-LAM-ScanOpt\cae_model\stage3_ppo_final_expansion_224_to_320_batch224_v01\final_expansion_batch03\N24\PPOFINAL_N24_B075_quality\scan_order_PPOFINAL_N24_B075_quality.json,PPO_final_expansion_checkpoint_inference,E:\Projects\RL-LAM-ScanOpt\outputs\stage3_ppo_rl_lam_fea_addendum_v01\ppo_training\checkpoints\maskable_ppo_lam_scan_order_final.zip,v01,stochastic,0.8617197716458638,17,18.0,odd_even,J2D_PPOFINAL_N24_B075_quality,E:\Projects\RL-LAM-ScanOpt\cae_model\stage3_ppo_final_expansion_224_to_320_batch224_v01\final_expansion_batch03\N24\PPOFINAL_N24_B075_quality\J2D_PPOFINAL_N24_B075_quality.odb,WARNING_SUCCESS_WITH_WARNINGS,PASS_ODB_FINAL_FRAME_EXTRACTED,PASS_TEACHER_FIELDS_EXTRACTED,step_final_cooling,1200.0,AC YIELD;HFL;NT11;PEEQ;RF;S;U,,final_frame_required_fields_and_metrics_extracted
stageV_final_expansion_224_odb_teacher_metric_extraction,stage3_ppo_final_expansion_224_to_320_batch224_v01,final_expansion_batch03,24,PPOFINAL_N24_B076_quality,quality,76,0c8fbb88f08d90f6,"11,1,3,15,23,21,19,17,13,9,7,5,0,2,6,8,10,4,12,16,18,20,22,14",E:\Projects\RL-LAM-ScanOpt\cae_model\stage3_ppo_final_expansion_224_to_320_batch224_v01\final_expansion_batch03\N24\PPOFINAL_N24_B076_quality\scan_order_PPOFINAL_N24_B076_quality.json,PPO_final_expansion_checkpoint_inference,E:\Projects\RL-LAM-ScanOpt\outputs\stage3_ppo_rl_lam_fea_addendum_v01\ppo_training\checkpoints\maskable_ppo_lam_scan_order_final.zip,v01,stochastic,0.8604267421364137,15,21.0,raster,J2D_PPOFINAL_N24_B076_quality,E:\Projects\RL-LAM-ScanOpt\cae_model\stage3_ppo_final_expansion_224_to_320_batch224_v01\final_expansion_batch03\N24\PPOFINAL_N24_B076_quality\J2D_PPOFINAL_N24_B076_quality.odb,WARNING_SUCCESS_WITH_WARNINGS,PASS_ODB_FINAL_FRAME_EXTRACTED,PASS_TEACHER_FIELDS_EXTRACTED,step_final_cooling,1200.0,AC YIELD;HFL;NT11;PEEQ;RF;S;U,,final_frame_required_fields_and_metrics_extracted
stageV_final_expansion_224_odb_teacher_metric_extraction,stage3_ppo_final_expansion_224_to_320_batch224_v01,final_expansion_batch03,24,PPOFINAL_N24_B077_quality,quality,77,9ffa015ff59a2274,"11,3,1,15,21,23,19,17,13,9,7,5,0,2,6,4,8,10,12,16,18,20,22,14",E:\Projects\RL-LAM-ScanOpt\cae_model\stage3_ppo_final_expansion_224_to_320_batch224_v01\final_expansion_batch03\N24\PPOFINAL_N24_B077_quality\scan_order_PPOFINAL_N24_B077_quality.json,PPO_final_expansion_checkpoint_inference,E:\Projects\RL-LAM-ScanOpt\outputs\stage3_ppo_rl_lam_fea_addendum_v01\ppo_training\checkpoints\maskable_ppo_lam_scan_order_final.zip,v01,stochastic,0.8582384321147632,17,18.0,odd_even,J2D_PPOFINAL_N24_B077_quality,E:\Projects\RL-LAM-ScanOpt\cae_model\stage3_ppo_final_expansion_224_to_320_batch224_v01\final_expansion_batch03\N24\PPOFINAL_N24_B077_quality\J2D_PPOFINAL_N24_B077_quality.odb,WARNING_SUCCESS_WITH_WARNINGS,PASS_ODB_FINAL_FRAME_EXTRACTED,PASS_TEACHER_FIELDS_EXTRACTED,step_final_cooling,1200.0,AC YIELD;HFL;NT11;PEEQ;RF;S;U,,final_frame_required_fields_and_metrics_extracted
stageV_final_expansion_224_odb_teacher_metric_extraction,stage3_ppo_final_expansion_224_to_320_batch224_v01,final_expansion_batch03,24,PPOFINAL_N24_B078_quality,quality,78,2cc0a9bd95d01d23,"11,3,1,15,23,21,19,17,13,9,7,5,0,2,6,8,4,10,12,16,18,20,22,14",E:\Projects\RL-LAM-ScanOpt\cae_model\stage3_ppo_final_expansion_224_to_320_batch224_v01\final_expansion_batch03\N24\PPOFINAL_N24_B078_quality\scan_order_PPOFINAL_N24_B078_quality.json,PPO_final_expansion_checkpoint_inference,E:\Projects\RL-LAM-ScanOpt\outputs\stage3_ppo_rl_lam_fea_addendum_v01\ppo_training\checkpoints\maskable_ppo_lam_scan_order_final.zip,v01,stochastic,0.857125699496536,16,19.0,odd_even,J2D_PPOFINAL_N24_B078_quality,E:\Projects\RL-LAM-ScanOpt\cae_model\stage3_ppo_final_expansion_224_to_320_batch224_v01\final_expansion_batch03\N24\PPOFINAL_N24_B078_quality\J2D_PPOFINAL_N24_B078_quality.odb,WARNING_SUCCESS_WITH_WARNINGS,PASS_ODB_FINAL_FRAME_EXTRACTED,PASS_TEACHER_FIELDS_EXTRACTED,step_final_cooling,1200.0,AC YIELD;HFL;NT11;PEEQ;RF;S;U,,final_frame_required_fields_and_metrics_extracted
stageV_final_expansion_224_odb_teacher_metric_extraction,stage3_ppo_final_expansion_224_to_320_batch224_v01,final_expansion_batch03,24,PPOFINAL_N24_B079_quality,quality,79,f10bc854b7e82a12,"11,1,3,15,21,23,19,17,13,9,7,5,0,2,6,8,10,4,12,16,20,22,18,14",E:\Projects\RL-LAM-ScanOpt\cae_model\stage3_ppo_final_expansion_224_to_320_batch224_v01\final_expansion_batch03\N24\PPOFINAL_N24_B079_quality\scan_order_PPOFINAL_N24_B079_quality.json,PPO_final_expansion_checkpoint_inference,E:\Projects\RL-LAM-ScanOpt\outputs\stage3_ppo_rl_lam_fea_addendum_v01\ppo_training\checkpoints\maskable_ppo_lam_scan_order_final.zip,v01,stochastic,0.8569043446027589,18,21.0,raster,J2D_PPOFINAL_N24_B079_quality,E:\Projects\RL-LAM-ScanOpt\cae_model\stage3_ppo_final_expansion_224_to_320_batch224_v01\final_expansion_batch03\N24\PPOFINAL_N24_B079_quality\J2D_PPOFINAL_N24_B079_quality.odb,WARNING_SUCCESS_WITH_WARNINGS,PASS_ODB_FINAL_FRAME_EXTRACTED,PASS_TEACHER_FIELDS_EXTRACTED,step_final_cooling,1200.0,AC YIELD;HFL;NT11;PEEQ;RF;S;U,,final_frame_required_fields_and_metrics_extracted
stageV_final_expansion_224_odb_teacher_metric_extraction,stage3_ppo_final_expansion_224_to_320_batch224_v01,final_expansion_batch03,24,PPOFINAL_N24_B080_quality,quality,80,927950fa6f38aacf,"11,1,3,15,23,21,19,17,13,9,7,5,0,2,6,8,10,4,16,22,20,18,14,12",E:\Projects\RL-LAM-ScanOpt\cae_model\stage3_ppo_final_expansion_224_to_320_batch224_v01\final_expansion_batch03\N24\PPOFINAL_N24_B080_quality\scan_order_PPOFINAL_N24_B080_quality.json,PPO_final_expansion_checkpoint_inference,E:\Projects\RL-LAM-ScanOpt\outputs\stage3_ppo_rl_lam_fea_addendum_v01\ppo_training\checkpoints\maskable_ppo_lam_scan_order_final.zip,v01,stochastic,0.8561594483950706,18,21.0,raster,J2D_PPOFINAL_N24_B080_quality,E:\Projects\RL-LAM-ScanOpt\cae_model\stage3_ppo_final_expansion_224_to_320_batch224_v01\final_expansion_batch03\N24\PPOFINAL_N24_B080_quality\J2D_PPOFINAL_N24_B080_quality.odb,WARNING_SUCCESS_WITH_WARNINGS,PASS_ODB_FINAL_FRAME_EXTRACTED,PASS_TEACHER_FIELDS_EXTRACTED,step_final_cooling,1200.0,AC YIELD;HFL;NT11;PEEQ;RF;S;U,,final_frame_required_fields_and_metrics_extracted
stageV_final_expansion_224_odb_teacher_metric_extraction,stage3_ppo_final_expansion_224_to_320_batch224_v01,final_expansion_batch03,24,PPOFINAL_N24_B081_quality,quality,81,029ad934bef28762,"11,1,3,15,21,23,19,17,13,9,7,5,0,2,6,8,4,10,12,16,18,20,22,14",E:\Projects\RL-LAM-ScanOpt\cae_model\stage3_ppo_final_expansion_224_to_320_batch224_v01\final_expansion_batch03\N24\PPOFINAL_N24_B081_quality\scan_order_PPOFINAL_N24_B081_quality.json,PPO_final_expansion_checkpoint_inference,E:\Projects\RL-LAM-ScanOpt\outputs\stage3_ppo_rl_lam_fea_addendum_v01\ppo_training\checkpoints\maskable_ppo_lam_scan_order_final.zip,v01,stochastic,0.8561183501782694,16,20.0,odd_even,J2D_PPOFINAL_N24_B081_quality,E:\Projects\RL-LAM-ScanOpt\cae_model\stage3_ppo_final_expansion_224_to_320_batch224_v01\final_expansion_batch03\N24\PPOFINAL_N24_B081_quality\J2D_PPOFINAL_N24_B081_quality.odb,WARNING_SUCCESS_WITH_WARNINGS,PASS_ODB_FINAL_FRAME_EXTRACTED,PASS_TEACHER_FIELDS_EXTRACTED,step_final_cooling,1200.0,AC YIELD;HFL;NT11;PEEQ;RF;S;U,,final_frame_required_fields_and_metrics_extracted
stageV_final_expansion_224_odb_teacher_metric_extraction,stage3_ppo_final_expansion_224_to_320_batch224_v01,final_expansion_batch03,24,PPOFINAL_N24_B082_quality,quality,82,43ff7b7dbaf8d62c,"11,1,3,15,21,23,19,17,13,9,7,5,0,2,6,4,8,10,12,18,20,22,16,14",E:\Projects\RL-LAM-ScanOpt\cae_model\stage3_ppo_final_expansion_224_to_320_batch224_v01\final_expansion_batch03\N24\PPOFINAL_N24_B082_quality\scan_order_PPOFINAL_N24_B082_quality.json,PPO_final_expansion_checkpoint_inference,E:\Projects\RL-LAM-ScanOpt\outputs\stage3_ppo_rl_lam_fea_addendum_v01\ppo_training\checkpoints\maskable_ppo_lam_scan_order_final.zip,v01,stochastic,0.8558346138155115,15,19.0,odd_even,J2D_PPOFINAL_N24_B082_quality,E:\Projects\RL-LAM-ScanOpt\cae_model\stage3_ppo_final_expansion_224_to_320_batch224_v01\final_expansion_batch03\N24\PPOFINAL_N24_B082_quality\J2D_PPOFINAL_N24_B082_quality.odb,WARNING_SUCCESS_WITH_WARNINGS,PASS_ODB_FINAL_FRAME_EXTRACTED,PASS_TEACHER_FIELDS_EXTRACTED,step_final_cooling,1200.0,AC YIELD;HFL;NT11;PEEQ;RF;S;U,,final_frame_required_fields_and_metrics_extracted
stageV_final_expansion_224_odb_teacher_metric_extraction,stage3_ppo_final_expansion_224_to_320_batch224_v01,final_expansion_batch03,24,PPOFINAL_N24_B083_quality,quality,83,11ec01af1f9e1e53,"11,1,3,15,23,21,19,17,13,9,7,5,0,2,6,4,8,10,16,18,20,22,14,12",E:\Projects\RL-LAM-ScanOpt\cae_model\stage3_ppo_final_expansion_224_to_320_batch224_v01\final_expansion_batch03\N24\PPOFINAL_N24_B083_quality\scan_order_PPOFINAL_N24_B083_quality.json,PPO_final_expansion_checkpoint_inference,E:\Projects\RL-LAM-ScanOpt\outputs\stage3_ppo_rl_lam_fea_addendum_v01\ppo_training\checkpoints\maskable_ppo_lam_scan_order_final.zip,v01,stochastic,0.8556668735289369,18,20.0,odd_even,J2D_PPOFINAL_N24_B083_quality,E:\Projects\RL-LAM-ScanOpt\cae_model\stage3_ppo_final_expansion_224_to_320_batch224_v01\final_expansion_batch03\N24\PPOFINAL_N24_B083_quality\J2D_PPOFINAL_N24_B083_quality.odb,WARNING_SUCCESS_WITH_WARNINGS,PASS_ODB_FINAL_FRAME_EXTRACTED,PASS_TEACHER_FIELDS_EXTRACTED,step_final_cooling,1200.0,AC YIELD;HFL;NT11;PEEQ;RF;S;U,,final_frame_required_fields_and_metrics_extracted
stageV_final_expansion_224_odb_teacher_metric_extraction,stage3_ppo_final_expansion_224_to_320_batch224_v01,final_expansion_batch03,24,PPOFINAL_N24_B084_quality,quality,84,31116256a3c275ab,"11,1,3,15,23,21,19,17,13,9,7,5,0,2,6,4,8,10,12,16,18,20,22,14",E:\Projects\RL-LAM-ScanOpt\cae_model\stage3_ppo_final_expansion_224_to_320_batch224_v01\final_expansion_batch03\N24\PPOFINAL_N24_B084_quality\scan_order_PPOFINAL_N24_B084_quality.json,PPO_final_expansion_checkpoint_inference,E:\Projects\RL-LAM-ScanOpt\outputs\stage3_ppo_rl_lam_fea_addendum_v01\ppo_training\checkpoints\maskable_ppo_lam_scan_order_final.zip,v01,stochastic,0.8556668735289369,17,19.0,odd_even,J2D_PPOFINAL_N24_B084_quality,E:\Projects\RL-LAM-ScanOpt\cae_model\stage3_ppo_final_expansion_224_to_320_batch224_v01\final_expansion_batch03\N24\PPOFINAL_N24_B084_quality\J2D_PPOFINAL_N24_B084_quality.odb,WARNING_SUCCESS_WITH_WARNINGS,PASS_ODB_FINAL_FRAME_EXTRACTED,PASS_TEACHER_FIELDS_EXTRACTED,step_final_cooling,1200.0,AC YIELD;HFL;NT11;PEEQ;RF;S;U,,final_frame_required_fields_and_metrics_extracted
stageV_final_expansion_224_odb_teacher_metric_extraction,stage3_ppo_final_expansion_224_to_320_batch224_v01,final_expansion_batch03,24,PPOFINAL_N24_B085_quality,quality,85,0d8284db8e158441,"11,3,1,15,23,21,19,17,13,9,7,5,0,2,6,8,4,10,16,18,20,22,14,12",E:\Projects\RL-LAM-ScanOpt\cae_model\stage3_ppo_final_expansion_224_to_320_batch224_v01\final_expansion_batch03\N24\PPOFINAL_N24_B085_quality\scan_order_PPOFINAL_N24_B085_quality.json,PPO_final_expansion_checkpoint_inference,E:\Projects\RL-LAM-ScanOpt\outputs\stage3_ppo_rl_lam_fea_addendum_v01\ppo_training\checkpoints\maskable_ppo_lam_scan_order_final.zip,v01,stochastic,0.8553276234837504,19,20.0,odd_even,J2D_PPOFINAL_N24_B085_quality,E:\Projects\RL-LAM-ScanOpt\cae_model\stage3_ppo_final_expansion_224_to_320_batch224_v01\final_expansion_batch03\N24\PPOFINAL_N24_B085_quality\J2D_PPOFINAL_N24_B085_quality.odb,WARNING_SUCCESS_WITH_WARNINGS,PASS_ODB_FINAL_FRAME_EXTRACTED,PASS_TEACHER_FIELDS_EXTRACTED,step_final_cooling,1200.0,AC YIELD;HFL;NT11;PEEQ;RF;S;U,,final_frame_required_fields_and_metrics_extracted
stageV_final_expansion_224_odb_teacher_metric_extraction,stage3_ppo_final_expansion_224_to_320_batch224_v01,final_expansion_batch03,24,PPOFINAL_N24_B086_quality,quality,86,7000ed00a11bf958,"11,1,3,15,21,23,19,17,13,9,7,5,0,2,6,8,4,10,12,16,20,22,18,14",E:\Projects\RL-LAM-ScanOpt\cae_model\stage3_ppo_final_expansion_224_to_320_batch224_v01\final_expansion_batch03\N24\PPOFINAL_N24_B086_quality\scan_order_PPOFINAL_N24_B086_quality.json,PPO_final_expansion_checkpoint_inference,E:\Projects\RL-LAM-ScanOpt\outputs\stage3_ppo_rl_lam_fea_addendum_v01\ppo_training\checkpoints\maskable_ppo_lam_scan_order_final.zip,v01,stochastic,0.8548780537060148,17,20.0,odd_even,J2D_PPOFINAL_N24_B086_quality,E:\Projects\RL-LAM-ScanOpt\cae_model\stage3_ppo_final_expansion_224_to_320_batch224_v01\final_expansion_batch03\N24\PPOFINAL_N24_B086_quality\J2D_PPOFINAL_N24_B086_quality.odb,WARNING_SUCCESS_WITH_WARNINGS,PASS_ODB_FINAL_FRAME_EXTRACTED,PASS_TEACHER_FIELDS_EXTRACTED,step_final_cooling,1200.0,AC YIELD;HFL;NT11;PEEQ;RF;S;U,,final_frame_required_fields_and_metrics_extracted
stageV_final_expansion_224_odb_teacher_metric_extraction,stage3_ppo_final_expansion_224_to_320_batch224_v01,final_expansion_batch03,24,PPOFINAL_N24_B087_quality,quality,87,325923efbeb8b0da,"11,1,3,15,23,21,19,13,17,20,9,7,5,0,2,4,6,8,10,16,18,22,14,12",E:\Projects\RL-LAM-ScanOpt\cae_model\stage3_ppo_final_expansion_224_to_320_batch224_v01\final_expansion_batch03\N24\PPOFINAL_N24_B087_quality\scan_order_PPOFINAL_N24_B087_quality.json,PPO_final_expansion_checkpoint_inference,E:\Projects\RL-LAM-ScanOpt\outputs\stage3_ppo_rl_lam_fea_addendum_v01\ppo_training\checkpoints\maskable_ppo_lam_scan_order_final.zip,v01,stochastic,0.8538040175278353,16,21.0,center_out,J2D_PPOFINAL_N24_B087_quality,E:\Projects\RL-LAM-ScanOpt\cae_model\stage3_ppo_final_expansion_224_to_320_batch224_v01\final_expansion_batch03\N24\PPOFINAL_N24_B087_quality\J2D_PPOFINAL_N24_B087_quality.odb,WARNING_SUCCESS_WITH_WARNINGS,PASS_ODB_FINAL_FRAME_EXTRACTED,PASS_TEACHER_FIELDS_EXTRACTED,step_final_cooling,1200.0,AC YIELD;HFL;NT11;PEEQ;RF;S;U,,final_frame_required_fields_and_metrics_extracted
stageV_final_expansion_224_odb_teacher_metric_extraction,stage3_ppo_final_expansion_224_to_320_batch224_v01,final_expansion_batch03,24,PPOFINAL_N24_B088_quality,quality,88,8e4ed074dd15de00,"11,1,3,15,21,23,19,17,13,9,7,5,0,2,6,4,8,10,16,18,20,22,14,12",E:\Projects\RL-LAM-ScanOpt\cae_model\stage3_ppo_final_expansion_224_to_320_batch224_v01\final_expansion_batch03\N24\PPOFINAL_N24_B088_quality\scan_order_PPOFINAL_N24_B088_quality.json,PPO_final_expansion_checkpoint_inference,E:\Projects\RL-LAM-ScanOpt\outputs\stage3_ppo_rl_lam_fea_addendum_v01\ppo_training\checkpoints\maskable_ppo_lam_scan_order_final.zip,v01,stochastic,0.8521855339978364,18,20.0,odd_even,J2D_PPOFINAL_N24_B088_quality,E:\Projects\RL-LAM-ScanOpt\cae_model\stage3_ppo_final_expansion_224_to_320_batch224_v01\final_expansion_batch03\N24\PPOFINAL_N24_B088_quality\J2D_PPOFINAL_N24_B088_quality.odb,WARNING_SUCCESS_WITH_WARNINGS,PASS_ODB_FINAL_FRAME_EXTRACTED,PASS_TEACHER_FIELDS_EXTRACTED,step_final_cooling,1200.0,AC YIELD;HFL;NT11;PEEQ;RF;S;U,,final_frame_required_fields_and_metrics_extracted
stageV_final_expansion_224_odb_teacher_metric_extraction,stage3_ppo_final_expansion_224_to_320_batch224_v01,final_expansion_batch03,24,PPOFINAL_N24_B089_quality,quality,89,a397e497dd75e525,"11,15,1,3,23,21,19,17,13,9,7,5,0,2,6,4,8,10,16,18,22,20,14,12",E:\Projects\RL-LAM-ScanOpt\cae_model\stage3_ppo_final_expansion_224_to_320_batch224_v01\final_expansion_batch03\N24\PPOFINAL_N24_B089_quality\scan_order_PPOFINAL_N24_B089_quality.json,PPO_final_expansion_checkpoint_inference,E:\Projects\RL-LAM-ScanOpt\outputs\stage3_ppo_rl_lam_fea_addendum_v01\ppo_training\checkpoints\maskable_ppo_lam_scan_order_final.zip,v01,stochastic,0.8520911037926558,19,20.0,odd_even,J2D_PPOFINAL_N24_B089_quality,E:\Projects\RL-LAM-ScanOpt\cae_model\stage3_ppo_final_expansion_224_to_320_batch224_v01\final_expansion_batch03\N24\PPOFINAL_N24_B089_quality\J2D_PPOFINAL_N24_B089_quality.odb,WARNING_SUCCESS_WITH_WARNINGS,PASS_ODB_FINAL_FRAME_EXTRACTED,PASS_TEACHER_FIELDS_EXTRACTED,step_final_cooling,1200.0,AC YIELD;HFL;NT11;PEEQ;RF;S;U,,final_frame_required_fields_and_metrics_extracted
stageV_final_expansion_224_odb_teacher_metric_extraction,stage3_ppo_final_expansion_224_to_320_batch224_v01,final_expansion_batch03,24,PPOFINAL_N24_B090_quality,quality,90,587cc3b9360bb9a7,"11,1,3,15,23,21,19,17,13,9,7,5,0,2,6,8,4,10,12,16,18,20,22,14",E:\Projects\RL-LAM-ScanOpt\cae_model\stage3_ppo_final_expansion_224_to_320_batch224_v01\final_expansion_batch03\N24\PPOFINAL_N24_B090_quality\scan_order_PPOFINAL_N24_B090_quality.json,PPO_final_expansion_checkpoint_inference,E:\Projects\RL-LAM-ScanOpt\outputs\stage3_ppo_rl_lam_fea_addendum_v01\ppo_training\checkpoints\maskable_ppo_lam_scan_order_final.zip,v01,stochastic,0.8510728013796092,16,20.0,odd_even,J2D_PPOFINAL_N24_B090_quality,E:\Projects\RL-LAM-ScanOpt\cae_model\stage3_ppo_final_expansion_224_to_320_batch224_v01\final_expansion_batch03\N24\PPOFINAL_N24_B090_quality\J2D_PPOFINAL_N24_B090_quality.odb,WARNING_SUCCESS_WITH_WARNINGS,PASS_ODB_FINAL_FRAME_EXTRACTED,PASS_TEACHER_FIELDS_EXTRACTED,step_final_cooling,1200.0,AC YIELD;HFL;NT11;PEEQ;RF;S;U,,final_frame_required_fields_and_metrics_extracted
stageV_final_expansion_224_odb_teacher_metric_extraction,stage3_ppo_final_expansion_224_to_320_batch224_v01,final_expansion_batch03,24,PPOFINAL_N24_B091_quality,quality,91,8ed09c8cb84ff283,"11,1,3,15,23,21,19,17,13,9,7,5,0,2,6,4,8,10,16,18,22,20,14,12",E:\Projects\RL-LAM-ScanOpt\cae_model\stage3_ppo_final_expansion_224_to_320_batch224_v01\final_expansion_batch03\N24\PPOFINAL_N24_B091_quality\scan_order_PPOFINAL_N24_B091_quality.json,PPO_final_expansion_checkpoint_inference,E:\Projects\RL-LAM-ScanOpt\outputs\stage3_ppo_rl_lam_fea_addendum_v01\ppo_training\checkpoints\maskable_ppo_lam_scan_order_final.zip,v01,stochastic,0.8508983886134598,19,20.0,odd_even,J2D_PPOFINAL_N24_B091_quality,E:\Projects\RL-LAM-ScanOpt\cae_model\stage3_ppo_final_expansion_224_to_320_batch224_v01\final_expansion_batch03\N24\PPOFINAL_N24_B091_quality\J2D_PPOFINAL_N24_B091_quality.odb,WARNING_SUCCESS_WITH_WARNINGS,PASS_ODB_FINAL_FRAME_EXTRACTED,PASS_TEACHER_FIELDS_EXTRACTED,step_final_cooling,1200.0,AC YIELD;HFL;NT11;PEEQ;RF;S;U,,final_frame_required_fields_and_metrics_extracted
stageV_final_expansion_224_odb_teacher_metric_extraction,stage3_ppo_final_expansion_224_to_320_batch224_v01,final_expansion_batch03,24,PPOFINAL_N24_B092_quality,quality,92,088206a2af4d662e,"11,3,1,15,23,21,19,17,13,9,7,5,0,2,6,8,10,4,12,16,18,22,20,14",E:\Projects\RL-LAM-ScanOpt\cae_model\stage3_ppo_final_expansion_224_to_320_batch224_v01\final_expansion_batch03\N24\PPOFINAL_N24_B092_quality\scan_order_PPOFINAL_N24_B092_quality.json,PPO_final_expansion_checkpoint_inference,E:\Projects\RL-LAM-ScanOpt\outputs\stage3_ppo_rl_lam_fea_addendum_v01\ppo_training\checkpoints\maskable_ppo_lam_scan_order_final.zip,v01,stochastic,0.850657854769283,17,19.0,odd_even,J2D_PPOFINAL_N24_B092_quality,E:\Projects\RL-LAM-ScanOpt\cae_model\stage3_ppo_final_expansion_224_to_320_batch224_v01\final_expansion_batch03\N24\PPOFINAL_N24_B092_quality\J2D_PPOFINAL_N24_B092_quality.odb,WARNING_SUCCESS_WITH_WARNINGS,PASS_ODB_FINAL_FRAME_EXTRACTED,PASS_TEACHER_FIELDS_EXTRACTED,step_final_cooling,1200.0,AC YIELD;HFL;NT11;PEEQ;RF;S;U,,final_frame_required_fields_and_metrics_extracted
stageV_final_expansion_224_odb_teacher_metric_extraction,stage3_ppo_final_expansion_224_to_320_batch224_v01,final_expansion_batch03,24,PPOFINAL_N24_B093_diversity,diversity,93,ecb877023557149e,"21,17,7,3,9,13,5,1,11,19,15,23,0,2,18,20,22,4,8,10,12,14,6,16",E:\Projects\RL-LAM-ScanOpt\cae_model\stage3_ppo_final_expansion_224_to_320_batch224_v01\final_expansion_batch03\N24\PPOFINAL_N24_B093_diversity\scan_order_PPOFINAL_N24_B093_diversity.json,PPO_final_expansion_checkpoint_inference,E:\Projects\RL-LAM-ScanOpt\outputs\stage3_ppo_rl_lam_fea_addendum_v02_targeted_N24_N40\ppo_training_v02\checkpoints\N24_seed20260624_maskable_ppo_v02.zip,v02,stochastic,0.6375306744537644,18,19.0,odd_even,J2D_PPOFINAL_N24_B093_diversity,E:\Projects\RL-LAM-ScanOpt\cae_model\stage3_ppo_final_expansion_224_to_320_batch224_v01\final_expansion_batch03\N24\PPOFINAL_N24_B093_diversity\J2D_PPOFINAL_N24_B093_diversity.odb,WARNING_SUCCESS_WITH_WARNINGS,PASS_ODB_FINAL_FRAME_EXTRACTED,PASS_TEACHER_FIELDS_EXTRACTED,step_final_cooling,1200.0,AC YIELD;HFL;NT11;PEEQ;RF;S;U,,final_frame_required_fields_and_metrics_extracted
stageV_final_expansion_224_odb_teacher_metric_extraction,stage3_ppo_final_expansion_224_to_320_batch224_v01,final_expansion_batch03,24,PPOFINAL_N24_B094_diversity,diversity,94,520393d0e10224bd,"11,3,1,13,15,23,21,5,17,19,9,7,0,2,8,6,10,16,4,14,12,18,22,20",E:\Projects\RL-LAM-ScanOpt\cae_model\stage3_ppo_final_expansion_224_to_320_batch224_v01\final_expansion_batch03\N24\PPOFINAL_N24_B094_diversity\scan_order_PPOFINAL_N24_B094_diversity.json,PPO_final_expansion_checkpoint_inference,E:\Projects\RL-LAM-ScanOpt\outputs\stage3_ppo_rl_lam_fea_addendum_v01\ppo_training\checkpoints\maskable_ppo_lam_scan_order_final.zip,v01,stochastic,0.6390688214903728,17,16.0,odd_even,J2D_PPOFINAL_N24_B094_diversity,E:\Projects\RL-LAM-ScanOpt\cae_model\stage3_ppo_final_expansion_224_to_320_batch224_v01\final_expansion_batch03\N24\PPOFINAL_N24_B094_diversity\J2D_PPOFINAL_N24_B094_diversity.odb,WARNING_SUCCESS_WITH_WARNINGS,PASS_ODB_FINAL_FRAME_EXTRACTED,PASS_TEACHER_FIELDS_EXTRACTED,step_final_cooling,1200.0,AC YIELD;HFL;NT11;PEEQ;RF;S;U,,final_frame_required_fields_and_metrics_extracted
stageV_final_expansion_224_odb_teacher_metric_extraction,stage3_ppo_final_expansion_224_to_320_batch224_v01,final_expansion_batch03,24,PPOFINAL_N24_B095_diversity,diversity,95,68f63e90fd5cbd04,"11,3,1,15,23,21,17,19,7,9,5,0,2,6,8,4,10,16,18,13,12,14,22,20",E:\Projects\RL-LAM-ScanOpt\cae_model\stage3_ppo_final_expansion_224_to_320_batch224_v01\final_expansion_batch03\N24\PPOFINAL_N24_B095_diversity\scan_order_PPOFINAL_N24_B095_diversity.json,PPO_final_expansion_checkpoint_inference,E:\Projects\RL-LAM-ScanOpt\outputs\stage3_ppo_rl_lam_fea_addendum_v01\ppo_training\checkpoints\maskable_ppo_lam_scan_order_final.zip,v01,stochastic,0.6902785758320689,20,21.0,raster,J2D_PPOFINAL_N24_B095_diversity,E:\Projects\RL-LAM-ScanOpt\cae_model\stage3_ppo_final_expansion_224_to_320_batch224_v01\final_expansion_batch03\N24\PPOFINAL_N24_B095_diversity\J2D_PPOFINAL_N24_B095_diversity.odb,WARNING_SUCCESS_WITH_WARNINGS,PASS_ODB_FINAL_FRAME_EXTRACTED,PASS_TEACHER_FIELDS_EXTRACTED,step_final_cooling,1200.0,AC YIELD;HFL;NT11;PEEQ;RF;S;U,,final_frame_required_fields_and_metrics_extracted
stageV_final_expansion_224_odb_teacher_metric_extraction,stage3_ppo_final_expansion_224_to_320_batch224_v01,final_expansion_batch03,24,PPOFINAL_N24_B096_diversity,diversity,96,74de91df0b46dac4,"11,3,1,15,21,23,17,19,7,5,9,13,0,2,4,6,10,8,16,20,22,18,14,12",E:\Projects\RL-LAM-ScanOpt\cae_model\stage3_ppo_final_expansion_224_to_320_batch224_v01\final_expansion_batch03\N24\PPOFINAL_N24_B096_diversity\scan_order_PPOFINAL_N24_B096_diversity.json,PPO_final_expansion_checkpoint_inference,E:\Projects\RL-LAM-ScanOpt\outputs\stage3_ppo_rl_lam_fea_addendum_v01\ppo_training\checkpoints\maskable_ppo_lam_scan_order_final.zip,v01,stochastic,0.7983481064692608,17,18.0,odd_even,J2D_PPOFINAL_N24_B096_diversity,E:\Projects\RL-LAM-ScanOpt\cae_model\stage3_ppo_final_expansion_224_to_320_batch224_v01\final_expansion_batch03\N24\PPOFINAL_N24_B096_diversity\J2D_PPOFINAL_N24_B096_diversity.odb,WARNING_SUCCESS_WITH_WARNINGS,PASS_ODB_FINAL_FRAME_EXTRACTED,PASS_TEACHER_FIELDS_EXTRACTED,step_final_cooling,1200.0,AC YIELD;HFL;NT11;PEEQ;RF;S;U,,final_frame_required_fields_and_metrics_extracted
stageV_final_expansion_224_odb_teacher_metric_extraction,stage3_ppo_final_expansion_224_to_320_batch224_v01,final_expansion_batch04,24,PPOFINAL_N24_B097_diversity,diversity,97,99a6db3ac9677143,"11,1,3,15,19,23,21,17,13,9,20,22,7,5,0,2,4,6,8,10,18,16,14,12",E:\Projects\RL-LAM-ScanOpt\cae_model\stage3_ppo_final_expansion_224_to_320_batch224_v01\final_expansion_batch04\N24\PPOFINAL_N24_B097_diversity\scan_order_PPOFINAL_N24_B097_diversity.json,PPO_final_expansion_checkpoint_inference,E:\Projects\RL-LAM-ScanOpt\outputs\stage3_ppo_rl_lam_fea_addendum_v01\ppo_training\checkpoints\maskable_ppo_lam_scan_order_final.zip,v01,stochastic,0.7844886314181224,17,22.0,raster,J2D_PPOFINAL_N24_B097_diversity,E:\Projects\RL-LAM-ScanOpt\cae_model\stage3_ppo_final_expansion_224_to_320_batch224_v01\final_expansion_batch04\N24\PPOFINAL_N24_B097_diversity\J2D_PPOFINAL_N24_B097_diversity.odb,WARNING_SUCCESS_WITH_WARNINGS,PASS_ODB_FINAL_FRAME_EXTRACTED,PASS_TEACHER_FIELDS_EXTRACTED,step_final_cooling,1200.0,AC YIELD;HFL;NT11;PEEQ;RF;S;U,,final_frame_required_fields_and_metrics_extracted
stageV_final_expansion_224_odb_teacher_metric_extraction,stage3_ppo_final_expansion_224_to_320_batch224_v01,final_expansion_batch04,24,PPOFINAL_N24_B098_diversity,diversity,98,adda1a02ce4bda82,"11,3,15,1,19,23,21,13,17,7,5,0,2,9,6,4,8,10,16,20,18,22,14,12",E:\Projects\RL-LAM-ScanOpt\cae_model\stage3_ppo_final_expansion_224_to_320_batch224_v01\final_expansion_batch04\N24\PPOFINAL_N24_B098_diversity\scan_order_PPOFINAL_N24_B098_diversity.json,PPO_final_expansion_checkpoint_inference,E:\Projects\RL-LAM-ScanOpt\outputs\stage3_ppo_rl_lam_fea_addendum_v01\ppo_training\checkpoints\maskable_ppo_lam_scan_order_final.zip,v01,stochastic,0.691322256746613,18,20.0,odd_even,J2D_PPOFINAL_N24_B098_diversity,E:\Projects\RL-LAM-ScanOpt\cae_model\stage3_ppo_final_expansion_224_to_320_batch224_v01\final_expansion_batch04\N24\PPOFINAL_N24_B098_diversity\J2D_PPOFINAL_N24_B098_diversity.odb,WARNING_SUCCESS_WITH_WARNINGS,PASS_ODB_FINAL_FRAME_EXTRACTED,PASS_TEACHER_FIELDS_EXTRACTED,step_final_cooling,1200.0,AC YIELD;HFL;NT11;PEEQ;RF;S;U,,final_frame_required_fields_and_metrics_extracted
stageV_final_expansion_224_odb_teacher_metric_extraction,stage3_ppo_final_expansion_224_to_320_batch224_v01,final_expansion_batch04,24,PPOFINAL_N24_B099_diversity,diversity,99,2b4e7e006d7830bb,"11,1,3,13,15,23,21,19,9,17,7,0,2,5,6,8,4,10,16,22,20,18,12,14",E:\Projects\RL-LAM-ScanOpt\cae_model\stage3_ppo_final_expansion_224_to_320_batch224_v01\final_expansion_batch04\N24\PPOFINAL_N24_B099_diversity\scan_order_PPOFINAL_N24_B099_diversity.json,PPO_final_expansion_checkpoint_inference,E:\Projects\RL-LAM-ScanOpt\outputs\stage3_ppo_rl_lam_fea_addendum_v01\ppo_training\checkpoints\maskable_ppo_lam_scan_order_final.zip,v01,stochastic,0.7378431833795269,18,22.0,raster,J2D_PPOFINAL_N24_B099_diversity,E:\Projects\RL-LAM-ScanOpt\cae_model\stage3_ppo_final_expansion_224_to_320_batch224_v01\final_expansion_batch04\N24\PPOFINAL_N24_B099_diversity\J2D_PPOFINAL_N24_B099_diversity.odb,WARNING_SUCCESS_WITH_WARNINGS,PASS_ODB_FINAL_FRAME_EXTRACTED,PASS_TEACHER_FIELDS_EXTRACTED,step_final_cooling,1200.0,AC YIELD;HFL;NT11;PEEQ;RF;S;U,,final_frame_required_fields_and_metrics_extracted
stageV_final_expansion_224_odb_teacher_metric_extraction,stage3_ppo_final_expansion_224_to_320_batch224_v01,final_expansion_batch04,24,PPOFINAL_N24_B100_diversity,diversity,100,b2acf4ae2f80ef3a,"11,3,1,21,15,23,19,17,13,22,5,9,7,0,2,6,4,8,10,12,16,18,14,20",E:\Projects\RL-LAM-ScanOpt\cae_model\stage3_ppo_final_expansion_224_to_320_batch224_v01\final_expansion_batch04\N24\PPOFINAL_N24_B100_diversity\scan_order_PPOFINAL_N24_B100_diversity.json,PPO_final_expansion_checkpoint_inference,E:\Projects\RL-LAM-ScanOpt\outputs\stage3_ppo_rl_lam_fea_addendum_v01\ppo_training\checkpoints\maskable_ppo_lam_scan_order_final.zip,v01,stochastic,0.7007263123422302,16,20.0,odd_even,J2D_PPOFINAL_N24_B100_diversity,E:\Projects\RL-LAM-ScanOpt\cae_model\stage3_ppo_final_expansion_224_to_320_batch224_v01\final_expansion_batch04\N24\PPOFINAL_N24_B100_diversity\J2D_PPOFINAL_N24_B100_diversity.odb,WARNING_SUCCESS_WITH_WARNINGS,PASS_ODB_FINAL_FRAME_EXTRACTED,PASS_TEACHER_FIELDS_EXTRACTED,step_final_cooling,1200.0,AC YIELD;HFL;NT11;PEEQ;RF;S;U,,final_frame_required_fields_and_metrics_extracted
stageV_final_expansion_224_odb_teacher_metric_extraction,stage3_ppo_final_expansion_224_to_320_batch224_v01,final_expansion_batch04,24,PPOFINAL_N24_B101_diversity,diversity,101,b8705a9eed1632a7,"11,3,1,21,15,23,13,19,9,17,7,5,0,2,4,6,8,10,16,12,14,18,20,22",E:\Projects\RL-LAM-ScanOpt\cae_model\stage3_ppo_final_expansion_224_to_320_batch224_v01\final_expansion_batch04\N24\PPOFINAL_N24_B101_diversity\scan_order_PPOFINAL_N24_B101_diversity.json,PPO_final_expansion_checkpoint_inference,E:\Projects\RL-LAM-ScanOpt\outputs\stage3_ppo_rl_lam_fea_addendum_v01\ppo_training\checkpoints\maskable_ppo_lam_scan_order_final.zip,v01,stochastic,0.6814604153720092,14,13.0,odd_even,J2D_PPOFINAL_N24_B101_diversity,E:\Projects\RL-LAM-ScanOpt\cae_model\stage3_ppo_final_expansion_224_to_320_batch224_v01\final_expansion_batch04\N24\PPOFINAL_N24_B101_diversity\J2D_PPOFINAL_N24_B101_diversity.odb,WARNING_SUCCESS_WITH_WARNINGS,PASS_ODB_FINAL_FRAME_EXTRACTED,PASS_TEACHER_FIELDS_EXTRACTED,step_final_cooling,1200.0,AC YIELD;HFL;NT11;PEEQ;RF;S;U,,final_frame_required_fields_and_metrics_extracted
stageV_final_expansion_224_odb_teacher_metric_extraction,stage3_ppo_final_expansion_224_to_320_batch224_v01,final_expansion_batch04,24,PPOFINAL_N24_B102_diversity,diversity,102,412dd61950d59a02,"11,1,15,3,23,21,19,13,17,7,9,0,2,5,6,8,4,10,16,12,22,20,18,14",E:\Projects\RL-LAM-ScanOpt\cae_model\stage3_ppo_final_expansion_224_to_320_batch224_v01\final_expansion_batch04\N24\PPOFINAL_N24_B102_diversity\scan_order_PPOFINAL_N24_B102_diversity.json,PPO_final_expansion_checkpoint_inference,E:\Projects\RL-LAM-ScanOpt\outputs\stage3_ppo_rl_lam_fea_addendum_v01\ppo_training\checkpoints\maskable_ppo_lam_scan_order_final.zip,v01,stochastic,0.6547507810600612,19,22.0,raster,J2D_PPOFINAL_N24_B102_diversity,E:\Projects\RL-LAM-ScanOpt\cae_model\stage3_ppo_final_expansion_224_to_320_batch224_v01\final_expansion_batch04\N24\PPOFINAL_N24_B102_diversity\J2D_PPOFINAL_N24_B102_diversity.odb,WARNING_SUCCESS_WITH_WARNINGS,PASS_ODB_FINAL_FRAME_EXTRACTED,PASS_TEACHER_FIELDS_EXTRACTED,step_final_cooling,1200.0,AC YIELD;HFL;NT11;PEEQ;RF;S;U,,final_frame_required_fields_and_metrics_extracted
stageV_final_expansion_224_odb_teacher_metric_extraction,stage3_ppo_final_expansion_224_to_320_batch224_v01,final_expansion_batch04,24,PPOFINAL_N24_B103_diversity,diversity,103,ff1f2f444fc1385f,"11,1,3,21,15,23,17,19,7,13,9,5,0,2,6,4,8,10,18,20,22,16,12,14",E:\Projects\RL-LAM-ScanOpt\cae_model\stage3_ppo_final_expansion_224_to_320_batch224_v01\final_expansion_batch04\N24\PPOFINAL_N24_B103_diversity\scan_order_PPOFINAL_N24_B103_diversity.json,PPO_final_expansion_checkpoint_inference,E:\Projects\RL-LAM-ScanOpt\outputs\stage3_ppo_rl_lam_fea_addendum_v01\ppo_training\checkpoints\maskable_ppo_lam_scan_order_final.zip,v01,stochastic,0.7993412661338163,18,20.0,odd_even,J2D_PPOFINAL_N24_B103_diversity,E:\Projects\RL-LAM-ScanOpt\cae_model\stage3_ppo_final_expansion_224_to_320_batch224_v01\final_expansion_batch04\N24\PPOFINAL_N24_B103_diversity\J2D_PPOFINAL_N24_B103_diversity.odb,WARNING_SUCCESS_WITH_WARNINGS,PASS_ODB_FINAL_FRAME_EXTRACTED,PASS_TEACHER_FIELDS_EXTRACTED,step_final_cooling,1200.0,AC YIELD;HFL;NT11;PEEQ;RF;S;U,,final_frame_required_fields_and_metrics_extracted
stageV_final_expansion_224_odb_teacher_metric_extraction,stage3_ppo_final_expansion_224_to_320_batch224_v01,final_expansion_batch04,24,PPOFINAL_N24_B104_diversity,diversity,104,eec9d9d1d399e2e9,"11,3,1,15,13,23,19,21,9,17,20,7,5,0,6,2,4,8,10,12,16,18,22,14",E:\Projects\RL-LAM-ScanOpt\cae_model\stage3_ppo_final_expansion_224_to_320_batch224_v01\final_expansion_batch04\N24\PPOFINAL_N24_B104_diversity\scan_order_PPOFINAL_N24_B104_diversity.json,PPO_final_expansion_checkpoint_inference,E:\Projects\RL-LAM-ScanOpt\outputs\stage3_ppo_rl_lam_fea_addendum_v01\ppo_training\checkpoints\maskable_ppo_lam_scan_order_final.zip,v01,stochastic,0.7931655054762544,18,21.0,odd_even,J2D_PPOFINAL_N24_B104_diversity,E:\Projects\RL-LAM-ScanOpt\cae_model\stage3_ppo_final_expansion_224_to_320_batch224_v01\final_expansion_batch04\N24\PPOFINAL_N24_B104_diversity\J2D_PPOFINAL_N24_B104_diversity.odb,WARNING_SUCCESS_WITH_WARNINGS,PASS_ODB_FINAL_FRAME_EXTRACTED,PASS_TEACHER_FIELDS_EXTRACTED,step_final_cooling,1200.0,AC YIELD;HFL;NT11;PEEQ;RF;S;U,,final_frame_required_fields_and_metrics_extracted
stageV_final_expansion_224_odb_teacher_metric_extraction,stage3_ppo_final_expansion_224_to_320_batch224_v01,final_expansion_batch04,24,PPOFINAL_N24_B105_diversity,diversity,105,bf3c7e3e885190e0,"11,3,1,15,23,21,17,19,5,13,9,7,0,2,6,8,16,4,10,12,22,20,18,14",E:\Projects\RL-LAM-ScanOpt\cae_model\stage3_ppo_final_expansion_224_to_320_batch224_v01\final_expansion_batch04\N24\PPOFINAL_N24_B105_diversity\scan_order_PPOFINAL_N24_B105_diversity.json,PPO_final_expansion_checkpoint_inference,E:\Projects\RL-LAM-ScanOpt\outputs\stage3_ppo_rl_lam_fea_addendum_v01\ppo_training\checkpoints\maskable_ppo_lam_scan_order_final.zip,v01,stochastic,0.7441420072193387,19,21.0,odd_even,J2D_PPOFINAL_N24_B105_diversity,E:\Projects\RL-LAM-ScanOpt\cae_model\stage3_ppo_final_expansion_224_to_320_batch224_v01\final_expansion_batch04\N24\PPOFINAL_N24_B105_diversity\J2D_PPOFINAL_N24_B105_diversity.odb,WARNING_SUCCESS_WITH_WARNINGS,PASS_ODB_FINAL_FRAME_EXTRACTED,PASS_TEACHER_FIELDS_EXTRACTED,step_final_cooling,1200.0,AC YIELD;HFL;NT11;PEEQ;RF;S;U,,final_frame_required_fields_and_metrics_extracted
stageV_final_expansion_224_odb_teacher_metric_extraction,stage3_ppo_final_expansion_224_to_320_batch224_v01,final_expansion_batch04,24,PPOFINAL_N24_B106_diversity,diversity,106,67fdf422431f384f,"11,3,15,21,1,13,23,19,17,9,7,5,0,2,6,4,8,10,12,14,16,22,20,18",E:\Projects\RL-LAM-ScanOpt\cae_model\stage3_ppo_final_expansion_224_to_320_batch224_v01\final_expansion_batch04\N24\PPOFINAL_N24_B106_diversity\scan_order_PPOFINAL_N24_B106_diversity.json,PPO_final_expansion_checkpoint_inference,E:\Projects\RL-LAM-ScanOpt\outputs\stage3_ppo_rl_lam_fea_addendum_v01\ppo_training\checkpoints\maskable_ppo_lam_scan_order_final.zip,v01,stochastic,0.7213548405323471,13,14.0,odd_even,J2D_PPOFINAL_N24_B106_diversity,E:\Projects\RL-LAM-ScanOpt\cae_model\stage3_ppo_final_expansion_224_to_320_batch224_v01\final_expansion_batch04\N24\PPOFINAL_N24_B106_diversity\J2D_PPOFINAL_N24_B106_diversity.odb,WARNING_SUCCESS_WITH_WARNINGS,PASS_ODB_FINAL_FRAME_EXTRACTED,PASS_TEACHER_FIELDS_EXTRACTED,step_final_cooling,1200.0,AC YIELD;HFL;NT11;PEEQ;RF;S;U,,final_frame_required_fields_and_metrics_extracted
stageV_final_expansion_224_odb_teacher_metric_extraction,stage3_ppo_final_expansion_224_to_320_batch224_v01,final_expansion_batch04,24,PPOFINAL_N24_B107_diversity,diversity,107,b50b42d8d6d81b48,"11,3,1,15,21,19,23,13,17,9,7,20,5,0,2,6,8,4,10,12,16,18,22,14",E:\Projects\RL-LAM-ScanOpt\cae_model\stage3_ppo_final_expansion_224_to_320_batch224_v01\final_expansion_batch04\N24\PPOFINAL_N24_B107_diversity\scan_order_PPOFINAL_N24_B107_diversity.json,PPO_final_expansion_checkpoint_inference,E:\Projects\RL-LAM-ScanOpt\outputs\stage3_ppo_rl_lam_fea_addendum_v01\ppo_training\checkpoints\maskable_ppo_lam_scan_order_final.zip,v01,stochastic,0.6845514447853005,18,18.0,odd_even,J2D_PPOFINAL_N24_B107_diversity,E:\Projects\RL-LAM-ScanOpt\cae_model\stage3_ppo_final_expansion_224_to_320_batch224_v01\final_expansion_batch04\N24\PPOFINAL_N24_B107_diversity\J2D_PPOFINAL_N24_B107_diversity.odb,WARNING_SUCCESS_WITH_WARNINGS,PASS_ODB_FINAL_FRAME_EXTRACTED,PASS_TEACHER_FIELDS_EXTRACTED,step_final_cooling,1200.0,AC YIELD;HFL;NT11;PEEQ;RF;S;U,,final_frame_required_fields_and_metrics_extracted
stageV_final_expansion_224_odb_teacher_metric_extraction,stage3_ppo_final_expansion_224_to_320_batch224_v01,final_expansion_batch04,24,PPOFINAL_N24_B108_diversity,diversity,108,c2d90a10e6c13e10,"11,1,13,3,15,23,19,21,7,5,17,9,0,2,6,4,8,10,16,14,18,20,22,12",E:\Projects\RL-LAM-ScanOpt\cae_model\stage3_ppo_final_expansion_224_to_320_batch224_v01\final_expansion_batch04\N24\PPOFINAL_N24_B108_diversity\scan_order_PPOFINAL_N24_B108_diversity.json,PPO_final_expansion_checkpoint_inference,E:\Projects\RL-LAM-ScanOpt\outputs\stage3_ppo_rl_lam_fea_addendum_v01\ppo_training\checkpoints\maskable_ppo_lam_scan_order_final.zip,v01,stochastic,0.6553689268744944,17,19.0,odd_even,J2D_PPOFINAL_N24_B108_diversity,E:\Projects\RL-LAM-ScanOpt\cae_model\stage3_ppo_final_expansion_224_to_320_batch224_v01\final_expansion_batch04\N24\PPOFINAL_N24_B108_diversity\J2D_PPOFINAL_N24_B108_diversity.odb,WARNING_SUCCESS_WITH_WARNINGS,PASS_ODB_FINAL_FRAME_EXTRACTED,PASS_TEACHER_FIELDS_EXTRACTED,step_final_cooling,1200.0,AC YIELD;HFL;NT11;PEEQ;RF;S;U,,final_frame_required_fields_and_metrics_extracted
stageV_final_expansion_224_odb_teacher_metric_extraction,stage3_ppo_final_expansion_224_to_320_batch224_v01,final_expansion_batch04,24,PPOFINAL_N24_B109_diversity,diversity,109,390cfaafc4da7c47,"11,3,1,15,23,21,9,13,19,17,7,0,2,5,6,4,8,10,12,18,20,22,16,14",E:\Projects\RL-LAM-ScanOpt\cae_model\stage3_ppo_final_expansion_224_to_320_batch224_v01\final_expansion_batch04\N24\PPOFINAL_N24_B109_diversity\scan_order_PPOFINAL_N24_B109_diversity.json,PPO_final_expansion_checkpoint_inference,E:\Projects\RL-LAM-ScanOpt\outputs\stage3_ppo_rl_lam_fea_addendum_v01\ppo_training\checkpoints\maskable_ppo_lam_scan_order_final.zip,v01,stochastic,0.804033542880852,16,20.0,odd_even,J2D_PPOFINAL_N24_B109_diversity,E:\Projects\RL-LAM-ScanOpt\cae_model\stage3_ppo_final_expansion_224_to_320_batch224_v01\final_expansion_batch04\N24\PPOFINAL_N24_B109_diversity\J2D_PPOFINAL_N24_B109_diversity.odb,WARNING_SUCCESS_WITH_WARNINGS,PASS_ODB_FINAL_FRAME_EXTRACTED,PASS_TEACHER_FIELDS_EXTRACTED,step_final_cooling,1200.0,AC YIELD;HFL;NT11;PEEQ;RF;S;U,,final_frame_required_fields_and_metrics_extracted
stageV_final_expansion_224_odb_teacher_metric_extraction,stage3_ppo_final_expansion_224_to_320_batch224_v01,final_expansion_batch04,24,PPOFINAL_N24_B110_diversity,diversity,110,6c173eb0332cca99,"11,3,1,21,15,23,19,17,13,9,7,0,2,5,6,4,8,16,18,20,22,14,10,12",E:\Projects\RL-LAM-ScanOpt\cae_model\stage3_ppo_final_expansion_224_to_320_batch224_v01\final_expansion_batch04\N24\PPOFINAL_N24_B110_diversity\scan_order_PPOFINAL_N24_B110_diversity.json,PPO_final_expansion_checkpoint_inference,E:\Projects\RL-LAM-ScanOpt\outputs\stage3_ppo_rl_lam_fea_addendum_v01\ppo_training\checkpoints\maskable_ppo_lam_scan_order_final.zip,v01,stochastic,0.7865085680164963,19,21.0,edge_in,J2D_PPOFINAL_N24_B110_diversity,E:\Projects\RL-LAM-ScanOpt\cae_model\stage3_ppo_final_expansion_224_to_320_batch224_v01\final_expansion_batch04\N24\PPOFINAL_N24_B110_diversity\J2D_PPOFINAL_N24_B110_diversity.odb,WARNING_SUCCESS_WITH_WARNINGS,PASS_ODB_FINAL_FRAME_EXTRACTED,PASS_TEACHER_FIELDS_EXTRACTED,step_final_cooling,1200.0,AC YIELD;HFL;NT11;PEEQ;RF;S;U,,final_frame_required_fields_and_metrics_extracted
stageV_final_expansion_224_odb_teacher_metric_extraction,stage3_ppo_final_expansion_224_to_320_batch224_v01,final_expansion_batch04,24,PPOFINAL_N24_B111_diversity,diversity,111,3989d0080d339976,"11,1,3,15,23,21,19,13,17,7,5,0,2,4,6,8,10,16,20,9,12,18,22,14",E:\Projects\RL-LAM-ScanOpt\cae_model\stage3_ppo_final_expansion_224_to_320_batch224_v01\final_expansion_batch04\N24\PPOFINAL_N24_B111_diversity\scan_order_PPOFINAL_N24_B111_diversity.json,PPO_final_expansion_checkpoint_inference,E:\Projects\RL-LAM-ScanOpt\outputs\stage3_ppo_rl_lam_fea_addendum_v01\ppo_training\checkpoints\maskable_ppo_lam_scan_order_final.zip,v01,stochastic,0.7800222654545491,17,22.0,raster,J2D_PPOFINAL_N24_B111_diversity,E:\Projects\RL-LAM-ScanOpt\cae_model\stage3_ppo_final_expansion_224_to_320_batch224_v01\final_expansion_batch04\N24\PPOFINAL_N24_B111_diversity\J2D_PPOFINAL_N24_B111_diversity.odb,WARNING_SUCCESS_WITH_WARNINGS,PASS_ODB_FINAL_FRAME_EXTRACTED,PASS_TEACHER_FIELDS_EXTRACTED,step_final_cooling,1200.0,AC YIELD;HFL;NT11;PEEQ;RF;S;U,,final_frame_required_fields_and_metrics_extracted
stageV_final_expansion_224_odb_teacher_metric_extraction,stage3_ppo_final_expansion_224_to_320_batch224_v01,final_expansion_batch04,24,PPOFINAL_N24_B112_diversity,diversity,112,d699348f4b02cb9e,"11,1,3,15,23,19,21,17,9,7,13,5,0,2,4,6,8,10,18,20,22,14,16,12",E:\Projects\RL-LAM-ScanOpt\cae_model\stage3_ppo_final_expansion_224_to_320_batch224_v01\final_expansion_batch04\N24\PPOFINAL_N24_B112_diversity\scan_order_PPOFINAL_N24_B112_diversity.json,PPO_final_expansion_checkpoint_inference,E:\Projects\RL-LAM-ScanOpt\outputs\stage3_ppo_rl_lam_fea_addendum_v01\ppo_training\checkpoints\maskable_ppo_lam_scan_order_final.zip,v01,stochastic,0.7760434167062839,16,18.0,odd_even,J2D_PPOFINAL_N24_B112_diversity,E:\Projects\RL-LAM-ScanOpt\cae_model\stage3_ppo_final_expansion_224_to_320_batch224_v01\final_expansion_batch04\N24\PPOFINAL_N24_B112_diversity\J2D_PPOFINAL_N24_B112_diversity.odb,WARNING_SUCCESS_WITH_WARNINGS,PASS_ODB_FINAL_FRAME_EXTRACTED,PASS_TEACHER_FIELDS_EXTRACTED,step_final_cooling,1200.0,AC YIELD;HFL;NT11;PEEQ;RF;S;U,,final_frame_required_fields_and_metrics_extracted
stageV_final_expansion_224_odb_teacher_metric_extraction,stage3_ppo_final_expansion_224_to_320_batch224_v01,final_expansion_batch04,24,PPOFINAL_N24_B113_efficiency,efficiency,113,fcc378efe4f89550,"21,23,19,17,18,22,20,16,14,15,12,13,10,9,11,8,7,6,4,2,5,3,0,1",E:\Projects\RL-LAM-ScanOpt\cae_model\stage3_ppo_final_expansion_224_to_320_batch224_v01\final_expansion_batch04\N24\PPOFINAL_N24_B113_efficiency\scan_order_PPOFINAL_N24_B113_efficiency.json,PPO_final_expansion_checkpoint_inference,E:\Projects\RL-LAM-ScanOpt\outputs\stage3_ppo_rl_lam_fea_addendum_v03_lex_primary_N24_N40\ppo_training_v03\checkpoints\N24_seed20260627_maskable_ppo_v03.zip,v03,deterministic,0.3398632326193986,20,23.0,center_out,J2D_PPOFINAL_N24_B113_efficiency,E:\Projects\RL-LAM-ScanOpt\cae_model\stage3_ppo_final_expansion_224_to_320_batch224_v01\final_expansion_batch04\N24\PPOFINAL_N24_B113_efficiency\J2D_PPOFINAL_N24_B113_efficiency.odb,WARNING_SUCCESS_WITH_WARNINGS,PASS_ODB_FINAL_FRAME_EXTRACTED,PASS_TEACHER_FIELDS_EXTRACTED,step_final_cooling,1200.0,AC YIELD;HFL;NT11;PEEQ;RF;S;U,,final_frame_required_fields_and_metrics_extracted
stageV_final_expansion_224_odb_teacher_metric_extraction,stage3_ppo_final_expansion_224_to_320_batch224_v01,final_expansion_batch04,24,PPOFINAL_N24_B114_efficiency,efficiency,114,0b16744bf6ae81d3,"23,22,21,17,19,18,20,15,16,8,10,13,14,11,12,9,4,5,7,6,2,3,1,0",E:\Projects\RL-LAM-ScanOpt\cae_model\stage3_ppo_final_expansion_224_to_320_batch224_v01\final_expansion_batch04\N24\PPOFINAL_N24_B114_efficiency\scan_order_PPOFINAL_N24_B114_efficiency.json,PPO_final_expansion_checkpoint_inference,E:\Projects\RL-LAM-ScanOpt\outputs\stage3_ppo_rl_lam_fea_addendum_v03_lex_primary_N24_N40\ppo_training_v03\checkpoints\N24_seed20260627_maskable_ppo_v03.zip,v03,stochastic,0.3185226938269591,17,23.0,raster,J2D_PPOFINAL_N24_B114_efficiency,E:\Projects\RL-LAM-ScanOpt\cae_model\stage3_ppo_final_expansion_224_to_320_batch224_v01\final_expansion_batch04\N24\PPOFINAL_N24_B114_efficiency\J2D_PPOFINAL_N24_B114_efficiency.odb,WARNING_SUCCESS_WITH_WARNINGS,PASS_ODB_FINAL_FRAME_EXTRACTED,PASS_TEACHER_FIELDS_EXTRACTED,step_final_cooling,1200.0,AC YIELD;HFL;NT11;PEEQ;RF;S;U,,final_frame_required_fields_and_metrics_extracted
stageV_final_expansion_224_odb_teacher_metric_extraction,stage3_ppo_final_expansion_224_to_320_batch224_v01,final_expansion_batch04,24,PPOFINAL_N24_B115_efficiency,efficiency,115,4b515e60f47ee486,"23,19,22,20,16,18,17,21,13,14,15,12,11,10,9,8,7,4,3,1,2,5,6,0",E:\Projects\RL-LAM-ScanOpt\cae_model\stage3_ppo_final_expansion_224_to_320_batch224_v01\final_expansion_batch04\N24\PPOFINAL_N24_B115_efficiency\scan_order_PPOFINAL_N24_B115_efficiency.json,PPO_final_expansion_checkpoint_inference,E:\Projects\RL-LAM-ScanOpt\outputs\stage3_ppo_rl_lam_fea_addendum_v03_lex_primary_N24_N40\ppo_training_v03\checkpoints\N24_seed20260627_maskable_ppo_v03.zip,v03,stochastic,0.3506208867652674,12,22.0,regular_jump,J2D_PPOFINAL_N24_B115_efficiency,E:\Projects\RL-LAM-ScanOpt\cae_model\stage3_ppo_final_expansion_224_to_320_batch224_v01\final_expansion_batch04\N24\PPOFINAL_N24_B115_efficiency\J2D_PPOFINAL_N24_B115_efficiency.odb,WARNING_SUCCESS_WITH_WARNINGS,PASS_ODB_FINAL_FRAME_EXTRACTED,PASS_TEACHER_FIELDS_EXTRACTED,step_final_cooling,1200.0,AC YIELD;HFL;NT11;PEEQ;RF;S;U,,final_frame_required_fields_and_metrics_extracted
stageV_final_expansion_224_odb_teacher_metric_extraction,stage3_ppo_final_expansion_224_to_320_batch224_v01,final_expansion_batch04,24,PPOFINAL_N24_B116_efficiency,efficiency,116,a2eed9c3a29ed981,"19,23,22,20,18,17,21,16,15,14,12,9,10,11,13,8,7,0,2,4,6,3,1,5",E:\Projects\RL-LAM-ScanOpt\cae_model\stage3_ppo_final_expansion_224_to_320_batch224_v01\final_expansion_batch04\N24\PPOFINAL_N24_B116_efficiency\scan_order_PPOFINAL_N24_B116_efficiency.json,PPO_final_expansion_checkpoint_inference,E:\Projects\RL-LAM-ScanOpt\outputs\stage3_ppo_rl_lam_fea_addendum_v03_lex_primary_N24_N40\ppo_training_v03\checkpoints\N24_seed20260627_maskable_ppo_v03.zip,v03,stochastic,0.362493459607925,16,23.0,center_out,J2D_PPOFINAL_N24_B116_efficiency,E:\Projects\RL-LAM-ScanOpt\cae_model\stage3_ppo_final_expansion_224_to_320_batch224_v01\final_expansion_batch04\N24\PPOFINAL_N24_B116_efficiency\J2D_PPOFINAL_N24_B116_efficiency.odb,WARNING_SUCCESS_WITH_WARNINGS,PASS_ODB_FINAL_FRAME_EXTRACTED,PASS_TEACHER_FIELDS_EXTRACTED,step_final_cooling,1200.0,AC YIELD;HFL;NT11;PEEQ;RF;S;U,,final_frame_required_fields_and_metrics_extracted
stageV_final_expansion_224_odb_teacher_metric_extraction,stage3_ppo_final_expansion_224_to_320_batch224_v01,final_expansion_batch04,24,PPOFINAL_N24_B117_efficiency,efficiency,117,9a1a0acb348f0abc,"23,19,21,16,17,20,22,18,13,14,15,12,11,9,10,8,7,0,2,4,1,6,5,3",E:\Projects\RL-LAM-ScanOpt\cae_model\stage3_ppo_final_expansion_224_to_320_batch224_v01\final_expansion_batch04\N24\PPOFINAL_N24_B117_efficiency\scan_order_PPOFINAL_N24_B117_efficiency.json,PPO_final_expansion_checkpoint_inference,E:\Projects\RL-LAM-ScanOpt\outputs\stage3_ppo_rl_lam_fea_addendum_v03_lex_primary_N24_N40\ppo_training_v03\checkpoints\N24_seed20260627_maskable_ppo_v03.zip,v03,stochastic,0.4946851715188061,16,22.0,center_out,J2D_PPOFINAL_N24_B117_efficiency,E:\Projects\RL-LAM-ScanOpt\cae_model\stage3_ppo_final_expansion_224_to_320_batch224_v01\final_expansion_batch04\N24\PPOFINAL_N24_B117_efficiency\J2D_PPOFINAL_N24_B117_efficiency.odb,WARNING_SUCCESS_WITH_WARNINGS,PASS_ODB_FINAL_FRAME_EXTRACTED,PASS_TEACHER_FIELDS_EXTRACTED,step_final_cooling,1200.0,AC YIELD;HFL;NT11;PEEQ;RF;S;U,,final_frame_required_fields_and_metrics_extracted
stageV_final_expansion_224_odb_teacher_metric_extraction,stage3_ppo_final_expansion_224_to_320_batch224_v01,final_expansion_batch04,24,PPOFINAL_N24_B118_efficiency,efficiency,118,5df2570f1e62e9d1,"23,21,19,20,18,22,16,14,13,17,15,11,10,12,6,9,8,7,4,2,3,1,5,0",E:\Projects\RL-LAM-ScanOpt\cae_model\stage3_ppo_final_expansion_224_to_320_batch224_v01\final_expansion_batch04\N24\PPOFINAL_N24_B118_efficiency\scan_order_PPOFINAL_N24_B118_efficiency.json,PPO_final_expansion_checkpoint_inference,E:\Projects\RL-LAM-ScanOpt\outputs\stage3_ppo_rl_lam_fea_addendum_v03_lex_primary_N24_N40\ppo_training_v03\checkpoints\N24_seed20260627_maskable_ppo_v03.zip,v03,stochastic,0.3644022006415084,19,23.0,raster,J2D_PPOFINAL_N24_B118_efficiency,E:\Projects\RL-LAM-ScanOpt\cae_model\stage3_ppo_final_expansion_224_to_320_batch224_v01\final_expansion_batch04\N24\PPOFINAL_N24_B118_efficiency\J2D_PPOFINAL_N24_B118_efficiency.odb,WARNING_SUCCESS_WITH_WARNINGS,PASS_ODB_FINAL_FRAME_EXTRACTED,PASS_TEACHER_FIELDS_EXTRACTED,step_final_cooling,1200.0,AC YIELD;HFL;NT11;PEEQ;RF;S;U,,final_frame_required_fields_and_metrics_extracted
stageV_final_expansion_224_odb_teacher_metric_extraction,stage3_ppo_final_expansion_224_to_320_batch224_v01,final_expansion_batch04,24,PPOFINAL_N24_B119_efficiency,efficiency,119,42004e61e957b4ca,"23,19,18,21,22,15,13,16,17,20,14,12,10,9,8,11,6,2,4,5,7,3,1,0",E:\Projects\RL-LAM-ScanOpt\cae_model\stage3_ppo_final_expansion_224_to_320_batch224_v01\final_expansion_batch04\N24\PPOFINAL_N24_B119_efficiency\scan_order_PPOFINAL_N24_B119_efficiency.json,PPO_final_expansion_checkpoint_inference,E:\Projects\RL-LAM-ScanOpt\outputs\stage3_ppo_rl_lam_fea_addendum_v03_lex_primary_N24_N40\ppo_training_v03\checkpoints\N24_seed20260627_maskable_ppo_v03.zip,v03,stochastic,0.3457056477849146,19,22.0,odd_even,J2D_PPOFINAL_N24_B119_efficiency,E:\Projects\RL-LAM-ScanOpt\cae_model\stage3_ppo_final_expansion_224_to_320_batch224_v01\final_expansion_batch04\N24\PPOFINAL_N24_B119_efficiency\J2D_PPOFINAL_N24_B119_efficiency.odb,WARNING_SUCCESS_WITH_WARNINGS,PASS_ODB_FINAL_FRAME_EXTRACTED,PASS_TEACHER_FIELDS_EXTRACTED,step_final_cooling,1200.0,AC YIELD;HFL;NT11;PEEQ;RF;S;U,,final_frame_required_fields_and_metrics_extracted
stageV_final_expansion_224_odb_teacher_metric_extraction,stage3_ppo_final_expansion_224_to_320_batch224_v01,final_expansion_batch04,24,PPOFINAL_N24_B120_efficiency,efficiency,120,c0848ef3bd5b5872,"23,21,22,20,17,16,19,18,13,14,15,12,8,10,11,9,3,2,5,7,1,4,6,0",E:\Projects\RL-LAM-ScanOpt\cae_model\stage3_ppo_final_expansion_224_to_320_batch224_v01\final_expansion_batch04\N24\PPOFINAL_N24_B120_efficiency\scan_order_PPOFINAL_N24_B120_efficiency.json,PPO_final_expansion_checkpoint_inference,E:\Projects\RL-LAM-ScanOpt\outputs\stage3_ppo_rl_lam_fea_addendum_v03_lex_primary_N24_N40\ppo_training_v03\checkpoints\N24_seed20260627_maskable_ppo_v03.zip,v03,stochastic,0.3235899607927442,17,22.0,center_out,J2D_PPOFINAL_N24_B120_efficiency,E:\Projects\RL-LAM-ScanOpt\cae_model\stage3_ppo_final_expansion_224_to_320_batch224_v01\final_expansion_batch04\N24\PPOFINAL_N24_B120_efficiency\J2D_PPOFINAL_N24_B120_efficiency.odb,WARNING_SUCCESS_WITH_WARNINGS,PASS_ODB_FINAL_FRAME_EXTRACTED,PASS_TEACHER_FIELDS_EXTRACTED,step_final_cooling,1200.0,AC YIELD;HFL;NT11;PEEQ;RF;S;U,,final_frame_required_fields_and_metrics_extracted
stageV_final_expansion_224_odb_teacher_metric_extraction,stage3_ppo_final_expansion_224_to_320_batch224_v01,final_expansion_batch04,24,PPOFINAL_N24_B121_efficiency,efficiency,121,ed3c551c58d481e5,"23,15,19,21,22,20,16,14,18,17,13,8,9,10,11,12,6,7,2,4,3,5,0,1",E:\Projects\RL-LAM-ScanOpt\cae_model\stage3_ppo_final_expansion_224_to_320_batch224_v01\final_expansion_batch04\N24\PPOFINAL_N24_B121_efficiency\scan_order_PPOFINAL_N24_B121_efficiency.json,PPO_final_expansion_checkpoint_inference,E:\Projects\RL-LAM-ScanOpt\outputs\stage3_ppo_rl_lam_fea_addendum_v03_lex_primary_N24_N40\ppo_training_v03\checkpoints\N24_seed20260627_maskable_ppo_v03.zip,v03,stochastic,0.3318927879654138,19,20.0,regular_jump,J2D_PPOFINAL_N24_B121_efficiency,E:\Projects\RL-LAM-ScanOpt\cae_model\stage3_ppo_final_expansion_224_to_320_batch224_v01\final_expansion_batch04\N24\PPOFINAL_N24_B121_efficiency\J2D_PPOFINAL_N24_B121_efficiency.odb,WARNING_SUCCESS_WITH_WARNINGS,PASS_ODB_FINAL_FRAME_EXTRACTED,PASS_TEACHER_FIELDS_EXTRACTED,step_final_cooling,1200.0,AC YIELD;HFL;NT11;PEEQ;RF;S;U,,final_frame_required_fields_and_metrics_extracted
stageV_final_expansion_224_odb_teacher_metric_extraction,stage3_ppo_final_expansion_224_to_320_batch224_v01,final_expansion_batch04,24,PPOFINAL_N24_B122_efficiency,efficiency,122,31969a7ec88750f6,"21,23,19,17,20,18,16,14,22,15,11,9,12,13,7,10,6,8,5,4,2,3,1,0",E:\Projects\RL-LAM-ScanOpt\cae_model\stage3_ppo_final_expansion_224_to_320_batch224_v01\final_expansion_batch04\N24\PPOFINAL_N24_B122_efficiency\scan_order_PPOFINAL_N24_B122_efficiency.json,PPO_final_expansion_checkpoint_inference,E:\Projects\RL-LAM-ScanOpt\outputs\stage3_ppo_rl_lam_fea_addendum_v03_lex_primary_N24_N40\ppo_training_v03\checkpoints\N24_seed20260627_maskable_ppo_v03.zip,v03,stochastic,0.361173970741429,19,22.0,raster,J2D_PPOFINAL_N24_B122_efficiency,E:\Projects\RL-LAM-ScanOpt\cae_model\stage3_ppo_final_expansion_224_to_320_batch224_v01\final_expansion_batch04\N24\PPOFINAL_N24_B122_efficiency\J2D_PPOFINAL_N24_B122_efficiency.odb,WARNING_SUCCESS_WITH_WARNINGS,PASS_ODB_FINAL_FRAME_EXTRACTED,PASS_TEACHER_FIELDS_EXTRACTED,step_final_cooling,1200.0,AC YIELD;HFL;NT11;PEEQ;RF;S;U,,final_frame_required_fields_and_metrics_extracted
stageV_final_expansion_224_odb_teacher_metric_extraction,stage3_ppo_final_expansion_224_to_320_batch224_v01,final_expansion_batch04,24,PPOFINAL_N24_B123_efficiency,efficiency,123,12cd25069efbc9f5,"23,21,19,22,18,15,17,20,12,11,16,14,13,10,9,8,4,6,0,3,2,5,7,1",E:\Projects\RL-LAM-ScanOpt\cae_model\stage3_ppo_final_expansion_224_to_320_batch224_v01\final_expansion_batch04\N24\PPOFINAL_N24_B123_efficiency\scan_order_PPOFINAL_N24_B123_efficiency.json,PPO_final_expansion_checkpoint_inference,E:\Projects\RL-LAM-ScanOpt\outputs\stage3_ppo_rl_lam_fea_addendum_v03_lex_primary_N24_N40\ppo_training_v03\checkpoints\N24_seed20260627_maskable_ppo_v03.zip,v03,stochastic,0.4011722742486586,18,22.0,edge_in,J2D_PPOFINAL_N24_B123_efficiency,E:\Projects\RL-LAM-ScanOpt\cae_model\stage3_ppo_final_expansion_224_to_320_batch224_v01\final_expansion_batch04\N24\PPOFINAL_N24_B123_efficiency\J2D_PPOFINAL_N24_B123_efficiency.odb,WARNING_SUCCESS_WITH_WARNINGS,PASS_ODB_FINAL_FRAME_EXTRACTED,PASS_TEACHER_FIELDS_EXTRACTED,step_final_cooling,1200.0,AC YIELD;HFL;NT11;PEEQ;RF;S;U,,final_frame_required_fields_and_metrics_extracted
stageV_final_expansion_224_odb_teacher_metric_extraction,stage3_ppo_final_expansion_224_to_320_batch224_v01,final_expansion_batch04,24,PPOFINAL_N24_B124_efficiency,efficiency,124,2901e8f033a4ca96,"19,21,22,18,23,17,15,13,14,10,16,20,12,9,11,8,7,5,6,4,2,0,3,1",E:\Projects\RL-LAM-ScanOpt\cae_model\stage3_ppo_final_expansion_224_to_320_batch224_v01\final_expansion_batch04\N24\PPOFINAL_N24_B124_efficiency\scan_order_PPOFINAL_N24_B124_efficiency.json,PPO_final_expansion_checkpoint_inference,E:\Projects\RL-LAM-ScanOpt\outputs\stage3_ppo_rl_lam_fea_addendum_v03_lex_primary_N24_N40\ppo_training_v03\checkpoints\N24_seed20260627_maskable_ppo_v03.zip,v03,stochastic,0.3859194223501863,19,23.0,raster,J2D_PPOFINAL_N24_B124_efficiency,E:\Projects\RL-LAM-ScanOpt\cae_model\stage3_ppo_final_expansion_224_to_320_batch224_v01\final_expansion_batch04\N24\PPOFINAL_N24_B124_efficiency\J2D_PPOFINAL_N24_B124_efficiency.odb,WARNING_SUCCESS_WITH_WARNINGS,PASS_ODB_FINAL_FRAME_EXTRACTED,PASS_TEACHER_FIELDS_EXTRACTED,step_final_cooling,1200.0,AC YIELD;HFL;NT11;PEEQ;RF;S;U,,final_frame_required_fields_and_metrics_extracted
stageV_final_expansion_224_odb_teacher_metric_extraction,stage3_ppo_final_expansion_224_to_320_batch224_v01,final_expansion_batch04,24,PPOFINAL_N24_B125_efficiency,efficiency,125,045a0102e98ec2a7,"23,15,18,19,22,17,14,16,21,20,12,13,10,11,9,8,7,2,4,5,6,0,3,1",E:\Projects\RL-LAM-ScanOpt\cae_model\stage3_ppo_final_expansion_224_to_320_batch224_v01\final_expansion_batch04\N24\PPOFINAL_N24_B125_efficiency\scan_order_PPOFINAL_N24_B125_efficiency.json,PPO_final_expansion_checkpoint_inference,E:\Projects\RL-LAM-ScanOpt\outputs\stage3_ppo_rl_lam_fea_addendum_v03_lex_primary_N24_N40\ppo_training_v03\checkpoints\N24_seed20260627_maskable_ppo_v03.zip,v03,stochastic,0.3337606998775183,19,24.0,raster,J2D_PPOFINAL_N24_B125_efficiency,E:\Projects\RL-LAM-ScanOpt\cae_model\stage3_ppo_final_expansion_224_to_320_batch224_v01\final_expansion_batch04\N24\PPOFINAL_N24_B125_efficiency\J2D_PPOFINAL_N24_B125_efficiency.odb,WARNING_SUCCESS_WITH_WARNINGS,PASS_ODB_FINAL_FRAME_EXTRACTED,PASS_TEACHER_FIELDS_EXTRACTED,step_final_cooling,1200.0,AC YIELD;HFL;NT11;PEEQ;RF;S;U,,final_frame_required_fields_and_metrics_extracted
stageV_final_expansion_224_odb_teacher_metric_extraction,stage3_ppo_final_expansion_224_to_320_batch224_v01,final_expansion_batch04,24,PPOFINAL_N24_B126_efficiency,efficiency,126,3299fb5d45ec4f03,"16,23,18,17,20,21,19,22,15,12,14,9,13,10,11,6,5,7,8,3,0,1,4,2",E:\Projects\RL-LAM-ScanOpt\cae_model\stage3_ppo_final_expansion_224_to_320_batch224_v01\final_expansion_batch04\N24\PPOFINAL_N24_B126_efficiency\scan_order_PPOFINAL_N24_B126_efficiency.json,PPO_final_expansion_checkpoint_inference,E:\Projects\RL-LAM-ScanOpt\outputs\stage3_ppo_rl_lam_fea_addendum_v03_lex_primary_N24_N40\ppo_training_v03\checkpoints\N24_seed20260627_maskable_ppo_v03.zip,v03,stochastic,0.4695250753210233,20,22.0,edge_in,J2D_PPOFINAL_N24_B126_efficiency,E:\Projects\RL-LAM-ScanOpt\cae_model\stage3_ppo_final_expansion_224_to_320_batch224_v01\final_expansion_batch04\N24\PPOFINAL_N24_B126_efficiency\J2D_PPOFINAL_N24_B126_efficiency.odb,WARNING_SUCCESS_WITH_WARNINGS,PASS_ODB_FINAL_FRAME_EXTRACTED,PASS_TEACHER_FIELDS_EXTRACTED,step_final_cooling,1200.0,AC YIELD;HFL;NT11;PEEQ;RF;S;U,,final_frame_required_fields_and_metrics_extracted
stageV_final_expansion_224_odb_teacher_metric_extraction,stage3_ppo_final_expansion_224_to_320_batch224_v01,final_expansion_batch04,24,PPOFINAL_N24_B127_efficiency,efficiency,127,4612f4eb9513702d,"15,19,23,21,17,18,22,20,16,14,9,11,12,7,8,10,13,6,2,4,0,5,3,1",E:\Projects\RL-LAM-ScanOpt\cae_model\stage3_ppo_final_expansion_224_to_320_batch224_v01\final_expansion_batch04\N24\PPOFINAL_N24_B127_efficiency\scan_order_PPOFINAL_N24_B127_efficiency.json,PPO_final_expansion_checkpoint_inference,E:\Projects\RL-LAM-ScanOpt\outputs\stage3_ppo_rl_lam_fea_addendum_v03_lex_primary_N24_N40\ppo_training_v03\checkpoints\N24_seed20260627_maskable_ppo_v03.zip,v03,stochastic,0.3723353525442722,20,22.0,raster,J2D_PPOFINAL_N24_B127_efficiency,E:\Projects\RL-LAM-ScanOpt\cae_model\stage3_ppo_final_expansion_224_to_320_batch224_v01\final_expansion_batch04\N24\PPOFINAL_N24_B127_efficiency\J2D_PPOFINAL_N24_B127_efficiency.odb,WARNING_SUCCESS_WITH_WARNINGS,PASS_ODB_FINAL_FRAME_EXTRACTED,PASS_TEACHER_FIELDS_EXTRACTED,step_final_cooling,1200.0,AC YIELD;HFL;NT11;PEEQ;RF;S;U,,final_frame_required_fields_and_metrics_extracted
stageV_final_expansion_224_odb_teacher_metric_extraction,stage3_ppo_final_expansion_224_to_320_batch224_v01,final_expansion_batch04,24,PPOFINAL_N24_B128_efficiency,efficiency,128,3dbb2488ca7c6c55,"21,17,19,23,18,22,14,20,16,15,8,12,13,9,10,11,7,6,5,4,2,3,0,1",E:\Projects\RL-LAM-ScanOpt\cae_model\stage3_ppo_final_expansion_224_to_320_batch224_v01\final_expansion_batch04\N24\PPOFINAL_N24_B128_efficiency\scan_order_PPOFINAL_N24_B128_efficiency.json,PPO_final_expansion_checkpoint_inference,E:\Projects\RL-LAM-ScanOpt\outputs\stage3_ppo_rl_lam_fea_addendum_v03_lex_primary_N24_N40\ppo_training_v03\checkpoints\N24_seed20260627_maskable_ppo_v03.zip,v03,stochastic,0.493148848638038,19,23.0,center_out,J2D_PPOFINAL_N24_B128_efficiency,E:\Projects\RL-LAM-ScanOpt\cae_model\stage3_ppo_final_expansion_224_to_320_batch224_v01\final_expansion_batch04\N24\PPOFINAL_N24_B128_efficiency\J2D_PPOFINAL_N24_B128_efficiency.odb,WARNING_SUCCESS_WITH_WARNINGS,PASS_ODB_FINAL_FRAME_EXTRACTED,PASS_TEACHER_FIELDS_EXTRACTED,step_final_cooling,1200.0,AC YIELD;HFL;NT11;PEEQ;RF;S;U,,final_frame_required_fields_and_metrics_extracted
stageV_final_expansion_224_odb_teacher_metric_extraction,stage3_ppo_final_expansion_224_to_320_batch224_v01,final_expansion_batch05,24,PPOFINAL_N24_B129_novelty,novelty,129,2d0fb49523557363,"22,21,18,19,23,17,15,12,14,20,7,16,11,8,9,10,13,4,3,2,6,5,0,1",E:\Projects\RL-LAM-ScanOpt\cae_model\stage3_ppo_final_expansion_224_to_320_batch224_v01\final_expansion_batch05\N24\PPOFINAL_N24_B129_novelty\scan_order_PPOFINAL_N24_B129_novelty.json,PPO_final_expansion_checkpoint_inference,E:\Projects\RL-LAM-ScanOpt\outputs\stage3_ppo_rl_lam_fea_addendum_v03_lex_primary_N24_N40\ppo_training_v03\checkpoints\N24_seed20260627_maskable_ppo_v03.zip,v03,stochastic,0.5101237168406216,21,23.0,center_out,J2D_PPOFINAL_N24_B129_novelty,E:\Projects\RL-LAM-ScanOpt\cae_model\stage3_ppo_final_expansion_224_to_320_batch224_v01\final_expansion_batch05\N24\PPOFINAL_N24_B129_novelty\J2D_PPOFINAL_N24_B129_novelty.odb,WARNING_SUCCESS_WITH_WARNINGS,PASS_ODB_FINAL_FRAME_EXTRACTED,PASS_TEACHER_FIELDS_EXTRACTED,step_final_cooling,1200.0,AC YIELD;HFL;NT11;PEEQ;RF;S;U,,final_frame_required_fields_and_metrics_extracted
stageV_final_expansion_224_odb_teacher_metric_extraction,stage3_ppo_final_expansion_224_to_320_batch224_v01,final_expansion_batch05,24,PPOFINAL_N24_B130_novelty,novelty,130,1ca6b22d0d23ff04,"20,13,23,19,17,15,18,21,14,16,9,10,11,22,12,4,8,6,7,2,5,0,1,3",E:\Projects\RL-LAM-ScanOpt\cae_model\stage3_ppo_final_expansion_224_to_320_batch224_v01\final_expansion_batch05\N24\PPOFINAL_N24_B130_novelty\scan_order_PPOFINAL_N24_B130_novelty.json,PPO_final_expansion_checkpoint_inference,E:\Projects\RL-LAM-ScanOpt\outputs\stage3_ppo_rl_lam_fea_addendum_v03_lex_primary_N24_N40\ppo_training_v03\checkpoints\N24_seed20260627_maskable_ppo_v03.zip,v03,stochastic,0.4583096709513505,21,23.0,odd_even,J2D_PPOFINAL_N24_B130_novelty,E:\Projects\RL-LAM-ScanOpt\cae_model\stage3_ppo_final_expansion_224_to_320_batch224_v01\final_expansion_batch05\N24\PPOFINAL_N24_B130_novelty\J2D_PPOFINAL_N24_B130_novelty.odb,WARNING_SUCCESS_WITH_WARNINGS,PASS_ODB_FINAL_FRAME_EXTRACTED,PASS_TEACHER_FIELDS_EXTRACTED,step_final_cooling,1200.0,AC YIELD;HFL;NT11;PEEQ;RF;S;U,,final_frame_required_fields_and_metrics_extracted
stageV_final_expansion_224_odb_teacher_metric_extraction,stage3_ppo_final_expansion_224_to_320_batch224_v01,final_expansion_batch05,24,PPOFINAL_N24_B131_novelty,novelty,131,227c61ddc275dda4,"17,19,23,21,18,13,11,15,14,9,12,20,22,16,8,10,7,6,3,2,0,4,5,1",E:\Projects\RL-LAM-ScanOpt\cae_model\stage3_ppo_final_expansion_224_to_320_batch224_v01\final_expansion_batch05\N24\PPOFINAL_N24_B131_novelty\scan_order_PPOFINAL_N24_B131_novelty.json,PPO_final_expansion_checkpoint_inference,E:\Projects\RL-LAM-ScanOpt\outputs\stage3_ppo_rl_lam_fea_addendum_v03_lex_primary_N24_N40\ppo_training_v03\checkpoints\N24_seed20260627_maskable_ppo_v03.zip,v03,stochastic,0.3946097121213227,21,23.0,raster,J2D_PPOFINAL_N24_B131_novelty,E:\Projects\RL-LAM-ScanOpt\cae_model\stage3_ppo_final_expansion_224_to_320_batch224_v01\final_expansion_batch05\N24\PPOFINAL_N24_B131_novelty\J2D_PPOFINAL_N24_B131_novelty.odb,WARNING_SUCCESS_WITH_WARNINGS,PASS_ODB_FINAL_FRAME_EXTRACTED,PASS_TEACHER_FIELDS_EXTRACTED,step_final_cooling,1200.0,AC YIELD;HFL;NT11;PEEQ;RF;S;U,,final_frame_required_fields_and_metrics_extracted
stageV_final_expansion_224_odb_teacher_metric_extraction,stage3_ppo_final_expansion_224_to_320_batch224_v01,final_expansion_batch05,24,PPOFINAL_N24_B132_novelty,novelty,132,b12e33867639d3c5,"18,23,17,21,15,19,14,22,20,10,16,13,12,11,9,8,4,7,5,2,6,0,3,1",E:\Projects\RL-LAM-ScanOpt\cae_model\stage3_ppo_final_expansion_224_to_320_batch224_v01\final_expansion_batch05\N24\PPOFINAL_N24_B132_novelty\scan_order_PPOFINAL_N24_B132_novelty.json,PPO_final_expansion_checkpoint_inference,E:\Projects\RL-LAM-ScanOpt\outputs\stage3_ppo_rl_lam_fea_addendum_v03_lex_primary_N24_N40\ppo_training_v03\checkpoints\N24_seed20260627_maskable_ppo_v03.zip,v03,stochastic,0.3822643214284718,21,23.0,raster,J2D_PPOFINAL_N24_B132_novelty,E:\Projects\RL-LAM-ScanOpt\cae_model\stage3_ppo_final_expansion_224_to_320_batch224_v01\final_expansion_batch05\N24\PPOFINAL_N24_B132_novelty\J2D_PPOFINAL_N24_B132_novelty.odb,WARNING_SUCCESS_WITH_WARNINGS,PASS_ODB_FINAL_FRAME_EXTRACTED,PASS_TEACHER_FIELDS_EXTRACTED,step_final_cooling,1200.0,AC YIELD;HFL;NT11;PEEQ;RF;S;U,,final_frame_required_fields_and_metrics_extracted
stageV_final_expansion_224_odb_teacher_metric_extraction,stage3_ppo_final_expansion_224_to_320_batch224_v01,final_expansion_batch05,24,PPOFINAL_N24_B133_novelty,novelty,133,fdb10cc845f0b20b,"19,21,14,22,15,23,16,12,20,17,13,18,11,10,8,9,6,7,2,5,4,0,3,1",E:\Projects\RL-LAM-ScanOpt\cae_model\stage3_ppo_final_expansion_224_to_320_batch224_v01\final_expansion_batch05\N24\PPOFINAL_N24_B133_novelty\scan_order_PPOFINAL_N24_B133_novelty.json,PPO_final_expansion_checkpoint_inference,E:\Projects\RL-LAM-ScanOpt\outputs\stage3_ppo_rl_lam_fea_addendum_v03_lex_primary_N24_N40\ppo_training_v03\checkpoints\N24_seed20260627_maskable_ppo_v03.zip,v03,stochastic,0.3210683091821516,21,22.0,edge_in,J2D_PPOFINAL_N24_B133_novelty,E:\Projects\RL-LAM-ScanOpt\cae_model\stage3_ppo_final_expansion_224_to_320_batch224_v01\final_expansion_batch05\N24\PPOFINAL_N24_B133_novelty\J2D_PPOFINAL_N24_B133_novelty.odb,WARNING_SUCCESS_WITH_WARNINGS,PASS_ODB_FINAL_FRAME_EXTRACTED,PASS_TEACHER_FIELDS_EXTRACTED,step_final_cooling,1200.0,AC YIELD;HFL;NT11;PEEQ;RF;S;U,,final_frame_required_fields_and_metrics_extracted
stageV_final_expansion_224_odb_teacher_metric_extraction,stage3_ppo_final_expansion_224_to_320_batch224_v01,final_expansion_batch05,24,PPOFINAL_N24_B134_novelty,novelty,134,4f9f192b5c2a61b8,"21,17,23,4,19,13,22,12,18,16,20,14,8,15,10,11,9,7,5,6,2,0,3,1",E:\Projects\RL-LAM-ScanOpt\cae_model\stage3_ppo_final_expansion_224_to_320_batch224_v01\final_expansion_batch05\N24\PPOFINAL_N24_B134_novelty\scan_order_PPOFINAL_N24_B134_novelty.json,PPO_final_expansion_checkpoint_inference,E:\Projects\RL-LAM-ScanOpt\outputs\stage3_ppo_rl_lam_fea_addendum_v03_lex_primary_N24_N40\ppo_training_v03\checkpoints\N24_seed20260627_maskable_ppo_v03.zip,v03,stochastic,0.2715782840767148,21,23.0,center_out,J2D_PPOFINAL_N24_B134_novelty,E:\Projects\RL-LAM-ScanOpt\cae_model\stage3_ppo_final_expansion_224_to_320_batch224_v01\final_expansion_batch05\N24\PPOFINAL_N24_B134_novelty\J2D_PPOFINAL_N24_B134_novelty.odb,WARNING_SUCCESS_WITH_WARNINGS,PASS_ODB_FINAL_FRAME_EXTRACTED,PASS_TEACHER_FIELDS_EXTRACTED,step_final_cooling,1200.0,AC YIELD;HFL;NT11;PEEQ;RF;S;U,,final_frame_required_fields_and_metrics_extracted
stageV_final_expansion_224_odb_teacher_metric_extraction,stage3_ppo_final_expansion_224_to_320_batch224_v01,final_expansion_batch05,24,PPOFINAL_N24_B135_novelty,novelty,135,3cafafe57d3df54e,"21,19,23,17,22,18,12,20,11,16,10,13,14,8,15,9,6,2,4,7,0,3,5,1",E:\Projects\RL-LAM-ScanOpt\cae_model\stage3_ppo_final_expansion_224_to_320_batch224_v01\final_expansion_batch05\N24\PPOFINAL_N24_B135_novelty\scan_order_PPOFINAL_N24_B135_novelty.json,PPO_final_expansion_checkpoint_inference,E:\Projects\RL-LAM-ScanOpt\outputs\stage3_ppo_rl_lam_fea_addendum_v03_lex_primary_N24_N40\ppo_training_v03\checkpoints\N24_seed20260627_maskable_ppo_v03.zip,v03,stochastic,0.2108732424483135,21,23.0,raster,J2D_PPOFINAL_N24_B135_novelty,E:\Projects\RL-LAM-ScanOpt\cae_model\stage3_ppo_final_expansion_224_to_320_batch224_v01\final_expansion_batch05\N24\PPOFINAL_N24_B135_novelty\J2D_PPOFINAL_N24_B135_novelty.odb,WARNING_SUCCESS_WITH_WARNINGS,PASS_ODB_FINAL_FRAME_EXTRACTED,PASS_TEACHER_FIELDS_EXTRACTED,step_final_cooling,1200.0,AC YIELD;HFL;NT11;PEEQ;RF;S;U,,final_frame_required_fields_and_metrics_extracted
stageV_final_expansion_224_odb_teacher_metric_extraction,stage3_ppo_final_expansion_224_to_320_batch224_v01,final_expansion_batch05,24,PPOFINAL_N24_B136_novelty,novelty,136,cc6ebefd42587076,"11,1,3,15,23,21,19,17,13,9,7,5,0,2,6,4,8,16,20,18,22,14,10,12",E:\Projects\RL-LAM-ScanOpt\cae_model\stage3_ppo_final_expansion_224_to_320_batch224_v01\final_expansion_batch05\N24\PPOFINAL_N24_B136_novelty\scan_order_PPOFINAL_N24_B136_novelty.json,PPO_final_expansion_checkpoint_inference,E:\Projects\RL-LAM-ScanOpt\outputs\stage3_ppo_rl_lam_fea_addendum_v01\ppo_training\checkpoints\maskable_ppo_lam_scan_order_final.zip,v01,stochastic,0.8284339019833841,20,21.0,odd_even,J2D_PPOFINAL_N24_B136_novelty,E:\Projects\RL-LAM-ScanOpt\cae_model\stage3_ppo_final_expansion_224_to_320_batch224_v01\final_expansion_batch05\N24\PPOFINAL_N24_B136_novelty\J2D_PPOFINAL_N24_B136_novelty.odb,WARNING_SUCCESS_WITH_WARNINGS,PASS_ODB_FINAL_FRAME_EXTRACTED,PASS_TEACHER_FIELDS_EXTRACTED,step_final_cooling,1200.0,AC YIELD;HFL;NT11;PEEQ;RF;S;U,,final_frame_required_fields_and_metrics_extracted
stageV_final_expansion_224_odb_teacher_metric_extraction,stage3_ppo_final_expansion_224_to_320_batch224_v01,final_expansion_batch05,24,PPOFINAL_N24_B137_baseline_proximity,baseline_proximity,137,5bce268377c3df56,"11,3,1,15,23,21,19,13,17,9,7,5,0,2,6,4,8,10,12,16,14,18,20,22",E:\Projects\RL-LAM-ScanOpt\cae_model\stage3_ppo_final_expansion_224_to_320_batch224_v01\final_expansion_batch05\N24\PPOFINAL_N24_B137_baseline_proximity\scan_order_PPOFINAL_N24_B137_baseline_proximity.json,PPO_final_expansion_checkpoint_inference,E:\Projects\RL-LAM-ScanOpt\outputs\stage3_ppo_rl_lam_fea_addendum_v01\ppo_training\checkpoints\maskable_ppo_lam_scan_order_final.zip,v01,stochastic,0.7959787217370778,15,14.0,odd_even,J2D_PPOFINAL_N24_B137_baseline_proximity,E:\Projects\RL-LAM-ScanOpt\cae_model\stage3_ppo_final_expansion_224_to_320_batch224_v01\final_expansion_batch05\N24\PPOFINAL_N24_B137_baseline_proximity\J2D_PPOFINAL_N24_B137_baseline_proximity.odb,WARNING_SUCCESS_WITH_WARNINGS,PASS_ODB_FINAL_FRAME_EXTRACTED,PASS_TEACHER_FIELDS_EXTRACTED,step_final_cooling,1200.0,AC YIELD;HFL;NT11;PEEQ;RF;S;U,,final_frame_required_fields_and_metrics_extracted
stageV_final_expansion_224_odb_teacher_metric_extraction,stage3_ppo_final_expansion_224_to_320_batch224_v01,final_expansion_batch05,24,PPOFINAL_N24_B138_baseline_proximity,baseline_proximity,138,74155c768b5f71dc,"11,1,3,15,21,23,9,13,17,19,7,5,0,2,4,6,8,10,12,16,18,20,22,14",E:\Projects\RL-LAM-ScanOpt\cae_model\stage3_ppo_final_expansion_224_to_320_batch224_v01\final_expansion_batch05\N24\PPOFINAL_N24_B138_baseline_proximity\scan_order_PPOFINAL_N24_B138_baseline_proximity.json,PPO_final_expansion_checkpoint_inference,E:\Projects\RL-LAM-ScanOpt\outputs\stage3_ppo_rl_lam_fea_addendum_v01\ppo_training\checkpoints\maskable_ppo_lam_scan_order_final.zip,v01,stochastic,0.8481401831980366,15,15.0,odd_even,J2D_PPOFINAL_N24_B138_baseline_proximity,E:\Projects\RL-LAM-ScanOpt\cae_model\stage3_ppo_final_expansion_224_to_320_batch224_v01\final_expansion_batch05\N24\PPOFINAL_N24_B138_baseline_proximity\J2D_PPOFINAL_N24_B138_baseline_proximity.odb,WARNING_SUCCESS_WITH_WARNINGS,PASS_ODB_FINAL_FRAME_EXTRACTED,PASS_TEACHER_FIELDS_EXTRACTED,step_final_cooling,1200.0,AC YIELD;HFL;NT11;PEEQ;RF;S;U,,final_frame_required_fields_and_metrics_extracted
stageV_final_expansion_224_odb_teacher_metric_extraction,stage3_ppo_final_expansion_224_to_320_batch224_v01,final_expansion_batch05,24,PPOFINAL_N24_B139_baseline_proximity,baseline_proximity,139,9510cf8a7cfe7d1b,"11,1,3,15,23,21,13,19,17,9,7,5,0,2,4,6,8,10,12,16,18,20,22,14",E:\Projects\RL-LAM-ScanOpt\cae_model\stage3_ppo_final_expansion_224_to_320_batch224_v01\final_expansion_batch05\N24\PPOFINAL_N24_B139_baseline_proximity\scan_order_PPOFINAL_N24_B139_baseline_proximity.json,PPO_final_expansion_checkpoint_inference,E:\Projects\RL-LAM-ScanOpt\outputs\stage3_ppo_rl_lam_fea_addendum_v01\ppo_training\checkpoints\maskable_ppo_lam_scan_order_final.zip,v01,stochastic,0.8418586676921151,15,15.0,odd_even,J2D_PPOFINAL_N24_B139_baseline_proximity,E:\Projects\RL-LAM-ScanOpt\cae_model\stage3_ppo_final_expansion_224_to_320_batch224_v01\final_expansion_batch05\N24\PPOFINAL_N24_B139_baseline_proximity\J2D_PPOFINAL_N24_B139_baseline_proximity.odb,WARNING_SUCCESS_WITH_WARNINGS,PASS_ODB_FINAL_FRAME_EXTRACTED,PASS_TEACHER_FIELDS_EXTRACTED,step_final_cooling,1200.0,AC YIELD;HFL;NT11;PEEQ;RF;S;U,,final_frame_required_fields_and_metrics_extracted
stageV_final_expansion_224_odb_teacher_metric_extraction,stage3_ppo_final_expansion_224_to_320_batch224_v01,final_expansion_batch05,24,PPOFINAL_N24_B140_baseline_proximity,baseline_proximity,140,59c9eb57a42f582f,"11,3,1,15,23,21,19,13,17,9,7,5,0,2,4,6,8,10,12,16,18,20,22,14",E:\Projects\RL-LAM-ScanOpt\cae_model\stage3_ppo_final_expansion_224_to_320_batch224_v01\final_expansion_batch05\N24\PPOFINAL_N24_B140_baseline_proximity\scan_order_PPOFINAL_N24_B140_baseline_proximity.json,PPO_final_expansion_checkpoint_inference,E:\Projects\RL-LAM-ScanOpt\outputs\stage3_ppo_rl_lam_fea_addendum_v01\ppo_training\checkpoints\maskable_ppo_lam_scan_order_final.zip,v01,stochastic,0.8402260811624043,15,15.0,odd_even,J2D_PPOFINAL_N24_B140_baseline_proximity,E:\Projects\RL-LAM-ScanOpt\cae_model\stage3_ppo_final_expansion_224_to_320_batch224_v01\final_expansion_batch05\N24\PPOFINAL_N24_B140_baseline_proximity\J2D_PPOFINAL_N24_B140_baseline_proximity.odb,WARNING_SUCCESS_WITH_WARNINGS,PASS_ODB_FINAL_FRAME_EXTRACTED,PASS_TEACHER_FIELDS_EXTRACTED,step_final_cooling,1200.0,AC YIELD;HFL;NT11;PEEQ;RF;S;U,,final_frame_required_fields_and_metrics_extracted
stageV_final_expansion_224_odb_teacher_metric_extraction,stage3_ppo_final_expansion_224_to_320_batch224_v01,final_expansion_batch05,24,PPOFINAL_N24_B141_baseline_proximity,baseline_proximity,141,dad66d54b04ad6a1,"11,3,1,15,23,21,19,13,17,9,7,5,0,2,4,6,8,10,16,22,20,18,14,12",E:\Projects\RL-LAM-ScanOpt\cae_model\stage3_ppo_final_expansion_224_to_320_batch224_v01\final_expansion_batch05\N24\PPOFINAL_N24_B141_baseline_proximity\scan_order_PPOFINAL_N24_B141_baseline_proximity.json,PPO_final_expansion_checkpoint_inference,E:\Projects\RL-LAM-ScanOpt\outputs\stage3_ppo_rl_lam_fea_addendum_v01\ppo_training\checkpoints\maskable_ppo_lam_scan_order_final.zip,v01,stochastic,0.8251805104343142,14,15.0,odd_even,J2D_PPOFINAL_N24_B141_baseline_proximity,E:\Projects\RL-LAM-ScanOpt\cae_model\stage3_ppo_final_expansion_224_to_320_batch224_v01\final_expansion_batch05\N24\PPOFINAL_N24_B141_baseline_proximity\J2D_PPOFINAL_N24_B141_baseline_proximity.odb,WARNING_SUCCESS_WITH_WARNINGS,PASS_ODB_FINAL_FRAME_EXTRACTED,PASS_TEACHER_FIELDS_EXTRACTED,step_final_cooling,1200.0,AC YIELD;HFL;NT11;PEEQ;RF;S;U,,final_frame_required_fields_and_metrics_extracted
stageV_final_expansion_224_odb_teacher_metric_extraction,stage3_ppo_final_expansion_224_to_320_batch224_v01,final_expansion_batch05,24,PPOFINAL_N24_B142_baseline_proximity,baseline_proximity,142,2a46a71eef951480,"11,1,3,15,23,21,9,19,17,7,13,5,0,2,4,6,8,10,12,16,18,22,20,14",E:\Projects\RL-LAM-ScanOpt\cae_model\stage3_ppo_final_expansion_224_to_320_batch224_v01\final_expansion_batch05\N24\PPOFINAL_N24_B142_baseline_proximity\scan_order_PPOFINAL_N24_B142_baseline_proximity.json,PPO_final_expansion_checkpoint_inference,E:\Projects\RL-LAM-ScanOpt\outputs\stage3_ppo_rl_lam_fea_addendum_v01\ppo_training\checkpoints\maskable_ppo_lam_scan_order_final.zip,v01,stochastic,0.8146525693711313,15,15.0,odd_even,J2D_PPOFINAL_N24_B142_baseline_proximity,E:\Projects\RL-LAM-ScanOpt\cae_model\stage3_ppo_final_expansion_224_to_320_batch224_v01\final_expansion_batch05\N24\PPOFINAL_N24_B142_baseline_proximity\J2D_PPOFINAL_N24_B142_baseline_proximity.odb,WARNING_SUCCESS_WITH_WARNINGS,PASS_ODB_FINAL_FRAME_EXTRACTED,PASS_TEACHER_FIELDS_EXTRACTED,step_final_cooling,1200.0,AC YIELD;HFL;NT11;PEEQ;RF;S;U,,final_frame_required_fields_and_metrics_extracted
stageV_final_expansion_224_odb_teacher_metric_extraction,stage3_ppo_final_expansion_224_to_320_batch224_v01,final_expansion_batch05,24,PPOFINAL_N24_B143_baseline_proximity,baseline_proximity,143,89c07a565a906e8d,"1,11,3,15,23,21,19,13,17,9,7,5,0,2,4,6,8,10,12,18,20,22,16,14",E:\Projects\RL-LAM-ScanOpt\cae_model\stage3_ppo_final_expansion_224_to_320_batch224_v01\final_expansion_batch05\N24\PPOFINAL_N24_B143_baseline_proximity\scan_order_PPOFINAL_N24_B143_baseline_proximity.json,PPO_final_expansion_checkpoint_inference,E:\Projects\RL-LAM-ScanOpt\outputs\stage3_ppo_rl_lam_fea_addendum_v01\ppo_training\checkpoints\maskable_ppo_lam_scan_order_final.zip,v01,stochastic,0.8061521813853235,14,15.0,odd_even,J2D_PPOFINAL_N24_B143_baseline_proximity,E:\Projects\RL-LAM-ScanOpt\cae_model\stage3_ppo_final_expansion_224_to_320_batch224_v01\final_expansion_batch05\N24\PPOFINAL_N24_B143_baseline_proximity\J2D_PPOFINAL_N24_B143_baseline_proximity.odb,WARNING_SUCCESS_WITH_WARNINGS,PASS_ODB_FINAL_FRAME_EXTRACTED,PASS_TEACHER_FIELDS_EXTRACTED,step_final_cooling,1200.0,AC YIELD;HFL;NT11;PEEQ;RF;S;U,,final_frame_required_fields_and_metrics_extracted
stageV_final_expansion_224_odb_teacher_metric_extraction,stage3_ppo_final_expansion_224_to_320_batch224_v01,final_expansion_batch05,24,PPOFINAL_N24_B144_baseline_proximity,baseline_proximity,144,52a7ce5fadecac65,"11,1,3,15,23,21,19,13,17,9,7,5,0,2,6,4,8,10,12,16,14,18,20,22",E:\Projects\RL-LAM-ScanOpt\cae_model\stage3_ppo_final_expansion_224_to_320_batch224_v01\final_expansion_batch05\N24\PPOFINAL_N24_B144_baseline_proximity\scan_order_PPOFINAL_N24_B144_baseline_proximity.json,PPO_final_expansion_checkpoint_inference,E:\Projects\RL-LAM-ScanOpt\outputs\stage3_ppo_rl_lam_fea_addendum_v01\ppo_training\checkpoints\maskable_ppo_lam_scan_order_final.zip,v01,stochastic,0.7886386782357744,15,15.0,odd_even,J2D_PPOFINAL_N24_B144_baseline_proximity,E:\Projects\RL-LAM-ScanOpt\cae_model\stage3_ppo_final_expansion_224_to_320_batch224_v01\final_expansion_batch05\N24\PPOFINAL_N24_B144_baseline_proximity\J2D_PPOFINAL_N24_B144_baseline_proximity.odb,WARNING_SUCCESS_WITH_WARNINGS,PASS_ODB_FINAL_FRAME_EXTRACTED,PASS_TEACHER_FIELDS_EXTRACTED,step_final_cooling,1200.0,AC YIELD;HFL;NT11;PEEQ;RF;S;U,,final_frame_required_fields_and_metrics_extracted
stageV_final_expansion_224_odb_teacher_metric_extraction,stage3_ppo_final_expansion_224_to_320_batch224_v01,final_expansion_batch05,40,PPOFINAL_N40_B145_quality,quality,145,de85307460f4c766,"11,3,1,15,21,23,19,25,37,29,13,33,39,35,31,27,17,7,5,0,20,9,26,24,32,22,34,36,38,30,28,14,12,6,4,8,2,10,16,18",E:\Projects\RL-LAM-ScanOpt\cae_model\stage3_ppo_final_expansion_224_to_320_batch224_v01\final_expansion_batch05\N40\PPOFINAL_N40_B145_quality\scan_order_PPOFINAL_N40_B145_quality.json,PPO_final_expansion_checkpoint_inference,E:\Projects\RL-LAM-ScanOpt\outputs\stage3_ppo_rl_lam_fea_addendum_v01\ppo_training\checkpoints\maskable_ppo_lam_scan_order_final.zip,v01,stochastic,0.7721556561260406,35,39.0,raster,J2D_PPOFINAL_N40_B145_quality,E:\Projects\RL-LAM-ScanOpt\cae_model\stage3_ppo_final_expansion_224_to_320_batch224_v01\final_expansion_batch05\N40\PPOFINAL_N40_B145_quality\J2D_PPOFINAL_N40_B145_quality.odb,WARNING_SUCCESS_WITH_WARNINGS,PASS_ODB_FINAL_FRAME_EXTRACTED,PASS_TEACHER_FIELDS_EXTRACTED,step_final_cooling,1200.0,AC YIELD;HFL;NT11;PEEQ;RF;S;U,,final_frame_required_fields_and_metrics_extracted
stageV_final_expansion_224_odb_teacher_metric_extraction,stage3_ppo_final_expansion_224_to_320_batch224_v01,final_expansion_batch05,40,PPOFINAL_N40_B146_quality,quality,146,dc97a259ffd0da41,"11,3,1,15,21,23,37,39,31,27,35,25,29,13,9,17,33,7,19,5,0,20,24,22,34,38,36,32,30,26,28,18,6,4,2,8,10,16,14,12",E:\Projects\RL-LAM-ScanOpt\cae_model\stage3_ppo_final_expansion_224_to_320_batch224_v01\final_expansion_batch05\N40\PPOFINAL_N40_B146_quality\scan_order_PPOFINAL_N40_B146_quality.json,PPO_final_expansion_checkpoint_inference,E:\Projects\RL-LAM-ScanOpt\outputs\stage3_ppo_rl_lam_fea_addendum_v01\ppo_training\checkpoints\maskable_ppo_lam_scan_order_final.zip,v01,stochastic,0.7665883154028267,36,37.0,odd_even,J2D_PPOFINAL_N40_B146_quality,E:\Projects\RL-LAM-ScanOpt\cae_model\stage3_ppo_final_expansion_224_to_320_batch224_v01\final_expansion_batch05\N40\PPOFINAL_N40_B146_quality\J2D_PPOFINAL_N40_B146_quality.odb,WARNING_SUCCESS_WITH_WARNINGS,PASS_ODB_FINAL_FRAME_EXTRACTED,PASS_TEACHER_FIELDS_EXTRACTED,step_final_cooling,1200.0,AC YIELD;HFL;NT11;PEEQ;RF;S;U,,final_frame_required_fields_and_metrics_extracted
stageV_final_expansion_224_odb_teacher_metric_extraction,stage3_ppo_final_expansion_224_to_320_batch224_v01,final_expansion_batch05,40,PPOFINAL_N40_B147_quality,quality,147,50eead2e9fe64fb2,"11,3,1,15,21,17,23,37,29,35,39,31,25,33,19,27,9,7,5,0,13,20,36,24,32,38,30,22,34,28,26,4,6,2,8,10,12,16,18,14",E:\Projects\RL-LAM-ScanOpt\cae_model\stage3_ppo_final_expansion_224_to_320_batch224_v01\final_expansion_batch05\N40\PPOFINAL_N40_B147_quality\scan_order_PPOFINAL_N40_B147_quality.json,PPO_final_expansion_checkpoint_inference,E:\Projects\RL-LAM-ScanOpt\outputs\stage3_ppo_rl_lam_fea_addendum_v01\ppo_training\checkpoints\maskable_ppo_lam_scan_order_final.zip,v01,stochastic,0.743179382572766,35,37.0,edge_in,J2D_PPOFINAL_N40_B147_quality,E:\Projects\RL-LAM-ScanOpt\cae_model\stage3_ppo_final_expansion_224_to_320_batch224_v01\final_expansion_batch05\N40\PPOFINAL_N40_B147_quality\J2D_PPOFINAL_N40_B147_quality.odb,WARNING_SUCCESS_WITH_WARNINGS,PASS_ODB_FINAL_FRAME_EXTRACTED,PASS_TEACHER_FIELDS_EXTRACTED,step_final_cooling,1200.0,AC YIELD;HFL;NT11;PEEQ;RF;S;U,,final_frame_required_fields_and_metrics_extracted
stageV_final_expansion_224_odb_teacher_metric_extraction,stage3_ppo_final_expansion_224_to_320_batch224_v01,final_expansion_batch05,40,PPOFINAL_N40_B148_quality,quality,148,3b9411f7a1944cd1,"11,1,15,3,17,21,23,31,37,29,33,39,35,25,27,13,19,7,0,5,9,22,24,26,36,32,20,38,30,34,28,18,6,16,12,14,4,2,8,10",E:\Projects\RL-LAM-ScanOpt\cae_model\stage3_ppo_final_expansion_224_to_320_batch224_v01\final_expansion_batch05\N40\PPOFINAL_N40_B148_quality\scan_order_PPOFINAL_N40_B148_quality.json,PPO_final_expansion_checkpoint_inference,E:\Projects\RL-LAM-ScanOpt\outputs\stage3_ppo_rl_lam_fea_addendum_v01\ppo_training\checkpoints\maskable_ppo_lam_scan_order_final.zip,v01,stochastic,0.7423334056551164,35,36.0,center_out,J2D_PPOFINAL_N40_B148_quality,E:\Projects\RL-LAM-ScanOpt\cae_model\stage3_ppo_final_expansion_224_to_320_batch224_v01\final_expansion_batch05\N40\PPOFINAL_N40_B148_quality\J2D_PPOFINAL_N40_B148_quality.odb,WARNING_SUCCESS_WITH_WARNINGS,PASS_ODB_FINAL_FRAME_EXTRACTED,PASS_TEACHER_FIELDS_EXTRACTED,step_final_cooling,1200.0,AC YIELD;HFL;NT11;PEEQ;RF;S;U,,final_frame_required_fields_and_metrics_extracted
stageV_final_expansion_224_odb_teacher_metric_extraction,stage3_ppo_final_expansion_224_to_320_batch224_v01,final_expansion_batch05,40,PPOFINAL_N40_B149_quality,quality,149,b3b84e349046b17e,"11,1,3,15,21,23,25,29,37,35,17,39,31,33,13,27,19,5,0,7,9,26,24,20,38,36,34,30,32,22,28,18,6,2,16,14,12,4,8,10",E:\Projects\RL-LAM-ScanOpt\cae_model\stage3_ppo_final_expansion_224_to_320_batch224_v01\final_expansion_batch05\N40\PPOFINAL_N40_B149_quality\scan_order_PPOFINAL_N40_B149_quality.json,PPO_final_expansion_checkpoint_inference,E:\Projects\RL-LAM-ScanOpt\outputs\stage3_ppo_rl_lam_fea_addendum_v01\ppo_training\checkpoints\maskable_ppo_lam_scan_order_final.zip,v01,stochastic,0.7415722939550238,37,38.0,center_out,J2D_PPOFINAL_N40_B149_quality,E:\Projects\RL-LAM-ScanOpt\cae_model\stage3_ppo_final_expansion_224_to_320_batch224_v01\final_expansion_batch05\N40\PPOFINAL_N40_B149_quality\J2D_PPOFINAL_N40_B149_quality.odb,WARNING_SUCCESS_WITH_WARNINGS,PASS_ODB_FINAL_FRAME_EXTRACTED,PASS_TEACHER_FIELDS_EXTRACTED,step_final_cooling,1200.0,AC YIELD;HFL;NT11;PEEQ;RF;S;U,,final_frame_required_fields_and_metrics_extracted
stageV_final_expansion_224_odb_teacher_metric_extraction,stage3_ppo_final_expansion_224_to_320_batch224_v01,final_expansion_batch05,40,PPOFINAL_N40_B150_quality,quality,150,8f7702c18f2e6e7a,"11,1,3,15,23,27,31,21,37,29,17,13,25,35,39,33,19,7,5,0,9,20,36,28,24,22,30,32,26,34,38,16,6,18,8,4,10,12,14,2",E:\Projects\RL-LAM-ScanOpt\cae_model\stage3_ppo_final_expansion_224_to_320_batch224_v01\final_expansion_batch05\N40\PPOFINAL_N40_B150_quality\scan_order_PPOFINAL_N40_B150_quality.json,PPO_final_expansion_checkpoint_inference,E:\Projects\RL-LAM-ScanOpt\outputs\stage3_ppo_rl_lam_fea_addendum_v01\ppo_training\checkpoints\maskable_ppo_lam_scan_order_final.zip,v01,stochastic,0.7406236990256356,35,38.0,raster,J2D_PPOFINAL_N40_B150_quality,E:\Projects\RL-LAM-ScanOpt\cae_model\stage3_ppo_final_expansion_224_to_320_batch224_v01\final_expansion_batch05\N40\PPOFINAL_N40_B150_quality\J2D_PPOFINAL_N40_B150_quality.odb,WARNING_SUCCESS_WITH_WARNINGS,PASS_ODB_FINAL_FRAME_EXTRACTED,PASS_TEACHER_FIELDS_EXTRACTED,step_final_cooling,1200.0,AC YIELD;HFL;NT11;PEEQ;RF;S;U,,final_frame_required_fields_and_metrics_extracted
stageV_final_expansion_224_odb_teacher_metric_extraction,stage3_ppo_final_expansion_224_to_320_batch224_v01,final_expansion_batch05,40,PPOFINAL_N40_B151_quality,quality,151,3a401243f6921b37,"11,3,1,15,23,21,9,25,29,39,33,35,31,37,27,13,19,17,7,0,5,24,36,30,32,20,26,22,28,34,38,18,6,4,8,10,16,12,14,2",E:\Projects\RL-LAM-ScanOpt\cae_model\stage3_ppo_final_expansion_224_to_320_batch224_v01\final_expansion_batch05\N40\PPOFINAL_N40_B151_quality\scan_order_PPOFINAL_N40_B151_quality.json,PPO_final_expansion_checkpoint_inference,E:\Projects\RL-LAM-ScanOpt\outputs\stage3_ppo_rl_lam_fea_addendum_v01\ppo_training\checkpoints\maskable_ppo_lam_scan_order_final.zip,v01,stochastic,0.7365371003113776,37,37.0,raster,J2D_PPOFINAL_N40_B151_quality,E:\Projects\RL-LAM-ScanOpt\cae_model\stage3_ppo_final_expansion_224_to_320_batch224_v01\final_expansion_batch05\N40\PPOFINAL_N40_B151_quality\J2D_PPOFINAL_N40_B151_quality.odb,WARNING_SUCCESS_WITH_WARNINGS,PASS_ODB_FINAL_FRAME_EXTRACTED,PASS_TEACHER_FIELDS_EXTRACTED,step_final_cooling,1200.0,AC YIELD;HFL;NT11;PEEQ;RF;S;U,,final_frame_required_fields_and_metrics_extracted
stageV_final_expansion_224_odb_teacher_metric_extraction,stage3_ppo_final_expansion_224_to_320_batch224_v01,final_expansion_batch05,40,PPOFINAL_N40_B152_quality,quality,152,a218445583a4142f,"11,3,1,15,21,25,35,31,23,27,39,37,29,33,19,17,13,9,7,0,5,20,22,30,32,36,24,38,34,28,26,18,14,6,4,12,2,8,16,10",E:\Projects\RL-LAM-ScanOpt\cae_model\stage3_ppo_final_expansion_224_to_320_batch224_v01\final_expansion_batch05\N40\PPOFINAL_N40_B152_quality\scan_order_PPOFINAL_N40_B152_quality.json,PPO_final_expansion_checkpoint_inference,E:\Projects\RL-LAM-ScanOpt\outputs\stage3_ppo_rl_lam_fea_addendum_v01\ppo_training\checkpoints\maskable_ppo_lam_scan_order_final.zip,v01,stochastic,0.7339093192318515,36,38.0,edge_in,J2D_PPOFINAL_N40_B152_quality,E:\Projects\RL-LAM-ScanOpt\cae_model\stage3_ppo_final_expansion_224_to_320_batch224_v01\final_expansion_batch05\N40\PPOFINAL_N40_B152_quality\J2D_PPOFINAL_N40_B152_quality.odb,WARNING_SUCCESS_WITH_WARNINGS,PASS_ODB_FINAL_FRAME_EXTRACTED,PASS_TEACHER_FIELDS_EXTRACTED,step_final_cooling,1200.0,AC YIELD;HFL;NT11;PEEQ;RF;S;U,,final_frame_required_fields_and_metrics_extracted
stageV_final_expansion_224_odb_teacher_metric_extraction,stage3_ppo_final_expansion_224_to_320_batch224_v01,final_expansion_batch05,40,PPOFINAL_N40_B153_quality,quality,153,c1aac2712d53a1d5,"11,1,3,15,25,37,27,21,17,23,31,29,33,39,35,19,9,5,0,7,13,34,20,28,30,22,36,32,38,24,18,26,16,14,4,6,8,10,12,2",E:\Projects\RL-LAM-ScanOpt\cae_model\stage3_ppo_final_expansion_224_to_320_batch224_v01\final_expansion_batch05\N40\PPOFINAL_N40_B153_quality\scan_order_PPOFINAL_N40_B153_quality.json,PPO_final_expansion_checkpoint_inference,E:\Projects\RL-LAM-ScanOpt\outputs\stage3_ppo_rl_lam_fea_addendum_v01\ppo_training\checkpoints\maskable_ppo_lam_scan_order_final.zip,v01,stochastic,0.7325566520293127,37,37.0,edge_in,J2D_PPOFINAL_N40_B153_quality,E:\Projects\RL-LAM-ScanOpt\cae_model\stage3_ppo_final_expansion_224_to_320_batch224_v01\final_expansion_batch05\N40\PPOFINAL_N40_B153_quality\J2D_PPOFINAL_N40_B153_quality.odb,WARNING_SUCCESS_WITH_WARNINGS,PASS_ODB_FINAL_FRAME_EXTRACTED,PASS_TEACHER_FIELDS_EXTRACTED,step_final_cooling,1200.0,AC YIELD;HFL;NT11;PEEQ;RF;S;U,,final_frame_required_fields_and_metrics_extracted
stageV_final_expansion_224_odb_teacher_metric_extraction,stage3_ppo_final_expansion_224_to_320_batch224_v01,final_expansion_batch05,40,PPOFINAL_N40_B154_quality,quality,154,de9f263ee12ac476,"11,3,1,15,23,31,37,21,29,33,39,35,27,25,19,17,13,9,0,5,7,20,36,30,34,24,32,26,38,28,22,14,6,4,18,16,8,10,2,12",E:\Projects\RL-LAM-ScanOpt\cae_model\stage3_ppo_final_expansion_224_to_320_batch224_v01\final_expansion_batch05\N40\PPOFINAL_N40_B154_quality\scan_order_PPOFINAL_N40_B154_quality.json,PPO_final_expansion_checkpoint_inference,E:\Projects\RL-LAM-ScanOpt\outputs\stage3_ppo_rl_lam_fea_addendum_v01\ppo_training\checkpoints\maskable_ppo_lam_scan_order_final.zip,v01,stochastic,0.7299449587604654,36,37.0,regular_jump,J2D_PPOFINAL_N40_B154_quality,E:\Projects\RL-LAM-ScanOpt\cae_model\stage3_ppo_final_expansion_224_to_320_batch224_v01\final_expansion_batch05\N40\PPOFINAL_N40_B154_quality\J2D_PPOFINAL_N40_B154_quality.odb,WARNING_SUCCESS_WITH_WARNINGS,PASS_ODB_FINAL_FRAME_EXTRACTED,PASS_TEACHER_FIELDS_EXTRACTED,step_final_cooling,1200.0,AC YIELD;HFL;NT11;PEEQ;RF;S;U,,final_frame_required_fields_and_metrics_extracted
stageV_final_expansion_224_odb_teacher_metric_extraction,stage3_ppo_final_expansion_224_to_320_batch224_v01,final_expansion_batch05,40,PPOFINAL_N40_B155_quality,quality,155,e11b824b201d1789,"11,1,3,15,21,23,35,27,31,37,39,29,17,13,9,25,33,19,7,0,5,20,22,36,30,38,32,24,26,34,28,14,6,16,18,4,12,2,8,10",E:\Projects\RL-LAM-ScanOpt\cae_model\stage3_ppo_final_expansion_224_to_320_batch224_v01\final_expansion_batch05\N40\PPOFINAL_N40_B155_quality\scan_order_PPOFINAL_N40_B155_quality.json,PPO_final_expansion_checkpoint_inference,E:\Projects\RL-LAM-ScanOpt\outputs\stage3_ppo_rl_lam_fea_addendum_v01\ppo_training\checkpoints\maskable_ppo_lam_scan_order_final.zip,v01,stochastic,0.7275751327115829,35,37.0,raster,J2D_PPOFINAL_N40_B155_quality,E:\Projects\RL-LAM-ScanOpt\cae_model\stage3_ppo_final_expansion_224_to_320_batch224_v01\final_expansion_batch05\N40\PPOFINAL_N40_B155_quality\J2D_PPOFINAL_N40_B155_quality.odb,WARNING_SUCCESS_WITH_WARNINGS,PASS_ODB_FINAL_FRAME_EXTRACTED,PASS_TEACHER_FIELDS_EXTRACTED,step_final_cooling,1200.0,AC YIELD;HFL;NT11;PEEQ;RF;S;U,,final_frame_required_fields_and_metrics_extracted
stageV_final_expansion_224_odb_teacher_metric_extraction,stage3_ppo_final_expansion_224_to_320_batch224_v01,final_expansion_batch05,40,PPOFINAL_N40_B156_quality,quality,156,f099da38d842c023,"11,1,3,15,21,23,31,37,39,33,29,35,9,17,27,25,13,19,0,5,7,20,24,30,26,36,32,34,28,38,22,18,16,6,4,8,10,14,12,2",E:\Projects\RL-LAM-ScanOpt\cae_model\stage3_ppo_final_expansion_224_to_320_batch224_v01\final_expansion_batch05\N40\PPOFINAL_N40_B156_quality\scan_order_PPOFINAL_N40_B156_quality.json,PPO_final_expansion_checkpoint_inference,E:\Projects\RL-LAM-ScanOpt\outputs\stage3_ppo_rl_lam_fea_addendum_v01\ppo_training\checkpoints\maskable_ppo_lam_scan_order_final.zip,v01,stochastic,0.724897437321446,36,38.0,raster,J2D_PPOFINAL_N40_B156_quality,E:\Projects\RL-LAM-ScanOpt\cae_model\stage3_ppo_final_expansion_224_to_320_batch224_v01\final_expansion_batch05\N40\PPOFINAL_N40_B156_quality\J2D_PPOFINAL_N40_B156_quality.odb,WARNING_SUCCESS_WITH_WARNINGS,PASS_ODB_FINAL_FRAME_EXTRACTED,PASS_TEACHER_FIELDS_EXTRACTED,step_final_cooling,1200.0,AC YIELD;HFL;NT11;PEEQ;RF;S;U,,final_frame_required_fields_and_metrics_extracted
stageV_final_expansion_224_odb_teacher_metric_extraction,stage3_ppo_final_expansion_224_to_320_batch224_v01,final_expansion_batch05,40,PPOFINAL_N40_B157_quality,quality,157,e2e0c106674c83a8,"11,3,1,15,21,23,17,27,33,39,37,31,29,35,19,25,13,24,7,0,5,9,34,38,36,30,20,32,22,26,28,18,6,16,14,12,4,2,8,10",E:\Projects\RL-LAM-ScanOpt\cae_model\stage3_ppo_final_expansion_224_to_320_batch224_v01\final_expansion_batch05\N40\PPOFINAL_N40_B157_quality\scan_order_PPOFINAL_N40_B157_quality.json,PPO_final_expansion_checkpoint_inference,E:\Projects\RL-LAM-ScanOpt\outputs\stage3_ppo_rl_lam_fea_addendum_v01\ppo_training\checkpoints\maskable_ppo_lam_scan_order_final.zip,v01,stochastic,0.7244959325982097,34,39.0,odd_even,J2D_PPOFINAL_N40_B157_quality,E:\Projects\RL-LAM-ScanOpt\cae_model\stage3_ppo_final_expansion_224_to_320_batch224_v01\final_expansion_batch05\N40\PPOFINAL_N40_B157_quality\J2D_PPOFINAL_N40_B157_quality.odb,WARNING_SUCCESS_WITH_WARNINGS,PASS_ODB_FINAL_FRAME_EXTRACTED,PASS_TEACHER_FIELDS_EXTRACTED,step_final_cooling,1200.0,AC YIELD;HFL;NT11;PEEQ;RF;S;U,,final_frame_required_fields_and_metrics_extracted
stageV_final_expansion_224_odb_teacher_metric_extraction,stage3_ppo_final_expansion_224_to_320_batch224_v01,final_expansion_batch05,40,PPOFINAL_N40_B158_quality,quality,158,0aacacd7d8684024,"1,11,3,15,21,31,23,37,33,29,27,39,35,25,17,19,9,13,0,7,5,24,30,20,36,22,32,28,34,38,26,4,6,2,16,14,18,10,8,12",E:\Projects\RL-LAM-ScanOpt\cae_model\stage3_ppo_final_expansion_224_to_320_batch224_v01\final_expansion_batch05\N40\PPOFINAL_N40_B158_quality\scan_order_PPOFINAL_N40_B158_quality.json,PPO_final_expansion_checkpoint_inference,E:\Projects\RL-LAM-ScanOpt\outputs\stage3_ppo_rl_lam_fea_addendum_v01\ppo_training\checkpoints\maskable_ppo_lam_scan_order_final.zip,v01,stochastic,0.7230693288035885,37,39.0,odd_even,J2D_PPOFINAL_N40_B158_quality,E:\Projects\RL-LAM-ScanOpt\cae_model\stage3_ppo_final_expansion_224_to_320_batch224_v01\final_expansion_batch05\N40\PPOFINAL_N40_B158_quality\J2D_PPOFINAL_N40_B158_quality.odb,WARNING_SUCCESS_WITH_WARNINGS,PASS_ODB_FINAL_FRAME_EXTRACTED,PASS_TEACHER_FIELDS_EXTRACTED,step_final_cooling,1200.0,AC YIELD;HFL;NT11;PEEQ;RF;S;U,,final_frame_required_fields_and_metrics_extracted
stageV_final_expansion_224_odb_teacher_metric_extraction,stage3_ppo_final_expansion_224_to_320_batch224_v01,final_expansion_batch05,40,PPOFINAL_N40_B159_quality,quality,159,bc63a0c4a7b49410,"11,1,3,31,23,15,29,25,21,37,33,35,39,27,13,17,7,19,9,0,5,20,22,24,38,34,32,28,30,36,26,14,16,18,12,6,2,4,8,10",E:\Projects\RL-LAM-ScanOpt\cae_model\stage3_ppo_final_expansion_224_to_320_batch224_v01\final_expansion_batch05\N40\PPOFINAL_N40_B159_quality\scan_order_PPOFINAL_N40_B159_quality.json,PPO_final_expansion_checkpoint_inference,E:\Projects\RL-LAM-ScanOpt\outputs\stage3_ppo_rl_lam_fea_addendum_v01\ppo_training\checkpoints\maskable_ppo_lam_scan_order_final.zip,v01,stochastic,0.7216204503743817,35,38.0,raster,J2D_PPOFINAL_N40_B159_quality,E:\Projects\RL-LAM-ScanOpt\cae_model\stage3_ppo_final_expansion_224_to_320_batch224_v01\final_expansion_batch05\N40\PPOFINAL_N40_B159_quality\J2D_PPOFINAL_N40_B159_quality.odb,WARNING_SUCCESS_WITH_WARNINGS,PASS_ODB_FINAL_FRAME_EXTRACTED,PASS_TEACHER_FIELDS_EXTRACTED,step_final_cooling,1200.0,AC YIELD;HFL;NT11;PEEQ;RF;S;U,,final_frame_required_fields_and_metrics_extracted
stageV_final_expansion_224_odb_teacher_metric_extraction,stage3_ppo_final_expansion_224_to_320_batch224_v01,final_expansion_batch05,40,PPOFINAL_N40_B160_quality,quality,160,d58fa39e9889ff42,"11,3,1,15,25,37,39,29,23,21,17,31,35,33,27,13,34,19,7,5,0,9,22,20,24,38,30,26,36,32,28,18,6,4,14,16,12,8,2,10",E:\Projects\RL-LAM-ScanOpt\cae_model\stage3_ppo_final_expansion_224_to_320_batch224_v01\final_expansion_batch05\N40\PPOFINAL_N40_B160_quality\scan_order_PPOFINAL_N40_B160_quality.json,PPO_final_expansion_checkpoint_inference,E:\Projects\RL-LAM-ScanOpt\outputs\stage3_ppo_rl_lam_fea_addendum_v01\ppo_training\checkpoints\maskable_ppo_lam_scan_order_final.zip,v01,stochastic,0.7210363669918994,36,36.0,edge_in,J2D_PPOFINAL_N40_B160_quality,E:\Projects\RL-LAM-ScanOpt\cae_model\stage3_ppo_final_expansion_224_to_320_batch224_v01\final_expansion_batch05\N40\PPOFINAL_N40_B160_quality\J2D_PPOFINAL_N40_B160_quality.odb,WARNING_SUCCESS_WITH_WARNINGS,PASS_ODB_FINAL_FRAME_EXTRACTED,PASS_TEACHER_FIELDS_EXTRACTED,step_final_cooling,1200.0,AC YIELD;HFL;NT11;PEEQ;RF;S;U,,final_frame_required_fields_and_metrics_extracted
stageV_final_expansion_224_odb_teacher_metric_extraction,stage3_ppo_final_expansion_224_to_320_batch224_v01,final_expansion_batch06,40,PPOFINAL_N40_B161_quality,quality,161,8020d9fd9cf8a782,"11,1,3,15,37,29,17,21,19,23,35,39,33,31,27,25,13,9,5,0,7,32,20,30,36,38,34,24,26,22,18,28,14,6,4,2,8,10,12,16",E:\Projects\RL-LAM-ScanOpt\cae_model\stage3_ppo_final_expansion_224_to_320_batch224_v01\final_expansion_batch06\N40\PPOFINAL_N40_B161_quality\scan_order_PPOFINAL_N40_B161_quality.json,PPO_final_expansion_checkpoint_inference,E:\Projects\RL-LAM-ScanOpt\outputs\stage3_ppo_rl_lam_fea_addendum_v01\ppo_training\checkpoints\maskable_ppo_lam_scan_order_final.zip,v01,stochastic,0.7184013118675547,37,38.0,regular_jump,J2D_PPOFINAL_N40_B161_quality,E:\Projects\RL-LAM-ScanOpt\cae_model\stage3_ppo_final_expansion_224_to_320_batch224_v01\final_expansion_batch06\N40\PPOFINAL_N40_B161_quality\J2D_PPOFINAL_N40_B161_quality.odb,WARNING_SUCCESS_WITH_WARNINGS,PASS_ODB_FINAL_FRAME_EXTRACTED,PASS_TEACHER_FIELDS_EXTRACTED,step_final_cooling,1200.0,AC YIELD;HFL;NT11;PEEQ;RF;S;U,,final_frame_required_fields_and_metrics_extracted
stageV_final_expansion_224_odb_teacher_metric_extraction,stage3_ppo_final_expansion_224_to_320_batch224_v01,final_expansion_batch06,40,PPOFINAL_N40_B162_quality,quality,162,e728f0d02385a6bb,"11,1,3,15,21,23,31,25,35,37,39,19,29,27,17,33,7,5,13,0,9,6,20,22,24,34,36,28,26,32,30,38,2,4,8,10,12,16,18,14",E:\Projects\RL-LAM-ScanOpt\cae_model\stage3_ppo_final_expansion_224_to_320_batch224_v01\final_expansion_batch06\N40\PPOFINAL_N40_B162_quality\scan_order_PPOFINAL_N40_B162_quality.json,PPO_final_expansion_checkpoint_inference,E:\Projects\RL-LAM-ScanOpt\outputs\stage3_ppo_rl_lam_fea_addendum_v01\ppo_training\checkpoints\maskable_ppo_lam_scan_order_final.zip,v01,stochastic,0.7180296032278926,36,37.0,raster,J2D_PPOFINAL_N40_B162_quality,E:\Projects\RL-LAM-ScanOpt\cae_model\stage3_ppo_final_expansion_224_to_320_batch224_v01\final_expansion_batch06\N40\PPOFINAL_N40_B162_quality\J2D_PPOFINAL_N40_B162_quality.odb,WARNING_SUCCESS_WITH_WARNINGS,PASS_ODB_FINAL_FRAME_EXTRACTED,PASS_TEACHER_FIELDS_EXTRACTED,step_final_cooling,1200.0,AC YIELD;HFL;NT11;PEEQ;RF;S;U,,final_frame_required_fields_and_metrics_extracted
stageV_final_expansion_224_odb_teacher_metric_extraction,stage3_ppo_final_expansion_224_to_320_batch224_v01,final_expansion_batch06,40,PPOFINAL_N40_B163_quality,quality,163,3baa9f9003b49574,"11,3,1,15,23,25,21,29,37,39,31,35,33,36,19,17,13,27,7,9,0,5,34,22,20,32,24,26,28,38,30,18,16,14,8,6,10,12,2,4",E:\Projects\RL-LAM-ScanOpt\cae_model\stage3_ppo_final_expansion_224_to_320_batch224_v01\final_expansion_batch06\N40\PPOFINAL_N40_B163_quality\scan_order_PPOFINAL_N40_B163_quality.json,PPO_final_expansion_checkpoint_inference,E:\Projects\RL-LAM-ScanOpt\outputs\stage3_ppo_rl_lam_fea_addendum_v01\ppo_training\checkpoints\maskable_ppo_lam_scan_order_final.zip,v01,stochastic,0.7162051816446364,37,37.0,edge_in,J2D_PPOFINAL_N40_B163_quality,E:\Projects\RL-LAM-ScanOpt\cae_model\stage3_ppo_final_expansion_224_to_320_batch224_v01\final_expansion_batch06\N40\PPOFINAL_N40_B163_quality\J2D_PPOFINAL_N40_B163_quality.odb,WARNING_SUCCESS_WITH_WARNINGS,PASS_ODB_FINAL_FRAME_EXTRACTED,PASS_TEACHER_FIELDS_EXTRACTED,step_final_cooling,1200.0,AC YIELD;HFL;NT11;PEEQ;RF;S;U,,final_frame_required_fields_and_metrics_extracted
stageV_final_expansion_224_odb_teacher_metric_extraction,stage3_ppo_final_expansion_224_to_320_batch224_v01,final_expansion_batch06,40,PPOFINAL_N40_B164_quality,quality,164,839c1378137cdc95,"11,1,3,15,21,37,29,27,39,23,35,31,33,19,25,13,17,7,9,5,0,30,32,20,22,24,28,34,36,26,38,18,6,4,16,14,12,8,10,2",E:\Projects\RL-LAM-ScanOpt\cae_model\stage3_ppo_final_expansion_224_to_320_batch224_v01\final_expansion_batch06\N40\PPOFINAL_N40_B164_quality\scan_order_PPOFINAL_N40_B164_quality.json,PPO_final_expansion_checkpoint_inference,E:\Projects\RL-LAM-ScanOpt\outputs\stage3_ppo_rl_lam_fea_addendum_v01\ppo_training\checkpoints\maskable_ppo_lam_scan_order_final.zip,v01,stochastic,0.7155117394903271,36,38.0,edge_in,J2D_PPOFINAL_N40_B164_quality,E:\Projects\RL-LAM-ScanOpt\cae_model\stage3_ppo_final_expansion_224_to_320_batch224_v01\final_expansion_batch06\N40\PPOFINAL_N40_B164_quality\J2D_PPOFINAL_N40_B164_quality.odb,WARNING_SUCCESS_WITH_WARNINGS,PASS_ODB_FINAL_FRAME_EXTRACTED,PASS_TEACHER_FIELDS_EXTRACTED,step_final_cooling,1200.0,AC YIELD;HFL;NT11;PEEQ;RF;S;U,,final_frame_required_fields_and_metrics_extracted
stageV_final_expansion_224_odb_teacher_metric_extraction,stage3_ppo_final_expansion_224_to_320_batch224_v01,final_expansion_batch06,40,PPOFINAL_N40_B165_quality,quality,165,a7300b5132e6ac16,"11,3,1,15,23,21,27,31,37,35,29,25,17,33,39,19,5,0,7,13,9,20,36,24,30,28,38,32,34,26,22,14,4,6,16,18,12,8,10,2",E:\Projects\RL-LAM-ScanOpt\cae_model\stage3_ppo_final_expansion_224_to_320_batch224_v01\final_expansion_batch06\N40\PPOFINAL_N40_B165_quality\scan_order_PPOFINAL_N40_B165_quality.json,PPO_final_expansion_checkpoint_inference,E:\Projects\RL-LAM-ScanOpt\outputs\stage3_ppo_rl_lam_fea_addendum_v01\ppo_training\checkpoints\maskable_ppo_lam_scan_order_final.zip,v01,stochastic,0.7148209574910556,34,37.0,edge_in,J2D_PPOFINAL_N40_B165_quality,E:\Projects\RL-LAM-ScanOpt\cae_model\stage3_ppo_final_expansion_224_to_320_batch224_v01\final_expansion_batch06\N40\PPOFINAL_N40_B165_quality\J2D_PPOFINAL_N40_B165_quality.odb,WARNING_SUCCESS_WITH_WARNINGS,PASS_ODB_FINAL_FRAME_EXTRACTED,PASS_TEACHER_FIELDS_EXTRACTED,step_final_cooling,1200.0,AC YIELD;HFL;NT11;PEEQ;RF;S;U,,final_frame_required_fields_and_metrics_extracted
stageV_final_expansion_224_odb_teacher_metric_extraction,stage3_ppo_final_expansion_224_to_320_batch224_v01,final_expansion_batch06,40,PPOFINAL_N40_B166_quality,quality,166,8e1d427aff29b4c6,"11,1,3,15,23,21,33,31,37,39,35,25,29,17,5,27,19,13,7,9,0,24,32,30,20,34,28,38,36,26,22,16,18,6,8,4,10,14,12,2",E:\Projects\RL-LAM-ScanOpt\cae_model\stage3_ppo_final_expansion_224_to_320_batch224_v01\final_expansion_batch06\N40\PPOFINAL_N40_B166_quality\scan_order_PPOFINAL_N40_B166_quality.json,PPO_final_expansion_checkpoint_inference,E:\Projects\RL-LAM-ScanOpt\outputs\stage3_ppo_rl_lam_fea_addendum_v01\ppo_training\checkpoints\maskable_ppo_lam_scan_order_final.zip,v01,stochastic,0.7143670997966884,37,38.0,center_out,J2D_PPOFINAL_N40_B166_quality,E:\Projects\RL-LAM-ScanOpt\cae_model\stage3_ppo_final_expansion_224_to_320_batch224_v01\final_expansion_batch06\N40\PPOFINAL_N40_B166_quality\J2D_PPOFINAL_N40_B166_quality.odb,WARNING_SUCCESS_WITH_WARNINGS,PASS_ODB_FINAL_FRAME_EXTRACTED,PASS_TEACHER_FIELDS_EXTRACTED,step_final_cooling,1200.0,AC YIELD;HFL;NT11;PEEQ;RF;S;U,,final_frame_required_fields_and_metrics_extracted
stageV_final_expansion_224_odb_teacher_metric_extraction,stage3_ppo_final_expansion_224_to_320_batch224_v01,final_expansion_batch06,40,PPOFINAL_N40_B167_quality,quality,167,0ee3bbe912acab5c,"11,3,1,15,21,35,39,23,27,31,37,17,25,29,33,19,9,0,13,5,7,24,28,20,26,34,36,32,22,38,30,18,16,6,4,2,8,10,12,14",E:\Projects\RL-LAM-ScanOpt\cae_model\stage3_ppo_final_expansion_224_to_320_batch224_v01\final_expansion_batch06\N40\PPOFINAL_N40_B167_quality\scan_order_PPOFINAL_N40_B167_quality.json,PPO_final_expansion_checkpoint_inference,E:\Projects\RL-LAM-ScanOpt\outputs\stage3_ppo_rl_lam_fea_addendum_v01\ppo_training\checkpoints\maskable_ppo_lam_scan_order_final.zip,v01,stochastic,0.7129609792790667,36,38.0,odd_even,J2D_PPOFINAL_N40_B167_quality,E:\Projects\RL-LAM-ScanOpt\cae_model\stage3_ppo_final_expansion_224_to_320_batch224_v01\final_expansion_batch06\N40\PPOFINAL_N40_B167_quality\J2D_PPOFINAL_N40_B167_quality.odb,WARNING_SUCCESS_WITH_WARNINGS,PASS_ODB_FINAL_FRAME_EXTRACTED,PASS_TEACHER_FIELDS_EXTRACTED,step_final_cooling,1200.0,AC YIELD;HFL;NT11;PEEQ;RF;S;U,,final_frame_required_fields_and_metrics_extracted
stageV_final_expansion_224_odb_teacher_metric_extraction,stage3_ppo_final_expansion_224_to_320_batch224_v01,final_expansion_batch06,40,PPOFINAL_N40_B168_quality,quality,168,f322f2bc37a98819,"11,3,1,15,31,21,23,29,39,33,17,5,27,37,35,19,25,13,9,7,0,20,24,36,30,22,38,34,32,28,26,4,6,18,14,12,16,8,2,10",E:\Projects\RL-LAM-ScanOpt\cae_model\stage3_ppo_final_expansion_224_to_320_batch224_v01\final_expansion_batch06\N40\PPOFINAL_N40_B168_quality\scan_order_PPOFINAL_N40_B168_quality.json,PPO_final_expansion_checkpoint_inference,E:\Projects\RL-LAM-ScanOpt\outputs\stage3_ppo_rl_lam_fea_addendum_v01\ppo_training\checkpoints\maskable_ppo_lam_scan_order_final.zip,v01,stochastic,0.7113194228250668,36,38.0,odd_even,J2D_PPOFINAL_N40_B168_quality,E:\Projects\RL-LAM-ScanOpt\cae_model\stage3_ppo_final_expansion_224_to_320_batch224_v01\final_expansion_batch06\N40\PPOFINAL_N40_B168_quality\J2D_PPOFINAL_N40_B168_quality.odb,WARNING_SUCCESS_WITH_WARNINGS,PASS_ODB_FINAL_FRAME_EXTRACTED,PASS_TEACHER_FIELDS_EXTRACTED,step_final_cooling,1200.0,AC YIELD;HFL;NT11;PEEQ;RF;S;U,,final_frame_required_fields_and_metrics_extracted
stageV_final_expansion_224_odb_teacher_metric_extraction,stage3_ppo_final_expansion_224_to_320_batch224_v01,final_expansion_batch06,40,PPOFINAL_N40_B169_quality,quality,169,4e1263aaad58d90a,"11,1,3,15,17,21,23,37,19,31,39,29,25,33,27,35,9,7,0,5,13,24,22,20,38,36,34,32,30,26,6,28,18,12,16,14,4,8,10,2",E:\Projects\RL-LAM-ScanOpt\cae_model\stage3_ppo_final_expansion_224_to_320_batch224_v01\final_expansion_batch06\N40\PPOFINAL_N40_B169_quality\scan_order_PPOFINAL_N40_B169_quality.json,PPO_final_expansion_checkpoint_inference,E:\Projects\RL-LAM-ScanOpt\outputs\stage3_ppo_rl_lam_fea_addendum_v01\ppo_training\checkpoints\maskable_ppo_lam_scan_order_final.zip,v01,stochastic,0.7110587773547277,37,38.0,raster,J2D_PPOFINAL_N40_B169_quality,E:\Projects\RL-LAM-ScanOpt\cae_model\stage3_ppo_final_expansion_224_to_320_batch224_v01\final_expansion_batch06\N40\PPOFINAL_N40_B169_quality\J2D_PPOFINAL_N40_B169_quality.odb,WARNING_SUCCESS_WITH_WARNINGS,PASS_ODB_FINAL_FRAME_EXTRACTED,PASS_TEACHER_FIELDS_EXTRACTED,step_final_cooling,1200.0,AC YIELD;HFL;NT11;PEEQ;RF;S;U,,final_frame_required_fields_and_metrics_extracted
stageV_final_expansion_224_odb_teacher_metric_extraction,stage3_ppo_final_expansion_224_to_320_batch224_v01,final_expansion_batch06,40,PPOFINAL_N40_B170_quality,quality,170,4c92eb7f2b49750b,"11,1,3,15,21,23,25,31,37,13,17,27,35,29,39,33,19,5,0,9,7,32,30,20,28,24,22,34,36,26,38,12,6,2,8,4,10,16,18,14",E:\Projects\RL-LAM-ScanOpt\cae_model\stage3_ppo_final_expansion_224_to_320_batch224_v01\final_expansion_batch06\N40\PPOFINAL_N40_B170_quality\scan_order_PPOFINAL_N40_B170_quality.json,PPO_final_expansion_checkpoint_inference,E:\Projects\RL-LAM-ScanOpt\outputs\stage3_ppo_rl_lam_fea_addendum_v01\ppo_training\checkpoints\maskable_ppo_lam_scan_order_final.zip,v01,stochastic,0.7105646618329643,37,39.0,raster,J2D_PPOFINAL_N40_B170_quality,E:\Projects\RL-LAM-ScanOpt\cae_model\stage3_ppo_final_expansion_224_to_320_batch224_v01\final_expansion_batch06\N40\PPOFINAL_N40_B170_quality\J2D_PPOFINAL_N40_B170_quality.odb,WARNING_SUCCESS_WITH_WARNINGS,PASS_ODB_FINAL_FRAME_EXTRACTED,PASS_TEACHER_FIELDS_EXTRACTED,step_final_cooling,1200.0,AC YIELD;HFL;NT11;PEEQ;RF;S;U,,final_frame_required_fields_and_metrics_extracted
stageV_final_expansion_224_odb_teacher_metric_extraction,stage3_ppo_final_expansion_224_to_320_batch224_v01,final_expansion_batch06,40,PPOFINAL_N40_B171_quality,quality,171,0927ef6e1766632e,"11,1,3,15,21,37,23,31,35,39,33,27,29,17,19,13,25,7,5,0,9,20,26,38,22,32,30,24,36,28,34,10,6,18,14,16,8,4,2,12",E:\Projects\RL-LAM-ScanOpt\cae_model\stage3_ppo_final_expansion_224_to_320_batch224_v01\final_expansion_batch06\N40\PPOFINAL_N40_B171_quality\scan_order_PPOFINAL_N40_B171_quality.json,PPO_final_expansion_checkpoint_inference,E:\Projects\RL-LAM-ScanOpt\outputs\stage3_ppo_rl_lam_fea_addendum_v01\ppo_training\checkpoints\maskable_ppo_lam_scan_order_final.zip,v01,stochastic,0.7087525312388305,36,38.0,center_out,J2D_PPOFINAL_N40_B171_quality,E:\Projects\RL-LAM-ScanOpt\cae_model\stage3_ppo_final_expansion_224_to_320_batch224_v01\final_expansion_batch06\N40\PPOFINAL_N40_B171_quality\J2D_PPOFINAL_N40_B171_quality.odb,WARNING_SUCCESS_WITH_WARNINGS,PASS_ODB_FINAL_FRAME_EXTRACTED,PASS_TEACHER_FIELDS_EXTRACTED,step_final_cooling,1200.0,AC YIELD;HFL;NT11;PEEQ;RF;S;U,,final_frame_required_fields_and_metrics_extracted
stageV_final_expansion_224_odb_teacher_metric_extraction,stage3_ppo_final_expansion_224_to_320_batch224_v01,final_expansion_batch06,40,PPOFINAL_N40_B172_quality,quality,172,970a10067d003fe4,"11,3,1,15,23,25,21,33,39,31,27,37,29,35,19,17,13,9,24,5,0,7,20,36,34,38,22,30,32,28,26,18,16,6,4,8,14,12,10,2",E:\Projects\RL-LAM-ScanOpt\cae_model\stage3_ppo_final_expansion_224_to_320_batch224_v01\final_expansion_batch06\N40\PPOFINAL_N40_B172_quality\scan_order_PPOFINAL_N40_B172_quality.json,PPO_final_expansion_checkpoint_inference,E:\Projects\RL-LAM-ScanOpt\outputs\stage3_ppo_rl_lam_fea_addendum_v01\ppo_training\checkpoints\maskable_ppo_lam_scan_order_final.zip,v01,stochastic,0.7074492619639353,36,37.0,regular_jump,J2D_PPOFINAL_N40_B172_quality,E:\Projects\RL-LAM-ScanOpt\cae_model\stage3_ppo_final_expansion_224_to_320_batch224_v01\final_expansion_batch06\N40\PPOFINAL_N40_B172_quality\J2D_PPOFINAL_N40_B172_quality.odb,WARNING_SUCCESS_WITH_WARNINGS,PASS_ODB_FINAL_FRAME_EXTRACTED,PASS_TEACHER_FIELDS_EXTRACTED,step_final_cooling,1200.0,AC YIELD;HFL;NT11;PEEQ;RF;S;U,,final_frame_required_fields_and_metrics_extracted
stageV_final_expansion_224_odb_teacher_metric_extraction,stage3_ppo_final_expansion_224_to_320_batch224_v01,final_expansion_batch06,40,PPOFINAL_N40_B173_diversity,diversity,173,9b0687163d0791ce,"37,35,29,20,24,26,30,25,23,17,19,13,11,9,7,5,3,1,4,8,2,0,6,10,14,16,18,12,15,21,22,28,38,36,34,32,27,31,33,39",E:\Projects\RL-LAM-ScanOpt\cae_model\stage3_ppo_final_expansion_224_to_320_batch224_v01\final_expansion_batch06\N40\PPOFINAL_N40_B173_diversity\scan_order_PPOFINAL_N40_B173_diversity.json,PPO_final_expansion_checkpoint_inference,E:\Projects\RL-LAM-ScanOpt\outputs\stage3_ppo_rl_lam_fea_addendum_v02_targeted_N24_N40\stageK2_n40_completion\checkpoints\N40_seed20260624_maskable_ppo_v02_K2.zip,v02K2,stochastic,0.5991341583888844,34,38.0,raster,J2D_PPOFINAL_N40_B173_diversity,E:\Projects\RL-LAM-ScanOpt\cae_model\stage3_ppo_final_expansion_224_to_320_batch224_v01\final_expansion_batch06\N40\PPOFINAL_N40_B173_diversity\J2D_PPOFINAL_N40_B173_diversity.odb,WARNING_SUCCESS_WITH_WARNINGS,PASS_ODB_FINAL_FRAME_EXTRACTED,PASS_TEACHER_FIELDS_EXTRACTED,step_final_cooling,1200.0,AC YIELD;HFL;NT11;PEEQ;RF;S;U,,final_frame_required_fields_and_metrics_extracted
stageV_final_expansion_224_odb_teacher_metric_extraction,stage3_ppo_final_expansion_224_to_320_batch224_v01,final_expansion_batch06,40,PPOFINAL_N40_B174_diversity,diversity,174,f73ead5369df6a34,"11,15,3,1,23,9,21,37,31,25,35,33,17,27,39,29,13,7,0,5,19,34,38,32,28,20,30,24,18,36,26,4,6,22,14,16,8,10,12,2",E:\Projects\RL-LAM-ScanOpt\cae_model\stage3_ppo_final_expansion_224_to_320_batch224_v01\final_expansion_batch06\N40\PPOFINAL_N40_B174_diversity\scan_order_PPOFINAL_N40_B174_diversity.json,PPO_final_expansion_checkpoint_inference,E:\Projects\RL-LAM-ScanOpt\outputs\stage3_ppo_rl_lam_fea_addendum_v01\ppo_training\checkpoints\maskable_ppo_lam_scan_order_final.zip,v01,stochastic,0.662390824238044,37,39.0,odd_even,J2D_PPOFINAL_N40_B174_diversity,E:\Projects\RL-LAM-ScanOpt\cae_model\stage3_ppo_final_expansion_224_to_320_batch224_v01\final_expansion_batch06\N40\PPOFINAL_N40_B174_diversity\J2D_PPOFINAL_N40_B174_diversity.odb,WARNING_SUCCESS_WITH_WARNINGS,PASS_ODB_FINAL_FRAME_EXTRACTED,PASS_TEACHER_FIELDS_EXTRACTED,step_final_cooling,1200.0,AC YIELD;HFL;NT11;PEEQ;RF;S;U,,final_frame_required_fields_and_metrics_extracted
stageV_final_expansion_224_odb_teacher_metric_extraction,stage3_ppo_final_expansion_224_to_320_batch224_v01,final_expansion_batch06,40,PPOFINAL_N40_B175_diversity,diversity,175,90be9a2193fe4791,"11,29,1,3,15,23,21,31,33,39,25,27,37,19,35,13,17,5,0,7,20,9,34,24,30,36,22,38,32,28,26,6,4,8,18,16,14,10,2,12",E:\Projects\RL-LAM-ScanOpt\cae_model\stage3_ppo_final_expansion_224_to_320_batch224_v01\final_expansion_batch06\N40\PPOFINAL_N40_B175_diversity\scan_order_PPOFINAL_N40_B175_diversity.json,PPO_final_expansion_checkpoint_inference,E:\Projects\RL-LAM-ScanOpt\outputs\stage3_ppo_rl_lam_fea_addendum_v01\ppo_training\checkpoints\maskable_ppo_lam_scan_order_final.zip,v01,stochastic,0.631351292081315,37,38.0,raster,J2D_PPOFINAL_N40_B175_diversity,E:\Projects\RL-LAM-ScanOpt\cae_model\stage3_ppo_final_expansion_224_to_320_batch224_v01\final_expansion_batch06\N40\PPOFINAL_N40_B175_diversity\J2D_PPOFINAL_N40_B175_diversity.odb,WARNING_SUCCESS_WITH_WARNINGS,PASS_ODB_FINAL_FRAME_EXTRACTED,PASS_TEACHER_FIELDS_EXTRACTED,step_final_cooling,1200.0,AC YIELD;HFL;NT11;PEEQ;RF;S;U,,final_frame_required_fields_and_metrics_extracted
stageV_final_expansion_224_odb_teacher_metric_extraction,stage3_ppo_final_expansion_224_to_320_batch224_v01,final_expansion_batch06,40,PPOFINAL_N40_B176_diversity,diversity,176,c96e1f5dc2354af0,"11,1,3,15,23,21,19,25,27,33,31,37,35,39,13,29,5,7,0,17,20,9,36,32,16,24,22,30,34,38,28,26,2,4,6,8,14,18,12,10",E:\Projects\RL-LAM-ScanOpt\cae_model\stage3_ppo_final_expansion_224_to_320_batch224_v01\final_expansion_batch06\N40\PPOFINAL_N40_B176_diversity\scan_order_PPOFINAL_N40_B176_diversity.json,PPO_final_expansion_checkpoint_inference,E:\Projects\RL-LAM-ScanOpt\outputs\stage3_ppo_rl_lam_fea_addendum_v01\ppo_training\checkpoints\maskable_ppo_lam_scan_order_final.zip,v01,stochastic,0.6087718371301718,37,38.0,raster,J2D_PPOFINAL_N40_B176_diversity,E:\Projects\RL-LAM-ScanOpt\cae_model\stage3_ppo_final_expansion_224_to_320_batch224_v01\final_expansion_batch06\N40\PPOFINAL_N40_B176_diversity\J2D_PPOFINAL_N40_B176_diversity.odb,WARNING_SUCCESS_WITH_WARNINGS,PASS_ODB_FINAL_FRAME_EXTRACTED,PASS_TEACHER_FIELDS_EXTRACTED,step_final_cooling,1200.0,AC YIELD;HFL;NT11;PEEQ;RF;S;U,,final_frame_required_fields_and_metrics_extracted
stageV_final_expansion_224_odb_teacher_metric_extraction,stage3_ppo_final_expansion_224_to_320_batch224_v01,final_expansion_batch06,40,PPOFINAL_N40_B177_diversity,diversity,177,a8e991ca972d20bb,"11,3,1,15,27,37,21,29,35,23,31,39,17,24,33,25,38,13,5,19,7,0,9,20,22,34,32,28,26,30,36,6,4,18,10,8,16,14,12,2",E:\Projects\RL-LAM-ScanOpt\cae_model\stage3_ppo_final_expansion_224_to_320_batch224_v01\final_expansion_batch06\N40\PPOFINAL_N40_B177_diversity\scan_order_PPOFINAL_N40_B177_diversity.json,PPO_final_expansion_checkpoint_inference,E:\Projects\RL-LAM-ScanOpt\outputs\stage3_ppo_rl_lam_fea_addendum_v01\ppo_training\checkpoints\maskable_ppo_lam_scan_order_final.zip,v01,stochastic,0.6064712817175624,36,38.0,edge_in,J2D_PPOFINAL_N40_B177_diversity,E:\Projects\RL-LAM-ScanOpt\cae_model\stage3_ppo_final_expansion_224_to_320_batch224_v01\final_expansion_batch06\N40\PPOFINAL_N40_B177_diversity\J2D_PPOFINAL_N40_B177_diversity.odb,WARNING_SUCCESS_WITH_WARNINGS,PASS_ODB_FINAL_FRAME_EXTRACTED,PASS_TEACHER_FIELDS_EXTRACTED,step_final_cooling,1200.0,AC YIELD;HFL;NT11;PEEQ;RF;S;U,,final_frame_required_fields_and_metrics_extracted
stageV_final_expansion_224_odb_teacher_metric_extraction,stage3_ppo_final_expansion_224_to_320_batch224_v01,final_expansion_batch06,40,PPOFINAL_N40_B178_diversity,diversity,178,3f14ea35f15a3b84,"11,3,1,27,15,37,33,21,25,23,35,31,29,39,19,9,7,0,13,17,5,6,24,38,22,34,36,26,20,28,32,30,12,4,8,16,18,14,10,2",E:\Projects\RL-LAM-ScanOpt\cae_model\stage3_ppo_final_expansion_224_to_320_batch224_v01\final_expansion_batch06\N40\PPOFINAL_N40_B178_diversity\scan_order_PPOFINAL_N40_B178_diversity.json,PPO_final_expansion_checkpoint_inference,E:\Projects\RL-LAM-ScanOpt\outputs\stage3_ppo_rl_lam_fea_addendum_v01\ppo_training\checkpoints\maskable_ppo_lam_scan_order_final.zip,v01,stochastic,0.5973465052788202,36,35.0,regular_jump,J2D_PPOFINAL_N40_B178_diversity,E:\Projects\RL-LAM-ScanOpt\cae_model\stage3_ppo_final_expansion_224_to_320_batch224_v01\final_expansion_batch06\N40\PPOFINAL_N40_B178_diversity\J2D_PPOFINAL_N40_B178_diversity.odb,WARNING_SUCCESS_WITH_WARNINGS,PASS_ODB_FINAL_FRAME_EXTRACTED,PASS_TEACHER_FIELDS_EXTRACTED,step_final_cooling,1200.0,AC YIELD;HFL;NT11;PEEQ;RF;S;U,,final_frame_required_fields_and_metrics_extracted
stageV_final_expansion_224_odb_teacher_metric_extraction,stage3_ppo_final_expansion_224_to_320_batch224_v01,final_expansion_batch06,40,PPOFINAL_N40_B179_diversity,diversity,179,1684aa149d321522,"37,29,35,24,20,30,26,25,23,19,13,11,9,5,1,3,7,4,2,0,6,10,8,12,14,18,16,15,17,21,22,28,32,38,36,34,31,27,33,39",E:\Projects\RL-LAM-ScanOpt\cae_model\stage3_ppo_final_expansion_224_to_320_batch224_v01\final_expansion_batch06\N40\PPOFINAL_N40_B179_diversity\scan_order_PPOFINAL_N40_B179_diversity.json,PPO_final_expansion_checkpoint_inference,E:\Projects\RL-LAM-ScanOpt\outputs\stage3_ppo_rl_lam_fea_addendum_v02_targeted_N24_N40\stageK2_n40_completion\checkpoints\N40_seed20260624_maskable_ppo_v02_K2.zip,v02K2,stochastic,0.5897448670193259,32,37.0,raster,J2D_PPOFINAL_N40_B179_diversity,E:\Projects\RL-LAM-ScanOpt\cae_model\stage3_ppo_final_expansion_224_to_320_batch224_v01\final_expansion_batch06\N40\PPOFINAL_N40_B179_diversity\J2D_PPOFINAL_N40_B179_diversity.odb,WARNING_SUCCESS_WITH_WARNINGS,PASS_ODB_FINAL_FRAME_EXTRACTED,PASS_TEACHER_FIELDS_EXTRACTED,step_final_cooling,1200.0,AC YIELD;HFL;NT11;PEEQ;RF;S;U,,final_frame_required_fields_and_metrics_extracted
stageV_final_expansion_224_odb_teacher_metric_extraction,stage3_ppo_final_expansion_224_to_320_batch224_v01,final_expansion_batch06,40,PPOFINAL_N40_B180_diversity,diversity,180,a8ce7c8bbddd45fa,"11,15,27,1,3,37,21,31,25,23,29,19,39,35,33,17,9,5,0,7,13,20,34,36,24,30,38,28,32,22,26,18,6,4,8,10,16,14,12,2",E:\Projects\RL-LAM-ScanOpt\cae_model\stage3_ppo_final_expansion_224_to_320_batch224_v01\final_expansion_batch06\N40\PPOFINAL_N40_B180_diversity\scan_order_PPOFINAL_N40_B180_diversity.json,PPO_final_expansion_checkpoint_inference,E:\Projects\RL-LAM-ScanOpt\outputs\stage3_ppo_rl_lam_fea_addendum_v01\ppo_training\checkpoints\maskable_ppo_lam_scan_order_final.zip,v01,stochastic,0.6774374638118765,36,39.0,raster,J2D_PPOFINAL_N40_B180_diversity,E:\Projects\RL-LAM-ScanOpt\cae_model\stage3_ppo_final_expansion_224_to_320_batch224_v01\final_expansion_batch06\N40\PPOFINAL_N40_B180_diversity\J2D_PPOFINAL_N40_B180_diversity.odb,WARNING_SUCCESS_WITH_WARNINGS,PASS_ODB_FINAL_FRAME_EXTRACTED,PASS_TEACHER_FIELDS_EXTRACTED,step_final_cooling,1200.0,AC YIELD;HFL;NT11;PEEQ;RF;S;U,,final_frame_required_fields_and_metrics_extracted
stageV_final_expansion_224_odb_teacher_metric_extraction,stage3_ppo_final_expansion_224_to_320_batch224_v01,final_expansion_batch06,40,PPOFINAL_N40_B181_diversity,diversity,181,e3431db23a184d36,"11,15,1,3,25,23,21,17,9,35,31,27,39,33,37,19,29,13,7,0,5,24,20,22,32,30,36,28,38,34,26,4,6,18,10,2,8,12,16,14",E:\Projects\RL-LAM-ScanOpt\cae_model\stage3_ppo_final_expansion_224_to_320_batch224_v01\final_expansion_batch06\N40\PPOFINAL_N40_B181_diversity\scan_order_PPOFINAL_N40_B181_diversity.json,PPO_final_expansion_checkpoint_inference,E:\Projects\RL-LAM-ScanOpt\outputs\stage3_ppo_rl_lam_fea_addendum_v01\ppo_training\checkpoints\maskable_ppo_lam_scan_order_final.zip,v01,stochastic,0.6714435611800138,37,37.0,edge_in,J2D_PPOFINAL_N40_B181_diversity,E:\Projects\RL-LAM-ScanOpt\cae_model\stage3_ppo_final_expansion_224_to_320_batch224_v01\final_expansion_batch06\N40\PPOFINAL_N40_B181_diversity\J2D_PPOFINAL_N40_B181_diversity.odb,WARNING_SUCCESS_WITH_WARNINGS,PASS_ODB_FINAL_FRAME_EXTRACTED,PASS_TEACHER_FIELDS_EXTRACTED,step_final_cooling,1200.0,AC YIELD;HFL;NT11;PEEQ;RF;S;U,,final_frame_required_fields_and_metrics_extracted
stageV_final_expansion_224_odb_teacher_metric_extraction,stage3_ppo_final_expansion_224_to_320_batch224_v01,final_expansion_batch06,40,PPOFINAL_N40_B182_diversity,diversity,182,9a9c393ac14717c2,"11,1,15,3,21,23,27,25,17,39,33,31,37,35,24,29,13,19,9,0,7,5,26,20,28,32,36,30,34,22,38,2,6,4,10,8,16,18,14,12",E:\Projects\RL-LAM-ScanOpt\cae_model\stage3_ppo_final_expansion_224_to_320_batch224_v01\final_expansion_batch06\N40\PPOFINAL_N40_B182_diversity\scan_order_PPOFINAL_N40_B182_diversity.json,PPO_final_expansion_checkpoint_inference,E:\Projects\RL-LAM-ScanOpt\outputs\stage3_ppo_rl_lam_fea_addendum_v01\ppo_training\checkpoints\maskable_ppo_lam_scan_order_final.zip,v01,stochastic,0.6712886907473593,35,38.0,raster,J2D_PPOFINAL_N40_B182_diversity,E:\Projects\RL-LAM-ScanOpt\cae_model\stage3_ppo_final_expansion_224_to_320_batch224_v01\final_expansion_batch06\N40\PPOFINAL_N40_B182_diversity\J2D_PPOFINAL_N40_B182_diversity.odb,WARNING_SUCCESS_WITH_WARNINGS,PASS_ODB_FINAL_FRAME_EXTRACTED,PASS_TEACHER_FIELDS_EXTRACTED,step_final_cooling,1200.0,AC YIELD;HFL;NT11;PEEQ;RF;S;U,,final_frame_required_fields_and_metrics_extracted
stageV_final_expansion_224_odb_teacher_metric_extraction,stage3_ppo_final_expansion_224_to_320_batch224_v01,final_expansion_batch06,40,PPOFINAL_N40_B183_diversity,diversity,183,de023060e31bde5b,"11,1,3,15,35,23,21,37,39,25,31,19,33,27,29,17,9,0,6,13,20,7,5,32,30,34,36,38,24,26,22,28,2,10,16,18,14,4,8,12",E:\Projects\RL-LAM-ScanOpt\cae_model\stage3_ppo_final_expansion_224_to_320_batch224_v01\final_expansion_batch06\N40\PPOFINAL_N40_B183_diversity\scan_order_PPOFINAL_N40_B183_diversity.json,PPO_final_expansion_checkpoint_inference,E:\Projects\RL-LAM-ScanOpt\outputs\stage3_ppo_rl_lam_fea_addendum_v01\ppo_training\checkpoints\maskable_ppo_lam_scan_order_final.zip,v01,stochastic,0.6494742995938011,35,38.0,raster,J2D_PPOFINAL_N40_B183_diversity,E:\Projects\RL-LAM-ScanOpt\cae_model\stage3_ppo_final_expansion_224_to_320_batch224_v01\final_expansion_batch06\N40\PPOFINAL_N40_B183_diversity\J2D_PPOFINAL_N40_B183_diversity.odb,WARNING_SUCCESS_WITH_WARNINGS,PASS_ODB_FINAL_FRAME_EXTRACTED,PASS_TEACHER_FIELDS_EXTRACTED,step_final_cooling,1200.0,AC YIELD;HFL;NT11;PEEQ;RF;S;U,,final_frame_required_fields_and_metrics_extracted
stageV_final_expansion_224_odb_teacher_metric_extraction,stage3_ppo_final_expansion_224_to_320_batch224_v01,final_expansion_batch06,40,PPOFINAL_N40_B184_diversity,diversity,184,bbee4769741c7b36,"11,1,3,35,15,31,21,23,25,39,37,27,19,17,29,33,13,24,38,5,0,7,9,20,30,34,36,32,26,22,28,14,6,12,4,16,18,10,2,8",E:\Projects\RL-LAM-ScanOpt\cae_model\stage3_ppo_final_expansion_224_to_320_batch224_v01\final_expansion_batch06\N40\PPOFINAL_N40_B184_diversity\scan_order_PPOFINAL_N40_B184_diversity.json,PPO_final_expansion_checkpoint_inference,E:\Projects\RL-LAM-ScanOpt\outputs\stage3_ppo_rl_lam_fea_addendum_v01\ppo_training\checkpoints\maskable_ppo_lam_scan_order_final.zip,v01,stochastic,0.6366596250859881,36,38.0,odd_even,J2D_PPOFINAL_N40_B184_diversity,E:\Projects\RL-LAM-ScanOpt\cae_model\stage3_ppo_final_expansion_224_to_320_batch224_v01\final_expansion_batch06\N40\PPOFINAL_N40_B184_diversity\J2D_PPOFINAL_N40_B184_diversity.odb,WARNING_SUCCESS_WITH_WARNINGS,PASS_ODB_FINAL_FRAME_EXTRACTED,PASS_TEACHER_FIELDS_EXTRACTED,step_final_cooling,1200.0,AC YIELD;HFL;NT11;PEEQ;RF;S;U,,final_frame_required_fields_and_metrics_extracted
stageV_final_expansion_224_odb_teacher_metric_extraction,stage3_ppo_final_expansion_224_to_320_batch224_v01,final_expansion_batch06,40,PPOFINAL_N40_B185_diversity,diversity,185,a9683d7b936e665f,"11,23,3,1,15,39,21,31,37,17,7,13,19,35,29,27,25,33,9,0,5,34,32,20,24,28,22,38,30,36,26,4,6,2,8,18,16,10,14,12",E:\Projects\RL-LAM-ScanOpt\cae_model\stage3_ppo_final_expansion_224_to_320_batch224_v01\final_expansion_batch06\N40\PPOFINAL_N40_B185_diversity\scan_order_PPOFINAL_N40_B185_diversity.json,PPO_final_expansion_checkpoint_inference,E:\Projects\RL-LAM-ScanOpt\outputs\stage3_ppo_rl_lam_fea_addendum_v01\ppo_training\checkpoints\maskable_ppo_lam_scan_order_final.zip,v01,stochastic,0.6357565700100105,37,39.0,raster,J2D_PPOFINAL_N40_B185_diversity,E:\Projects\RL-LAM-ScanOpt\cae_model\stage3_ppo_final_expansion_224_to_320_batch224_v01\final_expansion_batch06\N40\PPOFINAL_N40_B185_diversity\J2D_PPOFINAL_N40_B185_diversity.odb,WARNING_SUCCESS_WITH_WARNINGS,PASS_ODB_FINAL_FRAME_EXTRACTED,PASS_TEACHER_FIELDS_EXTRACTED,step_final_cooling,1200.0,AC YIELD;HFL;NT11;PEEQ;RF;S;U,,final_frame_required_fields_and_metrics_extracted
stageV_final_expansion_224_odb_teacher_metric_extraction,stage3_ppo_final_expansion_224_to_320_batch224_v01,final_expansion_batch06,40,PPOFINAL_N40_B186_diversity,diversity,186,aa4779b84ca708dc,"1,11,3,15,21,39,37,31,19,23,29,25,35,17,27,33,13,5,0,32,20,7,26,9,24,30,36,38,28,22,34,6,4,10,2,8,16,18,14,12",E:\Projects\RL-LAM-ScanOpt\cae_model\stage3_ppo_final_expansion_224_to_320_batch224_v01\final_expansion_batch06\N40\PPOFINAL_N40_B186_diversity\scan_order_PPOFINAL_N40_B186_diversity.json,PPO_final_expansion_checkpoint_inference,E:\Projects\RL-LAM-ScanOpt\outputs\stage3_ppo_rl_lam_fea_addendum_v01\ppo_training\checkpoints\maskable_ppo_lam_scan_order_final.zip,v01,stochastic,0.63424943429224,36,37.0,raster,J2D_PPOFINAL_N40_B186_diversity,E:\Projects\RL-LAM-ScanOpt\cae_model\stage3_ppo_final_expansion_224_to_320_batch224_v01\final_expansion_batch06\N40\PPOFINAL_N40_B186_diversity\J2D_PPOFINAL_N40_B186_diversity.odb,WARNING_SUCCESS_WITH_WARNINGS,PASS_ODB_FINAL_FRAME_EXTRACTED,PASS_TEACHER_FIELDS_EXTRACTED,step_final_cooling,1200.0,AC YIELD;HFL;NT11;PEEQ;RF;S;U,,final_frame_required_fields_and_metrics_extracted
stageV_final_expansion_224_odb_teacher_metric_extraction,stage3_ppo_final_expansion_224_to_320_batch224_v01,final_expansion_batch06,40,PPOFINAL_N40_B187_diversity,diversity,187,906a83809c633623,"1,11,3,37,15,23,39,21,31,29,17,27,19,25,35,33,13,5,9,7,0,24,22,28,34,30,32,20,36,38,26,18,4,6,8,10,14,12,16,2",E:\Projects\RL-LAM-ScanOpt\cae_model\stage3_ppo_final_expansion_224_to_320_batch224_v01\final_expansion_batch06\N40\PPOFINAL_N40_B187_diversity\scan_order_PPOFINAL_N40_B187_diversity.json,PPO_final_expansion_checkpoint_inference,E:\Projects\RL-LAM-ScanOpt\outputs\stage3_ppo_rl_lam_fea_addendum_v01\ppo_training\checkpoints\maskable_ppo_lam_scan_order_final.zip,v01,stochastic,0.6331869043617712,36,38.0,odd_even,J2D_PPOFINAL_N40_B187_diversity,E:\Projects\RL-LAM-ScanOpt\cae_model\stage3_ppo_final_expansion_224_to_320_batch224_v01\final_expansion_batch06\N40\PPOFINAL_N40_B187_diversity\J2D_PPOFINAL_N40_B187_diversity.odb,WARNING_SUCCESS_WITH_WARNINGS,PASS_ODB_FINAL_FRAME_EXTRACTED,PASS_TEACHER_FIELDS_EXTRACTED,step_final_cooling,1200.0,AC YIELD;HFL;NT11;PEEQ;RF;S;U,,final_frame_required_fields_and_metrics_extracted
stageV_final_expansion_224_odb_teacher_metric_extraction,stage3_ppo_final_expansion_224_to_320_batch224_v01,final_expansion_batch06,40,PPOFINAL_N40_B188_diversity,diversity,188,dbbb2f25880acebf,"11,15,1,3,21,9,25,31,23,39,27,17,29,37,35,33,13,5,0,19,7,34,28,32,38,30,24,20,36,26,6,4,2,14,22,18,16,10,8,12",E:\Projects\RL-LAM-ScanOpt\cae_model\stage3_ppo_final_expansion_224_to_320_batch224_v01\final_expansion_batch06\N40\PPOFINAL_N40_B188_diversity\scan_order_PPOFINAL_N40_B188_diversity.json,PPO_final_expansion_checkpoint_inference,E:\Projects\RL-LAM-ScanOpt\outputs\stage3_ppo_rl_lam_fea_addendum_v01\ppo_training\checkpoints\maskable_ppo_lam_scan_order_final.zip,v01,stochastic,0.6321769840850444,37,38.0,raster,J2D_PPOFINAL_N40_B188_diversity,E:\Projects\RL-LAM-ScanOpt\cae_model\stage3_ppo_final_expansion_224_to_320_batch224_v01\final_expansion_batch06\N40\PPOFINAL_N40_B188_diversity\J2D_PPOFINAL_N40_B188_diversity.odb,WARNING_SUCCESS_WITH_WARNINGS,PASS_ODB_FINAL_FRAME_EXTRACTED,PASS_TEACHER_FIELDS_EXTRACTED,step_final_cooling,1200.0,AC YIELD;HFL;NT11;PEEQ;RF;S;U,,final_frame_required_fields_and_metrics_extracted
stageV_final_expansion_224_odb_teacher_metric_extraction,stage3_ppo_final_expansion_224_to_320_batch224_v01,final_expansion_batch06,40,PPOFINAL_N40_B189_diversity,diversity,189,bfcdaf40779bc25e,"11,15,1,3,37,21,23,35,39,17,29,33,31,27,25,36,19,5,9,0,13,7,30,20,32,24,26,22,34,38,28,10,4,6,2,8,16,14,18,12",E:\Projects\RL-LAM-ScanOpt\cae_model\stage3_ppo_final_expansion_224_to_320_batch224_v01\final_expansion_batch06\N40\PPOFINAL_N40_B189_diversity\scan_order_PPOFINAL_N40_B189_diversity.json,PPO_final_expansion_checkpoint_inference,E:\Projects\RL-LAM-ScanOpt\outputs\stage3_ppo_rl_lam_fea_addendum_v01\ppo_training\checkpoints\maskable_ppo_lam_scan_order_final.zip,v01,stochastic,0.6286462541780714,37,38.0,raster,J2D_PPOFINAL_N40_B189_diversity,E:\Projects\RL-LAM-ScanOpt\cae_model\stage3_ppo_final_expansion_224_to_320_batch224_v01\final_expansion_batch06\N40\PPOFINAL_N40_B189_diversity\J2D_PPOFINAL_N40_B189_diversity.odb,WARNING_SUCCESS_WITH_WARNINGS,PASS_ODB_FINAL_FRAME_EXTRACTED,PASS_TEACHER_FIELDS_EXTRACTED,step_final_cooling,1200.0,AC YIELD;HFL;NT11;PEEQ;RF;S;U,,final_frame_required_fields_and_metrics_extracted
stageV_final_expansion_224_odb_teacher_metric_extraction,stage3_ppo_final_expansion_224_to_320_batch224_v01,final_expansion_batch06,40,PPOFINAL_N40_B190_diversity,diversity,190,09e52e11fadfbc9f,"11,1,3,21,15,23,29,37,17,25,33,39,31,35,19,27,7,5,0,30,13,9,24,32,22,26,20,36,34,28,38,14,18,6,4,10,8,12,16,2",E:\Projects\RL-LAM-ScanOpt\cae_model\stage3_ppo_final_expansion_224_to_320_batch224_v01\final_expansion_batch06\N40\PPOFINAL_N40_B190_diversity\scan_order_PPOFINAL_N40_B190_diversity.json,PPO_final_expansion_checkpoint_inference,E:\Projects\RL-LAM-ScanOpt\outputs\stage3_ppo_rl_lam_fea_addendum_v01\ppo_training\checkpoints\maskable_ppo_lam_scan_order_final.zip,v01,stochastic,0.620515228063727,35,38.0,center_out,J2D_PPOFINAL_N40_B190_diversity,E:\Projects\RL-LAM-ScanOpt\cae_model\stage3_ppo_final_expansion_224_to_320_batch224_v01\final_expansion_batch06\N40\PPOFINAL_N40_B190_diversity\J2D_PPOFINAL_N40_B190_diversity.odb,WARNING_SUCCESS_WITH_WARNINGS,PASS_ODB_FINAL_FRAME_EXTRACTED,PASS_TEACHER_FIELDS_EXTRACTED,step_final_cooling,1200.0,AC YIELD;HFL;NT11;PEEQ;RF;S;U,,final_frame_required_fields_and_metrics_extracted
stageV_final_expansion_224_odb_teacher_metric_extraction,stage3_ppo_final_expansion_224_to_320_batch224_v01,final_expansion_batch06,40,PPOFINAL_N40_B191_diversity,diversity,191,082738543363121c,"11,1,3,21,15,27,33,23,35,37,31,39,5,29,25,19,9,17,13,7,0,34,30,20,24,36,28,22,38,26,32,6,4,10,14,18,16,12,8,2",E:\Projects\RL-LAM-ScanOpt\cae_model\stage3_ppo_final_expansion_224_to_320_batch224_v01\final_expansion_batch06\N40\PPOFINAL_N40_B191_diversity\scan_order_PPOFINAL_N40_B191_diversity.json,PPO_final_expansion_checkpoint_inference,E:\Projects\RL-LAM-ScanOpt\outputs\stage3_ppo_rl_lam_fea_addendum_v01\ppo_training\checkpoints\maskable_ppo_lam_scan_order_final.zip,v01,stochastic,0.6190130780789036,37,37.0,raster,J2D_PPOFINAL_N40_B191_diversity,E:\Projects\RL-LAM-ScanOpt\cae_model\stage3_ppo_final_expansion_224_to_320_batch224_v01\final_expansion_batch06\N40\PPOFINAL_N40_B191_diversity\J2D_PPOFINAL_N40_B191_diversity.odb,WARNING_SUCCESS_WITH_WARNINGS,PASS_ODB_FINAL_FRAME_EXTRACTED,PASS_TEACHER_FIELDS_EXTRACTED,step_final_cooling,1200.0,AC YIELD;HFL;NT11;PEEQ;RF;S;U,,final_frame_required_fields_and_metrics_extracted
stageV_final_expansion_224_odb_teacher_metric_extraction,stage3_ppo_final_expansion_224_to_320_batch224_v01,final_expansion_batch06,40,PPOFINAL_N40_B192_diversity,diversity,192,df0cce01fb05e68a,"11,3,1,21,15,17,31,23,13,25,37,39,19,29,27,35,33,9,0,7,38,5,20,32,34,24,22,26,30,36,28,18,16,14,6,4,2,8,10,12",E:\Projects\RL-LAM-ScanOpt\cae_model\stage3_ppo_final_expansion_224_to_320_batch224_v01\final_expansion_batch06\N40\PPOFINAL_N40_B192_diversity\scan_order_PPOFINAL_N40_B192_diversity.json,PPO_final_expansion_checkpoint_inference,E:\Projects\RL-LAM-ScanOpt\outputs\stage3_ppo_rl_lam_fea_addendum_v01\ppo_training\checkpoints\maskable_ppo_lam_scan_order_final.zip,v01,stochastic,0.616080356711188,36,37.0,edge_in,J2D_PPOFINAL_N40_B192_diversity,E:\Projects\RL-LAM-ScanOpt\cae_model\stage3_ppo_final_expansion_224_to_320_batch224_v01\final_expansion_batch06\N40\PPOFINAL_N40_B192_diversity\J2D_PPOFINAL_N40_B192_diversity.odb,WARNING_SUCCESS_WITH_WARNINGS,PASS_ODB_FINAL_FRAME_EXTRACTED,PASS_TEACHER_FIELDS_EXTRACTED,step_final_cooling,1200.0,AC YIELD;HFL;NT11;PEEQ;RF;S;U,,final_frame_required_fields_and_metrics_extracted
stageV_final_expansion_224_odb_teacher_metric_extraction,stage3_ppo_final_expansion_224_to_320_batch224_v01,final_expansion_batch07,40,PPOFINAL_N40_B193_efficiency,efficiency,193,a8a22ffaeda68c9d,"37,35,29,30,24,20,26,25,23,19,17,13,11,9,7,5,1,3,0,2,4,6,8,10,12,14,16,18,15,21,22,28,34,38,36,32,27,31,33,39",E:\Projects\RL-LAM-ScanOpt\cae_model\stage3_ppo_final_expansion_224_to_320_batch224_v01\final_expansion_batch07\N40\PPOFINAL_N40_B193_efficiency\scan_order_PPOFINAL_N40_B193_efficiency.json,PPO_final_expansion_checkpoint_inference,E:\Projects\RL-LAM-ScanOpt\outputs\stage3_ppo_rl_lam_fea_addendum_v02_targeted_N24_N40\stageK2_n40_completion\checkpoints\N40_seed20260624_maskable_ppo_v02_K2.zip,v02K2,stochastic,0.5964812262709758,35,38.0,center_out,J2D_PPOFINAL_N40_B193_efficiency,E:\Projects\RL-LAM-ScanOpt\cae_model\stage3_ppo_final_expansion_224_to_320_batch224_v01\final_expansion_batch07\N40\PPOFINAL_N40_B193_efficiency\J2D_PPOFINAL_N40_B193_efficiency.odb,WARNING_SUCCESS_WITH_WARNINGS,PASS_ODB_FINAL_FRAME_EXTRACTED,PASS_TEACHER_FIELDS_EXTRACTED,step_final_cooling,1200.0,AC YIELD;HFL;NT11;PEEQ;RF;S;U,,final_frame_required_fields_and_metrics_extracted
stageV_final_expansion_224_odb_teacher_metric_extraction,stage3_ppo_final_expansion_224_to_320_batch224_v01,final_expansion_batch07,40,PPOFINAL_N40_B194_efficiency,efficiency,194,8413cd4573da04f1,"37,35,29,30,20,24,26,25,23,19,17,13,11,9,7,5,3,1,0,2,4,6,10,8,12,16,18,14,15,21,22,28,34,32,38,36,39,33,31,27",E:\Projects\RL-LAM-ScanOpt\cae_model\stage3_ppo_final_expansion_224_to_320_batch224_v01\final_expansion_batch07\N40\PPOFINAL_N40_B194_efficiency\scan_order_PPOFINAL_N40_B194_efficiency.json,PPO_final_expansion_checkpoint_inference,E:\Projects\RL-LAM-ScanOpt\outputs\stage3_ppo_rl_lam_fea_addendum_v02_targeted_N24_N40\stageK2_n40_completion\checkpoints\N40_seed20260624_maskable_ppo_v02_K2.zip,v02K2,stochastic,0.5795881432990964,31,38.0,odd_even,J2D_PPOFINAL_N40_B194_efficiency,E:\Projects\RL-LAM-ScanOpt\cae_model\stage3_ppo_final_expansion_224_to_320_batch224_v01\final_expansion_batch07\N40\PPOFINAL_N40_B194_efficiency\J2D_PPOFINAL_N40_B194_efficiency.odb,WARNING_SUCCESS_WITH_WARNINGS,PASS_ODB_FINAL_FRAME_EXTRACTED,PASS_TEACHER_FIELDS_EXTRACTED,step_final_cooling,1200.0,AC YIELD;HFL;NT11;PEEQ;RF;S;U,,final_frame_required_fields_and_metrics_extracted
stageV_final_expansion_224_odb_teacher_metric_extraction,stage3_ppo_final_expansion_224_to_320_batch224_v01,final_expansion_batch07,40,PPOFINAL_N40_B195_efficiency,efficiency,195,3dc5ad95c6cc67eb,"37,35,29,30,24,20,26,25,23,19,17,13,11,9,7,5,1,3,0,2,4,6,8,10,12,14,16,18,15,21,22,28,38,36,34,32,31,27,33,39",E:\Projects\RL-LAM-ScanOpt\cae_model\stage3_ppo_final_expansion_224_to_320_batch224_v01\final_expansion_batch07\N40\PPOFINAL_N40_B195_efficiency\scan_order_PPOFINAL_N40_B195_efficiency.json,PPO_final_expansion_checkpoint_inference,E:\Projects\RL-LAM-ScanOpt\outputs\stage3_ppo_rl_lam_fea_addendum_v02_targeted_N24_N40\stageK2_n40_completion\checkpoints\N40_seed20260624_maskable_ppo_v02_K2.zip,v02K2,stochastic,0.5953165465752615,36,37.0,center_out,J2D_PPOFINAL_N40_B195_efficiency,E:\Projects\RL-LAM-ScanOpt\cae_model\stage3_ppo_final_expansion_224_to_320_batch224_v01\final_expansion_batch07\N40\PPOFINAL_N40_B195_efficiency\J2D_PPOFINAL_N40_B195_efficiency.odb,WARNING_SUCCESS_WITH_WARNINGS,PASS_ODB_FINAL_FRAME_EXTRACTED,PASS_TEACHER_FIELDS_EXTRACTED,step_final_cooling,1200.0,AC YIELD;HFL;NT11;PEEQ;RF;S;U,,final_frame_required_fields_and_metrics_extracted
stageV_final_expansion_224_odb_teacher_metric_extraction,stage3_ppo_final_expansion_224_to_320_batch224_v01,final_expansion_batch07,40,PPOFINAL_N40_B196_efficiency,efficiency,196,ea6c812ad2554bc6,"37,35,29,20,24,26,30,25,23,19,17,13,11,9,7,5,1,3,0,2,4,6,8,10,12,16,18,14,15,21,22,28,32,34,38,36,39,33,31,27",E:\Projects\RL-LAM-ScanOpt\cae_model\stage3_ppo_final_expansion_224_to_320_batch224_v01\final_expansion_batch07\N40\PPOFINAL_N40_B196_efficiency\scan_order_PPOFINAL_N40_B196_efficiency.json,PPO_final_expansion_checkpoint_inference,E:\Projects\RL-LAM-ScanOpt\outputs\stage3_ppo_rl_lam_fea_addendum_v02_targeted_N24_N40\stageK2_n40_completion\checkpoints\N40_seed20260624_maskable_ppo_v02_K2.zip,v02K2,stochastic,0.5993922842705256,34,38.0,odd_even,J2D_PPOFINAL_N40_B196_efficiency,E:\Projects\RL-LAM-ScanOpt\cae_model\stage3_ppo_final_expansion_224_to_320_batch224_v01\final_expansion_batch07\N40\PPOFINAL_N40_B196_efficiency\J2D_PPOFINAL_N40_B196_efficiency.odb,WARNING_SUCCESS_WITH_WARNINGS,PASS_ODB_FINAL_FRAME_EXTRACTED,PASS_TEACHER_FIELDS_EXTRACTED,step_final_cooling,1200.0,AC YIELD;HFL;NT11;PEEQ;RF;S;U,,final_frame_required_fields_and_metrics_extracted
stageV_final_expansion_224_odb_teacher_metric_extraction,stage3_ppo_final_expansion_224_to_320_batch224_v01,final_expansion_batch07,40,PPOFINAL_N40_B197_efficiency,efficiency,197,bdeac73b1ae444bb,"37,35,29,26,24,20,30,25,23,19,17,13,11,9,7,3,5,1,0,2,4,6,8,10,14,12,15,18,16,21,22,28,32,34,38,36,39,33,31,27",E:\Projects\RL-LAM-ScanOpt\cae_model\stage3_ppo_final_expansion_224_to_320_batch224_v01\final_expansion_batch07\N40\PPOFINAL_N40_B197_efficiency\scan_order_PPOFINAL_N40_B197_efficiency.json,PPO_final_expansion_checkpoint_inference,E:\Projects\RL-LAM-ScanOpt\outputs\stage3_ppo_rl_lam_fea_addendum_v02_targeted_N24_N40\stageK2_n40_completion\checkpoints\N40_seed20260624_maskable_ppo_v02_K2.zip,v02K2,stochastic,0.5582211736261058,34,38.0,odd_even,J2D_PPOFINAL_N40_B197_efficiency,E:\Projects\RL-LAM-ScanOpt\cae_model\stage3_ppo_final_expansion_224_to_320_batch224_v01\final_expansion_batch07\N40\PPOFINAL_N40_B197_efficiency\J2D_PPOFINAL_N40_B197_efficiency.odb,WARNING_SUCCESS_WITH_WARNINGS,PASS_ODB_FINAL_FRAME_EXTRACTED,PASS_TEACHER_FIELDS_EXTRACTED,step_final_cooling,1200.0,AC YIELD;HFL;NT11;PEEQ;RF;S;U,,final_frame_required_fields_and_metrics_extracted
stageV_final_expansion_224_odb_teacher_metric_extraction,stage3_ppo_final_expansion_224_to_320_batch224_v01,final_expansion_batch07,40,PPOFINAL_N40_B198_efficiency,efficiency,198,04913d6b96ab9338,"37,35,29,30,24,20,26,25,23,19,17,13,11,9,7,5,3,1,0,2,6,4,8,10,12,18,16,14,15,21,22,28,34,38,36,32,27,31,33,39",E:\Projects\RL-LAM-ScanOpt\cae_model\stage3_ppo_final_expansion_224_to_320_batch224_v01\final_expansion_batch07\N40\PPOFINAL_N40_B198_efficiency\scan_order_PPOFINAL_N40_B198_efficiency.json,PPO_final_expansion_checkpoint_inference,E:\Projects\RL-LAM-ScanOpt\outputs\stage3_ppo_rl_lam_fea_addendum_v02_targeted_N24_N40\stageK2_n40_completion\checkpoints\N40_seed20260624_maskable_ppo_v02_K2.zip,v02K2,stochastic,0.5908436095450184,35,38.0,odd_even,J2D_PPOFINAL_N40_B198_efficiency,E:\Projects\RL-LAM-ScanOpt\cae_model\stage3_ppo_final_expansion_224_to_320_batch224_v01\final_expansion_batch07\N40\PPOFINAL_N40_B198_efficiency\J2D_PPOFINAL_N40_B198_efficiency.odb,WARNING_SUCCESS_WITH_WARNINGS,PASS_ODB_FINAL_FRAME_EXTRACTED,PASS_TEACHER_FIELDS_EXTRACTED,step_final_cooling,1200.0,AC YIELD;HFL;NT11;PEEQ;RF;S;U,,final_frame_required_fields_and_metrics_extracted
stageV_final_expansion_224_odb_teacher_metric_extraction,stage3_ppo_final_expansion_224_to_320_batch224_v01,final_expansion_batch07,40,PPOFINAL_N40_B199_efficiency,efficiency,199,626db577a340316a,"37,35,29,20,24,30,26,25,23,19,17,13,11,9,7,5,3,1,0,2,4,6,8,10,12,14,16,18,15,21,22,28,32,36,38,34,31,27,33,39",E:\Projects\RL-LAM-ScanOpt\cae_model\stage3_ppo_final_expansion_224_to_320_batch224_v01\final_expansion_batch07\N40\PPOFINAL_N40_B199_efficiency\scan_order_PPOFINAL_N40_B199_efficiency.json,PPO_final_expansion_checkpoint_inference,E:\Projects\RL-LAM-ScanOpt\outputs\stage3_ppo_rl_lam_fea_addendum_v02_targeted_N24_N40\stageK2_n40_completion\checkpoints\N40_seed20260624_maskable_ppo_v02_K2.zip,v02K2,stochastic,0.6285829884369591,35,37.0,center_out,J2D_PPOFINAL_N40_B199_efficiency,E:\Projects\RL-LAM-ScanOpt\cae_model\stage3_ppo_final_expansion_224_to_320_batch224_v01\final_expansion_batch07\N40\PPOFINAL_N40_B199_efficiency\J2D_PPOFINAL_N40_B199_efficiency.odb,WARNING_SUCCESS_WITH_WARNINGS,PASS_ODB_FINAL_FRAME_EXTRACTED,PASS_TEACHER_FIELDS_EXTRACTED,step_final_cooling,1200.0,AC YIELD;HFL;NT11;PEEQ;RF;S;U,,final_frame_required_fields_and_metrics_extracted
stageV_final_expansion_224_odb_teacher_metric_extraction,stage3_ppo_final_expansion_224_to_320_batch224_v01,final_expansion_batch07,40,PPOFINAL_N40_B200_efficiency,efficiency,200,347c091c8b052259,"35,37,29,30,24,20,26,25,23,19,17,13,11,9,7,5,3,1,0,4,2,6,8,10,12,14,16,18,15,21,22,28,32,38,36,34,27,31,33,39",E:\Projects\RL-LAM-ScanOpt\cae_model\stage3_ppo_final_expansion_224_to_320_batch224_v01\final_expansion_batch07\N40\PPOFINAL_N40_B200_efficiency\scan_order_PPOFINAL_N40_B200_efficiency.json,PPO_final_expansion_checkpoint_inference,E:\Projects\RL-LAM-ScanOpt\outputs\stage3_ppo_rl_lam_fea_addendum_v02_targeted_N24_N40\stageK2_n40_completion\checkpoints\N40_seed20260624_maskable_ppo_v02_K2.zip,v02K2,stochastic,0.5884322299394856,34,38.0,raster,J2D_PPOFINAL_N40_B200_efficiency,E:\Projects\RL-LAM-ScanOpt\cae_model\stage3_ppo_final_expansion_224_to_320_batch224_v01\final_expansion_batch07\N40\PPOFINAL_N40_B200_efficiency\J2D_PPOFINAL_N40_B200_efficiency.odb,WARNING_SUCCESS_WITH_WARNINGS,PASS_ODB_FINAL_FRAME_EXTRACTED,PASS_TEACHER_FIELDS_EXTRACTED,step_final_cooling,1200.0,AC YIELD;HFL;NT11;PEEQ;RF;S;U,,final_frame_required_fields_and_metrics_extracted
stageV_final_expansion_224_odb_teacher_metric_extraction,stage3_ppo_final_expansion_224_to_320_batch224_v01,final_expansion_batch07,40,PPOFINAL_N40_B201_efficiency,efficiency,201,b780000a1ba9b7dc,"37,35,29,24,20,30,26,25,23,19,17,13,11,9,7,5,3,1,0,2,4,6,8,10,14,16,18,12,15,21,22,28,32,34,36,38,39,33,27,31",E:\Projects\RL-LAM-ScanOpt\cae_model\stage3_ppo_final_expansion_224_to_320_batch224_v01\final_expansion_batch07\N40\PPOFINAL_N40_B201_efficiency\scan_order_PPOFINAL_N40_B201_efficiency.json,PPO_final_expansion_checkpoint_inference,E:\Projects\RL-LAM-ScanOpt\outputs\stage3_ppo_rl_lam_fea_addendum_v02_targeted_N24_N40\stageK2_n40_completion\checkpoints\N40_seed20260624_maskable_ppo_v02_K2.zip,v02K2,stochastic,0.6249984034243076,34,39.0,raster,J2D_PPOFINAL_N40_B201_efficiency,E:\Projects\RL-LAM-ScanOpt\cae_model\stage3_ppo_final_expansion_224_to_320_batch224_v01\final_expansion_batch07\N40\PPOFINAL_N40_B201_efficiency\J2D_PPOFINAL_N40_B201_efficiency.odb,WARNING_SUCCESS_WITH_WARNINGS,PASS_ODB_FINAL_FRAME_EXTRACTED,PASS_TEACHER_FIELDS_EXTRACTED,step_final_cooling,1200.0,AC YIELD;HFL;NT11;PEEQ;RF;S;U,,final_frame_required_fields_and_metrics_extracted
stageV_final_expansion_224_odb_teacher_metric_extraction,stage3_ppo_final_expansion_224_to_320_batch224_v01,final_expansion_batch07,40,PPOFINAL_N40_B202_efficiency,efficiency,202,c75892e6e38ddcbd,"37,35,29,20,24,26,30,25,23,19,17,13,11,9,7,5,3,1,0,2,4,6,8,10,12,14,18,16,15,21,22,28,32,34,38,36,27,31,33,39",E:\Projects\RL-LAM-ScanOpt\cae_model\stage3_ppo_final_expansion_224_to_320_batch224_v01\final_expansion_batch07\N40\PPOFINAL_N40_B202_efficiency\scan_order_PPOFINAL_N40_B202_efficiency.json,PPO_final_expansion_checkpoint_inference,E:\Projects\RL-LAM-ScanOpt\outputs\stage3_ppo_rl_lam_fea_addendum_v02_targeted_N24_N40\stageK2_n40_completion\checkpoints\N40_seed20260624_maskable_ppo_v02_K2.zip,v02K2,stochastic,0.6286137993952152,33,38.0,raster,J2D_PPOFINAL_N40_B202_efficiency,E:\Projects\RL-LAM-ScanOpt\cae_model\stage3_ppo_final_expansion_224_to_320_batch224_v01\final_expansion_batch07\N40\PPOFINAL_N40_B202_efficiency\J2D_PPOFINAL_N40_B202_efficiency.odb,WARNING_SUCCESS_WITH_WARNINGS,PASS_ODB_FINAL_FRAME_EXTRACTED,PASS_TEACHER_FIELDS_EXTRACTED,step_final_cooling,1200.0,AC YIELD;HFL;NT11;PEEQ;RF;S;U,,final_frame_required_fields_and_metrics_extracted
stageV_final_expansion_224_odb_teacher_metric_extraction,stage3_ppo_final_expansion_224_to_320_batch224_v01,final_expansion_batch07,40,PPOFINAL_N40_B203_efficiency,efficiency,203,08cd7f488add7396,"35,37,29,20,24,30,26,25,23,19,17,13,11,9,7,5,3,1,0,2,4,6,10,8,12,14,15,16,18,21,22,28,34,36,38,32,27,31,33,39",E:\Projects\RL-LAM-ScanOpt\cae_model\stage3_ppo_final_expansion_224_to_320_batch224_v01\final_expansion_batch07\N40\PPOFINAL_N40_B203_efficiency\scan_order_PPOFINAL_N40_B203_efficiency.json,PPO_final_expansion_checkpoint_inference,E:\Projects\RL-LAM-ScanOpt\outputs\stage3_ppo_rl_lam_fea_addendum_v02_targeted_N24_N40\stageK2_n40_completion\checkpoints\N40_seed20260624_maskable_ppo_v02_K2.zip,v02K2,stochastic,0.5731452672351308,34,38.0,center_out,J2D_PPOFINAL_N40_B203_efficiency,E:\Projects\RL-LAM-ScanOpt\cae_model\stage3_ppo_final_expansion_224_to_320_batch224_v01\final_expansion_batch07\N40\PPOFINAL_N40_B203_efficiency\J2D_PPOFINAL_N40_B203_efficiency.odb,WARNING_SUCCESS_WITH_WARNINGS,PASS_ODB_FINAL_FRAME_EXTRACTED,PASS_TEACHER_FIELDS_EXTRACTED,step_final_cooling,1200.0,AC YIELD;HFL;NT11;PEEQ;RF;S;U,,final_frame_required_fields_and_metrics_extracted
stageV_final_expansion_224_odb_teacher_metric_extraction,stage3_ppo_final_expansion_224_to_320_batch224_v01,final_expansion_batch07,40,PPOFINAL_N40_B204_efficiency,efficiency,204,e2cd9551517ac39c,"37,35,29,30,24,20,26,23,25,19,17,13,11,9,7,5,3,1,0,2,4,6,8,10,14,16,15,12,18,21,22,28,38,36,34,32,27,31,33,39",E:\Projects\RL-LAM-ScanOpt\cae_model\stage3_ppo_final_expansion_224_to_320_batch224_v01\final_expansion_batch07\N40\PPOFINAL_N40_B204_efficiency\scan_order_PPOFINAL_N40_B204_efficiency.json,PPO_final_expansion_checkpoint_inference,E:\Projects\RL-LAM-ScanOpt\outputs\stage3_ppo_rl_lam_fea_addendum_v02_targeted_N24_N40\stageK2_n40_completion\checkpoints\N40_seed20260624_maskable_ppo_v02_K2.zip,v02K2,stochastic,0.563136294562021,34,36.0,center_out,J2D_PPOFINAL_N40_B204_efficiency,E:\Projects\RL-LAM-ScanOpt\cae_model\stage3_ppo_final_expansion_224_to_320_batch224_v01\final_expansion_batch07\N40\PPOFINAL_N40_B204_efficiency\J2D_PPOFINAL_N40_B204_efficiency.odb,WARNING_SUCCESS_WITH_WARNINGS,PASS_ODB_FINAL_FRAME_EXTRACTED,PASS_TEACHER_FIELDS_EXTRACTED,step_final_cooling,1200.0,AC YIELD;HFL;NT11;PEEQ;RF;S;U,,final_frame_required_fields_and_metrics_extracted
stageV_final_expansion_224_odb_teacher_metric_extraction,stage3_ppo_final_expansion_224_to_320_batch224_v01,final_expansion_batch07,40,PPOFINAL_N40_B205_efficiency,efficiency,205,38f83e387af153aa,"37,35,29,24,20,26,30,25,23,19,17,13,11,9,7,5,3,1,0,2,4,6,8,12,10,14,16,18,15,21,22,28,32,34,38,36,39,33,27,31",E:\Projects\RL-LAM-ScanOpt\cae_model\stage3_ppo_final_expansion_224_to_320_batch224_v01\final_expansion_batch07\N40\PPOFINAL_N40_B205_efficiency\scan_order_PPOFINAL_N40_B205_efficiency.json,PPO_final_expansion_checkpoint_inference,E:\Projects\RL-LAM-ScanOpt\outputs\stage3_ppo_rl_lam_fea_addendum_v02_targeted_N24_N40\stageK2_n40_completion\checkpoints\N40_seed20260624_maskable_ppo_v02_K2.zip,v02K2,stochastic,0.5922431436361216,34,39.0,raster,J2D_PPOFINAL_N40_B205_efficiency,E:\Projects\RL-LAM-ScanOpt\cae_model\stage3_ppo_final_expansion_224_to_320_batch224_v01\final_expansion_batch07\N40\PPOFINAL_N40_B205_efficiency\J2D_PPOFINAL_N40_B205_efficiency.odb,WARNING_SUCCESS_WITH_WARNINGS,PASS_ODB_FINAL_FRAME_EXTRACTED,PASS_TEACHER_FIELDS_EXTRACTED,step_final_cooling,1200.0,AC YIELD;HFL;NT11;PEEQ;RF;S;U,,final_frame_required_fields_and_metrics_extracted
stageV_final_expansion_224_odb_teacher_metric_extraction,stage3_ppo_final_expansion_224_to_320_batch224_v01,final_expansion_batch07,40,PPOFINAL_N40_B206_efficiency,efficiency,206,51e1a23a6e964fd1,"37,35,29,24,20,26,30,25,23,19,17,13,11,9,7,5,3,1,2,0,4,6,10,8,12,18,16,14,15,21,22,28,32,34,38,36,39,33,31,27",E:\Projects\RL-LAM-ScanOpt\cae_model\stage3_ppo_final_expansion_224_to_320_batch224_v01\final_expansion_batch07\N40\PPOFINAL_N40_B206_efficiency\scan_order_PPOFINAL_N40_B206_efficiency.json,PPO_final_expansion_checkpoint_inference,E:\Projects\RL-LAM-ScanOpt\outputs\stage3_ppo_rl_lam_fea_addendum_v02_targeted_N24_N40\stageK2_n40_completion\checkpoints\N40_seed20260624_maskable_ppo_v02_K2.zip,v02K2,stochastic,0.5889465342858842,34,38.0,odd_even,J2D_PPOFINAL_N40_B206_efficiency,E:\Projects\RL-LAM-ScanOpt\cae_model\stage3_ppo_final_expansion_224_to_320_batch224_v01\final_expansion_batch07\N40\PPOFINAL_N40_B206_efficiency\J2D_PPOFINAL_N40_B206_efficiency.odb,WARNING_SUCCESS_WITH_WARNINGS,PASS_ODB_FINAL_FRAME_EXTRACTED,PASS_TEACHER_FIELDS_EXTRACTED,step_final_cooling,1200.0,AC YIELD;HFL;NT11;PEEQ;RF;S;U,,final_frame_required_fields_and_metrics_extracted
stageV_final_expansion_224_odb_teacher_metric_extraction,stage3_ppo_final_expansion_224_to_320_batch224_v01,final_expansion_batch07,40,PPOFINAL_N40_B207_efficiency,efficiency,207,98342671de2d0135,"37,35,29,24,20,26,30,25,23,19,17,13,11,9,7,5,1,3,0,2,4,6,8,10,12,14,16,18,15,21,22,28,34,32,38,36,39,33,31,27",E:\Projects\RL-LAM-ScanOpt\cae_model\stage3_ppo_final_expansion_224_to_320_batch224_v01\final_expansion_batch07\N40\PPOFINAL_N40_B207_efficiency\scan_order_PPOFINAL_N40_B207_efficiency.json,PPO_final_expansion_checkpoint_inference,E:\Projects\RL-LAM-ScanOpt\outputs\stage3_ppo_rl_lam_fea_addendum_v02_targeted_N24_N40\stageK2_n40_completion\checkpoints\N40_seed20260624_maskable_ppo_v02_K2.zip,v02K2,stochastic,0.5935500573534407,35,38.0,edge_in,J2D_PPOFINAL_N40_B207_efficiency,E:\Projects\RL-LAM-ScanOpt\cae_model\stage3_ppo_final_expansion_224_to_320_batch224_v01\final_expansion_batch07\N40\PPOFINAL_N40_B207_efficiency\J2D_PPOFINAL_N40_B207_efficiency.odb,WARNING_SUCCESS_WITH_WARNINGS,PASS_ODB_FINAL_FRAME_EXTRACTED,PASS_TEACHER_FIELDS_EXTRACTED,step_final_cooling,1200.0,AC YIELD;HFL;NT11;PEEQ;RF;S;U,,final_frame_required_fields_and_metrics_extracted
stageV_final_expansion_224_odb_teacher_metric_extraction,stage3_ppo_final_expansion_224_to_320_batch224_v01,final_expansion_batch07,40,PPOFINAL_N40_B208_efficiency,efficiency,208,781e2f2bede18840,"37,35,29,30,20,24,26,23,25,19,17,13,11,9,7,5,3,1,0,2,4,6,8,10,12,16,18,14,15,21,22,28,38,36,34,32,31,27,33,39",E:\Projects\RL-LAM-ScanOpt\cae_model\stage3_ppo_final_expansion_224_to_320_batch224_v01\final_expansion_batch07\N40\PPOFINAL_N40_B208_efficiency\scan_order_PPOFINAL_N40_B208_efficiency.json,PPO_final_expansion_checkpoint_inference,E:\Projects\RL-LAM-ScanOpt\outputs\stage3_ppo_rl_lam_fea_addendum_v02_targeted_N24_N40\stageK2_n40_completion\checkpoints\N40_seed20260624_maskable_ppo_v02_K2.zip,v02K2,stochastic,0.5913813917938718,34,36.0,center_out,J2D_PPOFINAL_N40_B208_efficiency,E:\Projects\RL-LAM-ScanOpt\cae_model\stage3_ppo_final_expansion_224_to_320_batch224_v01\final_expansion_batch07\N40\PPOFINAL_N40_B208_efficiency\J2D_PPOFINAL_N40_B208_efficiency.odb,WARNING_SUCCESS_WITH_WARNINGS,PASS_ODB_FINAL_FRAME_EXTRACTED,PASS_TEACHER_FIELDS_EXTRACTED,step_final_cooling,1200.0,AC YIELD;HFL;NT11;PEEQ;RF;S;U,,final_frame_required_fields_and_metrics_extracted
stageV_final_expansion_224_odb_teacher_metric_extraction,stage3_ppo_final_expansion_224_to_320_batch224_v01,final_expansion_batch07,40,PPOFINAL_N40_B209_novelty,novelty,209,27cb0000fbc1b74b,"11,1,3,21,15,33,35,37,27,39,23,31,19,29,25,13,9,5,0,17,7,20,30,38,34,24,32,36,28,22,6,26,16,18,14,4,8,10,12,2",E:\Projects\RL-LAM-ScanOpt\cae_model\stage3_ppo_final_expansion_224_to_320_batch224_v01\final_expansion_batch07\N40\PPOFINAL_N40_B209_novelty\scan_order_PPOFINAL_N40_B209_novelty.json,PPO_final_expansion_checkpoint_inference,E:\Projects\RL-LAM-ScanOpt\outputs\stage3_ppo_rl_lam_fea_addendum_v01\ppo_training\checkpoints\maskable_ppo_lam_scan_order_final.zip,v01,stochastic,0.6575154178961236,38,38.0,raster,J2D_PPOFINAL_N40_B209_novelty,E:\Projects\RL-LAM-ScanOpt\cae_model\stage3_ppo_final_expansion_224_to_320_batch224_v01\final_expansion_batch07\N40\PPOFINAL_N40_B209_novelty\J2D_PPOFINAL_N40_B209_novelty.odb,WARNING_SUCCESS_WITH_WARNINGS,PASS_ODB_FINAL_FRAME_EXTRACTED,PASS_TEACHER_FIELDS_EXTRACTED,step_final_cooling,1200.0,AC YIELD;HFL;NT11;PEEQ;RF;S;U,,final_frame_required_fields_and_metrics_extracted
stageV_final_expansion_224_odb_teacher_metric_extraction,stage3_ppo_final_expansion_224_to_320_batch224_v01,final_expansion_batch07,40,PPOFINAL_N40_B210_novelty,novelty,210,adeec26328e75899,"11,1,3,15,21,29,23,37,27,39,31,35,33,25,9,17,5,7,0,13,19,30,34,32,24,20,36,28,38,22,26,18,14,6,16,12,4,8,2,10",E:\Projects\RL-LAM-ScanOpt\cae_model\stage3_ppo_final_expansion_224_to_320_batch224_v01\final_expansion_batch07\N40\PPOFINAL_N40_B210_novelty\scan_order_PPOFINAL_N40_B210_novelty.json,PPO_final_expansion_checkpoint_inference,E:\Projects\RL-LAM-ScanOpt\outputs\stage3_ppo_rl_lam_fea_addendum_v01\ppo_training\checkpoints\maskable_ppo_lam_scan_order_final.zip,v01,stochastic,0.6517711532685995,38,38.0,raster,J2D_PPOFINAL_N40_B210_novelty,E:\Projects\RL-LAM-ScanOpt\cae_model\stage3_ppo_final_expansion_224_to_320_batch224_v01\final_expansion_batch07\N40\PPOFINAL_N40_B210_novelty\J2D_PPOFINAL_N40_B210_novelty.odb,WARNING_SUCCESS_WITH_WARNINGS,PASS_ODB_FINAL_FRAME_EXTRACTED,PASS_TEACHER_FIELDS_EXTRACTED,step_final_cooling,1200.0,AC YIELD;HFL;NT11;PEEQ;RF;S;U,,final_frame_required_fields_and_metrics_extracted
stageV_final_expansion_224_odb_teacher_metric_extraction,stage3_ppo_final_expansion_224_to_320_batch224_v01,final_expansion_batch07,40,PPOFINAL_N40_B211_novelty,novelty,211,c9d025342ba504e5,"11,3,1,15,21,25,23,37,29,17,35,39,27,31,19,5,0,33,13,7,9,20,34,32,28,36,24,38,30,22,26,14,6,4,10,12,18,16,8,2",E:\Projects\RL-LAM-ScanOpt\cae_model\stage3_ppo_final_expansion_224_to_320_batch224_v01\final_expansion_batch07\N40\PPOFINAL_N40_B211_novelty\scan_order_PPOFINAL_N40_B211_novelty.json,PPO_final_expansion_checkpoint_inference,E:\Projects\RL-LAM-ScanOpt\outputs\stage3_ppo_rl_lam_fea_addendum_v01\ppo_training\checkpoints\maskable_ppo_lam_scan_order_final.zip,v01,stochastic,0.6372019174085758,38,38.0,edge_in,J2D_PPOFINAL_N40_B211_novelty,E:\Projects\RL-LAM-ScanOpt\cae_model\stage3_ppo_final_expansion_224_to_320_batch224_v01\final_expansion_batch07\N40\PPOFINAL_N40_B211_novelty\J2D_PPOFINAL_N40_B211_novelty.odb,WARNING_SUCCESS_WITH_WARNINGS,PASS_ODB_FINAL_FRAME_EXTRACTED,PASS_TEACHER_FIELDS_EXTRACTED,step_final_cooling,1200.0,AC YIELD;HFL;NT11;PEEQ;RF;S;U,,final_frame_required_fields_and_metrics_extracted
stageV_final_expansion_224_odb_teacher_metric_extraction,stage3_ppo_final_expansion_224_to_320_batch224_v01,final_expansion_batch07,40,PPOFINAL_N40_B212_novelty,novelty,212,97b6240aa13fe80d,"11,1,3,37,15,39,21,33,5,9,35,19,31,23,27,29,13,7,25,17,38,0,32,24,30,36,28,34,20,6,26,22,14,4,8,12,18,16,10,2",E:\Projects\RL-LAM-ScanOpt\cae_model\stage3_ppo_final_expansion_224_to_320_batch224_v01\final_expansion_batch07\N40\PPOFINAL_N40_B212_novelty\scan_order_PPOFINAL_N40_B212_novelty.json,PPO_final_expansion_checkpoint_inference,E:\Projects\RL-LAM-ScanOpt\outputs\stage3_ppo_rl_lam_fea_addendum_v01\ppo_training\checkpoints\maskable_ppo_lam_scan_order_final.zip,v01,stochastic,0.5097252345234902,38,38.0,raster,J2D_PPOFINAL_N40_B212_novelty,E:\Projects\RL-LAM-ScanOpt\cae_model\stage3_ppo_final_expansion_224_to_320_batch224_v01\final_expansion_batch07\N40\PPOFINAL_N40_B212_novelty\J2D_PPOFINAL_N40_B212_novelty.odb,WARNING_SUCCESS_WITH_WARNINGS,PASS_ODB_FINAL_FRAME_EXTRACTED,PASS_TEACHER_FIELDS_EXTRACTED,step_final_cooling,1200.0,AC YIELD;HFL;NT11;PEEQ;RF;S;U,,final_frame_required_fields_and_metrics_extracted
stageV_final_expansion_224_odb_teacher_metric_extraction,stage3_ppo_final_expansion_224_to_320_batch224_v01,final_expansion_batch07,40,PPOFINAL_N40_B213_novelty,novelty,213,b1c7b79f09ff2710,"11,15,1,3,21,23,29,31,37,7,25,27,30,39,35,17,13,19,5,33,9,24,34,32,0,26,38,36,4,6,20,28,22,12,18,14,2,16,8,10",E:\Projects\RL-LAM-ScanOpt\cae_model\stage3_ppo_final_expansion_224_to_320_batch224_v01\final_expansion_batch07\N40\PPOFINAL_N40_B213_novelty\scan_order_PPOFINAL_N40_B213_novelty.json,PPO_final_expansion_checkpoint_inference,E:\Projects\RL-LAM-ScanOpt\outputs\stage3_ppo_rl_lam_fea_addendum_v01\ppo_training\checkpoints\maskable_ppo_lam_scan_order_final.zip,v01,stochastic,0.5048652040649696,38,39.0,raster,J2D_PPOFINAL_N40_B213_novelty,E:\Projects\RL-LAM-ScanOpt\cae_model\stage3_ppo_final_expansion_224_to_320_batch224_v01\final_expansion_batch07\N40\PPOFINAL_N40_B213_novelty\J2D_PPOFINAL_N40_B213_novelty.odb,WARNING_SUCCESS_WITH_WARNINGS,PASS_ODB_FINAL_FRAME_EXTRACTED,PASS_TEACHER_FIELDS_EXTRACTED,step_final_cooling,1200.0,AC YIELD;HFL;NT11;PEEQ;RF;S;U,,final_frame_required_fields_and_metrics_extracted
stageV_final_expansion_224_odb_teacher_metric_extraction,stage3_ppo_final_expansion_224_to_320_batch224_v01,final_expansion_batch07,40,PPOFINAL_N40_B214_novelty,novelty,214,ef87bea1b4115be5,"13,9,30,37,29,35,26,8,23,5,3,1,7,17,19,21,20,11,0,12,2,4,15,10,6,24,36,25,14,22,32,16,18,33,34,38,39,28,27,31",E:\Projects\RL-LAM-ScanOpt\cae_model\stage3_ppo_final_expansion_224_to_320_batch224_v01\final_expansion_batch07\N40\PPOFINAL_N40_B214_novelty\scan_order_PPOFINAL_N40_B214_novelty.json,PPO_final_expansion_checkpoint_inference,E:\Projects\RL-LAM-ScanOpt\outputs\stage3_ppo_rl_lam_fea_addendum_v02_targeted_N24_N40\ppo_training_v02\checkpoints\N40_seed20260624_maskable_ppo_v02.zip,v02,stochastic,0.2650982829437508,38,37.0,regular_jump,J2D_PPOFINAL_N40_B214_novelty,E:\Projects\RL-LAM-ScanOpt\cae_model\stage3_ppo_final_expansion_224_to_320_batch224_v01\final_expansion_batch07\N40\PPOFINAL_N40_B214_novelty\J2D_PPOFINAL_N40_B214_novelty.odb,WARNING_SUCCESS_WITH_WARNINGS,PASS_ODB_FINAL_FRAME_EXTRACTED,PASS_TEACHER_FIELDS_EXTRACTED,step_final_cooling,1200.0,AC YIELD;HFL;NT11;PEEQ;RF;S;U,,final_frame_required_fields_and_metrics_extracted
stageV_final_expansion_224_odb_teacher_metric_extraction,stage3_ppo_final_expansion_224_to_320_batch224_v01,final_expansion_batch07,40,PPOFINAL_N40_B215_novelty,novelty,215,84e9c651accee6b7,"11,3,1,15,17,21,23,39,35,25,31,27,29,33,37,13,26,19,5,9,0,7,38,36,32,20,24,34,28,30,22,18,6,4,8,16,14,12,10,2",E:\Projects\RL-LAM-ScanOpt\cae_model\stage3_ppo_final_expansion_224_to_320_batch224_v01\final_expansion_batch07\N40\PPOFINAL_N40_B215_novelty\scan_order_PPOFINAL_N40_B215_novelty.json,PPO_final_expansion_checkpoint_inference,E:\Projects\RL-LAM-ScanOpt\outputs\stage3_ppo_rl_lam_fea_addendum_v01\ppo_training\checkpoints\maskable_ppo_lam_scan_order_final.zip,v01,stochastic,0.7058881803687495,37,38.0,odd_even,J2D_PPOFINAL_N40_B215_novelty,E:\Projects\RL-LAM-ScanOpt\cae_model\stage3_ppo_final_expansion_224_to_320_batch224_v01\final_expansion_batch07\N40\PPOFINAL_N40_B215_novelty\J2D_PPOFINAL_N40_B215_novelty.odb,WARNING_SUCCESS_WITH_WARNINGS,PASS_ODB_FINAL_FRAME_EXTRACTED,PASS_TEACHER_FIELDS_EXTRACTED,step_final_cooling,1200.0,AC YIELD;HFL;NT11;PEEQ;RF;S;U,,final_frame_required_fields_and_metrics_extracted
stageV_final_expansion_224_odb_teacher_metric_extraction,stage3_ppo_final_expansion_224_to_320_batch224_v01,final_expansion_batch07,40,PPOFINAL_N40_B216_novelty,novelty,216,ae120d6c76cdaa09,"11,1,3,23,15,21,39,31,29,37,27,35,9,19,17,25,33,5,0,7,13,20,32,36,38,24,22,28,34,30,26,18,14,6,4,2,16,10,12,8",E:\Projects\RL-LAM-ScanOpt\cae_model\stage3_ppo_final_expansion_224_to_320_batch224_v01\final_expansion_batch07\N40\PPOFINAL_N40_B216_novelty\scan_order_PPOFINAL_N40_B216_novelty.json,PPO_final_expansion_checkpoint_inference,E:\Projects\RL-LAM-ScanOpt\outputs\stage3_ppo_rl_lam_fea_addendum_v01\ppo_training\checkpoints\maskable_ppo_lam_scan_order_final.zip,v01,stochastic,0.6994309899103548,37,39.0,raster,J2D_PPOFINAL_N40_B216_novelty,E:\Projects\RL-LAM-ScanOpt\cae_model\stage3_ppo_final_expansion_224_to_320_batch224_v01\final_expansion_batch07\N40\PPOFINAL_N40_B216_novelty\J2D_PPOFINAL_N40_B216_novelty.odb,WARNING_SUCCESS_WITH_WARNINGS,PASS_ODB_FINAL_FRAME_EXTRACTED,PASS_TEACHER_FIELDS_EXTRACTED,step_final_cooling,1200.0,AC YIELD;HFL;NT11;PEEQ;RF;S;U,,final_frame_required_fields_and_metrics_extracted
stageV_final_expansion_224_odb_teacher_metric_extraction,stage3_ppo_final_expansion_224_to_320_batch224_v01,final_expansion_batch07,40,PPOFINAL_N40_B217_baseline_proximity,baseline_proximity,217,51187e4ada212772,"37,29,35,20,24,30,26,25,23,19,17,13,11,9,7,5,3,1,14,10,0,2,4,6,8,12,18,16,15,21,28,22,32,34,38,36,39,33,27,31",E:\Projects\RL-LAM-ScanOpt\cae_model\stage3_ppo_final_expansion_224_to_320_batch224_v01\final_expansion_batch07\N40\PPOFINAL_N40_B217_baseline_proximity\scan_order_PPOFINAL_N40_B217_baseline_proximity.json,PPO_final_expansion_checkpoint_inference,E:\Projects\RL-LAM-ScanOpt\outputs\stage3_ppo_rl_lam_fea_addendum_v02_targeted_N24_N40\stageK2_n40_completion\checkpoints\N40_seed20260624_maskable_ppo_v02_K2.zip,v02K2,stochastic,0.5336463726149777,33,33.0,odd_even,J2D_PPOFINAL_N40_B217_baseline_proximity,E:\Projects\RL-LAM-ScanOpt\cae_model\stage3_ppo_final_expansion_224_to_320_batch224_v01\final_expansion_batch07\N40\PPOFINAL_N40_B217_baseline_proximity\J2D_PPOFINAL_N40_B217_baseline_proximity.odb,WARNING_SUCCESS_WITH_WARNINGS,PASS_ODB_FINAL_FRAME_EXTRACTED,PASS_TEACHER_FIELDS_EXTRACTED,step_final_cooling,1200.0,AC YIELD;HFL;NT11;PEEQ;RF;S;U,,final_frame_required_fields_and_metrics_extracted
stageV_final_expansion_224_odb_teacher_metric_extraction,stage3_ppo_final_expansion_224_to_320_batch224_v01,final_expansion_batch07,40,PPOFINAL_N40_B218_baseline_proximity,baseline_proximity,218,57e308b3c37c304d,"37,35,26,29,4,13,8,11,1,5,23,30,14,10,3,2,12,6,7,17,19,9,0,24,22,20,25,33,18,16,15,21,32,27,34,38,36,39,28,31",E:\Projects\RL-LAM-ScanOpt\cae_model\stage3_ppo_final_expansion_224_to_320_batch224_v01\final_expansion_batch07\N40\PPOFINAL_N40_B218_baseline_proximity\scan_order_PPOFINAL_N40_B218_baseline_proximity.json,PPO_final_expansion_checkpoint_inference,E:\Projects\RL-LAM-ScanOpt\outputs\stage3_ppo_rl_lam_fea_addendum_v02_targeted_N24_N40\ppo_training_v02\checkpoints\N40_seed20260624_maskable_ppo_v02.zip,v02,stochastic,0.3514976056092313,36,33.0,regular_jump,J2D_PPOFINAL_N40_B218_baseline_proximity,E:\Projects\RL-LAM-ScanOpt\cae_model\stage3_ppo_final_expansion_224_to_320_batch224_v01\final_expansion_batch07\N40\PPOFINAL_N40_B218_baseline_proximity\J2D_PPOFINAL_N40_B218_baseline_proximity.odb,WARNING_SUCCESS_WITH_WARNINGS,PASS_ODB_FINAL_FRAME_EXTRACTED,PASS_TEACHER_FIELDS_EXTRACTED,step_final_cooling,1200.0,AC YIELD;HFL;NT11;PEEQ;RF;S;U,,final_frame_required_fields_and_metrics_extracted
stageV_final_expansion_224_odb_teacher_metric_extraction,stage3_ppo_final_expansion_224_to_320_batch224_v01,final_expansion_batch07,40,PPOFINAL_N40_B219_baseline_proximity,baseline_proximity,219,6107b52ea867121d,"26,1,2,6,4,8,18,0,32,15,3,28,7,14,9,30,10,16,27,12,17,21,23,22,36,25,24,20,31,19,11,34,13,33,38,5,39,37,29,35",E:\Projects\RL-LAM-ScanOpt\cae_model\stage3_ppo_final_expansion_224_to_320_batch224_v01\final_expansion_batch07\N40\PPOFINAL_N40_B219_baseline_proximity\scan_order_PPOFINAL_N40_B219_baseline_proximity.json,PPO_final_expansion_checkpoint_inference,E:\Projects\RL-LAM-ScanOpt\outputs\stage3_ppo_rl_lam_fea_addendum_v03_lex_primary_N24_N40\ppo_training_v03\checkpoints\N40_seed20260627_maskable_ppo_v03.zip,v03,stochastic,0.209697437957668,33,33.0,raster,J2D_PPOFINAL_N40_B219_baseline_proximity,E:\Projects\RL-LAM-ScanOpt\cae_model\stage3_ppo_final_expansion_224_to_320_batch224_v01\final_expansion_batch07\N40\PPOFINAL_N40_B219_baseline_proximity\J2D_PPOFINAL_N40_B219_baseline_proximity.odb,WARNING_SUCCESS_WITH_WARNINGS,PASS_ODB_FINAL_FRAME_EXTRACTED,PASS_TEACHER_FIELDS_EXTRACTED,step_final_cooling,1200.0,AC YIELD;HFL;NT11;PEEQ;RF;S;U,,final_frame_required_fields_and_metrics_extracted
stageV_final_expansion_224_odb_teacher_metric_extraction,stage3_ppo_final_expansion_224_to_320_batch224_v01,final_expansion_batch07,40,PPOFINAL_N40_B220_baseline_proximity,baseline_proximity,220,717bf586cbdb33e5,"37,35,29,20,24,26,30,25,23,19,17,13,11,9,7,5,1,3,8,10,0,2,4,6,14,16,12,18,15,21,22,28,34,38,36,32,31,27,33,39",E:\Projects\RL-LAM-ScanOpt\cae_model\stage3_ppo_final_expansion_224_to_320_batch224_v01\final_expansion_batch07\N40\PPOFINAL_N40_B220_baseline_proximity\scan_order_PPOFINAL_N40_B220_baseline_proximity.json,PPO_final_expansion_checkpoint_inference,E:\Projects\RL-LAM-ScanOpt\outputs\stage3_ppo_rl_lam_fea_addendum_v02_targeted_N24_N40\stageK2_n40_completion\checkpoints\N40_seed20260624_maskable_ppo_v02_K2.zip,v02K2,stochastic,0.604141941691621,34,34.0,odd_even,J2D_PPOFINAL_N40_B220_baseline_proximity,E:\Projects\RL-LAM-ScanOpt\cae_model\stage3_ppo_final_expansion_224_to_320_batch224_v01\final_expansion_batch07\N40\PPOFINAL_N40_B220_baseline_proximity\J2D_PPOFINAL_N40_B220_baseline_proximity.odb,WARNING_SUCCESS_WITH_WARNINGS,PASS_ODB_FINAL_FRAME_EXTRACTED,PASS_TEACHER_FIELDS_EXTRACTED,step_final_cooling,1200.0,AC YIELD;HFL;NT11;PEEQ;RF;S;U,,final_frame_required_fields_and_metrics_extracted
stageV_final_expansion_224_odb_teacher_metric_extraction,stage3_ppo_final_expansion_224_to_320_batch224_v01,final_expansion_batch07,40,PPOFINAL_N40_B221_baseline_proximity,baseline_proximity,221,481d5322f8532542,"37,35,29,24,20,26,30,23,25,19,17,13,11,9,6,5,1,3,7,10,0,2,4,8,16,18,12,14,15,21,22,28,32,34,38,36,27,31,33,39",E:\Projects\RL-LAM-ScanOpt\cae_model\stage3_ppo_final_expansion_224_to_320_batch224_v01\final_expansion_batch07\N40\PPOFINAL_N40_B221_baseline_proximity\scan_order_PPOFINAL_N40_B221_baseline_proximity.json,PPO_final_expansion_checkpoint_inference,E:\Projects\RL-LAM-ScanOpt\outputs\stage3_ppo_rl_lam_fea_addendum_v02_targeted_N24_N40\stageK2_n40_completion\checkpoints\N40_seed20260624_maskable_ppo_v02_K2.zip,v02K2,stochastic,0.576266684150174,34,34.0,odd_even,J2D_PPOFINAL_N40_B221_baseline_proximity,E:\Projects\RL-LAM-ScanOpt\cae_model\stage3_ppo_final_expansion_224_to_320_batch224_v01\final_expansion_batch07\N40\PPOFINAL_N40_B221_baseline_proximity\J2D_PPOFINAL_N40_B221_baseline_proximity.odb,WARNING_SUCCESS_WITH_WARNINGS,PASS_ODB_FINAL_FRAME_EXTRACTED,PASS_TEACHER_FIELDS_EXTRACTED,step_final_cooling,1200.0,AC YIELD;HFL;NT11;PEEQ;RF;S;U,,final_frame_required_fields_and_metrics_extracted
stageV_final_expansion_224_odb_teacher_metric_extraction,stage3_ppo_final_expansion_224_to_320_batch224_v01,final_expansion_batch07,40,PPOFINAL_N40_B222_baseline_proximity,baseline_proximity,222,0ffedc6e85c091cd,"37,35,29,24,20,30,26,25,23,19,17,13,11,9,1,5,7,3,6,8,0,2,4,10,16,18,12,14,15,21,22,28,34,38,36,32,33,27,31,39",E:\Projects\RL-LAM-ScanOpt\cae_model\stage3_ppo_final_expansion_224_to_320_batch224_v01\final_expansion_batch07\N40\PPOFINAL_N40_B222_baseline_proximity\scan_order_PPOFINAL_N40_B222_baseline_proximity.json,PPO_final_expansion_checkpoint_inference,E:\Projects\RL-LAM-ScanOpt\outputs\stage3_ppo_rl_lam_fea_addendum_v02_targeted_N24_N40\stageK2_n40_completion\checkpoints\N40_seed20260624_maskable_ppo_v02_K2.zip,v02K2,stochastic,0.5751919171291577,33,34.0,odd_even,J2D_PPOFINAL_N40_B222_baseline_proximity,E:\Projects\RL-LAM-ScanOpt\cae_model\stage3_ppo_final_expansion_224_to_320_batch224_v01\final_expansion_batch07\N40\PPOFINAL_N40_B222_baseline_proximity\J2D_PPOFINAL_N40_B222_baseline_proximity.odb,WARNING_SUCCESS_WITH_WARNINGS,PASS_ODB_FINAL_FRAME_EXTRACTED,PASS_TEACHER_FIELDS_EXTRACTED,step_final_cooling,1200.0,AC YIELD;HFL;NT11;PEEQ;RF;S;U,,final_frame_required_fields_and_metrics_extracted
stageV_final_expansion_224_odb_teacher_metric_extraction,stage3_ppo_final_expansion_224_to_320_batch224_v01,final_expansion_batch07,40,PPOFINAL_N40_B223_baseline_proximity,baseline_proximity,223,a19f41acd8bfa5b8,"37,35,29,26,30,24,20,25,23,19,17,11,13,9,7,5,1,3,10,0,4,2,8,6,16,18,12,14,15,21,28,22,32,34,38,36,31,27,33,39",E:\Projects\RL-LAM-ScanOpt\cae_model\stage3_ppo_final_expansion_224_to_320_batch224_v01\final_expansion_batch07\N40\PPOFINAL_N40_B223_baseline_proximity\scan_order_PPOFINAL_N40_B223_baseline_proximity.json,PPO_final_expansion_checkpoint_inference,E:\Projects\RL-LAM-ScanOpt\outputs\stage3_ppo_rl_lam_fea_addendum_v02_targeted_N24_N40\stageK2_n40_completion\checkpoints\N40_seed20260624_maskable_ppo_v02_K2.zip,v02K2,stochastic,0.5439531934262464,33,34.0,odd_even,J2D_PPOFINAL_N40_B223_baseline_proximity,E:\Projects\RL-LAM-ScanOpt\cae_model\stage3_ppo_final_expansion_224_to_320_batch224_v01\final_expansion_batch07\N40\PPOFINAL_N40_B223_baseline_proximity\J2D_PPOFINAL_N40_B223_baseline_proximity.odb,WARNING_SUCCESS_WITH_WARNINGS,PASS_ODB_FINAL_FRAME_EXTRACTED,PASS_TEACHER_FIELDS_EXTRACTED,step_final_cooling,1200.0,AC YIELD;HFL;NT11;PEEQ;RF;S;U,,final_frame_required_fields_and_metrics_extracted
stageV_final_expansion_224_odb_teacher_metric_extraction,stage3_ppo_final_expansion_224_to_320_batch224_v01,final_expansion_batch07,40,PPOFINAL_N40_B224_baseline_proximity,baseline_proximity,224,c3ba8793a4b7ac4d,"37,35,29,24,20,26,30,25,23,19,13,11,9,17,6,7,5,3,1,4,0,2,8,10,16,18,12,14,15,21,28,22,34,38,36,32,27,31,33,39",E:\Projects\RL-LAM-ScanOpt\cae_model\stage3_ppo_final_expansion_224_to_320_batch224_v01\final_expansion_batch07\N40\PPOFINAL_N40_B224_baseline_proximity\scan_order_PPOFINAL_N40_B224_baseline_proximity.json,PPO_final_expansion_checkpoint_inference,E:\Projects\RL-LAM-ScanOpt\outputs\stage3_ppo_rl_lam_fea_addendum_v02_targeted_N24_N40\stageK2_n40_completion\checkpoints\N40_seed20260624_maskable_ppo_v02_K2.zip,v02K2,stochastic,0.5126344585501271,33,34.0,odd_even,J2D_PPOFINAL_N40_B224_baseline_proximity,E:\Projects\RL-LAM-ScanOpt\cae_model\stage3_ppo_final_expansion_224_to_320_batch224_v01\final_expansion_batch07\N40\PPOFINAL_N40_B224_baseline_proximity\J2D_PPOFINAL_N40_B224_baseline_proximity.odb,WARNING_SUCCESS_WITH_WARNINGS,PASS_ODB_FINAL_FRAME_EXTRACTED,PASS_TEACHER_FIELDS_EXTRACTED,step_final_cooling,1200.0,AC YIELD;HFL;NT11;PEEQ;RF;S;U,,final_frame_required_fields_and_metrics_extracted
