n,order_json,order_compact,order_hash,ppo_v02_checkpoint,ppo_seed,rollout_seed,ppo_generation_mode,predicted_reward,mean_pred_reward,std_pred_reward,conservative_reward,duplicate_vs_training_reference,minimum_hamming_distance_to_training_reference,mean_hamming_distance_to_training_reference,candidate_source,teacher_validated,abaqus_validated,mean_abs_jump,max_abs_jump,adjacent_fraction,parity_switch_fraction,early_center_bias,early_edge_bias,early_spread_proxy
24,"[21,17,3,7,9,13,5,1,11,15,19,23,0,2,18,20,22,4,8,10,12,14,6,16]","21,17,3,7,9,13,5,1,11,15,19,23,0,2,18,20,22,4,8,10,12,14,6,16",ff37fba1e29bb951,E:\Projects\RL-LAM-ScanOpt\outputs\stage3_ppo_rl_lam_fea_addendum_v02_targeted_N24_N40\ppo_training_v02\checkpoints\N24_seed20260624_maskable_ppo_v02.zip,20260624,20260624,deterministic,0.6618605894466809,0.6517927391699224,0.027638989889729952,0.6379732442250574,False,18,22.494949494949495,PPO_v02_checkpoint_inference,False,False,6.6521739130434785,23.0,0.0,0.043478260869565216,0.46376811594202905,0.5362318840579711,0.782608695652174
24,"[21,17,3,7,9,13,11,5,15,1,23,19,0,2,18,20,22,4,8,10,12,14,6,16]","21,17,3,7,9,13,11,5,15,1,23,19,0,2,18,20,22,4,8,10,12,14,6,16",cfda26ea48c2eb9a,E:\Projects\RL-LAM-ScanOpt\outputs\stage3_ppo_rl_lam_fea_addendum_v02_targeted_N24_N40\ppo_training_v02\checkpoints\N24_seed20260624_maskable_ppo_v02.zip,20260624,22660624,stochastic,0.6554263196367985,0.6433991290125313,0.023261013639012437,0.6317686221930251,False,18,22.833333333333332,PPO_v02_checkpoint_inference,False,False,7.521739130434782,22.0,0.0,0.043478260869565216,0.46376811594202905,0.5362318840579711,0.782608695652174
24,"[21,17,3,9,7,13,11,5,23,15,1,19,0,2,18,22,20,4,8,10,12,14,6,16]","21,17,3,9,7,13,11,5,23,15,1,19,0,2,18,22,20,4,8,10,12,14,6,16",e088c0e38ddc289a,E:\Projects\RL-LAM-ScanOpt\outputs\stage3_ppo_rl_lam_fea_addendum_v02_targeted_N24_N40\ppo_training_v02\checkpoints\N24_seed20260624_maskable_ppo_v02.zip,20260624,22660625,stochastic,0.6580966550954821,0.6337156510499442,0.02826900056071927,0.6195811507695845,False,18,23.1010101010101,PPO_v02_checkpoint_inference,False,False,8.043478260869565,19.0,0.0,0.043478260869565216,0.46376811594202905,0.5362318840579711,0.782608695652174
24,"[21,3,17,13,7,9,5,1,15,19,11,23,0,2,20,18,22,4,8,10,12,14,6,16]","21,3,17,13,7,9,5,1,15,19,11,23,0,2,20,18,22,4,8,10,12,14,6,16",56535f5eab2b36a8,E:\Projects\RL-LAM-ScanOpt\outputs\stage3_ppo_rl_lam_fea_addendum_v02_targeted_N24_N40\ppo_training_v02\checkpoints\N24_seed20260624_maskable_ppo_v02.zip,20260624,22660626,stochastic,0.645910819955591,0.6287583261866431,0.024327138052653872,0.6165947571603161,False,19,22.904040404040405,PPO_v02_checkpoint_inference,False,False,8.043478260869565,23.0,0.0,0.043478260869565216,0.463768115942029,0.5362318840579711,0.782608695652174
24,"[21,17,3,9,7,13,5,11,1,19,15,0,23,18,20,2,22,4,8,10,12,6,14,16]","21,17,3,9,7,13,5,11,1,19,15,0,23,18,20,2,22,4,8,10,12,6,14,16",45d4a070a9989a0f,E:\Projects\RL-LAM-ScanOpt\outputs\stage3_ppo_rl_lam_fea_addendum_v02_targeted_N24_N40\ppo_training_v02\checkpoints\N24_seed20260624_maskable_ppo_v02.zip,20260624,22660627,stochastic,0.6048518980486951,0.5958277435458836,0.0062600509996989535,0.5926977180460341,False,19,22.353535353535353,PPO_v02_checkpoint_inference,False,False,8.826086956521738,23.0,0.0,0.13043478260869565,0.46376811594202905,0.5362318840579711,0.782608695652174
24,"[21,7,17,3,9,13,5,11,1,19,15,23,18,0,2,20,22,4,8,10,12,14,6,16]","21,7,17,3,9,13,5,11,1,19,15,23,18,0,2,20,22,4,8,10,12,14,6,16",dc884e493b3d4d4e,E:\Projects\RL-LAM-ScanOpt\outputs\stage3_ppo_rl_lam_fea_addendum_v02_targeted_N24_N40\ppo_training_v02\checkpoints\N24_seed20260624_maskable_ppo_v02.zip,20260624,22660628,stochastic,0.6584063149708338,0.6433495272177226,0.02437195414661737,0.6311635501444139,False,18,21.98989898989899,PPO_v02_checkpoint_inference,False,False,8.391304347826088,18.0,0.0,0.043478260869565216,0.46376811594202905,0.5362318840579711,0.782608695652174
24,"[21,17,3,7,9,13,1,11,5,15,19,23,0,2,18,20,22,4,8,10,12,14,6,16]","21,17,3,7,9,13,1,11,5,15,19,23,0,2,18,20,22,4,8,10,12,14,6,16",0196783de025f848,E:\Projects\RL-LAM-ScanOpt\outputs\stage3_ppo_rl_lam_fea_addendum_v02_targeted_N24_N40\ppo_training_v02\checkpoints\N24_seed20260624_maskable_ppo_v02.zip,20260624,22660629,stochastic,0.6618605894466809,0.6422878190715056,0.032244792121132994,0.626165423010939,False,17,22.7020202020202,PPO_v02_checkpoint_inference,False,False,7.173913043478261,23.0,0.0,0.043478260869565216,0.46376811594202905,0.5362318840579711,0.782608695652174
24,"[21,17,3,7,9,13,5,1,11,15,19,23,0,2,18,20,22,4,8,10,12,6,14,16]","21,17,3,7,9,13,5,1,11,15,19,23,0,2,18,20,22,4,8,10,12,6,14,16",1136b34c81d35221,E:\Projects\RL-LAM-ScanOpt\outputs\stage3_ppo_rl_lam_fea_addendum_v02_targeted_N24_N40\ppo_training_v02\checkpoints\N24_seed20260624_maskable_ppo_v02.zip,20260624,22660630,stochastic,0.6618605894466809,0.6500225558517252,0.02806032345474866,0.6359923941243508,False,19,22.494949494949495,PPO_v02_checkpoint_inference,False,False,6.478260869565218,23.0,0.0,0.043478260869565216,0.46376811594202905,0.5362318840579711,0.782608695652174
24,"[21,17,3,7,9,13,11,5,1,15,19,23,0,2,18,22,20,4,8,10,12,14,6,16]","21,17,3,7,9,13,11,5,1,15,19,23,0,2,18,22,20,4,8,10,12,14,6,16",e77910281f03974b,E:\Projects\RL-LAM-ScanOpt\outputs\stage3_ppo_rl_lam_fea_addendum_v02_targeted_N24_N40\ppo_training_v02\checkpoints\N24_seed20260624_maskable_ppo_v02.zip,20260624,22660631,stochastic,0.6600199010313651,0.6473997572099175,0.024681029028933762,0.6350592426954507,False,18,22.525252525252526,PPO_v02_checkpoint_inference,False,False,6.6521739130434785,23.0,0.0,0.043478260869565216,0.46376811594202905,0.5362318840579711,0.782608695652174
24,"[21,17,3,7,9,13,5,1,11,15,23,19,0,2,20,18,22,4,8,10,12,14,6,16]","21,17,3,7,9,13,5,1,11,15,23,19,0,2,20,18,22,4,8,10,12,14,6,16",071e7a27e68934ef,E:\Projects\RL-LAM-ScanOpt\outputs\stage3_ppo_rl_lam_fea_addendum_v02_targeted_N24_N40\ppo_training_v02\checkpoints\N24_seed20260624_maskable_ppo_v02.zip,20260624,22660632,stochastic,0.6584063149708338,0.64704630137428,0.024433947729864455,0.6348293275093477,False,17,22.661616161616163,PPO_v02_checkpoint_inference,False,False,6.826086956521739,19.0,0.0,0.043478260869565216,0.46376811594202905,0.5362318840579711,0.782608695652174
24,"[21,17,7,3,9,13,11,5,1,15,23,19,0,2,18,8,20,22,4,10,12,14,6,16]","21,17,7,3,9,13,11,5,1,15,23,19,0,2,18,8,20,22,4,10,12,14,6,16",c06a4421d435f78e,E:\Projects\RL-LAM-ScanOpt\outputs\stage3_ppo_rl_lam_fea_addendum_v02_targeted_N24_N40\ppo_training_v02\checkpoints\N24_seed20260624_maskable_ppo_v02.zip,20260624,22660633,stochastic,0.6580966550954821,0.6353047330538187,0.028297076068675955,0.6211561950194807,False,19,22.616161616161616,PPO_v02_checkpoint_inference,False,False,7.521739130434782,19.0,0.0,0.043478260869565216,0.46376811594202905,0.5362318840579711,0.782608695652174
24,"[21,17,3,7,13,9,5,1,11,15,19,23,0,2,18,4,20,22,8,10,12,14,6,16]","21,17,3,7,13,9,5,1,11,15,19,23,0,2,18,4,20,22,8,10,12,14,6,16",b8ea5013e936d6ed,E:\Projects\RL-LAM-ScanOpt\outputs\stage3_ppo_rl_lam_fea_addendum_v02_targeted_N24_N40\ppo_training_v02\checkpoints\N24_seed20260624_maskable_ppo_v02.zip,20260624,22660634,stochastic,0.6600199010313651,0.6469221259819602,0.024597296107490025,0.6346234779282152,False,18,22.373737373737374,PPO_v02_checkpoint_inference,False,False,7.521739130434782,23.0,0.0,0.043478260869565216,0.46376811594202905,0.5362318840579711,0.782608695652174
24,"[21,3,17,7,9,13,5,1,15,11,23,19,0,2,18,20,22,4,8,10,12,14,6,16]","21,3,17,7,9,13,5,1,15,11,23,19,0,2,18,20,22,4,8,10,12,14,6,16",41e57a8a32ad500a,E:\Projects\RL-LAM-ScanOpt\outputs\stage3_ppo_rl_lam_fea_addendum_v02_targeted_N24_N40\ppo_training_v02\checkpoints\N24_seed20260624_maskable_ppo_v02.zip,20260624,22660635,stochastic,0.6538127335762672,0.6432305252215949,0.022161941441026838,0.6321495545010815,False,18,22.585858585858585,PPO_v02_checkpoint_inference,False,False,7.869565217391305,19.0,0.0,0.043478260869565216,0.463768115942029,0.5362318840579711,0.782608695652174
24,"[21,17,3,7,13,9,5,15,11,1,19,23,0,2,18,20,22,4,8,10,12,6,14,16]","21,17,3,7,13,9,5,15,11,1,19,23,0,2,18,20,22,4,8,10,12,6,14,16",38895d86ced3c653,E:\Projects\RL-LAM-ScanOpt\outputs\stage3_ppo_rl_lam_fea_addendum_v02_targeted_N24_N40\ppo_training_v02\checkpoints\N24_seed20260624_maskable_ppo_v02.zip,20260624,22660636,stochastic,0.6554263196367985,0.6394522801236202,0.021717963206784933,0.6285932985202277,False,20,22.72222222222222,PPO_v02_checkpoint_inference,False,False,7.3478260869565215,23.0,0.0,0.043478260869565216,0.46376811594202905,0.5362318840579711,0.782608695652174
24,"[21,17,3,7,13,9,5,11,1,15,19,23,20,18,0,2,22,4,8,10,12,6,14,16]","21,17,3,7,13,9,5,11,1,15,19,23,20,18,0,2,22,4,8,10,12,6,14,16",56f972fafbaf6f61,E:\Projects\RL-LAM-ScanOpt\outputs\stage3_ppo_rl_lam_fea_addendum_v02_targeted_N24_N40\ppo_training_v02\checkpoints\N24_seed20260624_maskable_ppo_v02.zip,20260624,22660637,stochastic,0.6448652209151055,0.6244219869602965,0.02550457859096336,0.6116696976648148,False,17,22.585858585858585,PPO_v02_checkpoint_inference,False,False,7.0,20.0,0.0,0.043478260869565216,0.46376811594202905,0.5362318840579711,0.782608695652174
24,"[21,17,3,7,9,13,5,11,15,1,19,23,0,2,18,20,22,4,8,10,12,14,6,16]","21,17,3,7,9,13,5,11,15,1,19,23,0,2,18,20,22,4,8,10,12,14,6,16",64f682f82ce18d1c,E:\Projects\RL-LAM-ScanOpt\outputs\stage3_ppo_rl_lam_fea_addendum_v02_targeted_N24_N40\ppo_training_v02\checkpoints\N24_seed20260624_maskable_ppo_v02.zip,20260624,22660638,stochastic,0.6572670080521144,0.644797247079769,0.02361703007616912,0.6329887320416845,False,19,22.45959595959596,PPO_v02_checkpoint_inference,False,False,7.521739130434782,23.0,0.0,0.043478260869565216,0.46376811594202905,0.5362318840579711,0.782608695652174
24,"[21,17,3,7,9,13,5,11,1,15,19,23,0,2,18,22,20,4,8,10,12,6,14,16]","21,17,3,7,9,13,5,11,1,15,19,23,0,2,18,22,20,4,8,10,12,6,14,16",75da70e4494e48d3,E:\Projects\RL-LAM-ScanOpt\outputs\stage3_ppo_rl_lam_fea_addendum_v02_targeted_N24_N40\ppo_training_v02\checkpoints\N24_seed20260624_maskable_ppo_v02.zip,20260624,22660639,stochastic,0.6549937951091864,0.6431057673773347,0.02427226465167789,0.6309696350514957,False,18,22.318181818181817,PPO_v02_checkpoint_inference,False,False,7.0,23.0,0.0,0.043478260869565216,0.46376811594202905,0.5362318840579711,0.782608695652174
24,"[21,17,3,7,13,9,1,5,11,15,19,23,0,2,18,20,22,4,8,10,12,14,16,6]","21,17,3,7,13,9,1,5,11,15,19,23,0,2,18,20,22,4,8,10,12,14,16,6",63aa66ededd22b2a,E:\Projects\RL-LAM-ScanOpt\outputs\stage3_ppo_rl_lam_fea_addendum_v02_targeted_N24_N40\ppo_training_v02\checkpoints\N24_seed20260624_maskable_ppo_v02.zip,20260624,22660640,stochastic,0.6618605894466809,0.6448171701136377,0.03202225587064583,0.6288060421783148,False,16,22.848484848484848,PPO_v02_checkpoint_inference,False,False,6.391304347826087,23.0,0.0,0.043478260869565216,0.46376811594202905,0.5362318840579711,0.782608695652174
24,"[21,3,7,17,13,9,5,1,19,11,23,15,0,18,2,20,22,4,8,10,12,14,6,16]","21,3,7,17,13,9,5,1,19,11,23,15,0,18,2,20,22,4,8,10,12,14,6,16",e075782e3fc0c44c,E:\Projects\RL-LAM-ScanOpt\outputs\stage3_ppo_rl_lam_fea_addendum_v02_targeted_N24_N40\ppo_training_v02\checkpoints\N24_seed20260624_maskable_ppo_v02.zip,20260624,22660641,stochastic,0.656106951316526,0.6287759160441837,0.03032595466858237,0.6136129387098925,False,19,22.42929292929293,PPO_v02_checkpoint_inference,False,False,9.08695652173913,18.0,0.0,0.043478260869565216,0.463768115942029,0.536231884057971,0.782608695652174
24,"[21,3,17,7,13,9,1,5,11,15,23,19,0,2,18,20,22,4,8,10,12,14,16,6]","21,3,17,7,13,9,1,5,11,15,23,19,0,2,18,20,22,4,8,10,12,14,16,6",20a2653ea40e0c4a,E:\Projects\RL-LAM-ScanOpt\outputs\stage3_ppo_rl_lam_fea_addendum_v02_targeted_N24_N40\ppo_training_v02\checkpoints\N24_seed20260624_maskable_ppo_v02.zip,20260624,22660642,stochastic,0.6533802090486551,0.6370469519369603,0.02483590623458693,0.6246289988196668,False,15,23.19191919191919,PPO_v02_checkpoint_inference,False,False,7.260869565217392,19.0,0.0,0.043478260869565216,0.463768115942029,0.5362318840579711,0.782608695652174
24,"[21,17,3,7,9,13,5,11,1,15,19,23,18,0,2,8,4,20,22,12,10,6,14,16]","21,17,3,7,9,13,5,11,1,15,19,23,18,0,2,8,4,20,22,12,10,6,14,16",91147514a9bf8748,E:\Projects\RL-LAM-ScanOpt\outputs\stage3_ppo_rl_lam_fea_addendum_v02_targeted_N24_N40\ppo_training_v02\checkpoints\N24_seed20260624_maskable_ppo_v02.zip,20260624,22660643,stochastic,0.6013084141496355,0.5935060858433947,0.031708532916900026,0.5776518193849447,False,15,21.358585858585858,PPO_v02_checkpoint_inference,False,False,6.6521739130434785,18.0,0.0,0.043478260869565216,0.46376811594202905,0.5362318840579711,0.782608695652174
24,"[21,17,3,7,9,13,5,11,1,15,19,0,23,2,18,20,22,4,8,10,12,14,6,16]","21,17,3,7,9,13,5,11,1,15,19,0,23,2,18,20,22,4,8,10,12,14,6,16",c76a8abe7aa8de30,E:\Projects\RL-LAM-ScanOpt\outputs\stage3_ppo_rl_lam_fea_addendum_v02_targeted_N24_N40\ppo_training_v02\checkpoints\N24_seed20260624_maskable_ppo_v02.zip,20260624,22660644,stochastic,0.6059445384219532,0.6111094214157867,0.016818272598320902,0.6027002851166263,False,17,21.994949494949495,PPO_v02_checkpoint_inference,False,False,8.652173913043478,23.0,0.0,0.13043478260869565,0.46376811594202905,0.5362318840579711,0.782608695652174
24,"[21,17,3,7,9,13,1,5,11,15,23,19,0,2,18,20,22,4,8,10,12,14,6,16]","21,17,3,7,9,13,1,5,11,15,23,19,0,2,18,20,22,4,8,10,12,14,6,16",828abe4bb02aecc4,E:\Projects\RL-LAM-ScanOpt\outputs\stage3_ppo_rl_lam_fea_addendum_v02_targeted_N24_N40\ppo_training_v02\checkpoints\N24_seed20260624_maskable_ppo_v02.zip,20260624,22660645,stochastic,0.6602470033861496,0.6451324582853326,0.03102540279054712,0.629619756890059,False,16,22.843434343434343,PPO_v02_checkpoint_inference,False,False,6.6521739130434785,19.0,0.0,0.043478260869565216,0.46376811594202905,0.5362318840579711,0.782608695652174
24,"[21,3,17,7,9,13,5,1,15,11,23,19,20,0,2,18,22,4,8,10,12,14,16,6]","21,3,17,7,9,13,5,1,15,11,23,19,20,0,2,18,22,4,8,10,12,14,16,6",f2d043fdbf9c8fc7,E:\Projects\RL-LAM-ScanOpt\outputs\stage3_ppo_rl_lam_fea_addendum_v02_targeted_N24_N40\ppo_training_v02\checkpoints\N24_seed20260624_maskable_ppo_v02.zip,20260624,22660646,stochastic,0.6554263196367985,0.6430999524755883,0.02293406501068651,0.6316329199702451,False,17,21.91919191919192,PPO_v02_checkpoint_inference,False,False,7.695652173913044,20.0,0.043478260869565216,0.043478260869565216,0.463768115942029,0.5362318840579711,0.782608695652174
24,"[21,17,3,7,9,13,5,11,1,15,19,23,0,2,18,20,22,4,8,10,12,14,6,16]","21,17,3,7,9,13,5,11,1,15,19,23,0,2,18,20,22,4,8,10,12,14,6,16",3937799ddc3874ab,E:\Projects\RL-LAM-ScanOpt\outputs\stage3_ppo_rl_lam_fea_addendum_v02_targeted_N24_N40\ppo_training_v02\checkpoints\N24_seed20260624_maskable_ppo_v02.zip,20260624,22660647,stochastic,0.6618605894466809,0.6469772290753367,0.025316751080881172,0.6343188535348961,False,18,22.2979797979798,PPO_v02_checkpoint_inference,False,False,7.173913043478261,23.0,0.0,0.043478260869565216,0.46376811594202905,0.5362318840579711,0.782608695652174
24,"[21,17,7,3,9,13,5,1,11,15,19,23,0,2,18,20,22,4,8,10,12,14,6,16]","21,17,7,3,9,13,5,1,11,15,19,23,0,2,18,20,22,4,8,10,12,14,6,16",d8c8080ed994dc75,E:\Projects\RL-LAM-ScanOpt\outputs\stage3_ppo_rl_lam_fea_addendum_v02_targeted_N24_N40\ppo_training_v02\checkpoints\N24_seed20260624_maskable_ppo_v02.zip,20260624,22660648,stochastic,0.6549937951091864,0.6518382143988186,0.026124819769654153,0.6387758045139915,False,19,22.42929292929293,PPO_v02_checkpoint_inference,False,False,6.6521739130434785,23.0,0.0,0.043478260869565216,0.46376811594202905,0.5362318840579711,0.782608695652174
24,"[21,17,7,3,9,13,5,1,11,15,23,19,0,2,18,20,22,4,8,10,12,14,6,16]","21,17,7,3,9,13,5,1,11,15,23,19,0,2,18,20,22,4,8,10,12,14,6,16",c24bc45fe2056c79,E:\Projects\RL-LAM-ScanOpt\outputs\stage3_ppo_rl_lam_fea_addendum_v02_targeted_N24_N40\ppo_training_v02\checkpoints\N24_seed20260624_maskable_ppo_v02.zip,20260624,22660649,stochastic,0.6584063149708338,0.651653149881363,0.025152721399644785,0.6390767891815406,False,18,22.595959595959595,PPO_v02_checkpoint_inference,False,False,6.6521739130434785,19.0,0.0,0.043478260869565216,0.46376811594202905,0.5362318840579711,0.782608695652174
24,"[21,7,17,3,13,9,5,1,11,15,19,23,0,2,18,20,22,4,8,10,12,14,16,6]","21,7,17,3,13,9,5,1,11,15,19,23,0,2,18,20,22,4,8,10,12,14,16,6",f095ac6774152b2e,E:\Projects\RL-LAM-ScanOpt\outputs\stage3_ppo_rl_lam_fea_addendum_v02_targeted_N24_N40\ppo_training_v02\checkpoints\N24_seed20260624_maskable_ppo_v02.zip,20260624,22660650,stochastic,0.6549937951091864,0.64479703359305,0.021715744155737602,0.6339391615151811,False,18,22.81313131313131,PPO_v02_checkpoint_inference,False,False,7.260869565217392,23.0,0.0,0.043478260869565216,0.46376811594202905,0.5362318840579711,0.782608695652174
24,"[21,17,3,7,9,13,5,11,1,15,19,23,0,2,18,20,22,8,10,4,6,12,14,16]","21,17,3,7,9,13,5,11,1,15,19,23,0,2,18,20,22,8,10,4,6,12,14,16",87a31335378315f3,E:\Projects\RL-LAM-ScanOpt\outputs\stage3_ppo_rl_lam_fea_addendum_v02_targeted_N24_N40\ppo_training_v02\checkpoints\N24_seed20260624_maskable_ppo_v02.zip,20260624,22660651,stochastic,0.6718998720531828,0.6427505082817228,0.02889570182215631,0.6283026573706446,False,16,21.696969696969695,PPO_v02_checkpoint_inference,False,False,6.6521739130434785,23.0,0.0,0.043478260869565216,0.46376811594202905,0.5362318840579711,0.782608695652174
24,"[21,17,3,7,9,13,5,1,15,11,19,23,0,2,18,20,4,22,8,10,12,14,6,16]","21,17,3,7,9,13,5,1,15,11,19,23,0,2,18,20,4,22,8,10,12,14,6,16",add0f504dd7450f9,E:\Projects\RL-LAM-ScanOpt\outputs\stage3_ppo_rl_lam_fea_addendum_v02_targeted_N24_N40\ppo_training_v02\checkpoints\N24_seed20260624_maskable_ppo_v02.zip,20260624,22660652,stochastic,0.6554263196367985,0.6444113805314956,0.02263752614093027,0.6330926174610305,False,18,22.196969696969695,PPO_v02_checkpoint_inference,False,False,8.043478260869565,23.0,0.0,0.043478260869565216,0.46376811594202905,0.5362318840579711,0.782608695652174
24,"[21,3,17,7,9,13,5,19,1,11,15,23,0,2,4,18,20,22,8,10,12,14,6,16]","21,3,17,7,9,13,5,19,1,11,15,23,0,2,4,18,20,22,8,10,12,14,6,16",e9da6d640cda1014,E:\Projects\RL-LAM-ScanOpt\outputs\stage3_ppo_rl_lam_fea_addendum_v02_targeted_N24_N40\ppo_training_v02\checkpoints\N24_seed20260624_maskable_ppo_v02.zip,20260624,22660653,stochastic,0.6614110983428475,0.6148988780017134,0.02977504288277307,0.6000113565603269,False,18,22.348484848484848,PPO_v02_checkpoint_inference,False,False,8.391304347826088,23.0,0.0,0.043478260869565216,0.463768115942029,0.5362318840579711,0.782608695652174
24,"[21,3,17,7,13,9,5,15,11,1,19,23,0,2,18,20,22,10,8,4,12,6,14,16]","21,3,17,7,13,9,5,15,11,1,19,23,0,2,18,20,22,10,8,4,12,6,14,16",d142bbeef6bb09f7,E:\Projects\RL-LAM-ScanOpt\outputs\stage3_ppo_rl_lam_fea_addendum_v02_targeted_N24_N40\ppo_training_v02\checkpoints\N24_seed20260624_maskable_ppo_v02.zip,20260624,22660654,stochastic,0.6443813202741137,0.6120527211674005,0.04032930791476649,0.5918880672100173,False,19,22.82323232323232,PPO_v02_checkpoint_inference,False,False,8.217391304347826,23.0,0.0,0.043478260869565216,0.463768115942029,0.5362318840579711,0.782608695652174
24,"[21,17,7,3,9,13,5,11,1,15,19,23,0,2,18,20,4,22,8,10,12,14,6,16]","21,17,7,3,9,13,5,11,1,15,19,23,0,2,18,20,4,22,8,10,12,14,6,16",a19fd2608bbad94d,E:\Projects\RL-LAM-ScanOpt\outputs\stage3_ppo_rl_lam_fea_addendum_v02_targeted_N24_N40\ppo_training_v02\checkpoints\N24_seed20260624_maskable_ppo_v02.zip,20260624,22660655,stochastic,0.6600199010313651,0.6450921835225513,0.023261359583485106,0.6334615037308087,False,18,22.18686868686869,PPO_v02_checkpoint_inference,False,False,8.217391304347826,23.0,0.0,0.043478260869565216,0.46376811594202905,0.5362318840579711,0.782608695652174
24,"[21,17,7,3,9,13,5,1,11,19,15,23,18,0,2,20,22,4,8,10,12,14,16,6]","21,17,7,3,9,13,5,1,11,19,15,23,18,0,2,20,22,4,8,10,12,14,16,6",ab8207a4cdb4fddd,E:\Projects\RL-LAM-ScanOpt\outputs\stage3_ppo_rl_lam_fea_addendum_v02_targeted_N24_N40\ppo_training_v02\checkpoints\N24_seed20260624_maskable_ppo_v02.zip,20260624,22660656,stochastic,0.6507037443634198,0.6345737589629532,0.025376395517489075,0.6218855612042087,False,18,21.91919191919192,PPO_v02_checkpoint_inference,False,False,6.739130434782608,18.0,0.0,0.043478260869565216,0.46376811594202905,0.5362318840579711,0.782608695652174
24,"[21,3,17,7,9,13,5,11,1,15,19,23,0,2,18,20,22,4,8,10,12,14,6,16]","21,3,17,7,9,13,5,11,1,15,19,23,0,2,18,20,22,4,8,10,12,14,6,16",58e9b8eb47a255aa,E:\Projects\RL-LAM-ScanOpt\outputs\stage3_ppo_rl_lam_fea_addendum_v02_targeted_N24_N40\ppo_training_v02\checkpoints\N24_seed20260624_maskable_ppo_v02.zip,20260624,22660657,stochastic,0.6618605894466809,0.6460816527216989,0.024629068190570567,0.6337671186264137,False,18,22.474747474747474,PPO_v02_checkpoint_inference,False,False,8.043478260869565,23.0,0.0,0.043478260869565216,0.463768115942029,0.5362318840579711,0.782608695652174
24,"[21,17,3,7,9,13,5,11,15,1,23,0,19,18,2,20,22,4,8,10,12,14,6,16]","21,17,3,7,9,13,5,11,15,1,23,0,19,18,2,20,22,4,8,10,12,14,6,16",ce2bb0c6697cdf28,E:\Projects\RL-LAM-ScanOpt\outputs\stage3_ppo_rl_lam_fea_addendum_v02_targeted_N24_N40\ppo_training_v02\checkpoints\N24_seed20260624_maskable_ppo_v02.zip,20260624,22660658,stochastic,0.6550694591481734,0.62192947251412,0.02676475524954933,0.6085470948893453,False,19,22.404040404040405,PPO_v02_checkpoint_inference,False,False,9.0,23.0,0.043478260869565216,0.13043478260869565,0.46376811594202905,0.5362318840579711,0.782608695652174
24,"[21,17,3,7,9,13,5,1,19,11,15,23,0,2,18,20,22,8,4,10,12,14,6,16]","21,17,3,7,9,13,5,1,19,11,15,23,0,2,18,20,22,8,4,10,12,14,6,16",37ba8f3924738eac,E:\Projects\RL-LAM-ScanOpt\outputs\stage3_ppo_rl_lam_fea_addendum_v02_targeted_N24_N40\ppo_training_v02\checkpoints\N24_seed20260624_maskable_ppo_v02.zip,20260624,22660659,stochastic,0.6593535397467353,0.6456593544817095,0.023681565320539794,0.6338185718214396,False,18,22.09090909090909,PPO_v02_checkpoint_inference,False,False,7.3478260869565215,23.0,0.0,0.043478260869565216,0.46376811594202905,0.5362318840579711,0.782608695652174
24,"[21,17,3,7,13,9,5,1,11,15,19,23,0,2,18,20,22,4,8,10,12,6,14,16]","21,17,3,7,13,9,5,1,11,15,19,23,0,2,18,20,22,4,8,10,12,6,14,16",37c6ac18c0dcdea3,E:\Projects\RL-LAM-ScanOpt\outputs\stage3_ppo_rl_lam_fea_addendum_v02_targeted_N24_N40\ppo_training_v02\checkpoints\N24_seed20260624_maskable_ppo_v02.zip,20260624,22660660,stochastic,0.6549937951091864,0.6464789590017,0.025424471430626577,0.6337667232863867,False,19,22.72222222222222,PPO_v02_checkpoint_inference,False,False,6.478260869565218,23.0,0.0,0.043478260869565216,0.46376811594202905,0.5362318840579711,0.782608695652174
24,"[21,17,3,7,9,13,15,5,1,11,23,19,0,2,18,20,22,4,8,10,12,6,14,16]","21,17,3,7,9,13,15,5,1,11,23,19,0,2,18,20,22,4,8,10,12,6,14,16",508778004cd58781,E:\Projects\RL-LAM-ScanOpt\outputs\stage3_ppo_rl_lam_fea_addendum_v02_targeted_N24_N40\ppo_training_v02\checkpoints\N24_seed20260624_maskable_ppo_v02.zip,20260624,22660661,stochastic,0.6487866276540886,0.6427607333814371,0.023185411002310596,0.6311680278802818,False,18,22.42929292929293,PPO_v02_checkpoint_inference,False,False,6.6521739130434785,19.0,0.0,0.043478260869565216,0.46376811594202905,0.5362318840579711,0.782608695652174
24,"[21,17,3,7,9,13,11,5,15,1,19,23,0,18,2,20,22,4,8,10,12,14,6,16]","21,17,3,7,9,13,11,5,15,1,19,23,0,18,2,20,22,4,8,10,12,14,6,16",f4eff9af193fd038,E:\Projects\RL-LAM-ScanOpt\outputs\stage3_ppo_rl_lam_fea_addendum_v02_targeted_N24_N40\ppo_training_v02\checkpoints\N24_seed20260624_maskable_ppo_v02.zip,20260624,22660662,stochastic,0.6554263196367985,0.6396673903124801,0.02297296890861826,0.628180905858171,False,18,22.358585858585858,PPO_v02_checkpoint_inference,False,False,8.91304347826087,23.0,0.0,0.043478260869565216,0.46376811594202905,0.5362318840579711,0.782608695652174
24,"[21,17,3,7,9,13,5,1,19,11,15,23,0,2,20,18,22,4,8,6,12,14,10,16]","21,17,3,7,9,13,5,1,19,11,15,23,0,2,20,18,22,4,8,6,12,14,10,16",09881584621b99d2,E:\Projects\RL-LAM-ScanOpt\outputs\stage3_ppo_rl_lam_fea_addendum_v02_targeted_N24_N40\ppo_training_v02\checkpoints\N24_seed20260624_maskable_ppo_v02.zip,20260624,22660663,stochastic,0.6516509691393213,0.6300619219781401,0.02648831867564687,0.6168177626403167,False,18,22.358585858585858,PPO_v02_checkpoint_inference,False,False,7.3478260869565215,23.0,0.0,0.043478260869565216,0.46376811594202905,0.5362318840579711,0.782608695652174
24,"[21,17,3,7,9,13,11,5,1,15,23,19,18,0,2,20,22,4,8,10,12,14,6,16]","21,17,3,7,9,13,11,5,1,15,23,19,18,0,2,20,22,4,8,10,12,14,6,16",f6ddc70c1b782748,E:\Projects\RL-LAM-ScanOpt\outputs\stage3_ppo_rl_lam_fea_addendum_v02_targeted_N24_N40\ppo_training_v02\checkpoints\N24_seed20260624_maskable_ppo_v02.zip,20260624,22660664,stochastic,0.6507037443634198,0.6335756329821008,0.02761296898168903,0.6197691484912563,False,17,22.060606060606062,PPO_v02_checkpoint_inference,False,False,6.6521739130434785,18.0,0.043478260869565216,0.043478260869565216,0.46376811594202905,0.5362318840579711,0.782608695652174
24,"[21,17,3,7,9,13,5,15,1,11,19,23,0,2,18,20,22,4,10,8,12,14,6,16]","21,17,3,7,9,13,5,15,1,11,19,23,0,2,18,20,22,4,10,8,12,14,6,16",68c04ed9b8dd1ce3,E:\Projects\RL-LAM-ScanOpt\outputs\stage3_ppo_rl_lam_fea_addendum_v02_targeted_N24_N40\ppo_training_v02\checkpoints\N24_seed20260624_maskable_ppo_v02.zip,20260624,22660665,stochastic,0.6644715524828814,0.6441161158439751,0.022823134003898682,0.6327045488420258,False,16,21.828282828282827,PPO_v02_checkpoint_inference,False,False,7.695652173913044,23.0,0.0,0.043478260869565216,0.46376811594202905,0.5362318840579711,0.782608695652174
24,"[21,17,3,7,9,13,5,11,1,19,15,23,0,2,18,20,22,4,8,10,12,14,6,16]","21,17,3,7,9,13,5,11,1,19,15,23,0,2,18,20,22,4,8,10,12,14,6,16",9f44a2ce9315552e,E:\Projects\RL-LAM-ScanOpt\outputs\stage3_ppo_rl_lam_fea_addendum_v02_targeted_N24_N40\ppo_training_v02\checkpoints\N24_seed20260624_maskable_ppo_v02.zip,20260624,22660666,stochastic,0.6549937951091864,0.6435249784605063,0.023035288300667523,0.6320073343101725,False,19,22.454545454545453,PPO_v02_checkpoint_inference,False,False,7.521739130434782,23.0,0.0,0.043478260869565216,0.46376811594202905,0.5362318840579711,0.782608695652174
24,"[21,3,17,9,7,13,5,1,11,15,23,19,0,2,22,18,20,4,8,10,12,14,16,6]","21,3,17,9,7,13,5,1,11,15,23,19,0,2,22,18,20,4,8,10,12,14,16,6",bd527e0beaacc6cf,E:\Projects\RL-LAM-ScanOpt\outputs\stage3_ppo_rl_lam_fea_addendum_v02_targeted_N24_N40\ppo_training_v02\checkpoints\N24_seed20260624_maskable_ppo_v02.zip,20260624,22660667,stochastic,0.6523173304239511,0.6324670046677355,0.026866780252602352,0.6190336145414344,False,17,22.96969696969697,PPO_v02_checkpoint_inference,False,False,7.434782608695652,20.0,0.0,0.043478260869565216,0.463768115942029,0.5362318840579711,0.782608695652174
24,"[21,3,17,7,13,9,5,11,1,15,19,23,0,2,20,18,22,4,8,10,12,14,6,16]","21,3,17,7,13,9,5,11,1,15,19,23,0,2,20,18,22,4,8,10,12,14,6,16",c1b8ab463c3dfb65,E:\Projects\RL-LAM-ScanOpt\outputs\stage3_ppo_rl_lam_fea_addendum_v02_targeted_N24_N40\ppo_training_v02\checkpoints\N24_seed20260624_maskable_ppo_v02.zip,20260624,22660668,stochastic,0.6600199010313651,0.6426737155304475,0.022711141986707834,0.6313181445370936,False,18,22.7020202020202,PPO_v02_checkpoint_inference,False,False,8.217391304347826,23.0,0.0,0.043478260869565216,0.463768115942029,0.5362318840579711,0.782608695652174
24,"[21,17,7,3,9,13,5,1,11,15,23,19,18,0,2,20,22,8,10,4,12,14,6,16]","21,17,7,3,9,13,5,1,11,15,23,19,18,0,2,20,22,8,10,4,12,14,6,16",f40ad3c35492429f,E:\Projects\RL-LAM-ScanOpt\outputs\stage3_ppo_rl_lam_fea_addendum_v02_targeted_N24_N40\ppo_training_v02\checkpoints\N24_seed20260624_maskable_ppo_v02.zip,20260624,22660669,stochastic,0.6488496895932778,0.6372850221687847,0.03006123062088351,0.6222544068583429,False,16,21.38888888888889,PPO_v02_checkpoint_inference,False,False,6.826086956521739,18.0,0.043478260869565216,0.043478260869565216,0.46376811594202905,0.5362318840579711,0.782608695652174
24,"[21,3,17,7,13,9,1,5,11,23,19,15,0,2,18,20,22,4,8,10,12,14,6,16]","21,3,17,7,13,9,1,5,11,23,19,15,0,2,18,20,22,4,8,10,12,14,6,16",3e6a857f0473f3a6,E:\Projects\RL-LAM-ScanOpt\outputs\stage3_ppo_rl_lam_fea_addendum_v02_targeted_N24_N40\ppo_training_v02\checkpoints\N24_seed20260624_maskable_ppo_v02.zip,20260624,22660670,stochastic,0.6590482210794282,0.6376116607884175,0.026145480482476776,0.6245389205471791,False,18,23.055555555555557,PPO_v02_checkpoint_inference,False,False,7.521739130434782,18.0,0.0,0.043478260869565216,0.463768115942029,0.5362318840579711,0.782608695652174
24,"[21,17,3,7,9,13,5,1,23,11,19,15,0,2,18,20,22,4,8,10,12,6,14,16]","21,17,3,7,9,13,5,1,23,11,19,15,0,2,18,20,22,4,8,10,12,6,14,16",c65046e7362721e5,E:\Projects\RL-LAM-ScanOpt\outputs\stage3_ppo_rl_lam_fea_addendum_v02_targeted_N24_N40\ppo_training_v02\checkpoints\N24_seed20260624_maskable_ppo_v02.zip,20260624,22660671,stochastic,0.6606618071399595,0.6434874238550221,0.02485585426836962,0.6310594967208373,False,18,22.257575757575758,PPO_v02_checkpoint_inference,False,False,7.173913043478261,22.0,0.0,0.043478260869565216,0.46376811594202905,0.5362318840579711,0.782608695652174
24,"[21,17,3,7,9,13,1,11,5,15,19,23,0,2,18,4,8,22,20,10,12,6,14,16]","21,17,3,7,9,13,1,11,5,15,19,23,0,2,18,4,8,22,20,10,12,6,14,16",ab4b89d09ff158f4,E:\Projects\RL-LAM-ScanOpt\outputs\stage3_ppo_rl_lam_fea_addendum_v02_targeted_N24_N40\ppo_training_v02\checkpoints\N24_seed20260624_maskable_ppo_v02.zip,20260624,22660672,stochastic,0.6600199010313651,0.6401705186421808,0.029174662250798806,0.6255831875167813,False,18,22.318181818181817,PPO_v02_checkpoint_inference,False,False,7.695652173913044,23.0,0.0,0.043478260869565216,0.46376811594202905,0.5362318840579711,0.782608695652174
24,"[21,17,3,7,9,13,5,11,1,15,19,23,0,2,18,20,22,4,8,10,12,14,6,16]","21,17,3,7,9,13,5,11,1,15,19,23,0,2,18,20,22,4,8,10,12,14,6,16",3937799ddc3874ab,E:\Projects\RL-LAM-ScanOpt\outputs\stage3_ppo_rl_lam_fea_addendum_v02_targeted_N24_N40\ppo_training_v02\checkpoints\N24_seed20260624_maskable_ppo_v02.zip,20260624,22660673,stochastic,0.6618605894466809,0.6469772290753367,0.02531675108088108,0.6343188535348961,False,18,22.2979797979798,PPO_v02_checkpoint_inference,False,False,7.173913043478261,23.0,0.0,0.043478260869565216,0.46376811594202905,0.5362318840579711,0.782608695652174
24,"[21,17,3,13,9,7,5,1,11,15,19,23,0,2,18,20,22,4,8,10,12,14,6,16]","21,17,3,13,9,7,5,1,11,15,19,23,0,2,18,20,22,4,8,10,12,14,6,16",9c4b223a3afb4bf7,E:\Projects\RL-LAM-ScanOpt\outputs\stage3_ppo_rl_lam_fea_addendum_v02_targeted_N24_N40\ppo_training_v02\checkpoints\N24_seed20260624_maskable_ppo_v02.zip,20260624,22660674,stochastic,0.6600199010313651,0.6489552743737745,0.026703633921094726,0.6356034574132272,False,17,22.116161616161616,PPO_v02_checkpoint_inference,False,False,6.6521739130434785,23.0,0.0,0.043478260869565216,0.46376811594202905,0.5362318840579711,0.782608695652174
24,"[21,3,17,9,7,13,5,1,11,15,19,23,0,2,18,20,22,8,10,12,4,6,14,16]","21,3,17,9,7,13,5,1,11,15,19,23,0,2,18,20,22,8,10,12,4,6,14,16",47760e25947f63f9,E:\Projects\RL-LAM-ScanOpt\outputs\stage3_ppo_rl_lam_fea_addendum_v02_targeted_N24_N40\ppo_training_v02\checkpoints\N24_seed20260624_maskable_ppo_v02.zip,20260624,22660675,stochastic,0.6716951640917757,0.6493140812683852,0.027349674625531013,0.6356392439556197,False,17,21.96969696969697,PPO_v02_checkpoint_inference,False,False,7.173913043478261,23.0,0.0,0.043478260869565216,0.463768115942029,0.5362318840579711,0.782608695652174
24,"[21,17,3,7,9,13,5,15,1,19,11,23,0,2,18,20,22,4,8,10,12,14,6,16]","21,17,3,7,9,13,5,15,1,19,11,23,0,2,18,20,22,4,8,10,12,14,6,16",81ef32010f1e1336,E:\Projects\RL-LAM-ScanOpt\outputs\stage3_ppo_rl_lam_fea_addendum_v02_targeted_N24_N40\ppo_training_v02\checkpoints\N24_seed20260624_maskable_ppo_v02.zip,20260624,22660676,stochastic,0.6504002137146199,0.640902938159806,0.021035099069200067,0.630385388625206,False,19,22.53030303030303,PPO_v02_checkpoint_inference,False,False,8.217391304347826,23.0,0.0,0.043478260869565216,0.46376811594202905,0.5362318840579711,0.782608695652174
24,"[21,17,3,7,9,13,5,19,1,11,15,23,0,2,18,20,22,4,8,10,12,6,14,16]","21,17,3,7,9,13,5,19,1,11,15,23,0,2,18,20,22,4,8,10,12,6,14,16",e2ed1b78942a1d5a,E:\Projects\RL-LAM-ScanOpt\outputs\stage3_ppo_rl_lam_fea_addendum_v02_targeted_N24_N40\ppo_training_v02\checkpoints\N24_seed20260624_maskable_ppo_v02.zip,20260624,22660677,stochastic,0.6618605894466809,0.6436528678101572,0.024809787385988324,0.631247974117163,False,18,22.237373737373737,PPO_v02_checkpoint_inference,False,False,7.695652173913044,23.0,0.0,0.043478260869565216,0.46376811594202905,0.5362318840579711,0.782608695652174
24,"[21,3,17,7,9,13,5,1,11,15,19,23,0,2,18,20,22,4,8,10,12,14,6,16]","21,3,17,7,9,13,5,1,11,15,19,23,0,2,18,20,22,4,8,10,12,14,6,16",8a631599d202e685,E:\Projects\RL-LAM-ScanOpt\outputs\stage3_ppo_rl_lam_fea_addendum_v02_targeted_N24_N40\ppo_training_v02\checkpoints\N24_seed20260624_maskable_ppo_v02.zip,20260624,22660678,stochastic,0.6618605894466809,0.6485850318813153,0.02568762079320079,0.6357412214847149,False,18,22.671717171717173,PPO_v02_checkpoint_inference,False,False,7.521739130434782,23.0,0.0,0.043478260869565216,0.463768115942029,0.5362318840579711,0.782608695652174
24,"[21,17,3,9,7,13,1,5,11,19,15,23,0,2,18,20,22,4,8,10,12,14,16,6]","21,17,3,9,7,13,1,5,11,19,15,23,0,2,18,20,22,4,8,10,12,14,16,6",c58073141eb3ecfe,E:\Projects\RL-LAM-ScanOpt\outputs\stage3_ppo_rl_lam_fea_addendum_v02_targeted_N24_N40\ppo_training_v02\checkpoints\N24_seed20260624_maskable_ppo_v02.zip,20260624,22660679,stochastic,0.6549937951091864,0.6390577205422365,0.027335825765885023,0.625389807659294,False,18,22.954545454545453,PPO_v02_checkpoint_inference,False,False,6.913043478260869,23.0,0.0,0.043478260869565216,0.46376811594202905,0.5362318840579711,0.782608695652174
24,"[21,17,7,9,3,13,5,11,1,15,19,23,0,2,18,20,22,4,8,10,12,14,6,16]","21,17,7,9,3,13,5,11,1,15,19,23,0,2,18,20,22,4,8,10,12,14,6,16",d2518cba6182d99d,E:\Projects\RL-LAM-ScanOpt\outputs\stage3_ppo_rl_lam_fea_addendum_v02_targeted_N24_N40\ppo_training_v02\checkpoints\N24_seed20260624_maskable_ppo_v02.zip,20260624,22660680,stochastic,0.6535659180447838,0.6442336141013429,0.022637087857556654,0.6329150701725647,False,18,22.40909090909091,PPO_v02_checkpoint_inference,False,False,7.3478260869565215,23.0,0.0,0.043478260869565216,0.46376811594202905,0.536231884057971,0.782608695652174
24,"[21,17,9,3,7,13,15,5,1,11,19,23,0,2,18,20,22,4,8,10,12,14,6,16]","21,17,9,3,7,13,15,5,1,11,19,23,0,2,18,20,22,4,8,10,12,14,6,16",b440c87a9981e402,E:\Projects\RL-LAM-ScanOpt\outputs\stage3_ppo_rl_lam_fea_addendum_v02_targeted_N24_N40\ppo_training_v02\checkpoints\N24_seed20260624_maskable_ppo_v02.zip,20260624,22660681,stochastic,0.6500156869810598,0.63738999176264,0.024628880644571922,0.625075551440354,False,18,22.414141414141415,PPO_v02_checkpoint_inference,False,False,6.826086956521739,23.0,0.0,0.043478260869565216,0.46376811594202905,0.536231884057971,0.782608695652174
24,"[21,17,7,3,9,13,15,5,1,11,19,23,0,2,18,20,22,4,8,10,12,14,6,16]","21,17,7,3,9,13,15,5,1,11,19,23,0,2,18,20,22,4,8,10,12,14,6,16",8e685f13f33fbd92,E:\Projects\RL-LAM-ScanOpt\outputs\stage3_ppo_rl_lam_fea_addendum_v02_targeted_N24_N40\ppo_training_v02\checkpoints\N24_seed20260624_maskable_ppo_v02.zip,20260624,22660682,stochastic,0.6504002137146199,0.6466535930208481,0.02398065806989389,0.6346632639859012,False,17,22.196969696969695,PPO_v02_checkpoint_inference,False,False,6.826086956521739,23.0,0.0,0.043478260869565216,0.46376811594202905,0.5362318840579711,0.782608695652174
24,"[21,17,3,7,13,9,5,1,11,15,23,19,18,0,2,20,22,4,8,10,12,14,6,16]","21,17,3,7,13,9,5,1,11,15,23,19,18,0,2,20,22,4,8,10,12,14,6,16",00af7319f64c0200,E:\Projects\RL-LAM-ScanOpt\outputs\stage3_ppo_rl_lam_fea_addendum_v02_targeted_N24_N40\ppo_training_v02\checkpoints\N24_seed20260624_maskable_ppo_v02.zip,20260624,22660683,stochastic,0.6507037443634198,0.6344661845996244,0.027416357868507595,0.6207580056653706,False,17,22.27777777777778,PPO_v02_checkpoint_inference,False,False,6.6521739130434785,18.0,0.043478260869565216,0.043478260869565216,0.46376811594202905,0.5362318840579711,0.782608695652174
24,"[21,17,7,3,9,13,1,5,11,15,19,23,0,2,18,20,22,4,8,10,12,14,6,16]","21,17,7,3,9,13,1,5,11,15,19,23,0,2,18,20,22,4,8,10,12,14,6,16",afc53aa3942c8f94,E:\Projects\RL-LAM-ScanOpt\outputs\stage3_ppo_rl_lam_fea_addendum_v02_targeted_N24_N40\ppo_training_v02\checkpoints\N24_seed20260624_maskable_ppo_v02.zip,20260624,22660684,stochastic,0.6618605894466809,0.6482159936731005,0.031677349586277374,0.6323773188799617,False,18,22.61111111111111,PPO_v02_checkpoint_inference,False,False,6.6521739130434785,23.0,0.0,0.043478260869565216,0.46376811594202905,0.5362318840579711,0.782608695652174
24,"[21,17,3,7,9,11,13,5,1,15,23,19,0,2,18,20,22,4,8,10,12,14,6,16]","21,17,3,7,9,11,13,5,1,15,23,19,0,2,18,20,22,4,8,10,12,14,6,16",01c32ef4c0b14bb9,E:\Projects\RL-LAM-ScanOpt\outputs\stage3_ppo_rl_lam_fea_addendum_v02_targeted_N24_N40\ppo_training_v02\checkpoints\N24_seed20260624_maskable_ppo_v02.zip,20260624,22660685,stochastic,0.6567523889229401,0.6369759884017541,0.03306807255856682,0.6204419521224707,False,17,22.696969696969695,PPO_v02_checkpoint_inference,False,False,6.6521739130434785,19.0,0.0,0.043478260869565216,0.44927536231884063,0.5507246376811595,0.782608695652174
24,"[21,17,3,9,7,13,15,1,5,11,19,23,18,0,2,22,20,4,8,10,12,14,6,16]","21,17,3,9,7,13,15,1,5,11,19,23,18,0,2,22,20,4,8,10,12,14,6,16",0c749c8bf0d90074,E:\Projects\RL-LAM-ScanOpt\outputs\stage3_ppo_rl_lam_fea_addendum_v02_targeted_N24_N40\ppo_training_v02\checkpoints\N24_seed20260624_maskable_ppo_v02.zip,20260624,22660686,stochastic,0.6554263196367985,0.6430046905515574,0.025308475118947172,0.6303504529920838,False,18,22.07070707070707,PPO_v02_checkpoint_inference,False,False,7.0,20.0,0.0,0.043478260869565216,0.46376811594202905,0.5362318840579711,0.782608695652174
24,"[21,17,3,7,13,9,5,1,11,15,19,23,0,2,18,20,22,4,8,10,12,14,6,16]","21,17,3,7,13,9,5,1,11,15,19,23,0,2,18,20,22,4,8,10,12,14,6,16",f6132d6bee956e2c,E:\Projects\RL-LAM-ScanOpt\outputs\stage3_ppo_rl_lam_fea_addendum_v02_targeted_N24_N40\ppo_training_v02\checkpoints\N24_seed20260624_maskable_ppo_v02.zip,20260624,22660687,stochastic,0.6549937951091864,0.6482491423198972,0.025106596192960243,0.6356958442234171,False,18,22.72222222222222,PPO_v02_checkpoint_inference,False,False,6.6521739130434785,23.0,0.0,0.043478260869565216,0.46376811594202905,0.5362318840579711,0.782608695652174
24,"[21,17,3,7,9,13,5,1,11,15,19,23,2,0,18,20,22,4,8,10,12,14,6,16]","21,17,3,7,9,13,5,1,11,15,19,23,2,0,18,20,22,4,8,10,12,14,6,16",4fafded98e472610,E:\Projects\RL-LAM-ScanOpt\outputs\stage3_ppo_rl_lam_fea_addendum_v02_targeted_N24_N40\ppo_training_v02\checkpoints\N24_seed20260624_maskable_ppo_v02.zip,20260624,22660688,stochastic,0.6549937951091864,0.6479279952527792,0.026365469276025143,0.6347452606147667,False,18,22.242424242424242,PPO_v02_checkpoint_inference,False,False,6.6521739130434785,21.0,0.0,0.043478260869565216,0.46376811594202905,0.5362318840579711,0.782608695652174
24,"[21,17,3,7,9,13,5,11,1,15,23,19,0,2,18,20,22,4,8,10,12,14,16,6]","21,17,3,7,9,13,5,11,1,15,23,19,0,2,18,20,22,4,8,10,12,14,16,6",01786584dadf0fc5,E:\Projects\RL-LAM-ScanOpt\outputs\stage3_ppo_rl_lam_fea_addendum_v02_targeted_N24_N40\ppo_training_v02\checkpoints\N24_seed20260624_maskable_ppo_v02.zip,20260624,22660689,stochastic,0.6533802090486551,0.6439075138954276,0.022837840095167334,0.6324885938478438,False,16,22.40909090909091,PPO_v02_checkpoint_inference,False,False,6.913043478260869,19.0,0.0,0.043478260869565216,0.46376811594202905,0.5362318840579711,0.782608695652174
24,"[21,17,3,7,9,5,13,15,1,11,19,23,18,0,2,22,20,4,8,10,12,14,16,6]","21,17,3,7,9,5,13,15,1,11,19,23,18,0,2,22,20,4,8,10,12,14,16,6",349460059ff0f414,E:\Projects\RL-LAM-ScanOpt\outputs\stage3_ppo_rl_lam_fea_addendum_v02_targeted_N24_N40\ppo_training_v02\checkpoints\N24_seed20260624_maskable_ppo_v02.zip,20260624,22660690,stochastic,0.6543236799461498,0.6340407703038526,0.03608032935261214,0.6160006056275465,False,15,21.661616161616163,PPO_v02_checkpoint_inference,False,False,6.913043478260869,20.0,0.0,0.043478260869565216,0.5362318840579711,0.46376811594202905,0.782608695652174
24,"[21,17,3,7,9,13,5,1,19,11,15,23,0,2,20,18,4,22,8,10,12,14,6,16]","21,17,3,7,9,13,5,1,19,11,15,23,0,2,20,18,4,22,8,10,12,14,6,16",dd701e42512672bb,E:\Projects\RL-LAM-ScanOpt\outputs\stage3_ppo_rl_lam_fea_addendum_v02_targeted_N24_N40\ppo_training_v02\checkpoints\N24_seed20260624_maskable_ppo_v02.zip,20260624,22660691,stochastic,0.6516509691393213,0.6319611858784578,0.028106614524347477,0.6179078786162842,False,18,22.32323232323232,PPO_v02_checkpoint_inference,False,False,8.391304347826088,23.0,0.0,0.043478260869565216,0.46376811594202905,0.5362318840579711,0.782608695652174
24,"[21,17,3,7,9,13,5,1,15,11,23,19,0,18,2,20,22,8,10,4,12,6,14,16]","21,17,3,7,9,13,5,1,15,11,23,19,0,18,2,20,22,8,10,4,12,6,14,16",1f2d4f531790c051,E:\Projects\RL-LAM-ScanOpt\outputs\stage3_ppo_rl_lam_fea_addendum_v02_targeted_N24_N40\ppo_training_v02\checkpoints\N24_seed20260624_maskable_ppo_v02.zip,20260624,22660692,stochastic,0.669057874894341,0.6338313106115239,0.03198754685227265,0.6178375371853876,False,16,21.505050505050505,PPO_v02_checkpoint_inference,False,False,8.391304347826088,19.0,0.0,0.043478260869565216,0.46376811594202905,0.5362318840579711,0.782608695652174
24,"[21,17,3,7,13,9,5,11,1,15,19,23,18,0,2,20,22,4,8,10,12,14,6,16]","21,17,3,7,13,9,5,11,1,15,19,23,18,0,2,20,22,4,8,10,12,14,6,16",8dc85b30878ed3b7,E:\Projects\RL-LAM-ScanOpt\outputs\stage3_ppo_rl_lam_fea_addendum_v02_targeted_N24_N40\ppo_training_v02\checkpoints\N24_seed20260624_maskable_ppo_v02.zip,20260624,22660693,stochastic,0.6584063149708338,0.6422371922051452,0.024228954377639833,0.6301227150163253,False,17,21.914141414141415,PPO_v02_checkpoint_inference,False,False,7.173913043478261,18.0,0.0,0.043478260869565216,0.46376811594202905,0.5362318840579711,0.782608695652174
24,"[21,17,7,3,9,13,1,5,11,15,19,23,0,2,18,20,22,4,8,10,12,14,6,16]","21,17,7,3,9,13,1,5,11,15,19,23,0,2,18,20,22,4,8,10,12,14,6,16",afc53aa3942c8f94,E:\Projects\RL-LAM-ScanOpt\outputs\stage3_ppo_rl_lam_fea_addendum_v02_targeted_N24_N40\ppo_training_v02\checkpoints\N24_seed20260624_maskable_ppo_v02.zip,20260624,22660694,stochastic,0.6618605894466809,0.6482159936731005,0.031677349586277374,0.6323773188799617,False,18,22.61111111111111,PPO_v02_checkpoint_inference,False,False,6.6521739130434785,23.0,0.0,0.043478260869565216,0.46376811594202905,0.5362318840579711,0.782608695652174
24,"[21,17,3,7,9,13,5,1,23,11,15,19,0,2,18,20,22,4,8,10,12,14,6,16]","21,17,3,7,9,13,5,1,23,11,15,19,0,2,18,20,22,4,8,10,12,14,6,16",9d04b0d3055ed869,E:\Projects\RL-LAM-ScanOpt\outputs\stage3_ppo_rl_lam_fea_addendum_v02_targeted_N24_N40\ppo_training_v02\checkpoints\N24_seed20260624_maskable_ppo_v02.zip,20260624,22660695,stochastic,0.6549937951091864,0.6457564917469565,0.024036741873610778,0.6337381208101511,False,18,22.373737373737374,PPO_v02_checkpoint_inference,False,False,7.3478260869565215,22.0,0.0,0.043478260869565216,0.46376811594202905,0.5362318840579711,0.782608695652174
24,"[21,3,17,7,13,9,15,5,11,1,19,23,0,2,18,20,22,4,8,10,12,14,6,16]","21,3,17,7,13,9,15,5,11,1,19,23,0,2,18,20,22,4,8,10,12,14,6,16",cfe9215d4650ddd3,E:\Projects\RL-LAM-ScanOpt\outputs\stage3_ppo_rl_lam_fea_addendum_v02_targeted_N24_N40\ppo_training_v02\checkpoints\N24_seed20260624_maskable_ppo_v02.zip,20260624,22660696,stochastic,0.6504002137146199,0.6401671586098338,0.02091066409040705,0.6297118265646302,False,19,23.08080808080808,PPO_v02_checkpoint_inference,False,False,8.565217391304348,23.0,0.0,0.043478260869565216,0.463768115942029,0.5362318840579711,0.782608695652174
24,"[21,3,17,7,13,9,5,1,11,15,19,0,23,18,20,2,22,4,8,10,12,14,16,6]","21,3,17,7,13,9,5,1,11,15,19,0,23,18,20,2,22,4,8,10,12,14,16,6",4f3f120a45225fa2,E:\Projects\RL-LAM-ScanOpt\outputs\stage3_ppo_rl_lam_fea_addendum_v02_targeted_N24_N40\ppo_training_v02\checkpoints\N24_seed20260624_maskable_ppo_v02.zip,20260624,22660697,stochastic,0.5958159642278722,0.5954380046750903,0.0031031307355106545,0.593886439307335,False,16,22.565656565656564,PPO_v02_checkpoint_inference,False,False,8.91304347826087,23.0,0.0,0.13043478260869565,0.463768115942029,0.5362318840579711,0.782608695652174
24,"[21,3,17,7,13,9,5,1,11,15,19,23,0,20,2,18,22,4,8,10,12,14,6,16]","21,3,17,7,13,9,5,1,11,15,19,23,0,20,2,18,22,4,8,10,12,14,6,16",75b754e486b99269,E:\Projects\RL-LAM-ScanOpt\outputs\stage3_ppo_rl_lam_fea_addendum_v02_targeted_N24_N40\ppo_training_v02\checkpoints\N24_seed20260624_maskable_ppo_v02.zip,20260624,22660698,stochastic,0.6600199010313651,0.6421223811207944,0.024121267181669487,0.6300617475299597,False,18,22.585858585858585,PPO_v02_checkpoint_inference,False,False,9.08695652173913,23.0,0.0,0.043478260869565216,0.463768115942029,0.5362318840579711,0.782608695652174
24,"[21,17,3,7,13,9,5,11,1,15,19,23,18,0,2,20,22,4,8,10,12,6,14,16]","21,17,3,7,13,9,5,11,1,15,19,23,18,0,2,20,22,4,8,10,12,6,14,16",6656e59f33addf59,E:\Projects\RL-LAM-ScanOpt\outputs\stage3_ppo_rl_lam_fea_addendum_v02_targeted_N24_N40\ppo_training_v02\checkpoints\N24_seed20260624_maskable_ppo_v02.zip,20260624,22660699,stochastic,0.6584063149708338,0.6406151740730734,0.024594548127241437,0.6283179000094528,False,17,21.914141414141415,PPO_v02_checkpoint_inference,False,False,7.0,18.0,0.0,0.043478260869565216,0.46376811594202905,0.5362318840579711,0.782608695652174
24,"[21,17,3,7,9,13,11,5,15,1,19,23,0,2,18,20,22,4,8,10,12,14,6,16]","21,17,3,7,9,13,11,5,15,1,19,23,0,2,18,20,22,4,8,10,12,14,6,16",0af952c0390c7fd0,E:\Projects\RL-LAM-ScanOpt\outputs\stage3_ppo_rl_lam_fea_addendum_v02_targeted_N24_N40\ppo_training_v02\checkpoints\N24_seed20260624_maskable_ppo_v02.zip,20260624,22660700,stochastic,0.6504002137146199,0.6424411449420959,0.022233469613081872,0.631324410135555,False,19,22.666666666666668,PPO_v02_checkpoint_inference,False,False,7.521739130434782,23.0,0.0,0.043478260869565216,0.46376811594202905,0.5362318840579711,0.782608695652174
24,"[21,17,3,7,13,9,5,1,15,11,19,23,0,2,18,20,22,4,8,10,12,14,6,16]","21,17,3,7,13,9,5,1,15,11,19,23,0,2,18,20,22,4,8,10,12,14,6,16",51a3ad3080195818,E:\Projects\RL-LAM-ScanOpt\outputs\stage3_ppo_rl_lam_fea_addendum_v02_targeted_N24_N40\ppo_training_v02\checkpoints\N24_seed20260624_maskable_ppo_v02.zip,20260624,22660701,stochastic,0.6554263196367985,0.6434973545162672,0.022082624541870433,0.632456042245332,False,19,22.46969696969697,PPO_v02_checkpoint_inference,False,False,7.0,23.0,0.0,0.043478260869565216,0.46376811594202905,0.5362318840579711,0.782608695652174
24,"[21,3,17,7,13,9,11,1,5,15,19,0,23,18,2,20,22,4,8,10,12,6,14,16]","21,3,17,7,13,9,11,1,5,15,19,0,23,18,2,20,22,4,8,10,12,6,14,16",f9dc7386c615a675,E:\Projects\RL-LAM-ScanOpt\outputs\stage3_ppo_rl_lam_fea_addendum_v02_targeted_N24_N40\ppo_training_v02\checkpoints\N24_seed20260624_maskable_ppo_v02.zip,20260624,22660702,stochastic,0.6089859825964893,0.6083187799082851,0.01719385327239755,0.5997218532720863,False,18,22.52020202020202,PPO_v02_checkpoint_inference,False,False,9.0,23.0,0.0,0.13043478260869565,0.463768115942029,0.5362318840579711,0.782608695652174
24,"[21,3,17,7,9,13,5,11,1,15,19,23,0,18,2,22,20,4,8,10,12,6,14,16]","21,3,17,7,9,13,5,11,1,15,19,23,0,18,2,22,20,4,8,10,12,6,14,16",522f0369e2a9231c,E:\Projects\RL-LAM-ScanOpt\outputs\stage3_ppo_rl_lam_fea_addendum_v02_targeted_N24_N40\ppo_training_v02\checkpoints\N24_seed20260624_maskable_ppo_v02.zip,20260624,22660703,stochastic,0.6600199010313651,0.6393031777800369,0.024695994578957117,0.6269551804905583,False,18,22.18686868686869,PPO_v02_checkpoint_inference,False,False,9.26086956521739,23.0,0.0,0.043478260869565216,0.463768115942029,0.5362318840579711,0.782608695652174
24,"[21,17,3,7,9,13,5,1,11,15,19,23,0,2,18,22,20,4,8,10,12,14,6,16]","21,17,3,7,9,13,5,1,11,15,19,23,0,2,18,22,20,4,8,10,12,14,6,16",a90dfde09c779faa,E:\Projects\RL-LAM-ScanOpt\outputs\stage3_ppo_rl_lam_fea_addendum_v02_targeted_N24_N40\ppo_training_v02\checkpoints\N24_seed20260624_maskable_ppo_v02.zip,20260624,22660704,stochastic,0.6549937951091864,0.6503063940925252,0.026640028271845733,0.6369863799566023,False,18,22.515151515151516,PPO_v02_checkpoint_inference,False,False,6.6521739130434785,23.0,0.0,0.043478260869565216,0.46376811594202905,0.5362318840579711,0.782608695652174
24,"[21,3,17,7,13,9,5,1,15,11,23,19,20,0,2,18,22,4,8,10,12,14,6,16]","21,3,17,7,13,9,5,1,15,11,23,19,20,0,2,18,22,4,8,10,12,14,6,16",dff3c6f337c174a6,E:\Projects\RL-LAM-ScanOpt\outputs\stage3_ppo_rl_lam_fea_addendum_v02_targeted_N24_N40\ppo_training_v02\checkpoints\N24_seed20260624_maskable_ppo_v02.zip,20260624,22660705,stochastic,0.6465771812402208,0.6298493186126375,0.025756882526264985,0.616970877349505,False,18,22.2020202020202,PPO_v02_checkpoint_inference,False,False,7.956521739130435,20.0,0.043478260869565216,0.043478260869565216,0.463768115942029,0.5362318840579711,0.782608695652174
24,"[21,17,3,7,9,13,5,11,1,15,19,23,18,0,2,20,22,4,8,10,12,14,6,16]","21,17,3,7,9,13,5,11,1,15,19,23,18,0,2,20,22,4,8,10,12,14,6,16",e4a08f04bf34afea,E:\Projects\RL-LAM-ScanOpt\outputs\stage3_ppo_rl_lam_fea_addendum_v02_targeted_N24_N40\ppo_training_v02\checkpoints\N24_seed20260624_maskable_ppo_v02.zip,20260624,22660706,stochastic,0.6533802090486551,0.6432497929101617,0.0246930193622208,0.6309032832290513,False,16,21.68686868686869,PPO_v02_checkpoint_inference,False,False,7.173913043478261,18.0,0.0,0.043478260869565216,0.46376811594202905,0.5362318840579711,0.782608695652174
24,"[21,17,7,3,9,13,5,1,11,19,15,23,0,2,18,20,22,4,8,10,12,14,6,16]","21,17,7,3,9,13,5,1,11,19,15,23,0,2,18,20,22,4,8,10,12,14,6,16",ecb877023557149e,E:\Projects\RL-LAM-ScanOpt\outputs\stage3_ppo_rl_lam_fea_addendum_v02_targeted_N24_N40\ppo_training_v02\checkpoints\N24_seed20260624_maskable_ppo_v02.zip,20260624,22660707,stochastic,0.6600199010313651,0.6503104934879365,0.025559638068343986,0.6375306744537644,False,18,22.585858585858585,PPO_v02_checkpoint_inference,False,False,7.0,23.0,0.0,0.043478260869565216,0.46376811594202905,0.5362318840579711,0.782608695652174
24,"[21,17,3,7,9,13,5,1,11,15,19,23,0,2,18,22,20,4,8,10,12,14,6,16]","21,17,3,7,9,13,5,1,11,15,19,23,0,2,18,22,20,4,8,10,12,14,6,16",a90dfde09c779faa,E:\Projects\RL-LAM-ScanOpt\outputs\stage3_ppo_rl_lam_fea_addendum_v02_targeted_N24_N40\ppo_training_v02\checkpoints\N24_seed20260624_maskable_ppo_v02.zip,20260624,22660708,stochastic,0.6549937951091864,0.6503063940925251,0.0266400282718457,0.6369863799566022,False,18,22.515151515151516,PPO_v02_checkpoint_inference,False,False,6.6521739130434785,23.0,0.0,0.043478260869565216,0.46376811594202905,0.5362318840579711,0.782608695652174
24,"[21,3,17,7,9,13,5,11,1,19,23,15,0,2,18,20,22,4,8,10,12,14,6,16]","21,3,17,7,9,13,5,11,1,19,23,15,0,2,18,20,22,4,8,10,12,14,6,16",9c2d5b78b3654066,E:\Projects\RL-LAM-ScanOpt\outputs\stage3_ppo_rl_lam_fea_addendum_v02_targeted_N24_N40\ppo_training_v02\checkpoints\N24_seed20260624_maskable_ppo_v02.zip,20260624,22660709,stochastic,0.6540221151572495,0.6418381991944623,0.022701093232846838,0.6304876525780388,False,18,22.681818181818183,PPO_v02_checkpoint_inference,False,False,8.043478260869565,18.0,0.0,0.043478260869565216,0.463768115942029,0.5362318840579711,0.782608695652174
24,"[21,17,7,3,13,9,5,11,1,15,19,23,0,2,18,22,20,4,10,8,12,14,6,16]","21,17,7,3,13,9,5,11,1,15,19,23,0,2,18,22,20,4,10,8,12,14,6,16",cf0faa1227b51e82,E:\Projects\RL-LAM-ScanOpt\outputs\stage3_ppo_rl_lam_fea_addendum_v02_targeted_N24_N40\ppo_training_v02\checkpoints\N24_seed20260624_maskable_ppo_v02.zip,20260624,22660710,stochastic,0.6635397315655753,0.6354353643784055,0.028435752441886147,0.6212174881574625,False,18,22.227272727272727,PPO_v02_checkpoint_inference,False,False,7.3478260869565215,23.0,0.0,0.043478260869565216,0.46376811594202905,0.5362318840579711,0.782608695652174
24,"[21,17,3,7,9,13,5,11,1,15,19,23,0,2,18,20,4,22,8,10,12,6,14,16]","21,17,3,7,9,13,5,11,1,15,19,23,0,2,18,20,4,22,8,10,12,6,14,16",ecf90c33b7fdb05a,E:\Projects\RL-LAM-ScanOpt\outputs\stage3_ppo_rl_lam_fea_addendum_v02_targeted_N24_N40\ppo_training_v02\checkpoints\N24_seed20260624_maskable_ppo_v02.zip,20260624,22660711,stochastic,0.6549937951091864,0.6420513539409555,0.023203326701349725,0.6304496905902806,False,18,22.252525252525253,PPO_v02_checkpoint_inference,False,False,8.043478260869565,23.0,0.0,0.043478260869565216,0.46376811594202905,0.5362318840579711,0.782608695652174
24,"[21,17,3,7,9,13,5,15,1,11,19,23,0,2,18,20,22,4,8,10,12,6,14,16]","21,17,3,7,9,13,5,15,1,11,19,23,0,2,18,20,22,4,8,10,12,6,14,16",ea52a1126e1132f7,E:\Projects\RL-LAM-ScanOpt\outputs\stage3_ppo_rl_lam_fea_addendum_v02_targeted_N24_N40\ppo_training_v02\checkpoints\N24_seed20260624_maskable_ppo_v02.zip,20260624,22660712,stochastic,0.6572670080521144,0.6422714891704834,0.023351398537272066,0.6305957899018474,False,17,22.08080808080808,PPO_v02_checkpoint_inference,False,False,7.3478260869565215,23.0,0.0,0.043478260869565216,0.46376811594202905,0.5362318840579711,0.782608695652174
24,"[21,17,3,7,9,13,5,1,11,15,23,19,2,0,18,20,22,4,8,10,12,6,14,16]","21,17,3,7,9,13,5,1,11,15,23,19,2,0,18,20,22,4,8,10,12,6,14,16",a45772c7418ad94f,E:\Projects\RL-LAM-ScanOpt\outputs\stage3_ppo_rl_lam_fea_addendum_v02_targeted_N24_N40\ppo_training_v02\checkpoints\N24_seed20260624_maskable_ppo_v02.zip,20260624,22660713,stochastic,0.6584063149708338,0.6476666214401778,0.025465059500449118,0.6349340916899533,False,18,22.40909090909091,PPO_v02_checkpoint_inference,False,False,6.478260869565218,18.0,0.0,0.043478260869565216,0.46376811594202905,0.5362318840579711,0.782608695652174
24,"[21,17,3,7,9,13,5,11,1,15,19,23,0,2,18,20,22,4,8,10,12,14,16,6]","21,17,3,7,9,13,5,11,1,15,19,23,0,2,18,20,22,4,8,10,12,14,16,6",95f8d4705fd22667,E:\Projects\RL-LAM-ScanOpt\outputs\stage3_ppo_rl_lam_fea_addendum_v02_targeted_N24_N40\ppo_training_v02\checkpoints\N24_seed20260624_maskable_ppo_v02.zip,20260624,22660714,stochastic,0.6618605894466809,0.6457188647211349,0.023799189700086636,0.6338192698710916,False,17,22.242424242424242,PPO_v02_checkpoint_inference,False,False,6.913043478260869,23.0,0.0,0.043478260869565216,0.46376811594202905,0.5362318840579711,0.782608695652174
24,"[21,17,7,3,9,13,5,11,23,1,15,19,0,2,18,22,20,4,8,10,12,6,14,16]","21,17,7,3,9,13,5,11,23,1,15,19,0,2,18,22,20,4,8,10,12,6,14,16",6478a4a2fa6837c6,E:\Projects\RL-LAM-ScanOpt\outputs\stage3_ppo_rl_lam_fea_addendum_v02_targeted_N24_N40\ppo_training_v02\checkpoints\N24_seed20260624_maskable_ppo_v02.zip,20260624,22660715,stochastic,0.6600199010313651,0.6439564185246454,0.024678330315183065,0.6316172533670539,False,18,22.545454545454547,PPO_v02_checkpoint_inference,False,False,7.695652173913044,22.0,0.0,0.043478260869565216,0.46376811594202905,0.5362318840579711,0.782608695652174
24,"[21,3,17,7,13,9,5,11,1,15,19,23,0,2,18,20,22,4,8,10,12,14,6,16]","21,3,17,7,13,9,5,11,1,15,19,23,0,2,18,20,22,4,8,10,12,14,6,16",ce26e95168a75b05,E:\Projects\RL-LAM-ScanOpt\outputs\stage3_ppo_rl_lam_fea_addendum_v02_targeted_N24_N40\ppo_training_v02\checkpoints\N24_seed20260624_maskable_ppo_v02.zip,20260624,22660716,stochastic,0.6549937951091864,0.6425043312523845,0.022231584735928924,0.63138853888442,False,18,22.7020202020202,PPO_v02_checkpoint_inference,False,False,8.043478260869565,23.0,0.0,0.043478260869565216,0.463768115942029,0.5362318840579711,0.782608695652174
24,"[21,17,3,13,7,9,1,5,11,23,19,15,0,18,2,20,22,4,8,10,12,14,16,6]","21,17,3,13,7,9,1,5,11,23,19,15,0,18,2,20,22,4,8,10,12,14,16,6",dba7e4e36b20e3d4,E:\Projects\RL-LAM-ScanOpt\outputs\stage3_ppo_rl_lam_fea_addendum_v02_targeted_N24_N40\ppo_training_v02\checkpoints\N24_seed20260624_maskable_ppo_v02.zip,20260624,22660717,stochastic,0.6513456504720142,0.621655517212933,0.03273177281313668,0.6052896308063647,False,17,22.32323232323232,PPO_v02_checkpoint_inference,False,False,7.956521739130435,18.0,0.0,0.043478260869565216,0.46376811594202905,0.5362318840579711,0.782608695652174
24,"[21,17,3,7,9,13,11,5,1,15,19,23,0,2,18,22,20,4,8,10,12,14,16,6]","21,17,3,7,9,13,11,5,1,15,19,23,0,2,18,22,20,4,8,10,12,14,16,6",980f30596b56911f,E:\Projects\RL-LAM-ScanOpt\outputs\stage3_ppo_rl_lam_fea_addendum_v02_targeted_N24_N40\ppo_training_v02\checkpoints\N24_seed20260624_maskable_ppo_v02.zip,20260624,22660718,stochastic,0.6600199010313651,0.6473013318715078,0.024593010728114272,0.6350048265074507,False,17,22.46969696969697,PPO_v02_checkpoint_inference,False,False,6.391304347826087,23.0,0.0,0.043478260869565216,0.46376811594202905,0.5362318840579711,0.782608695652174
24,"[21,17,7,3,13,9,15,5,1,11,19,23,0,2,18,20,22,4,8,10,12,14,6,16]","21,17,7,3,13,9,15,5,1,11,19,23,0,2,18,20,22,4,8,10,12,14,6,16",c46dd5b519a18c63,E:\Projects\RL-LAM-ScanOpt\outputs\stage3_ppo_rl_lam_fea_addendum_v02_targeted_N24_N40\ppo_training_v02\checkpoints\N24_seed20260624_maskable_ppo_v02.zip,20260624,22660719,stochastic,0.6554263196367985,0.6425153306966787,0.02148957020338493,0.6317705455949862,False,18,22.424242424242426,PPO_v02_checkpoint_inference,False,False,7.173913043478261,23.0,0.0,0.043478260869565216,0.46376811594202905,0.5362318840579711,0.782608695652174
24,"[21,17,3,7,9,13,5,1,11,23,19,15,0,18,2,20,22,4,8,10,12,14,6,16]","21,17,3,7,9,13,5,1,11,23,19,15,0,18,2,20,22,4,8,10,12,14,6,16",310f670d7c573cda,E:\Projects\RL-LAM-ScanOpt\outputs\stage3_ppo_rl_lam_fea_addendum_v02_targeted_N24_N40\ppo_training_v02\checkpoints\N24_seed20260624_maskable_ppo_v02.zip,20260624,22660720,stochastic,0.6513456504720142,0.6304538929528046,0.027150355421386094,0.6168787152421116,False,18,22.161616161616163,PPO_v02_checkpoint_inference,False,False,8.043478260869565,18.0,0.0,0.043478260869565216,0.46376811594202905,0.5362318840579711,0.782608695652174
24,"[21,3,17,7,9,13,5,1,11,15,19,23,0,2,18,4,20,22,8,10,12,14,6,16]","21,3,17,7,9,13,5,1,11,15,19,23,0,2,18,4,20,22,8,10,12,14,6,16",65c82a854f795937,E:\Projects\RL-LAM-ScanOpt\outputs\stage3_ppo_rl_lam_fea_addendum_v02_targeted_N24_N40\ppo_training_v02\checkpoints\N24_seed20260624_maskable_ppo_v02.zip,20260624,22660721,stochastic,0.6549937951091864,0.6473753495719174,0.025192286550804254,0.6347792062965153,False,18,22.32323232323232,PPO_v02_checkpoint_inference,False,False,8.391304347826088,23.0,0.0,0.043478260869565216,0.463768115942029,0.5362318840579711,0.782608695652174
24,"[21,3,17,7,9,13,5,1,11,15,19,23,0,2,18,20,22,4,8,6,12,10,14,16]","21,3,17,7,9,13,5,1,11,15,19,23,0,2,18,20,22,4,8,6,12,10,14,16",c13cf1f80061e36e,E:\Projects\RL-LAM-ScanOpt\outputs\stage3_ppo_rl_lam_fea_addendum_v02_targeted_N24_N40\ppo_training_v02\checkpoints\N24_seed20260624_maskable_ppo_v02.zip,20260624,22660722,stochastic,0.6549937951091864,0.6426724258318951,0.025648161086856573,0.6298483452884668,False,20,22.67676767676768,PPO_v02_checkpoint_inference,False,False,7.173913043478261,23.0,0.0,0.043478260869565216,0.463768115942029,0.5362318840579711,0.782608695652174
24,"[21,3,17,7,9,13,5,19,11,1,15,23,0,2,18,20,22,4,8,10,12,14,16,6]","21,3,17,7,9,13,5,19,11,1,15,23,0,2,18,20,22,4,8,10,12,14,16,6",e76f994bbe3f7e54,E:\Projects\RL-LAM-ScanOpt\outputs\stage3_ppo_rl_lam_fea_addendum_v02_targeted_N24_N40\ppo_training_v02\checkpoints\N24_seed20260624_maskable_ppo_v02.zip,20260624,22660723,stochastic,0.6549937951091864,0.6413355275202353,0.02174922054494855,0.630460917247761,False,18,22.772727272727273,PPO_v02_checkpoint_inference,False,False,8.478260869565217,23.0,0.0,0.043478260869565216,0.463768115942029,0.5362318840579711,0.782608695652174
24,"[21,17,3,7,13,9,1,5,11,15,19,23,0,2,18,20,22,4,8,10,12,6,14,16]","21,17,3,7,13,9,1,5,11,15,19,23,0,2,18,20,22,4,8,10,12,6,14,16",b83816a709236c17,E:\Projects\RL-LAM-ScanOpt\outputs\stage3_ppo_rl_lam_fea_addendum_v02_targeted_N24_N40\ppo_training_v02\checkpoints\N24_seed20260624_maskable_ppo_v02.zip,20260624,22660724,stochastic,0.6618605894466809,0.6429499383605843,0.03260516027905979,0.6266473582210544,False,18,22.904040404040405,PPO_v02_checkpoint_inference,False,False,6.478260869565218,23.0,0.0,0.043478260869565216,0.46376811594202905,0.5362318840579711,0.782608695652174
24,"[21,17,3,7,9,13,5,1,11,15,19,23,0,2,18,20,22,4,8,10,12,6,14,16]","21,17,3,7,9,13,5,1,11,15,19,23,0,2,18,20,22,4,8,10,12,6,14,16",1136b34c81d35221,E:\Projects\RL-LAM-ScanOpt\outputs\stage3_ppo_rl_lam_fea_addendum_v02_targeted_N24_N40\ppo_training_v02\checkpoints\N24_seed20260624_maskable_ppo_v02.zip,20260624,22660725,stochastic,0.6618605894466809,0.6500225558517252,0.02806032345474877,0.6359923941243508,False,19,22.494949494949495,PPO_v02_checkpoint_inference,False,False,6.478260869565218,23.0,0.0,0.043478260869565216,0.46376811594202905,0.5362318840579711,0.782608695652174
24,"[21,17,3,7,13,9,5,11,1,23,15,19,0,18,2,20,22,8,4,10,12,14,6,16]","21,17,3,7,13,9,5,11,1,23,15,19,0,18,2,20,22,8,4,10,12,14,6,16",49955544239e3322,E:\Projects\RL-LAM-ScanOpt\outputs\stage3_ppo_rl_lam_fea_addendum_v02_targeted_N24_N40\ppo_training_v02\checkpoints\N24_seed20260624_maskable_ppo_v02.zip,20260624,22660726,stochastic,0.6590438798713836,0.6301468863706456,0.03099686327699937,0.6146484547321459,False,18,22.03030303030303,PPO_v02_checkpoint_inference,False,False,8.91304347826087,22.0,0.0,0.043478260869565216,0.46376811594202905,0.5362318840579711,0.782608695652174
24,"[21,17,3,7,9,13,5,1,11,15,23,19,2,18,0,20,22,4,8,10,12,14,6,16]","21,17,3,7,9,13,5,1,11,15,23,19,2,18,0,20,22,4,8,10,12,14,6,16",4a599edda51f112a,E:\Projects\RL-LAM-ScanOpt\outputs\stage3_ppo_rl_lam_fea_addendum_v02_targeted_N24_N40\ppo_training_v02\checkpoints\N24_seed20260624_maskable_ppo_v02.zip,20260624,22660727,stochastic,0.6600199010313651,0.6452195628885143,0.024448374810684705,0.632995375483172,False,16,22.747474747474747,PPO_v02_checkpoint_inference,False,False,8.043478260869565,20.0,0.0,0.043478260869565216,0.46376811594202905,0.5362318840579711,0.782608695652174
24,"[21,17,3,9,7,13,5,1,11,15,23,0,19,18,2,20,4,22,8,10,12,14,6,16]","21,17,3,9,7,13,5,1,11,15,23,0,19,18,2,20,4,22,8,10,12,14,6,16",12e84af9e1ab3d58,E:\Projects\RL-LAM-ScanOpt\outputs\stage3_ppo_rl_lam_fea_addendum_v02_targeted_N24_N40\ppo_training_v02\checkpoints\N24_seed20260624_maskable_ppo_v02.zip,20260624,22660728,stochastic,0.6593533806673882,0.6144487015573595,0.02613863189509198,0.6013793856098135,False,18,22.57070707070707,PPO_v02_checkpoint_inference,False,False,9.347826086956522,23.0,0.043478260869565216,0.13043478260869565,0.46376811594202905,0.5362318840579711,0.782608695652174
24,"[21,17,7,3,13,9,1,11,5,15,23,19,0,2,18,20,22,4,8,10,12,14,6,16]","21,17,7,3,13,9,1,11,5,15,23,19,0,2,18,20,22,4,8,10,12,14,6,16",7769d6eee9746ea5,E:\Projects\RL-LAM-ScanOpt\outputs\stage3_ppo_rl_lam_fea_addendum_v02_targeted_N24_N40\ppo_training_v02\checkpoints\N24_seed20260624_maskable_ppo_v02.zip,20260624,22660729,stochastic,0.6507037443634198,0.6267229071553297,0.0333183076005713,0.6100637533550441,False,17,23.03030303030303,PPO_v02_checkpoint_inference,False,False,7.173913043478261,19.0,0.0,0.043478260869565216,0.46376811594202905,0.5362318840579711,0.782608695652174
24,"[21,3,17,7,9,13,5,11,1,15,19,23,0,18,2,20,22,4,6,10,12,14,16,8]","21,3,17,7,9,13,5,11,1,15,19,23,0,18,2,20,22,4,6,10,12,14,16,8",818c5abf7946e3f2,E:\Projects\RL-LAM-ScanOpt\outputs\stage3_ppo_rl_lam_fea_addendum_v02_targeted_N24_N40\ppo_training_v02\checkpoints\N24_seed20260624_maskable_ppo_v02.zip,20260624,22660730,stochastic,0.6549937951091864,0.6383228738167869,0.021441058214072543,0.6276023447097506,False,18,22.126262626262626,PPO_v02_checkpoint_inference,False,False,9.08695652173913,23.0,0.0,0.043478260869565216,0.463768115942029,0.5362318840579711,0.782608695652174
24,"[21,17,3,7,13,9,5,11,1,15,23,19,0,2,18,22,20,4,8,10,12,14,6,16]","21,17,3,7,13,9,5,11,1,15,23,19,0,2,18,22,20,4,8,10,12,14,6,16",367398ff607a59a7,E:\Projects\RL-LAM-ScanOpt\outputs\stage3_ppo_rl_lam_fea_addendum_v02_targeted_N24_N40\ppo_training_v02\checkpoints\N24_seed20260624_maskable_ppo_v02.zip,20260624,22660731,stochastic,0.6507037443634198,0.6323869724591846,0.025614195659841594,0.6195798746292638,False,17,22.71212121212121,PPO_v02_checkpoint_inference,False,False,7.173913043478261,19.0,0.0,0.043478260869565216,0.46376811594202905,0.5362318840579711,0.782608695652174
24,"[21,3,17,7,9,13,5,1,15,11,23,19,0,18,2,20,22,4,8,10,12,14,16,6]","21,3,17,7,9,13,5,1,15,11,23,19,0,18,2,20,22,4,8,10,12,14,16,6",358ffb7a14b1ac28,E:\Projects\RL-LAM-ScanOpt\outputs\stage3_ppo_rl_lam_fea_addendum_v02_targeted_N24_N40\ppo_training_v02\checkpoints\N24_seed20260624_maskable_ppo_v02.zip,20260624,22660732,stochastic,0.6449635951796895,0.6255079770702546,0.02569691339510792,0.6126595203727007,False,17,22.22222222222222,PPO_v02_checkpoint_inference,False,False,9.0,19.0,0.0,0.043478260869565216,0.463768115942029,0.5362318840579711,0.782608695652174
24,"[21,17,3,7,9,13,5,1,11,15,19,23,2,0,18,20,22,4,8,10,12,14,6,16]","21,17,3,7,9,13,5,1,11,15,19,23,2,0,18,20,22,4,8,10,12,14,6,16",4fafded98e472610,E:\Projects\RL-LAM-ScanOpt\outputs\stage3_ppo_rl_lam_fea_addendum_v02_targeted_N24_N40\ppo_training_v02\checkpoints\N24_seed20260624_maskable_ppo_v02.zip,20260624,22660733,stochastic,0.6549937951091864,0.6479279952527792,0.02636546927602522,0.6347452606147667,False,18,22.242424242424242,PPO_v02_checkpoint_inference,False,False,6.6521739130434785,21.0,0.0,0.043478260869565216,0.46376811594202905,0.5362318840579711,0.782608695652174
24,"[21,17,3,7,9,13,5,11,1,15,19,23,0,2,18,20,22,4,8,10,12,6,14,16]","21,17,3,7,9,13,5,11,1,15,19,23,0,2,18,20,22,4,8,10,12,6,14,16",abfd179f4849c363,E:\Projects\RL-LAM-ScanOpt\outputs\stage3_ppo_rl_lam_fea_addendum_v02_targeted_N24_N40\ppo_training_v02\checkpoints\N24_seed20260624_maskable_ppo_v02.zip,20260624,22660734,stochastic,0.6618605894466809,0.6451388403848892,0.025672083781527466,0.6323027984941255,False,18,22.2979797979798,PPO_v02_checkpoint_inference,False,False,7.0,23.0,0.0,0.043478260869565216,0.46376811594202905,0.5362318840579711,0.782608695652174
24,"[21,17,3,7,13,9,11,5,1,15,23,19,0,2,20,18,22,4,8,10,12,14,6,16]","21,17,3,7,13,9,11,5,1,15,23,19,0,2,20,18,22,4,8,10,12,14,6,16",defd5a535f96475a,E:\Projects\RL-LAM-ScanOpt\outputs\stage3_ppo_rl_lam_fea_addendum_v02_targeted_N24_N40\ppo_training_v02\checkpoints\N24_seed20260624_maskable_ppo_v02.zip,20260624,22660735,stochastic,0.6507037443634198,0.6311036105725517,0.024230648918787578,0.6189882861131579,False,17,22.8989898989899,PPO_v02_checkpoint_inference,False,False,7.0,19.0,0.0,0.043478260869565216,0.46376811594202905,0.5362318840579711,0.782608695652174
24,"[21,17,7,3,9,13,5,11,1,15,23,19,0,2,18,20,22,8,10,4,12,14,6,16]","21,17,7,3,9,13,5,11,1,15,23,19,0,2,18,20,22,8,10,4,12,14,6,16",69a34884d9e71743,E:\Projects\RL-LAM-ScanOpt\outputs\stage3_ppo_rl_lam_fea_addendum_v02_targeted_N24_N40\ppo_training_v02\checkpoints\N24_seed20260624_maskable_ppo_v02.zip,20260624,22660736,stochastic,0.6347946924851282,0.630997249696598,0.023424497776322016,0.619285000808437,False,17,21.803030303030305,PPO_v02_checkpoint_inference,False,False,7.3478260869565215,19.0,0.0,0.043478260869565216,0.46376811594202905,0.5362318840579711,0.782608695652174
24,"[21,17,3,7,9,13,5,15,11,1,19,23,0,2,18,20,22,4,8,10,12,6,14,16]","21,17,3,7,9,13,5,15,11,1,19,23,0,2,18,20,22,4,8,10,12,6,14,16",242bf03ce8d75cbc,E:\Projects\RL-LAM-ScanOpt\outputs\stage3_ppo_rl_lam_fea_addendum_v02_targeted_N24_N40\ppo_training_v02\checkpoints\N24_seed20260624_maskable_ppo_v02.zip,20260624,22660737,stochastic,0.6504002137146199,0.6402683918269445,0.022061350428086757,0.6292377166129012,False,19,22.494949494949495,PPO_v02_checkpoint_inference,False,False,7.3478260869565215,23.0,0.0,0.043478260869565216,0.46376811594202905,0.5362318840579711,0.782608695652174
24,"[21,3,17,7,9,13,5,11,1,15,19,23,0,2,18,20,22,4,8,10,12,14,6,16]","21,3,17,7,9,13,5,11,1,15,19,23,0,2,18,20,22,4,8,10,12,14,6,16",58e9b8eb47a255aa,E:\Projects\RL-LAM-ScanOpt\outputs\stage3_ppo_rl_lam_fea_addendum_v02_targeted_N24_N40\ppo_training_v02\checkpoints\N24_seed20260624_maskable_ppo_v02.zip,20260624,22660738,stochastic,0.6618605894466809,0.6460816527216988,0.024629068190570584,0.6337671186264136,False,18,22.474747474747474,PPO_v02_checkpoint_inference,False,False,8.043478260869565,23.0,0.0,0.043478260869565216,0.463768115942029,0.5362318840579711,0.782608695652174
24,"[21,17,3,7,13,9,1,11,5,15,19,18,23,0,2,20,22,4,8,10,12,14,6,16]","21,17,3,7,13,9,1,11,5,15,19,18,23,0,2,20,22,4,8,10,12,14,6,16",e2f4557e070b6084,E:\Projects\RL-LAM-ScanOpt\outputs\stage3_ppo_rl_lam_fea_addendum_v02_targeted_N24_N40\ppo_training_v02\checkpoints\N24_seed20260624_maskable_ppo_v02.zip,20260624,22660739,stochastic,0.6061516085388463,0.6015203243144234,0.009559532069578543,0.5967405582796341,False,17,21.984848484848484,PPO_v02_checkpoint_inference,False,False,7.260869565217392,23.0,0.043478260869565216,0.13043478260869565,0.46376811594202905,0.5362318840579711,0.782608695652174
24,"[21,17,3,7,9,13,1,5,11,19,15,23,0,18,2,20,22,4,8,10,12,14,16,6]","21,17,3,7,9,13,1,5,11,19,15,23,0,18,2,20,22,4,8,10,12,14,16,6",ac88ca6e7ca7a681,E:\Projects\RL-LAM-ScanOpt\outputs\stage3_ppo_rl_lam_fea_addendum_v02_targeted_N24_N40\ppo_training_v02\checkpoints\N24_seed20260624_maskable_ppo_v02.zip,20260624,22660740,stochastic,0.6549937951091864,0.6378397820071546,0.027597821047626012,0.6240408714833416,False,17,22.46969696969697,PPO_v02_checkpoint_inference,False,False,8.130434782608695,23.0,0.0,0.043478260869565216,0.46376811594202905,0.5362318840579711,0.782608695652174
24,"[21,17,3,7,13,9,5,1,19,15,11,23,0,2,18,20,22,4,8,10,12,14,6,16]","21,17,3,7,13,9,5,1,19,15,11,23,0,2,18,20,22,4,8,10,12,14,6,16",8826eeb3e4dcb285,E:\Projects\RL-LAM-ScanOpt\outputs\stage3_ppo_rl_lam_fea_addendum_v02_targeted_N24_N40\ppo_training_v02\checkpoints\N24_seed20260624_maskable_ppo_v02.zip,20260624,22660741,stochastic,0.6523173304239511,0.6312672645059327,0.02599479014542195,0.6182698694332217,False,18,22.88888888888889,PPO_v02_checkpoint_inference,False,False,7.3478260869565215,23.0,0.0,0.043478260869565216,0.46376811594202905,0.5362318840579711,0.782608695652174
24,"[21,3,17,9,7,13,5,1,15,11,23,19,0,2,18,20,22,8,10,4,12,14,6,16]","21,3,17,9,7,13,5,1,15,11,23,19,0,2,18,20,22,8,10,4,12,14,6,16",e364769226463196,E:\Projects\RL-LAM-ScanOpt\outputs\stage3_ppo_rl_lam_fea_addendum_v02_targeted_N24_N40\ppo_training_v02\checkpoints\N24_seed20260624_maskable_ppo_v02.zip,20260624,22660742,stochastic,0.669057874894341,0.6372609263284065,0.03017124088620907,0.6221753058853019,False,19,22.166666666666668,PPO_v02_checkpoint_inference,False,False,8.043478260869565,19.0,0.0,0.043478260869565216,0.463768115942029,0.5362318840579711,0.782608695652174
24,"[21,17,7,3,9,13,5,1,11,19,15,23,0,2,18,20,22,4,8,10,12,6,14,16]","21,17,7,3,9,13,5,1,11,19,15,23,0,2,18,20,22,4,8,10,12,6,14,16",73f07048df2f016c,E:\Projects\RL-LAM-ScanOpt\outputs\stage3_ppo_rl_lam_fea_addendum_v02_targeted_N24_N40\ppo_training_v02\checkpoints\N24_seed20260624_maskable_ppo_v02.zip,20260624,22660743,stochastic,0.6600199010313651,0.6484721047974888,0.02572270628617226,0.6356107516544027,False,18,22.585858585858585,PPO_v02_checkpoint_inference,False,False,6.826086956521739,23.0,0.0,0.043478260869565216,0.46376811594202905,0.5362318840579711,0.782608695652174
24,"[21,17,3,7,9,13,1,11,5,19,15,23,0,2,18,20,22,4,8,10,12,14,6,16]","21,17,3,7,9,13,1,11,5,19,15,23,0,2,18,20,22,4,8,10,12,14,6,16",285ea40dfbdbb0f4,E:\Projects\RL-LAM-ScanOpt\outputs\stage3_ppo_rl_lam_fea_addendum_v02_targeted_N24_N40\ppo_training_v02\checkpoints\N24_seed20260624_maskable_ppo_v02.zip,20260624,22660744,stochastic,0.6549937951091864,0.6383928178221573,0.02882534218310582,0.6239801467306044,False,18,22.858585858585858,PPO_v02_checkpoint_inference,False,False,7.521739130434782,23.0,0.0,0.043478260869565216,0.46376811594202905,0.5362318840579711,0.782608695652174
24,"[21,17,9,3,7,13,5,1,15,11,19,23,18,0,2,20,4,22,8,10,12,14,6,16]","21,17,9,3,7,13,5,1,15,11,19,23,18,0,2,20,4,22,8,10,12,14,6,16",421aee131b46843d,E:\Projects\RL-LAM-ScanOpt\outputs\stage3_ppo_rl_lam_fea_addendum_v02_targeted_N24_N40\ppo_training_v02\checkpoints\N24_seed20260624_maskable_ppo_v02.zip,20260624,22660745,stochastic,0.6519719791781917,0.6239060013008088,0.0350189375252814,0.606396532538168,False,16,21.737373737373737,PPO_v02_checkpoint_inference,False,False,8.043478260869565,18.0,0.0,0.043478260869565216,0.46376811594202905,0.536231884057971,0.782608695652174
24,"[21,17,3,7,13,9,1,5,11,15,23,19,2,0,18,20,22,4,8,10,12,14,6,16]","21,17,3,7,13,9,1,5,11,15,23,19,2,0,18,20,22,4,8,10,12,14,6,16",1d223ce70c170901,E:\Projects\RL-LAM-ScanOpt\outputs\stage3_ppo_rl_lam_fea_addendum_v02_targeted_N24_N40\ppo_training_v02\checkpoints\N24_seed20260624_maskable_ppo_v02.zip,20260624,22660746,stochastic,0.6584063149708338,0.6424784480540362,0.028529627527645776,0.6282136342902133,False,16,22.818181818181817,PPO_v02_checkpoint_inference,False,False,6.6521739130434785,18.0,0.0,0.043478260869565216,0.46376811594202905,0.5362318840579711,0.782608695652174
24,"[21,3,17,7,13,9,5,1,11,15,23,19,0,2,18,20,22,4,8,10,12,14,6,16]","21,3,17,7,13,9,5,1,11,15,23,19,0,2,18,20,22,4,8,10,12,14,6,16",e44290ebe7dabb07,E:\Projects\RL-LAM-ScanOpt\outputs\stage3_ppo_rl_lam_fea_addendum_v02_targeted_N24_N40\ppo_training_v02\checkpoints\N24_seed20260624_maskable_ppo_v02.zip,20260624,22660747,stochastic,0.6584063149708338,0.6442493802431072,0.022705766915420766,0.6328964967853968,False,17,23.065656565656564,PPO_v02_checkpoint_inference,False,False,7.521739130434782,19.0,0.0,0.043478260869565216,0.463768115942029,0.5362318840579711,0.782608695652174
24,"[21,17,3,7,9,13,15,5,11,1,19,23,0,2,18,20,22,4,8,10,12,6,14,16]","21,17,3,7,9,13,15,5,11,1,19,23,0,2,18,20,22,4,8,10,12,6,14,16",be3161874ea09404,E:\Projects\RL-LAM-ScanOpt\outputs\stage3_ppo_rl_lam_fea_addendum_v02_targeted_N24_N40\ppo_training_v02\checkpoints\N24_seed20260624_maskable_ppo_v02.zip,20260624,22660748,stochastic,0.6572670080521144,0.6433403579663097,0.024334323912518042,0.6311731960100507,False,19,22.67676767676768,PPO_v02_checkpoint_inference,False,False,7.173913043478261,23.0,0.0,0.043478260869565216,0.46376811594202905,0.5362318840579711,0.782608695652174
24,"[17,21,3,7,13,9,5,1,11,15,19,23,0,2,18,20,22,4,8,10,12,14,6,16]","17,21,3,7,13,9,5,1,11,15,19,23,0,2,18,20,22,4,8,10,12,14,6,16",7b46d959b64ac080,E:\Projects\RL-LAM-ScanOpt\outputs\stage3_ppo_rl_lam_fea_addendum_v02_targeted_N24_N40\ppo_training_v02\checkpoints\N24_seed20260624_maskable_ppo_v02.zip,20260624,22660749,stochastic,0.6442130984284933,0.641769327948781,0.021662661143175825,0.6309379973771931,False,18,22.7979797979798,PPO_v02_checkpoint_inference,False,False,6.826086956521739,23.0,0.0,0.043478260869565216,0.46376811594202905,0.5362318840579711,0.782608695652174
24,"[21,7,17,3,9,13,5,1,11,15,19,23,0,2,18,20,22,4,8,10,12,14,6,16]","21,7,17,3,9,13,5,1,11,15,19,23,0,2,18,20,22,4,8,10,12,14,6,16",19f069b0af518f37,E:\Projects\RL-LAM-ScanOpt\outputs\stage3_ppo_rl_lam_fea_addendum_v02_targeted_N24_N40\ppo_training_v02\checkpoints\N24_seed20260624_maskable_ppo_v02.zip,20260624,22660750,stochastic,0.6618605894466809,0.6493600036805256,0.025665903801647648,0.6365270517797018,False,19,22.641414141414142,PPO_v02_checkpoint_inference,False,False,7.521739130434782,23.0,0.0,0.043478260869565216,0.46376811594202905,0.5362318840579711,0.782608695652174
24,"[21,17,3,7,9,13,5,1,19,15,11,23,2,0,18,20,22,4,8,10,12,14,16,6]","21,17,3,7,9,13,5,1,19,15,11,23,2,0,18,20,22,4,8,10,12,14,16,6",2868abab02289992,E:\Projects\RL-LAM-ScanOpt\outputs\stage3_ppo_rl_lam_fea_addendum_v02_targeted_N24_N40\ppo_training_v02\checkpoints\N24_seed20260624_maskable_ppo_v02.zip,20260624,22660751,stochastic,0.6523173304239511,0.6304767822724301,0.025989475522334705,0.6174820445112628,False,17,22.353535353535353,PPO_v02_checkpoint_inference,False,False,7.086956521739131,21.0,0.0,0.043478260869565216,0.46376811594202905,0.5362318840579711,0.782608695652174
24,"[21,17,3,7,9,13,5,11,1,15,19,23,0,2,18,20,22,4,8,10,12,14,6,16]","21,17,3,7,9,13,5,11,1,15,19,23,0,2,18,20,22,4,8,10,12,14,6,16",3937799ddc3874ab,E:\Projects\RL-LAM-ScanOpt\outputs\stage3_ppo_rl_lam_fea_addendum_v02_targeted_N24_N40\ppo_training_v02\checkpoints\N24_seed20260624_maskable_ppo_v02.zip,20260624,22660752,stochastic,0.6618605894466809,0.6469772290753367,0.0253167510808811,0.6343188535348961,False,18,22.2979797979798,PPO_v02_checkpoint_inference,False,False,7.173913043478261,23.0,0.0,0.043478260869565216,0.46376811594202905,0.5362318840579711,0.782608695652174
24,"[21,17,3,7,9,13,5,1,11,15,19,18,23,0,2,22,20,4,8,10,12,6,14,16]","21,17,3,7,9,13,5,1,11,15,19,18,23,0,2,22,20,4,8,10,12,6,14,16",6e2225089dc74c64,E:\Projects\RL-LAM-ScanOpt\outputs\stage3_ppo_rl_lam_fea_addendum_v02_targeted_N24_N40\ppo_training_v02\checkpoints\N24_seed20260624_maskable_ppo_v02.zip,20260624,22660753,stochastic,0.6081362702864889,0.6110069904204425,0.012985325282165554,0.6045143277793598,False,16,21.57070707070707,PPO_v02_checkpoint_inference,False,False,6.565217391304348,23.0,0.043478260869565216,0.13043478260869565,0.46376811594202905,0.5362318840579711,0.782608695652174
24,"[21,17,9,3,7,13,5,11,15,1,19,23,0,2,18,20,22,4,8,10,12,6,14,16]","21,17,9,3,7,13,5,11,15,1,19,23,0,2,18,20,22,4,8,10,12,6,14,16",4bb4a3168ce8b02e,E:\Projects\RL-LAM-ScanOpt\outputs\stage3_ppo_rl_lam_fea_addendum_v02_targeted_N24_N40\ppo_training_v02\checkpoints\N24_seed20260624_maskable_ppo_v02.zip,20260624,22660754,stochastic,0.6500156869810598,0.632922078535618,0.023948615137676103,0.6209477709667799,False,19,22.61111111111111,PPO_v02_checkpoint_inference,False,False,7.3478260869565215,23.0,0.0,0.043478260869565216,0.46376811594202905,0.536231884057971,0.782608695652174
24,"[21,17,3,9,7,13,15,5,1,11,19,23,2,0,18,20,22,4,8,10,12,14,6,16]","21,17,3,9,7,13,15,5,1,11,19,23,2,0,18,20,22,4,8,10,12,14,6,16",935ccb9f6a67d787,E:\Projects\RL-LAM-ScanOpt\outputs\stage3_ppo_rl_lam_fea_addendum_v02_targeted_N24_N40\ppo_training_v02\checkpoints\N24_seed20260624_maskable_ppo_v02.zip,20260624,22660755,stochastic,0.6554263196367985,0.6416395929667467,0.022969700334857526,0.6301547427993179,False,17,22.18686868686869,PPO_v02_checkpoint_inference,False,False,7.0,21.0,0.0,0.043478260869565216,0.46376811594202905,0.5362318840579711,0.782608695652174
24,"[21,17,3,7,13,9,5,19,1,15,11,23,0,2,18,20,22,4,8,10,12,14,16,6]","21,17,3,7,13,9,5,19,1,15,11,23,0,2,18,20,22,4,8,10,12,14,16,6",17c4829f0c946fac,E:\Projects\RL-LAM-ScanOpt\outputs\stage3_ppo_rl_lam_fea_addendum_v02_targeted_N24_N40\ppo_training_v02\checkpoints\N24_seed20260624_maskable_ppo_v02.zip,20260624,22660756,stochastic,0.6600199010313651,0.6402608182518237,0.021785536976538126,0.6293680497635546,False,17,22.7020202020202,PPO_v02_checkpoint_inference,False,False,7.956521739130435,23.0,0.0,0.043478260869565216,0.46376811594202905,0.5362318840579711,0.782608695652174
24,"[21,3,17,7,9,13,5,1,11,23,15,19,0,2,18,20,22,4,8,10,12,14,16,6]","21,3,17,7,9,13,5,1,11,23,15,19,0,2,18,20,22,4,8,10,12,14,16,6",a3c33370b1e77a1a,E:\Projects\RL-LAM-ScanOpt\outputs\stage3_ppo_rl_lam_fea_addendum_v02_targeted_N24_N40\ppo_training_v02\checkpoints\N24_seed20260624_maskable_ppo_v02.zip,20260624,22660757,stochastic,0.6527138477640253,0.6435547561091999,0.02226893712138295,0.6324202875485084,False,17,22.707070707070706,PPO_v02_checkpoint_inference,False,False,7.608695652173913,19.0,0.0,0.043478260869565216,0.463768115942029,0.5362318840579711,0.782608695652174
24,"[21,17,3,7,9,13,1,5,15,11,19,23,0,2,18,20,22,4,8,10,12,6,14,16]","21,17,3,7,9,13,1,5,15,11,19,23,0,2,18,20,22,4,8,10,12,6,14,16",aac46cf0d064d2d7,E:\Projects\RL-LAM-ScanOpt\outputs\stage3_ppo_rl_lam_fea_addendum_v02_targeted_N24_N40\ppo_training_v02\checkpoints\N24_seed20260624_maskable_ppo_v02.zip,20260624,22660758,stochastic,0.6572670080521144,0.6394625187592637,0.03022146185530493,0.6243517878316113,False,18,22.424242424242426,PPO_v02_checkpoint_inference,False,False,6.826086956521739,23.0,0.0,0.043478260869565216,0.46376811594202905,0.5362318840579711,0.782608695652174
24,"[21,3,17,7,13,9,5,11,1,15,23,19,20,0,2,18,22,4,8,10,12,14,6,16]","21,3,17,7,13,9,5,11,1,15,23,19,20,0,2,18,22,4,8,10,12,14,6,16",ff6181ae5f5a3b35,E:\Projects\RL-LAM-ScanOpt\outputs\stage3_ppo_rl_lam_fea_addendum_v02_targeted_N24_N40\ppo_training_v02\checkpoints\N24_seed20260624_maskable_ppo_v02.zip,20260624,22660759,stochastic,0.6600199010313651,0.6429759465269935,0.02427667016385236,0.6308376114450673,False,17,22.257575757575758,PPO_v02_checkpoint_inference,False,False,8.130434782608695,20.0,0.043478260869565216,0.043478260869565216,0.463768115942029,0.5362318840579711,0.782608695652174
24,"[21,17,3,7,9,13,5,11,1,15,19,23,0,2,18,20,22,4,8,10,12,6,14,16]","21,17,3,7,9,13,5,11,1,15,19,23,0,2,18,20,22,4,8,10,12,6,14,16",abfd179f4849c363,E:\Projects\RL-LAM-ScanOpt\outputs\stage3_ppo_rl_lam_fea_addendum_v02_targeted_N24_N40\ppo_training_v02\checkpoints\N24_seed20260624_maskable_ppo_v02.zip,20260624,22660760,stochastic,0.6618605894466809,0.6451388403848892,0.025672083781527466,0.6323027984941255,False,18,22.2979797979798,PPO_v02_checkpoint_inference,False,False,7.0,23.0,0.0,0.043478260869565216,0.46376811594202905,0.5362318840579711,0.782608695652174
24,"[21,17,3,7,9,13,5,1,11,15,19,23,0,2,18,20,22,4,6,8,12,14,10,16]","21,17,3,7,9,13,5,1,11,15,19,23,0,2,18,20,22,4,6,8,12,14,10,16",50b8957c1496a85d,E:\Projects\RL-LAM-ScanOpt\outputs\stage3_ppo_rl_lam_fea_addendum_v02_targeted_N24_N40\ppo_training_v02\checkpoints\N24_seed20260624_maskable_ppo_v02.zip,20260624,22660761,stochastic,0.6618605894466809,0.6493204858352557,0.02753580036776364,0.6355525856513738,False,18,22.484848484848484,PPO_v02_checkpoint_inference,False,False,6.304347826086956,23.0,0.0,0.043478260869565216,0.46376811594202905,0.5362318840579711,0.782608695652174
24,"[21,17,3,9,7,13,5,1,11,15,19,23,0,2,18,20,22,4,8,10,12,14,6,16]","21,17,3,9,7,13,5,1,11,15,19,23,0,2,18,20,22,4,8,10,12,14,6,16",a255677dd2e4b77f,E:\Projects\RL-LAM-ScanOpt\outputs\stage3_ppo_rl_lam_fea_addendum_v02_targeted_N24_N40\ppo_training_v02\checkpoints\N24_seed20260624_maskable_ppo_v02.zip,20260624,22660762,stochastic,0.6549937951091864,0.6473661385832926,0.025204497453131757,0.6347638898567267,False,19,22.671717171717173,PPO_v02_checkpoint_inference,False,False,6.826086956521739,23.0,0.0,0.043478260869565216,0.46376811594202905,0.5362318840579711,0.782608695652174
24,"[21,3,17,7,13,9,5,1,11,15,23,19,0,2,18,20,22,4,8,10,12,14,16,6]","21,3,17,7,13,9,5,1,11,15,23,19,0,2,18,20,22,4,8,10,12,14,16,6",031f56905acbe716,E:\Projects\RL-LAM-ScanOpt\outputs\stage3_ppo_rl_lam_fea_addendum_v02_targeted_N24_N40\ppo_training_v02\checkpoints\N24_seed20260624_maskable_ppo_v02.zip,20260624,22660763,stochastic,0.6584063149708338,0.6434589991799374,0.021762072891878922,0.632577962733998,False,16,23.01010101010101,PPO_v02_checkpoint_inference,False,False,7.260869565217392,19.0,0.0,0.043478260869565216,0.463768115942029,0.5362318840579711,0.782608695652174
24,"[21,17,3,7,13,9,1,5,11,15,23,19,0,2,18,20,22,4,8,10,12,6,14,16]","21,17,3,7,13,9,1,5,11,15,23,19,0,2,18,20,22,4,8,10,12,6,14,16",d71cf184c673072d,E:\Projects\RL-LAM-ScanOpt\outputs\stage3_ppo_rl_lam_fea_addendum_v02_targeted_N24_N40\ppo_training_v02\checkpoints\N24_seed20260624_maskable_ppo_v02.zip,20260624,22660764,stochastic,0.6533802090486551,0.6405784338277704,0.02921334802051713,0.6259717598175117,False,17,23.07070707070707,PPO_v02_checkpoint_inference,False,False,6.478260869565218,19.0,0.0,0.043478260869565216,0.46376811594202905,0.5362318840579711,0.782608695652174
24,"[3,21,17,7,13,9,5,11,1,15,19,23,0,2,18,4,20,22,8,10,12,14,6,16]","3,21,17,7,13,9,5,11,1,15,19,23,0,2,18,4,20,22,8,10,12,14,6,16",ba199be22fab673c,E:\Projects\RL-LAM-ScanOpt\outputs\stage3_ppo_rl_lam_fea_addendum_v02_targeted_N24_N40\ppo_training_v02\checkpoints\N24_seed20260624_maskable_ppo_v02.zip,20260624,22660765,stochastic,0.6280307962062588,0.6193766358030535,0.022947411494422237,0.6079029300558424,False,18,22.247474747474747,PPO_v02_checkpoint_inference,False,False,8.478260869565217,23.0,0.0,0.043478260869565216,0.463768115942029,0.5362318840579711,0.782608695652174
24,"[21,3,17,7,13,9,5,1,11,15,23,19,0,2,18,20,22,4,8,10,12,14,6,16]","21,3,17,7,13,9,5,1,11,15,23,19,0,2,18,20,22,4,8,10,12,14,6,16",e44290ebe7dabb07,E:\Projects\RL-LAM-ScanOpt\outputs\stage3_ppo_rl_lam_fea_addendum_v02_targeted_N24_N40\ppo_training_v02\checkpoints\N24_seed20260624_maskable_ppo_v02.zip,20260624,22660766,stochastic,0.6584063149708338,0.6442493802431072,0.022705766915420672,0.6328964967853968,False,17,23.065656565656564,PPO_v02_checkpoint_inference,False,False,7.521739130434782,19.0,0.0,0.043478260869565216,0.463768115942029,0.5362318840579711,0.782608695652174
24,"[21,3,17,7,9,13,5,11,19,1,15,23,0,2,18,20,22,4,8,10,12,14,6,16]","21,3,17,7,9,13,5,11,19,1,15,23,0,2,18,20,22,4,8,10,12,14,6,16",01a93fc33a1830df,E:\Projects\RL-LAM-ScanOpt\outputs\stage3_ppo_rl_lam_fea_addendum_v02_targeted_N24_N40\ppo_training_v02\checkpoints\N24_seed20260624_maskable_ppo_v02.zip,20260624,22660767,stochastic,0.6618605894466809,0.6436097310306019,0.024739079764340477,0.6312401911484317,False,18,22.762626262626263,PPO_v02_checkpoint_inference,False,False,8.73913043478261,23.0,0.0,0.043478260869565216,0.463768115942029,0.5362318840579711,0.782608695652174
24,"[21,17,3,7,5,9,13,1,15,11,19,23,0,2,18,20,22,4,8,10,12,14,6,16]","21,17,3,7,5,9,13,1,15,11,19,23,0,2,18,20,22,4,8,10,12,14,6,16",91429f657fb17b8c,E:\Projects\RL-LAM-ScanOpt\outputs\stage3_ppo_rl_lam_fea_addendum_v02_targeted_N24_N40\ppo_training_v02\checkpoints\N24_seed20260624_maskable_ppo_v02.zip,20260624,22660768,stochastic,0.6465258193207839,0.6283866802071729,0.03892993520155549,0.6089217126063952,False,18,22.626262626262626,PPO_v02_checkpoint_inference,False,False,7.173913043478261,23.0,0.0,0.043478260869565216,0.5362318840579711,0.463768115942029,0.782608695652174
24,"[21,17,7,3,9,13,5,1,11,23,19,15,0,2,18,20,22,4,8,10,12,14,16,6]","21,17,7,3,9,13,5,1,11,23,19,15,0,2,18,20,22,4,8,10,12,14,16,6",9becfdb8e25d92f2,E:\Projects\RL-LAM-ScanOpt\outputs\stage3_ppo_rl_lam_fea_addendum_v02_targeted_N24_N40\ppo_training_v02\checkpoints\N24_seed20260624_maskable_ppo_v02.zip,20260624,22660769,stochastic,0.6513456504720142,0.6369456818380995,0.02695131543778961,0.6234700241192047,False,18,22.348484848484848,PPO_v02_checkpoint_inference,False,False,6.391304347826087,18.0,0.0,0.043478260869565216,0.46376811594202905,0.5362318840579711,0.782608695652174
24,"[21,3,17,7,13,9,5,1,11,19,15,23,0,2,18,22,20,4,6,10,12,8,14,16]","21,3,17,7,13,9,5,1,11,19,15,23,0,2,18,22,20,4,6,10,12,8,14,16",72974a3de0dcabcc,E:\Projects\RL-LAM-ScanOpt\outputs\stage3_ppo_rl_lam_fea_addendum_v02_targeted_N24_N40\ppo_training_v02\checkpoints\N24_seed20260624_maskable_ppo_v02.zip,20260624,22660770,stochastic,0.6523173304239511,0.6299672993913453,0.027681360628199536,0.6161266190772455,False,20,23.065656565656564,PPO_v02_checkpoint_inference,False,False,7.521739130434782,23.0,0.0,0.043478260869565216,0.463768115942029,0.5362318840579711,0.782608695652174
24,"[21,17,7,3,9,13,5,11,1,15,23,19,0,2,18,20,22,4,8,10,12,6,14,16]","21,17,7,3,9,13,5,11,1,15,23,19,0,2,18,20,22,4,8,10,12,6,14,16",04efe8c69ca424d4,E:\Projects\RL-LAM-ScanOpt\outputs\stage3_ppo_rl_lam_fea_addendum_v02_targeted_N24_N40\ppo_training_v02\checkpoints\N24_seed20260624_maskable_ppo_v02.zip,20260624,22660771,stochastic,0.6584063149708338,0.6461841615716263,0.02526149860284238,0.6335534122702051,False,19,22.3989898989899,PPO_v02_checkpoint_inference,False,False,7.0,19.0,0.0,0.043478260869565216,0.46376811594202905,0.5362318840579711,0.782608695652174
24,"[21,17,3,7,13,9,5,1,15,11,23,19,0,2,18,20,22,8,10,4,12,14,6,16]","21,17,3,7,13,9,5,1,15,11,23,19,0,2,18,20,22,8,10,4,12,14,6,16",c9c1359b70f360fa,E:\Projects\RL-LAM-ScanOpt\outputs\stage3_ppo_rl_lam_fea_addendum_v02_targeted_N24_N40\ppo_training_v02\checkpoints\N24_seed20260624_maskable_ppo_v02.zip,20260624,22660772,stochastic,0.662848082697401,0.6360068193805253,0.028910389967064486,0.6215516243969931,False,18,22.04040404040404,PPO_v02_checkpoint_inference,False,False,7.173913043478261,19.0,0.0,0.043478260869565216,0.46376811594202905,0.5362318840579711,0.782608695652174
24,"[21,3,17,7,9,13,5,15,11,1,19,23,0,18,20,2,22,4,8,10,12,16,6,14]","21,3,17,7,9,13,5,15,11,1,19,23,0,18,20,2,22,4,8,10,12,16,6,14",d0be1c3a5ca53925,E:\Projects\RL-LAM-ScanOpt\outputs\stage3_ppo_rl_lam_fea_addendum_v02_targeted_N24_N40\ppo_training_v02\checkpoints\N24_seed20260624_maskable_ppo_v02.zip,20260624,22660773,stochastic,0.6479742101279529,0.6311224161456632,0.020926068267834986,0.6206593820117458,False,19,22.318181818181817,PPO_v02_checkpoint_inference,False,False,10.043478260869565,23.0,0.0,0.043478260869565216,0.463768115942029,0.5362318840579711,0.782608695652174
24,"[21,7,17,3,9,13,5,11,1,15,19,23,0,2,18,20,22,4,8,10,12,14,16,6]","21,7,17,3,9,13,5,11,1,15,19,23,0,2,18,20,22,4,8,10,12,14,16,6",4cabd4a6592a981f,E:\Projects\RL-LAM-ScanOpt\outputs\stage3_ppo_rl_lam_fea_addendum_v02_targeted_N24_N40\ppo_training_v02\checkpoints\N24_seed20260624_maskable_ppo_v02.zip,20260624,22660774,stochastic,0.6618605894466809,0.6456255849693019,0.023440902480151557,0.6339051337292261,False,18,22.38888888888889,PPO_v02_checkpoint_inference,False,False,7.782608695652174,23.0,0.0,0.043478260869565216,0.46376811594202905,0.5362318840579711,0.782608695652174
24,"[21,3,17,7,9,13,5,1,11,15,19,23,0,2,18,20,22,4,8,10,12,14,6,16]","21,3,17,7,9,13,5,1,11,15,19,23,0,2,18,20,22,4,8,10,12,14,6,16",8a631599d202e685,E:\Projects\RL-LAM-ScanOpt\outputs\stage3_ppo_rl_lam_fea_addendum_v02_targeted_N24_N40\ppo_training_v02\checkpoints\N24_seed20260624_maskable_ppo_v02.zip,20260624,22660775,stochastic,0.6618605894466809,0.6485850318813153,0.025687620793200746,0.635741221484715,False,18,22.671717171717173,PPO_v02_checkpoint_inference,False,False,7.521739130434782,23.0,0.0,0.043478260869565216,0.463768115942029,0.5362318840579711,0.782608695652174
24,"[21,17,3,7,9,13,5,11,23,1,15,19,0,18,2,20,22,4,8,10,12,14,6,16]","21,17,3,7,9,13,5,11,23,1,15,19,0,18,2,20,22,4,8,10,12,14,6,16",96a2985cde36659e,E:\Projects\RL-LAM-ScanOpt\outputs\stage3_ppo_rl_lam_fea_addendum_v02_targeted_N24_N40\ppo_training_v02\checkpoints\N24_seed20260624_maskable_ppo_v02.zip,20260624,22660776,stochastic,0.6549937951091864,0.6410469960287869,0.02433407941878684,0.6288799563193935,False,18,22.282828282828284,PPO_v02_checkpoint_inference,False,False,9.26086956521739,22.0,0.0,0.043478260869565216,0.46376811594202905,0.5362318840579711,0.782608695652174
24,"[21,3,17,9,7,13,5,11,1,15,19,23,18,20,0,2,22,4,8,10,12,14,6,16]","21,3,17,9,7,13,5,11,1,15,19,23,18,20,0,2,22,4,8,10,12,14,6,16",9a5bcfa29eec08f2,E:\Projects\RL-LAM-ScanOpt\outputs\stage3_ppo_rl_lam_fea_addendum_v02_targeted_N24_N40\ppo_training_v02\checkpoints\N24_seed20260624_maskable_ppo_v02.zip,20260624,22660777,stochastic,0.6525677915225194,0.6391871281188177,0.02392888960622946,0.627222683315703,False,17,22.707070707070706,PPO_v02_checkpoint_inference,False,False,8.217391304347826,20.0,0.0,0.043478260869565216,0.463768115942029,0.5362318840579711,0.782608695652174
24,"[21,7,17,3,9,13,5,11,1,19,15,23,0,2,18,20,22,4,8,10,12,14,6,16]","21,7,17,3,9,13,5,11,1,19,15,23,0,2,18,20,22,4,8,10,12,14,6,16",39d2ed9cc8f7908d,E:\Projects\RL-LAM-ScanOpt\outputs\stage3_ppo_rl_lam_fea_addendum_v02_targeted_N24_N40\ppo_training_v02\checkpoints\N24_seed20260624_maskable_ppo_v02.zip,20260624,22660778,stochastic,0.6549937951091864,0.6442714762749451,0.02290307204020048,0.6328199402548449,False,19,22.6010101010101,PPO_v02_checkpoint_inference,False,False,8.391304347826088,23.0,0.0,0.043478260869565216,0.46376811594202905,0.5362318840579711,0.782608695652174
24,"[21,3,17,7,9,13,1,11,5,19,15,23,0,2,18,20,4,22,8,10,12,6,14,16]","21,3,17,7,9,13,1,11,5,19,15,23,0,2,18,20,4,22,8,10,12,6,14,16",7be4168786875543,E:\Projects\RL-LAM-ScanOpt\outputs\stage3_ppo_rl_lam_fea_addendum_v02_targeted_N24_N40\ppo_training_v02\checkpoints\N24_seed20260624_maskable_ppo_v02.zip,20260624,22660779,stochastic,0.6600199010313651,0.6349781882499789,0.031413231059732635,0.6192715727201126,False,18,22.98989898989899,PPO_v02_checkpoint_inference,False,False,9.26086956521739,23.0,0.0,0.043478260869565216,0.463768115942029,0.5362318840579711,0.782608695652174
24,"[21,17,3,7,9,13,5,1,11,15,19,23,0,2,18,8,20,22,4,10,12,14,6,16]","21,17,3,7,9,13,5,1,11,15,19,23,0,2,18,8,20,22,4,10,12,14,6,16",d87a973b25f45717,E:\Projects\RL-LAM-ScanOpt\outputs\stage3_ppo_rl_lam_fea_addendum_v02_targeted_N24_N40\ppo_training_v02\checkpoints\N24_seed20260624_maskable_ppo_v02.zip,20260624,22660780,stochastic,0.6549937951091864,0.6458276924339974,0.02379161721385274,0.633931883827071,False,19,22.505050505050505,PPO_v02_checkpoint_inference,False,False,7.521739130434782,23.0,0.0,0.043478260869565216,0.46376811594202905,0.5362318840579711,0.782608695652174
24,"[21,17,3,7,9,13,5,11,1,23,15,19,0,2,18,20,22,4,8,10,12,14,6,16]","21,17,3,7,9,13,5,11,1,23,15,19,0,2,18,20,22,4,8,10,12,14,6,16",6e3fb95c45927481,E:\Projects\RL-LAM-ScanOpt\outputs\stage3_ppo_rl_lam_fea_addendum_v02_targeted_N24_N40\ppo_training_v02\checkpoints\N24_seed20260624_maskable_ppo_v02.zip,20260624,22660781,stochastic,0.6543274338245566,0.6437786292176771,0.023687499267730717,0.6319348795838118,False,18,22.38888888888889,PPO_v02_checkpoint_inference,False,False,7.521739130434782,22.0,0.0,0.043478260869565216,0.46376811594202905,0.5362318840579711,0.782608695652174
24,"[21,17,3,9,7,13,5,1,15,11,19,23,0,2,18,20,22,8,4,10,12,6,14,16]","21,17,3,9,7,13,5,1,15,11,19,23,0,2,18,20,22,8,4,10,12,6,14,16",1d0305972fe2fb87,E:\Projects\RL-LAM-ScanOpt\outputs\stage3_ppo_rl_lam_fea_addendum_v02_targeted_N24_N40\ppo_training_v02\checkpoints\N24_seed20260624_maskable_ppo_v02.zip,20260624,22660782,stochastic,0.6465771812402208,0.6304669715796597,0.02737312656557134,0.616780408296874,False,18,22.141414141414142,PPO_v02_checkpoint_inference,False,False,7.0,23.0,0.0,0.043478260869565216,0.46376811594202905,0.5362318840579711,0.782608695652174
24,"[21,17,3,7,13,9,5,11,1,15,23,19,18,0,2,20,22,4,8,10,12,6,14,16]","21,17,3,7,13,9,5,11,1,15,23,19,18,0,2,20,22,4,8,10,12,6,14,16",8c6d0fac9f7de189,E:\Projects\RL-LAM-ScanOpt\outputs\stage3_ppo_rl_lam_fea_addendum_v02_targeted_N24_N40\ppo_training_v02\checkpoints\N24_seed20260624_maskable_ppo_v02.zip,20260624,22660783,stochastic,0.6507037443634198,0.6295809050462329,0.026073393721269735,0.616544208185598,False,18,22.08080808080808,PPO_v02_checkpoint_inference,False,False,7.0,18.0,0.043478260869565216,0.043478260869565216,0.46376811594202905,0.5362318840579711,0.782608695652174
24,"[21,17,3,7,9,13,5,19,15,11,1,23,18,0,2,20,22,4,8,10,12,14,6,16]","21,17,3,7,9,13,5,19,15,11,1,23,18,0,2,20,22,4,8,10,12,14,6,16",30d8a2b1a36f09d3,E:\Projects\RL-LAM-ScanOpt\outputs\stage3_ppo_rl_lam_fea_addendum_v02_targeted_N24_N40\ppo_training_v02\checkpoints\N24_seed20260624_maskable_ppo_v02.zip,20260624,22660784,stochastic,0.645910819955591,0.6278906108031123,0.024810173311703036,0.6154855241472608,False,17,21.893939393939394,PPO_v02_checkpoint_inference,False,False,7.869565217391305,22.0,0.0,0.043478260869565216,0.46376811594202905,0.5362318840579711,0.782608695652174
24,"[21,17,3,7,13,9,5,11,1,15,19,23,18,0,20,2,22,4,8,10,12,14,16,6]","21,17,3,7,13,9,5,11,1,15,19,23,18,0,20,2,22,4,8,10,12,14,16,6",521eeed5fd66f365,E:\Projects\RL-LAM-ScanOpt\outputs\stage3_ppo_rl_lam_fea_addendum_v02_targeted_N24_N40\ppo_training_v02\checkpoints\N24_seed20260624_maskable_ppo_v02.zip,20260624,22660785,stochastic,0.6448652209151055,0.6244807503029455,0.023457302079258145,0.6127520992633164,False,16,22.19191919191919,PPO_v02_checkpoint_inference,False,False,8.478260869565217,20.0,0.0,0.043478260869565216,0.46376811594202905,0.5362318840579711,0.782608695652174
24,"[21,17,13,3,9,7,1,5,15,11,19,23,0,2,18,20,22,8,10,4,12,14,6,16]","21,17,13,3,9,7,1,5,15,11,19,23,0,2,18,20,22,8,10,4,12,14,6,16",3e46346a7d49d701,E:\Projects\RL-LAM-ScanOpt\outputs\stage3_ppo_rl_lam_fea_addendum_v02_targeted_N24_N40\ppo_training_v02\checkpoints\N24_seed20260624_maskable_ppo_v02.zip,20260624,22660786,stochastic,0.6672154296806473,0.6319875774110801,0.03948351183970253,0.6122458214912289,False,16,21.61111111111111,PPO_v02_checkpoint_inference,False,False,6.826086956521739,23.0,0.0,0.043478260869565216,0.463768115942029,0.5362318840579711,0.782608695652174
24,"[21,3,17,7,9,13,5,1,11,15,19,23,0,2,18,20,22,4,8,10,12,6,14,16]","21,3,17,7,9,13,5,1,11,15,19,23,0,2,18,20,22,4,8,10,12,6,14,16",0acc35fd6b7cd73e,E:\Projects\RL-LAM-ScanOpt\outputs\stage3_ppo_rl_lam_fea_addendum_v02_targeted_N24_N40\ppo_training_v02\checkpoints\N24_seed20260624_maskable_ppo_v02.zip,20260624,22660787,stochastic,0.6618605894466809,0.6467466431908677,0.026043690814470343,0.6337247977836326,False,19,22.671717171717173,PPO_v02_checkpoint_inference,False,False,7.3478260869565215,23.0,0.0,0.043478260869565216,0.463768115942029,0.5362318840579711,0.782608695652174
24,"[21,17,3,7,9,13,1,11,5,15,19,23,0,2,20,18,22,4,6,8,12,10,14,16]","21,17,3,7,9,13,1,11,5,15,19,23,0,2,20,18,22,4,6,8,12,10,14,16",32f5ab6c1db9bc05,E:\Projects\RL-LAM-ScanOpt\outputs\stage3_ppo_rl_lam_fea_addendum_v02_targeted_N24_N40\ppo_training_v02\checkpoints\N24_seed20260624_maskable_ppo_v02.zip,20260624,22660788,stochastic,0.6549937951091864,0.6344598576921363,0.029131556278425806,0.6198940795529234,False,19,22.707070707070706,PPO_v02_checkpoint_inference,False,False,6.826086956521739,23.0,0.0,0.043478260869565216,0.46376811594202905,0.5362318840579711,0.782608695652174
24,"[21,17,3,7,13,9,5,1,11,19,15,23,0,2,18,20,22,4,8,10,12,14,6,16]","21,17,3,7,13,9,5,1,11,19,15,23,0,2,18,20,22,4,8,10,12,14,6,16",43a55c369ea27097,E:\Projects\RL-LAM-ScanOpt\outputs\stage3_ppo_rl_lam_fea_addendum_v02_targeted_N24_N40\ppo_training_v02\checkpoints\N24_seed20260624_maskable_ppo_v02.zip,20260624,22660789,stochastic,0.6600199010313651,0.64576936980157,0.023807476335330407,0.6338656316339047,False,19,22.87878787878788,PPO_v02_checkpoint_inference,False,False,7.0,23.0,0.0,0.043478260869565216,0.46376811594202905,0.5362318840579711,0.782608695652174
24,"[21,17,3,7,13,9,5,1,11,15,23,19,0,2,18,20,22,4,8,10,12,6,14,16]","21,17,3,7,13,9,5,1,11,15,23,19,0,2,18,20,22,4,8,10,12,6,14,16",4a72dba26878f73c,E:\Projects\RL-LAM-ScanOpt\outputs\stage3_ppo_rl_lam_fea_addendum_v02_targeted_N24_N40\ppo_training_v02\checkpoints\N24_seed20260624_maskable_ppo_v02.zip,20260624,22660790,stochastic,0.6584063149708338,0.6465411631773464,0.024165206838836894,0.634458559757928,False,18,22.88888888888889,PPO_v02_checkpoint_inference,False,False,6.478260869565218,19.0,0.0,0.043478260869565216,0.46376811594202905,0.5362318840579711,0.782608695652174
24,"[21,17,3,7,13,9,5,11,1,15,19,23,0,2,18,20,22,4,8,10,12,14,6,16]","21,17,3,7,13,9,5,11,1,15,19,23,0,2,18,20,22,4,8,10,12,14,6,16",dae6dd4170d02449,E:\Projects\RL-LAM-ScanOpt\outputs\stage3_ppo_rl_lam_fea_addendum_v02_targeted_N24_N40\ppo_training_v02\checkpoints\N24_seed20260624_maskable_ppo_v02.zip,20260624,22660791,stochastic,0.6549937951091864,0.6434336322253117,0.02290141318196053,0.6319829256343314,False,18,22.525252525252526,PPO_v02_checkpoint_inference,False,False,7.173913043478261,23.0,0.0,0.043478260869565216,0.46376811594202905,0.5362318840579711,0.782608695652174
24,"[21,3,17,7,9,13,5,1,11,15,19,23,0,2,18,20,22,4,8,10,12,14,6,16]","21,3,17,7,9,13,5,1,11,15,19,23,0,2,18,20,22,4,8,10,12,14,6,16",8a631599d202e685,E:\Projects\RL-LAM-ScanOpt\outputs\stage3_ppo_rl_lam_fea_addendum_v02_targeted_N24_N40\ppo_training_v02\checkpoints\N24_seed20260624_maskable_ppo_v02.zip,20260624,22660792,stochastic,0.6618605894466809,0.6485850318813153,0.025687620793200836,0.6357412214847149,False,18,22.671717171717173,PPO_v02_checkpoint_inference,False,False,7.521739130434782,23.0,0.0,0.043478260869565216,0.463768115942029,0.5362318840579711,0.782608695652174
24,"[21,17,7,3,13,9,5,1,11,15,19,23,0,2,18,20,22,4,8,10,12,6,14,16]","21,17,7,3,13,9,5,1,11,15,19,23,0,2,18,20,22,4,8,10,12,6,14,16",e9785cdd94f93113,E:\Projects\RL-LAM-ScanOpt\outputs\stage3_ppo_rl_lam_fea_addendum_v02_targeted_N24_N40\ppo_training_v02\checkpoints\N24_seed20260624_maskable_ppo_v02.zip,20260624,22660793,stochastic,0.6600199010313651,0.6491310596057235,0.024903765502031317,0.6366791768547079,False,20,22.656565656565657,PPO_v02_checkpoint_inference,False,False,6.478260869565218,23.0,0.0,0.043478260869565216,0.46376811594202905,0.5362318840579711,0.782608695652174
24,"[21,17,3,9,7,13,11,5,1,15,19,23,18,0,2,20,22,4,8,10,12,14,6,16]","21,17,3,9,7,13,11,5,1,15,19,23,18,0,2,20,22,4,8,10,12,14,6,16",16cdabcc5eab135f,E:\Projects\RL-LAM-ScanOpt\outputs\stage3_ppo_rl_lam_fea_addendum_v02_targeted_N24_N40\ppo_training_v02\checkpoints\N24_seed20260624_maskable_ppo_v02.zip,20260624,22660794,stochastic,0.6507037443634198,0.6313217542939977,0.026544484360893374,0.6180495121135511,False,17,22.07070707070707,PPO_v02_checkpoint_inference,False,False,6.826086956521739,18.0,0.0,0.043478260869565216,0.46376811594202905,0.5362318840579711,0.782608695652174
24,"[21,17,3,7,9,13,5,11,1,15,19,23,20,2,0,18,22,4,8,10,12,14,6,16]","21,17,3,7,9,13,5,11,1,15,19,23,20,2,0,18,22,4,8,10,12,14,6,16",e6a07e9121beae38,E:\Projects\RL-LAM-ScanOpt\outputs\stage3_ppo_rl_lam_fea_addendum_v02_targeted_N24_N40\ppo_training_v02\checkpoints\N24_seed20260624_maskable_ppo_v02.zip,20260624,22660795,stochastic,0.6584063149708338,0.6430112826924415,0.023736121874754046,0.6311432217550644,False,17,22.333333333333332,PPO_v02_checkpoint_inference,False,False,7.173913043478261,18.0,0.0,0.043478260869565216,0.46376811594202905,0.5362318840579711,0.782608695652174
24,"[21,3,17,7,9,13,5,1,11,15,19,23,0,2,18,20,22,4,8,10,12,14,6,16]","21,3,17,7,9,13,5,1,11,15,19,23,0,2,18,20,22,4,8,10,12,14,6,16",8a631599d202e685,E:\Projects\RL-LAM-ScanOpt\outputs\stage3_ppo_rl_lam_fea_addendum_v02_targeted_N24_N40\ppo_training_v02\checkpoints\N24_seed20260624_maskable_ppo_v02.zip,20260624,22660796,stochastic,0.6618605894466809,0.6485850318813153,0.025687620793200836,0.6357412214847149,False,18,22.671717171717173,PPO_v02_checkpoint_inference,False,False,7.521739130434782,23.0,0.0,0.043478260869565216,0.463768115942029,0.5362318840579711,0.782608695652174
24,"[21,17,3,7,9,13,5,1,11,19,15,23,0,2,18,20,22,4,8,10,12,6,14,16]","21,17,3,7,9,13,5,1,11,19,15,23,0,2,18,20,22,4,8,10,12,6,14,16",a743c94dc03fa3f7,E:\Projects\RL-LAM-ScanOpt\outputs\stage3_ppo_rl_lam_fea_addendum_v02_targeted_N24_N40\ppo_training_v02\checkpoints\N24_seed20260624_maskable_ppo_v02.zip,20260624,22660797,stochastic,0.6549937951091864,0.6453186875691,0.02556881093484025,0.63253428210168,False,19,22.651515151515152,PPO_v02_checkpoint_inference,False,False,6.826086956521739,23.0,0.0,0.043478260869565216,0.46376811594202905,0.5362318840579711,0.782608695652174
24,"[21,17,7,3,9,13,11,5,15,1,19,23,0,2,18,20,22,4,8,10,12,14,16,6]","21,17,7,3,9,13,11,5,15,1,19,23,0,2,18,20,22,4,8,10,12,14,16,6",445102a276d0ac41,E:\Projects\RL-LAM-ScanOpt\outputs\stage3_ppo_rl_lam_fea_addendum_v02_targeted_N24_N40\ppo_training_v02\checkpoints\N24_seed20260624_maskable_ppo_v02.zip,20260624,22660798,stochastic,0.6554263196367985,0.6425115169528155,0.020977653226573637,0.6320226903395286,False,18,22.545454545454547,PPO_v02_checkpoint_inference,False,False,7.260869565217392,23.0,0.0,0.043478260869565216,0.46376811594202905,0.5362318840579711,0.782608695652174
24,"[21,17,7,13,3,9,5,1,11,15,19,23,0,2,18,20,22,4,8,10,12,14,6,16]","21,17,7,13,3,9,5,1,11,15,19,23,0,2,18,20,22,4,8,10,12,14,6,16",691381144dd3a6f2,E:\Projects\RL-LAM-ScanOpt\outputs\stage3_ppo_rl_lam_fea_addendum_v02_targeted_N24_N40\ppo_training_v02\checkpoints\N24_seed20260624_maskable_ppo_v02.zip,20260624,22660799,stochastic,0.6530285465062657,0.6483345883732999,0.024543974129367364,0.6360626013086162,False,18,22.464646464646464,PPO_v02_checkpoint_inference,False,False,6.826086956521739,23.0,0.0,0.043478260869565216,0.463768115942029,0.536231884057971,0.782608695652174
24,"[21,3,17,7,13,9,5,1,11,15,19,23,0,2,18,20,22,4,8,10,12,6,14,16]","21,3,17,7,13,9,5,1,11,15,19,23,0,2,18,20,22,4,8,10,12,6,14,16",6db9db64edbfcb6d,E:\Projects\RL-LAM-ScanOpt\outputs\stage3_ppo_rl_lam_fea_addendum_v02_targeted_N24_N40\ppo_training_v02\checkpoints\N24_seed20260624_maskable_ppo_v02.zip,20260624,22660800,stochastic,0.6549937951091864,0.6432030463408427,0.02345630653148446,0.6314748930751004,False,19,22.8989898989899,PPO_v02_checkpoint_inference,False,False,7.3478260869565215,23.0,0.0,0.043478260869565216,0.463768115942029,0.5362318840579711,0.782608695652174
24,"[21,3,17,7,9,13,5,1,11,15,19,23,0,2,18,20,22,4,10,8,12,14,6,16]","21,3,17,7,9,13,5,1,11,15,19,23,0,2,18,20,22,4,10,8,12,14,6,16",9805c276477071d9,E:\Projects\RL-LAM-ScanOpt\outputs\stage3_ppo_rl_lam_fea_addendum_v02_targeted_N24_N40\ppo_training_v02\checkpoints\N24_seed20260624_maskable_ppo_v02.zip,20260624,22660801,stochastic,0.6716951640917757,0.6496078348065483,0.0254413594784016,0.6368871550673475,False,19,22.41919191919192,PPO_v02_checkpoint_inference,False,False,7.695652173913044,23.0,0.0,0.043478260869565216,0.463768115942029,0.5362318840579711,0.782608695652174
24,"[21,3,17,7,9,13,5,1,15,11,23,19,0,18,2,20,22,4,8,10,12,6,14,16]","21,3,17,7,9,13,5,1,15,11,23,19,0,18,2,20,22,4,8,10,12,6,14,16",aa523878c57d27ab,E:\Projects\RL-LAM-ScanOpt\outputs\stage3_ppo_rl_lam_fea_addendum_v02_targeted_N24_N40\ppo_training_v02\checkpoints\N24_seed20260624_maskable_ppo_v02.zip,20260624,22660802,stochastic,0.6449635951796895,0.6248795672292149,0.028060849325288236,0.6108491425665707,False,19,22.27777777777778,PPO_v02_checkpoint_inference,False,False,9.08695652173913,19.0,0.0,0.043478260869565216,0.463768115942029,0.5362318840579711,0.782608695652174
24,"[21,17,3,7,13,9,5,11,23,1,15,19,0,18,2,20,22,4,8,10,12,14,16,6]","21,17,3,7,13,9,5,11,23,1,15,19,0,18,2,20,22,4,8,10,12,14,16,6",5e8c8020c4f8929c,E:\Projects\RL-LAM-ScanOpt\outputs\stage3_ppo_rl_lam_fea_addendum_v02_targeted_N24_N40\ppo_training_v02\checkpoints\N24_seed20260624_maskable_ppo_v02.zip,20260624,22660803,stochastic,0.6600199010313651,0.6388841933356147,0.023091424582278985,0.6273384810444752,False,17,22.454545454545453,PPO_v02_checkpoint_inference,False,False,9.0,22.0,0.0,0.043478260869565216,0.46376811594202905,0.5362318840579711,0.782608695652174
24,"[21,17,3,7,9,13,11,5,1,15,23,19,0,2,18,22,20,4,8,10,12,6,14,16]","21,17,3,7,9,13,11,5,1,15,23,19,0,2,18,22,20,4,8,10,12,6,14,16",856f7c0d1a765372,E:\Projects\RL-LAM-ScanOpt\outputs\stage3_ppo_rl_lam_fea_addendum_v02_targeted_N24_N40\ppo_training_v02\checkpoints\N24_seed20260624_maskable_ppo_v02.zip,20260624,22660804,stochastic,0.6507037443634198,0.6328283021133507,0.027171942944049808,0.6192423306413258,False,18,22.69191919191919,PPO_v02_checkpoint_inference,False,False,6.478260869565218,19.0,0.0,0.043478260869565216,0.46376811594202905,0.5362318840579711,0.782608695652174
24,"[21,17,3,7,9,13,5,1,11,15,23,19,0,2,22,18,20,4,8,10,12,14,6,16]","21,17,3,7,9,13,5,1,11,15,23,19,0,2,22,18,20,4,8,10,12,14,6,16",96bb1ecbeed8a1ec,E:\Projects\RL-LAM-ScanOpt\outputs\stage3_ppo_rl_lam_fea_addendum_v02_targeted_N24_N40\ppo_training_v02\checkpoints\N24_seed20260624_maskable_ppo_v02.zip,20260624,22660805,stochastic,0.6600199010313651,0.6481552393445736,0.025481822840664324,0.6354143279242415,False,17,22.671717171717173,PPO_v02_checkpoint_inference,False,False,6.826086956521739,20.0,0.0,0.043478260869565216,0.46376811594202905,0.5362318840579711,0.782608695652174
24,"[21,17,3,7,9,13,5,1,11,15,19,23,0,2,18,20,22,4,8,10,12,14,6,16]","21,17,3,7,9,13,5,1,11,15,19,23,0,2,18,20,22,4,8,10,12,14,6,16",ff37fba1e29bb951,E:\Projects\RL-LAM-ScanOpt\outputs\stage3_ppo_rl_lam_fea_addendum_v02_targeted_N24_N40\ppo_training_v02\checkpoints\N24_seed20260624_maskable_ppo_v02.zip,20260624,22660806,stochastic,0.6618605894466809,0.6517927391699223,0.027638989889729813,0.6379732442250574,False,18,22.494949494949495,PPO_v02_checkpoint_inference,False,False,6.6521739130434785,23.0,0.0,0.043478260869565216,0.46376811594202905,0.5362318840579711,0.782608695652174
24,"[21,17,3,7,13,9,5,1,11,15,19,23,0,18,2,20,22,4,8,10,12,14,6,16]","21,17,3,7,13,9,5,1,11,15,19,23,0,18,2,20,22,4,8,10,12,14,6,16",be90e1be45937847,E:\Projects\RL-LAM-ScanOpt\outputs\stage3_ppo_rl_lam_fea_addendum_v02_targeted_N24_N40\ppo_training_v02\checkpoints\N24_seed20260624_maskable_ppo_v02.zip,20260624,22660807,stochastic,0.6600199010313651,0.644578974977712,0.02415292922574089,0.6325025103648415,False,18,22.414141414141415,PPO_v02_checkpoint_inference,False,False,8.043478260869565,23.0,0.0,0.043478260869565216,0.46376811594202905,0.5362318840579711,0.782608695652174
24,"[21,17,7,3,9,13,5,1,11,19,15,23,0,18,2,20,22,4,8,10,12,14,16,6]","21,17,7,3,9,13,5,1,11,19,15,23,0,18,2,20,22,4,8,10,12,14,16,6",ccaf22af10e2a997,E:\Projects\RL-LAM-ScanOpt\outputs\stage3_ppo_rl_lam_fea_addendum_v02_targeted_N24_N40\ppo_training_v02\checkpoints\N24_seed20260624_maskable_ppo_v02.zip,20260624,22660808,stochastic,0.6523173304239511,0.631948687588279,0.027371296451815005,0.6182630393623716,False,18,22.22222222222222,PPO_v02_checkpoint_inference,False,False,8.130434782608695,23.0,0.0,0.043478260869565216,0.46376811594202905,0.5362318840579711,0.782608695652174
24,"[21,17,3,7,9,13,5,11,1,15,19,23,2,0,18,22,20,4,8,10,12,14,16,6]","21,17,3,7,9,13,5,11,1,15,19,23,2,0,18,22,20,4,8,10,12,14,16,6",bfa064fb3cdb69af,E:\Projects\RL-LAM-ScanOpt\outputs\stage3_ppo_rl_lam_fea_addendum_v02_targeted_N24_N40\ppo_training_v02\checkpoints\N24_seed20260624_maskable_ppo_v02.zip,20260624,22660809,stochastic,0.6600199010313651,0.6429448527400923,0.023704119900549568,0.6310927927898174,False,17,22.01010101010101,PPO_v02_checkpoint_inference,False,False,6.913043478260869,21.0,0.0,0.043478260869565216,0.46376811594202905,0.5362318840579711,0.782608695652174
24,"[21,17,3,9,7,13,5,1,11,15,23,19,2,0,20,18,22,8,10,4,12,14,6,16]","21,17,3,9,7,13,5,1,11,15,23,19,2,0,20,18,22,8,10,4,12,14,6,16",33abf8f844a75113,E:\Projects\RL-LAM-ScanOpt\outputs\stage3_ppo_rl_lam_fea_addendum_v02_targeted_N24_N40\ppo_training_v02\checkpoints\N24_seed20260624_maskable_ppo_v02.zip,20260624,22660810,stochastic,0.6764116101386026,0.6419667826001036,0.0347912723911556,0.6245711464045258,False,17,21.98989898989899,PPO_v02_checkpoint_inference,False,False,7.173913043478261,20.0,0.0,0.043478260869565216,0.46376811594202905,0.5362318840579711,0.782608695652174
24,"[21,17,3,7,9,13,5,15,1,11,19,23,0,18,2,20,22,4,8,10,12,14,6,16]","21,17,3,7,9,13,5,15,1,11,19,23,0,18,2,20,22,4,8,10,12,14,6,16",2f297abbe8c5ef7f,E:\Projects\RL-LAM-ScanOpt\outputs\stage3_ppo_rl_lam_fea_addendum_v02_targeted_N24_N40\ppo_training_v02\checkpoints\N24_seed20260624_maskable_ppo_v02.zip,20260624,22660811,stochastic,0.6504002137146199,0.6384147770440052,0.02180198134560249,0.6275137863712039,False,16,21.772727272727273,PPO_v02_checkpoint_inference,False,False,8.91304347826087,23.0,0.0,0.043478260869565216,0.46376811594202905,0.5362318840579711,0.782608695652174
24,"[21,17,3,7,9,13,5,11,1,15,23,19,0,20,2,18,22,4,8,10,12,14,16,6]","21,17,3,7,9,13,5,11,1,15,23,19,0,20,2,18,22,4,8,10,12,14,16,6",02a9e8bf81d3dd86,E:\Projects\RL-LAM-ScanOpt\outputs\stage3_ppo_rl_lam_fea_addendum_v02_targeted_N24_N40\ppo_training_v02\checkpoints\N24_seed20260624_maskable_ppo_v02.zip,20260624,22660812,stochastic,0.6600199010313651,0.6426896387153749,0.024189619544320126,0.6305948289432148,False,16,22.095959595959595,PPO_v02_checkpoint_inference,False,False,8.478260869565217,20.0,0.0,0.043478260869565216,0.46376811594202905,0.5362318840579711,0.782608695652174
24,"[21,17,3,7,9,13,5,11,19,1,23,15,0,2,18,20,22,4,8,10,12,14,16,6]","21,17,3,7,9,13,5,11,19,1,23,15,0,2,18,20,22,4,8,10,12,14,16,6",ac03c10f463226db,E:\Projects\RL-LAM-ScanOpt\outputs\stage3_ppo_rl_lam_fea_addendum_v02_targeted_N24_N40\ppo_training_v02\checkpoints\N24_seed20260624_maskable_ppo_v02.zip,20260624,22660813,stochastic,0.6556357012177808,0.6417479560451845,0.022209624118452898,0.6306431439859581,False,18,22.58080808080808,PPO_v02_checkpoint_inference,False,False,7.608695652173913,22.0,0.0,0.043478260869565216,0.46376811594202905,0.5362318840579711,0.782608695652174
24,"[21,17,7,9,3,13,1,5,11,15,19,23,0,18,2,20,22,4,8,10,12,14,6,16]","21,17,7,9,3,13,1,5,11,15,19,23,0,18,2,20,22,4,8,10,12,14,6,16",9ec95607258190d5,E:\Projects\RL-LAM-ScanOpt\outputs\stage3_ppo_rl_lam_fea_addendum_v02_targeted_N24_N40\ppo_training_v02\checkpoints\N24_seed20260624_maskable_ppo_v02.zip,20260624,22660814,stochastic,0.6535659180447838,0.6397809853298864,0.029023102501150155,0.6252694340793112,False,18,22.47979797979798,PPO_v02_checkpoint_inference,False,False,8.217391304347826,23.0,0.0,0.043478260869565216,0.46376811594202905,0.536231884057971,0.782608695652174
24,"[21,17,7,3,9,13,1,5,11,19,15,23,0,2,18,20,22,4,8,10,12,6,14,16]","21,17,7,3,9,13,1,5,11,19,15,23,0,2,18,20,22,4,8,10,12,6,14,16",1486e8f1aaf95ba8,E:\Projects\RL-LAM-ScanOpt\outputs\stage3_ppo_rl_lam_fea_addendum_v02_targeted_N24_N40\ppo_training_v02\checkpoints\N24_seed20260624_maskable_ppo_v02.zip,20260624,22660815,stochastic,0.6549937951091864,0.6419541301010431,0.02958709898222451,0.6271605806099309,False,18,22.767676767676768,PPO_v02_checkpoint_inference,False,False,6.826086956521739,23.0,0.0,0.043478260869565216,0.46376811594202905,0.5362318840579711,0.782608695652174
24,"[21,3,17,7,13,9,5,1,11,15,19,23,0,2,18,20,22,4,8,10,12,14,6,16]","21,3,17,7,13,9,5,1,11,15,19,23,0,2,18,20,22,4,8,10,12,14,6,16",d6c688b830007d70,E:\Projects\RL-LAM-ScanOpt\outputs\stage3_ppo_rl_lam_fea_addendum_v02_targeted_N24_N40\ppo_training_v02\checkpoints\N24_seed20260624_maskable_ppo_v02.zip,20260624,22660816,stochastic,0.6549937951091864,0.6450414350312902,0.02321036528825735,0.6334362523871615,False,18,22.8989898989899,PPO_v02_checkpoint_inference,False,False,7.521739130434782,23.0,0.0,0.043478260869565216,0.463768115942029,0.5362318840579711,0.782608695652174
24,"[21,3,17,7,9,13,5,11,1,15,19,23,0,2,20,22,18,4,6,8,12,14,10,16]","21,3,17,7,9,13,5,11,1,15,19,23,0,2,20,22,18,4,6,8,12,14,10,16",b866be6171ed64fd,E:\Projects\RL-LAM-ScanOpt\outputs\stage3_ppo_rl_lam_fea_addendum_v02_targeted_N24_N40\ppo_training_v02\checkpoints\N24_seed20260624_maskable_ppo_v02.zip,20260624,22660817,stochastic,0.6549937951091864,0.6406011416515023,0.023804912332273116,0.6286986854853657,False,18,22.484848484848484,PPO_v02_checkpoint_inference,False,False,7.695652173913044,23.0,0.0,0.043478260869565216,0.463768115942029,0.5362318840579711,0.782608695652174
24,"[21,17,3,7,9,13,5,1,15,11,19,23,0,2,18,20,22,4,8,10,12,6,14,16]","21,17,3,7,9,13,5,1,15,11,19,23,0,2,18,20,22,4,8,10,12,6,14,16",86a880eb12d5a2af,E:\Projects\RL-LAM-ScanOpt\outputs\stage3_ppo_rl_lam_fea_addendum_v02_targeted_N24_N40\ppo_training_v02\checkpoints\N24_seed20260624_maskable_ppo_v02.zip,20260624,22660818,stochastic,0.6504002137146199,0.6428188395272829,0.023451464753620112,0.6310931071504728,False,18,22.242424242424242,PPO_v02_checkpoint_inference,False,False,6.826086956521739,23.0,0.0,0.043478260869565216,0.46376811594202905,0.5362318840579711,0.782608695652174
24,"[21,17,3,7,9,13,5,1,15,11,23,19,0,2,18,20,22,4,8,10,12,6,14,16]","21,17,3,7,9,13,5,1,15,11,23,19,0,2,18,20,22,4,8,10,12,6,14,16",28bb2fad0bc33898,E:\Projects\RL-LAM-ScanOpt\outputs\stage3_ppo_rl_lam_fea_addendum_v02_targeted_N24_N40\ppo_training_v02\checkpoints\N24_seed20260624_maskable_ppo_v02.zip,20260624,22660819,stochastic,0.6538127335762672,0.6432147524592745,0.0232949148677416,0.6315672950254037,False,19,22.40909090909091,PPO_v02_checkpoint_inference,False,False,6.826086956521739,19.0,0.0,0.043478260869565216,0.46376811594202905,0.5362318840579711,0.782608695652174
24,"[21,17,7,3,9,13,5,1,19,11,15,23,2,18,0,20,22,4,8,10,12,14,6,16]","21,17,7,3,9,13,5,1,19,11,15,23,2,18,0,20,22,4,8,10,12,14,6,16",46b3c2d2ceca0a7f,E:\Projects\RL-LAM-ScanOpt\outputs\stage3_ppo_rl_lam_fea_addendum_v02_targeted_N24_N40\ppo_training_v02\checkpoints\N24_seed20260624_maskable_ppo_v02.zip,20260624,22660820,stochastic,0.6516509691393213,0.6279927633137441,0.02992657019026218,0.613029478218613,False,18,22.38888888888889,PPO_v02_checkpoint_inference,False,False,8.73913043478261,21.0,0.0,0.043478260869565216,0.46376811594202905,0.5362318840579711,0.782608695652174
24,"[21,17,3,7,9,13,5,1,11,15,23,19,0,18,2,20,22,4,8,10,12,14,6,16]","21,17,3,7,9,13,5,1,11,15,23,19,0,18,2,20,22,4,8,10,12,14,6,16",3db72c991720d30f,E:\Projects\RL-LAM-ScanOpt\outputs\stage3_ppo_rl_lam_fea_addendum_v02_targeted_N24_N40\ppo_training_v02\checkpoints\N24_seed20260624_maskable_ppo_v02.zip,20260624,22660821,stochastic,0.6584063149708338,0.6448609210637501,0.024420930710872688,0.6326504557083138,False,17,22.353535353535353,PPO_v02_checkpoint_inference,False,False,8.043478260869565,19.0,0.0,0.043478260869565216,0.46376811594202905,0.5362318840579711,0.782608695652174
24,"[21,17,3,7,9,13,5,1,11,15,19,23,0,20,2,18,22,4,8,10,12,14,6,16]","21,17,3,7,9,13,5,1,11,15,19,23,0,20,2,18,22,4,8,10,12,14,6,16",6971ce5360c58d05,E:\Projects\RL-LAM-ScanOpt\outputs\stage3_ppo_rl_lam_fea_addendum_v02_targeted_N24_N40\ppo_training_v02\checkpoints\N24_seed20260624_maskable_ppo_v02.zip,20260624,22660822,stochastic,0.6549937951091864,0.6457235871040483,0.02514180500954216,0.6331526845992772,False,18,22.181818181818183,PPO_v02_checkpoint_inference,False,False,8.217391304347826,23.0,0.0,0.043478260869565216,0.46376811594202905,0.5362318840579711,0.782608695652174
24,"[21,17,3,7,9,13,1,5,11,15,19,23,0,2,18,20,22,4,8,6,12,14,10,16]","21,17,3,7,9,13,1,5,11,15,19,23,0,2,18,20,22,4,8,6,12,14,10,16",21182e565021f102,E:\Projects\RL-LAM-ScanOpt\outputs\stage3_ppo_rl_lam_fea_addendum_v02_targeted_N24_N40\ppo_training_v02\checkpoints\N24_seed20260624_maskable_ppo_v02.zip,20260624,22660823,stochastic,0.6618605894466809,0.6422146150305221,0.031144731163380613,0.6266422494488318,False,18,22.666666666666668,PPO_v02_checkpoint_inference,False,False,6.478260869565218,23.0,0.0,0.043478260869565216,0.46376811594202905,0.5362318840579711,0.782608695652174
24,"[21,17,7,3,13,9,1,5,11,23,19,15,18,0,2,22,4,20,8,10,12,14,6,16]","21,17,7,3,13,9,1,5,11,23,19,15,18,0,2,22,4,20,8,10,12,14,6,16",1d01a2d95b04a91b,E:\Projects\RL-LAM-ScanOpt\outputs\stage3_ppo_rl_lam_fea_addendum_v02_targeted_N24_N40\ppo_training_v02\checkpoints\N24_seed20260624_maskable_ppo_v02.zip,20260624,22660824,stochastic,0.6603521472646078,0.6287085626704549,0.0384256102143503,0.6094957575632798,False,18,22.18686868686869,PPO_v02_checkpoint_inference,False,False,7.956521739130435,20.0,0.0,0.043478260869565216,0.46376811594202905,0.5362318840579711,0.782608695652174
24,"[21,7,17,3,9,13,5,11,1,15,19,23,0,2,20,18,22,4,8,10,12,14,6,16]","21,7,17,3,9,13,5,11,1,15,19,23,0,2,20,18,22,4,8,10,12,14,6,16",4c0ebc86de6ee13f,E:\Projects\RL-LAM-ScanOpt\outputs\stage3_ppo_rl_lam_fea_addendum_v02_targeted_N24_N40\ppo_training_v02\checkpoints\N24_seed20260624_maskable_ppo_v02.zip,20260624,22660825,stochastic,0.6549937951091864,0.6443290228062479,0.022807070615045708,0.6329254874987251,False,19,22.444444444444443,PPO_v02_checkpoint_inference,False,False,8.217391304347826,23.0,0.0,0.043478260869565216,0.46376811594202905,0.5362318840579711,0.782608695652174
24,"[21,17,3,7,9,13,1,5,11,15,19,23,0,18,2,20,22,4,8,10,12,14,6,16]","21,17,3,7,9,13,1,5,11,15,19,23,0,18,2,20,22,4,8,10,12,14,6,16",b7d42f69f3bae344,E:\Projects\RL-LAM-ScanOpt\outputs\stage3_ppo_rl_lam_fea_addendum_v02_targeted_N24_N40\ppo_training_v02\checkpoints\N24_seed20260624_maskable_ppo_v02.zip,20260624,22660826,stochastic,0.6618605894466809,0.6420414414629325,0.03138251905522504,0.62635018193532,False,17,22.36868686868687,PPO_v02_checkpoint_inference,False,False,8.043478260869565,23.0,0.0,0.043478260869565216,0.46376811594202905,0.5362318840579711,0.782608695652174
24,"[21,3,17,7,9,13,11,5,1,15,19,23,18,0,2,20,22,4,8,10,12,14,6,16]","21,3,17,7,9,13,11,5,1,15,19,23,18,0,2,20,22,4,8,10,12,14,6,16",4aee8aac349a317b,E:\Projects\RL-LAM-ScanOpt\outputs\stage3_ppo_rl_lam_fea_addendum_v02_targeted_N24_N40\ppo_training_v02\checkpoints\N24_seed20260624_maskable_ppo_v02.zip,20260624,22660827,stochastic,0.6584063149708338,0.6424094916746491,0.024384104924900934,0.6302174392121986,False,17,22.07070707070707,PPO_v02_checkpoint_inference,False,False,7.521739130434782,18.0,0.0,0.043478260869565216,0.463768115942029,0.5362318840579711,0.782608695652174
24,"[21,17,9,3,7,13,11,1,5,15,23,19,0,2,18,20,22,4,8,10,12,14,16,6]","21,17,9,3,7,13,11,1,5,15,23,19,0,2,18,20,22,4,8,10,12,14,16,6",2787d56283adab1b,E:\Projects\RL-LAM-ScanOpt\outputs\stage3_ppo_rl_lam_fea_addendum_v02_targeted_N24_N40\ppo_training_v02\checkpoints\N24_seed20260624_maskable_ppo_v02.zip,20260624,22660828,stochastic,0.6569784379064312,0.6396355302238754,0.02627243465075705,0.6264993128984969,False,17,22.98989898989899,PPO_v02_checkpoint_inference,False,False,6.391304347826087,19.0,0.0,0.043478260869565216,0.46376811594202905,0.536231884057971,0.782608695652174
24,"[21,17,3,7,9,13,5,1,11,15,19,23,0,2,18,20,22,4,8,10,12,6,14,16]","21,17,3,7,9,13,5,1,11,15,19,23,0,2,18,20,22,4,8,10,12,6,14,16",1136b34c81d35221,E:\Projects\RL-LAM-ScanOpt\outputs\stage3_ppo_rl_lam_fea_addendum_v02_targeted_N24_N40\ppo_training_v02\checkpoints\N24_seed20260624_maskable_ppo_v02.zip,20260624,22660829,stochastic,0.6618605894466809,0.6500225558517252,0.02806032345474866,0.6359923941243508,False,19,22.494949494949495,PPO_v02_checkpoint_inference,False,False,6.478260869565218,23.0,0.0,0.043478260869565216,0.46376811594202905,0.5362318840579711,0.782608695652174
24,"[21,17,3,7,9,13,5,1,11,15,19,23,0,2,18,22,20,4,8,10,12,14,6,16]","21,17,3,7,9,13,5,1,11,15,19,23,0,2,18,22,20,4,8,10,12,14,6,16",a90dfde09c779faa,E:\Projects\RL-LAM-ScanOpt\outputs\stage3_ppo_rl_lam_fea_addendum_v02_targeted_N24_N40\ppo_training_v02\checkpoints\N24_seed20260624_maskable_ppo_v02.zip,20260624,22660830,stochastic,0.6549937951091864,0.6503063940925252,0.026640028271845733,0.6369863799566023,False,18,22.515151515151516,PPO_v02_checkpoint_inference,False,False,6.6521739130434785,23.0,0.0,0.043478260869565216,0.46376811594202905,0.5362318840579711,0.782608695652174
24,"[21,3,17,7,9,13,5,11,1,15,23,19,0,2,18,20,22,4,8,10,12,14,6,16]","21,3,17,7,9,13,5,11,1,15,23,19,0,2,18,20,22,4,8,10,12,14,6,16",ba1dc44fe77df423,E:\Projects\RL-LAM-ScanOpt\outputs\stage3_ppo_rl_lam_fea_addendum_v02_targeted_N24_N40\ppo_training_v02\checkpoints\N24_seed20260624_maskable_ppo_v02.zip,20260624,22660831,stochastic,0.6533802090486551,0.6429021349949371,0.02284955800944841,0.6314773559902129,False,17,22.641414141414142,PPO_v02_checkpoint_inference,False,False,8.043478260869565,19.0,0.0,0.043478260869565216,0.463768115942029,0.5362318840579711,0.782608695652174
24,"[21,17,3,7,9,13,11,5,1,15,19,23,0,18,2,20,22,4,8,10,12,14,6,16]","21,17,3,7,9,13,11,5,1,15,19,23,0,18,2,20,22,4,8,10,12,14,6,16",4daa1862912bc49c,E:\Projects\RL-LAM-ScanOpt\outputs\stage3_ppo_rl_lam_fea_addendum_v02_targeted_N24_N40\ppo_training_v02\checkpoints\N24_seed20260624_maskable_ppo_v02.zip,20260624,22660832,stochastic,0.6600199010313651,0.6438994716641192,0.024553147842015493,0.6316228977431114,False,17,22.196969696969695,PPO_v02_checkpoint_inference,False,False,8.043478260869565,23.0,0.0,0.043478260869565216,0.46376811594202905,0.5362318840579711,0.782608695652174
24,"[21,17,7,3,9,13,5,1,15,11,19,23,20,0,2,18,22,8,4,10,12,14,6,16]","21,17,7,3,9,13,5,1,15,11,19,23,20,0,2,18,22,8,4,10,12,14,6,16",b1ca2fdae166a3bc,E:\Projects\RL-LAM-ScanOpt\outputs\stage3_ppo_rl_lam_fea_addendum_v02_targeted_N24_N40\ppo_training_v02\checkpoints\N24_seed20260624_maskable_ppo_v02.zip,20260624,22660833,stochastic,0.6539700919722831,0.635955229184402,0.030139003603469525,0.6208857273826672,False,15,21.28787878787879,PPO_v02_checkpoint_inference,False,False,7.0,20.0,0.0,0.043478260869565216,0.46376811594202905,0.5362318840579711,0.782608695652174
24,"[21,17,3,7,9,13,5,15,11,1,23,19,0,2,18,20,22,4,8,10,12,14,6,16]","21,17,3,7,9,13,5,15,11,1,23,19,0,2,18,20,22,4,8,10,12,14,6,16",73f4b98c4a12e85a,E:\Projects\RL-LAM-ScanOpt\outputs\stage3_ppo_rl_lam_fea_addendum_v02_targeted_N24_N40\ppo_training_v02\checkpoints\N24_seed20260624_maskable_ppo_v02.zip,20260624,22660834,stochastic,0.6554263196367985,0.6430647645878274,0.022980388769803954,0.6315745702029254,False,18,22.661616161616163,PPO_v02_checkpoint_inference,False,False,7.521739130434782,22.0,0.0,0.043478260869565216,0.46376811594202905,0.5362318840579711,0.782608695652174
24,"[21,17,3,7,9,13,5,1,11,15,19,23,18,0,2,20,22,4,8,10,12,14,16,6]","21,17,3,7,9,13,5,1,11,15,19,23,18,0,2,20,22,4,8,10,12,14,16,6",9ea7de418374cef5,E:\Projects\RL-LAM-ScanOpt\outputs\stage3_ppo_rl_lam_fea_addendum_v02_targeted_N24_N40\ppo_training_v02\checkpoints\N24_seed20260624_maskable_ppo_v02.zip,20260624,22660835,stochastic,0.6533802090486551,0.647695487707116,0.0260273317851938,0.6346818218145192,False,17,21.828282828282827,PPO_v02_checkpoint_inference,False,False,6.391304347826087,18.0,0.0,0.043478260869565216,0.46376811594202905,0.5362318840579711,0.782608695652174
24,"[21,3,17,7,9,13,5,1,11,15,19,23,0,2,18,20,22,4,8,10,12,6,14,16]","21,3,17,7,9,13,5,1,11,15,19,23,0,2,18,20,22,4,8,10,12,6,14,16",0acc35fd6b7cd73e,E:\Projects\RL-LAM-ScanOpt\outputs\stage3_ppo_rl_lam_fea_addendum_v02_targeted_N24_N40\ppo_training_v02\checkpoints\N24_seed20260624_maskable_ppo_v02.zip,20260624,22660836,stochastic,0.6618605894466809,0.6467466431908677,0.026043690814470354,0.6337247977836326,False,19,22.671717171717173,PPO_v02_checkpoint_inference,False,False,7.3478260869565215,23.0,0.0,0.043478260869565216,0.463768115942029,0.5362318840579711,0.782608695652174
24,"[21,17,3,7,9,13,5,11,1,15,19,23,20,0,2,18,22,4,8,10,12,14,6,16]","21,17,3,7,9,13,5,11,1,15,19,23,20,0,2,18,22,4,8,10,12,14,6,16",c85bfa80aea79596,E:\Projects\RL-LAM-ScanOpt\outputs\stage3_ppo_rl_lam_fea_addendum_v02_targeted_N24_N40\ppo_training_v02\checkpoints\N24_seed20260624_maskable_ppo_v02.zip,20260624,22660837,stochastic,0.6549937951091864,0.6441478612386053,0.025493696790533798,0.6314010128433385,False,16,21.68686868686869,PPO_v02_checkpoint_inference,False,False,7.173913043478261,20.0,0.0,0.043478260869565216,0.46376811594202905,0.5362318840579711,0.782608695652174
24,"[21,17,3,7,9,5,13,1,11,15,19,23,0,2,18,22,20,4,8,10,12,14,16,6]","21,17,3,7,9,5,13,1,11,15,19,23,0,2,18,22,20,4,8,10,12,14,16,6",7191f4de6f31d802,E:\Projects\RL-LAM-ScanOpt\outputs\stage3_ppo_rl_lam_fea_addendum_v02_targeted_N24_N40\ppo_training_v02\checkpoints\N24_seed20260624_maskable_ppo_v02.zip,20260624,22660838,stochastic,0.6528478050876951,0.638840317623402,0.03695138559481235,0.6203646248259959,False,17,22.68686868686869,PPO_v02_checkpoint_inference,False,False,6.739130434782608,23.0,0.0,0.043478260869565216,0.5362318840579711,0.46376811594202905,0.782608695652174
24,"[21,17,3,7,9,13,1,5,11,15,19,23,0,2,4,20,18,22,8,10,12,14,6,16]","21,17,3,7,9,13,1,5,11,15,19,23,0,2,4,20,18,22,8,10,12,14,6,16",a309d3039900ec1a,E:\Projects\RL-LAM-ScanOpt\outputs\stage3_ppo_rl_lam_fea_addendum_v02_targeted_N24_N40\ppo_training_v02\checkpoints\N24_seed20260624_maskable_ppo_v02.zip,20260624,22660839,stochastic,0.6614110983428475,0.6122095289344698,0.03335462157278685,0.5955322181480763,False,17,22.61111111111111,PPO_v02_checkpoint_inference,False,False,6.478260869565218,23.0,0.0,0.043478260869565216,0.46376811594202905,0.5362318840579711,0.782608695652174
24,"[21,17,3,7,9,13,5,1,15,11,19,23,18,0,2,20,22,4,8,10,12,14,6,16]","21,17,3,7,9,13,5,1,15,11,19,23,18,0,2,20,22,4,8,10,12,14,6,16",1b0b1dc96113bb1b,E:\Projects\RL-LAM-ScanOpt\outputs\stage3_ppo_rl_lam_fea_addendum_v02_targeted_N24_N40\ppo_training_v02\checkpoints\N24_seed20260624_maskable_ppo_v02.zip,20260624,22660840,stochastic,0.6538127335762672,0.6435491909625386,0.024071901027650177,0.6315132404487135,False,16,21.63131313131313,PPO_v02_checkpoint_inference,False,False,7.0,18.0,0.0,0.043478260869565216,0.46376811594202905,0.5362318840579711,0.782608695652174
24,"[21,17,3,7,9,13,5,1,15,11,19,23,0,2,18,20,22,4,8,10,12,14,6,16]","21,17,3,7,9,13,5,1,15,11,19,23,0,2,18,20,22,4,8,10,12,14,6,16",757675001c921a4f,E:\Projects\RL-LAM-ScanOpt\outputs\stage3_ppo_rl_lam_fea_addendum_v02_targeted_N24_N40\ppo_training_v02\checkpoints\N24_seed20260624_maskable_ppo_v02.zip,20260624,22660841,stochastic,0.6504002137146199,0.6445437961688303,0.02327651117191204,0.6329055405828743,False,18,22.242424242424242,PPO_v02_checkpoint_inference,False,False,7.0,23.0,0.0,0.043478260869565216,0.46376811594202905,0.5362318840579711,0.782608695652174
24,"[21,17,3,7,9,13,5,1,11,15,23,19,0,2,18,20,22,4,8,10,12,14,16,6]","21,17,3,7,9,13,5,1,11,15,23,19,0,2,18,20,22,4,8,10,12,14,16,6",d1c3155586a517d1,E:\Projects\RL-LAM-ScanOpt\outputs\stage3_ppo_rl_lam_fea_addendum_v02_targeted_N24_N40\ppo_training_v02\checkpoints\N24_seed20260624_maskable_ppo_v02.zip,20260624,22660842,stochastic,0.6533802090486551,0.6490499296455685,0.025056071767422715,0.6365218937618572,False,16,22.606060606060606,PPO_v02_checkpoint_inference,False,False,6.391304347826087,19.0,0.0,0.043478260869565216,0.46376811594202905,0.5362318840579711,0.782608695652174
24,"[21,17,7,3,9,13,5,1,11,15,19,23,0,2,18,20,22,4,8,10,12,14,16,6]","21,17,7,3,9,13,5,1,11,15,19,23,0,2,18,20,22,4,8,10,12,14,16,6",5a3e5b67b567e659,E:\Projects\RL-LAM-ScanOpt\outputs\stage3_ppo_rl_lam_fea_addendum_v02_targeted_N24_N40\ppo_training_v02\checkpoints\N24_seed20260624_maskable_ppo_v02.zip,20260624,22660843,stochastic,0.6549937951091864,0.6519838880451807,0.02582757601064551,0.639070100039858,False,18,22.373737373737374,PPO_v02_checkpoint_inference,False,False,6.391304347826087,23.0,0.0,0.043478260869565216,0.46376811594202905,0.5362318840579711,0.782608695652174
24,"[21,17,3,7,9,13,1,5,11,19,15,23,0,2,20,18,22,4,8,10,12,14,6,16]","21,17,3,7,9,13,1,5,11,19,15,23,0,2,20,18,22,4,8,10,12,14,6,16",892b5921734eec3a,E:\Projects\RL-LAM-ScanOpt\outputs\stage3_ppo_rl_lam_fea_addendum_v02_targeted_N24_N40\ppo_training_v02\checkpoints\N24_seed20260624_maskable_ppo_v02.zip,20260624,22660844,stochastic,0.6549937951091864,0.6401090427939565,0.02900652965213822,0.6256057779678874,False,18,22.833333333333332,PPO_v02_checkpoint_inference,False,False,7.173913043478261,23.0,0.0,0.043478260869565216,0.46376811594202905,0.5362318840579711,0.782608695652174
24,"[21,17,13,3,7,9,1,5,11,15,19,0,23,2,18,20,22,4,8,10,12,14,6,16]","21,17,13,3,7,9,1,5,11,15,19,0,23,2,18,20,22,4,8,10,12,14,6,16",88d3bbd60e3b8380,E:\Projects\RL-LAM-ScanOpt\outputs\stage3_ppo_rl_lam_fea_addendum_v02_targeted_N24_N40\ppo_training_v02\checkpoints\N24_seed20260624_maskable_ppo_v02.zip,20260624,22660845,stochastic,0.6059445384219532,0.6076815774205933,0.011793495093361831,0.6017848298739124,False,18,22.57070707070707,PPO_v02_checkpoint_inference,False,False,7.782608695652174,23.0,0.0,0.13043478260869565,0.463768115942029,0.5362318840579711,0.782608695652174
24,"[21,17,3,7,9,13,5,1,11,15,23,19,0,2,18,20,22,4,8,10,12,6,14,16]","21,17,3,7,9,13,5,1,11,15,23,19,0,2,18,20,22,4,8,10,12,6,14,16",9f0e013c84ab3c84,E:\Projects\RL-LAM-ScanOpt\outputs\stage3_ppo_rl_lam_fea_addendum_v02_targeted_N24_N40\ppo_training_v02\checkpoints\N24_seed20260624_maskable_ppo_v02.zip,20260624,22660846,stochastic,0.6533802090486551,0.6471473446776252,0.025093542804654177,0.6346005732752982,False,18,22.661616161616163,PPO_v02_checkpoint_inference,False,False,6.478260869565218,19.0,0.0,0.043478260869565216,0.46376811594202905,0.5362318840579711,0.782608695652174
24,"[21,17,3,13,7,9,5,1,15,11,19,23,0,18,2,20,22,4,8,10,12,14,6,16]","21,17,3,13,7,9,5,1,15,11,19,23,0,18,2,20,22,4,8,10,12,14,6,16",797efd5c52377a3d,E:\Projects\RL-LAM-ScanOpt\outputs\stage3_ppo_rl_lam_fea_addendum_v02_targeted_N24_N40\ppo_training_v02\checkpoints\N24_seed20260624_maskable_ppo_v02.zip,20260624,22660847,stochastic,0.6465771812402208,0.6261062245121352,0.027323677763757766,0.6124443856302563,False,17,21.96969696969697,PPO_v02_checkpoint_inference,False,False,8.565217391304348,23.0,0.0,0.043478260869565216,0.46376811594202905,0.5362318840579711,0.782608695652174
24,"[21,17,3,7,9,13,5,15,11,1,23,19,0,2,18,20,4,22,8,10,12,14,16,6]","21,17,3,7,9,13,5,15,11,1,23,19,0,2,18,20,4,22,8,10,12,14,16,6",ccf83a50db9cb4df,E:\Projects\RL-LAM-ScanOpt\outputs\stage3_ppo_rl_lam_fea_addendum_v02_targeted_N24_N40\ppo_training_v02\checkpoints\N24_seed20260624_maskable_ppo_v02.zip,20260624,22660848,stochastic,0.6465771812402208,0.6288035547237487,0.023297705163989792,0.6171547021417538,False,16,22.560606060606062,PPO_v02_checkpoint_inference,False,False,8.304347826086957,22.0,0.0,0.043478260869565216,0.46376811594202905,0.5362318840579711,0.782608695652174
24,"[21,17,3,9,7,13,5,11,1,15,23,19,0,2,18,20,4,22,8,10,12,6,14,16]","21,17,3,9,7,13,5,11,1,15,23,19,0,2,18,20,4,22,8,10,12,6,14,16",9b1258a70086de7d,E:\Projects\RL-LAM-ScanOpt\outputs\stage3_ppo_rl_lam_fea_addendum_v02_targeted_N24_N40\ppo_training_v02\checkpoints\N24_seed20260624_maskable_ppo_v02.zip,20260624,22660849,stochastic,0.6507037443634198,0.6298328794412129,0.025604188378095357,0.6170307852521653,False,18,22.595959595959595,PPO_v02_checkpoint_inference,False,False,8.217391304347826,19.0,0.0,0.043478260869565216,0.46376811594202905,0.5362318840579711,0.782608695652174
24,"[21,3,17,7,13,5,9,1,15,11,23,19,0,2,18,22,20,4,8,10,12,6,14,16]","21,3,17,7,13,5,9,1,15,11,23,19,0,2,18,22,20,4,8,10,12,6,14,16",22c005d9e2541534,E:\Projects\RL-LAM-ScanOpt\outputs\stage3_ppo_rl_lam_fea_addendum_v02_targeted_N24_N40\ppo_training_v02\checkpoints\N24_seed20260624_maskable_ppo_v02.zip,20260624,22660850,stochastic,0.6404887756147558,0.6191621517706998,0.035464878327855984,0.6014297126067718,False,19,22.994949494949495,PPO_v02_checkpoint_inference,False,False,8.043478260869565,19.0,0.0,0.043478260869565216,0.5217391304347826,0.47826086956521746,0.782608695652174
24,"[21,17,3,7,13,9,5,11,1,19,15,23,0,2,18,8,20,22,4,10,12,14,16,6]","21,17,3,7,13,9,5,11,1,19,15,23,0,2,18,8,20,22,4,10,12,14,16,6",c060502a90a25ae7,E:\Projects\RL-LAM-ScanOpt\outputs\stage3_ppo_rl_lam_fea_addendum_v02_targeted_N24_N40\ppo_training_v02\checkpoints\N24_seed20260624_maskable_ppo_v02.zip,20260624,22660851,stochastic,0.6523173304239511,0.6287141595989955,0.02355070359571143,0.6169388078011397,False,19,22.636363636363637,PPO_v02_checkpoint_inference,False,False,8.130434782608695,23.0,0.0,0.043478260869565216,0.46376811594202905,0.5362318840579711,0.782608695652174
24,"[21,3,17,7,9,13,11,5,1,15,19,23,0,2,20,18,22,4,8,10,12,14,6,16]","21,3,17,7,9,13,11,5,1,15,19,23,0,2,20,18,22,4,8,10,12,14,6,16",44491d1433af31bc,E:\Projects\RL-LAM-ScanOpt\outputs\stage3_ppo_rl_lam_fea_addendum_v02_targeted_N24_N40\ppo_training_v02\checkpoints\N24_seed20260624_maskable_ppo_v02.zip,20260624,22660852,stochastic,0.6600199010313651,0.6441160695913613,0.02344453476603221,0.6323938022083452,False,18,22.681818181818183,PPO_v02_checkpoint_inference,False,False,7.695652173913044,23.0,0.0,0.043478260869565216,0.463768115942029,0.5362318840579711,0.782608695652174
24,"[21,3,17,7,13,9,5,11,1,15,19,23,0,18,2,20,4,22,8,10,12,14,6,16]","21,3,17,7,13,9,5,11,1,15,19,23,0,18,2,20,4,22,8,10,12,14,6,16",127c05b37a2cee55,E:\Projects\RL-LAM-ScanOpt\outputs\stage3_ppo_rl_lam_fea_addendum_v02_targeted_N24_N40\ppo_training_v02\checkpoints\N24_seed20260624_maskable_ppo_v02.zip,20260624,22660853,stochastic,0.6523173304239511,0.6277799962976334,0.028237812316062788,0.613661090139602,False,17,22.348484848484848,PPO_v02_checkpoint_inference,False,False,10.478260869565217,23.0,0.0,0.043478260869565216,0.463768115942029,0.5362318840579711,0.782608695652174
24,"[21,17,3,7,9,13,5,11,1,15,23,19,0,2,18,22,20,4,8,10,12,14,16,6]","21,17,3,7,9,13,5,11,1,15,23,19,0,2,18,22,20,4,8,10,12,14,16,6",0fbf2900eb6eb4f4,E:\Projects\RL-LAM-ScanOpt\outputs\stage3_ppo_rl_lam_fea_addendum_v02_targeted_N24_N40\ppo_training_v02\checkpoints\N24_seed20260624_maskable_ppo_v02.zip,20260624,22660854,stochastic,0.6584063149708338,0.6443299808723061,0.02321410724484441,0.6327229272498839,False,16,22.42929292929293,PPO_v02_checkpoint_inference,False,False,6.913043478260869,19.0,0.0,0.043478260869565216,0.46376811594202905,0.5362318840579711,0.782608695652174
24,"[21,17,3,7,9,13,11,5,1,15,19,23,2,0,18,20,22,4,8,10,12,14,6,16]","21,17,3,7,9,13,11,5,1,15,19,23,2,0,18,20,22,4,8,10,12,14,6,16",384eff2488a5b187,E:\Projects\RL-LAM-ScanOpt\outputs\stage3_ppo_rl_lam_fea_addendum_v02_targeted_N24_N40\ppo_training_v02\checkpoints\N24_seed20260624_maskable_ppo_v02.zip,20260624,22660855,stochastic,0.6600199010313651,0.645903171268011,0.02502091694861026,0.6333927127937059,False,17,22.252525252525253,PPO_v02_checkpoint_inference,False,False,6.6521739130434785,21.0,0.0,0.043478260869565216,0.46376811594202905,0.5362318840579711,0.782608695652174
24,"[21,17,3,7,9,13,5,11,1,15,19,23,2,0,18,20,22,4,8,10,12,14,6,16]","21,17,3,7,9,13,5,11,1,15,19,23,2,0,18,20,22,4,8,10,12,14,6,16",f2754fe9049b4917,E:\Projects\RL-LAM-ScanOpt\outputs\stage3_ppo_rl_lam_fea_addendum_v02_targeted_N24_N40\ppo_training_v02\checkpoints\N24_seed20260624_maskable_ppo_v02.zip,20260624,22660856,stochastic,0.6549937951091864,0.6434968601581937,0.024514165500651174,0.6312397774078682,False,17,22.045454545454547,PPO_v02_checkpoint_inference,False,False,7.173913043478261,21.0,0.0,0.043478260869565216,0.46376811594202905,0.5362318840579711,0.782608695652174
24,"[21,17,3,7,13,9,5,15,19,11,1,23,0,18,2,20,22,4,8,10,12,14,6,16]","21,17,3,7,13,9,5,15,19,11,1,23,0,18,2,20,22,4,8,10,12,14,6,16",1b797ea1501362d0,E:\Projects\RL-LAM-ScanOpt\outputs\stage3_ppo_rl_lam_fea_addendum_v02_targeted_N24_N40\ppo_training_v02\checkpoints\N24_seed20260624_maskable_ppo_v02.zip,20260624,22660857,stochastic,0.645910819955591,0.6245538234182761,0.02495550901518065,0.6120760689106858,False,19,22.393939393939394,PPO_v02_checkpoint_inference,False,False,9.26086956521739,23.0,0.0,0.043478260869565216,0.46376811594202905,0.5362318840579711,0.782608695652174
24,"[21,3,17,7,9,13,5,11,1,19,15,23,0,18,2,20,22,4,8,10,12,14,6,16]","21,3,17,7,9,13,5,11,1,19,15,23,0,18,2,20,22,4,8,10,12,14,6,16",74187649905d6de1,E:\Projects\RL-LAM-ScanOpt\outputs\stage3_ppo_rl_lam_fea_addendum_v02_targeted_N24_N40\ppo_training_v02\checkpoints\N24_seed20260624_maskable_ppo_v02.zip,20260624,22660858,stochastic,0.6600199010313651,0.640958300819046,0.02416779044258963,0.6288744055977512,False,19,22.32323232323232,PPO_v02_checkpoint_inference,False,False,9.782608695652174,23.0,0.0,0.043478260869565216,0.463768115942029,0.5362318840579711,0.782608695652174
24,"[21,17,3,7,9,13,5,1,11,15,23,19,0,2,18,4,20,22,6,10,12,8,14,16]","21,17,3,7,9,13,5,1,11,15,23,19,0,2,18,4,20,22,6,10,12,8,14,16",6af7bed365252d99,E:\Projects\RL-LAM-ScanOpt\outputs\stage3_ppo_rl_lam_fea_addendum_v02_targeted_N24_N40\ppo_training_v02\checkpoints\N24_seed20260624_maskable_ppo_v02.zip,20260624,22660859,stochastic,0.6584063149708338,0.6451059406493329,0.024599663942121857,0.632806108678272,False,19,22.303030303030305,PPO_v02_checkpoint_inference,False,False,7.3478260869565215,19.0,0.0,0.043478260869565216,0.46376811594202905,0.5362318840579711,0.782608695652174
24,"[21,17,3,7,9,13,5,1,11,19,15,23,18,0,2,20,22,4,8,10,12,6,14,16]","21,17,3,7,9,13,5,1,11,19,15,23,18,0,2,20,22,4,8,10,12,6,14,16",4306a25d30846e66,E:\Projects\RL-LAM-ScanOpt\outputs\stage3_ppo_rl_lam_fea_addendum_v02_targeted_N24_N40\ppo_training_v02\checkpoints\N24_seed20260624_maskable_ppo_v02.zip,20260624,22660860,stochastic,0.6584063149708338,0.6439043527250755,0.025931350557575644,0.6309386774462877,False,18,22.04040404040404,PPO_v02_checkpoint_inference,False,False,6.826086956521739,18.0,0.0,0.043478260869565216,0.46376811594202905,0.5362318840579711,0.782608695652174
24,"[21,17,7,3,9,13,5,11,19,1,15,23,0,2,20,18,22,4,8,10,12,6,16,14]","21,17,7,3,9,13,5,11,19,1,15,23,0,2,20,18,22,4,8,10,12,6,16,14",e04e17b0fda367e1,E:\Projects\RL-LAM-ScanOpt\outputs\stage3_ppo_rl_lam_fea_addendum_v02_targeted_N24_N40\ppo_training_v02\checkpoints\N24_seed20260624_maskable_ppo_v02.zip,20260624,22660861,stochastic,0.6523173304239511,0.630605440428743,0.023940896261015653,0.6186349922982352,False,16,22.464646464646464,PPO_v02_checkpoint_inference,False,False,7.956521739130435,23.0,0.0,0.043478260869565216,0.46376811594202905,0.5362318840579711,0.782608695652174
24,"[21,17,3,7,9,13,5,11,1,15,23,19,0,2,18,4,20,22,8,10,12,14,6,16]","21,17,3,7,9,13,5,11,1,15,23,19,0,2,18,4,20,22,8,10,12,14,6,16",628eec9137f1c306,E:\Projects\RL-LAM-ScanOpt\outputs\stage3_ppo_rl_lam_fea_addendum_v02_targeted_N24_N40\ppo_training_v02\checkpoints\N24_seed20260624_maskable_ppo_v02.zip,20260624,22660862,stochastic,0.6584063149708338,0.645743523502217,0.0244587353444108,0.6335141558300116,False,17,22.116161616161616,PPO_v02_checkpoint_inference,False,False,8.043478260869565,19.0,0.0,0.043478260869565216,0.46376811594202905,0.5362318840579711,0.782608695652174
24,"[21,3,7,17,13,9,5,11,1,15,19,23,0,2,18,20,22,4,8,10,12,14,6,16]","21,3,7,17,13,9,5,11,1,15,19,23,0,2,18,20,22,4,8,10,12,14,6,16",d97e144dae405094,E:\Projects\RL-LAM-ScanOpt\outputs\stage3_ppo_rl_lam_fea_addendum_v02_targeted_N24_N40\ppo_training_v02\checkpoints\N24_seed20260624_maskable_ppo_v02.zip,20260624,22660863,stochastic,0.6530285465062657,0.6429725513210565,0.0220790867039772,0.6319330079690678,False,19,22.616161616161616,PPO_v02_checkpoint_inference,False,False,7.521739130434782,23.0,0.0,0.043478260869565216,0.463768115942029,0.536231884057971,0.782608695652174
24,"[21,17,3,7,9,13,5,1,15,11,23,19,0,2,18,20,22,4,8,10,12,14,16,6]","21,17,3,7,9,13,5,1,15,11,23,19,0,2,18,20,22,4,8,10,12,14,16,6",7eac49027b6d6eed,E:\Projects\RL-LAM-ScanOpt\outputs\stage3_ppo_rl_lam_fea_addendum_v02_targeted_N24_N40\ppo_training_v02\checkpoints\N24_seed20260624_maskable_ppo_v02.zip,20260624,22660864,stochastic,0.6538127335762672,0.6436956873889383,0.020836734688489317,0.6332773200446937,False,17,22.353535353535353,PPO_v02_checkpoint_inference,False,False,6.739130434782608,19.0,0.0,0.043478260869565216,0.46376811594202905,0.5362318840579711,0.782608695652174
24,"[21,17,3,9,7,13,11,5,1,15,19,23,0,2,18,20,22,4,8,10,12,14,6,16]","21,17,3,9,7,13,11,5,1,15,19,23,0,2,18,20,22,4,8,10,12,14,6,16",03f5c2a993f824aa,E:\Projects\RL-LAM-ScanOpt\outputs\stage3_ppo_rl_lam_fea_addendum_v02_targeted_N24_N40\ppo_training_v02\checkpoints\N24_seed20260624_maskable_ppo_v02.zip,20260624,22660865,stochastic,0.6600199010313651,0.6451894586340572,0.023923786959360493,0.633227565154377,False,19,22.681818181818183,PPO_v02_checkpoint_inference,False,False,6.826086956521739,23.0,0.0,0.043478260869565216,0.46376811594202905,0.5362318840579711,0.782608695652174
24,"[21,17,3,7,9,13,5,15,1,11,19,23,0,2,18,20,22,4,8,10,12,6,14,16]","21,17,3,7,9,13,5,15,1,11,19,23,0,2,18,20,22,4,8,10,12,6,14,16",ea52a1126e1132f7,E:\Projects\RL-LAM-ScanOpt\outputs\stage3_ppo_rl_lam_fea_addendum_v02_targeted_N24_N40\ppo_training_v02\checkpoints\N24_seed20260624_maskable_ppo_v02.zip,20260624,22660866,stochastic,0.6572670080521144,0.6422714891704834,0.023351398537272066,0.6305957899018474,False,17,22.08080808080808,PPO_v02_checkpoint_inference,False,False,7.3478260869565215,23.0,0.0,0.043478260869565216,0.46376811594202905,0.5362318840579711,0.782608695652174
24,"[21,7,17,3,13,9,5,11,1,0,15,19,23,18,4,2,20,22,8,10,12,14,16,6]","21,7,17,3,13,9,5,11,1,0,15,19,23,18,4,2,20,22,8,10,12,14,16,6",76a0fd1e469b4ceb,E:\Projects\RL-LAM-ScanOpt\outputs\stage3_ppo_rl_lam_fea_addendum_v02_targeted_N24_N40\ppo_training_v02\checkpoints\N24_seed20260624_maskable_ppo_v02.zip,20260624,22660867,stochastic,0.5837224334851693,0.5653029110412322,0.015739904779840996,0.5574329586513117,False,16,22.3989898989899,PPO_v02_checkpoint_inference,False,False,7.3478260869565215,18.0,0.043478260869565216,0.13043478260869565,0.46376811594202905,0.5362318840579711,0.782608695652174
24,"[21,17,3,7,13,9,5,1,11,15,19,23,0,2,18,20,22,4,8,10,12,14,6,16]","21,17,3,7,13,9,5,1,11,15,19,23,0,2,18,20,22,4,8,10,12,14,6,16",f6132d6bee956e2c,E:\Projects\RL-LAM-ScanOpt\outputs\stage3_ppo_rl_lam_fea_addendum_v02_targeted_N24_N40\ppo_training_v02\checkpoints\N24_seed20260624_maskable_ppo_v02.zip,20260624,22660868,stochastic,0.6549937951091864,0.648249142319897,0.025106596192960396,0.6356958442234169,False,18,22.72222222222222,PPO_v02_checkpoint_inference,False,False,6.6521739130434785,23.0,0.0,0.043478260869565216,0.46376811594202905,0.5362318840579711,0.782608695652174
24,"[21,17,3,7,9,13,5,11,1,15,23,19,0,2,18,20,22,4,8,10,12,14,16,6]","21,17,3,7,9,13,5,11,1,15,23,19,0,2,18,20,22,4,8,10,12,14,16,6",01786584dadf0fc5,E:\Projects\RL-LAM-ScanOpt\outputs\stage3_ppo_rl_lam_fea_addendum_v02_targeted_N24_N40\ppo_training_v02\checkpoints\N24_seed20260624_maskable_ppo_v02.zip,20260624,22660869,stochastic,0.6533802090486551,0.6439075138954276,0.022837840095167313,0.632488593847844,False,16,22.40909090909091,PPO_v02_checkpoint_inference,False,False,6.913043478260869,19.0,0.0,0.043478260869565216,0.46376811594202905,0.5362318840579711,0.782608695652174
24,"[21,17,3,7,13,9,11,19,5,1,15,23,18,0,2,20,22,4,8,10,12,14,16,6]","21,17,3,7,13,9,11,19,5,1,15,23,18,0,2,20,22,4,8,10,12,14,16,6",f589f8385499a32b,E:\Projects\RL-LAM-ScanOpt\outputs\stage3_ppo_rl_lam_fea_addendum_v02_targeted_N24_N40\ppo_training_v02\checkpoints\N24_seed20260624_maskable_ppo_v02.zip,20260624,22660870,stochastic,0.6584063149708338,0.6381650109216881,0.023896786935034855,0.6262166174541707,False,18,22.444444444444443,PPO_v02_checkpoint_inference,False,False,7.260869565217392,18.0,0.0,0.043478260869565216,0.46376811594202905,0.5362318840579711,0.782608695652174
24,"[21,17,3,7,9,13,5,1,15,11,23,19,0,2,20,22,18,4,8,10,12,14,6,16]","21,17,3,7,9,13,5,1,15,11,23,19,0,2,20,22,18,4,8,10,12,14,6,16",65bcca9c0754d2c7,E:\Projects\RL-LAM-ScanOpt\outputs\stage3_ppo_rl_lam_fea_addendum_v02_targeted_N24_N40\ppo_training_v02\checkpoints\N24_seed20260624_maskable_ppo_v02.zip,20260624,22660871,stochastic,0.6449635951796895,0.6314552029297494,0.025122066128310198,0.6188941698655943,False,18,22.42929292929293,PPO_v02_checkpoint_inference,False,False,7.0,19.0,0.0,0.043478260869565216,0.46376811594202905,0.5362318840579711,0.782608695652174
24,"[21,17,3,7,9,13,5,1,11,15,19,23,2,0,18,20,22,4,8,10,12,14,6,16]","21,17,3,7,9,13,5,1,11,15,19,23,2,0,18,20,22,4,8,10,12,14,6,16",4fafded98e472610,E:\Projects\RL-LAM-ScanOpt\outputs\stage3_ppo_rl_lam_fea_addendum_v02_targeted_N24_N40\ppo_training_v02\checkpoints\N24_seed20260624_maskable_ppo_v02.zip,20260624,22660872,stochastic,0.6549937951091864,0.6479279952527794,0.026365469276025164,0.6347452606147669,False,18,22.242424242424242,PPO_v02_checkpoint_inference,False,False,6.6521739130434785,21.0,0.0,0.043478260869565216,0.46376811594202905,0.5362318840579711,0.782608695652174
24,"[21,3,17,7,9,13,5,1,11,15,19,23,0,2,20,18,22,4,8,10,12,14,6,16]","21,3,17,7,9,13,5,1,11,15,19,23,0,2,20,18,22,4,8,10,12,14,6,16",9fb86314ddd4595c,E:\Projects\RL-LAM-ScanOpt\outputs\stage3_ppo_rl_lam_fea_addendum_v02_targeted_N24_N40\ppo_training_v02\checkpoints\N24_seed20260624_maskable_ppo_v02.zip,20260624,22660873,stochastic,0.6549937951091864,0.6457881545744374,0.023896818283372423,0.6338397454327511,False,18,22.671717171717173,PPO_v02_checkpoint_inference,False,False,7.695652173913044,23.0,0.0,0.043478260869565216,0.463768115942029,0.5362318840579711,0.782608695652174
24,"[21,17,3,7,9,13,5,11,1,15,19,23,0,2,18,20,22,4,8,10,12,6,14,16]","21,17,3,7,9,13,5,11,1,15,19,23,0,2,18,20,22,4,8,10,12,6,14,16",abfd179f4849c363,E:\Projects\RL-LAM-ScanOpt\outputs\stage3_ppo_rl_lam_fea_addendum_v02_targeted_N24_N40\ppo_training_v02\checkpoints\N24_seed20260624_maskable_ppo_v02.zip,20260624,22660874,stochastic,0.6618605894466809,0.6451388403848892,0.025672083781527546,0.6323027984941254,False,18,22.2979797979798,PPO_v02_checkpoint_inference,False,False,7.0,23.0,0.0,0.043478260869565216,0.46376811594202905,0.5362318840579711,0.782608695652174
24,"[21,17,3,7,9,13,5,11,1,15,19,23,0,2,18,20,22,4,8,10,12,14,6,16]","21,17,3,7,9,13,5,11,1,15,19,23,0,2,18,20,22,4,8,10,12,14,6,16",3937799ddc3874ab,E:\Projects\RL-LAM-ScanOpt\outputs\stage3_ppo_rl_lam_fea_addendum_v02_targeted_N24_N40\ppo_training_v02\checkpoints\N24_seed20260624_maskable_ppo_v02.zip,20260624,22660875,stochastic,0.6618605894466809,0.6469772290753367,0.025316751080881172,0.6343188535348961,False,18,22.2979797979798,PPO_v02_checkpoint_inference,False,False,7.173913043478261,23.0,0.0,0.043478260869565216,0.46376811594202905,0.5362318840579711,0.782608695652174
24,"[21,17,3,7,9,13,5,1,11,15,23,19,0,2,18,20,22,4,8,10,12,6,16,14]","21,17,3,7,9,13,5,1,11,15,23,19,0,2,18,20,22,4,8,10,12,6,16,14",1e1d5a9ad0d1804d,E:\Projects\RL-LAM-ScanOpt\outputs\stage3_ppo_rl_lam_fea_addendum_v02_targeted_N24_N40\ppo_training_v02\checkpoints\N24_seed20260624_maskable_ppo_v02.zip,20260624,22660876,stochastic,0.6584063149708338,0.6466446895080322,0.023037563546801382,0.6351259077346315,False,17,22.606060606060606,PPO_v02_checkpoint_inference,False,False,6.565217391304348,19.0,0.0,0.043478260869565216,0.46376811594202905,0.5362318840579711,0.782608695652174
24,"[21,3,17,7,13,9,5,11,1,19,15,23,0,2,18,20,22,4,8,10,12,14,6,16]","21,3,17,7,13,9,5,11,1,19,15,23,0,2,18,20,22,4,8,10,12,14,6,16",4cfdc62cbd98c6ac,E:\Projects\RL-LAM-ScanOpt\outputs\stage3_ppo_rl_lam_fea_addendum_v02_targeted_N24_N40\ppo_training_v02\checkpoints\N24_seed20260624_maskable_ppo_v02.zip,20260624,22660877,stochastic,0.6600199010313651,0.6426498936184339,0.022831097273854926,0.6312343449815064,False,19,22.858585858585858,PPO_v02_checkpoint_inference,False,False,8.391304347826088,23.0,0.0,0.043478260869565216,0.463768115942029,0.5362318840579711,0.782608695652174
24,"[21,3,17,7,9,13,5,1,11,15,23,19,0,2,18,20,22,4,8,10,12,14,16,6]","21,3,17,7,9,13,5,1,11,15,23,19,0,2,18,20,22,4,8,10,12,14,16,6",b9caab0b92335894,E:\Projects\RL-LAM-ScanOpt\outputs\stage3_ppo_rl_lam_fea_addendum_v02_targeted_N24_N40\ppo_training_v02\checkpoints\N24_seed20260624_maskable_ppo_v02.zip,20260624,22660878,stochastic,0.6533802090486551,0.6441680677360537,0.022061762280126417,0.6331371865959905,False,16,22.782828282828284,PPO_v02_checkpoint_inference,False,False,7.260869565217392,19.0,0.0,0.043478260869565216,0.463768115942029,0.5362318840579711,0.782608695652174
24,"[21,17,3,7,9,13,5,1,11,15,19,23,0,2,18,4,20,22,8,10,12,14,6,16]","21,17,3,7,9,13,5,1,11,15,19,23,0,2,18,4,20,22,8,10,12,14,6,16",a8c19f1d20272ded,E:\Projects\RL-LAM-ScanOpt\outputs\stage3_ppo_rl_lam_fea_addendum_v02_targeted_N24_N40\ppo_training_v02\checkpoints\N24_seed20260624_maskable_ppo_v02.zip,20260624,22660879,stochastic,0.6549937951091864,0.6476060993604116,0.02528767020165735,0.6349622642595829,False,18,22.146464646464647,PPO_v02_checkpoint_inference,False,False,7.521739130434782,23.0,0.0,0.043478260869565216,0.46376811594202905,0.5362318840579711,0.782608695652174
24,"[21,17,3,7,9,13,5,11,1,15,19,23,18,0,2,20,22,4,8,10,12,14,6,16]","21,17,3,7,9,13,5,11,1,15,19,23,18,0,2,20,22,4,8,10,12,14,6,16",e4a08f04bf34afea,E:\Projects\RL-LAM-ScanOpt\outputs\stage3_ppo_rl_lam_fea_addendum_v02_targeted_N24_N40\ppo_training_v02\checkpoints\N24_seed20260624_maskable_ppo_v02.zip,20260624,22660880,stochastic,0.6533802090486551,0.6432497929101617,0.024693019362220892,0.6309032832290513,False,16,21.68686868686869,PPO_v02_checkpoint_inference,False,False,7.173913043478261,18.0,0.0,0.043478260869565216,0.46376811594202905,0.5362318840579711,0.782608695652174
24,"[21,17,3,7,9,13,5,11,1,19,15,23,0,18,2,20,22,8,10,4,12,6,14,16]","21,17,3,7,9,13,5,11,1,19,15,23,0,18,2,20,22,8,10,4,12,6,14,16",c2d3db8a0a9f5d3c,E:\Projects\RL-LAM-ScanOpt\outputs\stage3_ppo_rl_lam_fea_addendum_v02_targeted_N24_N40\ppo_training_v02\checkpoints\N24_seed20260624_maskable_ppo_v02.zip,20260624,22660881,stochastic,0.662356613030453,0.6289943378752807,0.03186929273186573,0.6130596915093478,False,16,21.550505050505052,PPO_v02_checkpoint_inference,False,False,8.91304347826087,23.0,0.0,0.043478260869565216,0.46376811594202905,0.5362318840579711,0.782608695652174
24,"[21,17,3,7,9,13,1,5,11,19,15,23,0,18,2,20,22,4,8,10,12,14,6,16]","21,17,3,7,9,13,1,5,11,19,15,23,0,18,2,20,22,4,8,10,12,14,6,16",cf6434aa530959db,E:\Projects\RL-LAM-ScanOpt\outputs\stage3_ppo_rl_lam_fea_addendum_v02_targeted_N24_N40\ppo_training_v02\checkpoints\N24_seed20260624_maskable_ppo_v02.zip,20260624,22660882,stochastic,0.6549937951091864,0.639155973843026,0.0292111584615133,0.6245503946122694,False,18,22.525252525252526,PPO_v02_checkpoint_inference,False,False,8.391304347826088,23.0,0.0,0.043478260869565216,0.46376811594202905,0.5362318840579711,0.782608695652174
24,"[21,17,3,7,9,13,5,1,15,11,19,23,0,2,18,20,22,4,8,10,12,6,14,16]","21,17,3,7,9,13,5,1,15,11,19,23,0,2,18,20,22,4,8,10,12,6,14,16",86a880eb12d5a2af,E:\Projects\RL-LAM-ScanOpt\outputs\stage3_ppo_rl_lam_fea_addendum_v02_targeted_N24_N40\ppo_training_v02\checkpoints\N24_seed20260624_maskable_ppo_v02.zip,20260624,22660883,stochastic,0.6504002137146199,0.642818839527283,0.0234514647536203,0.6310931071504728,False,18,22.242424242424242,PPO_v02_checkpoint_inference,False,False,6.826086956521739,23.0,0.0,0.043478260869565216,0.46376811594202905,0.5362318840579711,0.782608695652174
24,"[21,3,17,7,9,13,1,5,11,15,19,23,0,2,20,18,22,4,8,10,12,14,6,16]","21,3,17,7,9,13,1,5,11,15,19,23,0,2,20,18,22,4,8,10,12,14,6,16",0dc98f5bb3d83be3,E:\Projects\RL-LAM-ScanOpt\outputs\stage3_ppo_rl_lam_fea_addendum_v02_targeted_N24_N40\ppo_training_v02\checkpoints\N24_seed20260624_maskable_ppo_v02.zip,20260624,22660884,stochastic,0.6618605894466809,0.6421659338487193,0.030285278514460647,0.627023294591489,False,17,22.853535353535353,PPO_v02_checkpoint_inference,False,False,7.695652173913044,23.0,0.0,0.043478260869565216,0.463768115942029,0.5362318840579711,0.782608695652174
24,"[21,17,3,7,9,13,11,5,1,15,19,23,2,0,20,22,18,4,8,10,12,14,6,16]","21,17,3,7,9,13,11,5,1,15,19,23,2,0,20,22,18,4,8,10,12,14,6,16",e760500263919c71,E:\Projects\RL-LAM-ScanOpt\outputs\stage3_ppo_rl_lam_fea_addendum_v02_targeted_N24_N40\ppo_training_v02\checkpoints\N24_seed20260624_maskable_ppo_v02.zip,20260624,22660885,stochastic,0.6523173304239511,0.6332441525616013,0.028030232727115367,0.6192290361980436,False,17,22.272727272727273,PPO_v02_checkpoint_inference,False,False,6.6521739130434785,21.0,0.0,0.043478260869565216,0.46376811594202905,0.5362318840579711,0.782608695652174
24,"[21,17,3,7,9,13,5,15,1,11,23,19,0,2,18,20,22,4,8,10,12,14,6,16]","21,17,3,7,9,13,5,15,1,11,23,19,0,2,18,20,22,4,8,10,12,14,6,16",4e4341a554208880,E:\Projects\RL-LAM-ScanOpt\outputs\stage3_ppo_rl_lam_fea_addendum_v02_targeted_N24_N40\ppo_training_v02\checkpoints\N24_seed20260624_maskable_ppo_v02.zip,20260624,22660886,stochastic,0.6487866276540886,0.6417377440979984,0.02197572958496193,0.6307498793055175,False,18,22.247474747474747,PPO_v02_checkpoint_inference,False,False,7.521739130434782,19.0,0.0,0.043478260869565216,0.46376811594202905,0.5362318840579711,0.782608695652174
24,"[21,17,3,7,13,9,5,11,1,15,0,19,23,18,2,20,22,4,8,10,12,14,6,16]","21,17,3,7,13,9,5,11,1,15,0,19,23,18,2,20,22,4,8,10,12,14,6,16",f4c680fb5a3bbf14,E:\Projects\RL-LAM-ScanOpt\outputs\stage3_ppo_rl_lam_fea_addendum_v02_targeted_N24_N40\ppo_training_v02\checkpoints\N24_seed20260624_maskable_ppo_v02.zip,20260624,22660887,stochastic,0.58837989244513,0.5935166575884442,0.005849865461071507,0.5905917248579085,False,17,22.116161616161616,PPO_v02_checkpoint_inference,False,False,8.304347826086957,19.0,0.0,0.13043478260869565,0.46376811594202905,0.5362318840579711,0.782608695652174
24,"[21,17,3,9,7,13,5,11,1,15,23,19,0,2,18,20,22,4,8,10,12,14,6,16]","21,17,3,9,7,13,5,11,1,15,23,19,0,2,18,20,22,4,8,10,12,14,6,16",31f8c7de4ed9e244,E:\Projects\RL-LAM-ScanOpt\outputs\stage3_ppo_rl_lam_fea_addendum_v02_targeted_N24_N40\ppo_training_v02\checkpoints\N24_seed20260624_maskable_ppo_v02.zip,20260624,22660888,stochastic,0.6584063149708338,0.6442038433101516,0.023362855674635266,0.6325224154728339,False,18,22.641414141414142,PPO_v02_checkpoint_inference,False,False,7.3478260869565215,19.0,0.0,0.043478260869565216,0.46376811594202905,0.5362318840579711,0.782608695652174
24,"[21,17,3,7,9,13,5,11,1,15,23,19,0,2,20,18,22,4,8,10,12,14,16,6]","21,17,3,7,9,13,5,11,1,15,23,19,0,2,20,18,22,4,8,10,12,14,16,6",5819980a45526e06,E:\Projects\RL-LAM-ScanOpt\outputs\stage3_ppo_rl_lam_fea_addendum_v02_targeted_N24_N40\ppo_training_v02\checkpoints\N24_seed20260624_maskable_ppo_v02.zip,20260624,22660889,stochastic,0.6584063149708338,0.6427494225570949,0.022827234765687248,0.6313358051742513,False,16,22.40909090909091,PPO_v02_checkpoint_inference,False,False,7.086956521739131,19.0,0.0,0.043478260869565216,0.46376811594202905,0.5362318840579711,0.782608695652174
24,"[21,17,3,7,13,9,1,5,19,11,15,23,0,2,18,22,4,20,8,10,12,14,6,16]","21,17,3,7,13,9,1,5,19,11,15,23,0,2,18,22,4,20,8,10,12,14,6,16",8f62b74fa16467ba,E:\Projects\RL-LAM-ScanOpt\outputs\stage3_ppo_rl_lam_fea_addendum_v02_targeted_N24_N40\ppo_training_v02\checkpoints\N24_seed20260624_maskable_ppo_v02.zip,20260624,22660890,stochastic,0.6593535397467353,0.6386026506961525,0.02710178069432446,0.6250517603489902,False,17,22.762626262626263,PPO_v02_checkpoint_inference,False,False,8.391304347826088,23.0,0.0,0.043478260869565216,0.46376811594202905,0.5362318840579711,0.782608695652174
24,"[21,17,3,7,9,13,5,11,15,1,19,23,18,0,2,20,22,4,8,10,12,14,16,6]","21,17,3,7,9,13,5,11,15,1,19,23,18,0,2,20,22,4,8,10,12,14,16,6",4b52374288242146,E:\Projects\RL-LAM-ScanOpt\outputs\stage3_ppo_rl_lam_fea_addendum_v02_targeted_N24_N40\ppo_training_v02\checkpoints\N24_seed20260624_maskable_ppo_v02.zip,20260624,22660891,stochastic,0.6487866276540886,0.6393963676458012,0.021762802310773408,0.6285149664904145,False,17,21.792929292929294,PPO_v02_checkpoint_inference,False,False,7.260869565217392,18.0,0.0,0.043478260869565216,0.46376811594202905,0.5362318840579711,0.782608695652174
24,"[21,3,17,7,9,13,5,11,1,15,23,19,0,2,18,20,22,4,8,10,12,6,14,16]","21,3,17,7,9,13,5,11,1,15,23,19,0,2,18,20,22,4,8,10,12,6,14,16",1735c53b00a8178f,E:\Projects\RL-LAM-ScanOpt\outputs\stage3_ppo_rl_lam_fea_addendum_v02_targeted_N24_N40\ppo_training_v02\checkpoints\N24_seed20260624_maskable_ppo_v02.zip,20260624,22660892,stochastic,0.6533802090486551,0.6410637463044895,0.023027720600846468,0.6295498860040663,False,18,22.641414141414142,PPO_v02_checkpoint_inference,False,False,7.869565217391305,19.0,0.0,0.043478260869565216,0.463768115942029,0.5362318840579711,0.782608695652174
24,"[21,3,17,7,9,13,5,1,11,23,15,19,2,0,20,22,18,4,8,10,12,14,6,16]","21,3,17,7,9,13,5,1,11,23,15,19,2,0,20,22,18,4,8,10,12,14,6,16",ec8922c9ee8a77fb,E:\Projects\RL-LAM-ScanOpt\outputs\stage3_ppo_rl_lam_fea_addendum_v02_targeted_N24_N40\ppo_training_v02\checkpoints\N24_seed20260624_maskable_ppo_v02.zip,20260624,22660893,stochastic,0.6516509691393213,0.6335967101124379,0.027621415173901955,0.6197860025254869,False,18,22.53030303030303,PPO_v02_checkpoint_inference,False,False,7.869565217391305,20.0,0.0,0.043478260869565216,0.463768115942029,0.5362318840579711,0.782608695652174
24,"[21,17,3,7,9,13,5,1,11,15,19,23,0,2,18,20,22,8,10,4,12,6,14,16]","21,17,3,7,9,13,5,1,11,15,19,23,0,2,18,20,22,8,10,4,12,6,14,16",efebfc7502690403,E:\Projects\RL-LAM-ScanOpt\outputs\stage3_ppo_rl_lam_fea_addendum_v02_targeted_N24_N40\ppo_training_v02\checkpoints\N24_seed20260624_maskable_ppo_v02.zip,20260624,22660894,stochastic,0.6716951640917757,0.6508113073205958,0.0266334223737193,0.6374945961337362,False,17,21.8989898989899,PPO_v02_checkpoint_inference,False,False,6.6521739130434785,23.0,0.0,0.043478260869565216,0.46376811594202905,0.5362318840579711,0.782608695652174
24,"[21,3,17,7,9,13,11,5,1,15,23,19,0,2,18,20,22,4,8,10,12,6,14,16]","21,3,17,7,9,13,11,5,1,15,23,19,0,2,18,20,22,4,8,10,12,6,14,16",e6d92c7f52257804,E:\Projects\RL-LAM-ScanOpt\outputs\stage3_ppo_rl_lam_fea_addendum_v02_targeted_N24_N40\ppo_training_v02\checkpoints\N24_seed20260624_maskable_ppo_v02.zip,20260624,22660895,stochastic,0.6584063149708338,0.6418926134505729,0.02369289377953033,0.6300461665608077,False,18,22.848484848484848,PPO_v02_checkpoint_inference,False,False,7.3478260869565215,19.0,0.0,0.043478260869565216,0.463768115942029,0.5362318840579711,0.782608695652174
24,"[21,3,17,7,9,13,5,1,11,23,15,19,0,2,18,22,20,4,8,6,12,14,16,10]","21,3,17,7,9,13,5,1,11,23,15,19,0,2,18,22,20,4,8,6,12,14,16,10",adec086cb1aeca18,E:\Projects\RL-LAM-ScanOpt\outputs\stage3_ppo_rl_lam_fea_addendum_v02_targeted_N24_N40\ppo_training_v02\checkpoints\N24_seed20260624_maskable_ppo_v02.zip,20260624,22660896,stochastic,0.65003738307879,0.6294739046647817,0.024298066705439925,0.6173248713120617,False,18,22.752525252525253,PPO_v02_checkpoint_inference,False,False,7.608695652173913,19.0,0.0,0.043478260869565216,0.463768115942029,0.5362318840579711,0.782608695652174
24,"[21,17,7,3,9,13,11,1,5,19,23,15,0,2,20,18,22,4,8,10,12,14,6,16]","21,17,7,3,9,13,11,1,5,19,23,15,0,2,20,18,22,4,8,10,12,14,6,16",8f40b71047f158ba,E:\Projects\RL-LAM-ScanOpt\outputs\stage3_ppo_rl_lam_fea_addendum_v02_targeted_N24_N40\ppo_training_v02\checkpoints\N24_seed20260624_maskable_ppo_v02.zip,20260624,22660897,stochastic,0.6513456504720142,0.6333178374359563,0.026836370001317934,0.6198996524352973,False,18,22.86868686868687,PPO_v02_checkpoint_inference,False,False,6.826086956521739,18.0,0.0,0.043478260869565216,0.46376811594202905,0.5362318840579711,0.782608695652174
24,"[21,17,3,7,9,13,5,1,11,15,23,19,18,0,2,20,22,4,8,10,12,14,16,6]","21,17,3,7,9,13,5,1,11,15,23,19,18,0,2,20,22,4,8,10,12,14,16,6",c3b5e3f70609a054,E:\Projects\RL-LAM-ScanOpt\outputs\stage3_ppo_rl_lam_fea_addendum_v02_targeted_N24_N40\ppo_training_v02\checkpoints\N24_seed20260624_maskable_ppo_v02.zip,20260624,22660898,stochastic,0.6584063149708338,0.6491190368508735,0.025388175029695804,0.6364249493360256,False,16,21.994949494949495,PPO_v02_checkpoint_inference,False,False,6.391304347826087,18.0,0.043478260869565216,0.043478260869565216,0.46376811594202905,0.5362318840579711,0.782608695652174
24,"[21,3,17,7,9,13,5,1,15,11,19,23,0,2,18,20,22,4,8,10,12,14,6,16]","21,3,17,7,9,13,5,1,15,11,19,23,0,2,18,20,22,4,8,10,12,14,6,16",9ba85559b4db110c,E:\Projects\RL-LAM-ScanOpt\outputs\stage3_ppo_rl_lam_fea_addendum_v02_targeted_N24_N40\ppo_training_v02\checkpoints\N24_seed20260624_maskable_ppo_v02.zip,20260624,22660899,stochastic,0.6504002137146199,0.6437152196036864,0.02250373202919403,0.6324633535890893,False,19,22.41919191919192,PPO_v02_checkpoint_inference,False,False,7.869565217391305,23.0,0.0,0.043478260869565216,0.463768115942029,0.5362318840579711,0.782608695652174
24,"[21,17,3,7,9,13,11,5,1,15,19,23,0,18,2,20,22,4,8,10,12,14,16,6]","21,17,3,7,9,13,11,5,1,15,19,23,0,18,2,20,22,4,8,10,12,14,16,6",072f47a0d3cd9588,E:\Projects\RL-LAM-ScanOpt\outputs\stage3_ppo_rl_lam_fea_addendum_v02_targeted_N24_N40\ppo_training_v02\checkpoints\N24_seed20260624_maskable_ppo_v02.zip,20260624,22660900,stochastic,0.6600199010313651,0.6425864541796297,0.02315281796658682,0.6310100451963363,False,17,22.141414141414142,PPO_v02_checkpoint_inference,False,False,7.782608695652174,23.0,0.0,0.043478260869565216,0.46376811594202905,0.5362318840579711,0.782608695652174
24,"[21,17,3,9,7,13,5,1,11,19,23,15,0,2,18,20,22,4,8,10,12,14,6,16]","21,17,3,9,7,13,5,1,11,19,23,15,0,2,18,20,22,4,8,10,12,14,6,16",5c1679c29cce47fa,E:\Projects\RL-LAM-ScanOpt\outputs\stage3_ppo_rl_lam_fea_addendum_v02_targeted_N24_N40\ppo_training_v02\checkpoints\N24_seed20260624_maskable_ppo_v02.zip,20260624,22660901,stochastic,0.6590482210794282,0.6467388739635402,0.02444086390060907,0.6345184420132357,False,18,22.87878787878788,PPO_v02_checkpoint_inference,False,False,6.826086956521739,18.0,0.0,0.043478260869565216,0.46376811594202905,0.5362318840579711,0.782608695652174
24,"[21,3,7,17,9,13,11,5,1,19,15,23,0,2,18,4,20,22,8,10,12,14,6,16]","21,3,7,17,9,13,11,5,1,19,15,23,0,2,18,4,20,22,8,10,12,14,6,16",7d757ddf0380790c,E:\Projects\RL-LAM-ScanOpt\outputs\stage3_ppo_rl_lam_fea_addendum_v02_targeted_N24_N40\ppo_training_v02\checkpoints\N24_seed20260624_maskable_ppo_v02.zip,20260624,22660902,stochastic,0.6503520818210304,0.6330699079888357,0.026437750911806543,0.6198510325329324,False,17,22.404040404040405,PPO_v02_checkpoint_inference,False,False,8.565217391304348,23.0,0.0,0.043478260869565216,0.463768115942029,0.536231884057971,0.782608695652174
24,"[21,3,17,7,13,9,5,15,1,11,23,19,0,2,18,20,22,4,8,10,12,6,14,16]","21,3,17,7,13,9,5,15,1,11,23,19,0,2,18,20,22,4,8,10,12,6,14,16",3e233315283c3313,E:\Projects\RL-LAM-ScanOpt\outputs\stage3_ppo_rl_lam_fea_addendum_v02_targeted_N24_N40\ppo_training_v02\checkpoints\N24_seed20260624_maskable_ppo_v02.zip,20260624,22660903,stochastic,0.6538127335762672,0.6379492131667931,0.021439843762233603,0.6272292912856763,False,19,22.651515151515152,PPO_v02_checkpoint_inference,False,False,8.217391304347826,19.0,0.0,0.043478260869565216,0.463768115942029,0.5362318840579711,0.782608695652174
24,"[21,17,3,7,9,13,5,11,19,1,15,23,0,2,18,20,22,4,10,8,12,14,16,6]","21,17,3,7,9,13,5,11,19,1,15,23,0,2,18,20,22,4,10,8,12,14,16,6",cbf278e5479be205,E:\Projects\RL-LAM-ScanOpt\outputs\stage3_ppo_rl_lam_fea_addendum_v02_targeted_N24_N40\ppo_training_v02\checkpoints\N24_seed20260624_maskable_ppo_v02.zip,20260624,22660904,stochastic,0.6650330777156883,0.6440643045407838,0.02298157325267673,0.6325735179144454,False,18,22.27777777777778,PPO_v02_checkpoint_inference,False,False,7.782608695652174,23.0,0.0,0.043478260869565216,0.46376811594202905,0.5362318840579711,0.782608695652174
24,"[21,17,3,7,9,13,5,1,11,19,15,23,0,2,18,20,22,4,8,10,12,6,14,16]","21,17,3,7,9,13,5,1,11,19,15,23,0,2,18,20,22,4,8,10,12,6,14,16",a743c94dc03fa3f7,E:\Projects\RL-LAM-ScanOpt\outputs\stage3_ppo_rl_lam_fea_addendum_v02_targeted_N24_N40\ppo_training_v02\checkpoints\N24_seed20260624_maskable_ppo_v02.zip,20260624,22660905,stochastic,0.6549937951091864,0.6453186875691,0.025568810934840293,0.63253428210168,False,19,22.651515151515152,PPO_v02_checkpoint_inference,False,False,6.826086956521739,23.0,0.0,0.043478260869565216,0.46376811594202905,0.5362318840579711,0.782608695652174
24,"[21,17,7,3,13,9,11,1,5,15,19,23,0,2,18,20,22,4,6,8,12,10,14,16]","21,17,7,3,13,9,11,1,5,15,19,23,0,2,18,20,22,4,6,8,12,10,14,16",937b815bc8adb00a,E:\Projects\RL-LAM-ScanOpt\outputs\stage3_ppo_rl_lam_fea_addendum_v02_targeted_N24_N40\ppo_training_v02\checkpoints\N24_seed20260624_maskable_ppo_v02.zip,20260624,22660906,stochastic,0.6549937951091864,0.644169473872368,0.025781050943681678,0.6312789484005271,False,19,22.893939393939394,PPO_v02_checkpoint_inference,False,False,6.304347826086956,23.0,0.0,0.043478260869565216,0.46376811594202905,0.5362318840579711,0.782608695652174
24,"[21,17,3,7,9,13,1,5,11,15,19,23,0,2,18,20,22,4,8,10,12,14,6,16]","21,17,3,7,9,13,1,5,11,15,19,23,0,2,18,20,22,4,8,10,12,14,6,16",0ff174d17e9a1393,E:\Projects\RL-LAM-ScanOpt\outputs\stage3_ppo_rl_lam_fea_addendum_v02_targeted_N24_N40\ppo_training_v02\checkpoints\N24_seed20260624_maskable_ppo_v02.zip,20260624,22660907,stochastic,0.6781519342470662,0.6682941060297948,0.03653450320414694,0.6500268544277213,False,17,22.67676767676768,PPO_v02_checkpoint_inference,False,False,6.6521739130434785,23.0,0.0,0.043478260869565216,0.46376811594202905,0.5362318840579711,0.782608695652174
24,"[21,17,3,7,13,9,11,5,1,15,19,23,0,2,18,20,22,4,8,10,12,6,14,16]","21,17,3,7,13,9,11,5,1,15,19,23,0,2,18,20,22,4,8,10,12,6,14,16",e8348b4a8f2f6c43,E:\Projects\RL-LAM-ScanOpt\outputs\stage3_ppo_rl_lam_fea_addendum_v02_targeted_N24_N40\ppo_training_v02\checkpoints\N24_seed20260624_maskable_ppo_v02.zip,20260624,22660908,stochastic,0.6549937951091864,0.6427479081697769,0.023055547877380053,0.6312201342310869,False,19,22.732323232323232,PPO_v02_checkpoint_inference,False,False,6.6521739130434785,23.0,0.0,0.043478260869565216,0.46376811594202905,0.5362318840579711,0.782608695652174
24,"[21,3,17,7,13,9,5,11,1,15,23,19,0,2,18,20,22,4,8,10,12,14,6,16]","21,3,17,7,13,9,5,11,1,15,23,19,0,2,18,20,22,4,8,10,12,14,6,16",0f6aefd14ae81b6d,E:\Projects\RL-LAM-ScanOpt\outputs\stage3_ppo_rl_lam_fea_addendum_v02_targeted_N24_N40\ppo_training_v02\checkpoints\N24_seed20260624_maskable_ppo_v02.zip,20260624,22660909,stochastic,0.6584063149708338,0.6420530971071794,0.022696194185608778,0.630705000014375,False,17,22.86868686868687,PPO_v02_checkpoint_inference,False,False,8.043478260869565,19.0,0.0,0.043478260869565216,0.463768115942029,0.5362318840579711,0.782608695652174
24,"[21,17,3,7,9,13,5,15,1,11,19,23,0,18,2,20,22,4,8,10,12,14,6,16]","21,17,3,7,9,13,5,15,1,11,19,23,0,18,2,20,22,4,8,10,12,14,6,16",2f297abbe8c5ef7f,E:\Projects\RL-LAM-ScanOpt\outputs\stage3_ppo_rl_lam_fea_addendum_v02_targeted_N24_N40\ppo_training_v02\checkpoints\N24_seed20260624_maskable_ppo_v02.zip,20260624,22660910,stochastic,0.6504002137146199,0.6384147770440052,0.021801981345602437,0.6275137863712039,False,16,21.772727272727273,PPO_v02_checkpoint_inference,False,False,8.91304347826087,23.0,0.0,0.043478260869565216,0.46376811594202905,0.5362318840579711,0.782608695652174
24,"[21,17,3,7,9,13,1,5,11,15,19,23,0,18,2,20,22,4,8,10,12,14,6,16]","21,17,3,7,9,13,1,5,11,15,19,23,0,18,2,20,22,4,8,10,12,14,6,16",b7d42f69f3bae344,E:\Projects\RL-LAM-ScanOpt\outputs\stage3_ppo_rl_lam_fea_addendum_v02_targeted_N24_N40\ppo_training_v02\checkpoints\N24_seed20260624_maskable_ppo_v02.zip,20260624,22660911,stochastic,0.6618605894466809,0.6420414414629325,0.031382519055225,0.62635018193532,False,17,22.36868686868687,PPO_v02_checkpoint_inference,False,False,8.043478260869565,23.0,0.0,0.043478260869565216,0.46376811594202905,0.5362318840579711,0.782608695652174
24,"[21,17,3,7,9,13,5,1,11,15,23,19,0,2,18,20,22,4,8,10,12,14,6,16]","21,17,3,7,9,13,5,1,11,15,23,19,0,2,18,20,22,4,8,10,12,14,6,16",a008e604b6bde8fd,E:\Projects\RL-LAM-ScanOpt\outputs\stage3_ppo_rl_lam_fea_addendum_v02_targeted_N24_N40\ppo_training_v02\checkpoints\N24_seed20260624_maskable_ppo_v02.zip,20260624,22660912,stochastic,0.6533802090486551,0.6489295944086818,0.024899144255588836,0.6364800222808874,False,17,22.661616161616163,PPO_v02_checkpoint_inference,False,False,6.6521739130434785,19.0,0.0,0.043478260869565216,0.46376811594202905,0.5362318840579711,0.782608695652174
24,"[21,3,17,7,9,13,5,1,11,23,15,19,0,2,18,22,20,4,8,10,12,6,14,16]","21,3,17,7,9,13,5,1,11,23,15,19,0,2,18,22,20,4,8,10,12,6,14,16",3995ed2b0c2db6cc,E:\Projects\RL-LAM-ScanOpt\outputs\stage3_ppo_rl_lam_fea_addendum_v02_targeted_N24_N40\ppo_training_v02\checkpoints\N24_seed20260624_maskable_ppo_v02.zip,20260624,22660913,stochastic,0.657739953686204,0.6441132562190203,0.024080930843595534,0.6320727907972225,False,18,22.782828282828284,PPO_v02_checkpoint_inference,False,False,7.695652173913044,19.0,0.0,0.043478260869565216,0.463768115942029,0.5362318840579711,0.782608695652174
24,"[21,17,3,7,9,13,5,1,11,15,19,23,0,18,20,2,22,4,8,10,12,14,6,16]","21,17,3,7,9,13,5,1,11,15,19,23,0,18,20,2,22,4,8,10,12,14,6,16",7c7c1e42a00f93e8,E:\Projects\RL-LAM-ScanOpt\outputs\stage3_ppo_rl_lam_fea_addendum_v02_targeted_N24_N40\ppo_training_v02\checkpoints\N24_seed20260624_maskable_ppo_v02.zip,20260624,22660914,stochastic,0.6524997332095966,0.6434215907960427,0.024853316567332234,0.6309949325123766,False,17,22.52020202020202,PPO_v02_checkpoint_inference,False,False,8.217391304347826,23.0,0.0,0.043478260869565216,0.46376811594202905,0.5362318840579711,0.782608695652174
24,"[21,17,7,3,9,13,5,1,11,15,19,23,0,2,18,20,22,4,8,10,12,14,6,16]","21,17,7,3,9,13,5,1,11,15,19,23,0,2,18,20,22,4,8,10,12,14,6,16",d8c8080ed994dc75,E:\Projects\RL-LAM-ScanOpt\outputs\stage3_ppo_rl_lam_fea_addendum_v02_targeted_N24_N40\ppo_training_v02\checkpoints\N24_seed20260624_maskable_ppo_v02.zip,20260624,22660915,stochastic,0.6549937951091864,0.6518382143988186,0.02612481976965412,0.6387758045139915,False,19,22.42929292929293,PPO_v02_checkpoint_inference,False,False,6.6521739130434785,23.0,0.0,0.043478260869565216,0.46376811594202905,0.5362318840579711,0.782608695652174
24,"[21,3,17,7,9,13,5,1,11,15,19,23,0,2,20,18,22,4,8,10,12,14,6,16]","21,3,17,7,9,13,5,1,11,15,19,23,0,2,20,18,22,4,8,10,12,14,6,16",9fb86314ddd4595c,E:\Projects\RL-LAM-ScanOpt\outputs\stage3_ppo_rl_lam_fea_addendum_v02_targeted_N24_N40\ppo_training_v02\checkpoints\N24_seed20260624_maskable_ppo_v02.zip,20260624,22660916,stochastic,0.6549937951091864,0.6457881545744374,0.023896818283372423,0.6338397454327511,False,18,22.671717171717173,PPO_v02_checkpoint_inference,False,False,7.695652173913044,23.0,0.0,0.043478260869565216,0.463768115942029,0.5362318840579711,0.782608695652174
24,"[21,17,3,7,9,13,1,5,11,15,23,19,0,2,18,20,22,4,8,10,12,6,14,16]","21,17,3,7,9,13,1,5,11,15,23,19,0,2,18,20,22,4,8,10,12,6,14,16",ac74eed881cc35b8,E:\Projects\RL-LAM-ScanOpt\outputs\stage3_ppo_rl_lam_fea_addendum_v02_targeted_N24_N40\ppo_training_v02\checkpoints\N24_seed20260624_maskable_ppo_v02.zip,20260624,22660917,stochastic,0.6602470033861496,0.6435371903647666,0.03144596377747323,0.62781420847603,False,17,22.843434343434343,PPO_v02_checkpoint_inference,False,False,6.478260869565218,19.0,0.0,0.043478260869565216,0.46376811594202905,0.5362318840579711,0.782608695652174
24,"[21,7,17,3,9,13,1,5,15,11,19,23,0,2,18,20,22,4,8,10,12,6,14,16]","21,7,17,3,9,13,1,5,15,11,19,23,0,2,18,20,22,4,8,10,12,6,14,16",f5d1c130a4d2b2f4,E:\Projects\RL-LAM-ScanOpt\outputs\stage3_ppo_rl_lam_fea_addendum_v02_targeted_N24_N40\ppo_training_v02\checkpoints\N24_seed20260624_maskable_ppo_v02.zip,20260624,22660918,stochastic,0.6572670080521144,0.6390855623166803,0.029264297226019812,0.6244534137036705,False,19,22.57070707070707,PPO_v02_checkpoint_inference,False,False,7.695652173913044,23.0,0.0,0.043478260869565216,0.46376811594202905,0.5362318840579711,0.782608695652174
24,"[21,17,3,7,9,13,5,11,1,15,23,19,0,18,2,20,22,4,8,10,12,6,14,16]","21,17,3,7,9,13,5,11,1,15,23,19,0,18,2,20,22,4,8,10,12,6,14,16",cc70431a755e1e37,E:\Projects\RL-LAM-ScanOpt\outputs\stage3_ppo_rl_lam_fea_addendum_v02_targeted_N24_N40\ppo_training_v02\checkpoints\N24_seed20260624_maskable_ppo_v02.zip,20260624,22660919,stochastic,0.6584063149708338,0.6408318541443123,0.024427264848506255,0.6286182217200592,False,18,22.156565656565657,PPO_v02_checkpoint_inference,False,False,8.391304347826088,19.0,0.0,0.043478260869565216,0.46376811594202905,0.5362318840579711,0.782608695652174
24,"[21,17,3,7,9,13,15,5,19,1,11,23,0,2,18,20,22,4,8,10,12,14,6,16]","21,17,3,7,9,13,15,5,19,1,11,23,0,2,18,20,22,4,8,10,12,14,6,16",3d2bfe9789f4066e,E:\Projects\RL-LAM-ScanOpt\outputs\stage3_ppo_rl_lam_fea_addendum_v02_targeted_N24_N40\ppo_training_v02\checkpoints\N24_seed20260624_maskable_ppo_v02.zip,20260624,22660920,stochastic,0.6572670080521144,0.643646353114738,0.022733928634681783,0.6322793887973971,False,19,22.843434343434343,PPO_v02_checkpoint_inference,False,False,8.043478260869565,23.0,0.0,0.043478260869565216,0.46376811594202905,0.5362318840579711,0.782608695652174
24,"[21,17,3,7,9,13,11,5,15,1,19,23,0,18,2,20,22,4,8,10,12,14,6,16]","21,17,3,7,9,13,11,5,15,1,19,23,0,18,2,20,22,4,8,10,12,14,6,16",f4eff9af193fd038,E:\Projects\RL-LAM-ScanOpt\outputs\stage3_ppo_rl_lam_fea_addendum_v02_targeted_N24_N40\ppo_training_v02\checkpoints\N24_seed20260624_maskable_ppo_v02.zip,20260624,22660921,stochastic,0.6554263196367985,0.63966739031248,0.022972968908618392,0.6281809058581708,False,18,22.358585858585858,PPO_v02_checkpoint_inference,False,False,8.91304347826087,23.0,0.0,0.043478260869565216,0.46376811594202905,0.5362318840579711,0.782608695652174
24,"[21,3,17,7,13,9,11,5,1,15,19,23,0,2,18,22,20,4,8,10,12,14,6,16]","21,3,17,7,13,9,11,5,1,15,19,23,0,2,18,22,20,4,8,10,12,14,6,16",e2d558acf8ed9117,E:\Projects\RL-LAM-ScanOpt\outputs\stage3_ppo_rl_lam_fea_addendum_v02_targeted_N24_N40\ppo_training_v02\checkpoints\N24_seed20260624_maskable_ppo_v02.zip,20260624,22660922,stochastic,0.6600199010313651,0.6432568109196184,0.023031336452753928,0.6317411426932414,False,18,22.92929292929293,PPO_v02_checkpoint_inference,False,False,7.695652173913044,23.0,0.0,0.043478260869565216,0.463768115942029,0.5362318840579711,0.782608695652174
24,"[21,17,3,7,9,13,5,1,15,11,19,23,18,0,2,4,20,22,8,10,12,14,6,16]","21,17,3,7,9,13,5,1,15,11,19,23,18,0,2,4,20,22,8,10,12,14,6,16",580a93b470567ef4,E:\Projects\RL-LAM-ScanOpt\outputs\stage3_ppo_rl_lam_fea_addendum_v02_targeted_N24_N40\ppo_training_v02\checkpoints\N24_seed20260624_maskable_ppo_v02.zip,20260624,22660923,stochastic,0.6538127335762672,0.6461259093666738,0.024928157132880817,0.6336618308002334,False,15,21.282828282828284,PPO_v02_checkpoint_inference,False,False,6.6521739130434785,18.0,0.0,0.043478260869565216,0.46376811594202905,0.5362318840579711,0.782608695652174
24,"[21,17,7,9,3,13,5,19,1,11,15,23,0,2,18,20,22,4,8,10,12,14,6,16]","21,17,7,9,3,13,5,19,1,11,15,23,0,2,18,20,22,4,8,10,12,14,6,16",8108cb722eea93cb,E:\Projects\RL-LAM-ScanOpt\outputs\stage3_ppo_rl_lam_fea_addendum_v02_targeted_N24_N40\ppo_training_v02\checkpoints\N24_seed20260624_maskable_ppo_v02.zip,20260624,22660924,stochastic,0.6535659180447838,0.6433564941069831,0.02232981581040365,0.6321915862017813,False,17,22.348484848484848,PPO_v02_checkpoint_inference,False,False,8.043478260869565,23.0,0.0,0.043478260869565216,0.46376811594202905,0.536231884057971,0.782608695652174
24,"[21,17,3,7,9,13,1,5,11,15,19,23,0,2,18,22,20,4,8,10,12,6,14,16]","21,17,3,7,9,13,1,5,11,15,19,23,0,2,18,22,20,4,8,10,12,6,14,16",82daac95ef3ad073,E:\Projects\RL-LAM-ScanOpt\outputs\stage3_ppo_rl_lam_fea_addendum_v02_targeted_N24_N40\ppo_training_v02\checkpoints\N24_seed20260624_maskable_ppo_v02.zip,20260624,22660925,stochastic,0.6618605894466809,0.6448495283311819,0.03361269038124231,0.6280431831405607,False,18,22.696969696969695,PPO_v02_checkpoint_inference,False,False,6.478260869565218,23.0,0.0,0.043478260869565216,0.46376811594202905,0.5362318840579711,0.782608695652174
24,"[21,17,3,7,9,13,5,1,11,15,19,23,0,2,18,22,20,4,8,10,12,6,14,16]","21,17,3,7,9,13,5,1,11,15,19,23,0,2,18,22,20,4,8,10,12,6,14,16",a78f4160aa17cfbb,E:\Projects\RL-LAM-ScanOpt\outputs\stage3_ppo_rl_lam_fea_addendum_v02_targeted_N24_N40\ppo_training_v02\checkpoints\N24_seed20260624_maskable_ppo_v02.zip,20260624,22660926,stochastic,0.6549937951091864,0.6487111261719593,0.026643815906619794,0.6353892182186494,False,19,22.515151515151516,PPO_v02_checkpoint_inference,False,False,6.478260869565218,23.0,0.0,0.043478260869565216,0.46376811594202905,0.5362318840579711,0.782608695652174
24,"[21,17,3,7,9,13,5,1,15,11,19,23,0,2,18,20,22,4,8,10,12,14,6,16]","21,17,3,7,9,13,5,1,15,11,19,23,0,2,18,20,22,4,8,10,12,14,6,16",757675001c921a4f,E:\Projects\RL-LAM-ScanOpt\outputs\stage3_ppo_rl_lam_fea_addendum_v02_targeted_N24_N40\ppo_training_v02\checkpoints\N24_seed20260624_maskable_ppo_v02.zip,20260624,22660927,stochastic,0.6504002137146199,0.6445437961688303,0.02327651117191207,0.6329055405828743,False,18,22.242424242424242,PPO_v02_checkpoint_inference,False,False,7.0,23.0,0.0,0.043478260869565216,0.46376811594202905,0.5362318840579711,0.782608695652174
24,"[21,3,17,7,13,9,5,11,1,15,19,23,0,2,18,20,22,4,8,10,12,14,16,6]","21,3,17,7,13,9,5,11,1,15,19,23,0,2,18,20,22,4,8,10,12,14,16,6",1abfcc41d736141d,E:\Projects\RL-LAM-ScanOpt\outputs\stage3_ppo_rl_lam_fea_addendum_v02_targeted_N24_N40\ppo_training_v02\checkpoints\N24_seed20260624_maskable_ppo_v02.zip,20260624,22660928,stochastic,0.6549937951091864,0.6413313342134674,0.021347653892903603,0.6306575072670156,False,17,22.646464646464647,PPO_v02_checkpoint_inference,False,False,7.782608695652174,23.0,0.0,0.043478260869565216,0.463768115942029,0.5362318840579711,0.782608695652174
24,"[21,17,3,7,9,13,5,1,11,15,19,23,0,2,18,20,22,4,8,10,12,14,6,16]","21,17,3,7,9,13,5,1,11,15,19,23,0,2,18,20,22,4,8,10,12,14,6,16",ff37fba1e29bb951,E:\Projects\RL-LAM-ScanOpt\outputs\stage3_ppo_rl_lam_fea_addendum_v02_targeted_N24_N40\ppo_training_v02\checkpoints\N24_seed20260624_maskable_ppo_v02.zip,20260624,22660929,stochastic,0.6618605894466809,0.6517927391699221,0.02763898988972991,0.6379732442250571,False,18,22.494949494949495,PPO_v02_checkpoint_inference,False,False,6.6521739130434785,23.0,0.0,0.043478260869565216,0.46376811594202905,0.5362318840579711,0.782608695652174
24,"[21,17,3,7,9,13,5,11,1,15,19,23,0,18,2,22,20,4,8,10,12,14,6,16]","21,17,3,7,9,13,5,11,1,15,19,23,0,18,2,22,20,4,8,10,12,14,6,16",9375e1da299ddd9e,E:\Projects\RL-LAM-ScanOpt\outputs\stage3_ppo_rl_lam_fea_addendum_v02_targeted_N24_N40\ppo_training_v02\checkpoints\N24_seed20260624_maskable_ppo_v02.zip,20260624,22660930,stochastic,0.6600199010313651,0.6412619344907888,0.024292833837412754,0.6291155175720825,False,17,22.01010101010101,PPO_v02_checkpoint_inference,False,False,8.565217391304348,23.0,0.0,0.043478260869565216,0.46376811594202905,0.5362318840579711,0.782608695652174
24,"[21,17,3,7,9,13,5,1,11,15,23,19,0,2,18,20,22,4,8,10,12,14,16,6]","21,17,3,7,9,13,5,1,11,15,23,19,0,2,18,20,22,4,8,10,12,14,16,6",d1c3155586a517d1,E:\Projects\RL-LAM-ScanOpt\outputs\stage3_ppo_rl_lam_fea_addendum_v02_targeted_N24_N40\ppo_training_v02\checkpoints\N24_seed20260624_maskable_ppo_v02.zip,20260624,22660931,stochastic,0.6533802090486551,0.6490499296455685,0.02505607176742268,0.6365218937618572,False,16,22.606060606060606,PPO_v02_checkpoint_inference,False,False,6.391304347826087,19.0,0.0,0.043478260869565216,0.46376811594202905,0.5362318840579711,0.782608695652174
24,"[21,17,7,3,9,13,5,15,1,11,23,19,0,2,18,20,22,4,6,10,12,14,8,16]","21,17,7,3,9,13,5,15,1,11,23,19,0,2,18,20,22,4,6,10,12,14,8,16",3a012b98997e4af1,E:\Projects\RL-LAM-ScanOpt\outputs\stage3_ppo_rl_lam_fea_addendum_v02_targeted_N24_N40\ppo_training_v02\checkpoints\N24_seed20260624_maskable_ppo_v02.zip,20260624,22660932,stochastic,0.6538127335762672,0.6437945655874311,0.02249780045419523,0.6325456653603335,False,18,22.161616161616163,PPO_v02_checkpoint_inference,False,False,7.3478260869565215,19.0,0.0,0.043478260869565216,0.46376811594202905,0.5362318840579711,0.782608695652174
24,"[21,17,3,7,9,13,5,1,11,23,15,19,0,2,18,20,22,4,8,10,12,14,6,16]","21,17,3,7,9,13,5,1,11,23,15,19,0,2,18,20,22,4,8,10,12,14,6,16",db1f0794af2a5c7f,E:\Projects\RL-LAM-ScanOpt\outputs\stage3_ppo_rl_lam_fea_addendum_v02_targeted_N24_N40\ppo_training_v02\checkpoints\N24_seed20260624_maskable_ppo_v02.zip,20260624,22660933,stochastic,0.6527138477640253,0.6466611347276823,0.024727141904491025,0.6342975637754368,False,18,22.585858585858585,PPO_v02_checkpoint_inference,False,False,7.0,19.0,0.0,0.043478260869565216,0.46376811594202905,0.5362318840579711,0.782608695652174
24,"[21,17,3,7,9,13,5,15,11,1,19,23,0,2,18,20,22,4,8,10,12,14,6,16]","21,17,3,7,9,13,5,15,11,1,19,23,0,2,18,20,22,4,8,10,12,14,6,16",79077ca3fdaf4c66,E:\Projects\RL-LAM-ScanOpt\outputs\stage3_ppo_rl_lam_fea_addendum_v02_targeted_N24_N40\ppo_training_v02\checkpoints\N24_seed20260624_maskable_ppo_v02.zip,20260624,22660934,stochastic,0.6504002137146199,0.6421067805173921,0.021906529847496584,0.6311535155936439,False,19,22.494949494949495,PPO_v02_checkpoint_inference,False,False,7.521739130434782,23.0,0.0,0.043478260869565216,0.46376811594202905,0.5362318840579711,0.782608695652174
24,"[21,17,3,9,7,13,5,15,1,11,23,19,0,2,18,20,22,4,8,10,12,14,6,16]","21,17,3,9,7,13,5,15,1,11,23,19,0,2,18,20,22,4,8,10,12,14,6,16",91dd685093f565a6,E:\Projects\RL-LAM-ScanOpt\outputs\stage3_ppo_rl_lam_fea_addendum_v02_targeted_N24_N40\ppo_training_v02\checkpoints\N24_seed20260624_maskable_ppo_v02.zip,20260624,22660935,stochastic,0.6538127335762672,0.642081542857167,0.022036697512962156,0.6310631941006859,False,19,22.424242424242426,PPO_v02_checkpoint_inference,False,False,7.695652173913044,19.0,0.0,0.043478260869565216,0.46376811594202905,0.5362318840579711,0.782608695652174
24,"[21,17,9,7,3,13,5,1,15,11,19,23,0,2,18,20,22,4,8,10,12,14,16,6]","21,17,9,7,3,13,5,1,15,11,19,23,0,2,18,20,22,4,8,10,12,14,16,6",19723413ba0909a7,E:\Projects\RL-LAM-ScanOpt\outputs\stage3_ppo_rl_lam_fea_addendum_v02_targeted_N24_N40\ppo_training_v02\checkpoints\N24_seed20260624_maskable_ppo_v02.zip,20260624,22660936,stochastic,0.6461926545066607,0.6233551244586574,0.03345626092698736,0.6066269939951637,False,17,22.338383838383837,PPO_v02_checkpoint_inference,False,False,6.739130434782608,23.0,0.0,0.043478260869565216,0.46376811594202905,0.536231884057971,0.782608695652174
24,"[21,3,17,7,9,13,1,5,11,15,19,23,18,0,2,20,22,4,8,10,12,14,6,16]","21,3,17,7,9,13,1,5,11,15,19,23,18,0,2,20,22,4,8,10,12,14,6,16",3213242b29f3ae30,E:\Projects\RL-LAM-ScanOpt\outputs\stage3_ppo_rl_lam_fea_addendum_v02_targeted_N24_N40\ppo_training_v02\checkpoints\N24_seed20260624_maskable_ppo_v02.zip,20260624,22660937,stochastic,0.6602470033861496,0.640183853605442,0.030436863264463127,0.6249654219732105,False,17,22.242424242424242,PPO_v02_checkpoint_inference,False,False,7.521739130434782,18.0,0.0,0.043478260869565216,0.463768115942029,0.5362318840579711,0.782608695652174
24,"[21,17,3,7,9,13,1,5,15,11,23,19,0,2,18,22,20,4,8,10,12,14,16,6]","21,17,3,7,9,13,1,5,15,11,23,19,0,2,18,22,20,4,8,10,12,14,16,6",3d908ab0d1cb47b0,E:\Projects\RL-LAM-ScanOpt\outputs\stage3_ppo_rl_lam_fea_addendum_v02_targeted_N24_N40\ppo_training_v02\checkpoints\N24_seed20260624_maskable_ppo_v02.zip,20260624,22660938,stochastic,0.6538127335762672,0.6384777571611193,0.02434784696217735,0.6263038336800306,False,16,22.555555555555557,PPO_v02_checkpoint_inference,False,False,6.739130434782608,19.0,0.0,0.043478260869565216,0.46376811594202905,0.5362318840579711,0.782608695652174
24,"[21,17,3,7,9,13,1,5,11,15,23,19,0,20,22,2,18,4,10,8,12,14,6,16]","21,17,3,7,9,13,1,5,11,15,23,19,0,20,22,2,18,4,10,8,12,14,6,16",ee48477affba49d0,E:\Projects\RL-LAM-ScanOpt\outputs\stage3_ppo_rl_lam_fea_addendum_v02_targeted_N24_N40\ppo_training_v02\checkpoints\N24_seed20260624_maskable_ppo_v02.zip,20260624,22660939,stochastic,0.6692691605051087,0.6409072647446722,0.03057928356083129,0.6256176229642565,False,17,22.62121212121212,PPO_v02_checkpoint_inference,False,False,8.217391304347826,20.0,0.0,0.043478260869565216,0.46376811594202905,0.5362318840579711,0.782608695652174
24,"[21,3,17,9,7,13,11,5,15,1,23,19,0,20,2,18,22,4,8,10,12,14,6,16]","21,3,17,9,7,13,11,5,15,1,23,19,0,20,2,18,22,4,8,10,12,14,6,16",dfe07877f1bdf656,E:\Projects\RL-LAM-ScanOpt\outputs\stage3_ppo_rl_lam_fea_addendum_v02_targeted_N24_N40\ppo_training_v02\checkpoints\N24_seed20260624_maskable_ppo_v02.zip,20260624,22660940,stochastic,0.6539700919722831,0.6300828958256506,0.031028470852904288,0.6145686603991984,False,19,22.873737373737374,PPO_v02_checkpoint_inference,False,False,9.956521739130435,22.0,0.0,0.043478260869565216,0.463768115942029,0.5362318840579711,0.782608695652174
24,"[21,17,3,7,9,13,5,1,11,15,19,23,0,2,18,20,22,4,8,10,12,6,14,16]","21,17,3,7,9,13,5,1,11,15,19,23,0,2,18,20,22,4,8,10,12,6,14,16",1136b34c81d35221,E:\Projects\RL-LAM-ScanOpt\outputs\stage3_ppo_rl_lam_fea_addendum_v02_targeted_N24_N40\ppo_training_v02\checkpoints\N24_seed20260624_maskable_ppo_v02.zip,20260624,22660941,stochastic,0.6618605894466809,0.6500225558517253,0.028060323454748765,0.6359923941243509,False,19,22.494949494949495,PPO_v02_checkpoint_inference,False,False,6.478260869565218,23.0,0.0,0.043478260869565216,0.46376811594202905,0.5362318840579711,0.782608695652174
24,"[21,17,3,7,9,13,1,5,11,15,19,23,0,2,20,18,22,4,8,10,12,14,16,6]","21,17,3,7,9,13,1,5,11,15,19,23,0,2,20,18,22,4,8,10,12,14,16,6",f956a94683e810f8,E:\Projects\RL-LAM-ScanOpt\outputs\stage3_ppo_rl_lam_fea_addendum_v02_targeted_N24_N40\ppo_training_v02\checkpoints\N24_seed20260624_maskable_ppo_v02.zip,20260624,22660942,stochastic,0.6618605894466809,0.6428192411091256,0.02929054499143992,0.6281739686134056,False,16,22.62121212121212,PPO_v02_checkpoint_inference,False,False,6.565217391304348,23.0,0.0,0.043478260869565216,0.46376811594202905,0.5362318840579711,0.782608695652174
24,"[21,17,3,7,13,9,5,11,1,15,19,23,0,2,18,20,4,22,8,10,12,14,16,6]","21,17,3,7,13,9,5,11,1,15,19,23,0,2,18,20,4,22,8,10,12,14,16,6",350024903fd41ce4,E:\Projects\RL-LAM-ScanOpt\outputs\stage3_ppo_rl_lam_fea_addendum_v02_targeted_N24_N40\ppo_training_v02\checkpoints\N24_seed20260624_maskable_ppo_v02.zip,20260624,22660943,stochastic,0.6600199010313651,0.6418701347351853,0.022013401241478235,0.6308634341144461,False,16,22.424242424242426,PPO_v02_checkpoint_inference,False,False,7.956521739130435,23.0,0.0,0.043478260869565216,0.46376811594202905,0.5362318840579711,0.782608695652174
24,"[21,17,3,7,9,13,5,15,11,1,19,23,0,2,18,20,22,4,8,10,12,6,16,14]","21,17,3,7,9,13,5,15,11,1,19,23,0,2,18,20,22,4,8,10,12,6,16,14",5ad1257a97d9f5cc,E:\Projects\RL-LAM-ScanOpt\outputs\stage3_ppo_rl_lam_fea_addendum_v02_targeted_N24_N40\ppo_training_v02\checkpoints\N24_seed20260624_maskable_ppo_v02.zip,20260624,22660944,stochastic,0.6554263196367985,0.6410318424808146,0.022241389241908948,0.6299111478598601,False,19,22.439393939393938,PPO_v02_checkpoint_inference,False,False,7.434782608695652,23.0,0.0,0.043478260869565216,0.46376811594202905,0.5362318840579711,0.782608695652174
24,"[21,3,17,7,9,13,5,1,11,15,19,0,23,18,2,20,22,4,8,10,12,14,6,16]","21,3,17,7,9,13,5,1,11,15,19,0,23,18,2,20,22,4,8,10,12,14,6,16",f4747c9a68dcbb27,E:\Projects\RL-LAM-ScanOpt\outputs\stage3_ppo_rl_lam_fea_addendum_v02_targeted_N24_N40\ppo_training_v02\checkpoints\N24_seed20260624_maskable_ppo_v02.zip,20260624,22660945,stochastic,0.6109706443441318,0.6125302717824002,0.016499918634732547,0.6042803124650339,False,18,22.060606060606062,PPO_v02_checkpoint_inference,False,False,9.0,23.0,0.0,0.13043478260869565,0.463768115942029,0.5362318840579711,0.782608695652174
24,"[21,3,17,9,7,13,5,1,11,15,23,19,0,2,20,18,22,4,8,10,12,14,6,16]","21,3,17,9,7,13,5,1,11,15,23,19,0,2,20,18,22,4,8,10,12,14,6,16",0a1fe915622a1fc3,E:\Projects\RL-LAM-ScanOpt\outputs\stage3_ppo_rl_lam_fea_addendum_v02_targeted_N24_N40\ppo_training_v02\checkpoints\N24_seed20260624_maskable_ppo_v02.zip,20260624,22660946,stochastic,0.6507037443634198,0.6323080095908429,0.02669717467524618,0.6189594222532198,False,18,23.015151515151516,PPO_v02_checkpoint_inference,False,False,7.695652173913044,19.0,0.0,0.043478260869565216,0.463768115942029,0.5362318840579711,0.782608695652174
24,"[21,17,3,7,9,13,5,1,11,15,19,23,0,18,2,20,22,4,8,10,12,14,6,16]","21,17,3,7,9,13,5,1,11,15,19,23,0,18,2,20,22,4,8,10,12,14,6,16",90ec5e8dd3a3baaf,E:\Projects\RL-LAM-ScanOpt\outputs\stage3_ppo_rl_lam_fea_addendum_v02_targeted_N24_N40\ppo_training_v02\checkpoints\N24_seed20260624_maskable_ppo_v02.zip,20260624,22660947,stochastic,0.6549937951091864,0.6455350560126776,0.02493533690111352,0.6330673875621208,False,18,22.18686868686869,PPO_v02_checkpoint_inference,False,False,8.043478260869565,23.0,0.0,0.043478260869565216,0.46376811594202905,0.5362318840579711,0.782608695652174
24,"[21,3,7,17,13,9,5,1,11,23,15,19,0,2,18,20,22,4,8,10,12,14,6,16]","21,3,7,17,13,9,5,1,11,23,15,19,0,2,18,20,22,4,8,10,12,14,6,16",163b06b9b2301ec3,E:\Projects\RL-LAM-ScanOpt\outputs\stage3_ppo_rl_lam_fea_addendum_v02_targeted_N24_N40\ppo_training_v02\checkpoints\N24_seed20260624_maskable_ppo_v02.zip,20260624,22660948,stochastic,0.6557747050832833,0.6442241878671022,0.022405464996112696,0.6330214553690459,False,17,22.904040404040405,PPO_v02_checkpoint_inference,False,False,7.3478260869565215,19.0,0.0,0.043478260869565216,0.463768115942029,0.536231884057971,0.782608695652174
24,"[21,17,3,7,13,9,5,11,1,15,19,23,18,0,2,20,22,4,8,10,12,14,6,16]","21,17,3,7,13,9,5,11,1,15,19,23,18,0,2,20,22,4,8,10,12,14,6,16",8dc85b30878ed3b7,E:\Projects\RL-LAM-ScanOpt\outputs\stage3_ppo_rl_lam_fea_addendum_v02_targeted_N24_N40\ppo_training_v02\checkpoints\N24_seed20260624_maskable_ppo_v02.zip,20260624,22660949,stochastic,0.6584063149708338,0.6422371922051453,0.024228954377639722,0.6301227150163254,False,17,21.914141414141415,PPO_v02_checkpoint_inference,False,False,7.173913043478261,18.0,0.0,0.043478260869565216,0.46376811594202905,0.5362318840579711,0.782608695652174
24,"[21,3,17,7,9,13,5,11,1,19,15,23,18,0,2,20,22,4,8,10,12,14,6,16]","21,3,17,7,9,13,5,11,1,19,15,23,18,0,2,20,22,4,8,10,12,14,6,16",3d699eabd33bab2f,E:\Projects\RL-LAM-ScanOpt\outputs\stage3_ppo_rl_lam_fea_addendum_v02_targeted_N24_N40\ppo_training_v02\checkpoints\N24_seed20260624_maskable_ppo_v02.zip,20260624,22660950,stochastic,0.6584063149708338,0.6419143954394545,0.024366815072392974,0.629730987903258,False,18,22.02020202020202,PPO_v02_checkpoint_inference,False,False,8.391304347826088,18.0,0.0,0.043478260869565216,0.463768115942029,0.5362318840579711,0.782608695652174
24,"[21,17,3,7,9,13,1,5,19,11,15,23,0,2,18,4,20,22,6,10,12,14,8,16]","21,17,3,7,9,13,1,5,19,11,15,23,0,2,18,4,20,22,6,10,12,14,8,16",09a333a41dba5423,E:\Projects\RL-LAM-ScanOpt\outputs\stage3_ppo_rl_lam_fea_addendum_v02_targeted_N24_N40\ppo_training_v02\checkpoints\N24_seed20260624_maskable_ppo_v02.zip,20260624,22660951,stochastic,0.6543274338245566,0.639572941322507,0.027038336871506887,0.6260537728867536,False,18,22.181818181818183,PPO_v02_checkpoint_inference,False,False,8.217391304347826,23.0,0.0,0.043478260869565216,0.46376811594202905,0.5362318840579711,0.782608695652174
24,"[21,17,3,7,9,13,5,11,1,15,19,23,0,2,18,20,22,4,8,10,12,14,6,16]","21,17,3,7,9,13,5,11,1,15,19,23,0,2,18,20,22,4,8,10,12,14,6,16",3937799ddc3874ab,E:\Projects\RL-LAM-ScanOpt\outputs\stage3_ppo_rl_lam_fea_addendum_v02_targeted_N24_N40\ppo_training_v02\checkpoints\N24_seed20260624_maskable_ppo_v02.zip,20260624,22660952,stochastic,0.6618605894466809,0.6469772290753367,0.025316751080881147,0.6343188535348961,False,18,22.2979797979798,PPO_v02_checkpoint_inference,False,False,7.173913043478261,23.0,0.0,0.043478260869565216,0.46376811594202905,0.5362318840579711,0.782608695652174
24,"[21,17,3,9,7,13,5,1,11,15,23,19,0,2,20,4,18,22,8,10,12,14,6,16]","21,17,3,9,7,13,5,1,11,15,23,19,0,2,20,4,18,22,8,10,12,14,6,16",40a6b242218bb192,E:\Projects\RL-LAM-ScanOpt\outputs\stage3_ppo_rl_lam_fea_addendum_v02_targeted_N24_N40\ppo_training_v02\checkpoints\N24_seed20260624_maskable_ppo_v02.zip,20260624,22660953,stochastic,0.6507037443634198,0.6338638124664219,0.02559697365599239,0.6210653256384256,False,18,22.48989898989899,PPO_v02_checkpoint_inference,False,False,7.869565217391305,19.0,0.0,0.043478260869565216,0.46376811594202905,0.5362318840579711,0.782608695652174
24,"[21,3,17,7,9,13,5,1,15,11,19,23,2,0,20,18,22,4,8,10,12,14,6,16]","21,3,17,7,9,13,5,1,15,11,19,23,2,0,20,18,22,4,8,10,12,14,6,16",da784ab99f84fb22,E:\Projects\RL-LAM-ScanOpt\outputs\stage3_ppo_rl_lam_fea_addendum_v02_targeted_N24_N40\ppo_training_v02\checkpoints\N24_seed20260624_maskable_ppo_v02.zip,20260624,22660954,stochastic,0.6465771812402208,0.6295686806081953,0.0262483598304301,0.6164445006929802,False,18,22.166666666666668,PPO_v02_checkpoint_inference,False,False,8.043478260869565,21.0,0.0,0.043478260869565216,0.463768115942029,0.5362318840579711,0.782608695652174
24,"[21,17,3,7,13,9,5,11,1,15,19,23,0,2,18,20,22,4,8,10,12,14,6,16]","21,17,3,7,13,9,5,11,1,15,19,23,0,2,18,20,22,4,8,10,12,14,6,16",dae6dd4170d02449,E:\Projects\RL-LAM-ScanOpt\outputs\stage3_ppo_rl_lam_fea_addendum_v02_targeted_N24_N40\ppo_training_v02\checkpoints\N24_seed20260624_maskable_ppo_v02.zip,20260624,22660955,stochastic,0.6549937951091864,0.6434336322253117,0.02290141318196048,0.6319829256343314,False,18,22.525252525252526,PPO_v02_checkpoint_inference,False,False,7.173913043478261,23.0,0.0,0.043478260869565216,0.46376811594202905,0.5362318840579711,0.782608695652174
24,"[21,17,7,3,13,9,5,15,11,1,19,23,0,2,18,20,22,4,8,10,12,14,6,16]","21,17,7,3,13,9,5,15,11,1,19,23,0,2,18,20,22,4,8,10,12,14,6,16",9fc46a0e70220ae3,E:\Projects\RL-LAM-ScanOpt\outputs\stage3_ppo_rl_lam_fea_addendum_v02_targeted_N24_N40\ppo_training_v02\checkpoints\N24_seed20260624_maskable_ppo_v02.zip,20260624,22660956,stochastic,0.6465771812402208,0.6292730524356065,0.023583370446891638,0.6174813672121606,False,20,22.656565656565657,PPO_v02_checkpoint_inference,False,False,7.521739130434782,23.0,0.0,0.043478260869565216,0.46376811594202905,0.5362318840579711,0.782608695652174
24,"[21,17,3,7,13,9,5,11,15,1,23,19,0,2,18,22,20,8,4,10,12,14,6,16]","21,17,3,7,13,9,5,11,15,1,23,19,0,2,18,22,20,8,4,10,12,14,6,16",bf2903ddfdc7e14c,E:\Projects\RL-LAM-ScanOpt\outputs\stage3_ppo_rl_lam_fea_addendum_v02_targeted_N24_N40\ppo_training_v02\checkpoints\N24_seed20260624_maskable_ppo_v02.zip,20260624,22660957,stochastic,0.6539700919722831,0.6321748079989808,0.02741568525447145,0.6184669653717452,False,19,22.595959595959595,PPO_v02_checkpoint_inference,False,False,7.521739130434782,22.0,0.0,0.043478260869565216,0.46376811594202905,0.5362318840579711,0.782608695652174
24,"[21,3,17,7,9,13,5,11,1,15,23,19,0,2,20,18,22,4,8,10,12,14,6,16]","21,3,17,7,9,13,5,11,1,15,23,19,0,2,20,18,22,4,8,10,12,14,6,16",8f4bb2df0a18df3b,E:\Projects\RL-LAM-ScanOpt\outputs\stage3_ppo_rl_lam_fea_addendum_v02_targeted_N24_N40\ppo_training_v02\checkpoints\N24_seed20260624_maskable_ppo_v02.zip,20260624,22660958,stochastic,0.6584063149708338,0.6432934524371288,0.023304277738041737,0.6316413135681079,False,17,22.641414141414142,PPO_v02_checkpoint_inference,False,False,8.217391304347826,19.0,0.0,0.043478260869565216,0.463768115942029,0.5362318840579711,0.782608695652174
24,"[21,17,7,3,13,9,5,1,11,15,19,23,0,2,18,8,20,22,4,10,12,14,6,16]","21,17,7,3,13,9,5,1,11,15,19,23,0,2,18,8,20,22,4,10,12,14,6,16",b1748c9553382445,E:\Projects\RL-LAM-ScanOpt\outputs\stage3_ppo_rl_lam_fea_addendum_v02_targeted_N24_N40\ppo_training_v02\checkpoints\N24_seed20260624_maskable_ppo_v02.zip,20260624,22660959,stochastic,0.6523173304239511,0.6335592663490627,0.026597478788757654,0.6202605269546838,False,20,22.666666666666668,PPO_v02_checkpoint_inference,False,False,7.521739130434782,23.0,0.0,0.043478260869565216,0.46376811594202905,0.5362318840579711,0.782608695652174
24,"[21,17,3,7,9,13,5,1,11,15,19,23,0,2,18,20,4,22,6,8,12,14,16,10]","21,17,3,7,9,13,5,1,11,15,19,23,0,2,18,20,4,22,6,8,12,14,16,10",0f2425e3ae86f9be,E:\Projects\RL-LAM-ScanOpt\outputs\stage3_ppo_rl_lam_fea_addendum_v02_targeted_N24_N40\ppo_training_v02\checkpoints\N24_seed20260624_maskable_ppo_v02.zip,20260624,22660960,stochastic,0.6549937951091864,0.6421515523255011,0.022620914088860394,0.6308410952810709,False,18,22.41919191919192,PPO_v02_checkpoint_inference,False,False,7.434782608695652,23.0,0.0,0.043478260869565216,0.46376811594202905,0.5362318840579711,0.782608695652174
24,"[21,3,17,7,9,13,5,1,11,15,19,23,0,2,18,20,22,4,8,10,12,14,6,16]","21,3,17,7,9,13,5,1,11,15,19,23,0,2,18,20,22,4,8,10,12,14,6,16",8a631599d202e685,E:\Projects\RL-LAM-ScanOpt\outputs\stage3_ppo_rl_lam_fea_addendum_v02_targeted_N24_N40\ppo_training_v02\checkpoints\N24_seed20260624_maskable_ppo_v02.zip,20260624,22660961,stochastic,0.6618605894466809,0.6485850318813153,0.025687620793200895,0.6357412214847149,False,18,22.671717171717173,PPO_v02_checkpoint_inference,False,False,7.521739130434782,23.0,0.0,0.043478260869565216,0.463768115942029,0.5362318840579711,0.782608695652174
24,"[21,3,17,7,9,13,5,11,1,15,19,23,0,2,18,20,22,4,8,10,12,14,6,16]","21,3,17,7,9,13,5,11,1,15,19,23,0,2,18,20,22,4,8,10,12,14,6,16",58e9b8eb47a255aa,E:\Projects\RL-LAM-ScanOpt\outputs\stage3_ppo_rl_lam_fea_addendum_v02_targeted_N24_N40\ppo_training_v02\checkpoints\N24_seed20260624_maskable_ppo_v02.zip,20260624,22660962,stochastic,0.6618605894466809,0.6460816527216988,0.024629068190570536,0.6337671186264136,False,18,22.474747474747474,PPO_v02_checkpoint_inference,False,False,8.043478260869565,23.0,0.0,0.043478260869565216,0.463768115942029,0.5362318840579711,0.782608695652174
24,"[21,17,7,3,9,13,1,5,11,15,19,23,0,2,18,20,22,4,8,10,12,14,6,16]","21,17,7,3,9,13,1,5,11,15,19,23,0,2,18,20,22,4,8,10,12,14,6,16",afc53aa3942c8f94,E:\Projects\RL-LAM-ScanOpt\outputs\stage3_ppo_rl_lam_fea_addendum_v02_targeted_N24_N40\ppo_training_v02\checkpoints\N24_seed20260624_maskable_ppo_v02.zip,20260624,22660963,stochastic,0.6618605894466809,0.6482159936731005,0.03167734958627726,0.6323773188799618,False,18,22.61111111111111,PPO_v02_checkpoint_inference,False,False,6.6521739130434785,23.0,0.0,0.043478260869565216,0.46376811594202905,0.5362318840579711,0.782608695652174
24,"[21,7,3,17,9,13,5,15,1,11,19,23,0,2,18,20,22,4,8,10,12,14,6,16]","21,7,3,17,9,13,5,15,1,11,19,23,0,2,18,20,22,4,8,10,12,14,6,16",f59a8c30b5cca7d7,E:\Projects\RL-LAM-ScanOpt\outputs\stage3_ppo_rl_lam_fea_addendum_v02_targeted_N24_N40\ppo_training_v02\checkpoints\N24_seed20260624_maskable_ppo_v02.zip,20260624,22660964,stochastic,0.6500156869810598,0.641878651513077,0.021345379155014624,0.6312059619355697,False,18,22.207070707070706,PPO_v02_checkpoint_inference,False,False,8.217391304347826,23.0,0.0,0.043478260869565216,0.46376811594202905,0.536231884057971,0.782608695652174
24,"[21,3,17,7,9,13,5,11,1,19,15,23,0,2,18,20,4,22,8,10,12,14,6,16]","21,3,17,7,9,13,5,11,1,19,15,23,0,2,18,20,4,22,8,10,12,14,6,16",370a303982772774,E:\Projects\RL-LAM-ScanOpt\outputs\stage3_ppo_rl_lam_fea_addendum_v02_targeted_N24_N40\ppo_training_v02\checkpoints\N24_seed20260624_maskable_ppo_v02.zip,20260624,22660965,stochastic,0.6600199010313651,0.6417830914281831,0.023300324029670035,0.6301329294133481,False,18,22.585858585858585,PPO_v02_checkpoint_inference,False,False,9.434782608695652,23.0,0.0,0.043478260869565216,0.463768115942029,0.5362318840579711,0.782608695652174
24,"[21,17,7,3,9,13,5,1,11,15,19,23,0,18,2,20,4,22,8,10,12,14,6,16]","21,17,7,3,9,13,5,1,11,15,19,23,0,18,2,20,4,22,8,10,12,14,6,16",43a6af3e9e02495d,E:\Projects\RL-LAM-ScanOpt\outputs\stage3_ppo_rl_lam_fea_addendum_v02_targeted_N24_N40\ppo_training_v02\checkpoints\N24_seed20260624_maskable_ppo_v02.zip,20260624,22660966,stochastic,0.6523173304239511,0.6312236264442774,0.03144766482653386,0.6154997940310105,False,18,22.075757575757574,PPO_v02_checkpoint_inference,False,False,9.08695652173913,23.0,0.0,0.043478260869565216,0.46376811594202905,0.5362318840579711,0.782608695652174
24,"[21,17,3,7,9,13,5,1,11,19,23,15,0,2,18,20,22,4,8,10,12,14,6,16]","21,17,3,7,9,13,5,1,11,19,23,15,0,2,18,20,22,4,8,10,12,14,6,16",e62b5bc7cfb7999b,E:\Projects\RL-LAM-ScanOpt\outputs\stage3_ppo_rl_lam_fea_addendum_v02_targeted_N24_N40\ppo_training_v02\checkpoints\N24_seed20260624_maskable_ppo_v02.zip,20260624,22660967,stochastic,0.6540221151572495,0.648446326966921,0.025417776989413835,0.635737438472214,False,18,22.7020202020202,PPO_v02_checkpoint_inference,False,False,6.6521739130434785,18.0,0.0,0.043478260869565216,0.46376811594202905,0.5362318840579711,0.782608695652174
24,"[21,17,3,7,9,13,5,1,11,15,19,23,0,2,18,20,22,4,8,10,12,14,6,16]","21,17,3,7,9,13,5,1,11,15,19,23,0,2,18,20,22,4,8,10,12,14,6,16",ff37fba1e29bb951,E:\Projects\RL-LAM-ScanOpt\outputs\stage3_ppo_rl_lam_fea_addendum_v02_targeted_N24_N40\ppo_training_v02\checkpoints\N24_seed20260624_maskable_ppo_v02.zip,20260624,22660968,stochastic,0.6618605894466809,0.6517927391699223,0.02763898988972996,0.6379732442250573,False,18,22.494949494949495,PPO_v02_checkpoint_inference,False,False,6.6521739130434785,23.0,0.0,0.043478260869565216,0.46376811594202905,0.5362318840579711,0.782608695652174
24,"[21,17,3,7,9,13,5,11,1,15,19,23,0,2,18,20,22,8,10,4,12,14,6,16]","21,17,3,7,9,13,5,11,1,15,19,23,0,2,18,20,22,8,10,4,12,14,6,16",61352417f397f37c,E:\Projects\RL-LAM-ScanOpt\outputs\stage3_ppo_rl_lam_fea_addendum_v02_targeted_N24_N40\ppo_training_v02\checkpoints\N24_seed20260624_maskable_ppo_v02.zip,20260624,22660969,stochastic,0.6650330777156883,0.6466067054250868,0.02415839387544569,0.634527508487364,False,16,21.7020202020202,PPO_v02_checkpoint_inference,False,False,7.3478260869565215,23.0,0.0,0.043478260869565216,0.46376811594202905,0.5362318840579711,0.782608695652174
24,"[21,17,3,7,9,13,5,1,11,15,23,19,18,0,2,20,22,4,8,10,12,14,16,6]","21,17,3,7,9,13,5,1,11,15,23,19,18,0,2,20,22,4,8,10,12,14,16,6",c3b5e3f70609a054,E:\Projects\RL-LAM-ScanOpt\outputs\stage3_ppo_rl_lam_fea_addendum_v02_targeted_N24_N40\ppo_training_v02\checkpoints\N24_seed20260624_maskable_ppo_v02.zip,20260624,22660970,stochastic,0.6584063149708338,0.6491190368508735,0.025388175029695852,0.6364249493360256,False,16,21.994949494949495,PPO_v02_checkpoint_inference,False,False,6.391304347826087,18.0,0.043478260869565216,0.043478260869565216,0.46376811594202905,0.5362318840579711,0.782608695652174
24,"[21,17,3,7,13,9,5,1,23,15,11,19,0,2,18,20,22,4,6,8,12,10,14,16]","21,17,3,7,13,9,5,1,23,15,11,19,0,2,18,20,22,4,6,8,12,10,14,16",d2e64228f3c4ea78,E:\Projects\RL-LAM-ScanOpt\outputs\stage3_ppo_rl_lam_fea_addendum_v02_targeted_N24_N40\ppo_training_v02\checkpoints\N24_seed20260624_maskable_ppo_v02.zip,20260624,22660971,stochastic,0.6523173304239511,0.6276422217091752,0.026181809502824668,0.6145513169577629,False,20,22.8989898989899,PPO_v02_checkpoint_inference,False,False,6.826086956521739,22.0,0.0,0.043478260869565216,0.46376811594202905,0.5362318840579711,0.782608695652174
24,"[21,17,3,7,13,9,5,1,11,0,15,19,23,20,22,2,18,4,8,10,12,14,6,16]","21,17,3,7,13,9,5,1,11,0,15,19,23,20,22,2,18,4,8,10,12,14,6,16",1f877202ad52f7e2,E:\Projects\RL-LAM-ScanOpt\outputs\stage3_ppo_rl_lam_fea_addendum_v02_targeted_N24_N40\ppo_training_v02\checkpoints\N24_seed20260624_maskable_ppo_v02.zip,20260624,22660972,stochastic,0.5818750077121858,0.5941622701139331,0.00912162312580689,0.5896014585510296,False,17,22.575757575757574,PPO_v02_checkpoint_inference,False,False,7.260869565217392,20.0,0.0,0.13043478260869565,0.46376811594202905,0.5362318840579711,0.782608695652174
24,"[21,17,3,7,13,9,11,5,1,15,19,23,2,0,20,18,22,4,8,10,12,14,6,16]","21,17,3,7,13,9,11,5,1,15,19,23,2,0,20,18,22,4,8,10,12,14,6,16",a3bb61136c1693e8,E:\Projects\RL-LAM-ScanOpt\outputs\stage3_ppo_rl_lam_fea_addendum_v02_targeted_N24_N40\ppo_training_v02\checkpoints\N24_seed20260624_maskable_ppo_v02.zip,20260624,22660973,stochastic,0.6523173304239511,0.6298839368127573,0.025983823965913207,0.6168920248298008,False,18,22.47979797979798,PPO_v02_checkpoint_inference,False,False,7.0,21.0,0.0,0.043478260869565216,0.46376811594202905,0.5362318840579711,0.782608695652174
24,"[21,17,3,7,9,13,5,1,11,23,15,19,0,18,2,22,20,4,8,10,12,6,14,16]","21,17,3,7,9,13,5,1,11,23,15,19,0,18,2,22,20,4,8,10,12,6,14,16",a62a860dc10503bf,E:\Projects\RL-LAM-ScanOpt\outputs\stage3_ppo_rl_lam_fea_addendum_v02_targeted_N24_N40\ppo_training_v02\checkpoints\N24_seed20260624_maskable_ppo_v02.zip,20260624,22660974,stochastic,0.6516509691393213,0.6304372509099376,0.028885183099927495,0.6159946593599739,False,19,22.2979797979798,PPO_v02_checkpoint_inference,False,False,8.217391304347826,20.0,0.0,0.043478260869565216,0.46376811594202905,0.5362318840579711,0.782608695652174
24,"[21,3,17,9,7,13,11,5,1,15,23,19,0,2,18,20,22,4,8,10,12,14,6,16]","21,3,17,9,7,13,11,5,1,15,23,19,0,2,18,20,22,4,8,10,12,14,6,16",baafc3198585d9a8,E:\Projects\RL-LAM-ScanOpt\outputs\stage3_ppo_rl_lam_fea_addendum_v02_targeted_N24_N40\ppo_training_v02\checkpoints\N24_seed20260624_maskable_ppo_v02.zip,20260624,22660975,stochastic,0.6507037443634198,0.6313206720978932,0.025565884078561595,0.6185377300586125,False,18,23.025252525252526,PPO_v02_checkpoint_inference,False,False,7.521739130434782,19.0,0.0,0.043478260869565216,0.463768115942029,0.5362318840579711,0.782608695652174
24,"[21,17,3,7,9,13,15,5,1,11,19,23,0,2,18,20,22,4,8,10,12,14,6,16]","21,17,3,7,9,13,15,5,1,11,19,23,0,2,18,20,22,4,8,10,12,14,6,16",6d3251794abf6d33,E:\Projects\RL-LAM-ScanOpt\outputs\stage3_ppo_rl_lam_fea_addendum_v02_targeted_N24_N40\ppo_training_v02\checkpoints\N24_seed20260624_maskable_ppo_v02.zip,20260624,22660976,stochastic,0.6572670080521144,0.6463335778173325,0.024745109555912366,0.6339610230393763,False,17,22.262626262626263,PPO_v02_checkpoint_inference,False,False,6.826086956521739,23.0,0.0,0.043478260869565216,0.46376811594202905,0.5362318840579711,0.782608695652174
24,"[21,3,17,7,9,13,5,1,15,11,19,23,0,2,20,22,18,4,6,8,12,14,10,16]","21,3,17,7,9,13,5,1,15,11,19,23,0,2,20,22,18,4,6,8,12,14,10,16",7bf628eef1260bd8,E:\Projects\RL-LAM-ScanOpt\outputs\stage3_ppo_rl_lam_fea_addendum_v02_targeted_N24_N40\ppo_training_v02\checkpoints\N24_seed20260624_maskable_ppo_v02.zip,20260624,22660977,stochastic,0.6554263196367985,0.6412018651409913,0.02315270938541019,0.6296255104482862,False,18,22.42929292929293,PPO_v02_checkpoint_inference,False,False,7.521739130434782,23.0,0.0,0.043478260869565216,0.463768115942029,0.5362318840579711,0.782608695652174
24,"[21,17,7,3,9,13,23,5,11,1,15,19,0,2,18,20,22,4,8,10,12,6,14,16]","21,17,7,3,9,13,23,5,11,1,15,19,0,2,18,20,22,4,8,10,12,6,14,16",32118b23e6d650ae,E:\Projects\RL-LAM-ScanOpt\outputs\stage3_ppo_rl_lam_fea_addendum_v02_targeted_N24_N40\ppo_training_v02\checkpoints\N24_seed20260624_maskable_ppo_v02.zip,20260624,22660978,stochastic,0.6546772446090771,0.6421506155301845,0.023068360325711128,0.6306164353673289,False,17,22.696969696969695,PPO_v02_checkpoint_inference,False,False,7.521739130434782,19.0,0.0,0.043478260869565216,0.46376811594202905,0.5362318840579711,0.782608695652174
24,"[21,17,3,7,9,13,11,5,1,15,19,23,18,0,2,20,22,4,14,12,10,8,16,6]","21,17,3,7,9,13,11,5,1,15,19,23,18,0,2,20,22,4,14,12,10,8,16,6",8d8d2ad1d543cb62,E:\Projects\RL-LAM-ScanOpt\outputs\stage3_ppo_rl_lam_fea_addendum_v02_targeted_N24_N40\ppo_training_v02\checkpoints\N24_seed20260624_maskable_ppo_v02.zip,20260624,22660979,stochastic,0.6526854092644188,0.621623075537981,0.028940171359422496,0.6071529898582698,False,16,21.555555555555557,PPO_v02_checkpoint_inference,False,False,6.913043478260869,18.0,0.0,0.043478260869565216,0.46376811594202905,0.5362318840579711,0.782608695652174
24,"[21,7,17,3,9,13,5,11,1,19,15,23,0,2,18,20,22,4,8,10,12,6,14,16]","21,7,17,3,9,13,5,11,1,19,15,23,0,2,18,20,22,4,8,10,12,6,14,16",80ca659cc29bb71a,E:\Projects\RL-LAM-ScanOpt\outputs\stage3_ppo_rl_lam_fea_addendum_v02_targeted_N24_N40\ppo_training_v02\checkpoints\N24_seed20260624_maskable_ppo_v02.zip,20260624,22660980,stochastic,0.6549937951091864,0.6424330875844975,0.023148411552816404,0.6308588818080892,False,19,22.6010101010101,PPO_v02_checkpoint_inference,False,False,8.217391304347826,23.0,0.0,0.043478260869565216,0.46376811594202905,0.5362318840579711,0.782608695652174
24,"[21,17,3,7,9,13,5,1,11,19,15,23,0,2,18,20,22,4,8,10,12,14,6,16]","21,17,3,7,9,13,5,1,11,19,15,23,0,2,18,20,22,4,8,10,12,14,6,16",b8c205f7f29ab369,E:\Projects\RL-LAM-ScanOpt\outputs\stage3_ppo_rl_lam_fea_addendum_v02_targeted_N24_N40\ppo_training_v02\checkpoints\N24_seed20260624_maskable_ppo_v02.zip,20260624,22660981,stochastic,0.6549937951091864,0.6467063412764681,0.024817031390603657,0.6342978255811662,False,19,22.651515151515152,PPO_v02_checkpoint_inference,False,False,7.0,23.0,0.0,0.043478260869565216,0.46376811594202905,0.5362318840579711,0.782608695652174
24,"[21,17,3,7,13,9,5,11,1,15,23,19,0,2,18,20,22,4,10,8,12,14,6,16]","21,17,3,7,13,9,5,11,1,15,23,19,0,2,18,20,22,4,10,8,12,14,6,16",62720dfa36b0cc38,E:\Projects\RL-LAM-ScanOpt\outputs\stage3_ppo_rl_lam_fea_addendum_v02_targeted_N24_N40\ppo_training_v02\checkpoints\N24_seed20260624_maskable_ppo_v02.zip,20260624,22660982,stochastic,0.6545332347729818,0.6306610251236169,0.023231392107810486,0.6190453290697117,False,19,22.439393939393938,PPO_v02_checkpoint_inference,False,False,7.3478260869565215,19.0,0.0,0.043478260869565216,0.46376811594202905,0.5362318840579711,0.782608695652174
24,"[21,17,3,7,9,13,5,1,11,19,15,23,0,2,18,20,22,4,8,10,12,14,6,16]","21,17,3,7,9,13,5,1,11,19,15,23,0,2,18,20,22,4,8,10,12,14,6,16",b8c205f7f29ab369,E:\Projects\RL-LAM-ScanOpt\outputs\stage3_ppo_rl_lam_fea_addendum_v02_targeted_N24_N40\ppo_training_v02\checkpoints\N24_seed20260624_maskable_ppo_v02.zip,20260624,22660983,stochastic,0.6549937951091864,0.646706341276468,0.024817031390603515,0.6342978255811662,False,19,22.651515151515152,PPO_v02_checkpoint_inference,False,False,7.0,23.0,0.0,0.043478260869565216,0.46376811594202905,0.5362318840579711,0.782608695652174
24,"[21,7,17,3,9,13,5,11,1,15,19,23,18,0,2,20,22,4,8,10,12,14,6,16]","21,7,17,3,9,13,5,11,1,15,19,23,18,0,2,20,22,4,8,10,12,14,6,16",b8594e28ade7d6c7,E:\Projects\RL-LAM-ScanOpt\outputs\stage3_ppo_rl_lam_fea_addendum_v02_targeted_N24_N40\ppo_training_v02\checkpoints\N24_seed20260624_maskable_ppo_v02.zip,20260624,22660984,stochastic,0.6533802090486551,0.6430157563068339,0.023854085168071137,0.6310887137227984,False,17,21.833333333333332,PPO_v02_checkpoint_inference,False,False,8.043478260869565,18.0,0.0,0.043478260869565216,0.46376811594202905,0.5362318840579711,0.782608695652174
24,"[21,17,3,7,13,9,1,11,5,15,23,19,0,2,18,20,22,4,8,10,14,12,16,6]","21,17,3,7,13,9,1,11,5,15,23,19,0,2,18,20,22,4,8,10,14,12,16,6",16e22b6fb9917baf,E:\Projects\RL-LAM-ScanOpt\outputs\stage3_ppo_rl_lam_fea_addendum_v02_targeted_N24_N40\ppo_training_v02\checkpoints\N24_seed20260624_maskable_ppo_v02.zip,20260624,22660985,stochastic,0.6507037443634198,0.6167187381564553,0.03802651823502181,0.5977054790389443,False,17,22.757575757575758,PPO_v02_checkpoint_inference,False,False,7.086956521739131,19.0,0.0,0.043478260869565216,0.46376811594202905,0.5362318840579711,0.782608695652174
24,"[21,17,7,3,9,13,5,11,1,23,15,19,0,2,18,20,22,4,8,10,12,14,16,6]","21,17,7,3,9,13,5,11,1,23,15,19,0,2,18,20,22,4,8,10,12,14,16,6",fe658cd6f22e61d9,E:\Projects\RL-LAM-ScanOpt\outputs\stage3_ppo_rl_lam_fea_addendum_v02_targeted_N24_N40\ppo_training_v02\checkpoints\N24_seed20260624_maskable_ppo_v02.zip,20260624,22660986,stochastic,0.6593535397467353,0.6439100506502806,0.023033421999455513,0.6323933396505529,False,17,22.267676767676768,PPO_v02_checkpoint_inference,False,False,7.260869565217392,22.0,0.0,0.043478260869565216,0.46376811594202905,0.5362318840579711,0.782608695652174
24,"[21,17,3,7,9,13,5,1,15,11,19,23,0,2,18,20,22,4,8,10,12,14,6,16]","21,17,3,7,9,13,5,1,15,11,19,23,0,2,18,20,22,4,8,10,12,14,6,16",757675001c921a4f,E:\Projects\RL-LAM-ScanOpt\outputs\stage3_ppo_rl_lam_fea_addendum_v02_targeted_N24_N40\ppo_training_v02\checkpoints\N24_seed20260624_maskable_ppo_v02.zip,20260624,22660987,stochastic,0.6504002137146199,0.6445437961688303,0.02327651117191208,0.6329055405828743,False,18,22.242424242424242,PPO_v02_checkpoint_inference,False,False,7.0,23.0,0.0,0.043478260869565216,0.46376811594202905,0.5362318840579711,0.782608695652174
24,"[21,17,7,3,9,13,5,11,1,15,19,18,23,20,0,2,22,4,8,10,12,14,6,16]","21,17,7,3,9,13,5,11,1,15,19,18,23,20,0,2,22,4,8,10,12,14,6,16",830f9cbf7a5056b5,E:\Projects\RL-LAM-ScanOpt\outputs\stage3_ppo_rl_lam_fea_addendum_v02_targeted_N24_N40\ppo_training_v02\checkpoints\N24_seed20260624_maskable_ppo_v02.zip,20260624,22660988,stochastic,0.5929815901702292,0.592246759171732,0.00345843888566884,0.5905175397288975,False,17,21.954545454545453,PPO_v02_checkpoint_inference,False,False,7.260869565217392,20.0,0.043478260869565216,0.13043478260869565,0.46376811594202905,0.5362318840579711,0.782608695652174
24,"[21,17,3,7,9,13,5,11,1,15,19,23,18,0,2,20,22,4,8,10,12,6,14,16]","21,17,3,7,9,13,5,11,1,15,19,23,18,0,2,20,22,4,8,10,12,6,14,16",7c4742881033c491,E:\Projects\RL-LAM-ScanOpt\outputs\stage3_ppo_rl_lam_fea_addendum_v02_targeted_N24_N40\ppo_training_v02\checkpoints\N24_seed20260624_maskable_ppo_v02.zip,20260624,22660989,stochastic,0.6533802090486551,0.6418039697865502,0.025199341207640072,0.6292042991827301,False,16,21.68686868686869,PPO_v02_checkpoint_inference,False,False,7.0,18.0,0.0,0.043478260869565216,0.46376811594202905,0.5362318840579711,0.782608695652174
24,"[21,3,17,7,9,13,5,1,11,15,19,23,0,2,18,20,22,4,8,10,12,14,6,16]","21,3,17,7,9,13,5,1,11,15,19,23,0,2,18,20,22,4,8,10,12,14,6,16",8a631599d202e685,E:\Projects\RL-LAM-ScanOpt\outputs\stage3_ppo_rl_lam_fea_addendum_v02_targeted_N24_N40\ppo_training_v02\checkpoints\N24_seed20260624_maskable_ppo_v02.zip,20260624,22660990,stochastic,0.6618605894466809,0.6485850318813152,0.02568762079320069,0.6357412214847149,False,18,22.671717171717173,PPO_v02_checkpoint_inference,False,False,7.521739130434782,23.0,0.0,0.043478260869565216,0.463768115942029,0.5362318840579711,0.782608695652174
24,"[21,17,3,7,9,13,1,5,11,15,19,23,2,0,18,20,22,4,8,6,12,14,10,16]","21,17,3,7,9,13,1,5,11,15,19,23,2,0,18,20,22,4,8,6,12,14,10,16",5203f21d49bf6b9e,E:\Projects\RL-LAM-ScanOpt\outputs\stage3_ppo_rl_lam_fea_addendum_v02_targeted_N24_N40\ppo_training_v02\checkpoints\N24_seed20260624_maskable_ppo_v02.zip,20260624,22660991,stochastic,0.6549937951091864,0.63854956971744,0.02960315674044923,0.6237479913472154,False,18,22.414141414141415,PPO_v02_checkpoint_inference,False,False,6.478260869565218,21.0,0.0,0.043478260869565216,0.46376811594202905,0.5362318840579711,0.782608695652174
24,"[21,17,3,7,9,13,5,11,1,23,19,15,0,2,18,20,22,4,8,10,12,14,16,6]","21,17,3,7,9,13,5,11,1,23,19,15,0,2,18,20,22,4,8,10,12,14,16,6",d4e19d862b32f7d7,E:\Projects\RL-LAM-ScanOpt\outputs\stage3_ppo_rl_lam_fea_addendum_v02_targeted_N24_N40\ppo_training_v02\checkpoints\N24_seed20260624_maskable_ppo_v02.zip,20260624,22660992,stochastic,0.6606618071399595,0.6425092396464285,0.023122903580953025,0.630947787855952,False,18,22.217171717171716,PPO_v02_checkpoint_inference,False,False,6.913043478260869,22.0,0.0,0.043478260869565216,0.46376811594202905,0.5362318840579711,0.782608695652174
24,"[21,17,3,7,9,13,5,1,11,15,19,23,0,18,20,2,22,4,8,10,12,6,14,16]","21,17,3,7,9,13,5,1,11,15,19,23,0,18,20,2,22,4,8,10,12,6,14,16",d1ae3a6498708644,E:\Projects\RL-LAM-ScanOpt\outputs\stage3_ppo_rl_lam_fea_addendum_v02_targeted_N24_N40\ppo_training_v02\checkpoints\N24_seed20260624_maskable_ppo_v02.zip,20260624,22660993,stochastic,0.6524997332095966,0.6420042777638584,0.025241517372696993,0.6293835190775099,False,18,22.52020202020202,PPO_v02_checkpoint_inference,False,False,8.043478260869565,23.0,0.0,0.043478260869565216,0.46376811594202905,0.5362318840579711,0.782608695652174
24,"[21,17,7,3,9,13,5,11,1,19,15,23,0,2,18,20,22,4,6,8,12,10,14,16]","21,17,7,3,9,13,5,11,1,19,15,23,0,2,18,20,22,4,6,8,12,10,14,16",e07070baa14c43b0,E:\Projects\RL-LAM-ScanOpt\outputs\stage3_ppo_rl_lam_fea_addendum_v02_targeted_N24_N40\ppo_training_v02\checkpoints\N24_seed20260624_maskable_ppo_v02.zip,20260624,22660994,stochastic,0.6600199010313651,0.640706357134775,0.025090607946086117,0.6281610531617319,False,18,22.393939393939394,PPO_v02_checkpoint_inference,False,False,7.0,23.0,0.0,0.043478260869565216,0.46376811594202905,0.5362318840579711,0.782608695652174
24,"[21,3,17,7,9,13,5,1,11,15,19,23,0,2,18,20,22,4,8,10,12,14,6,16]","21,3,17,7,9,13,5,1,11,15,19,23,0,2,18,20,22,4,8,10,12,14,6,16",8a631599d202e685,E:\Projects\RL-LAM-ScanOpt\outputs\stage3_ppo_rl_lam_fea_addendum_v02_targeted_N24_N40\ppo_training_v02\checkpoints\N24_seed20260624_maskable_ppo_v02.zip,20260624,22660995,stochastic,0.6618605894466809,0.6485850318813153,0.02568762079320079,0.6357412214847149,False,18,22.671717171717173,PPO_v02_checkpoint_inference,False,False,7.521739130434782,23.0,0.0,0.043478260869565216,0.463768115942029,0.5362318840579711,0.782608695652174
24,"[21,17,3,7,9,13,5,11,1,15,23,19,18,0,2,20,22,4,8,10,12,14,6,16]","21,17,3,7,9,13,5,11,1,15,23,19,18,0,2,20,22,4,8,10,12,14,6,16",3bb3b1536fb06324,E:\Projects\RL-LAM-ScanOpt\outputs\stage3_ppo_rl_lam_fea_addendum_v02_targeted_N24_N40\ppo_training_v02\checkpoints\N24_seed20260624_maskable_ppo_v02.zip,20260624,22660996,stochastic,0.6584063149708338,0.6447350527715163,0.024759418039417752,0.6323553437518075,False,17,21.853535353535353,PPO_v02_checkpoint_inference,False,False,7.173913043478261,18.0,0.043478260869565216,0.043478260869565216,0.46376811594202905,0.5362318840579711,0.782608695652174
24,"[21,17,3,7,9,5,13,1,23,11,15,19,0,2,18,20,22,4,8,10,12,14,6,16]","21,17,3,7,9,5,13,1,23,11,15,19,0,2,18,20,22,4,8,10,12,14,6,16",8ef2b30657216a33,E:\Projects\RL-LAM-ScanOpt\outputs\stage3_ppo_rl_lam_fea_addendum_v02_targeted_N24_N40\ppo_training_v02\checkpoints\N24_seed20260624_maskable_ppo_v02.zip,20260624,22660997,stochastic,0.6528478050876951,0.6374910000312848,0.037278241872927886,0.6188518790948209,False,18,22.6010101010101,PPO_v02_checkpoint_inference,False,False,7.695652173913044,22.0,0.0,0.043478260869565216,0.5362318840579711,0.46376811594202905,0.782608695652174
24,"[21,17,3,7,9,13,5,1,15,11,23,19,0,2,18,20,22,4,12,8,10,6,14,16]","21,17,3,7,9,13,5,1,15,11,23,19,0,2,18,20,22,4,12,8,10,6,14,16",4be6e7de3adff6a7,E:\Projects\RL-LAM-ScanOpt\outputs\stage3_ppo_rl_lam_fea_addendum_v02_targeted_N24_N40\ppo_training_v02\checkpoints\N24_seed20260624_maskable_ppo_v02.zip,20260624,22660998,stochastic,0.6449635951796895,0.6223572115489608,0.02357734786427438,0.6105685376168236,False,18,22.40909090909091,PPO_v02_checkpoint_inference,False,False,7.0,19.0,0.0,0.043478260869565216,0.46376811594202905,0.5362318840579711,0.782608695652174
24,"[21,7,17,3,13,9,5,1,11,15,23,19,18,0,2,20,22,4,8,10,12,14,6,16]","21,7,17,3,13,9,5,1,11,15,23,19,18,0,2,20,22,4,8,10,12,14,6,16",d90b1e65cfa72ba8,E:\Projects\RL-LAM-ScanOpt\outputs\stage3_ppo_rl_lam_fea_addendum_v02_targeted_N24_N40\ppo_training_v02\checkpoints\N24_seed20260624_maskable_ppo_v02.zip,20260624,22660999,stochastic,0.6507037443634198,0.6328445690340857,0.02622890083985626,0.6197301186141576,False,18,22.424242424242426,PPO_v02_checkpoint_inference,False,False,7.521739130434782,18.0,0.043478260869565216,0.043478260869565216,0.46376811594202905,0.5362318840579711,0.782608695652174
24,"[21,17,3,7,9,13,5,11,1,15,23,19,0,2,18,20,22,4,10,8,12,14,6,16]","21,17,3,7,9,13,5,11,1,15,23,19,0,2,18,20,22,4,10,8,12,14,6,16",cf3a6777ede7e490,E:\Projects\RL-LAM-ScanOpt\outputs\stage3_ppo_rl_lam_fea_addendum_v02_targeted_N24_N40\ppo_training_v02\checkpoints\N24_seed20260624_maskable_ppo_v02.zip,20260624,22661000,stochastic,0.6684455975773357,0.6458386036825892,0.024675306822364955,0.6335009502714067,False,18,22.21212121212121,PPO_v02_checkpoint_inference,False,False,7.3478260869565215,19.0,0.0,0.043478260869565216,0.46376811594202905,0.5362318840579711,0.782608695652174
24,"[21,3,17,7,13,9,11,5,15,1,23,19,20,0,2,18,22,4,8,10,12,14,6,16]","21,3,17,7,13,9,11,5,15,1,23,19,20,0,2,18,22,4,8,10,12,14,6,16",636ed8cb36cf3b13,E:\Projects\RL-LAM-ScanOpt\outputs\stage3_ppo_rl_lam_fea_addendum_v02_targeted_N24_N40\ppo_training_v02\checkpoints\N24_seed20260624_maskable_ppo_v02.zip,20260624,22661001,stochastic,0.6554263196367985,0.6396035331110566,0.02310484302649382,0.6280511115978097,False,16,22.626262626262626,PPO_v02_checkpoint_inference,False,False,8.652173913043478,22.0,0.043478260869565216,0.043478260869565216,0.463768115942029,0.5362318840579711,0.782608695652174
24,"[21,17,3,7,9,13,5,11,1,15,19,23,0,2,18,20,22,4,8,10,12,6,14,16]","21,17,3,7,9,13,5,11,1,15,19,23,0,2,18,20,22,4,8,10,12,6,14,16",abfd179f4849c363,E:\Projects\RL-LAM-ScanOpt\outputs\stage3_ppo_rl_lam_fea_addendum_v02_targeted_N24_N40\ppo_training_v02\checkpoints\N24_seed20260624_maskable_ppo_v02.zip,20260624,22661002,stochastic,0.6618605894466809,0.6451388403848892,0.025672083781527546,0.6323027984941254,False,18,22.2979797979798,PPO_v02_checkpoint_inference,False,False,7.0,23.0,0.0,0.043478260869565216,0.46376811594202905,0.5362318840579711,0.782608695652174
24,"[21,17,3,7,9,13,1,11,5,15,19,23,0,2,18,20,22,8,4,10,12,14,6,16]","21,17,3,7,9,13,1,11,5,15,19,23,0,2,18,20,22,8,4,10,12,14,6,16",04b8633c65487357,E:\Projects\RL-LAM-ScanOpt\outputs\stage3_ppo_rl_lam_fea_addendum_v02_targeted_N24_N40\ppo_training_v02\checkpoints\N24_seed20260624_maskable_ppo_v02.zip,20260624,22661003,stochastic,0.6549937951091864,0.6399845972443624,0.029256277650676957,0.6253564584190239,False,18,22.424242424242426,PPO_v02_checkpoint_inference,False,False,7.173913043478261,23.0,0.0,0.043478260869565216,0.46376811594202905,0.5362318840579711,0.782608695652174
24,"[21,3,17,7,9,13,5,1,15,11,23,19,0,2,18,20,22,4,8,10,12,6,14,16]","21,3,17,7,9,13,5,1,15,11,23,19,0,2,18,20,22,4,8,10,12,6,14,16",de7eebb72fda99ab,E:\Projects\RL-LAM-ScanOpt\outputs\stage3_ppo_rl_lam_fea_addendum_v02_targeted_N24_N40\ppo_training_v02\checkpoints\N24_seed20260624_maskable_ppo_v02.zip,20260624,22661004,stochastic,0.6538127335762672,0.6413889110658343,0.022270184217898174,0.6302538189568851,False,19,22.585858585858585,PPO_v02_checkpoint_inference,False,False,7.695652173913044,19.0,0.0,0.043478260869565216,0.463768115942029,0.5362318840579711,0.782608695652174
24,"[21,17,3,7,9,13,5,1,15,11,19,23,0,18,2,20,22,4,8,10,12,14,6,16]","21,17,3,7,9,13,5,1,15,11,19,23,0,18,2,20,22,4,8,10,12,14,6,16",97c6107ba62e3186,E:\Projects\RL-LAM-ScanOpt\outputs\stage3_ppo_rl_lam_fea_addendum_v02_targeted_N24_N40\ppo_training_v02\checkpoints\N24_seed20260624_maskable_ppo_v02.zip,20260624,22661005,stochastic,0.6554263196367985,0.6430141750790981,0.023414352248200623,0.6313069989549978,False,17,21.934343434343436,PPO_v02_checkpoint_inference,False,False,8.391304347826088,23.0,0.0,0.043478260869565216,0.46376811594202905,0.5362318840579711,0.782608695652174
24,"[21,3,17,7,9,13,5,1,11,15,23,19,0,2,18,20,22,4,8,10,12,14,6,16]","21,3,17,7,9,13,5,1,11,15,23,19,0,2,18,20,22,4,8,10,12,14,6,16",d5fdeb8683a115b5,E:\Projects\RL-LAM-ScanOpt\outputs\stage3_ppo_rl_lam_fea_addendum_v02_targeted_N24_N40\ppo_training_v02\checkpoints\N24_seed20260624_maskable_ppo_v02.zip,20260624,22661006,stochastic,0.6533802090486551,0.6451016435961778,0.023390913676476575,0.6334061867579396,False,17,22.838383838383837,PPO_v02_checkpoint_inference,False,False,7.521739130434782,19.0,0.0,0.043478260869565216,0.463768115942029,0.5362318840579711,0.782608695652174
24,"[21,17,3,7,13,9,5,1,11,15,19,0,2,23,18,20,22,4,8,10,12,14,6,16]","21,17,3,7,13,9,5,1,11,15,19,0,2,23,18,20,22,4,8,10,12,14,6,16",84804029fe08bcec,E:\Projects\RL-LAM-ScanOpt\outputs\stage3_ppo_rl_lam_fea_addendum_v02_targeted_N24_N40\ppo_training_v02\checkpoints\N24_seed20260624_maskable_ppo_v02.zip,20260624,22661007,stochastic,0.6109706443441318,0.6154620189939145,0.020408228179013745,0.6052579049044077,False,17,22.78787878787879,PPO_v02_checkpoint_inference,False,False,6.739130434782608,21.0,0.0,0.13043478260869565,0.46376811594202905,0.5362318840579711,0.782608695652174
24,"[21,17,3,7,9,13,5,1,11,19,15,23,0,2,18,20,22,4,8,10,12,6,14,16]","21,17,3,7,9,13,5,1,11,19,15,23,0,2,18,20,22,4,8,10,12,6,14,16",a743c94dc03fa3f7,E:\Projects\RL-LAM-ScanOpt\outputs\stage3_ppo_rl_lam_fea_addendum_v02_targeted_N24_N40\ppo_training_v02\checkpoints\N24_seed20260624_maskable_ppo_v02.zip,20260624,22661008,stochastic,0.6549937951091864,0.6453186875691002,0.025568810934840237,0.6325342821016801,False,19,22.651515151515152,PPO_v02_checkpoint_inference,False,False,6.826086956521739,23.0,0.0,0.043478260869565216,0.46376811594202905,0.5362318840579711,0.782608695652174
24,"[21,17,3,7,9,13,5,11,1,15,19,23,0,2,18,20,22,4,8,10,12,14,16,6]","21,17,3,7,9,13,5,11,1,15,19,23,0,2,18,20,22,4,8,10,12,14,16,6",95f8d4705fd22667,E:\Projects\RL-LAM-ScanOpt\outputs\stage3_ppo_rl_lam_fea_addendum_v02_targeted_N24_N40\ppo_training_v02\checkpoints\N24_seed20260624_maskable_ppo_v02.zip,20260624,22661009,stochastic,0.6618605894466809,0.6457188647211348,0.023799189700086612,0.6338192698710915,False,17,22.242424242424242,PPO_v02_checkpoint_inference,False,False,6.913043478260869,23.0,0.0,0.043478260869565216,0.46376811594202905,0.5362318840579711,0.782608695652174
24,"[21,17,3,7,9,13,1,5,11,15,19,23,0,2,18,20,22,4,8,10,12,14,16,6]","21,17,3,7,9,13,1,5,11,15,19,23,0,2,18,20,22,4,8,10,12,14,16,6",c8f6c3a9e447340c,E:\Projects\RL-LAM-ScanOpt\outputs\stage3_ppo_rl_lam_fea_addendum_v02_targeted_N24_N40\ppo_training_v02\checkpoints\N24_seed20260624_maskable_ppo_v02.zip,20260624,22661010,stochastic,0.6781519342470662,0.6682639389401164,0.036524595631876385,0.6500016411241781,False,16,22.62121212121212,PPO_v02_checkpoint_inference,False,False,6.391304347826087,23.0,0.0,0.043478260869565216,0.46376811594202905,0.5362318840579711,0.782608695652174
24,"[21,17,3,7,9,13,5,1,15,11,19,23,0,18,2,20,22,4,8,10,12,14,6,16]","21,17,3,7,9,13,5,1,15,11,19,23,0,18,2,20,22,4,8,10,12,14,6,16",97c6107ba62e3186,E:\Projects\RL-LAM-ScanOpt\outputs\stage3_ppo_rl_lam_fea_addendum_v02_targeted_N24_N40\ppo_training_v02\checkpoints\N24_seed20260624_maskable_ppo_v02.zip,20260624,22661011,stochastic,0.6554263196367985,0.6430141750790982,0.023414352248200675,0.6313069989549979,False,17,21.934343434343436,PPO_v02_checkpoint_inference,False,False,8.391304347826088,23.0,0.0,0.043478260869565216,0.46376811594202905,0.5362318840579711,0.782608695652174
24,"[21,17,3,7,9,13,5,1,11,15,19,23,0,2,18,20,22,4,8,10,12,14,6,16]","21,17,3,7,9,13,5,1,11,15,19,23,0,2,18,20,22,4,8,10,12,14,6,16",ff37fba1e29bb951,E:\Projects\RL-LAM-ScanOpt\outputs\stage3_ppo_rl_lam_fea_addendum_v02_targeted_N24_N40\ppo_training_v02\checkpoints\N24_seed20260624_maskable_ppo_v02.zip,20260624,22661012,stochastic,0.6618605894466809,0.6517927391699222,0.0276389898897299,0.6379732442250573,False,18,22.494949494949495,PPO_v02_checkpoint_inference,False,False,6.6521739130434785,23.0,0.0,0.043478260869565216,0.46376811594202905,0.5362318840579711,0.782608695652174
24,"[21,17,3,7,13,9,11,5,1,15,19,23,0,2,18,20,22,4,8,10,12,14,6,16]","21,17,3,7,13,9,11,5,1,15,19,23,0,2,18,20,22,4,8,10,12,14,6,16",db0f7dd818d36c53,E:\Projects\RL-LAM-ScanOpt\outputs\stage3_ppo_rl_lam_fea_addendum_v02_targeted_N24_N40\ppo_training_v02\checkpoints\N24_seed20260624_maskable_ppo_v02.zip,20260624,22661013,stochastic,0.6549937951091864,0.6437185638512002,0.02308951812977187,0.6321738047863142,False,18,22.732323232323232,PPO_v02_checkpoint_inference,False,False,6.826086956521739,23.0,0.0,0.043478260869565216,0.46376811594202905,0.5362318840579711,0.782608695652174
24,"[21,17,7,3,9,13,5,1,11,15,23,19,0,2,18,20,22,4,8,10,12,6,14,16]","21,17,7,3,9,13,5,1,11,15,23,19,0,2,18,20,22,4,8,10,12,6,14,16",625360183d737fac,E:\Projects\RL-LAM-ScanOpt\outputs\stage3_ppo_rl_lam_fea_addendum_v02_targeted_N24_N40\ppo_training_v02\checkpoints\N24_seed20260624_maskable_ppo_v02.zip,20260624,22661014,stochastic,0.6584063149708338,0.649882966563166,0.02533453039948868,0.6372157013634216,False,19,22.595959595959595,PPO_v02_checkpoint_inference,False,False,6.478260869565218,19.0,0.0,0.043478260869565216,0.46376811594202905,0.5362318840579711,0.782608695652174
24,"[21,17,3,7,13,9,5,1,15,11,23,19,0,2,18,20,22,4,8,10,12,6,14,16]","21,17,3,7,13,9,5,1,15,11,23,19,0,2,18,20,22,4,8,10,12,6,14,16",75d35ee97f43d443,E:\Projects\RL-LAM-ScanOpt\outputs\stage3_ppo_rl_lam_fea_addendum_v02_targeted_N24_N40\ppo_training_v02\checkpoints\N24_seed20260624_maskable_ppo_v02.zip,20260624,22661015,stochastic,0.6449635951796895,0.6284901856437013,0.024602183748294034,0.6161890937695543,False,19,22.636363636363637,PPO_v02_checkpoint_inference,False,False,6.826086956521739,19.0,0.0,0.043478260869565216,0.46376811594202905,0.5362318840579711,0.782608695652174
24,"[21,17,3,7,9,13,5,1,11,15,19,23,0,2,18,20,22,4,8,10,12,6,14,16]","21,17,3,7,9,13,5,1,11,15,19,23,0,2,18,20,22,4,8,10,12,6,14,16",1136b34c81d35221,E:\Projects\RL-LAM-ScanOpt\outputs\stage3_ppo_rl_lam_fea_addendum_v02_targeted_N24_N40\ppo_training_v02\checkpoints\N24_seed20260624_maskable_ppo_v02.zip,20260624,22661016,stochastic,0.6618605894466809,0.6500225558517252,0.028060323454748626,0.6359923941243508,False,19,22.494949494949495,PPO_v02_checkpoint_inference,False,False,6.478260869565218,23.0,0.0,0.043478260869565216,0.46376811594202905,0.5362318840579711,0.782608695652174
24,"[21,17,3,7,9,13,1,11,5,15,19,23,0,2,18,20,22,4,8,10,12,14,6,16]","21,17,3,7,9,13,1,11,5,15,19,23,0,2,18,20,22,4,8,10,12,14,6,16",0196783de025f848,E:\Projects\RL-LAM-ScanOpt\outputs\stage3_ppo_rl_lam_fea_addendum_v02_targeted_N24_N40\ppo_training_v02\checkpoints\N24_seed20260624_maskable_ppo_v02.zip,20260624,22661017,stochastic,0.6618605894466809,0.6422878190715055,0.03224479212113296,0.626165423010939,False,17,22.7020202020202,PPO_v02_checkpoint_inference,False,False,7.173913043478261,23.0,0.0,0.043478260869565216,0.46376811594202905,0.5362318840579711,0.782608695652174
24,"[21,3,17,7,9,13,5,15,1,11,19,23,0,20,2,18,22,4,8,10,12,14,6,16]","21,3,17,7,9,13,5,15,1,11,19,23,0,20,2,18,22,4,8,10,12,14,6,16",e1fcabf191ab014d,E:\Projects\RL-LAM-ScanOpt\outputs\stage3_ppo_rl_lam_fea_addendum_v02_targeted_N24_N40\ppo_training_v02\checkpoints\N24_seed20260624_maskable_ppo_v02.zip,20260624,22661018,stochastic,0.6504002137146199,0.6385411095313149,0.021931051816150977,0.6275755836232394,False,17,21.944444444444443,PPO_v02_checkpoint_inference,False,False,9.956521739130435,23.0,0.0,0.043478260869565216,0.463768115942029,0.5362318840579711,0.782608695652174
24,"[21,3,17,7,9,13,5,1,19,15,11,23,0,18,2,22,20,4,8,10,12,6,14,16]","21,3,17,7,9,13,5,1,19,15,11,23,0,18,2,22,20,4,8,10,12,6,14,16",04aff87340badf21,E:\Projects\RL-LAM-ScanOpt\outputs\stage3_ppo_rl_lam_fea_addendum_v02_targeted_N24_N40\ppo_training_v02\checkpoints\N24_seed20260624_maskable_ppo_v02.zip,20260624,22661019,stochastic,0.6597102411560134,0.6301125901548377,0.03401652208271812,0.6131043291134786,False,19,22.550505050505052,PPO_v02_checkpoint_inference,False,False,9.434782608695652,23.0,0.0,0.043478260869565216,0.463768115942029,0.5362318840579711,0.782608695652174
24,"[21,17,3,7,9,13,1,5,11,15,19,23,0,2,18,20,22,4,8,10,12,14,6,16]","21,17,3,7,9,13,1,5,11,15,19,23,0,2,18,20,22,4,8,10,12,14,6,16",0ff174d17e9a1393,E:\Projects\RL-LAM-ScanOpt\outputs\stage3_ppo_rl_lam_fea_addendum_v02_targeted_N24_N40\ppo_training_v02\checkpoints\N24_seed20260624_maskable_ppo_v02.zip,20260624,22661020,stochastic,0.6781519342470662,0.6682941060297948,0.03653450320414692,0.6500268544277213,False,17,22.67676767676768,PPO_v02_checkpoint_inference,False,False,6.6521739130434785,23.0,0.0,0.043478260869565216,0.46376811594202905,0.5362318840579711,0.782608695652174
24,"[21,17,3,7,9,13,5,11,1,19,15,23,0,2,18,20,22,4,8,10,12,14,6,16]","21,17,3,7,9,13,5,11,1,19,15,23,0,2,18,20,22,4,8,10,12,14,6,16",9f44a2ce9315552e,E:\Projects\RL-LAM-ScanOpt\outputs\stage3_ppo_rl_lam_fea_addendum_v02_targeted_N24_N40\ppo_training_v02\checkpoints\N24_seed20260624_maskable_ppo_v02.zip,20260624,22661021,stochastic,0.6549937951091864,0.6435249784605062,0.02303528830066747,0.6320073343101724,False,19,22.454545454545453,PPO_v02_checkpoint_inference,False,False,7.521739130434782,23.0,0.0,0.043478260869565216,0.46376811594202905,0.5362318840579711,0.782608695652174
24,"[21,17,3,7,9,13,5,1,23,15,11,19,0,2,18,20,22,4,8,10,12,14,6,16]","21,17,3,7,9,13,5,1,23,15,11,19,0,2,18,20,22,4,8,10,12,14,6,16",d27a73df0114cc91,E:\Projects\RL-LAM-ScanOpt\outputs\stage3_ppo_rl_lam_fea_addendum_v02_targeted_N24_N40\ppo_training_v02\checkpoints\N24_seed20260624_maskable_ppo_v02.zip,20260624,22661022,stochastic,0.6600199010313651,0.6458593267441396,0.023791308311507314,0.6339636725883859,False,17,22.666666666666668,PPO_v02_checkpoint_inference,False,False,7.3478260869565215,22.0,0.0,0.043478260869565216,0.46376811594202905,0.5362318840579711,0.782608695652174
24,"[21,3,17,7,13,9,5,1,15,11,23,19,0,2,18,20,22,4,8,10,12,14,6,16]","21,3,17,7,13,9,5,1,15,11,23,19,0,2,18,20,22,4,8,10,12,14,6,16",ea50a49cf873c44f,E:\Projects\RL-LAM-ScanOpt\outputs\stage3_ppo_rl_lam_fea_addendum_v02_targeted_N24_N40\ppo_training_v02\checkpoints\N24_seed20260624_maskable_ppo_v02.zip,20260624,22661023,stochastic,0.6449635951796895,0.6286573860709961,0.02349750748743649,0.6169086323272779,False,18,22.81313131313131,PPO_v02_checkpoint_inference,False,False,7.869565217391305,19.0,0.0,0.043478260869565216,0.463768115942029,0.5362318840579711,0.782608695652174
24,"[21,17,3,9,7,13,5,11,19,1,15,23,0,2,18,20,22,4,8,10,12,14,16,6]","21,17,3,9,7,13,5,11,19,1,15,23,0,2,18,20,22,4,8,10,12,14,16,6",3dde44ace7d7c1c7,E:\Projects\RL-LAM-ScanOpt\outputs\stage3_ppo_rl_lam_fea_addendum_v02_targeted_N24_N40\ppo_training_v02\checkpoints\N24_seed20260624_maskable_ppo_v02.zip,20260624,22661024,stochastic,0.6549937951091864,0.6424101236945728,0.021933414872238592,0.6314434162584536,False,18,22.707070707070706,PPO_v02_checkpoint_inference,False,False,7.782608695652174,23.0,0.0,0.043478260869565216,0.46376811594202905,0.5362318840579711,0.782608695652174
24,"[21,3,17,7,13,9,1,5,11,15,19,23,0,2,18,22,20,4,8,10,12,6,16,14]","21,3,17,7,13,9,1,5,11,15,19,23,0,2,18,22,20,4,8,10,12,6,16,14",dfe179fd3061067b,E:\Projects\RL-LAM-ScanOpt\outputs\stage3_ppo_rl_lam_fea_addendum_v02_targeted_N24_N40\ppo_training_v02\checkpoints\N24_seed20260624_maskable_ppo_v02.zip,20260624,22661025,stochastic,0.6600199010313651,0.6380034712971422,0.02631150596762083,0.6248477183133317,False,17,23.045454545454547,PPO_v02_checkpoint_inference,False,False,7.434782608695652,23.0,0.0,0.043478260869565216,0.463768115942029,0.5362318840579711,0.782608695652174
24,"[21,17,3,7,9,13,5,1,11,19,15,23,18,0,2,20,22,4,8,10,12,6,14,16]","21,17,3,7,9,13,5,1,11,19,15,23,18,0,2,20,22,4,8,10,12,6,14,16",4306a25d30846e66,E:\Projects\RL-LAM-ScanOpt\outputs\stage3_ppo_rl_lam_fea_addendum_v02_targeted_N24_N40\ppo_training_v02\checkpoints\N24_seed20260624_maskable_ppo_v02.zip,20260624,22661026,stochastic,0.6584063149708338,0.6439043527250756,0.025931350557575703,0.6309386774462877,False,18,22.04040404040404,PPO_v02_checkpoint_inference,False,False,6.826086956521739,18.0,0.0,0.043478260869565216,0.46376811594202905,0.5362318840579711,0.782608695652174
24,"[21,17,3,7,9,5,13,1,15,11,19,23,0,2,18,20,22,4,8,10,12,14,6,16]","21,17,3,7,9,5,13,1,15,11,19,23,0,2,18,20,22,4,8,10,12,14,6,16",a311fc6293a2c5a0,E:\Projects\RL-LAM-ScanOpt\outputs\stage3_ppo_rl_lam_fea_addendum_v02_targeted_N24_N40\ppo_training_v02\checkpoints\N24_seed20260624_maskable_ppo_v02.zip,20260624,22661027,stochastic,0.6492975740239711,0.6359544878480519,0.03592587225139635,0.6179915517223536,False,18,22.46969696969697,PPO_v02_checkpoint_inference,False,False,7.3478260869565215,23.0,0.0,0.043478260869565216,0.5362318840579711,0.46376811594202905,0.782608695652174
24,"[21,17,3,7,9,13,5,1,11,15,19,23,0,2,18,20,22,4,8,10,12,14,6,16]","21,17,3,7,9,13,5,1,11,15,19,23,0,2,18,20,22,4,8,10,12,14,6,16",ff37fba1e29bb951,E:\Projects\RL-LAM-ScanOpt\outputs\stage3_ppo_rl_lam_fea_addendum_v02_targeted_N24_N40\ppo_training_v02\checkpoints\N24_seed20260624_maskable_ppo_v02.zip,20260624,22661028,stochastic,0.6618605894466809,0.6517927391699222,0.027638989889729976,0.6379732442250572,False,18,22.494949494949495,PPO_v02_checkpoint_inference,False,False,6.6521739130434785,23.0,0.0,0.043478260869565216,0.46376811594202905,0.5362318840579711,0.782608695652174
24,"[21,17,3,7,13,9,5,19,1,11,23,15,0,2,18,20,22,4,8,10,12,14,6,16]","21,17,3,7,13,9,5,19,1,11,23,15,0,2,18,20,22,4,8,10,12,14,6,16",3276f030e04f6f24,E:\Projects\RL-LAM-ScanOpt\outputs\stage3_ppo_rl_lam_fea_addendum_v02_targeted_N24_N40\ppo_training_v02\checkpoints\N24_seed20260624_maskable_ppo_v02.zip,20260624,22661029,stochastic,0.6590482210794282,0.6410407260375954,0.022893168848319868,0.6295941416134355,False,19,22.515151515151516,PPO_v02_checkpoint_inference,False,False,7.869565217391305,18.0,0.0,0.043478260869565216,0.46376811594202905,0.5362318840579711,0.782608695652174
24,"[21,3,17,7,9,13,15,5,1,19,11,23,18,0,2,20,22,4,6,10,12,14,8,16]","21,3,17,7,9,13,15,5,1,19,11,23,18,0,2,20,22,4,6,10,12,14,8,16",d1a66058bf8c7fc0,E:\Projects\RL-LAM-ScanOpt\outputs\stage3_ppo_rl_lam_fea_addendum_v02_targeted_N24_N40\ppo_training_v02\checkpoints\N24_seed20260624_maskable_ppo_v02.zip,20260624,22661030,stochastic,0.6538127335762672,0.6386687997242027,0.022165989203670057,0.6275858051223676,False,18,22.257575757575758,PPO_v02_checkpoint_inference,False,False,8.217391304347826,18.0,0.0,0.043478260869565216,0.463768115942029,0.5362318840579711,0.782608695652174
24,"[21,3,17,7,9,13,5,1,11,15,23,19,0,2,18,20,22,4,8,10,12,6,14,16]","21,3,17,7,9,13,5,1,11,15,23,19,0,2,18,20,22,4,8,10,12,6,14,16",b83780b106c38dee,E:\Projects\RL-LAM-ScanOpt\outputs\stage3_ppo_rl_lam_fea_addendum_v02_targeted_N24_N40\ppo_training_v02\checkpoints\N24_seed20260624_maskable_ppo_v02.zip,20260624,22661031,stochastic,0.6533802090486551,0.6432295302864409,0.023539327545356693,0.6314598665137626,False,18,22.838383838383837,PPO_v02_checkpoint_inference,False,False,7.3478260869565215,19.0,0.0,0.043478260869565216,0.463768115942029,0.5362318840579711,0.782608695652174
24,"[21,17,3,7,13,9,5,1,11,15,19,23,0,2,18,20,22,4,8,10,12,6,14,16]","21,17,3,7,13,9,5,1,11,15,19,23,0,2,18,20,22,4,8,10,12,6,14,16",37c6ac18c0dcdea3,E:\Projects\RL-LAM-ScanOpt\outputs\stage3_ppo_rl_lam_fea_addendum_v02_targeted_N24_N40\ppo_training_v02\checkpoints\N24_seed20260624_maskable_ppo_v02.zip,20260624,22661032,stochastic,0.6549937951091864,0.6464789590017002,0.025424471430626608,0.6337667232863868,False,19,22.72222222222222,PPO_v02_checkpoint_inference,False,False,6.478260869565218,23.0,0.0,0.043478260869565216,0.46376811594202905,0.5362318840579711,0.782608695652174
24,"[21,3,17,7,9,13,5,1,11,15,23,19,0,2,20,18,22,4,8,10,12,14,16,6]","21,3,17,7,9,13,5,1,11,15,23,19,0,2,20,18,22,4,8,10,12,14,16,6",8bb7de079ed524a0,E:\Projects\RL-LAM-ScanOpt\outputs\stage3_ppo_rl_lam_fea_addendum_v02_targeted_N24_N40\ppo_training_v02\checkpoints\N24_seed20260624_maskable_ppo_v02.zip,20260624,22661033,stochastic,0.6584063149708338,0.6441669849385387,0.02255780779708461,0.6328880810399964,False,16,22.782828282828284,PPO_v02_checkpoint_inference,False,False,7.434782608695652,19.0,0.0,0.043478260869565216,0.463768115942029,0.5362318840579711,0.782608695652174
24,"[21,17,3,7,9,13,5,1,15,11,23,19,0,2,18,20,22,4,8,10,12,6,14,16]","21,17,3,7,9,13,5,1,15,11,23,19,0,2,18,20,22,4,8,10,12,6,14,16",28bb2fad0bc33898,E:\Projects\RL-LAM-ScanOpt\outputs\stage3_ppo_rl_lam_fea_addendum_v02_targeted_N24_N40\ppo_training_v02\checkpoints\N24_seed20260624_maskable_ppo_v02.zip,20260624,22661034,stochastic,0.6538127335762672,0.6432147524592746,0.023294914867741556,0.6315672950254039,False,19,22.40909090909091,PPO_v02_checkpoint_inference,False,False,6.826086956521739,19.0,0.0,0.043478260869565216,0.46376811594202905,0.5362318840579711,0.782608695652174
24,"[21,17,3,7,9,13,11,1,5,15,23,19,0,18,2,22,8,20,4,10,12,6,14,16]","21,17,3,7,9,13,11,1,5,15,23,19,0,18,2,22,8,20,4,10,12,6,14,16",39443a34b28f15a4,E:\Projects\RL-LAM-ScanOpt\outputs\stage3_ppo_rl_lam_fea_addendum_v02_targeted_N24_N40\ppo_training_v02\checkpoints\N24_seed20260624_maskable_ppo_v02.zip,20260624,22661035,stochastic,0.6523173304239511,0.625950406567635,0.0316412987932931,0.6101297571709885,False,19,22.6010101010101,PPO_v02_checkpoint_inference,False,False,8.91304347826087,20.0,0.0,0.043478260869565216,0.46376811594202905,0.5362318840579711,0.782608695652174
24,"[21,17,3,7,9,13,5,11,1,15,23,19,18,0,2,4,20,22,8,10,12,14,6,16]","21,17,3,7,9,13,5,11,1,15,23,19,18,0,2,4,20,22,8,10,12,14,6,16",a12127f7cc8c8253,E:\Projects\RL-LAM-ScanOpt\outputs\stage3_ppo_rl_lam_fea_addendum_v02_targeted_N24_N40\ppo_training_v02\checkpoints\N24_seed20260624_maskable_ppo_v02.zip,20260624,22661036,stochastic,0.6584063149708338,0.6475776937067855,0.026442030924628934,0.6343566782444711,False,16,21.505050505050505,PPO_v02_checkpoint_inference,False,False,6.826086956521739,18.0,0.043478260869565216,0.043478260869565216,0.46376811594202905,0.5362318840579711,0.782608695652174
24,"[21,17,3,13,7,9,5,1,11,19,15,23,18,0,2,20,22,4,10,8,12,14,6,16]","21,17,3,13,7,9,5,1,11,19,15,23,18,0,2,20,22,4,10,8,12,14,6,16",50ed2723883d0222,E:\Projects\RL-LAM-ScanOpt\outputs\stage3_ppo_rl_lam_fea_addendum_v02_targeted_N24_N40\ppo_training_v02\checkpoints\N24_seed20260624_maskable_ppo_v02.zip,20260624,22661037,stochastic,0.6685882318811314,0.6359008700397538,0.03144679439161095,0.6201774728439483,False,17,21.82323232323232,PPO_v02_checkpoint_inference,False,False,7.3478260869565215,18.0,0.0,0.043478260869565216,0.46376811594202905,0.5362318840579711,0.782608695652174
24,"[21,17,3,7,13,9,11,5,23,1,15,19,0,2,18,20,22,4,8,10,12,6,14,16]","21,17,3,7,13,9,11,5,23,1,15,19,0,2,18,20,22,4,8,10,12,6,14,16",4ac3075b67994365,E:\Projects\RL-LAM-ScanOpt\outputs\stage3_ppo_rl_lam_fea_addendum_v02_targeted_N24_N40\ppo_training_v02\checkpoints\N24_seed20260624_maskable_ppo_v02.zip,20260624,22661038,stochastic,0.6549937951091864,0.6412623352900115,0.023461363023674915,0.6295316537781741,False,19,23.025252525252526,PPO_v02_checkpoint_inference,False,False,7.869565217391305,22.0,0.0,0.043478260869565216,0.46376811594202905,0.5362318840579711,0.782608695652174
24,"[21,3,17,9,7,13,5,1,11,15,19,23,0,18,2,20,22,4,8,10,12,14,6,16]","21,3,17,9,7,13,5,1,11,15,19,23,0,18,2,20,22,4,8,10,12,14,6,16",0af6be1be5b7d0ee,E:\Projects\RL-LAM-ScanOpt\outputs\stage3_ppo_rl_lam_fea_addendum_v02_targeted_N24_N40\ppo_training_v02\checkpoints\N24_seed20260624_maskable_ppo_v02.zip,20260624,22661039,stochastic,0.6600199010313651,0.6434351913294802,0.024985387909862503,0.630942497374549,False,19,22.54040404040404,PPO_v02_checkpoint_inference,False,False,8.91304347826087,23.0,0.0,0.043478260869565216,0.463768115942029,0.5362318840579711,0.782608695652174
24,"[21,17,3,7,9,13,5,1,11,15,23,19,0,18,2,20,22,4,8,10,12,14,6,16]","21,17,3,7,9,13,5,1,11,15,23,19,0,18,2,20,22,4,8,10,12,14,6,16",3db72c991720d30f,E:\Projects\RL-LAM-ScanOpt\outputs\stage3_ppo_rl_lam_fea_addendum_v02_targeted_N24_N40\ppo_training_v02\checkpoints\N24_seed20260624_maskable_ppo_v02.zip,20260624,22661040,stochastic,0.6584063149708338,0.6448609210637503,0.024420930710872667,0.6326504557083139,False,17,22.353535353535353,PPO_v02_checkpoint_inference,False,False,8.043478260869565,19.0,0.0,0.043478260869565216,0.46376811594202905,0.5362318840579711,0.782608695652174
24,"[21,17,3,7,9,13,5,1,11,15,19,23,0,2,18,20,22,4,8,10,12,14,16,6]","21,17,3,7,9,13,5,1,11,15,19,23,0,2,18,20,22,4,8,10,12,14,16,6",2016af1b67bc04b5,E:\Projects\RL-LAM-ScanOpt\outputs\stage3_ppo_rl_lam_fea_addendum_v02_targeted_N24_N40\ppo_training_v02\checkpoints\N24_seed20260624_maskable_ppo_v02.zip,20260624,22661041,stochastic,0.6618605894466809,0.6518486497029172,0.027720768933337633,0.6379882652362484,False,17,22.439393939393938,PPO_v02_checkpoint_inference,False,False,6.391304347826087,23.0,0.0,0.043478260869565216,0.46376811594202905,0.5362318840579711,0.782608695652174
24,"[21,17,3,7,9,13,23,5,15,1,11,19,0,2,20,22,18,4,8,10,12,14,6,16]","21,17,3,7,9,13,23,5,15,1,11,19,0,2,20,22,18,4,8,10,12,14,6,16",fe11ce6a933de6c2,E:\Projects\RL-LAM-ScanOpt\outputs\stage3_ppo_rl_lam_fea_addendum_v02_targeted_N24_N40\ppo_training_v02\checkpoints\N24_seed20260624_maskable_ppo_v02.zip,20260624,22661042,stochastic,0.6507500244991403,0.6410349466550768,0.021395838912801293,0.6303370271986761,False,18,22.82323232323232,PPO_v02_checkpoint_inference,False,False,8.043478260869565,19.0,0.0,0.043478260869565216,0.46376811594202905,0.5362318840579711,0.782608695652174
24,"[21,17,3,7,9,13,11,5,1,15,19,23,0,2,18,20,22,4,8,10,12,14,6,16]","21,17,3,7,9,13,11,5,1,15,19,23,0,2,18,20,22,4,8,10,12,14,6,16",7ca63b1a27b64199,E:\Projects\RL-LAM-ScanOpt\outputs\stage3_ppo_rl_lam_fea_addendum_v02_targeted_N24_N40\ppo_training_v02\checkpoints\N24_seed20260624_maskable_ppo_v02.zip,20260624,22661043,stochastic,0.6549937951091864,0.6464407367220404,0.024045399287600938,0.63441803707824,False,18,22.505050505050505,PPO_v02_checkpoint_inference,False,False,6.6521739130434785,23.0,0.0,0.043478260869565216,0.46376811594202905,0.5362318840579711,0.782608695652174
24,"[21,17,3,7,9,13,1,5,11,19,15,23,0,2,18,20,22,4,8,10,12,14,16,6]","21,17,3,7,9,13,1,5,11,19,15,23,0,2,18,20,22,4,8,10,12,14,16,6",0e02df7557515c8d,E:\Projects\RL-LAM-ScanOpt\outputs\stage3_ppo_rl_lam_fea_addendum_v02_targeted_N24_N40\ppo_training_v02\checkpoints\N24_seed20260624_maskable_ppo_v02.zip,20260624,22661044,stochastic,0.6618605894466809,0.6426937218620866,0.02928470895883532,0.628051367382669,False,17,22.77777777777778,PPO_v02_checkpoint_inference,False,False,6.739130434782608,23.0,0.0,0.043478260869565216,0.46376811594202905,0.5362318840579711,0.782608695652174
24,"[21,3,17,7,9,13,5,11,15,1,23,19,0,2,18,20,22,4,8,10,12,14,6,16]","21,3,17,7,9,13,5,11,15,1,23,19,0,2,18,20,22,4,8,10,12,14,6,16",7c013afc96c5c76f,E:\Projects\RL-LAM-ScanOpt\outputs\stage3_ppo_rl_lam_fea_addendum_v02_targeted_N24_N40\ppo_training_v02\checkpoints\N24_seed20260624_maskable_ppo_v02.zip,20260624,22661045,stochastic,0.6504002137146199,0.6419332213886698,0.02260275859466736,0.6306318420913362,False,18,22.803030303030305,PPO_v02_checkpoint_inference,False,False,8.391304347826088,22.0,0.0,0.043478260869565216,0.463768115942029,0.5362318840579711,0.782608695652174
24,"[21,17,3,7,13,9,5,11,1,15,23,19,0,18,2,20,22,4,8,10,12,14,6,16]","21,17,3,7,13,9,5,11,1,15,23,19,0,18,2,20,22,4,8,10,12,14,6,16",5f4ae382ff98472d,E:\Projects\RL-LAM-ScanOpt\outputs\stage3_ppo_rl_lam_fea_addendum_v02_targeted_N24_N40\ppo_training_v02\checkpoints\N24_seed20260624_maskable_ppo_v02.zip,20260624,22661046,stochastic,0.6507037443634198,0.6289118004819879,0.024549770370120613,0.6166369152969277,False,17,22.383838383838384,PPO_v02_checkpoint_inference,False,False,8.565217391304348,19.0,0.0,0.043478260869565216,0.46376811594202905,0.5362318840579711,0.782608695652174
24,"[21,17,7,3,9,13,11,5,1,15,19,23,0,2,18,20,4,22,8,10,12,14,16,6]","21,17,7,3,9,13,11,5,1,15,19,23,0,2,18,20,4,22,8,10,12,14,16,6",d9f71508f99f4e9a,E:\Projects\RL-LAM-ScanOpt\outputs\stage3_ppo_rl_lam_fea_addendum_v02_targeted_N24_N40\ppo_training_v02\checkpoints\N24_seed20260624_maskable_ppo_v02.zip,20260624,22661047,stochastic,0.6523173304239511,0.6315353221765476,0.024900977315808107,0.6190848335186435,False,17,22.338383838383837,PPO_v02_checkpoint_inference,False,False,7.434782608695652,23.0,0.0,0.043478260869565216,0.46376811594202905,0.5362318840579711,0.782608695652174
24,"[21,3,17,7,9,13,5,1,15,11,19,23,0,2,18,20,22,4,8,10,12,6,14,16]","21,3,17,7,9,13,5,1,15,11,19,23,0,2,18,20,22,4,8,10,12,6,14,16",87c1a8911ca0f230,E:\Projects\RL-LAM-ScanOpt\outputs\stage3_ppo_rl_lam_fea_addendum_v02_targeted_N24_N40\ppo_training_v02\checkpoints\N24_seed20260624_maskable_ppo_v02.zip,20260624,22661048,stochastic,0.6504002137146199,0.6418431062939496,0.022625879812324678,0.6305301663877872,False,19,22.41919191919192,PPO_v02_checkpoint_inference,False,False,7.695652173913044,23.0,0.0,0.043478260869565216,0.463768115942029,0.5362318840579711,0.782608695652174
24,"[21,7,17,3,9,13,5,11,1,19,15,23,18,0,2,22,20,4,8,10,12,14,6,16]","21,7,17,3,9,13,5,11,1,19,15,23,18,0,2,22,20,4,8,10,12,14,6,16",99ad52329e72df43,E:\Projects\RL-LAM-ScanOpt\outputs\stage3_ppo_rl_lam_fea_addendum_v02_targeted_N24_N40\ppo_training_v02\checkpoints\N24_seed20260624_maskable_ppo_v02.zip,20260624,22661049,stochastic,0.6523173304239511,0.6309892671145059,0.027265496386621325,0.6173565189211953,False,18,22.01010101010101,PPO_v02_checkpoint_inference,False,False,8.391304347826088,20.0,0.0,0.043478260869565216,0.46376811594202905,0.5362318840579711,0.782608695652174
24,"[21,3,17,7,9,13,5,1,11,15,19,23,0,2,18,20,4,22,8,10,12,14,6,16]","21,3,17,7,9,13,5,1,11,15,19,23,0,2,18,20,4,22,8,10,12,14,6,16",72a577f7fb079b53,E:\Projects\RL-LAM-ScanOpt\outputs\stage3_ppo_rl_lam_fea_addendum_v02_targeted_N24_N40\ppo_training_v02\checkpoints\N24_seed20260624_maskable_ppo_v02.zip,20260624,22661050,stochastic,0.6549937951091864,0.6437147216735266,0.02401839208274003,0.6317055256321567,False,17,22.626262626262626,PPO_v02_checkpoint_inference,False,False,8.565217391304348,23.0,0.0,0.043478260869565216,0.463768115942029,0.5362318840579711,0.782608695652174
24,"[21,17,3,7,9,13,1,5,11,15,19,23,0,2,18,20,22,4,8,10,12,14,6,16]","21,17,3,7,9,13,1,5,11,15,19,23,0,2,18,20,22,4,8,10,12,14,6,16",0ff174d17e9a1393,E:\Projects\RL-LAM-ScanOpt\outputs\stage3_ppo_rl_lam_fea_addendum_v02_targeted_N24_N40\ppo_training_v02\checkpoints\N24_seed20260624_maskable_ppo_v02.zip,20260624,22661051,stochastic,0.6781519342470662,0.6682941060297947,0.0365345032041469,0.6500268544277212,False,17,22.67676767676768,PPO_v02_checkpoint_inference,False,False,6.6521739130434785,23.0,0.0,0.043478260869565216,0.46376811594202905,0.5362318840579711,0.782608695652174
24,"[21,17,3,7,9,13,5,15,11,1,19,23,2,0,18,20,22,4,8,10,12,14,6,16]","21,17,3,7,9,13,5,15,11,1,19,23,2,0,18,20,22,4,8,10,12,14,6,16",c215237bbfb0de39,E:\Projects\RL-LAM-ScanOpt\outputs\stage3_ppo_rl_lam_fea_addendum_v02_targeted_N24_N40\ppo_training_v02\checkpoints\N24_seed20260624_maskable_ppo_v02.zip,20260624,22661052,stochastic,0.6554263196367985,0.6415758299110783,0.023124942273038244,0.6300133587745592,False,18,22.242424242424242,PPO_v02_checkpoint_inference,False,False,7.521739130434782,21.0,0.0,0.043478260869565216,0.46376811594202905,0.5362318840579711,0.782608695652174
24,"[21,17,3,7,13,9,5,11,1,15,19,23,0,18,2,20,22,4,8,10,12,14,6,16]","21,17,3,7,13,9,5,11,1,15,19,23,0,18,2,20,22,4,8,10,12,14,6,16",0d13315d2d3ff1c4,E:\Projects\RL-LAM-ScanOpt\outputs\stage3_ppo_rl_lam_fea_addendum_v02_targeted_N24_N40\ppo_training_v02\checkpoints\N24_seed20260624_maskable_ppo_v02.zip,20260624,22661053,stochastic,0.6600199010313651,0.6396944958275064,0.02322545615637886,0.6280817677493169,False,18,22.217171717171716,PPO_v02_checkpoint_inference,False,False,8.565217391304348,23.0,0.0,0.043478260869565216,0.46376811594202905,0.5362318840579711,0.782608695652174
24,"[21,17,3,7,13,9,5,1,19,11,15,23,0,2,18,20,22,4,8,10,12,14,6,16]","21,17,3,7,13,9,5,1,19,11,15,23,0,2,18,20,22,4,8,10,12,14,6,16",bcaf35dc62266bd3,E:\Projects\RL-LAM-ScanOpt\outputs\stage3_ppo_rl_lam_fea_addendum_v02_targeted_N24_N40\ppo_training_v02\checkpoints\N24_seed20260624_maskable_ppo_v02.zip,20260624,22661054,stochastic,0.6593535397467353,0.6443784058776486,0.022804593385153293,0.632976109185072,False,19,22.595959595959595,PPO_v02_checkpoint_inference,False,False,7.3478260869565215,23.0,0.0,0.043478260869565216,0.46376811594202905,0.5362318840579711,0.782608695652174
24,"[21,17,7,3,13,9,5,1,15,11,19,23,0,2,18,20,22,4,8,10,12,14,16,6]","21,17,7,3,13,9,5,1,15,11,19,23,0,2,18,20,22,4,8,10,12,14,16,6",35273d4bf800f1b2,E:\Projects\RL-LAM-ScanOpt\outputs\stage3_ppo_rl_lam_fea_addendum_v02_targeted_N24_N40\ppo_training_v02\checkpoints\N24_seed20260624_maskable_ppo_v02.zip,20260624,22661055,stochastic,0.6465771812402208,0.6321061460203545,0.022679214008914164,0.6207665390158974,False,19,22.348484848484848,PPO_v02_checkpoint_inference,False,False,6.739130434782608,23.0,0.0,0.043478260869565216,0.46376811594202905,0.5362318840579711,0.782608695652174
24,"[21,17,3,7,9,13,5,1,11,15,23,19,0,2,18,20,22,4,8,10,12,6,14,16]","21,17,3,7,9,13,5,1,11,15,23,19,0,2,18,20,22,4,8,10,12,6,14,16",9f0e013c84ab3c84,E:\Projects\RL-LAM-ScanOpt\outputs\stage3_ppo_rl_lam_fea_addendum_v02_targeted_N24_N40\ppo_training_v02\checkpoints\N24_seed20260624_maskable_ppo_v02.zip,20260624,22661056,stochastic,0.6533802090486551,0.6471473446776252,0.025093542804654218,0.6346005732752982,False,18,22.661616161616163,PPO_v02_checkpoint_inference,False,False,6.478260869565218,19.0,0.0,0.043478260869565216,0.46376811594202905,0.5362318840579711,0.782608695652174
24,"[21,17,3,7,9,13,5,1,11,15,23,19,18,0,2,20,22,4,8,10,12,6,14,16]","21,17,3,7,9,13,5,1,11,15,23,19,18,0,2,20,22,4,8,10,12,6,14,16",6231442ca25be2bc,E:\Projects\RL-LAM-ScanOpt\outputs\stage3_ppo_rl_lam_fea_addendum_v02_targeted_N24_N40\ppo_training_v02\checkpoints\N24_seed20260624_maskable_ppo_v02.zip,20260624,22661057,stochastic,0.6584063149708338,0.6471703488795462,0.025471481376603163,0.6344346081912445,False,18,22.050505050505052,PPO_v02_checkpoint_inference,False,False,6.478260869565218,18.0,0.043478260869565216,0.043478260869565216,0.46376811594202905,0.5362318840579711,0.782608695652174
24,"[21,17,7,3,9,13,5,11,1,15,19,23,0,2,18,20,22,4,8,10,12,14,16,6]","21,17,7,3,9,13,5,11,1,15,19,23,0,2,18,20,22,4,8,10,12,14,16,6",4f4bb3374571982d,E:\Projects\RL-LAM-ScanOpt\outputs\stage3_ppo_rl_lam_fea_addendum_v02_targeted_N24_N40\ppo_training_v02\checkpoints\N24_seed20260624_maskable_ppo_v02.zip,20260624,22661058,stochastic,0.6549937951091864,0.64558561117385,0.02254347080197954,0.6343138757728602,False,18,22.17676767676768,PPO_v02_checkpoint_inference,False,False,6.913043478260869,23.0,0.0,0.043478260869565216,0.46376811594202905,0.5362318840579711,0.782608695652174
24,"[21,3,17,7,9,13,1,5,11,15,19,23,0,2,22,18,20,4,8,10,12,14,6,16]","21,3,17,7,9,13,1,5,11,15,19,23,0,2,22,18,20,4,8,10,12,14,6,16",d20a1d2d272916b1,E:\Projects\RL-LAM-ScanOpt\outputs\stage3_ppo_rl_lam_fea_addendum_v02_targeted_N24_N40\ppo_training_v02\checkpoints\N24_seed20260624_maskable_ppo_v02.zip,20260624,22661059,stochastic,0.6618605894466809,0.6424105298724081,0.030770638181547422,0.6270252107816344,False,17,22.863636363636363,PPO_v02_checkpoint_inference,False,False,7.695652173913044,23.0,0.0,0.043478260869565216,0.463768115942029,0.5362318840579711,0.782608695652174
24,"[21,17,3,7,9,13,5,15,11,1,23,19,18,0,2,20,22,4,8,10,12,14,6,16]","21,17,3,7,9,13,5,15,11,1,23,19,18,0,2,20,22,4,8,10,12,14,6,16",0fb4d4aa9785831f,E:\Projects\RL-LAM-ScanOpt\outputs\stage3_ppo_rl_lam_fea_addendum_v02_targeted_N24_N40\ppo_training_v02\checkpoints\N24_seed20260624_maskable_ppo_v02.zip,20260624,22661060,stochastic,0.6465771812402208,0.6302715954738898,0.026005016956745917,0.6172690869955169,False,18,22.050505050505052,PPO_v02_checkpoint_inference,False,False,7.521739130434782,22.0,0.043478260869565216,0.043478260869565216,0.46376811594202905,0.5362318840579711,0.782608695652174
24,"[21,17,7,3,9,13,5,11,1,19,15,23,0,18,2,20,22,4,8,10,12,14,16,6]","21,17,7,3,9,13,5,11,1,19,15,23,0,18,2,20,22,4,8,10,12,14,16,6",e4e72bfb56dedf11,E:\Projects\RL-LAM-ScanOpt\outputs\stage3_ppo_rl_lam_fea_addendum_v02_targeted_N24_N40\ppo_training_v02\checkpoints\N24_seed20260624_maskable_ppo_v02.zip,20260624,22661061,stochastic,0.6523173304239511,0.6276546557730989,0.027456968286565603,0.6139261716298161,False,18,22.025252525252526,PPO_v02_checkpoint_inference,False,False,8.652173913043478,23.0,0.0,0.043478260869565216,0.46376811594202905,0.5362318840579711,0.782608695652174
24,"[21,17,3,7,13,9,5,11,1,15,19,23,0,2,18,20,22,4,8,10,12,14,6,16]","21,17,3,7,13,9,5,11,1,15,19,23,0,2,18,20,22,4,8,10,12,14,6,16",dae6dd4170d02449,E:\Projects\RL-LAM-ScanOpt\outputs\stage3_ppo_rl_lam_fea_addendum_v02_targeted_N24_N40\ppo_training_v02\checkpoints\N24_seed20260624_maskable_ppo_v02.zip,20260624,22661062,stochastic,0.6549937951091864,0.6434336322253117,0.022901413181960577,0.6319829256343314,False,18,22.525252525252526,PPO_v02_checkpoint_inference,False,False,7.173913043478261,23.0,0.0,0.043478260869565216,0.46376811594202905,0.5362318840579711,0.782608695652174
24,"[21,17,3,7,9,13,5,11,1,15,19,23,0,2,18,20,22,4,8,10,12,14,6,16]","21,17,3,7,9,13,5,11,1,15,19,23,0,2,18,20,22,4,8,10,12,14,6,16",3937799ddc3874ab,E:\Projects\RL-LAM-ScanOpt\outputs\stage3_ppo_rl_lam_fea_addendum_v02_targeted_N24_N40\ppo_training_v02\checkpoints\N24_seed20260624_maskable_ppo_v02.zip,20260624,22661063,stochastic,0.6618605894466809,0.6469772290753367,0.0253167510808811,0.6343188535348961,False,18,22.2979797979798,PPO_v02_checkpoint_inference,False,False,7.173913043478261,23.0,0.0,0.043478260869565216,0.46376811594202905,0.5362318840579711,0.782608695652174
24,"[21,3,17,9,7,13,5,11,1,15,19,23,0,2,18,20,22,4,8,10,12,14,6,16]","21,3,17,9,7,13,5,11,1,15,19,23,0,2,18,20,22,4,8,10,12,14,6,16",4c8107784d91d871,E:\Projects\RL-LAM-ScanOpt\outputs\stage3_ppo_rl_lam_fea_addendum_v02_targeted_N24_N40\ppo_training_v02\checkpoints\N24_seed20260624_maskable_ppo_v02.zip,20260624,22661064,stochastic,0.6549937951091864,0.6437055667994798,0.022845333734859922,0.6322828999320498,False,19,22.651515151515152,PPO_v02_checkpoint_inference,False,False,8.043478260869565,23.0,0.0,0.043478260869565216,0.463768115942029,0.5362318840579711,0.782608695652174
24,"[21,17,3,7,9,13,5,11,19,1,15,23,0,2,18,20,22,4,8,10,12,6,14,16]","21,17,3,7,9,13,5,11,19,1,15,23,0,2,18,20,22,4,8,10,12,6,14,16",50eb3493bfd6f63f,E:\Projects\RL-LAM-ScanOpt\outputs\stage3_ppo_rl_lam_fea_addendum_v02_targeted_N24_N40\ppo_training_v02\checkpoints\N24_seed20260624_maskable_ppo_v02.zip,20260624,22661065,stochastic,0.6618605894466809,0.6444834670769366,0.02521025485607482,0.6318783396488992,False,18,22.585858585858585,PPO_v02_checkpoint_inference,False,False,7.695652173913044,23.0,0.0,0.043478260869565216,0.46376811594202905,0.5362318840579711,0.782608695652174
24,"[21,3,17,7,9,13,5,11,19,1,15,23,0,18,2,20,22,4,8,10,12,14,16,6]","21,3,17,7,9,13,5,11,19,1,15,23,0,18,2,20,22,4,8,10,12,14,16,6",cec4180c63ddc0c4,E:\Projects\RL-LAM-ScanOpt\outputs\stage3_ppo_rl_lam_fea_addendum_v02_targeted_N24_N40\ppo_training_v02\checkpoints\N24_seed20260624_maskable_ppo_v02.zip,20260624,22661066,stochastic,0.6549937951091864,0.6390674159064653,0.022216715403515646,0.6279590582047075,False,18,22.3989898989899,PPO_v02_checkpoint_inference,False,False,9.869565217391305,23.0,0.0,0.043478260869565216,0.463768115942029,0.5362318840579711,0.782608695652174
24,"[21,17,3,7,9,13,1,5,11,15,19,23,0,2,18,20,22,4,8,10,12,6,14,16]","21,17,3,7,9,13,1,5,11,15,19,23,0,2,18,20,22,4,8,10,12,6,14,16",25710a3b8b1e15d8,E:\Projects\RL-LAM-ScanOpt\outputs\stage3_ppo_rl_lam_fea_addendum_v02_targeted_N24_N40\ppo_training_v02\checkpoints\N24_seed20260624_maskable_ppo_v02.zip,20260624,22661067,stochastic,0.6781519342470662,0.6665236900550833,0.03647091579594393,0.6482882321571113,False,18,22.67676767676768,PPO_v02_checkpoint_inference,False,False,6.478260869565218,23.0,0.0,0.043478260869565216,0.46376811594202905,0.5362318840579711,0.782608695652174
24,"[21,17,3,7,9,13,5,1,11,15,19,23,0,2,18,20,22,4,10,8,12,6,14,16]","21,17,3,7,9,13,5,1,11,15,19,23,0,2,18,20,22,4,10,8,12,6,14,16",a1bc30ce877366f0,E:\Projects\RL-LAM-ScanOpt\outputs\stage3_ppo_rl_lam_fea_addendum_v02_targeted_N24_N40\ppo_training_v02\checkpoints\N24_seed20260624_maskable_ppo_v02.zip,20260624,22661068,stochastic,0.6716951640917757,0.649622927163873,0.02623314956131942,0.6365063523832133,False,18,22.242424242424242,PPO_v02_checkpoint_inference,False,False,6.6521739130434785,23.0,0.0,0.043478260869565216,0.46376811594202905,0.5362318840579711,0.782608695652174
24,"[21,17,3,7,9,13,5,15,1,11,19,23,0,2,18,20,22,4,8,10,12,14,6,16]","21,17,3,7,9,13,5,15,1,11,19,23,0,2,18,20,22,4,8,10,12,14,6,16",fb3eb85e2b11bbf4,E:\Projects\RL-LAM-ScanOpt\outputs\stage3_ppo_rl_lam_fea_addendum_v02_targeted_N24_N40\ppo_training_v02\checkpoints\N24_seed20260624_maskable_ppo_v02.zip,20260624,22661069,stochastic,0.6572670080521144,0.6441436024802202,0.02309581645689323,0.6325956942517735,False,17,22.08080808080808,PPO_v02_checkpoint_inference,False,False,7.521739130434782,23.0,0.0,0.043478260869565216,0.46376811594202905,0.5362318840579711,0.782608695652174
24,"[21,17,3,7,13,9,5,1,11,15,23,19,0,2,18,20,22,4,8,10,12,14,6,16]","21,17,3,7,13,9,5,1,11,15,23,19,0,2,18,20,22,4,8,10,12,14,6,16",1201a5b2a758e5b1,E:\Projects\RL-LAM-ScanOpt\outputs\stage3_ppo_rl_lam_fea_addendum_v02_targeted_N24_N40\ppo_training_v02\checkpoints\N24_seed20260624_maskable_ppo_v02.zip,20260624,22661070,stochastic,0.6584063149708338,0.6480528756833608,0.023624928208875743,0.6362404115789229,False,17,22.88888888888889,PPO_v02_checkpoint_inference,False,False,6.6521739130434785,19.0,0.0,0.043478260869565216,0.46376811594202905,0.5362318840579711,0.782608695652174
24,"[21,17,3,7,9,13,5,1,11,15,19,23,0,18,2,20,22,4,8,10,12,14,6,16]","21,17,3,7,9,13,5,1,11,15,19,23,0,18,2,20,22,4,8,10,12,14,6,16",90ec5e8dd3a3baaf,E:\Projects\RL-LAM-ScanOpt\outputs\stage3_ppo_rl_lam_fea_addendum_v02_targeted_N24_N40\ppo_training_v02\checkpoints\N24_seed20260624_maskable_ppo_v02.zip,20260624,22661071,stochastic,0.6549937951091864,0.6455350560126777,0.024935336901113565,0.6330673875621209,False,18,22.18686868686869,PPO_v02_checkpoint_inference,False,False,8.043478260869565,23.0,0.0,0.043478260869565216,0.46376811594202905,0.5362318840579711,0.782608695652174
24,"[21,17,3,7,13,9,5,1,15,11,19,23,0,2,18,20,22,4,8,10,12,14,6,16]","21,17,3,7,13,9,5,1,15,11,19,23,0,2,18,20,22,4,8,10,12,14,6,16",51a3ad3080195818,E:\Projects\RL-LAM-ScanOpt\outputs\stage3_ppo_rl_lam_fea_addendum_v02_targeted_N24_N40\ppo_training_v02\checkpoints\N24_seed20260624_maskable_ppo_v02.zip,20260624,22661072,stochastic,0.6554263196367985,0.6434973545162671,0.02208262454187055,0.6324560422453318,False,19,22.46969696969697,PPO_v02_checkpoint_inference,False,False,7.0,23.0,0.0,0.043478260869565216,0.46376811594202905,0.5362318840579711,0.782608695652174
24,"[21,3,17,7,13,9,5,11,1,19,15,23,0,2,18,20,22,4,8,10,12,14,6,16]","21,3,17,7,13,9,5,11,1,19,15,23,0,2,18,20,22,4,8,10,12,14,6,16",4cfdc62cbd98c6ac,E:\Projects\RL-LAM-ScanOpt\outputs\stage3_ppo_rl_lam_fea_addendum_v02_targeted_N24_N40\ppo_training_v02\checkpoints\N24_seed20260624_maskable_ppo_v02.zip,20260624,22661073,stochastic,0.6600199010313651,0.6426498936184339,0.022831097273854992,0.6312343449815064,False,19,22.858585858585858,PPO_v02_checkpoint_inference,False,False,8.391304347826088,23.0,0.0,0.043478260869565216,0.463768115942029,0.5362318840579711,0.782608695652174
24,"[21,3,17,7,9,13,5,11,15,1,23,19,0,2,20,18,22,8,4,10,12,14,6,16]","21,3,17,7,9,13,5,11,15,1,23,19,0,2,20,18,22,8,4,10,12,14,6,16",3915fc65c59b2106,E:\Projects\RL-LAM-ScanOpt\outputs\stage3_ppo_rl_lam_fea_addendum_v02_targeted_N24_N40\ppo_training_v02\checkpoints\N24_seed20260624_maskable_ppo_v02.zip,20260624,22661074,stochastic,0.6465771812402208,0.629548486186185,0.02547471451050941,0.6168111289309303,False,19,22.525252525252526,PPO_v02_checkpoint_inference,False,False,8.565217391304348,22.0,0.0,0.043478260869565216,0.463768115942029,0.5362318840579711,0.782608695652174
24,"[21,17,3,7,9,13,5,1,11,15,19,23,0,2,18,20,22,4,8,10,12,14,6,16]","21,17,3,7,9,13,5,1,11,15,19,23,0,2,18,20,22,4,8,10,12,14,6,16",ff37fba1e29bb951,E:\Projects\RL-LAM-ScanOpt\outputs\stage3_ppo_rl_lam_fea_addendum_v02_targeted_N24_N40\ppo_training_v02\checkpoints\N24_seed20260624_maskable_ppo_v02.zip,20260624,22661075,stochastic,0.6618605894466809,0.6517927391699222,0.02763898988972986,0.6379732442250573,False,18,22.494949494949495,PPO_v02_checkpoint_inference,False,False,6.6521739130434785,23.0,0.0,0.043478260869565216,0.46376811594202905,0.5362318840579711,0.782608695652174
24,"[21,17,9,3,7,13,5,1,11,15,19,23,18,0,2,20,22,4,8,10,12,14,6,16]","21,17,9,3,7,13,5,1,11,15,19,23,18,0,2,20,22,4,8,10,12,14,6,16",5e6b22e63fa21447,E:\Projects\RL-LAM-ScanOpt\outputs\stage3_ppo_rl_lam_fea_addendum_v02_targeted_N24_N40\ppo_training_v02\checkpoints\N24_seed20260624_maskable_ppo_v02.zip,20260624,22661076,stochastic,0.6569784379064312,0.6406402041906681,0.027708928551729645,0.6267857399148034,False,17,22.035353535353536,PPO_v02_checkpoint_inference,False,False,6.6521739130434785,18.0,0.0,0.043478260869565216,0.46376811594202905,0.536231884057971,0.782608695652174
24,"[21,7,17,3,13,9,1,5,11,15,23,19,2,0,18,20,22,4,8,10,12,14,6,16]","21,7,17,3,13,9,1,5,11,15,23,19,2,0,18,20,22,4,8,10,12,14,6,16",1e404c92c8e758b2,E:\Projects\RL-LAM-ScanOpt\outputs\stage3_ppo_rl_lam_fea_addendum_v02_targeted_N24_N40\ppo_training_v02\checkpoints\N24_seed20260624_maskable_ppo_v02.zip,20260624,22661077,stochastic,0.6584063149708338,0.6396968071077868,0.02659794317083643,0.6263978355223685,False,17,22.964646464646464,PPO_v02_checkpoint_inference,False,False,7.521739130434782,18.0,0.0,0.043478260869565216,0.46376811594202905,0.5362318840579711,0.782608695652174
24,"[21,17,3,7,9,13,5,1,11,15,23,19,18,0,2,20,22,4,8,10,12,6,14,16]","21,17,3,7,9,13,5,1,11,15,23,19,18,0,2,20,22,4,8,10,12,6,14,16",6231442ca25be2bc,E:\Projects\RL-LAM-ScanOpt\outputs\stage3_ppo_rl_lam_fea_addendum_v02_targeted_N24_N40\ppo_training_v02\checkpoints\N24_seed20260624_maskable_ppo_v02.zip,20260624,22661078,stochastic,0.6584063149708338,0.6471703488795462,0.025471481376603135,0.6344346081912446,False,18,22.050505050505052,PPO_v02_checkpoint_inference,False,False,6.478260869565218,18.0,0.043478260869565216,0.043478260869565216,0.46376811594202905,0.5362318840579711,0.782608695652174
24,"[21,3,17,7,9,13,11,5,19,1,15,0,23,20,2,18,22,4,8,10,12,14,6,16]","21,3,17,7,9,13,11,5,19,1,15,0,23,20,2,18,22,4,8,10,12,14,6,16",478cacfc382df626,E:\Projects\RL-LAM-ScanOpt\outputs\stage3_ppo_rl_lam_fea_addendum_v02_targeted_N24_N40\ppo_training_v02\checkpoints\N24_seed20260624_maskable_ppo_v02.zip,20260624,22661079,stochastic,0.6032680737367179,0.5985720035695042,0.0037137470936673416,0.5967151300226705,False,19,22.353535353535353,PPO_v02_checkpoint_inference,False,False,9.869565217391305,23.0,0.0,0.13043478260869565,0.463768115942029,0.5362318840579711,0.782608695652174
24,"[21,17,3,7,13,9,5,15,1,11,19,23,18,0,2,20,22,4,8,10,12,14,6,16]","21,17,3,7,13,9,5,15,1,11,19,23,18,0,2,20,22,4,8,10,12,14,6,16",32687371f09c6b61,E:\Projects\RL-LAM-ScanOpt\outputs\stage3_ppo_rl_lam_fea_addendum_v02_targeted_N24_N40\ppo_training_v02\checkpoints\N24_seed20260624_maskable_ppo_v02.zip,20260624,22661080,stochastic,0.6538127335762672,0.6392315305577444,0.022424797510217174,0.6280191318026358,False,16,21.696969696969695,PPO_v02_checkpoint_inference,False,False,7.521739130434782,18.0,0.0,0.043478260869565216,0.46376811594202905,0.5362318840579711,0.782608695652174
24,"[21,17,3,7,9,13,1,11,5,15,19,23,0,2,18,20,22,4,8,10,12,14,6,16]","21,17,3,7,9,13,1,11,5,15,19,23,0,2,18,20,22,4,8,10,12,14,6,16",0196783de025f848,E:\Projects\RL-LAM-ScanOpt\outputs\stage3_ppo_rl_lam_fea_addendum_v02_targeted_N24_N40\ppo_training_v02\checkpoints\N24_seed20260624_maskable_ppo_v02.zip,20260624,22661081,stochastic,0.6618605894466809,0.6422878190715055,0.03224479212113296,0.626165423010939,False,17,22.7020202020202,PPO_v02_checkpoint_inference,False,False,7.173913043478261,23.0,0.0,0.043478260869565216,0.46376811594202905,0.5362318840579711,0.782608695652174
24,"[21,17,3,7,9,13,5,1,11,15,19,23,0,2,18,20,22,4,8,10,12,14,6,16]","21,17,3,7,9,13,5,1,11,15,19,23,0,2,18,20,22,4,8,10,12,14,6,16",ff37fba1e29bb951,E:\Projects\RL-LAM-ScanOpt\outputs\stage3_ppo_rl_lam_fea_addendum_v02_targeted_N24_N40\ppo_training_v02\checkpoints\N24_seed20260624_maskable_ppo_v02.zip,20260624,22661082,stochastic,0.6618605894466809,0.6517927391699222,0.0276389898897299,0.6379732442250573,False,18,22.494949494949495,PPO_v02_checkpoint_inference,False,False,6.6521739130434785,23.0,0.0,0.043478260869565216,0.46376811594202905,0.5362318840579711,0.782608695652174
24,"[21,17,3,7,9,13,5,11,1,15,19,23,0,2,18,4,20,22,8,10,12,14,6,16]","21,17,3,7,9,13,5,11,1,15,19,23,0,2,18,4,20,22,8,10,12,14,6,16",db4aa6693d504cb2,E:\Projects\RL-LAM-ScanOpt\outputs\stage3_ppo_rl_lam_fea_addendum_v02_targeted_N24_N40\ppo_training_v02\checkpoints\N24_seed20260624_maskable_ppo_v02.zip,20260624,22661083,stochastic,0.6549937951091864,0.6454636215685333,0.023813466359460887,0.6335568883888029,False,17,21.949494949494948,PPO_v02_checkpoint_inference,False,False,8.043478260869565,23.0,0.0,0.043478260869565216,0.46376811594202905,0.5362318840579711,0.782608695652174
24,"[21,17,3,7,9,13,5,1,11,15,23,19,0,2,18,20,22,4,8,10,12,14,6,16]","21,17,3,7,9,13,5,1,11,15,23,19,0,2,18,20,22,4,8,10,12,14,6,16",a008e604b6bde8fd,E:\Projects\RL-LAM-ScanOpt\outputs\stage3_ppo_rl_lam_fea_addendum_v02_targeted_N24_N40\ppo_training_v02\checkpoints\N24_seed20260624_maskable_ppo_v02.zip,20260624,22661084,stochastic,0.6533802090486551,0.6489295944086819,0.024899144255588902,0.6364800222808875,False,17,22.661616161616163,PPO_v02_checkpoint_inference,False,False,6.6521739130434785,19.0,0.0,0.043478260869565216,0.46376811594202905,0.5362318840579711,0.782608695652174
24,"[21,17,3,7,9,13,5,11,1,15,19,23,0,20,2,18,22,4,8,10,12,14,6,16]","21,17,3,7,9,13,5,11,1,15,19,23,0,20,2,18,22,4,8,10,12,14,6,16",c2765b0a0665a78c,E:\Projects\RL-LAM-ScanOpt\outputs\stage3_ppo_rl_lam_fea_addendum_v02_targeted_N24_N40\ppo_training_v02\checkpoints\N24_seed20260624_maskable_ppo_v02.zip,20260624,22661085,stochastic,0.6549937951091864,0.6408728325731319,0.023808718108393044,0.6289684735189354,False,17,21.984848484848484,PPO_v02_checkpoint_inference,False,False,8.73913043478261,23.0,0.0,0.043478260869565216,0.46376811594202905,0.5362318840579711,0.782608695652174
24,"[21,17,3,7,9,13,5,11,1,19,15,23,0,2,18,20,22,4,8,10,12,14,16,6]","21,17,3,7,9,13,5,11,1,19,15,23,0,2,18,20,22,4,8,10,12,14,16,6",859918366ddc47f2,E:\Projects\RL-LAM-ScanOpt\outputs\stage3_ppo_rl_lam_fea_addendum_v02_targeted_N24_N40\ppo_training_v02\checkpoints\N24_seed20260624_maskable_ppo_v02.zip,20260624,22661086,stochastic,0.6549937951091864,0.6424571844672745,0.022114854892896073,0.6313997570208265,False,18,22.3989898989899,PPO_v02_checkpoint_inference,False,False,7.260869565217392,23.0,0.0,0.043478260869565216,0.46376811594202905,0.5362318840579711,0.782608695652174
24,"[21,3,17,7,9,13,11,5,1,19,15,23,0,18,2,20,22,4,8,10,12,14,16,6]","21,3,17,7,9,13,11,5,1,19,15,23,0,18,2,20,22,4,8,10,12,14,16,6",607f1a3d3fb5c6a9,E:\Projects\RL-LAM-ScanOpt\outputs\stage3_ppo_rl_lam_fea_addendum_v02_targeted_N24_N40\ppo_training_v02\checkpoints\N24_seed20260624_maskable_ppo_v02.zip,20260624,22661087,stochastic,0.6523173304239511,0.6271741372310797,0.027600214085473154,0.6133740301883431,False,18,22.474747474747474,PPO_v02_checkpoint_inference,False,False,9.0,23.0,0.0,0.043478260869565216,0.463768115942029,0.5362318840579711,0.782608695652174
24,"[21,17,3,7,9,13,5,1,11,15,19,23,0,2,18,20,4,22,10,8,12,14,6,16]","21,17,3,7,9,13,5,1,11,15,19,23,0,2,18,20,4,22,10,8,12,14,6,16",1ef3adce0e64ca46,E:\Projects\RL-LAM-ScanOpt\outputs\stage3_ppo_rl_lam_fea_addendum_v02_targeted_N24_N40\ppo_training_v02\checkpoints\N24_seed20260624_maskable_ppo_v02.zip,20260624,22661088,stochastic,0.6767212700139543,0.6506037704805504,0.02641104706580458,0.6373982469476481,False,18,22.196969696969695,PPO_v02_checkpoint_inference,False,False,7.695652173913044,23.0,0.0,0.043478260869565216,0.46376811594202905,0.5362318840579711,0.782608695652174
24,"[21,3,17,7,9,13,5,1,11,15,19,23,0,2,18,22,20,4,8,10,12,14,6,16]","21,3,17,7,9,13,5,1,11,15,19,23,0,2,18,22,20,4,8,10,12,14,6,16",2d909bd44891a3f2,E:\Projects\RL-LAM-ScanOpt\outputs\stage3_ppo_rl_lam_fea_addendum_v02_targeted_N24_N40\ppo_training_v02\checkpoints\N24_seed20260624_maskable_ppo_v02.zip,20260624,22661089,stochastic,0.6549937951091864,0.6464385268248605,0.024469460596821483,0.6342037965264498,False,18,22.69191919191919,PPO_v02_checkpoint_inference,False,False,7.521739130434782,23.0,0.0,0.043478260869565216,0.463768115942029,0.5362318840579711,0.782608695652174
24,"[21,17,3,9,13,7,15,5,1,11,23,19,0,2,20,18,22,4,8,10,12,14,6,16]","21,17,3,9,13,7,15,5,1,11,23,19,0,2,20,18,22,4,8,10,12,14,6,16",b8e0d54e112835e9,E:\Projects\RL-LAM-ScanOpt\outputs\stage3_ppo_rl_lam_fea_addendum_v02_targeted_N24_N40\ppo_training_v02\checkpoints\N24_seed20260624_maskable_ppo_v02.zip,20260624,22661090,stochastic,0.6449635951796895,0.628437900354351,0.023040579001260348,0.6169176108537208,False,18,22.41919191919192,PPO_v02_checkpoint_inference,False,False,7.521739130434782,19.0,0.0,0.043478260869565216,0.46376811594202905,0.5362318840579711,0.782608695652174
24,"[21,3,17,7,9,13,5,1,15,11,23,19,0,2,18,20,22,4,6,8,12,10,14,16]","21,3,17,7,9,13,5,1,15,11,23,19,0,2,18,20,22,4,6,8,12,10,14,16",ca44a0578bf63006,E:\Projects\RL-LAM-ScanOpt\outputs\stage3_ppo_rl_lam_fea_addendum_v02_targeted_N24_N40\ppo_training_v02\checkpoints\N24_seed20260624_maskable_ppo_v02.zip,20260624,22661091,stochastic,0.6538127335762672,0.6387588161491031,0.023234367278040687,0.6271416325100828,False,19,22.59090909090909,PPO_v02_checkpoint_inference,False,False,7.3478260869565215,19.0,0.0,0.043478260869565216,0.463768115942029,0.5362318840579711,0.782608695652174
24,"[21,17,3,7,9,13,1,5,11,15,19,23,0,2,18,20,4,22,8,10,12,14,16,6]","21,17,3,7,9,13,1,5,11,15,19,23,0,2,18,20,4,22,8,10,12,14,16,6",02df3594938a6ac5,E:\Projects\RL-LAM-ScanOpt\outputs\stage3_ppo_rl_lam_fea_addendum_v02_targeted_N24_N40\ppo_training_v02\checkpoints\N24_seed20260624_maskable_ppo_v02.zip,20260624,22661092,stochastic,0.6618605894466809,0.6415283203405411,0.028742940420938477,0.6271568501300718,False,15,22.575757575757574,PPO_v02_checkpoint_inference,False,False,7.434782608695652,23.0,0.0,0.043478260869565216,0.46376811594202905,0.5362318840579711,0.782608695652174
24,"[21,17,3,7,13,9,5,11,1,15,19,23,0,2,18,20,22,4,8,10,12,6,14,16]","21,17,3,7,13,9,5,11,1,15,19,23,0,2,18,20,22,4,8,10,12,6,14,16",ada3eabc69c1d8d8,E:\Projects\RL-LAM-ScanOpt\outputs\stage3_ppo_rl_lam_fea_addendum_v02_targeted_N24_N40\ppo_training_v02\checkpoints\N24_seed20260624_maskable_ppo_v02.zip,20260624,22661093,stochastic,0.6549937951091864,0.6415952435348643,0.02314411407216781,0.6300231864987804,False,19,22.525252525252526,PPO_v02_checkpoint_inference,False,False,7.0,23.0,0.0,0.043478260869565216,0.46376811594202905,0.5362318840579711,0.782608695652174
24,"[21,17,3,7,9,13,5,15,11,1,19,23,18,0,2,20,22,4,8,10,12,14,6,16]","21,17,3,7,9,13,5,15,11,1,19,23,18,0,2,20,22,4,8,10,12,14,6,16",40b714948aa80aed,E:\Projects\RL-LAM-ScanOpt\outputs\stage3_ppo_rl_lam_fea_addendum_v02_targeted_N24_N40\ppo_training_v02\checkpoints\N24_seed20260624_maskable_ppo_v02.zip,20260624,22661094,stochastic,0.6538127335762672,0.6405551706350882,0.023071132412923624,0.6290196044286264,False,17,21.883838383838384,PPO_v02_checkpoint_inference,False,False,7.521739130434782,18.0,0.0,0.043478260869565216,0.46376811594202905,0.5362318840579711,0.782608695652174
24,"[21,17,3,7,9,13,5,1,11,15,19,23,0,2,18,20,22,4,8,10,12,14,6,16]","21,17,3,7,9,13,5,1,11,15,19,23,0,2,18,20,22,4,8,10,12,14,6,16",ff37fba1e29bb951,E:\Projects\RL-LAM-ScanOpt\outputs\stage3_ppo_rl_lam_fea_addendum_v02_targeted_N24_N40\ppo_training_v02\checkpoints\N24_seed20260624_maskable_ppo_v02.zip,20260624,22661095,stochastic,0.6618605894466809,0.6517927391699222,0.027638989889729945,0.6379732442250572,False,18,22.494949494949495,PPO_v02_checkpoint_inference,False,False,6.6521739130434785,23.0,0.0,0.043478260869565216,0.46376811594202905,0.5362318840579711,0.782608695652174
24,"[21,17,3,13,7,9,5,1,11,15,19,23,0,2,22,18,20,8,10,4,12,14,6,16]","21,17,3,13,7,9,5,1,11,15,19,23,0,2,22,18,20,8,10,4,12,14,6,16",792fc0d9687bb1f1,E:\Projects\RL-LAM-ScanOpt\outputs\stage3_ppo_rl_lam_fea_addendum_v02_targeted_N24_N40\ppo_training_v02\checkpoints\N24_seed20260624_maskable_ppo_v02.zip,20260624,22661096,stochastic,0.6628089072096004,0.6359826311461517,0.029099369088773332,0.6214329466017651,False,17,21.944444444444443,PPO_v02_checkpoint_inference,False,False,7.173913043478261,23.0,0.0,0.043478260869565216,0.46376811594202905,0.5362318840579711,0.782608695652174
24,"[21,3,17,7,9,13,5,1,11,15,23,19,18,0,20,2,4,22,8,10,12,14,6,16]","21,3,17,7,9,13,5,1,11,15,23,19,18,0,20,2,4,22,8,10,12,14,6,16",3b565589c3a7b120,E:\Projects\RL-LAM-ScanOpt\outputs\stage3_ppo_rl_lam_fea_addendum_v02_targeted_N24_N40\ppo_training_v02\checkpoints\N24_seed20260624_maskable_ppo_v02.zip,20260624,22661097,stochastic,0.6448652209151055,0.6278134430782766,0.029559202650041316,0.6130338417532559,False,15,22.515151515151516,PPO_v02_checkpoint_inference,False,False,8.73913043478261,20.0,0.043478260869565216,0.043478260869565216,0.463768115942029,0.5362318840579711,0.782608695652174
24,"[21,3,17,9,7,13,5,1,11,15,23,19,0,2,18,20,22,4,8,10,12,14,6,16]","21,3,17,9,7,13,5,1,11,15,23,19,0,2,18,20,22,4,8,10,12,14,6,16",292e243999144f95,E:\Projects\RL-LAM-ScanOpt\outputs\stage3_ppo_rl_lam_fea_addendum_v02_targeted_N24_N40\ppo_training_v02\checkpoints\N24_seed20260624_maskable_ppo_v02.zip,20260624,22661098,stochastic,0.6584063149708338,0.6457147179475629,0.023409547721427174,0.6340099440868493,False,18,23.015151515151516,PPO_v02_checkpoint_inference,False,False,7.521739130434782,19.0,0.0,0.043478260869565216,0.463768115942029,0.5362318840579711,0.782608695652174
24,"[21,17,3,9,7,13,5,11,1,15,19,23,0,2,22,18,20,4,8,10,12,14,6,16]","21,17,3,9,7,13,5,11,1,15,19,23,0,2,22,18,20,4,8,10,12,14,6,16",b9ce4d59adedcf1e,E:\Projects\RL-LAM-ScanOpt\outputs\stage3_ppo_rl_lam_fea_addendum_v02_targeted_N24_N40\ppo_training_v02\checkpoints\N24_seed20260624_maskable_ppo_v02.zip,20260624,22661099,stochastic,0.6600199010313651,0.6444116790809268,0.023663138751875448,0.632580109704989,False,19,22.484848484848484,PPO_v02_checkpoint_inference,False,False,7.521739130434782,23.0,0.0,0.043478260869565216,0.46376811594202905,0.5362318840579711,0.782608695652174
24,"[21,9,17,3,7,13,5,1,11,15,19,23,0,2,18,20,22,4,8,10,12,6,14,16]","21,9,17,3,7,13,5,1,11,15,19,23,0,2,18,20,22,4,8,10,12,6,14,16",0b587b2305dd8692,E:\Projects\RL-LAM-ScanOpt\outputs\stage3_ppo_rl_lam_fea_addendum_v02_targeted_N24_N40\ppo_training_v02\checkpoints\N24_seed20260624_maskable_ppo_v02.zip,20260624,22661100,stochastic,0.6604327123822783,0.6435772821021825,0.027131624956075205,0.6300114696241449,False,20,22.843434343434343,PPO_v02_checkpoint_inference,False,False,7.173913043478261,23.0,0.0,0.043478260869565216,0.46376811594202905,0.536231884057971,0.782608695652174
24,"[21,3,17,7,9,13,5,1,11,15,19,23,0,2,18,20,22,4,8,10,12,14,6,16]","21,3,17,7,9,13,5,1,11,15,19,23,0,2,18,20,22,4,8,10,12,14,6,16",8a631599d202e685,E:\Projects\RL-LAM-ScanOpt\outputs\stage3_ppo_rl_lam_fea_addendum_v02_targeted_N24_N40\ppo_training_v02\checkpoints\N24_seed20260624_maskable_ppo_v02.zip,20260624,22661101,stochastic,0.6618605894466809,0.6485850318813152,0.025687620793200732,0.6357412214847149,False,18,22.671717171717173,PPO_v02_checkpoint_inference,False,False,7.521739130434782,23.0,0.0,0.043478260869565216,0.463768115942029,0.5362318840579711,0.782608695652174
24,"[21,17,3,7,13,9,5,11,1,15,19,23,0,18,20,2,22,4,8,10,12,14,6,16]","21,17,3,7,13,9,5,11,1,15,19,23,0,18,20,2,22,4,8,10,12,14,6,16",6012af8b12392050,E:\Projects\RL-LAM-ScanOpt\outputs\stage3_ppo_rl_lam_fea_addendum_v02_targeted_N24_N40\ppo_training_v02\checkpoints\N24_seed20260624_maskable_ppo_v02.zip,20260624,22661102,stochastic,0.6525677915225194,0.6368201042370969,0.02220245581954947,0.6257188763273221,False,17,22.550505050505052,PPO_v02_checkpoint_inference,False,False,8.73913043478261,23.0,0.0,0.043478260869565216,0.46376811594202905,0.5362318840579711,0.782608695652174
24,"[21,3,7,17,9,13,5,11,1,19,15,23,0,2,18,4,20,22,8,10,12,14,6,16]","21,3,7,17,9,13,5,11,1,19,15,23,0,2,18,4,20,22,8,10,12,14,6,16",12d8d508bf9c0aa0,E:\Projects\RL-LAM-ScanOpt\outputs\stage3_ppo_rl_lam_fea_addendum_v02_targeted_N24_N40\ppo_training_v02\checkpoints\N24_seed20260624_maskable_ppo_v02.zip,20260624,22661103,stochastic,0.6580546524284444,0.6435221902224795,0.023361284608116536,0.6318415479184212,False,17,22.196969696969695,PPO_v02_checkpoint_inference,False,False,9.08695652173913,23.0,0.0,0.043478260869565216,0.463768115942029,0.536231884057971,0.782608695652174
24,"[21,17,3,7,9,13,5,11,1,15,19,23,0,2,18,20,22,4,10,8,12,14,6,16]","21,17,3,7,9,13,5,11,1,15,19,23,0,2,18,20,22,4,10,8,12,14,6,16",a6d627bb497783d0,E:\Projects\RL-LAM-ScanOpt\outputs\stage3_ppo_rl_lam_fea_addendum_v02_targeted_N24_N40\ppo_training_v02\checkpoints\N24_seed20260624_maskable_ppo_v02.zip,20260624,22661104,stochastic,0.6650330777156883,0.6454085431194639,0.023654091975374807,0.6335814971317766,False,17,22.045454545454547,PPO_v02_checkpoint_inference,False,False,7.3478260869565215,23.0,0.0,0.043478260869565216,0.46376811594202905,0.5362318840579711,0.782608695652174
24,"[21,17,3,7,9,13,5,11,19,1,15,23,0,18,2,20,22,4,8,10,12,14,16,6]","21,17,3,7,9,13,5,11,19,1,15,23,0,18,2,20,22,4,8,10,12,14,16,6",ea4ddba24a52b284,E:\Projects\RL-LAM-ScanOpt\outputs\stage3_ppo_rl_lam_fea_addendum_v02_targeted_N24_N40\ppo_training_v02\checkpoints\N24_seed20260624_maskable_ppo_v02.zip,20260624,22661105,stochastic,0.6549937951091864,0.6393442877338764,0.022466743403672645,0.6281109160320401,False,18,22.22222222222222,PPO_v02_checkpoint_inference,False,False,9.0,23.0,0.0,0.043478260869565216,0.46376811594202905,0.5362318840579711,0.782608695652174
24,"[21,17,3,9,7,13,5,11,1,15,19,23,0,2,18,20,4,22,8,10,12,14,6,16]","21,17,3,9,7,13,5,11,1,15,19,23,0,2,18,20,4,22,8,10,12,14,6,16",669db7bf7a7ab064,E:\Projects\RL-LAM-ScanOpt\outputs\stage3_ppo_rl_lam_fea_addendum_v02_targeted_N24_N40\ppo_training_v02\checkpoints\N24_seed20260624_maskable_ppo_v02.zip,20260624,22661106,stochastic,0.6600199010313651,0.644468727515783,0.02334972024774204,0.632793867391912,False,18,22.42929292929293,PPO_v02_checkpoint_inference,False,False,8.391304347826088,23.0,0.0,0.043478260869565216,0.46376811594202905,0.5362318840579711,0.782608695652174
24,"[21,17,3,9,7,13,5,1,11,15,19,23,0,2,18,20,22,4,8,10,12,14,6,16]","21,17,3,9,7,13,5,1,11,15,19,23,0,2,18,20,22,4,8,10,12,14,6,16",a255677dd2e4b77f,E:\Projects\RL-LAM-ScanOpt\outputs\stage3_ppo_rl_lam_fea_addendum_v02_targeted_N24_N40\ppo_training_v02\checkpoints\N24_seed20260624_maskable_ppo_v02.zip,20260624,22661107,stochastic,0.6549937951091864,0.6473661385832926,0.025204497453131688,0.6347638898567268,False,19,22.671717171717173,PPO_v02_checkpoint_inference,False,False,6.826086956521739,23.0,0.0,0.043478260869565216,0.46376811594202905,0.5362318840579711,0.782608695652174
24,"[21,3,17,7,9,13,5,11,1,15,23,19,0,18,2,20,22,4,8,10,12,6,14,16]","21,3,17,7,9,13,5,11,1,15,23,19,0,18,2,20,22,4,8,10,12,6,14,16",9f1fd83742b600fc,E:\Projects\RL-LAM-ScanOpt\outputs\stage3_ppo_rl_lam_fea_addendum_v02_targeted_N24_N40\ppo_training_v02\checkpoints\N24_seed20260624_maskable_ppo_v02.zip,20260624,22661108,stochastic,0.6584063149708338,0.6383552803804573,0.024093546160588942,0.6263085073001629,False,18,22.333333333333332,PPO_v02_checkpoint_inference,False,False,9.26086956521739,19.0,0.0,0.043478260869565216,0.463768115942029,0.5362318840579711,0.782608695652174
24,"[21,17,7,3,9,13,5,15,1,11,19,23,0,2,18,20,22,4,8,10,12,14,16,6]","21,17,7,3,9,13,5,15,1,11,19,23,0,2,18,20,22,4,8,10,12,14,16,6",77b735bdc72bb3b0,E:\Projects\RL-LAM-ScanOpt\outputs\stage3_ppo_rl_lam_fea_addendum_v02_targeted_N24_N40\ppo_training_v02\checkpoints\N24_seed20260624_maskable_ppo_v02.zip,20260624,22661109,stochastic,0.6504002137146199,0.6412284045303644,0.019973766824736686,0.6312415211179961,False,17,21.95959595959596,PPO_v02_checkpoint_inference,False,False,7.260869565217392,23.0,0.0,0.043478260869565216,0.46376811594202905,0.5362318840579711,0.782608695652174
24,"[21,17,3,7,13,9,5,11,1,15,19,23,0,2,18,20,22,4,8,10,12,6,14,16]","21,17,3,7,13,9,5,11,1,15,19,23,0,2,18,20,22,4,8,10,12,6,14,16",ada3eabc69c1d8d8,E:\Projects\RL-LAM-ScanOpt\outputs\stage3_ppo_rl_lam_fea_addendum_v02_targeted_N24_N40\ppo_training_v02\checkpoints\N24_seed20260624_maskable_ppo_v02.zip,20260624,22661110,stochastic,0.6549937951091864,0.6415952435348642,0.02314411407216786,0.6300231864987803,False,19,22.525252525252526,PPO_v02_checkpoint_inference,False,False,7.0,23.0,0.0,0.043478260869565216,0.46376811594202905,0.5362318840579711,0.782608695652174
24,"[21,17,7,3,9,13,5,1,11,15,23,19,0,2,18,20,22,4,8,10,12,14,6,16]","21,17,7,3,9,13,5,1,11,15,23,19,0,2,18,20,22,4,8,10,12,14,6,16",c24bc45fe2056c79,E:\Projects\RL-LAM-ScanOpt\outputs\stage3_ppo_rl_lam_fea_addendum_v02_targeted_N24_N40\ppo_training_v02\checkpoints\N24_seed20260624_maskable_ppo_v02.zip,20260624,22661111,stochastic,0.6584063149708338,0.651653149881363,0.025152721399644785,0.6390767891815406,False,18,22.595959595959595,PPO_v02_checkpoint_inference,False,False,6.6521739130434785,19.0,0.0,0.043478260869565216,0.46376811594202905,0.5362318840579711,0.782608695652174
24,"[21,17,7,3,13,9,5,15,1,11,23,19,0,2,18,20,22,4,8,10,12,14,6,16]","21,17,7,3,13,9,5,15,1,11,23,19,0,2,18,20,22,4,8,10,12,14,6,16",3c520b357e36d7c4,E:\Projects\RL-LAM-ScanOpt\outputs\stage3_ppo_rl_lam_fea_addendum_v02_targeted_N24_N40\ppo_training_v02\checkpoints\N24_seed20260624_maskable_ppo_v02.zip,20260624,22661112,stochastic,0.6449635951796895,0.6287458106439625,0.02155350831573483,0.6179690564860951,False,19,22.40909090909091,PPO_v02_checkpoint_inference,False,False,7.521739130434782,19.0,0.0,0.043478260869565216,0.46376811594202905,0.5362318840579711,0.782608695652174
24,"[21,17,3,7,9,13,11,5,1,15,19,23,0,18,2,20,22,4,8,10,12,14,6,16]","21,17,3,7,9,13,11,5,1,15,19,23,0,18,2,20,22,4,8,10,12,14,6,16",4daa1862912bc49c,E:\Projects\RL-LAM-ScanOpt\outputs\stage3_ppo_rl_lam_fea_addendum_v02_targeted_N24_N40\ppo_training_v02\checkpoints\N24_seed20260624_maskable_ppo_v02.zip,20260624,22661113,stochastic,0.6600199010313651,0.6438994716641191,0.02455314784201547,0.6316228977431113,False,17,22.196969696969695,PPO_v02_checkpoint_inference,False,False,8.043478260869565,23.0,0.0,0.043478260869565216,0.46376811594202905,0.5362318840579711,0.782608695652174
24,"[21,17,3,7,9,13,5,15,1,11,19,23,0,2,18,20,22,4,8,10,12,14,6,16]","21,17,3,7,9,13,5,15,1,11,19,23,0,2,18,20,22,4,8,10,12,14,6,16",fb3eb85e2b11bbf4,E:\Projects\RL-LAM-ScanOpt\outputs\stage3_ppo_rl_lam_fea_addendum_v02_targeted_N24_N40\ppo_training_v02\checkpoints\N24_seed20260624_maskable_ppo_v02.zip,20260624,22661114,stochastic,0.6572670080521144,0.6441436024802203,0.02309581645689316,0.6325956942517738,False,17,22.08080808080808,PPO_v02_checkpoint_inference,False,False,7.521739130434782,23.0,0.0,0.043478260869565216,0.46376811594202905,0.5362318840579711,0.782608695652174
24,"[21,17,3,7,13,9,5,15,1,11,19,23,0,2,18,20,22,4,8,10,12,6,14,16]","21,17,3,7,13,9,5,15,1,11,19,23,0,2,18,20,22,4,8,10,12,6,14,16",e323f0c308817937,E:\Projects\RL-LAM-ScanOpt\outputs\stage3_ppo_rl_lam_fea_addendum_v02_targeted_N24_N40\ppo_training_v02\checkpoints\N24_seed20260624_maskable_ppo_v02.zip,20260624,22661115,stochastic,0.6504002137146199,0.6386184221427934,0.020915265506344732,0.628160789389621,False,18,22.30808080808081,PPO_v02_checkpoint_inference,False,False,7.3478260869565215,23.0,0.0,0.043478260869565216,0.46376811594202905,0.5362318840579711,0.782608695652174
24,"[21,17,3,7,9,13,5,1,11,15,19,23,0,2,18,20,22,4,8,10,12,14,6,16]","21,17,3,7,9,13,5,1,11,15,19,23,0,2,18,20,22,4,8,10,12,14,6,16",ff37fba1e29bb951,E:\Projects\RL-LAM-ScanOpt\outputs\stage3_ppo_rl_lam_fea_addendum_v02_targeted_N24_N40\ppo_training_v02\checkpoints\N24_seed20260624_maskable_ppo_v02.zip,20260624,22661116,stochastic,0.6618605894466809,0.6517927391699223,0.027638989889729813,0.6379732442250574,False,18,22.494949494949495,PPO_v02_checkpoint_inference,False,False,6.6521739130434785,23.0,0.0,0.043478260869565216,0.46376811594202905,0.5362318840579711,0.782608695652174
24,"[21,3,17,7,9,13,5,1,11,19,15,23,0,2,18,20,4,22,8,10,12,14,6,16]","21,3,17,7,9,13,5,1,11,19,15,23,0,2,18,20,4,22,8,10,12,14,6,16",e23660a0d7924f15,E:\Projects\RL-LAM-ScanOpt\outputs\stage3_ppo_rl_lam_fea_addendum_v02_targeted_N24_N40\ppo_training_v02\checkpoints\N24_seed20260624_maskable_ppo_v02.zip,20260624,22661117,stochastic,0.6600199010313651,0.6440509196148723,0.024319447910783467,0.6318911956594805,False,18,22.782828282828284,PPO_v02_checkpoint_inference,False,False,8.91304347826087,23.0,0.0,0.043478260869565216,0.463768115942029,0.5362318840579711,0.782608695652174
24,"[3,21,17,7,9,13,5,11,15,1,23,19,0,2,18,20,22,4,6,10,12,14,8,16]","3,21,17,7,9,13,5,11,15,1,23,19,0,2,18,20,22,4,6,10,12,14,8,16",24b4a5f6a2c0adb1,E:\Projects\RL-LAM-ScanOpt\outputs\stage3_ppo_rl_lam_fea_addendum_v02_targeted_N24_N40\ppo_training_v02\checkpoints\N24_seed20260624_maskable_ppo_v02.zip,20260624,22661118,stochastic,0.6160623869642049,0.6154808409947081,0.020711146753610257,0.605125267617903,False,19,22.67676767676768,PPO_v02_checkpoint_inference,False,False,7.782608695652174,22.0,0.0,0.043478260869565216,0.463768115942029,0.5362318840579711,0.782608695652174
24,"[21,17,3,7,13,9,5,1,11,19,15,23,0,2,18,20,22,4,8,10,12,14,16,6]","21,17,3,7,13,9,5,1,11,19,15,23,0,2,18,20,22,4,8,10,12,14,16,6",1e781c221da515fb,E:\Projects\RL-LAM-ScanOpt\outputs\stage3_ppo_rl_lam_fea_addendum_v02_targeted_N24_N40\ppo_training_v02\checkpoints\N24_seed20260624_maskable_ppo_v02.zip,20260624,22661119,stochastic,0.6600199010313651,0.6454032890063077,0.022053653188325195,0.6343764624121451,False,18,22.82323232323232,PPO_v02_checkpoint_inference,False,False,6.739130434782608,23.0,0.0,0.043478260869565216,0.46376811594202905,0.5362318840579711,0.782608695652174
24,"[21,17,7,3,9,13,5,15,11,1,19,23,2,18,0,20,22,8,10,4,12,14,6,16]","21,17,7,3,9,13,5,15,11,1,19,23,2,18,0,20,22,8,10,4,12,14,6,16",49b35a39ea3ca274,E:\Projects\RL-LAM-ScanOpt\outputs\stage3_ppo_rl_lam_fea_addendum_v02_targeted_N24_N40\ppo_training_v02\checkpoints\N24_seed20260624_maskable_ppo_v02.zip,20260624,22661120,stochastic,0.6680414307405446,0.6311854030372309,0.03318596448188529,0.6145924207962883,False,17,21.91919191919192,PPO_v02_checkpoint_inference,False,False,9.08695652173913,21.0,0.0,0.043478260869565216,0.46376811594202905,0.5362318840579711,0.782608695652174
24,"[21,17,3,7,9,13,1,5,11,19,15,23,18,0,2,22,20,4,8,10,12,6,14,16]","21,17,3,7,9,13,1,5,11,19,15,23,18,0,2,22,20,4,8,10,12,6,14,16",dc7897712bca88a7,E:\Projects\RL-LAM-ScanOpt\outputs\stage3_ppo_rl_lam_fea_addendum_v02_targeted_N24_N40\ppo_training_v02\checkpoints\N24_seed20260624_maskable_ppo_v02.zip,20260624,22661121,stochastic,0.6600199010313651,0.6385781538161854,0.03083602290218465,0.6231601423650931,False,18,22.242424242424242,PPO_v02_checkpoint_inference,False,False,6.826086956521739,20.0,0.0,0.043478260869565216,0.46376811594202905,0.5362318840579711,0.782608695652174
24,"[21,17,7,3,9,5,13,1,11,15,19,0,23,18,2,20,22,4,8,10,12,14,6,16]","21,17,7,3,9,5,13,1,11,15,19,0,23,18,2,20,22,4,8,10,12,14,6,16",e0a4d293df53627d,E:\Projects\RL-LAM-ScanOpt\outputs\stage3_ppo_rl_lam_fea_addendum_v02_targeted_N24_N40\ppo_training_v02\checkpoints\N24_seed20260624_maskable_ppo_v02.zip,20260624,22661122,stochastic,0.5811850814652143,0.5814810959068544,0.019842238753246172,0.5715599765302313,False,17,22.045454545454547,PPO_v02_checkpoint_inference,False,False,8.478260869565217,23.0,0.0,0.13043478260869565,0.5362318840579711,0.46376811594202905,0.782608695652174
24,"[21,17,3,13,7,9,5,1,11,15,19,23,0,2,18,20,22,4,8,10,12,14,6,16]","21,17,3,13,7,9,5,1,11,15,19,23,0,2,18,20,22,4,8,10,12,14,6,16",cf10022e0a222245,E:\Projects\RL-LAM-ScanOpt\outputs\stage3_ppo_rl_lam_fea_addendum_v02_targeted_N24_N40\ppo_training_v02\checkpoints\N24_seed20260624_maskable_ppo_v02.zip,20260624,22661123,stochastic,0.6549937951091864,0.6456197563920912,0.023807403442606633,0.633716054670788,False,19,22.53030303030303,PPO_v02_checkpoint_inference,False,False,6.826086956521739,23.0,0.0,0.043478260869565216,0.46376811594202905,0.5362318840579711,0.782608695652174
24,"[21,17,3,7,9,13,5,1,15,11,19,23,0,2,18,20,22,4,8,10,12,14,6,16]","21,17,3,7,9,13,5,1,15,11,19,23,0,2,18,20,22,4,8,10,12,14,6,16",757675001c921a4f,E:\Projects\RL-LAM-ScanOpt\outputs\stage3_ppo_rl_lam_fea_addendum_v02_targeted_N24_N40\ppo_training_v02\checkpoints\N24_seed20260624_maskable_ppo_v02.zip,20260624,22661124,stochastic,0.6504002137146199,0.6445437961688301,0.023276511171912068,0.6329055405828741,False,18,22.242424242424242,PPO_v02_checkpoint_inference,False,False,7.0,23.0,0.0,0.043478260869565216,0.46376811594202905,0.5362318840579711,0.782608695652174
24,"[21,17,3,7,9,13,5,15,11,1,19,23,0,18,2,22,20,4,8,10,12,14,16,6]","21,17,3,7,9,13,5,15,11,1,19,23,0,18,2,22,20,4,8,10,12,14,16,6",fd5e49c1b2fac801,E:\Projects\RL-LAM-ScanOpt\outputs\stage3_ppo_rl_lam_fea_addendum_v02_targeted_N24_N40\ppo_training_v02\checkpoints\N24_seed20260624_maskable_ppo_v02.zip,20260624,22661125,stochastic,0.6465771812402208,0.6252186621178882,0.025765275341001263,0.6123360244473876,False,18,22.151515151515152,PPO_v02_checkpoint_inference,False,False,8.652173913043478,23.0,0.0,0.043478260869565216,0.46376811594202905,0.5362318840579711,0.782608695652174
24,"[21,17,3,7,13,9,5,11,1,15,23,19,0,2,18,20,22,4,8,10,12,14,16,6]","21,17,3,7,13,9,5,11,1,15,23,19,0,2,18,20,22,4,8,10,12,14,16,6",9dbaacbd84813ef7,E:\Projects\RL-LAM-ScanOpt\outputs\stage3_ppo_rl_lam_fea_addendum_v02_targeted_N24_N40\ppo_training_v02\checkpoints\N24_seed20260624_maskable_ppo_v02.zip,20260624,22661126,stochastic,0.6584063149708338,0.6429376585372808,0.022566257073832523,0.6316545300003645,False,16,22.636363636363637,PPO_v02_checkpoint_inference,False,False,6.913043478260869,19.0,0.0,0.043478260869565216,0.46376811594202905,0.5362318840579711,0.782608695652174
24,"[21,17,3,9,7,13,1,15,5,11,19,23,0,18,2,4,20,22,6,10,12,8,14,16]","21,17,3,9,7,13,1,15,5,11,19,23,0,18,2,4,20,22,6,10,12,8,14,16",ecc14b9c1225c334,E:\Projects\RL-LAM-ScanOpt\outputs\stage3_ppo_rl_lam_fea_addendum_v02_targeted_N24_N40\ppo_training_v02\checkpoints\N24_seed20260624_maskable_ppo_v02.zip,20260624,22661127,stochastic,0.6554263196367985,0.6347949440557344,0.028342445791842596,0.6206237211598131,False,16,21.994949494949495,PPO_v02_checkpoint_inference,False,False,8.565217391304348,23.0,0.0,0.043478260869565216,0.46376811594202905,0.5362318840579711,0.782608695652174
24,"[21,17,3,7,9,13,1,5,11,15,19,23,0,2,18,20,22,4,8,10,12,6,14,16]","21,17,3,7,9,13,1,5,11,15,19,23,0,2,18,20,22,4,8,10,12,6,14,16",25710a3b8b1e15d8,E:\Projects\RL-LAM-ScanOpt\outputs\stage3_ppo_rl_lam_fea_addendum_v02_targeted_N24_N40\ppo_training_v02\checkpoints\N24_seed20260624_maskable_ppo_v02.zip,20260624,22661128,stochastic,0.6781519342470662,0.6665236900550833,0.03647091579594393,0.6482882321571113,False,18,22.67676767676768,PPO_v02_checkpoint_inference,False,False,6.478260869565218,23.0,0.0,0.043478260869565216,0.46376811594202905,0.5362318840579711,0.782608695652174
24,"[21,17,3,7,13,9,5,1,15,11,19,23,2,0,18,20,22,4,8,10,12,6,14,16]","21,17,3,7,13,9,5,1,15,11,19,23,2,0,18,20,22,4,8,10,12,6,14,16",52a0b2df12211fb0,E:\Projects\RL-LAM-ScanOpt\outputs\stage3_ppo_rl_lam_fea_addendum_v02_targeted_N24_N40\ppo_training_v02\checkpoints\N24_seed20260624_maskable_ppo_v02.zip,20260624,22661129,stochastic,0.6465771812402208,0.6275809669869528,0.02662989156828403,0.6142660212028107,False,18,22.217171717171716,PPO_v02_checkpoint_inference,False,False,6.826086956521739,21.0,0.0,0.043478260869565216,0.46376811594202905,0.5362318840579711,0.782608695652174
24,"[21,3,17,7,9,13,5,11,1,15,19,23,18,0,2,20,22,4,8,10,12,14,16,6]","21,3,17,7,9,13,5,11,1,15,19,23,18,0,2,20,22,4,8,10,12,14,16,6",d715b13344552b67,E:\Projects\RL-LAM-ScanOpt\outputs\stage3_ppo_rl_lam_fea_addendum_v02_targeted_N24_N40\ppo_training_v02\checkpoints\N24_seed20260624_maskable_ppo_v02.zip,20260624,22661130,stochastic,0.6533802090486551,0.6404934248669754,0.022888130163425294,0.6290493597852627,False,17,21.80808080808081,PPO_v02_checkpoint_inference,False,False,7.782608695652174,18.0,0.0,0.043478260869565216,0.463768115942029,0.5362318840579711,0.782608695652174
24,"[21,17,7,3,9,13,5,11,1,23,19,15,0,2,18,20,22,4,8,10,12,14,16,6]","21,17,7,3,9,13,5,11,1,23,19,15,0,2,18,20,22,4,8,10,12,14,16,6",f8060a9842cca168,E:\Projects\RL-LAM-ScanOpt\outputs\stage3_ppo_rl_lam_fea_addendum_v02_targeted_N24_N40\ppo_training_v02\checkpoints\N24_seed20260624_maskable_ppo_v02.zip,20260624,22661131,stochastic,0.6529592365325455,0.6323972182190704,0.024117368471603423,0.6203385339832687,False,18,22.151515151515152,PPO_v02_checkpoint_inference,False,False,6.913043478260869,22.0,0.0,0.043478260869565216,0.46376811594202905,0.5362318840579711,0.782608695652174
24,"[21,17,3,7,9,13,5,15,1,11,19,23,0,2,18,20,22,4,8,10,12,6,14,16]","21,17,3,7,9,13,5,15,1,11,19,23,0,2,18,20,22,4,8,10,12,6,14,16",ea52a1126e1132f7,E:\Projects\RL-LAM-ScanOpt\outputs\stage3_ppo_rl_lam_fea_addendum_v02_targeted_N24_N40\ppo_training_v02\checkpoints\N24_seed20260624_maskable_ppo_v02.zip,20260624,22661132,stochastic,0.6572670080521144,0.6422714891704834,0.023351398537272115,0.6305957899018473,False,17,22.08080808080808,PPO_v02_checkpoint_inference,False,False,7.3478260869565215,23.0,0.0,0.043478260869565216,0.46376811594202905,0.5362318840579711,0.782608695652174
24,"[21,17,7,3,9,13,5,15,1,11,23,19,2,0,20,18,22,4,8,10,12,14,6,16]","21,17,7,3,9,13,5,15,1,11,23,19,2,0,20,18,22,4,8,10,12,14,6,16",e229ee24033f9815,E:\Projects\RL-LAM-ScanOpt\outputs\stage3_ppo_rl_lam_fea_addendum_v02_targeted_N24_N40\ppo_training_v02\checkpoints\N24_seed20260624_maskable_ppo_v02.zip,20260624,22661133,stochastic,0.6539700919722831,0.6327700673858221,0.026557316237182743,0.6194914092672307,False,17,21.92929292929293,PPO_v02_checkpoint_inference,False,False,7.695652173913044,20.0,0.0,0.043478260869565216,0.46376811594202905,0.5362318840579711,0.782608695652174
24,"[21,3,17,7,9,13,5,11,1,15,19,23,18,0,2,20,22,8,10,4,6,12,14,16]","21,3,17,7,9,13,5,11,1,15,19,23,18,0,2,20,22,8,10,4,6,12,14,16",9b9d553a93df59e2,E:\Projects\RL-LAM-ScanOpt\outputs\stage3_ppo_rl_lam_fea_addendum_v02_targeted_N24_N40\ppo_training_v02\checkpoints\N24_seed20260624_maskable_ppo_v02.zip,20260624,22661134,stochastic,0.663419491655157,0.6376815328298477,0.025843978940971693,0.6247595433593619,False,15,21.262626262626263,PPO_v02_checkpoint_inference,False,False,7.521739130434782,18.0,0.0,0.043478260869565216,0.463768115942029,0.5362318840579711,0.782608695652174
24,"[21,3,17,9,7,13,5,15,11,1,23,19,0,2,18,20,22,8,10,4,12,6,14,16]","21,3,17,9,7,13,5,15,11,1,23,19,0,2,18,20,22,8,10,4,12,6,14,16",7642313daa7dc947,E:\Projects\RL-LAM-ScanOpt\outputs\stage3_ppo_rl_lam_fea_addendum_v02_targeted_N24_N40\ppo_training_v02\checkpoints\N24_seed20260624_maskable_ppo_v02.zip,20260624,22661135,stochastic,0.6680414307405446,0.6340928355008809,0.03143271898177887,0.6183764760099915,False,19,22.41919191919192,PPO_v02_checkpoint_inference,False,False,8.391304347826088,22.0,0.0,0.043478260869565216,0.463768115942029,0.5362318840579711,0.782608695652174
40,"[13,29,35,37,30,26,23,19,11,8,3,7,6,1,2,9,0,12,5,4,17,18,16,14,15,10,22,20,21,25,24,33,38,34,36,32,39,27,31,28]","13,29,35,37,30,26,23,19,11,8,3,7,6,1,2,9,0,12,5,4,17,18,16,14,15,10,22,20,21,25,24,33,38,34,36,32,39,27,31,28",8d66c1d7ed951690,E:\Projects\RL-LAM-ScanOpt\outputs\stage3_ppo_rl_lam_fea_addendum_v02_targeted_N24_N40\ppo_training_v02\checkpoints\N40_seed20260624_maskable_ppo_v02.zip,20260624,20260624,deterministic,0.33207791471048503,0.45908718396484016,0.08354396598238682,0.41731520097364677,False,36,39.481308411214954,PPO_v02_checkpoint_inference,False,False,5.102564102564102,16.0,0.1794871794871795,0.5384615384615384,0.4615384615384615,0.5384615384615384,0.7435897435897436
40,"[3,13,30,35,29,19,37,23,25,20,8,0,6,2,7,9,5,18,11,14,1,12,26,16,17,4,15,21,22,10,24,32,36,38,34,39,33,27,31,28]","3,13,30,35,29,19,37,23,25,20,8,0,6,2,7,9,5,18,11,14,1,12,26,16,17,4,15,21,22,10,24,32,36,38,34,39,33,27,31,28",8014ed9d9d25f5b3,E:\Projects\RL-LAM-ScanOpt\outputs\stage3_ppo_rl_lam_fea_addendum_v02_targeted_N24_N40\ppo_training_v02\checkpoints\N40_seed20260624_maskable_ppo_v02.zip,20260624,24260624,stochastic,0.2521913341158057,0.40509780911520676,0.10155073538951899,0.3543224414204473,False,35,38.95794392523364,PPO_v02_checkpoint_inference,False,False,7.666666666666667,18.0,0.05128205128205128,0.38461538461538464,0.44102564102564096,0.558974358974359,0.8717948717948718
40,"[25,23,29,37,35,22,9,11,2,4,13,10,5,6,7,8,1,18,3,33,30,26,20,12,17,0,14,16,15,19,21,24,28,39,36,34,38,32,31,27]","25,23,29,37,35,22,9,11,2,4,13,10,5,6,7,8,1,18,3,33,30,26,20,12,17,0,14,16,15,19,21,24,28,39,36,34,38,32,31,27",5a9e2ab7f5bc922f,E:\Projects\RL-LAM-ScanOpt\outputs\stage3_ppo_rl_lam_fea_addendum_v02_targeted_N24_N40\ppo_training_v02\checkpoints\N40_seed20260624_maskable_ppo_v02.zip,20260624,24260625,stochastic,0.2540904440532081,0.38433224498029916,0.08502984158874562,0.34181732418592636,False,36,38.63551401869159,PPO_v02_checkpoint_inference,False,False,6.410256410256411,30.0,0.1282051282051282,0.5128205128205128,0.5435897435897437,0.4564102564102563,0.8974358974358975
40,"[35,37,29,11,3,13,8,5,2,26,30,19,24,23,20,22,12,16,6,7,1,9,10,17,0,14,15,4,18,25,21,36,34,38,33,39,32,27,28,31]","35,37,29,11,3,13,8,5,2,26,30,19,24,23,20,22,12,16,6,7,1,9,10,17,0,14,15,4,18,25,21,36,34,38,33,39,32,27,28,31",4d6a8361cb387a96,E:\Projects\RL-LAM-ScanOpt\outputs\stage3_ppo_rl_lam_fea_addendum_v02_targeted_N24_N40\ppo_training_v02\checkpoints\N40_seed20260624_maskable_ppo_v02.zip,20260624,24260626,stochastic,0.24927715179968682,0.34891503563895654,0.05932046217269044,0.3192548045526113,False,35,38.62149532710281,PPO_v02_checkpoint_inference,False,False,6.923076923076923,24.0,0.1282051282051282,0.5128205128205128,0.6358974358974359,0.3641025641025641,0.8974358974358975
40,"[23,30,13,29,35,25,8,11,0,6,4,3,5,10,9,12,7,16,2,15,37,26,20,1,14,24,18,17,19,22,21,32,34,36,38,39,33,31,27,28]","23,30,13,29,35,25,8,11,0,6,4,3,5,10,9,12,7,16,2,15,37,26,20,1,14,24,18,17,19,22,21,32,34,36,38,39,33,31,27,28",e1f5a7f6b24211ea,E:\Projects\RL-LAM-ScanOpt\outputs\stage3_ppo_rl_lam_fea_addendum_v02_targeted_N24_N40\ppo_training_v02\checkpoints\N40_seed20260624_maskable_ppo_v02.zip,20260624,24260627,stochastic,0.24811485719874796,0.37630334054298975,0.08064948561772127,0.33597859773412914,False,36,38.50934579439252,PPO_v02_checkpoint_inference,False,False,7.0,22.0,0.15384615384615385,0.5384615384615384,0.5333333333333333,0.4666666666666666,0.8974358974358975
40,"[13,30,37,6,35,29,11,16,23,8,17,4,7,3,1,18,5,10,9,0,2,14,26,24,19,20,12,25,15,22,38,32,21,34,39,33,36,31,27,28]","13,30,37,6,35,29,11,16,23,8,17,4,7,3,1,18,5,10,9,0,2,14,26,24,19,20,12,25,15,22,38,32,21,34,39,33,36,31,27,28",5c663c439e35e643,E:\Projects\RL-LAM-ScanOpt\outputs\stage3_ppo_rl_lam_fea_addendum_v02_targeted_N24_N40\ppo_training_v02\checkpoints\N40_seed20260624_maskable_ppo_v02.zip,20260624,24260628,stochastic,0.2132637421752739,0.3768448189047411,0.1054643397523679,0.32411264902855713,False,36,39.27570093457944,PPO_v02_checkpoint_inference,False,False,9.051282051282051,31.0,0.07692307692307693,0.6410256410256411,0.5128205128205129,0.4871794871794871,0.7948717948717948
40,"[29,37,35,4,12,13,23,30,26,20,17,7,9,11,8,6,1,2,10,0,3,5,14,18,19,16,21,15,25,24,28,27,22,33,38,39,34,31,36,32]","29,37,35,4,12,13,23,30,26,20,17,7,9,11,8,6,1,2,10,0,3,5,14,18,19,16,21,15,25,24,28,27,22,33,38,39,34,31,36,32",51d1eca3c73943b0,E:\Projects\RL-LAM-ScanOpt\outputs\stage3_ppo_rl_lam_fea_addendum_v02_targeted_N24_N40\ppo_training_v02\checkpoints\N40_seed20260624_maskable_ppo_v02.zip,20260624,24260629,stochastic,0.28065267996870075,0.4087944104468537,0.08463809032223227,0.3664753652857376,False,35,39.19626168224299,PPO_v02_checkpoint_inference,False,False,5.410256410256411,31.0,0.15384615384615385,0.5384615384615384,0.4769230769230769,0.5230769230769231,0.8461538461538461
40,"[18,29,9,7,13,35,30,26,23,19,37,22,16,3,8,6,17,5,14,20,11,12,0,1,2,15,4,10,21,24,39,32,25,34,38,36,33,31,28,27]","18,29,9,7,13,35,30,26,23,19,37,22,16,3,8,6,17,5,14,20,11,12,0,1,2,15,4,10,21,24,39,32,25,34,38,36,33,31,28,27",91c803195f276099,E:\Projects\RL-LAM-ScanOpt\outputs\stage3_ppo_rl_lam_fea_addendum_v02_targeted_N24_N40\ppo_training_v02\checkpoints\N40_seed20260624_maskable_ppo_v02.zip,20260624,24260630,stochastic,0.23083808685446008,0.34601534817697505,0.0703436855111304,0.3108435054214098,False,34,37.2803738317757,PPO_v02_checkpoint_inference,False,False,7.564102564102564,22.0,0.10256410256410256,0.5897435897435898,0.39487179487179486,0.6051282051282051,0.717948717948718
40,"[7,13,2,8,29,35,37,30,23,1,5,12,11,3,6,4,0,9,16,10,17,26,19,14,18,15,22,20,21,28,25,27,38,33,39,34,32,24,36,31]","7,13,2,8,29,35,37,30,23,1,5,12,11,3,6,4,0,9,16,10,17,26,19,14,18,15,22,20,21,28,25,27,38,33,39,34,32,24,36,31",638aeed5497956e3,E:\Projects\RL-LAM-ScanOpt\outputs\stage3_ppo_rl_lam_fea_addendum_v02_targeted_N24_N40\ppo_training_v02\checkpoints\N40_seed20260624_maskable_ppo_v02.zip,20260624,24260631,stochastic,0.28196090571204985,0.40323860892048113,0.08264136168219678,0.3619179280793827,False,36,39.50934579439252,PPO_v02_checkpoint_inference,False,False,6.410256410256411,22.0,0.05128205128205128,0.5641025641025641,0.6307692307692309,0.36923076923076914,0.9230769230769231
40,"[9,7,4,3,14,35,29,37,30,19,13,26,11,8,12,2,5,6,1,17,23,20,16,0,15,18,22,21,38,25,24,10,28,34,32,36,33,39,27,31]","9,7,4,3,14,35,29,37,30,19,13,26,11,8,12,2,5,6,1,17,23,20,16,0,15,18,22,21,38,25,24,10,28,34,32,36,33,39,27,31",4778412f6ec25259,E:\Projects\RL-LAM-ScanOpt\outputs\stage3_ppo_rl_lam_fea_addendum_v02_targeted_N24_N40\ppo_training_v02\checkpoints\N40_seed20260624_maskable_ppo_v02.zip,20260624,24260632,stochastic,0.22708596439749595,0.2310695235189938,0.004250460093706578,0.22894429347214051,False,36,38.350467289719624,PPO_v02_checkpoint_inference,False,False,7.641025641025641,21.0,0.10256410256410256,0.5128205128205128,0.5846153846153845,0.4153846153846154,0.8717948717948718
40,"[10,13,35,29,37,26,30,20,23,11,17,9,1,6,4,8,3,18,7,14,19,25,15,2,5,12,16,0,22,24,21,39,33,38,36,32,34,31,27,28]","10,13,35,29,37,26,30,20,23,11,17,9,1,6,4,8,3,18,7,14,19,25,15,2,5,12,16,0,22,24,21,39,33,38,36,32,34,31,27,28",0d364830165f31b5,E:\Projects\RL-LAM-ScanOpt\outputs\stage3_ppo_rl_lam_fea_addendum_v02_targeted_N24_N40\ppo_training_v02\checkpoints\N40_seed20260624_maskable_ppo_v02.zip,20260624,24260633,stochastic,0.24277183098591532,0.40784421950254046,0.10912130774834822,0.3532835656283664,False,35,38.91588785046729,PPO_v02_checkpoint_inference,False,False,7.333333333333333,22.0,0.02564102564102564,0.41025641025641024,0.4512820512820513,0.5487179487179487,0.6923076923076923
40,"[30,37,29,35,11,13,4,8,3,23,7,5,6,17,19,1,20,16,0,9,15,10,2,12,22,26,18,14,21,24,25,33,39,36,38,34,32,27,31,28]","30,37,29,35,11,13,4,8,3,23,7,5,6,17,19,1,20,16,0,9,15,10,2,12,22,26,18,14,21,24,25,33,39,36,38,34,32,27,31,28",fcd7b0e2f99077d0,E:\Projects\RL-LAM-ScanOpt\outputs\stage3_ppo_rl_lam_fea_addendum_v02_targeted_N24_N40\ppo_training_v02\checkpoints\N40_seed20260624_maskable_ppo_v02.zip,20260624,24260634,stochastic,0.2453620989827857,0.3807577889612681,0.08671070876432772,0.33740243457910424,False,35,39.24766355140187,PPO_v02_checkpoint_inference,False,False,7.333333333333333,24.0,0.05128205128205128,0.358974358974359,0.5897435897435898,0.41025641025641024,0.8717948717948718
40,"[23,30,13,2,37,29,35,3,11,6,8,5,7,16,21,24,19,26,17,12,9,4,1,0,15,18,20,25,22,10,14,28,39,32,36,38,34,31,27,33]","23,30,13,2,37,29,35,3,11,6,8,5,7,16,21,24,19,26,17,12,9,4,1,0,15,18,20,25,22,10,14,28,39,32,36,38,34,31,27,33",67dc3cf8776073c2,E:\Projects\RL-LAM-ScanOpt\outputs\stage3_ppo_rl_lam_fea_addendum_v02_targeted_N24_N40\ppo_training_v02\checkpoints\N40_seed20260624_maskable_ppo_v02.zip,20260624,24260635,stochastic,0.2297555457746476,0.36306084235142255,0.08062205894262477,0.3227498128801102,False,36,39.46261682242991,PPO_v02_checkpoint_inference,False,False,7.435897435897436,35.0,0.02564102564102564,0.6153846153846154,0.6102564102564103,0.3897435897435897,0.8974358974358975
40,"[23,29,17,13,24,8,4,11,1,14,30,35,37,26,5,7,9,3,6,0,2,12,33,22,19,20,15,18,16,21,10,28,25,32,38,36,34,39,31,27]","23,29,17,13,24,8,4,11,1,14,30,35,37,26,5,7,9,3,6,0,2,12,33,22,19,20,15,18,16,21,10,28,25,32,38,36,34,39,31,27",5cbe5a6073924821,E:\Projects\RL-LAM-ScanOpt\outputs\stage3_ppo_rl_lam_fea_addendum_v02_targeted_N24_N40\ppo_training_v02\checkpoints\N40_seed20260624_maskable_ppo_v02.zip,20260624,24260636,stochastic,0.25178531885758987,0.40863800480282086,0.09694235442411492,0.3601668275907634,False,35,38.82710280373832,PPO_v02_checkpoint_inference,False,False,7.333333333333333,21.0,0.02564102564102564,0.46153846153846156,0.44102564102564096,0.558974358974359,0.717948717948718
40,"[30,35,37,29,13,11,4,2,6,7,23,26,19,10,8,3,9,12,18,20,5,0,1,24,21,15,17,16,14,25,22,28,34,38,32,36,31,27,39,33]","30,35,37,29,13,11,4,2,6,7,23,26,19,10,8,3,9,12,18,20,5,0,1,24,21,15,17,16,14,25,22,28,34,38,32,36,31,27,39,33",e1ee84bafc26f789,E:\Projects\RL-LAM-ScanOpt\outputs\stage3_ppo_rl_lam_fea_addendum_v02_targeted_N24_N40\ppo_training_v02\checkpoints\N40_seed20260624_maskable_ppo_v02.zip,20260624,24260637,stochastic,0.28252977308294186,0.39833068058905424,0.07378892235030358,0.36143621941390247,False,35,38.56542056074766,PPO_v02_checkpoint_inference,False,False,5.923076923076923,23.0,0.07692307692307693,0.4358974358974359,0.6512820512820514,0.3487179487179487,0.8974358974358975
40,"[29,23,37,35,30,26,5,13,11,6,8,3,14,2,0,7,17,16,12,19,20,10,4,9,1,22,24,18,15,25,21,34,32,36,38,39,27,28,31,33]","29,23,37,35,30,26,5,13,11,6,8,3,14,2,0,7,17,16,12,19,20,10,4,9,1,22,24,18,15,25,21,34,32,36,38,39,27,28,31,33",d4fdfb411717511e,E:\Projects\RL-LAM-ScanOpt\outputs\stage3_ppo_rl_lam_fea_addendum_v02_targeted_N24_N40\ppo_training_v02\checkpoints\N40_seed20260624_maskable_ppo_v02.zip,20260624,24260638,stochastic,0.29677665297339567,0.4111926038094252,0.07532660631821365,0.37352930065031836,False,36,38.995327102803735,PPO_v02_checkpoint_inference,False,False,6.256410256410256,21.0,0.10256410256410256,0.41025641025641024,0.5435897435897437,0.4564102564102564,0.8205128205128205
40,"[6,11,29,35,26,37,30,3,13,23,16,8,10,0,7,5,2,1,14,4,12,17,9,18,19,22,34,20,21,25,15,24,38,39,36,33,32,27,31,28]","6,11,29,35,26,37,30,3,13,23,16,8,10,0,7,5,2,1,14,4,12,17,9,18,19,22,34,20,21,25,15,24,38,39,36,33,32,27,31,28",b1521d192b3662f6,E:\Projects\RL-LAM-ScanOpt\outputs\stage3_ppo_rl_lam_fea_addendum_v02_targeted_N24_N40\ppo_training_v02\checkpoints\N40_seed20260624_maskable_ppo_v02.zip,20260624,24260639,stochastic,0.2478314456181532,0.38493900226818406,0.08607442742884112,0.3419017885537635,False,35,39.481308411214954,PPO_v02_checkpoint_inference,False,False,7.282051282051282,27.0,0.1282051282051282,0.5641025641025641,0.5538461538461539,0.4461538461538462,0.8717948717948718
40,"[35,37,29,21,11,18,2,5,19,23,26,30,13,16,17,7,6,4,3,1,0,9,8,14,15,12,10,25,22,20,32,24,38,33,27,34,36,39,31,28]","35,37,29,21,11,18,2,5,19,23,26,30,13,16,17,7,6,4,3,1,0,9,8,14,15,12,10,25,22,20,32,24,38,33,27,34,36,39,31,28",8d7bb0197c38304d,E:\Projects\RL-LAM-ScanOpt\outputs\stage3_ppo_rl_lam_fea_addendum_v02_targeted_N24_N40\ppo_training_v02\checkpoints\N40_seed20260624_maskable_ppo_v02.zip,20260624,24260640,stochastic,0.2834757433489826,0.4096859803180052,0.08067406473535078,0.3693489479503298,False,36,39.44392523364486,PPO_v02_checkpoint_inference,False,False,5.82051282051282,17.0,0.15384615384615385,0.48717948717948717,0.46153846153846156,0.5384615384615384,0.8974358974358975
40,"[13,3,29,26,35,23,37,18,4,30,2,14,11,7,8,6,1,15,9,0,12,17,19,16,10,5,33,20,22,24,25,21,28,38,36,32,39,34,31,27]","13,3,29,26,35,23,37,18,4,30,2,14,11,7,8,6,1,15,9,0,12,17,19,16,10,5,33,20,22,24,25,21,28,38,36,32,39,34,31,27",fb375140bdc3e40d,E:\Projects\RL-LAM-ScanOpt\outputs\stage3_ppo_rl_lam_fea_addendum_v02_targeted_N24_N40\ppo_training_v02\checkpoints\N40_seed20260624_maskable_ppo_v02.zip,20260624,24260641,stochastic,0.20598795970266046,0.38570614919020857,0.11390979977627749,0.32875124930206984,False,36,38.91121495327103,PPO_v02_checkpoint_inference,False,False,8.76923076923077,28.0,0.05128205128205128,0.41025641025641024,0.5282051282051282,0.4717948717948718,0.8717948717948718
40,"[30,23,13,8,0,17,29,35,37,19,26,20,4,3,11,1,6,10,14,25,16,5,7,12,18,15,2,9,22,24,33,21,36,34,39,38,32,31,28,27]","30,23,13,8,0,17,29,35,37,19,26,20,4,3,11,1,6,10,14,25,16,5,7,12,18,15,2,9,22,24,33,21,36,34,39,38,32,31,28,27",04710424553d2b4f,E:\Projects\RL-LAM-ScanOpt\outputs\stage3_ppo_rl_lam_fea_addendum_v02_targeted_N24_N40\ppo_training_v02\checkpoints\N40_seed20260624_maskable_ppo_v02.zip,20260624,24260642,stochastic,0.2564778853677618,0.40007027037029735,0.09131103200313202,0.3544147543687313,False,36,38.794392523364486,PPO_v02_checkpoint_inference,False,False,7.256410256410256,18.0,0.10256410256410256,0.5384615384615384,0.49743589743589745,0.5025641025641024,0.9487179487179487
40,"[29,26,23,16,7,4,13,35,30,17,8,5,37,19,1,3,11,6,2,0,10,12,9,18,22,20,24,14,15,21,25,39,34,38,36,32,27,33,31,28]","29,26,23,16,7,4,13,35,30,17,8,5,37,19,1,3,11,6,2,0,10,12,9,18,22,20,24,14,15,21,25,39,34,38,36,32,27,33,31,28",1d5ef43ba63c4cd2,E:\Projects\RL-LAM-ScanOpt\outputs\stage3_ppo_rl_lam_fea_addendum_v02_targeted_N24_N40\ppo_training_v02\checkpoints\N40_seed20260624_maskable_ppo_v02.zip,20260624,24260643,stochastic,0.258111111111111,0.411377999433589,0.10106902559468857,0.3608434866362447,False,36,39.074766355140184,PPO_v02_checkpoint_inference,False,False,7.051282051282051,32.0,0.02564102564102564,0.4358974358974359,0.44102564102564107,0.558974358974359,0.7948717948717948
40,"[11,9,1,4,13,14,2,7,8,23,35,37,29,26,19,22,30,18,24,25,6,3,5,0,12,17,15,21,20,16,10,28,33,38,32,31,36,34,39,27]","11,9,1,4,13,14,2,7,8,23,35,37,29,26,19,22,30,18,24,25,6,3,5,0,12,17,15,21,20,16,10,28,33,38,32,31,36,34,39,27",9c0c38c15a22c253,E:\Projects\RL-LAM-ScanOpt\outputs\stage3_ppo_rl_lam_fea_addendum_v02_targeted_N24_N40\ppo_training_v02\checkpoints\N40_seed20260624_maskable_ppo_v02.zip,20260624,24260644,stochastic,0.27288422339593077,0.365630855147123,0.05388966730279767,0.3386860214957242,False,36,38.63084112149533,PPO_v02_checkpoint_inference,False,False,6.205128205128205,19.0,0.1282051282051282,0.5128205128205128,0.5641025641025641,0.43589743589743585,0.5641025641025641
40,"[30,29,35,26,37,23,13,6,2,0,8,11,17,3,5,7,12,9,4,1,20,14,16,24,18,15,19,21,10,34,25,22,38,36,33,32,27,39,31,28]","30,29,35,26,37,23,13,6,2,0,8,11,17,3,5,7,12,9,4,1,20,14,16,24,18,15,19,21,10,34,25,22,38,36,33,32,27,39,31,28",ec0cc81f0948b155,E:\Projects\RL-LAM-ScanOpt\outputs\stage3_ppo_rl_lam_fea_addendum_v02_targeted_N24_N40\ppo_training_v02\checkpoints\N40_seed20260624_maskable_ppo_v02.zip,20260624,24260645,stochastic,0.26629888497652554,0.4064285371379706,0.09010516923851407,0.3613759525187136,False,36,39.0607476635514,PPO_v02_checkpoint_inference,False,False,6.717948717948718,24.0,0.05128205128205128,0.46153846153846156,0.6153846153846153,0.38461538461538464,0.9487179487179487
40,"[11,13,29,37,35,26,23,19,3,2,6,17,30,20,15,14,16,8,0,1,7,4,9,12,18,5,10,22,21,25,38,24,28,39,27,32,36,34,33,31]","11,13,29,37,35,26,23,19,3,2,6,17,30,20,15,14,16,8,0,1,7,4,9,12,18,5,10,22,21,25,38,24,28,39,27,32,36,34,33,31",1e93f3863da6020e,E:\Projects\RL-LAM-ScanOpt\outputs\stage3_ppo_rl_lam_fea_addendum_v02_targeted_N24_N40\ppo_training_v02\checkpoints\N40_seed20260624_maskable_ppo_v02.zip,20260624,24260646,stochastic,0.2784760661189353,0.3973594940433809,0.07415131337881782,0.36028383735397196,False,35,39.0607476635514,PPO_v02_checkpoint_inference,False,False,6.410256410256411,16.0,0.1282051282051282,0.46153846153846156,0.5230769230769231,0.4769230769230769,0.8974358974358975
40,"[37,35,29,4,13,23,30,26,19,11,5,7,2,3,6,17,8,20,10,14,1,16,9,0,18,12,22,21,15,25,24,36,34,39,38,32,33,31,28,27]","37,35,29,4,13,23,30,26,19,11,5,7,2,3,6,17,8,20,10,14,1,16,9,0,18,12,22,21,15,25,24,36,34,39,38,32,33,31,28,27",3a2d575d80d2e700,E:\Projects\RL-LAM-ScanOpt\outputs\stage3_ppo_rl_lam_fea_addendum_v02_targeted_N24_N40\ppo_training_v02\checkpoints\N40_seed20260624_maskable_ppo_v02.zip,20260624,24260647,stochastic,0.2609576975743347,0.4250837738932868,0.10833273281665745,0.37091740748495805,False,36,38.66355140186916,PPO_v02_checkpoint_inference,False,False,6.923076923076923,25.0,0.15384615384615385,0.5128205128205128,0.4820512820512821,0.5179487179487179,0.8461538461538461
40,"[37,35,30,29,26,23,16,13,3,8,9,2,6,5,10,14,21,19,11,18,12,1,7,17,20,4,15,22,28,39,32,0,25,38,33,36,34,24,27,31]","37,35,30,29,26,23,16,13,3,8,9,2,6,5,10,14,21,19,11,18,12,1,7,17,20,4,15,22,28,39,32,0,25,38,33,36,34,24,27,31",e9fa9b0bd789568d,E:\Projects\RL-LAM-ScanOpt\outputs\stage3_ppo_rl_lam_fea_addendum_v02_targeted_N24_N40\ppo_training_v02\checkpoints\N40_seed20260624_maskable_ppo_v02.zip,20260624,24260648,stochastic,0.22748338223787165,0.22157031931649485,0.01879153891905191,0.2121745498569689,False,36,39.01401869158879,PPO_v02_checkpoint_inference,False,False,7.076923076923077,32.0,0.07692307692307693,0.6153846153846154,0.5179487179487179,0.4820512820512821,0.8717948717948718
40,"[37,29,35,30,23,26,2,9,8,13,3,7,5,17,11,16,1,6,4,0,12,14,10,21,22,20,19,18,15,25,24,34,32,38,33,36,28,39,31,27]","37,29,35,30,23,26,2,9,8,13,3,7,5,17,11,16,1,6,4,0,12,14,10,21,22,20,19,18,15,25,24,34,32,38,33,36,28,39,31,27",ba6ec293006f8b98,E:\Projects\RL-LAM-ScanOpt\outputs\stage3_ppo_rl_lam_fea_addendum_v02_targeted_N24_N40\ppo_training_v02\checkpoints\N40_seed20260624_maskable_ppo_v02.zip,20260624,24260649,stochastic,0.2893230438184661,0.4083004117787524,0.07787264428300018,0.3693640896372523,False,35,39.546728971962615,PPO_v02_checkpoint_inference,False,False,6.051282051282051,24.0,0.1282051282051282,0.46153846153846156,0.558974358974359,0.44102564102564096,0.8974358974358975
40,"[29,35,23,26,30,37,22,13,15,21,16,11,8,4,7,6,12,3,0,5,1,24,18,9,2,14,17,20,10,19,25,36,38,27,32,33,39,34,31,28]","29,35,23,26,30,37,22,13,15,21,16,11,8,4,7,6,12,3,0,5,1,24,18,9,2,14,17,20,10,19,25,36,38,27,32,33,39,34,31,28",998ff8d7b79f4eb9,E:\Projects\RL-LAM-ScanOpt\outputs\stage3_ppo_rl_lam_fea_addendum_v02_targeted_N24_N40\ppo_training_v02\checkpoints\N40_seed20260624_maskable_ppo_v02.zip,20260624,24260650,stochastic,0.2701738556338025,0.40977463536531084,0.08682492604915823,0.3663621723407317,False,37,38.94392523364486,PPO_v02_checkpoint_inference,False,False,6.333333333333333,23.0,0.05128205128205128,0.6410256410256411,0.4,0.6,0.6153846153846154
40,"[11,29,35,37,30,23,17,5,13,26,3,4,12,2,7,8,9,19,15,1,6,18,20,25,24,0,14,10,16,21,22,32,38,39,34,33,36,27,28,31]","11,29,35,37,30,23,17,5,13,26,3,4,12,2,7,8,9,19,15,1,6,18,20,25,24,0,14,10,16,21,22,32,38,39,34,33,36,27,28,31",e7632024ab101890,E:\Projects\RL-LAM-ScanOpt\outputs\stage3_ppo_rl_lam_fea_addendum_v02_targeted_N24_N40\ppo_training_v02\checkpoints\N40_seed20260624_maskable_ppo_v02.zip,20260624,24260651,stochastic,0.25481399647887304,0.4218660670616765,0.10641881499319837,0.3686566595650773,False,36,39.429906542056074,PPO_v02_checkpoint_inference,False,False,7.0256410256410255,24.0,0.20512820512820512,0.5128205128205128,0.4871794871794871,0.5128205128205129,0.8205128205128205
40,"[37,35,13,29,20,18,30,26,21,5,3,11,4,7,17,23,2,6,1,12,8,14,9,10,0,28,16,15,19,22,25,24,38,39,34,32,36,33,31,27]","37,35,13,29,20,18,30,26,21,5,3,11,4,7,17,23,2,6,1,12,8,14,9,10,0,28,16,15,19,22,25,24,38,39,34,32,36,33,31,27",68dfee85eb66f209,E:\Projects\RL-LAM-ScanOpt\outputs\stage3_ppo_rl_lam_fea_addendum_v02_targeted_N24_N40\ppo_training_v02\checkpoints\N40_seed20260624_maskable_ppo_v02.zip,20260624,24260652,stochastic,0.23315706181533652,0.4010693295414184,0.11199840599799238,0.3450701265424222,False,36,39.5607476635514,PPO_v02_checkpoint_inference,False,False,7.128205128205129,28.0,0.10256410256410256,0.41025641025641024,0.43076923076923085,0.5692307692307692,0.8205128205128205
40,"[30,13,29,35,23,19,37,9,8,11,6,7,5,26,20,16,14,15,18,17,12,4,3,2,0,1,36,10,21,22,28,25,24,32,38,33,39,34,31,27]","30,13,29,35,23,19,37,9,8,11,6,7,5,26,20,16,14,15,18,17,12,4,3,2,0,1,36,10,21,22,28,25,24,32,38,33,39,34,31,27",e1460c94dede13a9,E:\Projects\RL-LAM-ScanOpt\outputs\stage3_ppo_rl_lam_fea_addendum_v02_targeted_N24_N40\ppo_training_v02\checkpoints\N40_seed20260624_maskable_ppo_v02.zip,20260624,24260653,stochastic,0.2211574139280123,0.352838389908423,0.08257235463632616,0.3115522125902599,False,36,39.41588785046729,PPO_v02_checkpoint_inference,False,False,7.410256410256411,35.0,0.23076923076923078,0.5384615384615384,0.482051282051282,0.5179487179487179,0.7435897435897436
40,"[37,26,19,13,4,7,29,35,30,9,17,11,3,6,2,23,20,16,8,12,1,5,14,0,15,18,10,21,22,25,24,32,36,38,33,34,39,27,31,28]","37,26,19,13,4,7,29,35,30,9,17,11,3,6,2,23,20,16,8,12,1,5,14,0,15,18,10,21,22,25,24,32,36,38,33,34,39,27,31,28",80aa65410d1fb353,E:\Projects\RL-LAM-ScanOpt\outputs\stage3_ppo_rl_lam_fea_addendum_v02_targeted_N24_N40\ppo_training_v02\checkpoints\N40_seed20260624_maskable_ppo_v02.zip,20260624,24260654,stochastic,0.24566885758998416,0.37890748207846087,0.0804744149905086,0.3386702745832066,False,36,39.24766355140187,PPO_v02_checkpoint_inference,False,False,7.256410256410256,22.0,0.07692307692307693,0.5384615384615384,0.5384615384615385,0.4615384615384615,0.8461538461538461
40,"[35,29,23,33,26,13,3,5,7,4,37,19,10,2,6,8,1,0,18,24,30,20,15,9,11,12,14,16,17,25,22,21,32,38,36,31,34,27,39,28]","35,29,23,33,26,13,3,5,7,4,37,19,10,2,6,8,1,0,18,24,30,20,15,9,11,12,14,16,17,25,22,21,32,38,36,31,34,27,39,28",aa0370d61471010e,E:\Projects\RL-LAM-ScanOpt\outputs\stage3_ppo_rl_lam_fea_addendum_v02_targeted_N24_N40\ppo_training_v02\checkpoints\N40_seed20260624_maskable_ppo_v02.zip,20260624,24260655,stochastic,0.2635135074334896,0.4143137430122852,0.10312651599132801,0.36275048501662116,False,36,38.82710280373832,PPO_v02_checkpoint_inference,False,False,6.897435897435898,33.0,0.10256410256410256,0.4358974358974359,0.5846153846153846,0.41538461538461535,0.8205128205128205
40,"[29,30,18,13,9,11,37,35,20,19,23,16,5,6,7,2,3,12,8,4,1,0,15,26,14,17,24,10,25,22,21,36,38,33,27,34,32,39,31,28]","29,30,18,13,9,11,37,35,20,19,23,16,5,6,7,2,3,12,8,4,1,0,15,26,14,17,24,10,25,22,21,36,38,33,27,34,32,39,31,28",6739a73b57c38082,E:\Projects\RL-LAM-ScanOpt\outputs\stage3_ppo_rl_lam_fea_addendum_v02_targeted_N24_N40\ppo_training_v02\checkpoints\N40_seed20260624_maskable_ppo_v02.zip,20260624,24260656,stochastic,0.24854654733959286,0.4024288836781627,0.10337822392438156,0.3507397717159719,False,35,37.845794392523366,PPO_v02_checkpoint_inference,False,False,6.538461538461538,26.0,0.1794871794871795,0.6410256410256411,0.41538461538461535,0.5846153846153846,0.717948717948718
40,"[35,26,23,37,30,11,13,29,8,24,20,36,9,3,12,7,0,5,6,2,1,19,17,4,18,14,10,15,22,16,34,25,38,21,33,39,32,31,27,28]","35,26,23,37,30,11,13,29,8,24,20,36,9,3,12,7,0,5,6,2,1,19,17,4,18,14,10,15,22,16,34,25,38,21,33,39,32,31,27,28",961b85724f0b1536,E:\Projects\RL-LAM-ScanOpt\outputs\stage3_ppo_rl_lam_fea_addendum_v02_targeted_N24_N40\ppo_training_v02\checkpoints\N40_seed20260624_maskable_ppo_v02.zip,20260624,24260657,stochastic,0.20689836658841934,0.40123445268172275,0.11962388453039059,0.34142251041652744,False,34,38.373831775700936,PPO_v02_checkpoint_inference,False,False,9.051282051282051,27.0,0.10256410256410256,0.5384615384615384,0.482051282051282,0.5179487179487179,0.7435897435897436
40,"[35,19,29,30,37,9,13,8,5,6,4,0,12,11,15,23,20,26,3,7,1,17,2,14,18,16,21,22,10,24,25,33,28,32,36,38,34,39,27,31]","35,19,29,30,37,9,13,8,5,6,4,0,12,11,15,23,20,26,3,7,1,17,2,14,18,16,21,22,10,24,25,33,28,32,36,38,34,39,27,31",904c224a343edc04,E:\Projects\RL-LAM-ScanOpt\outputs\stage3_ppo_rl_lam_fea_addendum_v02_targeted_N24_N40\ppo_training_v02\checkpoints\N40_seed20260624_maskable_ppo_v02.zip,20260624,24260658,stochastic,0.24295835289514853,0.4018761969546736,0.10002181640743245,0.35186528875095735,False,33,38.995327102803735,PPO_v02_checkpoint_inference,False,False,7.128205128205129,28.0,0.1282051282051282,0.358974358974359,0.5641025641025641,0.43589743589743585,0.8205128205128205
40,"[26,1,13,23,29,35,37,20,24,30,19,16,17,18,9,11,3,7,6,2,5,14,8,0,12,15,10,25,22,4,33,32,34,21,39,36,38,27,31,28]","26,1,13,23,29,35,37,20,24,30,19,16,17,18,9,11,3,7,6,2,5,14,8,0,12,15,10,25,22,4,33,32,34,21,39,36,38,27,31,28",8b603c8eb70a0490,E:\Projects\RL-LAM-ScanOpt\outputs\stage3_ppo_rl_lam_fea_addendum_v02_targeted_N24_N40\ppo_training_v02\checkpoints\N40_seed20260624_maskable_ppo_v02.zip,20260624,24260659,stochastic,0.2269214690923318,0.36673919985556486,0.08768111384579466,0.3228986429326675,False,35,39.46261682242991,PPO_v02_checkpoint_inference,False,False,7.6923076923076925,29.0,0.10256410256410256,0.5128205128205128,0.4769230769230769,0.5230769230769231,0.9230769230769231
40,"[2,13,29,35,23,37,30,26,20,12,6,8,17,1,3,9,7,5,4,0,11,10,14,16,19,22,15,18,25,21,27,34,38,32,36,39,31,24,33,28]","2,13,29,35,23,37,30,26,20,12,6,8,17,1,3,9,7,5,4,0,11,10,14,16,19,22,15,18,25,21,27,34,38,32,36,39,31,24,33,28",c8e73c0527919374,E:\Projects\RL-LAM-ScanOpt\outputs\stage3_ppo_rl_lam_fea_addendum_v02_targeted_N24_N40\ppo_training_v02\checkpoints\N40_seed20260624_maskable_ppo_v02.zip,20260624,24260660,stochastic,0.2970390356025037,0.42566101625511105,0.08683693805844621,0.38224254722588796,False,36,39.294392523364486,PPO_v02_checkpoint_inference,False,False,6.102564102564102,16.0,0.05128205128205128,0.41025641025641024,0.4871794871794872,0.5128205128205128,0.8974358974358975
40,"[9,11,6,13,23,35,29,37,30,19,17,5,7,10,15,3,8,1,26,20,18,12,0,2,4,16,14,22,21,28,24,25,36,39,38,32,34,33,31,27]","9,11,6,13,23,35,29,37,30,19,17,5,7,10,15,3,8,1,26,20,18,12,0,2,4,16,14,22,21,28,24,25,36,39,38,32,34,33,31,27",5ed9b1fa19c0d337,E:\Projects\RL-LAM-ScanOpt\outputs\stage3_ppo_rl_lam_fea_addendum_v02_targeted_N24_N40\ppo_training_v02\checkpoints\N40_seed20260624_maskable_ppo_v02.zip,20260624,24260661,stochastic,0.3140942292644756,0.4341901016610493,0.08105589670747784,0.3936621533073104,False,35,38.57943925233645,PPO_v02_checkpoint_inference,False,False,6.051282051282051,25.0,0.10256410256410256,0.41025641025641024,0.49230769230769234,0.5076923076923077,0.7948717948717948
40,"[13,8,29,35,37,30,26,2,11,23,4,7,16,19,20,5,3,1,9,6,12,17,15,0,25,22,18,21,14,10,33,24,36,38,32,39,34,27,31,28]","13,8,29,35,37,30,26,2,11,23,4,7,16,19,20,5,3,1,9,6,12,17,15,0,25,22,18,21,14,10,33,24,36,38,32,39,34,27,31,28",32887d0cfc0a7b41,E:\Projects\RL-LAM-ScanOpt\outputs\stage3_ppo_rl_lam_fea_addendum_v02_targeted_N24_N40\ppo_training_v02\checkpoints\N40_seed20260624_maskable_ppo_v02.zip,20260624,24260662,stochastic,0.22586005477308288,0.39381684317287174,0.104317613138793,0.34165803660347527,False,36,39.35981308411215,PPO_v02_checkpoint_inference,False,False,7.871794871794871,25.0,0.02564102564102564,0.5897435897435898,0.5487179487179488,0.4512820512820512,0.8974358974358975
40,"[11,35,29,6,23,3,13,8,7,30,37,26,16,5,1,15,9,12,0,17,2,10,14,4,19,21,25,18,20,28,22,33,34,38,24,39,36,31,32,27]","11,35,29,6,23,3,13,8,7,30,37,26,16,5,1,15,9,12,0,17,2,10,14,4,19,21,25,18,20,28,22,33,34,38,24,39,36,31,32,27",ab8fa1fc02550f7a,E:\Projects\RL-LAM-ScanOpt\outputs\stage3_ppo_rl_lam_fea_addendum_v02_targeted_N24_N40\ppo_training_v02\checkpoints\N40_seed20260624_maskable_ppo_v02.zip,20260624,24260663,stochastic,0.20610305164319245,0.37376686768473744,0.10112134388082522,0.32320619574432485,False,36,38.59345794392523,PPO_v02_checkpoint_inference,False,False,9.333333333333334,24.0,0.07692307692307693,0.5128205128205128,0.5538461538461539,0.44615384615384607,0.8205128205128205
40,"[13,8,11,18,35,37,4,7,3,17,6,5,0,9,1,14,19,29,30,26,23,36,20,21,2,12,16,15,10,25,22,24,32,38,39,34,31,27,33,28]","13,8,11,18,35,37,4,7,3,17,6,5,0,9,1,14,19,29,30,26,23,36,20,21,2,12,16,15,10,25,22,24,32,38,39,34,31,27,33,28",18ae96a8c6ea632e,E:\Projects\RL-LAM-ScanOpt\outputs\stage3_ppo_rl_lam_fea_addendum_v02_targeted_N24_N40\ppo_training_v02\checkpoints\N40_seed20260624_maskable_ppo_v02.zip,20260624,24260664,stochastic,0.2305902190923315,0.3724257992490332,0.0873405178061299,0.3287555403459682,False,36,39.46261682242991,PPO_v02_checkpoint_inference,False,False,7.3076923076923075,33.0,0.1282051282051282,0.6410256410256411,0.5538461538461539,0.4461538461538462,0.8717948717948718
40,"[13,8,23,7,1,35,30,37,29,26,19,25,20,6,4,3,2,14,5,11,12,9,0,10,15,17,18,21,22,16,24,27,39,38,34,32,36,31,33,28]","13,8,23,7,1,35,30,37,29,26,19,25,20,6,4,3,2,14,5,11,12,9,0,10,15,17,18,21,22,16,24,27,39,38,34,32,36,31,33,28",e856ab8eeda205a3,E:\Projects\RL-LAM-ScanOpt\outputs\stage3_ppo_rl_lam_fea_addendum_v02_targeted_N24_N40\ppo_training_v02\checkpoints\N40_seed20260624_maskable_ppo_v02.zip,20260624,24260665,stochastic,0.2571375391236302,0.393882870381493,0.09010474907123352,0.3488304958458762,False,36,39.205607476635514,PPO_v02_checkpoint_inference,False,False,6.384615384615385,34.0,0.15384615384615385,0.5384615384615384,0.5743589743589743,0.4256410256410256,0.9230769230769231
40,"[13,2,8,0,11,7,37,29,23,35,26,30,25,21,3,12,9,6,17,1,19,10,14,4,18,5,15,22,16,20,27,24,28,39,38,36,32,34,33,31]","13,2,8,0,11,7,37,29,23,35,26,30,25,21,3,12,9,6,17,1,19,10,14,4,18,5,15,22,16,20,27,24,28,39,38,36,32,34,33,31",4c7b7fe5cb052fbe,E:\Projects\RL-LAM-ScanOpt\outputs\stage3_ppo_rl_lam_fea_addendum_v02_targeted_N24_N40\ppo_training_v02\checkpoints\N40_seed20260624_maskable_ppo_v02.zip,20260624,24260666,stochastic,0.2229324823943662,0.37835600245963175,0.09681362989016201,0.3299491875145507,False,35,38.69626168224299,PPO_v02_checkpoint_inference,False,False,7.948717948717949,30.0,0.05128205128205128,0.41025641025641024,0.6256410256410257,0.37435897435897436,0.9487179487179487
40,"[5,13,29,35,26,20,8,7,23,3,17,30,37,11,15,4,2,21,16,1,6,19,24,12,9,0,22,14,18,10,25,34,32,36,39,38,33,27,31,28]","5,13,29,35,26,20,8,7,23,3,17,30,37,11,15,4,2,21,16,1,6,19,24,12,9,0,22,14,18,10,25,34,32,36,39,38,33,27,31,28",60d4d8350a06360c,E:\Projects\RL-LAM-ScanOpt\outputs\stage3_ppo_rl_lam_fea_addendum_v02_targeted_N24_N40\ppo_training_v02\checkpoints\N40_seed20260624_maskable_ppo_v02.zip,20260624,24260667,stochastic,0.216008548513302,0.3834792402460862,0.10200802142654165,0.3324752295328154,False,36,38.6588785046729,PPO_v02_checkpoint_inference,False,False,9.0,26.0,0.05128205128205128,0.48717948717948717,0.49743589743589733,0.5025641025641026,0.8205128205128205
40,"[6,13,7,5,35,29,37,23,30,20,25,4,2,0,10,15,17,3,16,1,14,26,21,12,9,11,19,8,18,22,24,33,38,32,39,34,36,27,31,28]","6,13,7,5,35,29,37,23,30,20,25,4,2,0,10,15,17,3,16,1,14,26,21,12,9,11,19,8,18,22,24,33,38,32,39,34,36,27,31,28",84fa49e4a144ef82,E:\Projects\RL-LAM-ScanOpt\outputs\stage3_ppo_rl_lam_fea_addendum_v02_targeted_N24_N40\ppo_training_v02\checkpoints\N40_seed20260624_maskable_ppo_v02.zip,20260624,24260668,stochastic,0.23452249608763684,0.3879762237560758,0.09884518881459173,0.33855362934877997,False,37,39.17289719626168,PPO_v02_checkpoint_inference,False,False,7.897435897435898,30.0,0.0,0.46153846153846156,0.5333333333333332,0.4666666666666667,0.8205128205128205
40,"[35,29,37,30,23,20,26,11,13,8,3,9,1,7,17,5,4,12,15,6,16,2,22,21,18,14,0,39,19,10,25,24,33,36,34,32,38,31,28,27]","35,29,37,30,23,20,26,11,13,8,3,9,1,7,17,5,4,12,15,6,16,2,22,21,18,14,0,39,19,10,25,24,33,36,34,32,38,31,28,27",eecd5b42251fb27b,E:\Projects\RL-LAM-ScanOpt\outputs\stage3_ppo_rl_lam_fea_addendum_v02_targeted_N24_N40\ppo_training_v02\checkpoints\N40_seed20260624_maskable_ppo_v02.zip,20260624,24260669,stochastic,0.21204757433489818,0.3920411310029841,0.1131244568890011,0.33547890255848356,False,37,39.5,PPO_v02_checkpoint_inference,False,False,7.948717948717949,39.0,0.10256410256410256,0.5128205128205128,0.4615384615384615,0.5384615384615385,0.7435897435897436
40,"[23,13,35,30,37,29,26,5,0,11,10,24,8,3,9,2,7,6,4,14,1,12,16,20,17,19,18,15,22,25,21,28,34,38,36,33,32,39,31,27]","23,13,35,30,37,29,26,5,0,11,10,24,8,3,9,2,7,6,4,14,1,12,16,20,17,19,18,15,22,25,21,28,34,38,36,33,32,39,31,27",caa687563e35ffae,E:\Projects\RL-LAM-ScanOpt\outputs\stage3_ppo_rl_lam_fea_addendum_v02_targeted_N24_N40\ppo_training_v02\checkpoints\N40_seed20260624_maskable_ppo_v02.zip,20260624,24260670,stochastic,0.27177007042253487,0.4070089886442906,0.08977158559728847,0.36212319584564634,False,36,38.94859813084112,PPO_v02_checkpoint_inference,False,False,6.564102564102564,22.0,0.10256410256410256,0.5641025641025641,0.5743589743589743,0.4256410256410256,0.9487179487179487
40,"[23,29,26,4,13,35,30,5,7,19,36,21,37,20,11,14,6,9,2,3,12,1,8,0,17,22,24,16,18,10,25,15,28,39,32,38,34,27,33,31]","23,29,26,4,13,35,30,5,7,19,36,21,37,20,11,14,6,9,2,3,12,1,8,0,17,22,24,16,18,10,25,15,28,39,32,38,34,27,33,31",a4d8cc04f2a8329a,E:\Projects\RL-LAM-ScanOpt\outputs\stage3_ppo_rl_lam_fea_addendum_v02_targeted_N24_N40\ppo_training_v02\checkpoints\N40_seed20260624_maskable_ppo_v02.zip,20260624,24260671,stochastic,0.2102030712050079,0.4009848249415056,0.11855394288501947,0.3417078534989959,False,37,39.205607476635514,PPO_v02_checkpoint_inference,False,False,9.23076923076923,25.0,0.02564102564102564,0.5641025641025641,0.4871794871794871,0.5128205128205129,0.7948717948717948
40,"[23,17,13,7,4,3,8,11,6,1,35,26,37,29,16,14,10,2,12,0,18,30,20,9,34,19,5,15,22,21,24,25,39,38,28,36,33,32,27,31]","23,17,13,7,4,3,8,11,6,1,35,26,37,29,16,14,10,2,12,0,18,30,20,9,34,19,5,15,22,21,24,25,39,38,28,36,33,32,27,31",b04072eed576dfd2,E:\Projects\RL-LAM-ScanOpt\outputs\stage3_ppo_rl_lam_fea_addendum_v02_targeted_N24_N40\ppo_training_v02\checkpoints\N40_seed20260624_maskable_ppo_v02.zip,20260624,24260672,stochastic,0.23982770931142386,0.3805683409065904,0.09148739108603098,0.3348246453635749,False,36,38.0,PPO_v02_checkpoint_inference,False,False,8.256410256410257,34.0,0.1282051282051282,0.5128205128205128,0.558974358974359,0.44102564102564096,0.5641025641025641
40,"[29,35,30,13,24,37,23,5,11,15,1,3,19,17,8,6,9,4,2,14,18,7,0,12,16,21,26,10,22,20,25,39,32,38,36,33,34,31,28,27]","29,35,30,13,24,37,23,5,11,15,1,3,19,17,8,6,9,4,2,14,18,7,0,12,16,21,26,10,22,20,25,39,32,38,36,33,34,31,28,27",67a4adaf3d28bc53,E:\Projects\RL-LAM-ScanOpt\outputs\stage3_ppo_rl_lam_fea_addendum_v02_targeted_N24_N40\ppo_training_v02\checkpoints\N40_seed20260624_maskable_ppo_v02.zip,20260624,24260673,stochastic,0.248250674882629,0.40450930353873654,0.10346208438988952,0.35277826134379175,False,36,38.89252336448598,PPO_v02_checkpoint_inference,False,False,7.282051282051282,18.0,0.05128205128205128,0.46153846153846156,0.4871794871794871,0.5128205128205128,0.8205128205128205
40,"[35,19,29,37,0,9,13,8,17,11,30,4,7,1,6,3,14,26,20,23,33,25,2,5,16,12,10,18,22,15,21,24,28,38,32,39,36,34,27,31]","35,19,29,37,0,9,13,8,17,11,30,4,7,1,6,3,14,26,20,23,33,25,2,5,16,12,10,18,22,15,21,24,28,38,32,39,36,34,27,31",8929d6c7c4bac927,E:\Projects\RL-LAM-ScanOpt\outputs\stage3_ppo_rl_lam_fea_addendum_v02_targeted_N24_N40\ppo_training_v02\checkpoints\N40_seed20260624_maskable_ppo_v02.zip,20260624,24260674,stochastic,0.2230021713615022,0.4133979139182936,0.12072183513713329,0.35303699634972696,False,36,38.228971962616825,PPO_v02_checkpoint_inference,False,False,8.461538461538462,37.0,0.0,0.46153846153846156,0.5230769230769232,0.47692307692307684,0.9487179487179487
40,"[37,35,29,23,20,13,30,19,22,26,8,6,3,9,7,2,11,16,1,0,5,15,12,14,10,34,18,17,25,21,4,28,33,32,24,36,38,27,31,39]","37,35,29,23,20,13,30,19,22,26,8,6,3,9,7,2,11,16,1,0,5,15,12,14,10,34,18,17,25,21,4,28,33,32,24,36,38,27,31,39",432fef68f7e2d888,E:\Projects\RL-LAM-ScanOpt\outputs\stage3_ppo_rl_lam_fea_addendum_v02_targeted_N24_N40\ppo_training_v02\checkpoints\N40_seed20260624_maskable_ppo_v02.zip,20260624,24260675,stochastic,0.21104126564945205,0.20935219626297266,0.024379879919898206,0.19716225630302356,False,35,38.64018691588785,PPO_v02_checkpoint_inference,False,False,7.538461538461538,24.0,0.07692307692307693,0.46153846153846156,0.37435897435897436,0.6256410256410256,0.6153846153846154
40,"[37,35,29,26,13,23,22,19,8,5,6,12,39,20,30,25,9,2,3,0,1,7,11,4,17,14,10,18,15,16,24,21,28,38,36,32,34,33,31,27]","37,35,29,26,13,23,22,19,8,5,6,12,39,20,30,25,9,2,3,0,1,7,11,4,17,14,10,18,15,16,24,21,28,38,36,32,34,33,31,27",ec0b1e321d9f1f90,E:\Projects\RL-LAM-ScanOpt\outputs\stage3_ppo_rl_lam_fea_addendum_v02_targeted_N24_N40\ppo_training_v02\checkpoints\N40_seed20260624_maskable_ppo_v02.zip,20260624,24260676,stochastic,0.27621622652582134,0.41458430393046974,0.08978187890490613,0.3696933644780167,False,36,39.191588785046726,PPO_v02_checkpoint_inference,False,False,6.153846153846154,27.0,0.15384615384615385,0.5641025641025641,0.4512820512820513,0.5487179487179488,0.8205128205128205
40,"[8,13,29,37,23,30,35,11,2,7,5,3,6,17,24,26,16,10,19,20,4,1,9,12,0,22,14,18,15,21,33,25,32,38,39,36,34,31,27,28]","8,13,29,37,23,30,35,11,2,7,5,3,6,17,24,26,16,10,19,20,4,1,9,12,0,22,14,18,15,21,33,25,32,38,39,36,34,31,27,28",e5259bc6571a8bf9,E:\Projects\RL-LAM-ScanOpt\outputs\stage3_ppo_rl_lam_fea_addendum_v02_targeted_N24_N40\ppo_training_v02\checkpoints\N40_seed20260624_maskable_ppo_v02.zip,20260624,24260677,stochastic,0.258786404538341,0.3754525001389083,0.07317871252447414,0.3388631438766712,False,36,38.86448598130841,PPO_v02_checkpoint_inference,False,False,7.128205128205129,24.0,0.07692307692307693,0.46153846153846156,0.5794871794871795,0.42051282051282046,0.8974358974358975
40,"[24,30,35,29,23,37,26,8,13,5,1,0,7,19,27,9,6,3,11,12,4,15,2,22,17,14,20,16,10,18,21,25,34,38,39,36,32,33,31,28]","24,30,35,29,23,37,26,8,13,5,1,0,7,19,27,9,6,3,11,12,4,15,2,22,17,14,20,16,10,18,21,25,34,38,39,36,32,33,31,28",f96c5c250ac3e793,E:\Projects\RL-LAM-ScanOpt\outputs\stage3_ppo_rl_lam_fea_addendum_v02_targeted_N24_N40\ppo_training_v02\checkpoints\N40_seed20260624_maskable_ppo_v02.zip,20260624,24260678,stochastic,0.2707156494522689,0.39334696647602324,0.076701911420701,0.3549960107656727,False,36,39.11682242990654,PPO_v02_checkpoint_inference,False,False,6.717948717948718,20.0,0.10256410256410256,0.46153846153846156,0.5128205128205128,0.4871794871794872,0.8205128205128205
40,"[37,29,35,30,23,19,8,13,4,10,2,3,1,7,5,11,6,17,16,26,0,9,12,24,18,20,15,22,14,25,33,28,21,32,34,38,36,39,27,31]","37,29,35,30,23,19,8,13,4,10,2,3,1,7,5,11,6,17,16,26,0,9,12,24,18,20,15,22,14,25,33,28,21,32,34,38,36,39,27,31",3dededd61328eecb,E:\Projects\RL-LAM-ScanOpt\outputs\stage3_ppo_rl_lam_fea_addendum_v02_targeted_N24_N40\ppo_training_v02\checkpoints\N40_seed20260624_maskable_ppo_v02.zip,20260624,24260679,stochastic,0.29303930946791823,0.43084260506337063,0.09608581546789853,0.3827996973294214,False,36,39.49065420560748,PPO_v02_checkpoint_inference,False,False,6.666666666666667,26.0,0.05128205128205128,0.46153846153846156,0.5128205128205129,0.4871794871794871,0.8461538461538461
40,"[12,11,13,23,15,0,35,29,10,4,17,7,2,19,26,30,37,20,8,3,27,16,6,9,18,14,1,5,21,22,34,25,36,32,33,24,38,39,31,28]","12,11,13,23,15,0,35,29,10,4,17,7,2,19,26,30,37,20,8,3,27,16,6,9,18,14,1,5,21,22,34,25,36,32,33,24,38,39,31,28",f61689e5b546d742,E:\Projects\RL-LAM-ScanOpt\outputs\stage3_ppo_rl_lam_fea_addendum_v02_targeted_N24_N40\ppo_training_v02\checkpoints\N40_seed20260624_maskable_ppo_v02.zip,20260624,24260680,stochastic,0.19901158059467916,0.37592581996787966,0.11154273991083735,0.320154450012461,False,36,38.90654205607477,PPO_v02_checkpoint_inference,False,False,9.384615384615385,35.0,0.10256410256410256,0.5641025641025641,0.5128205128205128,0.4871794871794872,0.8974358974358975
40,"[35,29,30,26,13,14,24,37,23,19,2,7,6,11,9,1,3,0,8,20,17,16,12,4,18,5,15,10,22,25,39,32,34,36,38,21,33,27,28,31]","35,29,30,26,13,14,24,37,23,19,2,7,6,11,9,1,3,0,8,20,17,16,12,4,18,5,15,10,22,25,39,32,34,36,38,21,33,27,28,31",f77937a948b137c7,E:\Projects\RL-LAM-ScanOpt\outputs\stage3_ppo_rl_lam_fea_addendum_v02_targeted_N24_N40\ppo_training_v02\checkpoints\N40_seed20260624_maskable_ppo_v02.zip,20260624,24260681,stochastic,0.26212961658841916,0.41035647498589684,0.09172445213996408,0.3644942489159148,False,35,38.004672897196265,PPO_v02_checkpoint_inference,False,False,6.871794871794871,17.0,0.1282051282051282,0.46153846153846156,0.41025641025641024,0.5897435897435896,0.6153846153846154
40,"[29,37,23,13,24,30,35,26,11,20,3,6,9,7,4,0,17,14,16,8,1,5,18,12,2,15,25,19,10,21,22,38,36,32,39,34,33,27,28,31]","29,37,23,13,24,30,35,26,11,20,3,6,9,7,4,0,17,14,16,8,1,5,18,12,2,15,25,19,10,21,22,38,36,32,39,34,33,27,28,31",6b6e5f2488c211d7,E:\Projects\RL-LAM-ScanOpt\outputs\stage3_ppo_rl_lam_fea_addendum_v02_targeted_N24_N40\ppo_training_v02\checkpoints\N40_seed20260624_maskable_ppo_v02.zip,20260624,24260682,stochastic,0.245361903364632,0.3811934176254152,0.08238330033108886,0.34000176745987076,False,36,38.61682242990654,PPO_v02_checkpoint_inference,False,False,7.282051282051282,17.0,0.07692307692307693,0.5641025641025641,0.4256410256410256,0.5743589743589743,0.6666666666666666
40,"[24,35,20,30,37,29,5,2,13,23,11,6,3,1,17,16,4,7,9,15,10,8,26,19,12,14,0,22,18,25,38,34,32,21,33,36,39,31,28,27]","24,35,20,30,37,29,5,2,13,23,11,6,3,1,17,16,4,7,9,15,10,8,26,19,12,14,0,22,18,25,38,34,32,21,33,36,39,31,28,27",dd4520dc21917155,E:\Projects\RL-LAM-ScanOpt\outputs\stage3_ppo_rl_lam_fea_addendum_v02_targeted_N24_N40\ppo_training_v02\checkpoints\N40_seed20260624_maskable_ppo_v02.zip,20260624,24260683,stochastic,0.22481454420970262,0.3829747208244319,0.10101440343522264,0.3324675191068206,False,36,39.51401869158879,PPO_v02_checkpoint_inference,False,False,7.923076923076923,24.0,0.05128205128205128,0.48717948717948717,0.5128205128205128,0.4871794871794872,0.8974358974358975
40,"[29,30,37,35,26,24,16,13,5,17,19,11,4,6,2,3,1,0,9,20,7,12,8,14,18,10,23,21,22,15,28,36,32,25,33,38,34,39,31,27]","29,30,37,35,26,24,16,13,5,17,19,11,4,6,2,3,1,0,9,20,7,12,8,14,18,10,23,21,22,15,28,36,32,25,33,38,34,39,31,27",3f2cfdacf6e92cb6,E:\Projects\RL-LAM-ScanOpt\outputs\stage3_ppo_rl_lam_fea_addendum_v02_targeted_N24_N40\ppo_training_v02\checkpoints\N40_seed20260624_maskable_ppo_v02.zip,20260624,24260684,stochastic,0.32922229068857567,0.446165622419217,0.07557867059197673,0.4083762871232286,False,35,39.10747663551402,PPO_v02_checkpoint_inference,False,False,5.846153846153846,13.0,0.10256410256410256,0.46153846153846156,0.4666666666666666,0.5333333333333334,0.8205128205128205
40,"[35,29,37,23,30,26,6,13,17,19,3,11,8,4,5,2,1,12,7,9,0,16,14,18,20,21,24,22,15,10,34,39,38,32,25,28,36,27,31,33]","35,29,37,23,30,26,6,13,17,19,3,11,8,4,5,2,1,12,7,9,0,16,14,18,20,21,24,22,15,10,34,39,38,32,25,28,36,27,31,33",53269f231108e85a,E:\Projects\RL-LAM-ScanOpt\outputs\stage3_ppo_rl_lam_fea_addendum_v02_targeted_N24_N40\ppo_training_v02\checkpoints\N40_seed20260624_maskable_ppo_v02.zip,20260624,24260685,stochastic,0.27558405712050055,0.4270500059355048,0.09683170224238545,0.37863415481431206,False,35,38.16355140186916,PPO_v02_checkpoint_inference,False,False,6.3076923076923075,24.0,0.10256410256410256,0.46153846153846156,0.4410256410256409,0.558974358974359,0.7948717948717948
40,"[23,37,25,26,17,35,29,30,11,13,8,6,7,3,9,1,12,5,2,14,15,0,16,4,19,22,20,18,10,21,36,27,39,28,24,32,34,38,31,33]","23,37,25,26,17,35,29,30,11,13,8,6,7,3,9,1,12,5,2,14,15,0,16,4,19,22,20,18,10,21,36,27,39,28,24,32,34,38,31,33",e0f7a6eff10d67df,E:\Projects\RL-LAM-ScanOpt\outputs\stage3_ppo_rl_lam_fea_addendum_v02_targeted_N24_N40\ppo_training_v02\checkpoints\N40_seed20260624_maskable_ppo_v02.zip,20260624,24260686,stochastic,0.23647673122065707,0.3800135813904444,0.08971912545070226,0.33515401866509326,False,36,39.518691588785046,PPO_v02_checkpoint_inference,False,False,7.6923076923076925,19.0,0.10256410256410256,0.46153846153846156,0.44102564102564096,0.558974358974359,0.6666666666666666
40,"[13,37,33,35,16,29,30,6,11,7,17,5,19,23,34,20,22,0,4,1,2,3,8,24,26,25,18,10,9,12,14,15,21,39,38,36,32,31,27,28]","13,37,33,35,16,29,30,6,11,7,17,5,19,23,34,20,22,0,4,1,2,3,8,24,26,25,18,10,9,12,14,15,21,39,38,36,32,31,27,28",835020e73716a8cd,E:\Projects\RL-LAM-ScanOpt\outputs\stage3_ppo_rl_lam_fea_addendum_v02_targeted_N24_N40\ppo_training_v02\checkpoints\N40_seed20260624_maskable_ppo_v02.zip,20260624,24260687,stochastic,0.21730273865414712,0.23296306451443846,0.02481024633199895,0.22055794134843898,False,36,39.38317757009346,PPO_v02_checkpoint_inference,False,False,7.102564102564102,24.0,0.23076923076923078,0.4358974358974359,0.5692307692307692,0.43076923076923074,0.7948717948717948
40,"[1,13,29,35,30,23,19,2,3,28,37,26,8,0,11,7,6,5,17,22,20,4,12,24,18,9,14,15,16,10,27,39,21,34,36,38,25,33,32,31]","1,13,29,35,30,23,19,2,3,28,37,26,8,0,11,7,6,5,17,22,20,4,12,24,18,9,14,15,16,10,27,39,21,34,36,38,25,33,32,31",9681a2f5f2c91522,E:\Projects\RL-LAM-ScanOpt\outputs\stage3_ppo_rl_lam_fea_addendum_v02_targeted_N24_N40\ppo_training_v02\checkpoints\N40_seed20260624_maskable_ppo_v02.zip,20260624,24260688,stochastic,0.2275739241001562,0.3852470866449101,0.09665577270676218,0.336919200291529,False,36,39.299065420560744,PPO_v02_checkpoint_inference,False,False,8.35897435897436,25.0,0.1794871794871795,0.5128205128205128,0.5487179487179487,0.4512820512820512,0.8717948717948718
40,"[25,29,30,35,11,18,23,13,9,28,8,1,3,5,16,26,37,20,6,7,12,17,0,4,2,15,14,10,19,24,22,21,34,36,38,33,32,39,27,31]","25,29,30,35,11,18,23,13,9,28,8,1,3,5,16,26,37,20,6,7,12,17,0,4,2,15,14,10,19,24,22,21,34,36,38,33,32,39,27,31",3a6a1d6e78338e55,E:\Projects\RL-LAM-ScanOpt\outputs\stage3_ppo_rl_lam_fea_addendum_v02_targeted_N24_N40\ppo_training_v02\checkpoints\N40_seed20260624_maskable_ppo_v02.zip,20260624,24260689,stochastic,0.23287270148669795,0.3865921302720604,0.09595970329852627,0.3386122786227973,False,37,39.467289719626166,PPO_v02_checkpoint_inference,False,False,7.384615384615385,24.0,0.1282051282051282,0.5641025641025641,0.41025641025641024,0.5897435897435898,0.6666666666666666
40,"[5,13,35,29,37,26,20,19,30,23,3,8,17,11,7,6,2,16,9,0,12,15,14,1,4,24,22,10,18,21,25,28,34,36,38,32,33,39,27,31]","5,13,35,29,37,26,20,19,30,23,3,8,17,11,7,6,2,16,9,0,12,15,14,1,4,24,22,10,18,21,25,28,34,36,38,32,33,39,27,31",21a7cf42844367e4,E:\Projects\RL-LAM-ScanOpt\outputs\stage3_ppo_rl_lam_fea_addendum_v02_targeted_N24_N40\ppo_training_v02\checkpoints\N40_seed20260624_maskable_ppo_v02.zip,20260624,24260690,stochastic,0.25712249608763665,0.39367515813993537,0.08566865822131217,0.35084082902927927,False,35,38.64018691588785,PPO_v02_checkpoint_inference,False,False,7.230769230769231,22.0,0.10256410256410256,0.41025641025641024,0.43589743589743585,0.5641025641025641,0.8205128205128205
40,"[37,30,29,35,26,5,23,8,13,4,7,3,1,9,11,17,19,10,6,0,14,2,18,20,12,15,16,21,22,24,25,33,34,32,38,36,39,27,31,28]","37,30,29,35,26,5,23,8,13,4,7,3,1,9,11,17,19,10,6,0,14,2,18,20,12,15,16,21,22,24,25,33,34,32,38,36,39,27,31,28",74a8b06cff33daff,E:\Projects\RL-LAM-ScanOpt\outputs\stage3_ppo_rl_lam_fea_addendum_v02_targeted_N24_N40\ppo_training_v02\checkpoints\N40_seed20260624_maskable_ppo_v02.zip,20260624,24260691,stochastic,0.2781940434272297,0.41738751175514033,0.08955277233748359,0.37261112558639853,False,35,39.56542056074766,PPO_v02_checkpoint_inference,False,False,6.230769230769231,21.0,0.1282051282051282,0.4358974358974359,0.5692307692307692,0.43076923076923074,0.8461538461538461
40,"[11,9,13,30,29,35,24,37,17,19,26,25,23,16,2,5,7,3,1,12,6,0,8,4,10,14,22,20,18,15,21,28,34,36,38,33,32,39,27,31]","11,9,13,30,29,35,24,37,17,19,26,25,23,16,2,5,7,3,1,12,6,0,8,4,10,14,22,20,18,15,21,28,34,36,38,33,32,39,27,31",43c6332ec5ef0271,E:\Projects\RL-LAM-ScanOpt\outputs\stage3_ppo_rl_lam_fea_addendum_v02_targeted_N24_N40\ppo_training_v02\checkpoints\N40_seed20260624_maskable_ppo_v02.zip,20260624,24260692,stochastic,0.30998680555555536,0.4528025190916206,0.09963573674404569,0.40298465071959777,False,34,37.953271028037385,PPO_v02_checkpoint_inference,False,False,5.897435897435898,20.0,0.07692307692307693,0.358974358974359,0.44102564102564107,0.558974358974359,0.717948717948718
40,"[29,35,37,12,13,10,16,11,2,30,26,18,4,8,3,6,5,1,7,15,0,9,14,17,20,25,19,22,23,39,24,21,32,38,34,36,27,33,31,28]","29,35,37,12,13,10,16,11,2,30,26,18,4,8,3,6,5,1,7,15,0,9,14,17,20,25,19,22,23,39,24,21,32,38,34,36,27,33,31,28",6aabf19664ff4952,E:\Projects\RL-LAM-ScanOpt\outputs\stage3_ppo_rl_lam_fea_addendum_v02_targeted_N24_N40\ppo_training_v02\checkpoints\N40_seed20260624_maskable_ppo_v02.zip,20260624,24260693,stochastic,0.24169927621283244,0.3718985658965287,0.08348500027795612,0.33015606575755063,False,35,39.06542056074766,PPO_v02_checkpoint_inference,False,False,6.897435897435898,28.0,0.07692307692307693,0.5384615384615384,0.5435897435897437,0.4564102564102564,0.8974358974358975
40,"[1,13,7,23,3,5,11,8,17,37,29,35,30,20,19,16,9,2,6,0,12,10,4,15,14,18,26,22,21,24,38,34,32,25,33,36,39,31,27,28]","1,13,7,23,3,5,11,8,17,37,29,35,30,20,19,16,9,2,6,0,12,10,4,15,14,18,26,22,21,24,38,34,32,25,33,36,39,31,27,28",92eede57bcbb0591,E:\Projects\RL-LAM-ScanOpt\outputs\stage3_ppo_rl_lam_fea_addendum_v02_targeted_N24_N40\ppo_training_v02\checkpoints\N40_seed20260624_maskable_ppo_v02.zip,20260624,24260694,stochastic,0.28395733568075093,0.3999214612584119,0.07862551923112049,0.36060870164285164,False,34,39.07943925233645,PPO_v02_checkpoint_inference,False,False,6.589743589743589,20.0,0.10256410256410256,0.38461538461538464,0.5743589743589744,0.42564102564102557,0.9230769230769231
40,"[8,13,5,10,11,23,29,37,30,35,9,2,7,26,0,3,6,14,4,1,19,17,24,16,12,15,21,22,18,20,39,36,34,38,25,27,32,33,31,28]","8,13,5,10,11,23,29,37,30,35,9,2,7,26,0,3,6,14,4,1,19,17,24,16,12,15,21,22,18,20,39,36,34,38,25,27,32,33,31,28",3179c5c93f65c24c,E:\Projects\RL-LAM-ScanOpt\outputs\stage3_ppo_rl_lam_fea_addendum_v02_targeted_N24_N40\ppo_training_v02\checkpoints\N40_seed20260624_maskable_ppo_v02.zip,20260624,24260695,stochastic,0.2539275136932705,0.41023070830620845,0.09886395638600448,0.3607987301132062,False,36,38.9392523364486,PPO_v02_checkpoint_inference,False,False,7.076923076923077,26.0,0.07692307692307693,0.5128205128205128,0.5487179487179488,0.4512820512820513,0.8205128205128205
40,"[29,35,37,30,19,26,23,11,13,17,9,3,4,8,6,1,12,7,5,14,16,2,15,20,18,0,24,10,22,21,25,38,32,34,36,33,39,27,31,28]","29,35,37,30,19,26,23,11,13,17,9,3,4,8,6,1,12,7,5,14,16,2,15,20,18,0,24,10,22,21,25,38,32,34,36,33,39,27,31,28",cd54b8342e606d20,E:\Projects\RL-LAM-ScanOpt\outputs\stage3_ppo_rl_lam_fea_addendum_v02_targeted_N24_N40\ppo_training_v02\checkpoints\N40_seed20260624_maskable_ppo_v02.zip,20260624,24260696,stochastic,0.27371515062597795,0.4260195499856474,0.10150790386708036,0.37526559805210724,False,37,39.48598130841121,PPO_v02_checkpoint_inference,False,False,6.846153846153846,24.0,0.05128205128205128,0.38461538461538464,0.41538461538461535,0.5846153846153846,0.6666666666666666
40,"[17,13,11,37,23,30,26,35,8,5,7,29,20,24,1,3,2,14,16,10,9,0,6,12,4,19,15,18,21,22,25,39,34,36,38,32,33,27,28,31]","17,13,11,37,23,30,26,35,8,5,7,29,20,24,1,3,2,14,16,10,9,0,6,12,4,19,15,18,21,22,25,39,34,36,38,32,33,27,28,31",51cd74dd329a75ee,E:\Projects\RL-LAM-ScanOpt\outputs\stage3_ppo_rl_lam_fea_addendum_v02_targeted_N24_N40\ppo_training_v02\checkpoints\N40_seed20260624_maskable_ppo_v02.zip,20260624,24260697,stochastic,0.2424413047730829,0.3892040560586603,0.09406591161132775,0.34217110025299646,False,35,38.56542056074766,PPO_v02_checkpoint_inference,False,False,7.128205128205129,27.0,0.1282051282051282,0.46153846153846156,0.49743589743589745,0.5025641025641026,0.8205128205128205
40,"[13,30,37,29,35,6,7,11,23,26,8,4,9,0,3,14,2,1,12,17,19,20,15,21,16,18,5,24,10,22,39,38,36,32,25,34,27,28,33,31]","13,30,37,29,35,6,7,11,23,26,8,4,9,0,3,14,2,1,12,17,19,20,15,21,16,18,5,24,10,22,39,38,36,32,25,34,27,28,33,31",e12af44099899588,E:\Projects\RL-LAM-ScanOpt\outputs\stage3_ppo_rl_lam_fea_addendum_v02_targeted_N24_N40\ppo_training_v02\checkpoints\N40_seed20260624_maskable_ppo_v02.zip,20260624,24260698,stochastic,0.23364088419405304,0.40783505631310973,0.11008399256838025,0.35279306002891964,False,36,39.39719626168224,PPO_v02_checkpoint_inference,False,False,7.6923076923076925,29.0,0.1282051282051282,0.6153846153846154,0.5333333333333334,0.4666666666666667,0.7948717948717948
40,"[17,13,6,29,37,35,26,30,23,11,19,5,0,1,7,3,4,10,2,9,15,8,22,16,12,18,20,14,25,21,32,24,38,33,36,34,39,31,27,28]","17,13,6,29,37,35,26,30,23,11,19,5,0,1,7,3,4,10,2,9,15,8,22,16,12,18,20,14,25,21,32,24,38,33,36,34,39,31,27,28",c043b88401a2a2bb,E:\Projects\RL-LAM-ScanOpt\outputs\stage3_ppo_rl_lam_fea_addendum_v02_targeted_N24_N40\ppo_training_v02\checkpoints\N40_seed20260624_maskable_ppo_v02.zip,20260624,24260699,stochastic,0.2830256846635366,0.4225260597102544,0.09341052070122242,0.3758207993596432,False,36,39.51401869158879,PPO_v02_checkpoint_inference,False,False,6.743589743589744,23.0,0.07692307692307693,0.38461538461538464,0.482051282051282,0.5179487179487179,0.7948717948717948
40,"[26,13,3,6,29,35,37,30,8,4,20,25,24,17,23,12,19,16,11,0,7,1,9,2,5,14,10,15,18,21,22,28,36,33,38,34,32,39,27,31]","26,13,3,6,29,35,37,30,8,4,20,25,24,17,23,12,19,16,11,0,7,1,9,2,5,14,10,15,18,21,22,28,36,33,38,34,32,39,27,31",887a5d8bdad8da5c,E:\Projects\RL-LAM-ScanOpt\outputs\stage3_ppo_rl_lam_fea_addendum_v02_targeted_N24_N40\ppo_training_v02\checkpoints\N40_seed20260624_maskable_ppo_v02.zip,20260624,24260700,stochastic,0.2520956866197181,0.36429492689206044,0.06884518100756533,0.3298723363882778,False,36,38.96261682242991,PPO_v02_checkpoint_inference,False,False,6.897435897435898,23.0,0.05128205128205128,0.5897435897435898,0.6307692307692307,0.3692307692307692,0.8717948717948718
40,"[37,29,30,19,13,35,26,23,6,3,5,7,0,1,9,11,12,16,4,2,17,15,14,8,10,18,22,20,36,38,25,21,28,24,34,33,32,39,31,27]","37,29,30,19,13,35,26,23,6,3,5,7,0,1,9,11,12,16,4,2,17,15,14,8,10,18,22,20,36,38,25,21,28,24,34,33,32,39,31,27",35414dae95c83c22,E:\Projects\RL-LAM-ScanOpt\outputs\stage3_ppo_rl_lam_fea_addendum_v02_targeted_N24_N40\ppo_training_v02\checkpoints\N40_seed20260624_maskable_ppo_v02.zip,20260624,24260701,stochastic,0.281720305164319,0.24276478743400098,0.025794454467592823,0.22986756020020457,False,37,38.94859813084112,PPO_v02_checkpoint_inference,False,False,6.102564102564102,22.0,0.15384615384615385,0.41025641025641024,0.5128205128205128,0.4871794871794872,0.8717948717948718
40,"[37,30,8,13,35,29,23,5,11,3,2,9,24,26,20,12,6,14,7,1,4,0,16,10,17,18,19,22,21,15,33,25,28,32,38,36,39,34,27,31]","37,30,8,13,35,29,23,5,11,3,2,9,24,26,20,12,6,14,7,1,4,0,16,10,17,18,19,22,21,15,33,25,28,32,38,36,39,34,27,31",6a7a5839ae6c843c,E:\Projects\RL-LAM-ScanOpt\outputs\stage3_ppo_rl_lam_fea_addendum_v02_targeted_N24_N40\ppo_training_v02\checkpoints\N40_seed20260624_maskable_ppo_v02.zip,20260624,24260702,stochastic,0.261482071596244,0.42042551038458054,0.11272874323236125,0.3640611387683999,False,35,39.149532710280376,PPO_v02_checkpoint_inference,False,False,7.0256410256410255,22.0,0.10256410256410256,0.41025641025641024,0.5846153846153845,0.4153846153846154,0.8717948717948718
40,"[29,17,20,30,37,35,26,0,13,1,6,8,7,3,10,19,12,15,11,2,9,23,5,24,22,14,18,4,28,25,16,21,32,33,36,34,38,39,27,31]","29,17,20,30,37,35,26,0,13,1,6,8,7,3,10,19,12,15,11,2,9,23,5,24,22,14,18,4,28,25,16,21,32,33,36,34,38,39,27,31",87cbc57894173137,E:\Projects\RL-LAM-ScanOpt\outputs\stage3_ppo_rl_lam_fea_addendum_v02_targeted_N24_N40\ppo_training_v02\checkpoints\N40_seed20260624_maskable_ppo_v02.zip,20260624,24260703,stochastic,0.214927621283255,0.3692066106609255,0.09898063629017007,0.3197162925158405,False,37,39.25233644859813,PPO_v02_checkpoint_inference,False,False,7.948717948717949,26.0,0.07692307692307693,0.5128205128205128,0.5487179487179488,0.4512820512820513,0.9487179487179487
40,"[29,35,23,11,8,13,17,16,30,37,26,19,3,2,6,4,1,7,0,12,10,9,14,22,15,20,18,5,25,21,24,36,34,39,31,32,38,33,27,28]","29,35,23,11,8,13,17,16,30,37,26,19,3,2,6,4,1,7,0,12,10,9,14,22,15,20,18,5,25,21,24,36,34,39,31,32,38,33,27,28",0c5963f032d25e1a,E:\Projects\RL-LAM-ScanOpt\outputs\stage3_ppo_rl_lam_fea_addendum_v02_targeted_N24_N40\ppo_training_v02\checkpoints\N40_seed20260624_maskable_ppo_v02.zip,20260624,24260704,stochastic,0.2815235817683879,0.3945134696062813,0.07634617235271832,0.35634038342992214,False,36,38.77570093457944,PPO_v02_checkpoint_inference,False,False,6.384615384615385,20.0,0.1282051282051282,0.48717948717948717,0.4564102564102564,0.5435897435897435,0.7435897435897436
40,"[13,23,29,30,37,19,35,26,18,6,2,7,20,38,11,1,3,12,8,0,15,4,9,5,17,10,14,16,25,22,21,24,33,39,32,34,36,31,27,28]","13,23,29,30,37,19,35,26,18,6,2,7,20,38,11,1,3,12,8,0,15,4,9,5,17,10,14,16,25,22,21,24,33,39,32,34,36,31,27,28",faa49f5c66adff40,E:\Projects\RL-LAM-ScanOpt\outputs\stage3_ppo_rl_lam_fea_addendum_v02_targeted_N24_N40\ppo_training_v02\checkpoints\N40_seed20260624_maskable_ppo_v02.zip,20260624,24260705,stochastic,0.2381933881064162,0.39812384532317174,0.10244587299019822,0.3469009088280726,False,37,39.046728971962615,PPO_v02_checkpoint_inference,False,False,7.666666666666667,27.0,0.07692307692307693,0.48717948717948717,0.43589743589743585,0.5641025641025641,0.7948717948717948
40,"[23,37,35,29,30,26,13,1,3,17,4,2,9,11,7,14,6,5,18,19,0,12,8,10,15,16,22,20,24,21,25,28,38,34,39,32,36,33,27,31]","23,37,35,29,30,26,13,1,3,17,4,2,9,11,7,14,6,5,18,19,0,12,8,10,15,16,22,20,24,21,25,28,38,34,39,32,36,33,27,31",60724aaa83001da6,E:\Projects\RL-LAM-ScanOpt\outputs\stage3_ppo_rl_lam_fea_addendum_v02_targeted_N24_N40\ppo_training_v02\checkpoints\N40_seed20260624_maskable_ppo_v02.zip,20260624,24260706,stochastic,0.3055775723787166,0.44006699877695477,0.09711810745745295,0.3915079450482283,False,35,39.11214953271028,PPO_v02_checkpoint_inference,False,False,6.0,19.0,0.10256410256410256,0.41025641025641024,0.5487179487179488,0.4512820512820513,0.9230769230769231
40,"[13,5,14,11,19,1,26,35,37,29,30,23,8,10,17,24,7,15,6,3,0,9,2,16,20,12,4,22,18,21,25,32,34,38,27,39,36,33,28,31]","13,5,14,11,19,1,26,35,37,29,30,23,8,10,17,24,7,15,6,3,0,9,2,16,20,12,4,22,18,21,25,32,34,38,27,39,36,33,28,31",dca3821bcedfe4f5,E:\Projects\RL-LAM-ScanOpt\outputs\stage3_ppo_rl_lam_fea_addendum_v02_targeted_N24_N40\ppo_training_v02\checkpoints\N40_seed20260624_maskable_ppo_v02.zip,20260624,24260707,stochastic,0.24748638497652575,0.40039676067943986,0.09622438179863663,0.35228456978012157,False,36,39.54205607476636,PPO_v02_checkpoint_inference,False,False,7.641025641025641,25.0,0.02564102564102564,0.5641025641025641,0.5282051282051282,0.47179487179487173,0.9230769230769231
40,"[9,30,8,28,35,23,13,37,29,19,10,26,20,7,15,3,6,12,5,11,2,0,1,17,14,4,22,16,18,25,21,24,34,38,32,39,36,27,33,31]","9,30,8,28,35,23,13,37,29,19,10,26,20,7,15,3,6,12,5,11,2,0,1,17,14,4,22,16,18,25,21,24,34,38,32,39,36,27,33,31",0c7dd4cc5958d2ab,E:\Projects\RL-LAM-ScanOpt\outputs\stage3_ppo_rl_lam_fea_addendum_v02_targeted_N24_N40\ppo_training_v02\checkpoints\N40_seed20260624_maskable_ppo_v02.zip,20260624,24260708,stochastic,0.22794439553990592,0.3834826926889429,0.09512867356644528,0.3359183559057203,False,36,38.28504672897196,PPO_v02_checkpoint_inference,False,False,8.923076923076923,24.0,0.02564102564102564,0.358974358974359,0.482051282051282,0.5179487179487179,0.7435897435897436
40,"[4,3,13,23,37,8,11,17,35,16,29,26,30,19,25,0,12,2,1,6,7,9,5,14,10,22,18,20,15,21,24,33,34,32,38,39,36,31,27,28]","4,3,13,23,37,8,11,17,35,16,29,26,30,19,25,0,12,2,1,6,7,9,5,14,10,22,18,20,15,21,24,33,34,32,38,39,36,31,27,28",dd869065f930674a,E:\Projects\RL-LAM-ScanOpt\outputs\stage3_ppo_rl_lam_fea_addendum_v02_targeted_N24_N40\ppo_training_v02\checkpoints\N40_seed20260624_maskable_ppo_v02.zip,20260624,24260709,stochastic,0.2478517996870108,0.39920067010571375,0.09601201572071563,0.35119466224535595,False,35,38.799065420560744,PPO_v02_checkpoint_inference,False,False,7.282051282051282,29.0,0.15384615384615385,0.5128205128205128,0.5179487179487179,0.482051282051282,0.8717948717948718
40,"[19,29,35,30,26,37,20,3,13,4,7,5,23,11,6,17,18,16,8,12,14,2,1,9,0,10,25,15,22,21,34,24,32,36,38,39,28,33,27,31]","19,29,35,30,26,37,20,3,13,4,7,5,23,11,6,17,18,16,8,12,14,2,1,9,0,10,25,15,22,21,34,24,32,36,38,39,28,33,27,31",d751526ee1681234,E:\Projects\RL-LAM-ScanOpt\outputs\stage3_ppo_rl_lam_fea_addendum_v02_targeted_N24_N40\ppo_training_v02\checkpoints\N40_seed20260624_maskable_ppo_v02.zip,20260624,24260710,stochastic,0.2401650234741781,0.3568260306632336,0.07471170366369408,0.31947017883138656,False,37,39.51401869158879,PPO_v02_checkpoint_inference,False,False,7.538461538461538,18.0,0.10256410256410256,0.46153846153846156,0.5076923076923077,0.49230769230769234,0.8717948717948718
40,"[30,35,26,29,16,13,8,1,3,23,24,17,37,4,5,9,7,11,6,12,2,0,22,15,10,14,19,18,20,34,21,28,25,39,36,38,32,33,27,31]","30,35,26,29,16,13,8,1,3,23,24,17,37,4,5,9,7,11,6,12,2,0,22,15,10,14,19,18,20,34,21,28,25,39,36,38,32,33,27,31",533725543d0e028b,E:\Projects\RL-LAM-ScanOpt\outputs\stage3_ppo_rl_lam_fea_addendum_v02_targeted_N24_N40\ppo_training_v02\checkpoints\N40_seed20260624_maskable_ppo_v02.zip,20260624,24260711,stochastic,0.24302946009389678,0.38960536398253176,0.09111939921721957,0.344045664373922,False,36,38.126168224299064,PPO_v02_checkpoint_inference,False,False,7.205128205128205,33.0,0.10256410256410256,0.5384615384615384,0.523076923076923,0.4769230769230769,0.8717948717948718
40,"[11,10,23,35,37,8,13,29,20,26,7,2,3,19,12,9,14,18,17,5,0,28,30,16,1,6,15,4,22,32,21,24,25,33,34,36,27,38,39,31]","11,10,23,35,37,8,13,29,20,26,7,2,3,19,12,9,14,18,17,5,0,28,30,16,1,6,15,4,22,32,21,24,25,33,34,36,27,38,39,31",64cbe9e0dacbf1e7,E:\Projects\RL-LAM-ScanOpt\outputs\stage3_ppo_rl_lam_fea_addendum_v02_targeted_N24_N40\ppo_training_v02\checkpoints\N40_seed20260624_maskable_ppo_v02.zip,20260624,24260712,stochastic,0.21392135172143953,0.3678575498380749,0.09640665273338057,0.3196542234713846,False,35,37.808411214953274,PPO_v02_checkpoint_inference,False,False,8.666666666666666,29.0,0.15384615384615385,0.6153846153846154,0.4564102564102563,0.5435897435897435,0.7435897435897436
40,"[30,35,25,13,37,23,20,29,26,7,8,5,3,9,0,4,11,6,1,12,2,14,17,15,18,16,10,19,21,32,22,24,33,36,28,39,31,38,34,27]","30,35,25,13,37,23,20,29,26,7,8,5,3,9,0,4,11,6,1,12,2,14,17,15,18,16,10,19,21,32,22,24,33,36,28,39,31,38,34,27",90e9a4d27bb2aa3c,E:\Projects\RL-LAM-ScanOpt\outputs\stage3_ppo_rl_lam_fea_addendum_v02_targeted_N24_N40\ppo_training_v02\checkpoints\N40_seed20260624_maskable_ppo_v02.zip,20260624,24260713,stochastic,0.2622848493740215,0.41475835329734984,0.09902409004165012,0.36524630827652477,False,37,39.574766355140184,PPO_v02_checkpoint_inference,False,False,7.205128205128205,24.0,0.02564102564102564,0.5384615384615384,0.4512820512820513,0.5487179487179488,0.7692307692307693
40,"[37,35,29,25,8,4,5,13,30,16,26,20,14,11,7,1,3,2,6,12,0,19,18,23,17,9,21,10,15,24,22,28,39,33,38,36,34,32,31,27]","37,35,29,25,8,4,5,13,30,16,26,20,14,11,7,1,3,2,6,12,0,19,18,23,17,9,21,10,15,24,22,28,39,33,38,36,34,32,31,27",2511e05a4e2445b0,E:\Projects\RL-LAM-ScanOpt\outputs\stage3_ppo_rl_lam_fea_addendum_v02_targeted_N24_N40\ppo_training_v02\checkpoints\N40_seed20260624_maskable_ppo_v02.zip,20260624,24260714,stochastic,0.2785763888888885,0.40581094434944653,0.08295858711987016,0.36433165078951146,False,35,39.17289719626168,PPO_v02_checkpoint_inference,False,False,6.410256410256411,19.0,0.10256410256410256,0.358974358974359,0.5641025641025641,0.43589743589743585,0.8461538461538461
40,"[35,9,13,4,30,37,29,24,20,11,5,26,22,10,8,7,23,3,15,12,1,18,0,2,6,19,17,16,14,25,21,33,34,38,39,36,28,32,31,27]","35,9,13,4,30,37,29,24,20,11,5,26,22,10,8,7,23,3,15,12,1,18,0,2,6,19,17,16,14,25,21,33,34,38,39,36,28,32,31,27",5bbb0c2d51b4cd33,E:\Projects\RL-LAM-ScanOpt\outputs\stage3_ppo_rl_lam_fea_addendum_v02_targeted_N24_N40\ppo_training_v02\checkpoints\N40_seed20260624_maskable_ppo_v02.zip,20260624,24260715,stochastic,0.22131456377151792,0.3582732171510342,0.08229996881976474,0.31712323274115184,False,36,39.00934579439252,PPO_v02_checkpoint_inference,False,False,8.153846153846153,26.0,0.1282051282051282,0.41025641025641024,0.5076923076923077,0.4923076923076922,0.8461538461538461
40,"[4,13,29,20,30,8,1,17,35,37,26,23,11,3,6,12,24,7,0,16,9,5,2,19,14,18,15,10,21,25,22,36,33,34,39,32,38,31,27,28]","4,13,29,20,30,8,1,17,35,37,26,23,11,3,6,12,24,7,0,16,9,5,2,19,14,18,15,10,21,25,22,36,33,34,39,32,38,31,27,28",47f5020ceabd6511,E:\Projects\RL-LAM-ScanOpt\outputs\stage3_ppo_rl_lam_fea_addendum_v02_targeted_N24_N40\ppo_training_v02\checkpoints\N40_seed20260624_maskable_ppo_v02.zip,20260624,24260716,stochastic,0.23042867762128313,0.38152328261671287,0.09129918992359448,0.33587368765491565,False,36,39.33644859813084,PPO_v02_checkpoint_inference,False,False,8.153846153846153,22.0,0.05128205128205128,0.5641025641025641,0.5538461538461539,0.4461538461538462,0.9230769230769231
40,"[37,23,35,29,11,4,1,14,30,19,7,13,8,3,6,9,10,17,5,16,2,0,12,26,20,15,18,21,22,24,25,39,34,36,32,38,31,27,33,28]","37,23,35,29,11,4,1,14,30,19,7,13,8,3,6,9,10,17,5,16,2,0,12,26,20,15,18,21,22,24,25,39,34,36,32,38,31,27,33,28",c854392945ca0f43,E:\Projects\RL-LAM-ScanOpt\outputs\stage3_ppo_rl_lam_fea_addendum_v02_targeted_N24_N40\ppo_training_v02\checkpoints\N40_seed20260624_maskable_ppo_v02.zip,20260624,24260717,stochastic,0.2598447574334896,0.39323098861768074,0.08773629669538403,0.3493628402699887,False,36,38.97663551401869,PPO_v02_checkpoint_inference,False,False,7.205128205128205,18.0,0.07692307692307693,0.48717948717948717,0.5384615384615384,0.4615384615384615,0.9230769230769231
40,"[13,18,29,37,26,2,23,25,30,35,16,10,3,9,6,7,8,11,1,0,12,17,15,5,14,4,20,33,19,22,21,24,28,32,34,38,36,39,27,31]","13,18,29,37,26,2,23,25,30,35,16,10,3,9,6,7,8,11,1,0,12,17,15,5,14,4,20,33,19,22,21,24,28,32,34,38,36,39,27,31",6fe9375822ecf740,E:\Projects\RL-LAM-ScanOpt\outputs\stage3_ppo_rl_lam_fea_addendum_v02_targeted_N24_N40\ppo_training_v02\checkpoints\N40_seed20260624_maskable_ppo_v02.zip,20260624,24260718,stochastic,0.2297939847417839,0.380900767478481,0.09857102880161697,0.33161525307767253,False,37,38.953271028037385,PPO_v02_checkpoint_inference,False,False,7.230769230769231,24.0,0.10256410256410256,0.5128205128205128,0.482051282051282,0.517948717948718,0.8974358974358975
40,"[2,23,35,37,26,4,13,29,30,9,7,15,3,6,8,11,0,14,1,21,17,12,5,24,19,18,22,20,25,16,10,33,28,34,38,32,36,39,27,31]","2,23,35,37,26,4,13,29,30,9,7,15,3,6,8,11,0,14,1,21,17,12,5,24,19,18,22,20,25,16,10,33,28,34,38,32,36,39,27,31",bbea12913020f5bd,E:\Projects\RL-LAM-ScanOpt\outputs\stage3_ppo_rl_lam_fea_addendum_v02_targeted_N24_N40\ppo_training_v02\checkpoints\N40_seed20260624_maskable_ppo_v02.zip,20260624,24260719,stochastic,0.20170449921752712,0.3799134044366502,0.11133398449793556,0.32424641218768246,False,36,39.12149532710281,PPO_v02_checkpoint_inference,False,False,8.64102564102564,23.0,0.05128205128205128,0.48717948717948717,0.5794871794871794,0.4205128205128205,0.8974358974358975
40,"[30,29,37,35,33,26,23,19,13,9,3,1,7,8,4,11,10,15,2,6,5,14,12,0,18,21,24,20,17,16,22,25,28,36,38,34,31,32,39,27]","30,29,37,35,33,26,23,19,13,9,3,1,7,8,4,11,10,15,2,6,5,14,12,0,18,21,24,20,17,16,22,25,28,36,38,34,31,32,39,27",f0a14a5437e3fefa,E:\Projects\RL-LAM-ScanOpt\outputs\stage3_ppo_rl_lam_fea_addendum_v02_targeted_N24_N40\ppo_training_v02\checkpoints\N40_seed20260624_maskable_ppo_v02.zip,20260624,24260720,stochastic,0.32934367175273827,0.4577561114338912,0.08835814098978373,0.4135770409389994,False,35,39.47663551401869,PPO_v02_checkpoint_inference,False,False,4.897435897435898,18.0,0.15384615384615385,0.48717948717948717,0.482051282051282,0.517948717948718,0.717948717948718
40,"[13,2,8,7,11,6,29,37,35,26,23,18,19,9,1,5,12,30,20,24,16,17,0,3,15,4,14,10,22,21,25,38,32,39,34,36,33,27,31,28]","13,2,8,7,11,6,29,37,35,26,23,18,19,9,1,5,12,30,20,24,16,17,0,3,15,4,14,10,22,21,25,38,32,39,34,36,33,27,31,28",e7e88a3dae276415,E:\Projects\RL-LAM-ScanOpt\outputs\stage3_ppo_rl_lam_fea_addendum_v02_targeted_N24_N40\ppo_training_v02\checkpoints\N40_seed20260624_maskable_ppo_v02.zip,20260624,24260721,stochastic,0.26646472026604046,0.3891095226368434,0.08008687461378766,0.34906608532994954,False,35,38.257009345794394,PPO_v02_checkpoint_inference,False,False,6.948717948717949,23.0,0.10256410256410256,0.48717948717948717,0.6102564102564102,0.38974358974358975,0.8974358974358975
40,"[23,11,9,8,7,13,19,37,29,35,3,1,4,2,6,10,5,17,22,30,20,14,26,18,0,12,15,16,21,28,32,25,24,34,38,36,39,33,27,31]","23,11,9,8,7,13,19,37,29,35,3,1,4,2,6,10,5,17,22,30,20,14,26,18,0,12,15,16,21,28,32,25,24,34,38,36,39,33,27,31",eb2394b56b93fef0,E:\Projects\RL-LAM-ScanOpt\outputs\stage3_ppo_rl_lam_fea_addendum_v02_targeted_N24_N40\ppo_training_v02\checkpoints\N40_seed20260624_maskable_ppo_v02.zip,20260624,24260722,stochastic,0.288242664319249,0.432887650199693,0.10221070146799427,0.38178229946569586,False,37,39.23364485981308,PPO_v02_checkpoint_inference,False,False,6.82051282051282,32.0,0.10256410256410256,0.3076923076923077,0.49230769230769234,0.5076923076923077,0.7692307692307693
40,"[13,30,37,29,35,23,8,11,24,19,12,3,7,2,10,6,9,5,0,1,26,20,22,17,14,4,18,15,16,25,21,38,33,28,36,32,39,34,27,31]","13,30,37,29,35,23,8,11,24,19,12,3,7,2,10,6,9,5,0,1,26,20,22,17,14,4,18,15,16,25,21,38,33,28,36,32,39,34,27,31",576927aa6b9ceb9d,E:\Projects\RL-LAM-ScanOpt\outputs\stage3_ppo_rl_lam_fea_addendum_v02_targeted_N24_N40\ppo_training_v02\checkpoints\N40_seed20260624_maskable_ppo_v02.zip,20260624,24260723,stochastic,0.2582271909233174,0.4047217555493665,0.09438927888741135,0.35752711610566085,False,36,38.546728971962615,PPO_v02_checkpoint_inference,False,False,7.17948717948718,25.0,0.05128205128205128,0.6153846153846154,0.4512820512820513,0.5487179487179488,0.7435897435897436
40,"[13,9,37,35,29,30,18,23,11,1,2,3,17,4,5,8,10,26,21,19,12,7,6,0,16,14,20,22,15,24,25,39,34,38,33,32,36,31,28,27]","13,9,37,35,29,30,18,23,11,1,2,3,17,4,5,8,10,26,21,19,12,7,6,0,16,14,20,22,15,24,25,39,34,38,33,32,36,31,28,27",416857059ee5edcf,E:\Projects\RL-LAM-ScanOpt\outputs\stage3_ppo_rl_lam_fea_addendum_v02_targeted_N24_N40\ppo_training_v02\checkpoints\N40_seed20260624_maskable_ppo_v02.zip,20260624,24260724,stochastic,0.26223827269170563,0.41038510981761056,0.1012482322232358,0.3597609937059927,False,36,39.46261682242991,PPO_v02_checkpoint_inference,False,False,6.205128205128205,28.0,0.20512820512820512,0.5128205128205128,0.5230769230769231,0.4769230769230769,0.9230769230769231
40,"[13,11,4,10,35,37,19,29,30,23,0,3,7,14,1,12,26,6,2,8,9,22,18,21,20,25,16,5,17,15,39,24,34,38,36,31,32,33,27,28]","13,11,4,10,35,37,19,29,30,23,0,3,7,14,1,12,26,6,2,8,9,22,18,21,20,25,16,5,17,15,39,24,34,38,36,31,32,33,27,28",ef35af105d4f810b,E:\Projects\RL-LAM-ScanOpt\outputs\stage3_ppo_rl_lam_fea_addendum_v02_targeted_N24_N40\ppo_training_v02\checkpoints\N40_seed20260624_maskable_ppo_v02.zip,20260624,24260725,stochastic,0.2110487089201877,0.39943238203520515,0.11979550868233795,0.3395346276940362,False,36,38.26635514018692,PPO_v02_checkpoint_inference,False,False,8.025641025641026,25.0,0.15384615384615385,0.5384615384615384,0.49743589743589745,0.5025641025641026,0.8461538461538461
40,"[29,35,9,13,37,30,23,19,11,6,3,8,26,12,7,0,5,10,4,17,2,14,18,21,1,15,22,20,16,25,24,32,36,38,33,34,27,28,39,31]","29,35,9,13,37,30,23,19,11,6,3,8,26,12,7,0,5,10,4,17,2,14,18,21,1,15,22,20,16,25,24,32,36,38,33,34,27,28,39,31",eea1c00e0ac80da7,E:\Projects\RL-LAM-ScanOpt\outputs\stage3_ppo_rl_lam_fea_addendum_v02_targeted_N24_N40\ppo_training_v02\checkpoints\N40_seed20260624_maskable_ppo_v02.zip,20260624,24260726,stochastic,0.23187967527386544,0.4054143209799518,0.11018836480393984,0.35032013857798183,False,37,39.53738317757009,PPO_v02_checkpoint_inference,False,False,7.948717948717949,26.0,0.07692307692307693,0.5128205128205128,0.49230769230769234,0.5076923076923076,0.7948717948717948
40,"[30,26,35,29,37,20,2,4,13,23,8,7,21,6,9,1,3,12,19,11,17,14,0,5,18,10,16,15,24,22,25,33,38,36,34,32,39,31,27,28]","30,26,35,29,37,20,2,4,13,23,8,7,21,6,9,1,3,12,19,11,17,14,0,5,18,10,16,15,24,22,25,33,38,36,34,32,39,31,27,28",d0cadd4d5f6a5543,E:\Projects\RL-LAM-ScanOpt\outputs\stage3_ppo_rl_lam_fea_addendum_v02_targeted_N24_N40\ppo_training_v02\checkpoints\N40_seed20260624_maskable_ppo_v02.zip,20260624,24260727,stochastic,0.256528824334898,0.4118347818739313,0.09737087872150985,0.3631493425131764,False,35,39.546728971962615,PPO_v02_checkpoint_inference,False,False,7.0256410256410255,18.0,0.07692307692307693,0.46153846153846156,0.5282051282051282,0.4717948717948718,0.8974358974358975
40,"[37,29,26,30,5,1,7,13,8,11,4,22,6,12,23,2,3,0,9,17,35,19,16,14,15,18,20,25,21,10,28,24,32,38,27,39,34,31,36,33]","37,29,26,30,5,1,7,13,8,11,4,22,6,12,23,2,3,0,9,17,35,19,16,14,15,18,20,25,21,10,28,24,32,38,27,39,34,31,36,33",c5a7b31ebe20c722,E:\Projects\RL-LAM-ScanOpt\outputs\stage3_ppo_rl_lam_fea_addendum_v02_targeted_N24_N40\ppo_training_v02\checkpoints\N40_seed20260624_maskable_ppo_v02.zip,20260624,24260728,stochastic,0.23117659428794984,0.38443321401283126,0.09389159470440059,0.337487416660631,False,33,39.345794392523366,PPO_v02_checkpoint_inference,False,False,7.794871794871795,25.0,0.05128205128205128,0.5128205128205128,0.5948717948717949,0.40512820512820513,0.9230769230769231
40,"[13,6,11,35,29,10,17,37,19,26,30,8,0,7,4,3,2,15,24,18,1,12,9,5,23,20,14,16,22,39,38,36,25,21,28,34,32,33,27,31]","13,6,11,35,29,10,17,37,19,26,30,8,0,7,4,3,2,15,24,18,1,12,9,5,23,20,14,16,22,39,38,36,25,21,28,34,32,33,27,31",75bc26393c67b8ae,E:\Projects\RL-LAM-ScanOpt\outputs\stage3_ppo_rl_lam_fea_addendum_v02_targeted_N24_N40\ppo_training_v02\checkpoints\N40_seed20260624_maskable_ppo_v02.zip,20260624,24260729,stochastic,0.22374787754303593,0.38350771251596183,0.10068320053289595,0.33316611224951387,False,36,38.82710280373832,PPO_v02_checkpoint_inference,False,False,8.153846153846153,24.0,0.10256410256410256,0.5128205128205128,0.4615384615384615,0.5384615384615385,0.7948717948717948
40,"[13,3,4,6,11,7,35,29,30,37,23,26,38,20,19,16,8,0,1,2,5,9,10,18,17,12,15,24,14,25,22,21,33,34,32,36,39,31,27,28]","13,3,4,6,11,7,35,29,30,37,23,26,38,20,19,16,8,0,1,2,5,9,10,18,17,12,15,24,14,25,22,21,33,34,32,36,39,31,27,28",580f0f531776660a,E:\Projects\RL-LAM-ScanOpt\outputs\stage3_ppo_rl_lam_fea_addendum_v02_targeted_N24_N40\ppo_training_v02\checkpoints\N40_seed20260624_maskable_ppo_v02.zip,20260624,24260730,stochastic,0.29153387128325486,0.4176468520923603,0.08302487135230187,0.37613441641620937,False,36,38.66822429906542,PPO_v02_checkpoint_inference,False,False,5.82051282051282,28.0,0.2564102564102564,0.5384615384615384,0.6461538461538462,0.35384615384615387,0.8717948717948718
40,"[23,29,35,30,37,11,4,7,13,8,15,6,2,3,0,5,1,9,12,16,14,20,26,18,17,10,19,21,22,25,24,34,38,31,36,32,33,39,27,28]","23,29,35,30,37,11,4,7,13,8,15,6,2,3,0,5,1,9,12,16,14,20,26,18,17,10,19,21,22,25,24,34,38,31,36,32,33,39,27,28",6f50bccd49679fb9,E:\Projects\RL-LAM-ScanOpt\outputs\stage3_ppo_rl_lam_fea_addendum_v02_targeted_N24_N40\ppo_training_v02\checkpoints\N40_seed20260624_maskable_ppo_v02.zip,20260624,24260731,stochastic,0.2958760269953047,0.40347818094353416,0.07799327449177113,0.3644815436976486,False,35,38.51401869158879,PPO_v02_checkpoint_inference,False,False,5.512820512820513,26.0,0.15384615384615385,0.5384615384615384,0.5692307692307692,0.43076923076923074,0.8461538461538461
40,"[7,29,13,17,11,8,3,2,5,26,35,37,30,25,23,19,20,6,9,0,12,1,16,18,14,10,22,15,4,28,21,38,32,24,34,39,36,31,33,27]","7,29,13,17,11,8,3,2,5,26,35,37,30,25,23,19,20,6,9,0,12,1,16,18,14,10,22,15,4,28,21,38,32,24,34,39,36,31,33,27",fa251efacf991f41,E:\Projects\RL-LAM-ScanOpt\outputs\stage3_ppo_rl_lam_fea_addendum_v02_targeted_N24_N40\ppo_training_v02\checkpoints\N40_seed20260624_maskable_ppo_v02.zip,20260624,24260732,stochastic,0.24130207355242544,0.4106858393969434,0.10654333001268447,0.3574141743906012,False,36,38.981308411214954,PPO_v02_checkpoint_inference,False,False,7.897435897435898,24.0,0.05128205128205128,0.5128205128205128,0.5435897435897435,0.4564102564102564,0.6923076923076923
40,"[30,35,29,23,13,11,5,8,37,25,26,38,9,3,2,1,4,6,18,12,17,16,0,7,10,20,14,19,22,28,21,15,24,36,32,33,34,39,31,27]","30,35,29,23,13,11,5,8,37,25,26,38,9,3,2,1,4,6,18,12,17,16,0,7,10,20,14,19,22,28,21,15,24,36,32,33,34,39,31,27",e7a3996f94eb79c1,E:\Projects\RL-LAM-ScanOpt\outputs\stage3_ppo_rl_lam_fea_addendum_v02_targeted_N24_N40\ppo_training_v02\checkpoints\N40_seed20260624_maskable_ppo_v02.zip,20260624,24260733,stochastic,0.2581548806729264,0.2560116323350095,0.02196226182237824,0.24503050142382038,False,35,37.98598130841121,PPO_v02_checkpoint_inference,False,False,6.948717948717949,29.0,0.15384615384615385,0.48717948717948717,0.5282051282051282,0.4717948717948718,0.8205128205128205
40,"[13,17,11,8,6,23,29,37,26,35,2,3,0,5,1,7,4,9,12,16,15,10,19,20,18,30,21,22,24,25,34,38,36,27,14,39,32,33,31,28]","13,17,11,8,6,23,29,37,26,35,2,3,0,5,1,7,4,9,12,16,15,10,19,20,18,30,21,22,24,25,34,38,36,27,14,39,32,33,31,28",7af0bac7ec843694,E:\Projects\RL-LAM-ScanOpt\outputs\stage3_ppo_rl_lam_fea_addendum_v02_targeted_N24_N40\ppo_training_v02\checkpoints\N40_seed20260624_maskable_ppo_v02.zip,20260624,24260734,stochastic,0.2551101819248824,0.3824112046389761,0.0813057158056671,0.3417583467361425,False,35,39.03738317757009,PPO_v02_checkpoint_inference,False,False,6.435897435897436,33.0,0.15384615384615385,0.6410256410256411,0.4871794871794871,0.5128205128205129,0.7948717948717948
40,"[30,23,35,37,26,29,19,5,9,13,10,1,2,3,7,8,11,0,6,12,18,17,16,20,24,14,4,25,22,15,21,31,32,36,38,39,34,27,33,28]","30,23,35,37,26,29,19,5,9,13,10,1,2,3,7,8,11,0,6,12,18,17,16,20,24,14,4,25,22,15,21,31,32,36,38,39,34,27,33,28",69dafc10d5d1e141,E:\Projects\RL-LAM-ScanOpt\outputs\stage3_ppo_rl_lam_fea_addendum_v02_targeted_N24_N40\ppo_training_v02\checkpoints\N40_seed20260624_maskable_ppo_v02.zip,20260624,24260735,stochastic,0.2924128423317681,0.42399868040907984,0.10382365723992176,0.37208685178911893,False,36,38.63551401869159,PPO_v02_checkpoint_inference,False,False,5.794871794871795,21.0,0.1794871794871795,0.5128205128205128,0.4871794871794871,0.5128205128205129,0.8205128205128205
40,"[23,20,37,35,30,29,26,7,13,8,16,9,10,3,19,12,15,11,1,6,2,4,18,0,14,17,5,22,21,32,25,24,39,38,33,34,36,31,27,28]","23,20,37,35,30,29,26,7,13,8,16,9,10,3,19,12,15,11,1,6,2,4,18,0,14,17,5,22,21,32,25,24,39,38,33,34,36,31,27,28",4b1b80acaefa4cd8,E:\Projects\RL-LAM-ScanOpt\outputs\stage3_ppo_rl_lam_fea_addendum_v02_targeted_N24_N40\ppo_training_v02\checkpoints\N40_seed20260624_maskable_ppo_v02.zip,20260624,24260736,stochastic,0.24702782668231596,0.3766119305112444,0.08468088475259783,0.3342714881349455,False,35,39.481308411214954,PPO_v02_checkpoint_inference,False,False,6.846153846153846,19.0,0.1794871794871795,0.6410256410256411,0.482051282051282,0.517948717948718,0.7692307692307693
40,"[35,30,29,26,4,8,13,6,2,1,7,17,37,23,19,5,11,12,9,3,18,16,25,24,20,0,10,14,15,22,21,28,39,34,32,38,36,33,27,31]","35,30,29,26,4,8,13,6,2,1,7,17,37,23,19,5,11,12,9,3,18,16,25,24,20,0,10,14,15,22,21,28,39,34,32,38,36,33,27,31",073305ebdd74cd75,E:\Projects\RL-LAM-ScanOpt\outputs\stage3_ppo_rl_lam_fea_addendum_v02_targeted_N24_N40\ppo_training_v02\checkpoints\N40_seed20260624_maskable_ppo_v02.zip,20260624,24260737,stochastic,0.2599565434272298,0.40960990066087044,0.09645644571959414,0.3613816778010734,False,35,37.929906542056074,PPO_v02_checkpoint_inference,False,False,6.564102564102564,22.0,0.15384615384615385,0.46153846153846156,0.6410256410256411,0.358974358974359,0.8717948717948718
40,"[29,35,30,9,13,8,1,11,2,3,6,37,20,19,26,23,16,4,7,12,17,15,0,14,5,18,25,22,10,24,21,28,38,32,34,36,39,33,31,27]","29,35,30,9,13,8,1,11,2,3,6,37,20,19,26,23,16,4,7,12,17,15,0,14,5,18,25,22,10,24,21,28,38,32,34,36,39,33,31,27",cb752dbadcd575a3,E:\Projects\RL-LAM-ScanOpt\outputs\stage3_ppo_rl_lam_fea_addendum_v02_targeted_N24_N40\ppo_training_v02\checkpoints\N40_seed20260624_maskable_ppo_v02.zip,20260624,24260738,stochastic,0.23166254890453822,0.3574557637674426,0.07439606572501405,0.3202577309049356,False,35,39.11682242990654,PPO_v02_checkpoint_inference,False,False,7.589743589743589,31.0,0.05128205128205128,0.6153846153846154,0.641025641025641,0.3589743589743589,0.8717948717948718
40,"[23,35,29,37,26,30,2,8,7,3,13,17,20,11,5,0,1,6,9,4,14,19,25,24,18,15,12,21,16,10,22,39,27,32,38,34,36,33,31,28]","23,35,29,37,26,30,2,8,7,3,13,17,20,11,5,0,1,6,9,4,14,19,25,24,18,15,12,21,16,10,22,39,27,32,38,34,36,33,31,28",246103cd8a412d83,E:\Projects\RL-LAM-ScanOpt\outputs\stage3_ppo_rl_lam_fea_addendum_v02_targeted_N24_N40\ppo_training_v02\checkpoints\N40_seed20260624_maskable_ppo_v02.zip,20260624,24260739,stochastic,0.27733052621283216,0.4050004951693778,0.08282870677520798,0.36358614178177384,False,37,39.60280373831776,PPO_v02_checkpoint_inference,False,False,6.435897435897436,28.0,0.07692307692307693,0.48717948717948717,0.6205128205128205,0.37948717948717947,0.8974358974358975
40,"[26,37,29,35,8,11,5,13,4,3,6,7,16,23,9,2,0,1,12,17,19,15,14,38,20,30,25,18,21,24,22,10,33,31,36,34,28,39,32,27]","26,37,29,35,8,11,5,13,4,3,6,7,16,23,9,2,0,1,12,17,19,15,14,38,20,30,25,18,21,24,22,10,33,31,36,34,28,39,32,27",840ae0034a1afe44,E:\Projects\RL-LAM-ScanOpt\outputs\stage3_ppo_rl_lam_fea_addendum_v02_targeted_N24_N40\ppo_training_v02\checkpoints\N40_seed20260624_maskable_ppo_v02.zip,20260624,24260740,stochastic,0.2242809467918622,0.1981498013741545,0.021540372430593726,0.18737961515885765,False,35,38.570093457943926,PPO_v02_checkpoint_inference,False,False,7.461538461538462,27.0,0.10256410256410256,0.5897435897435898,0.6256410256410255,0.3743589743589743,0.8717948717948718
40,"[29,35,26,23,30,13,14,8,4,2,1,0,3,12,17,37,16,11,5,10,9,6,7,18,19,15,21,22,20,25,32,24,38,36,34,31,39,33,27,28]","29,35,26,23,30,13,14,8,4,2,1,0,3,12,17,37,16,11,5,10,9,6,7,18,19,15,21,22,20,25,32,24,38,36,34,31,39,33,27,28",aa2cccb6a87f06a1,E:\Projects\RL-LAM-ScanOpt\outputs\stage3_ppo_rl_lam_fea_addendum_v02_targeted_N24_N40\ppo_training_v02\checkpoints\N40_seed20260624_maskable_ppo_v02.zip,20260624,24260741,stochastic,0.27734234154929543,0.39606648164609964,0.07504627371771071,0.3585433447872443,False,36,38.929906542056074,PPO_v02_checkpoint_inference,False,False,5.717948717948718,21.0,0.20512820512820512,0.5897435897435898,0.5230769230769231,0.4769230769230769,0.8461538461538461
40,"[29,35,37,11,8,30,26,4,10,13,7,14,19,20,23,21,18,2,3,1,17,6,12,0,9,16,5,25,15,22,24,34,39,38,36,32,31,28,33,27]","29,35,37,11,8,30,26,4,10,13,7,14,19,20,23,21,18,2,3,1,17,6,12,0,9,16,5,25,15,22,24,34,39,38,36,32,31,28,33,27",feffa9d43dc749fa,E:\Projects\RL-LAM-ScanOpt\outputs\stage3_ppo_rl_lam_fea_addendum_v02_targeted_N24_N40\ppo_training_v02\checkpoints\N40_seed20260624_maskable_ppo_v02.zip,20260624,24260742,stochastic,0.23720031298904523,0.38252802455665413,0.09008547013796224,0.33748528948767303,False,34,39.27570093457944,PPO_v02_checkpoint_inference,False,False,7.384615384615385,26.0,0.10256410256410256,0.46153846153846156,0.5692307692307692,0.43076923076923074,0.8461538461538461
40,"[24,26,3,11,35,29,30,13,2,1,0,9,7,8,17,37,23,6,10,5,12,4,22,20,14,21,15,16,18,19,28,38,25,34,32,39,36,33,31,27]","24,26,3,11,35,29,30,13,2,1,0,9,7,8,17,37,23,6,10,5,12,4,22,20,14,21,15,16,18,19,28,38,25,34,32,39,36,33,31,27",cdd56adbe0296184,E:\Projects\RL-LAM-ScanOpt\outputs\stage3_ppo_rl_lam_fea_addendum_v02_targeted_N24_N40\ppo_training_v02\checkpoints\N40_seed20260624_maskable_ppo_v02.zip,20260624,24260743,stochastic,0.21220341353677621,0.38483739538457573,0.10692945475493379,0.33137266800710885,False,36,38.995327102803735,PPO_v02_checkpoint_inference,False,False,7.564102564102564,24.0,0.15384615384615385,0.5384615384615384,0.5846153846153846,0.41538461538461535,0.8717948717948718
40,"[29,30,23,35,37,9,1,13,7,10,2,11,4,6,28,24,19,26,18,17,3,12,0,5,8,14,15,20,25,16,22,21,31,38,36,39,32,34,33,27]","29,30,23,35,37,9,1,13,7,10,2,11,4,6,28,24,19,26,18,17,3,12,0,5,8,14,15,20,25,16,22,21,31,38,36,39,32,34,33,27",08fd133d973b8d22,E:\Projects\RL-LAM-ScanOpt\outputs\stage3_ppo_rl_lam_fea_addendum_v02_targeted_N24_N40\ppo_training_v02\checkpoints\N40_seed20260624_maskable_ppo_v02.zip,20260624,24260744,stochastic,0.2570841744913925,0.3655377883186196,0.07869497885131332,0.3261902988929629,False,36,39.345794392523366,PPO_v02_checkpoint_inference,False,False,6.82051282051282,28.0,0.1282051282051282,0.5128205128205128,0.5846153846153846,0.41538461538461535,0.9230769230769231
40,"[35,13,29,23,30,37,2,3,9,1,8,12,11,6,4,10,14,7,5,0,26,16,17,19,15,18,20,25,22,21,24,38,32,36,39,34,33,28,27,31]","35,13,29,23,30,37,2,3,9,1,8,12,11,6,4,10,14,7,5,0,26,16,17,19,15,18,20,25,22,21,24,38,32,36,39,34,33,28,27,31",8de05b28cca9b5d2,E:\Projects\RL-LAM-ScanOpt\outputs\stage3_ppo_rl_lam_fea_addendum_v02_targeted_N24_N40\ppo_training_v02\checkpoints\N40_seed20260624_maskable_ppo_v02.zip,20260624,24260745,stochastic,0.2565708528951484,0.40614092814691993,0.10119276959908463,0.3555445433473776,False,35,38.68691588785047,PPO_v02_checkpoint_inference,False,False,6.512820512820513,35.0,0.15384615384615385,0.5128205128205128,0.6461538461538462,0.3538461538461538,0.9230769230769231
40,"[35,29,26,7,13,8,17,37,23,19,2,11,9,1,6,5,3,12,15,14,0,4,24,20,22,25,30,21,10,16,18,33,38,34,36,39,32,31,27,28]","35,29,26,7,13,8,17,37,23,19,2,11,9,1,6,5,3,12,15,14,0,4,24,20,22,25,30,21,10,16,18,33,38,34,36,39,32,31,27,28",05d3b38282e77bcb,E:\Projects\RL-LAM-ScanOpt\outputs\stage3_ppo_rl_lam_fea_addendum_v02_targeted_N24_N40\ppo_training_v02\checkpoints\N40_seed20260624_maskable_ppo_v02.zip,20260624,24260746,stochastic,0.25415759976525804,0.40988767283624905,0.10208732175342651,0.3588440119595358,False,35,38.873831775700936,PPO_v02_checkpoint_inference,False,False,6.794871794871795,20.0,0.10256410256410256,0.5384615384615384,0.44102564102564107,0.558974358974359,0.7692307692307693
40,"[23,30,29,13,37,35,26,4,17,16,10,11,2,9,8,6,7,3,18,1,14,21,15,12,0,5,19,32,20,25,22,24,33,36,34,39,38,31,27,28]","23,30,29,13,37,35,26,4,17,16,10,11,2,9,8,6,7,3,18,1,14,21,15,12,0,5,19,32,20,25,22,24,33,36,34,39,38,31,27,28",6edb3de4deb22b34,E:\Projects\RL-LAM-ScanOpt\outputs\stage3_ppo_rl_lam_fea_addendum_v02_targeted_N24_N40\ppo_training_v02\checkpoints\N40_seed20260624_maskable_ppo_v02.zip,20260624,24260747,stochastic,0.22864292840375572,0.38345064547084007,0.09857127901409118,0.3341650059637945,False,35,38.67289719626168,PPO_v02_checkpoint_inference,False,False,7.3076923076923075,24.0,0.1794871794871795,0.6410256410256411,0.4666666666666667,0.5333333333333333,0.8461538461538461
40,"[19,30,29,35,37,23,4,7,13,26,0,1,17,3,8,11,6,2,5,18,12,25,20,9,16,14,15,10,28,22,39,36,21,24,34,38,32,31,33,27]","19,30,29,35,37,23,4,7,13,26,0,1,17,3,8,11,6,2,5,18,12,25,20,9,16,14,15,10,28,22,39,36,21,24,34,38,32,31,33,27",8da0207f70a947f4,E:\Projects\RL-LAM-ScanOpt\outputs\stage3_ppo_rl_lam_fea_addendum_v02_targeted_N24_N40\ppo_training_v02\checkpoints\N40_seed20260624_maskable_ppo_v02.zip,20260624,24260748,stochastic,0.2213140747261345,0.39563729467846004,0.10914899795603193,0.34106279570044407,False,37,39.55607476635514,PPO_v02_checkpoint_inference,False,False,7.846153846153846,26.0,0.10256410256410256,0.5641025641025641,0.5025641025641024,0.49743589743589745,0.8461538461538461
40,"[29,4,13,37,30,35,23,26,19,8,7,9,2,17,38,20,33,1,11,14,6,0,5,3,15,12,16,10,21,18,22,25,24,32,36,39,27,34,31,28]","29,4,13,37,30,35,23,26,19,8,7,9,2,17,38,20,33,1,11,14,6,0,5,3,15,12,16,10,21,18,22,25,24,32,36,39,27,34,31,28",58470f74152bf49d,E:\Projects\RL-LAM-ScanOpt\outputs\stage3_ppo_rl_lam_fea_addendum_v02_targeted_N24_N40\ppo_training_v02\checkpoints\N40_seed20260624_maskable_ppo_v02.zip,20260624,24260749,stochastic,0.21982483372456965,0.3096139762808117,0.053754555287799405,0.28273669863691203,False,36,39.495327102803735,PPO_v02_checkpoint_inference,False,False,8.538461538461538,32.0,0.05128205128205128,0.5897435897435898,0.49743589743589733,0.5025641025641027,0.8461538461538461
40,"[30,25,13,11,37,35,29,20,23,8,6,3,1,2,14,26,17,12,5,4,0,7,9,19,10,15,22,16,18,24,21,32,36,38,39,34,27,31,33,28]","30,25,13,11,37,35,29,20,23,8,6,3,1,2,14,26,17,12,5,4,0,7,9,19,10,15,22,16,18,24,21,32,36,38,39,34,27,31,33,28",7d1a73e65f8c2004,E:\Projects\RL-LAM-ScanOpt\outputs\stage3_ppo_rl_lam_fea_addendum_v02_targeted_N24_N40\ppo_training_v02\checkpoints\N40_seed20260624_maskable_ppo_v02.zip,20260624,24260750,stochastic,0.31100513497652554,0.43684921930122744,0.08380622540525426,0.3949461065986003,False,36,38.76635514018692,PPO_v02_checkpoint_inference,False,False,6.051282051282051,26.0,0.07692307692307693,0.5128205128205128,0.4564102564102564,0.5435897435897437,0.7435897435897436
40,"[7,13,29,37,35,30,2,23,12,5,8,16,26,20,25,10,6,15,1,11,3,0,4,9,17,19,14,28,18,22,21,24,32,34,36,33,38,31,39,27]","7,13,29,37,35,30,2,23,12,5,8,16,26,20,25,10,6,15,1,11,3,0,4,9,17,19,14,28,18,22,21,24,32,34,36,33,38,31,39,27",22b9274d06f5892b,E:\Projects\RL-LAM-ScanOpt\outputs\stage3_ppo_rl_lam_fea_addendum_v02_targeted_N24_N40\ppo_training_v02\checkpoints\N40_seed20260624_maskable_ppo_v02.zip,20260624,24260751,stochastic,0.24118266823161177,0.36559158016723836,0.0782332549027055,0.3264749527158856,False,36,39.02803738317757,PPO_v02_checkpoint_inference,False,False,7.743589743589744,28.0,0.02564102564102564,0.41025641025641024,0.5897435897435898,0.41025641025641024,0.8974358974358975
40,"[4,7,26,35,8,37,30,29,25,19,9,23,10,3,13,0,6,11,15,12,1,5,2,14,17,16,22,18,20,24,21,28,38,32,34,36,39,33,31,27]","4,7,26,35,8,37,30,29,25,19,9,23,10,3,13,0,6,11,15,12,1,5,2,14,17,16,22,18,20,24,21,28,38,32,34,36,39,33,31,27",f2be163fe86465eb,E:\Projects\RL-LAM-ScanOpt\outputs\stage3_ppo_rl_lam_fea_addendum_v02_targeted_N24_N40\ppo_training_v02\checkpoints\N40_seed20260624_maskable_ppo_v02.zip,20260624,24260752,stochastic,0.24893116197183088,0.39484965847976633,0.09373962619694053,0.34797984538129606,False,34,38.55607476635514,PPO_v02_checkpoint_inference,False,False,7.3076923076923075,29.0,0.05128205128205128,0.48717948717948717,0.5384615384615384,0.46153846153846156,0.8461538461538461
40,"[35,23,37,29,30,25,26,8,3,6,13,17,4,11,9,2,12,15,7,0,1,5,24,18,14,19,20,10,16,32,22,21,34,38,39,36,33,27,31,28]","35,23,37,29,30,25,26,8,3,6,13,17,4,11,9,2,12,15,7,0,1,5,24,18,14,19,20,10,16,32,22,21,34,38,39,36,33,27,31,28",fbf9e35a4b6fda16,E:\Projects\RL-LAM-ScanOpt\outputs\stage3_ppo_rl_lam_fea_addendum_v02_targeted_N24_N40\ppo_training_v02\checkpoints\N40_seed20260624_maskable_ppo_v02.zip,20260624,24260753,stochastic,0.26797152777777744,0.4004953000761957,0.08077571869585488,0.3601074407282683,False,36,38.929906542056074,PPO_v02_checkpoint_inference,False,False,6.538461538461538,19.0,0.15384615384615385,0.5384615384615384,0.5641025641025641,0.43589743589743585,0.8717948717948718
40,"[35,37,19,5,1,26,29,30,13,23,11,2,7,12,8,6,3,4,9,10,0,14,16,22,17,24,18,15,20,21,33,25,39,36,32,38,31,28,34,27]","35,37,19,5,1,26,29,30,13,23,11,2,7,12,8,6,3,4,9,10,0,14,16,22,17,24,18,15,20,21,33,25,39,36,32,38,31,28,34,27",60af4854239de3c8,E:\Projects\RL-LAM-ScanOpt\outputs\stage3_ppo_rl_lam_fea_addendum_v02_targeted_N24_N40\ppo_training_v02\checkpoints\N40_seed20260624_maskable_ppo_v02.zip,20260624,24260754,stochastic,0.26367732785602477,0.4217168053251694,0.10409869030910218,0.36966746017061836,False,37,39.47196261682243,PPO_v02_checkpoint_inference,False,False,6.923076923076923,25.0,0.10256410256410256,0.5128205128205128,0.5282051282051282,0.4717948717948718,0.9230769230769231
40,"[37,35,23,30,29,0,13,5,11,9,17,3,2,1,7,6,8,18,4,19,14,21,26,38,20,24,16,12,15,10,22,25,36,33,34,32,39,31,27,28]","37,35,23,30,29,0,13,5,11,9,17,3,2,1,7,6,8,18,4,19,14,21,26,38,20,24,16,12,15,10,22,25,36,33,34,32,39,31,27,28",43b59c0af9813426,E:\Projects\RL-LAM-ScanOpt\outputs\stage3_ppo_rl_lam_fea_addendum_v02_targeted_N24_N40\ppo_training_v02\checkpoints\N40_seed20260624_maskable_ppo_v02.zip,20260624,24260755,stochastic,0.24127216353677608,0.40166038371009527,0.10481028989989179,0.34925523876014936,False,35,39.126168224299064,PPO_v02_checkpoint_inference,False,False,7.051282051282051,29.0,0.15384615384615385,0.48717948717948717,0.5948717948717949,0.40512820512820513,0.9487179487179487
40,"[6,29,35,37,30,26,23,4,7,1,13,3,17,9,11,14,16,19,0,12,5,8,2,15,10,22,20,18,39,32,34,21,25,38,36,24,33,31,27,28]","6,29,35,37,30,26,23,4,7,1,13,3,17,9,11,14,16,19,0,12,5,8,2,15,10,22,20,18,39,32,34,21,25,38,36,24,33,31,27,28",05aa174171f571db,E:\Projects\RL-LAM-ScanOpt\outputs\stage3_ppo_rl_lam_fea_addendum_v02_targeted_N24_N40\ppo_training_v02\checkpoints\N40_seed20260624_maskable_ppo_v02.zip,20260624,24260756,stochastic,0.23837876564945198,0.2910446028561108,0.030683599095302386,0.2757028033084596,False,36,38.070093457943926,PPO_v02_checkpoint_inference,False,False,7.641025641025641,23.0,0.02564102564102564,0.46153846153846156,0.6307692307692309,0.3692307692307692,0.9230769230769231
40,"[35,29,37,23,19,8,13,7,6,11,3,4,1,9,5,21,30,12,0,24,33,20,2,14,10,15,18,26,17,16,22,25,34,38,32,36,39,31,27,28]","35,29,37,23,19,8,13,7,6,11,3,4,1,9,5,21,30,12,0,24,33,20,2,14,10,15,18,26,17,16,22,25,34,38,32,36,39,31,27,28",ab42a07c3ec91a49,E:\Projects\RL-LAM-ScanOpt\outputs\stage3_ppo_rl_lam_fea_addendum_v02_targeted_N24_N40\ppo_training_v02\checkpoints\N40_seed20260624_maskable_ppo_v02.zip,20260624,24260757,stochastic,0.2571319933489828,0.40598579518176736,0.0979380181176618,0.35701678612293647,False,36,38.7196261682243,PPO_v02_checkpoint_inference,False,False,7.512820512820513,24.0,0.10256410256410256,0.4358974358974359,0.5076923076923077,0.4923076923076922,0.7948717948717948
40,"[37,35,29,23,13,17,8,28,26,30,6,3,5,11,4,0,12,7,1,14,2,9,16,19,20,18,15,10,21,25,22,33,32,24,34,38,39,36,31,27]","37,35,29,23,13,17,8,28,26,30,6,3,5,11,4,0,12,7,1,14,2,9,16,19,20,18,15,10,21,25,22,33,32,24,34,38,39,36,31,27",d2dbe8523a70feb4,E:\Projects\RL-LAM-ScanOpt\outputs\stage3_ppo_rl_lam_fea_addendum_v02_targeted_N24_N40\ppo_training_v02\checkpoints\N40_seed20260624_maskable_ppo_v02.zip,20260624,24260758,stochastic,0.2932183489827855,0.428956265035421,0.08826579844117458,0.38482336581483373,False,37,39.574766355140184,PPO_v02_checkpoint_inference,False,False,6.410256410256411,24.0,0.07692307692307693,0.46153846153846156,0.47179487179487173,0.5282051282051282,0.7435897435897436
40,"[37,23,4,13,7,6,8,11,35,29,30,26,19,9,1,3,2,12,10,5,17,0,28,20,14,15,18,25,16,22,24,21,33,38,34,36,32,31,39,27]","37,23,4,13,7,6,8,11,35,29,30,26,19,9,1,3,2,12,10,5,17,0,28,20,14,15,18,25,16,22,24,21,33,38,34,36,32,31,39,27",572ee3276daf6833,E:\Projects\RL-LAM-ScanOpt\outputs\stage3_ppo_rl_lam_fea_addendum_v02_targeted_N24_N40\ppo_training_v02\checkpoints\N40_seed20260624_maskable_ppo_v02.zip,20260624,24260759,stochastic,0.2553633607198746,0.4049538297280668,0.09660890275596318,0.35664937835008526,False,33,39.12149532710281,PPO_v02_checkpoint_inference,False,False,7.282051282051282,28.0,0.1282051282051282,0.41025641025641024,0.5846153846153845,0.41538461538461535,0.8461538461538461
40,"[35,23,29,37,30,4,13,5,11,14,17,3,1,2,8,6,7,22,25,16,26,20,19,12,10,0,24,18,9,15,38,21,28,33,36,39,27,34,32,31]","35,23,29,37,30,4,13,5,11,14,17,3,1,2,8,6,7,22,25,16,26,20,19,12,10,0,24,18,9,15,38,21,28,33,36,39,27,34,32,31",c95c077af674aec0,E:\Projects\RL-LAM-ScanOpt\outputs\stage3_ppo_rl_lam_fea_addendum_v02_targeted_N24_N40\ppo_training_v02\checkpoints\N40_seed20260624_maskable_ppo_v02.zip,20260624,24260760,stochastic,0.23383121087636927,0.39011192426572167,0.09680839997119152,0.3417077242801259,False,36,38.39252336448598,PPO_v02_checkpoint_inference,False,False,7.743589743589744,26.0,0.10256410256410256,0.5128205128205128,0.5487179487179488,0.4512820512820513,0.8461538461538461
40,"[9,5,8,13,37,30,35,29,20,23,19,26,25,11,2,7,12,6,24,14,3,0,1,22,4,17,18,21,10,16,15,28,39,34,38,36,32,33,31,27]","9,5,8,13,37,30,35,29,20,23,19,26,25,11,2,7,12,6,24,14,3,0,1,22,4,17,18,21,10,16,15,28,39,34,38,36,32,33,31,27",ed4258e734ac1d66,E:\Projects\RL-LAM-ScanOpt\outputs\stage3_ppo_rl_lam_fea_addendum_v02_targeted_N24_N40\ppo_training_v02\checkpoints\N40_seed20260624_maskable_ppo_v02.zip,20260624,24260761,stochastic,0.2465703149452267,0.3834051779314285,0.08315282132748186,0.3418287672676875,False,36,39.4392523364486,PPO_v02_checkpoint_inference,False,False,7.17948717948718,24.0,0.1282051282051282,0.6153846153846154,0.5128205128205129,0.4871794871794871,0.8205128205128205
40,"[2,13,37,35,20,9,7,24,23,29,8,10,26,30,19,25,4,3,5,15,6,11,14,17,12,1,0,16,28,18,22,21,39,31,32,36,34,38,27,33]","2,13,37,35,20,9,7,24,23,29,8,10,26,30,19,25,4,3,5,15,6,11,14,17,12,1,0,16,28,18,22,21,39,31,32,36,34,38,27,33",3cfd18c220ca97ff,E:\Projects\RL-LAM-ScanOpt\outputs\stage3_ppo_rl_lam_fea_addendum_v02_targeted_N24_N40\ppo_training_v02\checkpoints\N40_seed20260624_maskable_ppo_v02.zip,20260624,24260762,stochastic,0.22738098591549277,0.36509845612440894,0.0918548443164586,0.31917103396617963,False,36,39.08878504672897,PPO_v02_checkpoint_inference,False,False,8.128205128205128,24.0,0.1282051282051282,0.48717948717948717,0.5025641025641027,0.49743589743589733,0.8974358974358975
40,"[13,23,16,29,10,8,35,37,30,26,20,7,11,4,5,18,6,12,3,2,1,17,19,9,22,15,14,0,32,25,36,34,21,31,38,24,33,27,39,28]","13,23,16,29,10,8,35,37,30,26,20,7,11,4,5,18,6,12,3,2,1,17,19,9,22,15,14,0,32,25,36,34,21,31,38,24,33,27,39,28",a7ce195573d01da4,E:\Projects\RL-LAM-ScanOpt\outputs\stage3_ppo_rl_lam_fea_addendum_v02_targeted_N24_N40\ppo_training_v02\checkpoints\N40_seed20260624_maskable_ppo_v02.zip,20260624,24260763,stochastic,0.22283259976525813,0.3667153330860779,0.09591281767323907,0.31875892424945834,False,34,38.700934579439256,PPO_v02_checkpoint_inference,False,False,9.256410256410257,32.0,0.10256410256410256,0.5384615384615384,0.482051282051282,0.517948717948718,0.7435897435897436
40,"[37,35,6,23,16,13,9,1,7,5,4,8,29,26,30,19,2,11,10,17,20,14,18,15,12,0,3,22,25,38,28,21,24,33,32,34,36,39,27,31]","37,35,6,23,16,13,9,1,7,5,4,8,29,26,30,19,2,11,10,17,20,14,18,15,12,0,3,22,25,38,28,21,24,33,32,34,36,39,27,31",befafd86bac19a1a,E:\Projects\RL-LAM-ScanOpt\outputs\stage3_ppo_rl_lam_fea_addendum_v02_targeted_N24_N40\ppo_training_v02\checkpoints\N40_seed20260624_maskable_ppo_v02.zip,20260624,24260764,stochastic,0.2521534526604066,0.3977055435486262,0.09583620405821529,0.34978744151951857,False,36,39.070093457943926,PPO_v02_checkpoint_inference,False,False,7.128205128205129,29.0,0.07692307692307693,0.6153846153846154,0.5948717948717949,0.40512820512820513,0.9230769230769231
40,"[23,35,4,13,7,30,29,22,26,20,21,37,19,18,6,2,9,5,15,12,0,8,11,16,3,1,17,14,24,10,25,33,34,38,36,32,39,27,28,31]","23,35,4,13,7,30,29,22,26,20,21,37,19,18,6,2,9,5,15,12,0,8,11,16,3,1,17,14,24,10,25,33,34,38,36,32,39,27,28,31",f0d2e811bbceef2a,E:\Projects\RL-LAM-ScanOpt\outputs\stage3_ppo_rl_lam_fea_addendum_v02_targeted_N24_N40\ppo_training_v02\checkpoints\N40_seed20260624_maskable_ppo_v02.zip,20260624,24260765,stochastic,0.21612485328638492,0.3465966602325063,0.0785673670025151,0.30731297673124874,False,35,39.16355140186916,PPO_v02_checkpoint_inference,False,False,8.153846153846153,31.0,0.1282051282051282,0.46153846153846156,0.4256410256410256,0.5743589743589743,0.7948717948717948
40,"[19,35,30,37,29,26,2,13,8,23,20,9,7,4,0,12,3,1,10,16,11,14,6,33,21,15,24,18,17,22,5,25,38,27,39,34,32,36,31,28]","19,35,30,37,29,26,2,13,8,23,20,9,7,4,0,12,3,1,10,16,11,14,6,33,21,15,24,18,17,22,5,25,38,27,39,34,32,36,31,28",1a0048f40d0bcbe7,E:\Projects\RL-LAM-ScanOpt\outputs\stage3_ppo_rl_lam_fea_addendum_v02_targeted_N24_N40\ppo_training_v02\checkpoints\N40_seed20260624_maskable_ppo_v02.zip,20260624,24260766,stochastic,0.20888694248826287,0.29934745164240295,0.06588716201582366,0.2664038706344911,False,35,38.72429906542056,PPO_v02_checkpoint_inference,False,False,8.435897435897436,27.0,0.02564102564102564,0.5897435897435898,0.5076923076923077,0.4923076923076922,0.8974358974358975
40,"[13,7,23,37,35,29,8,1,16,3,11,5,10,4,2,17,33,30,26,20,18,12,6,9,0,14,19,22,25,21,15,24,32,39,34,38,36,27,31,28]","13,7,23,37,35,29,8,1,16,3,11,5,10,4,2,17,33,30,26,20,18,12,6,9,0,14,19,22,25,21,15,24,32,39,34,38,36,27,31,28",150b0990a6d497e8,E:\Projects\RL-LAM-ScanOpt\outputs\stage3_ppo_rl_lam_fea_addendum_v02_targeted_N24_N40\ppo_training_v02\checkpoints\N40_seed20260624_maskable_ppo_v02.zip,20260624,24260767,stochastic,0.2664927034428796,0.41514611069449825,0.107868701209488,0.36121176008975425,False,36,38.76635514018692,PPO_v02_checkpoint_inference,False,False,7.256410256410256,21.0,0.0,0.4358974358974359,0.5897435897435896,0.41025641025641024,0.9230769230769231
40,"[29,35,37,30,23,6,7,13,21,8,5,11,2,1,3,17,14,26,19,9,12,15,0,10,20,16,4,18,22,24,32,25,38,34,36,39,33,31,27,28]","29,35,37,30,23,6,7,13,21,8,5,11,2,1,3,17,14,26,19,9,12,15,0,10,20,16,4,18,22,24,32,25,38,34,36,39,33,31,27,28",4de46e60e213f752,E:\Projects\RL-LAM-ScanOpt\outputs\stage3_ppo_rl_lam_fea_addendum_v02_targeted_N24_N40\ppo_training_v02\checkpoints\N40_seed20260624_maskable_ppo_v02.zip,20260624,24260768,stochastic,0.2803566901408448,0.4221581669848877,0.0964174959500074,0.373949419009884,False,35,38.98598130841121,PPO_v02_checkpoint_inference,False,False,6.6923076923076925,17.0,0.07692307692307693,0.4358974358974359,0.523076923076923,0.4769230769230769,0.7948717948717948
40,"[8,13,11,3,35,37,20,29,23,26,30,1,7,5,9,14,12,2,4,17,16,19,6,15,0,28,22,18,24,25,21,10,33,36,34,32,38,39,31,27]","8,13,11,3,35,37,20,29,23,26,30,1,7,5,9,14,12,2,4,17,16,19,6,15,0,28,22,18,24,25,21,10,33,36,34,32,38,39,31,27",c92be8da6798e0ab,E:\Projects\RL-LAM-ScanOpt\outputs\stage3_ppo_rl_lam_fea_addendum_v02_targeted_N24_N40\ppo_training_v02\checkpoints\N40_seed20260624_maskable_ppo_v02.zip,20260624,24260769,stochastic,0.2322501271517995,0.40095033255076984,0.10760538334652169,0.347147640877509,False,36,39.05607476635514,PPO_v02_checkpoint_inference,False,False,7.9743589743589745,32.0,0.07692307692307693,0.4358974358974359,0.49230769230769234,0.5076923076923077,0.8717948717948718
40,"[3,0,11,13,5,29,4,23,35,37,30,6,7,17,16,19,26,2,12,14,1,8,9,15,18,20,24,22,21,25,10,27,28,38,34,36,33,32,39,31]","3,0,11,13,5,29,4,23,35,37,30,6,7,17,16,19,26,2,12,14,1,8,9,15,18,20,24,22,21,25,10,27,28,38,34,36,33,32,39,31",5c35d8e16198fd75,E:\Projects\RL-LAM-ScanOpt\outputs\stage3_ppo_rl_lam_fea_addendum_v02_targeted_N24_N40\ppo_training_v02\checkpoints\N40_seed20260624_maskable_ppo_v02.zip,20260624,24260770,stochastic,0.20376256846635346,0.3491869728642711,0.08907114175254668,0.3046514019879977,False,36,38.52803738317757,PPO_v02_checkpoint_inference,False,False,7.846153846153846,25.0,0.15384615384615385,0.5128205128205128,0.6512820512820514,0.3487179487179487,0.9487179487179487
40,"[30,29,13,26,37,35,0,8,4,2,6,1,3,11,23,19,16,17,12,7,9,14,22,20,10,15,18,5,24,33,25,21,32,38,34,39,36,27,28,31]","30,29,13,26,37,35,0,8,4,2,6,1,3,11,23,19,16,17,12,7,9,14,22,20,10,15,18,5,24,33,25,21,32,38,34,39,36,27,28,31",30964ba2e87f9751,E:\Projects\RL-LAM-ScanOpt\outputs\stage3_ppo_rl_lam_fea_addendum_v02_targeted_N24_N40\ppo_training_v02\checkpoints\N40_seed20260624_maskable_ppo_v02.zip,20260624,24260771,stochastic,0.249881915101721,0.3813698056289607,0.07973993702583414,0.34149983711604365,False,34,38.90654205607477,PPO_v02_checkpoint_inference,False,False,6.948717948717949,35.0,0.07692307692307693,0.5384615384615384,0.6666666666666667,0.33333333333333337,0.9487179487179487
40,"[10,13,8,30,37,18,35,26,23,29,12,19,33,11,5,14,7,3,2,1,9,0,6,4,16,17,25,20,22,15,24,21,32,34,38,36,39,27,31,28]","10,13,8,30,37,18,35,26,23,29,12,19,33,11,5,14,7,3,2,1,9,0,6,4,16,17,25,20,22,15,24,21,32,34,38,36,39,27,31,28",d99ba8afd63c237c,E:\Projects\RL-LAM-ScanOpt\outputs\stage3_ppo_rl_lam_fea_addendum_v02_targeted_N24_N40\ppo_training_v02\checkpoints\N40_seed20260624_maskable_ppo_v02.zip,20260624,24260772,stochastic,0.2342904244913926,0.3966674500795744,0.10529421166971671,0.344020344244716,False,36,39.56542056074766,PPO_v02_checkpoint_inference,False,False,7.487179487179487,22.0,0.07692307692307693,0.5641025641025641,0.4717948717948718,0.5282051282051282,0.7435897435897436
40,"[4,12,13,11,7,16,17,35,37,29,8,6,9,23,30,25,3,2,0,18,1,5,26,20,14,10,19,15,22,21,36,32,27,39,33,38,34,24,31,28]","4,12,13,11,7,16,17,35,37,29,8,6,9,23,30,25,3,2,0,18,1,5,26,20,14,10,19,15,22,21,36,32,27,39,33,38,34,24,31,28",76bc155b7cdf5630,E:\Projects\RL-LAM-ScanOpt\outputs\stage3_ppo_rl_lam_fea_addendum_v02_targeted_N24_N40\ppo_training_v02\checkpoints\N40_seed20260624_maskable_ppo_v02.zip,20260624,24260773,stochastic,0.24008433098591545,0.37341936663520187,0.08408317060013204,0.33137778133513585,False,37,39.242990654205606,PPO_v02_checkpoint_inference,False,False,7.641025641025641,22.0,0.10256410256410256,0.46153846153846156,0.5076923076923078,0.4923076923076922,0.8461538461538461
40,"[5,7,2,13,11,9,35,37,29,23,30,8,6,4,15,0,3,1,26,17,18,10,28,19,14,12,22,20,21,25,16,24,34,33,32,38,39,27,36,31]","5,7,2,13,11,9,35,37,29,23,30,8,6,4,15,0,3,1,26,17,18,10,28,19,14,12,22,20,21,25,16,24,34,33,32,38,39,27,36,31",7fa40b5f39314e67,E:\Projects\RL-LAM-ScanOpt\outputs\stage3_ppo_rl_lam_fea_addendum_v02_targeted_N24_N40\ppo_training_v02\checkpoints\N40_seed20260624_maskable_ppo_v02.zip,20260624,24260774,stochastic,0.2469622750391235,0.39924955181547883,0.10096542198282907,0.3487668408240643,False,36,39.200934579439256,PPO_v02_checkpoint_inference,False,False,7.282051282051282,26.0,0.1282051282051282,0.46153846153846156,0.5948717948717949,0.40512820512820513,0.8974358974358975
40,"[29,35,37,26,30,13,3,8,23,4,10,28,33,2,32,19,20,25,21,9,1,12,5,14,17,0,11,7,6,18,16,22,15,24,34,38,39,36,31,27]","29,35,37,26,30,13,3,8,23,4,10,28,33,2,32,19,20,25,21,9,1,12,5,14,17,0,11,7,6,18,16,22,15,24,34,38,39,36,31,27",eb6cc6404a510476,E:\Projects\RL-LAM-ScanOpt\outputs\stage3_ppo_rl_lam_fea_addendum_v02_targeted_N24_N40\ppo_training_v02\checkpoints\N40_seed20260624_maskable_ppo_v02.zip,20260624,24260775,stochastic,0.18584722222222208,0.19921760667166535,0.01353134225653451,0.1924519355433981,False,35,39.33644859813084,PPO_v02_checkpoint_inference,False,False,8.923076923076923,31.0,0.07692307692307693,0.5641025641025641,0.5794871794871794,0.4205128205128205,0.8717948717948718
40,"[8,6,13,5,16,35,29,37,26,30,23,4,7,2,3,11,0,1,12,14,9,17,22,19,34,20,21,18,10,28,15,39,24,27,25,32,36,38,31,33]","8,6,13,5,16,35,29,37,26,30,23,4,7,2,3,11,0,1,12,14,9,17,22,19,34,20,21,18,10,28,15,39,24,27,25,32,36,38,31,33",db42e031056d2007,E:\Projects\RL-LAM-ScanOpt\outputs\stage3_ppo_rl_lam_fea_addendum_v02_targeted_N24_N40\ppo_training_v02\checkpoints\N40_seed20260624_maskable_ppo_v02.zip,20260624,24260776,stochastic,0.23227087245696393,0.3873410351833363,0.09707291917959461,0.338804575593539,False,36,38.87850467289719,PPO_v02_checkpoint_inference,False,False,7.769230769230769,24.0,0.07692307692307693,0.5897435897435898,0.5589743589743589,0.44102564102564096,0.8205128205128205
40,"[13,16,11,8,4,15,7,6,3,12,21,29,37,22,35,30,23,26,9,14,1,5,2,19,0,17,38,20,18,10,24,25,32,34,39,31,36,27,33,28]","13,16,11,8,4,15,7,6,3,12,21,29,37,22,35,30,23,26,9,14,1,5,2,19,0,17,38,20,18,10,24,25,32,34,39,31,36,27,33,28",f633423d70fe3359,E:\Projects\RL-LAM-ScanOpt\outputs\stage3_ppo_rl_lam_fea_addendum_v02_targeted_N24_N40\ppo_training_v02\checkpoints\N40_seed20260624_maskable_ppo_v02.zip,20260624,24260777,stochastic,0.22095776604068856,0.32248976152957365,0.060042037180405294,0.292468742939371,False,35,38.808411214953274,PPO_v02_checkpoint_inference,False,False,8.23076923076923,21.0,0.05128205128205128,0.6923076923076923,0.5128205128205129,0.4871794871794872,0.3333333333333333
40,"[19,35,37,29,25,16,1,13,8,11,7,20,23,30,26,2,6,18,0,3,9,12,5,17,4,22,21,24,15,14,10,39,32,34,38,33,36,31,27,28]","19,35,37,29,25,16,1,13,8,11,7,20,23,30,26,2,6,18,0,3,9,12,5,17,4,22,21,24,15,14,10,39,32,34,38,33,36,31,27,28",aebd6a34142d290b,E:\Projects\RL-LAM-ScanOpt\outputs\stage3_ppo_rl_lam_fea_addendum_v02_targeted_N24_N40\ppo_training_v02\checkpoints\N40_seed20260624_maskable_ppo_v02.zip,20260624,24260778,stochastic,0.23003384194053209,0.39406994924775507,0.10612243897947009,0.34100872975802005,False,35,39.425233644859816,PPO_v02_checkpoint_inference,False,False,7.769230769230769,29.0,0.07692307692307693,0.5384615384615384,0.49743589743589745,0.5025641025641026,0.9230769230769231
40,"[35,30,37,13,8,29,26,16,21,23,20,14,12,0,3,9,1,11,2,6,17,4,7,19,10,18,5,15,22,24,25,34,32,33,36,38,31,28,39,27]","35,30,37,13,8,29,26,16,21,23,20,14,12,0,3,9,1,11,2,6,17,4,7,19,10,18,5,15,22,24,25,34,32,33,36,38,31,28,39,27",1d882cf4b27ae0f2,E:\Projects\RL-LAM-ScanOpt\outputs\stage3_ppo_rl_lam_fea_addendum_v02_targeted_N24_N40\ppo_training_v02\checkpoints\N40_seed20260624_maskable_ppo_v02.zip,20260624,24260779,stochastic,0.24839385758998428,0.4030210805680349,0.0993462597262991,0.35334795070488534,False,35,38.78504672897196,PPO_v02_checkpoint_inference,False,False,7.282051282051282,24.0,0.05128205128205128,0.5641025641025641,0.44102564102564096,0.558974358974359,0.7435897435897436
40,"[35,23,20,29,37,30,10,5,11,13,8,1,19,4,7,3,9,17,26,24,16,12,2,15,6,14,0,18,21,22,34,32,25,38,33,27,36,39,31,28]","35,23,20,29,37,30,10,5,11,13,8,1,19,4,7,3,9,17,26,24,16,12,2,15,6,14,0,18,21,22,34,32,25,38,33,27,36,39,31,28",25409fa4a80fddf8,E:\Projects\RL-LAM-ScanOpt\outputs\stage3_ppo_rl_lam_fea_addendum_v02_targeted_N24_N40\ppo_training_v02\checkpoints\N40_seed20260624_maskable_ppo_v02.zip,20260624,24260780,stochastic,0.2525877543035992,0.4116296498886539,0.10436916486105458,0.35944506745812665,False,37,39.046728971962615,PPO_v02_checkpoint_inference,False,False,7.82051282051282,20.0,0.02564102564102564,0.48717948717948717,0.49230769230769234,0.5076923076923077,0.8205128205128205
40,"[37,29,30,15,9,2,23,35,26,8,13,6,7,25,11,12,1,4,16,0,3,18,14,10,5,17,19,22,20,21,24,34,32,39,36,38,27,33,31,28]","37,29,30,15,9,2,23,35,26,8,13,6,7,25,11,12,1,4,16,0,3,18,14,10,5,17,19,22,20,21,24,34,32,39,36,38,27,33,31,28",442c8828f619c2ea,E:\Projects\RL-LAM-ScanOpt\outputs\stage3_ppo_rl_lam_fea_addendum_v02_targeted_N24_N40\ppo_training_v02\checkpoints\N40_seed20260624_maskable_ppo_v02.zip,20260624,24260781,stochastic,0.23616495500782458,0.37447681616123535,0.08585053904306732,0.3315515466397017,False,34,38.78971962616822,PPO_v02_checkpoint_inference,False,False,7.3076923076923075,21.0,0.10256410256410256,0.5384615384615384,0.5487179487179487,0.45128205128205134,0.8974358974358975
40,"[9,17,30,19,29,5,23,35,20,37,26,7,1,13,3,11,6,0,2,12,8,10,14,18,15,22,21,25,24,4,16,34,28,38,36,39,32,33,27,31]","9,17,30,19,29,5,23,35,20,37,26,7,1,13,3,11,6,0,2,12,8,10,14,18,15,22,21,25,24,4,16,34,28,38,36,39,32,33,27,31",fb5a8c1ab3d87052,E:\Projects\RL-LAM-ScanOpt\outputs\stage3_ppo_rl_lam_fea_addendum_v02_targeted_N24_N40\ppo_training_v02\checkpoints\N40_seed20260624_maskable_ppo_v02.zip,20260624,24260782,stochastic,0.22473784233176822,0.39814596476701947,0.11125215130682233,0.3425198891136083,False,35,39.23831775700935,PPO_v02_checkpoint_inference,False,False,8.615384615384615,24.0,0.07692307692307693,0.358974358974359,0.43589743589743596,0.5641025641025641,0.8205128205128205
40,"[37,35,26,29,4,13,8,11,1,5,23,30,14,10,3,2,12,6,7,17,19,9,0,24,22,20,25,33,18,16,15,21,32,27,34,38,36,39,28,31]","37,35,26,29,4,13,8,11,1,5,23,30,14,10,3,2,12,6,7,17,19,9,0,24,22,20,25,33,18,16,15,21,32,27,34,38,36,39,28,31",57e308b3c37c304d,E:\Projects\RL-LAM-ScanOpt\outputs\stage3_ppo_rl_lam_fea_addendum_v02_targeted_N24_N40\ppo_training_v02\checkpoints\N40_seed20260624_maskable_ppo_v02.zip,20260624,24260783,stochastic,0.24924201877934254,0.4009532865552934,0.09891136189212417,0.3514976056092313,False,36,38.93457943925234,PPO_v02_checkpoint_inference,False,False,7.230769230769231,25.0,0.07692307692307693,0.5128205128205128,0.6358974358974359,0.36410256410256403,0.9230769230769231
40,"[13,29,35,37,4,9,26,30,21,23,8,10,6,11,2,3,7,1,12,16,18,0,5,24,20,17,19,14,15,22,39,38,36,25,34,32,33,27,31,28]","13,29,35,37,4,9,26,30,21,23,8,10,6,11,2,3,7,1,12,16,18,0,5,24,20,17,19,14,15,22,39,38,36,25,34,32,33,27,31,28",1ca1dd03835eeb2f,E:\Projects\RL-LAM-ScanOpt\outputs\stage3_ppo_rl_lam_fea_addendum_v02_targeted_N24_N40\ppo_training_v02\checkpoints\N40_seed20260624_maskable_ppo_v02.zip,20260624,24260784,stochastic,0.24023265845070405,0.3952939163940568,0.09875669124297755,0.345915570772568,False,35,38.53738317757009,PPO_v02_checkpoint_inference,False,False,7.102564102564102,33.0,0.10256410256410256,0.5384615384615384,0.49743589743589745,0.5025641025641026,0.8461538461538461
40,"[8,29,37,23,35,26,30,13,28,16,9,15,3,6,0,7,4,2,12,11,5,18,17,24,20,1,14,22,25,36,19,21,10,32,38,39,34,33,27,31]","8,29,37,23,35,26,30,13,28,16,9,15,3,6,0,7,4,2,12,11,5,18,17,24,20,1,14,22,25,36,19,21,10,32,38,39,34,33,27,31",9c0b0d361e73f183,E:\Projects\RL-LAM-ScanOpt\outputs\stage3_ppo_rl_lam_fea_addendum_v02_targeted_N24_N40\ppo_training_v02\checkpoints\N40_seed20260624_maskable_ppo_v02.zip,20260624,24260785,stochastic,0.19229691901408444,0.20364673852224635,0.011049178030485331,0.1981221495070037,False,36,39.47196261682243,PPO_v02_checkpoint_inference,False,False,8.435897435897436,22.0,0.10256410256410256,0.5384615384615384,0.4769230769230769,0.523076923076923,0.7435897435897436
40,"[13,35,37,29,30,23,26,16,2,5,11,7,3,6,9,17,12,8,0,4,1,18,25,20,14,15,10,19,21,22,24,32,34,39,38,36,31,33,27,28]","13,35,37,29,30,23,26,16,2,5,11,7,3,6,9,17,12,8,0,4,1,18,25,20,14,15,10,19,21,22,24,32,34,39,38,36,31,33,27,28",a53f5f8da90056dc,E:\Projects\RL-LAM-ScanOpt\outputs\stage3_ppo_rl_lam_fea_addendum_v02_targeted_N24_N40\ppo_training_v02\checkpoints\N40_seed20260624_maskable_ppo_v02.zip,20260624,24260786,stochastic,0.30919872848200286,0.4358512330535948,0.08526093791256614,0.3932207640973117,False,36,39.481308411214954,PPO_v02_checkpoint_inference,False,False,5.358974358974359,22.0,0.1282051282051282,0.48717948717948717,0.5384615384615385,0.4615384615384615,0.8974358974358975
40,"[25,23,13,11,9,4,8,7,26,35,2,17,3,6,12,0,19,29,37,30,22,16,1,5,28,20,18,15,24,34,14,21,10,36,32,38,39,33,27,31]","25,23,13,11,9,4,8,7,26,35,2,17,3,6,12,0,19,29,37,30,22,16,1,5,28,20,18,15,24,34,14,21,10,36,32,38,39,33,27,31",e00128576f862da6,E:\Projects\RL-LAM-ScanOpt\outputs\stage3_ppo_rl_lam_fea_addendum_v02_targeted_N24_N40\ppo_training_v02\checkpoints\N40_seed20260624_maskable_ppo_v02.zip,20260624,24260787,stochastic,0.1929249608763692,0.21664028956310882,0.021881046401722632,0.20569976636224752,False,36,38.7196261682243,PPO_v02_checkpoint_inference,False,False,9.23076923076923,33.0,0.05128205128205128,0.41025641025641024,0.4923076923076922,0.5076923076923078,0.7948717948717948
40,"[30,35,5,6,13,29,37,23,7,11,8,1,2,9,3,12,0,26,19,15,16,14,17,18,20,22,10,4,21,24,25,34,36,38,39,27,32,33,31,28]","30,35,5,6,13,29,37,23,7,11,8,1,2,9,3,12,0,26,19,15,16,14,17,18,20,22,10,4,21,24,25,34,36,38,39,27,32,33,31,28",458bbc4269f23412,E:\Projects\RL-LAM-ScanOpt\outputs\stage3_ppo_rl_lam_fea_addendum_v02_targeted_N24_N40\ppo_training_v02\checkpoints\N40_seed20260624_maskable_ppo_v02.zip,20260624,24260788,stochastic,0.24781819248826273,0.40959539905253034,0.10525656990179462,0.356967114101633,False,37,38.86448598130841,PPO_v02_checkpoint_inference,False,False,6.923076923076923,30.0,0.1794871794871795,0.5128205128205128,0.5743589743589743,0.4256410256410256,0.8205128205128205
40,"[29,35,37,25,30,13,8,3,0,11,7,15,16,4,2,9,1,6,14,12,5,26,20,18,21,17,23,19,22,10,24,28,32,36,34,38,39,33,31,27]","29,35,37,25,30,13,8,3,0,11,7,15,16,4,2,9,1,6,14,12,5,26,20,18,21,17,23,19,22,10,24,28,32,36,34,38,39,33,31,27",c31a0279c15af326,E:\Projects\RL-LAM-ScanOpt\outputs\stage3_ppo_rl_lam_fea_addendum_v02_targeted_N24_N40\ppo_training_v02\checkpoints\N40_seed20260624_maskable_ppo_v02.zip,20260624,24260789,stochastic,0.2877018094679183,0.40953908180278353,0.0838933986753106,0.36759238246512826,False,36,39.51401869158879,PPO_v02_checkpoint_inference,False,False,6.051282051282051,21.0,0.05128205128205128,0.358974358974359,0.6205128205128205,0.37948717948717947,0.9487179487179487
40,"[13,14,11,5,7,16,30,35,20,29,37,26,3,8,17,23,19,18,25,4,2,6,1,15,12,0,21,22,10,9,24,28,32,33,38,36,39,34,31,27]","13,14,11,5,7,16,30,35,20,29,37,26,3,8,17,23,19,18,25,4,2,6,1,15,12,0,21,22,10,9,24,28,32,33,38,36,39,34,31,27",79d7baa91627b155,E:\Projects\RL-LAM-ScanOpt\outputs\stage3_ppo_rl_lam_fea_addendum_v02_targeted_N24_N40\ppo_training_v02\checkpoints\N40_seed20260624_maskable_ppo_v02.zip,20260624,24260790,stochastic,0.22415401017214392,0.3605096363440761,0.08439542678706576,0.3183119229505432,False,35,39.50934579439252,PPO_v02_checkpoint_inference,False,False,7.17948717948718,23.0,0.1282051282051282,0.6153846153846154,0.4461538461538462,0.5538461538461539,0.7692307692307693
40,"[8,11,35,29,37,19,9,13,30,26,23,17,16,7,6,15,3,18,1,12,2,5,4,14,0,20,21,22,25,39,33,10,24,32,36,38,34,31,27,28]","8,11,35,29,37,19,9,13,30,26,23,17,16,7,6,15,3,18,1,12,2,5,4,14,0,20,21,22,25,39,33,10,24,32,36,38,34,31,27,28",6213e651d1f731e4,E:\Projects\RL-LAM-ScanOpt\outputs\stage3_ppo_rl_lam_fea_addendum_v02_targeted_N24_N40\ppo_training_v02\checkpoints\N40_seed20260624_maskable_ppo_v02.zip,20260624,24260791,stochastic,0.20334960876369315,0.2058876211135628,0.008895155603525521,0.20144004331180004,False,36,39.55140186915888,PPO_v02_checkpoint_inference,False,False,8.307692307692308,24.0,0.15384615384615385,0.46153846153846156,0.49743589743589733,0.5025641025641026,0.7435897435897436
40,"[13,29,35,37,30,20,23,21,19,26,1,6,7,9,4,15,14,17,10,3,5,12,11,8,2,0,16,22,18,28,25,24,27,39,36,34,32,31,38,33]","13,29,35,37,30,20,23,21,19,26,1,6,7,9,4,15,14,17,10,3,5,12,11,8,2,0,16,22,18,28,25,24,27,39,36,34,32,31,38,33",637852a9e1faa76e,E:\Projects\RL-LAM-ScanOpt\outputs\stage3_ppo_rl_lam_fea_addendum_v02_targeted_N24_N40\ppo_training_v02\checkpoints\N40_seed20260624_maskable_ppo_v02.zip,20260624,24260792,stochastic,0.27538629694835626,0.3949735770082078,0.08000485178188711,0.35497115111726424,False,36,39.55140186915888,PPO_v02_checkpoint_inference,False,False,5.589743589743589,25.0,0.1282051282051282,0.5641025641025641,0.3692307692307692,0.6307692307692309,0.6153846153846154
40,"[23,29,37,22,20,35,30,26,19,11,13,7,8,9,2,1,3,6,5,12,0,14,17,4,10,16,15,18,39,21,28,36,38,34,32,31,24,25,27,33]","23,29,37,22,20,35,30,26,19,11,13,7,8,9,2,1,3,6,5,12,0,14,17,4,10,16,15,18,39,21,28,36,38,34,32,31,24,25,27,33",dbd6930de605354c,E:\Projects\RL-LAM-ScanOpt\outputs\stage3_ppo_rl_lam_fea_addendum_v02_targeted_N24_N40\ppo_training_v02\checkpoints\N40_seed20260624_maskable_ppo_v02.zip,20260624,24260793,stochastic,0.2798429088419403,0.40821626761686186,0.08215911217584038,0.3671367115289417,False,35,38.78504672897196,PPO_v02_checkpoint_inference,False,False,6.102564102564102,21.0,0.1794871794871795,0.5128205128205128,0.3846153846153846,0.6153846153846153,0.6666666666666666
40,"[37,35,29,26,13,9,5,7,17,16,2,11,23,20,30,22,24,19,0,8,1,6,3,12,4,10,14,15,18,21,34,25,28,33,36,38,27,32,39,31]","37,35,29,26,13,9,5,7,17,16,2,11,23,20,30,22,24,19,0,8,1,6,3,12,4,10,14,15,18,21,34,25,28,33,36,38,27,32,39,31",8466fa27c9f6a4e7,E:\Projects\RL-LAM-ScanOpt\outputs\stage3_ppo_rl_lam_fea_addendum_v02_targeted_N24_N40\ppo_training_v02\checkpoints\N40_seed20260624_maskable_ppo_v02.zip,20260624,24260794,stochastic,0.28775151604068855,0.38364111582041405,0.05668003443370232,0.3553010986035629,False,36,38.43457943925234,PPO_v02_checkpoint_inference,False,False,6.410256410256411,19.0,0.05128205128205128,0.5641025641025641,0.5076923076923078,0.4923076923076922,0.8205128205128205
40,"[30,35,4,13,29,37,8,26,3,17,23,10,16,11,6,9,7,14,12,5,0,1,2,15,19,18,20,25,21,22,32,38,24,34,39,33,36,31,27,28]","30,35,4,13,29,37,8,26,3,17,23,10,16,11,6,9,7,14,12,5,0,1,2,15,19,18,20,25,21,22,32,38,24,34,39,33,36,31,27,28",762c658dde2f82ff,E:\Projects\RL-LAM-ScanOpt\outputs\stage3_ppo_rl_lam_fea_addendum_v02_targeted_N24_N40\ppo_training_v02\checkpoints\N40_seed20260624_maskable_ppo_v02.zip,20260624,24260795,stochastic,0.22486452464788725,0.375279316409302,0.09428562988463886,0.3281365014669826,False,36,39.21495327102804,PPO_v02_checkpoint_inference,False,False,7.948717948717949,31.0,0.1282051282051282,0.5641025641025641,0.5743589743589743,0.4256410256410256,0.8717948717948718
40,"[23,37,8,13,5,29,35,30,26,20,19,17,9,28,15,0,6,7,2,3,11,1,16,18,22,25,21,12,4,14,10,24,32,33,38,34,36,27,39,31]","23,37,8,13,5,29,35,30,26,20,19,17,9,28,15,0,6,7,2,3,11,1,16,18,22,25,21,12,4,14,10,24,32,33,38,34,36,27,39,31",93c1f6ea300b9a37,E:\Projects\RL-LAM-ScanOpt\outputs\stage3_ppo_rl_lam_fea_addendum_v02_targeted_N24_N40\ppo_training_v02\checkpoints\N40_seed20260624_maskable_ppo_v02.zip,20260624,24260796,stochastic,0.22736778169014077,0.3967752798976446,0.10469985125639704,0.3444253542694461,False,36,39.43457943925234,PPO_v02_checkpoint_inference,False,False,8.0,29.0,0.10256410256410256,0.41025641025641024,0.4923076923076922,0.5076923076923078,0.8205128205128205
40,"[37,35,29,23,13,6,21,26,16,17,8,3,11,5,7,0,12,18,4,1,2,9,10,19,22,24,30,20,38,25,15,14,28,33,27,34,39,36,32,31]","37,35,29,23,13,6,21,26,16,17,8,3,11,5,7,0,12,18,4,1,2,9,10,19,22,24,30,20,38,25,15,14,28,33,27,34,39,36,32,31",65e6b5e19a5763f2,E:\Projects\RL-LAM-ScanOpt\outputs\stage3_ppo_rl_lam_fea_addendum_v02_targeted_N24_N40\ppo_training_v02\checkpoints\N40_seed20260624_maskable_ppo_v02.zip,20260624,24260797,stochastic,0.2379027484350546,0.23436977949840043,0.026336979940141156,0.22120128952832985,False,37,39.38785046728972,PPO_v02_checkpoint_inference,False,False,6.666666666666667,18.0,0.1282051282051282,0.5128205128205128,0.41025641025641024,0.5897435897435898,0.7948717948717948
40,"[13,7,14,37,29,35,23,26,5,11,10,16,1,3,0,24,30,2,12,6,4,18,9,8,22,19,17,21,20,15,25,38,34,36,32,39,27,33,31,28]","13,7,14,37,29,35,23,26,5,11,10,16,1,3,0,24,30,2,12,6,4,18,9,8,22,19,17,21,20,15,25,38,34,36,32,39,27,33,31,28",05636fc9fc9a3114,E:\Projects\RL-LAM-ScanOpt\outputs\stage3_ppo_rl_lam_fea_addendum_v02_targeted_N24_N40\ppo_training_v02\checkpoints\N40_seed20260624_maskable_ppo_v02.zip,20260624,24260798,stochastic,0.23744147104851338,0.3837255831766397,0.09452373718044968,0.33646371458641483,False,36,39.481308411214954,PPO_v02_checkpoint_inference,False,False,7.9743589743589745,28.0,0.07692307692307693,0.38461538461538464,0.5128205128205129,0.4871794871794871,0.8205128205128205
40,"[13,2,29,37,35,30,23,5,11,36,18,16,8,6,9,3,7,17,26,19,20,0,12,1,10,14,15,21,4,28,39,22,25,24,32,38,34,33,27,31]","13,2,29,37,35,30,23,5,11,36,18,16,8,6,9,3,7,17,26,19,20,0,12,1,10,14,15,21,4,28,39,22,25,24,32,38,34,33,27,31",5b1c664df97d6902,E:\Projects\RL-LAM-ScanOpt\outputs\stage3_ppo_rl_lam_fea_addendum_v02_targeted_N24_N40\ppo_training_v02\checkpoints\N40_seed20260624_maskable_ppo_v02.zip,20260624,24260799,stochastic,0.2177637421752738,0.3401774581493142,0.0754106176267443,0.3024721493359421,False,36,38.28504672897196,PPO_v02_checkpoint_inference,False,False,8.820512820512821,27.0,0.10256410256410256,0.46153846153846156,0.6153846153846154,0.38461538461538464,0.8974358974358975
40,"[13,11,5,17,8,3,7,4,6,23,35,30,29,26,37,9,12,1,16,15,0,2,18,10,24,20,14,19,22,28,21,38,25,32,33,34,39,36,27,31]","13,11,5,17,8,3,7,4,6,23,35,30,29,26,37,9,12,1,16,15,0,2,18,10,24,20,14,19,22,28,21,38,25,32,33,34,39,36,27,31",500a7bef7de4d59d,E:\Projects\RL-LAM-ScanOpt\outputs\stage3_ppo_rl_lam_fea_addendum_v02_targeted_N24_N40\ppo_training_v02\checkpoints\N40_seed20260624_maskable_ppo_v02.zip,20260624,24260800,stochastic,0.2494922339593114,0.38982762063616017,0.08729093890170439,0.346182151185308,False,34,37.93457943925234,PPO_v02_checkpoint_inference,False,False,7.589743589743589,28.0,0.10256410256410256,0.6153846153846154,0.5384615384615385,0.4615384615384615,0.5128205128205128
40,"[29,30,37,35,23,25,4,2,1,13,8,17,19,3,6,9,7,11,0,14,16,26,18,12,5,15,10,22,20,32,24,28,34,21,33,38,36,27,39,31]","29,30,37,35,23,25,4,2,1,13,8,17,19,3,6,9,7,11,0,14,16,26,18,12,5,15,10,22,20,32,24,28,34,21,33,38,36,27,39,31",64b5079003d158d8,E:\Projects\RL-LAM-ScanOpt\outputs\stage3_ppo_rl_lam_fea_addendum_v02_targeted_N24_N40\ppo_training_v02\checkpoints\N40_seed20260624_maskable_ppo_v02.zip,20260624,24260801,stochastic,0.27078018388106406,0.41027245044453575,0.09081455398059197,0.36486517345423974,False,36,39.154205607476634,PPO_v02_checkpoint_inference,False,False,7.230769230769231,21.0,0.05128205128205128,0.358974358974359,0.6153846153846154,0.3846153846153845,0.9230769230769231
40,"[3,12,20,23,29,35,37,30,11,1,5,4,10,13,0,9,7,17,8,2,6,18,26,19,22,15,14,16,21,25,34,39,32,24,38,33,36,27,31,28]","3,12,20,23,29,35,37,30,11,1,5,4,10,13,0,9,7,17,8,2,6,18,26,19,22,15,14,16,21,25,34,39,32,24,38,33,36,27,31,28",2155a91d081e6654,E:\Projects\RL-LAM-ScanOpt\outputs\stage3_ppo_rl_lam_fea_addendum_v02_targeted_N24_N40\ppo_training_v02\checkpoints\N40_seed20260624_maskable_ppo_v02.zip,20260624,24260802,stochastic,0.28385369718309816,0.43559285311077167,0.10443167776151126,0.383377014230016,False,36,39.53738317757009,PPO_v02_checkpoint_inference,False,False,6.487179487179487,19.0,0.05128205128205128,0.5384615384615384,0.5538461538461539,0.44615384615384607,0.9230769230769231
40,"[35,16,13,3,11,23,30,29,37,20,26,9,28,25,10,17,7,6,2,1,18,4,12,0,8,14,19,15,5,22,24,21,33,32,39,38,34,36,27,31]","35,16,13,3,11,23,30,29,37,20,26,9,28,25,10,17,7,6,2,1,18,4,12,0,8,14,19,15,5,22,24,21,33,32,39,38,34,36,27,31",ec25598214b485bf,E:\Projects\RL-LAM-ScanOpt\outputs\stage3_ppo_rl_lam_fea_addendum_v02_targeted_N24_N40\ppo_training_v02\checkpoints\N40_seed20260624_maskable_ppo_v02.zip,20260624,24260803,stochastic,0.21910196596244125,0.3823239855086027,0.10165847115370555,0.33149474993174993,False,36,39.074766355140184,PPO_v02_checkpoint_inference,False,False,8.051282051282051,19.0,0.1282051282051282,0.5128205128205128,0.4717948717948718,0.5282051282051282,0.8717948717948718
40,"[37,26,35,9,13,23,29,19,2,17,24,30,6,11,12,7,14,5,3,1,15,8,10,4,0,16,22,18,20,21,25,33,32,38,36,39,34,31,27,28]","37,26,35,9,13,23,29,19,2,17,24,30,6,11,12,7,14,5,3,1,15,8,10,4,0,16,22,18,20,21,25,33,32,38,36,39,34,31,27,28",cbd253c451126f59,E:\Projects\RL-LAM-ScanOpt\outputs\stage3_ppo_rl_lam_fea_addendum_v02_targeted_N24_N40\ppo_training_v02\checkpoints\N40_seed20260624_maskable_ppo_v02.zip,20260624,24260804,stochastic,0.25405446009389665,0.4189460973917028,0.11460334426136407,0.36164442526102075,False,35,39.43457943925234,PPO_v02_checkpoint_inference,False,False,7.051282051282051,26.0,0.10256410256410256,0.4358974358974359,0.4615384615384615,0.5384615384615385,0.8974358974358975
40,"[13,9,30,37,29,35,26,8,23,5,3,1,7,17,19,21,20,11,0,12,2,4,15,10,6,24,36,25,14,22,32,16,18,33,34,38,39,28,27,31]","13,9,30,37,29,35,26,8,23,5,3,1,7,17,19,21,20,11,0,12,2,4,15,10,6,24,36,25,14,22,32,16,18,33,34,38,39,28,27,31",ef87bea1b4115be5,E:\Projects\RL-LAM-ScanOpt\outputs\stage3_ppo_rl_lam_fea_addendum_v02_targeted_N24_N40\ppo_training_v02\checkpoints\N40_seed20260624_maskable_ppo_v02.zip,20260624,24260805,stochastic,0.22709446400625974,0.2809118062143346,0.031627046541167506,0.2650982829437508,False,38,39.5607476635514,PPO_v02_checkpoint_inference,False,False,8.205128205128204,21.0,0.10256410256410256,0.41025641025641024,0.5435897435897437,0.4564102564102564,0.8205128205128205
40,"[8,37,30,35,29,26,23,20,19,13,11,12,1,3,5,14,7,0,17,16,2,6,9,28,10,4,18,15,22,21,24,25,34,32,38,36,31,39,33,27]","8,37,30,35,29,26,23,20,19,13,11,12,1,3,5,14,7,0,17,16,2,6,9,28,10,4,18,15,22,21,24,25,34,32,38,36,31,39,33,27",b60a1faee6e1c5a2,E:\Projects\RL-LAM-ScanOpt\outputs\stage3_ppo_rl_lam_fea_addendum_v02_targeted_N24_N40\ppo_training_v02\checkpoints\N40_seed20260624_maskable_ppo_v02.zip,20260624,24260806,stochastic,0.2553105731611891,0.4005795878898111,0.09425206254135814,0.353453556619132,False,35,39.191588785046726,PPO_v02_checkpoint_inference,False,False,6.641025641025641,29.0,0.1282051282051282,0.5897435897435898,0.42051282051282046,0.5794871794871794,0.7435897435897436
40,"[29,35,13,37,23,30,6,26,20,8,11,17,1,3,5,7,2,9,4,18,12,15,0,21,14,16,10,22,24,19,25,32,38,34,36,39,31,33,27,28]","29,35,13,37,23,30,6,26,20,8,11,17,1,3,5,7,2,9,4,18,12,15,0,21,14,16,10,22,24,19,25,32,38,34,36,39,31,33,27,28",156d5ee831b48f5b,E:\Projects\RL-LAM-ScanOpt\outputs\stage3_ppo_rl_lam_fea_addendum_v02_targeted_N24_N40\ppo_training_v02\checkpoints\N40_seed20260624_maskable_ppo_v02.zip,20260624,24260807,stochastic,0.22211013302034427,0.39740903461519617,0.11176303121102006,0.34152751900968614,False,35,39.55140186915888,PPO_v02_checkpoint_inference,False,False,8.23076923076923,24.0,0.02564102564102564,0.3333333333333333,0.4871794871794871,0.5128205128205129,0.7948717948717948
40,"[35,26,29,37,20,13,5,8,16,19,23,11,0,7,4,9,6,3,15,14,1,2,10,12,17,18,30,22,25,21,24,38,36,32,39,34,33,31,28,27]","35,26,29,37,20,13,5,8,16,19,23,11,0,7,4,9,6,3,15,14,1,2,10,12,17,18,30,22,25,21,24,38,36,32,39,34,33,31,28,27",c9cd53314163b49a,E:\Projects\RL-LAM-ScanOpt\outputs\stage3_ppo_rl_lam_fea_addendum_v02_targeted_N24_N40\ppo_training_v02\checkpoints\N40_seed20260624_maskable_ppo_v02.zip,20260624,24260808,stochastic,0.3018183489827855,0.4150326543631353,0.07800483132786559,0.3760302386992025,False,35,38.23364485981308,PPO_v02_checkpoint_inference,False,False,5.794871794871795,17.0,0.1282051282051282,0.6153846153846154,0.44102564102564107,0.558974358974359,0.8205128205128205
40,"[37,30,26,35,23,16,13,9,11,3,6,18,7,17,5,1,4,2,29,20,19,12,8,24,0,22,15,14,21,10,25,33,36,34,39,38,32,31,28,27]","37,30,26,35,23,16,13,9,11,3,6,18,7,17,5,1,4,2,29,20,19,12,8,24,0,22,15,14,21,10,25,33,36,34,39,38,32,31,28,27",c6878643ef25c498,E:\Projects\RL-LAM-ScanOpt\outputs\stage3_ppo_rl_lam_fea_addendum_v02_targeted_N24_N40\ppo_training_v02\checkpoints\N40_seed20260624_maskable_ppo_v02.zip,20260624,24260809,stochastic,0.23138193466353674,0.3863228311629423,0.1001755500944112,0.3362350561157367,False,37,38.76168224299065,PPO_v02_checkpoint_inference,False,False,7.538461538461538,27.0,0.1282051282051282,0.5641025641025641,0.5076923076923077,0.49230769230769234,0.8717948717948718
40,"[30,13,4,35,37,29,24,23,26,20,17,0,5,11,3,12,8,7,2,1,9,6,14,22,19,16,15,18,10,25,21,34,38,27,33,36,32,39,31,28]","30,13,4,35,37,29,24,23,26,20,17,0,5,11,3,12,8,7,2,1,9,6,14,22,19,16,15,18,10,25,21,34,38,27,33,36,32,39,31,28",6ca75d9956fb0c43,E:\Projects\RL-LAM-ScanOpt\outputs\stage3_ppo_rl_lam_fea_addendum_v02_targeted_N24_N40\ppo_training_v02\checkpoints\N40_seed20260624_maskable_ppo_v02.zip,20260624,24260810,stochastic,0.25287396322378697,0.41354667535566525,0.10204690794520759,0.3625232213830615,False,35,37.94859813084112,PPO_v02_checkpoint_inference,False,False,6.769230769230769,31.0,0.10256410256410256,0.6153846153846154,0.4615384615384615,0.5384615384615385,0.8461538461538461
40,"[13,2,4,35,37,29,30,19,1,9,0,7,5,23,26,22,20,3,17,6,14,15,11,12,16,8,10,18,24,21,25,39,32,38,34,36,27,33,31,28]","13,2,4,35,37,29,30,19,1,9,0,7,5,23,26,22,20,3,17,6,14,15,11,12,16,8,10,18,24,21,25,39,32,38,34,36,27,33,31,28",101b6e85334f6ed8,E:\Projects\RL-LAM-ScanOpt\outputs\stage3_ppo_rl_lam_fea_addendum_v02_targeted_N24_N40\ppo_training_v02\checkpoints\N40_seed20260624_maskable_ppo_v02.zip,20260624,24260811,stochastic,0.24127873630672916,0.37176591674007475,0.08226888057976135,0.3306314764501941,False,35,38.257009345794394,PPO_v02_checkpoint_inference,False,False,7.205128205128205,31.0,0.07692307692307693,0.38461538461538464,0.6256410256410256,0.3743589743589743,0.9230769230769231
40,"[35,26,29,1,13,7,8,4,37,30,25,9,6,3,11,19,0,12,23,24,20,17,14,2,5,21,22,18,16,10,15,33,34,36,38,27,39,32,31,28]","35,26,29,1,13,7,8,4,37,30,25,9,6,3,11,19,0,12,23,24,20,17,14,2,5,21,22,18,16,10,15,33,34,36,38,27,39,32,31,28",817438aee069483f,E:\Projects\RL-LAM-ScanOpt\outputs\stage3_ppo_rl_lam_fea_addendum_v02_targeted_N24_N40\ppo_training_v02\checkpoints\N40_seed20260624_maskable_ppo_v02.zip,20260624,24260812,stochastic,0.21779244913927992,0.3814012298861532,0.10073309446734219,0.33103468265248215,False,37,39.09345794392523,PPO_v02_checkpoint_inference,False,False,7.82051282051282,33.0,0.1282051282051282,0.5384615384615384,0.635897435897436,0.3641025641025641,0.9230769230769231
40,"[37,29,23,30,35,13,26,7,1,11,16,17,6,20,3,8,9,10,0,2,12,25,5,4,14,22,18,19,15,21,28,34,36,33,39,24,38,27,32,31]","37,29,23,30,35,13,26,7,1,11,16,17,6,20,3,8,9,10,0,2,12,25,5,4,14,22,18,19,15,21,28,34,36,33,39,24,38,27,32,31",ed2b9192367e951b,E:\Projects\RL-LAM-ScanOpt\outputs\stage3_ppo_rl_lam_fea_addendum_v02_targeted_N24_N40\ppo_training_v02\checkpoints\N40_seed20260624_maskable_ppo_v02.zip,20260624,24260813,stochastic,0.22898355829420955,0.39174922936059176,0.10377896346791193,0.3398597476266358,False,37,39.52803738317757,PPO_v02_checkpoint_inference,False,False,7.948717948717949,22.0,0.15384615384615385,0.5128205128205128,0.558974358974359,0.44102564102564096,0.9230769230769231
40,"[7,10,13,23,29,35,30,37,20,19,11,2,3,5,6,1,8,17,26,16,12,9,0,15,18,22,21,14,4,25,24,32,38,34,36,27,39,33,28,31]","7,10,13,23,29,35,30,37,20,19,11,2,3,5,6,1,8,17,26,16,12,9,0,15,18,22,21,14,4,25,24,32,38,34,36,27,39,33,28,31",68eb570f02a79e60,E:\Projects\RL-LAM-ScanOpt\outputs\stage3_ppo_rl_lam_fea_addendum_v02_targeted_N24_N40\ppo_training_v02\checkpoints\N40_seed20260624_maskable_ppo_v02.zip,20260624,24260814,stochastic,0.2751335974178401,0.4269062322957833,0.10396901770159457,0.374921723444986,False,36,39.23831775700935,PPO_v02_checkpoint_inference,False,False,6.461538461538462,21.0,0.1282051282051282,0.6153846153846154,0.44102564102564107,0.558974358974359,0.7692307692307693
40,"[35,29,37,30,23,20,4,10,7,13,26,19,11,12,3,8,5,6,0,1,2,14,9,18,22,17,16,15,28,34,25,33,21,24,32,38,36,39,27,31]","35,29,37,30,23,20,4,10,7,13,26,19,11,12,3,8,5,6,0,1,2,14,9,18,22,17,16,15,28,34,25,33,21,24,32,38,36,39,27,31",22150a13043757db,E:\Projects\RL-LAM-ScanOpt\outputs\stage3_ppo_rl_lam_fea_addendum_v02_targeted_N24_N40\ppo_training_v02\checkpoints\N40_seed20260624_maskable_ppo_v02.zip,20260624,24260815,stochastic,0.29735045970265994,0.4427559947800739,0.09823875127860757,0.3936366191407701,False,36,39.50934579439252,PPO_v02_checkpoint_inference,False,False,6.153846153846154,16.0,0.15384615384615385,0.5641025641025641,0.517948717948718,0.482051282051282,0.8461538461538461
40,"[29,35,37,26,30,13,17,8,11,23,19,25,20,21,15,3,14,12,2,6,1,9,16,7,4,0,5,18,22,33,10,24,32,38,34,36,31,39,27,28]","29,35,37,26,30,13,17,8,11,23,19,25,20,21,15,3,14,12,2,6,1,9,16,7,4,0,5,18,22,33,10,24,32,38,34,36,31,39,27,28",0e021955764e3237,E:\Projects\RL-LAM-ScanOpt\outputs\stage3_ppo_rl_lam_fea_addendum_v02_targeted_N24_N40\ppo_training_v02\checkpoints\N40_seed20260624_maskable_ppo_v02.zip,20260624,24260816,stochastic,0.2508095950704224,0.29364504268939956,0.0323936912919324,0.2774481970434334,False,36,39.35514018691589,PPO_v02_checkpoint_inference,False,False,7.205128205128205,23.0,0.05128205128205128,0.4358974358974359,0.4717948717948718,0.5282051282051281,0.7435897435897436
40,"[23,35,19,37,20,29,26,30,25,13,8,9,6,7,3,1,12,4,14,24,0,5,2,11,16,18,15,17,22,33,10,21,28,34,38,39,36,32,31,27]","23,35,19,37,20,29,26,30,25,13,8,9,6,7,3,1,12,4,14,24,0,5,2,11,16,18,15,17,22,33,10,21,28,34,38,39,36,32,31,27",affbac70718108f9,E:\Projects\RL-LAM-ScanOpt\outputs\stage3_ppo_rl_lam_fea_addendum_v02_targeted_N24_N40\ppo_training_v02\checkpoints\N40_seed20260624_maskable_ppo_v02.zip,20260624,24260817,stochastic,0.23462542057902955,0.3043420935955837,0.04625254089129773,0.2812158231499348,False,35,39.5607476635514,PPO_v02_checkpoint_inference,False,False,7.282051282051282,24.0,0.10256410256410256,0.5641025641025641,0.38974358974358975,0.6102564102564102,0.6153846153846154
40,"[29,37,35,23,8,13,26,30,20,33,24,21,9,1,17,4,3,2,7,0,6,14,11,12,5,22,15,16,10,19,18,28,32,38,36,25,39,34,31,27]","29,37,35,23,8,13,26,30,20,33,24,21,9,1,17,4,3,2,7,0,6,14,11,12,5,22,15,16,10,19,18,28,32,38,36,25,39,34,31,27",f1ae9a0963e3540d,E:\Projects\RL-LAM-ScanOpt\outputs\stage3_ppo_rl_lam_fea_addendum_v02_targeted_N24_N40\ppo_training_v02\checkpoints\N40_seed20260624_maskable_ppo_v02.zip,20260624,24260818,stochastic,0.24106975743348957,0.4011988073555433,0.0986872252608719,0.35185519472510735,False,36,39.004672897196265,PPO_v02_checkpoint_inference,False,False,7.230769230769231,17.0,0.1282051282051282,0.5641025641025641,0.4871794871794872,0.5128205128205128,0.7435897435897436
40,"[1,23,37,30,29,35,19,11,13,6,5,24,18,9,26,3,8,7,14,16,12,0,2,17,10,4,15,22,20,21,25,34,33,38,39,32,36,27,28,31]","1,23,37,30,29,35,19,11,13,6,5,24,18,9,26,3,8,7,14,16,12,0,2,17,10,4,15,22,20,21,25,34,33,38,39,32,36,27,28,31",36f88de969c162c1,E:\Projects\RL-LAM-ScanOpt\outputs\stage3_ppo_rl_lam_fea_addendum_v02_targeted_N24_N40\ppo_training_v02\checkpoints\N40_seed20260624_maskable_ppo_v02.zip,20260624,24260819,stochastic,0.24143705985915476,0.39283781769887416,0.0984436929092963,0.343615971244226,False,35,39.14485981308411,PPO_v02_checkpoint_inference,False,False,7.282051282051282,23.0,0.1794871794871795,0.6153846153846154,0.5333333333333333,0.4666666666666667,0.9230769230769231
40,"[29,37,26,13,5,17,23,35,30,20,24,2,4,3,0,6,1,7,9,11,12,14,8,19,16,18,22,15,10,21,25,38,34,32,36,39,33,31,27,28]","29,37,26,13,5,17,23,35,30,20,24,2,4,3,0,6,1,7,9,11,12,14,8,19,16,18,22,15,10,21,25,38,34,32,36,39,33,31,27,28",bae31b7aff58d4ea,E:\Projects\RL-LAM-ScanOpt\outputs\stage3_ppo_rl_lam_fea_addendum_v02_targeted_N24_N40\ppo_training_v02\checkpoints\N40_seed20260624_maskable_ppo_v02.zip,20260624,24260820,stochastic,0.3154652190923317,0.4596556422483952,0.0986653421387181,0.41032297117903616,False,35,38.96261682242991,PPO_v02_checkpoint_inference,False,False,5.9743589743589745,22.0,0.07692307692307693,0.38461538461538464,0.4461538461538462,0.5538461538461539,0.8205128205128205
40,"[13,17,8,11,23,29,37,35,26,30,22,19,3,4,9,1,2,6,14,10,0,7,16,21,20,12,15,25,5,18,24,36,27,38,32,34,39,31,33,28]","13,17,8,11,23,29,37,35,26,30,22,19,3,4,9,1,2,6,14,10,0,7,16,21,20,12,15,25,5,18,24,36,27,38,32,34,39,31,33,28",fa2dd6546a68e4bc,E:\Projects\RL-LAM-ScanOpt\outputs\stage3_ppo_rl_lam_fea_addendum_v02_targeted_N24_N40\ppo_training_v02\checkpoints\N40_seed20260624_maskable_ppo_v02.zip,20260624,24260821,stochastic,0.2740538145539903,0.4180517704160014,0.09341911934247148,0.37134221074476564,False,37,39.5,PPO_v02_checkpoint_inference,False,False,6.846153846153846,20.0,0.07692307692307693,0.4358974358974359,0.47179487179487173,0.5282051282051282,0.7435897435897436
40,"[23,37,35,29,26,13,4,2,33,30,18,11,6,12,8,9,0,5,3,1,7,14,19,17,20,15,10,16,28,22,25,21,24,27,38,34,36,39,32,31]","23,37,35,29,26,13,4,2,33,30,18,11,6,12,8,9,0,5,3,1,7,14,19,17,20,15,10,16,28,22,25,21,24,27,38,34,36,39,32,31",680a340450ba96b0,E:\Projects\RL-LAM-ScanOpt\outputs\stage3_ppo_rl_lam_fea_addendum_v02_targeted_N24_N40\ppo_training_v02\checkpoints\N40_seed20260624_maskable_ppo_v02.zip,20260624,24260822,stochastic,0.29602044209702627,0.4284241024823835,0.09184062581924987,0.38250378957275855,False,34,39.01401869158879,PPO_v02_checkpoint_inference,False,False,6.0,31.0,0.05128205128205128,0.5641025641025641,0.5948717948717948,0.40512820512820513,0.8974358974358975
40,"[29,35,26,37,30,23,19,0,8,13,7,6,10,12,2,3,11,9,4,1,17,20,18,16,5,14,15,22,39,36,25,21,34,38,32,31,33,24,27,28]","29,35,26,37,30,23,19,0,8,13,7,6,10,12,2,3,11,9,4,1,17,20,18,16,5,14,15,22,39,36,25,21,34,38,32,31,33,24,27,28",4508174cbeef3070,E:\Projects\RL-LAM-ScanOpt\outputs\stage3_ppo_rl_lam_fea_addendum_v02_targeted_N24_N40\ppo_training_v02\checkpoints\N40_seed20260624_maskable_ppo_v02.zip,20260624,24260823,stochastic,0.27048300078247217,0.2527981516567379,0.011450029985989442,0.2470731366637432,False,36,38.453271028037385,PPO_v02_checkpoint_inference,False,False,6.230769230769231,19.0,0.1282051282051282,0.5897435897435898,0.5179487179487179,0.4820512820512821,0.9487179487179487
40,"[23,37,35,29,4,13,2,3,1,8,30,11,26,20,19,6,5,7,12,15,17,14,10,0,9,18,25,16,22,24,32,34,38,21,33,27,36,39,28,31]","23,37,35,29,4,13,2,3,1,8,30,11,26,20,19,6,5,7,12,15,17,14,10,0,9,18,25,16,22,24,32,34,38,21,33,27,36,39,28,31",ad46d2b6b1c4cdce,E:\Projects\RL-LAM-ScanOpt\outputs\stage3_ppo_rl_lam_fea_addendum_v02_targeted_N24_N40\ppo_training_v02\checkpoints\N40_seed20260624_maskable_ppo_v02.zip,20260624,24260824,stochastic,0.24053818466353658,0.3770847913595392,0.08493096608547505,0.3346193083168017,False,37,39.54205607476636,PPO_v02_checkpoint_inference,False,False,7.6923076923076925,25.0,0.07692307692307693,0.5641025641025641,0.6769230769230768,0.32307692307692304,0.9230769230769231
40,"[23,37,35,29,20,13,16,8,11,26,30,32,4,1,3,7,2,0,6,9,15,12,21,19,5,18,14,22,17,10,24,28,25,34,36,39,38,33,27,31]","23,37,35,29,20,13,16,8,11,26,30,32,4,1,3,7,2,0,6,9,15,12,21,19,5,18,14,22,17,10,24,28,25,34,36,39,38,33,27,31",cf85182f015bf883,E:\Projects\RL-LAM-ScanOpt\outputs\stage3_ppo_rl_lam_fea_addendum_v02_targeted_N24_N40\ppo_training_v02\checkpoints\N40_seed20260624_maskable_ppo_v02.zip,20260624,24260825,stochastic,0.2771831083724568,0.4055061018326418,0.08231388818567616,0.3643491577398037,False,36,38.96261682242991,PPO_v02_checkpoint_inference,False,False,6.358974358974359,28.0,0.02564102564102564,0.46153846153846156,0.42564102564102557,0.5743589743589743,0.7435897435897436
40,"[4,23,35,37,13,8,29,26,30,9,3,7,14,19,22,6,1,2,12,16,17,10,0,11,18,25,21,20,15,5,24,39,33,38,36,34,32,27,31,28]","4,23,35,37,13,8,29,26,30,9,3,7,14,19,22,6,1,2,12,16,17,10,0,11,18,25,21,20,15,5,24,39,33,38,36,34,32,27,31,28",e6cd5fbd38632464,E:\Projects\RL-LAM-ScanOpt\outputs\stage3_ppo_rl_lam_fea_addendum_v02_targeted_N24_N40\ppo_training_v02\checkpoints\N40_seed20260624_maskable_ppo_v02.zip,20260624,24260826,stochastic,0.2353990414710483,0.373018403237859,0.08420805954741938,0.3309143734641493,False,34,39.44392523364486,PPO_v02_checkpoint_inference,False,False,7.641025641025641,24.0,0.07692307692307693,0.5641025641025641,0.5487179487179488,0.4512820512820513,0.8461538461538461
40,"[11,13,6,17,5,29,30,35,23,25,19,9,14,3,7,1,26,18,8,4,0,2,22,37,20,12,15,16,10,24,21,28,34,38,32,36,39,31,27,33]","11,13,6,17,5,29,30,35,23,25,19,9,14,3,7,1,26,18,8,4,0,2,22,37,20,12,15,16,10,24,21,28,34,38,32,36,39,31,27,33",ddb760eae9915172,E:\Projects\RL-LAM-ScanOpt\outputs\stage3_ppo_rl_lam_fea_addendum_v02_targeted_N24_N40\ppo_training_v02\checkpoints\N40_seed20260624_maskable_ppo_v02.zip,20260624,24260827,stochastic,0.24482618348982801,0.4134340835441442,0.10772592123875777,0.3595711229247653,False,36,38.742990654205606,PPO_v02_checkpoint_inference,False,False,7.846153846153846,25.0,0.05128205128205128,0.358974358974359,0.4615384615384615,0.5384615384615385,0.7692307692307693
40,"[37,16,35,29,30,4,13,11,7,17,8,5,3,9,23,26,20,12,1,0,2,6,15,10,19,22,18,14,21,25,34,36,38,24,33,32,27,39,31,28]","37,16,35,29,30,4,13,11,7,17,8,5,3,9,23,26,20,12,1,0,2,6,15,10,19,22,18,14,21,25,34,36,38,24,33,32,27,39,31,28",6f7186c7d3ce1d54,E:\Projects\RL-LAM-ScanOpt\outputs\stage3_ppo_rl_lam_fea_addendum_v02_targeted_N24_N40\ppo_training_v02\checkpoints\N40_seed20260624_maskable_ppo_v02.zip,20260624,24260828,stochastic,0.25408895735524234,0.3958571203678392,0.09205339682132728,0.34983042195717556,False,36,39.02336448598131,PPO_v02_checkpoint_inference,False,False,7.102564102564102,26.0,0.07692307692307693,0.48717948717948717,0.523076923076923,0.4769230769230769,0.8461538461538461
40,"[13,5,8,35,37,26,29,23,10,3,7,11,6,1,4,30,16,12,2,17,19,18,0,9,15,20,14,32,22,21,24,25,34,36,33,38,39,27,28,31]","13,5,8,35,37,26,29,23,10,3,7,11,6,1,4,30,16,12,2,17,19,18,0,9,15,20,14,32,22,21,24,25,34,36,33,38,39,27,28,31",898e577aa8aa313f,E:\Projects\RL-LAM-ScanOpt\outputs\stage3_ppo_rl_lam_fea_addendum_v02_targeted_N24_N40\ppo_training_v02\checkpoints\N40_seed20260624_maskable_ppo_v02.zip,20260624,24260829,stochastic,0.2541805164319248,0.39973848502509474,0.09374142344253725,0.3528677733038261,False,36,39.2803738317757,PPO_v02_checkpoint_inference,False,False,7.333333333333333,27.0,0.1282051282051282,0.5641025641025641,0.5692307692307692,0.43076923076923074,0.8717948717948718
40,"[8,13,23,37,29,26,19,16,35,30,12,11,4,1,6,17,3,7,2,9,5,10,0,15,14,18,20,25,21,22,33,24,28,39,32,34,38,36,31,27]","8,13,23,37,29,26,19,16,35,30,12,11,4,1,6,17,3,7,2,9,5,10,0,15,14,18,20,25,21,22,33,24,28,39,32,34,38,36,31,27",bd5dac92b4b9c740,E:\Projects\RL-LAM-ScanOpt\outputs\stage3_ppo_rl_lam_fea_addendum_v02_targeted_N24_N40\ppo_training_v02\checkpoints\N40_seed20260624_maskable_ppo_v02.zip,20260624,24260830,stochastic,0.26682008998435025,0.39885418765758035,0.08625528122690042,0.35572654704413015,False,36,39.49065420560748,PPO_v02_checkpoint_inference,False,False,6.641025641025641,19.0,0.07692307692307693,0.5897435897435898,0.43589743589743585,0.5641025641025641,0.7435897435897436
40,"[29,35,37,13,11,19,9,17,26,30,25,23,20,2,7,6,14,8,3,0,16,12,1,15,5,4,22,18,10,21,24,38,27,32,34,39,36,31,33,28]","29,35,37,13,11,19,9,17,26,30,25,23,20,2,7,6,14,8,3,0,16,12,1,15,5,4,22,18,10,21,24,38,27,32,34,39,36,31,33,28",74d0432a60dff3f9,E:\Projects\RL-LAM-ScanOpt\outputs\stage3_ppo_rl_lam_fea_addendum_v02_targeted_N24_N40\ppo_training_v02\checkpoints\N40_seed20260624_maskable_ppo_v02.zip,20260624,24260831,stochastic,0.2521198161189358,0.40096775729109885,0.09520351628621451,0.3533659991479916,False,36,39.59345794392523,PPO_v02_checkpoint_inference,False,False,7.205128205128205,24.0,0.05128205128205128,0.4358974358974359,0.4512820512820513,0.5487179487179488,0.717948717948718
40,"[11,13,5,6,37,23,29,30,19,35,20,9,3,26,16,12,7,1,2,0,15,17,4,8,10,18,14,21,22,24,33,25,39,38,36,32,34,27,31,28]","11,13,5,6,37,23,29,30,19,35,20,9,3,26,16,12,7,1,2,0,15,17,4,8,10,18,14,21,22,24,33,25,39,38,36,32,34,27,31,28",ecdaa8ae4ddb54b9,E:\Projects\RL-LAM-ScanOpt\outputs\stage3_ppo_rl_lam_fea_addendum_v02_targeted_N24_N40\ppo_training_v02\checkpoints\N40_seed20260624_maskable_ppo_v02.zip,20260624,24260832,stochastic,0.2464006259780907,0.39680564581776717,0.0941406012888285,0.3497353451733529,False,35,38.299065420560744,PPO_v02_checkpoint_inference,False,False,7.3076923076923075,31.0,0.1282051282051282,0.4358974358974359,0.5128205128205128,0.4871794871794872,0.8205128205128205
40,"[29,0,13,19,35,23,37,30,17,26,15,14,11,4,5,8,3,9,1,7,6,12,2,10,18,24,20,16,22,33,25,21,28,32,34,38,36,39,27,31]","29,0,13,19,35,23,37,30,17,26,15,14,11,4,5,8,3,9,1,7,6,12,2,10,18,24,20,16,22,33,25,21,28,32,34,38,36,39,27,31",c09d79201720a8db,E:\Projects\RL-LAM-ScanOpt\outputs\stage3_ppo_rl_lam_fea_addendum_v02_targeted_N24_N40\ppo_training_v02\checkpoints\N40_seed20260624_maskable_ppo_v02.zip,20260624,24260833,stochastic,0.250040532081377,0.39363156774600727,0.09052095583217723,0.34837108982991866,False,36,39.1822429906542,PPO_v02_checkpoint_inference,False,False,7.282051282051282,29.0,0.07692307692307693,0.41025641025641024,0.4717948717948718,0.5282051282051282,0.9487179487179487
40,"[23,29,35,37,30,19,8,13,11,3,4,7,26,6,2,0,1,9,17,5,14,12,18,16,15,22,24,20,21,10,25,34,39,38,36,31,32,27,33,28]","23,29,35,37,30,19,8,13,11,3,4,7,26,6,2,0,1,9,17,5,14,12,18,16,15,22,24,20,21,10,25,34,39,38,36,31,32,27,33,28",26c2dc0ce416c0cb,E:\Projects\RL-LAM-ScanOpt\outputs\stage3_ppo_rl_lam_fea_addendum_v02_targeted_N24_N40\ppo_training_v02\checkpoints\N40_seed20260624_maskable_ppo_v02.zip,20260624,24260834,stochastic,0.3010910113458526,0.4403517176184268,0.09038043837955681,0.3951614984286484,False,36,39.02336448598131,PPO_v02_checkpoint_inference,False,False,6.0256410256410255,20.0,0.15384615384615385,0.5384615384615384,0.5128205128205128,0.4871794871794871,0.8717948717948718
40,"[29,37,35,30,11,17,13,2,15,4,7,23,25,20,26,19,6,12,0,1,3,9,14,16,8,5,10,18,22,24,21,28,34,36,32,39,31,38,33,27]","29,37,35,30,11,17,13,2,15,4,7,23,25,20,26,19,6,12,0,1,3,9,14,16,8,5,10,18,22,24,21,28,34,36,32,39,31,38,33,27",caf16b59ff1cb000,E:\Projects\RL-LAM-ScanOpt\outputs\stage3_ppo_rl_lam_fea_addendum_v02_targeted_N24_N40\ppo_training_v02\checkpoints\N40_seed20260624_maskable_ppo_v02.zip,20260624,24260835,stochastic,0.29044012128325486,0.4304057515208789,0.09201609104538477,0.3843977059981865,False,35,38.2803738317757,PPO_v02_checkpoint_inference,False,False,6.410256410256411,19.0,0.02564102564102564,0.46153846153846156,0.5538461538461539,0.4461538461538462,0.8974358974358975
40,"[35,37,29,13,8,4,6,23,11,7,17,3,2,5,1,9,0,30,26,20,12,21,14,15,16,18,10,19,22,24,38,36,25,34,32,39,31,27,33,28]","35,37,29,13,8,4,6,23,11,7,17,3,2,5,1,9,0,30,26,20,12,21,14,15,16,18,10,19,22,24,38,36,25,34,32,39,31,27,33,28",d1f2312e416333cb,E:\Projects\RL-LAM-ScanOpt\outputs\stage3_ppo_rl_lam_fea_addendum_v02_targeted_N24_N40\ppo_training_v02\checkpoints\N40_seed20260624_maskable_ppo_v02.zip,20260624,24260836,stochastic,0.2556137715179968,0.41041789340001666,0.10129242480150633,0.3597716809992635,False,34,38.23831775700935,PPO_v02_checkpoint_inference,False,False,7.102564102564102,30.0,0.07692307692307693,0.38461538461538464,0.5846153846153846,0.41538461538461535,0.8461538461538461
40,"[35,29,37,11,23,30,20,3,24,25,26,13,18,8,7,6,0,1,14,5,9,12,4,17,16,2,19,22,15,21,10,28,38,39,32,34,36,33,27,31]","35,29,37,11,23,30,20,3,24,25,26,13,18,8,7,6,0,1,14,5,9,12,4,17,16,2,19,22,15,21,10,28,38,39,32,34,36,33,27,31",551249a54a2c7889,E:\Projects\RL-LAM-ScanOpt\outputs\stage3_ppo_rl_lam_fea_addendum_v02_targeted_N24_N40\ppo_training_v02\checkpoints\N40_seed20260624_maskable_ppo_v02.zip,20260624,24260837,stochastic,0.21834458137715182,0.39282369272001355,0.11178221385527358,0.3369325857923768,False,36,39.481308411214954,PPO_v02_checkpoint_inference,False,False,7.897435897435898,26.0,0.1794871794871795,0.5641025641025641,0.4717948717948718,0.5282051282051282,0.8717948717948718
40,"[37,35,23,29,30,32,1,13,11,5,4,8,14,6,24,26,19,18,17,12,2,0,7,3,9,16,15,25,20,21,22,10,34,39,36,38,33,27,31,28]","37,35,23,29,30,32,1,13,11,5,4,8,14,6,24,26,19,18,17,12,2,0,7,3,9,16,15,25,20,21,22,10,34,39,36,38,33,27,31,28",b1fac32d8f063958,E:\Projects\RL-LAM-ScanOpt\outputs\stage3_ppo_rl_lam_fea_addendum_v02_targeted_N24_N40\ppo_training_v02\checkpoints\N40_seed20260624_maskable_ppo_v02.zip,20260624,24260838,stochastic,0.2790928794992172,0.31195748633282333,0.019753721136851168,0.30208062576439776,False,37,38.953271028037385,PPO_v02_checkpoint_inference,False,False,6.282051282051282,31.0,0.1794871794871795,0.4358974358974359,0.6000000000000001,0.4,0.9230769230769231
40,"[29,30,37,35,11,24,19,13,26,23,4,10,8,9,17,3,7,6,2,12,1,16,0,14,5,22,18,25,15,20,39,38,21,28,33,31,36,32,34,27]","29,30,37,35,11,24,19,13,26,23,4,10,8,9,17,3,7,6,2,12,1,16,0,14,5,22,18,25,15,20,39,38,21,28,33,31,36,32,34,27",a5bd81dd10314fa8,E:\Projects\RL-LAM-ScanOpt\outputs\stage3_ppo_rl_lam_fea_addendum_v02_targeted_N24_N40\ppo_training_v02\checkpoints\N40_seed20260624_maskable_ppo_v02.zip,20260624,24260839,stochastic,0.2202949432707354,0.40428447477515606,0.1151143484976293,0.3467273005263414,False,36,38.649532710280376,PPO_v02_checkpoint_inference,False,False,8.205128205128204,24.0,0.10256410256410256,0.5641025641025641,0.4256410256410256,0.5743589743589743,0.6666666666666666
40,"[19,23,30,35,37,8,13,29,26,21,15,11,6,17,4,7,3,0,12,10,2,14,9,1,5,24,20,18,16,22,25,32,34,39,38,33,36,28,27,31]","19,23,30,35,37,8,13,29,26,21,15,11,6,17,4,7,3,0,12,10,2,14,9,1,5,24,20,18,16,22,25,32,34,39,38,33,36,28,27,31",60d8dd75d7d44da5,E:\Projects\RL-LAM-ScanOpt\outputs\stage3_ppo_rl_lam_fea_addendum_v02_targeted_N24_N40\ppo_training_v02\checkpoints\N40_seed20260624_maskable_ppo_v02.zip,20260624,24260840,stochastic,0.27488344092331723,0.41113146482334545,0.08856446683486541,0.36684923140591275,False,36,39.13551401869159,PPO_v02_checkpoint_inference,False,False,6.358974358974359,29.0,0.05128205128205128,0.5128205128205128,0.42564102564102557,0.5743589743589743,0.7435897435897436
40,"[29,13,23,11,14,35,30,37,8,17,6,1,4,5,3,7,26,2,12,0,15,19,16,9,22,10,28,20,25,18,39,38,32,34,36,24,21,33,27,31]","29,13,23,11,14,35,30,37,8,17,6,1,4,5,3,7,26,2,12,0,15,19,16,9,22,10,28,20,25,18,39,38,32,34,36,24,21,33,27,31",9263977372aacd65,E:\Projects\RL-LAM-ScanOpt\outputs\stage3_ppo_rl_lam_fea_addendum_v02_targeted_N24_N40\ppo_training_v02\checkpoints\N40_seed20260624_maskable_ppo_v02.zip,20260624,24260841,stochastic,0.2108516334115804,0.3917593414387867,0.10998294251913154,0.33676787017922094,False,37,39.26168224299065,PPO_v02_checkpoint_inference,False,False,9.333333333333334,29.0,0.05128205128205128,0.5128205128205128,0.4666666666666666,0.5333333333333334,0.7435897435897436
40,"[8,13,2,12,17,30,29,19,26,35,37,23,20,21,7,1,6,5,11,3,0,18,15,9,4,14,25,16,22,24,10,33,34,38,32,39,36,31,27,28]","8,13,2,12,17,30,29,19,26,35,37,23,20,21,7,1,6,5,11,3,0,18,15,9,4,14,25,16,22,24,10,33,34,38,32,39,36,31,27,28",a6e4913d662352ba,E:\Projects\RL-LAM-ScanOpt\outputs\stage3_ppo_rl_lam_fea_addendum_v02_targeted_N24_N40\ppo_training_v02\checkpoints\N40_seed20260624_maskable_ppo_v02.zip,20260624,24260842,stochastic,0.2388326291079811,0.41008800905894327,0.10761639868703456,0.356279809715426,False,36,39.48598130841121,PPO_v02_checkpoint_inference,False,False,6.9743589743589745,23.0,0.1282051282051282,0.5641025641025641,0.4512820512820513,0.5487179487179488,0.8461538461538461
40,"[8,5,11,6,3,16,13,23,37,29,30,35,25,26,19,1,0,12,7,15,9,2,18,4,14,10,17,20,22,21,24,33,34,39,36,38,32,31,27,28]","8,5,11,6,3,16,13,23,37,29,30,35,25,26,19,1,0,12,7,15,9,2,18,4,14,10,17,20,22,21,24,33,34,39,36,38,32,31,27,28",cedb2fa65e7d0b8d,E:\Projects\RL-LAM-ScanOpt\outputs\stage3_ppo_rl_lam_fea_addendum_v02_targeted_N24_N40\ppo_training_v02\checkpoints\N40_seed20260624_maskable_ppo_v02.zip,20260624,24260843,stochastic,0.285038703051643,0.4151093114653317,0.08078859924001018,0.37471501184532663,False,36,38.78504672897196,PPO_v02_checkpoint_inference,False,False,6.102564102564102,18.0,0.1794871794871795,0.5641025641025641,0.5384615384615385,0.4615384615384615,0.8717948717948718
40,"[35,13,1,16,29,25,19,30,37,23,2,7,8,6,3,5,11,17,26,10,12,4,0,9,14,18,24,20,15,22,21,27,39,32,38,33,34,36,28,31]","35,13,1,16,29,25,19,30,37,23,2,7,8,6,3,5,11,17,26,10,12,4,0,9,14,18,24,20,15,22,21,27,39,32,38,33,34,36,28,31",a1928ff613d9fdb5,E:\Projects\RL-LAM-ScanOpt\outputs\stage3_ppo_rl_lam_fea_addendum_v02_targeted_N24_N40\ppo_training_v02\checkpoints\N40_seed20260624_maskable_ppo_v02.zip,20260624,24260844,stochastic,0.2527834800469482,0.39525900036866846,0.09598235722847318,0.3472678217544319,False,35,39.11214953271028,PPO_v02_checkpoint_inference,False,False,7.17948717948718,22.0,0.07692307692307693,0.46153846153846156,0.4666666666666667,0.5333333333333333,0.9230769230769231
40,"[30,35,13,29,11,23,37,19,26,2,3,12,1,7,5,9,0,10,6,8,22,20,14,4,25,17,15,24,18,16,21,33,32,36,38,34,39,31,27,28]","30,35,13,29,11,23,37,19,26,2,3,12,1,7,5,9,0,10,6,8,22,20,14,4,25,17,15,24,18,16,21,33,32,36,38,34,39,31,27,28",9eaa4b6f69121bbf,E:\Projects\RL-LAM-ScanOpt\outputs\stage3_ppo_rl_lam_fea_addendum_v02_targeted_N24_N40\ppo_training_v02\checkpoints\N40_seed20260624_maskable_ppo_v02.zip,20260624,24260845,stochastic,0.23514079616588413,0.40312469890764574,0.10559556403773485,0.3503269168887783,False,35,38.71028037383178,PPO_v02_checkpoint_inference,False,False,8.205128205128204,24.0,0.07692307692307693,0.3076923076923077,0.49230769230769234,0.5076923076923077,0.8974358974358975
40,"[29,37,35,23,13,11,6,10,9,3,2,8,7,4,5,1,12,26,30,19,0,16,14,15,17,20,22,18,24,21,32,25,33,36,38,34,31,39,27,28]","29,37,35,23,13,11,6,10,9,3,2,8,7,4,5,1,12,26,30,19,0,16,14,15,17,20,22,18,24,21,32,25,33,36,38,34,31,39,27,28",b290188740fdd4b8,E:\Projects\RL-LAM-ScanOpt\outputs\stage3_ppo_rl_lam_fea_addendum_v02_targeted_N24_N40\ppo_training_v02\checkpoints\N40_seed20260624_maskable_ppo_v02.zip,20260624,24260846,stochastic,0.3133795774647885,0.421464344997608,0.07188108237731342,0.3855238038089513,False,34,38.45794392523364,PPO_v02_checkpoint_inference,False,False,5.717948717948718,19.0,0.15384615384615385,0.4358974358974359,0.5692307692307692,0.43076923076923074,0.8717948717948718
40,"[5,3,1,4,13,29,35,30,19,9,7,8,6,16,37,20,10,11,0,15,12,18,2,17,23,26,25,22,14,28,21,34,33,38,39,36,32,27,24,31]","5,3,1,4,13,29,35,30,19,9,7,8,6,16,37,20,10,11,0,15,12,18,2,17,23,26,25,22,14,28,21,34,33,38,39,36,32,27,24,31",64a2b62aa871c55f,E:\Projects\RL-LAM-ScanOpt\outputs\stage3_ppo_rl_lam_fea_addendum_v02_targeted_N24_N40\ppo_training_v02\checkpoints\N40_seed20260624_maskable_ppo_v02.zip,20260624,24260847,stochastic,0.24448668818466332,0.38062253972259324,0.08897556661416081,0.3361347564155128,False,36,38.76168224299065,PPO_v02_checkpoint_inference,False,False,7.128205128205129,21.0,0.1282051282051282,0.6153846153846154,0.6051282051282051,0.3948717948717949,0.8717948717948718
40,"[23,29,13,11,1,7,2,8,24,37,30,19,35,26,20,9,17,10,3,6,4,12,5,0,15,16,14,22,18,21,34,25,28,36,33,39,38,31,32,27]","23,29,13,11,1,7,2,8,24,37,30,19,35,26,20,9,17,10,3,6,4,12,5,0,15,16,14,22,18,21,34,25,28,36,33,39,38,31,32,27",e3410897d01876e5,E:\Projects\RL-LAM-ScanOpt\outputs\stage3_ppo_rl_lam_fea_addendum_v02_targeted_N24_N40\ppo_training_v02\checkpoints\N40_seed20260624_maskable_ppo_v02.zip,20260624,24260848,stochastic,0.26865177034428767,0.4039610746429869,0.08835182252623797,0.35978516337986793,False,36,39.32710280373832,PPO_v02_checkpoint_inference,False,False,7.076923076923077,16.0,0.07692307692307693,0.5641025641025641,0.5641025641025641,0.43589743589743585,0.9230769230769231
40,"[13,7,6,11,35,29,37,18,25,19,23,22,33,30,26,9,1,4,3,2,0,5,10,12,8,17,20,16,15,14,21,24,32,36,39,38,34,31,28,27]","13,7,6,11,35,29,37,18,25,19,23,22,33,30,26,9,1,4,3,2,0,5,10,12,8,17,20,16,15,14,21,24,32,36,39,38,34,31,28,27",7ca37c546d38a7da,E:\Projects\RL-LAM-ScanOpt\outputs\stage3_ppo_rl_lam_fea_addendum_v02_targeted_N24_N40\ppo_training_v02\checkpoints\N40_seed20260624_maskable_ppo_v02.zip,20260624,24260849,stochastic,0.30351116979655696,0.4231299261874737,0.08168580475736105,0.38228702380879315,False,35,38.12149532710281,PPO_v02_checkpoint_inference,False,False,5.333333333333333,24.0,0.20512820512820512,0.6153846153846154,0.4666666666666667,0.5333333333333333,0.7948717948717948
40,"[13,29,10,8,2,11,30,35,20,26,37,23,17,5,6,7,3,9,1,14,12,0,24,22,21,18,33,19,15,16,4,25,34,32,38,36,39,31,27,28]","13,29,10,8,2,11,30,35,20,26,37,23,17,5,6,7,3,9,1,14,12,0,24,22,21,18,33,19,15,16,4,25,34,32,38,36,39,31,27,28",bd6cf8910f442649,E:\Projects\RL-LAM-ScanOpt\outputs\stage3_ppo_rl_lam_fea_addendum_v02_targeted_N24_N40\ppo_training_v02\checkpoints\N40_seed20260624_maskable_ppo_v02.zip,20260624,24260850,stochastic,0.20666615805946795,0.23550766628690958,0.019557752668467075,0.22572878995267603,False,36,39.13084112149533,PPO_v02_checkpoint_inference,False,False,8.179487179487179,24.0,0.1282051282051282,0.4358974358974359,0.4923076923076922,0.5076923076923077,0.8461538461538461
40,"[29,30,37,26,35,13,8,10,7,11,3,9,23,16,6,17,1,0,12,2,5,14,19,21,22,18,4,15,20,24,27,34,39,33,25,38,36,32,31,28]","29,30,37,26,35,13,8,10,7,11,3,9,23,16,6,17,1,0,12,2,5,14,19,21,22,18,4,15,20,24,27,34,39,33,25,38,36,32,31,28",d4511347fbe8a37e,E:\Projects\RL-LAM-ScanOpt\outputs\stage3_ppo_rl_lam_fea_addendum_v02_targeted_N24_N40\ppo_training_v02\checkpoints\N40_seed20260624_maskable_ppo_v02.zip,20260624,24260851,stochastic,0.2495020050860718,0.3749054022901267,0.07781520364882129,0.33599780046571603,False,37,39.55140186915888,PPO_v02_checkpoint_inference,False,False,6.897435897435898,22.0,0.10256410256410256,0.5384615384615384,0.5538461538461539,0.4461538461538462,0.7692307692307693
40,"[13,30,26,35,37,29,5,0,12,11,3,7,6,1,9,8,2,4,17,33,19,20,25,22,15,14,28,18,16,10,23,21,24,32,34,36,39,27,38,31]","13,30,26,35,37,29,5,0,12,11,3,7,6,1,9,8,2,4,17,33,19,20,25,22,15,14,28,18,16,10,23,21,24,32,34,36,39,27,38,31",318ce4ce7262f992,E:\Projects\RL-LAM-ScanOpt\outputs\stage3_ppo_rl_lam_fea_addendum_v02_targeted_N24_N40\ppo_training_v02\checkpoints\N40_seed20260624_maskable_ppo_v02.zip,20260624,24260852,stochastic,0.24741447574334866,0.3960094199643349,0.09567125374684954,0.3481737930909101,False,36,39.41588785046729,PPO_v02_checkpoint_inference,False,False,6.9743589743589745,24.0,0.1282051282051282,0.46153846153846156,0.5948717948717949,0.40512820512820513,0.9487179487179487
40,"[13,35,30,29,21,37,19,26,23,4,6,10,8,3,7,1,2,12,11,5,9,17,20,0,14,16,18,15,24,22,25,34,39,38,31,33,28,32,36,27]","13,35,30,29,21,37,19,26,23,4,6,10,8,3,7,1,2,12,11,5,9,17,20,0,14,16,18,15,24,22,25,34,39,38,31,33,28,32,36,27",c0af0e7d74b53c46,E:\Projects\RL-LAM-ScanOpt\outputs\stage3_ppo_rl_lam_fea_addendum_v02_targeted_N24_N40\ppo_training_v02\checkpoints\N40_seed20260624_maskable_ppo_v02.zip,20260624,24260853,stochastic,0.2558607394366195,0.395389762670377,0.09344602547454846,0.34866674993310276,False,36,39.39719626168224,PPO_v02_checkpoint_inference,False,False,6.564102564102564,22.0,0.10256410256410256,0.46153846153846156,0.4461538461538462,0.5538461538461539,0.8461538461538461
40,"[29,35,30,26,4,13,8,5,37,20,23,19,11,2,0,3,7,9,6,1,14,17,16,12,22,18,15,10,24,25,21,34,33,38,32,39,36,31,27,28]","29,35,30,26,4,13,8,5,37,20,23,19,11,2,0,3,7,9,6,1,14,17,16,12,22,18,15,10,24,25,21,34,33,38,32,39,36,31,27,28",9fd877fa6862e767,E:\Projects\RL-LAM-ScanOpt\outputs\stage3_ppo_rl_lam_fea_addendum_v02_targeted_N24_N40\ppo_training_v02\checkpoints\N40_seed20260624_maskable_ppo_v02.zip,20260624,24260854,stochastic,0.26345819640062573,0.4183185130206254,0.09888213615471052,0.3688774449432701,False,36,38.677570093457945,PPO_v02_checkpoint_inference,False,False,6.487179487179487,32.0,0.10256410256410256,0.5897435897435898,0.5538461538461539,0.44615384615384607,0.8461538461538461
40,"[30,26,23,10,19,13,11,2,3,6,29,35,37,20,12,7,1,0,5,8,4,9,16,14,18,25,24,15,22,17,21,33,39,38,36,34,32,27,31,28]","30,26,23,10,19,13,11,2,3,6,29,35,37,20,12,7,1,0,5,8,4,9,16,14,18,25,24,15,22,17,21,33,39,38,36,34,32,27,31,28",f21e14cc275beb1b,E:\Projects\RL-LAM-ScanOpt\outputs\stage3_ppo_rl_lam_fea_addendum_v02_targeted_N24_N40\ppo_training_v02\checkpoints\N40_seed20260624_maskable_ppo_v02.zip,20260624,24260855,stochastic,0.29877420774647867,0.4476387495872569,0.10327098317062793,0.39600325800194297,False,35,38.92056074766355,PPO_v02_checkpoint_inference,False,False,5.589743589743589,23.0,0.10256410256410256,0.5641025641025641,0.4769230769230769,0.5230769230769231,0.717948717948718
40,"[29,37,34,35,30,26,20,13,1,0,8,5,9,4,3,6,2,11,12,7,16,17,23,21,14,18,19,22,15,25,10,24,33,39,32,38,36,27,31,28]","29,37,34,35,30,26,20,13,1,0,8,5,9,4,3,6,2,11,12,7,16,17,23,21,14,18,19,22,15,25,10,24,33,39,32,38,36,27,31,28",cca1fee5097e81e7,E:\Projects\RL-LAM-ScanOpt\outputs\stage3_ppo_rl_lam_fea_addendum_v02_targeted_N24_N40\ppo_training_v02\checkpoints\N40_seed20260624_maskable_ppo_v02.zip,20260624,24260856,stochastic,0.28969258607198717,0.3232988715616938,0.022632276895988776,0.3119827331136994,False,37,39.48598130841121,PPO_v02_checkpoint_inference,False,False,5.512820512820513,15.0,0.15384615384615385,0.5897435897435898,0.6102564102564102,0.3897435897435897,0.9487179487179487
40,"[29,37,13,2,7,5,23,35,15,11,22,16,4,24,26,0,6,12,3,8,17,18,14,1,20,30,19,9,10,33,21,25,28,32,34,38,36,39,31,27]","29,37,13,2,7,5,23,35,15,11,22,16,4,24,26,0,6,12,3,8,17,18,14,1,20,30,19,9,10,33,21,25,28,32,34,38,36,39,31,27",f73b63990216477a,E:\Projects\RL-LAM-ScanOpt\outputs\stage3_ppo_rl_lam_fea_addendum_v02_targeted_N24_N40\ppo_training_v02\checkpoints\N40_seed20260624_maskable_ppo_v02.zip,20260624,24260857,stochastic,0.23214552034428781,0.3805431924709338,0.09522468568907574,0.33293084962639596,False,36,38.58411214953271,PPO_v02_checkpoint_inference,False,False,9.076923076923077,26.0,0.05128205128205128,0.358974358974359,0.5641025641025641,0.43589743589743585,0.8974358974358975
40,"[23,29,37,35,11,3,17,8,13,10,26,19,9,2,7,1,22,12,6,14,18,30,20,5,16,4,15,0,21,25,32,34,38,36,39,33,24,28,27,31]","23,29,37,35,11,3,17,8,13,10,26,19,9,2,7,1,22,12,6,14,18,30,20,5,16,4,15,0,21,25,32,34,38,36,39,33,24,28,27,31",7d59b2daa695b3dd,E:\Projects\RL-LAM-ScanOpt\outputs\stage3_ppo_rl_lam_fea_addendum_v02_targeted_N24_N40\ppo_training_v02\checkpoints\N40_seed20260624_maskable_ppo_v02.zip,20260624,24260858,stochastic,0.2433816412363066,0.4030179480566572,0.10272040539055066,0.35165774536138183,False,36,39.154205607476634,PPO_v02_checkpoint_inference,False,False,8.512820512820513,24.0,0.02564102564102564,0.41025641025641024,0.517948717948718,0.482051282051282,0.8717948717948718
40,"[11,2,13,29,7,4,16,35,26,9,3,19,37,23,30,20,5,8,14,10,1,12,6,17,0,15,22,18,25,21,24,33,32,39,36,34,38,27,31,28]","11,2,13,29,7,4,16,35,26,9,3,19,37,23,30,20,5,8,14,10,1,12,6,17,0,15,22,18,25,21,24,33,32,39,36,34,38,27,31,28",f060217bc9018192,E:\Projects\RL-LAM-ScanOpt\outputs\stage3_ppo_rl_lam_fea_addendum_v02_targeted_N24_N40\ppo_training_v02\checkpoints\N40_seed20260624_maskable_ppo_v02.zip,20260624,24260859,stochastic,0.21297312206572766,0.38482713716648764,0.10687006636279764,0.33139210398508884,False,34,38.88317757009346,PPO_v02_checkpoint_inference,False,False,9.102564102564102,22.0,0.02564102564102564,0.5897435897435898,0.5435897435897435,0.4564102564102564,0.8461538461538461
40,"[11,35,37,30,29,23,26,9,13,0,12,3,2,7,6,17,4,18,14,8,1,15,22,19,25,5,10,16,20,21,39,24,28,38,32,36,34,31,33,27]","11,35,37,30,29,23,26,9,13,0,12,3,2,7,6,17,4,18,14,8,1,15,22,19,25,5,10,16,20,21,39,24,28,38,32,36,34,31,33,27",c28592e5873ad432,E:\Projects\RL-LAM-ScanOpt\outputs\stage3_ppo_rl_lam_fea_addendum_v02_targeted_N24_N40\ppo_training_v02\checkpoints\N40_seed20260624_maskable_ppo_v02.zip,20260624,24260860,stochastic,0.23053897691705774,0.38432078699943606,0.09823398254828995,0.3352037957252911,False,35,39.3411214953271,PPO_v02_checkpoint_inference,False,False,7.589743589743589,24.0,0.10256410256410256,0.46153846153846156,0.5538461538461539,0.4461538461538462,0.9487179487179487
40,"[24,37,29,35,26,30,23,25,19,13,15,8,2,12,17,7,0,6,3,4,1,18,21,16,11,10,9,5,20,22,14,28,39,38,36,32,34,27,33,31]","24,37,29,35,26,30,23,25,19,13,15,8,2,12,17,7,0,6,3,4,1,18,21,16,11,10,9,5,20,22,14,28,39,38,36,32,34,27,33,31",1d524270a0fe8cb1,E:\Projects\RL-LAM-ScanOpt\outputs\stage3_ppo_rl_lam_fea_addendum_v02_targeted_N24_N40\ppo_training_v02\checkpoints\N40_seed20260624_maskable_ppo_v02.zip,20260624,24260861,stochastic,0.28791573748043786,0.44079935663636827,0.09865102763699249,0.391473842817872,False,34,39.13084112149533,PPO_v02_checkpoint_inference,False,False,5.923076923076923,17.0,0.10256410256410256,0.48717948717948717,0.41025641025641024,0.5897435897435898,0.6153846153846154
40,"[9,8,23,13,29,35,37,30,21,12,3,0,11,1,6,5,19,26,20,7,2,14,18,17,4,10,15,16,22,25,36,24,34,33,28,39,38,27,32,31]","9,8,23,13,29,35,37,30,21,12,3,0,11,1,6,5,19,26,20,7,2,14,18,17,4,10,15,16,22,25,36,24,34,33,28,39,38,27,32,31",c45db6262475c72a,E:\Projects\RL-LAM-ScanOpt\outputs\stage3_ppo_rl_lam_fea_addendum_v02_targeted_N24_N40\ppo_training_v02\checkpoints\N40_seed20260624_maskable_ppo_v02.zip,20260624,24260862,stochastic,0.2502456670579027,0.42213846326479076,0.11084184626898866,0.36671754013029645,False,36,39.467289719626166,PPO_v02_checkpoint_inference,False,False,7.128205128205129,16.0,0.1794871794871795,0.6666666666666666,0.4820512820512821,0.5179487179487179,0.7435897435897436
40,"[23,30,37,29,8,3,13,5,2,6,17,26,35,11,7,9,0,4,1,12,10,15,14,16,18,22,19,20,21,24,33,25,38,32,34,36,39,27,31,28]","23,30,37,29,8,3,13,5,2,6,17,26,35,11,7,9,0,4,1,12,10,15,14,16,18,22,19,20,21,24,33,25,38,32,34,36,39,27,31,28",e40a41d830fae591,E:\Projects\RL-LAM-ScanOpt\outputs\stage3_ppo_rl_lam_fea_addendum_v02_targeted_N24_N40\ppo_training_v02\checkpoints\N40_seed20260624_maskable_ppo_v02.zip,20260624,24260863,stochastic,0.2884255575117368,0.41433272645556224,0.0822995001758457,0.3731829763676394,False,32,38.64485981308411,PPO_v02_checkpoint_inference,False,False,6.282051282051282,24.0,0.07692307692307693,0.5384615384615384,0.6205128205128205,0.37948717948717947,0.8974358974358975
40,"[13,35,29,37,26,4,17,11,19,30,20,6,5,3,7,0,8,23,12,1,2,9,10,14,15,21,18,22,16,24,36,25,32,38,39,34,33,27,31,28]","13,35,29,37,26,4,17,11,19,30,20,6,5,3,7,0,8,23,12,1,2,9,10,14,15,21,18,22,16,24,36,25,32,38,39,34,33,27,31,28",4dcdd8ce05248617,E:\Projects\RL-LAM-ScanOpt\outputs\stage3_ppo_rl_lam_fea_addendum_v02_targeted_N24_N40\ppo_training_v02\checkpoints\N40_seed20260624_maskable_ppo_v02.zip,20260624,24260864,stochastic,0.24133669796557103,0.40546091139598106,0.10493287882256987,0.35299447198469613,False,34,38.83644859813084,PPO_v02_checkpoint_inference,False,False,7.358974358974359,22.0,0.15384615384615385,0.48717948717948717,0.4769230769230769,0.5230769230769231,0.8461538461538461
40,"[37,26,29,20,19,35,16,1,30,11,13,3,6,14,23,9,7,10,8,5,4,2,12,18,0,17,15,22,24,33,36,34,25,21,28,38,32,31,39,27]","37,26,29,20,19,35,16,1,30,11,13,3,6,14,23,9,7,10,8,5,4,2,12,18,0,17,15,22,24,33,36,34,25,21,28,38,32,31,39,27",ff9c77810b2ea87f,E:\Projects\RL-LAM-ScanOpt\outputs\stage3_ppo_rl_lam_fea_addendum_v02_targeted_N24_N40\ppo_training_v02\checkpoints\N40_seed20260624_maskable_ppo_v02.zip,20260624,24260865,stochastic,0.21505801056338028,0.3784931571920394,0.10135808828189237,0.3278141130510932,False,36,39.046728971962615,PPO_v02_checkpoint_inference,False,False,8.051282051282051,29.0,0.07692307692307693,0.5128205128205128,0.4666666666666667,0.5333333333333333,0.9230769230769231
40,"[23,13,11,5,26,37,35,29,30,6,4,2,3,8,7,17,9,1,15,0,12,10,19,25,21,22,14,18,20,16,24,36,38,32,39,34,33,27,28,31]","23,13,11,5,26,37,35,29,30,6,4,2,3,8,7,17,9,1,15,0,12,10,19,25,21,22,14,18,20,16,24,36,38,32,39,34,33,27,28,31",4d80160bddc59b44,E:\Projects\RL-LAM-ScanOpt\outputs\stage3_ppo_rl_lam_fea_addendum_v02_targeted_N24_N40\ppo_training_v02\checkpoints\N40_seed20260624_maskable_ppo_v02.zip,20260624,24260866,stochastic,0.26274382824726117,0.4092037584194186,0.09175636075936613,0.36332557803973553,False,36,39.018691588785046,PPO_v02_checkpoint_inference,False,False,6.461538461538462,24.0,0.15384615384615385,0.358974358974359,0.5435897435897437,0.4564102564102564,0.8205128205128205
40,"[29,37,35,20,13,4,11,19,9,6,23,30,26,16,8,10,2,7,1,3,0,5,12,18,25,21,17,15,14,22,24,33,38,39,36,32,34,27,31,28]","29,37,35,20,13,4,11,19,9,6,23,30,26,16,8,10,2,7,1,3,0,5,12,18,25,21,17,15,14,22,24,33,38,39,36,32,34,27,31,28",bbf344aee51abb59,E:\Projects\RL-LAM-ScanOpt\outputs\stage3_ppo_rl_lam_fea_addendum_v02_targeted_N24_N40\ppo_training_v02\checkpoints\N40_seed20260624_maskable_ppo_v02.zip,20260624,24260867,stochastic,0.3098888791079812,0.4433513377982162,0.08921621894358818,0.3987432283264221,False,35,39.40654205607477,PPO_v02_checkpoint_inference,False,False,5.769230769230769,17.0,0.05128205128205128,0.48717948717948717,0.5025641025641027,0.49743589743589733,0.8461538461538461
40,"[37,35,29,26,13,1,23,7,9,4,5,17,24,30,8,2,12,19,20,16,14,3,11,10,6,0,27,21,18,15,22,25,34,36,32,38,39,33,31,28]","37,35,29,26,13,1,23,7,9,4,5,17,24,30,8,2,12,19,20,16,14,3,11,10,6,0,27,21,18,15,22,25,34,36,32,38,39,33,31,28",228e567c4296eba8,E:\Projects\RL-LAM-ScanOpt\outputs\stage3_ppo_rl_lam_fea_addendum_v02_targeted_N24_N40\ppo_training_v02\checkpoints\N40_seed20260624_maskable_ppo_v02.zip,20260624,24260868,stochastic,0.2588702856025039,0.37921074122035753,0.07859367439542016,0.33991390402264743,False,37,39.35514018691589,PPO_v02_checkpoint_inference,False,False,6.948717948717949,27.0,0.10256410256410256,0.4358974358974359,0.5948717948717948,0.40512820512820513,0.9230769230769231
40,"[13,35,29,23,4,37,17,30,3,11,1,5,2,6,7,15,26,16,8,22,12,0,9,14,10,24,20,19,18,25,21,34,33,36,32,38,39,31,28,27]","13,35,29,23,4,37,17,30,3,11,1,5,2,6,7,15,26,16,8,22,12,0,9,14,10,24,20,19,18,25,21,34,33,36,32,38,39,31,28,27",006711b6fc7596f9,E:\Projects\RL-LAM-ScanOpt\outputs\stage3_ppo_rl_lam_fea_addendum_v02_targeted_N24_N40\ppo_training_v02\checkpoints\N40_seed20260624_maskable_ppo_v02.zip,20260624,24260869,stochastic,0.22521370305164318,0.3863144749613325,0.10204530359322861,0.3352918231647182,False,36,38.574766355140184,PPO_v02_checkpoint_inference,False,False,8.666666666666666,33.0,0.15384615384615385,0.46153846153846156,0.5435897435897435,0.45641025641025645,0.8717948717948718
40,"[13,29,35,16,23,30,37,10,11,26,7,8,3,6,0,1,12,2,5,22,19,15,9,14,4,17,18,20,21,25,32,24,33,39,38,34,36,31,27,28]","13,29,35,16,23,30,37,10,11,26,7,8,3,6,0,1,12,2,5,22,19,15,9,14,4,17,18,20,21,25,32,24,33,39,38,34,36,31,27,28",91d7f72a829ba856,E:\Projects\RL-LAM-ScanOpt\outputs\stage3_ppo_rl_lam_fea_addendum_v02_targeted_N24_N40\ppo_training_v02\checkpoints\N40_seed20260624_maskable_ppo_v02.zip,20260624,24260870,stochastic,0.2424996870109545,0.3936306535848518,0.09577652431723416,0.3457423914262347,False,36,39.41121495327103,PPO_v02_checkpoint_inference,False,False,7.102564102564102,27.0,0.1794871794871795,0.6410256410256411,0.4666666666666666,0.5333333333333333,0.6923076923076923
40,"[8,35,23,26,29,30,37,19,13,12,3,6,11,5,7,17,1,14,10,0,4,2,9,33,20,16,25,18,15,24,22,21,36,38,39,34,32,28,27,31]","8,35,23,26,29,30,37,19,13,12,3,6,11,5,7,17,1,14,10,0,4,2,9,33,20,16,25,18,15,24,22,21,36,38,39,34,32,28,27,31",a376a6939726bb31,E:\Projects\RL-LAM-ScanOpt\outputs\stage3_ppo_rl_lam_fea_addendum_v02_targeted_N24_N40\ppo_training_v02\checkpoints\N40_seed20260624_maskable_ppo_v02.zip,20260624,24260871,stochastic,0.24485312989045352,0.4070580199183878,0.10332346841167628,0.35539628571254966,False,36,39.481308411214954,PPO_v02_checkpoint_inference,False,False,7.051282051282051,27.0,0.1282051282051282,0.5384615384615384,0.4564102564102564,0.5435897435897437,0.7435897435897436
40,"[11,19,29,35,23,26,37,20,8,4,13,3,6,5,2,10,7,9,17,0,1,12,22,15,18,14,30,21,16,24,25,34,36,27,38,39,31,32,33,28]","11,19,29,35,23,26,37,20,8,4,13,3,6,5,2,10,7,9,17,0,1,12,22,15,18,14,30,21,16,24,25,34,36,27,38,39,31,32,33,28",baeaccde0c61ebb9,E:\Projects\RL-LAM-ScanOpt\outputs\stage3_ppo_rl_lam_fea_addendum_v02_targeted_N24_N40\ppo_training_v02\checkpoints\N40_seed20260624_maskable_ppo_v02.zip,20260624,24260872,stochastic,0.25939405320813747,0.41913692246559525,0.10888677914209732,0.3646935328945466,False,36,38.97196261682243,PPO_v02_checkpoint_inference,False,False,6.897435897435898,17.0,0.15384615384615385,0.5897435897435898,0.45641025641025645,0.5435897435897437,0.8461538461538461
40,"[8,13,23,29,37,2,7,9,3,6,17,5,1,14,26,35,30,25,11,19,12,15,18,0,4,22,20,10,21,16,24,38,33,27,32,39,34,36,31,28]","8,13,23,29,37,2,7,9,3,6,17,5,1,14,26,35,30,25,11,19,12,15,18,0,4,22,20,10,21,16,24,38,33,27,32,39,34,36,31,28",829d647345671333,E:\Projects\RL-LAM-ScanOpt\outputs\stage3_ppo_rl_lam_fea_addendum_v02_targeted_N24_N40\ppo_training_v02\checkpoints\N40_seed20260624_maskable_ppo_v02.zip,20260624,24260873,stochastic,0.23716224569640038,0.3829625107479778,0.09264968580042164,0.336637667847767,False,37,39.0607476635514,PPO_v02_checkpoint_inference,False,False,8.051282051282051,35.0,0.0,0.5128205128205128,0.6102564102564102,0.3897435897435897,0.8974358974358975
40,"[23,13,3,11,7,5,6,17,8,15,35,20,37,29,26,30,16,9,12,1,4,14,0,2,18,39,19,25,22,10,24,21,32,34,36,33,38,31,27,28]","23,13,3,11,7,5,6,17,8,15,35,20,37,29,26,30,16,9,12,1,4,14,0,2,18,39,19,25,22,10,24,21,32,34,36,33,38,31,27,28",f56b481c0d121f48,E:\Projects\RL-LAM-ScanOpt\outputs\stage3_ppo_rl_lam_fea_addendum_v02_targeted_N24_N40\ppo_training_v02\checkpoints\N40_seed20260624_maskable_ppo_v02.zip,20260624,24260874,stochastic,0.23801257824726124,0.38287582904237116,0.08808501956036514,0.33883331926218857,False,35,39.38317757009346,PPO_v02_checkpoint_inference,False,False,8.282051282051283,21.0,0.05128205128205128,0.48717948717948717,0.482051282051282,0.517948717948718,0.5128205128205128
40,"[35,37,29,23,30,11,20,13,7,26,25,17,8,3,9,4,1,2,12,6,0,10,5,19,21,22,14,18,16,24,15,33,32,34,38,39,36,31,27,28]","35,37,29,23,30,11,20,13,7,26,25,17,8,3,9,4,1,2,12,6,0,10,5,19,21,22,14,18,16,24,15,33,32,34,38,39,36,31,27,28",fa730c88124fd5ca,E:\Projects\RL-LAM-ScanOpt\outputs\stage3_ppo_rl_lam_fea_addendum_v02_targeted_N24_N40\ppo_training_v02\checkpoints\N40_seed20260624_maskable_ppo_v02.zip,20260624,24260875,stochastic,0.26001071009389654,0.40882591391018774,0.09519012303112089,0.3612308523946273,False,34,39.11214953271028,PPO_v02_checkpoint_inference,False,False,6.282051282051282,19.0,0.15384615384615385,0.48717948717948717,0.4666666666666667,0.5333333333333333,0.7692307692307693
40,"[35,16,13,1,8,7,4,17,5,29,30,37,26,24,19,23,2,9,3,11,0,12,10,6,22,14,15,21,20,18,25,38,34,31,36,32,39,33,27,28]","35,16,13,1,8,7,4,17,5,29,30,37,26,24,19,23,2,9,3,11,0,12,10,6,22,14,15,21,20,18,25,38,34,31,36,32,39,33,27,28",c78e358248e4f7b5,E:\Projects\RL-LAM-ScanOpt\outputs\stage3_ppo_rl_lam_fea_addendum_v02_targeted_N24_N40\ppo_training_v02\checkpoints\N40_seed20260624_maskable_ppo_v02.zip,20260624,24260876,stochastic,0.24162321987480415,0.36649592368646505,0.08199972835746587,0.32549605950773214,False,36,39.271028037383175,PPO_v02_checkpoint_inference,False,False,7.3076923076923075,24.0,0.1282051282051282,0.5384615384615384,0.5641025641025641,0.43589743589743585,0.8717948717948718
40,"[5,29,35,30,26,37,19,13,4,23,21,2,3,17,8,6,9,12,1,7,11,14,10,0,18,16,15,20,22,24,25,33,36,38,32,34,39,27,28,31]","5,29,35,30,26,37,19,13,4,23,21,2,3,17,8,6,9,12,1,7,11,14,10,0,18,16,15,20,22,24,25,33,36,38,32,34,39,27,28,31",1cd837457748a78a,E:\Projects\RL-LAM-ScanOpt\outputs\stage3_ppo_rl_lam_fea_addendum_v02_targeted_N24_N40\ppo_training_v02\checkpoints\N40_seed20260624_maskable_ppo_v02.zip,20260624,24260877,stochastic,0.25097355242566494,0.4162308680112272,0.10579977450281872,0.36333098075981785,False,35,39.532710280373834,PPO_v02_checkpoint_inference,False,False,6.82051282051282,24.0,0.10256410256410256,0.46153846153846156,0.5128205128205128,0.4871794871794871,0.8461538461538461
40,"[4,13,11,17,23,37,24,35,26,30,29,19,20,5,9,2,1,3,7,12,8,0,6,14,15,10,18,21,16,32,25,22,36,38,39,34,31,28,27,33]","4,13,11,17,23,37,24,35,26,30,29,19,20,5,9,2,1,3,7,12,8,0,6,14,15,10,18,21,16,32,25,22,36,38,39,34,31,28,27,33",05257546ce15a43a,E:\Projects\RL-LAM-ScanOpt\outputs\stage3_ppo_rl_lam_fea_addendum_v02_targeted_N24_N40\ppo_training_v02\checkpoints\N40_seed20260624_maskable_ppo_v02.zip,20260624,24260878,stochastic,0.2856953736306727,0.43561661941346036,0.09642623337597224,0.38740350272547425,False,35,39.48598130841121,PPO_v02_checkpoint_inference,False,False,5.9743589743589745,16.0,0.15384615384615385,0.5384615384615384,0.4666666666666666,0.5333333333333333,0.8461538461538461
40,"[28,29,35,37,32,2,4,9,13,0,14,19,18,23,30,10,11,3,6,7,24,26,20,8,1,12,5,16,17,15,21,22,33,38,25,39,34,36,27,31]","28,29,35,37,32,2,4,9,13,0,14,19,18,23,30,10,11,3,6,7,24,26,20,8,1,12,5,16,17,15,21,22,33,38,25,39,34,36,27,31",ec1a9537b1a014ca,E:\Projects\RL-LAM-ScanOpt\outputs\stage3_ppo_rl_lam_fea_addendum_v02_targeted_N24_N40\ppo_training_v02\checkpoints\N40_seed20260624_maskable_ppo_v02.zip,20260624,24260879,stochastic,0.2376744033646319,0.37710910022535615,0.08778923363830336,0.33321448340620446,False,36,38.66822429906542,PPO_v02_checkpoint_inference,False,False,7.153846153846154,30.0,0.15384615384615385,0.5897435897435898,0.6820512820512821,0.31794871794871793,0.9487179487179487
40,"[4,13,9,3,7,19,29,30,37,35,26,17,23,8,6,1,14,11,25,20,12,0,2,5,15,18,10,16,24,22,38,34,21,28,33,36,31,39,32,27]","4,13,9,3,7,19,29,30,37,35,26,17,23,8,6,1,14,11,25,20,12,0,2,5,15,18,10,16,24,22,38,34,21,28,33,36,31,39,32,27",9eef2f3292f40ee8,E:\Projects\RL-LAM-ScanOpt\outputs\stage3_ppo_rl_lam_fea_addendum_v02_targeted_N24_N40\ppo_training_v02\checkpoints\N40_seed20260624_maskable_ppo_v02.zip,20260624,24260880,stochastic,0.28330385367762106,0.4226987707998288,0.0906255946598324,0.3773859734699126,False,36,39.098130841121495,PPO_v02_checkpoint_inference,False,False,6.948717948717949,16.0,0.02564102564102564,0.48717948717948717,0.5897435897435898,0.41025641025641024,0.8717948717948718
40,"[35,29,37,30,25,20,13,11,7,5,9,8,3,2,4,15,26,23,21,0,12,6,1,14,19,10,17,18,22,16,24,38,32,28,34,36,33,39,27,31]","35,29,37,30,25,20,13,11,7,5,9,8,3,2,4,15,26,23,21,0,12,6,1,14,19,10,17,18,22,16,24,38,32,28,34,36,33,39,27,31",c0bf19322e69c135,E:\Projects\RL-LAM-ScanOpt\outputs\stage3_ppo_rl_lam_fea_addendum_v02_targeted_N24_N40\ppo_training_v02\checkpoints\N40_seed20260624_maskable_ppo_v02.zip,20260624,24260881,stochastic,0.29380849960876354,0.4442943833534038,0.10760416605432756,0.39049230032624005,False,35,38.28971962616822,PPO_v02_checkpoint_inference,False,False,6.153846153846154,21.0,0.07692307692307693,0.46153846153846156,0.517948717948718,0.482051282051282,0.8205128205128205
40,"[35,4,13,23,37,29,30,20,19,26,6,7,1,0,14,24,11,3,21,2,18,10,12,8,9,17,5,16,15,22,25,33,36,31,38,39,34,32,27,28]","35,4,13,23,37,29,30,20,19,26,6,7,1,0,14,24,11,3,21,2,18,10,12,8,9,17,5,16,15,22,25,33,36,31,38,39,34,32,27,28",13458d1098862f7f,E:\Projects\RL-LAM-ScanOpt\outputs\stage3_ppo_rl_lam_fea_addendum_v02_targeted_N24_N40\ppo_training_v02\checkpoints\N40_seed20260624_maskable_ppo_v02.zip,20260624,24260882,stochastic,0.2076806435837245,0.369501808150886,0.10583109735236938,0.3165862594747013,False,36,39.126168224299064,PPO_v02_checkpoint_inference,False,False,7.9743589743589745,31.0,0.20512820512820512,0.5384615384615384,0.44102564102564096,0.558974358974359,0.8461538461538461
40,"[26,29,35,30,37,23,8,13,6,10,11,1,2,3,0,9,7,12,20,16,17,4,14,18,5,19,15,24,21,22,32,25,34,38,33,39,31,36,27,28]","26,29,35,30,37,23,8,13,6,10,11,1,2,3,0,9,7,12,20,16,17,4,14,18,5,19,15,24,21,22,32,25,34,38,33,39,31,36,27,28",3976a896bfc493ba,E:\Projects\RL-LAM-ScanOpt\outputs\stage3_ppo_rl_lam_fea_addendum_v02_targeted_N24_N40\ppo_training_v02\checkpoints\N40_seed20260624_maskable_ppo_v02.zip,20260624,24260883,stochastic,0.2875250684663535,0.42723001771439767,0.0914386478399886,0.3815106937944034,False,36,39.14485981308411,PPO_v02_checkpoint_inference,False,False,6.3076923076923075,15.0,0.15384615384615385,0.6153846153846154,0.5333333333333333,0.4666666666666666,0.7948717948717948
40,"[37,29,35,26,9,13,1,3,23,18,20,28,30,25,34,17,8,6,7,14,19,24,5,11,12,0,2,4,15,16,22,33,10,21,27,38,32,36,39,31]","37,29,35,26,9,13,1,3,23,18,20,28,30,25,34,17,8,6,7,14,19,24,5,11,12,0,2,4,15,16,22,33,10,21,27,38,32,36,39,31",f533da59a7d2889b,E:\Projects\RL-LAM-ScanOpt\outputs\stage3_ppo_rl_lam_fea_addendum_v02_targeted_N24_N40\ppo_training_v02\checkpoints\N40_seed20260624_maskable_ppo_v02.zip,20260624,24260884,stochastic,0.216358519170579,0.21626988183679377,0.011746458053548958,0.2103966528100193,False,35,38.350467289719624,PPO_v02_checkpoint_inference,False,False,7.641025641025641,23.0,0.07692307692307693,0.5128205128205128,0.5435897435897435,0.4564102564102564,0.9230769230769231
40,"[13,9,29,37,35,30,1,26,23,5,3,6,11,8,12,0,2,7,17,16,4,14,18,24,20,10,22,15,25,19,28,21,27,36,38,34,33,32,39,31]","13,9,29,37,35,30,1,26,23,5,3,6,11,8,12,0,2,7,17,16,4,14,18,24,20,10,22,15,25,19,28,21,27,36,38,34,33,32,39,31",38374833cddca3d6,E:\Projects\RL-LAM-ScanOpt\outputs\stage3_ppo_rl_lam_fea_addendum_v02_targeted_N24_N40\ppo_training_v02\checkpoints\N40_seed20260624_maskable_ppo_v02.zip,20260624,24260885,stochastic,0.24646707746478852,0.3793617096564321,0.08235573553749269,0.3381838418876858,False,36,38.91121495327103,PPO_v02_checkpoint_inference,False,False,7.589743589743589,29.0,0.07692307692307693,0.41025641025641024,0.5794871794871794,0.4205128205128205,0.9230769230769231
40,"[11,16,4,29,26,13,23,30,35,37,19,9,6,7,2,3,8,10,1,0,12,14,17,18,15,5,21,20,25,22,24,27,34,38,39,31,32,36,33,28]","11,16,4,29,26,13,23,30,35,37,19,9,6,7,2,3,8,10,1,0,12,14,17,18,15,5,21,20,25,22,24,27,34,38,39,31,32,36,33,28",495fd2346c724c69,E:\Projects\RL-LAM-ScanOpt\outputs\stage3_ppo_rl_lam_fea_addendum_v02_targeted_N24_N40\ppo_training_v02\checkpoints\N40_seed20260624_maskable_ppo_v02.zip,20260624,24260886,stochastic,0.2719629890453831,0.399133131786763,0.08262167070714849,0.35782229643318875,False,36,38.7803738317757,PPO_v02_checkpoint_inference,False,False,5.923076923076923,25.0,0.1794871794871795,0.6410256410256411,0.49743589743589745,0.5025641025641024,0.8461538461538461
40,"[26,35,37,23,30,29,18,9,13,1,17,21,11,7,8,2,4,3,0,16,5,12,20,19,6,10,14,15,24,22,39,32,25,34,38,36,33,27,31,28]","26,35,37,23,30,29,18,9,13,1,17,21,11,7,8,2,4,3,0,16,5,12,20,19,6,10,14,15,24,22,39,32,25,34,38,36,33,27,31,28",c93385f8e7dc7142,E:\Projects\RL-LAM-ScanOpt\outputs\stage3_ppo_rl_lam_fea_addendum_v02_targeted_N24_N40\ppo_training_v02\checkpoints\N40_seed20260624_maskable_ppo_v02.zip,20260624,24260887,stochastic,0.27030728677621263,0.3914257151651787,0.07554351364374391,0.35365395834330676,False,36,38.33644859813084,PPO_v02_checkpoint_inference,False,False,6.512820512820513,17.0,0.1282051282051282,0.5128205128205128,0.5128205128205129,0.4871794871794871,0.9230769230769231
40,"[29,35,37,17,8,13,23,30,26,20,11,7,3,6,4,1,2,5,0,9,12,10,14,15,19,18,16,28,24,22,25,21,33,32,38,39,36,34,31,27]","29,35,37,17,8,13,23,30,26,20,11,7,3,6,4,1,2,5,0,9,12,10,14,15,19,18,16,28,24,22,25,21,33,32,38,39,36,34,31,27",4d8c96bc236fcb62,E:\Projects\RL-LAM-ScanOpt\outputs\stage3_ppo_rl_lam_fea_addendum_v02_targeted_N24_N40\ppo_training_v02\checkpoints\N40_seed20260624_maskable_ppo_v02.zip,20260624,24260888,stochastic,0.35276163928012516,0.458632009827999,0.07904070264176466,0.4191116585071167,False,36,39.08411214953271,PPO_v02_checkpoint_inference,False,False,4.769230769230769,20.0,0.1282051282051282,0.46153846153846156,0.43076923076923074,0.5692307692307692,0.7435897435897436
40,"[29,37,19,13,8,6,11,35,23,30,26,12,3,9,7,14,4,0,1,2,10,18,17,20,15,16,24,21,22,5,27,25,32,39,36,38,34,33,31,28]","29,37,19,13,8,6,11,35,23,30,26,12,3,9,7,14,4,0,1,2,10,18,17,20,15,16,24,21,22,5,27,25,32,39,36,38,34,33,31,28",a94ffc51c28cff4b,E:\Projects\RL-LAM-ScanOpt\outputs\stage3_ppo_rl_lam_fea_addendum_v02_targeted_N24_N40\ppo_training_v02\checkpoints\N40_seed20260624_maskable_ppo_v02.zip,20260624,24260889,stochastic,0.26147395344287916,0.3976422476666732,0.08825325432331312,0.35351562050501667,False,35,39.30373831775701,PPO_v02_checkpoint_inference,False,False,6.487179487179487,24.0,0.15384615384615385,0.48717948717948717,0.49743589743589745,0.5025641025641026,0.7948717948717948
40,"[29,37,35,20,30,8,4,13,7,5,6,3,23,26,2,17,19,24,18,11,0,9,12,1,16,15,14,22,10,21,39,25,38,34,32,36,33,27,28,31]","29,37,35,20,30,8,4,13,7,5,6,3,23,26,2,17,19,24,18,11,0,9,12,1,16,15,14,22,10,21,39,25,38,34,32,36,33,27,28,31",9f3c226e37209c47,E:\Projects\RL-LAM-ScanOpt\outputs\stage3_ppo_rl_lam_fea_addendum_v02_targeted_N24_N40\ppo_training_v02\checkpoints\N40_seed20260624_maskable_ppo_v02.zip,20260624,24260890,stochastic,0.22461142410015644,0.37879499378305,0.09518107266385703,0.3312044574511215,False,35,38.49065420560748,PPO_v02_checkpoint_inference,False,False,8.051282051282051,24.0,0.10256410256410256,0.5128205128205128,0.5846153846153846,0.41538461538461535,0.8461538461538461
40,"[29,30,35,37,12,13,7,26,23,9,11,6,5,3,1,2,0,17,19,4,18,10,8,14,24,21,20,16,15,22,25,33,39,38,34,32,36,31,27,28]","29,30,35,37,12,13,7,26,23,9,11,6,5,3,1,2,0,17,19,4,18,10,8,14,24,21,20,16,15,22,25,33,39,38,34,32,36,31,27,28",52caab1edd5532cc,E:\Projects\RL-LAM-ScanOpt\outputs\stage3_ppo_rl_lam_fea_addendum_v02_targeted_N24_N40\ppo_training_v02\checkpoints\N40_seed20260624_maskable_ppo_v02.zip,20260624,24260891,stochastic,0.27846883802816874,0.415059927533062,0.08970340869220583,0.37020822318695906,False,35,39.16355140186916,PPO_v02_checkpoint_inference,False,False,5.615384615384615,25.0,0.20512820512820512,0.48717948717948717,0.5128205128205129,0.4871794871794871,0.7692307692307693
40,"[8,13,6,7,25,30,37,35,29,20,26,23,19,10,11,4,1,5,3,12,0,2,9,17,15,14,18,22,16,24,21,38,34,36,32,39,27,33,31,28]","8,13,6,7,25,30,37,35,29,20,26,23,19,10,11,4,1,5,3,12,0,2,9,17,15,14,18,22,16,24,21,38,34,36,32,39,27,33,31,28",979450a5b7b79e2b,E:\Projects\RL-LAM-ScanOpt\outputs\stage3_ppo_rl_lam_fea_addendum_v02_targeted_N24_N40\ppo_training_v02\checkpoints\N40_seed20260624_maskable_ppo_v02.zip,20260624,24260892,stochastic,0.3202482003129888,0.44812492971887574,0.08942956774238929,0.4034101458476811,False,36,38.67289719626168,PPO_v02_checkpoint_inference,False,False,5.6923076923076925,18.0,0.07692307692307693,0.46153846153846156,0.5282051282051282,0.4717948717948718,0.7948717948717948
40,"[11,13,4,7,6,26,35,30,37,29,23,19,0,3,21,2,12,5,1,9,8,17,15,18,10,22,16,24,20,14,25,33,38,27,32,36,34,39,31,28]","11,13,4,7,6,26,35,30,37,29,23,19,0,3,21,2,12,5,1,9,8,17,15,18,10,22,16,24,20,14,25,33,38,27,32,36,34,39,31,28",24a0db98f3f00bf5,E:\Projects\RL-LAM-ScanOpt\outputs\stage3_ppo_rl_lam_fea_addendum_v02_targeted_N24_N40\ppo_training_v02\checkpoints\N40_seed20260624_maskable_ppo_v02.zip,20260624,24260893,stochastic,0.24514298708920162,0.40201383046234024,0.0987482438002966,0.35263970856219196,False,34,38.004672897196265,PPO_v02_checkpoint_inference,False,False,7.256410256410256,20.0,0.05128205128205128,0.48717948717948717,0.5948717948717949,0.40512820512820513,0.8461538461538461
40,"[29,23,20,11,0,3,13,9,6,12,1,8,26,37,30,35,22,10,7,2,15,17,4,16,19,18,28,24,5,14,21,25,33,36,39,32,38,34,27,31]","29,23,20,11,0,3,13,9,6,12,1,8,26,37,30,35,22,10,7,2,15,17,4,16,19,18,28,24,5,14,21,25,33,36,39,32,38,34,27,31",4b893f0ffc6b1104,E:\Projects\RL-LAM-ScanOpt\outputs\stage3_ppo_rl_lam_fea_addendum_v02_targeted_N24_N40\ppo_training_v02\checkpoints\N40_seed20260624_maskable_ppo_v02.zip,20260624,24260894,stochastic,0.26789588223787164,0.4054326715867549,0.09050911415731983,0.360178114508095,False,36,38.25233644859813,PPO_v02_checkpoint_inference,False,False,7.333333333333333,19.0,0.02564102564102564,0.6153846153846154,0.49230769230769234,0.5076923076923077,0.7435897435897436
40,"[35,26,2,14,13,23,20,8,7,12,9,29,30,37,21,17,16,19,24,5,3,11,15,6,0,4,1,10,18,22,33,36,38,32,34,25,39,31,27,28]","35,26,2,14,13,23,20,8,7,12,9,29,30,37,21,17,16,19,24,5,3,11,15,6,0,4,1,10,18,22,33,36,38,32,34,25,39,31,27,28",f766cd88fcad5391,E:\Projects\RL-LAM-ScanOpt\outputs\stage3_ppo_rl_lam_fea_addendum_v02_targeted_N24_N40\ppo_training_v02\checkpoints\N40_seed20260624_maskable_ppo_v02.zip,20260624,24260895,stochastic,0.2486543525039122,0.35650014771568733,0.06512881811175357,0.32393573865981057,False,35,39.47663551401869,PPO_v02_checkpoint_inference,False,False,7.0,24.0,0.1282051282051282,0.48717948717948717,0.4461538461538462,0.5538461538461539,0.8461538461538461
40,"[26,35,37,3,13,29,11,5,2,7,1,17,23,25,20,33,30,10,9,12,6,4,0,8,18,15,14,19,16,22,28,21,24,34,32,39,36,38,27,31]","26,35,37,3,13,29,11,5,2,7,1,17,23,25,20,33,30,10,9,12,6,4,0,8,18,15,14,19,16,22,28,21,24,34,32,39,36,38,27,31",305b133a85fb3e60,E:\Projects\RL-LAM-ScanOpt\outputs\stage3_ppo_rl_lam_fea_addendum_v02_targeted_N24_N40\ppo_training_v02\checkpoints\N40_seed20260624_maskable_ppo_v02.zip,20260624,24260896,stochastic,0.241756161971831,0.38366447793981073,0.09303112170756421,0.3371489170860286,False,36,39.453271028037385,PPO_v02_checkpoint_inference,False,False,7.205128205128205,34.0,0.05128205128205128,0.4358974358974359,0.6410256410256412,0.3589743589743589,0.8974358974358975
40,"[13,23,35,37,29,30,26,20,19,25,4,0,1,6,7,9,2,17,8,3,11,12,5,14,22,18,16,15,21,10,28,24,33,38,36,32,34,39,27,31]","13,23,35,37,29,30,26,20,19,25,4,0,1,6,7,9,2,17,8,3,11,12,5,14,22,18,16,15,21,10,28,24,33,38,36,32,34,39,27,31",06f05e9ecc1a66f7,E:\Projects\RL-LAM-ScanOpt\outputs\stage3_ppo_rl_lam_fea_addendum_v02_targeted_N24_N40\ppo_training_v02\checkpoints\N40_seed20260624_maskable_ppo_v02.zip,20260624,24260897,stochastic,0.27406755672926403,0.4270481470937476,0.0983410797214535,0.3778776072330209,False,35,39.35514018691589,PPO_v02_checkpoint_inference,False,False,6.205128205128205,21.0,0.15384615384615385,0.46153846153846156,0.38974358974358975,0.6102564102564103,0.6153846153846154
40,"[7,6,13,8,5,37,35,30,29,23,11,4,12,9,26,19,16,1,3,17,25,20,18,2,0,10,15,14,22,21,24,28,32,39,38,36,34,33,27,31]","7,6,13,8,5,37,35,30,29,23,11,4,12,9,26,19,16,1,3,17,25,20,18,2,0,10,15,14,22,21,24,28,32,39,38,36,34,33,27,31",bcae2232b8e724bd,E:\Projects\RL-LAM-ScanOpt\outputs\stage3_ppo_rl_lam_fea_addendum_v02_targeted_N24_N40\ppo_training_v02\checkpoints\N40_seed20260624_maskable_ppo_v02.zip,20260624,24260898,stochastic,0.2686135172143972,0.3971724769780697,0.0840708973834299,0.35513702828635474,False,33,39.41588785046729,PPO_v02_checkpoint_inference,False,False,6.205128205128205,32.0,0.15384615384615385,0.5128205128205128,0.5897435897435898,0.41025641025641024,0.8205128205128205
40,"[13,11,5,30,37,35,29,23,19,16,17,7,2,8,4,3,6,1,9,12,0,20,26,22,15,10,18,14,28,34,25,21,24,36,38,39,32,33,27,31]","13,11,5,30,37,35,29,23,19,16,17,7,2,8,4,3,6,1,9,12,0,20,26,22,15,10,18,14,28,34,25,21,24,36,38,39,32,33,27,31",2eb9c4a20e6d38cf,E:\Projects\RL-LAM-ScanOpt\outputs\stage3_ppo_rl_lam_fea_addendum_v02_targeted_N24_N40\ppo_training_v02\checkpoints\N40_seed20260624_maskable_ppo_v02.zip,20260624,24260899,stochastic,0.2965326584507041,0.42701322493024224,0.08862051615883591,0.3827029668508243,False,35,39.19626168224299,PPO_v02_checkpoint_inference,False,False,6.205128205128205,25.0,0.10256410256410256,0.41025641025641024,0.46153846153846156,0.5384615384615384,0.8205128205128205
40,"[11,2,13,1,8,35,29,23,37,26,30,20,5,10,9,7,3,6,0,17,12,19,4,15,18,21,22,16,14,24,25,33,32,36,38,34,39,27,28,31]","11,2,13,1,8,35,29,23,37,26,30,20,5,10,9,7,3,6,0,17,12,19,4,15,18,21,22,16,14,24,25,33,32,36,38,34,39,27,28,31",5b3ef85d5d477efa,E:\Projects\RL-LAM-ScanOpt\outputs\stage3_ppo_rl_lam_fea_addendum_v02_targeted_N24_N40\ppo_training_v02\checkpoints\N40_seed20260624_maskable_ppo_v02.zip,20260624,24260900,stochastic,0.2534079029733956,0.40051974933604845,0.09781499278100818,0.3516122529455444,False,36,39.070093457943926,PPO_v02_checkpoint_inference,False,False,7.0256410256410255,27.0,0.1282051282051282,0.5641025641025641,0.5897435897435896,0.41025641025641024,0.9230769230769231
40,"[37,30,23,13,29,35,26,7,6,17,8,5,11,3,4,2,9,14,0,22,10,12,16,1,19,25,20,18,15,21,24,38,32,36,34,39,31,33,27,28]","37,30,23,13,29,35,26,7,6,17,8,5,11,3,4,2,9,14,0,22,10,12,16,1,19,25,20,18,15,21,24,38,32,36,34,39,31,33,27,28",b85c0b1eb12ac762,E:\Projects\RL-LAM-ScanOpt\outputs\stage3_ppo_rl_lam_fea_addendum_v02_targeted_N24_N40\ppo_training_v02\checkpoints\N40_seed20260624_maskable_ppo_v02.zip,20260624,24260901,stochastic,0.2555146615805946,0.4058136226556341,0.09722131346687293,0.35720296592219763,False,36,39.4392523364486,PPO_v02_checkpoint_inference,False,False,7.358974358974359,22.0,0.07692307692307693,0.4358974358974359,0.5025641025641026,0.49743589743589745,0.7948717948717948
40,"[29,35,21,30,37,23,26,9,13,3,7,11,16,0,17,14,6,12,2,28,20,19,8,5,1,33,22,10,18,15,4,25,24,38,32,36,34,39,31,27]","29,35,21,30,37,23,26,9,13,3,7,11,16,0,17,14,6,12,2,28,20,19,8,5,1,33,22,10,18,15,4,25,24,38,32,36,34,39,31,27",6191e7d5d43eaee9,E:\Projects\RL-LAM-ScanOpt\outputs\stage3_ppo_rl_lam_fea_addendum_v02_targeted_N24_N40\ppo_training_v02\checkpoints\N40_seed20260624_maskable_ppo_v02.zip,20260624,24260902,stochastic,0.19572726917057903,0.2285147144925252,0.038236335913266674,0.20939654653589185,False,37,39.425233644859816,PPO_v02_checkpoint_inference,False,False,9.025641025641026,32.0,0.05128205128205128,0.41025641025641024,0.5025641025641024,0.49743589743589745,0.8717948717948718
40,"[8,35,37,23,29,26,20,10,7,11,4,30,15,13,6,12,2,3,1,17,0,9,5,22,16,18,19,14,25,21,24,33,38,32,34,27,36,39,31,28]","8,35,37,23,29,26,20,10,7,11,4,30,15,13,6,12,2,3,1,17,0,9,5,22,16,18,19,14,25,21,24,33,38,32,34,27,36,39,31,28",09bd0904bf59f991,E:\Projects\RL-LAM-ScanOpt\outputs\stage3_ppo_rl_lam_fea_addendum_v02_targeted_N24_N40\ppo_training_v02\checkpoints\N40_seed20260624_maskable_ppo_v02.zip,20260624,24260903,stochastic,0.23660679773082927,0.39547368235275226,0.10216999836563556,0.3443886831699345,False,36,39.532710280373834,PPO_v02_checkpoint_inference,False,False,7.641025641025641,27.0,0.05128205128205128,0.5128205128205128,0.4871794871794872,0.5128205128205127,0.7692307692307693
40,"[23,37,15,13,6,35,29,26,30,8,11,16,4,7,1,3,9,2,5,12,17,19,0,18,20,10,14,24,25,21,22,32,36,33,38,34,39,27,28,31]","23,37,15,13,6,35,29,26,30,8,11,16,4,7,1,3,9,2,5,12,17,19,0,18,20,10,14,24,25,21,22,32,36,33,38,34,39,27,28,31",6bcbe3b5622734af,E:\Projects\RL-LAM-ScanOpt\outputs\stage3_ppo_rl_lam_fea_addendum_v02_targeted_N24_N40\ppo_training_v02\checkpoints\N40_seed20260624_maskable_ppo_v02.zip,20260624,24260904,stochastic,0.24795626956181518,0.3953474995814982,0.0938843235826253,0.3484053377901855,False,37,39.59345794392523,PPO_v02_checkpoint_inference,False,False,7.333333333333333,29.0,0.07692307692307693,0.46153846153846156,0.5076923076923077,0.49230769230769234,0.7948717948717948
40,"[13,8,7,3,6,16,4,23,37,35,19,29,11,17,26,30,20,15,1,0,5,12,9,2,24,18,14,10,25,22,39,21,27,34,33,36,38,32,28,31]","13,8,7,3,6,16,4,23,37,35,19,29,11,17,26,30,20,15,1,0,5,12,9,2,24,18,14,10,25,22,39,21,27,34,33,36,38,32,28,31",5b78324fd5c9f526,E:\Projects\RL-LAM-ScanOpt\outputs\stage3_ppo_rl_lam_fea_addendum_v02_targeted_N24_N40\ppo_training_v02\checkpoints\N40_seed20260624_maskable_ppo_v02.zip,20260624,24260905,stochastic,0.22706256846635361,0.34499028933031145,0.07088942616374094,0.309545576248441,False,36,39.28504672897196,PPO_v02_checkpoint_inference,False,False,7.846153846153846,22.0,0.07692307692307693,0.46153846153846156,0.594871794871795,0.40512820512820513,0.8717948717948718
40,"[23,37,2,29,35,30,26,15,11,1,16,7,12,13,3,5,4,8,18,20,17,0,9,14,6,22,19,21,10,25,24,32,34,28,36,39,27,38,33,31]","23,37,2,29,35,30,26,15,11,1,16,7,12,13,3,5,4,8,18,20,17,0,9,14,6,22,19,21,10,25,24,32,34,28,36,39,27,38,33,31",dcebb10df90c098a,E:\Projects\RL-LAM-ScanOpt\outputs\stage3_ppo_rl_lam_fea_addendum_v02_targeted_N24_N40\ppo_training_v02\checkpoints\N40_seed20260624_maskable_ppo_v02.zip,20260624,24260906,stochastic,0.21501006455399047,0.3605354936345609,0.08943399276703795,0.31581849725104194,False,36,38.822429906542055,PPO_v02_checkpoint_inference,False,False,8.256410256410257,35.0,0.07692307692307693,0.5128205128205128,0.5743589743589744,0.4256410256410256,0.9230769230769231
40,"[13,2,37,35,30,26,29,16,21,23,6,3,1,11,12,17,4,7,9,5,15,10,22,8,0,14,18,20,19,24,32,38,27,34,39,25,36,31,33,28]","13,2,37,35,30,26,29,16,21,23,6,3,1,11,12,17,4,7,9,5,15,10,22,8,0,14,18,20,19,24,32,38,27,34,39,25,36,31,33,28",17ac9882c0efe82b,E:\Projects\RL-LAM-ScanOpt\outputs\stage3_ppo_rl_lam_fea_addendum_v02_targeted_N24_N40\ppo_training_v02\checkpoints\N40_seed20260624_maskable_ppo_v02.zip,20260624,24260907,stochastic,0.22761654929577457,0.3642789419795962,0.08312670496688178,0.3227155894961553,False,36,39.22429906542056,PPO_v02_checkpoint_inference,False,False,7.410256410256411,35.0,0.05128205128205128,0.5384615384615384,0.4717948717948718,0.5282051282051282,0.8974358974358975
40,"[26,35,37,23,13,29,20,4,10,16,8,1,3,9,11,5,6,19,2,14,7,0,12,17,30,22,15,28,39,36,18,21,32,24,25,38,34,33,31,27]","26,35,37,23,13,29,20,4,10,16,8,1,3,9,11,5,6,19,2,14,7,0,12,17,30,22,15,28,39,36,18,21,32,24,25,38,34,33,31,27",ac45d076df12ea09,E:\Projects\RL-LAM-ScanOpt\outputs\stage3_ppo_rl_lam_fea_addendum_v02_targeted_N24_N40\ppo_training_v02\checkpoints\N40_seed20260624_maskable_ppo_v02.zip,20260624,24260908,stochastic,0.2193288145539906,0.2250667277240389,0.031766661357112924,0.20918339704548244,False,36,39.574766355140184,PPO_v02_checkpoint_inference,False,False,8.025641025641026,18.0,0.07692307692307693,0.48717948717948717,0.4512820512820513,0.5487179487179487,0.8461538461538461
40,"[3,29,30,2,13,23,35,37,21,20,26,4,11,8,1,6,5,0,12,7,15,9,17,14,19,24,18,16,25,31,10,22,33,32,39,34,38,36,27,28]","3,29,30,2,13,23,35,37,21,20,26,4,11,8,1,6,5,0,12,7,15,9,17,14,19,24,18,16,25,31,10,22,33,32,39,34,38,36,27,28",25cd3c927a38d2ed,E:\Projects\RL-LAM-ScanOpt\outputs\stage3_ppo_rl_lam_fea_addendum_v02_targeted_N24_N40\ppo_training_v02\checkpoints\N40_seed20260624_maskable_ppo_v02.zip,20260624,24260909,stochastic,0.2178894268388105,0.2660668613281083,0.032898255623173354,0.24961773351652164,False,37,39.55607476635514,PPO_v02_checkpoint_inference,False,False,7.9743589743589745,28.0,0.1282051282051282,0.5384615384615384,0.5076923076923077,0.49230769230769234,0.8974358974358975
40,"[29,1,13,11,3,6,5,2,7,19,37,35,8,26,30,23,9,0,4,14,12,10,18,25,17,20,22,15,16,24,21,33,38,36,39,32,34,31,28,27]","29,1,13,11,3,6,5,2,7,19,37,35,8,26,30,23,9,0,4,14,12,10,18,25,17,20,22,15,16,24,21,33,38,36,39,32,34,31,28,27",75770ad649461788,E:\Projects\RL-LAM-ScanOpt\outputs\stage3_ppo_rl_lam_fea_addendum_v02_targeted_N24_N40\ppo_training_v02\checkpoints\N40_seed20260624_maskable_ppo_v02.zip,20260624,24260910,stochastic,0.26273868348982765,0.4113706507393294,0.09749811932095369,0.36262159107885256,False,35,38.28971962616822,PPO_v02_checkpoint_inference,False,False,7.076923076923077,28.0,0.07692307692307693,0.46153846153846156,0.6051282051282052,0.3948717948717949,0.717948717948718
40,"[29,35,37,30,23,6,3,13,5,9,26,19,4,7,14,25,18,11,1,2,0,10,24,8,12,28,20,17,22,15,16,21,33,38,39,34,32,27,36,31]","29,35,37,30,23,6,3,13,5,9,26,19,4,7,14,25,18,11,1,2,0,10,24,8,12,28,20,17,22,15,16,21,33,38,39,34,32,27,36,31",d54161c54a7f8c8c,E:\Projects\RL-LAM-ScanOpt\outputs\stage3_ppo_rl_lam_fea_addendum_v02_targeted_N24_N40\ppo_training_v02\checkpoints\N40_seed20260624_maskable_ppo_v02.zip,20260624,24260911,stochastic,0.24826881846635346,0.39635509589010043,0.09584891182629787,0.3484306399769515,False,36,39.48598130841121,PPO_v02_checkpoint_inference,False,False,7.282051282051282,17.0,0.07692307692307693,0.6153846153846154,0.6051282051282051,0.3948717948717949,0.8717948717948718
40,"[24,35,37,19,29,13,23,2,17,30,26,5,6,1,7,8,3,11,10,9,12,16,0,14,18,21,15,20,22,4,39,34,25,36,38,33,32,27,28,31]","24,35,37,19,29,13,23,2,17,30,26,5,6,1,7,8,3,11,10,9,12,16,0,14,18,21,15,20,22,4,39,34,25,36,38,33,32,27,28,31",582046ea380d026c,E:\Projects\RL-LAM-ScanOpt\outputs\stage3_ppo_rl_lam_fea_addendum_v02_targeted_N24_N40\ppo_training_v02\checkpoints\N40_seed20260624_maskable_ppo_v02.zip,20260624,24260912,stochastic,0.202287118544601,0.39747541292874905,0.12246155355007488,0.3362446361537116,False,35,38.294392523364486,PPO_v02_checkpoint_inference,False,False,8.23076923076923,35.0,0.15384615384615385,0.5897435897435898,0.4512820512820513,0.5487179487179488,0.8974358974358975
40,"[35,30,37,29,23,8,2,4,11,13,26,22,19,6,17,7,9,25,0,15,5,3,10,1,12,14,18,20,16,24,32,21,34,33,38,39,36,27,31,28]","35,30,37,29,23,8,2,4,11,13,26,22,19,6,17,7,9,25,0,15,5,3,10,1,12,14,18,20,16,24,32,21,34,33,38,39,36,27,31,28",9437a076658ed5cc,E:\Projects\RL-LAM-ScanOpt\outputs\stage3_ppo_rl_lam_fea_addendum_v02_targeted_N24_N40\ppo_training_v02\checkpoints\N40_seed20260624_maskable_ppo_v02.zip,20260624,24260913,stochastic,0.25022606611893566,0.36255733856134803,0.06904906289497856,0.32803280711385874,False,35,39.28971962616822,PPO_v02_checkpoint_inference,False,False,7.358974358974359,25.0,0.05128205128205128,0.5384615384615384,0.5948717948717949,0.40512820512820513,0.8974358974358975
40,"[30,35,37,23,11,7,8,13,26,29,9,6,17,3,25,5,2,1,14,16,4,20,0,15,22,18,12,19,21,10,28,39,36,38,32,33,27,34,24,31]","30,35,37,23,11,7,8,13,26,29,9,6,17,3,25,5,2,1,14,16,4,20,0,15,22,18,12,19,21,10,28,39,36,38,32,33,27,34,24,31",9e70e9a56c0aae12,E:\Projects\RL-LAM-ScanOpt\outputs\stage3_ppo_rl_lam_fea_addendum_v02_targeted_N24_N40\ppo_training_v02\checkpoints\N40_seed20260624_maskable_ppo_v02.zip,20260624,24260914,stochastic,0.2180639182316119,0.384694586123975,0.10309341354989666,0.3331478793490267,False,36,39.453271028037385,PPO_v02_checkpoint_inference,False,False,8.692307692307692,22.0,0.07692307692307693,0.48717948717948717,0.5230769230769231,0.4769230769230769,0.7692307692307693
40,"[23,29,37,35,30,13,6,9,3,4,8,11,12,5,7,0,2,1,10,17,14,26,20,16,19,18,15,21,22,25,38,34,39,36,32,33,24,28,27,31]","23,29,37,35,30,13,6,9,3,4,8,11,12,5,7,0,2,1,10,17,14,26,20,16,19,18,15,21,22,25,38,34,39,36,32,33,24,28,27,31",ee0570bd9c43a36e,E:\Projects\RL-LAM-ScanOpt\outputs\stage3_ppo_rl_lam_fea_addendum_v02_targeted_N24_N40\ppo_training_v02\checkpoints\N40_seed20260624_maskable_ppo_v02.zip,20260624,24260915,stochastic,0.3342119424882629,0.4506975377661737,0.07775965723257083,0.4118177091498883,False,36,39.518691588785046,PPO_v02_checkpoint_inference,False,False,4.82051282051282,17.0,0.1794871794871795,0.6153846153846154,0.6102564102564102,0.38974358974358975,0.8717948717948718
40,"[11,5,4,23,29,35,37,30,16,0,20,13,3,6,19,8,2,1,14,17,26,22,7,18,9,12,10,21,15,24,28,25,32,36,38,34,33,31,39,27]","11,5,4,23,29,35,37,30,16,0,20,13,3,6,19,8,2,1,14,17,26,22,7,18,9,12,10,21,15,24,28,25,32,36,38,34,33,31,39,27",9142c9df2994e374,E:\Projects\RL-LAM-ScanOpt\outputs\stage3_ppo_rl_lam_fea_addendum_v02_targeted_N24_N40\ppo_training_v02\checkpoints\N40_seed20260624_maskable_ppo_v02.zip,20260624,24260916,stochastic,0.23798696205007805,0.38747121892445563,0.09267747111049925,0.341132483369206,False,35,38.32710280373832,PPO_v02_checkpoint_inference,False,False,7.435897435897436,20.0,0.07692307692307693,0.5128205128205128,0.6051282051282052,0.3948717948717948,0.9487179487179487
40,"[30,2,37,20,13,35,9,23,29,26,4,1,17,8,5,3,7,11,16,6,10,12,0,15,18,14,21,19,22,25,33,24,34,38,39,32,36,27,31,28]","30,2,37,20,13,35,9,23,29,26,4,1,17,8,5,3,7,11,16,6,10,12,0,15,18,14,21,19,22,25,33,24,34,38,39,32,36,27,31,28",d50e5ce5a9b7e276,E:\Projects\RL-LAM-ScanOpt\outputs\stage3_ppo_rl_lam_fea_addendum_v02_targeted_N24_N40\ppo_training_v02\checkpoints\N40_seed20260624_maskable_ppo_v02.zip,20260624,24260917,stochastic,0.2022693955399061,0.3823602760108337,0.11376265082833512,0.32547895059666615,False,37,39.16822429906542,PPO_v02_checkpoint_inference,False,False,8.974358974358974,35.0,0.02564102564102564,0.46153846153846156,0.5025641025641026,0.49743589743589745,0.8974358974358975
40,"[37,30,35,23,29,26,14,13,10,20,1,12,11,7,17,3,6,2,9,4,16,8,0,15,5,18,19,24,22,38,36,25,21,32,34,27,39,28,33,31]","37,30,35,23,29,26,14,13,10,20,1,12,11,7,17,3,6,2,9,4,16,8,0,15,5,18,19,24,22,38,36,25,21,32,34,27,39,28,33,31",d1e8a58baaa8e940,E:\Projects\RL-LAM-ScanOpt\outputs\stage3_ppo_rl_lam_fea_addendum_v02_targeted_N24_N40\ppo_training_v02\checkpoints\N40_seed20260624_maskable_ppo_v02.zip,20260624,24260918,stochastic,0.24251618740219086,0.40155946128259207,0.10099917379624308,0.3510598743844705,False,35,39.52803738317757,PPO_v02_checkpoint_inference,False,False,7.538461538461538,19.0,0.07692307692307693,0.5128205128205128,0.43589743589743585,0.5641025641025641,0.6923076923076923
40,"[35,37,8,13,30,20,29,26,23,0,6,7,11,17,33,19,5,4,2,9,14,16,1,18,3,12,10,15,24,25,22,21,36,38,39,34,32,31,28,27]","35,37,8,13,30,20,29,26,23,0,6,7,11,17,33,19,5,4,2,9,14,16,1,18,3,12,10,15,24,25,22,21,36,38,39,34,32,31,28,27",537c1ef80e205bb1,E:\Projects\RL-LAM-ScanOpt\outputs\stage3_ppo_rl_lam_fea_addendum_v02_targeted_N24_N40\ppo_training_v02\checkpoints\N40_seed20260624_maskable_ppo_v02.zip,20260624,24260919,stochastic,0.2255631553208137,0.3991015039117846,0.10767458165660403,0.3452642130834826,False,37,39.16822429906542,PPO_v02_checkpoint_inference,False,False,7.333333333333333,29.0,0.1794871794871795,0.6666666666666666,0.517948717948718,0.482051282051282,0.9487179487179487
40,"[3,13,8,11,2,5,35,37,4,9,23,29,20,16,6,1,7,26,30,19,22,25,17,10,0,14,12,18,15,24,21,39,34,36,38,32,33,31,27,28]","3,13,8,11,2,5,35,37,4,9,23,29,20,16,6,1,7,26,30,19,22,25,17,10,0,14,12,18,15,24,21,39,34,36,38,32,33,31,27,28",ba1e4f7638f6888a,E:\Projects\RL-LAM-ScanOpt\outputs\stage3_ppo_rl_lam_fea_addendum_v02_targeted_N24_N40\ppo_training_v02\checkpoints\N40_seed20260624_maskable_ppo_v02.zip,20260624,24260920,stochastic,0.24804601917057892,0.35478267481383086,0.06666517506854527,0.3214500872795582,False,35,38.41121495327103,PPO_v02_checkpoint_inference,False,False,7.615384615384615,33.0,0.05128205128205128,0.48717948717948717,0.6871794871794872,0.3128205128205128,0.8974358974358975
40,"[10,37,35,29,22,30,25,16,11,13,23,26,8,0,7,12,9,14,1,4,3,2,5,6,15,17,19,18,20,28,21,24,38,33,27,36,34,32,39,31]","10,37,35,29,22,30,25,16,11,13,23,26,8,0,7,12,9,14,1,4,3,2,5,6,15,17,19,18,20,28,21,24,38,33,27,36,34,32,39,31",53c7071864f515ca,E:\Projects\RL-LAM-ScanOpt\outputs\stage3_ppo_rl_lam_fea_addendum_v02_targeted_N24_N40\ppo_training_v02\checkpoints\N40_seed20260624_maskable_ppo_v02.zip,20260624,24260921,stochastic,0.28456933685445973,0.3906226815917675,0.06629405990766579,0.3574756516379346,False,34,38.90654205607477,PPO_v02_checkpoint_inference,False,False,6.128205128205129,27.0,0.10256410256410256,0.5897435897435898,0.4564102564102564,0.5435897435897435,0.6923076923076923
40,"[2,8,1,13,11,35,29,7,30,37,20,23,26,0,6,3,10,9,17,12,18,25,19,15,5,4,14,24,22,21,16,28,33,32,38,34,36,39,31,27]","2,8,1,13,11,35,29,7,30,37,20,23,26,0,6,3,10,9,17,12,18,25,19,15,5,4,14,24,22,21,16,28,33,32,38,34,36,39,31,27",07a1f5e52eb01dc0,E:\Projects\RL-LAM-ScanOpt\outputs\stage3_ppo_rl_lam_fea_addendum_v02_targeted_N24_N40\ppo_training_v02\checkpoints\N40_seed20260624_maskable_ppo_v02.zip,20260624,24260922,stochastic,0.24356667644757407,0.3863966544160398,0.09074225941248938,0.34102552470979514,False,36,39.00934579439252,PPO_v02_checkpoint_inference,False,False,7.564102564102564,26.0,0.10256410256410256,0.4358974358974359,0.6564102564102564,0.3435897435897436,0.9230769230769231
40,"[11,29,35,0,13,37,30,8,7,16,23,22,20,10,3,2,12,9,1,5,6,17,19,26,4,14,25,24,18,15,21,34,33,36,39,38,32,27,28,31]","11,29,35,0,13,37,30,8,7,16,23,22,20,10,3,2,12,9,1,5,6,17,19,26,4,14,25,24,18,15,21,34,33,36,39,38,32,27,28,31",67e5a84825ef61cf,E:\Projects\RL-LAM-ScanOpt\outputs\stage3_ppo_rl_lam_fea_addendum_v02_targeted_N24_N40\ppo_training_v02\checkpoints\N40_seed20260624_maskable_ppo_v02.zip,20260624,24260923,stochastic,0.2203422730829419,0.3584444179409001,0.08426438756207215,0.31631222415986404,False,36,38.901869158878505,PPO_v02_checkpoint_inference,False,False,7.794871794871795,35.0,0.20512820512820512,0.6153846153846154,0.5897435897435898,0.41025641025641024,0.9487179487179487
40,"[35,19,29,37,26,30,8,17,23,4,5,6,13,11,3,1,2,9,12,7,14,22,0,15,10,18,20,16,21,24,25,39,34,32,38,36,33,28,27,31]","35,19,29,37,26,30,8,17,23,4,5,6,13,11,3,1,2,9,12,7,14,22,0,15,10,18,20,16,21,24,25,39,34,32,38,36,33,28,27,31",6fdd7962fff80d30,E:\Projects\RL-LAM-ScanOpt\outputs\stage3_ppo_rl_lam_fea_addendum_v02_targeted_N24_N40\ppo_training_v02\checkpoints\N40_seed20260624_maskable_ppo_v02.zip,20260624,24260924,stochastic,0.2542090179968699,0.41862555083725844,0.10624008129793115,0.36550551018829286,False,36,38.700934579439256,PPO_v02_checkpoint_inference,False,False,6.769230769230769,22.0,0.1282051282051282,0.5128205128205128,0.4769230769230769,0.523076923076923,0.8461538461538461
40,"[17,13,8,4,6,10,23,35,37,29,19,26,11,3,14,16,7,9,2,12,5,0,1,18,22,30,20,15,21,25,24,39,34,32,38,36,33,31,27,28]","17,13,8,4,6,10,23,35,37,29,19,26,11,3,14,16,7,9,2,12,5,0,1,18,22,30,20,15,21,25,24,39,34,32,38,36,33,31,27,28",2fa9662e3e8ceb3c,E:\Projects\RL-LAM-ScanOpt\outputs\stage3_ppo_rl_lam_fea_addendum_v02_targeted_N24_N40\ppo_training_v02\checkpoints\N40_seed20260624_maskable_ppo_v02.zip,20260624,24260925,stochastic,0.29518861502347404,0.3997835770158812,0.0665900415553052,0.36648855623822857,False,35,38.71495327102804,PPO_v02_checkpoint_inference,False,False,6.230769230769231,17.0,0.07692307692307693,0.4358974358974359,0.5384615384615385,0.4615384615384615,0.8461538461538461
40,"[11,6,13,19,4,26,30,37,35,29,3,1,9,0,7,14,8,23,20,12,18,5,2,17,15,10,16,24,22,21,25,28,39,34,32,38,36,27,33,31]","11,6,13,19,4,26,30,37,35,29,3,1,9,0,7,14,8,23,20,12,18,5,2,17,15,10,16,24,22,21,25,28,39,34,32,38,36,27,33,31",e76052ad630ad72f,E:\Projects\RL-LAM-ScanOpt\outputs\stage3_ppo_rl_lam_fea_addendum_v02_targeted_N24_N40\ppo_training_v02\checkpoints\N40_seed20260624_maskable_ppo_v02.zip,20260624,24260926,stochastic,0.2552621772300467,0.41215790909069827,0.1020073020213761,0.3611542580800102,False,36,39.18691588785047,PPO_v02_checkpoint_inference,False,False,7.076923076923077,26.0,0.02564102564102564,0.46153846153846156,0.5333333333333333,0.4666666666666667,0.8461538461538461
40,"[11,13,8,4,25,29,26,35,37,16,5,6,23,9,10,0,2,3,7,1,12,22,19,20,30,15,14,17,18,21,24,33,34,28,38,32,36,39,27,31]","11,13,8,4,25,29,26,35,37,16,5,6,23,9,10,0,2,3,7,1,12,22,19,20,30,15,14,17,18,21,24,33,34,28,38,32,36,39,27,31",369664e9c8f33c12,E:\Projects\RL-LAM-ScanOpt\outputs\stage3_ppo_rl_lam_fea_addendum_v02_targeted_N24_N40\ppo_training_v02\checkpoints\N40_seed20260624_maskable_ppo_v02.zip,20260624,24260927,stochastic,0.2627755868544599,0.39287378818612506,0.08394251085063482,0.35090253276080763,False,37,39.504672897196265,PPO_v02_checkpoint_inference,False,False,6.512820512820513,21.0,0.1794871794871795,0.5641025641025641,0.5128205128205129,0.4871794871794871,0.8461538461538461
40,"[30,25,35,37,29,10,11,23,20,9,5,13,4,7,3,8,12,2,19,26,36,17,14,16,0,6,1,18,15,24,22,32,21,38,34,39,31,28,27,33]","30,25,35,37,29,10,11,23,20,9,5,13,4,7,3,8,12,2,19,26,36,17,14,16,0,6,1,18,15,24,22,32,21,38,34,39,31,28,27,33",7630e9c98c5498a7,E:\Projects\RL-LAM-ScanOpt\outputs\stage3_ppo_rl_lam_fea_addendum_v02_targeted_N24_N40\ppo_training_v02\checkpoints\N40_seed20260624_maskable_ppo_v02.zip,20260624,24260928,stochastic,0.24214473787167431,0.38954130225338784,0.0923575642326597,0.343362520137058,False,36,38.95794392523364,PPO_v02_checkpoint_inference,False,False,7.666666666666667,19.0,0.05128205128205128,0.5384615384615384,0.4666666666666666,0.5333333333333333,0.717948717948718
40,"[28,29,13,7,23,30,35,37,38,26,11,3,6,9,8,4,1,24,16,15,17,14,12,2,0,5,22,25,20,18,19,10,21,32,33,36,39,34,27,31]","28,29,13,7,23,30,35,37,38,26,11,3,6,9,8,4,1,24,16,15,17,14,12,2,0,5,22,25,20,18,19,10,21,32,33,36,39,34,27,31",434ad0c3f7aa58d6,E:\Projects\RL-LAM-ScanOpt\outputs\stage3_ppo_rl_lam_fea_addendum_v02_targeted_N24_N40\ppo_training_v02\checkpoints\N40_seed20260624_maskable_ppo_v02.zip,20260624,24260929,stochastic,0.25702010954616566,0.2258988075514048,0.021779314377019368,0.2150091503628951,False,36,38.91121495327103,PPO_v02_checkpoint_inference,False,False,6.17948717948718,23.0,0.15384615384615385,0.6410256410256411,0.558974358974359,0.44102564102564096,0.7948717948717948
40,"[4,15,23,29,37,35,26,20,11,13,30,8,2,7,3,12,6,1,24,17,0,9,14,16,21,22,18,5,33,19,10,28,25,36,38,32,39,34,31,27]","4,15,23,29,37,35,26,20,11,13,30,8,2,7,3,12,6,1,24,17,0,9,14,16,21,22,18,5,33,19,10,28,25,36,38,32,39,34,31,27",ad54b90e0862d832,E:\Projects\RL-LAM-ScanOpt\outputs\stage3_ppo_rl_lam_fea_addendum_v02_targeted_N24_N40\ppo_training_v02\checkpoints\N40_seed20260624_maskable_ppo_v02.zip,20260624,24260930,stochastic,0.21714458137715165,0.39325690226589266,0.11240486184834247,0.3370544713417214,False,36,38.33177570093458,PPO_v02_checkpoint_inference,False,False,8.487179487179487,28.0,0.02564102564102564,0.5384615384615384,0.4512820512820512,0.5487179487179488,0.8461538461538461
40,"[8,30,22,37,35,23,29,3,17,4,13,11,1,7,10,19,2,14,25,6,18,26,0,12,9,5,16,21,15,20,28,24,36,38,34,39,32,27,33,31]","8,30,22,37,35,23,29,3,17,4,13,11,1,7,10,19,2,14,25,6,18,26,0,12,9,5,16,21,15,20,28,24,36,38,34,39,32,27,33,31",ca66ceaa28579888,E:\Projects\RL-LAM-ScanOpt\outputs\stage3_ppo_rl_lam_fea_addendum_v02_targeted_N24_N40\ppo_training_v02\checkpoints\N40_seed20260624_maskable_ppo_v02.zip,20260624,24260931,stochastic,0.2156941607981219,0.3945677492816919,0.11426818581705647,0.3374336563731637,False,36,38.38317757009346,PPO_v02_checkpoint_inference,False,False,9.307692307692308,26.0,0.0,0.38461538461538464,0.5384615384615384,0.46153846153846156,0.8717948717948718
40,"[35,23,37,29,26,25,19,13,3,11,7,8,14,15,9,2,1,4,6,12,5,10,0,28,20,22,17,16,24,18,33,30,21,38,39,34,36,31,32,27]","35,23,37,29,26,25,19,13,3,11,7,8,14,15,9,2,1,4,6,12,5,10,0,28,20,22,17,16,24,18,33,30,21,38,39,34,36,31,32,27",ca0256255d10af71,E:\Projects\RL-LAM-ScanOpt\outputs\stage3_ppo_rl_lam_fea_addendum_v02_targeted_N24_N40\ppo_training_v02\checkpoints\N40_seed20260624_maskable_ppo_v02.zip,20260624,24260932,stochastic,0.26310749217527357,0.4105941847685818,0.10134276323289555,0.359922803152134,False,34,39.55607476635514,PPO_v02_checkpoint_inference,False,False,6.358974358974359,28.0,0.1794871794871795,0.5128205128205128,0.46153846153846156,0.5384615384615384,0.8717948717948718
40,"[23,26,16,13,29,35,30,37,1,7,9,6,11,3,2,10,5,8,4,18,12,17,15,0,14,21,20,22,25,19,24,32,36,38,34,39,33,31,27,28]","23,26,16,13,29,35,30,37,1,7,9,6,11,3,2,10,5,8,4,18,12,17,15,0,14,21,20,22,25,19,24,32,36,38,34,39,33,31,27,28",a112b092bc80c953,E:\Projects\RL-LAM-ScanOpt\outputs\stage3_ppo_rl_lam_fea_addendum_v02_targeted_N24_N40\ppo_training_v02\checkpoints\N40_seed20260624_maskable_ppo_v02.zip,20260624,24260933,stochastic,0.2720786580594679,0.3975615269653971,0.08213312159663153,0.3564949661670813,False,35,38.96261682242991,PPO_v02_checkpoint_inference,False,False,6.333333333333333,36.0,0.07692307692307693,0.4358974358974359,0.5333333333333334,0.4666666666666666,0.9230769230769231
40,"[6,11,13,37,35,29,26,0,17,18,39,30,23,22,8,19,15,2,4,5,3,7,12,9,1,16,20,25,32,10,14,24,21,34,36,38,28,33,31,27]","6,11,13,37,35,29,26,0,17,18,39,30,23,22,8,19,15,2,4,5,3,7,12,9,1,16,20,25,32,10,14,24,21,34,36,38,28,33,31,27",3e32d24d500bd6c9,E:\Projects\RL-LAM-ScanOpt\outputs\stage3_ppo_rl_lam_fea_addendum_v02_targeted_N24_N40\ppo_training_v02\checkpoints\N40_seed20260624_maskable_ppo_v02.zip,20260624,24260934,stochastic,0.2119211658841941,0.18506119596058285,0.025405613251108444,0.17235838933502862,False,33,38.85514018691589,PPO_v02_checkpoint_inference,False,False,7.666666666666667,26.0,0.07692307692307693,0.48717948717948717,0.5179487179487179,0.482051282051282,0.9487179487179487
40,"[37,29,35,36,30,13,11,23,26,8,17,19,16,3,6,2,12,0,1,7,5,4,9,14,15,18,20,10,24,39,22,21,25,34,38,32,33,31,28,27]","37,29,35,36,30,13,11,23,26,8,17,19,16,3,6,2,12,0,1,7,5,4,9,14,15,18,20,10,24,39,22,21,25,34,38,32,33,31,28,27",8522beca25197042,E:\Projects\RL-LAM-ScanOpt\outputs\stage3_ppo_rl_lam_fea_addendum_v02_targeted_N24_N40\ppo_training_v02\checkpoints\N40_seed20260624_maskable_ppo_v02.zip,20260624,24260935,stochastic,0.2674709115805945,0.24596945299851827,0.017262999805907293,0.23733795309556463,False,34,38.35514018691589,PPO_v02_checkpoint_inference,False,False,6.205128205128205,18.0,0.1794871794871795,0.5128205128205128,0.5435897435897435,0.45641025641025645,0.7435897435897436
40,"[1,26,29,37,35,30,14,7,13,5,6,0,11,2,21,23,19,3,4,17,8,15,9,12,16,10,18,20,24,22,32,25,38,39,36,34,31,27,33,28]","1,26,29,37,35,30,14,7,13,5,6,0,11,2,21,23,19,3,4,17,8,15,9,12,16,10,18,20,24,22,32,25,38,39,36,34,31,27,33,28",08d64af339d9903c,E:\Projects\RL-LAM-ScanOpt\outputs\stage3_ppo_rl_lam_fea_addendum_v02_targeted_N24_N40\ppo_training_v02\checkpoints\N40_seed20260624_maskable_ppo_v02.zip,20260624,24260936,stochastic,0.25734642996870066,0.39706864140702725,0.09032008605573608,0.3519085983791592,False,34,39.18691588785047,PPO_v02_checkpoint_inference,False,False,6.846153846153846,25.0,0.07692307692307693,0.48717948717948717,0.6,0.39999999999999997,0.9230769230769231
40,"[37,30,29,4,13,26,35,11,2,6,10,3,5,14,7,12,0,8,1,9,18,16,23,20,19,22,15,25,17,21,24,39,38,34,32,36,27,33,31,28]","37,30,29,4,13,26,35,11,2,6,10,3,5,14,7,12,0,8,1,9,18,16,23,20,19,22,15,25,17,21,24,39,38,34,32,36,27,33,31,28",b5f9b4f46df9307f,E:\Projects\RL-LAM-ScanOpt\outputs\stage3_ppo_rl_lam_fea_addendum_v02_targeted_N24_N40\ppo_training_v02\checkpoints\N40_seed20260624_maskable_ppo_v02.zip,20260624,24260937,stochastic,0.2571316999217525,0.4001312990611349,0.09516540756763453,0.35254859527731763,False,36,38.925233644859816,PPO_v02_checkpoint_inference,False,False,7.0,25.0,0.07692307692307693,0.5897435897435898,0.6205128205128205,0.37948717948717947,0.8974358974358975
40,"[29,37,30,35,23,13,8,11,10,3,6,16,17,26,20,19,0,9,1,7,2,5,12,18,15,14,4,22,24,25,38,21,33,34,32,27,36,39,31,28]","29,37,30,35,23,13,8,11,10,3,6,16,17,26,20,19,0,9,1,7,2,5,12,18,15,14,4,22,24,25,38,21,33,34,32,27,36,39,31,28",cbb182565b1752f7,E:\Projects\RL-LAM-ScanOpt\outputs\stage3_ppo_rl_lam_fea_addendum_v02_targeted_N24_N40\ppo_training_v02\checkpoints\N40_seed20260624_maskable_ppo_v02.zip,20260624,24260938,stochastic,0.2714962734741781,0.38585051369532236,0.07397281499897346,0.34886410619583563,False,34,39.425233644859816,PPO_v02_checkpoint_inference,False,False,6.641025641025641,19.0,0.15384615384615385,0.6410256410256411,0.558974358974359,0.44102564102564107,0.8717948717948718
40,"[37,29,30,26,13,11,6,3,7,2,15,8,12,5,9,23,35,20,14,0,1,10,4,17,19,24,21,18,28,22,16,25,32,34,36,38,33,27,39,31]","37,29,30,26,13,11,6,3,7,2,15,8,12,5,9,23,35,20,14,0,1,10,4,17,19,24,21,18,28,22,16,25,32,34,36,38,33,27,39,31",117cb8c8069577e1,E:\Projects\RL-LAM-ScanOpt\outputs\stage3_ppo_rl_lam_fea_addendum_v02_targeted_N24_N40\ppo_training_v02\checkpoints\N40_seed20260624_maskable_ppo_v02.zip,20260624,24260939,stochastic,0.2792296459311422,0.4071437265281911,0.09225901925952462,0.3610142168984288,False,35,38.49065420560748,PPO_v02_checkpoint_inference,False,False,6.615384615384615,15.0,0.05128205128205128,0.46153846153846156,0.6102564102564103,0.3897435897435898,0.8974358974358975
40,"[35,30,13,16,37,5,11,6,9,8,14,17,26,23,29,19,20,7,1,3,0,12,4,10,2,22,18,15,24,21,25,39,33,38,36,32,34,31,27,28]","35,30,13,16,37,5,11,6,9,8,14,17,26,23,29,19,20,7,1,3,0,12,4,10,2,22,18,15,24,21,25,39,33,38,36,32,34,31,27,28",076adc676adc842c,E:\Projects\RL-LAM-ScanOpt\outputs\stage3_ppo_rl_lam_fea_addendum_v02_targeted_N24_N40\ppo_training_v02\checkpoints\N40_seed20260624_maskable_ppo_v02.zip,20260624,24260940,stochastic,0.24702260367762105,0.3699148031594687,0.07503019959258658,0.33239970336317537,False,36,39.41121495327103,PPO_v02_checkpoint_inference,False,False,7.0,32.0,0.07692307692307693,0.48717948717948717,0.5743589743589743,0.42564102564102574,0.8205128205128205
40,"[23,11,13,17,35,37,32,29,5,3,7,4,8,9,2,6,1,26,30,20,19,10,12,18,16,0,15,24,14,39,21,22,25,38,36,34,33,27,31,28]","23,11,13,17,35,37,32,29,5,3,7,4,8,9,2,6,1,26,30,20,19,10,12,18,16,0,15,24,14,39,21,22,25,38,36,34,33,27,31,28",c6bd743ec428dadb,E:\Projects\RL-LAM-ScanOpt\outputs\stage3_ppo_rl_lam_fea_addendum_v02_targeted_N24_N40\ppo_training_v02\checkpoints\N40_seed20260624_maskable_ppo_v02.zip,20260624,24260941,stochastic,0.25224825899843517,0.31369042654927876,0.043372757592412846,0.2920040477530723,False,32,37.57943925233645,PPO_v02_checkpoint_inference,False,False,7.358974358974359,25.0,0.10256410256410256,0.4358974358974359,0.5487179487179487,0.4512820512820513,0.8717948717948718
40,"[29,35,19,37,17,2,13,23,5,15,26,11,6,12,9,7,1,3,4,8,30,20,22,21,0,14,18,16,10,24,25,39,38,32,36,34,27,33,28,31]","29,35,19,37,17,2,13,23,5,15,26,11,6,12,9,7,1,3,4,8,30,20,22,21,0,14,18,16,10,24,25,39,38,32,36,34,27,33,28,31",afdfe3cf34750c02,E:\Projects\RL-LAM-ScanOpt\outputs\stage3_ppo_rl_lam_fea_addendum_v02_targeted_N24_N40\ppo_training_v02\checkpoints\N40_seed20260624_maskable_ppo_v02.zip,20260624,24260942,stochastic,0.21961962050078251,0.3976272150514243,0.112363135877517,0.3414456471126658,False,35,39.13551401869159,PPO_v02_checkpoint_inference,False,False,8.307692307692308,22.0,0.10256410256410256,0.358974358974359,0.4717948717948718,0.5282051282051282,0.8974358974358975
40,"[29,37,13,2,11,8,6,16,3,5,30,19,26,35,23,4,7,1,9,14,17,20,10,12,18,0,15,22,25,21,24,34,33,39,27,28,32,38,36,31]","29,37,13,2,11,8,6,16,3,5,30,19,26,35,23,4,7,1,9,14,17,20,10,12,18,0,15,22,25,21,24,34,33,39,27,28,32,38,36,31",1a2e11d61a0187eb,E:\Projects\RL-LAM-ScanOpt\outputs\stage3_ppo_rl_lam_fea_addendum_v02_targeted_N24_N40\ppo_training_v02\checkpoints\N40_seed20260624_maskable_ppo_v02.zip,20260624,24260943,stochastic,0.23778297143974939,0.38568712736727184,0.09335556941241208,0.3390093426610658,False,35,39.098130841121495,PPO_v02_checkpoint_inference,False,False,7.897435897435898,25.0,0.05128205128205128,0.5128205128205128,0.6102564102564102,0.38974358974358975,0.8974358974358975
40,"[29,19,5,1,13,35,37,30,26,23,11,12,18,20,8,7,4,14,6,3,9,0,10,2,15,17,24,22,16,36,25,21,34,38,39,32,27,33,31,28]","29,19,5,1,13,35,37,30,26,23,11,12,18,20,8,7,4,14,6,3,9,0,10,2,15,17,24,22,16,36,25,21,34,38,39,32,27,33,31,28",d443420dea922d72,E:\Projects\RL-LAM-ScanOpt\outputs\stage3_ppo_rl_lam_fea_addendum_v02_targeted_N24_N40\ppo_training_v02\checkpoints\N40_seed20260624_maskable_ppo_v02.zip,20260624,24260944,stochastic,0.27403534820031283,0.4149496135041924,0.09533730588873045,0.3672809605598272,False,36,39.18691588785047,PPO_v02_checkpoint_inference,False,False,7.051282051282051,22.0,0.07692307692307693,0.38461538461538464,0.5282051282051282,0.4717948717948718,0.9230769230769231
40,"[23,30,35,29,37,26,20,13,1,9,6,11,3,2,12,14,5,17,16,18,7,8,19,10,4,0,15,25,22,24,21,33,34,39,36,38,31,32,27,28]","23,30,35,29,37,26,20,13,1,9,6,11,3,2,12,14,5,17,16,18,7,8,19,10,4,0,15,25,22,24,21,33,34,39,36,38,31,32,27,28",b14aec58b4610e64,E:\Projects\RL-LAM-ScanOpt\outputs\stage3_ppo_rl_lam_fea_addendum_v02_targeted_N24_N40\ppo_training_v02\checkpoints\N40_seed20260624_maskable_ppo_v02.zip,20260624,24260945,stochastic,0.29843145539906074,0.416597206829427,0.07951242990973365,0.3768409918745602,False,35,39.07943925233645,PPO_v02_checkpoint_inference,False,False,6.0256410256410255,15.0,0.15384615384615385,0.5897435897435898,0.5076923076923077,0.4923076923076922,0.9230769230769231
40,"[29,35,37,26,11,13,7,8,5,6,3,4,15,14,10,1,2,17,23,30,20,16,12,0,9,18,22,19,25,21,24,34,36,33,32,39,38,31,28,27]","29,35,37,26,11,13,7,8,5,6,3,4,15,14,10,1,2,17,23,30,20,16,12,0,9,18,22,19,25,21,24,34,36,33,32,39,38,31,28,27",1fd5bc65ae99eff7,E:\Projects\RL-LAM-ScanOpt\outputs\stage3_ppo_rl_lam_fea_addendum_v02_targeted_N24_N40\ppo_training_v02\checkpoints\N40_seed20260624_maskable_ppo_v02.zip,20260624,24260946,stochastic,0.3219244327073552,0.4212908931434518,0.07061718636145128,0.38598229996272615,False,36,39.177570093457945,PPO_v02_checkpoint_inference,False,False,5.333333333333333,15.0,0.20512820512820512,0.6153846153846154,0.5948717948717949,0.40512820512820513,0.8205128205128205
40,"[35,29,37,23,30,19,13,5,11,1,6,7,2,4,9,12,8,0,10,3,17,20,16,18,15,14,34,26,22,21,24,25,28,39,36,33,27,38,31,32]","35,29,37,23,30,19,13,5,11,1,6,7,2,4,9,12,8,0,10,3,17,20,16,18,15,14,34,26,22,21,24,25,28,39,36,33,27,38,31,32",8129d084ac94abb4,E:\Projects\RL-LAM-ScanOpt\outputs\stage3_ppo_rl_lam_fea_addendum_v02_targeted_N24_N40\ppo_training_v02\checkpoints\N40_seed20260624_maskable_ppo_v02.zip,20260624,24260947,stochastic,0.29899546165884183,0.44406033196917427,0.10133512019614745,0.39339277187110056,False,36,39.13551401869159,PPO_v02_checkpoint_inference,False,False,6.0256410256410255,20.0,0.1282051282051282,0.5384615384615384,0.5384615384615384,0.4615384615384615,0.9230769230769231
40,"[13,1,19,8,29,23,37,30,35,26,17,11,6,14,7,4,2,9,3,0,12,15,20,22,21,18,16,25,5,24,10,39,38,34,31,36,32,33,27,28]","13,1,19,8,29,23,37,30,35,26,17,11,6,14,7,4,2,9,3,0,12,15,20,22,21,18,16,25,5,24,10,39,38,34,31,36,32,33,27,28",ba7e9bcfc27c6bbf,E:\Projects\RL-LAM-ScanOpt\outputs\stage3_ppo_rl_lam_fea_addendum_v02_targeted_N24_N40\ppo_training_v02\checkpoints\N40_seed20260624_maskable_ppo_v02.zip,20260624,24260948,stochastic,0.21862294600938958,0.3777758585508997,0.10160460425724233,0.32697355642227854,False,36,39.43457943925234,PPO_v02_checkpoint_inference,False,False,7.769230769230769,29.0,0.10256410256410256,0.5897435897435898,0.5128205128205128,0.4871794871794872,0.9230769230769231
40,"[29,37,30,21,35,19,26,9,6,3,13,11,8,2,4,0,7,14,12,17,1,10,25,20,15,5,22,18,23,16,24,32,36,34,39,38,31,33,27,28]","29,37,30,21,35,19,26,9,6,3,13,11,8,2,4,0,7,14,12,17,1,10,25,20,15,5,22,18,23,16,24,32,36,34,39,38,31,33,27,28",2aa1082c07e8b2e1,E:\Projects\RL-LAM-ScanOpt\outputs\stage3_ppo_rl_lam_fea_addendum_v02_targeted_N24_N40\ppo_training_v02\checkpoints\N40_seed20260624_maskable_ppo_v02.zip,20260624,24260949,stochastic,0.25681093505477276,0.41212452821467405,0.10519729990640989,0.3595258782614691,False,36,39.53738317757009,PPO_v02_checkpoint_inference,False,False,6.897435897435898,17.0,0.05128205128205128,0.5384615384615384,0.5230769230769231,0.4769230769230769,0.8717948717948718
40,"[13,6,11,16,29,30,37,17,35,19,26,8,7,1,3,4,5,2,12,27,23,20,24,22,14,9,0,15,10,25,18,21,36,38,32,34,39,33,31,28]","13,6,11,16,29,30,37,17,35,19,26,8,7,1,3,4,5,2,12,27,23,20,24,22,14,9,0,15,10,25,18,21,36,38,32,34,39,33,31,28",84e041289cd13960,E:\Projects\RL-LAM-ScanOpt\outputs\stage3_ppo_rl_lam_fea_addendum_v02_targeted_N24_N40\ppo_training_v02\checkpoints\N40_seed20260624_maskable_ppo_v02.zip,20260624,24260950,stochastic,0.24213782276995294,0.38885376998642207,0.09139121596215889,0.3431581620053426,False,36,39.03738317757009,PPO_v02_checkpoint_inference,False,False,7.102564102564102,20.0,0.10256410256410256,0.5897435897435898,0.4512820512820513,0.5487179487179488,0.7948717948717948
40,"[13,24,30,29,16,23,35,37,26,19,20,6,17,2,18,11,8,5,7,9,3,0,15,12,4,1,14,22,10,21,34,25,33,32,38,28,39,27,36,31]","13,24,30,29,16,23,35,37,26,19,20,6,17,2,18,11,8,5,7,9,3,0,15,12,4,1,14,22,10,21,34,25,33,32,38,28,39,27,36,31",bc5c889b37dc6ea1,E:\Projects\RL-LAM-ScanOpt\outputs\stage3_ppo_rl_lam_fea_addendum_v02_targeted_N24_N40\ppo_training_v02\checkpoints\N40_seed20260624_maskable_ppo_v02.zip,20260624,24260951,stochastic,0.23086122848200305,0.3866288762368517,0.09716568381089574,0.33804603433140384,False,36,38.705607476635514,PPO_v02_checkpoint_inference,False,False,7.948717948717949,16.0,0.07692307692307693,0.6153846153846154,0.39999999999999997,0.6,0.6153846153846154
40,"[12,13,29,35,37,19,11,5,7,23,30,26,20,4,3,9,17,8,1,0,18,2,6,24,22,15,16,25,14,10,39,36,38,33,21,32,34,31,27,28]","12,13,29,35,37,19,11,5,7,23,30,26,20,4,3,9,17,8,1,0,18,2,6,24,22,15,16,25,14,10,39,36,38,33,21,32,34,31,27,28",88cf13f4497950e3,E:\Projects\RL-LAM-ScanOpt\outputs\stage3_ppo_rl_lam_fea_addendum_v02_targeted_N24_N40\ppo_training_v02\checkpoints\N40_seed20260624_maskable_ppo_v02.zip,20260624,24260952,stochastic,0.23831071987480432,0.41457093328981015,0.11319922532397172,0.3579713206278243,False,36,39.10280373831776,PPO_v02_checkpoint_inference,False,False,7.743589743589744,29.0,0.1282051282051282,0.41025641025641024,0.49230769230769234,0.5076923076923076,0.8205128205128205
40,"[35,37,29,30,20,19,11,6,8,17,13,16,9,4,0,5,15,12,10,7,1,14,3,21,18,26,23,22,2,24,25,39,38,36,32,33,34,27,31,28]","35,37,29,30,20,19,11,6,8,17,13,16,9,4,0,5,15,12,10,7,1,14,3,21,18,26,23,22,2,24,25,39,38,36,32,33,34,27,31,28",7be7a95d167c0538,E:\Projects\RL-LAM-ScanOpt\outputs\stage3_ppo_rl_lam_fea_addendum_v02_targeted_N24_N40\ppo_training_v02\checkpoints\N40_seed20260624_maskable_ppo_v02.zip,20260624,24260953,stochastic,0.2605268290297337,0.3935186313514616,0.08391752855232971,0.35155986707529674,False,37,39.21028037383178,PPO_v02_checkpoint_inference,False,False,6.0256410256410255,22.0,0.1794871794871795,0.5384615384615384,0.4615384615384615,0.5384615384615385,0.7948717948717948
40,"[13,3,11,1,29,30,37,8,17,35,19,26,24,0,9,6,7,4,23,20,16,12,2,15,5,25,18,22,14,10,21,28,38,32,34,36,33,39,27,31]","13,3,11,1,29,30,37,8,17,35,19,26,24,0,9,6,7,4,23,20,16,12,2,15,5,25,18,22,14,10,21,28,38,32,34,36,33,39,27,31",081a33ff0f6ae7c2,E:\Projects\RL-LAM-ScanOpt\outputs\stage3_ppo_rl_lam_fea_addendum_v02_targeted_N24_N40\ppo_training_v02\checkpoints\N40_seed20260624_maskable_ppo_v02.zip,20260624,24260954,stochastic,0.21772175273865405,0.39510055336686645,0.11862658089534882,0.33578726291919203,False,33,37.299065420560744,PPO_v02_checkpoint_inference,False,False,9.076923076923077,29.0,0.05128205128205128,0.41025641025641024,0.5999999999999999,0.4,0.9230769230769231
40,"[23,30,29,35,5,13,26,37,8,11,12,7,4,3,9,10,0,2,1,22,19,21,16,6,14,18,17,20,25,28,15,31,36,24,32,27,39,33,34,38]","23,30,29,35,5,13,26,37,8,11,12,7,4,3,9,10,0,2,1,22,19,21,16,6,14,18,17,20,25,28,15,31,36,24,32,27,39,33,34,38",deea429090b59476,E:\Projects\RL-LAM-ScanOpt\outputs\stage3_ppo_rl_lam_fea_addendum_v02_targeted_N24_N40\ppo_training_v02\checkpoints\N40_seed20260624_maskable_ppo_v02.zip,20260624,24260955,stochastic,0.23205464593114233,0.37934830779587914,0.10027137781079562,0.3292126188904813,False,35,39.42056074766355,PPO_v02_checkpoint_inference,False,False,7.3076923076923075,30.0,0.1794871794871795,0.5897435897435898,0.5333333333333333,0.4666666666666666,0.8205128205128205
40,"[37,35,26,29,16,10,30,13,8,3,6,4,7,2,1,11,23,19,9,12,17,0,5,14,18,15,22,20,21,25,28,36,34,33,24,32,38,39,27,31]","37,35,26,29,16,10,30,13,8,3,6,4,7,2,1,11,23,19,9,12,17,0,5,14,18,15,22,20,21,25,28,36,34,33,24,32,38,39,27,31",71f33ff2a2739c55,E:\Projects\RL-LAM-ScanOpt\outputs\stage3_ppo_rl_lam_fea_addendum_v02_targeted_N24_N40\ppo_training_v02\checkpoints\N40_seed20260624_maskable_ppo_v02.zip,20260624,24260956,stochastic,0.2763749021909231,0.40657338339280713,0.08474524839018456,0.36420075919771483,False,36,39.228971962616825,PPO_v02_checkpoint_inference,False,False,6.256410256410256,20.0,0.10256410256410256,0.5641025641025641,0.5487179487179487,0.45128205128205134,0.8717948717948718
40,"[37,35,29,30,13,8,9,11,4,17,23,26,20,12,3,2,16,7,1,6,0,5,10,15,18,14,22,19,25,24,21,38,36,32,33,34,39,27,31,28]","37,35,29,30,13,8,9,11,4,17,23,26,20,12,3,2,16,7,1,6,0,5,10,15,18,14,22,19,25,24,21,38,36,32,33,34,39,27,31,28",63b16bde2ee06c78,E:\Projects\RL-LAM-ScanOpt\outputs\stage3_ppo_rl_lam_fea_addendum_v02_targeted_N24_N40\ppo_training_v02\checkpoints\N40_seed20260624_maskable_ppo_v02.zip,20260624,24260957,stochastic,0.29993559272300446,0.42640318569808444,0.0855558203622466,0.38362527551696113,False,37,39.05140186915888,PPO_v02_checkpoint_inference,False,False,5.615384615384615,17.0,0.15384615384615385,0.5897435897435898,0.5538461538461539,0.4461538461538462,0.8461538461538461
40,"[30,35,19,29,37,4,13,17,20,23,16,11,3,12,14,10,5,8,2,7,6,1,9,22,26,15,0,21,18,25,24,34,33,32,36,38,39,31,27,28]","30,35,19,29,37,4,13,17,20,23,16,11,3,12,14,10,5,8,2,7,6,1,9,22,26,15,0,21,18,25,24,34,33,32,36,38,39,31,27,28",270b627971d0b779,E:\Projects\RL-LAM-ScanOpt\outputs\stage3_ppo_rl_lam_fea_addendum_v02_targeted_N24_N40\ppo_training_v02\checkpoints\N40_seed20260624_maskable_ppo_v02.zip,20260624,24260958,stochastic,0.2439439847417838,0.400926769936882,0.10308415156896535,0.3493846941523993,False,36,39.13084112149533,PPO_v02_checkpoint_inference,False,False,6.82051282051282,33.0,0.15384615384615385,0.6153846153846154,0.4205128205128205,0.5794871794871794,0.8461538461538461
40,"[16,13,11,2,8,3,6,29,37,35,26,30,25,23,22,1,5,0,12,18,7,4,17,10,19,9,24,20,14,15,21,32,34,36,38,39,31,33,27,28]","16,13,11,2,8,3,6,29,37,35,26,30,25,23,22,1,5,0,12,18,7,4,17,10,19,9,24,20,14,15,21,32,34,36,38,39,31,33,27,28",268c9a57f0fba933,E:\Projects\RL-LAM-ScanOpt\outputs\stage3_ppo_rl_lam_fea_addendum_v02_targeted_N24_N40\ppo_training_v02\checkpoints\N40_seed20260624_maskable_ppo_v02.zip,20260624,24260959,stochastic,0.27983372456963984,0.3802460658657772,0.06284210923393402,0.34882501124881016,False,35,38.757009345794394,PPO_v02_checkpoint_inference,False,False,6.410256410256411,23.0,0.10256410256410256,0.5128205128205128,0.6153846153846154,0.38461538461538464,0.8974358974358975
40,"[30,29,19,13,16,9,35,20,37,26,2,3,6,5,4,7,23,8,11,12,1,0,10,17,14,18,15,22,21,24,25,32,38,34,36,39,33,27,31,28]","30,29,19,13,16,9,35,20,37,26,2,3,6,5,4,7,23,8,11,12,1,0,10,17,14,18,15,22,21,24,25,32,38,34,36,39,33,27,31,28",97e3ce0f834da34b,E:\Projects\RL-LAM-ScanOpt\outputs\stage3_ppo_rl_lam_fea_addendum_v02_targeted_N24_N40\ppo_training_v02\checkpoints\N40_seed20260624_maskable_ppo_v02.zip,20260624,24260960,stochastic,0.24204860133020326,0.3977300798753517,0.09825491683885873,0.34860262145592236,False,36,39.00934579439252,PPO_v02_checkpoint_inference,False,False,6.564102564102564,26.0,0.20512820512820512,0.6666666666666666,0.41538461538461535,0.5846153846153845,0.717948717948718
40,"[11,3,13,2,5,7,35,37,29,20,23,17,26,30,8,1,6,12,9,14,0,16,4,24,18,15,19,22,21,10,38,25,39,36,34,32,33,28,31,27]","11,3,13,2,5,7,35,37,29,20,23,17,26,30,8,1,6,12,9,14,0,16,4,24,18,15,19,22,21,10,38,25,39,36,34,32,33,28,31,27",ffbdf982a7f51405,E:\Projects\RL-LAM-ScanOpt\outputs\stage3_ppo_rl_lam_fea_addendum_v02_targeted_N24_N40\ppo_training_v02\checkpoints\N40_seed20260624_maskable_ppo_v02.zip,20260624,24260961,stochastic,0.2308298611111111,0.40199451148023013,0.1063305046358477,0.3488292591623063,False,34,38.257009345794394,PPO_v02_checkpoint_inference,False,False,8.102564102564102,28.0,0.05128205128205128,0.46153846153846156,0.6102564102564102,0.3897435897435898,0.8974358974358975
40,"[29,19,37,30,35,4,7,13,8,26,20,23,25,33,3,1,2,12,6,11,14,0,5,9,15,17,16,21,24,18,10,22,38,34,36,31,32,39,27,28]","29,19,37,30,35,4,7,13,8,26,20,23,25,33,3,1,2,12,6,11,14,0,5,9,15,17,16,21,24,18,10,22,38,34,36,31,32,39,27,28",a39b9fc4a7a68109,E:\Projects\RL-LAM-ScanOpt\outputs\stage3_ppo_rl_lam_fea_addendum_v02_targeted_N24_N40\ppo_training_v02\checkpoints\N40_seed20260624_maskable_ppo_v02.zip,20260624,24260962,stochastic,0.23595760954616576,0.3288432431239716,0.06052817790761281,0.29857915417016523,False,35,38.73364485981308,PPO_v02_checkpoint_inference,False,False,7.512820512820513,31.0,0.10256410256410256,0.4358974358974359,0.5435897435897435,0.4564102564102564,0.8461538461538461
40,"[8,13,5,4,2,1,3,6,23,35,29,30,37,26,25,20,9,14,7,12,11,17,0,15,18,19,22,16,10,21,28,34,32,38,36,39,31,33,27,24]","8,13,5,4,2,1,3,6,23,35,29,30,37,26,25,20,9,14,7,12,11,17,0,15,18,19,22,16,10,21,28,34,32,38,36,39,31,33,27,24",3d9204cf10446973,E:\Projects\RL-LAM-ScanOpt\outputs\stage3_ppo_rl_lam_fea_addendum_v02_targeted_N24_N40\ppo_training_v02\checkpoints\N40_seed20260624_maskable_ppo_v02.zip,20260624,24260963,stochastic,0.29537770931142376,0.41995978865994255,0.08470037114247102,0.37760960308870706,False,35,38.981308411214954,PPO_v02_checkpoint_inference,False,False,5.743589743589744,17.0,0.15384615384615385,0.6153846153846154,0.6820512820512821,0.317948717948718,0.8717948717948718
40,"[35,37,26,13,29,9,3,7,23,19,5,11,24,2,6,14,1,8,12,17,22,30,20,15,4,0,10,18,16,21,25,38,32,36,34,39,33,28,27,31]","35,37,26,13,29,9,3,7,23,19,5,11,24,2,6,14,1,8,12,17,22,30,20,15,4,0,10,18,16,21,25,38,32,36,34,39,33,28,27,31",a79abab2231fc399,E:\Projects\RL-LAM-ScanOpt\outputs\stage3_ppo_rl_lam_fea_addendum_v02_targeted_N24_N40\ppo_training_v02\checkpoints\N40_seed20260624_maskable_ppo_v02.zip,20260624,24260964,stochastic,0.2556806827073553,0.42673671915562483,0.11567061563229429,0.3689014113394777,False,35,38.44392523364486,PPO_v02_checkpoint_inference,False,False,7.846153846153846,22.0,0.02564102564102564,0.358974358974359,0.5076923076923078,0.49230769230769234,0.8717948717948718
40,"[13,3,4,23,37,35,30,29,7,8,17,15,26,20,11,2,1,12,0,9,6,33,18,5,24,14,19,10,16,21,22,39,34,25,32,38,36,27,31,28]","13,3,4,23,37,35,30,29,7,8,17,15,26,20,11,2,1,12,0,9,6,33,18,5,24,14,19,10,16,21,22,39,34,25,32,38,36,27,31,28",df4f38caeb99073d,E:\Projects\RL-LAM-ScanOpt\outputs\stage3_ppo_rl_lam_fea_addendum_v02_targeted_N24_N40\ppo_training_v02\checkpoints\N40_seed20260624_maskable_ppo_v02.zip,20260624,24260965,stochastic,0.2195826877934271,0.38753528400492476,0.10624371990759243,0.33441342405112856,False,36,39.07943925233645,PPO_v02_checkpoint_inference,False,False,8.435897435897436,27.0,0.1282051282051282,0.6923076923076923,0.6102564102564103,0.3897435897435897,0.8717948717948718
40,"[13,8,17,3,7,29,35,26,37,11,1,6,9,19,23,20,2,5,4,0,21,12,10,14,15,18,30,16,22,25,24,33,38,32,36,39,34,27,28,31]","13,8,17,3,7,29,35,26,37,11,1,6,9,19,23,20,2,5,4,0,21,12,10,14,15,18,30,16,22,25,24,33,38,32,36,39,34,27,28,31",d722e698be7d0fd5,E:\Projects\RL-LAM-ScanOpt\outputs\stage3_ppo_rl_lam_fea_addendum_v02_targeted_N24_N40\ppo_training_v02\checkpoints\N40_seed20260624_maskable_ppo_v02.zip,20260624,24260966,stochastic,0.2435571498435055,0.3979135756310517,0.10116580850525493,0.3473306713784242,False,35,39.47663551401869,PPO_v02_checkpoint_inference,False,False,7.333333333333333,26.0,0.10256410256410256,0.5641025641025641,0.5487179487179488,0.4512820512820513,0.8717948717948718
40,"[0,1,13,29,35,30,37,23,26,11,3,8,21,7,6,5,4,12,2,17,16,9,19,18,15,20,14,24,25,10,22,38,33,34,39,32,36,27,31,28]","0,1,13,29,35,30,37,23,26,11,3,8,21,7,6,5,4,12,2,17,16,9,19,18,15,20,14,24,25,10,22,38,33,34,39,32,36,27,31,28",2e322ad58ac0ddde,E:\Projects\RL-LAM-ScanOpt\outputs\stage3_ppo_rl_lam_fea_addendum_v02_targeted_N24_N40\ppo_training_v02\checkpoints\N40_seed20260624_maskable_ppo_v02.zip,20260624,24260967,stochastic,0.22569135367762092,0.3807995880323957,0.09383466736144402,0.33388225435167374,False,36,38.89719626168224,PPO_v02_checkpoint_inference,False,False,7.17948717948718,16.0,0.20512820512820512,0.6153846153846154,0.5948717948717948,0.40512820512820513,0.9487179487179487
40,"[13,8,23,29,37,35,30,12,11,5,7,26,4,19,9,3,2,17,18,6,1,16,21,0,14,15,20,22,10,24,25,28,34,32,36,38,27,39,33,31]","13,8,23,29,37,35,30,12,11,5,7,26,4,19,9,3,2,17,18,6,1,16,21,0,14,15,20,22,10,24,25,28,34,32,36,38,27,39,33,31",fc9db358b1a9ad7a,E:\Projects\RL-LAM-ScanOpt\outputs\stage3_ppo_rl_lam_fea_addendum_v02_targeted_N24_N40\ppo_training_v02\checkpoints\N40_seed20260624_maskable_ppo_v02.zip,20260624,24260968,stochastic,0.22604184272300462,0.4006424488563283,0.11111825536235449,0.34508332117515106,False,36,39.16355140186916,PPO_v02_checkpoint_inference,False,False,8.0,22.0,0.1282051282051282,0.46153846153846156,0.5384615384615385,0.4615384615384615,0.8205128205128205
40,"[13,29,37,30,20,23,26,35,19,16,11,5,3,2,7,8,1,14,17,4,0,6,9,12,15,18,25,22,10,28,21,33,36,34,38,32,24,39,31,27]","13,29,37,30,20,23,26,35,19,16,11,5,3,2,7,8,1,14,17,4,0,6,9,12,15,18,25,22,10,28,21,33,36,34,38,32,24,39,31,27",1080699fbae563c6,E:\Projects\RL-LAM-ScanOpt\outputs\stage3_ppo_rl_lam_fea_addendum_v02_targeted_N24_N40\ppo_training_v02\checkpoints\N40_seed20260624_maskable_ppo_v02.zip,20260624,24260969,stochastic,0.2630838419405317,0.4154304142015416,0.09846581434319578,0.3661975070299437,False,36,38.771028037383175,PPO_v02_checkpoint_inference,False,False,6.717948717948718,18.0,0.05128205128205128,0.5641025641025641,0.3794871794871794,0.6205128205128204,0.6153846153846154
40,"[13,23,35,20,3,7,11,4,2,8,29,37,30,16,1,6,26,19,12,5,17,9,0,10,14,15,18,22,25,21,24,34,39,32,38,33,36,27,31,28]","13,23,35,20,3,7,11,4,2,8,29,37,30,16,1,6,26,19,12,5,17,9,0,10,14,15,18,22,25,21,24,34,39,32,38,33,36,27,31,28",0255f5b84beac673,E:\Projects\RL-LAM-ScanOpt\outputs\stage3_ppo_rl_lam_fea_addendum_v02_targeted_N24_N40\ppo_training_v02\checkpoints\N40_seed20260624_maskable_ppo_v02.zip,20260624,24260970,stochastic,0.2471602014866976,0.4021183327912019,0.10161449704345582,0.351311084269474,False,36,39.24766355140187,PPO_v02_checkpoint_inference,False,False,7.717948717948718,21.0,0.02564102564102564,0.5384615384615384,0.5538461538461539,0.4461538461538462,0.8461538461538461
40,"[29,35,26,37,30,23,13,11,3,5,17,8,7,4,6,10,2,1,9,12,16,0,14,15,20,19,18,22,21,28,25,38,32,39,36,34,24,27,33,31]","29,35,26,37,30,23,13,11,3,5,17,8,7,4,6,10,2,1,9,12,16,0,14,15,20,19,18,22,21,28,25,38,32,39,36,34,24,27,33,31",09b86ce1d5ee652c,E:\Projects\RL-LAM-ScanOpt\outputs\stage3_ppo_rl_lam_fea_addendum_v02_targeted_N24_N40\ppo_training_v02\checkpoints\N40_seed20260624_maskable_ppo_v02.zip,20260624,24260971,stochastic,0.3133386345852895,0.44793840169181054,0.09526190004276214,0.40030745167042947,False,35,38.86915887850467,PPO_v02_checkpoint_inference,False,False,5.6923076923076925,16.0,0.15384615384615385,0.5128205128205128,0.558974358974359,0.44102564102564107,0.8717948717948718
40,"[26,35,37,29,4,13,10,17,23,30,7,2,0,6,8,5,1,11,3,12,16,9,18,20,25,19,36,15,24,22,14,21,34,32,33,38,39,27,31,28]","26,35,37,29,4,13,10,17,23,30,7,2,0,6,8,5,1,11,3,12,16,9,18,20,25,19,36,15,24,22,14,21,34,32,33,38,39,27,31,28",c3a481cd78df5183,E:\Projects\RL-LAM-ScanOpt\outputs\stage3_ppo_rl_lam_fea_addendum_v02_targeted_N24_N40\ppo_training_v02\checkpoints\N40_seed20260624_maskable_ppo_v02.zip,20260624,24260972,stochastic,0.2374872652582159,0.31304590424801915,0.04427133066549216,0.29091023891527307,False,36,39.546728971962615,PPO_v02_checkpoint_inference,False,False,7.333333333333333,25.0,0.05128205128205128,0.5641025641025641,0.49743589743589745,0.5025641025641026,0.8461538461538461
40,"[37,35,29,30,16,7,11,23,13,3,14,19,18,8,5,2,1,12,17,10,6,0,9,26,20,4,22,15,24,21,33,25,32,38,36,39,34,27,31,28]","37,35,29,30,16,7,11,23,13,3,14,19,18,8,5,2,1,12,17,10,6,0,9,26,20,4,22,15,24,21,33,25,32,38,36,39,34,27,31,28",c5952d8f8de530ef,E:\Projects\RL-LAM-ScanOpt\outputs\stage3_ppo_rl_lam_fea_addendum_v02_targeted_N24_N40\ppo_training_v02\checkpoints\N40_seed20260624_maskable_ppo_v02.zip,20260624,24260973,stochastic,0.26047488262910784,0.40836529065376426,0.0999231700703056,0.35840370561861146,False,35,39.467289719626166,PPO_v02_checkpoint_inference,False,False,7.102564102564102,18.0,0.07692307692307693,0.5384615384615384,0.5333333333333333,0.4666666666666667,0.8717948717948718
40,"[37,35,29,13,4,17,26,20,32,23,30,8,5,7,19,1,11,9,6,2,12,3,0,14,18,16,24,15,10,22,21,25,36,38,34,39,28,27,33,31]","37,35,29,13,4,17,26,20,32,23,30,8,5,7,19,1,11,9,6,2,12,3,0,14,18,16,24,15,10,22,21,25,36,38,34,39,28,27,33,31",8e6c553d7fcc5cbb,E:\Projects\RL-LAM-ScanOpt\outputs\stage3_ppo_rl_lam_fea_addendum_v02_targeted_N24_N40\ppo_training_v02\checkpoints\N40_seed20260624_maskable_ppo_v02.zip,20260624,24260974,stochastic,0.2589919600938966,0.41818402129337545,0.10015282607956308,0.3681076082535939,False,36,38.95794392523364,PPO_v02_checkpoint_inference,False,False,7.384615384615385,22.0,0.05128205128205128,0.41025641025641024,0.46153846153846156,0.5384615384615384,0.8461538461538461
40,"[33,30,29,37,23,6,13,35,11,24,25,16,26,22,3,7,9,2,0,17,8,1,14,10,5,12,15,18,19,20,4,21,39,38,32,34,36,27,28,31]","33,30,29,37,23,6,13,35,11,24,25,16,26,22,3,7,9,2,0,17,8,1,14,10,5,12,15,18,19,20,4,21,39,38,32,34,36,27,28,31",adcc71123cbf17d1,E:\Projects\RL-LAM-ScanOpt\outputs\stage3_ppo_rl_lam_fea_addendum_v02_targeted_N24_N40\ppo_training_v02\checkpoints\N40_seed20260624_maskable_ppo_v02.zip,20260624,24260975,stochastic,0.19907710289514868,0.23592765067140192,0.028477608265021333,0.22168884653889126,False,35,38.82710280373832,PPO_v02_checkpoint_inference,False,False,8.0,24.0,0.15384615384615385,0.6153846153846154,0.5282051282051282,0.4717948717948718,0.7948717948717948
40,"[8,13,35,37,29,11,6,7,1,3,5,2,23,30,26,24,17,19,4,12,9,15,0,10,18,14,20,21,22,16,34,25,33,36,38,32,39,27,31,28]","8,13,35,37,29,11,6,7,1,3,5,2,23,30,26,24,17,19,4,12,9,15,0,10,18,14,20,21,22,16,34,25,33,36,38,32,39,27,31,28",2f49e7674b21d3a3,E:\Projects\RL-LAM-ScanOpt\outputs\stage3_ppo_rl_lam_fea_addendum_v02_targeted_N24_N40\ppo_training_v02\checkpoints\N40_seed20260624_maskable_ppo_v02.zip,20260624,24260976,stochastic,0.2633816803599372,0.389204024806721,0.08068416199054347,0.34886194381144925,False,36,39.06542056074766,PPO_v02_checkpoint_inference,False,False,6.9743589743589745,22.0,0.07692307692307693,0.41025641025641024,0.6666666666666667,0.3333333333333333,0.9230769230769231
40,"[29,35,37,30,26,13,23,16,17,1,8,11,7,6,4,3,0,2,9,19,12,5,15,22,21,25,18,10,14,20,38,36,39,32,34,33,24,31,27,28]","29,35,37,30,26,13,23,16,17,1,8,11,7,6,4,3,0,2,9,19,12,5,15,22,21,25,18,10,14,20,38,36,39,32,34,33,24,31,27,28",132dfed0ade4dadf,E:\Projects\RL-LAM-ScanOpt\outputs\stage3_ppo_rl_lam_fea_addendum_v02_targeted_N24_N40\ppo_training_v02\checkpoints\N40_seed20260624_maskable_ppo_v02.zip,20260624,24260977,stochastic,0.29625764866979637,0.43349627877704305,0.08921924274823795,0.38888665740292405,False,36,39.12149532710281,PPO_v02_checkpoint_inference,False,False,5.666666666666667,18.0,0.15384615384615385,0.5384615384615384,0.482051282051282,0.5179487179487179,0.9230769230769231
40,"[7,23,37,35,29,26,13,9,17,33,30,25,11,14,15,4,0,3,1,2,10,6,12,5,8,28,20,18,21,16,24,22,19,31,32,36,38,39,34,27]","7,23,37,35,29,26,13,9,17,33,30,25,11,14,15,4,0,3,1,2,10,6,12,5,8,28,20,18,21,16,24,22,19,31,32,36,38,39,34,27",39146eee197f54d6,E:\Projects\RL-LAM-ScanOpt\outputs\stage3_ppo_rl_lam_fea_addendum_v02_targeted_N24_N40\ppo_training_v02\checkpoints\N40_seed20260624_maskable_ppo_v02.zip,20260624,24260978,stochastic,0.2743635172143972,0.3888169295465435,0.09004754954678175,0.34379315477315264,False,36,38.76168224299065,PPO_v02_checkpoint_inference,False,False,6.153846153846154,20.0,0.10256410256410256,0.46153846153846156,0.5025641025641027,0.49743589743589733,0.7692307692307693
40,"[9,13,23,30,35,26,37,29,19,2,7,8,11,21,14,12,6,3,5,0,16,17,1,24,18,10,4,15,22,20,32,38,39,25,34,36,27,33,28,31]","9,13,23,30,35,26,37,29,19,2,7,8,11,21,14,12,6,3,5,0,16,17,1,24,18,10,4,15,22,20,32,38,39,25,34,36,27,33,28,31",97dd92f5df219fc8,E:\Projects\RL-LAM-ScanOpt\outputs\stage3_ppo_rl_lam_fea_addendum_v02_targeted_N24_N40\ppo_training_v02\checkpoints\N40_seed20260624_maskable_ppo_v02.zip,20260624,24260979,stochastic,0.25381499413145514,0.4083971200797452,0.09789916883597401,0.3594475356617582,False,36,39.40654205607477,PPO_v02_checkpoint_inference,False,False,7.384615384615385,23.0,0.07692307692307693,0.5128205128205128,0.5025641025641026,0.49743589743589733,0.8974358974358975
40,"[5,23,37,29,35,26,25,20,30,18,2,17,8,6,11,13,7,3,12,9,15,1,0,14,19,21,4,24,10,22,16,32,39,36,34,38,31,33,27,28]","5,23,37,29,35,26,25,20,30,18,2,17,8,6,11,13,7,3,12,9,15,1,0,14,19,21,4,24,10,22,16,32,39,36,34,38,31,33,27,28",f658f648e9bf2dc7,E:\Projects\RL-LAM-ScanOpt\outputs\stage3_ppo_rl_lam_fea_addendum_v02_targeted_N24_N40\ppo_training_v02\checkpoints\N40_seed20260624_maskable_ppo_v02.zip,20260624,24260980,stochastic,0.2247660406885757,0.38719128889450743,0.10456897358317685,0.334906802102919,False,36,39.37850467289719,PPO_v02_checkpoint_inference,False,False,8.025641025641026,20.0,0.07692307692307693,0.38461538461538464,0.43589743589743585,0.5641025641025641,0.8205128205128205
40,"[14,11,13,9,6,3,29,35,30,26,20,8,12,1,2,5,7,4,0,37,19,18,10,16,17,22,23,25,15,38,33,21,36,24,39,32,34,27,31,28]","14,11,13,9,6,3,29,35,30,26,20,8,12,1,2,5,7,4,0,37,19,18,10,16,17,22,23,25,15,38,33,21,36,24,39,32,34,27,31,28",6d6cf89b35407e19,E:\Projects\RL-LAM-ScanOpt\outputs\stage3_ppo_rl_lam_fea_addendum_v02_targeted_N24_N40\ppo_training_v02\checkpoints\N40_seed20260624_maskable_ppo_v02.zip,20260624,24260981,stochastic,0.23100438184663538,0.39106023307649945,0.10179717667693755,0.3401616447380307,False,37,39.2196261682243,PPO_v02_checkpoint_inference,False,False,7.589743589743589,37.0,0.10256410256410256,0.5128205128205128,0.5282051282051282,0.4717948717948718,0.8205128205128205
40,"[24,23,20,8,16,10,13,26,35,29,37,19,30,15,3,1,7,14,11,4,6,12,5,17,0,9,2,18,21,22,32,33,36,34,25,39,27,38,28,31]","24,23,20,8,16,10,13,26,35,29,37,19,30,15,3,1,7,14,11,4,6,12,5,17,0,9,2,18,21,22,32,33,36,34,25,39,27,38,28,31",7b41f4e8f1911528,E:\Projects\RL-LAM-ScanOpt\outputs\stage3_ppo_rl_lam_fea_addendum_v02_targeted_N24_N40\ppo_training_v02\checkpoints\N40_seed20260624_maskable_ppo_v02.zip,20260624,24260982,stochastic,0.23948044796557094,0.3663958319697592,0.0821106608693875,0.3253405015350655,False,36,38.91588785046729,PPO_v02_checkpoint_inference,False,False,7.82051282051282,18.0,0.07692307692307693,0.5384615384615384,0.36410256410256403,0.6358974358974359,0.6923076923076923
40,"[37,35,29,30,23,26,20,1,13,14,6,7,2,11,5,19,9,3,10,12,8,0,4,16,18,17,22,15,25,24,21,27,38,36,32,39,34,31,33,28]","37,35,29,30,23,26,20,1,13,14,6,7,2,11,5,19,9,3,10,12,8,0,4,16,18,17,22,15,25,24,21,27,38,36,32,39,34,31,33,28",cc8e375d5685bbb3,E:\Projects\RL-LAM-ScanOpt\outputs\stage3_ppo_rl_lam_fea_addendum_v02_targeted_N24_N40\ppo_training_v02\checkpoints\N40_seed20260624_maskable_ppo_v02.zip,20260624,24260983,stochastic,0.30164606807511707,0.43093153268685147,0.08962832040932803,0.38611737248218747,False,35,39.09345794392523,PPO_v02_checkpoint_inference,False,False,5.82051282051282,19.0,0.1282051282051282,0.48717948717948717,0.482051282051282,0.517948717948718,0.9230769230769231
40,"[4,13,29,19,37,26,35,23,8,3,7,11,30,22,9,14,15,12,17,1,2,0,6,5,10,20,18,16,21,24,25,32,34,33,39,38,36,27,31,28]","4,13,29,19,37,26,35,23,8,3,7,11,30,22,9,14,15,12,17,1,2,0,6,5,10,20,18,16,21,24,25,32,34,33,39,38,36,27,31,28",06034fc7dfa987fa,E:\Projects\RL-LAM-ScanOpt\outputs\stage3_ppo_rl_lam_fea_addendum_v02_targeted_N24_N40\ppo_training_v02\checkpoints\N40_seed20260624_maskable_ppo_v02.zip,20260624,24260984,stochastic,0.27156364436619695,0.3627683273996619,0.05517600503794866,0.3351803248806876,False,36,39.154205607476634,PPO_v02_checkpoint_inference,False,False,6.564102564102564,19.0,0.15384615384615385,0.5641025641025641,0.5282051282051282,0.4717948717948718,0.8717948717948718
40,"[35,29,30,37,19,23,24,26,11,17,5,0,7,13,2,6,1,4,3,9,8,12,14,16,18,21,20,33,22,15,25,10,28,34,38,36,39,32,27,31]","35,29,30,37,19,23,24,26,11,17,5,0,7,13,2,6,1,4,3,9,8,12,14,16,18,21,20,33,22,15,25,10,28,34,38,36,39,32,27,31",361d60a5b53026db,E:\Projects\RL-LAM-ScanOpt\outputs\stage3_ppo_rl_lam_fea_addendum_v02_targeted_N24_N40\ppo_training_v02\checkpoints\N40_seed20260624_maskable_ppo_v02.zip,20260624,24260985,stochastic,0.2697250880281685,0.41811110081817504,0.09186380984234023,0.37217919589700493,False,35,39.16822429906542,PPO_v02_checkpoint_inference,False,False,6.153846153846154,18.0,0.1282051282051282,0.5128205128205128,0.40512820512820513,0.5948717948717949,0.6666666666666666
40,"[35,23,37,30,29,10,8,13,26,19,17,33,4,12,9,6,14,5,2,7,3,11,0,16,1,21,18,15,20,24,22,32,25,28,38,34,36,39,31,27]","35,23,37,30,29,10,8,13,26,19,17,33,4,12,9,6,14,5,2,7,3,11,0,16,1,21,18,15,20,24,22,32,25,28,38,34,36,39,31,27",09d740c53b410df8,E:\Projects\RL-LAM-ScanOpt\outputs\stage3_ppo_rl_lam_fea_addendum_v02_targeted_N24_N40\ppo_training_v02\checkpoints\N40_seed20260624_maskable_ppo_v02.zip,20260624,24260986,stochastic,0.23131960093896706,0.4148896593023532,0.118775512258179,0.3555019031732637,False,36,38.425233644859816,PPO_v02_checkpoint_inference,False,False,7.897435897435898,29.0,0.02564102564102564,0.5128205128205128,0.4666666666666666,0.5333333333333333,0.7435897435897436
40,"[11,13,8,23,35,37,29,26,30,24,17,16,5,9,3,7,1,4,6,12,19,0,2,14,20,27,18,15,10,33,38,22,21,25,39,34,32,36,31,28]","11,13,8,23,35,37,29,26,30,24,17,16,5,9,3,7,1,4,6,12,19,0,2,14,20,27,18,15,10,33,38,22,21,25,39,34,32,36,31,28",db786613ecf841bd,E:\Projects\RL-LAM-ScanOpt\outputs\stage3_ppo_rl_lam_fea_addendum_v02_targeted_N24_N40\ppo_training_v02\checkpoints\N40_seed20260624_maskable_ppo_v02.zip,20260624,24260987,stochastic,0.27178589593114233,0.3953700755125373,0.07864288277858976,0.3560486341232424,False,37,39.38785046728972,PPO_v02_checkpoint_inference,False,False,6.641025641025641,23.0,0.05128205128205128,0.48717948717948717,0.482051282051282,0.517948717948718,0.7435897435897436
40,"[26,30,35,13,6,9,29,37,19,8,1,24,23,4,10,11,2,7,3,5,16,0,12,17,18,21,25,22,14,20,15,27,32,38,36,34,33,39,31,28]","26,30,35,13,6,9,29,37,19,8,1,24,23,4,10,11,2,7,3,5,16,0,12,17,18,21,25,22,14,20,15,27,32,38,36,34,33,39,31,28",30f6f45f31f3f1d2,E:\Projects\RL-LAM-ScanOpt\outputs\stage3_ppo_rl_lam_fea_addendum_v02_targeted_N24_N40\ppo_training_v02\checkpoints\N40_seed20260624_maskable_ppo_v02.zip,20260624,24260988,stochastic,0.23068425273865414,0.3864770823550227,0.098521193942765,0.3372164853836402,False,33,38.96261682242991,PPO_v02_checkpoint_inference,False,False,7.538461538461538,23.0,0.10256410256410256,0.5128205128205128,0.523076923076923,0.4769230769230769,0.7948717948717948
40,"[37,35,23,13,29,30,21,8,9,3,5,6,1,0,11,2,7,25,20,17,26,12,14,16,4,19,18,15,10,22,24,34,28,38,33,32,39,36,31,27]","37,35,23,13,29,30,21,8,9,3,5,6,1,0,11,2,7,25,20,17,26,12,14,16,4,19,18,15,10,22,24,34,28,38,33,32,39,36,31,27",c04bb0633fceec46,E:\Projects\RL-LAM-ScanOpt\outputs\stage3_ppo_rl_lam_fea_addendum_v02_targeted_N24_N40\ppo_training_v02\checkpoints\N40_seed20260624_maskable_ppo_v02.zip,20260624,24260989,stochastic,0.26042482394366173,0.4131015038586491,0.09783332521143812,0.36418484125293005,False,36,39.191588785046726,PPO_v02_checkpoint_inference,False,False,6.615384615384615,18.0,0.15384615384615385,0.5641025641025641,0.5282051282051282,0.4717948717948719,0.8717948717948718
40,"[37,17,29,35,23,26,30,16,13,11,4,8,6,3,9,12,7,15,0,2,1,18,5,24,20,10,14,22,19,21,33,25,32,34,38,39,36,31,27,28]","37,17,29,35,23,26,30,16,13,11,4,8,6,3,9,12,7,15,0,2,1,18,5,24,20,10,14,22,19,21,33,25,32,34,38,39,36,31,27,28",677200c1eb239d35,E:\Projects\RL-LAM-ScanOpt\outputs\stage3_ppo_rl_lam_fea_addendum_v02_targeted_N24_N40\ppo_training_v02\checkpoints\N40_seed20260624_maskable_ppo_v02.zip,20260624,24260990,stochastic,0.2738486600156493,0.3934057200027694,0.07475116185847568,0.3560301390735316,False,37,39.47663551401869,PPO_v02_checkpoint_inference,False,False,6.641025641025641,20.0,0.07692307692307693,0.4358974358974359,0.43076923076923074,0.5692307692307692,0.6666666666666666
40,"[37,30,19,11,13,1,23,35,29,17,26,16,8,2,3,33,20,4,0,7,6,9,12,21,18,15,14,5,28,25,10,24,22,34,32,39,36,38,31,27]","37,30,19,11,13,1,23,35,29,17,26,16,8,2,3,33,20,4,0,7,6,9,12,21,18,15,14,5,28,25,10,24,22,34,32,39,36,38,31,27",0f4cdeaba4ddc222,E:\Projects\RL-LAM-ScanOpt\outputs\stage3_ppo_rl_lam_fea_addendum_v02_targeted_N24_N40\ppo_training_v02\checkpoints\N40_seed20260624_maskable_ppo_v02.zip,20260624,24260991,stochastic,0.207973376369327,0.23493217350915646,0.03622149238880428,0.21682142731475432,False,37,39.242990654205606,PPO_v02_checkpoint_inference,False,False,8.256410256410257,30.0,0.07692307692307693,0.5128205128205128,0.47692307692307684,0.523076923076923,0.9230769230769231
40,"[13,29,26,35,37,20,23,19,30,16,11,8,2,17,10,3,7,0,5,9,6,12,21,1,15,4,14,18,22,25,24,33,38,27,39,34,36,32,31,28]","13,29,26,35,37,20,23,19,30,16,11,8,2,17,10,3,7,0,5,9,6,12,21,1,15,4,14,18,22,25,24,33,38,27,39,34,36,32,31,28",66a86282b109934c,E:\Projects\RL-LAM-ScanOpt\outputs\stage3_ppo_rl_lam_fea_addendum_v02_targeted_N24_N40\ppo_training_v02\checkpoints\N40_seed20260624_maskable_ppo_v02.zip,20260624,24260992,stochastic,0.24564522691705773,0.3933511453807055,0.0933240006129728,0.3466891450742191,False,37,39.126168224299064,PPO_v02_checkpoint_inference,False,False,7.153846153846154,20.0,0.05128205128205128,0.5897435897435898,0.3794871794871794,0.6205128205128204,0.6153846153846154
40,"[35,29,37,30,11,13,2,5,3,12,23,26,16,7,0,17,4,8,9,15,19,20,18,6,1,14,22,25,21,10,24,34,38,39,36,32,33,27,28,31]","35,29,37,30,11,13,2,5,3,12,23,26,16,7,0,17,4,8,9,15,19,20,18,6,1,14,22,25,21,10,24,34,38,39,36,32,33,27,28,31",3d33f87077b6147f,E:\Projects\RL-LAM-ScanOpt\outputs\stage3_ppo_rl_lam_fea_addendum_v02_targeted_N24_N40\ppo_training_v02\checkpoints\N40_seed20260624_maskable_ppo_v02.zip,20260624,24260993,stochastic,0.26309483568075104,0.3812918946056267,0.07280580178983816,0.3448889937107076,False,36,38.799065420560744,PPO_v02_checkpoint_inference,False,False,6.615384615384615,19.0,0.1282051282051282,0.5641025641025641,0.6358974358974359,0.3641025641025641,0.8974358974358975
40,"[3,16,35,37,21,13,7,19,8,5,1,29,26,30,20,11,0,14,4,2,6,9,12,15,23,18,22,17,10,24,25,34,32,33,36,39,38,27,31,28]","3,16,35,37,21,13,7,19,8,5,1,29,26,30,20,11,0,14,4,2,6,9,12,15,23,18,22,17,10,24,25,34,32,33,36,39,38,27,31,28",d512490219f7f129,E:\Projects\RL-LAM-ScanOpt\outputs\stage3_ppo_rl_lam_fea_addendum_v02_targeted_N24_N40\ppo_training_v02\checkpoints\N40_seed20260624_maskable_ppo_v02.zip,20260624,24260994,stochastic,0.250546928794992,0.4011190965723322,0.09612118310877958,0.3530585050179424,False,34,39.44392523364486,PPO_v02_checkpoint_inference,False,False,7.153846153846154,28.0,0.07692307692307693,0.5384615384615384,0.5128205128205129,0.4871794871794872,0.8717948717948718
40,"[35,29,23,8,1,25,26,37,30,13,11,3,12,2,0,6,5,7,9,19,18,15,14,16,22,17,10,4,20,21,24,38,36,39,31,32,34,33,27,28]","35,29,23,8,1,25,26,37,30,13,11,3,12,2,0,6,5,7,9,19,18,15,14,16,22,17,10,4,20,21,24,38,36,39,31,32,34,33,27,28",44ca40f90818f8af,E:\Projects\RL-LAM-ScanOpt\outputs\stage3_ppo_rl_lam_fea_addendum_v02_targeted_N24_N40\ppo_training_v02\checkpoints\N40_seed20260624_maskable_ppo_v02.zip,20260624,24260995,stochastic,0.2818162754303595,0.3918142292597704,0.07581295494751397,0.3539077517860134,False,36,38.62149532710281,PPO_v02_checkpoint_inference,False,False,6.0256410256410255,24.0,0.20512820512820512,0.48717948717948717,0.5384615384615384,0.46153846153846156,0.9230769230769231
40,"[8,5,13,7,2,11,26,29,37,30,23,35,6,3,9,0,1,14,17,4,10,12,24,25,21,19,22,18,16,20,28,32,38,15,36,33,34,39,27,31]","8,5,13,7,2,11,26,29,37,30,23,35,6,3,9,0,1,14,17,4,10,12,24,25,21,19,22,18,16,20,28,32,38,15,36,33,34,39,27,31",eb2ed1f6f2f04267,E:\Projects\RL-LAM-ScanOpt\outputs\stage3_ppo_rl_lam_fea_addendum_v02_targeted_N24_N40\ppo_training_v02\checkpoints\N40_seed20260624_maskable_ppo_v02.zip,20260624,24260996,stochastic,0.24061228482003114,0.40107250236405995,0.10170283281049045,0.35022108595881474,False,33,38.63551401869159,PPO_v02_checkpoint_inference,False,False,7.358974358974359,29.0,0.07692307692307693,0.5384615384615384,0.5897435897435898,0.41025641025641024,0.8974358974358975
40,"[11,37,29,35,23,21,26,13,2,8,4,14,7,3,5,10,9,17,15,19,30,12,1,6,0,28,20,18,16,22,25,24,33,38,39,32,36,34,27,31]","11,37,29,35,23,21,26,13,2,8,4,14,7,3,5,10,9,17,15,19,30,12,1,6,0,28,20,18,16,22,25,24,33,38,39,32,36,34,27,31",4e257984e93c1e19,E:\Projects\RL-LAM-ScanOpt\outputs\stage3_ppo_rl_lam_fea_addendum_v02_targeted_N24_N40\ppo_training_v02\checkpoints\N40_seed20260624_maskable_ppo_v02.zip,20260624,24260997,stochastic,0.2592013008607198,0.39314008229585073,0.08781780640973674,0.34923117909098234,False,36,39.425233644859816,PPO_v02_checkpoint_inference,False,False,7.076923076923077,28.0,0.07692307692307693,0.41025641025641024,0.5025641025641026,0.49743589743589745,0.8974358974358975
40,"[35,4,13,8,29,26,37,21,23,30,20,19,16,11,3,6,1,2,7,14,9,5,10,15,0,12,22,17,18,25,28,24,36,34,32,38,33,39,31,27]","35,4,13,8,29,26,37,21,23,30,20,19,16,11,3,6,1,2,7,14,9,5,10,15,0,12,22,17,18,25,28,24,36,34,32,38,33,39,31,27",b2473f4c50b4822f,E:\Projects\RL-LAM-ScanOpt\outputs\stage3_ppo_rl_lam_fea_addendum_v02_targeted_N24_N40\ppo_training_v02\checkpoints\N40_seed20260624_maskable_ppo_v02.zip,20260624,24260998,stochastic,0.24430082159624394,0.39801570947393505,0.09893508550829042,0.34854816671978983,False,34,38.75233644859813,PPO_v02_checkpoint_inference,False,False,7.0256410256410255,31.0,0.07692307692307693,0.6153846153846154,0.5025641025641026,0.49743589743589745,0.8461538461538461
40,"[5,29,37,35,13,6,11,10,4,2,17,19,1,8,23,30,26,20,3,9,7,12,0,15,22,16,14,18,24,25,21,39,38,34,27,36,32,33,31,28]","5,29,37,35,13,6,11,10,4,2,17,19,1,8,23,30,26,20,3,9,7,12,0,15,22,16,14,18,24,25,21,39,38,34,27,36,32,33,31,28",6b81ebc760b69bbb,E:\Projects\RL-LAM-ScanOpt\outputs\stage3_ppo_rl_lam_fea_addendum_v02_targeted_N24_N40\ppo_training_v02\checkpoints\N40_seed20260624_maskable_ppo_v02.zip,20260624,24260999,stochastic,0.23556009389671362,0.3810467155148302,0.08949839678923664,0.3362975171202119,False,35,38.60747663551402,PPO_v02_checkpoint_inference,False,False,7.358974358974359,24.0,0.10256410256410256,0.4358974358974359,0.6564102564102565,0.3435897435897436,0.8974358974358975
40,"[14,29,35,15,4,13,37,26,19,9,11,1,7,3,6,12,23,36,30,38,20,17,2,0,8,10,28,5,18,25,22,16,24,33,21,34,32,39,27,31]","14,29,35,15,4,13,37,26,19,9,11,1,7,3,6,12,23,36,30,38,20,17,2,0,8,10,28,5,18,25,22,16,24,33,21,34,32,39,27,31",2b2a97ec788d3675,E:\Projects\RL-LAM-ScanOpt\outputs\stage3_ppo_rl_lam_fea_addendum_v02_targeted_N24_N40\ppo_training_v02\checkpoints\N40_seed20260624_maskable_ppo_v02.zip,20260624,24261000,stochastic,0.19084791666666656,0.21611877432301607,0.03028694091378657,0.20097530386612278,False,36,39.0,PPO_v02_checkpoint_inference,False,False,9.41025641025641,24.0,0.0,0.4358974358974359,0.47179487179487173,0.5282051282051282,0.8461538461538461
40,"[29,30,35,37,11,4,8,5,7,6,13,23,19,32,26,20,9,12,1,17,3,2,10,18,22,0,15,25,21,16,14,24,38,34,39,36,27,31,33,28]","29,30,35,37,11,4,8,5,7,6,13,23,19,32,26,20,9,12,1,17,3,2,10,18,22,0,15,25,21,16,14,24,38,34,39,36,27,31,33,28",2b33769fd99aaa9f,E:\Projects\RL-LAM-ScanOpt\outputs\stage3_ppo_rl_lam_fea_addendum_v02_targeted_N24_N40\ppo_training_v02\checkpoints\N40_seed20260624_maskable_ppo_v02.zip,20260624,24261001,stochastic,0.24679836658841928,0.3886575695519379,0.08721110628860047,0.34505201640763766,False,34,39.32710280373832,PPO_v02_checkpoint_inference,False,False,7.358974358974359,26.0,0.07692307692307693,0.4358974358974359,0.6615384615384616,0.3384615384615384,0.8461538461538461
40,"[4,10,26,35,37,30,20,29,13,8,16,23,19,7,6,15,9,0,5,1,3,11,21,12,2,14,25,18,17,22,24,39,32,38,36,34,33,27,31,28]","4,10,26,35,37,30,20,29,13,8,16,23,19,7,6,15,9,0,5,1,3,11,21,12,2,14,25,18,17,22,24,39,32,38,36,34,33,27,31,28",6bc901ec2b237781,E:\Projects\RL-LAM-ScanOpt\outputs\stage3_ppo_rl_lam_fea_addendum_v02_targeted_N24_N40\ppo_training_v02\checkpoints\N40_seed20260624_maskable_ppo_v02.zip,20260624,24261002,stochastic,0.26686904342722984,0.4035586589339452,0.08859134036376765,0.3592629887520614,False,35,38.59345794392523,PPO_v02_checkpoint_inference,False,False,6.871794871794871,16.0,0.07692307692307693,0.46153846153846156,0.5282051282051281,0.4717948717948718,0.8461538461538461
40,"[21,35,29,13,30,37,26,23,7,3,5,19,8,10,9,6,1,0,4,11,2,14,12,17,18,20,22,25,24,15,16,27,28,32,36,39,38,34,33,31]","21,35,29,13,30,37,26,23,7,3,5,19,8,10,9,6,1,0,4,11,2,14,12,17,18,20,22,25,24,15,16,27,28,32,36,39,38,34,33,31",35a0fd6994bba96d,E:\Projects\RL-LAM-ScanOpt\outputs\stage3_ppo_rl_lam_fea_addendum_v02_targeted_N24_N40\ppo_training_v02\checkpoints\N40_seed20260624_maskable_ppo_v02.zip,20260624,24261003,stochastic,0.2808125097809073,0.4009556198111798,0.07718130639082438,0.36236496661576756,False,35,39.62149532710281,PPO_v02_checkpoint_inference,False,False,5.6923076923076925,17.0,0.20512820512820512,0.5641025641025641,0.5128205128205128,0.4871794871794871,0.8717948717948718
40,"[13,37,23,11,7,8,35,19,29,17,26,4,3,2,0,21,30,10,14,6,5,1,9,12,18,16,22,36,20,39,33,25,15,24,34,38,32,27,31,28]","13,37,23,11,7,8,35,19,29,17,26,4,3,2,0,21,30,10,14,6,5,1,9,12,18,16,22,36,20,39,33,25,15,24,34,38,32,27,31,28",dc7dc4c0bca883f6,E:\Projects\RL-LAM-ScanOpt\outputs\stage3_ppo_rl_lam_fea_addendum_v02_targeted_N24_N40\ppo_training_v02\checkpoints\N40_seed20260624_maskable_ppo_v02.zip,20260624,24261004,stochastic,0.2141396224569641,0.23681369930748555,0.018275818353261638,0.22767579013085473,False,35,39.046728971962615,PPO_v02_checkpoint_inference,False,False,9.256410256410257,27.0,0.10256410256410256,0.3333333333333333,0.4512820512820513,0.5487179487179488,0.7692307692307693
40,"[11,13,5,10,37,29,35,26,8,2,1,6,3,30,23,25,19,17,4,7,12,0,9,18,28,14,22,16,21,20,24,15,34,33,38,32,39,36,27,31]","11,13,5,10,37,29,35,26,8,2,1,6,3,30,23,25,19,17,4,7,12,0,9,18,28,14,22,16,21,20,24,15,34,33,38,32,39,36,27,31",7690ce5653e74fc9,E:\Projects\RL-LAM-ScanOpt\outputs\stage3_ppo_rl_lam_fea_addendum_v02_targeted_N24_N40\ppo_training_v02\checkpoints\N40_seed20260624_maskable_ppo_v02.zip,20260624,24261005,stochastic,0.2355127249608763,0.39794455144216706,0.1037804715871386,0.3460543156485978,False,36,39.098130841121495,PPO_v02_checkpoint_inference,False,False,7.794871794871795,27.0,0.07692307692307693,0.5641025641025641,0.6,0.4,0.8974358974358975
40,"[13,29,35,20,23,16,30,37,26,8,11,14,6,1,3,0,12,5,10,4,7,2,9,17,28,25,22,24,19,18,15,33,21,34,38,32,36,39,27,31]","13,29,35,20,23,16,30,37,26,8,11,14,6,1,3,0,12,5,10,4,7,2,9,17,28,25,22,24,19,18,15,33,21,34,38,32,36,39,27,31",9b51d1327593c02c,E:\Projects\RL-LAM-ScanOpt\outputs\stage3_ppo_rl_lam_fea_addendum_v02_targeted_N24_N40\ppo_training_v02\checkpoints\N40_seed20260624_maskable_ppo_v02.zip,20260624,24261006,stochastic,0.2516056435837244,0.3923447656618516,0.09124061949452741,0.3467244559145879,False,35,39.504672897196265,PPO_v02_checkpoint_inference,False,False,7.128205128205129,18.0,0.02564102564102564,0.5641025641025641,0.43589743589743596,0.5641025641025641,0.7435897435897436
40,"[35,37,29,13,6,23,30,2,8,5,14,26,19,11,9,3,0,7,1,24,16,12,20,4,10,22,17,21,15,18,25,33,28,32,38,36,34,39,31,27]","35,37,29,13,6,23,30,2,8,5,14,26,19,11,9,3,0,7,1,24,16,12,20,4,10,22,17,21,15,18,25,33,28,32,38,36,34,39,31,27",a606eaebb21af514,E:\Projects\RL-LAM-ScanOpt\outputs\stage3_ppo_rl_lam_fea_addendum_v02_targeted_N24_N40\ppo_training_v02\checkpoints\N40_seed20260624_maskable_ppo_v02.zip,20260624,24261007,stochastic,0.24701886737089201,0.4031766612247858,0.10163122407846639,0.3523610491855526,False,36,39.13084112149533,PPO_v02_checkpoint_inference,False,False,7.6923076923076925,28.0,0.0,0.358974358974359,0.6153846153846153,0.3846153846153846,0.8974358974358975
40,"[35,19,30,29,23,26,37,13,8,17,20,11,5,2,0,3,1,9,6,4,12,7,14,15,22,18,10,16,21,25,32,38,39,36,34,24,33,28,27,31]","35,19,30,29,23,26,37,13,8,17,20,11,5,2,0,3,1,9,6,4,12,7,14,15,22,18,10,16,21,25,32,38,39,36,34,24,33,28,27,31",f7f76142a99fdfd2,E:\Projects\RL-LAM-ScanOpt\outputs\stage3_ppo_rl_lam_fea_addendum_v02_targeted_N24_N40\ppo_training_v02\checkpoints\N40_seed20260624_maskable_ppo_v02.zip,20260624,24261008,stochastic,0.30663083920187767,0.45366485652993394,0.10050864011899277,0.40341053647043756,False,35,38.46261682242991,PPO_v02_checkpoint_inference,False,False,5.897435897435898,24.0,0.10256410256410256,0.5641025641025641,0.4307692307692307,0.5692307692307693,0.7435897435897436
40,"[16,35,37,26,25,29,1,13,5,17,2,12,8,11,7,6,3,0,30,20,23,14,9,10,4,19,18,22,15,28,21,39,36,32,33,38,34,24,27,31]","16,35,37,26,25,29,1,13,5,17,2,12,8,11,7,6,3,0,30,20,23,14,9,10,4,19,18,22,15,28,21,39,36,32,33,38,34,24,27,31",ce9a36e9f80f91c7,E:\Projects\RL-LAM-ScanOpt\outputs\stage3_ppo_rl_lam_fea_addendum_v02_targeted_N24_N40\ppo_training_v02\checkpoints\N40_seed20260624_maskable_ppo_v02.zip,20260624,24261009,stochastic,0.23080705203442867,0.38169446514222527,0.09817488753569567,0.3326070213743774,False,36,38.6588785046729,PPO_v02_checkpoint_inference,False,False,7.769230769230769,30.0,0.1282051282051282,0.5384615384615384,0.5128205128205128,0.4871794871794872,0.9230769230769231
40,"[17,35,5,13,23,29,19,7,11,20,37,26,8,3,1,6,4,14,2,0,9,15,12,22,30,25,32,18,16,10,24,21,34,38,36,27,33,28,39,31]","17,35,5,13,23,29,19,7,11,20,37,26,8,3,1,6,4,14,2,0,9,15,12,22,30,25,32,18,16,10,24,21,34,38,36,27,33,28,39,31",66686bc0f9783c69,E:\Projects\RL-LAM-ScanOpt\outputs\stage3_ppo_rl_lam_fea_addendum_v02_targeted_N24_N40\ppo_training_v02\checkpoints\N40_seed20260624_maskable_ppo_v02.zip,20260624,24261010,stochastic,0.2386417644757433,0.40676105847231925,0.10677139313947305,0.35337536190258273,False,35,38.5607476635514,PPO_v02_checkpoint_inference,False,False,8.615384615384615,30.0,0.0,0.358974358974359,0.37948717948717947,0.6205128205128204,0.7692307692307693
40,"[23,26,24,13,37,30,35,29,20,6,8,7,5,9,17,4,3,1,0,11,2,18,19,39,22,16,12,25,15,14,10,21,28,34,36,38,33,31,32,27]","23,26,24,13,37,30,35,29,20,6,8,7,5,9,17,4,3,1,0,11,2,18,19,39,22,16,12,25,15,14,10,21,28,34,36,38,33,31,32,27",b7a163a13a98eb4f,E:\Projects\RL-LAM-ScanOpt\outputs\stage3_ppo_rl_lam_fea_addendum_v02_targeted_N24_N40\ppo_training_v02\checkpoints\N40_seed20260624_maskable_ppo_v02.zip,20260624,24261011,stochastic,0.22901861306729263,0.24693226499511622,0.023127474671332027,0.2353685276594502,False,36,39.046728971962615,PPO_v02_checkpoint_inference,False,False,6.871794871794871,24.0,0.15384615384615385,0.5128205128205128,0.4512820512820513,0.5487179487179488,0.7948717948717948
40,"[13,10,7,22,35,30,26,29,23,37,19,17,8,5,11,6,3,14,12,15,4,2,9,0,1,24,18,16,21,20,25,33,39,36,32,34,28,38,31,27]","13,10,7,22,35,30,26,29,23,37,19,17,8,5,11,6,3,14,12,15,4,2,9,0,1,24,18,16,21,20,25,33,39,36,32,34,28,38,31,27",12057c8b55ff2667,E:\Projects\RL-LAM-ScanOpt\outputs\stage3_ppo_rl_lam_fea_addendum_v02_targeted_N24_N40\ppo_training_v02\checkpoints\N40_seed20260624_maskable_ppo_v02.zip,20260624,24261012,stochastic,0.2743828834115803,0.37270377098525564,0.05875554748104593,0.3433259972447327,False,36,39.570093457943926,PPO_v02_checkpoint_inference,False,False,6.410256410256411,23.0,0.05128205128205128,0.5641025641025641,0.482051282051282,0.5179487179487179,0.7692307692307693
40,"[11,9,37,30,29,35,26,23,13,14,17,2,7,8,1,5,12,6,3,0,4,19,20,21,24,15,25,16,10,22,18,34,39,36,32,27,38,33,28,31]","11,9,37,30,29,35,26,23,13,14,17,2,7,8,1,5,12,6,3,0,4,19,20,21,24,15,25,16,10,22,18,34,39,36,32,27,38,33,28,31",60f1e62d45a4663d,E:\Projects\RL-LAM-ScanOpt\outputs\stage3_ppo_rl_lam_fea_addendum_v02_targeted_N24_N40\ppo_training_v02\checkpoints\N40_seed20260624_maskable_ppo_v02.zip,20260624,24261013,stochastic,0.25730846048513273,0.4129888714415736,0.09713986463657305,0.36441893912328704,False,36,39.52803738317757,PPO_v02_checkpoint_inference,False,False,6.461538461538462,28.0,0.1282051282051282,0.6666666666666666,0.48205128205128195,0.517948717948718,0.717948717948718
40,"[37,8,16,13,4,5,29,35,30,23,26,9,3,1,6,7,14,17,11,0,12,19,18,2,15,10,20,24,21,22,25,38,34,39,33,36,27,32,31,28]","37,8,16,13,4,5,29,35,30,23,26,9,3,1,6,7,14,17,11,0,12,19,18,2,15,10,20,24,21,22,25,38,34,39,33,36,27,32,31,28",73bb613765e36778,E:\Projects\RL-LAM-ScanOpt\outputs\stage3_ppo_rl_lam_fea_addendum_v02_targeted_N24_N40\ppo_training_v02\checkpoints\N40_seed20260624_maskable_ppo_v02.zip,20260624,24261014,stochastic,0.24688993544600926,0.3956495087492047,0.09209458224225371,0.3496022176280778,False,37,39.574766355140184,PPO_v02_checkpoint_inference,False,False,7.102564102564102,29.0,0.1282051282051282,0.6923076923076923,0.5538461538461539,0.4461538461538462,0.8461538461538461
40,"[7,23,35,29,37,30,4,3,13,1,9,6,5,19,26,8,11,2,17,10,14,12,0,15,20,16,18,24,25,22,34,39,21,28,36,38,32,31,27,33]","7,23,35,29,37,30,4,3,13,1,9,6,5,19,26,8,11,2,17,10,14,12,0,15,20,16,18,24,25,22,34,39,21,28,36,38,32,31,27,33",45cb827781da5024,E:\Projects\RL-LAM-ScanOpt\outputs\stage3_ppo_rl_lam_fea_addendum_v02_targeted_N24_N40\ppo_training_v02\checkpoints\N40_seed20260624_maskable_ppo_v02.zip,20260624,24261015,stochastic,0.24633419405320786,0.40858935682890246,0.10690925582250643,0.35513472891764924,False,36,39.504672897196265,PPO_v02_checkpoint_inference,False,False,7.846153846153846,26.0,0.10256410256410256,0.41025641025641024,0.6461538461538461,0.3538461538461538,0.9230769230769231
40,"[29,13,24,35,30,20,37,16,23,6,5,3,4,9,8,7,2,14,19,26,0,1,12,11,17,22,18,21,15,10,28,32,36,25,39,34,38,31,33,27]","29,13,24,35,30,20,37,16,23,6,5,3,4,9,8,7,2,14,19,26,0,1,12,11,17,22,18,21,15,10,28,32,36,25,39,34,38,31,33,27",76ab86798422ae4f,E:\Projects\RL-LAM-ScanOpt\outputs\stage3_ppo_rl_lam_fea_addendum_v02_targeted_N24_N40\ppo_training_v02\checkpoints\N40_seed20260624_maskable_ppo_v02.zip,20260624,24261016,stochastic,0.22306863262910795,0.39195859906717534,0.10717777045688061,0.33836971383873504,False,36,39.481308411214954,PPO_v02_checkpoint_inference,False,False,7.641025641025641,26.0,0.15384615384615385,0.6153846153846154,0.43589743589743585,0.5641025641025641,0.7948717948717948
40,"[29,37,30,35,20,13,17,4,8,3,21,26,19,23,0,1,12,2,7,11,15,18,6,22,9,5,10,14,16,24,25,36,34,33,32,38,39,27,28,31]","29,37,30,35,20,13,17,4,8,3,21,26,19,23,0,1,12,2,7,11,15,18,6,22,9,5,10,14,16,24,25,36,34,33,32,38,39,27,28,31",4de756b7eb8df81b,E:\Projects\RL-LAM-ScanOpt\outputs\stage3_ppo_rl_lam_fea_addendum_v02_targeted_N24_N40\ppo_training_v02\checkpoints\N40_seed20260624_maskable_ppo_v02.zip,20260624,24261017,stochastic,0.24264470852895134,0.402543098780115,0.10105204433388239,0.35201707661317383,False,36,39.43457943925234,PPO_v02_checkpoint_inference,False,False,6.82051282051282,23.0,0.15384615384615385,0.5641025641025641,0.5435897435897435,0.45641025641025645,0.8717948717948718
40,"[35,29,20,37,5,13,23,26,19,30,2,7,17,11,8,6,1,0,3,9,4,18,24,21,12,14,10,15,22,25,34,16,33,36,38,28,39,27,32,31]","35,29,20,37,5,13,23,26,19,30,2,7,17,11,8,6,1,0,3,9,4,18,24,21,12,14,10,15,22,25,34,16,33,36,38,28,39,27,32,31",8c6a4493271a18fb,E:\Projects\RL-LAM-ScanOpt\outputs\stage3_ppo_rl_lam_fea_addendum_v02_targeted_N24_N40\ppo_training_v02\checkpoints\N40_seed20260624_maskable_ppo_v02.zip,20260624,24261018,stochastic,0.21563199334898275,0.39914687545806493,0.11301571961849592,0.342639015648817,False,35,39.52803738317757,PPO_v02_checkpoint_inference,False,False,8.153846153846153,32.0,0.05128205128205128,0.5641025641025641,0.43589743589743585,0.5641025641025641,0.8205128205128205
40,"[37,26,35,30,16,13,7,8,23,29,5,11,3,6,2,1,17,12,9,22,10,0,15,4,14,19,18,21,20,34,25,36,39,24,38,33,32,31,27,28]","37,26,35,30,16,13,7,8,23,29,5,11,3,6,2,1,17,12,9,22,10,0,15,4,14,19,18,21,20,34,25,36,39,24,38,33,32,31,27,28",18ed335f360b7c50,E:\Projects\RL-LAM-ScanOpt\outputs\stage3_ppo_rl_lam_fea_addendum_v02_targeted_N24_N40\ppo_training_v02\checkpoints\N40_seed20260624_maskable_ppo_v02.zip,20260624,24261019,stochastic,0.22869295774647888,0.39192728223247353,0.1033353013737396,0.34025963154560374,False,37,39.44392523364486,PPO_v02_checkpoint_inference,False,False,7.666666666666667,24.0,0.1794871794871795,0.6410256410256411,0.49743589743589745,0.5025641025641026,0.7692307692307693
40,"[26,37,35,29,30,13,8,11,5,3,6,0,7,9,23,34,2,1,12,4,16,19,18,17,14,10,25,15,22,20,39,36,21,24,28,33,38,27,32,31]","26,37,35,29,30,13,8,11,5,3,6,0,7,9,23,34,2,1,12,4,16,19,18,17,14,10,25,15,22,20,39,36,21,24,28,33,38,27,32,31",cfdb72b32708f4f3,E:\Projects\RL-LAM-ScanOpt\outputs\stage3_ppo_rl_lam_fea_addendum_v02_targeted_N24_N40\ppo_training_v02\checkpoints\N40_seed20260624_maskable_ppo_v02.zip,20260624,24261020,stochastic,0.242939289906103,0.39251506396149716,0.09318010957964755,0.3459250091716734,False,36,39.481308411214954,PPO_v02_checkpoint_inference,False,False,7.102564102564102,32.0,0.1282051282051282,0.6410256410256411,0.6,0.39999999999999997,0.8717948717948718
40,"[5,16,13,8,19,37,35,26,29,30,9,23,3,12,7,6,4,0,2,11,1,22,18,20,17,14,32,25,15,21,10,24,27,33,36,38,34,39,28,31]","5,16,13,8,19,37,35,26,29,30,9,23,3,12,7,6,4,0,2,11,1,22,18,20,17,14,32,25,15,21,10,24,27,33,36,38,34,39,28,31",64481f309b9a4560,E:\Projects\RL-LAM-ScanOpt\outputs\stage3_ppo_rl_lam_fea_addendum_v02_targeted_N24_N40\ppo_training_v02\checkpoints\N40_seed20260624_maskable_ppo_v02.zip,20260624,24261021,stochastic,0.2418136834898278,0.3814308110863216,0.0868778065284198,0.3379919078221117,False,36,39.52803738317757,PPO_v02_checkpoint_inference,False,False,7.589743589743589,21.0,0.05128205128205128,0.5641025641025641,0.4923076923076922,0.5076923076923077,0.8205128205128205
40,"[26,11,29,30,35,19,37,7,6,3,12,13,23,32,25,8,9,16,4,1,22,20,24,21,15,14,0,2,17,18,5,10,28,38,36,34,39,33,31,27]","26,11,29,30,35,19,37,7,6,3,12,13,23,32,25,8,9,16,4,1,22,20,24,21,15,14,0,2,17,18,5,10,28,38,36,34,39,33,31,27",a749db6e70e5acee,E:\Projects\RL-LAM-ScanOpt\outputs\stage3_ppo_rl_lam_fea_addendum_v02_targeted_N24_N40\ppo_training_v02\checkpoints\N40_seed20260624_maskable_ppo_v02.zip,20260624,24261022,stochastic,0.181935641627543,0.21450063916726386,0.03055419455859321,0.19922354188796726,False,34,39.32710280373832,PPO_v02_checkpoint_inference,False,False,8.179487179487179,30.0,0.15384615384615385,0.5384615384615384,0.5692307692307692,0.43076923076923085,0.8717948717948718
40,"[13,5,30,35,23,4,17,16,29,20,37,26,8,11,21,24,0,3,6,1,12,7,2,9,10,18,14,19,15,22,25,28,36,32,34,38,39,33,27,31]","13,5,30,35,23,4,17,16,29,20,37,26,8,11,21,24,0,3,6,1,12,7,2,9,10,18,14,19,15,22,25,28,36,32,34,38,39,33,27,31",986e9a0747552237,E:\Projects\RL-LAM-ScanOpt\outputs\stage3_ppo_rl_lam_fea_addendum_v02_targeted_N24_N40\ppo_training_v02\checkpoints\N40_seed20260624_maskable_ppo_v02.zip,20260624,24261023,stochastic,0.22971743935837233,0.392208455110145,0.10051655628966186,0.3419501769653141,False,37,39.191588785046726,PPO_v02_checkpoint_inference,False,False,7.6923076923076925,25.0,0.07692307692307693,0.6153846153846154,0.42051282051282046,0.5794871794871795,0.7948717948717948
40,"[30,23,29,13,37,35,26,25,8,11,1,2,7,16,4,3,6,12,0,17,9,5,18,14,10,15,19,22,20,21,34,33,32,39,27,36,38,28,31,24]","30,23,29,13,37,35,26,25,8,11,1,2,7,16,4,3,6,12,0,17,9,5,18,14,10,15,19,22,20,21,34,33,32,39,27,36,38,28,31,24",4076bc7e25eea963,E:\Projects\RL-LAM-ScanOpt\outputs\stage3_ppo_rl_lam_fea_addendum_v02_targeted_N24_N40\ppo_training_v02\checkpoints\N40_seed20260624_maskable_ppo_v02.zip,20260624,24261024,stochastic,0.25502964593114225,0.39623694710408786,0.08799344845914699,0.35224022287451434,False,36,39.16822429906542,PPO_v02_checkpoint_inference,False,False,7.0256410256410255,24.0,0.15384615384615385,0.5641025641025641,0.4871794871794871,0.5128205128205128,0.7435897435897436
40,"[37,29,35,23,10,13,8,4,20,2,5,3,26,9,15,17,0,7,12,6,11,1,14,16,18,19,30,25,22,33,32,36,24,21,28,39,38,34,27,31]","37,29,35,23,10,13,8,4,20,2,5,3,26,9,15,17,0,7,12,6,11,1,14,16,18,19,30,25,22,33,32,36,24,21,28,39,38,34,27,31",edf73b4244e1f469,E:\Projects\RL-LAM-ScanOpt\outputs\stage3_ppo_rl_lam_fea_addendum_v02_targeted_N24_N40\ppo_training_v02\checkpoints\N40_seed20260624_maskable_ppo_v02.zip,20260624,24261025,stochastic,0.24590534037558678,0.38498775373002864,0.09137213524226694,0.33930168610889516,False,36,39.13084112149533,PPO_v02_checkpoint_inference,False,False,7.435897435897436,23.0,0.07692307692307693,0.5641025641025641,0.5487179487179488,0.4512820512820512,0.8974358974358975
40,"[13,17,35,29,8,26,30,37,23,20,25,18,4,21,11,7,6,9,0,1,12,5,3,14,15,2,10,28,19,24,22,16,27,38,39,34,36,33,32,31]","13,17,35,29,8,26,30,37,23,20,25,18,4,21,11,7,6,9,0,1,12,5,3,14,15,2,10,28,19,24,22,16,27,38,39,34,36,33,32,31",cd7bf1a710b42887,E:\Projects\RL-LAM-ScanOpt\outputs\stage3_ppo_rl_lam_fea_addendum_v02_targeted_N24_N40\ppo_training_v02\checkpoints\N40_seed20260624_maskable_ppo_v02.zip,20260624,24261026,stochastic,0.22000709115805958,0.37509959147330146,0.09693458264160679,0.32663230015249806,False,36,39.43457943925234,PPO_v02_checkpoint_inference,False,False,7.538461538461538,21.0,0.15384615384615385,0.6153846153846154,0.43076923076923074,0.5692307692307692,0.7435897435897436
40,"[12,37,35,11,19,23,30,29,26,8,13,5,3,2,7,1,6,0,9,17,25,14,4,22,20,18,16,10,15,24,21,28,36,39,32,38,33,34,27,31]","12,37,35,11,19,23,30,29,26,8,13,5,3,2,7,1,6,0,9,17,25,14,4,22,20,18,16,10,15,24,21,28,36,39,32,38,33,34,27,31",1a6d1e734225568b,E:\Projects\RL-LAM-ScanOpt\outputs\stage3_ppo_rl_lam_fea_addendum_v02_targeted_N24_N40\ppo_training_v02\checkpoints\N40_seed20260624_maskable_ppo_v02.zip,20260624,24261027,stochastic,0.2556212636932705,0.4154199009124507,0.10268736752050743,0.36407621715219696,False,36,38.52803738317757,PPO_v02_checkpoint_inference,False,False,6.948717948717949,25.0,0.07692307692307693,0.48717948717948717,0.4666666666666666,0.5333333333333334,0.7435897435897436
40,"[13,6,17,29,35,37,12,30,26,23,3,8,2,0,9,11,1,22,19,4,5,7,10,16,18,24,20,21,14,15,25,28,38,34,39,32,36,33,27,31]","13,6,17,29,35,37,12,30,26,23,3,8,2,0,9,11,1,22,19,4,5,7,10,16,18,24,20,21,14,15,25,28,38,34,39,32,36,33,27,31",c57ec35c8a2b75ba,E:\Projects\RL-LAM-ScanOpt\outputs\stage3_ppo_rl_lam_fea_addendum_v02_targeted_N24_N40\ppo_training_v02\checkpoints\N40_seed20260624_maskable_ppo_v02.zip,20260624,24261028,stochastic,0.24886977699530502,0.39779491766334263,0.09248539400344936,0.35155222066161795,False,37,39.33644859813084,PPO_v02_checkpoint_inference,False,False,6.923076923076923,25.0,0.07692307692307693,0.46153846153846156,0.4769230769230769,0.5230769230769231,0.7948717948717948
40,"[23,13,29,35,2,12,3,8,37,11,0,4,17,30,25,5,1,7,6,16,9,14,10,26,32,19,18,20,15,22,33,24,34,38,36,21,28,39,31,27]","23,13,29,35,2,12,3,8,37,11,0,4,17,30,25,5,1,7,6,16,9,14,10,26,32,19,18,20,15,22,33,24,34,38,36,21,28,39,31,27",5ce13ba4193a8b61,E:\Projects\RL-LAM-ScanOpt\outputs\stage3_ppo_rl_lam_fea_addendum_v02_targeted_N24_N40\ppo_training_v02\checkpoints\N40_seed20260624_maskable_ppo_v02.zip,20260624,24261029,stochastic,0.2114728677621283,0.37242954479341106,0.10009702473327757,0.3223810324267723,False,35,39.41588785046729,PPO_v02_checkpoint_inference,False,False,9.692307692307692,33.0,0.05128205128205128,0.5128205128205128,0.5846153846153846,0.4153846153846154,0.8974358974358975
40,"[37,29,13,24,30,35,3,6,12,26,19,8,23,9,1,5,7,0,2,17,11,10,16,15,4,14,18,22,20,21,33,25,32,28,36,34,38,27,39,31]","37,29,13,24,30,35,3,6,12,26,19,8,23,9,1,5,7,0,2,17,11,10,16,15,4,14,18,22,20,21,33,25,32,28,36,34,38,27,39,31",8b872d016f0d3e0f,E:\Projects\RL-LAM-ScanOpt\outputs\stage3_ppo_rl_lam_fea_addendum_v02_targeted_N24_N40\ppo_training_v02\checkpoints\N40_seed20260624_maskable_ppo_v02.zip,20260624,24261030,stochastic,0.23801061228482007,0.39642452122436783,0.10057048134486725,0.3461392805519342,False,35,39.401869158878505,PPO_v02_checkpoint_inference,False,False,7.897435897435898,32.0,0.07692307692307693,0.358974358974359,0.5538461538461539,0.4461538461538462,0.8717948717948718
40,"[29,35,25,37,30,9,2,13,8,10,3,5,17,19,26,1,7,11,23,16,12,15,6,0,4,20,18,14,24,22,21,28,38,32,34,36,39,33,27,31]","29,35,25,37,30,9,2,13,8,10,3,5,17,19,26,1,7,11,23,16,12,15,6,0,4,20,18,14,24,22,21,28,38,32,34,36,39,33,27,31",0508f96dd9110281,E:\Projects\RL-LAM-ScanOpt\outputs\stage3_ppo_rl_lam_fea_addendum_v02_targeted_N24_N40\ppo_training_v02\checkpoints\N40_seed20260624_maskable_ppo_v02.zip,20260624,24261031,stochastic,0.26539845461658823,0.3795658746044631,0.07333033190505793,0.34290070865193417,False,36,38.94392523364486,PPO_v02_checkpoint_inference,False,False,6.9743589743589745,25.0,0.02564102564102564,0.358974358974359,0.5846153846153845,0.41538461538461535,0.8974358974358975
40,"[8,26,35,37,20,29,30,4,25,23,5,13,14,10,17,24,18,3,7,11,6,1,12,0,2,9,15,16,19,21,22,33,39,32,38,36,34,27,28,31]","8,26,35,37,20,29,30,4,25,23,5,13,14,10,17,24,18,3,7,11,6,1,12,0,2,9,15,16,19,21,22,33,39,32,38,36,34,27,28,31",8bf9d2b9a8b20295,E:\Projects\RL-LAM-ScanOpt\outputs\stage3_ppo_rl_lam_fea_addendum_v02_targeted_N24_N40\ppo_training_v02\checkpoints\N40_seed20260624_maskable_ppo_v02.zip,20260624,24261032,stochastic,0.23875494913927986,0.3727881988201583,0.08269211937632,0.33144213913199827,False,35,39.39719626168224,PPO_v02_checkpoint_inference,False,False,7.153846153846154,26.0,0.1282051282051282,0.5384615384615384,0.49230769230769234,0.5076923076923077,0.8461538461538461
40,"[6,13,11,4,1,7,3,23,8,9,0,5,14,15,29,37,35,30,12,2,26,20,16,21,22,18,10,17,24,25,19,33,34,39,38,36,31,32,27,28]","6,13,11,4,1,7,3,23,8,9,0,5,14,15,29,37,35,30,12,2,26,20,16,21,22,18,10,17,24,25,19,33,34,39,38,36,31,32,27,28",d9d46efa5f58bcaf,E:\Projects\RL-LAM-ScanOpt\outputs\stage3_ppo_rl_lam_fea_addendum_v02_targeted_N24_N40\ppo_training_v02\checkpoints\N40_seed20260624_maskable_ppo_v02.zip,20260624,24261033,stochastic,0.24582514671361477,0.37743412166552726,0.08722934439533388,0.3338194494678603,False,37,39.5,PPO_v02_checkpoint_inference,False,False,6.512820512820513,24.0,0.20512820512820512,0.5641025641025641,0.6,0.4,0.5641025641025641
40,"[35,37,26,11,4,6,21,7,0,13,8,1,3,12,5,9,29,18,10,24,17,14,30,19,2,16,23,15,22,20,25,28,33,27,32,39,38,34,36,31]","35,37,26,11,4,6,21,7,0,13,8,1,3,12,5,9,29,18,10,24,17,14,30,19,2,16,23,15,22,20,25,28,33,27,32,39,38,34,36,31",a8e99b176f44ae41,E:\Projects\RL-LAM-ScanOpt\outputs\stage3_ppo_rl_lam_fea_addendum_v02_targeted_N24_N40\ppo_training_v02\checkpoints\N40_seed20260624_maskable_ppo_v02.zip,20260624,24261034,stochastic,0.2105854166666665,0.36475311235795715,0.09934573923224696,0.31508024274183366,False,36,39.01401869158879,PPO_v02_checkpoint_inference,False,False,7.897435897435898,20.0,0.02564102564102564,0.6153846153846154,0.6,0.4,0.9487179487179487
40,"[23,13,30,4,35,29,37,20,3,11,9,14,1,17,8,7,5,0,2,6,18,12,19,26,24,16,25,22,15,10,21,33,36,32,39,34,27,38,31,28]","23,13,30,4,35,29,37,20,3,11,9,14,1,17,8,7,5,0,2,6,18,12,19,26,24,16,25,22,15,10,21,33,36,32,39,34,27,38,31,28",6fbecc9728091bef,E:\Projects\RL-LAM-ScanOpt\outputs\stage3_ppo_rl_lam_fea_addendum_v02_targeted_N24_N40\ppo_training_v02\checkpoints\N40_seed20260624_maskable_ppo_v02.zip,20260624,24261035,stochastic,0.22081258802816894,0.4035478129072913,0.11618091974679666,0.34545735303389297,False,37,38.74766355140187,PPO_v02_checkpoint_inference,False,False,8.58974358974359,31.0,0.02564102564102564,0.5897435897435898,0.5333333333333333,0.4666666666666667,0.8717948717948718
40,"[8,13,29,37,35,23,30,19,26,20,14,24,9,1,11,7,4,3,2,6,0,12,5,17,16,15,18,10,21,22,25,28,32,38,39,36,34,31,33,27]","8,13,29,37,35,23,30,19,26,20,14,24,9,1,11,7,4,3,2,6,0,12,5,17,16,15,18,10,21,22,25,28,32,38,39,36,34,31,33,27",e7b9cfd60ce25da1,E:\Projects\RL-LAM-ScanOpt\outputs\stage3_ppo_rl_lam_fea_addendum_v02_targeted_N24_N40\ppo_training_v02\checkpoints\N40_seed20260624_maskable_ppo_v02.zip,20260624,24261036,stochastic,0.30922075508607155,0.4487228259825956,0.09180708811871081,0.4028192819232402,False,36,39.48598130841121,PPO_v02_checkpoint_inference,False,False,5.923076923076923,16.0,0.15384615384615385,0.48717948717948717,0.42051282051282046,0.5794871794871794,0.7435897435897436
40,"[37,29,23,13,16,4,11,30,35,25,1,7,9,2,17,14,3,8,6,0,12,19,15,10,5,18,22,20,26,21,33,39,34,36,38,32,24,28,31,27]","37,29,23,13,16,4,11,30,35,25,1,7,9,2,17,14,3,8,6,0,12,19,15,10,5,18,22,20,26,21,33,39,34,36,38,32,24,28,31,27",e7a7bce2a1f69b48,E:\Projects\RL-LAM-ScanOpt\outputs\stage3_ppo_rl_lam_fea_addendum_v02_targeted_N24_N40\ppo_training_v02\checkpoints\N40_seed20260624_maskable_ppo_v02.zip,20260624,24261037,stochastic,0.2697171459311423,0.41100339518432333,0.09506168933347119,0.36347255051758776,False,34,39.47196261682243,PPO_v02_checkpoint_inference,False,False,7.076923076923077,24.0,0.0,0.41025641025641024,0.4923076923076922,0.5076923076923077,0.8461538461538461
40,"[37,35,8,19,13,29,30,11,1,6,7,2,32,26,10,18,15,23,16,0,9,3,5,24,12,14,4,17,22,20,21,34,25,38,39,36,33,27,31,28]","37,35,8,19,13,29,30,11,1,6,7,2,32,26,10,18,15,23,16,0,9,3,5,24,12,14,4,17,22,20,21,34,25,38,39,36,33,27,31,28",1b372d3b610b63ef,E:\Projects\RL-LAM-ScanOpt\outputs\stage3_ppo_rl_lam_fea_addendum_v02_targeted_N24_N40\ppo_training_v02\checkpoints\N40_seed20260624_maskable_ppo_v02.zip,20260624,24261038,stochastic,0.2250669111893583,0.3512369328234644,0.07794497641431289,0.312264444616308,False,34,37.626168224299064,PPO_v02_checkpoint_inference,False,False,8.538461538461538,30.0,0.10256410256410256,0.5384615384615384,0.5743589743589743,0.42564102564102557,0.9230769230769231
40,"[30,20,29,26,37,23,35,18,13,11,7,1,19,0,3,6,14,10,9,2,4,12,8,17,5,15,16,22,21,25,24,33,34,36,38,39,32,27,28,31]","30,20,29,26,37,23,35,18,13,11,7,1,19,0,3,6,14,10,9,2,4,12,8,17,5,15,16,22,21,25,24,33,34,36,38,39,32,27,28,31",46c0eb602cfc4f97,E:\Projects\RL-LAM-ScanOpt\outputs\stage3_ppo_rl_lam_fea_addendum_v02_targeted_N24_N40\ppo_training_v02\checkpoints\N40_seed20260624_maskable_ppo_v02.zip,20260624,24261039,stochastic,0.2539565140845067,0.3953078529182566,0.0924303617124512,0.349092672062031,False,36,39.59345794392523,PPO_v02_checkpoint_inference,False,False,6.282051282051282,19.0,0.1794871794871795,0.5384615384615384,0.41025641025641024,0.5897435897435896,0.6666666666666666
40,"[13,11,6,8,18,37,23,29,30,35,20,7,3,33,19,4,17,26,10,1,5,16,9,12,2,0,14,22,15,21,25,39,38,34,32,24,36,31,27,28]","13,11,6,8,18,37,23,29,30,35,20,7,3,33,19,4,17,26,10,1,5,16,9,12,2,0,14,22,15,21,25,39,38,34,32,24,36,31,27,28",faece6de22774ace,E:\Projects\RL-LAM-ScanOpt\outputs\stage3_ppo_rl_lam_fea_addendum_v02_targeted_N24_N40\ppo_training_v02\checkpoints\N40_seed20260624_maskable_ppo_v02.zip,20260624,24261040,stochastic,0.217735260172144,0.3980396217955741,0.1158073936016055,0.34013592499477135,False,36,38.66822429906542,PPO_v02_checkpoint_inference,False,False,8.435897435897436,30.0,0.07692307692307693,0.4358974358974359,0.5025641025641026,0.49743589743589756,0.7948717948717948
40,"[30,29,35,10,13,1,7,17,23,37,19,3,11,4,6,8,5,16,24,26,20,15,2,0,12,22,18,25,9,14,21,33,34,39,36,38,32,27,31,28]","30,29,35,10,13,1,7,17,23,37,19,3,11,4,6,8,5,16,24,26,20,15,2,0,12,22,18,25,9,14,21,33,34,39,36,38,32,27,31,28",3c303c9b1faf322f,E:\Projects\RL-LAM-ScanOpt\outputs\stage3_ppo_rl_lam_fea_addendum_v02_targeted_N24_N40\ppo_training_v02\checkpoints\N40_seed20260624_maskable_ppo_v02.zip,20260624,24261041,stochastic,0.2592725449921753,0.4025759092734092,0.09674040182990808,0.35420570835845516,False,35,38.98598130841121,PPO_v02_checkpoint_inference,False,False,7.384615384615385,25.0,0.05128205128205128,0.41025641025641024,0.5435897435897437,0.4564102564102564,0.9230769230769231
40,"[35,29,23,13,16,0,11,8,30,37,26,1,19,17,5,7,6,12,2,3,9,14,18,4,10,15,22,24,20,21,28,25,32,38,34,36,39,27,33,31]","35,29,23,13,16,0,11,8,30,37,26,1,19,17,5,7,6,12,2,3,9,14,18,4,10,15,22,24,20,21,28,25,32,38,34,36,39,27,33,31",2833f33876911ddf,E:\Projects\RL-LAM-ScanOpt\outputs\stage3_ppo_rl_lam_fea_addendum_v02_targeted_N24_N40\ppo_training_v02\checkpoints\N40_seed20260624_maskable_ppo_v02.zip,20260624,24261042,stochastic,0.24903174882629084,0.39684969203430437,0.09277242943748516,0.35046347731556177,False,36,39.10747663551402,PPO_v02_checkpoint_inference,False,False,7.128205128205129,25.0,0.07692307692307693,0.41025641025641024,0.5435897435897437,0.4564102564102564,0.9487179487179487
40,"[35,37,29,25,23,30,11,13,3,8,5,6,7,1,2,19,10,17,4,12,0,15,16,21,24,26,20,14,9,22,18,34,33,39,38,36,32,27,31,28]","35,37,29,25,23,30,11,13,3,8,5,6,7,1,2,19,10,17,4,12,0,15,16,21,24,26,20,14,9,22,18,34,33,39,38,36,32,27,31,28",0fe2cba4d23bdb5f,E:\Projects\RL-LAM-ScanOpt\outputs\stage3_ppo_rl_lam_fea_addendum_v02_targeted_N24_N40\ppo_training_v02\checkpoints\N40_seed20260624_maskable_ppo_v02.zip,20260624,24261043,stochastic,0.27808057511737055,0.41695639155166053,0.09172807959844058,0.37109235175244026,False,35,39.46261682242991,PPO_v02_checkpoint_inference,False,False,6.128205128205129,19.0,0.15384615384615385,0.5384615384615384,0.5384615384615384,0.46153846153846156,0.8717948717948718
40,"[23,35,29,30,26,37,20,13,7,8,3,4,14,15,17,2,11,1,12,6,0,9,10,5,18,16,19,25,22,32,36,21,24,38,39,33,34,27,31,28]","23,35,29,30,26,37,20,13,7,8,3,4,14,15,17,2,11,1,12,6,0,9,10,5,18,16,19,25,22,32,36,21,24,38,39,33,34,27,31,28",71d204251b5c8c12,E:\Projects\RL-LAM-ScanOpt\outputs\stage3_ppo_rl_lam_fea_addendum_v02_targeted_N24_N40\ppo_training_v02\checkpoints\N40_seed20260624_maskable_ppo_v02.zip,20260624,24261044,stochastic,0.2694646420187789,0.42206820981123294,0.10414630435981198,0.36999505763132695,False,35,39.481308411214954,PPO_v02_checkpoint_inference,False,False,6.435897435897436,17.0,0.1794871794871795,0.5897435897435898,0.482051282051282,0.517948717948718,0.7692307692307693
40,"[37,23,29,5,6,3,17,13,11,7,4,35,26,8,9,1,12,16,20,10,27,30,19,15,2,0,14,18,22,21,24,33,25,28,38,36,34,39,32,31]","37,23,29,5,6,3,17,13,11,7,4,35,26,8,9,1,12,16,20,10,27,30,19,15,2,0,14,18,22,21,24,33,25,28,38,36,34,39,32,31",f59adc7b6b4e8501,E:\Projects\RL-LAM-ScanOpt\outputs\stage3_ppo_rl_lam_fea_addendum_v02_targeted_N24_N40\ppo_training_v02\checkpoints\N40_seed20260624_maskable_ppo_v02.zip,20260624,24261045,stochastic,0.2440361893583725,0.38434871756623495,0.09211690627386163,0.33829026442930415,False,35,38.995327102803735,PPO_v02_checkpoint_inference,False,False,7.538461538461538,31.0,0.10256410256410256,0.46153846153846156,0.5384615384615385,0.4615384615384615,0.8717948717948718
40,"[35,37,4,13,10,26,23,30,29,24,20,25,1,8,2,7,6,0,3,5,12,17,14,11,9,18,19,22,21,15,16,33,39,38,36,34,32,31,27,28]","35,37,4,13,10,26,23,30,29,24,20,25,1,8,2,7,6,0,3,5,12,17,14,11,9,18,19,22,21,15,16,33,39,38,36,34,32,31,27,28",7df40299c9f91d5d,E:\Projects\RL-LAM-ScanOpt\outputs\stage3_ppo_rl_lam_fea_addendum_v02_targeted_N24_N40\ppo_training_v02\checkpoints\N40_seed20260624_maskable_ppo_v02.zip,20260624,24261046,stochastic,0.2715793720657274,0.4087909382614905,0.0918178578181442,0.3628820093524184,False,35,38.728971962616825,PPO_v02_checkpoint_inference,False,False,5.615384615384615,33.0,0.20512820512820512,0.6410256410256411,0.5076923076923077,0.4923076923076922,0.8461538461538461
40,"[29,35,37,26,30,21,23,2,13,3,11,4,17,1,8,7,6,5,12,19,20,9,15,14,24,0,18,25,16,10,22,28,39,36,38,34,32,33,27,31]","29,35,37,26,30,21,23,2,13,3,11,4,17,1,8,7,6,5,12,19,20,9,15,14,24,0,18,25,16,10,22,28,39,36,38,34,32,33,27,31",510b8e53be6f5cb4,E:\Projects\RL-LAM-ScanOpt\outputs\stage3_ppo_rl_lam_fea_addendum_v02_targeted_N24_N40\ppo_training_v02\checkpoints\N40_seed20260624_maskable_ppo_v02.zip,20260624,24261047,stochastic,0.23024625391236295,0.404547499404633,0.10854392601947259,0.3502755363948967,False,35,39.345794392523366,PPO_v02_checkpoint_inference,False,False,7.384615384615385,24.0,0.15384615384615385,0.5128205128205128,0.5384615384615384,0.46153846153846156,0.8974358974358975
40,"[26,29,30,37,19,35,23,4,13,11,3,7,17,1,9,2,8,6,5,10,0,14,12,18,15,21,20,16,22,24,25,38,34,39,36,31,33,32,27,28]","26,29,30,37,19,35,23,4,13,11,3,7,17,1,9,2,8,6,5,10,0,14,12,18,15,21,20,16,22,24,25,38,34,39,36,31,33,32,27,28",1a94d5f90d2fa3ee,E:\Projects\RL-LAM-ScanOpt\outputs\stage3_ppo_rl_lam_fea_addendum_v02_targeted_N24_N40\ppo_training_v02\checkpoints\N40_seed20260624_maskable_ppo_v02.zip,20260624,24261048,stochastic,0.2684835582942094,0.41215871586132585,0.09133946574398874,0.36648898298933147,False,36,38.55607476635514,PPO_v02_checkpoint_inference,False,False,6.358974358974359,19.0,0.15384615384615385,0.46153846153846156,0.482051282051282,0.517948717948718,0.8461538461538461
40,"[23,37,13,9,8,30,16,11,7,10,17,6,5,1,3,2,29,35,26,21,0,12,4,18,20,19,15,14,24,22,25,36,38,32,34,39,27,33,31,28]","23,37,13,9,8,30,16,11,7,10,17,6,5,1,3,2,29,35,26,21,0,12,4,18,20,19,15,14,24,22,25,36,38,32,34,39,27,33,31,28",f75e96387f13088d,E:\Projects\RL-LAM-ScanOpt\outputs\stage3_ppo_rl_lam_fea_addendum_v02_targeted_N24_N40\ppo_training_v02\checkpoints\N40_seed20260624_maskable_ppo_v02.zip,20260624,24261049,stochastic,0.23123973982785603,0.37440390876826346,0.08800443750252948,0.3304016900169987,False,36,39.43457943925234,PPO_v02_checkpoint_inference,False,False,7.461538461538462,27.0,0.1282051282051282,0.4358974358974359,0.4820512820512821,0.5179487179487179,0.7692307692307693
40,"[35,13,23,29,37,19,30,11,5,3,6,9,8,7,10,26,18,17,1,12,4,0,2,15,16,14,22,21,33,20,24,25,34,38,36,27,32,39,28,31]","35,13,23,29,37,19,30,11,5,3,6,9,8,7,10,26,18,17,1,12,4,0,2,15,16,14,22,21,33,20,24,25,34,38,36,27,32,39,28,31",8bab821cf7b4a86c,E:\Projects\RL-LAM-ScanOpt\outputs\stage3_ppo_rl_lam_fea_addendum_v02_targeted_N24_N40\ppo_training_v02\checkpoints\N40_seed20260624_maskable_ppo_v02.zip,20260624,24261050,stochastic,0.2518338615023472,0.4061855111756965,0.1035339790465842,0.3544185216524044,False,37,39.60747663551402,PPO_v02_checkpoint_inference,False,False,7.282051282051282,22.0,0.15384615384615385,0.5128205128205128,0.5282051282051282,0.4717948717948718,0.8717948717948718
40,"[23,29,37,30,35,13,11,3,9,16,26,19,6,17,4,12,7,0,8,1,5,18,22,25,20,14,2,15,10,39,21,24,27,36,34,32,38,31,33,28]","23,29,37,30,35,13,11,3,9,16,26,19,6,17,4,12,7,0,8,1,5,18,22,25,20,14,2,15,10,39,21,24,27,36,34,32,38,31,33,28",6d2b9e21377dc8f4,E:\Projects\RL-LAM-ScanOpt\outputs\stage3_ppo_rl_lam_fea_addendum_v02_targeted_N24_N40\ppo_training_v02\checkpoints\N40_seed20260624_maskable_ppo_v02.zip,20260624,24261051,stochastic,0.2460035602503911,0.40044896175712363,0.10252116101936964,0.3491883812474388,False,36,38.92056074766355,PPO_v02_checkpoint_inference,False,False,7.9743589743589745,29.0,0.0,0.5384615384615384,0.5230769230769231,0.4769230769230769,0.8717948717948718
40,"[37,29,35,30,19,23,18,13,4,8,9,0,16,26,17,20,24,10,3,12,11,7,6,15,2,1,5,14,25,33,22,21,28,38,36,32,39,34,27,31]","37,29,35,30,19,23,18,13,4,8,9,0,16,26,17,20,24,10,3,12,11,7,6,15,2,1,5,14,25,33,22,21,28,38,36,32,39,34,27,31",b4928b615bdc9e09,E:\Projects\RL-LAM-ScanOpt\outputs\stage3_ppo_rl_lam_fea_addendum_v02_targeted_N24_N40\ppo_training_v02\checkpoints\N40_seed20260624_maskable_ppo_v02.zip,20260624,24261052,stochastic,0.2846078442879497,0.38581371602926356,0.06514056882160253,0.3532434316184623,False,34,39.228971962616825,PPO_v02_checkpoint_inference,False,False,6.615384615384615,16.0,0.1282051282051282,0.6153846153846154,0.4717948717948718,0.5282051282051282,0.8461538461538461
40,"[35,13,11,23,37,30,19,29,3,1,6,5,4,8,7,10,2,0,12,24,26,20,16,9,17,14,21,18,15,22,28,25,38,36,34,39,27,33,32,31]","35,13,11,23,37,30,19,29,3,1,6,5,4,8,7,10,2,0,12,24,26,20,16,9,17,14,21,18,15,22,28,25,38,36,34,39,27,33,32,31",d5d962e5fb524980,E:\Projects\RL-LAM-ScanOpt\outputs\stage3_ppo_rl_lam_fea_addendum_v02_targeted_N24_N40\ppo_training_v02\checkpoints\N40_seed20260624_maskable_ppo_v02.zip,20260624,24261053,stochastic,0.27003410602503886,0.4257270999527159,0.10365477323575643,0.3738997133348377,False,35,39.51401869158879,PPO_v02_checkpoint_inference,False,False,6.564102564102564,26.0,0.1282051282051282,0.46153846153846156,0.5487179487179488,0.4512820512820513,0.9230769230769231
40,"[37,35,30,23,26,5,8,13,29,0,11,20,1,3,2,7,6,12,10,4,14,16,24,25,9,18,15,22,17,19,21,28,33,38,34,36,39,32,27,31]","37,35,30,23,26,5,8,13,29,0,11,20,1,3,2,7,6,12,10,4,14,16,24,25,9,18,15,22,17,19,21,28,33,38,34,36,39,32,27,31",2e8e1aed1915006d,E:\Projects\RL-LAM-ScanOpt\outputs\stage3_ppo_rl_lam_fea_addendum_v02_targeted_N24_N40\ppo_training_v02\checkpoints\N40_seed20260624_maskable_ppo_v02.zip,20260624,24261054,stochastic,0.25533617957746446,0.40551609244661657,0.09959976499732281,0.35571620994795516,False,35,38.626168224299064,PPO_v02_checkpoint_inference,False,False,6.666666666666667,29.0,0.07692307692307693,0.6153846153846154,0.5897435897435898,0.41025641025641024,0.9487179487179487
40,"[23,29,30,37,35,16,13,11,4,7,8,3,5,6,1,17,26,2,12,0,9,18,14,19,20,15,22,10,33,39,28,25,21,34,36,32,38,27,24,31]","23,29,30,37,35,16,13,11,4,7,8,3,5,6,1,17,26,2,12,0,9,18,14,19,20,15,22,10,33,39,28,25,21,34,36,32,38,27,24,31",f7c04b29b737c76e,E:\Projects\RL-LAM-ScanOpt\outputs\stage3_ppo_rl_lam_fea_addendum_v02_targeted_N24_N40\ppo_training_v02\checkpoints\N40_seed20260624_maskable_ppo_v02.zip,20260624,24261055,stochastic,0.24813848787167436,0.3099407903689099,0.047923994662943614,0.2859787930374381,False,36,38.42056074766355,PPO_v02_checkpoint_inference,False,False,7.17948717948718,24.0,0.10256410256410256,0.6153846153846154,0.5282051282051283,0.47179487179487173,0.8461538461538461
40,"[35,29,30,20,37,23,16,13,7,3,4,24,19,5,10,12,8,2,15,14,26,17,1,6,9,0,11,18,21,22,25,33,32,39,34,38,36,31,28,27]","35,29,30,20,37,23,16,13,7,3,4,24,19,5,10,12,8,2,15,14,26,17,1,6,9,0,11,18,21,22,25,33,32,39,34,38,36,31,28,27",52a680971f8dea01,E:\Projects\RL-LAM-ScanOpt\outputs\stage3_ppo_rl_lam_fea_addendum_v02_targeted_N24_N40\ppo_training_v02\checkpoints\N40_seed20260624_maskable_ppo_v02.zip,20260624,24261056,stochastic,0.2566886541471046,0.38665835349572025,0.08259657449773189,0.34536006624685434,False,36,39.47196261682243,PPO_v02_checkpoint_inference,False,False,6.512820512820513,20.0,0.15384615384615385,0.6153846153846154,0.4923076923076922,0.5076923076923077,0.8717948717948718
40,"[3,13,8,29,35,30,37,19,25,4,23,20,26,1,11,7,6,0,2,9,12,5,17,24,18,15,16,14,22,10,21,28,33,34,39,38,32,36,31,27]","3,13,8,29,35,30,37,19,25,4,23,20,26,1,11,7,6,0,2,9,12,5,17,24,18,15,16,14,22,10,21,28,33,34,39,38,32,36,31,27",3cc29116d788a01d,E:\Projects\RL-LAM-ScanOpt\outputs\stage3_ppo_rl_lam_fea_addendum_v02_targeted_N24_N40\ppo_training_v02\checkpoints\N40_seed20260624_maskable_ppo_v02.zip,20260624,24261057,stochastic,0.2455307218309858,0.4021993553708518,0.09995857104137414,0.3522200698501647,False,37,39.02336448598131,PPO_v02_checkpoint_inference,False,False,7.487179487179487,25.0,0.10256410256410256,0.5641025641025641,0.558974358974359,0.44102564102564107,0.8717948717948718
40,"[11,13,4,29,37,30,19,20,35,16,17,23,26,8,9,12,3,7,2,6,1,5,18,25,22,0,24,10,14,15,34,21,36,38,39,32,27,33,31,28]","11,13,4,29,37,30,19,20,35,16,17,23,26,8,9,12,3,7,2,6,1,5,18,25,22,0,24,10,14,15,34,21,36,38,39,32,27,33,31,28",bd5e196b983d5a0c,E:\Projects\RL-LAM-ScanOpt\outputs\stage3_ppo_rl_lam_fea_addendum_v02_targeted_N24_N40\ppo_training_v02\checkpoints\N40_seed20260624_maskable_ppo_v02.zip,20260624,24261058,stochastic,0.20933070226917047,0.39433785181678777,0.11518004262433053,0.3367478305046225,False,37,39.2196261682243,PPO_v02_checkpoint_inference,False,False,8.23076923076923,25.0,0.1282051282051282,0.6410256410256411,0.4512820512820513,0.5487179487179488,0.8461538461538461
40,"[37,29,26,7,13,35,23,30,16,11,17,4,2,9,5,1,6,3,12,14,8,10,0,15,18,19,20,21,22,24,25,28,38,36,34,32,33,39,31,27]","37,29,26,7,13,35,23,30,16,11,17,4,2,9,5,1,6,3,12,14,8,10,0,15,18,19,20,21,22,24,25,28,38,36,34,32,33,39,31,27",4dad1adf56f100cb,E:\Projects\RL-LAM-ScanOpt\outputs\stage3_ppo_rl_lam_fea_addendum_v02_targeted_N24_N40\ppo_training_v02\checkpoints\N40_seed20260624_maskable_ppo_v02.zip,20260624,24261059,stochastic,0.28261413341158037,0.4080367145303021,0.08273319768129463,0.3666701156896548,False,33,38.481308411214954,PPO_v02_checkpoint_inference,False,False,5.948717948717949,22.0,0.15384615384615385,0.46153846153846156,0.4820512820512821,0.5179487179487179,0.7692307692307693
40,"[13,30,37,29,19,35,23,15,8,20,14,24,12,6,7,3,9,1,11,0,4,2,16,5,26,22,18,10,21,17,28,25,38,39,34,36,33,32,31,27]","13,30,37,29,19,35,23,15,8,20,14,24,12,6,7,3,9,1,11,0,4,2,16,5,26,22,18,10,21,17,28,25,38,39,34,36,33,32,31,27",163fc86823b88573,E:\Projects\RL-LAM-ScanOpt\outputs\stage3_ppo_rl_lam_fea_addendum_v02_targeted_N24_N40\ppo_training_v02\checkpoints\N40_seed20260624_maskable_ppo_v02.zip,20260624,24261060,stochastic,0.2467534037558682,0.4051823046981232,0.1013091127488901,0.35452774832367817,False,36,38.48598130841121,PPO_v02_checkpoint_inference,False,False,7.641025641025641,21.0,0.10256410256410256,0.41025641025641024,0.41025641025641024,0.5897435897435898,0.7435897435897436
40,"[29,35,26,37,22,9,13,8,2,11,17,19,23,0,3,4,5,6,7,1,12,14,16,15,20,30,18,25,10,24,33,21,38,39,36,28,34,32,27,31]","29,35,26,37,22,9,13,8,2,11,17,19,23,0,3,4,5,6,7,1,12,14,16,15,20,30,18,25,10,24,33,21,38,39,36,28,34,32,27,31",2f8e8ad5dd7adeba,E:\Projects\RL-LAM-ScanOpt\outputs\stage3_ppo_rl_lam_fea_addendum_v02_targeted_N24_N40\ppo_training_v02\checkpoints\N40_seed20260624_maskable_ppo_v02.zip,20260624,24261061,stochastic,0.251561404538341,0.3878586939796189,0.08509838902541136,0.34530949946691325,False,36,39.2196261682243,PPO_v02_checkpoint_inference,False,False,6.9743589743589745,23.0,0.15384615384615385,0.5641025641025641,0.5435897435897437,0.4564102564102564,0.8974358974358975
40,"[11,35,37,30,29,26,19,17,13,23,8,3,2,1,6,7,9,4,0,5,12,10,16,14,20,18,15,22,34,24,32,25,21,28,39,36,38,33,27,31]","11,35,37,30,29,26,19,17,13,23,8,3,2,1,6,7,9,4,0,5,12,10,16,14,20,18,15,22,34,24,32,25,21,28,39,36,38,33,27,31",b166109fdc67be42,E:\Projects\RL-LAM-ScanOpt\outputs\stage3_ppo_rl_lam_fea_addendum_v02_targeted_N24_N40\ppo_training_v02\checkpoints\N40_seed20260624_maskable_ppo_v02.zip,20260624,24261062,stochastic,0.33294983372456954,0.467939305980148,0.09880234697888814,0.41853813249070393,False,36,39.35981308411215,PPO_v02_checkpoint_inference,False,False,5.589743589743589,24.0,0.10256410256410256,0.5128205128205128,0.4153846153846154,0.5846153846153845,0.6666666666666666
40,"[16,37,35,13,12,11,29,26,17,8,19,20,30,23,9,0,6,1,3,7,2,10,5,14,15,18,22,4,21,24,25,39,32,33,36,38,34,27,31,28]","16,37,35,13,12,11,29,26,17,8,19,20,30,23,9,0,6,1,3,7,2,10,5,14,15,18,22,4,21,24,25,39,32,33,36,38,34,27,31,28",825540763a92e08e,E:\Projects\RL-LAM-ScanOpt\outputs\stage3_ppo_rl_lam_fea_addendum_v02_targeted_N24_N40\ppo_training_v02\checkpoints\N40_seed20260624_maskable_ppo_v02.zip,20260624,24261063,stochastic,0.23560467527386517,0.3971501799832984,0.1036862575623822,0.34530705120210725,False,33,38.453271028037385,PPO_v02_checkpoint_inference,False,False,7.0256410256410255,22.0,0.15384615384615385,0.6153846153846154,0.4564102564102564,0.5435897435897437,0.7435897435897436
40,"[29,25,23,37,15,19,35,4,8,13,9,1,11,2,7,10,12,6,0,3,18,20,16,5,26,17,14,22,30,21,24,38,32,34,39,33,28,36,27,31]","29,25,23,37,15,19,35,4,8,13,9,1,11,2,7,10,12,6,0,3,18,20,16,5,26,17,14,22,30,21,24,38,32,34,39,33,28,36,27,31",ee4e8f8dd478b39e,E:\Projects\RL-LAM-ScanOpt\outputs\stage3_ppo_rl_lam_fea_addendum_v02_targeted_N24_N40\ppo_training_v02\checkpoints\N40_seed20260624_maskable_ppo_v02.zip,20260624,24261064,stochastic,0.24103372456964,0.41388742144670976,0.11557067220062951,0.356102085346395,False,36,39.154205607476634,PPO_v02_checkpoint_inference,False,False,7.948717948717949,31.0,0.0,0.41025641025641024,0.4615384615384615,0.5384615384615385,0.8461538461538461
40,"[29,30,37,35,8,13,11,3,5,4,23,20,19,16,7,0,6,17,15,18,25,26,2,10,1,9,12,14,22,21,34,33,24,38,39,36,32,31,27,28]","29,30,37,35,8,13,11,3,5,4,23,20,19,16,7,0,6,17,15,18,25,26,2,10,1,9,12,14,22,21,34,33,24,38,39,36,32,31,27,28",e69b4246c713919a,E:\Projects\RL-LAM-ScanOpt\outputs\stage3_ppo_rl_lam_fea_addendum_v02_targeted_N24_N40\ppo_training_v02\checkpoints\N40_seed20260624_maskable_ppo_v02.zip,20260624,24261065,stochastic,0.25692652582159586,0.3608782750446611,0.06423652216292872,0.3287600139631967,False,35,39.21495327102804,PPO_v02_checkpoint_inference,False,False,6.17948717948718,27.0,0.23076923076923078,0.6410256410256411,0.6461538461538462,0.3538461538461538,0.8717948717948718
40,"[7,13,5,4,6,3,11,10,23,35,37,26,29,30,19,1,0,2,14,9,12,18,8,21,20,22,15,17,16,24,25,28,33,27,39,36,38,34,32,31]","7,13,5,4,6,3,11,10,23,35,37,26,29,30,19,1,0,2,14,9,12,18,8,21,20,22,15,17,16,24,25,28,33,27,39,36,38,34,32,31",98702728589b2df5,E:\Projects\RL-LAM-ScanOpt\outputs\stage3_ppo_rl_lam_fea_addendum_v02_targeted_N24_N40\ppo_training_v02\checkpoints\N40_seed20260624_maskable_ppo_v02.zip,20260624,24261066,stochastic,0.3054821889671359,0.43064659869954336,0.08781776934430817,0.38673771402738927,False,35,38.570093457943926,PPO_v02_checkpoint_inference,False,False,5.435897435897436,18.0,0.20512820512820512,0.5128205128205128,0.5948717948717949,0.40512820512820513,0.8205128205128205
40,"[30,37,29,23,35,26,4,7,13,9,6,1,3,17,11,5,24,10,12,2,0,8,14,19,15,20,25,22,28,18,16,21,38,34,39,32,36,27,33,31]","30,37,29,23,35,26,4,7,13,9,6,1,3,17,11,5,24,10,12,2,0,8,14,19,15,20,25,22,28,18,16,21,38,34,39,32,36,27,33,31",8b128f8302f923dd,E:\Projects\RL-LAM-ScanOpt\outputs\stage3_ppo_rl_lam_fea_addendum_v02_targeted_N24_N40\ppo_training_v02\checkpoints\N40_seed20260624_maskable_ppo_v02.zip,20260624,24261067,stochastic,0.2700214495305161,0.4236935496473093,0.10110711674924659,0.37313999127268604,False,36,39.200934579439256,PPO_v02_checkpoint_inference,False,False,7.0,22.0,0.0,0.38461538461538464,0.5538461538461538,0.44615384615384607,0.8461538461538461
40,"[8,13,23,37,35,26,29,11,7,2,1,5,4,6,3,18,19,17,30,20,16,12,0,14,21,25,15,9,10,33,22,24,34,38,32,39,36,31,27,28]","8,13,23,37,35,26,29,11,7,2,1,5,4,6,3,18,19,17,30,20,16,12,0,14,21,25,15,9,10,33,22,24,34,38,32,39,36,31,27,28",3d48e04768e57911,E:\Projects\RL-LAM-ScanOpt\outputs\stage3_ppo_rl_lam_fea_addendum_v02_targeted_N24_N40\ppo_training_v02\checkpoints\N40_seed20260624_maskable_ppo_v02.zip,20260624,24261068,stochastic,0.2703326780125195,0.40373025171957544,0.0899207423270368,0.358769880556057,False,36,39.16355140186916,PPO_v02_checkpoint_inference,False,False,6.666666666666667,23.0,0.1282051282051282,0.46153846153846156,0.558974358974359,0.44102564102564096,0.8974358974358975
40,"[8,11,30,23,29,35,26,37,3,13,19,4,7,1,9,2,6,17,20,15,12,14,21,0,5,16,18,38,22,10,25,28,24,32,33,36,34,39,27,31]","8,11,30,23,29,35,26,37,3,13,19,4,7,1,9,2,6,17,20,15,12,14,21,0,5,16,18,38,22,10,25,28,24,32,33,36,34,39,27,31",eb48cddb5e3d6b9b,E:\Projects\RL-LAM-ScanOpt\outputs\stage3_ppo_rl_lam_fea_addendum_v02_targeted_N24_N40\ppo_training_v02\checkpoints\N40_seed20260624_maskable_ppo_v02.zip,20260624,24261069,stochastic,0.22215257237871658,0.40451621936789484,0.11297457500177562,0.348028931867007,False,33,39.546728971962615,PPO_v02_checkpoint_inference,False,False,8.435897435897436,34.0,0.02564102564102564,0.5384615384615384,0.5435897435897435,0.4564102564102564,0.8717948717948718
40,"[16,5,13,23,37,35,0,11,4,30,29,26,25,17,3,8,7,2,1,6,12,10,9,18,19,14,20,15,21,22,24,34,32,36,38,39,28,33,27,31]","16,5,13,23,37,35,0,11,4,30,29,26,25,17,3,8,7,2,1,6,12,10,9,18,19,14,20,15,21,22,24,34,32,36,38,39,28,33,27,31",5af4b4140988b0d0,E:\Projects\RL-LAM-ScanOpt\outputs\stage3_ppo_rl_lam_fea_addendum_v02_targeted_N24_N40\ppo_training_v02\checkpoints\N40_seed20260624_maskable_ppo_v02.zip,20260624,24261070,stochastic,0.23843132824726115,0.3927970469597354,0.09805963745082104,0.3437672282343249,False,34,39.41588785046729,PPO_v02_checkpoint_inference,False,False,6.589743589743589,35.0,0.20512820512820512,0.5384615384615384,0.5897435897435896,0.41025641025641024,0.9487179487179487
40,"[23,35,37,26,29,30,13,19,11,3,2,12,4,1,7,17,5,6,14,9,0,8,15,16,22,20,18,21,38,34,25,10,24,28,39,33,36,32,27,31]","23,35,37,26,29,30,13,19,11,3,2,12,4,1,7,17,5,6,14,9,0,8,15,16,22,20,18,21,38,34,25,10,24,28,39,33,36,32,27,31",3ab25001859a9948,E:\Projects\RL-LAM-ScanOpt\outputs\stage3_ppo_rl_lam_fea_addendum_v02_targeted_N24_N40\ppo_training_v02\checkpoints\N40_seed20260624_maskable_ppo_v02.zip,20260624,24261071,stochastic,0.2554143681533645,0.24617646183606556,0.031764198528782366,0.23029436257167438,False,36,39.018691588785046,PPO_v02_checkpoint_inference,False,False,6.82051282051282,17.0,0.10256410256410256,0.46153846153846156,0.4871794871794871,0.5128205128205129,0.8717948717948718
40,"[20,35,30,29,15,37,26,23,8,16,13,7,11,9,6,10,5,3,2,12,1,4,0,28,25,17,14,18,19,22,21,24,32,38,36,34,27,33,39,31]","20,35,30,29,15,37,26,23,8,16,13,7,11,9,6,10,5,3,2,12,1,4,0,28,25,17,14,18,19,22,21,24,32,38,36,34,27,33,39,31",582804ffe6ae1c37,E:\Projects\RL-LAM-ScanOpt\outputs\stage3_ppo_rl_lam_fea_addendum_v02_targeted_N24_N40\ppo_training_v02\checkpoints\N40_seed20260624_maskable_ppo_v02.zip,20260624,24261072,stochastic,0.2591796165884192,0.39463965415230856,0.08735699353095076,0.3509611573868332,False,36,39.0,PPO_v02_checkpoint_inference,False,False,6.435897435897436,28.0,0.10256410256410256,0.48717948717948717,0.4256410256410256,0.5743589743589743,0.7435897435897436
40,"[7,13,29,35,37,30,17,26,19,23,5,11,10,6,3,2,8,12,0,1,22,16,9,4,14,18,20,25,15,21,24,33,36,38,32,27,34,39,31,28]","7,13,29,35,37,30,17,26,19,23,5,11,10,6,3,2,8,12,0,1,22,16,9,4,14,18,20,25,15,21,24,33,36,38,32,27,34,39,31,28",43f536b67848701d,E:\Projects\RL-LAM-ScanOpt\outputs\stage3_ppo_rl_lam_fea_addendum_v02_targeted_N24_N40\ppo_training_v02\checkpoints\N40_seed20260624_maskable_ppo_v02.zip,20260624,24261073,stochastic,0.29533123043818443,0.4502535776365518,0.10918917672137622,0.39565898927586374,False,36,39.25233644859813,PPO_v02_checkpoint_inference,False,False,6.487179487179487,21.0,0.07692307692307693,0.48717948717948717,0.43589743589743585,0.5641025641025641,0.7692307692307693
40,"[26,7,11,13,5,6,8,29,35,37,23,3,10,16,30,24,19,1,2,0,12,9,14,18,20,17,22,15,4,21,25,38,34,39,36,32,33,27,31,28]","26,7,11,13,5,6,8,29,35,37,23,3,10,16,30,24,19,1,2,0,12,9,14,18,20,17,22,15,4,21,25,38,34,39,36,32,33,27,31,28",bc41e78aba0cd595,E:\Projects\RL-LAM-ScanOpt\outputs\stage3_ppo_rl_lam_fea_addendum_v02_targeted_N24_N40\ppo_training_v02\checkpoints\N40_seed20260624_maskable_ppo_v02.zip,20260624,24261074,stochastic,0.2607417057902973,0.400281733227018,0.08897152567576523,0.35579597038913535,False,36,38.35514018691589,PPO_v02_checkpoint_inference,False,False,7.0256410256410255,21.0,0.07692307692307693,0.46153846153846156,0.5948717948717949,0.40512820512820513,0.8205128205128205
40,"[7,17,13,21,29,26,35,37,23,20,19,4,1,9,3,8,11,2,22,30,25,12,6,18,0,16,14,5,24,10,28,15,38,36,32,34,39,31,33,27]","7,17,13,21,29,26,35,37,23,20,19,4,1,9,3,8,11,2,22,30,25,12,6,18,0,16,14,5,24,10,28,15,38,36,32,34,39,31,33,27",dc5ae7062f18dbfc,E:\Projects\RL-LAM-ScanOpt\outputs\stage3_ppo_rl_lam_fea_addendum_v02_targeted_N24_N40\ppo_training_v02\checkpoints\N40_seed20260624_maskable_ppo_v02.zip,20260624,24261075,stochastic,0.21592473591549283,0.40186560356284134,0.11924745995420155,0.34224187358574054,False,35,38.93457943925234,PPO_v02_checkpoint_inference,False,False,8.615384615384615,23.0,0.02564102564102564,0.41025641025641024,0.38974358974358975,0.6102564102564102,0.7692307692307693
40,"[26,37,35,29,12,13,11,4,23,10,7,9,1,5,3,6,0,8,17,19,21,18,2,14,30,20,24,15,16,22,28,25,38,33,39,34,36,32,31,27]","26,37,35,29,12,13,11,4,23,10,7,9,1,5,3,6,0,8,17,19,21,18,2,14,30,20,24,15,16,22,28,25,38,33,39,34,36,32,31,27",d6cd0e40eddcd2d0,E:\Projects\RL-LAM-ScanOpt\outputs\stage3_ppo_rl_lam_fea_addendum_v02_targeted_N24_N40\ppo_training_v02\checkpoints\N40_seed20260624_maskable_ppo_v02.zip,20260624,24261076,stochastic,0.26313180751173687,0.39983357720826895,0.08676567302273626,0.3564507406969008,False,37,39.429906542056074,PPO_v02_checkpoint_inference,False,False,6.487179487179487,19.0,0.07692307692307693,0.4358974358974359,0.5128205128205129,0.4871794871794871,0.8461538461538461
40,"[4,24,13,29,35,37,30,17,23,8,6,7,11,3,33,26,19,12,9,1,0,16,15,2,18,10,14,20,5,22,21,25,39,32,34,38,36,31,28,27]","4,24,13,29,35,37,30,17,23,8,6,7,11,3,33,26,19,12,9,1,0,16,15,2,18,10,14,20,5,22,21,25,39,32,34,38,36,31,28,27",65a5883816088dc2,E:\Projects\RL-LAM-ScanOpt\outputs\stage3_ppo_rl_lam_fea_addendum_v02_targeted_N24_N40\ppo_training_v02\checkpoints\N40_seed20260624_maskable_ppo_v02.zip,20260624,24261077,stochastic,0.22729590179968703,0.40727736095610334,0.1124846897733898,0.35103501606940846,False,36,38.61682242990654,PPO_v02_checkpoint_inference,False,False,8.025641025641026,30.0,0.1282051282051282,0.48717948717948717,0.49743589743589745,0.5025641025641026,0.8461538461538461
40,"[13,23,30,35,37,29,19,0,3,7,6,17,2,9,8,11,4,12,1,15,5,14,24,20,26,22,18,16,10,32,21,25,38,34,39,31,33,36,28,27]","13,23,30,35,37,29,19,0,3,7,6,17,2,9,8,11,4,12,1,15,5,14,24,20,26,22,18,16,10,32,21,25,38,34,39,31,33,36,28,27",ec4c259ad4dbcbd9,E:\Projects\RL-LAM-ScanOpt\outputs\stage3_ppo_rl_lam_fea_addendum_v02_targeted_N24_N40\ppo_training_v02\checkpoints\N40_seed20260624_maskable_ppo_v02.zip,20260624,24261078,stochastic,0.2610829910015647,0.40222768740994164,0.09234351500301596,0.35605592990843365,False,35,37.97196261682243,PPO_v02_checkpoint_inference,False,False,7.230769230769231,22.0,0.07692307692307693,0.46153846153846156,0.5743589743589743,0.4256410256410256,0.9487179487179487
40,"[4,5,29,16,17,11,13,37,35,30,23,26,25,10,6,1,3,0,9,12,7,8,14,2,15,20,19,18,22,24,21,33,32,38,39,31,27,34,36,28]","4,5,29,16,17,11,13,37,35,30,23,26,25,10,6,1,3,0,9,12,7,8,14,2,15,20,19,18,22,24,21,33,32,38,39,31,27,34,36,28",68ccd56a3addcedc,E:\Projects\RL-LAM-ScanOpt\outputs\stage3_ppo_rl_lam_fea_addendum_v02_targeted_N24_N40\ppo_training_v02\checkpoints\N40_seed20260624_maskable_ppo_v02.zip,20260624,24261079,stochastic,0.2831208039906101,0.40567356530828264,0.07903247365306416,0.36615732848175053,False,33,37.33177570093458,PPO_v02_checkpoint_inference,False,False,5.948717948717949,24.0,0.20512820512820512,0.5641025641025641,0.5333333333333333,0.4666666666666667,0.8461538461538461
40,"[30,37,8,13,29,16,35,20,23,4,26,17,2,3,1,7,5,6,11,14,9,0,18,12,15,21,19,25,24,22,10,27,36,34,31,38,39,32,33,28]","30,37,8,13,29,16,35,20,23,4,26,17,2,3,1,7,5,6,11,14,9,0,18,12,15,21,19,25,24,22,10,27,36,34,31,38,39,32,33,28",0a716827da188387,E:\Projects\RL-LAM-ScanOpt\outputs\stage3_ppo_rl_lam_fea_addendum_v02_targeted_N24_N40\ppo_training_v02\checkpoints\N40_seed20260624_maskable_ppo_v02.zip,20260624,24261080,stochastic,0.19977776799687014,0.35108306354295904,0.09243560589077959,0.30486526059756924,False,36,39.22429906542056,PPO_v02_checkpoint_inference,False,False,8.051282051282051,29.0,0.1282051282051282,0.6666666666666666,0.482051282051282,0.5179487179487179,0.8461538461538461
40,"[11,10,24,35,19,23,37,29,26,30,13,7,3,5,6,1,2,14,8,18,21,22,25,20,9,17,0,4,12,15,16,28,32,36,38,34,39,33,31,27]","11,10,24,35,19,23,37,29,26,30,13,7,3,5,6,1,2,14,8,18,21,22,25,20,9,17,0,4,12,15,16,28,32,36,38,34,39,33,31,27",3c5e33c1b2b9b840,E:\Projects\RL-LAM-ScanOpt\outputs\stage3_ppo_rl_lam_fea_addendum_v02_targeted_N24_N40\ppo_training_v02\checkpoints\N40_seed20260624_maskable_ppo_v02.zip,20260624,24261081,stochastic,0.2577934956964003,0.41292999671070574,0.10029978812782109,0.36278010264679517,False,36,39.28504672897196,PPO_v02_checkpoint_inference,False,False,6.3076923076923075,17.0,0.1282051282051282,0.41025641025641024,0.44102564102564107,0.558974358974359,0.6923076923076923
40,"[37,35,30,29,26,13,11,8,4,5,2,9,7,23,18,6,3,12,1,17,16,0,15,10,14,19,22,20,25,24,21,28,36,34,33,38,32,39,31,27]","37,35,30,29,26,13,11,8,4,5,2,9,7,23,18,6,3,12,1,17,16,0,15,10,14,19,22,20,25,24,21,28,36,34,33,38,32,39,31,27",5655796e8e64e2df,E:\Projects\RL-LAM-ScanOpt\outputs\stage3_ppo_rl_lam_fea_addendum_v02_targeted_N24_N40\ppo_training_v02\checkpoints\N40_seed20260624_maskable_ppo_v02.zip,20260624,24261082,stochastic,0.28450359937402153,0.4181290459327365,0.09658003014567047,0.3698390308599012,False,35,39.018691588785046,PPO_v02_checkpoint_inference,False,False,5.794871794871795,16.0,0.1282051282051282,0.6153846153846154,0.5948717948717949,0.40512820512820513,0.8461538461538461
40,"[13,21,37,35,20,23,30,26,3,7,9,29,2,10,4,17,6,11,1,0,8,5,12,15,16,18,14,19,33,22,24,39,25,32,38,36,34,28,27,31]","13,21,37,35,20,23,30,26,3,7,9,29,2,10,4,17,6,11,1,0,8,5,12,15,16,18,14,19,33,22,24,39,25,32,38,36,34,28,27,31",633c3683f58b7ae0,E:\Projects\RL-LAM-ScanOpt\outputs\stage3_ppo_rl_lam_fea_addendum_v02_targeted_N24_N40\ppo_training_v02\checkpoints\N40_seed20260624_maskable_ppo_v02.zip,20260624,24261083,stochastic,0.22521417253521128,0.39506545261061093,0.10715590585061278,0.34148749968530456,False,35,39.02336448598131,PPO_v02_checkpoint_inference,False,False,7.743589743589744,27.0,0.07692307692307693,0.46153846153846156,0.4666666666666667,0.5333333333333333,0.8717948717948718
40,"[3,13,0,29,35,37,26,30,20,11,4,8,7,14,1,5,2,6,19,24,27,23,12,16,17,18,22,9,15,10,28,25,21,34,36,32,38,39,33,31]","3,13,0,29,35,37,26,30,20,11,4,8,7,14,1,5,2,6,19,24,27,23,12,16,17,18,22,9,15,10,28,25,21,34,36,32,38,39,33,31",d316ba5b4d8bb24c,E:\Projects\RL-LAM-ScanOpt\outputs\stage3_ppo_rl_lam_fea_addendum_v02_targeted_N24_N40\ppo_training_v02\checkpoints\N40_seed20260624_maskable_ppo_v02.zip,20260624,24261084,stochastic,0.2621308881064161,0.40300977927380316,0.0912281401983578,0.35739570917462427,False,36,39.467289719626166,PPO_v02_checkpoint_inference,False,False,6.82051282051282,29.0,0.10256410256410256,0.5128205128205128,0.5692307692307692,0.43076923076923074,0.9487179487179487
40,"[29,35,30,11,13,37,23,9,4,0,3,5,7,6,8,10,1,12,14,16,17,26,19,18,20,2,15,22,25,21,24,28,38,32,39,34,36,33,27,31]","29,35,30,11,13,37,23,9,4,0,3,5,7,6,8,10,1,12,14,16,17,26,19,18,20,2,15,22,25,21,24,28,38,32,39,34,36,33,27,31",f73007acdcca62a0,E:\Projects\RL-LAM-ScanOpt\outputs\stage3_ppo_rl_lam_fea_addendum_v02_targeted_N24_N40\ppo_training_v02\checkpoints\N40_seed20260624_maskable_ppo_v02.zip,20260624,24261085,stochastic,0.2675694737871672,0.394355497816569,0.08314145218258048,0.3527847717252787,False,36,39.50934579439252,PPO_v02_checkpoint_inference,False,False,6.256410256410256,24.0,0.07692307692307693,0.46153846153846156,0.6,0.4,0.9487179487179487
40,"[13,6,12,29,35,23,37,4,9,7,5,11,8,3,2,30,26,21,17,16,10,0,1,14,18,19,15,24,20,25,22,28,34,36,32,39,38,31,27,33]","13,6,12,29,35,23,37,4,9,7,5,11,8,3,2,30,26,21,17,16,10,0,1,14,18,19,15,24,20,25,22,28,34,36,32,39,38,31,27,33",6cd733c68f7ca4f0,E:\Projects\RL-LAM-ScanOpt\outputs\stage3_ppo_rl_lam_fea_addendum_v02_targeted_N24_N40\ppo_training_v02\checkpoints\N40_seed20260624_maskable_ppo_v02.zip,20260624,24261086,stochastic,0.25369084507042244,0.39408995904943234,0.09113996543090126,0.3485199763339817,False,36,39.074766355140184,PPO_v02_checkpoint_inference,False,False,6.769230769230769,33.0,0.1282051282051282,0.46153846153846156,0.5743589743589743,0.4256410256410256,0.8461538461538461
40,"[23,29,19,30,35,37,26,8,13,10,7,24,20,17,3,2,12,0,6,4,5,1,9,15,21,22,18,14,11,16,25,33,36,32,34,38,39,31,27,28]","23,29,19,30,35,37,26,8,13,10,7,24,20,17,3,2,12,0,6,4,5,1,9,15,21,22,18,14,11,16,25,33,36,32,34,38,39,31,27,28",90bb36106807a45c,E:\Projects\RL-LAM-ScanOpt\outputs\stage3_ppo_rl_lam_fea_addendum_v02_targeted_N24_N40\ppo_training_v02\checkpoints\N40_seed20260624_maskable_ppo_v02.zip,20260624,24261087,stochastic,0.2902557707355239,0.43201947229803705,0.09604816704684203,0.38399538877461603,False,36,39.50934579439252,PPO_v02_checkpoint_inference,False,False,5.871794871794871,18.0,0.1282051282051282,0.4358974358974359,0.4666666666666667,0.5333333333333333,0.7435897435897436
40,"[13,26,30,35,29,2,11,5,8,7,23,37,4,0,9,3,1,14,28,19,10,12,25,15,18,6,17,24,21,22,20,16,33,34,38,36,39,32,27,31]","13,26,30,35,29,2,11,5,8,7,23,37,4,0,9,3,1,14,28,19,10,12,25,15,18,6,17,24,21,22,20,16,33,34,38,36,39,32,27,31",b4f57faa2123ba35,E:\Projects\RL-LAM-ScanOpt\outputs\stage3_ppo_rl_lam_fea_addendum_v02_targeted_N24_N40\ppo_training_v02\checkpoints\N40_seed20260624_maskable_ppo_v02.zip,20260624,24261088,stochastic,0.22570325704225333,0.3898572587854017,0.10410578253435449,0.3378043675182244,False,36,39.49065420560748,PPO_v02_checkpoint_inference,False,False,8.051282051282051,33.0,0.07692307692307693,0.5641025641025641,0.5794871794871794,0.42051282051282046,0.8461538461538461
40,"[13,16,35,26,29,37,20,1,11,2,10,7,30,23,19,17,8,3,0,5,12,9,6,15,4,14,18,22,25,21,28,24,34,38,36,32,33,39,31,27]","13,16,35,26,29,37,20,1,11,2,10,7,30,23,19,17,8,3,0,5,12,9,6,15,4,14,18,22,25,21,28,24,34,38,36,32,33,39,31,27",d247d61642f8ebd7,E:\Projects\RL-LAM-ScanOpt\outputs\stage3_ppo_rl_lam_fea_addendum_v02_targeted_N24_N40\ppo_training_v02\checkpoints\N40_seed20260624_maskable_ppo_v02.zip,20260624,24261089,stochastic,0.25509905125195603,0.3986285970789496,0.09358685718985087,0.3518351684840242,False,35,38.86448598130841,PPO_v02_checkpoint_inference,False,False,7.0256410256410255,23.0,0.02564102564102564,0.5641025641025641,0.5333333333333334,0.4666666666666666,0.9230769230769231
40,"[29,35,37,30,19,26,24,23,13,8,3,20,18,12,11,7,1,6,4,10,5,2,9,14,0,17,15,22,28,16,21,25,38,34,32,39,27,36,33,31]","29,35,37,30,19,26,24,23,13,8,3,20,18,12,11,7,1,6,4,10,5,2,9,14,0,17,15,22,28,16,21,25,38,34,32,39,27,36,33,31",4aab707a619428fb,E:\Projects\RL-LAM-ScanOpt\outputs\stage3_ppo_rl_lam_fea_addendum_v02_targeted_N24_N40\ppo_training_v02\checkpoints\N40_seed20260624_maskable_ppo_v02.zip,20260624,24261090,stochastic,0.2846963810641624,0.431792945731314,0.09833751686482207,0.38262418729890296,False,34,39.03738317757009,PPO_v02_checkpoint_inference,False,False,6.256410256410256,17.0,0.05128205128205128,0.5128205128205128,0.44102564102564107,0.558974358974359,0.7435897435897436
40,"[13,26,37,35,30,2,7,29,10,4,6,8,16,11,5,3,1,19,23,0,9,22,12,25,20,18,17,15,14,21,24,32,38,39,36,34,31,33,27,28]","13,26,37,35,30,2,7,29,10,4,6,8,16,11,5,3,1,19,23,0,9,22,12,25,20,18,17,15,14,21,24,32,38,39,36,34,31,33,27,28",fb2865a21230f03c,E:\Projects\RL-LAM-ScanOpt\outputs\stage3_ppo_rl_lam_fea_addendum_v02_targeted_N24_N40\ppo_training_v02\checkpoints\N40_seed20260624_maskable_ppo_v02.zip,20260624,24261091,stochastic,0.25271680359937376,0.3867365207268064,0.08580565760413475,0.34383369192473906,False,35,39.47196261682243,PPO_v02_checkpoint_inference,False,False,7.205128205128205,28.0,0.10256410256410256,0.48717948717948717,0.6205128205128205,0.37948717948717947,0.8974358974358975
40,"[11,7,0,23,35,37,29,9,5,13,26,19,8,6,3,12,2,1,28,30,4,17,16,15,10,18,14,20,22,24,21,25,32,34,33,36,38,39,31,27]","11,7,0,23,35,37,29,9,5,13,26,19,8,6,3,12,2,1,28,30,4,17,16,15,10,18,14,20,22,24,21,25,32,34,33,36,38,39,31,27",1fbd3efe00ef655a,E:\Projects\RL-LAM-ScanOpt\outputs\stage3_ppo_rl_lam_fea_addendum_v02_targeted_N24_N40\ppo_training_v02\checkpoints\N40_seed20260624_maskable_ppo_v02.zip,20260624,24261092,stochastic,0.25681130672926417,0.4002387950203439,0.09141426545493576,0.35453166229287597,False,35,38.63551401869159,PPO_v02_checkpoint_inference,False,False,7.076923076923077,27.0,0.1282051282051282,0.46153846153846156,0.6051282051282051,0.39487179487179486,0.9487179487179487
40,"[37,29,30,35,17,11,16,10,4,1,13,3,5,25,21,23,9,0,15,7,6,2,8,12,19,26,18,14,20,22,24,39,36,34,38,33,32,27,31,28]","37,29,30,35,17,11,16,10,4,1,13,3,5,25,21,23,9,0,15,7,6,2,8,12,19,26,18,14,20,22,24,39,36,34,38,33,32,27,31,28",e3c94121d1819b1f,E:\Projects\RL-LAM-ScanOpt\outputs\stage3_ppo_rl_lam_fea_addendum_v02_targeted_N24_N40\ppo_training_v02\checkpoints\N40_seed20260624_maskable_ppo_v02.zip,20260624,24261093,stochastic,0.2597100743348982,0.3823037748802532,0.07588788193076795,0.34435983391486924,False,34,38.7803738317757,PPO_v02_checkpoint_inference,False,False,6.333333333333333,20.0,0.07692307692307693,0.38461538461538464,0.5692307692307692,0.43076923076923074,0.9230769230769231
40,"[6,13,29,35,37,17,30,26,11,8,23,10,2,12,1,7,9,0,3,15,19,16,5,4,14,20,18,22,21,25,24,32,39,38,36,34,33,31,27,28]","6,13,29,35,37,17,30,26,11,8,23,10,2,12,1,7,9,0,3,15,19,16,5,4,14,20,18,22,21,25,24,32,39,38,36,34,33,31,27,28",090e8d826585d3aa,E:\Projects\RL-LAM-ScanOpt\outputs\stage3_ppo_rl_lam_fea_addendum_v02_targeted_N24_N40\ppo_training_v02\checkpoints\N40_seed20260624_maskable_ppo_v02.zip,20260624,24261094,stochastic,0.27522773865414674,0.4061505171179216,0.08608996027462165,0.36310553698061077,False,35,38.55607476635514,PPO_v02_checkpoint_inference,False,False,6.410256410256411,20.0,0.15384615384615385,0.46153846153846156,0.523076923076923,0.4769230769230769,0.7948717948717948
40,"[11,6,13,29,21,30,37,35,23,20,8,26,16,7,3,12,1,2,17,0,5,4,14,25,19,18,9,10,15,39,24,22,32,34,36,28,38,33,27,31]","11,6,13,29,21,30,37,35,23,20,8,26,16,7,3,12,1,2,17,0,5,4,14,25,19,18,9,10,15,39,24,22,32,34,36,28,38,33,27,31",b465021ceaf73b9b,E:\Projects\RL-LAM-ScanOpt\outputs\stage3_ppo_rl_lam_fea_addendum_v02_targeted_N24_N40\ppo_training_v02\checkpoints\N40_seed20260624_maskable_ppo_v02.zip,20260624,24261095,stochastic,0.23346027973395928,0.3933949929551797,0.09860380608928627,0.34409308991053655,False,35,39.00934579439252,PPO_v02_checkpoint_inference,False,False,8.0,24.0,0.10256410256410256,0.5128205128205128,0.4461538461538462,0.5538461538461539,0.7948717948717948
40,"[13,4,6,11,5,23,37,17,35,26,30,29,19,18,9,2,7,1,3,12,20,8,0,15,16,14,22,25,10,24,33,21,36,38,32,39,34,27,31,28]","13,4,6,11,5,23,37,17,35,26,30,29,19,18,9,2,7,1,3,12,20,8,0,15,16,14,22,25,10,24,33,21,36,38,32,39,34,27,31,28",787e6242462594c7,E:\Projects\RL-LAM-ScanOpt\outputs\stage3_ppo_rl_lam_fea_addendum_v02_targeted_N24_N40\ppo_training_v02\checkpoints\N40_seed20260624_maskable_ppo_v02.zip,20260624,24261096,stochastic,0.23932959702660409,0.40381370620821183,0.10385131573675922,0.3518880483398322,False,35,39.467289719626166,PPO_v02_checkpoint_inference,False,False,7.9743589743589745,20.0,0.07692307692307693,0.48717948717948717,0.5333333333333333,0.4666666666666667,0.8461538461538461
40,"[13,8,23,29,35,37,30,14,19,26,16,11,3,15,4,0,1,5,7,9,2,12,6,27,20,18,17,10,22,21,25,24,34,36,38,32,39,33,31,28]","13,8,23,29,35,37,30,14,19,26,16,11,3,15,4,0,1,5,7,9,2,12,6,27,20,18,17,10,22,21,25,24,34,36,38,32,39,33,31,28",1eb301ecf53dd3b9,E:\Projects\RL-LAM-ScanOpt\outputs\stage3_ppo_rl_lam_fea_addendum_v02_targeted_N24_N40\ppo_training_v02\checkpoints\N40_seed20260624_maskable_ppo_v02.zip,20260624,24261097,stochastic,0.28288753912363046,0.4029385586741791,0.07752735729099296,0.36417488002868265,False,36,39.4392523364486,PPO_v02_checkpoint_inference,False,False,6.282051282051282,21.0,0.10256410256410256,0.4358974358974359,0.44615384615384607,0.5538461538461539,0.7435897435897436
40,"[29,35,25,37,23,13,30,26,19,8,2,7,3,11,0,1,6,15,10,12,5,14,9,4,17,18,20,16,22,24,21,33,39,38,32,36,34,31,27,28]","29,35,25,37,23,13,30,26,19,8,2,7,3,11,0,1,6,15,10,12,5,14,9,4,17,18,20,16,22,24,21,33,39,38,32,36,34,31,27,28",f904dbc976e1737e,E:\Projects\RL-LAM-ScanOpt\outputs\stage3_ppo_rl_lam_fea_addendum_v02_targeted_N24_N40\ppo_training_v02\checkpoints\N40_seed20260624_maskable_ppo_v02.zip,20260624,24261098,stochastic,0.3044742370892017,0.43449078471190916,0.08814729061940652,0.3904171394022059,False,35,39.11214953271028,PPO_v02_checkpoint_inference,False,False,6.230769230769231,17.0,0.10256410256410256,0.48717948717948717,0.4461538461538462,0.5538461538461539,0.7435897435897436
40,"[13,8,3,11,35,29,30,37,20,26,23,4,2,1,5,15,6,7,9,0,17,18,19,10,12,14,24,25,16,21,22,28,33,34,32,38,36,39,27,31]","13,8,3,11,35,29,30,37,20,26,23,4,2,1,5,15,6,7,9,0,17,18,19,10,12,14,24,25,16,21,22,28,33,34,32,38,36,39,27,31",c983f9f388f8f425,E:\Projects\RL-LAM-ScanOpt\outputs\stage3_ppo_rl_lam_fea_addendum_v02_targeted_N24_N40\ppo_training_v02\checkpoints\N40_seed20260624_maskable_ppo_v02.zip,20260624,24261099,stochastic,0.2721319640062594,0.41375497089732544,0.09343954052687223,0.36703520063388934,False,35,39.45794392523364,PPO_v02_checkpoint_inference,False,False,6.102564102564102,24.0,0.20512820512820512,0.5641025641025641,0.5282051282051282,0.4717948717948718,0.8717948717948718
40,"[25,29,23,33,37,35,13,3,0,9,5,4,14,8,26,20,11,12,7,6,1,2,17,18,15,16,30,22,19,10,21,24,38,34,32,39,36,31,27,28]","25,29,23,33,37,35,13,3,0,9,5,4,14,8,26,20,11,12,7,6,1,2,17,18,15,16,30,22,19,10,21,24,38,34,32,39,36,31,27,28",413cad61a6ef0f91,E:\Projects\RL-LAM-ScanOpt\outputs\stage3_ppo_rl_lam_fea_addendum_v02_targeted_N24_N40\ppo_training_v02\checkpoints\N40_seed20260624_maskable_ppo_v02.zip,20260624,24261100,stochastic,0.26514864045383385,0.4139975019573948,0.09819031352500777,0.36490234519489095,False,36,38.61682242990654,PPO_v02_checkpoint_inference,False,False,6.282051282051282,22.0,0.1794871794871795,0.5384615384615384,0.6051282051282051,0.3948717948717949,0.9487179487179487
40,"[3,6,11,23,35,29,19,37,7,13,30,8,26,17,9,5,2,1,12,4,0,16,20,22,10,15,18,14,24,21,33,36,32,25,39,34,38,27,31,28]","3,6,11,23,35,29,19,37,7,13,30,8,26,17,9,5,2,1,12,4,0,16,20,22,10,15,18,14,24,21,33,36,32,25,39,34,38,27,31,28",d1c9439c7dc49404,E:\Projects\RL-LAM-ScanOpt\outputs\stage3_ppo_rl_lam_fea_addendum_v02_targeted_N24_N40\ppo_training_v02\checkpoints\N40_seed20260624_maskable_ppo_v02.zip,20260624,24261101,stochastic,0.24169248826291068,0.41880921231966584,0.11263947014033983,0.36248947724949593,False,35,38.799065420560744,PPO_v02_checkpoint_inference,False,False,8.538461538461538,30.0,0.02564102564102564,0.38461538461538464,0.5333333333333334,0.4666666666666667,0.8717948717948718
40,"[23,11,2,13,5,37,29,26,30,20,35,19,6,8,1,7,3,9,24,16,0,12,17,14,10,4,18,15,21,22,25,39,38,36,34,32,33,31,27,28]","23,11,2,13,5,37,29,26,30,20,35,19,6,8,1,7,3,9,24,16,0,12,17,14,10,4,18,15,21,22,25,39,38,36,34,32,33,31,27,28",3b66a0e1cb3bbf3c,E:\Projects\RL-LAM-ScanOpt\outputs\stage3_ppo_rl_lam_fea_addendum_v02_targeted_N24_N40\ppo_training_v02\checkpoints\N40_seed20260624_maskable_ppo_v02.zip,20260624,24261102,stochastic,0.24284246870109544,0.4000208796207504,0.09889396426391987,0.3505738974887905,False,35,38.56542056074766,PPO_v02_checkpoint_inference,False,False,7.461538461538462,32.0,0.10256410256410256,0.38461538461538464,0.4871794871794872,0.5128205128205128,0.8974358974358975
40,"[13,19,35,20,37,29,30,26,23,16,7,6,11,17,5,8,9,4,3,0,1,2,14,10,12,18,22,25,21,15,33,24,34,36,38,39,32,31,27,28]","13,19,35,20,37,29,30,26,23,16,7,6,11,17,5,8,9,4,3,0,1,2,14,10,12,18,22,25,21,15,33,24,34,36,38,39,32,31,27,28",80613735b00ac427,E:\Projects\RL-LAM-ScanOpt\outputs\stage3_ppo_rl_lam_fea_addendum_v02_targeted_N24_N40\ppo_training_v02\checkpoints\N40_seed20260624_maskable_ppo_v02.zip,20260624,24261103,stochastic,0.2706666471048509,0.4007373544568646,0.083685115324956,0.3588947967943866,False,36,39.149532710280376,PPO_v02_checkpoint_inference,False,False,5.666666666666667,18.0,0.23076923076923078,0.5384615384615384,0.37948717948717947,0.6205128205128204,0.6153846153846154
40,"[29,26,35,30,37,14,13,7,4,6,17,8,3,19,23,24,16,22,20,5,11,1,2,9,0,18,12,15,21,25,10,38,33,36,34,32,39,27,31,28]","29,26,35,30,37,14,13,7,4,6,17,8,3,19,23,24,16,22,20,5,11,1,2,9,0,18,12,15,21,25,10,38,33,36,34,32,39,27,31,28",aab4ee80545d9486,E:\Projects\RL-LAM-ScanOpt\outputs\stage3_ppo_rl_lam_fea_addendum_v02_targeted_N24_N40\ppo_training_v02\checkpoints\N40_seed20260624_maskable_ppo_v02.zip,20260624,24261104,stochastic,0.224146958137715,0.3551492387031068,0.07941331408206069,0.31544258166207645,False,36,39.0607476635514,PPO_v02_checkpoint_inference,False,False,7.358974358974359,28.0,0.07692307692307693,0.5384615384615384,0.5794871794871795,0.4205128205128205,0.8461538461538461
40,"[37,16,5,13,23,26,10,29,35,30,15,21,11,17,3,4,6,7,9,1,2,12,8,14,0,19,20,24,25,18,22,28,39,38,36,27,32,31,34,33]","37,16,5,13,23,26,10,29,35,30,15,21,11,17,3,4,6,7,9,1,2,12,8,14,0,19,20,24,25,18,22,28,39,38,36,27,32,31,34,33",401e1d426bf1a109,E:\Projects\RL-LAM-ScanOpt\outputs\stage3_ppo_rl_lam_fea_addendum_v02_targeted_N24_N40\ppo_training_v02\checkpoints\N40_seed20260624_maskable_ppo_v02.zip,20260624,24261105,stochastic,0.2254042644757433,0.38503708084190535,0.0988557413162057,0.3356092101838025,False,35,39.2803738317757,PPO_v02_checkpoint_inference,False,False,7.0256410256410255,21.0,0.20512820512820512,0.5128205128205128,0.49743589743589745,0.5025641025641026,0.8205128205128205
40,"[37,9,13,8,7,3,11,21,29,35,30,23,12,6,17,10,1,2,5,18,4,0,14,26,20,15,19,22,16,25,24,36,39,34,38,33,32,31,27,28]","37,9,13,8,7,3,11,21,29,35,30,23,12,6,17,10,1,2,5,18,4,0,14,26,20,15,19,22,16,25,24,36,39,34,38,33,32,31,27,28",d154f1cef918f6a9,E:\Projects\RL-LAM-ScanOpt\outputs\stage3_ppo_rl_lam_fea_addendum_v02_targeted_N24_N40\ppo_training_v02\checkpoints\N40_seed20260624_maskable_ppo_v02.zip,20260624,24261106,stochastic,0.26102496087636917,0.40994212581627143,0.1009658504670166,0.35945920058276315,False,36,39.11682242990654,PPO_v02_checkpoint_inference,False,False,6.6923076923076925,28.0,0.15384615384615385,0.5384615384615384,0.5641025641025641,0.43589743589743585,0.8717948717948718
40,"[35,2,13,19,23,30,37,29,9,6,8,24,20,4,12,10,11,3,17,7,0,5,15,1,26,16,14,18,25,22,33,21,32,36,38,39,34,27,31,28]","35,2,13,19,23,30,37,29,9,6,8,24,20,4,12,10,11,3,17,7,0,5,15,1,26,16,14,18,25,22,33,21,32,36,38,39,34,27,31,28",1f50e8cfba1e5747,E:\Projects\RL-LAM-ScanOpt\outputs\stage3_ppo_rl_lam_fea_addendum_v02_targeted_N24_N40\ppo_training_v02\checkpoints\N40_seed20260624_maskable_ppo_v02.zip,20260624,24261107,stochastic,0.22947234937402186,0.3899710897640171,0.10119858233435085,0.3393717985968417,False,36,39.074766355140184,PPO_v02_checkpoint_inference,False,False,8.384615384615385,33.0,0.05128205128205128,0.4358974358974359,0.5384615384615384,0.4615384615384615,0.8974358974358975
40,"[37,23,13,29,35,8,26,20,30,19,2,4,11,1,3,6,9,0,12,5,7,17,14,18,21,22,16,10,24,25,15,28,34,38,27,33,32,36,39,31]","37,23,13,29,35,8,26,20,30,19,2,4,11,1,3,6,9,0,12,5,7,17,14,18,21,22,16,10,24,25,15,28,34,38,27,33,32,36,39,31",0742f89cec8318b3,E:\Projects\RL-LAM-ScanOpt\outputs\stage3_ppo_rl_lam_fea_addendum_v02_targeted_N24_N40\ppo_training_v02\checkpoints\N40_seed20260624_maskable_ppo_v02.zip,20260624,24261108,stochastic,0.23208171948356798,0.40629315200224925,0.10934971579983423,0.35161829410233214,False,36,38.677570093457945,PPO_v02_checkpoint_inference,False,False,7.846153846153846,27.0,0.07692307692307693,0.41025641025641024,0.4205128205128205,0.5794871794871794,0.7435897435897436
40,"[5,13,29,35,37,30,26,4,11,17,3,2,6,8,0,7,23,16,15,1,12,9,14,19,10,18,20,25,21,22,27,32,38,24,33,39,34,31,36,28]","5,13,29,35,37,30,26,4,11,17,3,2,6,8,0,7,23,16,15,1,12,9,14,19,10,18,20,25,21,22,27,32,38,24,33,39,34,31,36,28",a4807f1de5e2cfa8,E:\Projects\RL-LAM-ScanOpt\outputs\stage3_ppo_rl_lam_fea_addendum_v02_targeted_N24_N40\ppo_training_v02\checkpoints\N40_seed20260624_maskable_ppo_v02.zip,20260624,24261109,stochastic,0.2593034917840373,0.3769155816232989,0.07237533735212132,0.34072791294723825,False,35,38.88785046728972,PPO_v02_checkpoint_inference,False,False,6.948717948717949,22.0,0.07692307692307693,0.48717948717948717,0.5487179487179488,0.4512820512820513,0.8461538461538461
40,"[29,37,35,25,23,16,13,2,3,6,7,8,17,30,12,9,5,1,14,18,15,0,11,26,19,20,10,4,24,21,22,33,38,34,32,39,36,27,28,31]","29,37,35,25,23,16,13,2,3,6,7,8,17,30,12,9,5,1,14,18,15,0,11,26,19,20,10,4,24,21,22,33,38,34,32,39,36,27,28,31",c1c9ff113668b93e,E:\Projects\RL-LAM-ScanOpt\outputs\stage3_ppo_rl_lam_fea_addendum_v02_targeted_N24_N40\ppo_training_v02\checkpoints\N40_seed20260624_maskable_ppo_v02.zip,20260624,24261110,stochastic,0.2637503521126758,0.3888645305433613,0.07949108867731287,0.34911898620470483,False,36,38.845794392523366,PPO_v02_checkpoint_inference,False,False,6.512820512820513,20.0,0.15384615384615385,0.6666666666666666,0.558974358974359,0.44102564102564096,0.8974358974358975
40,"[30,29,35,37,8,7,13,26,24,34,20,23,5,17,2,3,6,14,11,1,0,25,12,4,9,18,10,28,22,19,16,15,21,27,38,36,39,33,32,31]","30,29,35,37,8,7,13,26,24,34,20,23,5,17,2,3,6,14,11,1,0,25,12,4,9,18,10,28,22,19,16,15,21,27,38,36,39,33,32,31",f30fe9b899ce09e4,E:\Projects\RL-LAM-ScanOpt\outputs\stage3_ppo_rl_lam_fea_addendum_v02_targeted_N24_N40\ppo_training_v02\checkpoints\N40_seed20260624_maskable_ppo_v02.zip,20260624,24261111,stochastic,0.21584713419405324,0.21684013278884534,0.0057985160208588096,0.21394087477841595,False,35,38.308411214953274,PPO_v02_checkpoint_inference,False,False,7.512820512820513,29.0,0.1794871794871795,0.5384615384615384,0.558974358974359,0.44102564102564096,0.7692307692307693
40,"[29,35,23,13,24,26,0,11,15,7,8,3,4,30,20,37,14,6,12,9,2,1,17,38,22,21,5,18,16,19,10,33,25,34,32,27,36,39,31,28]","29,35,23,13,24,26,0,11,15,7,8,3,4,30,20,37,14,6,12,9,2,1,17,38,22,21,5,18,16,19,10,33,25,34,32,27,36,39,31,28",a38b63205756613a,E:\Projects\RL-LAM-ScanOpt\outputs\stage3_ppo_rl_lam_fea_addendum_v02_targeted_N24_N40\ppo_training_v02\checkpoints\N40_seed20260624_maskable_ppo_v02.zip,20260624,24261112,stochastic,0.19777363067292641,0.2750066787343664,0.0478634432533687,0.2510749571076821,False,36,38.95794392523364,PPO_v02_checkpoint_inference,False,False,9.35897435897436,26.0,0.10256410256410256,0.5384615384615384,0.4666666666666667,0.5333333333333333,0.8974358974358975
40,"[29,35,37,23,30,9,7,6,11,16,1,13,4,3,8,17,0,12,2,5,22,19,15,26,20,10,14,32,18,24,21,25,33,34,27,38,28,36,39,31]","29,35,37,23,30,9,7,6,11,16,1,13,4,3,8,17,0,12,2,5,22,19,15,26,20,10,14,32,18,24,21,25,33,34,27,38,28,36,39,31",5887f8574d69cf63,E:\Projects\RL-LAM-ScanOpt\outputs\stage3_ppo_rl_lam_fea_addendum_v02_targeted_N24_N40\ppo_training_v02\checkpoints\N40_seed20260624_maskable_ppo_v02.zip,20260624,24261113,stochastic,0.2370912460876369,0.39325733272867747,0.09750846166397192,0.34450310189669153,False,36,38.89719626168224,PPO_v02_checkpoint_inference,False,False,8.0,21.0,0.07692307692307693,0.5128205128205128,0.5384615384615385,0.4615384615384615,0.7948717948717948
40,"[30,35,26,29,37,23,25,8,13,11,2,18,7,6,1,3,5,0,4,15,19,12,20,17,14,9,16,22,10,24,21,31,34,36,38,27,39,32,28,33]","30,35,26,29,37,23,25,8,13,11,2,18,7,6,1,3,5,0,4,15,19,12,20,17,14,9,16,22,10,24,21,31,34,36,38,27,39,32,28,33",1d9cc3c80e9c173f,E:\Projects\RL-LAM-ScanOpt\outputs\stage3_ppo_rl_lam_fea_addendum_v02_targeted_N24_N40\ppo_training_v02\checkpoints\N40_seed20260624_maskable_ppo_v02.zip,20260624,24261114,stochastic,0.26353280516431893,0.3909809952940099,0.09611095125038095,0.34292551966881946,False,35,38.995327102803735,PPO_v02_checkpoint_inference,False,False,6.641025641025641,17.0,0.02564102564102564,0.5384615384615384,0.4871794871794871,0.5128205128205128,0.7435897435897436
40,"[35,37,29,26,23,25,13,3,11,1,7,15,17,4,2,0,5,9,12,6,16,14,8,22,20,30,19,18,21,10,33,24,32,39,38,34,31,36,28,27]","35,37,29,26,23,25,13,3,11,1,7,15,17,4,2,0,5,9,12,6,16,14,8,22,20,30,19,18,21,10,33,24,32,39,38,34,31,36,28,27",6a15ed6e18a92407,E:\Projects\RL-LAM-ScanOpt\outputs\stage3_ppo_rl_lam_fea_addendum_v02_targeted_N24_N40\ppo_training_v02\checkpoints\N40_seed20260624_maskable_ppo_v02.zip,20260624,24261115,stochastic,0.29443433098591537,0.4258943025807168,0.09033399571938795,0.38072730472102284,False,35,39.17289719626168,PPO_v02_checkpoint_inference,False,False,6.358974358974359,23.0,0.07692307692307693,0.41025641025641024,0.5538461538461539,0.44615384615384607,0.9230769230769231
40,"[23,29,35,37,19,30,13,11,3,6,4,10,5,2,8,1,12,9,7,0,17,16,14,22,26,20,18,25,21,15,24,36,27,39,38,34,32,28,33,31]","23,29,35,37,19,30,13,11,3,6,4,10,5,2,8,1,12,9,7,0,17,16,14,22,26,20,18,25,21,15,24,36,27,39,38,34,32,28,33,31",2a2d902b36188512,E:\Projects\RL-LAM-ScanOpt\outputs\stage3_ppo_rl_lam_fea_addendum_v02_targeted_N24_N40\ppo_training_v02\checkpoints\N40_seed20260624_maskable_ppo_v02.zip,20260624,24261116,stochastic,0.29154393583724547,0.4308468154191698,0.09629365433466615,0.3826999882518367,False,36,38.55140186915888,PPO_v02_checkpoint_inference,False,False,6.205128205128205,18.0,0.05128205128205128,0.41025641025641024,0.5230769230769231,0.476923076923077,0.8717948717948718
40,"[29,37,35,30,26,13,3,19,9,17,8,23,20,24,14,12,7,6,11,1,18,21,2,0,4,16,10,22,5,15,25,32,36,38,34,39,33,31,28,27]","29,37,35,30,26,13,3,19,9,17,8,23,20,24,14,12,7,6,11,1,18,21,2,0,4,16,10,22,5,15,25,32,36,38,34,39,33,31,28,27",92521ab258230485,E:\Projects\RL-LAM-ScanOpt\outputs\stage3_ppo_rl_lam_fea_addendum_v02_targeted_N24_N40\ppo_training_v02\checkpoints\N40_seed20260624_maskable_ppo_v02.zip,20260624,24261117,stochastic,0.2599383118153364,0.403252825269943,0.09148409743971302,0.3575107765500865,False,35,38.61682242990654,PPO_v02_checkpoint_inference,False,False,7.333333333333333,19.0,0.05128205128205128,0.41025641025641024,0.49230769230769234,0.5076923076923077,0.8717948717948718
40,"[37,29,35,13,26,30,23,21,0,3,9,2,11,4,8,10,7,6,17,18,5,12,14,1,22,19,16,15,25,24,20,34,38,32,39,27,36,33,28,31]","37,29,35,13,26,30,23,21,0,3,9,2,11,4,8,10,7,6,17,18,5,12,14,1,22,19,16,15,25,24,20,34,38,32,39,27,36,33,28,31",780387865d7e0d5d,E:\Projects\RL-LAM-ScanOpt\outputs\stage3_ppo_rl_lam_fea_addendum_v02_targeted_N24_N40\ppo_training_v02\checkpoints\N40_seed20260624_maskable_ppo_v02.zip,20260624,24261118,stochastic,0.24890722809076662,0.39828167239377876,0.09740898996334156,0.349577177412108,False,36,39.257009345794394,PPO_v02_checkpoint_inference,False,False,7.128205128205129,22.0,0.10256410256410256,0.6153846153846154,0.5487179487179487,0.45128205128205134,0.9487179487179487
40,"[23,2,11,13,3,7,8,4,29,37,35,30,20,26,12,17,6,5,0,1,9,10,22,18,16,19,24,28,14,15,25,21,39,38,32,31,34,36,27,33]","23,2,11,13,3,7,8,4,29,37,35,30,20,26,12,17,6,5,0,1,9,10,22,18,16,19,24,28,14,15,25,21,39,38,32,31,34,36,27,33",1f91f740a75a60f4,E:\Projects\RL-LAM-ScanOpt\outputs\stage3_ppo_rl_lam_fea_addendum_v02_targeted_N24_N40\ppo_training_v02\checkpoints\N40_seed20260624_maskable_ppo_v02.zip,20260624,24261119,stochastic,0.2709827660406884,0.41160263899459343,0.09301961526548427,0.3650928313618513,False,34,38.39252336448598,PPO_v02_checkpoint_inference,False,False,6.615384615384615,25.0,0.1794871794871795,0.46153846153846156,0.6102564102564103,0.38974358974358975,0.8974358974358975
40,"[29,35,37,16,26,30,11,13,8,9,17,7,2,4,5,3,0,6,21,20,18,10,1,12,28,23,25,15,19,36,22,14,24,33,38,39,32,34,31,27]","29,35,37,16,26,30,11,13,8,9,17,7,2,4,5,3,0,6,21,20,18,10,1,12,28,23,25,15,19,36,22,14,24,33,38,39,32,34,31,27",4444ff7b21ce2676,E:\Projects\RL-LAM-ScanOpt\outputs\stage3_ppo_rl_lam_fea_addendum_v02_targeted_N24_N40\ppo_training_v02\checkpoints\N40_seed20260624_maskable_ppo_v02.zip,20260624,24261120,stochastic,0.23771552230046938,0.23188917036040452,0.005286632612479434,0.2292458540541648,False,36,38.5,PPO_v02_checkpoint_inference,False,False,6.923076923076923,21.0,0.10256410256410256,0.46153846153846156,0.5128205128205128,0.4871794871794872,0.7435897435897436
40,"[29,30,37,13,5,8,35,26,23,19,11,4,1,2,6,9,3,0,12,20,7,14,17,22,18,15,16,21,25,24,28,32,10,34,27,38,33,36,39,31]","29,30,37,13,5,8,35,26,23,19,11,4,1,2,6,9,3,0,12,20,7,14,17,22,18,15,16,21,25,24,28,32,10,34,27,38,33,36,39,31",1e7b2efa6a194b1f,E:\Projects\RL-LAM-ScanOpt\outputs\stage3_ppo_rl_lam_fea_addendum_v02_targeted_N24_N40\ppo_training_v02\checkpoints\N40_seed20260624_maskable_ppo_v02.zip,20260624,24261121,stochastic,0.24759451291079798,0.4169102778315367,0.10704358203698057,0.3633884868130464,False,35,38.24766355140187,PPO_v02_checkpoint_inference,False,False,7.128205128205129,27.0,0.10256410256410256,0.6153846153846154,0.49230769230769234,0.5076923076923077,0.8205128205128205
40,"[29,26,30,20,37,35,13,2,17,25,19,23,11,8,6,7,3,16,4,10,9,1,0,5,12,14,21,22,18,24,15,28,38,32,34,39,36,31,33,27]","29,26,30,20,37,35,13,2,17,25,19,23,11,8,6,7,3,16,4,10,9,1,0,5,12,14,21,22,18,24,15,28,38,32,34,39,36,31,33,27",c88c8afaa795f644,E:\Projects\RL-LAM-ScanOpt\outputs\stage3_ppo_rl_lam_fea_addendum_v02_targeted_N24_N40\ppo_training_v02\checkpoints\N40_seed20260624_maskable_ppo_v02.zip,20260624,24261122,stochastic,0.26408628716744886,0.4041225376955431,0.0908312288919895,0.3587069232495484,False,35,38.771028037383175,PPO_v02_checkpoint_inference,False,False,6.615384615384615,22.0,0.10256410256410256,0.46153846153846156,0.4717948717948718,0.5282051282051282,0.8974358974358975
40,"[4,13,5,7,35,23,37,26,29,16,8,15,11,6,2,3,0,18,1,14,12,9,20,19,30,22,17,25,10,21,24,32,31,33,39,38,36,34,27,28]","4,13,5,7,35,23,37,26,29,16,8,15,11,6,2,3,0,18,1,14,12,9,20,19,30,22,17,25,10,21,24,32,31,33,39,38,36,34,27,28",1f29015d1ce48fad,E:\Projects\RL-LAM-ScanOpt\outputs\stage3_ppo_rl_lam_fea_addendum_v02_targeted_N24_N40\ppo_training_v02\checkpoints\N40_seed20260624_maskable_ppo_v02.zip,20260624,24261123,stochastic,0.24171226525821582,0.3456673017931686,0.07018457250299776,0.3105750155416698,False,36,38.90654205607477,PPO_v02_checkpoint_inference,False,False,7.384615384615385,28.0,0.1282051282051282,0.5641025641025641,0.5384615384615385,0.4615384615384615,0.8461538461538461
40,"[37,30,35,29,13,11,8,23,26,17,3,6,12,7,0,4,9,5,2,1,10,15,19,14,18,25,20,22,16,24,33,21,28,34,32,39,38,36,31,27]","37,30,35,29,13,11,8,23,26,17,3,6,12,7,0,4,9,5,2,1,10,15,19,14,18,25,20,22,16,24,33,21,28,34,32,39,38,36,31,27",be971355d7840202,E:\Projects\RL-LAM-ScanOpt\outputs\stage3_ppo_rl_lam_fea_addendum_v02_targeted_N24_N40\ppo_training_v02\checkpoints\N40_seed20260624_maskable_ppo_v02.zip,20260624,24261124,stochastic,0.31161577660406875,0.43687595268486046,0.08442729147339151,0.39466230694816473,False,34,39.05140186915888,PPO_v02_checkpoint_inference,False,False,5.846153846153846,16.0,0.05128205128205128,0.5641025641025641,0.47179487179487173,0.5282051282051283,0.7435897435897436
40,"[30,29,37,35,10,7,1,3,13,8,6,23,26,19,17,11,0,9,15,12,2,16,5,4,18,38,20,24,22,14,25,21,34,39,36,32,33,31,28,27]","30,29,37,35,10,7,1,3,13,8,6,23,26,19,17,11,0,9,15,12,2,16,5,4,18,38,20,24,22,14,25,21,34,39,36,32,33,31,28,27",71d94d19b002c787,E:\Projects\RL-LAM-ScanOpt\outputs\stage3_ppo_rl_lam_fea_addendum_v02_targeted_N24_N40\ppo_training_v02\checkpoints\N40_seed20260624_maskable_ppo_v02.zip,20260624,24261125,stochastic,0.25145492957746457,0.37886574714880294,0.07931184099211419,0.33920982665274585,False,34,38.63551401869159,PPO_v02_checkpoint_inference,False,False,7.102564102564102,25.0,0.10256410256410256,0.48717948717948717,0.6564102564102563,0.34358974358974353,0.9230769230769231
40,"[13,17,2,11,23,29,35,30,37,32,26,4,9,8,5,3,12,7,6,14,19,18,20,25,0,1,10,15,16,22,24,28,38,21,34,36,27,39,33,31]","13,17,2,11,23,29,35,30,37,32,26,4,9,8,5,3,12,7,6,14,19,18,20,25,0,1,10,15,16,22,24,28,38,21,34,36,27,39,33,31",cb108c62a596a601,E:\Projects\RL-LAM-ScanOpt\outputs\stage3_ppo_rl_lam_fea_addendum_v02_targeted_N24_N40\ppo_training_v02\checkpoints\N40_seed20260624_maskable_ppo_v02.zip,20260624,24261126,stochastic,0.2645143094679184,0.41848104731633584,0.09816082584723243,0.36940063439271964,False,36,39.345794392523366,PPO_v02_checkpoint_inference,False,False,6.871794871794871,25.0,0.1282051282051282,0.5641025641025641,0.5333333333333334,0.4666666666666665,0.8974358974358975
40,"[11,8,6,13,17,29,23,35,37,30,10,2,7,26,19,3,9,12,1,5,4,14,16,0,20,18,15,24,36,33,22,25,21,32,38,34,39,28,31,27]","11,8,6,13,17,29,23,35,37,30,10,2,7,26,19,3,9,12,1,5,4,14,16,0,20,18,15,24,36,33,22,25,21,32,38,34,39,28,31,27",e959edbcb6697f7d,E:\Projects\RL-LAM-ScanOpt\outputs\stage3_ppo_rl_lam_fea_addendum_v02_targeted_N24_N40\ppo_training_v02\checkpoints\N40_seed20260624_maskable_ppo_v02.zip,20260624,24261127,stochastic,0.2596901506259779,0.3222899491740183,0.04148340380684578,0.3015482472705954,False,36,39.25233644859813,PPO_v02_checkpoint_inference,False,False,7.538461538461538,20.0,0.02564102564102564,0.46153846153846156,0.5076923076923077,0.4923076923076922,0.7948717948717948
40,"[29,37,17,35,23,26,20,13,7,2,11,5,8,4,3,1,6,0,30,19,18,24,21,12,14,15,10,9,16,22,25,36,38,32,33,34,39,27,31,28]","29,37,17,35,23,26,20,13,7,2,11,5,8,4,3,1,6,0,30,19,18,24,21,12,14,15,10,9,16,22,25,36,38,32,33,34,39,27,31,28",ff14b29e4bc9cbb6,E:\Projects\RL-LAM-ScanOpt\outputs\stage3_ppo_rl_lam_fea_addendum_v02_targeted_N24_N40\ppo_training_v02\checkpoints\N40_seed20260624_maskable_ppo_v02.zip,20260624,24261128,stochastic,0.2641352895148667,0.41203535301236105,0.09338301662951606,0.365343844697603,False,36,38.901869158878505,PPO_v02_checkpoint_inference,False,False,6.435897435897436,30.0,0.15384615384615385,0.5384615384615384,0.4717948717948718,0.5282051282051281,0.8974358974358975
40,"[3,13,11,8,30,18,19,29,35,37,20,26,23,16,17,21,2,10,1,0,5,7,6,4,12,9,15,14,25,22,24,33,34,38,36,39,31,27,32,28]","3,13,11,8,30,18,19,29,35,37,20,26,23,16,17,21,2,10,1,0,5,7,6,4,12,9,15,14,25,22,24,33,34,38,36,39,31,27,32,28",a18a8929ea38e522,E:\Projects\RL-LAM-ScanOpt\outputs\stage3_ppo_rl_lam_fea_addendum_v02_targeted_N24_N40\ppo_training_v02\checkpoints\N40_seed20260624_maskable_ppo_v02.zip,20260624,24261129,stochastic,0.28048694248826256,0.3744564843921845,0.058284476696818126,0.3453142460437754,False,35,39.17289719626168,PPO_v02_checkpoint_inference,False,False,5.82051282051282,22.0,0.15384615384615385,0.48717948717948717,0.5025641025641027,0.49743589743589733,0.8717948717948718
40,"[35,29,33,23,37,30,26,9,7,13,6,11,0,5,2,8,3,14,1,4,22,18,17,15,12,16,10,20,25,21,24,19,39,36,38,32,34,31,27,28]","35,29,33,23,37,30,26,9,7,13,6,11,0,5,2,8,3,14,1,4,22,18,17,15,12,16,10,20,25,21,24,19,39,36,38,32,34,31,27,28",421153bf04adf78c,E:\Projects\RL-LAM-ScanOpt\outputs\stage3_ppo_rl_lam_fea_addendum_v02_targeted_N24_N40\ppo_training_v02\checkpoints\N40_seed20260624_maskable_ppo_v02.zip,20260624,24261130,stochastic,0.28689553990610295,0.4329491841769492,0.09633978391938718,0.38477929221725565,False,35,39.49065420560748,PPO_v02_checkpoint_inference,False,False,6.282051282051282,20.0,0.05128205128205128,0.48717948717948717,0.5435897435897437,0.4564102564102564,0.7692307692307693
40,"[29,37,23,26,30,11,13,3,8,33,35,19,6,1,2,7,9,5,14,0,17,10,15,22,20,12,4,18,16,21,28,25,39,38,34,36,32,24,31,27]","29,37,23,26,30,11,13,3,8,33,35,19,6,1,2,7,9,5,14,0,17,10,15,22,20,12,4,18,16,21,28,25,39,38,34,36,32,24,31,27",2e32812d212997f4,E:\Projects\RL-LAM-ScanOpt\outputs\stage3_ppo_rl_lam_fea_addendum_v02_targeted_N24_N40\ppo_training_v02\checkpoints\N40_seed20260624_maskable_ppo_v02.zip,20260624,24261131,stochastic,0.2459917351330203,0.4074911531836548,0.10266632979569706,0.35615798828580625,False,35,38.63084112149533,PPO_v02_checkpoint_inference,False,False,7.435897435897436,25.0,0.05128205128205128,0.46153846153846156,0.5333333333333333,0.4666666666666667,0.8717948717948718
40,"[26,7,37,29,19,35,23,25,8,11,13,6,4,28,20,14,24,30,9,1,3,5,12,0,2,10,22,18,15,21,17,16,39,32,38,36,34,31,27,33]","26,7,37,29,19,35,23,25,8,11,13,6,4,28,20,14,24,30,9,1,3,5,12,0,2,10,22,18,15,21,17,16,39,32,38,36,34,31,27,33",06cd461870480739,E:\Projects\RL-LAM-ScanOpt\outputs\stage3_ppo_rl_lam_fea_addendum_v02_targeted_N24_N40\ppo_training_v02\checkpoints\N40_seed20260624_maskable_ppo_v02.zip,20260624,24261132,stochastic,0.2377993055555555,0.4121516361224839,0.11494977064110865,0.35467675080192956,False,36,39.47196261682243,PPO_v02_checkpoint_inference,False,False,8.384615384615385,30.0,0.02564102564102564,0.28205128205128205,0.4666666666666667,0.5333333333333334,0.7692307692307693
40,"[35,30,37,26,13,3,23,29,1,7,8,9,6,4,17,2,18,11,5,12,0,14,20,10,33,15,16,21,19,24,25,22,34,36,38,32,39,31,27,28]","35,30,37,26,13,3,23,29,1,7,8,9,6,4,17,2,18,11,5,12,0,14,20,10,33,15,16,21,19,24,25,22,34,36,38,32,39,31,27,28",8877f357fc7f68b4,E:\Projects\RL-LAM-ScanOpt\outputs\stage3_ppo_rl_lam_fea_addendum_v02_targeted_N24_N40\ppo_training_v02\checkpoints\N40_seed20260624_maskable_ppo_v02.zip,20260624,24261133,stochastic,0.2274892605633802,0.39615956852262535,0.1123228474121238,0.33999814481656343,False,35,39.52336448598131,PPO_v02_checkpoint_inference,False,False,8.179487179487179,28.0,0.1282051282051282,0.48717948717948717,0.6000000000000001,0.39999999999999997,0.9230769230769231
40,"[37,29,35,26,30,0,13,8,11,4,1,3,17,7,23,19,16,9,5,2,6,12,18,22,20,14,10,15,24,21,25,34,38,39,33,32,36,28,31,27]","37,29,35,26,30,0,13,8,11,4,1,3,17,7,23,19,16,9,5,2,6,12,18,22,20,14,10,15,24,21,25,34,38,39,33,32,36,28,31,27",57d082c935d77b50,E:\Projects\RL-LAM-ScanOpt\outputs\stage3_ppo_rl_lam_fea_addendum_v02_targeted_N24_N40\ppo_training_v02\checkpoints\N40_seed20260624_maskable_ppo_v02.zip,20260624,24261134,stochastic,0.2823624999999996,0.40154977308669637,0.07399891731247227,0.36455031443046026,False,36,39.154205607476634,PPO_v02_checkpoint_inference,False,False,6.256410256410256,30.0,0.05128205128205128,0.41025641025641024,0.6205128205128205,0.37948717948717947,0.9487179487179487
40,"[8,23,37,35,30,29,26,19,11,13,6,3,4,9,7,10,1,0,12,2,28,16,18,15,17,27,22,20,25,14,5,21,34,33,38,39,24,32,31,36]","8,23,37,35,30,29,26,19,11,13,6,3,4,9,7,10,1,0,12,2,28,16,18,15,17,27,22,20,25,14,5,21,34,33,38,39,24,32,31,36",819e2913e44860ec,E:\Projects\RL-LAM-ScanOpt\outputs\stage3_ppo_rl_lam_fea_addendum_v02_targeted_N24_N40\ppo_training_v02\checkpoints\N40_seed20260624_maskable_ppo_v02.zip,20260624,24261135,stochastic,0.24254424882629075,0.22220072032933025,0.02218229468392978,0.21110957298736535,False,36,39.257009345794394,PPO_v02_checkpoint_inference,False,False,6.717948717948718,26.0,0.15384615384615385,0.6153846153846154,0.4615384615384615,0.5384615384615385,0.7435897435897436
